# Pieza del RoverModificado
mtllib Rover.mtl
o Brazo
v 0.000154 1.471151 -0.311850
v 0.000154 1.471151 0.311848
v 0.108645 1.449571 -0.311850
v 0.108645 1.449571 0.311848
v 0.200619 1.388117 -0.311850
v 0.200619 1.388117 0.311848
v 0.262074 1.296142 -0.311850
v 0.262074 1.296141 0.311848
v 0.283654 1.187651 -0.311850
v 0.283654 1.187651 0.311848
v 0.262074 0.984044 -0.311850
v 0.262074 0.984044 0.311850
v 0.200619 0.984044 -0.311850
v 0.200619 0.984044 0.311850
v 0.108645 0.984044 -0.311850
v 0.108645 0.984044 0.311850
v 0.000154 0.971651 -0.311850
v 0.000154 0.971651 0.311850
v -0.108337 0.984044 -0.311850
v -0.108337 0.984044 0.311850
v -0.200311 0.984044 -0.311850
v -0.200311 0.984044 0.311850
v -0.261766 0.984044 -0.311850
v -0.261766 0.984044 0.311850
v -0.283346 1.187651 -0.311850
v -0.283346 1.187651 0.311848
v -0.261766 1.296142 -0.311850
v -0.261766 1.296142 0.311848
v -0.200311 1.388117 -0.311850
v -0.200311 1.388117 0.311848
v -0.108337 1.449571 -0.311850
v -0.108337 1.449571 0.311848
v 0.000154 1.403652 0.311848
v -0.215846 1.187651 0.311848
v 0.216154 1.187651 0.311848
v -0.199404 1.104993 0.311850
v -0.152581 1.034917 0.311850
v -0.199404 1.270311 0.311848
v -0.152581 1.340387 0.311848
v -0.082506 1.387211 0.311848
v 0.152889 1.340387 0.311848
v 0.082814 1.387210 0.311848
v -0.082506 0.988093 0.311850
v 0.082814 0.988093 0.311850
v 0.199712 1.270311 0.311848
v 0.199712 1.104993 0.311850
v 0.152889 1.034917 0.311850
v 0.082814 1.387210 -0.311850
v 0.199712 1.104993 -0.311850
v -0.082506 0.988093 -0.311850
v -0.199404 1.270311 -0.311850
v -0.082506 1.387211 -0.311850
v 0.000154 1.403652 -0.311850
v 0.082814 0.988093 -0.311850
v 0.152889 1.340387 -0.311850
v 0.216154 1.187651 -0.311850
v 0.199712 1.270311 -0.311850
v 0.152889 1.034917 -0.311850
v -0.215846 1.187651 -0.311850
v -0.152581 1.034917 -0.311850
v -0.199404 1.104993 -0.311850
v -0.152581 1.340387 -0.311850
v 0.000154 1.471151 -0.105925
v 0.108645 1.449571 -0.105925
v -0.261766 0.984044 -0.105925
v -0.200311 0.984044 -0.105925
v 0.200619 1.388117 -0.105925
v -0.283346 1.187651 -0.105925
v 0.262074 1.296142 -0.105925
v -0.261766 1.296142 -0.105925
v 0.283654 1.187651 -0.105925
v -0.200311 1.388117 -0.105925
v 0.262074 0.984044 -0.105925
v -0.108337 1.449571 -0.105925
v 0.200619 0.984044 -0.105925
v 0.108645 0.984044 -0.105925
v 0.000154 0.971651 -0.105925
v -0.108337 0.984044 -0.105925
v 0.000154 1.471151 0.105924
v 0.108645 1.449571 0.105924
v -0.261766 0.984044 0.105925
v -0.200311 0.984044 0.105925
v 0.200619 1.388117 0.105924
v -0.283346 1.187651 0.105924
v 0.262074 1.296142 0.105924
v -0.261766 1.296142 0.105924
v 0.283654 1.187651 0.105924
v -0.200311 1.388117 0.105924
v 0.262074 0.984044 0.105925
v -0.108337 1.449571 0.105924
v 0.200619 0.984044 0.105925
v 0.108645 0.984044 0.105925
v 0.000154 0.971651 0.105925
v -0.108337 0.984044 0.105925
v 0.082814 1.387210 -0.105925
v 0.199712 1.104993 -0.105925
v 0.216154 1.187651 -0.105925
v 0.082814 0.988093 -0.105925
v 0.000154 1.403652 -0.105925
v -0.082506 1.387211 -0.105925
v -0.199404 1.104993 -0.105925
v -0.152581 1.034917 -0.105925
v 0.152889 1.340387 -0.105925
v -0.152581 1.340387 -0.105925
v 0.199712 1.270311 -0.105925
v 0.152889 1.034917 -0.105925
v -0.082506 0.988093 -0.105925
v -0.215846 1.187651 -0.105925
v -0.199404 1.270311 -0.105925
v 0.082814 1.387210 0.105924
v 0.199712 1.104993 0.105925
v 0.216154 1.187651 0.105924
v 0.082814 0.988093 0.105925
v 0.000154 1.403652 0.105924
v -0.082506 1.387211 0.105924
v -0.199404 1.104993 0.105925
v -0.152581 1.034917 0.105925
v 0.152889 1.340387 0.105924
v -0.152581 1.340387 0.105924
v 0.199712 1.270311 0.105924
v 0.152889 1.034917 0.105925
v -0.082506 0.988093 0.105925
v -0.215846 1.187651 0.105924
v -0.199404 1.270311 0.105924
v 0.262074 0.684045 -0.311850
v 0.200619 0.684045 -0.311850
v 0.262074 0.684045 0.311850
v 0.200619 0.684045 0.311850
v 0.108645 0.684045 -0.311850
v 0.108645 0.684045 0.311850
v 0.000154 0.684045 -0.311850
v 0.000154 0.684045 0.311850
v -0.108337 0.684045 -0.311850
v -0.108337 0.684045 0.311850
v -0.200311 0.684045 -0.311850
v -0.200311 0.684045 0.311850
v -0.261766 0.684045 -0.311850
v -0.261766 0.684045 0.311850
v -0.261766 0.684045 0.105925
v -0.200311 0.684045 0.105925
v 0.262074 0.684045 0.105925
v 0.200619 0.684045 0.105925
v 0.108645 0.684045 0.105925
v 0.000154 0.684045 0.105925
v -0.108337 0.684045 0.105925
v -0.261766 0.684045 -0.105925
v -0.200311 0.684045 -0.105925
v 0.262074 0.684045 -0.105925
v 0.200619 0.684045 -0.105925
v 0.108645 0.684045 -0.105925
v 0.000154 0.684045 -0.105925
v -0.108337 0.684045 -0.105925
v -0.256747 0.387651 0.499999
v -0.499846 0.387651 0.256901
v -0.428644 0.387651 0.428798
v -0.499846 0.684015 0.256901
v -0.256747 0.684015 0.499999
v -0.428644 0.684015 0.428798
v -0.499846 0.387651 -0.256901
v -0.256747 0.387651 -0.500000
v -0.428644 0.387651 -0.428798
v -0.256747 0.684015 -0.500000
v -0.499846 0.684015 -0.256901
v -0.428644 0.684015 -0.428798
v 0.500154 0.387651 0.256901
v 0.257055 0.387651 0.499999
v 0.428952 0.387651 0.428798
v 0.257055 0.684015 0.499999
v 0.500154 0.684015 0.256901
v 0.428952 0.684015 0.428798
v 0.257055 0.387651 -0.500000
v 0.500154 0.387651 -0.256901
v 0.428952 0.387651 -0.428798
v 0.500154 0.684015 -0.256901
v 0.257055 0.684015 -0.500000
v 0.428952 0.684015 -0.428798
v 0.000154 0.387651 -0.300000
v 0.114959 0.387651 -0.277164
v 0.212286 0.387651 -0.212132
v 0.277318 0.387651 -0.114805
v 0.300154 0.387651 0.000000
v 0.277318 0.387651 0.114805
v 0.212286 0.387651 0.212132
v 0.114959 0.387651 0.277164
v 0.000154 0.387651 0.300000
v -0.114651 0.387651 0.277164
v -0.211978 0.387651 0.212132
v -0.277010 0.387651 0.114805
v -0.299846 0.387651 0.000000
v -0.277010 0.387651 -0.114805
v -0.211978 0.387651 -0.212132
v -0.114651 0.387651 -0.277164
v 0.000154 0.187651 -0.300000
v 0.114959 0.187651 -0.277164
v 0.212286 0.187651 -0.212132
v 0.277318 0.187651 -0.114805
v 0.300154 0.187651 0.000000
v 0.277318 0.187651 0.114805
v 0.212286 0.187651 0.212132
v 0.114959 0.187651 0.277164
v 0.000154 0.187651 0.300000
v -0.114651 0.187651 0.277164
v -0.211978 0.187651 0.212132
v -0.277010 0.187651 0.114805
v -0.299846 0.187651 0.000000
v -0.277010 0.187651 -0.114805
v -0.211978 0.187651 -0.212132
v -0.114651 0.187651 -0.277164
v 0.000154 -0.312350 -0.300000
v 0.114959 -0.312350 -0.277164
v 0.212286 -0.312350 -0.212132
v 0.277318 -0.312350 -0.114805
v 0.300154 -0.312350 0.000000
v 0.277318 -0.312350 0.114805
v 0.212286 -0.312350 0.212132
v 0.114959 -0.312350 0.277164
v 0.000154 -0.312350 0.300000
v -0.114651 -0.312350 0.277164
v -0.211978 -0.312350 0.212132
v -0.277010 -0.312350 0.114805
v -0.299846 -0.312350 0.000000
v -0.277010 -0.312350 -0.114805
v -0.211978 -0.312350 -0.212132
v -0.114651 -0.312350 -0.277164
v 0.000154 0.187651 -0.300000
v 0.114959 0.187651 -0.277164
v 0.212286 0.187651 -0.212132
v 0.277318 0.187651 -0.114805
v 0.300154 0.187651 0.000000
v 0.277318 0.187651 0.114805
v 0.212286 0.187651 0.212132
v 0.114959 0.187651 0.277164
v 0.000154 0.187651 0.300000
v -0.114651 0.187651 0.277164
v -0.211978 0.187651 0.212132
v -0.277010 0.187651 0.114805
v -0.299846 0.187651 0.000000
v -0.277010 0.187651 -0.114805
v -0.211978 0.187651 -0.212132
v -0.114651 0.187651 -0.277164
v 0.172361 0.312651 -0.415746
v 0.172361 -0.307348 -0.415746
v 0.318352 -0.307348 -0.318198
v 0.318352 0.312651 -0.318198
v 0.415900 0.312651 0.172207
v 0.415900 -0.307348 0.172207
v 0.318352 -0.307348 0.318198
v 0.318352 0.312651 0.318198
v -0.172054 0.312651 0.415746
v -0.172054 -0.307348 0.415746
v -0.318044 -0.307348 0.318198
v -0.318044 0.312651 0.318198
v -0.415592 0.312651 -0.172208
v -0.415592 -0.307348 -0.172208
v -0.318044 -0.307348 -0.318198
v -0.318044 0.312651 -0.318198
v 0.258465 0.307651 -0.623619
v 0.258465 -0.312349 -0.623619
v 0.477451 -0.312349 -0.477297
v 0.477451 0.307651 -0.477297
v 0.623772 0.307651 0.258311
v 0.623772 -0.312349 0.258311
v 0.477451 -0.312349 0.477297
v 0.477451 0.307651 0.477297
v -0.258157 0.307651 0.623618
v -0.258157 -0.312349 0.623618
v -0.477143 -0.312349 0.477297
v -0.477143 0.307651 0.477297
v -0.623465 0.307651 -0.258312
v -0.623465 -0.312349 -0.258311
v -0.477143 -0.312349 -0.477297
v -0.477143 0.307651 -0.477297
v 0.114959 -0.137349 -0.277164
v 0.212286 -0.137349 -0.212132
v 0.277318 -0.137349 -0.114805
v 0.300154 -0.137349 0.000000
v 0.277318 -0.137349 0.114805
v 0.212286 -0.137349 0.212132
v 0.114959 -0.137349 0.277164
v 0.000154 -0.137349 0.300000
v -0.114651 -0.137349 0.277164
v -0.211978 -0.137349 0.212132
v -0.277010 -0.137349 0.114805
v -0.299846 -0.137349 0.000000
v -0.277010 -0.137349 -0.114805
v -0.211978 -0.137349 -0.212132
v -0.114651 -0.137349 -0.277164
v 0.000154 -0.137349 -0.300000
v 0.172361 -0.090348 -0.415746
v 0.318352 -0.090348 -0.318198
v 0.415900 -0.090348 0.172207
v 0.318352 -0.090348 0.318198
v -0.172054 -0.090348 0.415746
v -0.318044 -0.090348 0.318198
v -0.415592 -0.090348 -0.172208
v -0.318044 -0.090348 -0.318198
v 0.258465 -0.095349 -0.623619
v 0.477451 -0.095349 -0.477297
v 0.623772 -0.095349 0.258311
v 0.477451 -0.095349 0.477297
v -0.258157 -0.095349 0.623618
v -0.477143 -0.095349 0.477297
v -0.623465 -0.095349 -0.258312
v -0.477143 -0.095349 -0.477297
v 2.696742 4.109167 0.472958
v 2.555322 4.108558 0.472958
v 2.898920 3.767909 0.472958
v 2.898311 3.909329 0.472958
v 2.555322 4.108558 -0.472962
v 2.696742 4.109167 -0.472962
v 2.898311 3.909329 -0.472962
v 2.898920 3.767909 -0.472962
v 2.898920 3.767909 -0.331842
v 2.898311 3.909329 -0.331842
v 2.696742 4.109167 -0.331842
v 2.555322 4.108558 -0.331842
v 2.555322 4.108558 0.331838
v 2.696742 4.109167 0.331838
v 2.898311 3.909329 0.331838
v 2.898920 3.767909 0.331838
v 0.153546 1.035576 -0.345601
v 0.153546 1.035576 0.345600
v 0.083673 0.988451 -0.345601
v 0.083673 0.988451 0.345600
v 0.001085 0.971655 -0.345601
v 0.001085 0.971655 0.345600
v -0.081645 0.987739 -0.345601
v -0.081645 0.987739 0.345600
v -0.151922 1.034259 -0.345601
v -0.151922 1.034259 0.345600
v -0.199046 1.104132 -0.345601
v -0.199046 1.104132 0.345600
v -0.215844 1.186721 -0.345601
v -0.215844 1.186721 0.345598
v -0.199759 1.269450 -0.345601
v -0.199759 1.269450 0.345598
v -0.153238 1.339726 -0.345601
v -0.153238 1.339727 0.345598
v -0.083366 1.386852 -0.345601
v -0.083366 1.386852 0.345598
v -0.000777 1.403649 -0.345601
v -0.000777 1.403649 0.345598
v 0.081952 1.387564 -0.345601
v 0.081952 1.387564 0.345598
v 0.152229 1.341044 -0.345601
v 0.152229 1.341044 0.345598
v 0.199353 1.271170 -0.345601
v 0.199353 1.271170 0.345598
v 0.216151 1.188583 -0.345601
v 0.216151 1.188583 0.345598
v 0.200066 1.105853 -0.345601
v 0.200066 1.105853 0.345600
v 2.662567 3.617457 -0.540002
v 2.662567 3.617457 0.539998
v 2.535517 3.564188 -0.540002
v 2.535517 3.564188 0.539998
v 2.408011 3.616360 -0.540002
v 2.408011 3.616360 0.539998
v 2.354742 3.743411 -0.540002
v 2.354742 3.743411 0.539998
v 2.406914 3.870915 -0.540002
v 2.406914 3.870915 0.539998
v 2.533964 3.924184 -0.540002
v 2.533964 3.924184 0.539998
v 2.661470 3.872013 -0.540002
v 2.661470 3.872013 0.539998
v 2.714739 3.744963 -0.540002
v 2.714739 3.744963 0.539998
v 2.662567 3.617457 0.472958
v 2.662567 3.617457 0.331838
v 2.662567 3.617457 -0.331842
v 2.662567 3.617457 -0.472962
v 2.535517 3.564188 0.472958
v 2.535517 3.564188 0.331838
v 2.535517 3.564188 -0.331842
v 2.535517 3.564188 -0.472962
v 2.408011 3.616360 0.331838
v 2.408011 3.616360 0.472958
v 2.408011 3.616360 -0.331842
v 2.408011 3.616360 -0.472962
v 2.354742 3.743411 0.331838
v 2.354742 3.743411 0.472958
v 2.354742 3.743411 -0.331842
v 2.354742 3.743411 -0.472962
v 2.406914 3.870915 0.472958
v 2.406914 3.870915 0.331838
v 2.406914 3.870915 -0.331842
v 2.406914 3.870915 -0.472962
v 2.533964 3.924184 0.472958
v 2.533964 3.924184 0.331838
v 2.533964 3.924184 -0.331842
v 2.533964 3.924184 -0.472962
v 2.661470 3.872013 0.331838
v 2.661470 3.872013 0.472958
v 2.661470 3.872013 -0.472962
v 2.661470 3.872013 -0.331842
v 2.714739 3.744963 0.331838
v 2.714739 3.744963 0.472958
v 2.714739 3.744963 -0.472962
v 2.714739 3.744963 -0.331842
v -0.364026 1.163929 0.472959
v -0.363417 1.022509 0.472959
v -0.393011 1.093094 0.472959
v -0.161848 0.822672 0.472959
v -0.020428 0.823281 0.472959
v -0.091012 0.793687 0.472959
v -0.363416 1.022509 -0.472960
v -0.364026 1.163929 -0.472960
v -0.393010 1.093094 -0.472960
v -0.020428 0.823281 -0.472960
v -0.161848 0.822672 -0.472960
v -0.091011 0.793687 -0.472960
v -0.364026 1.163929 -0.331840
v -0.363417 1.022509 -0.331840
v -0.393011 1.093094 -0.331840
v -0.161848 0.822672 -0.331840
v -0.020428 0.823281 -0.331840
v -0.091012 0.793687 -0.331840
v -0.020428 0.823281 0.331840
v -0.161848 0.822672 0.331840
v -0.091012 0.793687 0.331840
v -0.363417 1.022509 0.331840
v -0.364026 1.163929 0.331840
v -0.393011 1.093094 0.331840
v 2.333361 4.064424 -0.321835
v 2.333361 4.064424 0.319044
v 2.539728 4.047563 -0.321835
v 2.539728 4.047563 0.319044
v 2.781739 3.536259 -0.321835
v 2.781739 3.536259 0.319044
v 2.663953 3.365971 -0.321835
v 2.663953 3.365971 0.319044
v 2.476803 3.277389 -0.321835
v 2.476803 3.277389 0.319044
v 2.270436 3.294249 -0.321835
v 2.270436 3.294249 0.319044
v 2.100147 3.412036 -0.321835
v 2.100147 3.412036 0.319044
v 2.011565 3.599185 -0.321835
v 2.011565 3.599185 0.319044
v 2.028425 3.805552 -0.321835
v 2.028425 3.805552 0.319043
v 2.146211 3.975842 -0.321835
v 2.146211 3.975842 0.319043
v 2.323525 3.531142 -0.321835
v 2.323525 3.531142 0.319044
v 2.421131 3.466530 -0.321835
v 2.421131 3.466530 0.319044
v 2.258074 3.628188 -0.321835
v 2.258074 3.628188 0.319044
v 2.406914 3.870915 -0.300002
v 2.408011 3.616360 -0.300002
v 2.354742 3.743411 -0.300002
v 2.533964 3.924184 -0.300002
v 2.234743 3.742893 -0.321835
v 2.234743 3.742893 0.319044
v 2.662567 3.617457 -0.300002
v 2.535517 3.564188 -0.300002
v 2.661470 3.872013 -0.300002
v 2.714739 3.744963 -0.300002
v 2.536033 3.444190 -0.321835
v 2.536033 3.444190 0.319044
v 2.257084 3.857795 -0.321835
v 2.257084 3.857795 0.319044
v 2.650740 3.467521 0.319043
v 2.650740 3.467521 -0.321835
v 2.406914 3.870915 0.299998
v 2.408011 3.616360 0.299998
v 2.535517 3.564188 0.299998
v 2.354742 3.743411 0.299998
v 2.533964 3.924184 0.299998
v 2.662567 3.617457 0.299998
v 2.661470 3.872013 0.299998
v 2.714739 3.744963 0.299998
v 2.747785 3.532971 -0.321835
v 2.747785 3.532971 0.319043
v 2.321696 3.955402 -0.321835
v 2.321696 3.955402 0.319044
v 2.418741 4.020853 0.319044
v 2.418741 4.020853 -0.321835
v 2.533447 4.044183 -0.321835
v 2.533447 4.044183 0.319044
v 2.014542 3.592894 0.319044
v 2.016317 3.589143 0.319044
v 0.224978 6.267472 -0.064596
v 0.292065 6.336325 -0.056932
v 0.289953 6.332270 -0.002026
v 0.241509 6.282082 0.006153
v 0.199389 6.237518 0.040397
v 0.170007 6.205363 0.095491
v 0.157835 6.190512 0.163047
v 0.164726 6.195225 0.232782
v 0.189632 6.218786 0.294078
v 0.228760 6.257608 0.337603
v 0.276154 6.305780 0.356732
v 0.324598 6.355968 0.348552
v 0.366717 6.400532 0.314309
v 0.396100 6.432687 0.259215
v 0.408272 6.447538 0.191658
v 0.401380 6.442824 0.121924
v 0.376475 6.419264 0.060628
v 0.337346 6.380441 0.017102
v 0.168105 6.209102 -0.071094
v 0.124789 6.159897 0.062746
v 0.107748 6.139105 0.157325
v 0.117395 6.145705 0.254953
v 0.150082 6.174504 0.397476
v 0.206955 6.232874 0.403973
v 0.274042 6.301725 0.411638
v 0.341128 6.370577 0.419302
v 0.398002 6.428947 0.425799
v 0.441318 6.478151 0.291960
v 0.458360 6.498943 0.197381
v 0.448711 6.492344 0.099752
v 0.416024 6.463545 -0.042770
v 0.359151 6.405176 -0.049268
v 0.193646 6.679400 -0.035385
v 0.136772 6.621030 -0.041883
v 0.069686 6.552179 -0.049547
v 0.226333 6.708198 0.107137
v 0.235981 6.714798 0.204766
v 0.218940 6.694007 0.299345
v 0.175623 6.644802 0.433185
v 0.118750 6.586432 0.426687
v 0.051663 6.517580 0.419023
v -0.015423 6.448728 0.411358
v -0.072297 6.390359 0.404861
v -0.104983 6.361560 0.262338
v -0.114631 6.354960 0.164710
v -0.097590 6.375752 0.070131
v -0.054274 6.424957 -0.063709
v 0.002599 6.483327 -0.057211
v -0.044596 6.432957 0.008596
v 0.178014 6.661425 0.034028
v -0.041836 6.438255 -0.063156
v 0.180774 6.666724 -0.037724
v -0.059928 6.403523 0.407217
v 0.162682 6.631992 0.432649
v -0.057168 6.408822 0.335465
v 0.165442 6.637290 0.360897
v -0.304401 6.693117 -0.054436
v -0.306873 6.853858 -0.042663
v -0.338992 6.773070 -0.049863
v -0.242844 6.919573 -0.035348
v -0.081791 6.921585 -0.029004
v -0.162830 6.953869 -0.029737
v -0.309633 6.848560 0.029089
v -0.307161 6.687818 0.017315
v -0.341752 6.767771 0.021888
v -0.084550 6.916287 0.042747
v -0.245604 6.914274 0.036404
v -0.165589 6.948571 0.042014
v -0.319733 6.663683 0.344184
v -0.322205 6.824424 0.355958
v -0.354324 6.743637 0.348758
v -0.258176 6.890138 0.363273
v -0.097123 6.892152 0.369617
v -0.178162 6.924435 0.368883
v -0.324965 6.819127 0.427710
v -0.322493 6.658385 0.415936
v -0.357084 6.738339 0.420509
v -0.099883 6.886853 0.441368
v -0.260936 6.884841 0.435025
v -0.180921 6.919138 0.440635
v 3.288960 3.767625 -0.169327
v 3.283551 3.757241 -0.028694
v 2.952374 3.422181 -0.207781
v 2.946965 3.411796 -0.067147
v 2.936858 3.392394 0.195624
v 2.931449 3.382010 0.336257
v 3.273444 3.737838 0.234077
v 3.268035 3.727454 0.374710
v 3.025655 3.687128 -0.185399
v 2.962171 3.589260 -0.195067
v 3.121901 3.753194 -0.176818
v 2.941116 3.474490 -0.204351
v 3.236258 3.777400 -0.170633
v 3.020246 3.676743 -0.044765
v 2.956762 3.578875 -0.054433
v 3.116492 3.742810 -0.036185
v 2.935707 3.464106 -0.063718
v 3.230849 3.767015 -0.029999
v 3.010139 3.657341 0.218006
v 2.946655 3.559474 0.208337
v 3.106385 3.723406 0.226586
v 2.925600 3.444703 0.199053
v 3.220742 3.747613 0.232772
v 3.004730 3.646956 0.358639
v 2.941246 3.549089 0.348971
v 3.100976 3.713023 0.367219
v 3.215333 3.737228 0.373405
v 2.920191 3.434319 0.339687
v 3.450594 3.694415 -0.195650
v 3.427596 3.650266 0.402282
v 3.517063 3.598172 -0.200199
v 3.494065 3.554022 0.397732
v 3.541641 3.483972 -0.207687
v 3.518642 3.439822 0.390245
v 3.520585 3.369202 -0.216971
v 3.497587 3.325052 0.380960
v 3.457102 3.271334 -0.226639
v 3.434104 3.227184 0.371292
v 3.360855 3.205269 -0.235219
v 3.337857 3.161118 0.362712
v 3.246499 3.181063 -0.241405
v 3.223500 3.136912 0.356526
v 3.131441 3.202401 -0.244255
v 3.108443 3.158250 0.353676
v 3.033199 3.266037 -0.243335
v 3.010201 3.221886 0.354596
v 2.966730 3.362280 -0.238785
v 2.943732 3.318129 0.359146
v 2.942153 3.476479 -0.231298
v 2.919154 3.432330 0.366633
v 2.963208 3.591250 -0.222014
v 2.940209 3.547099 0.375918
v 3.026691 3.689117 -0.212345
v 3.003693 3.644967 0.385586
v 3.122938 3.755183 -0.203765
v 3.099939 3.711033 0.394166
v 3.237295 3.779389 -0.197579
v 3.214296 3.735239 0.400352
v 3.352352 3.758050 -0.194730
v 3.329354 3.713900 0.403202
v 1.047613 5.898367 0.307996
v 1.042204 5.887982 0.448629
v 1.063130 5.928153 -0.095409
v 1.057721 5.917769 0.045225
v 0.726543 5.582709 -0.133862
v 0.721134 5.572324 0.006771
v 0.711027 5.552922 0.269542
v 0.705618 5.542536 0.410176
v 0.124963 6.492418 0.003453
v 0.076519 6.442230 0.011633
v 0.034400 6.397666 0.045876
v 0.005018 6.365510 0.100970
v -0.007154 6.350659 0.168527
v -0.000262 6.355372 0.238261
v 0.024643 6.378934 0.299557
v 0.063771 6.417756 0.343082
v 0.111164 6.465928 0.362211
v 0.159609 6.516116 0.354032
v 0.201728 6.560680 0.319788
v 0.231110 6.592835 0.264694
v 0.243282 6.607686 0.197138
v 0.236390 6.602973 0.127403
v 0.211485 6.579411 0.066107
v 0.172357 6.540589 0.022582
v 0.450976 6.078759 -0.000803
v 0.499420 6.128947 -0.008983
v 0.408857 6.034195 0.033441
v 0.379474 6.002040 0.088534
v 0.367302 5.987188 0.156091
v 0.374194 5.991902 0.225825
v 0.399099 6.015464 0.287121
v 0.438228 6.054285 0.330647
v 0.485621 6.102457 0.349776
v 0.534066 6.152645 0.341596
v 0.576185 6.197209 0.307352
v 0.605567 6.229364 0.252259
v 0.617740 6.244216 0.184702
v 0.610848 6.239501 0.114968
v 0.585943 6.215940 0.053672
v 0.546814 6.177119 0.010146
v 0.498406 6.135914 -0.062694
v 0.635133 6.003199 -0.067235
v 0.572155 5.937955 -0.056601
v 0.517400 5.880021 -0.012084
v 0.479203 5.838219 0.059538
v 0.463379 5.818913 0.147361
v 0.472338 5.825040 0.238016
v 0.504716 5.855670 0.317701
v 0.555582 5.906138 0.374284
v 0.617194 5.968761 0.399152
v 0.680171 6.034006 0.388518
v 0.734927 6.091940 0.344001
v 0.773124 6.133741 0.272379
v 0.788947 6.153048 0.184556
v 0.779988 6.146920 0.093901
v 0.747611 6.116291 0.014216
v 0.696745 6.065822 -0.042367
v 0.435428 6.070670 -0.052060
v 0.380673 6.012737 -0.007544
v 0.342476 5.970935 0.064078
v 0.326652 5.951627 0.151902
v 0.335611 5.957757 0.242557
v 0.367988 5.988386 0.322241
v 0.418855 6.038853 0.378825
v 0.480467 6.101477 0.403692
v 0.543444 6.166722 0.393058
v 0.598200 6.224655 0.348542
v 0.636397 6.266456 0.276920
v 0.652221 6.285763 0.189096
v 0.643262 6.279635 0.098441
v 0.610884 6.249006 0.018757
v 0.560017 6.198537 -0.037827
v 1.000509 5.864237 -0.129670
v 1.099108 5.960293 0.031734
v 1.072610 5.936731 -0.077458
v 0.681713 5.531915 -0.015952
v 0.791811 5.650047 -0.153513
v 0.716342 5.571088 -0.118160
v 1.087608 5.938218 0.330699
v 0.977510 5.820086 0.468261
v 1.052980 5.899047 0.432908
v 0.768813 5.605897 0.444418
v 0.670214 5.509840 0.283014
v 0.696711 5.533402 0.392206
v 0.840861 6.210963 0.040310
v 0.742262 6.114907 -0.121094
v 0.814363 6.187401 -0.068882
v 0.533565 5.900717 -0.144937
v 0.423467 5.782585 -0.007375
v 0.458095 5.821757 -0.109584
v 0.719264 6.070756 0.476837
v 0.829362 6.188888 0.339275
v 0.794733 6.149716 0.441484
v 0.411968 5.760509 0.291590
v 0.510567 5.856566 0.452994
v 0.438465 5.784072 0.400782
v -0.286286 6.698965 0.086645
v -0.084613 6.522760 0.078857
v -0.286078 6.690078 0.293093
v -0.084404 6.513874 0.285305
v -0.086112 6.523072 0.018137
v -0.085781 6.508968 0.345834
v -0.288435 6.699845 0.025950
v -0.288103 6.685740 0.353647
v -0.004416 6.998142 0.369649
v -0.004810 7.014906 -0.019825
v 0.185819 6.831931 0.362302
v 0.354437 6.835515 0.354463
v 0.354051 6.851916 -0.026621
v 0.185426 6.848694 -0.027171
v 0.221126 7.273016 -0.008944
v 0.221520 7.256262 0.380296
v 0.505693 7.007976 0.369322
v 0.505299 7.024729 -0.019918
v 0.479047 7.379710 0.272566
v 0.518191 7.344246 0.301028
v 0.485055 7.375044 0.258490
v 0.524199 7.339580 0.286952
v 0.786978 7.570483 0.077278
v 0.826121 7.535019 0.105740
v 0.792986 7.565818 0.063202
v 0.832129 7.530353 0.091663
v 0.608301 7.274649 0.080884
v 0.569157 7.310114 0.052422
v 0.602293 7.279315 0.094960
v 0.563149 7.314779 0.066498
v 0.191784 6.829394 0.298606
v 0.192176 6.826461 0.360057
v 0.191576 6.838279 0.092157
v 0.191843 6.840638 0.030682
v -0.010157 7.003233 0.368110
v -0.009889 7.005600 0.306394
v -0.010098 7.014485 0.099945
v -0.010491 7.017430 0.038256
v 0.772641 7.441927 0.270361
v 0.735679 7.472771 0.306172
v 0.224338 6.889858 -0.025261
v 0.294891 6.894578 -0.025129
v 0.728758 7.479371 0.293345
v 0.765719 7.448526 0.257533
v 0.607723 7.268029 0.249924
v 0.570761 7.298874 0.285736
v 0.614644 7.261429 0.262752
v 0.577682 7.292274 0.298563
v 0.224178 6.896653 -0.183115
v 0.294731 6.901372 -0.182983
v 0.451226 7.068940 0.054172
v 0.483691 7.037421 0.127739
v 0.340555 7.167116 0.023315
v 0.405451 7.110419 0.020720
v 0.262077 7.231023 0.136910
v 0.294507 7.205846 0.060747
v 0.294504 7.196526 0.281890
v 0.262038 7.228046 0.208323
v 0.405174 7.098351 0.312747
v 0.340278 7.155047 0.315342
v 0.483652 7.034444 0.199152
v 0.451222 7.059621 0.275315
v 0.653143 7.231003 0.135900
v 0.620678 7.262523 0.062333
v 0.574902 7.304002 0.028880
v 0.510007 7.360699 0.031475
v 0.463959 7.399428 0.068908
v 0.431529 7.424605 0.145070
v 0.431490 7.421630 0.216483
v 0.463955 7.390110 0.290051
v 0.509730 7.348631 0.323503
v 0.574626 7.291934 0.320908
v 0.620674 7.253204 0.283475
v 0.653104 7.228027 0.207313
v 0.586919 7.289934 0.113097
v 0.604289 7.273069 0.152459
v 0.525031 7.344885 0.094633
v 0.559754 7.314549 0.093245
v 0.480367 7.381328 0.157587
v 0.497718 7.367858 0.116836
v 0.497714 7.362699 0.239286
v 0.480343 7.379563 0.199925
v 0.559601 7.307748 0.257750
v 0.524879 7.338083 0.259138
v 0.604266 7.271305 0.194797
v 0.586914 7.284775 0.235547
v 0.747203 7.436335 0.159341
v 0.729832 7.453199 0.119979
v 0.729828 7.448042 0.242429
v 0.747180 7.434570 0.201679
v 0.667793 7.501349 0.266021
v 0.702514 7.471014 0.264633
v 0.623257 7.542829 0.206807
v 0.640628 7.525964 0.246169
v 0.640632 7.531123 0.123719
v 0.623280 7.544593 0.164469
v 0.702667 7.477815 0.100127
v 0.667945 7.508151 0.101516
v 0.400976 7.015771 -0.020020
v 0.398252 7.056448 -0.018267
v 0.100313 7.036518 -0.018823
v 0.103037 6.995841 -0.020577
v 0.336308 7.110570 -0.015875
v 0.285798 7.127621 -0.015090
v 0.202272 7.122033 -0.015246
v 0.154487 7.098406 -0.016214
v 0.285639 7.134413 -0.172944
v 0.336148 7.117364 -0.173729
v 0.154327 7.105200 -0.174068
v 0.202113 7.128827 -0.173100
v 0.398092 7.063243 -0.176121
v 0.400817 7.022565 -0.177874
v 0.102878 7.002635 -0.178431
v 0.100153 7.043312 -0.176677
v -0.083794 6.652614 -0.115707
v -0.059780 6.680048 -0.114550
v -0.141575 6.652179 -0.115667
v -0.105789 6.645120 -0.116007
v -0.170840 6.701956 -0.113495
v -0.159068 6.667464 -0.114991
v -0.142324 6.752168 -0.111363
v -0.166337 6.724734 -0.112519
v -0.084542 6.752602 -0.111403
v -0.120328 6.759660 -0.111062
v -0.055277 6.702825 -0.113575
v -0.067050 6.737319 -0.112078
v -0.059982 6.688648 -0.314365
v -0.083995 6.661215 -0.315522
v -0.105991 6.653721 -0.315822
v -0.141777 6.660781 -0.315482
v -0.159270 6.676064 -0.314806
v -0.171042 6.710557 -0.313310
v -0.166539 6.733334 -0.312334
v -0.142526 6.760768 -0.311178
v -0.120530 6.768262 -0.310877
v -0.084745 6.761202 -0.311217
v -0.067252 6.745919 -0.311893
v -0.055479 6.711425 -0.313389
v -0.032838 6.661650 -0.115369
v -0.061953 6.628389 -0.116771
v -0.108266 6.612610 -0.117404
v -0.151655 6.621170 -0.116992
v -0.188487 6.653351 -0.115569
v -0.202760 6.695171 -0.113755
v -0.193280 6.743131 -0.111700
v -0.164164 6.776393 -0.110298
v -0.117851 6.792172 -0.109666
v -0.074463 6.783613 -0.110078
v -0.037630 6.751432 -0.111500
v -0.023357 6.709611 -0.113315
v -0.061885 6.625496 -0.049546
v -0.032770 6.658757 -0.048143
v -0.151587 6.618276 -0.049766
v -0.108198 6.609717 -0.050178
v -0.202692 6.692278 -0.046529
v -0.188419 6.650457 -0.048343
v -0.164097 6.773499 -0.043072
v -0.193212 6.740238 -0.044474
v -0.074395 6.780719 -0.042852
v -0.117783 6.789279 -0.042440
v -0.023289 6.706717 -0.046089
v -0.037562 6.748539 -0.044274
v -0.065359 6.609605 0.289381
v -0.031645 6.648120 0.291005
v -0.154279 6.606338 0.289331
v -0.104039 6.596427 0.288853
v -0.201568 6.681640 0.292620
v -0.185041 6.633216 0.290519
v -0.159937 6.760210 0.295959
v -0.193650 6.721696 0.294336
v -0.071016 6.763478 0.296010
v -0.121257 6.773389 0.296487
v -0.023727 6.688175 0.292721
v -0.040255 6.736601 0.294822
v -0.031855 6.657034 0.083904
v -0.065568 6.618519 0.082280
v -0.104248 6.605341 0.081752
v -0.154488 6.615252 0.082229
v -0.185250 6.642129 0.083417
v -0.201778 6.690554 0.085518
v -0.193860 6.730610 0.087234
v -0.160146 6.769124 0.088858
v -0.121467 6.782303 0.089386
v -0.071226 6.772391 0.088909
v -0.040464 6.745515 0.087721
v -0.023937 6.697089 0.085620
v 0.843837 7.509569 0.154710
v 0.822082 7.530689 0.105415
v 0.785112 7.564191 0.078396
v 0.741627 7.602181 0.080135
v 0.704468 7.633435 0.110342
v 0.682737 7.650305 0.161376
v 0.682706 7.647905 0.218955
v 0.704460 7.626785 0.268251
v 0.741431 7.593283 0.295269
v 0.784916 7.555293 0.293530
v 0.822075 7.524040 0.263323
v 0.843805 7.507169 0.212289
v 0.805382 7.511610 0.104610
v 0.827136 7.490489 0.153906
v 0.768215 7.536214 0.292725
v 0.724730 7.574204 0.294464
v 0.666036 7.631225 0.160572
v 0.687767 7.614356 0.109538
v 0.827104 7.488089 0.211484
v 0.805374 7.504960 0.262519
v 0.687759 7.607706 0.267446
v 0.666005 7.628826 0.218151
v 0.724926 7.583102 0.079331
v 0.768411 7.545111 0.077592
v 0.803393 7.546471 0.119122
v 0.826109 7.524418 0.170595
v 0.740653 7.601848 0.108270
v 0.786058 7.562179 0.106454
v 0.700449 7.634194 0.175795
v 0.723139 7.616578 0.122506
v 0.723149 7.611004 0.254543
v 0.700434 7.633057 0.203070
v 0.785890 7.555627 0.265395
v 0.740484 7.595296 0.267211
v 0.826094 7.523281 0.197870
v 0.803403 7.540896 0.251159
v 0.826074 7.521828 0.232729
v 0.786761 7.521884 0.250357
v 0.809451 7.504268 0.197069
v 0.683791 7.614045 0.202268
v 0.706507 7.591991 0.253742
v 0.769416 7.543167 0.105653
v 0.724010 7.582836 0.107468
v 0.809466 7.505405 0.169794
v 0.786751 7.527459 0.118321
v 0.723842 7.576283 0.266410
v 0.769247 7.536614 0.264594
v 0.706497 7.597566 0.121705
v 0.683806 7.615182 0.174994
v 0.650789 7.334717 0.097296
v 0.777625 7.479616 0.103404
v 0.738481 7.515080 0.074942
v 0.611645 7.370181 0.068834
v 0.783633 7.474950 0.089328
v 0.656797 7.330052 0.083220
v 0.617653 7.365516 0.054758
v 0.744489 7.510415 0.060866
v 0.643675 7.341694 0.087945
v 0.774768 7.491456 0.094259
v 0.752848 7.511315 0.078320
v 0.621754 7.361553 0.072007
v 0.778133 7.488843 0.086376
v 0.647039 7.339080 0.080063
v 0.625119 7.358941 0.064124
v 0.756212 7.508703 0.070438
v 0.594637 7.500231 0.263768
v 0.633781 7.464767 0.292229
v 0.588629 7.504897 0.277844
v 0.627773 7.469433 0.306306
v 0.600773 7.494883 0.271433
v 0.720654 7.631837 0.277206
v 0.745706 7.609140 0.295421
v 0.716810 7.634823 0.286215
v 0.741861 7.612126 0.304430
v 0.621980 7.475172 0.298657
v 0.625825 7.472186 0.289648
v 0.596927 7.497869 0.280441
v 0.680790 7.407160 0.164831
v 0.670835 7.416825 0.142273
v 0.652114 7.433790 0.128591
v 0.632214 7.451174 0.129387
v 0.613405 7.466995 0.144677
v 0.603461 7.474715 0.168031
v 0.603445 7.473501 0.197165
v 0.613400 7.463835 0.219723
v 0.632121 7.446871 0.233405
v 0.652021 7.429486 0.232609
v 0.670830 7.413666 0.217319
v 0.680774 7.405945 0.193965
v 0.714021 7.466160 0.144353
v 0.723976 7.456496 0.166911
v 0.723960 7.455282 0.196045
v 0.714016 7.463002 0.219399
v 0.695207 7.478821 0.234689
v 0.675307 7.496207 0.235484
v 0.656586 7.513171 0.221803
v 0.646631 7.522835 0.199244
v 0.646647 7.524051 0.170111
v 0.656591 7.516330 0.146757
v 0.675400 7.500511 0.131467
v 0.695299 7.483124 0.130671
v 0.805382 7.511610 0.104610
v 0.827136 7.490489 0.153906
v 0.768215 7.536214 0.292725
v 0.724730 7.574204 0.294464
v 0.666036 7.631225 0.160572
v 0.687767 7.614356 0.109538
v 0.827104 7.488089 0.211484
v 0.805374 7.504960 0.262519
v 0.687759 7.607706 0.267446
v 0.666005 7.628826 0.218151
v 0.724926 7.583102 0.079331
v 0.768411 7.545111 0.077592
v 0.786761 7.521884 0.250357
v 0.809451 7.504268 0.197069
v 0.683791 7.614045 0.202268
v 0.706507 7.591991 0.253742
v 0.769416 7.543167 0.105653
v 0.724010 7.582836 0.107468
v 0.809466 7.505405 0.169794
v 0.786751 7.527459 0.118321
v 0.723842 7.576283 0.266410
v 0.769247 7.536614 0.264594
v 0.706497 7.597566 0.121705
v 0.683806 7.615182 0.174994
v 0.224258 6.893256 -0.104188
v 0.294811 6.897975 -0.104056
v 0.398172 7.059845 -0.097194
v 0.400896 7.019168 -0.098947
v 0.102958 6.999238 -0.099504
v 0.100233 7.039915 -0.097750
v 0.336228 7.113967 -0.094802
v 0.285719 7.131016 -0.094017
v 0.154407 7.101803 -0.095141
v 0.202192 7.125430 -0.094173
vt 0.536160 0.045764
vt 0.532932 0.044427
vt 0.532666 0.045764
vt 0.137046 0.774263
vt 0.174826 0.707327
vt 0.175448 0.773904
vt 0.133831 0.429874
vt 0.171612 0.362938
vt 0.172233 0.429515
vt 0.103558 0.561683
vt 0.126956 0.681827
vt 0.006396 0.660676
vt 0.135974 0.659467
vt 0.173755 0.592530
vt 0.174376 0.659108
vt 0.134902 0.544670
vt 0.172683 0.477734
vt 0.173305 0.544312
vt 0.136424 0.707685
vt 0.174601 0.683218
vt 0.136199 0.683576
vt 0.135127 0.568780
vt 0.173530 0.568421
vt 0.135353 0.592889
vt 0.134056 0.453983
vt 0.172458 0.453625
vt 0.134281 0.478093
vt 0.137271 0.798372
vt 0.175673 0.798014
vt 0.137496 0.822482
vt 0.271539 0.560115
vt 0.294936 0.680259
vt 0.206120 0.265816
vt 0.190699 0.283868
vt 0.190699 0.265816
vt 0.206120 0.283868
vt 0.190699 0.301919
vt 0.206120 0.301919
vt 0.190699 0.319971
vt 0.206120 0.319971
vt 0.190699 0.338023
vt 0.206120 0.338023
vt 0.190699 0.356074
vt 0.206120 0.356074
vt 0.190699 0.374126
vt 0.206120 0.374126
vt 0.190699 0.392177
vt 0.206120 0.392177
vt 0.190699 0.410229
vt 0.206120 0.410229
vt 0.190699 0.428280
vt 0.206120 0.428280
vt 0.190699 0.446332
vt 0.206120 0.446332
vt 0.190699 0.464384
vt 0.206120 0.464384
vt 0.190699 0.482435
vt 0.206120 0.482435
vt 0.190699 0.500487
vt 0.206120 0.500487
vt 0.190699 0.518538
vt 0.206120 0.518538
vt 0.190699 0.536590
vt 0.206120 0.536590
vt 0.190699 0.554642
vt 0.300277 0.221770
vt 0.270920 0.140260
vt 0.300277 0.140260
vt 0.329634 0.221770
vt 0.329634 0.140260
vt 0.232095 0.197909
vt 0.199160 0.136912
vt 0.232075 0.126588
vt 0.178839 0.028623
vt 0.260349 -0.000735
vt 0.260349 0.028623
vt 0.178839 0.057980
vt 0.260349 0.057980
vt 0.178839 0.087337
vt 0.260349 0.087337
vt 0.135972 0.316915
vt 0.103851 0.274559
vt 0.142382 0.274548
vt 0.301090 0.057980
vt 0.219580 0.087337
vt 0.219580 0.057980
vt 0.301090 0.028623
vt 0.219580 0.028623
vt 0.301090 -0.000735
vt 0.219580 -0.000735
vt 0.234287 0.199748
vt 0.201352 0.138751
vt 0.234266 0.128427
vt 0.270138 0.221403
vt 0.240781 0.139894
vt 0.270138 0.139893
vt 0.299496 0.221403
vt 0.299496 0.139893
vt 0.328853 0.221403
vt 0.328853 0.139893
vt 0.109535 0.317816
vt 0.141632 0.275441
vt 0.135223 0.317808
vt 0.270920 0.221770
vt 0.241563 0.140260
vt 0.198411 0.137805
vt 0.149060 0.225160
vt 0.149034 0.136722
vt 0.233537 0.200641
vt 0.200603 0.139644
vt 0.233517 0.129320
vt 0.231346 0.198802
vt 0.231325 0.127481
vt 0.133031 0.315969
vt 0.100910 0.273613
vt 0.139441 0.273602
vt 0.108093 0.315083
vt 0.140190 0.272709
vt 0.133780 0.315076
vt 0.091238 0.136738
vt 0.151251 0.226999
vt 0.093429 0.138577
vt 0.151226 0.138561
vt 0.149809 0.224267
vt 0.091987 0.135845
vt 0.149784 0.135829
vt 0.152001 0.226106
vt 0.094179 0.137684
vt 0.151975 0.137668
vt 0.103101 0.275452
vt 0.101659 0.272720
vt 0.044054 0.139689
vt 0.093455 0.227015
vt 0.044079 0.228127
vt 0.042611 0.136956
vt 0.092012 0.224283
vt 0.042636 0.225395
vt 0.041862 0.137850
vt 0.091263 0.225176
vt 0.041887 0.226288
vt 0.008962 0.198866
vt 0.011154 0.200705
vt 0.009711 0.197973
vt 0.011903 0.199812
vt 0.044803 0.138796
vt 0.044828 0.227234
vt 0.094204 0.226122
vt 0.201338 0.091130
vt 0.234255 0.090023
vt 0.133209 0.363296
vt 0.005774 0.594099
vt 0.014792 0.571738
vt 0.036981 0.562304
vt 0.125918 0.570701
vt 0.104768 0.691261
vt 0.038190 0.691882
vt 0.015830 0.682864
vt 0.175898 0.822123
vt 0.182773 0.570170
vt 0.204961 0.560736
vt 0.293899 0.569133
vt 0.303333 0.591321
vt 0.303955 0.657898
vt 0.272748 0.689693
vt 0.206171 0.690315
vt 0.183811 0.681296
vt 0.206120 0.554642
vt 0.199186 0.225350
vt 0.178839 -0.000735
vt 0.110285 0.316922
vt 0.301090 0.087337
vt 0.201377 0.227189
vt 0.240781 0.221403
vt 0.241563 0.221770
vt 0.198436 0.226243
vt 0.200628 0.228082
vt 0.107344 0.315976
vt 0.008941 0.127545
vt 0.011133 0.129384
vt 0.009691 0.126652
vt 0.011883 0.128491
vt 0.046828 0.461009
vt 0.046828 0.157667
vt 0.073616 0.164646
vt 0.083291 0.454278
vt 0.073442 0.164895
vt 0.083291 0.164895
vt 0.117058 0.164895
vt 0.126907 0.454278
vt 0.117058 0.454278
vt 0.083465 0.484522
vt 0.073616 0.464713
vt 0.083465 0.464713
vt 0.117232 0.454030
vt 0.127081 0.164646
vt 0.127081 0.454030
vt 0.083465 0.454030
vt 0.083465 0.164646
vt 0.127081 0.154776
vt 0.117232 0.134967
vt 0.127081 0.134967
vt 0.090269 0.461257
vt 0.083291 0.484771
vt 0.073442 0.464961
vt 0.083291 0.464961
vt 0.126907 0.125347
vt 0.117058 0.135216
vt 0.117058 0.125347
vt 0.117232 0.154777
vt 0.127081 0.125097
vt 0.117232 0.125097
vt 0.126907 0.155025
vt 0.126907 0.164895
vt 0.126907 0.135216
vt 0.087145 0.484830
vt 0.122878 0.480473
vt 0.122878 0.484830
vt 0.087145 0.480473
vt 0.122878 0.476116
vt 0.087145 0.476116
vt 0.122878 0.471759
vt 0.087145 0.471759
vt 0.122878 0.467402
vt 0.087145 0.467402
vt 0.122878 0.463045
vt 0.087145 0.532756
vt 0.122878 0.528399
vt 0.122878 0.532756
vt 0.087145 0.528399
vt 0.122878 0.524042
vt 0.087145 0.524042
vt 0.122878 0.519686
vt 0.087145 0.519685
vt 0.122878 0.515329
vt 0.087145 0.515329
vt 0.122878 0.510972
vt 0.087145 0.510972
vt 0.122878 0.506615
vt 0.087145 0.506615
vt 0.122878 0.502258
vt 0.087145 0.502258
vt 0.122878 0.497901
vt 0.087145 0.497901
vt 0.122878 0.493544
vt 0.087145 0.493544
vt 0.122878 0.489187
vt 0.087145 0.489187
vt 0.057061 0.038700
vt 0.068931 0.044477
vt 0.057061 0.044477
vt 0.103538 0.052377
vt 0.091668 0.049633
vt 0.103538 0.049633
vt 0.091931 0.038640
vt 0.103801 0.044417
vt 0.091931 0.044417
vt 0.068931 0.038700
vt 0.080801 0.044477
vt 0.072826 0.049802
vt 0.084696 0.052546
vt 0.072826 0.052546
vt 0.080061 0.044417
vt 0.080061 0.038640
vt 0.080801 0.038700
vt 0.092671 0.044477
vt 0.096566 0.049802
vt 0.084696 0.049802
vt 0.068191 0.044417
vt 0.068191 0.038640
vt 0.104541 0.038700
vt 0.092671 0.038700
vt 0.108436 0.049802
vt 0.096566 0.052546
vt 0.056321 0.044417
vt 0.056321 0.038640
vt 0.116411 0.038700
vt 0.104541 0.044477
vt 0.044451 0.044417
vt 0.044451 0.038640
vt 0.128281 0.044477
vt 0.116411 0.044477
vt 0.044188 0.052377
vt 0.032318 0.049633
vt 0.044188 0.049633
vt 0.032581 0.044417
vt 0.032581 0.038640
vt 0.084172 0.130312
vt 0.073261 0.103970
vt 0.099603 0.093058
vt 0.033321 0.038700
vt 0.045191 0.044477
vt 0.033321 0.044477
vt 0.127278 0.052377
vt 0.115408 0.049633
vt 0.127278 0.049633
vt 0.127541 0.038640
vt 0.115671 0.044417
vt 0.115671 0.038640
vt 0.045191 0.038700
vt 0.060956 0.052546
vt 0.049086 0.049802
vt 0.060956 0.049802
vt 0.103801 0.038640
vt 0.099740 0.129955
vt 0.073398 0.119043
vt 0.084309 0.092701
vt 0.073616 0.454030
vt 0.083465 0.459371
vt 0.073616 0.459371
vt 0.083291 0.495454
vt 0.073442 0.490112
vt 0.083291 0.490112
vt 0.073442 0.484771
vt 0.073616 0.495205
vt 0.083465 0.489863
vt 0.083465 0.495205
vt 0.073616 0.489864
vt 0.073442 0.454278
vt 0.083291 0.459620
vt 0.073442 0.459620
vt -0.002734 0.058292
vt 0.036350 0.070598
vt -0.002640 0.070889
vt -0.002546 0.083486
vt 0.036444 0.083195
vt -0.002452 0.096083
vt 0.036720 0.120310
vt 0.036725 0.120895
vt -0.002264 0.121276
vt 0.036599 0.134238
vt -0.002382 0.133870
vt -0.002501 0.146465
vt 0.036480 0.146832
vt -0.002620 0.159059
vt 0.089189 0.070066
vt 0.072594 0.086322
vt 0.067351 0.070066
vt 0.091668 0.052377
vt 0.079798 0.049633
vt 0.109182 0.142560
vt 0.090087 0.153675
vt 0.096666 0.145432
vt 0.115408 0.052377
vt 0.067928 0.052377
vt 0.079798 0.052377
vt 0.078837 0.043236
vt 0.093081 0.039944
vt 0.093081 0.043236
vt 0.056058 0.052377
vt 0.067928 0.049633
vt 0.056058 0.049633
vt 0.083158 0.079933
vt 0.095363 0.078072
vt 0.037216 0.052546
vt 0.049086 0.052546
vt 0.037519 0.099898
vt 0.064188 0.120461
vt 0.037519 0.121736
vt 0.070578 0.131025
vt 0.048438 0.140649
vt 0.080524 0.138340
vt 0.067351 0.151569
vt 0.092512 0.141291
vt 0.089189 0.151569
vt 0.104717 0.139431
vt 0.108102 0.140649
vt 0.062328 0.108256
vt 0.065280 0.096268
vt 0.048438 0.080985
vt 0.107348 0.081034
vt 0.062737 0.113373
vt 0.065606 0.125928
vt 0.037181 0.098770
vt 0.064948 0.100694
vt 0.048982 0.079302
vt 0.071843 0.089826
vt 0.068937 0.068343
vt 0.091698 0.068830
vt 0.082372 0.082424
vt 0.094932 0.079615
vt 0.107611 0.081826
vt 0.083968 0.143279
vt 0.067309 0.153294
vt 0.047773 0.141575
vt 0.073061 0.136430
vt 0.036718 0.121644
vt 0.036242 0.172021
vt -0.002739 0.171653
vt 0.036240 0.055926
vt 0.036256 0.058001
vt 0.036232 0.172701
vt 0.111166 0.080631
vt 0.036538 0.095792
vt -0.002358 0.108680
vt 0.071572 0.458965
vt 0.066637 0.461009
vt 0.041893 0.458965
vt 0.039849 0.454030
vt 0.039849 0.164646
vt 0.066637 0.157667
vt 0.073616 0.484522
vt 0.117232 0.164646
vt 0.090270 0.157916
vt 0.110079 0.157916
vt 0.115013 0.459213
vt 0.110079 0.461257
vt 0.085335 0.459213
vt 0.117058 0.155025
vt 0.087145 0.463046
vt 0.108436 0.052546
vt 0.128281 0.038700
vt 0.032318 0.052377
vt 0.110514 0.103970
vt 0.110514 0.119401
vt 0.099603 0.130312
vt 0.073261 0.119401
vt 0.084172 0.093058
vt 0.127541 0.044417
vt 0.099740 0.092701
vt 0.110652 0.103612
vt 0.110652 0.119043
vt 0.084309 0.129955
vt 0.073398 0.103612
vt 0.073442 0.495454
vt 0.036632 0.108389
vt 0.036361 0.159427
vt 0.110004 0.142616
vt 0.078837 0.039944
vt 0.037216 0.049802
vt 0.108102 0.080985
vt -0.002750 0.056217
vt -0.002750 0.172333
vt 0.355705 0.237792
vt 0.295105 0.328071
vt 0.280266 0.313231
vt 0.391665 0.201832
vt 0.425475 0.197701
vt 0.406504 0.216672
vt 0.458262 0.161182
vt 0.518862 0.070903
vt 0.533701 0.085743
vt 0.422302 0.197142
vt 0.388492 0.201273
vt 0.407462 0.182302
vt 0.557949 0.107683
vt 0.547523 0.053769
vt 0.583119 0.018173
vt 0.291933 0.327512
vt 0.352532 0.237233
vt 0.367372 0.252072
vt 0.557949 0.106662
vt 0.547523 0.052747
vt 0.583119 0.017152
vt 0.546801 0.055378
vt 0.582397 0.019782
vt 0.696705 0.119718
vt 0.546801 0.051138
vt 0.582397 0.015542
vt 0.696705 0.115478
vt 0.373685 0.219812
vt 0.388525 0.234652
vt 0.461435 0.161741
vt 0.428615 0.164882
vt 0.446595 0.146902
vt 0.443455 0.179721
vt 0.410635 0.182862
vt 0.440282 0.179162
vt 0.425442 0.164322
vt 0.385352 0.234092
vt 0.370512 0.219253
vt 0.403332 0.216113
vt 0.522034 0.071463
vt 0.370545 0.252632
vt 0.443422 0.146343
vt 0.697427 0.018173
vt 0.697427 0.118109
vt 0.583119 0.118109
vt 0.547523 0.082513
vt 0.557949 0.028599
vt 0.277093 0.312672
vt 0.697427 0.017152
vt 0.697427 0.117087
vt 0.583119 0.117087
vt 0.547523 0.081492
vt 0.557949 0.027577
vt 0.582397 0.119718
vt 0.557227 0.109292
vt 0.546801 0.084122
vt 0.557227 0.030208
vt 0.696705 0.019782
vt 0.582397 0.115478
vt 0.557227 0.105052
vt 0.546801 0.079883
vt 0.557227 0.025968
vt 0.696705 0.015542
vt 0.536874 0.086302
vt 0.818999 0.778579
vt 0.914116 0.629338
vt 0.914250 0.778493
vt 0.819558 0.776844
vt 0.797985 0.627646
vt 0.819560 0.626737
vt 0.914250 0.607743
vt 0.818864 0.629424
vt 0.818692 0.607829
vt 0.915119 0.626737
vt 0.819713 0.605144
vt 0.914965 0.605144
vt 0.962003 0.951947
vt 0.995228 0.927786
vt 0.995228 0.951947
vt 0.962003 0.973785
vt 0.995228 0.997947
vt 0.962003 0.997947
vt 0.891213 0.476628
vt 0.812319 0.505639
vt 0.812040 0.418794
vt 0.811243 0.242324
vt 0.890323 0.270676
vt 0.890586 0.328813
vt 0.949127 0.418229
vt 0.890991 0.418491
vt 0.987917 0.416256
vt 0.948723 0.328551
vt 0.987521 0.328509
vt 0.724791 0.329561
vt 0.672336 0.417680
vt 0.671940 0.329934
vt 0.811636 0.329170
vt 0.702434 0.776609
vt 0.702733 0.627455
vt 0.895523 0.477370
vt 0.939836 0.465060
vt 0.928300 0.509248
vt 0.797126 0.778598
vt 0.701562 0.778493
vt 0.680153 0.629259
vt 0.701730 0.628386
vt 0.680476 0.776565
vt 0.681162 0.626459
vt 0.797289 0.628491
vt 0.915121 0.776844
vt 0.626731 0.450373
vt 0.578989 0.473778
vt 0.578989 0.450373
vt 0.507357 0.230394
vt 0.494830 0.202378
vt 0.507357 0.202378
vt 0.517136 0.287214
vt 0.532565 0.270977
vt 0.532565 0.287214
vt 0.517136 0.217712
vt 0.532565 0.234161
vt 0.517136 0.234161
vt 0.517136 0.180764
vt 0.532565 0.164103
vt 0.532565 0.180764
vt 0.507357 0.173801
vt 0.494830 0.145344
vt 0.507357 0.145344
vt 0.507357 0.344240
vt 0.494830 0.315784
vt 0.507357 0.315784
vt 0.507357 0.116716
vt 0.494830 0.088480
vt 0.507357 0.088480
vt 0.517136 0.004110
vt 0.532565 0.020771
vt 0.517136 0.020771
vt 0.507357 0.059955
vt 0.494830 0.031939
vt 0.507357 0.031939
vt 0.507357 0.287155
vt 0.494830 0.258919
vt 0.507357 0.258919
vt 0.517136 0.057719
vt 0.532565 0.074168
vt 0.517136 0.074168
vt 0.638821 0.473778
vt 0.638821 0.450373
vt 0.756065 0.473778
vt 0.743975 0.450373
vt 0.756065 0.450373
vt 0.719595 0.473778
vt 0.703799 0.450373
vt 0.719595 0.450373
vt 0.494830 0.287155
vt 0.494830 0.116716
vt 0.507357 0.003361
vt 0.494830 0.003361
vt 0.494830 0.230394
vt 0.517136 0.110984
vt 0.532565 0.127221
vt 0.517136 0.127221
vt 0.532565 0.217712
vt 0.532565 0.324096
vt 0.532565 0.110984
vt 0.517136 0.164103
vt 0.517136 0.270977
vt 0.532565 0.057719
vt 0.489613 0.131072
vt 0.829839 0.948499
vt 0.844705 0.974433
vt 0.818216 0.955939
vt 0.829839 0.935019
vt 0.912270 0.918134
vt 0.912270 0.935361
vt 0.897404 0.909427
vt 0.923894 0.956377
vt 0.909606 0.981126
vt 0.897350 0.974683
vt 0.909657 0.983020
vt 0.897404 0.976677
vt 0.923894 0.958183
vt 0.912270 0.937263
vt 0.912270 0.950743
vt 0.923894 0.929727
vt 0.897351 0.911421
vt 0.909606 0.904978
vt 0.856818 0.891058
vt 0.885343 0.890970
vt 0.885975 0.904853
vt 0.885292 0.997290
vt 0.885921 0.983402
vt 0.818216 0.927483
vt 0.844759 0.909178
vt 0.856189 0.904945
vt 0.856135 0.983495
vt 0.818216 0.930165
vt 0.832453 0.905328
vt 0.844706 0.911671
vt 0.856767 0.997378
vt 0.832504 0.983370
vt 0.844759 0.976927
vt 0.829840 0.937605
vt 0.818216 0.958621
vt 0.829840 0.951085
vt 0.885292 0.888814
vt 0.885921 0.902702
vt 0.856135 0.902609
vt 0.856766 0.888726
vt 0.832504 0.902734
vt 0.856189 0.981159
vt 0.832453 0.980776
vt 0.885974 0.981251
vt 0.856818 0.995046
vt 0.885343 0.995134
vt 0.909657 0.903084
vt 0.912270 0.948841
vt 0.923894 0.927921
vt 0.663201 0.450373
vt 0.663201 0.473778
vt 0.678997 0.473778
vt 0.743975 0.473778
vt 0.558039 0.473778
vt 0.678997 0.450373
vt 0.703799 0.473778
vt 0.803807 0.450373
vt 0.803807 0.473778
vt 0.797685 0.776800
vt 0.962003 0.927786
vt 0.995228 0.973785
vt 0.865200 0.505469
vt 0.864095 0.242086
vt 0.725195 0.419186
vt 0.913902 0.509248
vt 0.902576 0.502709
vt 0.895483 0.490423
vt 0.902746 0.465036
vt 0.914112 0.458521
vt 0.928510 0.458521
vt 0.946929 0.477346
vt 0.946889 0.490400
vt 0.939666 0.502733
vt 0.679605 0.778412
vt 0.626731 0.473778
vt 0.494830 0.173801
vt 0.494830 0.344240
vt 0.532565 0.004110
vt 0.494830 0.059955
vt 0.517136 0.324096
vt 0.558039 0.450373
vt 0.215273 0.397490
vt 0.242840 0.382682
vt 0.242840 0.397490
vt 0.215273 0.382682
vt 0.242840 0.367874
vt 0.215273 0.367874
vt 0.242840 0.353066
vt 0.215273 0.353066
vt 0.242840 0.338258
vt 0.215273 0.338258
vt 0.242840 0.310849
vt 0.082749 0.751077
vt 0.097524 0.702885
vt 0.097524 0.751077
vt 0.094401 0.920835
vt 0.017398 0.891788
vt 0.097719 0.891788
vt 0.065510 0.748880
vt 0.047270 0.699360
vt 0.065946 0.699129
vt 0.107397 0.702885
vt 0.107396 0.751077
vt 0.096997 0.375052
vt 0.019051 0.342924
vt 0.019051 0.375052
vt 0.092912 0.920835
vt 0.015909 0.891788
vt 0.096229 0.891788
vt 0.215273 0.484131
vt 0.242840 0.456721
vt 0.242840 0.484131
vt 0.215273 0.456721
vt 0.242840 0.441913
vt 0.215273 0.441913
vt 0.242840 0.427105
vt 0.226645 0.920835
vt 0.204414 0.974506
vt 0.204171 0.942966
vt 0.096229 0.974506
vt 0.128612 0.974264
vt 0.150742 0.978666
vt 0.215273 0.427105
vt 0.242840 0.412298
vt 0.215273 0.412298
vt 0.181278 0.990960
vt 0.097719 0.974507
vt 0.152232 0.978666
vt 0.181278 0.850710
vt 0.222357 0.891788
vt 0.193124 0.879942
vt 0.096997 0.444365
vt 0.019051 0.432518
vt 0.019051 0.444365
vt 0.096997 0.432518
vt 0.019051 0.420672
vt 0.096997 0.408825
vt 0.019051 0.408825
vt 0.019051 0.396979
vt 0.096997 0.396979
vt 0.085027 0.698933
vt 0.084278 0.750914
vt 0.017398 0.949882
vt 0.017398 0.920835
vt 0.101299 0.698952
vt 0.098986 0.750931
vt 0.015909 0.867163
vt 0.096229 0.867163
vt 0.109196 0.698933
vt 0.110572 0.751919
vt 0.097719 0.949882
vt 0.019051 0.513677
vt 0.096997 0.491750
vt 0.019051 0.491750
vt 0.019051 0.479904
vt 0.096997 0.479904
vt 0.019051 0.468057
vt 0.096997 0.468057
vt 0.019051 0.456211
vt 0.096997 0.456211
vt 0.079580 0.751590
vt 0.055251 0.815956
vt 0.066445 0.815483
vt 0.053974 0.824672
vt 0.044816 0.812409
vt 0.082195 0.818889
vt 0.077076 0.810921
vt 0.085794 0.802407
vt 0.068339 0.824334
vt 0.040570 0.820096
vt 0.029537 0.811135
vt 0.036313 0.805365
vt 0.022103 0.798647
vt 0.030807 0.795544
vt 0.093983 0.808435
vt 0.091191 0.790388
vt 0.029214 0.783856
vt 0.019234 0.783620
vt 0.102150 0.793236
vt 0.091793 0.775964
vt 0.032028 0.770640
vt 0.021598 0.750802
vt 0.087012 0.761615
vt 0.039857 0.759217
vt 0.031889 0.750746
vt 0.051609 0.751543
vt 0.080104 0.751932
vt 0.047284 0.750838
vt 0.090932 0.751038
vt 0.097719 0.867163
vt 0.130101 0.867406
vt 0.047893 0.751077
vt 0.065321 0.749086
vt 0.052043 0.751728
vt 0.078600 0.751728
vt 0.033118 0.751077
vt 0.040786 0.759249
vt 0.023246 0.751077
vt 0.089857 0.759250
vt 0.082749 0.825860
vt 0.078600 0.815842
vt 0.089857 0.808321
vt 0.033264 0.770506
vt 0.097379 0.770507
vt 0.110863 0.783785
vt 0.019779 0.783785
vt 0.030623 0.783785
vt 0.100020 0.783785
vt 0.023246 0.801213
vt 0.107396 0.801213
vt 0.033264 0.797064
vt 0.097379 0.797064
vt 0.040786 0.808321
vt 0.033118 0.815988
vt 0.097524 0.815988
vt 0.047893 0.825860
vt 0.052043 0.815842
vt 0.065321 0.818484
vt 0.065321 0.829327
vt 0.015909 0.949882
vt 0.015909 0.920835
vt 0.082749 0.702885
vt 0.215273 0.524291
vt 0.031538 0.699549
vt 0.017398 0.867163
vt 0.047893 0.702885
vt 0.065321 0.702885
vt 0.096229 0.949882
vt 0.017398 0.850710
vt 0.097719 0.850710
vt 0.033118 0.702885
vt 0.096997 0.545806
vt 0.096997 0.513677
vt 0.096229 0.990960
vt 0.015909 0.974506
vt 0.215273 0.310849
vt 0.242840 0.270688
vt 0.097719 0.990960
vt 0.017398 0.974506
vt 0.015909 0.850710
vt 0.096229 0.850710
vt 0.179789 0.850710
vt 0.172873 0.867406
vt 0.150742 0.863004
vt 0.096997 0.342924
vt 0.208573 0.920835
vt 0.220868 0.949882
vt 0.191635 0.961727
vt 0.172873 0.974264
vt 0.179789 0.990960
vt 0.150742 0.996738
vt 0.097314 0.942966
vt 0.109850 0.961727
vt 0.210063 0.920835
vt 0.205660 0.898704
vt 0.228135 0.920835
vt 0.222357 0.949882
vt 0.205903 0.974506
vt 0.152231 0.996738
vt 0.205660 0.942966
vt 0.098803 0.942966
vt 0.111339 0.961727
vt 0.193124 0.961727
vt 0.130101 0.974264
vt 0.174362 0.974264
vt 0.174362 0.867406
vt 0.205903 0.867163
vt 0.096997 0.420672
vt 0.098803 0.898704
vt 0.152231 0.844932
vt 0.111339 0.879942
vt 0.152232 0.863004
vt 0.242840 0.524291
vt 0.021061 0.699659
vt 0.023246 0.702885
vt 0.019051 0.545806
vt 0.015909 0.990960
vt 0.215273 0.270688
vt 0.017398 0.990960
vt 0.097314 0.898704
vt 0.150742 0.844932
vt 0.109850 0.879942
vt 0.204414 0.867163
vt 0.220868 0.891788
vt 0.204171 0.898704
vt 0.128611 0.867406
vt 0.191635 0.879942
vt 0.607413 0.036614
vt 0.603145 0.014733
vt 0.607413 0.014733
vt 0.603145 0.036614
vt 0.598876 0.014733
vt 0.598876 0.036614
vt 0.594607 0.014733
vt 0.594607 0.036614
vt 0.590339 0.014733
vt 0.590339 0.036614
vt 0.586070 0.014733
vt 0.586070 0.036614
vt 0.581802 0.014733
vt 0.581802 0.036614
vt 0.577533 0.014733
vt 0.577533 0.036614
vt 0.573264 0.014733
vt 0.573264 0.036614
vt 0.568996 0.014733
vt 0.637294 0.036614
vt 0.633025 0.014733
vt 0.637294 0.014733
vt 0.633025 0.036614
vt 0.628757 0.014733
vt 0.628757 0.036614
vt 0.624488 0.014733
vt 0.624488 0.036614
vt 0.620219 0.014733
vt 0.620219 0.036614
vt 0.615951 0.014733
vt 0.615951 0.036614
vt 0.611682 0.014733
vt 0.611682 0.036614
vt 0.568996 0.036614
vt 0.929180 0.609372
vt 0.990595 0.621480
vt 0.929180 0.621480
vt 0.929181 0.745772
vt 0.990595 0.757879
vt 0.929181 0.757879
vt 0.929181 0.718492
vt 0.990595 0.730599
vt 0.929181 0.730599
vt 0.929181 0.691212
vt 0.990595 0.703319
vt 0.929181 0.703319
vt 0.929181 0.676040
vt 0.990595 0.663932
vt 0.990595 0.676040
vt 0.929180 0.648760
vt 0.990595 0.636652
vt 0.990595 0.648760
vt 0.961280 0.946844
vt 0.928054 0.922682
vt 0.961280 0.922682
vt 0.961280 0.830683
vt 0.928054 0.854844
vt 0.928054 0.830683
vt 0.961280 0.900844
vt 0.928054 0.876682
vt 0.961280 0.876682
vt 0.908920 0.552420
vt 0.991114 0.582047
vt 0.908920 0.582047
vt 0.908920 0.589947
vt 0.582489 0.317517
vt 0.562160 0.244308
vt 0.582489 0.244308
vt 0.716648 0.317517
vt 0.696319 0.244308
vt 0.716648 0.244308
vt 0.671754 0.317517
vt 0.651774 0.244308
vt 0.671754 0.244308
vt 0.627253 0.317517
vt 0.607098 0.244308
vt 0.627253 0.244308
vt 0.805912 0.317517
vt 0.785932 0.244308
vt 0.805912 0.244308
vt 0.761412 0.317517
vt 0.741257 0.244308
vt 0.761411 0.244308
vt 0.608687 0.822261
vt 0.616587 0.851888
vt 0.608687 0.851888
vt 0.592237 0.963953
vt 0.628612 0.993580
vt 0.592237 0.993580
vt 0.652963 0.889415
vt 0.616587 0.859788
vt 0.652963 0.859788
vt 0.628612 0.918525
vt 0.592237 0.926426
vt 0.592237 0.918525
vt 0.616587 0.897316
vt 0.652963 0.897316
vt 0.803807 0.426967
vt 0.678997 0.426967
vt 0.578989 0.426967
vt 0.719595 0.426967
vt 0.743975 0.426967
vt 0.562160 0.317517
vt 0.537595 0.244308
vt 0.785932 0.317517
vt 0.741257 0.317517
vt 0.696319 0.317517
vt 0.651774 0.317517
vt 0.607098 0.317517
vt 0.695109 0.917171
vt 0.675457 0.894803
vt 0.700162 0.894726
vt 0.649450 0.981720
vt 0.637244 0.960729
vt 0.659301 0.953721
vt 0.680403 0.974121
vt 0.700055 0.996489
vt 0.675350 0.996566
vt 0.726062 0.909572
vt 0.708967 0.925115
vt 0.882102 0.885206
vt 0.836291 0.810139
vt 0.903840 0.799880
vt 0.663201 0.426967
vt 0.928054 0.784683
vt 0.961280 0.762844
vt 0.961280 0.784683
vt 0.928054 0.968682
vt 0.961280 0.968682
vt 0.961280 0.854844
vt 0.961280 0.808844
vt 0.928054 0.808844
vt 0.830149 0.564803
vt 0.835887 0.574741
vt 0.814149 0.566716
vt 0.826230 0.587641
vt 0.814149 0.544878
vt 0.929181 0.663932
vt 0.990595 0.594200
vt 0.929180 0.594200
vt 0.929180 0.636652
vt 0.628612 0.956053
vt 0.628612 0.963953
vt 0.652963 0.851888
vt 0.628612 0.926426
vt 0.616587 0.822261
vt 0.660863 0.822261
vt 0.652963 0.822261
vt 0.991114 0.544519
vt 0.991114 0.552420
vt 0.908920 0.514892
vt 0.991114 0.514892
vt 0.901020 0.544519
vt 0.908920 0.544519
vt 0.680462 0.917217
vt 0.666605 0.925217
vt 0.695049 0.974075
vt 0.708907 0.966075
vt 0.649557 0.909756
vt 0.659301 0.937777
vt 0.738268 0.930563
vt 0.716210 0.937571
vt 0.637244 0.930930
vt 0.738268 0.960362
vt 0.716210 0.953515
vt 0.725955 0.981536
vt 0.666545 0.966177
vt 0.830149 0.546791
vt 0.845142 0.513034
vt 0.835887 0.536853
vt 0.826230 0.523953
vt 0.888216 0.523953
vt 0.878559 0.536853
vt 0.862960 0.527848
vt 0.845142 0.598560
vt 0.851485 0.583746
vt 0.851485 0.527848
vt 0.869304 0.598560
vt 0.869304 0.513034
vt 0.862960 0.583746
vt 0.900297 0.566716
vt 0.888216 0.587641
vt 0.878559 0.574741
vt 0.900297 0.544878
vt 0.884296 0.546791
vt 0.884296 0.564803
vt 0.584336 0.963953
vt 0.584336 0.993580
vt 0.703799 0.426967
vt 0.756065 0.426967
vt 0.626731 0.426967
vt 0.638821 0.426967
vt 0.990595 0.609372
vt 0.990595 0.745772
vt 0.990595 0.718492
vt 0.990595 0.691212
vt 0.928054 0.946844
vt 0.928054 0.900844
vt 0.991114 0.589947
vt 0.616587 0.889415
vt 0.558039 0.426967
vt 0.537595 0.317517
vt 0.921617 0.817656
vt 0.921617 0.874948
vt 0.911358 0.885206
vt 0.864589 0.877952
vt 0.843545 0.856907
vt 0.836291 0.839395
vt 0.846549 0.799880
vt 0.928054 0.762844
vt 0.592237 0.956053
vt 0.660863 0.851888
vt 0.901020 0.514892
vt 0.044789 0.091175
vt 0.042598 0.089336
vt 0.044040 0.092068
vt 0.041848 0.090229
vt 0.151962 0.090047
vt 0.200589 0.092023
vt 0.151213 0.090940
vt 0.199147 0.089291
vt 0.149770 0.088208
vt 0.094165 0.090064
vt 0.091973 0.088225
vt 0.093416 0.090957
vt 0.091224 0.089118
vt 0.149021 0.089101
vt 0.198397 0.090184
vt 0.231314 0.089077
vt 0.233506 0.090917
vt 0.241563 0.096370
vt 0.270920 0.096370
vt 0.299496 0.096004
vt 0.328853 0.096004
vt 0.270138 0.096004
vt 0.240781 0.096004
vt 0.175690 0.028623
vt 0.175690 -0.000735
vt 0.175690 0.057980
vt 0.175690 0.087337
vt 0.304239 0.057980
vt 0.304239 0.087337
vt 0.304239 0.028623
vt 0.304239 -0.000735
vt 0.232064 0.088184
vt 0.300277 0.096370
vt 0.329634 0.096370
vt 0.011872 0.090087
vt 0.009680 0.088248
vt 0.011122 0.090980
vt 0.008930 0.089141
vt 0.414083 0.020191
vt 0.394006 0.009194
vt 0.414083 0.005200
vt 0.440583 0.031167
vt 0.463030 0.037589
vt 0.448707 0.043325
vt 0.440583 0.084166
vt 0.463030 0.077745
vt 0.463030 0.094766
vt 0.414084 0.095142
vt 0.394006 0.106139
vt 0.399742 0.092290
vt 0.379460 0.043325
vt 0.365137 0.057667
vt 0.365137 0.037589
vt 0.387584 0.031167
vt 0.399742 0.023043
vt 0.434161 0.009194
vt 0.463030 0.020567
vt 0.448707 0.072008
vt 0.463030 0.057667
vt 0.434161 0.106139
vt 0.414084 0.110133
vt 0.387584 0.084166
vt 0.365137 0.077745
vt 0.379460 0.072008
vt 0.365137 0.020567
vt 0.428425 0.023043
vt 0.451559 0.057667
vt 0.428425 0.092290
vt 0.360949 0.270723
vt 0.401924 0.282747
vt 0.387449 0.297222
vt 0.376608 0.057667
vt 0.365137 0.094766
vt 0.434161 0.010684
vt 0.434161 0.107629
vt 0.365137 0.079234
vt 0.312776 0.318896
vt 0.353472 0.331198
vt 0.339275 0.345396
vt 0.286543 0.345129
vt 0.325078 0.359593
vt 0.313042 0.371629
vt 0.298579 0.333093
vt 0.537138 0.094534
vt 0.541697 0.142974
vt 0.515198 0.116474
vt 0.464307 0.167365
vt 0.512746 0.171924
vt 0.490806 0.193865
vt 0.438073 0.193598
vt 0.450376 0.234295
vt 0.423876 0.207796
vt 0.389900 0.241772
vt 0.375425 0.256247
vt 0.326973 0.304699
vt 0.365508 0.319162
vt 0.500722 0.130949
vt 0.486247 0.145425
vt 0.452271 0.179401
vt 0.464573 0.220098
vt 0.411840 0.219831
vt 0.416399 0.268271
vt 0.339009 0.292663
vt 0.527222 0.157449
vt 0.478770 0.205901
vt 0.438340 0.246331
vt 0.365137 0.039078
vt 0.365137 0.022057
vt 0.394006 0.010684
vt 0.414084 0.006690
vt 0.463030 0.022057
vt 0.463030 0.039078
vt 0.463030 0.059156
vt 0.365137 0.059156
vt 0.463030 0.079234
vt 0.463030 0.096255
vt 0.414083 0.111622
vt 0.394006 0.107629
vt 0.365137 0.096255
vt 0.563638 0.121033
vt 0.694918 0.553132
vt 0.687018 0.523505
vt 0.694918 0.523505
vt 0.694918 0.561032
vt 0.813426 0.590659
vt 0.694918 0.590659
vt 0.813426 0.553132
vt 0.813426 0.523505
vt 0.694918 0.598560
vt 0.813426 0.561032
vt 0.687018 0.501767
vt 0.785346 0.497342
vt 0.785346 0.501767
vt 0.785346 0.518358
vt 0.687018 0.522782
vt 0.687018 0.518358
vt 0.687018 0.480751
vt 0.785346 0.480751
vt 0.583686 0.914547
vt 0.598318 0.898963
vt 0.603200 0.901804
vt 0.574761 0.816516
vt 0.555477 0.907992
vt 0.555471 0.816517
vt 0.579910 0.907991
vt 0.579904 0.816516
vt 0.599193 0.816516
vt 0.687018 0.553132
vt 0.813426 0.598560
vt 0.687018 0.497342
vt 0.785346 0.522782
vt 0.574767 0.907991
vt 0.603987 0.816560
vt 0.703212 0.935314
vt 0.692293 0.968139
vt 0.669325 0.942270
vt 0.745623 0.945876
vt 0.816728 0.954138
vt 0.745623 0.954138
vt 0.745623 0.903415
vt 0.816728 0.911677
vt 0.745623 0.911677
vt 0.745623 0.890447
vt 0.816728 0.882185
vt 0.816728 0.890447
vt 0.745623 0.924646
vt 0.816728 0.932908
vt 0.745623 0.932908
vt 0.745623 0.967107
vt 0.816728 0.975368
vt 0.745623 0.975369
vt 0.611886 0.352316
vt 0.599433 0.416633
vt 0.599433 0.352316
vt 0.559724 0.352316
vt 0.547170 0.416633
vt 0.547170 0.352316
vt 0.664198 0.352316
vt 0.651846 0.416633
vt 0.651846 0.352316
vt 0.533454 0.352316
vt 0.521001 0.416633
vt 0.521001 0.352316
vt 0.638155 0.352316
vt 0.625601 0.416633
vt 0.625601 0.352316
vt 0.994395 0.872300
vt 0.962003 0.858007
vt 0.994395 0.858007
vt 0.994395 0.817689
vt 0.962003 0.803291
vt 0.994395 0.803291
vt 0.994395 0.790191
vt 0.962003 0.775898
vt 0.994395 0.775898
vt 0.994395 0.899799
vt 0.962003 0.885401
vt 0.994395 0.885401
vt 0.796537 0.803056
vt 0.780657 0.789351
vt 0.799488 0.789292
vt 0.994395 0.912876
vt 0.962003 0.927063
vt 0.962003 0.912876
vt 0.533454 0.416633
vt 0.638155 0.416633
vt 0.585766 0.352316
vt 0.585766 0.416633
vt 0.573415 0.416633
vt 0.573415 0.352316
vt 0.507335 0.352316
vt 0.611886 0.416633
vt 0.745623 0.988337
vt 0.816728 0.869216
vt 0.745623 0.882185
vt 0.745623 0.869216
vt 0.816728 0.996599
vt 0.745623 0.996599
vt 0.962003 0.830767
vt 0.994395 0.830767
vt 0.994395 0.762844
vt 0.962003 0.872300
vt 0.962003 0.790191
vt 0.962003 0.899799
vt 0.962003 0.844954
vt 0.773368 0.808991
vt 0.762840 0.799637
vt 0.783579 0.803096
vt 0.817305 0.799505
vt 0.806748 0.808909
vt 0.799412 0.862455
vt 0.796489 0.848710
vt 0.806700 0.842815
vt 0.766902 0.820111
vt 0.762763 0.852300
vt 0.753450 0.836284
vt 0.766902 0.831859
vt 0.813167 0.819946
vt 0.753450 0.815785
vt 0.826619 0.836021
vt 0.826619 0.815521
vt 0.813167 0.831695
vt 0.817229 0.852168
vt 0.773320 0.842897
vt 0.780580 0.862513
vt 0.783531 0.848750
vt 0.673341 0.935314
vt 0.684260 0.929010
vt 0.692293 0.929010
vt 0.707228 0.942270
vt 0.707228 0.954879
vt 0.703212 0.961835
vt 0.684260 0.968139
vt 0.673341 0.961835
vt 0.669325 0.954879
vt 0.816728 0.945876
vt 0.816728 0.903415
vt 0.816728 0.924646
vt 0.816728 0.967107
vt 0.559724 0.416633
vt 0.664198 0.416633
vt 0.962003 0.817689
vt 0.994395 0.927063
vt 0.507335 0.416633
vt 0.816728 0.988337
vt 0.962003 0.762844
vt 0.994395 0.844954
vt 0.945445 0.148636
vt 0.879277 0.880651
vt 0.862039 0.863413
vt 0.759513 0.880651
vt 0.759513 0.131398
vt 0.825680 0.148636
vt 0.862040 0.148636
vt 0.879278 0.131398
vt 0.928207 0.131398
vt 0.945444 0.863413
vt 0.940395 0.875602
vt 0.928206 0.880651
vt 0.867088 0.875602
vt 0.825680 0.863413
vt 0.820631 0.875602
vt 0.808442 0.880651
vt 0.747324 0.875602
vt 0.742275 0.863413
vt 0.742275 0.148636
vt 0.808442 0.131398
vt 0.580852 0.146243
vt 0.654403 0.833258
vt 0.628151 0.827709
vt 0.556250 0.098026
vt 0.676256 0.087072
vt 0.675217 0.091635
vt 0.557193 0.073165
vt 0.675612 0.059977
vt 0.674674 0.064508
vt 0.545290 0.056720
vt 0.545290 0.045764
vt 0.520640 0.032070
vt 0.531595 0.041199
vt 0.520640 0.041199
vt 0.531595 0.032070
vt 0.548517 0.028842
vt 0.549855 0.032070
vt 0.560810 0.041199
vt 0.549855 0.041199
vt 0.549855 0.025082
vt 0.560810 0.015953
vt 0.560810 0.025082
vt 0.629694 0.112102
vt 0.643987 0.102551
vt 0.653538 0.116845
vt 0.630084 0.112301
vt 0.644378 0.102750
vt 0.653929 0.117044
vt 0.557340 0.054040
vt 0.679987 0.048462
vt 0.679987 0.054040
vt 0.557124 0.053931
vt 0.679770 0.048875
vt 0.679746 0.054452
vt 0.556784 0.078691
vt 0.680912 0.075517
vt 0.680800 0.081157
vt 0.557105 0.078806
vt 0.681243 0.075104
vt 0.681154 0.080745
vt 0.532927 0.141943
vt 0.460758 0.829304
vt 0.434016 0.833977
vt 0.551144 0.078535
vt 0.550610 0.097870
vt 0.551762 0.053997
vt 0.670009 0.105863
vt 0.673857 0.105126
vt 0.672638 0.106952
vt 0.667164 0.105863
vt 0.663315 0.105126
vt 0.666735 0.103710
vt 0.676475 0.107745
vt 0.674649 0.108965
vt 0.670437 0.103710
vt 0.677892 0.111165
vt 0.675738 0.111594
vt 0.675738 0.114439
vt 0.677891 0.114867
vt 0.676475 0.118287
vt 0.674650 0.117068
vt 0.673858 0.120904
vt 0.672638 0.119079
vt 0.670438 0.122321
vt 0.670009 0.120168
vt 0.649919 0.016570
vt 0.647358 0.035606
vt 0.647358 0.016570
vt 0.652480 0.016570
vt 0.649919 0.035606
vt 0.655042 0.035606
vt 0.655042 0.016570
vt 0.657603 0.016570
vt 0.660164 0.035606
vt 0.660164 0.016570
vt 0.662725 0.016570
vt 0.665286 0.035606
vt 0.665286 0.016570
vt 0.667848 0.035606
vt 0.667848 0.016570
vt 0.670409 0.016570
vt 0.672970 0.035606
vt 0.672970 0.016570
vt 0.675531 0.016570
vt 0.678092 0.035606
vt 0.678092 0.016570
vt 0.680653 0.016570
vt 0.642236 0.035606
vt 0.639675 0.016570
vt 0.642236 0.016570
vt 0.644797 0.016570
vt 0.669494 0.037595
vt 0.673194 0.045317
vt 0.669494 0.045317
vt 0.676893 0.037595
vt 0.676893 0.045317
vt 0.680593 0.037595
vt 0.680593 0.045317
vt 0.621401 0.037595
vt 0.625101 0.045317
vt 0.621401 0.045317
vt 0.628800 0.037595
vt 0.628800 0.045317
vt 0.632500 0.045317
vt 0.632500 0.037595
vt 0.636199 0.045317
vt 0.636199 0.037595
vt 0.639899 0.045317
vt 0.639899 0.037595
vt 0.643598 0.045317
vt 0.643598 0.037595
vt 0.647298 0.045317
vt 0.647298 0.037595
vt 0.650997 0.045317
vt 0.654696 0.037595
vt 0.654696 0.045317
vt 0.658396 0.045317
vt 0.662095 0.037595
vt 0.662095 0.045317
vt 0.665795 0.045317
vt 0.665795 0.037595
vt 0.664535 0.106952
vt 0.660698 0.107744
vt 0.661435 0.111592
vt 0.662523 0.108963
vt 0.659281 0.114865
vt 0.659282 0.111164
vt 0.662524 0.117066
vt 0.661435 0.114437
vt 0.663316 0.120904
vt 0.660698 0.118286
vt 0.667164 0.120168
vt 0.664535 0.119078
vt 0.666736 0.122321
vt 0.531595 0.025082
vt 0.520640 0.028576
vt 0.520640 0.025082
vt 0.531595 0.028576
vt 0.532666 0.056720
vt 0.529173 0.045764
vt 0.560810 0.028576
vt 0.549855 0.028576
vt 0.548783 0.056720
vt 0.549855 0.044693
vt 0.560810 0.044693
vt 0.549855 0.070414
vt 0.532932 0.073642
vt 0.536160 0.056720
vt 0.579290 0.847266
vt 0.566549 0.865538
vt 0.691746 0.147570
vt 0.688723 0.858776
vt 0.676532 0.848430
vt 0.601776 0.832628
vt 0.678494 0.100209
vt 0.681646 0.102481
vt 0.678963 0.083255
vt 0.676003 0.096248
vt 0.678082 0.072920
vt 0.678212 0.056150
vt 0.675542 0.069053
vt 0.532932 0.028842
vt 0.536160 0.027505
vt 0.545290 0.027505
vt 0.548517 0.044427
vt 0.560810 0.032070
vt 0.549855 0.015953
vt 0.651723 0.121227
vt 0.648369 0.124581
vt 0.643987 0.126396
vt 0.639244 0.126396
vt 0.634862 0.124581
vt 0.631509 0.121227
vt 0.629694 0.116845
vt 0.631509 0.107720
vt 0.634862 0.104366
vt 0.639244 0.102551
vt 0.648369 0.104366
vt 0.651723 0.107720
vt 0.653538 0.112102
vt 0.652114 0.121425
vt 0.648760 0.124779
vt 0.644378 0.126594
vt 0.639635 0.126594
vt 0.635253 0.124779
vt 0.631899 0.121425
vt 0.630084 0.117044
vt 0.631899 0.107919
vt 0.635253 0.104565
vt 0.639635 0.102750
vt 0.648760 0.104565
vt 0.652114 0.107919
vt 0.653929 0.112301
vt 0.557340 0.048462
vt 0.557148 0.048354
vt 0.556896 0.073051
vt 0.397997 0.866867
vt 0.420752 0.139323
vt 0.521681 0.861431
vt 0.509466 0.850825
vt 0.487253 0.835220
vt 0.411098 0.848528
vt 0.551615 0.073122
vt 0.652480 0.035606
vt 0.657603 0.035606
vt 0.662725 0.035606
vt 0.670409 0.035606
vt 0.675531 0.035606
vt 0.680653 0.035606
vt 0.639675 0.035606
vt 0.644797 0.035606
vt 0.673194 0.037595
vt 0.625101 0.037595
vt 0.650997 0.037595
vt 0.658396 0.037595
vt 0.529173 0.056720
vt 0.548783 0.045764
vt 0.548517 0.058057
vt 0.549855 0.061285
vt 0.548517 0.073642
vt 0.545290 0.074979
vt 0.536160 0.074979
vt 0.531595 0.070414
vt 0.531595 0.061285
vt 0.532932 0.058057
vn 0.7071 -0.0000 -0.7071
vn -0.7071 -0.0000 -0.7071
vn 0.7071 -0.0000 0.7071
vn -0.7071 -0.0000 0.7071
vn -0.0000 -0.0000 1.0000
vn 0.7071 0.7071 -0.0000
vn -0.7071 0.7071 -0.0000
vn -0.0000 1.0000 -0.0000
vn 1.0000 -0.0000 -0.0000
vn -0.0000 -1.0000 -0.0000
vn -0.0000 -0.0000 -1.0000
vn -1.0000 -0.0000 -0.0000
vn 0.5556 -0.0000 0.8315
vn 0.1951 -0.0000 0.9808
vn 0.8315 -0.0000 -0.5556
vn 0.9808 -0.0000 -0.1951
vn 0.9808 -0.0000 0.1951
vn 0.8315 -0.0000 0.5556
vn -0.9808 -0.0000 -0.1951
vn -0.8315 -0.0000 -0.5556
vn -0.1951 -0.0000 0.9808
vn -0.5556 -0.0000 0.8315
vn -0.5556 -0.0000 -0.8315
vn -0.1951 -0.0000 -0.9808
vn -0.8315 -0.0000 0.5556
vn -0.9808 -0.0000 0.1951
vn 0.1951 -0.0000 -0.9808
vn 0.5556 -0.0000 -0.8315
vn 0.9239 -0.0000 -0.3827
vn 0.3827 -0.0000 -0.9239
vn -0.3827 -0.0000 -0.9239
vn -0.9239 -0.0000 -0.3827
vn 0.9239 -0.0000 0.3827
vn 0.3827 -0.0000 0.9239
vn -0.3827 -0.0000 0.9239
vn -0.9239 -0.0000 0.3827
vn 0.9239 0.3827 -0.0000
vn 0.3827 0.9239 -0.0000
vn -0.3827 0.9239 -0.0000
vn -0.9239 0.3827 -0.0000
vn -0.0001 -0.0000 1.0000
vn -0.3597 0.7621 0.5384
vn 0.3597 0.7621 -0.5384
vn 0.5384 0.7621 0.3597
vn -0.5384 0.7621 -0.3597
vn -0.0188 0.9997 -0.0126
vn -0.0126 0.9997 0.0188
vn 0.0188 0.9997 0.0126
vn 0.0126 0.9997 -0.0188
vn -0.8339 0.5520 -0.0000
vn -0.7101 0.7041 -0.0000
vn 0.7101 -0.7041 -0.0000
vn 0.5592 -0.8291 -0.0000
vn -0.5520 -0.8339 -0.0000
vn -0.8291 -0.5591 -0.0000
vn -0.8291 -0.5592 -0.0000
vn 0.7041 0.7101 -0.0000
vn 0.7040 0.7102 -0.0000
vn -0.0043 1.0000 -0.0000
vn 1.0000 0.0043 -0.0000
vn 0.7041 0.7102 -0.0000
vn 0.7102 -0.7040 -0.0000
vn 0.3867 -0.9222 -0.0000
vn 0.0043 -1.0000 -0.0000
vn -0.3787 -0.9255 -0.0000
vn -0.7040 -0.7102 -0.0000
vn -0.7041 -0.7101 -0.0000
vn -0.9222 -0.3867 -0.0000
vn -1.0000 -0.0043 -0.0000
vn -0.9255 0.3787 -0.0000
vn -0.7102 0.7040 -0.0000
vn -0.3867 0.9222 -0.0000
vn 0.3787 0.9255 -0.0000
vn 0.9222 0.3867 -0.0000
vn 0.9255 -0.3787 -0.0000
vn 0.8224 -0.5689 -0.0000
vn 0.6472 -0.7623 -0.0000
vn 0.1793 -0.9838 -0.0000
vn -0.0814 -0.9967 -0.0000
vn -0.9039 -0.4278 -0.0000
vn -0.9967 0.0814 -0.0000
vn -0.9416 0.3366 -0.0000
vn -0.8224 0.5689 -0.0000
vn -0.4278 0.9039 -0.0000
vn -0.1793 0.9838 -0.0000
vn 0.0814 0.9967 -0.0000
vn -0.0964 0.9953 -0.0000
vn 0.4738 -0.8806 -0.0000
vn -0.5689 -0.8224 -0.0000
vn -0.7623 -0.6472 -0.0000
vn 0.6957 0.7140 0.0795
vn -0.7174 0.6963 0.0238
vn -0.7173 0.6963 0.0238
vn -0.0383 -0.0736 0.9966
vn -0.6957 -0.7140 -0.0795
vn 0.0383 0.0736 -0.9966
vn -0.3965 0.9165 0.0524
vn 0.3682 0.9261 0.0825
vn -0.9172 -0.3932 -0.0643
vn -0.9290 0.3701 -0.0084
vn -0.9172 -0.3931 -0.0643
vn 0.0384 0.0736 -0.9966
vn 0.3682 0.9261 0.0826
vn -0.0010 0.0430 -0.9991
vn 0.7527 -0.6580 -0.0220
vn -0.6577 -0.7494 -0.0757
vn -0.6576 -0.7532 0.0124
vn 0.0668 -0.9968 -0.0430
vn 0.5567 -0.8299 -0.0363
vn 0.0668 -0.9968 -0.0429
vn -0.4411 -0.8967 -0.0381
vn -0.8307 -0.5562 -0.0231
vn 0.0110 -0.0598 0.9981
vn 0.0120 -0.0616 0.9980
vn 0.0015 -0.0425 0.9991
vn -0.0002 0.0416 -0.9991
vn -0.0003 0.0417 -0.9991
vn -0.6583 -0.7521 -0.0317
vn 0.0192 -0.9989 -0.0430
vn 0.7527 -0.6577 -0.0291
vn 0.6583 0.7521 0.0317
vn 0.0010 -0.0430 0.9991
vn -0.7527 0.6577 0.0291
vn 0.7527 -0.6574 -0.0362
vn -0.7527 0.6580 0.0220
vn -0.7527 0.6574 0.0362
vn -0.0001 -0.0451 0.9990
vn -0.0002 -0.0449 0.9990
vn -0.0003 -0.0445 0.9990
vn -0.0020 0.0405 -0.9992
vn -0.0022 0.0409 -0.9992
vn 0.1942 -0.1290 -0.9724
vn 0.5327 -0.4357 -0.7256
vn 0.5326 -0.4357 -0.7256
vn -0.5343 0.4966 -0.6840
vn -0.1977 0.2134 -0.9568
vn -0.7272 0.6463 -0.2310
vn -0.7272 0.6246 0.2847
vn 0.7272 -0.6246 -0.2847
vn 0.7273 -0.6463 0.2310
vn -0.7273 0.6463 -0.2310
vn 0.5344 -0.4966 0.6840
vn 0.1977 -0.2134 0.9568
vn 0.7272 -0.6463 0.2310
vn -0.1943 0.1290 0.9724
vn -0.5327 0.4357 0.7256
vn -0.5344 0.4966 -0.6840
vn 0.5343 -0.4966 0.6840
vn 0.1976 -0.2134 0.9568
vn 0.9978 0.0667 0.0019
vn -0.9978 -0.0667 -0.0019
vn -0.9978 -0.0668 -0.0019
vn -0.6098 0.7918 0.0347
vn -0.2601 0.9647 0.0418
vn -0.1942 0.1290 0.9724
vn -0.5326 0.4357 0.7256
vn 0.6583 0.7521 0.0316
vn -0.6565 -0.7538 -0.0295
vn -0.6566 -0.7537 -0.0292
vn -0.6559 -0.7542 -0.0308
vn -0.6558 -0.7542 -0.0324
vn -0.6558 -0.7543 -0.0311
vn -0.6559 -0.7541 -0.0328
vn -0.6566 -0.7534 -0.0344
vn -0.6565 -0.7536 -0.0340
vn -0.6589 -0.7515 -0.0349
vn -0.6578 -0.7524 -0.0349
vn -0.6575 -0.7526 -0.0350
vn -0.6578 -0.7527 -0.0285
vn -0.6575 -0.7529 -0.0285
vn -0.6592 -0.7512 -0.0349
vn -0.6591 -0.7515 -0.0285
vn -0.6607 -0.7499 -0.0326
vn -0.6602 -0.7504 -0.0339
vn -0.6600 -0.7505 -0.0342
vn -0.6589 -0.7517 -0.0285
vn -0.6601 -0.7506 -0.0294
vn -0.6600 -0.7507 -0.0291
vn -0.6608 -0.7498 -0.0323
vn -0.6607 -0.7500 -0.0306
vn -0.6609 -0.7499 -0.0310
vn 0.4988 0.8659 0.0368
vn 0.1292 0.9907 0.0425
vn 0.0488 -0.1281 0.9906
vn 0.0026 0.0365 -0.9993
vn 0.6583 0.7521 0.0309
vn 0.7527 -0.6574 -0.0361
vn -0.0000 -0.0455 0.9990
vn -0.0020 0.0407 -0.9992
vn -0.0023 0.0415 -0.9991
vn -0.0021 0.0407 -0.9992
vn 0.9990 0.0454 -0.0000
vn 0.9986 -0.0528 -0.0000
vn -0.9986 -0.0528 -0.0000
vn -0.9990 0.0454 -0.0000
vn 0.0001 -0.0000 1.0000
vn 0.4936 0.4838 0.7227
vn 0.7100 0.3424 -0.6154
vn 0.5446 0.5817 -0.6041
vn 0.6589 0.2444 0.7114
vn 0.7711 0.0583 -0.6341
vn 0.7201 -0.0397 0.6928
vn 0.7187 -0.2272 -0.6571
vn 0.6677 -0.3251 0.6697
vn 0.5608 -0.4706 -0.6812
vn 0.5098 -0.5686 0.6456
vn 0.3214 -0.6349 -0.7025
vn 0.2704 -0.7329 0.6243
vn 0.0370 -0.6951 -0.7179
vn -0.0141 -0.7931 0.6089
vn -0.2492 -0.6421 -0.7250
vn -0.3003 -0.7400 0.6018
vn -0.4936 -0.4838 -0.7227
vn -0.5446 -0.5818 0.6041
vn -0.6589 -0.2444 -0.7114
vn -0.7099 -0.3424 0.6154
vn -0.7200 0.0397 -0.6928
vn -0.7711 -0.0583 0.6341
vn -0.6677 0.3251 -0.6697
vn -0.7187 0.2272 0.6572
vn -0.5098 0.5686 -0.6456
vn -0.5608 0.4706 0.6812
vn -0.2704 0.7329 -0.6243
vn -0.3214 0.6349 0.7025
vn 0.0141 0.7931 -0.6089
vn -0.0370 0.6952 0.7179
vn 0.3003 0.7400 -0.6018
vn 0.2492 0.6421 0.7250
vn -0.4411 -0.8967 -0.0382
vn -0.8975 0.4406 0.0199
vn -0.0668 0.9968 0.0430
vn -0.5567 0.8299 0.0363
vn 0.8307 0.5562 0.0231
vn 0.4411 0.8967 0.0381
vn 0.9978 0.0668 0.0019
vn 0.8975 -0.4406 -0.0199
vn 0.4411 0.8967 0.0382
vn 0.3755 -0.2916 -0.8798
vn -0.6524 0.5911 -0.4743
vn -0.6524 0.5911 -0.4744
vn 0.6583 0.7521 0.0318
vn -0.3755 0.2916 0.8798
vn 0.6524 -0.5911 0.4743
vn 0.6524 -0.5911 0.4744
vn 0.6524 -0.5910 0.4744
vn 0.7173 -0.6963 -0.0238
vn 0.7174 -0.6963 -0.0238
vn -0.6748 -0.6859 -0.2724
vn 0.6613 0.6912 -0.2913
vn 0.6332 0.6373 0.4392
vn -0.6898 -0.7146 0.1165
vn 0.6748 0.6859 0.2724
vn -0.6613 -0.6912 0.2913
vn -0.6332 -0.6373 -0.4392
vn 0.6898 0.7146 -0.1165
vn 0.4326 -0.4124 0.8017
vn -0.4326 0.4125 -0.8017
vn 0.6160 -0.5141 -0.5968
vn 0.6160 -0.5141 -0.5969
vn -0.6160 0.5141 0.5969
vn -0.6160 0.5141 0.5968
vn -0.6524 0.5910 -0.4744
vn 0.6523 -0.5910 0.4745
vn -0.3755 0.2916 0.8797
vn 0.6584 0.7520 0.0316
vn 0.6525 -0.5911 0.4742
vn -0.6525 0.5912 -0.4740
vn 0.3755 -0.2916 -0.8797
vn -0.6521 0.5908 -0.4751
vn -0.0667 0.9968 0.0430
vn 0.6558 0.7543 0.0327
vn 0.6557 0.7544 0.0309
vn 0.6564 0.7539 0.0293
vn 0.6564 0.7538 0.0293
vn 0.6557 0.7544 0.0308
vn 0.6565 0.7536 0.0343
vn 0.6564 0.7536 0.0342
vn 0.6609 0.7498 0.0325
vn 0.6602 0.7503 0.0341
vn 0.6577 0.7528 0.0283
vn 0.6602 0.7506 0.0291
vn 0.6590 0.7516 0.0284
vn 0.6590 0.7516 0.0283
vn 0.6577 0.7525 0.0351
vn 0.6576 0.7528 0.0284
vn 0.6590 0.7513 0.0351
vn 0.6576 0.7525 0.0351
vn 0.6602 0.7503 0.0342
vn 0.6602 0.7505 0.0291
vn 0.6609 0.7499 0.0307
vn -0.0011 0.0430 -0.9991
vn -0.0010 0.0431 -0.9991
vn -0.7937 0.0323 -0.6075
vn -0.0346 0.7717 0.6350
vn -0.0260 -0.9754 -0.2191
vn -0.9923 -0.0697 0.1028
vn -0.9811 -0.0483 -0.1874
vn 0.5508 -0.4135 0.7250
vn -0.6069 0.3058 0.7336
vn 0.3482 -0.6213 0.7019
vn -0.4043 0.5136 0.7568
vn -0.0491 0.8712 -0.4885
vn -0.3482 0.6213 -0.7019
vn 0.4044 -0.5136 -0.7568
vn -0.5508 0.4135 -0.7251
vn 0.0372 0.9968 -0.0710
vn 0.9811 0.0483 0.1874
vn 0.9923 0.0697 -0.1028
vn 0.0096 0.8567 -0.5157
vn 0.6379 0.6427 0.4243
vn 0.6648 0.6943 -0.2755
vn 0.6648 0.6944 -0.2755
vn -0.8379 -0.0527 0.5432
vn -0.6379 -0.6427 -0.4243
vn -0.6648 -0.6943 0.2755
vn -0.5376 0.5908 -0.6017
vn -0.6628 0.3333 -0.6705
vn -0.7051 0.4172 -0.5734
vn -0.3737 0.7573 -0.5355
vn -0.1212 0.8838 -0.4519
vn -0.2782 0.7280 -0.6266
vn -0.8318 0.1545 -0.5331
vn -0.8507 0.2631 -0.4550
vn -0.4684 0.5347 -0.7033
vn -0.9497 0.0255 -0.3120
vn -0.9524 0.1519 -0.2645
vn -0.9945 0.1005 -0.0308
vn -0.9986 -0.0341 -0.0409
vn -0.9709 -0.0152 0.2389
vn -0.9706 0.1168 0.2103
vn -0.8710 0.0793 0.4849
vn -0.8845 0.1983 0.4223
vn -0.7140 0.2351 0.6595
vn -0.7492 0.3326 0.5728
vn 0.3016 0.3412 -0.8903
vn 0.5190 0.5569 -0.6485
vn -0.1522 0.9731 -0.1731
vn 0.6574 0.6878 -0.3079
vn -0.1705 0.9380 0.3017
vn 0.6280 0.6315 0.4548
vn 0.4648 0.4528 0.7609
vn -0.4178 0.6727 0.6107
vn 0.2308 0.2052 0.9511
vn -0.5853 0.4991 0.6390
vn -0.3016 -0.3412 0.8903
vn -0.5190 -0.5569 0.6485
vn -0.6574 -0.6878 0.3079
vn -0.6280 -0.6315 -0.4548
vn -0.4648 -0.4528 -0.7609
vn -0.2308 -0.2052 -0.9511
vn -0.5238 0.4284 0.7363
vn -0.3294 0.6298 0.7034
vn -0.1604 0.8086 0.5660
vn -0.0425 0.9377 0.3450
vn 0.0064 0.9972 0.0739
vn -0.0213 0.9783 -0.2059
vn -0.2384 0.8916 -0.3850
vn -0.1284 0.9894 0.0681
vn -0.2721 0.8268 0.4923
vn 0.0260 0.9754 0.2191
vn 0.8130 -0.0873 0.5757
vn -0.0913 0.7904 0.6057
vn 0.0492 -0.8712 0.4884
vn -0.8551 0.0065 0.5185
vn 0.8551 -0.0065 -0.5185
vn 0.0913 -0.7904 -0.6057
vn -0.8130 0.0873 -0.5757
vn 0.6069 -0.3058 -0.7336
vn -0.0372 -0.9968 0.0711
usemtl SpacialRoverExploreralumWhite
f 168/4/14 153/5/21 166/6/14
f 174/7/16 165/8/17 172/9/16
f 162/10/8 158/11/8 169/12/8
f 156/13/26 159/14/19 154/15/26
f 162/16/24 171/17/27 160/18/24
f 157/19/21 155/20/35 153/5/21
f 158/21/36 154/15/26 155/20/36
f 160/18/24 164/22/31 162/16/24
f 161/23/32 163/24/19 164/22/32
f 172/9/16 176/25/29 174/7/16
f 173/26/30 175/27/27 176/25/30
f 166/6/14 170/28/34 168/4/14
f 167/29/33 169/30/17 170/28/33
f 171/31/10 167/32/10 154/15/10
f 177/33/11 194/34/30 193/35/11
f 178/36/30 195/37/1 194/34/30
f 179/38/1 196/39/29 195/37/1
f 180/40/29 197/41/9 196/39/29
f 181/42/9 198/43/33 197/41/9
f 182/44/33 199/45/3 198/43/33
f 183/46/3 200/47/34 199/45/3
f 184/48/34 201/49/5 200/47/34
f 185/50/5 202/51/35 201/49/5
f 186/52/35 203/53/4 202/51/35
f 187/54/4 204/55/36 203/53/4
f 188/56/36 205/57/12 204/55/36
f 189/58/12 206/59/32 205/57/12
f 190/60/32 207/61/2 206/59/32
f 191/62/2 208/63/31 207/61/2
f 192/64/31 193/65/11 208/63/31
f 240/66/31 288/67/11 287/68/31
f 239/69/23 287/68/31 286/70/23
f 230/71/30 291/72/30 277/73/30
f 237/74/12 285/75/19 284/76/12
f 236/77/36 284/76/12 283/78/36
f 235/79/25 283/78/36 282/80/25
f 226/81/42 244/82/42 241/83/42
f 233/84/5 281/85/21 280/86/5
f 232/87/34 280/86/5 279/88/34
f 231/89/13 279/88/34 278/90/13
f 226/91/32 289/92/32 273/93/32
f 229/94/9 277/95/17 276/96/9
f 228/97/29 276/96/9 275/98/29
f 227/99/15 275/98/29 274/100/15
f 235/101/43 249/102/43 234/103/43
f 225/104/11 273/105/27 288/67/11
f 295/106/35 269/107/35 303/108/35
f 234/109/33 293/110/33 281/111/33
f 238/112/35 295/106/35 285/113/35
f 238/114/44 256/115/44 253/116/44
f 231/117/45 245/118/45 230/119/45
f 269/107/20 304/120/20 303/108/20
f 265/121/22 302/122/22 301/123/22
f 261/124/18 300/125/18 299/126/18
f 257/127/28 298/128/28 297/129/28
f 291/72/30 261/124/30 299/126/30
f 256/115/46 269/107/46 253/116/46
f 252/130/47 265/121/47 249/102/47
f 293/110/33 265/121/33 301/123/33
f 248/131/48 261/124/48 245/118/48
f 289/92/32 257/127/32 297/129/32
f 244/82/49 257/127/49 241/83/49
f 294/132/2 268/133/2 252/134/2
f 292/135/4 264/136/4 248/137/4
f 296/138/1 272/139/1 256/140/1
f 239/141/1 296/138/1 256/140/1
f 235/142/2 294/132/2 252/134/2
f 231/143/4 292/135/4 248/137/4
f 227/144/3 290/145/3 244/146/3
f 290/145/3 260/147/3 244/146/3
f 273/93/32 242/148/32 210/149/32
f 168/4/14 157/19/21 153/5/21
f 174/7/16 169/150/17 165/8/17
f 169/12/8 174/151/8 176/152/8
f 176/152/8 175/153/8 162/10/8
f 162/10/8 164/154/8 163/24/8
f 163/24/8 156/13/8 158/11/8
f 158/11/8 157/155/8 168/156/8
f 168/156/8 170/157/8 169/12/8
f 169/12/8 176/152/8 162/10/8
f 162/10/8 163/24/8 158/11/8
f 158/11/8 168/156/8 169/12/8
f 156/13/26 163/24/19 159/14/19
f 162/16/24 175/27/27 171/17/27
f 157/19/21 158/21/35 155/20/35
f 158/21/36 156/13/26 154/15/26
f 160/18/24 161/23/31 164/22/31
f 161/23/32 159/14/19 163/24/19
f 172/9/16 173/26/29 176/25/29
f 173/26/30 171/17/27 175/27/27
f 166/6/14 167/29/34 170/28/34
f 167/29/33 165/158/17 169/30/17
f 154/15/10 159/14/10 161/159/10
f 161/159/10 160/160/10 171/31/10
f 171/31/10 173/161/10 172/162/10
f 172/162/10 165/163/10 167/32/10
f 167/32/10 166/164/10 153/165/10
f 153/165/10 155/166/10 154/15/10
f 154/15/10 161/159/10 171/31/10
f 171/31/10 172/162/10 167/32/10
f 167/32/10 153/165/10 154/15/10
f 177/33/11 178/36/30 194/34/30
f 178/36/30 179/38/1 195/37/1
f 179/38/1 180/40/29 196/39/29
f 180/40/29 181/42/9 197/41/9
f 181/42/9 182/44/33 198/43/33
f 182/44/33 183/46/3 199/45/3
f 183/46/3 184/48/34 200/47/34
f 184/48/34 185/50/5 201/49/5
f 185/50/5 186/52/35 202/51/35
f 186/52/35 187/54/4 203/53/4
f 187/54/4 188/56/36 204/55/36
f 188/56/36 189/58/12 205/57/12
f 189/58/12 190/60/32 206/59/32
f 190/60/32 191/62/2 207/61/2
f 191/62/2 192/64/31 208/63/31
f 192/64/31 177/167/11 193/65/11
f 240/66/31 225/104/11 288/67/11
f 239/69/23 240/66/31 287/68/31
f 230/71/30 245/168/30 291/72/30
f 237/74/12 238/169/19 285/75/19
f 236/77/36 237/74/12 284/76/12
f 235/79/25 236/77/36 283/78/36
f 226/81/42 227/170/42 244/82/42
f 233/84/5 234/171/21 281/85/21
f 232/87/34 233/84/5 280/86/5
f 231/89/13 232/87/34 279/88/34
f 226/91/32 241/172/32 289/92/32
f 229/94/9 230/173/17 277/95/17
f 228/97/29 229/94/9 276/96/9
f 227/99/15 228/97/29 275/98/29
f 235/101/43 252/130/43 249/102/43
f 225/104/11 226/174/27 273/105/27
f 295/106/35 253/175/35 269/107/35
f 234/109/33 249/176/33 293/110/33
f 238/112/35 253/175/35 295/106/35
f 238/114/44 239/177/44 256/115/44
f 231/117/45 248/131/45 245/118/45
f 269/107/20 272/139/20 304/120/20
f 265/121/22 268/133/22 302/122/22
f 261/124/18 264/136/18 300/125/18
f 257/127/28 260/147/28 298/128/28
f 291/72/30 245/168/30 261/124/30
f 256/115/46 272/139/46 269/107/46
f 252/130/47 268/133/47 265/121/47
f 293/110/33 249/176/33 265/121/33
f 248/131/48 264/136/48 261/124/48
f 289/92/32 241/172/32 257/127/32
f 244/82/49 260/147/49 257/127/49
f 294/132/2 302/122/2 268/133/2
f 292/135/4 300/125/4 264/136/4
f 296/138/1 304/120/1 272/139/1
f 239/141/1 286/178/1 296/138/1
f 235/142/2 282/179/2 294/132/2
f 231/143/4 278/180/4 292/135/4
f 227/144/3 274/181/3 290/145/3
f 290/145/3 298/128/3 260/147/3
f 273/93/32 289/92/32 242/148/32
f 416/182/5 314/183/5 316/184/5
f 423/185/50 306/186/51 317/187/51
f 320/188/52 405/189/53 419/190/53
f 411/191/54 414/192/55 407/193/56
f 410/194/53 313/195/52 417/196/53
f 408/197/50 316/184/51 309/198/51
f 314/199/57 310/200/58 315/201/58
f 320/188/11 422/202/11 423/185/11
f 420/203/54 402/204/55 422/205/56
f 306/206/59 318/207/59 317/208/59
f 313/195/60 311/209/60 314/199/60
f 316/210/59 310/200/59 309/211/59
f 320/188/60 308/212/60 307/213/60
f 308/212/57 318/207/61 305/214/58
f 322/215/62 323/216/63 321/217/62
f 324/218/63 325/219/64 323/216/63
f 326/220/64 327/221/65 325/219/64
f 328/222/65 329/223/66 327/221/65
f 330/224/67 331/225/68 329/223/66
f 332/226/68 333/227/69 331/228/68
f 334/229/69 335/230/70 333/227/69
f 336/231/70 337/232/71 335/230/70
f 338/233/71 339/234/72 337/232/71
f 340/235/72 341/236/59 339/234/72
f 342/237/59 343/238/73 341/236/59
f 344/239/73 345/240/57 343/238/73
f 346/241/57 347/242/74 345/240/57
f 348/243/74 349/244/60 347/242/74
f 350/245/60 351/246/75 349/244/60
f 352/247/75 321/217/62 351/246/75
f 354/248/63 373/249/63 369/250/63
f 457/251/63 375/252/63 371/253/63
f 355/254/63 372/255/63 376/256/63
f 356/257/65 378/258/65 373/249/65
f 374/259/65 468/260/65 469/261/65
f 355/254/65 380/262/65 357/263/65
f 358/264/68 382/265/68 378/258/68
f 381/266/68 468/260/68 377/267/68
f 357/263/68 384/268/68 359/269/68
f 362/270/70 382/265/70 360/271/70
f 386/272/70 470/273/70 381/266/70
f 359/269/70 388/274/70 361/275/70
f 364/276/72 385/277/72 362/270/72
f 361/275/72 392/278/72 363/279/72
f 364/276/73 394/280/73 389/281/73
f 454/282/73 396/283/73 391/284/73
f 363/279/73 395/285/73 365/286/73
f 356/287/5 368/288/5 364/289/5
f 366/290/74 398/291/74 394/292/74
f 459/293/74 400/294/74 396/295/74
f 365/296/74 399/297/74 367/298/74
f 368/299/75 369/250/75 398/291/75
f 472/300/75 397/301/75 370/302/75
f 353/303/75 399/297/75 372/255/75
f 357/304/11 361/305/11 365/306/11
f 413/307/50 409/308/70 415/309/70
f 415/309/68 407/193/56 414/192/55
f 419/310/53 406/311/63 421/312/63
f 421/312/65 404/313/54 420/203/54
f 417/314/53 412/315/63 410/316/53
f 418/317/65 411/191/54 412/315/65
f 401/318/50 424/319/70 403/320/70
f 403/320/68 422/205/56 402/204/55
f 429/321/76 432/322/77 431/323/77
f 432/322/77 433/324/78 431/323/77
f 434/325/78 435/326/79 433/324/78
f 484/327/80 483/328/80 439/329/80
f 439/329/81 442/330/82 441/331/82
f 442/330/82 443/332/83 441/331/82
f 444/333/84 425/334/85 443/332/84
f 425/335/11 463/336/11 443/337/11
f 458/338/65 379/339/65 375/252/65
f 482/340/5 426/341/5 479/342/5
f 457/251/75 400/294/75 460/343/75
f 453/344/68 379/339/68 452/345/68
f 471/346/73 393/347/73 473/348/73
f 451/349/70 383/350/70 453/344/70
f 472/300/63 374/259/63 469/261/63
f 454/282/72 387/351/72 451/349/72
f 477/352/11 425/335/11 480/353/11
f 473/354/74 397/301/74 474/355/74
f 439/356/11 445/357/11 437/358/11
f 437/358/11 447/359/11 435/360/11
f 435/360/11 461/361/11 433/362/11
f 433/362/11 466/363/11 431/364/11
f 431/364/11 475/365/11 429/366/11
f 475/365/11 431/364/11 466/363/11
f 466/363/11 433/362/11 461/361/11
f 461/361/11 435/360/11 447/359/11
f 447/359/11 437/358/11 445/357/11
f 445/357/11 439/356/11 449/367/11
f 443/337/11 463/336/11 455/368/11
f 455/368/11 449/367/11 441/369/11
f 449/367/11 439/356/11 441/369/11
f 441/369/11 443/337/11 455/368/11
f 463/336/11 425/335/11 477/352/11
f 425/335/11 481/370/11 480/353/11
f 483/328/5 450/371/5 456/372/5
f 450/371/5 438/373/5 446/374/5
f 446/374/5 436/375/5 448/376/5
f 448/376/5 436/375/5 434/377/5
f 434/377/5 432/378/5 462/379/5
f 462/379/5 432/378/5 465/380/5
f 465/380/5 432/378/5 476/381/5
f 462/379/5 448/376/5 434/377/5
f 436/375/5 446/374/5 438/373/5
f 438/373/5 450/371/5 484/327/5
f 479/342/5 426/341/5 478/382/5
f 478/382/5 426/341/5 444/383/5
f 444/383/5 442/384/5 464/385/5
f 440/386/5 456/372/5 442/384/5
f 456/372/5 464/385/5 442/384/5
f 464/385/5 478/382/5 444/383/5
f 425/334/85 428/387/86 427/388/86
f 429/321/87 476/389/87 430/390/87
f 482/391/88 427/388/88 428/387/88
f 476/381/5 432/378/5 430/392/5
f 436/393/89 437/394/90 435/326/89
f 316/184/5 413/307/5 415/395/5
f 415/395/5 414/396/5 416/182/5
f 416/182/5 418/397/5 417/398/5
f 417/398/5 313/399/5 314/183/5
f 314/183/5 315/400/5 316/184/5
f 316/184/5 415/395/5 416/182/5
f 416/182/5 417/398/5 314/183/5
f 423/185/50 401/318/50 306/186/51
f 320/188/52 307/213/52 405/189/53
f 411/191/54 416/401/54 414/192/55
f 410/194/53 312/402/52 313/195/52
f 408/197/50 413/307/50 316/184/51
f 314/199/57 311/209/57 310/200/58
f 423/185/11 317/187/11 318/403/11
f 318/403/11 319/404/11 320/188/11
f 320/188/11 419/190/11 421/405/11
f 421/405/11 420/406/11 422/202/11
f 422/202/11 424/407/11 423/185/11
f 423/185/11 318/403/11 320/188/11
f 320/188/11 421/405/11 422/202/11
f 420/203/54 404/313/54 402/204/55
f 306/206/59 305/214/59 318/207/59
f 313/195/60 312/402/60 311/209/60
f 316/210/59 315/201/59 310/200/59
f 320/188/60 319/408/60 308/212/60
f 308/212/57 319/408/57 318/207/61
f 322/215/62 324/218/63 323/216/63
f 324/218/63 326/220/64 325/219/64
f 326/220/64 328/222/65 327/221/65
f 328/222/65 330/224/67 329/223/66
f 330/224/67 332/409/68 331/225/68
f 332/226/68 334/229/69 333/227/69
f 334/229/69 336/231/70 335/230/70
f 336/231/70 338/233/71 337/232/71
f 338/233/71 340/235/72 339/234/72
f 340/235/72 342/237/59 341/236/59
f 342/237/59 344/239/73 343/238/73
f 344/239/73 346/241/57 345/240/57
f 346/241/57 348/243/74 347/242/74
f 348/243/74 350/245/60 349/244/60
f 350/245/60 352/247/75 351/246/75
f 352/247/75 322/215/62 321/217/62
f 354/248/63 356/257/63 373/249/63
f 457/251/63 458/338/63 375/252/63
f 355/254/63 353/303/63 372/255/63
f 356/257/65 358/264/65 378/258/65
f 374/259/65 377/267/65 468/260/65
f 355/254/65 376/256/65 380/262/65
f 358/264/68 360/271/68 382/265/68
f 381/266/68 470/273/68 468/260/68
f 357/263/68 380/262/68 384/268/68
f 362/270/70 385/277/70 382/265/70
f 386/272/70 467/410/70 470/273/70
f 359/269/70 384/268/70 388/274/70
f 364/276/72 389/281/72 385/277/72
f 361/275/72 388/274/72 392/278/72
f 364/276/73 366/411/73 394/280/73
f 454/282/73 459/412/73 396/283/73
f 363/279/73 392/278/73 395/285/73
f 364/289/5 362/413/5 360/414/5
f 360/414/5 358/415/5 356/287/5
f 356/287/5 354/416/5 368/288/5
f 368/288/5 366/417/5 364/289/5
f 364/289/5 360/414/5 356/287/5
f 366/290/74 368/299/74 398/291/74
f 459/293/74 460/343/74 400/294/74
f 365/296/74 395/418/74 399/297/74
f 368/299/75 354/248/75 369/250/75
f 472/300/75 474/355/75 397/301/75
f 353/303/75 367/298/75 399/297/75
f 365/306/11 367/419/11 353/420/11
f 353/420/11 355/421/11 357/304/11
f 357/304/11 359/422/11 361/305/11
f 361/305/11 363/423/11 365/306/11
f 365/306/11 353/420/11 357/304/11
f 413/307/50 408/197/50 409/308/70
f 415/309/68 409/308/68 407/193/56
f 419/310/53 405/424/53 406/311/63
f 421/312/65 406/311/65 404/313/54
f 417/314/53 418/317/63 412/315/63
f 418/317/65 416/401/54 411/191/54
f 401/318/50 423/185/50 424/319/70
f 403/320/68 424/319/68 422/205/56
f 429/321/76 430/390/76 432/322/77
f 432/322/77 434/325/78 433/324/78
f 434/325/78 436/393/79 435/326/79
f 439/329/80 437/394/90 438/425/90
f 439/329/80 438/425/90 484/327/80
f 483/328/80 440/386/80 439/329/80
f 439/329/81 440/386/81 442/330/82
f 442/330/82 444/333/83 443/332/83
f 444/333/84 426/426/85 425/334/85
f 458/338/65 452/345/65 379/339/65
f 482/340/5 428/427/5 426/341/5
f 457/251/75 371/253/75 400/294/75
f 453/344/68 383/350/68 379/339/68
f 471/346/73 390/428/73 393/347/73
f 451/349/70 387/351/70 383/350/70
f 472/300/63 370/302/63 374/259/63
f 454/282/72 391/284/72 387/351/72
f 473/354/74 393/429/74 397/301/74
f 425/335/11 427/430/11 481/370/11
f 483/328/5 484/327/5 450/371/5
f 440/386/5 483/328/5 456/372/5
f 425/334/85 426/426/85 428/387/86
f 429/321/87 475/431/87 476/389/87
f 482/391/88 481/432/88 427/388/88
f 436/393/89 438/425/90 437/394/90
f 545/433/91 534/434/91 536/435/91
f 544/436/92 547/437/92 551/438/93
f 557/439/91 538/440/91 540/441/91
f 556/442/92 559/443/93 563/444/92
f 552/445/94 547/446/94 548/447/94
f 539/448/95 560/449/95 553/450/95
f 564/451/94 559/452/94 560/453/94
f 556/454/96 557/455/96 539/456/96
f 544/457/96 545/458/96 535/459/96
f 551/438/97 546/460/97 544/436/97
f 552/461/98 545/433/98 546/460/98
f 548/462/99 543/463/99 541/464/99
f 549/465/100 542/466/100 543/463/100
f 563/444/97 558/467/97 556/442/97
f 564/468/98 557/439/98 558/467/98
f 560/449/101 555/469/101 553/450/101
f 561/470/100 554/471/100 555/469/100
f 535/472/95 548/462/95 541/464/95
f 545/433/91 550/473/91 534/434/91
f 544/436/92 542/466/92 547/437/92
f 557/439/91 562/474/91 538/440/91
f 556/442/92 554/471/93 559/443/93
f 548/447/94 533/475/94 534/476/94
f 534/476/94 550/477/94 552/445/94
f 552/445/94 551/478/94 547/446/94
f 547/446/94 549/479/94 548/447/94
f 548/447/94 534/476/94 552/445/94
f 539/448/95 537/480/95 560/449/95
f 560/453/94 537/481/94 538/482/94
f 538/482/94 562/483/94 564/451/94
f 564/451/94 563/484/94 559/452/94
f 559/452/94 561/485/94 560/453/94
f 560/453/94 538/482/94 564/451/94
f 539/456/96 553/486/102 555/487/96
f 555/487/96 554/488/96 556/454/96
f 556/454/96 558/489/96 557/455/96
f 557/455/96 540/490/96 539/456/96
f 539/456/96 555/487/96 556/454/96
f 535/459/96 541/491/96 543/492/96
f 543/492/96 542/493/96 544/457/96
f 544/457/96 546/494/96 545/458/96
f 545/458/96 536/495/96 535/459/96
f 535/459/96 543/492/96 544/457/96
f 551/438/97 552/461/97 546/460/97
f 552/461/98 550/473/98 545/433/98
f 548/462/99 549/465/101 543/463/99
f 549/465/100 547/437/100 542/466/100
f 563/444/97 564/468/97 558/467/97
f 564/468/98 562/474/103 557/439/98
f 560/449/101 561/470/101 555/469/101
f 561/470/100 559/443/100 554/471/100
f 535/472/95 533/496/95 548/462/95
f 751/497/104 723/498/104 756/499/104
f 754/500/105 722/501/105 725/502/105
f 728/503/106 724/504/106 726/505/106
f 727/506/107 722/507/107 721/508/107
f 861/509/108 871/510/109 874/511/110
f 862/512/111 876/513/112 863/514/112
f 731/515/113 737/516/114 736/517/115
f 738/518/116 734/519/117 730/520/104
f 730/520/118 731/521/118 729/522/118
f 732/523/119 734/524/119 733/525/119
f 738/526/120 732/527/120 733/528/120
f 736/517/121 738/526/121 735/529/121
f 722/501/122 757/530/122 721/531/122
f 987/532/121 991/533/121 995/534/121
f 730/520/123 736/517/123 735/529/123
f 752/535/124 724/504/124 751/497/124
f 755/536/125 723/537/125 728/538/125
f 721/531/126 758/539/126 727/540/126
f 752/535/127 728/538/128 726/541/129
f 754/500/130 727/506/131 758/542/130
f 1035/543/120 762/544/120 1033/545/120
f 930/546/132 908/547/133 919/548/133
f 937/549/134 952/550/132 947/551/134
f 942/552/135 953/553/136 939/554/136
f 941/555/137 950/556/138 945/557/137
f 920/558/139 918/559/140 925/560/140
f 928/561/138 912/562/141 923/563/141
f 926/564/142 916/565/143 921/566/143
f 938/567/139 955/568/144 935/569/144
f 922/570/145 914/571/146 927/572/146
f 924/573/147 910/574/136 929/575/136
f 936/576/148 949/577/143 933/578/149
f 820/579/150 1035/543/150 1034/580/150
f 822/581/151 1037/582/152 1036/583/152
f 826/584/153 1041/585/154 1040/586/153
f 874/511/110 862/512/111 861/509/108
f 908/547/133 920/558/139 919/548/133
f 916/565/143 922/570/145 921/566/143
f 923/563/141 911/587/147 924/573/147
f 926/564/142 918/559/140 917/588/142
f 928/589/138 914/571/146 913/590/138
f 930/546/132 910/574/136 909/591/132
f 934/592/155 951/593/156 931/594/156
f 942/552/135 945/557/137 944/595/147
f 946/596/139 937/549/134 947/551/134
f 948/597/155 933/578/149 949/577/143
f 951/593/156 932/598/138 931/594/156
f 953/553/136 940/599/132 939/554/136
f 935/569/144 954/600/142 936/576/148
f 918/559/121 943/601/121 917/588/121
f 935/602/121 936/603/121 912/604/121
f 938/605/121 935/602/121 912/604/121
f 943/606/121 941/607/121 942/608/121
f 907/609/121 908/610/121 931/611/157
f 1013/612/158 1030/613/159 1012/614/160
f 1022/615/161 1012/614/160 1031/616/162
f 1017/617/163 1022/615/161 1023/618/164
f 1012/614/160 1022/615/161 1017/617/163
f 1016/619/165 1017/617/163 1023/618/164
f 1010/620/166 1011/621/167 1028/622/168
f 1023/618/164 1028/622/168 1016/619/165
f 1018/623/169 1025/624/170 1013/612/158
f 938/605/121 913/625/121 937/626/121
f 1030/613/159 1031/616/162 1012/614/160
f 1029/627/171 1010/620/166 1028/622/168
f 1024/628/172 1025/624/170 1018/623/169
f 1014/629/173 1015/630/174 1020/631/175
f 1024/628/172 1018/623/169 1019/632/176
f 1015/630/174 1010/620/166 1029/627/171
f 1024/628/172 1019/632/176 1008/633/177
f 1015/630/174 1029/627/171 1020/631/175
f 1027/634/178 1024/628/172 1008/633/177
f 1021/635/179 1014/629/173 1020/631/175
f 1008/633/177 1009/636/180 1027/634/178
f 1028/622/168 1011/621/167 1016/619/165
f 1025/624/170 1030/613/159 1013/612/158
f 1014/629/173 1021/635/179 1026/637/181
f 1014/629/173 1026/637/181 1009/636/180
f 1009/636/180 1026/637/181 1027/634/178
f 916/638/121 939/639/121 940/640/121
f 915/641/121 940/640/121 914/642/121
f 936/603/121 933/643/121 911/644/121
f 936/603/121 911/644/121 912/604/121
f 915/641/121 916/638/121 940/640/121
f 934/645/121 910/646/121 933/643/121
f 940/640/121 937/626/121 914/642/121
f 934/645/121 909/647/121 910/646/121
f 917/648/121 939/639/121 916/638/121
f 934/645/121 908/610/121 909/647/121
f 917/648/121 942/608/121 939/639/121
f 931/611/157 908/610/121 934/645/121
f 917/648/121 943/606/121 942/608/121
f 932/649/121 907/609/121 931/611/157
f 913/625/121 914/642/121 937/626/121
f 933/643/121 910/646/121 911/644/121
f 918/650/121 941/607/121 943/606/121
f 918/650/121 932/649/121 941/607/121
f 918/650/121 907/609/121 932/649/121
f 938/605/121 912/604/121 913/625/121
f 820/579/121 1038/651/182 823/652/182
f 1038/651/182 824/653/183 823/652/182
f 821/654/123 1040/586/153 1037/582/123
f 761/655/110 1033/545/110 762/544/110
f 1039/656/183 825/657/154 824/653/183
f 822/581/118 1032/658/118 761/659/118
f 751/497/104 724/504/104 723/498/104
f 754/500/105 753/660/105 722/501/105
f 728/503/106 723/498/106 724/504/106
f 727/506/107 725/502/107 722/507/107
f 861/509/108 860/661/109 871/510/109
f 862/512/111 873/662/111 876/513/112
f 736/517/115 729/522/115 731/515/113
f 731/515/113 732/663/184 737/516/114
f 730/520/104 735/529/104 738/518/116
f 738/518/116 733/664/185 734/519/117
f 730/520/118 734/524/118 731/521/118
f 732/523/119 731/521/119 734/524/119
f 738/526/120 737/665/120 732/527/120
f 736/517/121 737/665/121 738/526/121
f 722/501/122 753/660/122 757/530/122
f 995/534/121 984/666/121 985/667/121
f 985/667/121 986/668/186 987/532/121
f 987/532/121 988/669/121 989/670/121
f 989/670/121 990/671/121 991/533/121
f 991/533/121 992/672/121 993/673/121
f 993/673/121 994/674/121 995/534/121
f 995/534/121 985/667/121 987/532/121
f 987/532/121 989/670/121 991/533/121
f 991/533/121 993/673/121 995/534/121
f 730/520/123 729/522/123 736/517/123
f 752/535/187 726/541/187 724/504/187
f 755/536/125 756/675/125 723/537/125
f 721/531/126 757/530/126 758/539/126
f 752/535/127 755/536/188 728/538/128
f 754/500/189 725/502/190 727/506/191
f 1035/543/120 819/676/120 762/544/120
f 930/546/132 909/591/132 908/547/133
f 937/549/134 940/599/132 952/550/132
f 942/552/135 944/595/147 953/553/136
f 941/555/137 932/598/138 950/556/138
f 920/558/139 907/677/139 918/559/140
f 928/561/138 913/678/138 912/562/141
f 926/564/142 917/588/142 916/565/143
f 938/567/139 946/679/139 955/568/144
f 922/570/145 915/680/145 914/571/146
f 924/573/147 911/587/147 910/574/136
f 936/576/148 954/600/142 949/577/143
f 820/579/150 819/676/150 1035/543/150
f 822/581/151 821/654/151 1037/582/152
f 826/584/153 825/657/154 1041/585/154
f 874/511/110 873/662/111 862/512/111
f 908/547/133 907/677/139 920/558/139
f 916/565/143 915/680/145 922/570/145
f 923/563/141 912/562/141 911/587/147
f 926/564/142 925/560/140 918/559/140
f 928/589/138 927/572/146 914/571/146
f 930/546/132 929/575/136 910/574/136
f 934/592/155 948/597/155 951/593/156
f 942/552/135 941/555/137 945/557/137
f 946/596/139 938/681/139 937/549/134
f 948/597/155 934/592/155 933/578/149
f 951/593/156 950/556/138 932/598/138
f 953/553/136 952/550/132 940/599/132
f 935/569/144 955/568/144 954/600/142
f 820/579/121 1034/580/121 1038/651/182
f 1038/651/182 1039/656/183 824/653/183
f 821/654/123 826/584/153 1040/586/153
f 761/655/108 1032/682/108 1033/545/108
f 1039/656/183 1041/585/154 825/657/154
f 822/581/118 1036/583/118 1032/658/118
usemtl SpacialRoverExploreralumGray
f 2/683/8 80/684/38 79/685/8
f 4/686/38 83/687/6 80/684/38
f 6/688/6 85/689/37 83/687/6
f 8/690/37 87/691/192 85/689/37
f 10/692/192 89/693/193 87/691/192
f 94/694/11 140/695/11 82/696/11
f 17/697/11 133/698/11 19/699/11
f 77/700/5 152/701/5 151/702/5
f 82/696/11 139/703/11 81/704/11
f 73/705/193 125/706/9 11/707/193
f 18/708/5 130/709/5 16/710/5
f 24/711/194 84/712/195 81/713/194
f 26/714/195 86/715/40 84/712/195
f 28/716/40 88/717/7 86/715/40
f 2/718/5 30/719/5 40/720/5
f 22/721/5 36/722/41 34/723/5
f 30/724/7 90/725/39 88/717/7
f 32/726/39 79/685/8 90/725/39
f 7/727/11 13/728/11 56/729/11
f 27/730/11 31/731/11 62/732/11
f 63/733/8 3/734/38 1/735/8
f 64/736/38 5/737/6 3/734/38
f 5/737/6 69/738/37 7/739/37
f 69/738/37 9/740/192 7/739/37
f 71/741/192 11/707/193 9/740/192
f 77/700/5 150/742/5 76/743/5
f 17/697/11 129/744/11 131/745/11
f 76/743/5 149/746/5 75/747/5
f 16/710/5 128/748/5 14/749/5
f 75/747/5 148/750/5 73/751/5
f 13/728/11 129/744/11 15/752/11
f 23/753/194 68/754/195 25/755/195
f 68/754/195 27/756/40 25/755/195
f 70/757/40 29/758/7 27/756/40
f 72/759/7 31/760/39 29/758/7
f 74/761/39 1/735/8 31/760/39
f 98/762/5 77/700/5 76/743/5
f 99/763/5 95/764/5 63/765/5
f 100/766/5 99/763/5 63/765/5
f 67/767/5 103/768/5 105/769/5
f 95/764/5 64/770/5 63/765/5
f 74/771/5 72/772/5 104/773/5
f 67/767/5 64/770/5 103/768/5
f 100/766/5 74/771/5 104/773/5
f 64/770/5 95/764/5 103/768/5
f 72/772/5 70/774/5 109/775/5
f 69/776/5 67/767/5 105/769/5
f 104/773/5 72/772/5 109/775/5
f 105/769/5 97/777/5 69/776/5
f 70/774/5 108/778/5 109/775/5
f 70/774/5 68/779/5 108/778/5
f 97/777/5 71/780/5 69/776/5
f 97/777/5 96/781/5 71/780/5
f 68/779/5 101/782/5 108/778/5
f 96/781/5 73/751/5 71/780/5
f 68/779/5 65/783/5 101/782/5
f 96/781/5 106/784/5 73/751/5
f 65/783/5 102/785/5 101/782/5
f 102/785/5 65/783/5 66/786/5
f 73/751/5 106/784/5 75/747/5
f 107/787/5 102/785/5 66/786/5
f 106/784/5 98/788/5 75/747/5
f 66/786/5 78/789/5 107/787/5
f 75/790/5 98/762/5 76/743/5
f 78/789/5 77/700/5 107/787/5
f 21/791/11 27/730/11 61/792/11
f 74/771/5 100/766/5 63/765/5
f 92/793/11 93/794/11 113/795/11
f 82/696/11 122/796/11 94/694/11
f 91/797/11 92/793/11 113/795/11
f 121/798/11 89/799/11 91/797/11
f 113/795/11 121/798/11 91/797/11
f 81/704/11 117/800/11 82/696/11
f 117/800/11 122/796/11 82/696/11
f 90/801/11 115/802/11 119/803/11
f 89/799/11 121/798/11 111/804/11
f 116/805/11 117/800/11 81/704/11
f 116/805/11 81/704/11 84/806/11
f 87/807/11 89/799/11 111/804/11
f 87/807/11 111/804/11 112/808/11
f 123/809/11 116/805/11 84/806/11
f 85/810/11 87/807/11 112/808/11
f 123/809/11 84/806/11 86/811/11
f 85/810/11 112/808/11 120/812/11
f 124/813/11 123/809/11 86/811/11
f 118/814/11 83/815/11 120/812/11
f 86/811/11 88/816/11 124/813/11
f 88/816/11 119/803/11 124/813/11
f 80/817/11 83/815/11 118/814/11
f 110/818/11 80/817/11 118/814/11
f 88/816/11 90/801/11 119/803/11
f 114/819/11 80/817/11 110/818/11
f 115/802/11 90/801/11 79/820/11
f 83/815/11 85/810/11 120/812/11
f 114/819/11 115/802/11 79/820/11
f 122/796/11 93/794/11 94/694/11
f 79/820/11 80/817/11 114/819/11
f 66/786/5 152/701/5 78/789/5
f 18/708/5 134/821/5 132/822/5
f 93/794/11 145/823/11 94/694/11
f 81/713/194 138/824/12 24/711/194
f 65/783/5 147/825/5 66/786/5
f 19/699/11 135/826/11 21/791/11
f 93/794/11 143/827/11 144/828/11
f 22/721/5 134/821/5 20/829/5
f 91/797/11 143/827/11 92/793/11
f 21/791/11 137/830/11 23/831/11
f 89/799/11 142/832/11 91/797/11
f 23/753/194 146/833/12 65/834/194
f 24/835/5 136/836/5 22/721/5
f 12/837/193 141/838/9 89/693/193
f 11/839/11 126/840/11 13/728/11
f 14/749/5 127/841/5 12/842/5
f 8/843/5 45/844/5 35/845/5
f 2/683/8 4/686/38 80/684/38
f 4/686/38 6/688/6 83/687/6
f 6/688/6 8/690/37 85/689/37
f 8/690/37 10/692/192 87/691/192
f 10/692/192 12/837/193 89/693/193
f 94/694/11 145/823/11 140/695/11
f 17/697/11 131/745/11 133/698/11
f 77/700/5 78/789/5 152/701/5
f 82/696/11 140/695/11 139/703/11
f 73/705/193 148/846/9 125/706/9
f 18/708/5 132/822/5 130/709/5
f 24/711/194 26/714/195 84/712/195
f 26/714/195 28/716/40 86/715/40
f 28/716/40 30/724/7 88/717/7
f 40/720/5 33/847/5 2/718/5
f 2/718/5 32/848/5 30/719/5
f 30/719/5 39/849/5 40/720/5
f 38/850/5 39/849/5 30/719/5
f 30/719/5 28/851/5 26/852/5
f 26/852/5 24/835/5 22/721/5
f 20/829/5 18/708/5 43/853/5
f 38/850/5 30/719/5 26/852/5
f 34/723/5 38/850/5 26/852/5
f 22/721/5 20/829/5 43/853/5
f 22/721/5 43/853/5 37/854/5
f 34/723/5 26/852/5 22/721/5
f 22/721/5 37/854/5 36/722/41
f 30/724/7 32/726/39 90/725/39
f 32/726/39 2/683/8 79/685/8
f 53/855/11 52/856/11 31/731/11
f 31/731/11 1/857/11 3/858/11
f 3/858/11 5/859/11 7/727/11
f 7/727/11 9/860/11 11/839/11
f 7/727/11 11/839/11 13/728/11
f 53/855/11 31/731/11 3/858/11
f 48/861/11 53/855/11 3/858/11
f 15/752/11 17/697/11 54/862/11
f 15/752/11 54/862/11 58/863/11
f 48/861/11 3/858/11 7/727/11
f 55/864/11 48/861/11 7/727/11
f 13/728/11 15/752/11 58/863/11
f 13/728/11 58/863/11 49/865/11
f 57/866/11 55/864/11 7/727/11
f 13/728/11 49/865/11 56/729/11
f 56/729/11 57/866/11 7/727/11
f 62/732/11 51/867/11 27/730/11
f 27/730/11 29/868/11 31/731/11
f 31/731/11 52/856/11 62/732/11
f 63/733/8 64/736/38 3/734/38
f 64/736/38 67/869/6 5/737/6
f 5/737/6 67/869/6 69/738/37
f 69/738/37 71/741/192 9/740/192
f 71/741/192 73/705/193 11/707/193
f 77/700/5 151/702/5 150/742/5
f 17/697/11 15/752/11 129/744/11
f 76/743/5 150/742/5 149/746/5
f 16/710/5 130/709/5 128/748/5
f 75/747/5 149/746/5 148/750/5
f 13/728/11 126/840/11 129/744/11
f 23/753/194 65/834/194 68/754/195
f 68/754/195 70/757/40 27/756/40
f 70/757/40 72/759/7 29/758/7
f 72/759/7 74/761/39 31/760/39
f 74/761/39 63/733/8 1/735/8
f 50/870/11 17/697/11 19/699/11
f 21/791/11 23/831/11 25/871/11
f 50/870/11 19/699/11 21/791/11
f 60/872/11 50/870/11 21/791/11
f 21/791/11 25/871/11 27/730/11
f 27/730/11 51/867/11 59/873/11
f 61/792/11 60/872/11 21/791/11
f 27/730/11 59/873/11 61/792/11
f 66/786/5 147/825/5 152/701/5
f 18/708/5 20/829/5 134/821/5
f 93/794/11 144/828/11 145/823/11
f 81/713/194 139/874/12 138/824/12
f 65/783/5 146/875/5 147/825/5
f 19/699/11 133/698/11 135/826/11
f 93/794/11 92/793/11 143/827/11
f 22/721/5 136/836/5 134/821/5
f 91/797/11 142/832/11 143/827/11
f 21/791/11 135/826/11 137/830/11
f 89/799/11 141/876/11 142/832/11
f 23/753/194 137/877/12 146/833/12
f 24/835/5 138/878/5 136/836/5
f 12/837/193 127/879/9 141/838/9
f 11/839/11 125/880/11 126/840/11
f 14/749/5 128/748/5 127/841/5
f 44/881/5 18/708/5 16/710/5
f 14/749/5 12/842/5 10/882/5
f 44/881/5 16/710/5 14/749/5
f 47/883/5 44/881/5 14/749/5
f 14/749/5 10/882/5 8/843/5
f 8/843/5 6/884/5 4/885/5
f 4/885/5 2/718/5 33/847/5
f 4/885/5 33/847/5 42/886/5
f 46/887/196 47/883/5 14/749/5
f 35/845/5 46/887/196 14/749/5
f 8/843/5 4/885/5 42/886/5
f 8/843/5 42/886/5 41/888/5
f 35/845/5 14/749/5 8/843/5
f 8/843/5 41/888/5 45/844/5
f 594/889/197 595/890/198 593/891/199
f 596/892/200 597/893/201 595/890/198
f 598/894/202 599/895/203 597/893/201
f 600/896/204 601/897/205 599/895/203
f 602/898/206 603/899/207 601/897/205
f 604/900/208 605/901/209 603/899/207
f 606/902/210 607/903/211 605/901/209
f 608/904/212 609/905/213 607/903/211
f 610/906/214 611/907/215 609/905/213
f 612/908/216 613/909/217 611/910/215
f 614/911/218 615/912/219 613/909/217
f 616/913/220 617/914/221 615/912/219
f 618/915/222 619/916/223 617/914/221
f 620/917/224 621/918/225 619/916/223
f 622/919/226 623/920/227 621/918/225
f 624/921/228 593/891/199 623/920/227
f 594/889/197 596/892/200 595/890/198
f 596/892/200 598/894/202 597/893/201
f 598/894/202 600/896/204 599/895/203
f 600/896/204 602/898/206 601/897/205
f 602/898/206 604/900/208 603/899/207
f 604/900/208 606/902/210 605/901/209
f 606/902/210 608/904/212 607/903/211
f 608/904/212 610/906/214 609/905/213
f 610/906/214 612/922/216 611/907/215
f 612/908/216 614/911/218 613/909/217
f 614/911/218 616/913/220 615/912/219
f 616/913/220 618/915/222 617/914/221
f 618/915/222 620/917/224 619/916/223
f 620/917/224 622/919/226 621/918/225
f 622/919/226 624/921/228 623/920/227
f 624/921/228 594/889/197 593/891/199
f 888/923/112 898/924/229 885/925/111
f 890/926/230 900/927/151 887/928/151
f 892/929/231 902/930/232 889/931/232
f 894/932/233 904/933/234 891/934/234
f 893/935/235 895/936/236 906/937/150
f 883/938/109 897/939/108 896/940/109
f 864/941/152 878/942/230 865/943/230
f 869/944/233 879/945/237 882/946/233
f 866/947/232 880/948/231 867/949/231
f 973/950/238 741/951/238 972/952/238
f 741/951/239 974/953/240 972/952/240
f 781/954/140 783/955/139 794/956/140
f 775/957/141 789/958/138 788/959/137
f 777/960/146 791/961/155 790/962/146
f 779/963/143 793/964/142 792/965/143
f 771/966/133 785/967/132 784/968/133
f 773/969/136 787/970/147 786/971/136
f 745/972/241 744/973/121 746/974/121
f 959/975/242 749/976/242 956/977/242
f 963/978/238 746/979/238 960/980/238
f 749/981/243 961/982/243 956/983/244
f 743/984/239 963/978/239 958/985/240
f 1036/583/118 769/986/118 1032/658/118
f 827/987/183 1041/585/154 1039/656/183
f 1032/682/108 770/988/108 1033/545/108
f 1037/582/123 829/989/153 834/990/123
f 772/991/139 784/992/133 783/955/139
f 786/971/136 774/993/132 773/969/136
f 788/959/137 776/994/135 775/957/141
f 790/962/146 778/995/138 777/960/146
f 792/965/143 780/996/155 779/963/143
f 794/956/140 782/997/142 781/954/140
f 802/998/121 788/999/121 789/1000/121
f 784/1001/121 785/1002/121 798/1003/121
f 796/1004/121 794/1005/121 783/1006/121
f 790/1007/121 801/1008/121 789/1000/121
f 829/1009/104 831/1010/104 770/1011/104
f 828/1012/182 1039/656/183 1038/651/182
f 1034/580/121 828/1012/182 1038/651/182
f 872/1013/236 860/1014/109 859/1015/236
f 876/1016/112 864/941/152 863/1017/112
f 878/942/230 866/947/232 865/943/230
f 880/948/231 868/1018/234 867/949/231
f 882/946/233 870/1019/150 869/944/233
f 859/1015/236 881/1020/150 872/1013/236
f 842/1021/104 839/1022/104 865/1023/104
f 839/1022/104 864/1024/104 865/1023/104
f 866/1025/104 842/1021/104 865/1023/104
f 902/930/232 890/926/230 889/931/232
f 896/940/109 884/1026/236 883/938/109
f 900/1027/151 888/923/112 887/1028/151
f 904/933/234 892/929/231 891/934/234
f 906/937/150 894/932/233 893/935/235
f 885/925/111 897/939/108 886/1029/108
f 959/975/240 748/1030/240 750/1031/240
f 957/1032/245 746/979/243 744/973/243
f 748/1030/238 961/982/238 747/1033/238
f 743/1034/242 957/1032/242 744/973/242
f 963/1035/118 957/1032/118 958/1036/118
f 973/950/244 740/1037/243 742/1038/243
f 740/1037/242 974/1039/242 739/1040/242
f 973/1041/121 974/1039/121 975/1042/121
f 799/1043/121 800/1044/121 788/999/121
f 794/1005/121 805/1045/121 806/1046/121
f 787/1047/121 800/1044/121 797/1048/121
f 790/1007/121 791/1049/121 804/1050/121
f 801/1008/121 790/1007/121 804/1050/121
f 786/1051/121 787/1047/121 797/1048/121
f 792/1052/121 804/1050/121 791/1049/121
f 797/1048/121 798/1003/121 786/1051/121
f 792/1052/121 803/1053/121 804/1050/121
f 792/1052/121 793/1054/121 803/1053/121
f 795/1055/121 784/1001/121 798/1003/121
f 783/1006/121 784/1001/121 795/1055/121
f 800/1044/121 787/1047/121 788/999/121
f 793/1054/121 794/1005/121 806/1046/121
f 796/1004/121 783/1006/121 795/1055/121
f 798/1003/121 785/1002/121 786/1051/121
f 793/1054/121 806/1046/121 803/1053/121
f 794/1005/121 796/1004/121 805/1045/121
f 801/1008/121 802/998/121 789/1000/121
f 788/999/121 802/998/121 799/1043/121
f 842/1021/104 866/1025/104 841/1056/104
f 868/1057/104 844/1058/104 867/1059/104
f 870/1060/104 845/1061/104 846/1062/104
f 839/1022/104 863/1063/104 864/1024/104
f 863/1063/104 839/1022/104 840/1064/104
f 843/1065/104 844/1058/104 868/1057/104
f 862/1066/104 863/1063/104 840/1064/104
f 869/1067/104 846/1062/104 868/1057/104
f 862/1066/104 840/1064/104 837/1068/104
f 860/1069/104 861/1070/104 838/1071/104
f 862/1066/104 837/1068/104 838/1071/104
f 869/1067/104 870/1060/104 846/1062/104
f 861/1070/104 862/1066/104 838/1071/104
f 859/1072/104 836/1073/104 845/1061/104
f 835/1074/104 860/1069/104 838/1071/104
f 870/1060/104 859/1072/104 845/1061/104
f 836/1073/104 860/1069/104 835/1074/104
f 866/1025/104 867/1059/104 841/1056/104
f 846/1062/104 843/1065/104 868/1057/104
f 860/1069/104 836/1073/104 859/1072/104
f 844/1058/104 841/1056/104 867/1059/104
f 962/1075/241 956/977/121 961/1076/121
f 1040/586/153 830/1077/154 829/989/153
f 1036/583/152 834/990/152 833/1078/152
f 1034/580/150 832/1079/235 831/1080/235
f 832/1079/120 1033/545/120 770/988/120
f 888/923/112 899/1081/112 898/924/229
f 890/926/230 901/1082/230 900/927/151
f 892/929/231 903/1083/231 902/930/232
f 894/932/233 905/1084/233 904/933/234
f 893/935/235 884/1026/236 895/936/236
f 883/938/109 886/1029/108 897/939/108
f 864/941/152 875/1085/152 878/942/230
f 869/944/233 868/1018/234 879/945/237
f 866/947/232 877/1086/232 880/948/231
f 973/950/238 742/1038/238 741/951/238
f 741/951/239 739/1087/239 974/953/240
f 781/954/140 772/991/139 783/955/139
f 775/957/141 778/995/138 789/958/138
f 777/960/146 780/996/155 791/961/155
f 779/963/143 782/997/142 793/964/142
f 771/966/133 774/993/132 785/967/132
f 773/969/136 776/994/135 787/970/147
f 745/972/241 743/1034/241 744/973/121
f 959/975/242 750/1031/242 749/976/242
f 963/978/238 745/1088/238 746/979/238
f 749/981/243 747/1033/243 961/982/243
f 743/984/239 745/1088/239 963/978/239
f 1036/583/118 833/1078/118 769/986/118
f 827/987/183 830/1077/154 1041/585/154
f 1032/682/108 769/1089/108 770/988/108
f 1037/582/123 1040/586/153 829/989/153
f 772/991/139 771/1090/133 784/992/133
f 786/971/136 785/967/132 774/993/132
f 788/959/137 787/970/147 776/994/135
f 790/962/146 789/958/138 778/995/138
f 792/965/143 791/961/155 780/996/155
f 794/956/140 793/964/142 782/997/142
f 770/1011/104 769/1091/104 833/1092/104
f 833/1092/104 834/1093/104 829/1009/104
f 829/1009/104 830/1094/104 827/1095/104
f 827/1095/104 828/1096/104 831/1010/104
f 831/1010/104 832/1097/104 770/1011/104
f 770/1011/104 833/1092/104 829/1009/104
f 829/1009/104 827/1095/104 831/1010/104
f 828/1012/182 827/987/183 1039/656/183
f 1034/580/121 831/1080/121 828/1012/182
f 872/1013/236 871/1098/109 860/1014/109
f 876/1016/112 875/1085/152 864/941/152
f 878/942/230 877/1086/232 866/947/232
f 880/948/231 879/945/237 868/1018/234
f 882/946/233 881/1020/150 870/1019/150
f 859/1015/236 870/1019/150 881/1020/150
f 902/930/232 901/1082/230 890/926/230
f 896/940/109 895/936/236 884/1026/236
f 900/1027/151 899/1081/112 888/923/112
f 904/933/234 903/1083/231 892/929/231
f 906/937/150 905/1084/233 894/932/233
f 885/925/111 898/924/229 897/939/108
f 959/975/240 962/1099/239 748/1030/240
f 957/1032/245 960/980/245 746/979/243
f 748/1030/238 962/1099/238 961/982/238
f 743/1034/242 958/1036/242 957/1032/242
f 963/1035/118 960/1100/118 957/1032/118
f 973/950/244 975/1042/244 740/1037/243
f 740/1037/242 975/1042/242 974/1039/242
f 973/1041/121 972/1101/121 974/1039/121
f 962/1075/241 959/975/241 956/977/121
f 1040/586/153 1041/585/154 830/1077/154
f 1036/583/152 1037/582/152 834/990/152
f 1034/580/150 1035/543/150 832/1079/235
f 832/1079/120 1035/543/120 1033/545/120
usemtl SpacialRoverExploreralumBlack
f 243/1102/3 298/128/3 290/145/3
f 274/181/3 243/1102/3 290/145/3
f 278/180/4 247/1103/4 292/135/4
f 282/179/2 251/1104/2 294/132/2
f 286/178/1 255/1105/1 296/138/1
f 255/1105/1 304/120/1 296/138/1
f 247/1103/4 300/125/4 292/135/4
f 251/1104/2 302/122/2 294/132/2
f 242/148/32 297/129/32 258/1106/32
f 250/1107/33 301/123/33 266/1108/33
f 246/1109/30 299/126/30 262/1110/30
f 297/129/28 259/1111/28 258/1106/28
f 299/126/18 263/1112/18 262/1110/18
f 301/123/22 267/1113/22 266/1108/22
f 303/108/20 271/1114/20 270/1115/20
f 285/113/35 254/1116/35 222/1117/35
f 281/111/33 250/1107/33 218/1118/33
f 254/1116/35 303/108/35 270/1115/35
f 288/67/11 210/1119/27 209/1120/11
f 274/100/15 212/1121/29 211/1122/15
f 275/98/29 213/1123/9 212/1121/29
f 276/96/9 214/1124/17 213/1123/9
f 278/90/13 216/1125/34 215/1126/13
f 279/88/34 217/1127/5 216/1125/34
f 280/86/5 218/1128/21 217/1127/5
f 282/80/25 220/1129/36 219/1130/25
f 283/78/36 221/1131/12 220/1129/36
f 284/76/12 222/1132/19 221/1131/12
f 277/73/30 246/1109/30 214/1133/30
f 286/70/23 224/1134/31 223/1135/23
f 287/68/31 209/1120/11 224/1134/31
f 243/1102/3 259/1111/3 298/128/3
f 274/181/3 211/1136/3 243/1102/3
f 278/180/4 215/1137/4 247/1103/4
f 282/179/2 219/1138/2 251/1104/2
f 286/178/1 223/1139/1 255/1105/1
f 255/1105/1 271/1114/1 304/120/1
f 247/1103/4 263/1112/4 300/125/4
f 251/1104/2 267/1113/2 302/122/2
f 242/148/32 289/92/32 297/129/32
f 250/1107/33 293/110/33 301/123/33
f 246/1109/30 291/72/30 299/126/30
f 297/129/28 298/128/28 259/1111/28
f 299/126/18 300/125/18 263/1112/18
f 301/123/22 302/122/22 267/1113/22
f 303/108/20 304/120/20 271/1114/20
f 285/113/35 295/106/35 254/1116/35
f 281/111/33 293/110/33 250/1107/33
f 254/1116/35 295/106/35 303/108/35
f 288/67/11 273/105/27 210/1119/27
f 274/100/15 275/98/29 212/1121/29
f 275/98/29 276/96/9 213/1123/9
f 276/96/9 277/95/17 214/1124/17
f 278/90/13 279/88/34 216/1125/34
f 279/88/34 280/86/5 217/1127/5
f 280/86/5 281/85/21 218/1128/21
f 282/80/25 283/78/36 220/1129/36
f 283/78/36 284/76/12 221/1131/12
f 284/76/12 285/75/19 222/1132/19
f 277/73/30 291/72/30 246/1109/30
f 286/70/23 287/68/31 224/1134/31
f 287/68/31 288/67/11 209/1120/11
f 499/1140/246 514/1141/246 513/1142/246
f 497/1143/246 510/1144/247 496/1145/247
f 493/1146/246 508/1147/246 507/1148/246
f 491/1149/247 504/1150/247 490/1151/247
f 502/1152/246 486/1153/247 516/1154/246
f 501/1155/246 514/1141/246 500/1156/246
f 497/1143/246 512/1157/246 511/1158/246
f 494/1159/246 509/1160/246 508/1147/246
f 491/1149/247 506/1161/247 505/1162/247
f 489/1163/247 485/1164/247 488/1165/247
f 501/1155/246 516/1154/246 515/1166/246
f 499/1140/246 512/1157/246 498/1167/246
f 496/1145/247 509/1160/246 495/1168/246
f 493/1146/246 506/1161/247 492/1169/247
f 504/1170/248 529/1171/248 530/1172/248
f 488/1165/247 486/1153/247 487/1173/247
f 489/1163/247 504/1150/247 503/1174/247
f 528/1175/93 522/1176/93 518/1177/93
f 486/1178/96 532/1179/96 519/1180/96
f 515/1181/96 518/1182/96 517/1183/96
f 516/1184/96 519/1180/96 518/1182/96
f 515/1185/249 520/1186/249 514/1187/249
f 511/1188/250 522/1189/250 523/1190/250
f 509/1191/94 526/1192/94 508/1193/94
f 506/1194/251 529/1171/251 505/1195/251
f 485/1196/96 531/1197/96 532/1179/96
f 513/1198/252 522/1189/252 512/1199/252
f 510/1200/94 525/1201/94 509/1191/94
f 507/1202/253 528/1203/253 506/1194/253
f 503/1204/254 530/1172/254 531/1197/254
f 513/1198/255 520/1186/255 521/1205/255
f 511/1188/94 524/1206/94 510/1200/94
f 508/1193/94 527/1207/94 507/1202/94
f 499/1140/246 500/1156/246 514/1141/246
f 497/1143/246 511/1158/246 510/1144/247
f 493/1146/246 494/1159/246 508/1147/246
f 491/1149/247 505/1162/247 504/1150/247
f 502/1152/246 487/1173/247 486/1153/247
f 501/1155/246 515/1166/246 514/1141/246
f 497/1143/246 498/1167/246 512/1157/246
f 494/1159/246 495/1168/246 509/1160/246
f 491/1149/247 492/1169/247 506/1161/247
f 489/1163/247 503/1174/247 485/1164/247
f 501/1155/246 502/1152/246 516/1154/246
f 499/1140/246 513/1142/246 512/1157/246
f 496/1145/247 510/1144/247 509/1160/246
f 493/1146/246 507/1148/246 506/1161/247
f 504/1170/248 505/1195/248 529/1171/248
f 488/1165/247 485/1164/247 486/1153/247
f 489/1163/247 490/1151/247 504/1150/247
f 532/1208/92 531/1209/92 530/1210/92
f 530/1210/92 529/1211/93 528/1175/93
f 528/1175/93 527/1212/93 526/1213/93
f 528/1175/93 526/1213/93 525/1214/92
f 532/1208/92 530/1210/92 528/1175/93
f 519/1215/93 532/1208/92 528/1175/93
f 528/1175/93 525/1214/92 524/1216/92
f 524/1216/92 523/1217/93 522/1176/93
f 522/1176/93 521/1218/93 520/1219/93
f 520/1219/93 517/1220/92 518/1177/93
f 518/1177/93 519/1215/93 528/1175/93
f 528/1175/93 524/1216/92 522/1176/93
f 522/1176/93 520/1219/93 518/1177/93
f 486/1178/96 485/1196/96 532/1179/96
f 515/1181/96 516/1184/96 518/1182/96
f 516/1184/96 486/1178/96 519/1180/96
f 515/1185/249 517/1221/249 520/1186/249
f 511/1188/250 512/1199/250 522/1189/250
f 509/1191/94 525/1201/94 526/1192/94
f 506/1194/251 528/1203/251 529/1171/251
f 485/1196/96 503/1204/96 531/1197/96
f 513/1198/252 521/1205/252 522/1189/252
f 510/1200/94 524/1206/94 525/1201/94
f 507/1202/253 527/1207/253 528/1203/253
f 503/1204/254 504/1170/254 530/1172/254
f 513/1198/255 514/1187/255 520/1186/255
f 511/1188/94 523/1190/94 524/1206/94
f 508/1193/94 526/1192/94 527/1207/94
f 763/1222/121 759/1223/121 764/1224/121
f 760/1225/256 767/1226/256 759/1227/256
f 766/1228/257 764/1224/257 765/1229/257
f 767/1226/258 764/1230/259 759/1227/259
f 760/1225/260 766/1228/260 768/1231/261
f 966/1232/240 970/1233/262 967/1234/262
f 964/1235/263 968/1236/244 965/1237/244
f 970/1233/238 968/1238/238 969/1239/238
f 965/1237/264 967/1234/242 964/1235/242
f 980/1240/121 977/1241/265 979/1242/265
f 981/1243/242 979/1244/242 983/1245/242
f 978/1246/266 981/1243/243 982/1247/243
f 976/1248/240 979/1242/267 977/1241/262
f 978/1246/268 976/1248/268 977/1241/268
f 763/1222/121 760/1249/121 759/1223/121
f 760/1225/256 768/1231/256 767/1226/256
f 766/1228/257 763/1222/257 764/1224/257
f 767/1226/258 765/1250/258 764/1230/259
f 760/1225/260 763/1222/260 766/1228/260
f 966/1232/240 971/1251/240 970/1233/262
f 964/1235/263 969/1252/263 968/1236/244
f 970/1233/238 971/1251/238 968/1238/238
f 965/1237/264 966/1232/264 967/1234/242
f 980/1240/121 978/1246/121 977/1241/265
f 981/1243/242 980/1253/242 979/1244/242
f 978/1246/266 980/1253/266 981/1243/243
f 976/1248/240 983/1254/269 979/1242/267
f 978/1246/238 982/1247/238 976/1248/238
usemtl SpacialRoverExploreralumOrange
f 848/1255/104 852/1256/104 856/1257/104
f 842/1258/230 852/1259/151 839/1260/151
f 846/1261/233 856/1262/234 843/1263/234
f 845/1264/150 847/1265/236 858/1266/150
f 844/1267/270 854/1268/232 841/1269/232
f 840/1270/112 850/1271/111 837/1272/229
f 800/1273/147 818/1274/136 797/1275/136
f 796/1276/139 810/1277/140 805/1278/144
f 804/1279/155 814/1280/146 801/1281/146
f 806/1282/142 812/1283/143 803/1284/143
f 802/1285/138 816/1286/137 799/1287/141
f 1005/1288/148 987/1289/143 1006/1290/143
f 997/1291/138 995/1292/137 998/1293/141
f 999/1294/147 993/1295/136 1000/1296/136
f 1003/1297/139 989/1298/140 1004/1299/144
f 1003/1300/271 816/1301/272 813/1302/271
f 1002/1303/133 992/1304/132 991/1305/133
f 806/1282/142 810/1277/140 809/1306/142
f 802/1285/138 814/1280/146 813/1307/138
f 798/1308/132 818/1274/136 817/1309/132
f 808/1310/133 796/1276/139 795/1311/133
f 812/1283/143 804/1312/155 803/1284/143
f 799/1287/141 815/1313/147 800/1273/147
f 798/1308/132 808/1310/133 795/1311/133
f 850/1271/111 838/1314/108 837/1272/229
f 856/1262/234 844/1267/270 843/1263/234
f 858/1266/150 846/1261/233 845/1264/150
f 854/1268/232 842/1258/230 841/1269/232
f 852/1259/151 840/1270/112 839/1260/151
f 848/1315/109 836/1316/236 835/1317/109
f 838/1314/108 848/1318/109 835/1319/109
f 985/1320/146 997/1291/138 996/1321/146
f 993/1295/136 1001/1322/132 1000/1296/136
f 1004/1299/144 988/1323/142 1005/1288/148
f 999/1294/147 995/1292/137 994/1324/147
f 1003/1297/139 991/1305/133 990/1325/139
f 986/1326/155 1006/1290/143 987/1289/143
f 996/1321/146 986/1326/155 985/1320/146
f 1005/1327/273 815/1328/274 816/1301/272
f 816/1301/272 1003/1300/271 1004/1329/275
f 814/1330/276 1002/1331/277 813/1302/271
f 1004/1329/275 1005/1327/273 816/1301/272
f 810/1332/278 998/1333/278 999/1334/279
f 815/1328/274 1005/1327/273 1006/1335/280
f 808/1336/281 817/1337/282 1007/1338/283
f 1002/1331/277 814/1330/276 1001/1339/284
f 818/1340/285 815/1328/274 1006/1335/280
f 812/1341/286 1001/1339/284 811/1342/287
f 1006/1335/280 1007/1338/283 818/1340/285
f 812/1341/286 1000/1343/286 1001/1339/284
f 812/1341/286 809/1344/288 1000/1343/286
f 996/1345/289 808/1336/281 1007/1338/283
f 807/1346/290 808/1336/281 996/1345/289
f 814/1330/276 811/1342/287 1001/1339/284
f 809/1344/288 810/1332/278 999/1334/279
f 997/1347/290 807/1346/290 996/1345/289
f 1007/1338/283 817/1337/282 818/1340/285
f 809/1344/288 999/1334/279 1000/1343/286
f 997/1347/290 810/1332/278 807/1346/290
f 1002/1331/277 1003/1300/271 813/1302/271
f 810/1332/278 997/1347/290 998/1333/278
f 856/1257/104 857/1348/291 858/1349/104
f 858/1349/104 847/1350/104 848/1255/104
f 848/1255/104 849/1351/104 850/1352/104
f 850/1352/104 851/1353/291 852/1256/104
f 852/1256/104 853/1354/104 854/1355/104
f 854/1355/104 855/1356/292 856/1257/104
f 856/1257/104 858/1349/104 848/1255/104
f 848/1255/104 850/1352/104 852/1256/104
f 852/1256/104 854/1355/104 856/1257/104
f 842/1258/230 853/1357/230 852/1259/151
f 846/1261/233 857/1358/233 856/1262/234
f 845/1264/150 836/1316/236 847/1265/236
f 844/1267/270 855/1359/231 854/1268/232
f 840/1270/112 851/1360/112 850/1271/111
f 800/1273/147 815/1313/147 818/1274/136
f 796/1276/139 807/1361/139 810/1277/140
f 804/1279/155 811/1362/155 814/1280/146
f 806/1282/142 809/1306/142 812/1283/143
f 802/1285/138 813/1307/138 816/1286/137
f 1005/1288/148 988/1323/142 987/1289/143
f 997/1291/138 984/1363/138 995/1292/137
f 999/1294/147 994/1324/147 993/1295/136
f 1003/1297/139 990/1325/139 989/1298/140
f 1002/1303/133 1001/1364/132 992/1304/132
f 806/1282/142 805/1278/144 810/1277/140
f 802/1285/138 801/1281/146 814/1280/146
f 798/1308/132 797/1275/136 818/1274/136
f 808/1310/133 807/1361/139 796/1276/139
f 812/1283/143 811/1365/155 804/1312/155
f 799/1287/141 816/1286/137 815/1313/147
f 798/1308/132 817/1309/132 808/1310/133
f 850/1271/111 849/1366/108 838/1314/108
f 856/1262/234 855/1359/231 844/1267/270
f 858/1266/150 857/1358/233 846/1261/233
f 854/1268/232 853/1357/230 842/1258/230
f 852/1259/151 851/1360/112 840/1270/112
f 848/1315/109 847/1265/236 836/1316/236
f 838/1314/108 849/1366/108 848/1318/109
f 985/1320/146 984/1363/138 997/1291/138
f 993/1295/136 992/1367/132 1001/1322/132
f 1004/1299/144 989/1298/140 988/1323/142
f 999/1294/147 998/1293/141 995/1292/137
f 1003/1297/139 1002/1303/133 991/1305/133
f 986/1326/155 1007/1368/155 1006/1290/143
f 996/1321/146 1007/1368/155 986/1326/155
usemtl SpacialRoverExploreralumArm
f 312/1369/11 407/1370/11 408/1371/11
f 404/1372/5 308/1373/5 306/1374/5
f 408/1371/11 309/1375/11 310/1376/11
f 310/1376/11 311/1377/11 312/1369/11
f 312/1369/11 410/1378/11 412/1379/11
f 412/1379/11 411/1380/11 407/1370/11
f 407/1370/11 409/1381/11 408/1371/11
f 408/1371/11 310/1376/11 312/1369/11
f 312/1369/11 412/1379/11 407/1370/11
f 306/1374/5 401/1382/5 403/1383/5
f 403/1383/5 402/1384/5 404/1372/5
f 404/1372/5 406/1385/5 405/1386/5
f 405/1386/5 307/1387/5 308/1373/5
f 308/1373/5 305/1388/5 306/1374/5
f 306/1374/5 403/1383/5 404/1372/5
f 404/1372/5 405/1386/5 308/1373/5
f 629/1389/293 575/1390/96 573/1391/96
f 628/1392/294 579/1393/94 578/1394/94
f 631/1395/293 585/1396/96 583/1397/96
f 700/1398/295 718/1/296 713/1399/297
f 704/1400/298 719/1401/299 706/1402/300
f 715/1403/301 711/1404/302 713/1399/297
f 710/1405/303 701/1406/304 712/1407/305
f 709/1408/306 703/1409/307 698/1410/308
f 614/1411/218 606/1412/210 598/1413/202
f 607/1414/211 615/1415/219 623/1416/227
f 625/1417/309 572/1418/310 571/1419/311
f 627/1420/309 566/1421/310 565/1422/312
f 630/1423/313 567/1424/314 568/1425/315
f 632/1426/313 569/1427/314 570/1428/315
f 632/1429/313 588/1430/94 590/1431/94
f 629/1432/293 628/1392/294 627/1433/309
f 631/1395/293 626/1434/294 625/1417/309
f 650/1435/316 682/1436/317 649/1437/318
f 664/1438/319 695/1439/320 696/1440/321
f 649/1437/318 683/1441/322 651/1442/323
f 664/1438/319 665/1443/324 650/1435/316
f 651/1442/323 684/1444/325 652/1445/326
f 653/1446/327 684/1444/325 685/1447/328
f 653/1446/327 686/1448/329 654/1449/330
f 654/1449/330 687/1450/331 655/1451/332
f 655/1451/332 688/1452/333 656/1453/334
f 648/1454/335 650/1455/316 633/1456/96
f 647/1457/336 664/1458/319 648/1454/335
f 662/1459/337 647/1457/336 646/1460/338
f 645/1461/91 662/1459/337 646/1460/338
f 660/1462/339 645/1461/91 644/1463/340
f 643/1464/341 660/1462/339 644/1463/340
f 658/1465/342 643/1464/341 642/1466/343
f 657/1467/344 642/1466/343 641/1468/94
f 640/1469/345 657/1467/344 641/1468/94
f 655/1470/332 640/1469/345 639/1471/346
f 638/1472/347 655/1470/332 639/1471/346
f 653/1473/327 638/1472/347 637/1474/95
f 636/1475/348 653/1473/327 637/1474/95
f 651/1476/323 636/1477/348 635/1478/349
f 634/1479/350 651/1476/323 635/1478/349
f 650/1455/316 634/1479/350 633/1456/96
f 666/1480/96 682/1481/317 665/1482/324
f 682/1481/317 668/1483/349 683/1484/322
f 683/1484/322 669/1485/348 684/1486/325
f 669/1487/348 685/1488/328 684/1489/325
f 685/1488/328 671/1490/347 686/1491/329
f 671/1490/347 687/1492/331 686/1491/329
f 672/1493/346 688/1494/333 687/1492/331
f 673/1495/345 689/1496/351 688/1494/333
f 674/1497/94 690/1498/352 689/1496/351
f 675/1499/343 691/1500/353 690/1498/352
f 676/1501/341 692/1502/354 691/1500/353
f 692/1502/354 678/1503/91 693/1504/355
f 678/1503/91 694/1505/356 693/1504/355
f 694/1505/356 680/1506/336 695/1507/320
f 680/1506/336 696/1508/321 695/1507/320
f 681/1509/335 665/1482/324 696/1508/321
f 663/1510/357 694/1511/356 695/1439/320
f 661/1512/358 694/1511/356 662/1513/337
f 661/1512/358 692/1514/354 693/1515/355
f 659/1516/359 692/1514/354 660/1517/339
f 659/1516/359 690/1518/352 691/1519/353
f 657/1520/344 690/1518/352 658/1521/342
f 657/1520/344 688/1452/333 689/1522/351
f 716/1523/360 705/1524/361 703/1525/307
f 717/1526/362 704/1400/298 705/1524/361
f 718/1/296 708/1527/363 720/3/364
f 708/1527/363 719/1528/299 720/3/364
f 709/1408/306 699/1529/365 711/1530/302
f 699/1529/365 710/1405/303 711/1530/302
f 713/1399/297 702/1531/366 700/1398/295
f 714/1532/367 701/1406/304 702/1533/366
f 697/1534/368 705/1535/361 707/1536/369
f 576/1537/96 567/1538/314 629/1389/293
f 629/1389/293 627/1539/309 565/1540/312
f 629/1389/293 565/1540/312 577/1541/96
f 574/1542/96 576/1537/96 629/1389/293
f 573/1391/96 574/1542/96 629/1389/293
f 629/1389/293 577/1541/96 575/1390/96
f 582/1543/94 566/1544/310 628/1392/294
f 628/1392/294 630/1423/313 568/1425/315
f 628/1392/294 568/1425/315 581/1545/94
f 580/1546/94 582/1543/94 628/1392/294
f 578/1394/94 580/1546/94 628/1392/294
f 628/1392/294 581/1545/94 579/1393/94
f 586/1547/96 569/1427/314 631/1395/293
f 631/1395/293 625/1417/309 571/1419/311
f 631/1395/293 571/1419/311 587/1548/96
f 584/1549/96 586/1547/96 631/1395/293
f 583/1397/96 584/1549/96 631/1395/293
f 631/1395/293 587/1548/96 585/1396/96
f 700/1398/295 707/1536/369 718/1/296
f 704/1400/298 715/1403/301 719/1401/299
f 713/1399/297 718/1/296 720/2/364
f 720/2/364 719/1401/299 715/1403/301
f 715/1403/301 717/1550/362 716/1551/360
f 716/1551/360 709/1552/306 711/1404/302
f 711/1404/302 710/1405/303 712/1407/305
f 712/1407/305 714/1553/367 713/1399/297
f 713/1399/297 720/2/364 715/1403/301
f 715/1403/301 716/1551/360 711/1404/302
f 711/1404/302 712/1407/305 713/1399/297
f 710/1405/303 697/1554/368 701/1406/304
f 709/1408/306 716/1555/360 703/1409/307
f 598/1413/202 596/1556/200 594/1557/197
f 594/1557/197 624/1558/228 622/1559/226
f 622/1559/226 620/1560/224 618/1561/222
f 618/1561/222 616/1562/220 614/1411/218
f 614/1411/218 612/1563/216 610/1564/214
f 610/1564/214 608/1565/212 606/1412/210
f 606/1412/210 604/1566/208 602/1567/206
f 602/1567/206 600/1568/204 598/1413/202
f 598/1413/202 594/1557/197 622/1559/226
f 622/1559/226 618/1561/222 614/1411/218
f 614/1411/218 610/1564/214 606/1412/210
f 606/1412/210 602/1567/206 598/1413/202
f 598/1413/202 622/1559/226 614/1411/218
f 623/1416/227 593/1569/199 595/1570/198
f 595/1570/198 597/1571/201 599/1572/203
f 599/1572/203 601/1573/205 603/1574/207
f 603/1574/207 605/1575/209 607/1414/211
f 607/1414/211 609/1576/213 611/1577/215
f 611/1577/215 613/1578/217 615/1415/219
f 615/1415/219 617/1579/221 619/1580/223
f 619/1580/223 621/1581/225 623/1416/227
f 623/1416/227 595/1570/198 599/1572/203
f 599/1572/203 603/1574/207 607/1414/211
f 607/1414/211 611/1577/215 615/1415/219
f 615/1415/219 619/1580/223 623/1416/227
f 623/1416/227 599/1572/203 607/1414/211
f 625/1417/309 626/1582/294 572/1418/310
f 627/1420/309 628/1583/294 566/1421/310
f 630/1423/313 629/1584/293 567/1424/314
f 632/1426/313 631/1395/293 569/1427/314
f 572/1585/310 626/1586/294 632/1429/313
f 632/1429/313 570/1587/315 592/1588/94
f 632/1429/313 592/1588/94 589/1589/94
f 591/1590/94 572/1585/310 632/1429/313
f 590/1431/94 591/1590/94 632/1429/313
f 632/1429/313 589/1589/94 588/1430/94
f 629/1432/293 630/1423/313 628/1392/294
f 631/1395/293 632/1591/313 626/1434/294
f 650/1435/316 665/1443/324 682/1436/317
f 664/1438/319 663/1510/357 695/1439/320
f 649/1437/318 682/1436/317 683/1441/322
f 664/1438/319 696/1440/321 665/1443/324
f 651/1442/323 683/1441/322 684/1444/325
f 653/1446/327 652/1445/326 684/1444/325
f 653/1446/327 685/1447/328 686/1448/329
f 654/1449/330 686/1448/329 687/1450/331
f 655/1451/332 687/1450/331 688/1452/333
f 648/1454/335 664/1458/319 650/1455/316
f 647/1457/336 663/1592/357 664/1458/319
f 662/1459/337 663/1592/357 647/1457/336
f 645/1461/91 661/1593/358 662/1459/337
f 660/1462/339 661/1593/358 645/1461/91
f 643/1464/341 659/1594/359 660/1462/339
f 658/1465/342 659/1594/359 643/1464/341
f 657/1467/344 658/1465/342 642/1466/343
f 640/1469/345 656/1595/334 657/1467/344
f 655/1470/332 656/1595/334 640/1469/345
f 638/1472/347 654/1596/330 655/1470/332
f 653/1473/327 654/1596/330 638/1472/347
f 636/1475/348 652/1597/326 653/1473/327
f 651/1476/323 652/1598/326 636/1477/348
f 634/1479/350 649/1599/318 651/1476/323
f 650/1455/316 649/1599/318 634/1479/350
f 666/1480/96 667/1600/350 682/1481/317
f 682/1481/317 667/1600/350 668/1483/349
f 683/1484/322 668/1483/349 669/1485/348
f 669/1487/348 670/1601/95 685/1488/328
f 685/1488/328 670/1601/95 671/1490/347
f 671/1490/347 672/1493/346 687/1492/331
f 672/1493/346 673/1495/345 688/1494/333
f 673/1495/345 674/1497/94 689/1496/351
f 674/1497/94 675/1499/343 690/1498/352
f 675/1499/343 676/1501/341 691/1500/353
f 676/1501/341 677/1602/340 692/1502/354
f 692/1502/354 677/1602/340 678/1503/91
f 678/1503/91 679/1603/338 694/1505/356
f 694/1505/356 679/1603/338 680/1506/336
f 680/1506/336 681/1509/335 696/1508/321
f 681/1509/335 666/1480/96 665/1482/324
f 663/1510/357 662/1513/337 694/1511/356
f 661/1512/358 693/1515/355 694/1511/356
f 661/1512/358 660/1517/339 692/1514/354
f 659/1516/359 691/1519/353 692/1514/354
f 659/1516/359 658/1521/342 690/1518/352
f 657/1520/344 689/1522/351 690/1518/352
f 657/1520/344 656/1453/334 688/1452/333
f 716/1523/360 717/1526/362 705/1524/361
f 717/1526/362 715/1403/301 704/1400/298
f 718/1/296 707/1536/369 708/1527/363
f 708/1527/363 706/1604/300 719/1528/299
f 709/1408/306 698/1410/308 699/1529/365
f 699/1529/365 697/1554/368 710/1405/303
f 713/1399/297 714/1605/367 702/1531/366
f 714/1532/367 712/1407/305 701/1406/304
f 707/1536/369 700/1398/295 702/1606/366
f 702/1606/366 701/1607/304 697/1534/368
f 697/1534/368 699/1608/365 698/1609/308
f 698/1609/308 703/1610/307 705/1535/361
f 705/1535/361 704/1611/298 706/1612/300
f 706/1612/300 708/1613/363 707/1536/369
f 707/1536/369 702/1606/366 697/1534/368
f 697/1534/368 698/1609/308 705/1535/361
f 705/1535/361 706/1612/300 707/1536/369
