# Pieza del RoverModificado
mtllib Rover.mtl
o Cuerpo
v 3.012838 0.080210 0.638197
v 3.012838 0.007555 0.861803
v 3.012838 -0.227559 0.861803
v 3.012838 -0.300213 0.638197
v 3.012838 0.074659 0.760000
v 3.012838 -0.110002 0.894164
v 3.012838 0.004125 0.542918
v 3.012838 -0.294662 0.760000
v 3.012838 -0.110002 0.500000
v 3.012838 -0.224127 0.542918
v 3.012823 0.162001 0.611621
v 2.812956 0.162001 0.611621
v 3.012823 0.058105 0.931379
v 2.812956 0.058105 0.931379
v 2.812956 -0.110002 0.414000
v 3.012823 -0.110002 0.414000
v 3.012823 0.053200 0.475373
v 3.012823 -0.278108 0.931379
v 3.012823 -0.374066 0.785800
v 3.012823 -0.382003 0.611621
v 3.012823 -0.273202 0.475373
v 3.012823 -0.110002 0.977655
v 3.012823 0.154064 0.785800
v 2.812956 -0.278108 0.931379
v 2.812956 -0.382003 0.611621
v 2.812956 0.154064 0.785800
v 2.812956 -0.110002 0.977655
v 2.812956 0.053200 0.475373
v 2.812956 -0.374066 0.785800
v 2.812956 -0.273202 0.475373
v 3.047971 -0.033464 0.528782
v 3.073088 0.004125 0.542918
v 3.032747 -0.110002 0.500000
v 3.032747 -0.110001 0.500000
v 3.047971 -0.186536 0.873095
v 3.075380 -0.227559 0.861803
v 3.032747 -0.110002 0.894164
v 3.032747 -0.110001 0.894164
v 3.047971 -0.033464 0.873095
v 3.075380 0.007555 0.861803
v 3.156039 -0.294662 0.760000
v 3.091326 -0.251422 0.825600
v 3.183533 0.080210 0.638197
v 3.156210 0.074775 0.631391
v 3.091326 0.031421 0.577099
v 3.156210 0.074775 0.757464
v 3.156037 0.074659 0.760000
v 3.091326 -0.251422 0.577098
v 3.073088 -0.224127 0.542918
v 3.156210 -0.294776 0.631389
v 3.183539 -0.300213 0.638197
v 3.091326 0.031421 0.825598
v 3.156210 -0.294776 0.757490
v 3.047971 -0.186536 0.528782
v 3.032747 -0.110001 0.442360
v 3.032747 -0.110001 0.962360
v 3.047971 -0.033464 0.442360
v 3.047971 -0.033464 0.962360
v 3.091326 0.031421 0.442360
v 3.091326 0.031421 0.962360
v 3.156210 0.074775 0.442360
v 3.156210 0.074775 0.962360
v 3.232747 0.090000 0.442360
v 3.232747 0.090000 0.962360
v 3.309284 0.074775 0.442360
v 3.309284 0.074775 0.962360
v 3.374168 0.031421 0.442360
v 3.374168 0.031421 0.962360
v 3.417523 -0.033464 0.442360
v 3.417523 -0.033464 0.962360
v 3.432747 -0.110001 0.442360
v 3.432747 -0.110001 0.962360
v 3.417523 -0.186536 0.442360
v 3.417523 -0.186536 0.962360
v 3.374168 -0.251422 0.442360
v 3.374168 -0.251422 0.962360
v 3.309284 -0.294777 0.442360
v 3.309284 -0.294777 0.962360
v 3.232747 -0.310001 0.442360
v 3.232747 -0.310001 0.962360
v 3.156210 -0.294776 0.442360
v 3.156210 -0.294776 0.962360
v 3.091326 -0.251422 0.442360
v 3.091326 -0.251422 0.962360
v 3.047971 -0.186536 0.442360
v 3.047971 -0.186536 0.962360
v 0.878737 0.813169 0.700000
v 0.918501 0.813169 0.631126
v 0.998031 0.678170 0.631126
v 0.998031 0.813169 0.631126
v 1.037796 0.813169 0.700000
v 0.998031 0.678170 0.768875
v 0.998031 0.813169 0.768875
v 0.918501 0.678170 0.768875
v 0.918501 0.813169 0.768875
v 1.037796 0.678170 0.700000
v 0.878737 0.678170 0.700000
v 0.918501 0.678170 0.631126
v 0.872709 0.519598 0.776285
v 0.934980 0.519598 0.812237
v 0.981552 0.519598 0.812237
v 1.043823 0.519598 0.776285
v 1.067109 0.519598 0.735952
v 1.067109 0.519598 0.664048
v 1.043823 0.519598 0.623716
v 0.981552 0.519598 0.587763
v 0.849423 0.519598 0.664048
v 0.849423 0.519598 0.735952
v 0.934980 0.519598 0.587763
v 0.872709 0.519598 0.623716
v 0.934980 0.060398 0.812237
v 0.872709 0.060398 0.776285
v 1.043823 0.060398 0.776285
v 0.981552 0.060398 0.812237
v 1.067109 0.060398 0.664048
v 1.067109 0.060398 0.735952
v 0.981552 0.060398 0.587763
v 1.043823 0.060398 0.623716
v 0.872709 0.060398 0.623716
v 0.934980 0.060398 0.587763
v 0.849423 0.060398 0.735952
v 0.849423 0.060398 0.664048
v 0.870115 -0.181542 1.409348
v 0.940167 -0.221986 1.409348
v 0.976365 -0.221986 1.409348
v 1.046417 -0.181542 1.409348
v 1.064515 -0.150194 1.409348
v 1.064515 -0.069305 1.409348
v 1.046417 -0.037958 1.409348
v 0.976365 0.002488 1.409348
v 0.852017 -0.069305 1.409348
v 0.852017 -0.150194 1.409348
v 0.940167 0.002488 1.409348
v 0.870115 -0.037958 1.409348
v 0.940167 -0.221986 0.850148
v 0.870115 -0.181542 0.850148
v 1.046417 -0.181542 0.850148
v 0.976365 -0.221986 0.850148
v 1.064515 -0.069305 0.850148
v 1.064515 -0.150194 0.850148
v 0.976365 0.002488 0.850148
v 1.046417 -0.037958 0.850148
v 0.870115 -0.037958 0.850148
v 0.940167 0.002488 0.850148
v 0.852017 -0.150194 0.850148
v 0.852017 -0.069305 0.850148
v 0.933086 0.519598 0.776528
v 0.904581 0.519598 0.760070
v 1.011951 0.519598 0.760070
v 0.983446 0.519598 0.776528
v 1.037130 0.519598 0.683543
v 1.037130 0.519598 0.716458
v 0.983446 0.519598 0.623473
v 1.011951 0.519598 0.639931
v 0.904581 0.519598 0.639931
v 0.933086 0.519598 0.623473
v 0.879402 0.519598 0.716458
v 0.879402 0.519598 0.683543
v 1.011951 0.669598 0.639931
v 0.983446 0.669598 0.623473
v 0.998049 0.678134 0.631095
v 0.983446 0.669598 0.776528
v 1.011951 0.669598 0.760070
v 0.998048 0.678134 0.768906
v 0.904581 0.669598 0.760070
v 0.933086 0.669598 0.776528
v 0.918483 0.678134 0.768906
v 0.879402 0.669598 0.683543
v 0.879402 0.669598 0.716458
v 0.878701 0.678134 0.700000
v 1.037130 0.669598 0.716458
v 1.037130 0.669598 0.683543
v 1.037832 0.678134 0.700000
v 0.933086 0.669598 0.623473
v 0.904581 0.669598 0.639931
v 0.918483 0.678134 0.631095
v 0.885563 -0.082620 1.809348
v 0.885563 -0.136879 1.809348
v 0.945409 -0.033223 1.809348
v 0.898420 -0.060352 1.809348
v 0.945409 -0.186277 1.409348
v 0.898420 -0.159147 1.409348
v 1.018112 -0.159147 1.409348
v 0.971122 -0.186277 1.409348
v 1.030969 -0.082620 1.409348
v 1.030969 -0.136879 1.409348
v 0.971123 -0.033223 1.409348
v 1.018113 -0.060352 1.409348
v 0.898420 -0.060352 1.409348
v 0.945409 -0.033223 1.409348
v 0.885563 -0.136879 1.409348
v 0.885563 -0.082620 1.409348
v 1.018113 -0.060352 1.809348
v 0.971123 -0.033223 1.809348
v 1.030969 -0.136879 1.809348
v 1.030969 -0.082620 1.809348
v 0.971122 -0.186277 1.809348
v 1.018112 -0.159147 1.809348
v 0.898420 -0.159147 1.809348
v 0.945409 -0.186277 1.809348
v 0.263857 -0.245680 0.834310
v 0.263857 -0.195810 0.870543
v 0.263857 -0.024192 0.870543
v 0.263857 0.025678 0.834310
v 0.263857 0.078711 0.671091
v 0.263857 0.059662 0.612465
v 0.263857 -0.079179 0.511591
v 0.263857 -0.140823 0.511591
v 0.263857 -0.279665 0.612465
v 0.263857 -0.298714 0.671092
v 0.263857 0.056537 0.787494
v 0.263857 0.076159 0.727105
v 0.263857 -0.141750 0.885424
v 0.263857 -0.078252 0.885424
v 0.263857 0.024673 0.568650
v 0.263857 -0.026697 0.531327
v 0.263857 -0.193306 0.531327
v 0.263857 -0.244676 0.568650
v 0.263857 -0.296161 0.727105
v 0.263857 -0.276539 0.787494
v 2.812940 0.025678 0.834310
v 2.812940 -0.024192 0.870543
v 2.812940 0.059662 0.612465
v 2.812940 0.078711 0.671091
v 2.812940 -0.195810 0.870543
v 2.812940 -0.245680 0.834310
v 2.812940 -0.298714 0.671092
v 2.812940 -0.279665 0.612465
v 2.812940 0.076159 0.727105
v 2.812940 0.056537 0.787494
v 2.812940 -0.078252 0.885424
v 2.812940 -0.141750 0.885424
v 2.812940 -0.026697 0.531327
v 2.812940 0.024673 0.568650
v 2.812940 -0.276539 0.787494
v 2.812940 -0.296161 0.727105
v 2.812940 -0.244676 0.568650
v 2.812940 -0.193306 0.531327
v 2.812940 -0.140823 0.511591
v 2.812940 -0.079178 0.511591
v 0.358265 -0.283840 0.772005
v 0.358265 -0.298162 0.700000
v 0.358265 0.063835 0.627994
v 0.358265 0.078157 0.700000
v 0.358265 -0.283840 0.627994
v 0.358265 0.063835 0.772005
v 0.358265 -0.243052 0.566950
v 0.358265 0.023047 0.833049
v 0.358265 -0.182007 0.526162
v 0.358265 -0.037997 0.873837
v 0.358265 -0.110003 0.511840
v 0.358265 -0.110003 0.888160
v 0.358265 -0.182007 0.873837
v 0.358265 -0.037997 0.526162
v 0.358265 -0.243052 0.833049
v 0.358265 0.023046 0.566950
v 0.073264 -0.216904 0.958081
v 0.073264 -0.110003 0.979345
v 0.073264 -0.307530 0.897527
v 0.073264 -0.368085 0.806900
v 0.073264 -0.389349 0.699999
v 0.073264 -0.368085 0.593098
v 0.073264 -0.307530 0.502471
v 0.073264 -0.216904 0.441916
v 0.073264 -0.110003 0.420652
v 0.073264 -0.003101 0.441916
v 0.073264 0.087525 0.502471
v 0.073264 0.148080 0.593098
v 0.073264 0.169344 0.699998
v 0.073264 0.148080 0.806900
v 0.073264 0.087525 0.897527
v 0.073264 -0.003101 0.958081
v 0.358264 -0.316868 0.785686
v 0.358264 0.096864 0.614313
v 0.358264 -0.110003 0.923910
v 0.358264 -0.333913 0.700000
v 0.358264 0.113908 0.700000
v 0.358264 -0.316868 0.614313
v 0.358264 0.096864 0.785686
v 0.358264 -0.268331 0.541671
v 0.358264 0.048326 0.858328
v 0.358264 -0.195689 0.493133
v 0.358264 -0.024316 0.906866
v 0.358264 -0.110003 0.476089
v 0.358264 -0.195689 0.906866
v 0.358264 -0.024316 0.493133
v 0.358264 -0.268331 0.858328
v 0.358264 0.048326 0.541671
v 0.073264 -0.195689 0.906866
v 0.073264 -0.110003 0.923910
v 0.073264 -0.268331 0.858328
v 0.073264 -0.316868 0.785686
v 0.073264 -0.333913 0.700000
v 0.073264 -0.316868 0.614313
v 0.073264 -0.268331 0.541671
v 0.073264 -0.195689 0.493133
v 0.073264 -0.110003 0.476089
v 0.073264 -0.024316 0.493133
v 0.073264 0.048326 0.541671
v 0.073264 0.096864 0.614313
v 0.073264 0.113908 0.700000
v 0.073264 0.096864 0.785686
v 0.073264 0.048326 0.858328
v 0.073264 -0.024316 0.906866
v -0.380849 0.009231 1.499999
v -0.419591 -0.110003 1.499999
v -0.279422 0.082922 1.499999
v -0.154052 0.082922 1.499999
v -0.052625 0.009231 1.499999
v -0.013883 -0.110003 1.499999
v -0.052625 -0.229238 1.499999
v -0.154052 -0.302929 1.499999
v -0.279422 -0.302929 1.500000
v -0.380849 -0.229238 1.499999
v -0.380849 0.009231 1.699999
v -0.419591 -0.110003 1.699999
v -0.247978 0.082922 1.668555
v -0.185496 0.082922 1.668555
v -0.052625 0.009231 1.699999
v -0.013883 -0.110003 1.699999
v -0.052625 -0.229238 1.699999
v -0.154052 -0.302929 1.699999
v -0.279422 -0.302929 1.699999
v -0.380849 -0.229238 1.699999
v 0.024893 -0.228093 0.451215
v 0.009787 -0.274583 0.482848
v -0.027723 -0.301837 0.502471
v 0.028968 -0.215552 0.441916
v 0.024893 0.008088 0.948782
v 0.009788 0.054576 0.917150
v -0.027726 0.081831 0.897527
v 0.028967 -0.004453 0.958081
v 0.062147 -0.113435 0.421403
v 0.063263 -0.110003 0.420653
v 0.063263 -0.110003 0.420652
v 0.032972 -0.203230 0.960801
v 0.063263 -0.110003 0.979345
v 0.063263 -0.110003 0.979345
v 0.028968 -0.215552 0.958081
v 0.062147 -0.106569 0.978595
v 0.032971 -0.016776 0.439196
v 0.028967 -0.004453 0.441916
v -0.002414 -0.283448 0.912075
v 0.009787 -0.274583 0.918247
v -0.027723 -0.301837 0.897527
v 0.009788 0.054576 0.481749
v -0.002416 0.063444 0.487922
v -0.027726 0.081831 0.502471
v -0.069912 -0.332489 0.848092
v -0.101215 -0.355231 0.806900
v -0.069914 0.112483 0.551904
v -0.101218 0.135227 0.593098
v -0.112147 -0.363174 0.762922
v -0.126274 -0.373438 0.699999
v -0.112150 0.143169 0.637075
v -0.126277 0.153433 0.699998
v -0.115724 -0.365773 0.657234
v -0.101215 -0.355232 0.593098
v -0.115727 0.145768 0.742762
v -0.101218 0.135227 0.806900
v -0.056783 -0.322950 0.539886
v -0.056787 0.102945 0.860110
v -0.496737 -0.110003 0.086666
v -0.496737 -0.110003 1.313333
v -0.443262 0.054576 1.313333
v -0.443262 0.054576 0.086666
v -0.303262 0.156292 1.313333
v -0.303262 0.156292 0.086666
v -0.130212 0.156292 1.313333
v -0.130212 0.156292 0.086666
v 0.009788 0.054576 1.313333
v 0.009788 0.054576 0.086666
v 0.063263 -0.110003 1.313333
v 0.063263 -0.110003 0.086666
v 0.009787 -0.274583 1.313333
v 0.009787 -0.274583 0.086666
v -0.130212 -0.376299 1.313333
v -0.130212 -0.376299 0.086666
v -0.303262 -0.376299 1.313333
v -0.303262 -0.376299 0.086666
v -0.443262 -0.274583 1.313333
v -0.443262 -0.274583 0.086666
v -0.247978 0.082922 1.631443
v -0.185496 0.082922 1.631443
v -0.279422 0.082922 1.699999
v -0.154052 0.082922 1.699999
v -0.154052 0.082922 1.599999
v -0.279422 0.082922 1.599999
v -0.241730 0.582922 1.664844
v -0.191744 0.582922 1.664844
v -0.191744 0.582922 1.635154
v -0.241730 0.582922 1.635154
v -0.684450 0.188193 1.412318
v -0.684450 0.082242 1.558000
v -0.684450 0.157160 1.515331
v -0.684450 -0.297857 1.558000
v -0.684450 -0.403808 1.412318
v -0.684450 -0.372775 1.515331
v -0.684450 0.082242 -0.158000
v -0.684450 0.188193 -0.012318
v -0.684450 0.157160 -0.115331
v -0.684450 -0.403808 -0.012318
v -0.684450 -0.297857 -0.158000
v -0.684450 -0.372775 -0.115331
v -1.284450 0.082242 1.558000
v -1.284450 0.188192 1.412318
v -1.284450 0.157160 1.515331
v -1.284450 -0.403808 1.412318
v -1.284450 -0.297857 1.558000
v -1.284450 -0.372775 1.515331
v -1.284450 0.188192 -0.012318
v -1.284450 0.082242 -0.158000
v -1.284450 0.157160 -0.115331
v -1.284450 -0.297857 -0.158000
v -1.284450 -0.403808 -0.012318
v -1.284450 -0.372775 -0.115331
v -1.564449 -0.137807 0.067091
v -1.564449 -0.071353 0.084897
v -1.564449 -0.022705 0.133545
v -1.564449 -0.004898 0.200000
v -1.564449 -0.022705 0.266455
v -1.564449 -0.071353 0.315103
v -1.564449 -0.137807 0.332909
v -1.564449 -0.204261 0.315103
v -1.564449 -0.252910 0.266454
v -1.564449 -0.270717 0.200000
v -1.564449 -0.252910 0.133545
v -1.564449 -0.204261 0.084897
v -1.384449 -0.137807 0.018000
v -1.384449 -0.046807 0.042383
v -1.384449 0.019809 0.109000
v -1.384449 0.044193 0.200000
v -1.384449 0.019809 0.291000
v -1.384449 -0.046807 0.357617
v -1.384449 -0.137807 0.382000
v -1.384449 -0.228808 0.357617
v -1.384449 -0.295424 0.291000
v -1.384449 -0.319808 0.200000
v -1.384449 -0.295424 0.109000
v -1.384449 -0.228808 0.042383
v -1.284449 -0.137807 -0.018400
v -1.284449 -0.028607 0.010860
v -1.384449 -0.028607 0.010860
v -1.284449 0.051332 0.090800
v -1.384449 0.051332 0.090800
v -1.284449 0.080593 0.200000
v -1.384449 0.080593 0.200000
v -1.284449 0.051332 0.309200
v -1.384449 0.051332 0.309200
v -1.284449 -0.028607 0.389140
v -1.384449 -0.028607 0.389140
v -1.284449 -0.137807 0.418400
v -1.384449 -0.137807 0.418400
v -1.284449 -0.247008 0.389140
v -1.384449 -0.247008 0.389140
v -1.284449 -0.326949 0.309200
v -1.384449 -0.326946 0.309200
v -1.284449 -0.356207 0.200000
v -1.384449 -0.356207 0.200000
v -1.284449 -0.326949 0.090800
v -1.384449 -0.326946 0.090800
v -1.284449 -0.247008 0.010860
v -1.384449 -0.247008 0.010860
v -1.384449 -0.137807 -0.018400
v -0.864450 -0.343807 -0.316000
v -1.104450 -0.343807 -0.316000
v -0.864450 -0.103807 -0.156000
v -0.864450 -0.343807 -0.156000
v -1.104450 -0.103807 -0.156000
v -1.104450 -0.343807 -0.156000
v -0.864450 -0.223807 -0.316000
v -1.104450 -0.223807 -0.316000
v -1.104450 -0.223807 -0.156000
v -0.864450 -0.223807 -0.156000
v -1.284450 0.012193 1.300000
v -1.284450 -0.227807 1.300000
v -1.284450 0.012193 0.500000
v -1.284450 -0.227807 0.500000
v -1.384450 -0.059348 1.228459
v -1.384450 -0.156266 1.228459
v -1.384450 -0.059348 0.571541
v -1.384450 -0.156266 0.571541
v -1.564449 -0.046807 0.042383
v -1.564449 -0.137807 0.018000
v -1.564449 0.019809 0.109000
v -1.564449 0.044193 0.200000
v -1.564449 0.019809 0.291000
v -1.564449 -0.046807 0.357617
v -1.564449 -0.137807 0.382000
v -1.564449 -0.228807 0.357617
v -1.564449 -0.295424 0.291000
v -1.564449 -0.319808 0.200000
v -1.564449 -0.295424 0.109000
v -1.564449 -0.228807 0.042383
v -1.464450 -0.071353 0.084897
v -1.464450 -0.137807 0.067091
v -1.464450 -0.022705 0.133545
v -1.464450 -0.004898 0.200000
v -1.464450 -0.022705 0.266455
v -1.464450 -0.071353 0.315103
v -1.464450 -0.137807 0.332909
v -1.464450 -0.204261 0.315103
v -1.464450 -0.252910 0.266454
v -1.464450 -0.270717 0.200000
v -1.464450 -0.252910 0.133545
v -1.464450 -0.204261 0.084897
v -1.384450 -0.059348 0.900000
v -1.384450 -0.156266 0.900000
v -1.384450 -0.227807 0.500000
v -1.384450 0.012193 0.500000
v -1.384450 0.012193 0.900000
v -1.384450 -0.227807 0.900000
v -1.384450 -0.227807 1.300000
v -1.384450 0.012193 1.300000
v -1.384450 -0.156266 0.735770
v -1.384450 -0.059348 0.735770
v -1.384450 -0.059348 1.064229
v -1.384450 -0.156266 1.064229
v -1.314449 -0.136882 0.604387
v -1.314449 -0.078731 0.604387
v -1.314449 -0.078731 0.702925
v -1.314449 -0.136882 1.097075
v -1.314449 -0.136882 1.195613
v -1.314449 -0.078731 1.195613
v -1.314449 -0.136882 0.702925
v -1.314449 -0.078731 1.097075
v -0.234450 -0.392808 0.086666
v -0.234450 -0.392808 1.313333
v -0.399029 -0.339334 1.313333
v -0.399029 -0.339334 0.086666
v -0.500745 -0.199333 1.313333
v -0.500745 -0.199333 0.086666
v -0.500745 -0.026284 1.313333
v -0.500745 -0.026284 0.086666
v -0.399029 0.113716 1.313333
v -0.399029 0.113716 0.086666
v -0.234450 0.167191 1.313333
v -0.234450 0.167191 0.086666
v -0.069870 0.113716 1.313333
v -0.069870 0.113716 0.086666
v 0.031846 -0.026284 1.313333
v 0.031846 -0.026284 0.086666
v 0.031846 -0.199333 1.313333
v 0.031846 -0.199333 0.086666
v -0.069870 -0.339333 1.313333
v -0.069870 -0.339333 0.086666
v -0.234450 -0.420808 -0.100001
v -0.415487 -0.361986 -0.100001
v -0.353684 -0.276921 1.499999
v -0.234450 -0.315662 1.499999
v -0.234450 -0.420808 1.313333
v -0.415487 -0.361986 0.086666
v -0.527375 -0.207986 -0.100001
v -0.427375 -0.175494 1.499999
v -0.527375 -0.207986 0.086666
v -0.527375 -0.017631 -0.100001
v -0.427375 -0.050123 1.499999
v -0.527375 -0.017631 0.086666
v -0.415487 0.136369 -0.100001
v -0.353684 0.051304 1.499999
v -0.415487 0.136369 0.086666
v -0.234450 0.195192 -0.100001
v -0.234450 0.090045 1.499999
v -0.234450 0.195192 0.086666
v -0.053412 0.136369 -0.100001
v -0.115215 0.051304 1.499999
v -0.053412 0.136369 0.086666
v 0.058476 -0.017631 -0.100001
v -0.041524 -0.050123 1.499999
v 0.058476 -0.017631 0.086666
v 0.058476 -0.207986 -0.100001
v -0.041524 -0.175494 1.500000
v 0.058476 -0.207986 0.086666
v -0.053412 -0.361986 -0.100001
v -0.115215 -0.276920 1.499999
v -0.053412 -0.361986 0.086666
v -0.234450 -0.420808 0.086666
v -0.415487 -0.361986 1.313333
v -0.527375 -0.207986 1.313333
v -0.527375 -0.017631 1.313333
v -0.415487 0.136369 1.313333
v -0.234450 0.195192 1.313333
v -0.053412 0.136369 1.313333
v 0.058476 -0.017631 1.313333
v 0.058476 -0.207986 1.313333
v -0.053412 -0.361986 1.313333
v -0.415487 -0.361986 1.499999
v -0.234450 -0.420808 1.499999
v -0.527375 -0.207986 1.499999
v -0.527375 -0.017631 1.499999
v -0.415487 0.136369 1.499999
v -0.234450 0.195192 1.499999
v -0.053412 0.136369 1.499999
v 0.058476 -0.017631 1.500000
v 0.058476 -0.207986 1.500000
v -0.053412 -0.361986 1.499999
v -0.684520 -0.361986 0.086666
v -0.684520 -0.361986 -0.100001
v -0.684520 -0.207986 -0.100001
v -0.684520 -0.207986 1.499999
v -0.684520 -0.361986 1.499999
v -0.684520 -0.207986 0.086666
v -0.684520 -0.017631 0.086666
v -0.684520 -0.017631 -0.100001
v -0.684520 0.136369 -0.100001
v -0.684520 0.136369 1.499999
v -0.684520 -0.017631 1.499999
v -0.684520 0.136369 0.086666
v -0.684520 -0.361986 1.313333
v -0.684520 -0.207986 1.313333
v -0.684520 -0.017631 1.313333
v -0.684520 0.136369 1.313333
v -2.027253 -0.215422 0.869842
v -2.027253 -0.215422 1.039842
v -1.940651 -0.265422 0.869842
v -1.940651 -0.265422 1.039842
v -1.940651 -0.365422 0.869842
v -1.940651 -0.365422 1.039842
v -2.027253 -0.415422 0.869842
v -2.027253 -0.415422 1.039842
v -2.113855 -0.365422 0.869842
v -2.113855 -0.365422 1.039842
v -2.113855 -0.265422 0.869842
v -2.113855 -0.265422 1.039842
v -2.027253 -0.185422 0.870842
v -1.914670 -0.250422 0.870842
v -1.914670 -0.380422 0.870842
v -2.027253 -0.445422 0.870842
v -2.139836 -0.380422 0.870842
v -2.139836 -0.250422 0.870842
v -2.027253 -0.185422 0.728842
v -1.914670 -0.250422 0.728842
v -1.914670 -0.380422 0.728842
v -2.027253 -0.445422 0.728842
v -2.139836 -0.380422 0.728842
v -2.139836 -0.250422 0.728842
v -2.192253 -0.435422 0.899842
v -2.192253 -0.435422 0.699842
v -1.862253 -0.435422 0.899842
v -1.862253 -0.435422 0.699842
v -1.914668 -0.435422 0.699842
v -2.139839 -0.435422 0.699842
v -2.139839 -0.435422 0.899842
v -1.914668 -0.435422 0.899842
v -2.192253 -0.268353 0.899842
v -2.192253 -0.215422 0.846910
v -2.192253 -0.241888 0.892750
v -2.192253 -0.222513 0.873376
v -2.192253 -0.215422 0.752773
v -2.192253 -0.268353 0.699842
v -2.192253 -0.222513 0.726308
v -2.192253 -0.241888 0.706933
v -1.862253 -0.215422 0.846910
v -1.862253 -0.268353 0.899842
v -1.862253 -0.222513 0.873376
v -1.862253 -0.241888 0.892750
v -1.862253 -0.268353 0.699842
v -1.862253 -0.215422 0.752773
v -1.862253 -0.241888 0.706933
v -1.862253 -0.222513 0.726308
v -2.139839 -0.268353 0.699842
v -2.139839 -0.215422 0.752773
v -2.139839 -0.241888 0.706933
v -2.139839 -0.222513 0.726308
v -1.914668 -0.215422 0.752773
v -1.914668 -0.268353 0.699842
v -1.914668 -0.222513 0.726308
v -1.914668 -0.241888 0.706933
v -1.914668 -0.268353 0.899842
v -1.914668 -0.215422 0.846910
v -1.914668 -0.241888 0.892750
v -1.914668 -0.222513 0.873376
v -2.139839 -0.215422 0.846910
v -2.139839 -0.268353 0.899842
v -2.139839 -0.222513 0.873376
v -2.139839 -0.241888 0.892750
v -1.857253 -0.435422 0.699842
v -1.857253 -0.435422 0.899842
v -2.197252 -0.435422 0.699842
v -2.197252 -0.435422 0.899842
v -1.887253 -0.495422 0.729842
v -1.887253 -0.495422 0.869842
v -2.167253 -0.495422 0.869842
v -2.167253 -0.495422 0.729842
v -1.857253 -0.495422 0.699842
v -1.857253 -0.495422 0.899842
v -2.197252 -0.495422 0.899842
v -2.197252 -0.495422 0.699842
v -1.887253 -0.645422 0.729842
v -1.887253 -0.645422 0.869842
v -2.167253 -0.645422 0.869842
v -2.167253 -0.645422 0.729842
v -2.140593 -0.670001 -0.327262
v -1.993914 -0.670001 -0.327262
v -1.886034 -0.670001 -0.282577
v -1.782316 -0.670001 -0.178859
v -1.737631 -0.670001 -0.070979
v -1.737631 -0.670001 0.075699
v -1.782316 -0.670001 0.183579
v -1.886034 -0.670001 0.287297
v -1.993914 -0.670001 0.331982
v -2.140593 -0.670001 0.331982
v -2.248472 -0.670001 0.287297
v -2.352190 -0.670001 0.183579
v -2.396875 -0.670001 0.075699
v -2.396875 -0.670001 -0.070979
v -2.352190 -0.670001 -0.178859
v -2.248472 -0.670001 -0.282577
v -1.782316 0.050001 -0.178859
v -1.886034 0.050001 -0.282577
v -1.993914 0.050001 -0.327262
v -2.140593 0.050001 -0.327262
v -1.737631 0.050001 0.075699
v -1.737631 0.050001 -0.070979
v -1.886034 0.050001 0.287297
v -1.782316 0.050001 0.183579
v -2.140593 0.050001 0.331982
v -1.993914 0.050001 0.331982
v -2.352190 0.050001 0.183579
v -2.248472 0.050001 0.287297
v -2.396875 0.050001 -0.070979
v -2.396875 0.050001 0.075699
v -2.248472 0.050001 -0.282577
v -2.352190 0.050001 -0.178859
v -2.019564 0.550001 -0.067288
v -1.997604 0.550001 -0.045329
v -2.082781 0.550001 -0.080610
v -2.051726 0.550001 -0.080610
v -1.984283 0.550001 -0.013168
v -1.984283 0.550001 0.017888
v -1.997604 0.550001 0.050049
v -2.019564 0.550001 0.072009
v -2.051726 0.550001 0.085330
v -2.082781 0.550001 0.085330
v -2.114942 0.550001 0.072009
v -2.136902 0.550001 0.050049
v -2.150223 0.550001 0.017888
v -2.150223 0.550001 -0.013168
v -2.136902 0.550001 -0.045329
v -2.114942 0.550001 -0.067288
v -1.997604 2.550000 -0.045331
v -2.019564 2.550000 -0.067290
v -2.051726 2.550000 -0.080612
v -2.082781 2.550000 -0.080612
v -1.984283 2.550000 0.017886
v -1.984283 2.550000 -0.013170
v -2.019564 2.550000 0.072007
v -1.997604 2.550000 0.050047
v -2.082781 2.550000 0.085328
v -2.051726 2.550000 0.085328
v -2.136902 2.550000 0.050047
v -2.114942 2.550000 0.072007
v -2.150223 2.550000 -0.013170
v -2.150223 2.550000 0.017886
v -2.114942 2.550000 -0.067290
v -2.136902 2.550000 -0.045331
v -2.102886 0.050001 -0.180522
v -2.031621 0.050001 -0.180522
v -1.963133 0.050001 -0.152153
v -1.912740 0.050001 -0.101761
v -1.884371 0.050001 -0.033273
v -1.884371 0.050001 0.037993
v -1.912740 0.050001 0.106481
v -1.963133 0.050001 0.156873
v -2.031621 0.050001 0.185242
v -2.102886 0.050001 0.185242
v -2.171374 0.050001 0.156873
v -2.221766 0.050001 0.106481
v -2.250135 0.050001 0.037993
v -2.250135 0.050001 -0.033273
v -2.221766 0.050001 -0.101761
v -2.171374 0.050001 -0.152153
v -1.912740 0.550001 -0.101761
v -1.963133 0.550001 -0.152153
v -2.031621 0.550001 -0.180522
v -2.102886 0.550001 -0.180522
v -1.884371 0.550001 0.037993
v -1.884371 0.550001 -0.033273
v -1.963133 0.550001 0.156873
v -1.912740 0.550001 0.106481
v -2.102886 0.550001 0.185242
v -2.031621 0.550001 0.185242
v -2.221766 0.550001 0.106481
v -2.171374 0.550001 0.156873
v -2.250135 0.550001 -0.033273
v -2.250135 0.550001 0.037993
v -2.171374 0.550001 -0.152153
v -2.221766 0.550001 -0.101761
v -2.813110 -0.955517 -2.300000
v -2.813110 -0.955517 -1.800000
v -0.413111 -1.835518 -2.300000
v -0.413111 -1.835518 -1.800000
v -0.413111 -0.955517 -1.800000
v -0.413111 -0.955517 -2.300000
v 0.292745 -1.255518 -2.300000
v 0.292745 -1.255518 -1.800000
v 0.292745 -1.835518 -1.800000
v 0.292745 -1.835518 -2.300000
v 1.752745 -1.835518 -1.800000
v 1.752745 -1.240518 -1.800000
v 1.752745 -1.240518 -2.300000
v 1.752745 -1.835518 -2.300000
v 3.852746 -1.240518 -1.800000
v 3.852746 -1.835518 -1.800000
v 3.852746 -1.240518 -2.300000
v 3.852746 -1.835518 -2.300000
v 3.202745 -1.835518 -1.800000
v 3.202745 -1.240518 -1.800000
v 3.852746 -1.240518 -3.200000
v 3.652745 -1.240518 -3.400000
v 3.794167 -1.240518 -3.341421
v 3.652745 -1.835518 -3.400000
v 3.852746 -1.835518 -3.200000
v 3.794167 -1.835518 -3.341421
v 3.402745 -1.835518 -3.400000
v 3.261324 -1.835518 -3.341421
v 3.402745 -1.240518 -3.400000
v 3.261324 -1.240518 -3.341421
v 3.202745 -1.040517 -2.300000
v 3.852746 -1.040517 -2.300000
v 3.794167 -1.040518 -3.341421
v 3.852746 -1.040518 -3.200000
v 3.652745 -1.040518 -3.400000
v 3.261324 -1.040518 -3.341421
v 3.402745 -1.040518 -3.400000
v 3.202745 -1.040518 -3.200000
v -2.813110 -1.255518 -2.600000
v -0.413111 -1.255518 -2.600000
v -0.413111 -1.835518 -2.600000
v -2.813110 -1.664815 -1.800000
v -2.642408 -1.835518 -1.800000
v -2.813110 -1.664815 -2.300000
v -2.642408 -1.835518 -2.300000
v -2.642408 -1.835518 -2.600000
v -2.813110 -1.664815 -2.600000
v 3.202745 -1.240518 -2.300000
v 3.202745 -1.835518 -2.300000
v 3.202745 -1.835518 -3.200000
v 3.202745 -1.240518 -3.200000
v 3.202745 -1.617037 -2.720000
v 3.202745 -1.715518 -2.818480
v 3.202745 -1.686675 -2.748844
v 3.202745 -1.360518 -2.818480
v 3.202745 -1.459000 -2.720000
v 3.202745 -1.389362 -2.748844
v 3.202745 -1.715518 -2.981519
v 3.202745 -1.617037 -3.080000
v 3.202745 -1.686675 -3.051156
v 3.202745 -1.459000 -3.080000
v 3.202745 -1.360518 -2.981519
v 3.202745 -1.389362 -3.051156
v 2.302745 -1.459000 -2.720000
v 2.302745 -1.360518 -2.818480
v 2.302745 -1.389362 -2.748844
v 2.302745 -1.715518 -2.818480
v 2.302745 -1.617037 -2.720000
v 2.302745 -1.686675 -2.748844
v 2.302745 -1.617037 -3.080000
v 2.302745 -1.715518 -2.981519
v 2.302745 -1.686675 -3.051156
v 2.302745 -1.360518 -2.981519
v 2.302745 -1.459000 -3.080000
v 2.302745 -1.389362 -3.051156
v 3.602745 -2.135518 -2.300000
v 3.602745 -2.135518 -1.800000
v 3.202745 -2.135518 -2.300000
v 3.202745 -2.135518 -1.800000
v -2.813110 -0.955517 2.300000
v -2.813110 -0.955517 1.800000
v -0.413111 -1.835518 2.300000
v -0.413111 -1.835518 1.800000
v -0.413111 -0.955517 1.800000
v -0.413111 -0.955517 2.300000
v 0.292745 -1.255518 2.300000
v 0.292745 -1.255518 1.800000
v 0.292745 -1.835518 1.800000
v 0.292745 -1.835518 2.300000
v 1.752745 -1.835518 1.800000
v 1.752745 -1.240518 1.800000
v 1.752745 -1.240518 2.300000
v 1.752745 -1.835518 2.300000
v 3.852746 -1.240518 1.800000
v 3.852746 -1.835518 1.800000
v 3.852746 -1.240518 2.300000
v 3.852746 -1.835518 2.300000
v 3.202745 -1.835518 1.800000
v 3.202745 -1.240518 1.800000
v 3.852746 -1.240518 3.200000
v 3.652745 -1.240518 3.400000
v 3.794167 -1.240518 3.341421
v 3.652745 -1.835518 3.400000
v 3.852746 -1.835518 3.200000
v 3.794167 -1.835518 3.341421
v 3.402745 -1.835518 3.400000
v 3.261324 -1.835518 3.341421
v 3.402745 -1.240518 3.400000
v 3.261324 -1.240518 3.341421
v 3.202745 -1.040517 2.300000
v 3.852746 -1.040517 2.300000
v 3.794167 -1.040517 3.341421
v 3.852746 -1.040517 3.200000
v 3.652745 -1.040517 3.400000
v 3.261324 -1.040517 3.341421
v 3.402745 -1.040517 3.400000
v 3.202745 -1.040517 3.200000
v -2.813110 -1.255518 2.600000
v -0.413111 -1.255518 2.600000
v -0.413111 -1.835518 2.600000
v -2.813110 -1.664815 1.800000
v -2.642408 -1.835518 1.800000
v -2.813110 -1.664815 2.300000
v -2.642408 -1.835518 2.300000
v -2.642408 -1.835518 2.600000
v -2.813110 -1.664815 2.600000
v 3.202745 -1.240518 2.300000
v 3.202745 -1.835518 2.300000
v 3.202745 -1.835518 3.200000
v 3.202745 -1.240518 3.200000
v 3.202745 -1.617037 2.720000
v 3.202745 -1.715518 2.818480
v 3.202745 -1.686674 2.748844
v 3.202745 -1.360518 2.818480
v 3.202745 -1.458999 2.720000
v 3.202745 -1.389362 2.748844
v 3.202745 -1.715518 2.981519
v 3.202745 -1.617037 3.080000
v 3.202745 -1.686674 3.051156
v 3.202745 -1.458999 3.080000
v 3.202745 -1.360518 2.981519
v 3.202745 -1.389362 3.051156
v 2.302745 -1.458999 2.720000
v 2.302745 -1.360518 2.818480
v 2.302745 -1.389362 2.748844
v 2.302745 -1.715518 2.818480
v 2.302745 -1.617037 2.720000
v 2.302745 -1.686674 2.748844
v 2.302745 -1.617037 3.080000
v 2.302745 -1.715518 2.981519
v 2.302745 -1.686674 3.051156
v 2.302745 -1.360518 2.981519
v 2.302745 -1.458999 3.080000
v 2.302745 -1.389362 3.051156
v 3.602745 -2.135518 2.300000
v 3.602745 -2.135518 1.800000
v 3.202745 -2.135518 2.300000
v 3.202745 -2.135518 1.800000
v -1.886333 -0.247962 1.589842
v -2.025359 -0.241210 1.589842
v -2.166184 -0.244732 1.589842
v -1.889610 -0.395709 1.589842
v -2.029845 -0.388897 1.589842
v -2.166184 -0.392531 1.589842
v -1.864054 -0.433918 1.589842
v -1.859139 -0.212314 1.589842
v -2.025137 -0.204252 1.589842
v -2.030052 -0.425857 1.589842
v -2.192575 -0.208439 1.589842
v -2.192575 -0.430189 1.589842
v -1.889610 -0.395709 1.479842
v -1.886333 -0.247962 1.479842
v -2.025359 -0.241210 1.479842
v -2.029845 -0.388897 1.479842
v -2.166184 -0.244732 1.479842
v -2.166184 -0.392531 1.479842
v -2.078351 -0.219845 2.380660
v -1.976159 -0.219845 2.380660
v -1.913032 -0.219672 2.368104
v -1.818619 -0.219128 2.328999
v -1.765102 -0.218630 2.293242
v -1.692842 -0.217627 2.220984
v -1.657082 -0.216884 2.167470
v -1.617976 -0.215572 2.073061
v -1.605419 -0.214695 2.009937
v -1.605419 -0.213275 1.907752
v -1.617976 -0.212398 1.844626
v -1.649900 -0.211235 1.746201
v -1.700023 -0.210193 1.637177
v -1.773882 -0.210717 1.589842
v -2.280628 -0.209257 1.589842
v -2.354487 -0.210193 1.637177
v -2.404610 -0.211235 1.746201
v -2.436535 -0.212398 1.844626
v -2.449092 -0.213275 1.907752
v -2.449092 -0.214695 2.009937
v -2.436535 -0.215572 2.073061
v -2.397428 -0.216884 2.167470
v -2.361668 -0.217627 2.220984
v -2.289408 -0.218630 2.293242
v -2.235891 -0.219128 2.328999
v -2.141479 -0.219672 2.368104
v -1.818619 -0.440877 2.327427
v -1.913032 -0.441421 2.366532
v -1.976159 -0.441595 2.379088
v -2.078351 -0.441595 2.379088
v -1.692842 -0.439376 2.219414
v -1.765102 -0.440381 2.291670
v -1.617976 -0.437321 2.071491
v -1.657082 -0.438633 2.165898
v -1.605419 -0.435024 1.906180
v -1.605419 -0.436444 2.008365
v -1.650040 -0.432982 1.744693
v -1.617976 -0.434147 1.843054
v -1.773882 -0.432378 1.589842
v -1.699884 -0.431945 1.637112
v -2.354626 -0.431945 1.637112
v -2.280628 -0.431006 1.589842
v -2.436535 -0.434147 1.843054
v -2.404471 -0.432982 1.744693
v -2.449092 -0.436444 2.008365
v -2.449092 -0.435024 1.906180
v -2.397428 -0.438633 2.165898
v -2.436535 -0.437321 2.071491
v -2.289408 -0.440381 2.291670
v -2.361668 -0.439376 2.219413
v -2.141479 -0.441421 2.366532
v -2.235891 -0.440877 2.327427
v -2.048002 -0.370347 1.479842
v -2.006504 -0.370347 1.479842
v -2.006504 -0.370347 1.039842
v -2.048002 -0.370347 1.039842
v -1.981428 -0.352129 1.479842
v -1.968604 -0.312661 1.479842
v -1.968604 -0.312661 1.039842
v -1.981428 -0.352129 1.039842
v -1.978182 -0.283183 1.479842
v -2.011755 -0.258791 1.479842
v -2.011755 -0.258791 1.039842
v -1.978182 -0.283183 1.039842
v -2.042750 -0.258791 1.479842
v -2.076323 -0.283183 1.479842
v -2.076323 -0.283183 1.039842
v -2.042750 -0.258791 1.039842
v -2.085901 -0.312661 1.479842
v -2.073078 -0.352129 1.479842
v -2.073078 -0.352129 1.039842
v -2.085901 -0.312661 1.039842
v 0.650094 -0.646517 -0.560000
v 0.642042 -0.646517 -1.000000
v 0.704693 -0.396517 -1.000000
v 0.704693 -0.396517 -0.560000
v 1.837745 -0.396517 -0.560000
v 1.912745 -0.646517 -0.560000
v 1.912745 -0.646517 -1.000000
v 1.842745 -0.396517 -1.000000
v 1.592745 -0.646517 -1.000000
v 1.512745 -0.646517 -0.560000
v 1.587745 -0.396517 -0.560000
v 1.592745 -0.396517 -1.000000
v 1.512745 -0.646517 1.800000
v 1.587745 -0.396517 1.800000
v 1.837745 -0.396517 1.800000
v 1.912745 -0.646517 1.800000
v 1.512745 -1.046518 1.800000
v 1.912745 -1.046518 1.800000
v 1.902060 -0.610902 2.091563
v 1.912745 -0.703300 2.120240
v 1.512745 -0.703300 2.120240
v 1.523430 -0.610902 2.091563
v 1.912745 -0.749234 2.104254
v 1.912745 -0.844830 2.038580
v 1.512745 -0.844830 2.038580
v 1.512745 -0.749234 2.104254
v -3.950417 -1.605760 -1.300000
v -3.950417 -1.605760 -0.000000
v -4.838302 -0.542986 -0.000000
v -4.838302 -0.542986 -1.300000
v -4.487361 -0.353692 -1.029163
v -4.353535 -0.281507 -1.247175
v -4.280907 -0.242332 -1.300000
v -3.710747 0.061389 -0.151153
v -4.534355 -0.379038 -0.772000
v -4.487361 -0.353692 -0.514837
v -4.153251 -0.173475 -0.151153
v -3.916999 -0.046043 -0.100000
v -4.353535 -0.281507 -0.296824
v -3.572580 -1.340814 -0.772000
v -3.530057 -1.310996 -0.514837
v -3.530057 -1.310996 -1.029163
v -3.343242 -1.179997 -1.300000
v -3.408961 -1.226081 -1.247175
v -3.408961 -1.226081 -0.296824
v -3.013950 -0.949091 -0.100000
v -3.227729 -1.098997 -0.151153
v -2.830172 -0.819186 -0.151153
v -4.540089 -0.383345 -0.000000
v -4.540089 -0.383345 1.600000
v -3.594417 -1.355760 1.600000
v -3.594417 -1.355760 -0.000000
v -4.540089 -0.383345 0.650000
v -3.594417 -1.355760 0.650000
v -4.855158 -0.592498 0.650000
v -4.855158 -0.592498 1.600000
v -3.909485 -1.564914 1.600000
v -3.909485 -1.564914 0.650000
v -3.741518 0.048367 -0.000000
v -3.741518 0.048367 1.600000
v -2.829617 -0.819760 1.600000
v -2.829617 -0.819760 -0.000000
v -2.829617 -0.819760 0.650000
v -3.741518 0.048367 0.650000
v 0.097247 -0.645000 1.102360
v 0.097247 -0.645000 0.302360
v 0.328247 -0.645000 1.102360
v 0.328247 -0.645000 0.302360
v 0.097247 -0.210812 0.943374
v 0.097247 -0.353376 0.800810
v 0.097247 -0.296273 0.886271
v 0.097247 -0.373428 0.700002
v 0.097247 -0.353376 0.599194
v 0.097247 -0.210812 0.456630
v 0.097247 -0.296273 0.513733
v 0.328247 -0.353376 0.599194
v 0.328247 -0.296273 0.513733
v 0.328247 -0.210812 0.456630
v 0.328247 -0.210812 0.943374
v 0.328247 -0.296273 0.886271
v 0.328247 -0.373428 0.700002
v 0.328247 -0.353376 0.800810
v 3.499260 -2.245760 -1.200000
v 4.532746 -0.645760 -1.800000
v 3.499260 -2.245760 -0.000000
v 4.532746 -0.645760 -0.000000
v 2.452745 -2.245760 -1.200000
v 0.972745 -2.245760 -1.200000
v -0.107255 -2.245760 -1.200000
v -1.987255 -2.245760 -1.200000
v -2.587255 -0.645760 -1.800000
v -0.107255 -0.645760 -1.800000
v 0.972745 -0.645760 -1.800000
v 2.452745 -0.645760 -1.800000
v -2.587255 -0.645760 -0.000000
v -0.107255 -0.645760 -0.000000
v 0.972745 -0.645760 -0.000000
v 2.452745 -0.645760 -0.000000
v -1.987255 -2.245760 -0.000000
v 3.492745 -0.645760 -1.800000
v 3.492745 -0.645760 -0.000000
v -3.309641 -2.198577 -1.650000
v -3.967255 -1.605760 -1.800000
v -3.590554 -2.105491 -1.650000
v -3.967255 -1.605760 -0.000000
v -3.309641 -2.198577 -0.000000
v -3.590554 -2.105491 -0.000000
v 3.499260 -2.245760 1.200000
v 4.532746 -0.645760 1.800000
v 2.452745 -2.245760 1.200000
v 0.972745 -2.245760 1.200000
v -0.107255 -2.245760 1.200000
v -1.987255 -2.245760 1.200000
v -2.587255 -0.645760 1.800000
v -0.107255 -0.645760 1.800000
v 0.972745 -0.645760 1.800000
v 2.452745 -0.645760 1.800000
v 3.492745 -0.645760 1.800000
v -3.309641 -2.198577 1.650000
v -3.967255 -1.605760 1.800000
v -3.590554 -2.105491 1.650000
v 4.532746 -1.628760 0.400000
v 4.532746 -1.862760 0.400000
v 4.532746 -1.628760 -1.600000
v 4.532746 -1.862760 -1.600000
v 5.032746 -1.693378 0.335382
v 5.032746 -1.798141 0.335382
v 5.032746 -1.628760 -1.600000
v 5.032746 -1.862760 -1.600000
v 5.032746 -1.798141 -0.535382
v 5.032746 -1.693378 -0.535382
v 5.032746 -1.862760 -0.600000
v 5.032746 -1.862760 0.400000
v 5.032746 -1.628760 0.400000
v 5.032746 -1.628760 -0.600000
v 4.832745 -1.798141 -0.535382
v 4.832745 -1.798141 0.335382
v 4.832745 -1.693378 0.335382
v 4.832745 -1.693378 -0.535382
v -3.732940 -2.058309 -1.800000
v -3.167255 -2.245760 -1.800000
v -3.167255 -2.245760 -0.000000
v -3.732940 -2.058309 -0.000000
v -3.732940 -2.058309 1.800000
v -3.167255 -2.245760 1.800000
v -3.622009 -2.200415 -1.650000
v -3.341096 -2.293501 -1.650000
v -3.341096 -2.293501 -0.000000
v -3.622009 -2.200415 -0.000000
v -3.622009 -2.200415 1.650000
v -3.341096 -2.293501 1.650000
v 4.532746 -2.245760 -0.000000
v 4.532746 -2.245760 -1.800000
v 3.492745 -2.245760 -1.800000
v 2.452745 -2.245760 -1.800000
v 0.972745 -2.245760 -1.800000
v -0.107255 -2.245760 -1.800000
v -2.587255 -2.245760 -1.800000
v -2.587255 -2.245760 -0.000000
v 4.532746 -2.245760 1.800000
v 3.492745 -2.245760 1.800000
v 2.452745 -2.245760 1.800000
v 0.972745 -2.245760 1.800000
v -0.107255 -2.245760 1.800000
v -2.587255 -2.245760 1.800000
v 3.499260 -2.045760 -0.000000
v 3.499260 -2.045760 -1.200000
v 2.452745 -2.045760 -1.200000
v 0.972745 -2.045760 -1.200000
v -0.107255 -2.045760 -1.200000
v -1.987255 -2.045760 -1.200000
v -1.987255 -2.045760 -0.000000
v 3.499260 -2.045760 1.200000
v 2.452745 -2.045760 1.200000
v 0.972745 -2.045760 1.200000
v -0.107255 -2.045760 1.200000
v -1.987255 -2.045760 1.200000
v -1.347255 -2.245760 -1.800000
v -1.347255 -0.645760 -1.800000
v -1.347255 -0.645760 -0.000000
v -1.347255 -2.245760 1.800000
v -1.347255 -0.645760 1.800000
v -1.047255 -2.245760 -1.200000
v -1.047255 -2.245760 1.200000
v -1.047255 -2.045760 -1.200000
v -1.047255 -2.045760 1.200000
v -1.347255 -0.945759 -0.000000
v -0.107255 -0.945759 -0.000000
v -1.347255 -0.945759 1.800000
v -0.107255 -0.945759 1.800000
v 4.532748 -1.470000 1.502360
v 4.532748 -1.470000 1.102360
v 4.641869 -2.550000 1.457616
v 4.577490 -2.550000 1.393239
v 4.577490 -2.550000 1.211482
v 4.641869 -2.550000 1.147104
v 4.888003 -2.550000 1.393239
v 4.823626 -2.550000 1.457616
v 4.823626 -2.550000 1.147104
v 4.888003 -2.550000 1.211482
v 4.532748 -2.172000 1.411772
v 4.623335 -2.172000 1.502360
v 4.532748 -2.081412 1.502360
v 4.623335 -2.172000 1.102360
v 4.532748 -2.172000 1.192948
v 4.532748 -2.081412 1.102360
v 4.932747 -2.172000 1.192948
v 4.842159 -2.172000 1.102360
v 4.932747 -2.081412 1.102360
v 4.842159 -2.172000 1.502360
v 4.932747 -2.172000 1.411772
v 4.932747 -2.081412 1.502360
v 4.932747 -1.703582 1.430236
v 4.932747 -1.703582 1.174484
v 4.932747 -1.470000 1.102360
v 4.932747 -1.470000 1.502360
v 4.932747 -1.775706 1.502360
v 4.932747 -1.775706 1.102360
v 5.132746 -1.542123 1.174484
v 5.132746 -1.542123 1.430236
v 5.032747 -1.542123 1.174484
v 5.032747 -1.542123 1.430236
v -3.967255 -1.605760 0.900000
v -3.732940 -2.058309 0.900000
v -4.147559 -2.127486 1.029207
v -4.147559 -2.127486 1.670793
v -4.263057 -1.904416 1.029207
v -4.263057 -1.904416 1.670793
v 0.328247 -0.215001 0.302360
v 0.328247 -0.215001 1.102360
v 0.097247 -0.215001 0.302360
v 0.097247 -0.215001 1.102360
v 5.105885 -1.703582 1.430236
v 5.132746 -1.703582 1.403375
v 5.132746 -1.676721 1.430236
v 5.132746 -1.703582 1.201345
v 5.105885 -1.703582 1.174484
v 5.132746 -1.676721 1.174484
v 5.059608 -1.703582 1.174484
v 5.032747 -1.703582 1.201345
v 5.005886 -1.703582 1.174484
v 5.032747 -1.676721 1.174484
v 5.032747 -1.703582 1.403375
v 5.059608 -1.703582 1.430236
v 5.032747 -1.676721 1.430236
v 5.005886 -1.703582 1.430236
v 5.105885 -2.403582 1.174484
v 5.132746 -2.403582 1.201345
v 5.132746 -2.403582 1.403375
v 5.105885 -2.403582 1.430236
v 5.032747 -2.403582 1.201345
v 5.059608 -2.403582 1.174484
v 5.059608 -2.403582 1.430236
v 5.032747 -2.403582 1.403375
v 4.623335 -2.550000 1.102360
v 4.532748 -2.550000 1.192948
v 4.932747 -2.550000 1.192948
v 4.842159 -2.550000 1.102360
v 4.842159 -2.550000 1.502360
v 4.932747 -2.550000 1.411772
v 4.532748 -2.550000 1.411772
v 4.623335 -2.550000 1.502360
v 4.641869 -2.490000 1.147104
v 4.577490 -2.490000 1.211482
v 4.888003 -2.490000 1.211482
v 4.823626 -2.490000 1.147104
v 4.823626 -2.490000 1.457616
v 4.888003 -2.490000 1.393239
v 4.577490 -2.490000 1.393239
v 4.641869 -2.490000 1.457616
v -4.088151 -2.242225 0.900000
v -4.088151 -2.242225 1.800000
v -4.322466 -1.789677 0.900000
v -4.322466 -1.789677 1.800000
v -4.058756 -2.081507 1.029207
v -4.058756 -2.081507 1.670793
v -4.174255 -1.858437 1.029207
v -4.174255 -1.858437 1.670793
v -3.118495 -0.664112 -0.489219
v -3.083140 -0.628756 -0.507387
v -3.860957 0.149062 -0.507387
v -3.896313 0.113706 -0.489219
v -3.049355 -0.594971 -0.486613
v -3.037178 -0.582794 -0.439219
v -3.814996 0.195024 -0.439219
v -3.827172 0.182847 -0.486613
v -3.067032 -0.612648 -0.354780
v -3.102388 -0.648004 -0.336613
v -3.880205 0.129814 -0.336613
v -3.844849 0.165170 -0.354780
v -3.136172 -0.681788 -0.357387
v -3.148349 -0.693965 -0.404781
v -3.926167 0.083853 -0.404781
v -3.913990 0.096029 -0.357387
v 3.034748 -0.110000 1.123561
v 3.034748 -0.110000 0.181161
v 3.049820 -0.185771 1.123561
v 3.049820 -0.185771 0.181161
v 3.092741 -0.250007 1.123561
v 3.092741 -0.250007 0.181161
v 3.156976 -0.297952 1.123561
v 3.156976 -0.297952 0.181161
v 3.232748 -0.317952 1.123561
v 3.232748 -0.297952 0.181161
v 3.308519 -0.297952 1.123561
v 3.308519 -0.297952 0.181161
v 3.372755 -0.250007 1.123561
v 3.372755 -0.250007 0.181161
v 3.415676 -0.185771 1.123561
v 3.415676 -0.185771 0.181161
v 3.430748 -0.110000 1.123561
v 3.430748 -0.110000 0.181161
v 3.415676 -0.034229 1.123561
v 3.415676 -0.034229 0.181161
v 3.372755 0.030007 1.123561
v 3.372755 0.030007 0.181161
v 3.308519 0.072928 1.123561
v 3.308519 0.072928 0.181161
v 3.232748 0.088000 1.123561
v 3.232748 0.088000 0.181161
v 3.156976 0.072928 1.123561
v 3.156976 0.072928 0.181161
v 3.092741 0.030007 1.123561
v 3.092741 0.030007 0.181161
v 3.049820 -0.034229 1.123561
v 3.049820 -0.034229 0.181161
v 3.034748 -0.110000 0.962360
v 3.034748 -0.110000 0.442360
v 3.049820 -0.185771 0.442360
v 3.049820 -0.185771 0.962360
v 3.092741 -0.250007 0.962360
v 3.092741 -0.250007 0.442360
v 3.156976 -0.297952 0.962360
v 3.156976 -0.297952 0.442360
v 3.232748 -0.317952 0.962360
v 3.232748 -0.297952 0.442360
v 3.308519 -0.297952 0.962360
v 3.308519 -0.297952 0.442360
v 3.372755 -0.250007 0.962360
v 3.372755 -0.250007 0.442360
v 3.415676 -0.185771 0.442360
v 3.415676 -0.185771 0.962360
v 3.430748 -0.110000 0.442360
v 3.430748 -0.110000 0.962360
v 3.415676 -0.034229 0.442360
v 3.415676 -0.034229 0.962360
v 3.372755 0.030007 0.442360
v 3.372755 0.030007 0.962360
v 3.308519 0.072928 0.962360
v 3.308519 0.072928 0.442360
v 3.232748 0.088000 0.962360
v 3.232748 0.088000 0.442360
v 3.156976 0.072928 0.962360
v 3.156976 0.072928 0.442360
v 3.092741 0.030007 0.962360
v 3.092741 0.030007 0.442360
v 3.049820 -0.034229 0.962360
v 3.049820 -0.034229 0.442360
v 3.156976 -0.647952 0.181161
v 3.232748 -0.647952 0.181161
v 3.308519 -0.647952 0.181161
v 3.156976 -0.647952 0.442360
v 3.232748 -0.647952 0.442360
v 3.308519 -0.647952 0.442360
v 3.086661 -0.647602 1.123561
v 3.153434 -0.647602 1.123561
v 3.232199 -0.647602 1.123561
v 3.310963 -0.647602 1.123561
v 3.377736 -0.647602 1.123561
v 3.422352 -0.647602 1.123561
v 3.232199 -0.647602 0.962360
v 3.310963 -0.647602 0.962360
v 3.153434 -0.647602 0.962360
v 3.377736 -0.647602 0.962360
v 3.422352 -0.647602 0.962360
v 3.086661 -0.647602 0.962360
v 4.008519 -0.647952 0.442360
v 4.008519 -0.647952 0.181161
v 4.008519 -0.297952 0.442360
v 4.008519 -0.297952 0.181161
v 2.361498 -0.114910 0.081161
v 2.361498 -0.039138 0.081161
v 2.361498 -0.114910 0.342360
v 2.361498 -0.039138 0.342360
v 2.656976 -0.297952 0.181161
v 2.656976 -0.297952 0.442360
v 2.656976 -0.647952 0.181161
v 2.656976 -0.647952 0.442360
v 2.932747 -0.650001 1.362360
v 2.932747 0.150000 1.362360
v 2.932747 -0.650001 1.122360
v 2.932747 0.150000 1.122360
v 3.732747 -0.650001 1.362360
v 3.732747 0.150000 1.362360
v 3.732747 -0.650001 1.122360
v 3.732747 0.150000 1.122360
v 2.188621 -0.643601 0.034638
v 2.276873 -0.643601 0.034638
v 2.276873 0.083599 0.034638
v 2.188621 0.083599 0.034638
v 2.327213 -0.643601 0.055490
v 2.389617 -0.643601 0.117893
v 2.389617 0.083599 0.117893
v 2.327213 0.083599 0.055490
v 2.410469 -0.643601 0.168234
v 2.410469 -0.643601 0.256486
v 2.410469 0.083599 0.256486
v 2.410469 0.083599 0.168234
v 2.389617 -0.643601 0.306827
v 2.327213 -0.643601 0.369231
v 2.327213 0.083599 0.369231
v 2.389617 0.083599 0.306827
v 2.276873 -0.643601 0.390083
v 2.188621 -0.643601 0.390083
v 2.188621 0.083599 0.390083
v 2.276873 0.083599 0.390083
v 2.138280 -0.643601 0.369231
v 2.075876 -0.643601 0.306827
v 2.075876 0.083599 0.306827
v 2.138280 0.083599 0.369231
v 2.055024 -0.643601 0.256486
v 2.055024 -0.643601 0.168234
v 2.055024 0.083599 0.168234
v 2.055024 0.083599 0.256486
v 2.075876 -0.643601 0.117893
v 2.138280 -0.643601 0.055490
v 2.138280 0.083599 0.055490
v 2.075876 0.083599 0.117893
v -4.526938 0.098919 0.840547
v -4.625849 0.041844 0.916851
v -4.691941 0.003708 1.031048
v -4.715148 -0.009684 1.165753
v -4.691941 0.003708 1.300457
v -4.625849 0.041844 1.414654
v -4.526938 0.098919 1.490958
v -4.410264 0.166244 1.517753
v -4.293591 0.233569 1.490958
v -4.194679 0.290643 1.414654
v -4.128590 0.328780 1.300457
v -4.105382 0.342170 1.165753
v -4.128590 0.328780 1.031048
v -4.194679 0.290643 0.916851
v -4.293591 0.233569 0.840547
v -4.410264 0.166244 0.813753
v -4.647889 0.308526 0.840547
v -4.746799 0.251452 0.916851
v -4.812890 0.213315 1.031048
v -4.836098 0.199924 1.165753
v -4.812890 0.213315 1.300457
v -4.746799 0.251452 1.414654
v -4.647889 0.308526 1.490958
v -4.531215 0.375851 1.517753
v -4.414540 0.443175 1.490957
v -4.315630 0.500250 1.414654
v -4.249539 0.538386 1.300457
v -4.226332 0.551778 1.165753
v -4.249539 0.538386 1.031048
v -4.315630 0.500250 0.916851
v -4.414540 0.443175 0.840547
v -4.531215 0.375851 0.813753
v -4.631785 0.305119 0.870111
v -4.721703 0.253232 0.939479
v -4.781785 0.218564 1.043294
v -4.802884 0.206389 1.165753
v -4.781785 0.218564 1.288211
v -4.721703 0.253232 1.392027
v -4.631785 0.305119 1.461394
v -4.525717 0.366323 1.485753
v -4.419649 0.427527 1.461393
v -4.329731 0.479413 1.392027
v -4.269649 0.514082 1.288211
v -4.248551 0.526257 1.165753
v -4.269649 0.514082 1.043293
v -4.329731 0.479413 0.939479
v -4.419649 0.427527 0.870111
v -4.525717 0.366323 0.845753
v -4.388373 0.177446 0.907585
v -4.855580 0.937979 0.845752
v -4.345695 0.202069 0.913858
v -4.749513 0.999183 0.870109
v -4.659595 1.051070 0.939478
v -4.599512 1.085739 1.043293
v -4.191127 0.291263 1.200714
v -4.578414 1.097912 1.165753
v -4.199617 0.286365 1.232248
v -4.599512 1.085739 1.288211
v -4.659595 1.051070 1.392027
v -4.749513 0.999183 1.461393
v -4.430943 0.152877 1.423920
v -4.855580 0.937979 1.485753
v -4.473622 0.128255 1.417647
v -4.961647 0.876775 1.461393
v -5.051566 0.824890 1.392027
v -5.111649 0.790220 1.288211
v -4.628189 0.039062 1.130791
v -5.132746 0.778046 1.165753
v -4.619701 0.043959 1.099257
v -5.111649 0.790220 1.043293
v -5.051566 0.824890 0.939479
v -4.961647 0.876775 0.870109
v -4.388373 0.177446 0.879396
v -4.331095 0.210492 0.887814
v -4.152974 0.313273 1.200714
v -4.164368 0.306701 1.243036
v -4.430943 0.152877 1.452109
v -4.488222 0.119831 1.443691
v -4.666342 0.017050 1.130791
v -4.654949 0.023623 1.088469
v -4.178639 -0.185976 0.879396
v -4.121360 -0.152930 0.887814
v -3.943239 -0.050148 1.200714
v -3.954633 -0.056721 1.243036
v -4.221209 -0.210545 1.452109
v -4.278487 -0.243590 1.443691
v -4.456607 -0.346372 1.130791
v -4.445213 -0.339799 1.088469
v -4.178639 -0.185976 0.907585
v -4.135960 -0.161353 0.913858
v -3.981392 -0.072158 1.200714
v -3.989881 -0.077057 1.232248
v -4.221209 -0.210545 1.423920
v -4.263887 -0.235167 1.417647
v -4.418454 -0.324361 1.130791
v -4.409965 -0.319462 1.099257
v -2.780930 -0.588311 -0.647087
v -3.795179 0.566278 -0.623676
v -2.830819 -0.638199 -0.492442
v -3.856745 0.504713 -0.432838
v -2.918757 -0.726138 -0.376569
v -3.965264 0.396193 -0.289846
v -3.031357 -0.838738 -0.317109
v -4.104217 0.257242 -0.216468
v -3.151474 -0.958855 -0.323112
v -4.252448 0.109010 -0.223877
v -3.260824 -1.068205 -0.393666
v -4.387390 -0.025933 -0.310944
v -3.342759 -1.150140 -0.518030
v -4.488502 -0.127044 -0.464414
v -3.384804 -1.192185 -0.677269
v -4.540387 -0.178929 -0.660922
v -3.380559 -1.187940 -0.847142
v -4.535148 -0.173690 -0.870553
v -3.330670 -1.138050 -1.001786
v -4.473583 -0.112124 -1.061390
v -3.242731 -1.050111 -1.117659
v -4.365063 -0.003605 -1.204383
v -3.130133 -0.937513 -1.177120
v -4.226111 0.135347 -1.277760
v -3.010014 -0.817395 -1.171116
v -4.077880 0.283578 -1.270351
v -2.900664 -0.708046 -1.100562
v -3.942937 0.418521 -1.183285
v -2.818730 -0.626111 -0.976199
v -3.841826 0.519632 -1.029815
v -2.776684 -0.584065 -0.816959
v -3.789940 0.571517 -0.833306
v -2.904356 -0.447674 -0.432838
v -2.842791 -0.386110 -0.623676
v -2.710760 -0.518140 -0.623676
v -2.772326 -0.579706 -0.432838
v -2.880845 -0.688225 -0.289846
v -3.019797 -0.827178 -0.216468
v -3.168028 -0.975409 -0.223877
v -3.302971 -1.110352 -0.310944
v -3.404082 -1.211463 -0.464414
v -3.455967 -1.263348 -0.660922
v -3.450729 -1.258110 -0.870553
v -3.389163 -1.196544 -1.061390
v -3.280644 -1.088025 -1.204383
v -3.141691 -0.949072 -1.277760
v -2.993460 -0.800841 -1.270351
v -2.858518 -0.665898 -1.183285
v -2.757407 -0.564787 -1.029815
v -2.705521 -0.512902 -0.833306
v -2.569339 -0.659562 -0.623676
v -2.630904 -0.721128 -0.432838
v -3.026607 -1.116830 -0.223877
v -3.161550 -1.251773 -0.310944
v -3.309307 -1.399531 -0.870553
v -3.247742 -1.337965 -1.061390
v -2.852039 -0.942263 -1.270351
v -2.717096 -0.807320 -1.183285
v -2.639508 -0.729732 -0.647087
v -2.689398 -0.779621 -0.492442
v -3.010053 -1.100276 -0.323112
v -3.119403 -1.209627 -0.393666
v -3.239138 -1.329361 -0.847142
v -3.189248 -1.279471 -1.001786
v -2.868593 -0.958817 -1.171116
v -2.759243 -0.849467 -1.100562
v -3.012876 -0.556195 -0.289846
v -3.151828 -0.695147 -0.216468
v -3.300059 -0.843378 -0.223877
v -3.412675 -0.955994 -1.204383
v -3.521194 -1.064513 -1.061390
v -3.435002 -0.978321 -0.310944
v -3.536113 -1.079432 -0.464414
v -2.837552 -0.380870 -0.833306
v -2.889438 -0.432757 -1.029815
v -2.990548 -0.533867 -1.183285
v -3.273723 -0.817041 -1.277760
v -3.125491 -0.668810 -1.270351
v -3.582760 -1.126079 -0.870553
v -3.587999 -1.131317 -0.660922
v -3.618844 0.389943 -0.623676
v -3.680409 0.328378 -0.432838
v -3.788929 0.219858 -0.289846
v -3.927881 0.080905 -0.216468
v -4.076112 -0.067326 -0.223877
v -4.188728 -0.179941 -1.204383
v -4.297247 -0.288459 -1.061390
v -4.211055 -0.202268 -0.310944
v -4.312166 -0.303379 -0.464414
v -3.613605 0.395182 -0.833306
v -3.665490 0.343296 -1.029815
v -3.766602 0.242185 -1.183285
v -4.049775 -0.040988 -1.277760
v -3.901544 0.107243 -1.270351
v -4.358812 -0.350026 -0.870553
v -4.364051 -0.355264 -0.660922
v -3.921357 0.087430 -0.703581
v -3.145304 -0.688623 -0.703581
v -2.797554 -0.340871 -1.058762
v -3.573607 0.435180 -1.058762
v -3.586940 0.421846 -0.579058
v -2.810887 -0.354207 -0.579058
v -3.976025 -0.743291 -0.660922
v -3.970786 -0.738052 -0.870553
v -4.170038 -0.549278 -0.660922
v -4.164799 -0.544038 -0.870553
v -3.688086 -0.455352 -0.223877
v -3.823029 -0.590294 -0.310944
v -3.882099 -0.261339 -0.223877
v -4.017041 -0.396281 -0.310944
v -4.117358 -0.884624 -0.667986
v -4.112119 -0.879385 -0.877616
v -4.311371 -0.690611 -0.667986
v -4.306132 -0.685372 -0.877616
v -3.881729 -0.648995 -0.128986
v -3.746786 -0.514052 -0.041920
v -3.940800 -0.320038 -0.041920
v -4.075742 -0.454981 -0.128986
v -3.946354 0.717453 -0.623676
v -4.007919 0.655888 -0.432838
v -4.116439 0.547368 -0.289846
v -4.255391 0.408415 -0.216468
v -4.403622 0.260186 -0.223877
v -4.538565 0.125243 -0.310944
v -4.639676 0.024131 -0.464414
v -4.691561 -0.027754 -0.660922
v -4.686323 -0.022516 -0.870552
v -4.624757 0.039050 -1.061390
v -4.516238 0.147569 -1.204382
v -4.377285 0.286521 -1.277760
v -4.229054 0.434753 -1.270352
v -4.094112 0.569695 -1.183285
v -4.057255 0.550482 -0.950000
v -4.057255 0.594417 -0.843934
v -4.057255 0.606552 -1.127344
v -3.941947 0.721859 -0.800000
v -4.057255 0.606552 -0.838908
v -3.963325 0.700482 -0.800000
v -3.830528 0.550482 -0.950000
v -3.872676 0.550482 -1.029815
v -3.818452 0.594417 -0.843934
v -3.838497 0.620074 -0.833306
v -4.057255 0.550482 -1.169896
v -3.920570 0.700482 -0.800000
vt 0.392537 0.758622
vt 0.291720 0.768847
vt 0.291720 0.758622
vt 0.392537 0.732610
vt 0.291720 0.742835
vt 0.291720 0.732610
vt 0.291720 0.862667
vt 0.392537 0.872892
vt 0.291720 0.872892
vt 0.392537 0.784633
vt 0.291720 0.794858
vt 0.291720 0.784633
vt 0.004109 0.663742
vt 0.493790 0.674512
vt 0.004109 0.674513
vt 0.004109 0.651898
vt 0.493789 0.641126
vt 0.493789 0.651898
vt 0.004109 0.537759
vt 0.493789 0.526988
vt 0.493789 0.537760
vt 0.392537 0.836656
vt 0.291720 0.846881
vt 0.291720 0.836656
vt 0.392537 0.810645
vt 0.291720 0.820869
vt 0.291720 0.810645
vt 0.301302 0.471804
vt 0.277569 0.472260
vt 0.301228 0.467929
vt 0.493790 0.515146
vt 0.004109 0.504372
vt 0.493790 0.504375
vt 0.004109 0.595542
vt 0.493789 0.606314
vt 0.004109 0.606313
vt 0.004109 0.481403
vt 0.493790 0.492177
vt 0.004109 0.492174
vt 0.004109 0.686711
vt 0.493790 0.697482
vt 0.004109 0.697482
vt 0.004109 0.549958
vt 0.493789 0.560730
vt 0.004109 0.560729
vt 0.004109 0.572572
vt 0.493789 0.583344
vt 0.004109 0.583344
vt 0.420326 0.471597
vt 0.396522 0.471638
vt 0.404816 0.464764
vt 0.444129 0.471970
vt 0.420320 0.467710
vt 0.420388 0.467710
vt 0.372717 0.471679
vt 0.388029 0.456329
vt 0.396500 0.459428
vt 0.253836 0.472716
vt 0.254995 0.444777
vt 0.491733 0.472716
vt 0.468369 0.444389
vt 0.468865 0.444363
vt 0.348912 0.471721
vt 0.333620 0.456424
vt 0.347162 0.443733
vt 0.467931 0.472343
vt 0.444320 0.459761
vt 0.452834 0.456781
vt 0.372177 0.443689
vt 0.372668 0.443722
vt 0.325107 0.471763
vt 0.301295 0.467917
vt 0.317254 0.464917
vt 0.165313 0.795121
vt 0.288084 0.787174
vt 0.288084 0.795121
vt 0.165313 0.820827
vt 0.288084 0.812880
vt 0.288084 0.820827
vt 0.288084 0.846533
vt 0.165313 0.838586
vt 0.288084 0.838586
vt 0.165313 0.769414
vt 0.288084 0.761467
vt 0.288084 0.769415
vt 0.165313 0.872239
vt 0.288084 0.864292
vt 0.288084 0.872239
vt 0.165313 0.743708
vt 0.288084 0.735761
vt 0.288084 0.743708
vt 0.392537 0.820869
vt 0.392537 0.768847
vt 0.392537 0.846881
vt 0.392537 0.862667
vt 0.392537 0.794858
vt 0.392537 0.742835
vt 0.291720 0.716824
vt 0.392537 0.716824
vt 0.288084 0.718002
vt 0.165313 0.735761
vt 0.165313 0.718002
vt 0.165313 0.787173
vt 0.165313 0.864292
vt 0.165313 0.846533
vt 0.165313 0.761467
vt 0.165313 0.812880
vt 0.186087 0.946254
vt 0.195229 0.940309
vt 0.202907 0.953608
vt 0.252466 0.946254
vt 0.243325 0.940309
vt 0.252466 0.924328
vt 0.241683 0.945015
vt 0.246393 0.958634
vt 0.237762 0.951806
vt 0.192634 0.914851
vt 0.213994 0.902519
vt 0.215593 0.913407
vt 0.251912 0.949076
vt 0.251912 0.924410
vt 0.004109 0.709326
vt 0.004109 0.618157
vt 0.004109 0.515144
vt 0.004109 0.526988
vt 0.493789 0.628928
vt 0.004109 0.641127
vt 0.004109 0.628928
vt 0.186087 0.924328
vt 0.193188 0.912029
vt 0.202907 0.916974
vt 0.235647 0.953608
vt 0.226377 0.969515
vt 0.226955 0.958626
vt 0.245366 0.958552
vt 0.226377 0.901067
vt 0.245366 0.912029
vt 0.235647 0.916974
vt 0.243325 0.930273
vt 0.226955 0.911955
vt 0.211599 0.958626
vt 0.211599 0.911955
vt 0.212176 0.969515
vt 0.212176 0.901067
vt 0.193188 0.958552
vt 0.195229 0.930273
vt 0.225032 0.970967
vt 0.225032 0.902519
vt 0.246393 0.914851
vt 0.237762 0.921680
vt 0.241682 0.928470
vt 0.223434 0.960078
vt 0.223434 0.913407
vt 0.213994 0.970967
vt 0.215593 0.960078
vt 0.201264 0.921680
vt 0.201264 0.951806
vt 0.192634 0.958634
vt 0.197344 0.928470
vt 0.197344 0.945015
vt 0.187115 0.924410
vt 0.187115 0.949075
vt 0.493790 0.663740
vt 0.493789 0.595542
vt 0.493790 0.481405
vt 0.493790 0.686710
vt 0.493789 0.549958
vt 0.493789 0.572572
vt 0.493790 0.709324
vt 0.493789 0.618156
vt 0.155895 0.173063
vt 0.160594 0.183837
vt 0.155895 0.182902
vt 0.126244 0.153251
vt 0.137017 0.148552
vt 0.136083 0.153251
vt 0.152130 0.191992
vt 0.156113 0.194654
vt 0.106431 0.173063
vt 0.101732 0.183837
vt 0.101732 0.172128
vt 0.117154 0.198949
vt 0.125309 0.207413
vt 0.114492 0.202933
vt 0.110196 0.163973
vt 0.106213 0.161311
vt 0.145172 0.157016
vt 0.156113 0.161311
vt 0.152130 0.163973
vt 0.145172 0.198949
vt 0.147834 0.202933
vt 0.147834 0.153032
vt 0.117154 0.157016
vt 0.114492 0.153032
vt 0.110196 0.191992
vt 0.106213 0.194654
vt 0.137017 0.207413
vt 0.136083 0.202714
vt 0.160594 0.172128
vt 0.125309 0.148552
vt 0.106431 0.182902
vt 0.126244 0.202714
vt 0.065109 0.422735
vt 0.005089 0.404337
vt 0.065109 0.404337
vt 0.069165 0.223033
vt 0.078882 0.228850
vt 0.076601 0.237444
vt 0.065109 0.275545
vt 0.005089 0.257147
vt 0.065109 0.257147
vt 0.005089 0.385938
vt 0.065109 0.385938
vt 0.005089 0.238748
vt 0.065109 0.238748
vt 0.005089 0.367539
vt 0.065109 0.367539
vt 0.065109 0.220349
vt 0.005089 0.220349
vt 0.005089 0.349140
vt 0.065109 0.349140
vt 0.005089 0.201950
vt 0.065109 0.201950
vt 0.005089 0.330742
vt 0.065109 0.330742
vt 0.065109 0.183551
vt 0.005089 0.165153
vt 0.065109 0.165153
vt 0.005089 0.183551
vt 0.065109 0.312343
vt 0.005089 0.312343
vt 0.065109 0.146754
vt 0.005089 0.146754
vt 0.005089 0.293944
vt 0.065109 0.293944
vt 0.005089 0.441134
vt 0.005089 0.422736
vt 0.005089 0.275545
vt 0.092451 0.231988
vt 0.105912 0.228122
vt 0.098203 0.235831
vt 0.102069 0.222370
vt 0.115985 0.223949
vt 0.114636 0.217164
vt 0.126888 0.223949
vt 0.128238 0.217164
vt 0.136961 0.228122
vt 0.140805 0.222370
vt 0.144671 0.235831
vt 0.150423 0.231988
vt 0.148843 0.245904
vt 0.155629 0.244555
vt 0.148843 0.256807
vt 0.150423 0.270724
vt 0.155629 0.258157
vt 0.140805 0.280342
vt 0.144671 0.266880
vt 0.128238 0.285548
vt 0.136961 0.274590
vt 0.114636 0.285548
vt 0.126888 0.278762
vt 0.102069 0.280342
vt 0.115985 0.278762
vt 0.092451 0.270724
vt 0.105912 0.274590
vt 0.087245 0.258157
vt 0.098203 0.266880
vt 0.087245 0.244555
vt 0.094030 0.256807
vt 0.094030 0.245904
vt 0.072517 0.356599
vt 0.082846 0.361387
vt 0.081476 0.370220
vt 0.069343 0.256321
vt 0.071036 0.255772
vt 0.070870 0.256310
vt 0.077810 0.406516
vt 0.076216 0.389861
vt 0.077744 0.389714
vt 0.081111 0.372670
vt 0.077851 0.389132
vt 0.075382 0.270976
vt 0.075977 0.272919
vt 0.079480 0.423165
vt 0.084560 0.405666
vt 0.088581 0.416250
vt 0.069082 0.289787
vt 0.078861 0.283868
vt 0.084598 0.289151
vt 0.072759 0.156585
vt 0.093745 0.167033
vt 0.097844 0.174628
vt 0.069244 0.306520
vt 0.091168 0.298013
vt 0.071168 0.173154
vt 0.099039 0.181551
vt 0.100535 0.191410
vt 0.069844 0.323242
vt 0.096069 0.305172
vt 0.097997 0.311967
vt 0.070012 0.189758
vt 0.098664 0.197976
vt 0.096049 0.207804
vt 0.070961 0.339938
vt 0.100535 0.321666
vt 0.099359 0.328428
vt 0.069370 0.206390
vt 0.089136 0.217216
vt 0.084596 0.223706
vt 0.097784 0.338530
vt 0.091868 0.348671
vt 0.196142 0.175568
vt 0.164234 0.155566
vt 0.196143 0.155566
vt 0.114432 0.319400
vt 0.164234 0.355584
vt 0.133454 0.377947
vt 0.196143 0.235573
vt 0.164234 0.215571
vt 0.196143 0.215571
vt 0.196143 0.295579
vt 0.180188 0.275577
vt 0.196143 0.275577
vt 0.196143 0.355584
vt 0.164234 0.335582
vt 0.196143 0.335582
vt 0.196143 0.195570
vt 0.164234 0.195570
vt 0.196143 0.255575
vt 0.164234 0.255575
vt 0.196143 0.315581
vt 0.164234 0.315581
vt 0.164234 0.175568
vt 0.164234 0.235573
vt 0.180188 0.295579
vt 0.200912 0.003544
vt 0.181279 0.142712
vt 0.181279 0.003544
vt 0.024216 0.142712
vt 0.004584 0.003544
vt 0.024216 0.003544
vt 0.043849 0.142712
vt 0.043849 0.003544
vt 0.063482 0.142712
vt 0.063482 0.003544
vt 0.083115 0.142712
vt 0.083115 0.003544
vt 0.102748 0.142712
vt 0.102748 0.003544
vt 0.122381 0.142712
vt 0.122381 0.003544
vt 0.142013 0.142712
vt 0.142013 0.003544
vt 0.161646 0.142712
vt 0.161646 0.003544
vt 0.164234 0.275577
vt 0.164234 0.295579
vt 0.169251 0.290562
vt 0.169251 0.280593
vt 0.175172 0.280593
vt 0.175172 0.290562
vt 0.665727 0.005684
vt 0.611350 0.091520
vt 0.611350 0.005684
vt 0.918102 0.331582
vt 0.678715 0.342299
vt 0.693452 0.262047
vt 0.897260 0.091520
vt 0.693452 0.005684
vt 0.897260 0.005684
vt 0.672611 0.106677
vt 0.911997 0.095960
vt 0.897260 0.176212
vt 0.979363 0.091520
vt 0.924986 0.005684
vt 0.979363 0.005684
vt 0.912652 0.262047
vt 0.897260 0.262047
vt 0.991697 0.091520
vt 0.991697 0.005684
vt 0.912652 0.091520
vt 0.912652 0.005684
vt 0.924986 0.091520
vt 0.678061 0.176211
vt 0.693452 0.176211
vt 0.599016 0.005684
vt 0.599016 0.091520
vt 0.678061 0.091520
vt 0.678061 0.005684
vt 0.258875 0.357840
vt 0.285331 0.408386
vt 0.258875 0.408386
vt 0.285331 0.357840
vt 0.311786 0.408386
vt 0.311786 0.357840
vt 0.338242 0.408386
vt 0.338242 0.357840
vt 0.364697 0.408386
vt 0.364697 0.357840
vt 0.391153 0.408386
vt 0.391153 0.357840
vt 0.417608 0.408386
vt 0.444064 0.357840
vt 0.444064 0.408386
vt 0.470519 0.357840
vt 0.470519 0.408386
vt 0.496975 0.408386
vt 0.523431 0.357839
vt 0.523431 0.408386
vt 0.924365 0.100143
vt 0.955999 0.121907
vt 0.924365 0.121907
vt 0.205964 0.357839
vt 0.232419 0.408386
vt 0.205964 0.408386
vt 0.232420 0.357840
vt 0.883271 0.568775
vt 0.921231 0.492855
vt 0.921231 0.568775
vt 0.883271 0.492855
vt 0.921231 0.442241
vt 0.883271 0.619389
vt 0.921231 0.619389
vt 0.832657 0.568775
vt 0.832657 0.492855
vt 0.984498 0.492855
vt 0.959192 0.442241
vt 0.959192 0.619389
vt 0.589823 0.263610
vt 0.559994 0.263709
vt 0.570975 0.252729
vt 0.615606 0.278610
vt 0.585804 0.278610
vt 0.630434 0.252728
vt 0.611586 0.263610
vt 0.656316 0.237900
vt 0.641415 0.263709
vt 0.641316 0.212117
vt 0.641316 0.233880
vt 0.630434 0.193269
vt 0.656316 0.208098
vt 0.615605 0.167388
vt 0.641415 0.182288
vt 0.589823 0.182388
vt 0.611586 0.182388
vt 0.570975 0.193269
vt 0.585803 0.167388
vt 0.545093 0.208098
vt 0.559994 0.182289
vt 0.560093 0.212117
vt 0.545093 0.237900
vt 0.560093 0.233881
vt 0.924365 0.143670
vt 0.955999 0.165434
vt 0.924365 0.165434
vt 0.924365 0.296015
vt 0.955999 0.317778
vt 0.924365 0.317778
vt 0.924365 0.230724
vt 0.955999 0.252488
vt 0.924365 0.252488
vt 0.955999 0.143670
vt 0.955999 0.187197
vt 0.924365 0.187197
vt 0.955999 0.339542
vt 0.924365 0.339542
vt 0.955999 0.274251
vt 0.924365 0.274251
vt 0.955998 0.208961
vt 0.924365 0.208961
vt 0.955999 0.361305
vt 0.924365 0.361305
vt 0.955999 0.296015
vt 0.955998 0.230724
vt 0.541738 0.087194
vt 0.588977 0.039021
vt 0.588977 0.087194
vt 0.541738 0.039021
vt 0.588977 -0.000747
vt 0.541572 0.087669
vt 0.588812 0.039497
vt 0.588812 0.087669
vt 0.541572 0.127438
vt 0.541572 0.039497
vt 0.588812 -0.000272
vt 0.541738 0.126962
vt 0.466339 0.122937
vt 0.408615 0.105003
vt 0.421944 0.097306
vt 0.524066 0.105004
vt 0.466340 0.138329
vt 0.408617 0.038349
vt 0.421947 0.046045
vt 0.510736 0.097309
vt 0.524066 0.038350
vt 0.315163 0.413381
vt 0.242367 0.346737
vt 0.315163 0.346737
vt 0.315163 0.146804
vt 0.242367 0.080160
vt 0.315163 0.080160
vt 0.315163 0.280093
vt 0.242367 0.213449
vt 0.315163 0.213449
vt 0.315163 0.013516
vt 0.242367 0.013516
vt 0.242367 0.280093
vt 0.242367 0.146804
vt 0.466342 0.020415
vt 0.466342 0.005023
vt 0.468574 0.380887
vt 0.395853 0.506845
vt 0.323131 0.380887
vt 0.510737 0.046047
vt 0.486496 0.626068
vt 0.480132 0.990685
vt 0.480132 0.626068
vt 0.511954 0.626046
vt 0.505589 0.990662
vt 0.505589 0.626045
vt 0.499225 0.626057
vt 0.492861 0.990673
vt 0.492861 0.626056
vt 0.448311 0.626102
vt 0.441946 0.990718
vt 0.441946 0.626102
vt 0.473768 0.626079
vt 0.467403 0.990696
vt 0.467403 0.626079
vt 0.435582 0.626113
vt 0.429218 0.990730
vt 0.429218 0.626113
vt 0.564851 0.531597
vt 0.586265 0.498749
vt 0.619113 0.520163
vt 0.461039 0.626091
vt 0.454675 0.990707
vt 0.454675 0.626090
vt 0.486496 0.990685
vt 0.422853 0.626124
vt 0.410125 0.626136
vt 0.416489 0.990741
vt 0.410125 0.990752
vt 0.448311 0.990719
vt 0.473768 0.990696
vt 0.416489 0.626124
vt 0.915487 0.899106
vt 0.892992 0.933611
vt 0.892992 0.899106
vt 0.627008 0.983904
vt 0.643537 0.961354
vt 0.643537 0.983904
vt 0.853659 0.756442
vt 0.886387 0.610523
vt 0.886387 0.756442
vt 0.627008 0.812597
vt 0.599461 0.944825
vt 0.599461 0.812597
vt 0.599461 0.983904
vt 0.993561 0.963618
vt 0.937487 0.992622
vt 0.908483 0.963618
vt 0.853659 0.802644
vt 0.886387 0.802644
vt 0.937487 0.895376
vt 0.892992 0.833419
vt 0.915487 0.833419
vt 0.993561 0.754224
vt 0.936037 0.754224
vt 0.853659 0.898209
vt 0.886387 0.898209
vt 0.827353 0.685157
vt 0.800838 0.705866
vt 0.800838 0.685157
vt 0.827352 0.653605
vt 0.685377 0.368814
vt 0.710421 0.336258
vt 0.710421 0.368814
vt 0.915487 0.768185
vt 0.936037 0.614039
vt 0.993561 0.614039
vt 0.853659 0.993119
vt 0.723619 0.653605
vt 0.736877 0.642999
vt 0.736877 0.653605
vt 0.745612 0.716520
vt 0.742506 0.695763
vt 0.753112 0.685157
vt 0.723619 0.685157
vt 0.736877 0.685157
vt 0.744994 0.653605
vt 0.753112 0.653605
vt 0.744994 0.685157
vt 0.715502 0.653605
vt 0.715502 0.685157
vt 0.707385 0.653605
vt 0.800838 0.653605
vt 0.772599 0.339192
vt 0.775533 0.358797
vt 0.765516 0.368814
vt 0.744994 0.642999
vt 0.720438 0.368814
vt 0.715502 0.642999
vt 0.753112 0.642999
vt 0.659658 0.653605
vt 0.707385 0.642999
vt 0.723619 0.642999
vt 0.800838 0.642999
vt 0.650383 0.944825
vt 0.627008 0.944825
vt 0.906023 0.756442
vt 0.682339 0.812597
vt 0.672934 0.944825
vt 0.599461 0.997205
vt 0.627008 0.997205
vt 0.643537 0.997205
vt 0.659658 0.685157
vt 0.827353 0.727077
vt 0.827353 0.705866
vt 0.784929 0.727077
vt 0.800838 0.727077
vt 0.800838 0.742986
vt 0.827353 0.742986
vt 0.892034 0.768185
vt 0.914528 0.802690
vt 0.892034 0.802690
vt 0.654861 0.984488
vt 0.638333 0.961938
vt 0.654861 0.945409
vt 0.852935 0.610850
vt 0.885662 0.756769
vt 0.852935 0.756769
vt 0.682409 0.945409
vt 0.654861 0.813180
vt 0.682409 0.813180
vt 0.682409 0.984488
vt 0.937269 0.613896
vt 0.993343 0.642900
vt 0.908266 0.642900
vt 0.885662 0.802971
vt 0.852935 0.802971
vt 0.937269 0.711142
vt 0.993343 0.711142
vt 0.892034 0.868377
vt 0.914528 0.868377
vt 0.993343 0.852294
vt 0.935819 0.852294
vt 0.885662 0.898535
vt 0.852935 0.898535
vt 0.780109 0.836908
vt 0.800818 0.810393
vt 0.800818 0.836908
vt 0.832370 0.810393
vt 0.710536 0.368483
vt 0.685492 0.335927
vt 0.710536 0.335927
vt 0.914528 0.933611
vt 0.935819 0.992479
vt 0.885662 0.993445
vt 0.842976 0.900869
vt 0.832370 0.914127
vt 0.832370 0.900869
vt 0.790212 0.895240
vt 0.769455 0.892134
vt 0.766349 0.836908
vt 0.800818 0.914127
vt 0.832370 0.892752
vt 0.800818 0.884634
vt 0.832370 0.884634
vt 0.800818 0.892752
vt 0.832370 0.922244
vt 0.832370 0.930361
vt 0.800817 0.922244
vt 0.832370 0.836908
vt 0.775648 0.345944
vt 0.772714 0.365549
vt 0.720553 0.368483
vt 0.842976 0.892752
vt 0.720553 0.335927
vt 0.842976 0.922244
vt 0.842976 0.884634
vt 0.842976 0.930361
vt 0.832370 0.978088
vt 0.842976 0.914127
vt 0.842976 0.836908
vt 0.631486 0.945409
vt 0.833298 0.756769
vt 0.599531 0.936004
vt 0.599531 0.813180
vt 0.682409 0.997789
vt 0.654861 0.997789
vt 0.638333 0.984488
vt 0.638333 0.997789
vt 0.800817 0.978088
vt 0.758897 0.810393
vt 0.758897 0.836908
vt 0.758897 0.852817
vt 0.793366 0.852817
vt 0.742988 0.836908
vt 0.742988 0.810393
vt 0.391310 0.910403
vt 0.354254 0.987590
vt 0.346175 0.907063
vt 0.470647 0.909563
vt 0.392204 0.994918
vt 0.837308 0.139058
vt 0.800775 0.057390
vt 0.837308 0.001534
vt 0.892731 0.669393
vt 0.813291 0.722828
vt 0.807900 0.659726
vt 0.908246 0.926509
vt 0.972668 0.988069
vt 0.908246 0.988069
vt 0.604479 0.528444
vt 0.695349 0.540291
vt 0.600238 0.545692
vt 0.693094 0.560009
vt 0.595616 0.565545
vt 0.691351 0.579698
vt 0.591867 0.585348
vt 0.690555 0.599334
vt 0.589730 0.605059
vt 0.690995 0.618899
vt 0.589699 0.624651
vt 0.591948 0.644114
vt 0.692773 0.638388
vt 0.596303 0.663456
vt 0.695787 0.657807
vt 0.598466 0.670437
vt 0.697223 0.664829
vt 0.972668 0.900864
vt 0.972668 0.926509
vt 0.491709 0.989673
vt 0.471541 0.994078
vt 0.122729 0.877190
vt 0.166807 0.785207
vt 0.166807 0.877190
vt 0.864167 0.926509
vt 0.864167 0.988069
vt 0.033102 0.872462
vt 0.097524 0.780480
vt 0.097524 0.872462
vt 0.122729 0.785207
vt 0.007897 0.785207
vt 0.007897 0.877190
vt 0.478816 0.715652
vt 0.627495 0.697245
vt 0.627445 0.715285
vt 0.296707 0.149042
vt 0.383974 0.092318
vt 0.383974 0.149042
vt 0.296707 0.092318
vt 0.198531 0.005051
vt 0.296707 0.005051
vt 0.296707 0.205765
vt 0.198531 0.149042
vt 0.296707 0.286488
vt 0.198531 0.205765
vt 0.296707 0.345393
vt 0.198531 0.286488
vt 0.296707 0.480657
vt 0.198531 0.413025
vt 0.296707 0.413025
vt 0.383974 0.480657
vt 0.482150 0.512292
vt 0.383974 0.512292
vt 0.383974 0.345393
vt 0.383974 0.413025
vt 0.383974 0.286488
vt 0.383974 0.205766
vt 0.198531 0.092318
vt 0.198531 0.600142
vt 0.296707 0.572346
vt 0.296707 0.600142
vt 0.349067 0.555925
vt 0.198531 0.480657
vt 0.013088 0.092318
vt 0.100356 0.149042
vt 0.013088 0.149042
vt 0.980486 0.820928
vt 0.994048 0.902303
vt 0.980486 0.902303
vt 0.100356 0.092318
vt 0.100356 0.005051
vt 0.100356 0.205765
vt 0.100356 0.286488
vt 0.100356 0.345393
vt 0.100355 0.480657
vt 0.100355 0.413025
vt 0.580325 0.480657
vt 0.580325 0.512292
vt 0.013088 0.413025
vt 0.056721 0.412263
vt 0.013088 0.286488
vt 0.013088 0.345393
vt 0.013088 0.205765
vt 0.837625 0.500712
vt 0.799650 0.415268
vt 0.837625 0.415268
vt 0.023312 0.543145
vt 0.013088 0.512292
vt 0.149443 0.572346
vt 0.100355 0.572346
vt 0.198531 0.632645
vt 0.100355 0.632645
vt 0.416699 0.148686
vt 0.482150 0.092318
vt 0.482150 0.148686
vt 0.416699 0.205766
vt 0.416699 0.286488
vt 0.416699 0.345393
vt 0.416699 0.447932
vt 0.416699 0.396663
vt 0.482150 0.480657
vt 0.547600 0.148686
vt 0.580325 0.092318
vt 0.547600 0.205766
vt 0.580325 0.149042
vt 0.580325 0.205766
vt 0.580325 0.286488
vt 0.547600 0.286488
vt 0.580325 0.345393
vt 0.547600 0.345393
vt 0.547600 0.396663
vt 0.580325 0.413025
vt 0.547600 0.447932
vt 0.482150 0.447932
vt 0.433026 0.213139
vt 0.481851 0.213139
vt 0.530677 0.251385
vt 0.994048 0.983678
vt 0.980486 0.983678
vt 0.424889 0.393792
vt 0.433027 0.436372
vt 0.424889 0.436372
vt 0.538814 0.436372
vt 0.530676 0.393792
vt 0.538814 0.393792
vt 0.424889 0.333574
vt 0.433026 0.393792
vt 0.530676 0.333574
vt 0.538814 0.333574
vt 0.424889 0.289632
vt 0.433026 0.333574
vt 0.530677 0.289632
vt 0.538814 0.289632
vt 0.424889 0.213139
vt 0.433026 0.251385
vt 0.424889 0.251385
vt 0.538814 0.251385
vt 0.481851 0.205002
vt 0.433026 0.205002
vt 0.530677 0.205002
vt 0.530677 0.213139
vt 0.538814 0.213139
vt 0.433026 0.289632
vt 0.433026 0.436372
vt 0.013088 0.480657
vt 0.198531 0.345393
vt 0.100356 0.361756
vt 0.198531 0.396663
vt 0.424802 0.886410
vt 0.464277 0.886410
vt 0.455337 0.895350
vt 0.503752 0.856240
vt 0.494812 0.895350
vt 0.385326 0.886410
vt 0.424802 0.826071
vt 0.415862 0.895350
vt 0.464277 0.786596
vt 0.503752 0.826071
vt 0.464277 0.826071
vt 0.345851 0.886410
vt 0.376386 0.895350
vt 0.662199 0.966832
vt 0.680356 0.966832
vt 0.671278 0.982557
vt 0.613029 0.966832
vt 0.631186 0.966832
vt 0.622107 0.982557
vt 0.563858 0.966832
vt 0.582015 0.966833
vt 0.572937 0.982557
vt 0.514688 0.966833
vt 0.532845 0.966832
vt 0.523766 0.982557
vt 0.464277 0.856240
vt 0.345851 0.856240
vt 0.385326 0.826071
vt 0.815814 0.940444
vt 0.763091 0.961059
vt 0.763091 0.940444
vt 0.810277 0.994344
vt 0.763091 0.988807
vt 0.815814 0.961059
vt 0.768317 0.219865
vt 0.744250 0.213401
vt 0.750715 0.158314
vt 0.742476 0.988807
vt 0.757553 0.994344
vt 0.777890 0.418041
vt 0.754042 0.427535
vt 0.754042 0.418041
vt 0.149443 0.600142
vt 0.790157 0.367800
vt 0.741775 0.405775
vt 0.741775 0.367800
vt 0.741775 0.548181
vt 0.790157 0.510206
vt 0.790157 0.548181
vt 0.694306 0.415268
vt 0.732282 0.500712
vt 0.694306 0.500712
vt 0.836429 0.988806
vt 0.821351 0.994344
vt 0.051925 0.701531
vt 0.069241 0.708806
vt 0.062141 0.711747
vt 0.062141 0.740588
vt 0.054866 0.757903
vt 0.051925 0.750803
vt 0.012868 0.740588
vt 0.020143 0.757903
vt 0.005768 0.743529
vt 0.023084 0.701531
vt 0.005768 0.708805
vt 0.020143 0.694431
vt 0.054866 0.694431
vt 0.069241 0.743529
vt 0.023084 0.750803
vt 0.012868 0.711746
vt 0.744548 0.488445
vt 0.732282 0.415268
vt 0.744548 0.427535
vt 0.787384 0.488445
vt 0.799650 0.500712
vt 0.790157 0.405775
vt 0.777890 0.497939
vt 0.741775 0.510206
vt 0.754042 0.497939
vt 0.754042 0.488445
vt 0.777890 0.488445
vt 0.777890 0.427535
vt 0.787384 0.427535
vt 0.085764 0.014738
vt 0.076632 0.047932
vt 0.054516 0.039971
vt 0.888628 0.532791
vt 0.905351 0.476252
vt 0.905351 0.532791
vt 0.345735 0.676943
vt 0.361767 0.642446
vt 0.362175 0.676748
vt 0.871906 0.476252
vt 0.888628 0.476252
vt 0.378614 0.676552
vt 0.378206 0.642250
vt 0.854555 0.532791
vt 0.871906 0.532791
vt 0.184358 0.688194
vt 0.099498 0.679872
vt 0.197782 0.678703
vt 0.533212 0.193759
vt 0.523167 0.161026
vt 0.533212 0.161026
vt 0.376586 0.582683
vt 0.460879 0.569833
vt 0.461137 0.579324
vt 0.523167 0.193759
vt 0.513485 0.161026
vt 0.170689 0.718359
vt 0.100123 0.703568
vt 0.174518 0.702128
vt 0.213813 0.644205
vt 0.214221 0.678507
vt 0.503804 0.161026
vt 0.494123 0.193759
vt 0.494123 0.161026
vt 0.230253 0.644010
vt 0.230661 0.678312
vt 0.484441 0.161026
vt 0.246692 0.643814
vt 0.247100 0.678117
vt 0.484441 0.193759
vt 0.474760 0.161026
vt 0.263539 0.677921
vt 0.263131 0.643619
vt 0.474760 0.193759
vt 0.465078 0.161026
vt 0.279571 0.643423
vt 0.279978 0.677725
vt 0.455397 0.193759
vt 0.455397 0.161026
vt 0.296010 0.643228
vt 0.296418 0.677530
vt 0.445715 0.193759
vt 0.312857 0.677334
vt 0.312449 0.643032
vt 0.020014 0.685762
vt 0.019128 0.634840
vt 0.062707 0.643508
vt 0.436034 0.161026
vt 0.445715 0.161026
vt 0.329296 0.677139
vt 0.328888 0.642837
vt 0.595360 0.341931
vt 0.623385 0.411622
vt 0.595352 0.415782
vt 0.345327 0.642641
vt 0.243926 0.686624
vt 0.245496 0.746192
vt 0.317020 0.584303
vt 0.011122 0.614799
vt 0.054702 0.571220
vt 0.063370 0.614799
vt 0.387157 0.596071
vt 0.461523 0.593529
vt 0.391850 0.612074
vt 0.461979 0.610284
vt 0.463229 0.675546
vt 0.101006 0.737080
vt 0.100564 0.720324
vt 0.099748 0.689363
vt 0.388034 0.628308
vt 0.462820 0.641244
vt 0.462434 0.627039
vt 0.175368 0.734366
vt 0.101380 0.751284
vt 0.513486 0.193759
vt 0.503804 0.193759
vt 0.587131 0.415722
vt 0.587148 0.340253
vt 0.623393 0.337771
vt 0.631606 0.411563
vt 0.659652 0.340169
vt 0.631606 0.336094
vt 0.099090 0.645569
vt 0.197374 0.644401
vt 0.133057 0.903186
vt 0.153401 0.987274
vt 0.133057 0.987274
vt 0.010995 0.987274
vt 0.010995 0.903186
vt 0.795126 0.030185
vt 0.779041 0.007122
vt 0.770311 0.001534
vt 0.801525 0.139058
vt 0.795126 0.084595
vt 0.705491 0.139058
vt 0.726571 0.128479
vt 0.754968 0.123068
vt 0.779041 0.107658
vt 0.701970 0.123065
vt 0.900025 0.605386
vt 0.815194 0.595718
vt 0.530677 0.436372
vt 0.155728 0.259891
vt 0.011634 0.287151
vt 0.011635 0.259891
vt 0.155728 0.287150
vt 0.011635 0.314410
vt 0.155728 0.314410
vt 0.011635 0.341669
vt 0.155728 0.368929
vt 0.011635 0.368929
vt 0.011635 0.396188
vt 0.155728 0.423447
vt 0.011635 0.423447
vt 0.155728 0.450707
vt 0.011635 0.450707
vt 0.155728 0.014557
vt 0.011635 0.041816
vt 0.011635 0.014556
vt 0.155728 0.041816
vt 0.011635 0.069076
vt 0.155728 0.096335
vt 0.011635 0.096335
vt 0.011635 0.123594
vt 0.155728 0.123594
vt 0.011635 0.150854
vt 0.155728 0.150854
vt 0.011634 0.178113
vt 0.155728 0.205372
vt 0.011635 0.205372
vt 0.120784 0.707421
vt 0.075041 0.775880
vt 0.006583 0.730138
vt 0.011634 0.232632
vt 0.054419 0.596423
vt 0.063324 0.641192
vt 0.018555 0.650097
vt 0.645962 0.300180
vt 0.677706 0.273478
vt 0.677706 0.300180
vt 0.677706 0.246777
vt 0.645962 0.220075
vt 0.677706 0.220075
vt 0.645961 0.193374
vt 0.677706 0.193374
vt 0.645961 0.620598
vt 0.677706 0.593896
vt 0.677706 0.620598
vt 0.645962 0.593896
vt 0.677706 0.567195
vt 0.841181 0.540493
vt 0.817412 0.567195
vt 0.817412 0.540493
vt 0.677706 0.460389
vt 0.645962 0.433687
vt 0.677706 0.433687
vt 0.645962 0.567195
vt 0.645962 0.540493
vt 0.645962 0.326881
vt 0.677706 0.326881
vt 0.444899 0.504076
vt 0.509510 0.491224
vt 0.522362 0.555835
vt 0.645962 0.273478
vt 0.645962 0.246777
vt 0.444899 0.555835
vt 0.451694 0.577752
vt 0.435834 0.561892
vt 0.427251 0.541170
vt 0.437943 0.539043
vt 0.427251 0.518741
vt 0.437943 0.520868
vt 0.457751 0.491224
vt 0.435834 0.498019
vt 0.451694 0.482159
vt 0.472416 0.473576
vt 0.474543 0.484268
vt 0.492718 0.484268
vt 0.494845 0.473576
vt 0.531427 0.498019
vt 0.522362 0.504076
vt 0.529317 0.520868
vt 0.540010 0.518741
vt 0.529317 0.539043
vt 0.540010 0.541170
vt 0.509510 0.568687
vt 0.531427 0.561892
vt 0.515567 0.577752
vt 0.492718 0.575642
vt 0.494845 0.586335
vt 0.472416 0.586335
vt 0.474543 0.575642
vt 0.677706 0.353583
vt 0.677706 0.380284
vt 0.645962 0.353583
vt 0.677706 0.487090
vt 0.645962 0.513792
vt 0.645962 0.487090
vt 0.645962 0.406986
vt 0.677706 0.406986
vt 0.645962 0.380284
vt 0.645962 0.460389
vt 0.677706 0.513792
vt 0.677706 0.540493
vt 0.841181 0.513792
vt 0.817412 0.513792
vt 0.841181 0.460389
vt 0.817412 0.487090
vt 0.817412 0.460389
vt 0.841181 0.380284
vt 0.817413 0.406986
vt 0.817412 0.380284
vt 0.841181 0.433687
vt 0.841181 0.406986
vt 0.841181 0.487090
vt 0.817412 0.353583
vt 0.841181 0.353583
vt 0.817412 0.326881
vt 0.841181 0.326881
vt 0.841181 0.273478
vt 0.817412 0.246777
vt 0.841181 0.246777
vt 0.817412 0.300180
vt 0.841181 0.300180
vt 0.817412 0.433687
vt 0.817412 0.593896
vt 0.841181 0.567195
vt 0.841181 0.593896
vt 0.817412 0.620598
vt 0.841181 0.620598
vt 0.841181 0.220075
vt 0.817412 0.193374
vt 0.841181 0.193374
vt 0.817412 0.220075
vt 0.817412 0.273478
vt 0.712632 0.540493
vt 0.747559 0.513792
vt 0.712632 0.513792
vt 0.747559 0.593896
vt 0.847814 0.400649
vt 0.878367 0.358739
vt 0.878364 0.400651
vt 0.878368 0.328188
vt 0.910408 0.358741
vt 0.712632 0.593896
vt 0.910406 0.400653
vt 0.909701 0.402017
vt 0.877662 0.360103
vt 0.909704 0.360105
vt 0.940252 0.402019
vt 0.940254 0.360107
vt 0.877658 0.432566
vt 0.909699 0.432568
vt 0.940957 0.400654
vt 0.940959 0.358742
vt 0.878363 0.431201
vt 0.910405 0.431203
vt 0.909705 0.329554
vt 0.877664 0.329552
vt 0.847111 0.360101
vt 0.877659 0.402015
vt 0.847109 0.402013
vt 0.579990 0.333555
vt 0.600674 0.346618
vt 0.597961 0.365454
vt 0.645962 0.342738
vt 0.645962 0.328325
vt 0.645962 0.377955
vt 0.645962 0.322639
vt 0.536160 0.045764
vt 0.538589 0.051381
vt 0.542852 0.045764
vt 0.528086 0.040549
vt 0.527436 0.041199
vt 0.528737 0.041199
vt 0.532932 0.044427
vt 0.541557 0.044058
vt 0.536160 0.052664
vt 0.532666 0.045764
vt 0.532666 0.053031
vt 0.532267 0.045764
vt 0.529173 0.049924
vt 0.634037 0.381913
vt 0.638059 0.391624
vt 0.638059 0.420462
vt 0.627024 0.447104
vt 0.606632 0.467496
vt 0.579990 0.478531
vt 0.551152 0.478531
vt 0.524510 0.467496
vt 0.504119 0.447104
vt 0.493083 0.420462
vt 0.493083 0.391624
vt 0.504119 0.364982
vt 0.524510 0.344590
vt 0.551152 0.333555
vt 0.602400 0.342837
vt 0.277344 0.460533
vt 0.285254 0.465272
vt 0.435931 0.464981
vt 0.268761 0.457147
vt 0.253197 0.439491
vt 0.492255 0.439395
vt 0.325086 0.460000
vt 0.348854 0.438394
vt 0.075984 0.239829
vt 0.069218 0.239677
vt 0.065109 0.441134
vt 0.074331 0.373234
vt 0.088016 0.355640
vt 0.070878 0.256337
vt 0.083763 0.403796
vt 0.077741 0.389688
vt 0.069175 0.273054
vt 0.090610 0.417712
vt 0.094841 0.420899
vt 0.080726 0.285536
vt 0.088173 0.157580
vt 0.114432 0.371766
vt 0.102675 0.355584
vt 0.102675 0.335582
vt 0.133455 0.313220
vt 0.152477 0.319400
vt 0.152477 0.371766
vt 0.200912 0.142712
vt 0.004584 0.142712
vt 0.665727 0.091520
vt 0.911997 0.266487
vt 0.918102 0.277205
vt 0.911997 0.342299
vt 0.897260 0.346739
vt 0.693452 0.346739
vt 0.672611 0.331581
vt 0.672611 0.277204
vt 0.678715 0.266487
vt 0.693452 0.091520
vt 0.678715 0.171772
vt 0.672611 0.161054
vt 0.678715 0.095960
vt 0.918102 0.106677
vt 0.918102 0.161054
vt 0.911997 0.171772
vt 0.912652 0.176212
vt 0.678061 0.262047
vt 0.417608 0.357840
vt 0.496975 0.357839
vt 0.955999 0.100143
vt 0.883271 0.442241
vt 0.984499 0.568775
vt 0.541738 -0.000747
vt 0.588812 0.127438
vt 0.541572 -0.000272
vt 0.588977 0.126962
vt 0.242367 0.413381
vt 0.395853 0.338902
vt 0.468574 0.464859
vt 0.323131 0.464859
vt 0.511954 0.990662
vt 0.499225 0.990674
vt 0.435582 0.990730
vt 0.619113 0.531597
vt 0.615209 0.541022
vt 0.607124 0.549107
vt 0.597699 0.553011
vt 0.586265 0.553011
vt 0.576840 0.549107
vt 0.568755 0.541022
vt 0.564851 0.520163
vt 0.568755 0.510739
vt 0.576840 0.502653
vt 0.597699 0.498749
vt 0.607123 0.502653
vt 0.615209 0.510738
vt 0.461039 0.990707
vt 0.422853 0.990741
vt 0.915487 0.933611
vt 0.853659 0.610523
vt 0.993561 0.992622
vt 0.993561 0.895376
vt 0.685377 0.336258
vt 0.892992 0.768185
vt 0.886387 0.993119
vt 0.800838 0.719626
vt 0.753112 0.719626
vt 0.742506 0.709020
vt 0.745612 0.688263
vt 0.707385 0.685157
vt 0.720438 0.336258
vt 0.765516 0.336258
vt 0.775533 0.346275
vt 0.772599 0.365880
vt 0.659658 0.642999
vt 0.650383 0.812597
vt 0.906023 0.610523
vt 0.682339 0.935421
vt 0.784929 0.692608
vt 0.914528 0.768185
vt 0.885662 0.610850
vt 0.993343 0.613896
vt 0.780109 0.810393
vt 0.685492 0.368483
vt 0.892034 0.933611
vt 0.993343 0.992479
vt 0.852935 0.993445
vt 0.797711 0.892134
vt 0.776954 0.895240
vt 0.766348 0.884634
vt 0.800818 0.900869
vt 0.800817 0.930361
vt 0.765631 0.335927
vt 0.772714 0.338861
vt 0.775648 0.358466
vt 0.765631 0.368483
vt 0.842976 0.978088
vt 0.631486 0.813180
vt 0.833298 0.610850
vt 0.608936 0.945409
vt 0.905016 0.729715
vt 0.697223 0.523178
vt 0.908246 0.900864
vt 0.497078 0.907063
vt 0.033102 0.780480
vt 0.477228 0.697245
vt 0.198531 0.572346
vt 0.373750 0.543145
vt 0.994048 0.820928
vt 0.012362 0.371406
vt 0.055995 0.370644
vt 0.047995 0.555925
vt 0.100355 0.600142
vt 0.296707 0.632645
vt 0.530676 0.436372
vt 0.198531 0.361756
vt 0.100355 0.396662
vt 0.433742 0.895350
vt 0.473217 0.895350
vt 0.503752 0.886410
vt 0.394266 0.895350
vt 0.503752 0.786596
vt 0.354791 0.895350
vt 0.345851 0.826071
vt 0.815814 0.988806
vt 0.768628 0.994344
vt 0.768317 0.158314
vt 0.750715 0.219865
vt 0.744250 0.164779
vt 0.748013 0.994344
vt 0.742476 0.961059
vt 0.836429 0.961059
vt 0.830891 0.994344
vt 0.054516 0.016412
vt 0.063649 0.006777
vt 0.076632 0.006081
vt 0.085764 0.038297
vt 0.063649 0.048628
vt 0.854555 0.476252
vt 0.362673 0.573925
vt 0.465078 0.193759
vt 0.067399 0.654834
vt 0.067399 0.667093
vt 0.062707 0.678419
vt 0.054039 0.687088
vt 0.042713 0.691779
vt 0.030011 0.692442
vt 0.010017 0.679082
vt 0.005768 0.667093
vt 0.042713 0.630148
vt 0.054039 0.634840
vt 0.030454 0.630148
vt 0.005768 0.654834
vt 0.010460 0.643508
vt 0.436034 0.193759
vt 0.232071 0.755683
vt 0.216037 0.759314
vt 0.199833 0.756532
vt 0.185928 0.747762
vt 0.213816 0.675072
vt 0.230020 0.677853
vt 0.253416 0.700048
vt 0.257048 0.716083
vt 0.254266 0.732286
vt 0.364790 0.651752
vt 0.348758 0.655397
vt 0.332552 0.652629
vt 0.318639 0.643870
vt 0.309137 0.630453
vt 0.305493 0.614422
vt 0.308261 0.598216
vt 0.330436 0.574801
vt 0.346468 0.571157
vt 0.031117 0.628159
vt 0.019791 0.623468
vt 0.006431 0.603473
vt 0.005768 0.590771
vt 0.012448 0.580774
vt 0.019128 0.570777
vt 0.031117 0.566529
vt 0.043376 0.628159
vt 0.054702 0.623468
vt 0.068061 0.591214
vt 0.068061 0.603473
vt 0.063370 0.579889
vt 0.043376 0.566529
vt 0.659652 0.415638
vt 0.153401 0.903186
vt 0.820185 0.551924
vt 0.905016 0.561591
vt 0.155728 0.341669
vt 0.155728 0.396188
vt 0.155728 0.069076
vt 0.155728 0.178113
vt 0.006583 0.707421
vt 0.015276 0.686435
vt 0.031339 0.670372
vt 0.052325 0.661679
vt 0.075042 0.661679
vt 0.096028 0.670372
vt 0.112091 0.686434
vt 0.120784 0.730138
vt 0.112091 0.751125
vt 0.096028 0.767187
vt 0.052325 0.775880
vt 0.031338 0.767187
vt 0.015276 0.751124
vt 0.155728 0.232632
vt 0.009649 0.641192
vt 0.004830 0.629557
vt 0.004830 0.616963
vt 0.009649 0.605328
vt 0.018554 0.596423
vt 0.030190 0.591603
vt 0.042783 0.591603
vt 0.063324 0.605328
vt 0.068143 0.616963
vt 0.068143 0.629557
vt 0.054419 0.650097
vt 0.042783 0.654917
vt 0.030190 0.654917
vt 0.457751 0.568687
vt 0.515567 0.482159
vt 0.747559 0.540493
vt 0.747559 0.620598
vt 0.847816 0.358737
vt 0.910410 0.328190
vt 0.712632 0.620598
vt 0.645962 0.370551
vt 0.532779 0.044058
vt 0.531821 0.052421
vt 0.529173 0.048623
vt 0.121108 0.926152
vt 0.006943 0.943285
vt 0.006943 0.926152
vt 0.121108 0.960418
vt 0.006943 0.960418
vt 0.006943 0.977551
vt 0.121108 0.977550
vt 0.006943 0.994683
vt 0.121108 0.720560
vt 0.006943 0.737692
vt 0.006943 0.720560
vt 0.121108 0.737693
vt 0.006943 0.754825
vt 0.121108 0.754825
vt 0.006943 0.771958
vt 0.121108 0.771958
vt 0.006943 0.789090
vt 0.121108 0.789091
vt 0.006943 0.806223
vt 0.121108 0.806223
vt 0.006943 0.823356
vt 0.121108 0.823356
vt 0.006943 0.840489
vt 0.121108 0.840489
vt 0.006943 0.857621
vt 0.121108 0.857621
vt 0.006943 0.874754
vt 0.121108 0.874754
vt 0.006943 0.891887
vt 0.121108 0.891887
vt 0.006943 0.909020
vt 0.121108 0.909020
vt 0.661280 0.239191
vt 0.673515 0.203130
vt 0.673515 0.242469
vt 0.555326 0.267580
vt 0.580438 0.296206
vt 0.546370 0.276536
vt 0.644890 0.178018
vt 0.661280 0.206408
vt 0.616499 0.161627
vt 0.653846 0.169062
vt 0.583717 0.161626
vt 0.619778 0.149392
vt 0.546371 0.169061
vt 0.580439 0.149392
vt 0.992853 0.453888
vt 0.964383 0.421702
vt 0.992853 0.421702
vt 0.964383 0.486074
vt 0.992853 0.486075
vt 0.964383 0.132027
vt 0.992853 0.099840
vt 0.992853 0.132027
vt 0.992853 0.164213
vt 0.992853 0.196399
vt 0.964383 0.164213
vt 0.964383 0.228585
vt 0.992853 0.228585
vt 0.964383 0.260771
vt 0.992853 0.260771
vt 0.964383 0.292957
vt 0.992853 0.292957
vt 0.964383 0.325144
vt 0.992853 0.325144
vt 0.964383 0.357330
vt 0.992853 0.357330
vt 0.964383 0.389516
vt 0.992853 0.389516
vt 0.526701 0.242468
vt 0.538935 0.239190
vt 0.653845 0.276537
vt 0.644889 0.267581
vt 0.526701 0.203129
vt 0.538936 0.206407
vt 0.616498 0.283972
vt 0.619777 0.296206
vt 0.555327 0.178017
vt 0.583716 0.283971
vt 0.482416 0.200277
vt 0.436433 0.207016
vt 0.438622 0.200277
vt 0.402573 0.091427
vt 0.435813 0.058946
vt 0.438003 0.065686
vt 0.403193 0.091236
vt 0.382574 0.132886
vt 0.397460 0.087071
vt 0.438002 0.200468
vt 0.483985 0.207207
vt 0.435813 0.207207
vt 0.531378 0.132886
vt 0.523578 0.087071
vt 0.538464 0.132886
vt 0.517226 0.091427
vt 0.537844 0.133077
vt 0.530758 0.133077
vt 0.397460 0.178701
vt 0.403193 0.174536
vt 0.389040 0.133077
vt 0.396840 0.087262
vt 0.438622 0.065495
vt 0.436433 0.058756
vt 0.481796 0.200468
vt 0.522958 0.178892
vt 0.523578 0.178701
vt 0.517845 0.174536
vt 0.481796 0.065686
vt 0.522958 0.087262
vt 0.389660 0.132886
vt 0.396840 0.178892
vt 0.381954 0.133077
vt 0.482416 0.065495
vt 0.484606 0.058756
vt 0.517225 0.174727
vt 0.484605 0.207016
vt 0.483986 0.058946
vt 0.402573 0.174727
vt 0.517846 0.091236
vt 0.637868 0.373338
vt 0.594512 0.415854
vt 0.594512 0.373338
vt 0.272507 0.058756
vt 0.233535 0.018988
vt 0.272507 0.018988
vt 0.272507 0.058678
vt 0.233535 0.018909
vt 0.272507 0.018909
vt 0.898000 0.415854
vt 0.854645 0.373338
vt 0.898000 0.373338
vt 0.854645 0.415854
vt 0.811289 0.373338
vt 0.811289 0.415854
vt 0.767934 0.373339
vt 0.767934 0.415854
vt 0.724578 0.373339
vt 0.681223 0.415854
vt 0.681223 0.373338
vt 0.637868 0.415854
vt 0.320680 0.058756
vt 0.320680 0.207016
vt 0.233535 0.178701
vt 0.808881 0.415431
vt 0.852567 0.372591
vt 0.852567 0.415431
vt 0.765195 0.372591
vt 0.765195 0.415431
vt 0.721509 0.372591
vt 0.721509 0.415431
vt 0.677823 0.372591
vt 0.677823 0.415431
vt 0.634137 0.372591
vt 0.634137 0.415431
vt 0.590451 0.372591
vt 0.590451 0.415431
vt 0.896253 0.372591
vt 0.957996 0.415431
vt 0.896253 0.415431
vt 0.338125 0.102633
vt 0.374538 0.132808
vt 0.347929 0.132808
vt 0.320680 0.058678
vt 0.359652 0.086993
vt 0.312457 0.083985
vt 0.255062 0.102633
vt 0.280730 0.083985
vt 0.245258 0.132808
vt 0.233535 0.086993
vt 0.255062 0.162982
vt 0.218648 0.132808
vt 0.280730 0.181631
vt 0.233535 0.178623
vt 0.320680 0.206938
vt 0.272507 0.206938
vt 0.312457 0.181631
vt 0.359652 0.178623
vt 0.338125 0.162982
vt 0.522958 0.019178
vt 0.959276 0.415854
vt 0.528708 0.372591
vt 0.359652 0.018909
vt 0.397460 0.018988
vt 0.436433 0.018988
vt 0.396840 0.019178
vt 0.435813 0.019178
vt 0.523578 0.018988
vt 0.533237 0.373338
vt 0.359652 0.018988
vt 0.359652 0.087071
vt 0.541312 0.703998
vt 0.530876 0.774385
vt 0.530876 0.703998
vt 0.582248 0.703998
vt 0.571812 0.774385
vt 0.571812 0.703998
vt 0.623184 0.703998
vt 0.612748 0.774385
vt 0.612748 0.703998
vt 0.664120 0.703998
vt 0.653684 0.774385
vt 0.653684 0.703998
vt 0.328154 0.784583
vt 0.324808 0.792661
vt 0.296653 0.787126
vt 0.643652 0.703998
vt 0.633216 0.774385
vt 0.633216 0.703998
vt 0.684588 0.703998
vt 0.674152 0.774385
vt 0.674152 0.703998
vt 0.602716 0.703998
vt 0.592280 0.774385
vt 0.592280 0.703998
vt 0.561780 0.703998
vt 0.551344 0.774385
vt 0.551344 0.703998
vt 0.541312 0.774385
vt 0.582248 0.774385
vt 0.623184 0.774385
vt 0.520844 0.703998
vt 0.664120 0.774385
vt 0.337627 0.746152
vt 0.343163 0.774306
vt 0.319090 0.753830
vt 0.335085 0.777652
vt 0.304332 0.768588
vt 0.399473 0.787126
vt 0.371318 0.792661
vt 0.367972 0.784583
vt 0.367972 0.810540
vt 0.371318 0.802462
vt 0.399473 0.807997
vt 0.324808 0.802462
vt 0.328154 0.810540
vt 0.296653 0.807997
vt 0.391794 0.768588
vt 0.361042 0.777652
vt 0.352964 0.774306
vt 0.319090 0.841293
vt 0.304332 0.826534
vt 0.335084 0.817470
vt 0.377036 0.753830
vt 0.358499 0.746152
vt 0.337627 0.848971
vt 0.343163 0.820816
vt 0.352964 0.820816
vt 0.358499 0.848971
vt 0.361042 0.817470
vt 0.377036 0.841293
vt 0.391794 0.826534
vt 0.779634 0.944371
vt 0.712017 0.932122
vt 0.779634 0.932122
vt 0.685346 0.978896
vt 0.704618 0.971497
vt 0.712017 0.978896
vt 0.779634 0.920796
vt 0.712017 0.908923
vt 0.779634 0.908923
vt 0.779634 0.991145
vt 0.779634 0.978896
vt 0.779634 0.967570
vt 0.712017 0.955697
vt 0.779634 0.955697
vt 0.779634 0.973233
vt 0.712017 0.973233
vt 0.712017 0.950034
vt 0.712017 0.944371
vt 0.779634 0.950034
vt 0.712017 0.926459
vt 0.712017 0.920796
vt 0.779634 0.926459
vt 0.779634 0.897597
vt 0.712017 0.903260
vt 0.712017 0.897597
vt 0.779634 0.903260
vt 0.711618 0.959159
vt 0.779235 0.946910
vt 0.779235 0.959159
vt 0.684946 0.912385
vt 0.711618 0.912385
vt 0.704219 0.919784
vt 0.711618 0.982359
vt 0.779235 0.970485
vt 0.779235 0.982358
vt 0.779235 0.900136
vt 0.779235 0.912385
vt 0.711618 0.935584
vt 0.779235 0.923711
vt 0.779235 0.935585
vt 0.779235 0.918048
vt 0.711618 0.918048
vt 0.711618 0.941247
vt 0.711618 0.946910
vt 0.779235 0.941247
vt 0.711618 0.964822
vt 0.711618 0.970485
vt 0.779235 0.964822
vt 0.711618 0.988021
vt 0.779235 0.993684
vt 0.711618 0.993684
vt 0.779235 0.988021
vt 0.685346 0.991145
vt 0.687513 0.973664
vt 0.692745 0.971497
vt 0.709850 0.973664
vt 0.712017 0.991145
vt 0.709850 0.996377
vt 0.704618 0.998544
vt 0.692745 0.998544
vt 0.687513 0.996377
vt 0.712017 0.967570
vt 0.687113 0.917617
vt 0.692345 0.919784
vt 0.684946 0.900136
vt 0.687113 0.894904
vt 0.692345 0.892737
vt 0.704219 0.892737
vt 0.711618 0.900136
vt 0.709450 0.894904
vt 0.709450 0.917617
vt 0.711618 0.923711
vt 0.948019 0.228502
vt 0.985539 0.217620
vt 0.985550 0.228514
vt 0.985746 0.143946
vt 0.948279 0.133040
vt 0.985811 0.133052
vt 0.985925 0.115756
vt 0.948469 0.104850
vt 0.986001 0.104862
vt 0.986124 0.087566
vt 0.948669 0.076660
vt 0.986200 0.076672
vt 0.986284 0.059159
vt 0.948804 0.039082
vt 0.986334 0.038849
vt 0.948644 0.024222
vt 0.985805 0.009575
vt 0.986159 0.024003
vt 0.948805 0.408606
vt 0.986292 0.393944
vt 0.986334 0.408848
vt 0.948699 0.378840
vt 0.986192 0.358787
vt 0.986230 0.379096
vt 0.948587 0.341262
vt 0.986049 0.330379
vt 0.986119 0.341273
vt 0.948405 0.313072
vt 0.985867 0.302189
vt 0.985937 0.313083
vt 0.948232 0.284882
vt 0.985706 0.273999
vt 0.985764 0.284893
vt 0.948096 0.256692
vt 0.985590 0.245810
vt 0.985628 0.256703
vt 0.768998 0.109947
vt 0.884175 0.013099
vt 0.933585 0.109997
vt 0.985613 0.172135
vt 0.948126 0.161230
vt 0.985657 0.161242
vt 0.985544 0.200325
vt 0.948031 0.189419
vt 0.985562 0.189431
vt 0.717778 0.061312
vt 0.734477 0.017107
vt 0.757271 0.035365
vt 0.948008 0.217609
vt 0.948081 0.172124
vt 0.948214 0.143934
vt 0.948393 0.115745
vt 0.948592 0.087555
vt 0.948753 0.059150
vt 0.948762 0.393702
vt 0.948661 0.358772
vt 0.948518 0.330367
vt 0.948336 0.302177
vt 0.948174 0.273988
vt 0.948058 0.245798
vt 0.772731 0.043641
vt 0.914422 0.021679
vt 0.901367 0.153609
vt 0.581573 0.040485
vt 0.447303 0.048622
vt 0.447303 0.040485
vt 0.447304 0.072704
vt 0.313035 0.048622
vt 0.589710 0.048622
vt 0.581573 0.072704
vt 0.581573 0.048622
vt 0.313035 0.040485
vt 0.304897 0.048622
vt 0.313035 0.072704
vt 0.304897 0.072704
vt 0.447304 0.080841
vt 0.581573 0.080841
vt 0.313035 0.080841
vt 0.634152 0.094807
vt 0.598550 0.087100
vt 0.634152 0.087100
vt 0.634152 0.036240
vt 0.696322 0.102514
vt 0.660721 0.173718
vt 0.660721 0.102514
vt 0.660721 0.094807
vt 0.660721 0.087100
vt 0.696322 0.094807
vt 0.634152 0.102515
vt 0.598550 0.094807
vt 0.634152 0.173718
vt 0.598550 0.173718
vt 0.598550 0.102514
vt 0.634152 0.200287
vt 0.931302 0.536102
vt 0.995310 0.472094
vt 0.995310 0.536102
vt 0.598550 0.009672
vt 0.634152 0.009672
vt 0.660721 0.036240
vt 0.696322 0.036240
vt 0.696322 0.087100
vt 0.931302 0.555304
vt 0.995310 0.555304
vt 0.931302 0.472094
vt 0.995310 0.452891
vt 0.931302 0.619313
vt 0.995310 0.619313
vt 0.912100 0.555304
vt 0.912100 0.619313
vt 0.121108 0.943285
vt 0.121108 0.994683
vt 0.964383 0.453888
vt 0.964382 0.099841
vt 0.964383 0.196399
vt 0.233535 0.087071
vt 0.724578 0.415854
vt 0.218648 0.132886
vt 0.374539 0.132886
vt 0.359652 0.178701
vt 0.272507 0.207016
vt 0.808881 0.372591
vt 0.957996 0.372591
vt 0.483986 0.019178
vt 0.959276 0.373338
vt 0.528708 0.415431
vt 0.320680 0.018909
vt 0.484606 0.018988
vt 0.533237 0.415854
vt 0.320680 0.018988
vt 0.643652 0.774385
vt 0.684588 0.774385
vt 0.602716 0.774385
vt 0.561780 0.774385
vt 0.520844 0.774385
vt 0.948294 0.008962
vt 0.903989 0.154262
vt 0.893226 0.161449
vt 0.874240 0.169307
vt 0.861547 0.171828
vt 0.840999 0.171821
vt 0.828307 0.169293
vt 0.809326 0.161424
vt 0.798568 0.154230
vt 0.784043 0.139696
vt 0.776856 0.128933
vt 0.766477 0.097252
vt 0.766482 0.076704
vt 0.769010 0.064011
vt 0.775460 0.044234
vt 0.785484 0.022603
vt 0.800364 0.013099
vt 0.818069 0.013100
vt 0.850759 0.013102
vt 0.918522 0.139737
vt 0.925716 0.128978
vt 0.936122 0.076756
vt 0.936114 0.097304
vt 0.927176 0.044276
vt 0.933601 0.064061
vt 0.902308 0.013114
vt 0.917178 0.022633
vt 0.948013 0.200313
vt 0.757271 0.048480
vt 0.746950 0.062685
vt 0.734477 0.066738
vt 0.710069 0.050702
vt 0.710069 0.033143
vt 0.717778 0.022533
vt 0.746950 0.021160
vt 0.871627 0.168672
vt 0.858935 0.171200
vt 0.838388 0.171206
vt 0.825694 0.168685
vt 0.806708 0.160828
vt 0.795946 0.153641
vt 0.781412 0.139115
vt 0.774219 0.128357
vt 0.766349 0.109375
vt 0.763820 0.096682
vt 0.763813 0.076134
vt 0.766334 0.063440
vt 0.782785 0.021708
vt 0.797627 0.012177
vt 0.814772 0.012162
vt 0.848188 0.012165
vt 0.881865 0.012163
vt 0.890608 0.160803
vt 0.923079 0.128312
vt 0.915892 0.139075
vt 0.933458 0.096632
vt 0.930936 0.109326
vt 0.930925 0.063390
vt 0.933453 0.076084
vt 0.924503 0.043600
vt 0.899570 0.012162
vt 0.589710 0.072704
vt 0.598550 0.036240
vt 0.696322 0.173718
vt 0.598550 0.200286
vt 0.931302 0.452891
vt 0.396920 0.828353
vt 0.442660 0.843709
vt 0.396920 0.843709
vt 0.396920 0.752175
vt 0.442660 0.767531
vt 0.396920 0.767531
vt 0.396920 0.726782
vt 0.442660 0.742139
vt 0.396920 0.742138
vt 0.396920 0.853746
vt 0.442660 0.869102
vt 0.396920 0.869102
vt 0.357783 0.927167
vt 0.354196 0.948810
vt 0.353965 0.924203
vt 0.314094 0.917876
vt 0.334093 0.911652
vt 0.313270 0.922945
vt 0.338830 0.909901
vt 0.354042 0.924157
vt 0.334094 0.911744
vt 0.353705 0.954167
vt 0.330732 0.959224
vt 0.354100 0.948786
vt 0.325726 0.960657
vt 0.311569 0.945697
vt 0.330739 0.959126
vt 0.307924 0.942370
vt 0.313190 0.922899
vt 0.311649 0.945655
vt 0.356001 0.904757
vt 0.334660 0.881718
vt 0.366213 0.891970
vt 0.367875 0.947889
vt 0.361330 0.978604
vt 0.352588 0.965340
vt 0.160064 0.952397
vt 0.181894 0.953211
vt 0.181940 0.982506
vt 0.311311 0.902721
vt 0.282805 0.915898
vt 0.302306 0.889058
vt 0.295565 0.944594
vt 0.297675 0.921490
vt 0.213954 0.896348
vt 0.221620 0.876991
vt 0.227493 0.896965
vt 0.383191 0.920473
vt 0.383191 0.953649
vt 0.188929 0.962894
vt 0.199520 0.971351
vt 0.238876 0.900664
vt 0.330523 0.972510
vt 0.329778 0.988856
vt 0.299289 0.975777
vt 0.309201 0.963363
vt 0.210519 0.976069
vt 0.279788 0.948937
vt 0.223663 0.976668
vt 0.216143 0.997178
vt 0.276062 0.957682
vt 0.254248 0.956508
vt 0.258880 0.944192
vt 0.367875 0.924689
vt 0.249158 0.908874
vt 0.257015 0.888491
vt 0.311312 0.902721
vt 0.333937 0.897588
vt 0.276062 0.920465
vt 0.157783 0.800077
vt 0.127310 0.826661
vt 0.127310 0.800077
vt 0.157783 0.826661
vt 0.127310 0.853245
vt 0.127310 0.879828
vt 0.157783 0.906412
vt 0.127310 0.906412
vt 0.157783 0.853245
vt 0.127310 0.959579
vt 0.157783 0.932995
vt 0.157783 0.959579
vt 0.127310 0.932995
vt 0.157783 0.720327
vt 0.127310 0.746910
vt 0.127310 0.720327
vt 0.127310 0.986163
vt 0.157783 0.746910
vt 0.127310 0.773494
vt 0.157783 0.773494
vt 0.392349 0.955643
vt 0.489927 0.961916
vt 0.392349 0.961916
vt 0.352036 0.920215
vt 0.337707 0.958613
vt 0.311618 0.927005
vt 0.392349 0.936135
vt 0.489927 0.942407
vt 0.392349 0.942407
vt 0.392349 0.916626
vt 0.489927 0.922899
vt 0.392349 0.922898
vt 0.392349 0.877609
vt 0.489927 0.883881
vt 0.392349 0.883881
vt 0.396920 0.777568
vt 0.442660 0.792924
vt 0.396920 0.792924
vt 0.488860 0.768378
vt 0.447695 0.744128
vt 0.488860 0.744128
vt 0.333755 0.912079
vt 0.354757 0.948455
vt 0.312753 0.948455
vt 0.488860 0.816880
vt 0.447695 0.792629
vt 0.488860 0.792629
vt 0.488860 0.865382
vt 0.447695 0.841131
vt 0.488860 0.841131
vt 0.447695 0.768378
vt 0.447695 0.816880
vt 0.488861 0.719877
vt 0.447695 0.719877
vt 0.396920 0.802960
vt 0.442660 0.818316
vt 0.396920 0.818316
vt 0.392349 0.975152
vt 0.489927 0.981424
vt 0.392349 0.981424
vt 0.353117 0.919356
vt 0.309403 0.926019
vt 0.312213 0.950554
vt 0.335686 0.961422
vt 0.329395 0.910035
vt 0.357783 0.944913
vt 0.442659 0.853746
vt 0.442660 0.716746
vt 0.442660 0.726782
vt 0.392349 0.994660
vt 0.392349 0.897117
vt 0.489927 0.897117
vt 0.489927 0.955643
vt 0.489927 0.903390
vt 0.489927 0.916626
vt 0.392349 0.903390
vt 0.235046 0.972970
vt 0.251538 0.985677
vt 0.163449 0.915334
vt 0.184261 0.915920
vt 0.179491 0.928606
vt 0.185325 0.885225
vt 0.191296 0.906238
vt 0.258880 0.932224
vt 0.255283 0.919157
vt 0.246362 0.965511
vt 0.202282 0.898996
vt 0.178402 0.940525
vt 0.200033 0.417325
vt 0.100760 0.406160
vt 0.200033 0.404920
vt 0.100760 0.416084
vt 0.094866 0.406160
vt 0.100643 0.400267
vt 0.199887 0.397553
vt 0.199393 0.385157
vt 0.099896 0.384466
vt 0.198953 0.377802
vt 0.100248 0.390350
vt 0.094866 0.416084
vt 0.610720 0.186725
vt 0.627684 0.250032
vt 0.564377 0.233069
vt 0.573143 0.161190
vt 0.521605 0.203915
vt 0.521647 0.162115
vt 0.425837 0.203103
vt 0.416027 0.273165
vt 0.415744 0.188816
vt 0.467257 0.301399
vt 0.520982 0.316425
vt 0.457280 0.315395
vt 0.468519 0.160713
vt 0.521631 0.148121
vt 0.574808 0.300607
vt 0.520799 0.302255
vt 0.583270 0.146995
vt 0.615594 0.202863
vt 0.625621 0.272811
vt 0.615594 0.259021
vt 0.573798 0.259021
vt 0.520622 0.260287
vt 0.467696 0.202963
vt 0.467885 0.259199
vt 0.426026 0.259339
vt 0.573798 0.202863
vt 0.688532 0.034593
vt 0.539593 0.045084
vt 0.539593 0.034593
vt 0.688532 0.108209
vt 0.539593 0.118701
vt 0.539593 0.108209
vt 0.688532 0.010054
vt 0.539593 0.020546
vt 0.539593 0.010054
vt 0.688531 0.083670
vt 0.539593 0.094162
vt 0.539593 0.083670
vt 0.688532 0.059131
vt 0.539593 0.069623
vt 0.539593 0.059131
vt 0.688532 0.045084
vt 0.688532 0.069623
vt 0.688532 0.094162
vt 0.539593 0.132748
vt 0.688532 0.118701
vt 0.688532 0.132748
vt 0.688532 0.020546
vt 0.458500 0.146404
vt 0.584985 0.314418
vt 0.625621 0.188555
vt 0.868433 0.032759
vt 0.841675 0.078905
vt 0.841327 0.032964
vt 0.894515 0.032750
vt 0.868945 0.078731
vt 0.862554 0.423086
vt 0.904203 0.390277
vt 0.904339 0.422911
vt 0.894504 0.006665
vt 0.861118 0.006680
vt 0.987189 0.032699
vt 0.987174 0.006611
vt 0.987217 0.078616
vt 0.902909 0.104757
vt 0.895066 0.078673
vt 0.862346 0.373255
vt 0.833911 0.354661
vt 0.863420 0.363144
vt 0.937697 0.378333
vt 0.904152 0.378161
vt 0.904131 0.373080
vt 0.869980 0.325312
vt 0.842747 0.325428
vt 0.922331 0.078559
vt 0.896096 0.325202
vt 0.845834 0.337975
vt 0.936463 0.387179
vt 0.862367 0.378336
vt 0.986393 0.104705
vt 0.830531 0.396243
vt 0.862418 0.390451
vt 0.936136 0.395802
vt 0.902972 0.362979
vt 0.932409 0.354249
vt 0.920347 0.337664
vt 0.830133 0.387623
vt 0.828825 0.378788
vt 0.835935 0.900096
vt 0.851803 0.934003
vt 0.835935 0.934003
vt 0.835935 0.832284
vt 0.851803 0.900096
vt 0.835935 0.730565
vt 0.851803 0.764471
vt 0.835935 0.764471
vt 0.802028 0.900096
vt 0.851803 0.832284
vt 0.885709 0.764471
vt 0.967356 0.253568
vt 0.990412 0.153185
vt 0.990412 0.253568
vt 0.847421 0.827902
vt 0.847421 0.768853
vt 0.840316 0.768853
vt 0.840316 0.827902
vt 0.955278 0.153185
vt 0.932222 0.253568
vt 0.932222 0.153185
vt 0.967356 0.153185
vt 0.955278 0.130129
vt 0.967356 0.130129
vt 0.955278 0.253568
vt 0.967356 0.276625
vt 0.955278 0.276625
vt 0.711370 0.966832
vt 0.680356 0.913259
vt 0.711370 0.913259
vt 0.582015 0.913259
vt 0.613029 0.913259
vt 0.532845 0.913259
vt 0.563858 0.913259
vt 0.608893 0.496238
vt 0.625841 0.499721
vt 0.619108 0.506454
vt 0.514688 0.913259
vt 0.662199 0.913259
vt 0.631186 0.913259
vt 0.625841 0.450449
vt 0.664898 0.460664
vt 0.654682 0.499721
vt 0.674419 0.489506
vt 0.674419 0.460664
vt 0.606104 0.460664
vt 0.615625 0.489506
vt 0.606104 0.489506
vt 0.661415 0.506454
vt 0.664898 0.489506
vt 0.671630 0.496238
vt 0.619109 0.443717
vt 0.615625 0.460664
vt 0.608893 0.453932
vt 0.654682 0.440928
vt 0.625841 0.440928
vt 0.625841 0.509242
vt 0.654682 0.509242
vt 0.671630 0.453932
vt 0.654682 0.450449
vt 0.661415 0.443717
vt 0.123374 0.554135
vt 0.138090 0.534367
vt 0.128508 0.557555
vt 0.107348 0.570198
vt 0.110801 0.575329
vt 0.086391 0.578927
vt 0.087620 0.584992
vt 0.063692 0.578969
vt 0.062504 0.585043
vt 0.026661 0.554280
vt 0.011920 0.534526
vt 0.017987 0.533314
vt 0.039290 0.575467
vt 0.042714 0.570314
vt 0.011948 0.509416
vt 0.018021 0.510607
vt 0.021523 0.557726
vt 0.155963 0.254439
vt 0.208798 0.224453
vt 0.208798 0.254439
vt 0.155963 0.284424
vt 0.208798 0.284424
vt 0.208798 0.314409
vt 0.208798 0.344395
vt 0.155963 0.314409
vt 0.208798 0.374380
vt 0.155963 0.344395
vt 0.155963 0.404366
vt 0.208798 0.404365
vt 0.208797 0.434351
vt 0.208798 0.464336
vt 0.155963 0.434351
vt 0.208798 0.494321
vt 0.155963 0.464336
vt 0.208798 0.044542
vt 0.155964 0.014556
vt 0.208798 0.014557
vt 0.155964 0.074527
vt 0.208798 0.074527
vt 0.208798 0.104512
vt 0.208798 0.134498
vt 0.155963 0.104512
vt 0.155963 0.164483
vt 0.208798 0.164483
vt 0.155963 0.194468
vt 0.208798 0.194468
vt 0.155963 0.224454
vt 0.021458 0.486175
vt 0.026626 0.489589
vt 0.042641 0.473479
vt 0.039176 0.468320
vt 0.062408 0.458662
vt 0.063615 0.464739
vt 0.086313 0.464721
vt 0.087528 0.458652
vt 0.107281 0.473405
vt 0.110729 0.468265
vt 0.123330 0.489462
vt 0.128484 0.486032
vt 0.132017 0.510445
vt 0.138090 0.509247
vt 0.132023 0.533156
vt 0.069332 0.787158
vt 0.096752 0.958924
vt 0.069332 0.958924
vt 0.095074 0.784054
vt 0.067654 0.955821
vt 0.067654 0.784055
vt 0.045291 0.787158
vt 0.008491 0.958924
vt 0.008491 0.787158
vt 0.044847 0.784209
vt 0.008047 0.955975
vt 0.008047 0.784209
vt 0.090959 0.982868
vt 0.120349 0.955975
vt 0.113170 0.992068
vt 0.095074 0.955820
vt 0.111936 0.991913
vt 0.089725 0.982714
vt 0.090525 0.987198
vt 0.119915 0.960305
vt 0.112735 0.996398
vt 0.113614 0.995017
vt 0.091403 0.985817
vt 0.119115 0.784054
vt 0.096752 0.787158
vt 0.120793 0.958924
vt 0.043613 0.784055
vt 0.043613 0.955821
vt 0.007613 0.788539
vt 0.044413 0.960305
vt 0.007613 0.960305
vt 0.045291 0.958924
vt 0.068888 0.784209
vt 0.096308 0.955975
vt 0.068888 0.955975
vt 0.095874 0.788539
vt 0.068454 0.960305
vt 0.068454 0.788540
vt 0.044848 0.955975
vt 0.119914 0.788540
vt 0.095874 0.960305
vt 0.006813 0.784055
vt 0.006813 0.955820
vt 0.120349 0.784210
vt 0.096308 0.784210
vt 0.044413 0.788540
vt 0.155963 0.374380
vt 0.155963 0.494321
vt 0.155964 0.044542
vt 0.155963 0.134498
vt 0.119115 0.955820
vt 0.120793 0.787158
vt 0.442660 0.828353
vt 0.442660 0.752175
vt 0.354100 0.948784
vt 0.157783 0.879828
vt 0.157783 0.986163
vt 0.315538 0.920215
vt 0.329867 0.911942
vt 0.337707 0.911943
vt 0.355956 0.927005
vt 0.355956 0.943550
vt 0.352036 0.950341
vt 0.329867 0.958613
vt 0.315538 0.950341
vt 0.311618 0.943550
vt 0.489927 0.936135
vt 0.489927 0.877609
vt 0.442660 0.777568
vt 0.312753 0.924205
vt 0.354757 0.924205
vt 0.333755 0.960581
vt 0.447695 0.865382
vt 0.442660 0.802960
vt 0.489927 0.975152
vt 0.396920 0.716746
vt 0.489927 0.994660
vt 0.564377 0.213482
vt 0.574170 0.196519
vt 0.591133 0.186725
vt 0.627684 0.196518
vt 0.637477 0.213481
vt 0.637477 0.233069
vt 0.610721 0.259825
vt 0.591134 0.259825
vt 0.574170 0.250032
vt 0.923361 0.325089
vt 0.851803 0.730565
vt 0.802028 0.764471
vt 0.885709 0.900096
vt 0.223514 0.259927
vt 0.249137 0.321423
vt 0.223514 0.321423
vt 0.707610 0.535890
vt 0.779524 0.496134
vt 0.797502 0.535890
vt 0.454123 0.321423
vt 0.479746 0.259927
vt 0.479746 0.321423
vt 0.351630 0.321423
vt 0.454123 0.347046
vt 0.249137 0.234304
vt 0.454123 0.259927
vt 0.351630 0.259927
vt 0.351630 0.278258
vt 0.393711 0.303092
vt 0.351630 0.303092
vt 0.267468 0.303092
vt 0.249137 0.259927
vt 0.267468 0.278258
vt 0.309549 0.303092
vt 0.393711 0.278258
vt 0.435792 0.278258
vt 0.435792 0.303092
vt 0.309549 0.278258
vt 0.725589 0.464304
vt 0.725589 0.496134
vt 0.797502 0.424548
vt 0.707610 0.424548
vt 0.781373 0.495759
vt 0.727437 0.463930
vt 0.781373 0.463930
vt 0.823696 0.453320
vt 0.799351 0.424173
vt 0.709459 0.424173
vt 0.709459 0.535515
vt 0.799351 0.535515
vt 0.683265 0.506743
vt 0.821847 0.506743
vt 0.779524 0.464304
vt 0.821847 0.453695
vt 0.685114 0.453320
vt 0.727437 0.495759
vt 0.685114 0.506368
vt 0.315299 0.269840
vt 0.402449 0.218575
vt 0.402449 0.269840
vt 0.315299 0.218575
vt 0.402449 0.167310
vt 0.315299 0.167310
vt 0.402448 0.116046
vt 0.315299 0.116046
vt 0.402448 0.064781
vt 0.466641 0.019616
vt 0.511038 0.096513
vt 0.422245 0.096513
vt 0.315299 0.064781
vt 0.402448 0.013516
vt 0.315299 0.321104
vt 0.402449 0.321104
vt 0.422245 0.045248
vt 0.511038 0.045248
vt 0.466641 0.122145
vt 0.315299 0.013516
vt 0.182229 0.989027
vt 0.192835 0.828601
vt 0.192835 0.989027
vt 0.256549 0.989027
vt 0.267154 0.828601
vt 0.267155 0.989027
vt 0.275861 0.989027
vt 0.322162 0.828601
vt 0.322162 0.989027
vt 0.328318 0.811839
vt 0.269704 0.822445
vt 0.201541 0.989027
vt 0.247842 0.828601
vt 0.247843 0.989027
vt 0.271508 0.996567
vt 0.173523 0.989027
vt 0.177877 0.996567
vt 0.197188 0.996567
vt 0.252196 0.996567
vt 0.243490 0.996567
vt 0.275861 0.828601
vt 0.173523 0.828601
vt 0.201541 0.828601
vt 0.771602 0.765619
vt 0.789014 0.562724
vt 0.789014 0.765620
vt 0.752691 0.562724
vt 0.762300 0.765620
vt 0.752691 0.765620
vt 0.725465 0.562724
vt 0.742878 0.765620
vt 0.725465 0.765620
vt 0.015916 0.060143
vt 0.025049 0.027927
vt 0.047165 0.038258
vt 0.706554 0.562724
vt 0.716164 0.765619
vt 0.706554 0.765620
vt 0.798827 0.765619
vt 0.716164 0.562724
vt 0.742878 0.562724
vt 0.762300 0.562724
vt 0.771601 0.562724
vt 0.472590 0.536835
vt 0.561354 0.530184
vt 0.561354 0.536835
vt 0.472590 0.623951
vt 0.561354 0.617300
vt 0.561354 0.623951
vt 0.472590 0.606528
vt 0.561354 0.599877
vt 0.561354 0.606528
vt 0.472590 0.589105
vt 0.561354 0.582454
vt 0.561354 0.589105
vt 0.472590 0.571681
vt 0.561354 0.565030
vt 0.561354 0.571681
vt 0.472590 0.554258
vt 0.561354 0.547607
vt 0.561354 0.554258
vt 0.472590 0.641374
vt 0.561354 0.634724
vt 0.561354 0.641374
vt 0.929062 0.632286
vt 0.986275 0.646491
vt 0.972070 0.703704
vt 0.472590 0.658798
vt 0.561354 0.652147
vt 0.561354 0.658798
vt 0.472590 0.669570
vt 0.561354 0.669570
vt 0.472590 0.652147
vt 0.472590 0.634724
vt 0.472590 0.617300
vt 0.472590 0.599877
vt 0.472590 0.582454
vt 0.472590 0.565030
vt 0.472590 0.547607
vt 0.249137 0.347046
vt 0.454123 0.234304
vt 0.823696 0.506368
vt 0.683265 0.453695
vt 0.182229 0.828601
vt 0.256549 0.828601
vt 0.269704 0.811839
vt 0.275861 0.805683
vt 0.322162 0.805683
vt 0.328318 0.822445
vt 0.205894 0.996567
vt 0.047165 0.061817
vt 0.038033 0.070473
vt 0.025050 0.069778
vt 0.015916 0.036584
vt 0.038032 0.028623
vt 0.798827 0.562724
vt 0.472590 0.530184
vt 0.960611 0.708450
vt 0.940521 0.708450
vt 0.929062 0.703704
vt 0.914857 0.689499
vt 0.910111 0.678039
vt 0.910111 0.657950
vt 0.914857 0.646491
vt 0.940521 0.627539
vt 0.960611 0.627539
vt 0.972070 0.632286
vt 0.991022 0.657950
vt 0.991022 0.678039
vt 0.986275 0.689499
vt 0.247664 0.864747
vt 0.273802 0.817802
vt 0.273802 0.864747
vt 0.373539 0.905738
vt 0.277338 0.892540
vt 0.300198 0.879342
vt 0.272497 0.776353
vt 0.246358 0.693038
vt 0.272497 0.693038
vt 0.247664 0.905738
vt 0.147927 0.905738
vt 0.221267 0.879342
vt 0.273802 0.989052
vt 0.247664 0.989052
vt 0.285695 0.882420
vt 0.368697 0.892082
vt 0.372234 0.988595
vt 0.246358 0.905280
vt 0.272497 0.988595
vt 0.246358 0.988595
vt 0.246358 0.864289
vt 0.272497 0.817344
vt 0.272497 0.864289
vt 0.173017 0.878884
vt 0.146621 0.988595
vt 0.246358 0.877953
vt 0.272497 0.891616
vt 0.246358 0.891616
vt 0.272497 0.905280
vt 0.247664 0.817802
vt 0.273802 0.804138
vt 0.247664 0.804138
vt 0.273802 0.790475
vt 0.247663 0.790475
vt 0.273802 0.776811
vt 0.247664 0.878410
vt 0.273802 0.878410
vt 0.247664 0.892074
vt 0.273802 0.892074
vt 0.246358 0.817344
vt 0.272497 0.803680
vt 0.246358 0.803680
vt 0.272497 0.790017
vt 0.246358 0.790017
vt 0.247663 0.693496
vt 0.273802 0.693496
vt 0.288910 0.539023
vt 0.369697 0.514787
vt 0.369697 0.539023
vt 0.288910 0.676361
vt 0.264674 0.539023
vt 0.369697 0.676361
vt 0.288910 0.700597
vt 0.393933 0.676361
vt 0.199014 0.867087
vt 0.231329 0.806766
vt 0.231329 0.867087
vt 0.183886 0.539023
vt 0.252556 0.551141
vt 0.196005 0.551141
vt 0.264674 0.676361
vt 0.252556 0.664243
vt 0.196005 0.664243
vt 0.183886 0.676361
vt 0.199014 0.806766
vt 0.138693 0.776605
vt 0.199014 0.776605
vt 0.199014 0.716285
vt 0.231329 0.686124
vt 0.231329 0.716285
vt 0.231329 0.776605
vt 0.147927 0.989052
vt 0.151463 0.892540
vt 0.161125 0.882878
vt 0.174323 0.879342
vt 0.234465 0.882878
vt 0.244127 0.892540
vt 0.247663 0.776811
vt 0.369697 0.700597
vt 0.520802 0.837074
vt 0.591752 0.825568
vt 0.591752 0.837074
vt 0.520802 0.966877
vt 0.591752 0.955370
vt 0.591752 0.966877
vt 0.520802 0.940916
vt 0.591752 0.929410
vt 0.591752 0.940916
vt 0.520802 0.914956
vt 0.591752 0.903449
vt 0.591752 0.914956
vt 0.520802 0.888995
vt 0.591752 0.877489
vt 0.591752 0.888995
vt 0.520802 0.863035
vt 0.591752 0.851528
vt 0.591752 0.863035
vt 0.520802 0.992837
vt 0.591752 0.981331
vt 0.591752 0.992837
vt 0.520802 0.811114
vt 0.591752 0.799607
vt 0.591752 0.811114
vt 0.611820 0.681751
vt 0.591571 0.690139
vt 0.584494 0.662596
vt 0.612132 0.634957
vt 0.631288 0.662284
vt 0.606807 0.647812
vt 0.612132 0.621581
vt 0.606807 0.608726
vt 0.631288 0.594254
vt 0.520802 0.825568
vt 0.591752 0.785153
vt 0.520802 0.799607
vt 0.520802 0.785153
vt 0.520802 0.981331
vt 0.520802 0.955370
vt 0.520802 0.929410
vt 0.520802 0.903449
vt 0.520802 0.877489
vt 0.520802 0.851528
vt 0.611820 0.574787
vt 0.597349 0.599267
vt 0.584494 0.593942
vt 0.639675 0.614503
vt 0.524323 0.662284
vt 0.543479 0.634957
vt 0.548804 0.647812
vt 0.543479 0.621581
vt 0.515936 0.614503
vt 0.639675 0.642035
vt 0.543791 0.574787
vt 0.564040 0.566399
vt 0.571117 0.593942
vt 0.543791 0.681751
vt 0.558262 0.657271
vt 0.571117 0.662596
vt 0.597349 0.657271
vt 0.591571 0.566399
vt 0.564040 0.690139
vt 0.558262 0.599267
vt 0.548804 0.608726
vt 0.524323 0.594254
vt 0.515936 0.642035
vt 0.796681 0.310266
vt 0.824878 0.362752
vt 0.796681 0.362752
vt 0.995218 0.379673
vt 0.964763 0.348182
vt 0.966857 0.337654
vt 0.824878 0.196739
vt 0.796681 0.144252
vt 0.824878 0.144252
vt 0.796681 0.196739
vt 0.824878 0.216152
vt 0.796681 0.216152
vt 0.796681 0.241244
vt 0.824878 0.253790
vt 0.796681 0.253790
vt 0.824878 0.266336
vt 0.796681 0.266336
vt 0.824878 0.278882
vt 0.796681 0.278882
vt 0.824878 0.291428
vt 0.796681 0.291428
vt 0.796681 0.228698
vt 0.824878 0.228698
vt 0.824878 0.241244
vt 0.994173 0.378343
vt 0.963718 0.347345
vt 0.965812 0.336817
vt 0.824878 0.310265
vt 0.938621 0.324429
vt 0.887703 0.271026
vt 0.938621 0.271026
vt 0.938724 0.201870
vt 0.887806 0.175912
vt 0.938724 0.175913
vt 0.887703 0.245068
vt 0.938621 0.245068
vt 0.937785 0.269082
vt 0.886867 0.322485
vt 0.886868 0.269082
vt 0.861888 0.316488
vt 0.887347 0.268149
vt 0.887347 0.321553
vt 0.862347 0.276167
vt 0.887806 0.324506
vt 0.862347 0.319442
vt 0.861408 0.274146
vt 0.861408 0.317421
vt 0.862244 0.276090
vt 0.887703 0.324429
vt 0.862244 0.319364
vt 0.938621 0.201793
vt 0.887703 0.175835
vt 0.938621 0.175835
vt 0.938265 0.242192
vt 0.887347 0.198917
vt 0.938265 0.198917
vt 0.937785 0.199849
vt 0.886868 0.243124
vt 0.886867 0.199849
vt 0.938265 0.172959
vt 0.887347 0.172959
vt 0.937785 0.243124
vt 0.887347 0.242192
vt 0.886867 0.173891
vt 0.937785 0.173891
vt 0.887806 0.245145
vt 0.887806 0.201870
vt 0.938265 0.268149
vt 0.887703 0.201793
vt 0.938724 0.324506
vt 0.887806 0.271103
vt 0.938724 0.271103
vt 0.938724 0.245145
vt 0.901023 0.438538
vt 0.951318 0.486863
vt 0.850729 0.438538
vt 0.742233 0.325376
vt 0.685726 0.223914
vt 0.752503 0.256767
vt 0.682785 0.240865
vt 0.768386 0.162380
vt 0.751905 0.234954
vt 0.951318 0.531686
vt 0.850729 0.575686
vt 0.850729 0.531686
vt 0.850729 0.603182
vt 0.951317 0.575686
vt 0.951318 0.603182
vt 0.850729 0.486863
vt 0.741263 0.327008
vt 0.704299 0.299921
vt 0.735256 0.165719
vt 0.800384 0.199424
vt 0.347143 0.879342
vt 0.360341 0.882878
vt 0.370002 0.892540
vt 0.373539 0.989052
vt 0.273802 0.905738
vt 0.287000 0.882878
vt 0.246358 0.776353
vt 0.276033 0.892082
vt 0.298893 0.878884
vt 0.345838 0.878884
vt 0.359036 0.882420
vt 0.372234 0.905280
vt 0.146621 0.905280
vt 0.150158 0.892082
vt 0.159819 0.882420
vt 0.219962 0.878884
vt 0.233160 0.882420
vt 0.242822 0.892082
vt 0.272497 0.877953
vt 0.288910 0.514787
vt 0.393933 0.539023
vt 0.138693 0.806766
vt 0.199014 0.686124
vt 0.958800 0.318202
vt 0.949875 0.312239
vt 0.950313 0.296128
vt 0.995218 0.296128
vt 0.950313 0.379673
vt 0.949875 0.363070
vt 0.958800 0.357107
vt 0.964763 0.327127
vt 0.957755 0.317365
vt 0.948830 0.311401
vt 0.949267 0.294798
vt 0.994173 0.294798
vt 0.949267 0.378343
vt 0.948830 0.362233
vt 0.957755 0.356269
vt 0.963718 0.326290
vt 0.937785 0.322485
vt 0.861888 0.273214
vt 0.938265 0.321553
vt 0.951318 0.438538
vt 0.875876 0.438538
vt 0.804666 0.318135
vt 0.774170 0.327965
vt 0.713717 0.310762
vt 0.692966 0.286348
vt 0.683136 0.255851
vt 0.700339 0.195399
vt 0.687668 0.272533
vt 0.690391 0.209740
vt 0.709331 0.183894
vt 0.736719 0.167264
vt 0.799512 0.169987
vt 0.803794 0.288698
vn 0.7071 -0.0000 -0.7071
vn 0.9659 -0.0000 -0.2588
vn -0.2588 -0.0000 -0.9659
vn 0.2588 -0.0000 -0.9659
vn -0.9659 -0.0000 -0.2588
vn -0.7071 -0.0000 -0.7071
vn 0.9659 -0.0000 0.2588
vn 0.7071 -0.0000 0.7071
vn -0.0000 0.7230 0.6908
vn -0.0000 0.9011 0.4336
vn -0.0000 0.4336 0.9011
vn -0.0000 0.1339 0.9910
vn -0.0000 -0.4742 -0.8804
vn -0.0000 -0.1789 -0.9839
vn -0.7071 -0.0000 0.7071
vn -0.9659 -0.0000 0.2588
vn 0.2588 -0.0000 0.9659
vn -0.2588 -0.0000 0.9659
vn -0.0000 0.3520 -0.9360
vn -0.0000 0.5878 -0.8090
vn -0.0000 0.3486 -0.9373
vn -0.0000 0.1789 -0.9839
vn -0.0000 0.4742 -0.8804
vn -0.0000 -0.9011 0.4336
vn -0.0000 -0.7230 0.6908
vn -0.0000 0.8804 -0.4742
vn -0.0000 0.6908 -0.7230
vn -0.0000 0.9839 0.1789
vn -0.0000 0.9910 -0.1339
vn -0.0000 -0.6908 -0.7230
vn -0.0000 -0.8804 -0.4742
vn -0.0000 -0.9910 -0.1339
vn -0.0000 -0.9839 0.1789
vn -0.0000 -0.0000 1.0000
vn -0.0000 -0.2654 0.9641
vn -0.0000 0.2654 0.9641
vn 0.0256 -0.0240 0.9994
vn 0.6418 -0.0146 0.7667
vn -0.0000 -0.9511 0.3090
vn -0.0000 -0.8349 0.5504
vn -0.0000 0.7814 -0.6240
vn -0.0000 0.9990 0.0455
vn -0.0000 0.9733 0.2296
vn -0.0001 0.9990 0.0454
vn -0.0000 -0.7814 -0.6240
vn -0.0000 0.9511 0.3090
vn -0.0000 0.8349 0.5504
vn -0.0000 -0.9990 0.0455
vn 0.0001 -0.9990 0.0456
vn 0.0001 -0.9733 0.2297
vn -0.0000 -0.5878 -0.8090
vn -0.0000 -0.3520 -0.9360
vn 0.7071 0.7071 -0.0000
vn 0.9659 0.2588 -0.0000
vn -0.2588 0.9659 -0.0000
vn 0.2588 0.9659 -0.0000
vn -0.9659 0.2588 -0.0000
vn -0.7071 0.7071 -0.0000
vn 0.9659 -0.2588 -0.0000
vn 0.7071 -0.7071 -0.0000
vn -0.7071 -0.7071 -0.0000
vn -0.9659 -0.2588 -0.0000
vn 0.2588 -0.9659 -0.0000
vn -0.2588 -0.9659 -0.0000
vn -0.0000 1.0000 -0.0000
vn -0.0000 -0.4336 0.9011
vn -0.0000 -0.1339 0.9910
vn 1.0000 -0.0000 -0.0000
vn -0.0000 -0.9239 0.3827
vn -0.0000 -1.0000 -0.0000
vn -0.0398 -0.7106 -0.7025
vn -0.0313 -0.5553 -0.8311
vn -0.0716 -0.5712 -0.8177
vn -0.0000 0.9239 -0.3827
vn -0.0000 -0.9239 -0.3827
vn -0.0000 0.9239 0.3827
vn -0.0000 -0.7071 -0.7071
vn -0.0000 0.7071 0.7071
vn -0.0000 -0.3827 -0.9239
vn -0.0000 0.3827 0.9239
vn -0.0000 -0.0000 -1.0000
vn -0.0000 -0.3827 0.9239
vn -0.0000 0.3827 -0.9239
vn -0.0000 -0.7071 0.7071
vn -0.0000 0.7071 -0.7071
vn -0.0459 0.7135 0.6992
vn -0.0313 0.5553 0.8311
vn -0.0716 0.5712 0.8177
vn -0.0026 -0.0015 -1.0000
vn -0.0042 -0.2007 -0.9796
vn -0.0000 -0.2166 -0.9763
vn -0.0094 -0.3876 0.9218
vn -0.0024 0.0017 1.0000
vn -0.0000 -0.1706 0.9853
vn -0.0024 0.0020 1.0000
vn -0.0267 0.4176 0.9082
vn -0.0041 0.2007 0.9796
vn 0.1863 0.2684 -0.9451
vn -0.0071 0.4150 -0.9098
vn -0.0380 -0.7157 0.6974
vn -0.0128 -0.4200 0.9074
vn -0.0169 -0.5555 0.8314
vn -0.0354 0.7130 -0.7003
vn -0.0196 0.5707 -0.8210
vn -0.0404 0.7748 -0.6309
vn -0.0243 -0.8623 0.5058
vn -0.0623 -0.9453 0.3203
vn -0.0625 0.9250 -0.3748
vn -0.0561 0.8436 -0.5340
vn -0.0697 -0.9236 0.3771
vn -0.0692 -0.9808 0.1822
vn -0.0760 -0.9971 -0.0048
vn -0.0771 0.9970 0.0018
vn -0.0697 0.9461 -0.3164
vn -0.0749 0.9796 -0.1867
vn -0.0779 -0.9970 0.0016
vn -0.0798 -0.9791 -0.1870
vn -0.0738 -0.9436 -0.3227
vn -0.0705 0.9236 0.3769
vn -0.0795 0.9968 0.0073
vn -0.0761 0.9790 0.1890
vn -0.0660 -0.9242 -0.3761
vn -0.0672 -0.8359 -0.5447
vn -0.0562 -0.7755 -0.6289
vn -0.0696 0.9453 0.3186
vn -0.0584 0.8351 0.5470
vn -0.5878 -0.8090 -0.0000
vn 0.9511 -0.3090 -0.0000
vn -0.9511 -0.3090 -0.0000
vn 0.5878 -0.8090 -0.0000
vn 0.5878 0.8090 -0.0000
vn -0.9511 0.3090 -0.0000
vn 0.9511 0.3090 -0.0000
vn -0.5878 0.8090 -0.0000
vn -0.0000 -0.2560 0.9667
vn -0.0000 0.2560 0.9667
vn -1.0000 -0.0000 -0.0000
vn -0.0000 -0.9893 -0.1458
vn -0.0000 -0.9893 0.1458
vn -0.0000 0.2560 -0.9667
vn -0.0000 -0.2560 -0.9667
vn -0.0000 0.9893 -0.1458
vn -0.0000 0.9575 -0.2884
vn -0.0000 0.4949 -0.8689
vn -0.0000 -0.9575 -0.2884
vn -0.0000 -0.4949 -0.8690
vn -0.0000 -0.4949 -0.8689
vn -0.0000 0.9893 0.1458
vn -0.0000 0.9575 0.2884
vn -0.0000 0.4949 0.8689
vn -0.0000 -0.9575 0.2884
vn -0.0000 -0.4949 0.8690
vn -0.0000 -0.4949 0.8689
vn -0.0000 0.5000 -0.8660
vn -0.0000 0.8660 -0.5000
vn -0.0000 0.8660 0.5000
vn -0.0000 0.5000 0.8660
vn -0.0000 -0.5000 0.8660
vn -0.0000 -0.8660 0.5000
vn -0.0000 -0.8660 -0.5000
vn -0.0000 -0.5000 -0.8660
vn -0.0000 0.8000 -0.6000
vn -0.0289 0.0167 0.9994
vn -0.0289 -0.0167 0.9994
vn -0.0000 0.0333 0.9994
vn -0.0000 -0.0333 0.9994
vn 0.0289 0.0167 0.9994
vn 0.5000 0.8660 -0.0000
vn 0.5000 -0.8660 -0.0000
vn -0.5000 0.8660 -0.0000
vn -0.5000 -0.8660 -0.0000
vn 0.0289 -0.0167 0.9994
vn 0.5556 -0.0000 0.8315
vn 0.1951 -0.0000 0.9808
vn 0.8315 -0.0000 -0.5556
vn 0.9808 -0.0000 -0.1951
vn 0.9808 -0.0000 0.1951
vn 0.8315 -0.0000 0.5556
vn -0.9808 -0.0000 -0.1951
vn -0.8315 -0.0000 -0.5556
vn -0.1951 -0.0000 0.9808
vn -0.5556 -0.0000 0.8315
vn -0.5556 -0.0000 -0.8315
vn -0.1951 -0.0000 -0.9808
vn -0.8315 -0.0000 0.5556
vn -0.9808 -0.0000 0.1951
vn 0.1951 -0.0000 -0.9808
vn 0.5556 -0.0000 -0.8315
vn 0.3912 0.9203 -0.0000
vn -0.0103 0.9999 -0.0000
vn -0.0051 1.0000 -0.0000
vn 0.7682 -0.6402 -0.0000
vn 0.9239 -0.0000 -0.3827
vn 0.3827 -0.0000 -0.9239
vn -0.3827 -0.0000 -0.9239
vn -0.9239 -0.0000 -0.3827
vn 0.9239 -0.0000 0.3827
vn 0.3827 -0.0000 0.9239
vn -0.3827 -0.0000 0.9239
vn -0.9239 -0.0000 0.3827
vn -0.7674 -0.6411 -0.0000
vn -0.4731 0.8810 0.0014
vn -0.4747 0.8801 -0.0000
vn -0.5019 0.8650 -0.0000
vn -0.4756 0.8797 -0.0000
vn -0.1589 -0.1589 -0.9744
vn -0.0270 -0.0270 -0.9993
vn 0.0176 0.0176 -0.9997
vn 0.2576 0.2576 -0.9313
vn 0.2926 0.2926 -0.9104
vn 0.4924 0.4924 -0.7177
vn 0.5131 0.5131 -0.6881
vn 0.6511 0.6511 -0.3902
vn 0.6572 0.6572 -0.3691
vn 0.6572 0.6572 0.3691
vn 0.6511 0.6511 0.3902
vn 0.5131 0.5131 0.6881
vn 0.4924 0.4924 0.7177
vn 0.3929 0.3929 0.8315
vn -0.5531 0.8331 -0.0000
vn -0.5148 0.8573 -0.0000
vn -0.7169 -0.6972 -0.0000
vn -0.4745 0.8803 0.0017
vn -0.4716 0.8818 -0.0067
vn 0.6790 0.7106 0.1845
vn 0.6976 0.7164 0.0078
vn 0.7071 0.7071 0.0001
vn -0.2992 0.9542 -0.0000
vn -0.1593 -0.9872 -0.0000
vn -0.8880 -0.4598 -0.0000
vn -0.5711 0.8209 -0.0000
vn -0.0000 -1.0000 -0.0001
vn -0.0000 1.0000 0.0001
vn -0.5350 0.8449 -0.0000
vn -0.4598 0.8880 -0.0000
vn -0.5165 0.8563 -0.0000
vn -0.3145 -0.9492 -0.0000
vn -0.5774 -0.5773 0.5773
vn -0.5774 -0.5773 -0.5773
vn 0.5774 -0.5773 -0.5774
vn 0.5774 -0.5773 0.5774
vn 0.4598 -0.8880 -0.0000
vn -0.9239 -0.3827 -0.0000
vn -0.9808 -0.1951 -0.0000
vn -0.7253 -0.6884 -0.0000
vn -0.9591 -0.2830 -0.0000
vn -0.5982 -0.8014 -0.0000
vn 0.5981 -0.8014 -0.0000
vn 0.7253 -0.6884 -0.0000
vn 0.9239 -0.3827 -0.0000
vn 0.9959 -0.0908 -0.0000
vn 0.9239 0.3827 -0.0000
vn 0.3827 0.9239 -0.0000
vn -0.3827 0.9239 -0.0000
vn 0.0480 -0.0095 -0.9988
vn -0.8315 0.5556 -0.0000
vn -0.9239 0.3827 -0.0000
vn 0.0073 -1.0000 -0.0000
vn -0.9999 0.0153 -0.0000
vn 0.0566 -0.0105 -0.9983
vn 0.1467 -0.0020 -0.9892
vn -0.0566 0.0105 0.9983
vn -0.1467 0.0020 0.9892
vn -0.1469 -0.0000 0.9891
vn -0.0071 1.0000 -0.0000
vn 0.9999 0.0145 -0.0000
vn -0.4748 0.8801 0.0007
vn -0.4736 0.8807 -0.0003
vn -0.4757 0.8796 0.0040
vn -0.4766 0.8791 0.0021
vn -0.4655 0.8849 -0.0185
vn 0.6895 0.7243 -0.0000
vn 0.3315 0.1913 -0.9239
vn 0.6125 0.3534 -0.7071
vn 0.8002 0.4617 -0.3827
vn 0.8661 0.4998 -0.0000
vn 0.8002 0.4617 0.3827
vn 0.6125 0.3534 0.7071
vn 0.3315 0.1913 0.9239
vn -0.3315 -0.1913 0.9239
vn -0.6125 -0.3534 0.7071
vn -0.8002 -0.4617 0.3827
vn -0.8661 -0.4998 -0.0000
vn -0.8002 -0.4617 -0.3827
vn -0.6125 -0.3534 -0.7071
vn -0.4998 0.8661 -0.0000
vn -0.3315 -0.1913 -0.9239
vn 0.4998 -0.8661 -0.0000
vn 0.6882 0.6882 0.2296
vn 0.5737 0.5737 0.5846
vn 0.3718 0.3718 0.8506
vn 0.1134 0.1134 0.9871
vn -0.1624 -0.1624 0.9733
vn -0.2075 -0.2075 0.9560
vn -0.4134 -0.4134 0.8113
vn -0.6014 -0.6014 0.5259
vn -0.6980 -0.6980 0.1603
vn -0.6014 -0.6015 0.5258
vn -0.3718 -0.3718 -0.8506
vn -0.1134 -0.1134 -0.9871
vn 0.6980 0.6980 -0.1603
vn 0.6014 0.6014 -0.5259
vn 0.3546 0.3546 -0.8652
vn -0.5737 -0.5737 -0.5846
vn -0.6882 -0.6882 -0.2296
vn 0.1624 0.1624 -0.9733
vn 0.4134 0.4134 -0.8113
vn -0.6760 -0.6760 -0.2935
vn 0.3745 0.3745 -0.8482
vn 0.2075 0.2075 -0.9560
vn -0.5998 -0.5998 -0.5296
vn 0.5998 0.5998 0.5296
vn 0.6760 0.6760 0.2935
vn -0.3745 -0.3745 0.8482
vn -0.6889 -0.6889 0.2253
vn -0.4504 -0.4504 0.7709
vn -0.0250 -0.0250 0.9994
vn -0.0999 -0.0999 0.9900
vn -0.7067 -0.7067 -0.0353
vn -0.2935 -0.2935 0.9098
vn -0.6433 -0.6433 -0.4151
vn 0.0250 0.0250 -0.9994
vn 0.2227 0.3100 0.9243
vn 0.6433 0.6433 0.4151
vn 0.6624 0.6624 -0.3498
vn 0.4133 0.4134 -0.8113
vn 0.5173 0.5173 -0.6817
vn 0.7071 0.7071 -0.0054
vn 0.7067 0.7067 0.0353
vn -0.0000 0.9808 -0.1951
vn -0.0000 0.2903 -0.9569
vn -0.0000 0.2900 -0.9570
vn -0.0000 0.9716 -0.2366
vn -0.0000 0.6566 -0.7543
vn -0.0000 0.3457 -0.9384
vn -0.0000 -0.8349 0.5503
vn -0.0000 -0.9510 0.3091
vn -0.0000 -0.6566 -0.7543
vn -0.0267 -0.4176 -0.9082
vn -0.0118 -0.3859 -0.9225
vn -0.0118 0.3859 0.9225
vn -0.0445 0.7885 0.6134
vn -0.0000 0.0276 -0.9996
vn -0.0032 -0.2042 0.9789
vn -0.0000 0.0679 0.9977
vn -0.0118 0.3859 -0.9225
vn -0.0277 -0.5792 0.8147
vn -0.0437 -0.7758 0.6295
vn 0.5877 0.8091 -0.0001
vn -0.0000 1.0000 -0.0001
vn 0.6863 0.7209 0.0971
vn -0.0480 0.0095 0.9988
vn -0.9592 -0.2828 -0.0000
vn 0.1469 -0.0000 -0.9891
vn 0.9959 -0.0907 -0.0000
vn -0.4998 0.8662 -0.0000
vn 0.4999 -0.8661 -0.0000
vn 0.4998 -0.8662 -0.0000
vn -0.3117 -0.3117 -0.8976
vn -0.1000 -0.1000 0.9900
vn -0.2076 -0.2076 0.9559
vn 0.5803 0.5803 -0.5715
vn 0.5173 0.5174 -0.6817
vn 0.0001 0.3826 -0.9239
vn 0.3827 -0.9239 -0.0000
vn -0.3827 -0.9239 -0.0000
vn -0.3090 -0.9511 -0.0000
vn -0.1564 -0.9877 -0.0000
vn -0.1564 0.9877 -0.0000
vn -0.3090 0.9511 -0.0000
vn 0.3090 0.9511 -0.0000
vn 0.8090 0.5878 -0.0000
vn 0.8090 -0.5878 -0.0000
vn 0.3090 -0.9511 -0.0000
vn -0.2902 -0.0068 0.9570
vn -0.0981 -0.0071 0.9952
vn -0.2904 -0.0068 0.9569
vn 0.7732 -0.0045 0.6341
vn 0.8818 -0.0033 0.4717
vn 0.8821 -0.0033 0.4711
vn 0.9571 -0.0021 0.2899
vn 0.9951 -0.0007 0.0984
vn 0.9952 -0.0007 0.0976
vn 0.9951 0.0007 -0.0984
vn 0.9675 0.0018 -0.2527
vn 0.9676 0.0015 -0.2526
vn 0.9313 0.0013 -0.3643
vn 0.7537 0.0010 -0.6572
vn 0.7543 0.0007 -0.6565
vn 0.2785 -0.0000 -0.9604
vn 0.2832 0.0002 -0.9591
vn -0.2793 -0.0000 -0.9602
vn -0.7546 0.0012 -0.6562
vn -0.9313 0.0013 -0.3643
vn -0.7532 0.0004 -0.6578
vn -0.9675 0.0018 -0.2527
vn -0.9951 0.0007 -0.0984
vn -0.9676 0.0015 -0.2526
vn -0.9951 -0.0007 0.0984
vn -0.9571 -0.0021 0.2899
vn -0.9952 -0.0007 0.0976
vn -0.8817 -0.0033 0.4717
vn -0.7732 -0.0045 0.6341
vn -0.8821 -0.0033 0.4711
vn -0.6342 -0.0055 0.7732
vn -0.4716 -0.0063 0.8818
vn -0.6346 -0.0055 0.7728
vn -0.0017 -0.9999 -0.0122
vn 0.0039 -0.9997 -0.0254
vn 0.0021 -0.9999 -0.0114
vn 0.4716 -0.0063 0.8818
vn 0.6342 -0.0055 0.7732
vn 0.6346 -0.0055 0.7728
vn 0.0981 -0.0071 0.9952
vn 0.2902 -0.0068 0.9569
vn 0.2904 -0.0068 0.9569
vn -0.0980 -0.0071 0.9952
vn 0.4712 -0.0063 0.8820
vn 0.7728 -0.0045 0.6346
vn 0.9568 -0.0021 0.2907
vn 0.9952 0.0007 -0.0976
vn 0.9308 0.0021 -0.3655
vn -0.2824 0.0002 -0.9593
vn -0.9308 0.0022 -0.3655
vn -0.9952 0.0007 -0.0976
vn -0.9568 -0.0021 0.2907
vn -0.7728 -0.0045 0.6346
vn -0.4712 -0.0063 0.8820
vn -0.0025 0.9999 0.0105
vn -0.0006 0.9999 0.0147
vn 0.0001 0.9999 0.0133
vn -0.9492 0.3146 -0.0000
vn -0.3146 -0.9492 -0.0000
vn 0.9492 -0.3146 -0.0000
vn -0.1563 -0.9877 -0.0000
vn -0.1563 0.9877 -0.0000
vn -0.0000 -0.9999 -0.0139
vn -0.0000 -0.9999 -0.0138
vn 0.0001 -0.9999 -0.0139
vn -0.0038 -0.9999 -0.0137
vn -0.0161 -0.9997 -0.0171
vn -0.0039 -0.9999 -0.0147
vn 0.0093 -0.9999 -0.0053
vn -0.0072 -0.9992 -0.0400
vn -0.0001 -0.9999 -0.0139
vn 0.0038 -0.9999 -0.0137
vn 0.0147 -0.9998 -0.0152
vn 0.0161 -0.9997 -0.0171
vn 0.0171 -0.9997 -0.0176
vn 0.0171 -0.9997 -0.0175
vn 0.0980 -0.0071 0.9952
vn -0.0000 0.9999 0.0139
vn -0.0000 0.9999 0.0138
vn -0.0001 0.9999 0.0137
vn -0.0001 0.9999 0.0136
vn -0.0008 0.9999 0.0134
vn -0.0038 0.9999 0.0137
vn -0.0161 0.9997 0.0172
vn -0.0187 0.9997 0.0182
vn 0.0054 1.0000 -0.0024
vn -0.0021 0.9995 0.0327
vn -0.0000 0.9999 0.0140
vn 0.0024 0.9999 0.0129
vn 0.0099 0.9998 0.0147
vn 0.0167 0.9997 0.0172
vn -0.0093 0.9999 0.0053
vn 0.8660 -0.0000 -0.5000
vn 0.8660 -0.0000 0.5000
vn -0.8660 -0.0000 0.5000
vn -0.8660 -0.0000 -0.5000
vn -0.9744 -0.0112 0.2245
vn 0.9744 -0.0112 -0.2245
vn 0.2928 -0.0112 -0.9561
vn -0.6816 -0.0112 -0.7316
vn -0.0000 0.6660 -0.7460
vn -0.0000 0.6710 -0.7414
vn -0.0007 0.6656 -0.7463
vn 0.6460 0.6660 0.3730
vn 0.6474 0.6671 0.3685
vn 0.6473 0.6645 0.3734
vn 0.6461 0.6659 -0.3730
vn 0.6481 0.6662 -0.3689
vn 0.6454 0.6681 -0.3703
vn -0.6460 0.6660 -0.3730
vn -0.6473 0.6644 -0.3736
vn -0.6502 0.6711 -0.3561
vn -0.6460 0.6660 0.3730
vn -0.6452 0.6642 0.3776
vn -0.6429 0.6691 0.3729
vn -0.0000 0.6660 0.7459
vn -0.0000 0.6610 0.7504
vn -0.0000 0.6663 0.7457
vn 1.0000 0.0001 0.0001
vn 1.0000 0.0002 0.0001
vn 1.0000 -0.0001 0.0001
vn 1.0000 -0.0002 0.0001
vn -1.0000 -0.0001 0.0001
vn -1.0000 -0.0002 0.0001
vn 1.0000 0.0002 -0.0001
vn 1.0000 0.0001 -0.0001
vn 1.0000 -0.0000 -0.0002
vn -1.0000 0.0002 0.0001
vn -1.0000 0.0002 -0.0000
vn 1.0000 -0.0000 0.0002
vn -1.0000 -0.0002 -0.0000
vn 1.0000 -0.0002 -0.0001
vn 1.0000 -0.0001 -0.0001
vn -1.0000 -0.0002 -0.0001
vn -1.0000 -0.0000 -0.0002
vn -1.0000 0.0002 -0.0001
vn -1.0000 0.0001 -0.0002
vn -0.0000 0.8349 0.5503
vn 0.6816 -0.0112 0.7316
vn -0.2928 -0.0112 0.9561
vn 0.6816 -0.0112 -0.7316
vn 0.4984 -0.0819 -0.8631
vn 0.2928 -0.0112 0.9561
vn 0.4984 -0.0818 0.8631
vn -0.6816 -0.0112 0.7316
vn -0.4984 -0.0818 0.8631
vn -0.9744 -0.0112 -0.2245
vn -0.9966 -0.0819 -0.0000
vn 0.9744 -0.0112 0.2245
vn 0.9966 -0.0820 -0.0000
vn -0.2928 -0.0112 -0.9561
vn -0.4984 -0.0818 -0.8631
vn -1.0000 -0.0001 -0.0001
vn -1.0000 -0.0001 -0.0002
vn -1.0000 -0.0000 0.0002
vn -1.0000 0.0001 0.0001
vn -1.0000 0.0001 0.0002
vn -1.0000 0.0001 -0.0001
vn -1.0000 -0.0001 0.0002
vn -0.0000 0.0074 -1.0000
vn 0.9999 0.0125 -0.0000
vn -0.9999 0.0125 -0.0000
vn -0.0000 0.0074 1.0000
vn 0.0266 -0.9996 -0.0000
vn -0.0109 -0.9999 -0.0000
vn -0.0485 -0.9988 -0.0000
vn 0.9998 -0.0222 -0.0000
vn 0.0118 0.9999 -0.0000
vn -0.0250 0.9997 -0.0000
vn 0.0485 0.9988 -0.0000
vn 0.9612 0.2757 0.0037
vn 0.9587 0.2843 0.0036
vn 0.9630 0.2696 -0.0000
vn -0.0000 -0.7637 0.6456
vn -0.0001 -0.6711 0.7414
vn 0.9985 0.0532 0.0094
vn 0.9811 0.1934 0.0014
vn 0.9848 0.1733 0.0149
vn -0.9811 0.1934 0.0014
vn -0.9985 0.0532 0.0094
vn 0.9578 0.2873 0.0054
vn -0.9578 0.2873 -0.0000
vn 0.9578 0.2873 -0.0000
vn -0.0000 -0.3287 0.9444
vn -0.0000 -0.4515 0.8923
vn -0.9747 0.2234 0.0060
vn -0.9724 0.2331 0.0118
vn -0.9699 0.2430 0.0177
vn -0.0000 0.2964 0.9551
vn -0.0000 -0.6709 0.7415
vn -0.0000 0.8057 0.5924
vn -0.9848 0.1733 0.0149
vn -0.7328 0.6690 -0.1244
vn -0.6718 0.7042 -0.2299
vn -0.7542 0.6566 -0.0000
vn -0.7328 0.6690 0.1244
vn -0.6718 0.7042 0.2299
vn -0.4726 0.8191 0.3251
vn -0.3649 0.8813 0.3003
vn -0.5804 0.7569 0.3003
vn -0.2735 0.9340 0.2299
vn -0.2125 0.9692 0.1244
vn -0.1911 0.9816 -0.0000
vn -0.2125 0.9692 -0.1244
vn -0.2735 0.9340 -0.2299
vn -0.3649 0.8813 -0.3003
vn -0.4726 0.8191 -0.3251
vn -0.5804 0.7569 -0.3003
vn 0.8271 0.4773 0.2967
vn 0.8271 0.4773 0.2968
vn -0.8271 -0.4773 -0.2968
vn 0.1094 0.0631 -0.9920
vn 0.4997 -0.8662 -0.0000
vn -0.2219 -0.1281 0.9666
vn -0.1094 -0.0631 0.9920
vn 0.2219 0.1281 -0.9666
vn 0.7271 0.4196 0.5433
vn -0.7271 -0.4196 -0.5434
vn -0.7271 -0.4196 -0.5433
vn -0.0010 0.6653 -0.7466
vn -0.0000 0.6661 -0.7459
vn -0.0000 0.6738 -0.7389
vn 0.6479 0.6638 0.3736
vn 0.6482 0.6678 0.3660
vn 0.6450 0.6692 -0.3690
vn 0.6460 0.6660 -0.3730
vn 0.6492 0.6664 -0.3666
vn -0.6523 0.6736 -0.3474
vn -0.6460 0.6660 -0.3729
vn -0.6480 0.6636 -0.3739
vn -0.6412 0.6707 0.3730
vn -0.6460 0.6660 0.3729
vn -0.6447 0.6633 0.3799
vn -0.0000 0.6665 0.7455
vn -0.0000 0.6661 0.7459
vn -0.0000 0.6583 0.7528
vn -0.9770 0.2134 -0.0000
vn -0.2669 -0.9637 -0.0000
vn -0.2669 0.9637 -0.0000
vn -0.4248 -0.0000 0.9053
vn -0.4248 -0.0000 -0.9053
vn 0.5773 -0.5774 0.5774
vn 0.5774 -0.5774 -0.5774
vn 0.0001 -0.7071 -0.7071
vn -0.5774 -0.5773 -0.5774
vn -0.6325 -0.6325 -0.4472
vn -0.2819 -0.2819 0.9171
vn -0.2820 -0.2820 0.9171
vn 0.6325 0.6325 0.4472
vn 0.2819 0.2819 -0.9171
vn -0.2415 -0.2415 -0.9399
vn 0.6646 0.6646 -0.3415
vn 0.2415 0.2415 0.9399
vn -0.6646 -0.6646 0.3415
vn -0.0002 -0.7071 -0.7071
vn -0.5774 -0.5773 0.5774
vn -0.0000 0.9659 -0.2588
vn -0.0000 0.2588 -0.9659
vn -0.0000 0.9659 0.2588
vn -0.0000 0.2588 0.9659
vn -0.0000 0.9997 0.0263
vn -0.0000 0.5556 0.8315
vn -0.0000 0.5556 -0.8315
vn -0.0000 0.9996 -0.0271
vn 0.2935 0.2935 -0.9098
vn 0.7066 0.7066 0.0393
vn -0.1800 -0.1800 0.9670
vn -0.0000 0.2589 0.9659
vn -0.7066 0.7070 0.0294
vn -0.7069 0.7072 0.0147
usemtl SpacialRoverExploreralumWhite
f 105/1/1 115/2/2 118/3/1
f 109/4/3 117/5/4 120/6/3
f 122/7/5 110/8/6 119/9/6
f 103/10/7 113/11/8 116/12/7
f 204/13/9 230/14/10 211/15/10
f 203/16/11 231/17/12 222/18/11
f 217/19/13 239/20/14 238/21/13
f 99/22/15 121/23/16 112/24/15
f 101/25/17 111/26/18 114/27/17
f 9/28/19 7/29/20 34/30/21
f 240/31/22 216/32/23 233/33/23
f 220/34/24 226/35/25 201/36/25
f 206/37/26 234/38/27 215/39/27
f 212/40/28 224/41/29 205/42/29
f 218/43/30 228/44/31 209/45/31
f 210/46/32 236/47/33 219/48/33
f 6/49/34 3/50/35 35/51/35
f 2/52/36 37/53/37 38/54/38
f 8/55/39 42/56/40 36/57/40
f 7/29/20 1/58/41 44/59/41
f 1/60/42 47/61/43 46/62/44
f 4/63/45 48/64/45 50/65/45
f 5/66/46 40/67/47 52/68/47
f 4/63/48 53/69/49 41/70/50
f 10/71/51 33/72/52 54/73/52
f 129/74/53 139/75/54 142/76/53
f 133/77/55 141/78/56 144/79/55
f 146/80/57 134/81/58 143/82/58
f 127/83/59 137/84/60 140/85/59
f 123/86/61 145/87/62 136/88/61
f 125/89/63 135/90/64 138/91/63
f 112/24/15 100/92/18 99/22/15
f 116/12/7 104/93/2 103/10/7
f 122/7/5 108/94/16 107/95/5
f 114/27/17 102/96/8 101/25/17
f 118/3/1 106/97/4 105/1/1
f 109/4/3 119/98/6 110/99/6
f 136/100/61 124/101/64 123/102/61
f 140/85/59 128/103/54 127/83/59
f 146/80/57 132/104/62 131/105/57
f 138/91/63 126/106/60 125/89/63
f 142/76/53 130/107/56 129/74/53
f 144/79/55 134/81/58 133/77/55
f 107/108/65 158/109/65 155/110/65
f 104/111/65 151/112/65 103/113/65
f 185/114/34 129/115/34 188/116/34
f 123/117/34 124/118/34 181/119/34
f 129/115/34 185/114/34 128/120/34
f 128/120/34 185/114/34 127/121/34
f 224/41/29 206/122/26 205/42/29
f 226/35/25 202/123/66 201/36/25
f 228/44/31 210/46/32 209/45/31
f 238/21/13 218/43/30 217/19/13
f 234/38/27 216/32/23 215/39/27
f 236/47/33 220/34/24 219/48/33
f 222/18/11 204/13/9 203/16/11
f 230/14/10 212/40/28 211/15/10
f 207/124/22 239/20/14 208/125/14
f 232/126/67 214/127/12 213/128/67
f 202/123/66 232/126/67 213/128/67
f 108/129/65 99/130/65 148/131/65
f 151/112/65 104/111/65 154/132/65
f 106/133/65 153/134/65 105/135/65
f 101/136/65 102/137/65 149/138/65
f 149/138/65 102/137/65 152/139/65
f 102/137/65 103/113/65 152/139/65
f 104/111/65 105/135/65 154/132/65
f 101/136/65 149/138/65 150/140/65
f 156/141/65 153/134/65 106/133/65
f 101/136/65 150/140/65 147/142/65
f 156/141/65 106/133/65 109/143/65
f 100/144/65 101/136/65 147/142/65
f 99/130/65 100/144/65 147/142/65
f 156/141/65 109/143/65 110/145/65
f 99/130/65 147/142/65 148/131/65
f 155/110/65 156/141/65 110/145/65
f 157/146/65 108/129/65 148/131/65
f 110/145/65 107/108/65 155/110/65
f 158/109/65 108/129/65 157/146/65
f 153/134/65 154/132/65 105/135/65
f 188/116/34 129/115/34 130/147/34
f 108/129/65 158/109/65 107/108/65
f 103/113/65 151/112/65 152/139/65
f 125/148/34 126/149/34 183/150/34
f 183/150/34 126/149/34 186/151/34
f 126/149/34 127/121/34 186/151/34
f 187/152/34 188/116/34 130/147/34
f 125/148/34 183/150/34 184/153/34
f 187/152/34 130/147/34 133/154/34
f 124/118/34 125/148/34 184/153/34
f 190/155/34 187/152/34 133/154/34
f 124/118/34 184/153/34 181/119/34
f 182/156/34 123/117/34 181/119/34
f 189/157/34 190/155/34 133/154/34
f 189/157/34 133/154/34 134/158/34
f 123/117/34 182/156/34 191/159/34
f 192/160/34 189/157/34 134/158/34
f 192/160/34 132/161/34 191/159/34
f 132/161/34 123/117/34 191/159/34
f 192/160/34 134/158/34 131/162/34
f 132/161/34 192/160/34 131/162/34
f 127/121/34 185/114/34 186/151/34
f 204/13/9 221/163/9 230/14/10
f 203/16/11 214/127/12 231/17/12
f 217/19/13 208/125/14 239/20/14
f 240/31/22 207/124/22 216/32/23
f 220/34/24 235/164/24 226/35/25
f 206/37/26 223/165/26 234/38/27
f 212/40/28 229/166/28 224/41/29
f 218/43/30 237/167/30 228/44/31
f 210/46/32 227/168/32 236/47/33
f 224/41/29 223/169/26 206/122/26
f 226/35/25 225/170/66 202/123/66
f 228/44/31 227/168/32 210/46/32
f 238/21/13 237/167/30 218/43/30
f 234/38/27 233/33/23 216/32/23
f 236/47/33 235/164/24 220/34/24
f 222/18/11 221/163/9 204/13/9
f 230/14/10 229/166/28 212/40/28
f 207/124/22 240/31/22 239/20/14
f 232/126/67 231/17/12 214/127/12
f 202/123/66 225/170/66 232/126/67
f 255/171/68 273/172/68 241/173/68
f 248/174/68 283/175/68 250/176/68
f 242/177/68 273/172/68 276/178/68
f 243/179/68 288/180/68 274/181/68
f 251/182/68 282/183/68 284/184/68
f 244/185/68 274/181/68 277/186/68
f 252/187/68 285/188/68 253/189/68
f 245/190/68 276/178/68 278/191/68
f 250/176/68 275/192/68 252/187/68
f 246/193/68 277/186/68 279/194/68
f 254/195/68 284/184/68 286/196/68
f 245/190/68 280/197/68 247/198/68
f 253/189/68 287/199/68 255/171/68
f 246/193/68 281/200/68 248/174/68
f 256/201/68 286/196/68 288/180/68
f 249/202/68 280/197/68 282/183/68
f 273/203/69 293/204/70 276/205/70
f 263/206/71 326/207/72 325/208/73
f 274/209/74 301/210/65 277/211/65
f 276/205/70 294/212/75 278/213/75
f 277/211/65 302/214/76 279/215/76
f 278/213/75 295/216/77 280/217/77
f 281/218/78 302/214/76 303/219/78
f 280/217/77 296/220/79 282/221/79
f 281/218/78 304/222/80 283/223/80
f 282/221/79 297/224/81 284/225/81
f 275/226/34 289/227/82 285/228/82
f 283/223/80 290/229/34 275/226/34
f 286/230/83 297/224/81 298/231/83
f 287/232/84 289/227/82 291/233/84
f 286/230/83 299/234/85 288/235/85
f 273/203/69 291/236/84 292/237/69
f 288/235/85 300/238/74 274/209/74
f 258/239/68 289/240/68 290/241/68
f 257/242/68 291/243/68 289/240/68
f 259/244/68 292/245/68 291/243/68
f 260/246/68 293/247/68 292/245/68
f 261/248/68 294/249/68 293/247/68
f 262/250/68 295/251/68 294/249/68
f 263/252/68 296/253/68 295/251/68
f 265/254/68 296/253/68 264/255/68
f 266/256/68 297/257/68 265/254/68
f 267/258/68 298/259/68 266/256/68
f 268/260/68 299/261/68 267/258/68
f 269/262/68 300/263/68 268/260/68
f 270/264/68 301/265/68 269/262/68
f 271/266/68 302/267/68 270/264/68
f 272/268/68 303/269/68 271/266/68
f 272/268/68 290/241/68 304/270/68
f 271/271/86 330/272/87 329/273/88
f 265/274/89 333/275/90 334/276/91
f 257/277/92 258/278/93 337/279/94
f 258/278/95 332/280/96 340/281/97
f 265/274/89 341/282/98 342/283/99
f 259/284/100 339/285/101 344/286/102
f 267/287/103 346/288/104 348/289/105
f 259/290/100 349/291/106 350/292/107
f 268/293/108 348/289/105 351/294/109
f 260/295/110 353/296/111 354/297/112
f 269/298/113 352/299/114 355/300/115
f 261/301/116 357/302/117 358/303/118
f 270/304/119 356/305/120 359/306/121
f 262/307/122 361/308/123 327/309/124
f 271/271/86 360/310/125 362/311/126
f 313/312/127 324/313/127 314/314/127
f 386/315/34 324/316/34 322/317/34
f 310/318/128 321/319/128 311/320/128
f 307/321/65 387/322/65 308/323/65
f 314/324/129 316/325/129 306/326/129
f 312/327/130 321/319/130 322/328/130
f 309/329/131 387/322/131 319/330/131
f 305/331/132 316/325/132 315/332/132
f 313/312/70 322/328/70 323/333/70
f 309/329/133 320/334/133 310/318/133
f 305/331/134 388/335/134 307/321/134
f 382/336/129 364/337/129 363/338/129
f 379/339/127 382/340/127 380/341/127
f 377/342/70 380/341/70 378/343/70
f 375/344/130 378/343/130 376/345/130
f 373/346/128 376/345/128 374/347/128
f 371/348/133 374/347/133 372/349/133
f 369/350/131 372/349/131 370/351/131
f 367/352/65 370/351/65 368/353/65
f 365/354/134 368/353/134 366/355/134
f 364/337/132 366/355/132 363/338/132
f 319/330/131 387/322/131 386/356/131
f 388/335/134 315/332/134 385/357/134
f 317/358/65 386/356/65 318/359/65
f 318/359/65 387/322/65 384/360/65
f 383/361/65 385/357/65 317/358/65
f 384/360/65 388/335/65 383/361/65
f 409/362/135 394/363/136 405/364/136
f 414/365/137 410/366/137 406/367/137
f 402/368/138 408/369/139 415/370/138
f 396/371/68 404/372/68 400/373/68
f 399/374/140 414/375/141 412/376/140
f 400/373/142 413/377/143 411/378/142
f 401/379/144 412/376/140 413/380/144
f 415/370/138 404/381/145 402/368/138
f 416/382/146 403/383/141 404/381/147
f 406/367/148 395/384/149 393/385/148
f 407/386/150 394/363/136 395/387/150
f 408/369/139 398/388/151 410/389/151
f 398/388/152 409/362/135 410/389/153
f 411/378/142 393/385/148 400/373/142
f 484/390/81 430/391/154 429/392/81
f 483/393/154 431/394/155 430/391/154
f 485/395/155 432/396/65 431/394/155
f 486/397/65 433/398/156 432/396/65
f 487/399/156 434/400/157 433/398/156
f 488/401/157 435/402/34 434/400/157
f 435/402/34 490/403/158 436/404/158
f 436/404/158 491/405/159 437/406/159
f 491/405/159 438/407/70 437/406/159
f 438/407/70 493/408/160 439/409/160
f 427/410/156 506/411/157 428/412/157
f 493/413/160 440/414/161 439/415/160
f 494/416/161 429/392/81 440/414/161
f 465/417/81 472/418/81 471/419/81
f 466/420/137 473/421/137 472/418/137
f 468/422/68 471/419/68 474/423/68
f 466/420/70 468/424/70 470/425/70
f 469/426/162 471/419/162 472/418/162
f 469/427/137 472/418/137 473/421/137
f 471/419/68 467/428/68 474/423/68
f 418/429/137 484/430/137 417/431/137
f 418/429/137 485/432/137 483/433/137
f 420/434/137 485/432/137 419/435/137
f 420/434/137 487/436/137 486/437/137
f 422/438/137 487/436/137 421/439/137
f 423/440/137 488/441/137 422/438/137
f 423/440/137 490/442/137 489/443/137
f 425/444/137 490/442/137 424/445/137
f 426/446/137 491/447/137 425/444/137
f 426/446/137 493/448/137 492/449/137
f 427/450/137 494/451/137 493/448/137
f 417/431/137 494/451/137 428/452/137
f 417/453/34 495/454/158 418/455/158
f 424/456/154 503/457/155 425/458/155
f 421/459/160 500/460/161 422/461/161
f 428/412/157 496/462/34 417/453/34
f 418/455/158 497/463/159 419/464/159
f 425/458/155 504/465/65 426/466/65
f 422/461/161 501/467/81 423/468/81
f 419/464/159 498/469/70 420/470/70
f 426/466/65 505/471/156 427/472/156
f 423/468/81 502/473/154 424/456/154
f 420/470/70 499/474/160 421/459/160
f 589/475/137 580/476/137 579/477/137
f 590/478/70 611/479/70 580/476/70
f 555/480/137 556/481/137 553/482/137
f 553/482/65 602/483/65 555/480/65
f 558/484/70 604/485/70 556/481/70
f 579/477/65 600/486/65 589/475/65
f 617/487/163 626/488/164 615/489/164
f 617/487/163 628/490/165 627/491/163
f 615/489/164 625/492/166 613/493/166
f 619/494/165 629/495/167 628/490/165
f 630/496/137 635/497/137 629/498/137
f 626/499/168 631/500/168 625/501/168
f 628/502/169 633/503/169 627/504/169
f 630/505/170 631/500/170 636/506/170
f 629/498/171 634/507/171 628/502/171
f 627/504/68 632/508/68 626/499/68
f 623/509/172 625/492/166 630/510/172
f 632/511/81 634/512/81 636/513/81
f 623/509/172 629/495/167 621/514/167
f 732/515/173 750/516/174 733/517/174
f 726/518/175 746/519/176 729/520/176
f 730/521/177 748/522/178 731/523/178
f 738/524/179 756/525/180 739/526/180
f 734/527/181 752/528/182 735/529/182
f 740/530/183 744/531/184 727/532/184
f 754/533/65 750/534/65 746/535/65
f 736/536/185 754/537/186 737/538/186
f 746/519/176 730/521/177 729/520/176
f 732/515/173 748/522/178 747/539/173
f 744/531/184 728/540/187 727/532/184
f 726/541/175 742/542/188 741/543/175
f 756/525/180 740/530/183 739/526/180
f 752/528/182 736/536/185 735/529/182
f 738/524/179 754/537/186 753/544/179
f 734/527/181 750/516/174 749/545/181
f 728/540/187 742/542/188 725/546/188
f 795/547/189 793/548/189 796/549/189
f 832/550/137 827/551/137 835/552/137
f 792/553/70 833/554/70 791/555/70
f 794/556/65 790/557/65 793/558/65
f 790/557/137 832/550/137 830/559/137
f 791/560/68 828/561/68 794/562/68
f 797/563/70 791/555/70 798/564/70
f 795/565/81 791/560/81 794/562/81
f 795/547/190 800/566/191 801/567/191
f 802/568/81 795/565/81 801/569/81
f 799/570/70 798/564/70 802/571/70
f 804/572/192 864/573/192 806/574/192
f 806/574/68 803/575/68 804/572/68
f 808/576/65 805/577/65 836/578/65
f 800/566/191 836/579/65 801/567/191
f 802/568/81 836/580/81 837/581/81
f 802/571/70 807/582/70 799/570/70
f 817/583/81 823/584/81 810/585/81
f 816/586/70 812/587/70 813/588/70
f 815/589/81 810/585/81 812/590/81
f 813/588/193 811/591/193 809/592/193
f 814/593/194 810/585/194 811/591/194
f 815/589/195 818/594/195 817/583/195
f 816/595/196 839/596/196 818/594/196
f 806/574/68 809/592/68 805/597/68
f 821/598/65 825/599/65 826/600/65
f 810/585/194 821/601/194 811/591/194
f 805/577/34 819/602/34 836/578/34
f 839/596/196 824/603/196 818/594/196
f 811/591/193 822/604/193 809/592/193
f 836/605/137 826/606/137 839/596/137
f 818/594/195 825/607/195 817/583/195
f 809/592/68 820/608/68 805/597/68
f 794/556/85 827/609/85 789/610/85
f 833/554/70 829/611/70 791/555/70
f 829/612/81 835/613/81 827/609/81
f 831/614/61 832/550/61 833/615/61
f 833/615/61 835/552/61 834/616/61
f 839/596/137 837/617/137 836/605/137
f 867/618/70 864/573/70 865/619/70
f 837/620/81 864/573/81 866/621/81
f 837/622/137 867/618/137 807/623/137
f 872/624/189 874/625/189 875/626/189
f 911/627/137 906/628/137 868/629/137
f 912/630/70 871/631/70 870/632/70
f 869/633/65 873/634/65 872/635/65
f 911/627/137 869/633/137 909/636/137
f 907/637/68 870/638/68 873/639/68
f 870/632/70 876/640/70 877/641/70
f 874/642/34 870/638/34 877/643/34
f 879/644/191 874/625/190 880/645/191
f 874/642/34 881/646/34 880/647/34
f 877/641/70 878/648/70 881/649/70
f 943/650/192 883/651/192 885/652/192
f 882/653/68 885/652/68 883/651/68
f 884/654/65 887/655/65 915/656/65
f 915/657/65 879/644/191 880/645/191
f 881/646/34 915/658/34 880/647/34
f 886/659/70 881/649/70 878/648/70
f 902/660/34 896/661/34 889/662/34
f 891/663/70 895/664/70 916/665/70
f 894/666/34 889/662/34 896/661/34
f 890/667/197 892/668/197 888/669/197
f 889/662/198 893/670/198 890/667/198
f 897/671/199 894/666/199 896/661/199
f 918/672/200 895/673/200 897/671/200
f 888/669/68 885/652/68 884/674/68
f 904/675/65 900/676/65 899/677/65
f 900/678/198 889/662/198 890/667/198
f 898/679/81 884/654/81 915/656/81
f 903/680/200 918/672/200 897/671/200
f 901/681/197 890/667/197 888/669/197
f 905/682/137 915/683/137 918/672/137
f 904/684/199 897/671/199 896/661/199
f 899/685/68 888/669/68 884/674/68
f 906/686/78 873/634/78 868/629/78
f 908/687/70 912/630/70 870/632/70
f 906/686/34 913/688/34 908/689/34
f 911/627/61 910/690/61 912/691/61
f 914/692/61 912/691/61 913/693/61
f 916/694/137 918/672/137 915/683/137
f 946/695/70 943/650/70 945/696/70
f 916/697/34 943/650/34 885/698/34
f 946/695/137 916/699/137 886/700/137
f 1063/701/81 1069/702/81 1079/703/81
f 1064/704/201 1066/705/201 1063/701/201
f 1065/706/202 1071/707/203 1066/708/203
f 1096/709/34 1087/710/34 1097/711/34
f 1089/712/204 1096/713/205 1100/714/205
f 1070/715/206 1082/716/207 1074/717/208
f 1074/717/208 1083/718/209 1073/719/210
f 1073/719/210 1081/720/211 1075/721/212
f 1077/722/213 1075/721/212 1081/720/211
f 1072/723/214 1076/724/53 1071/725/53
f 1067/726/215 1076/724/53 1078/727/216
f 1068/728/217 1078/727/216 1080/729/218
f 1069/730/219 1080/729/218 1079/731/219
f 1089/712/204 1092/732/220 1086/733/221
f 1064/704/34 1085/734/34 1065/735/34
f 1090/736/222 1085/737/222 1088/738/222
f 1085/739/223 1100/714/205 1095/740/224
f 1093/741/222 1091/742/222 1094/743/222
f 1089/744/81 1094/743/81 1091/742/81
f 1086/745/34 1093/741/34 1087/746/34
f 1070/747/225 1098/748/226 1084/749/227
f 1136/750/81 1189/751/81 1190/752/81
f 1120/753/68 1188/754/68 1189/755/68
f 1130/756/65 1137/757/65 1136/750/65
f 1129/758/65 1134/759/65 1130/756/65
f 1128/760/65 1133/761/65 1129/758/65
f 1127/762/228 1216/763/65 1215/764/65
f 1194/765/70 1178/766/229 1177/767/229
f 1215/764/81 1193/768/81 1214/769/81
f 1128/760/81 1192/770/81 1193/768/81
f 1129/758/81 1191/771/81 1192/770/81
f 1136/750/65 1122/772/65 1120/753/65
f 1130/756/81 1190/752/81 1191/771/81
f 1179/773/230 1139/774/230 1176/775/230
f 1177/767/81 1139/776/81 1127/762/81
f 1139/774/231 1131/777/228 1127/762/228
f 1196/778/34 1154/779/34 1197/780/34
f 1144/781/137 1202/782/137 1121/783/137
f 1188/754/68 1145/784/68 1196/785/68
f 1137/757/65 1153/786/65 1154/779/65
f 1134/759/65 1152/787/65 1153/786/65
f 1133/761/65 1151/788/65 1152/787/65
f 1216/763/65 1150/789/228 1218/790/65
f 1178/766/229 1201/791/70 1181/792/229
f 1217/793/232 1225/794/70 1218/790/233
f 1199/795/34 1151/788/34 1200/796/34
f 1198/797/34 1152/787/34 1199/795/34
f 1122/772/65 1154/779/65 1145/784/65
f 1197/780/34 1153/786/34 1198/797/34
f 1259/798/234 1310/799/235 1156/800/236
f 1150/789/34 1180/801/34 1181/802/34
f 1131/777/228 1259/803/234 1156/804/236
f 1179/773/237 1178/805/229 1181/806/229
f 1119/807/70 1188/808/70 1121/809/70
f 1123/810/70 1190/752/70 1119/807/70
f 1124/811/70 1191/771/70 1123/810/70
f 1125/812/70 1192/770/70 1124/811/70
f 1126/813/70 1214/769/70 1219/814/70
f 1126/813/70 1195/815/70 1194/765/70
f 1119/807/70 1190/752/70 1189/751/70
f 1144/816/70 1188/808/70 1196/817/70
f 1146/818/70 1197/819/70 1198/820/70
f 1146/818/70 1199/821/70 1147/822/70
f 1147/822/70 1200/823/70 1148/824/70
f 1220/825/70 1200/823/70 1217/826/70
f 1149/827/70 1195/815/70 1135/828/70
f 1144/816/70 1196/817/70 1197/819/70
f 1213/829/70 1208/830/70 1221/831/70
f 1121/783/137 1203/832/137 1119/833/137
f 1146/834/81 1209/835/81 1144/836/81
f 1119/837/34 1204/838/34 1123/839/34
f 1147/840/81 1210/841/81 1146/834/81
f 1123/839/34 1205/842/34 1124/843/34
f 1148/844/81 1211/845/81 1147/840/81
f 1124/843/34 1206/846/34 1125/847/34
f 1149/848/81 1222/849/81 1220/850/81
f 1125/847/34 1221/831/34 1219/851/34
f 1135/852/68 1213/829/68 1149/853/68
f 1126/854/68 1208/830/68 1135/852/68
f 1219/851/34 1207/855/34 1126/856/34
f 1220/850/81 1212/857/81 1148/844/81
f 1212/857/70 1206/846/70 1209/858/70
f 1149/827/70 1217/826/70 1201/791/70
f 1219/814/70 1193/768/70 1125/812/70
f 1217/793/34 1150/789/34 1201/859/34
f 1132/860/137 1226/861/137 1151/788/137
f 1127/762/81 1214/769/81 1194/765/81
f 1218/790/68 1223/862/68 1216/763/68
f 1128/760/65 1216/763/65 1132/860/65
f 1242/863/81 1245/864/81 1244/865/81
f 1245/864/68 1253/866/68 1247/867/68
f 1239/868/137 1228/869/137 1241/870/137
f 1228/871/65 1252/872/65 1251/873/65
f 1248/874/34 1239/868/34 1238/875/34
f 1237/876/238 1238/877/238 1239/878/238
f 1240/879/239 1241/880/239 1242/881/239
f 1243/882/240 1244/883/240 1245/884/240
f 1246/885/241 1247/886/241 1248/887/241
f 1254/888/81 1228/869/81 1251/873/81
f 1253/889/34 1227/890/34 1239/868/34
f 1253/866/68 1251/873/68 1252/872/68
f 1258/891/65 1255/892/65 1257/893/65
f 1270/894/68 1274/895/68 1256/896/68
f 1250/897/70 1276/898/70 1282/899/70
f 1278/900/81 1255/892/81 1273/901/81
f 1264/902/81 1312/903/81 1262/904/81
f 1259/803/230 1179/773/230 1260/905/230
f 1156/906/34 1308/907/34 1180/908/34
f 1260/909/81 1309/910/81 1259/911/81
f 1180/912/242 1307/913/242 1260/914/242
f 1281/915/34 1269/916/34 1256/896/34
f 1231/917/70 1291/918/70 1232/919/70
f 1235/920/70 1293/921/70 1236/922/70
f 1234/923/70 1296/924/70 1295/925/70
f 1230/926/70 1298/927/70 1297/928/70
f 1230/926/70 1292/929/70 1231/917/70
f 1232/919/70 1294/930/70 1235/920/70
f 1236/922/70 1296/924/70 1233/931/70
f 1229/932/70 1295/925/70 1298/927/70
f 1261/933/230 1308/934/230 1262/935/230
f 1263/936/230 1310/799/230 1309/937/230
f 1264/902/230 1308/907/230 1310/938/230
f 1263/939/230 1307/940/230 1261/941/230
f 1262/935/235 1311/942/235 1261/933/235
f 1263/939/34 1311/942/34 1313/943/34
f 1263/936/242 1314/944/242 1264/945/242
f 1320/946/60 1324/947/60 1328/948/60
f 1334/949/243 1364/950/244 1332/951/244
f 1331/952/137 1366/953/243 1333/954/243
f 1334/949/243 1368/955/245 1365/956/243
f 1335/957/246 1366/953/243 1367/958/246
f 1338/959/247 1368/955/245 1336/960/245
f 1343/961/34 1406/962/34 1345/963/34
f 1342/964/248 1376/965/249 1374/966/248
f 1375/967/81 1411/968/81 1410/969/81
f 1344/970/249 1377/971/250 1376/965/249
f 1339/972/34 1404/973/34 1341/974/34
f 1345/963/251 1380/975/68 1347/976/68
f 1379/977/68 1350/978/252 1381/979/252
f 1347/976/68 1382/980/252 1349/981/252
f 1350/978/252 1383/982/53 1381/979/252
f 1349/981/252 1384/983/53 1351/984/53
f 1352/985/53 1386/986/253 1383/982/53
f 1353/987/253 1384/983/53 1385/988/253
f 1354/989/253 1388/990/65 1386/986/253
f 1353/987/253 1387/991/65 1355/992/65
f 1388/990/65 1358/993/254 1390/994/254
f 1355/992/65 1389/995/254 1357/996/254
f 1360/997/58 1390/994/254 1358/993/254
f 1359/998/58 1389/995/254 1391/999/58
f 1340/1000/81 1362/1001/255 1354/1002/81
f 1360/997/58 1394/1003/256 1392/1004/58
f 1361/1005/257 1391/999/58 1393/1006/257
f 1332/1007/258 1419/1008/258 1417/1009/258
f 1331/952/137 1393/1006/257 1363/1010/137
f 1343/961/34 1351/1011/34 1359/1012/34
f 1384/1013/81 1375/967/81 1367/958/81
f 1365/1014/34 1379/1015/34 1388/1016/34
f 1373/1017/81 1410/969/81 1408/1018/81
f 1371/1019/81 1408/1018/81 1407/1020/81
f 1367/958/246 1401/1021/259 1335/957/246
f 1339/972/34 1402/1022/34 1403/1023/34
f 1341/974/34 1405/1024/34 1343/961/34
f 1369/1025/81 1412/1026/81 1367/958/81
f 1371/1019/81 1409/1027/81 1369/1025/81
f 1337/1028/34 1401/1029/34 1402/1022/34
f 1379/977/68 1346/1030/250 1348/1031/68
f 1332/1007/260 1418/1032/261 1362/1033/255
f 1364/1034/262 1420/1035/263 1419/1008/264
f 1362/1036/265 1420/1035/265 1394/1037/265
f 1345/963/251 1411/1038/266 1378/1039/251
f 1224/1040/34 1216/1041/34 1223/1042/34
f 1224/1040/65 1225/1043/65 1226/1044/65
f 1067/1045/203 1068/1046/203 1066/708/203
f 1068/1046/203 1069/1047/203 1066/708/203
f 1085/1048/223 1072/1049/267 1065/706/202
f 1072/1049/267 1071/707/203 1065/706/202
f 1095/1050/224 1074/1051/268 1085/1048/223
f 1073/1052/269 1075/1053/270 1085/1048/223
f 1075/1053/270 1072/1049/267 1085/1048/223
f 1074/1051/268 1073/1052/269 1085/1048/223
f 1095/1050/224 1070/1054/271 1074/1051/268
f 1071/707/203 1067/1045/203 1066/708/203
f 1100/1055/272 1097/711/272 1099/1056/272
f 1212/857/70 1222/849/70 1221/831/70
f 1206/846/70 1203/1057/70 1209/858/70
f 1212/857/70 1221/831/70 1206/846/70
f 1514/1058/81 1511/1059/273 1512/1060/81
f 1516/1061/273 1510/1062/274 1511/1059/273
f 1517/1063/274 1509/1064/275 1510/1062/274
f 1509/1064/275 1520/1065/276 1508/1066/276
f 1520/1065/276 1507/1067/277 1508/1066/276
f 1507/1067/277 1523/1068/278 1506/1069/278
f 1506/1069/278 1524/1070/279 1505/1071/279
f 1524/1072/279 1504/1073/34 1505/1074/279
f 1526/1075/34 1503/1076/280 1504/1073/34
f 1503/1076/280 1529/1077/281 1502/1078/281
f 1529/1077/281 1501/1079/282 1502/1078/281
f 1530/1080/282 1500/1081/283 1501/1079/282
f 1532/1082/283 1499/1083/284 1500/1081/283
f 1499/1083/284 1535/1084/285 1498/1085/285
f 1529/1086/286 1523/1087/286 1517/1088/286
f 1535/1084/285 1497/1089/287 1498/1085/285
f 1497/1089/287 1514/1058/81 1512/1060/81
f 1474/1090/288 1470/1091/288 1466/1092/288
f 1562/1093/289 1642/1094/290 1641/1095/289
f 1643/1096/291 1568/1097/292 1644/1098/292
f 1644/1098/292 1570/1099/293 1645/1100/294
f 1570/1101/293 1648/1102/295 1645/1103/294
f 1572/1104/295 1649/1105/296 1648/1102/295
f 1602/1106/297 1633/1107/298 1640/1108/297
f 1646/1109/299 1584/1110/300 1653/1111/300
f 1574/1112/296 1686/1113/297 1576/1113/297
f 1592/1114/301 1641/1095/289 1650/1115/301
f 1571/1116/60 1579/1117/60 1587/1118/60
f 1643/1096/291 1564/1119/290 1566/1120/291
f 1565/1121/60 1596/1122/60 1597/1123/60
f 1565/1121/60 1598/1124/60 1567/1125/60
f 1567/1125/60 1599/1126/60 1569/1127/60
f 1573/1128/60 1600/1129/60 1601/1130/60
f 1573/1128/60 1602/1131/60 1575/1132/60
f 1577/1133/60 1602/1131/60 1603/1134/60
f 1579/1117/60 1605/1135/60 1581/1136/60
f 1583/1137/60 1605/1135/60 1606/1138/60
f 1585/1139/60 1606/1138/60 1607/1140/60
f 1589/1141/60 1608/1142/60 1609/1143/60
f 1591/1144/60 1609/1143/60 1610/1145/60
f 1591/1144/60 1595/1146/60 1561/1147/60
f 1651/1148/302 1592/1114/301 1650/1115/301
f 1652/1149/303 1590/1150/302 1651/1148/302
f 1647/1151/304 1578/1152/305 1580/1153/304
f 1653/1111/300 1586/1154/306 1654/1155/306
f 1652/1149/303 1586/1154/306 1588/1156/307
f 1646/1109/299 1580/1153/304 1582/1157/299
f 1655/1158/305 1576/1113/297 1578/1152/305
f 1649/1105/296 1576/1113/297 1656/1159/297
f 1603/1160/308 1640/1108/297 1639/1161/305
f 1605/1162/299 1631/1163/304 1630/1164/299
f 1608/1165/309 1638/1166/306 1636/1167/303
f 1606/1168/300 1638/1166/306 1607/1169/310
f 1604/1170/311 1639/1161/305 1631/1163/304
f 1608/1165/309 1635/1171/302 1609/1172/302
f 1609/1172/302 1634/1173/301 1610/1174/301
f 1596/1175/312 1627/1176/291 1597/1177/291
f 1610/1174/301 1594/1178/289 1595/1179/313
f 1605/1162/299 1637/1180/300 1606/1168/300
f 1632/1181/295 1601/1182/296 1600/1183/314
f 1629/1184/294 1600/1183/314 1599/1185/294
f 1598/1186/292 1629/1187/294 1599/1188/294
f 1597/1177/291 1628/1189/292 1598/1186/292
f 1595/1179/313 1593/1190/290 1596/1175/312
f 1640/1108/297 1649/1105/296 1665/1191/315
f 1640/1108/297 1664/1192/308 1639/1161/305
f 1631/1163/304 1646/1109/299 1630/1164/299
f 1638/1166/306 1652/1149/303 1636/1167/303
f 1637/1180/300 1654/1155/306 1638/1166/306
f 1631/1163/304 1664/1192/308 1666/1193/308
f 1630/1164/299 1653/1111/300 1637/1180/300
f 1648/1102/295 1633/1107/298 1668/1194/316
f 1629/1184/294 1668/1194/316 1632/1181/295
f 1663/1195/317 1673/1196/317 1671/1197/317
f 1665/1191/315 1655/1158/305 1666/1193/308
f 1665/1198/58 1674/1199/58 1673/1196/58
f 1670/1200/318 1645/1103/294 1648/1102/295
f 1671/1197/319 1674/1199/319 1672/1201/319
f 1675/1202/320 1677/1203/320 1678/1204/320
f 1668/1205/321 1678/1204/321 1670/1206/321
f 1667/1207/60 1675/1202/60 1668/1208/60
f 1664/1209/322 1674/1199/322 1666/1210/322
f 1663/1211/60 1672/1201/60 1664/1212/60
f 1670/1213/58 1677/1203/58 1669/1214/58
f 1669/1215/323 1676/1216/324 1667/1217/324
f 1679/1218/58 1698/1219/58 1697/1220/58
f 1582/1157/299 1690/1110/300 1584/1110/300
f 1592/1114/301 1699/1221/325 1701/1222/325
f 1570/1099/293 1682/1097/292 1683/1099/293
f 1576/1113/297 1687/1152/305 1578/1152/305
f 1586/1154/306 1690/1110/300 1691/1154/306
f 1564/1119/290 1679/1093/289 1680/1119/290
f 1570/1101/293 1684/1104/295 1572/1104/295
f 1580/1153/304 1687/1152/305 1688/1153/304
f 1588/1156/307 1691/1154/306 1692/1156/326
f 1564/1119/290 1681/1120/291 1566/1120/291
f 1574/1112/296 1684/1104/295 1685/1112/296
f 1580/1153/304 1689/1157/299 1582/1157/299
f 1588/1156/307 1692/1156/326 1703/1223/327
f 1562/1093/289 1702/1114/328 1704/1224/329
f 1566/1120/291 1682/1097/292 1568/1097/292
f 1693/1225/330 1700/1226/65 1703/1227/65
f 1696/1228/81 1704/1229/331 1698/1230/332
f 1694/1231/68 1703/1227/68 1695/1232/68
f 1699/1233/333 1694/1234/74 1701/1235/74
f 1701/1235/83 1697/1236/83 1704/1237/331
f 1697/1220/58 1695/1238/58 1692/1239/58
f 1692/1239/58 1691/1240/58 1697/1220/58
f 1691/1240/58 1690/1241/58 1697/1220/58
f 1690/1241/58 1689/1242/58 1697/1220/58
f 1689/1242/58 1688/1243/58 1697/1220/58
f 1688/1243/58 1687/1244/58 1697/1220/58
f 1687/1244/58 1686/1245/58 1697/1220/58
f 1686/1245/58 1685/1246/58 1697/1220/58
f 1685/1246/58 1684/1247/58 1697/1220/58
f 1684/1247/58 1683/1248/58 1697/1220/58
f 1683/1248/58 1682/1249/58 1697/1220/58
f 1682/1249/58 1681/1250/58 1697/1220/58
f 1681/1250/58 1680/1251/58 1697/1220/58
f 1680/1251/58 1679/1218/58 1697/1220/58
f 1679/1218/58 1696/1252/58 1698/1219/58
f 105/1/1 104/93/2 115/2/2
f 109/4/3 106/97/4 117/5/4
f 122/7/5 107/95/5 110/8/6
f 103/10/7 102/96/8 113/11/8
f 99/22/15 108/94/16 121/23/16
f 101/25/17 100/92/18 111/26/18
f 7/29/20 32/1253/334 31/1254/19
f 34/30/21 33/72/335 9/28/19
f 7/29/20 31/1254/19 34/30/21
f 35/51/35 37/53/37 6/49/34
f 3/50/35 36/57/35 35/51/35
f 39/1255/36 40/67/36 2/52/36
f 2/52/36 6/49/34 37/53/37
f 38/54/38 39/1255/36 2/52/36
f 36/57/336 3/50/336 8/55/337
f 8/55/39 41/70/50 42/56/40
f 45/1256/41 32/1253/334 7/29/20
f 1/58/41 43/1257/41 44/59/41
f 44/59/41 45/1256/41 7/29/20
f 46/62/44 43/1258/42 1/60/42
f 1/60/42 5/66/46 47/61/43
f 4/63/45 10/71/51 49/1259/338
f 4/63/45 49/1259/338 48/64/45
f 50/65/45 51/1260/45 4/63/45
f 52/68/47 47/61/43 5/66/46
f 5/66/46 2/52/47 40/67/47
f 41/70/50 8/55/39 4/63/48
f 4/63/48 51/1260/48 53/69/49
f 54/73/52 49/1259/338 10/71/51
f 10/71/51 9/28/52 33/72/52
f 129/74/53 128/103/54 139/75/54
f 133/77/55 130/107/56 141/78/56
f 146/80/57 131/105/57 134/81/58
f 127/83/59 126/106/60 137/84/60
f 123/86/61 132/104/62 145/87/62
f 125/89/63 124/101/64 135/90/64
f 112/24/15 111/26/18 100/92/18
f 116/12/7 115/2/2 104/93/2
f 122/7/5 121/23/16 108/94/16
f 114/27/17 113/11/8 102/96/8
f 118/3/1 117/5/4 106/97/4
f 109/4/3 120/6/3 119/98/6
f 136/100/61 135/90/64 124/101/64
f 140/85/59 139/75/54 128/103/54
f 146/80/57 145/87/62 132/104/62
f 138/91/63 137/84/60 126/106/60
f 142/76/53 141/78/56 130/107/56
f 144/79/55 143/82/58 134/81/58
f 255/171/68 287/199/68 273/172/68
f 248/174/68 281/200/68 283/175/68
f 242/177/68 241/173/68 273/172/68
f 243/179/68 256/201/68 288/180/68
f 251/182/68 249/202/68 282/183/68
f 244/185/68 243/179/68 274/181/68
f 252/187/68 275/192/68 285/188/68
f 245/190/68 242/177/68 276/178/68
f 250/176/68 283/175/68 275/192/68
f 246/193/68 244/185/68 277/186/68
f 254/195/68 251/182/68 284/184/68
f 245/190/68 278/191/68 280/197/68
f 253/189/68 285/188/68 287/199/68
f 246/193/68 279/194/68 281/200/68
f 256/201/68 254/195/68 286/196/68
f 249/202/68 247/198/68 280/197/68
f 273/203/69 292/237/69 293/204/70
f 328/1261/339 264/1262/340 263/206/71
f 263/206/71 327/309/124 326/207/72
f 325/208/73 328/1261/339 263/206/71
f 274/209/74 300/238/74 301/210/65
f 276/205/70 293/204/70 294/212/75
f 277/211/65 301/210/65 302/214/76
f 278/213/75 294/212/75 295/216/77
f 281/218/78 279/215/76 302/214/76
f 280/217/77 295/216/77 296/220/79
f 281/218/78 303/219/78 304/222/80
f 282/221/79 296/220/79 297/224/81
f 275/226/34 290/229/34 289/227/82
f 283/223/80 304/222/80 290/229/34
f 286/230/83 284/225/81 297/224/81
f 287/232/84 285/228/82 289/227/82
f 286/230/83 298/231/83 299/234/85
f 273/203/69 287/1263/84 291/236/84
f 288/235/85 299/234/85 300/238/74
f 258/239/68 257/242/68 289/240/68
f 257/242/68 259/244/68 291/243/68
f 259/244/68 260/246/68 292/245/68
f 260/246/68 261/248/68 293/247/68
f 261/248/68 262/250/68 294/249/68
f 262/250/68 263/252/68 295/251/68
f 263/252/68 264/255/68 296/253/68
f 265/254/68 297/257/68 296/253/68
f 266/256/68 298/259/68 297/257/68
f 267/258/68 299/261/68 298/259/68
f 268/260/68 300/263/68 299/261/68
f 269/262/68 301/265/68 300/263/68
f 270/264/68 302/267/68 301/265/68
f 271/266/68 303/269/68 302/267/68
f 272/268/68 304/270/68 303/269/68
f 272/268/68 258/239/68 290/241/68
f 332/280/96 272/1264/341 271/271/86
f 271/271/86 331/1265/342 330/272/87
f 329/273/88 332/280/96 271/271/86
f 265/274/89 264/1262/340 328/1261/339
f 265/274/89 328/1261/339 333/275/90
f 334/276/91 335/1266/343 265/274/89
f 336/1267/344 339/285/101 257/277/92
f 258/278/137 338/1268/34 337/279/68
f 337/279/94 336/1267/344 257/277/92
f 340/281/97 338/1268/345 258/278/95
f 258/278/95 272/1264/341 332/280/96
f 342/283/99 266/1269/346 265/274/89
f 265/274/89 335/1266/343 341/282/98
f 343/1270/347 345/1271/348 259/284/100
f 259/284/100 257/277/92 339/285/101
f 344/286/102 343/1270/347 259/284/100
f 267/287/103 266/1269/346 342/283/99
f 346/288/104 347/1272/349 348/289/105
f 267/287/103 342/283/99 346/288/104
f 350/292/107 260/295/110 259/290/100
f 259/290/100 345/1273/348 349/291/106
f 351/294/109 352/299/114 268/293/108
f 268/293/108 267/287/103 348/289/105
f 354/297/112 261/301/116 260/295/110
f 260/295/110 350/292/107 353/296/111
f 355/300/115 356/305/120 269/298/113
f 269/298/113 268/293/108 352/299/114
f 358/303/118 262/307/122 261/301/116
f 261/301/116 354/297/112 357/302/117
f 359/306/121 360/310/125 270/304/119
f 270/304/119 269/298/113 356/305/120
f 327/309/124 263/206/71 262/307/122
f 262/307/122 358/303/118 361/308/123
f 362/311/126 331/1265/342 271/271/86
f 271/271/86 270/304/119 360/310/125
f 313/312/127 323/333/127 324/313/127
f 322/317/34 321/1274/34 320/1275/34
f 320/1275/34 319/1276/34 386/315/34
f 386/315/34 385/1277/34 315/1278/34
f 315/1278/34 316/325/34 324/316/34
f 324/316/34 323/1279/34 322/317/34
f 322/317/34 320/1275/34 386/315/34
f 386/315/34 315/1278/34 324/316/34
f 310/318/128 320/334/128 321/319/128
f 307/321/65 388/335/65 387/322/65
f 314/324/129 324/316/129 316/325/129
f 312/327/130 311/320/130 321/319/130
f 309/329/131 308/323/131 387/322/131
f 305/331/132 306/326/132 316/325/132
f 313/312/70 312/327/70 322/328/70
f 309/329/133 319/330/133 320/334/133
f 305/331/134 315/332/134 388/335/134
f 382/336/129 381/1280/129 364/337/129
f 379/339/127 381/1281/127 382/340/127
f 377/342/70 379/339/70 380/341/70
f 375/344/130 377/342/130 378/343/130
f 373/346/128 375/344/128 376/345/128
f 371/348/133 373/346/133 374/347/133
f 369/350/131 371/348/131 372/349/131
f 367/352/65 369/350/65 370/351/65
f 365/354/134 367/352/134 368/353/134
f 364/337/132 365/354/132 366/355/132
f 317/358/65 385/357/65 386/356/65
f 318/359/65 386/356/65 387/322/65
f 383/361/65 388/335/65 385/357/65
f 384/360/65 387/322/65 388/335/65
f 409/362/135 396/1282/135 394/363/136
f 406/367/137 411/378/137 413/1283/137
f 413/1283/137 412/1284/137 414/365/137
f 414/365/137 416/1285/137 415/1286/137
f 415/1286/137 408/1287/137 410/366/137
f 410/366/137 409/1288/137 405/1289/137
f 405/1289/137 407/1290/137 406/367/137
f 406/367/137 413/1283/137 414/365/137
f 414/365/137 415/1286/137 410/366/137
f 410/366/137 405/1289/137 406/367/137
f 402/368/138 397/1291/139 408/369/139
f 400/373/68 393/385/68 395/1292/68
f 395/1292/68 394/1293/68 396/371/68
f 396/371/68 398/1294/68 397/1291/68
f 397/1291/68 402/368/68 404/372/68
f 404/372/68 403/1295/68 399/1296/68
f 399/1296/68 401/1297/68 400/373/68
f 400/373/68 395/1292/68 396/371/68
f 396/371/68 397/1291/68 404/372/68
f 404/372/68 399/1296/68 400/373/68
f 399/374/140 403/383/141 414/375/141
f 400/373/142 401/1298/143 413/377/143
f 401/379/144 399/374/140 412/376/140
f 415/370/138 416/382/145 404/381/145
f 416/382/146 414/375/141 403/383/141
f 406/367/148 407/1299/149 395/384/149
f 407/386/150 405/364/136 394/363/136
f 408/369/139 397/1291/139 398/388/151
f 398/388/152 396/1282/135 409/362/135
f 411/378/142 406/367/148 393/385/148
f 484/390/81 483/393/154 430/391/154
f 483/393/154 485/395/155 431/394/155
f 485/395/155 486/397/65 432/396/65
f 486/397/65 487/399/156 433/398/156
f 487/399/156 488/401/157 434/400/157
f 488/401/157 489/1300/34 435/402/34
f 435/402/34 489/1300/34 490/403/158
f 436/404/158 490/403/158 491/405/159
f 491/405/159 492/1301/70 438/407/70
f 438/407/70 492/1301/70 493/408/160
f 427/410/156 505/1302/156 506/411/157
f 493/413/160 494/416/161 440/414/161
f 494/416/161 484/390/81 429/392/81
f 465/417/81 466/420/81 472/418/81
f 466/420/137 470/1303/137 473/421/137
f 468/422/68 465/417/68 471/419/68
f 466/420/70 465/417/70 468/424/70
f 469/426/162 467/1304/162 471/419/162
f 418/429/137 483/433/137 484/430/137
f 418/429/137 419/435/137 485/432/137
f 420/434/137 486/437/137 485/432/137
f 420/434/137 421/439/137 487/436/137
f 422/438/137 488/441/137 487/436/137
f 423/440/137 489/443/137 488/441/137
f 423/440/137 424/445/137 490/442/137
f 425/444/137 491/447/137 490/442/137
f 426/446/137 492/449/137 491/447/137
f 426/446/137 427/450/137 493/448/137
f 427/450/137 428/452/137 494/451/137
f 417/431/137 484/430/137 494/451/137
f 417/453/34 496/462/34 495/454/158
f 424/456/154 502/473/154 503/457/155
f 421/459/160 499/474/160 500/460/161
f 428/412/157 506/411/157 496/462/34
f 418/455/158 495/454/158 497/463/159
f 425/458/155 503/457/155 504/465/65
f 422/461/161 500/460/161 501/467/81
f 419/464/159 497/463/159 498/469/70
f 426/466/65 504/465/65 505/471/156
f 423/468/81 501/467/81 502/473/154
f 420/470/70 498/469/70 499/474/160
f 589/475/137 590/478/137 580/476/137
f 590/478/70 607/1305/70 611/479/70
f 555/480/137 558/484/137 556/481/137
f 553/482/65 599/1306/65 602/483/65
f 558/484/70 603/1307/70 604/485/70
f 579/477/65 610/1308/65 600/486/65
f 617/487/163 627/491/163 626/488/164
f 617/487/163 619/494/165 628/490/165
f 615/489/164 626/488/164 625/492/166
f 619/494/165 621/514/167 629/495/167
f 630/496/137 636/1309/137 635/497/137
f 626/499/168 632/508/168 631/500/168
f 628/502/169 634/507/169 633/503/169
f 630/505/170 625/501/170 631/500/170
f 629/498/171 635/497/171 634/507/171
f 627/504/68 633/503/68 632/508/68
f 623/509/172 613/493/166 625/492/166
f 636/513/81 631/1310/81 632/511/81
f 632/511/81 633/1311/81 634/512/81
f 634/512/81 635/1312/81 636/513/81
f 623/509/172 630/510/172 629/495/167
f 732/515/173 747/539/173 750/516/174
f 726/518/175 741/1313/175 746/519/176
f 730/521/177 745/1314/177 748/522/178
f 738/524/179 753/544/179 756/525/180
f 734/527/181 749/545/181 752/528/182
f 740/530/183 755/1315/183 744/531/184
f 746/535/65 741/1316/350 742/1317/65
f 742/1317/65 743/1318/350 744/1319/65
f 744/1319/65 755/1320/65 756/1321/65
f 756/1321/65 753/1322/65 754/533/65
f 754/533/65 751/1323/233 752/1324/65
f 752/1324/65 749/1325/350 750/534/65
f 750/534/65 747/1326/65 748/1327/65
f 748/1327/65 745/1328/65 746/535/65
f 746/535/65 742/1317/65 744/1319/65
f 744/1319/65 756/1321/65 754/533/65
f 754/533/65 752/1324/65 750/534/65
f 750/534/65 748/1327/65 746/535/65
f 746/535/65 744/1319/65 754/533/65
f 736/536/185 751/1329/185 754/537/186
f 746/519/176 745/1314/177 730/521/177
f 732/515/173 731/523/178 748/522/178
f 744/531/184 743/1330/187 728/540/187
f 726/541/175 725/546/188 742/542/188
f 756/525/180 755/1315/183 740/530/183
f 752/528/182 751/1329/185 736/536/185
f 738/524/179 737/538/186 754/537/186
f 734/527/181 733/517/174 750/516/174
f 728/540/187 743/1330/187 742/542/188
f 795/547/189 794/1331/189 793/548/189
f 832/550/137 789/610/137 827/551/137
f 792/553/70 831/1332/70 833/554/70
f 794/556/65 789/610/65 790/557/65
f 790/557/137 789/610/137 832/550/137
f 791/560/68 829/1333/68 828/561/68
f 797/563/70 792/553/70 791/555/70
f 795/565/81 798/1334/81 791/560/81
f 795/547/190 796/549/190 800/566/191
f 802/568/81 798/1334/81 795/565/81
f 799/570/70 797/563/70 798/564/70
f 804/572/192 865/619/192 864/573/192
f 806/574/68 805/597/68 803/575/68
f 808/576/65 803/1335/65 805/577/65
f 800/566/191 808/1336/65 836/579/65
f 802/568/81 801/569/81 836/580/81
f 802/571/70 837/1337/70 807/582/70
f 817/583/81 825/607/81 823/584/81
f 813/588/70 806/574/70 837/1338/70
f 837/1338/70 838/1339/70 816/586/70
f 816/586/70 815/1340/70 812/587/70
f 812/587/70 814/1341/70 813/588/70
f 813/588/70 837/1338/70 816/586/70
f 815/589/81 817/583/81 810/585/81
f 813/588/193 814/593/193 811/591/193
f 814/593/194 812/590/194 810/585/194
f 815/589/195 816/595/195 818/594/195
f 816/595/196 838/1342/196 839/596/196
f 806/574/68 813/588/68 809/592/68
f 826/600/65 819/602/65 820/1343/65
f 820/1343/65 822/1344/65 821/598/65
f 821/598/65 823/1345/65 825/599/65
f 825/599/65 824/1346/65 826/600/65
f 826/600/65 820/1343/65 821/598/65
f 810/585/194 823/584/194 821/601/194
f 805/577/34 820/1343/34 819/602/34
f 839/596/196 826/606/196 824/603/196
f 811/591/193 821/601/193 822/604/193
f 836/605/137 819/1347/137 826/606/137
f 818/594/195 824/603/195 825/607/195
f 809/592/68 822/604/68 820/608/68
f 794/556/85 828/1348/85 827/609/85
f 833/554/70 834/1349/70 829/611/70
f 827/609/81 828/1348/81 829/612/81
f 829/612/81 834/1350/81 835/613/81
f 831/614/61 830/559/61 832/550/61
f 833/615/61 832/550/61 835/552/61
f 839/596/137 838/1342/137 837/617/137
f 867/618/70 866/621/70 864/573/70
f 837/620/81 806/1351/81 864/573/81
f 837/622/137 866/621/137 867/618/137
f 872/624/189 873/1352/189 874/625/189
f 911/627/137 914/692/137 906/628/137
f 912/630/70 910/1353/70 871/631/70
f 869/633/65 868/629/65 873/634/65
f 911/627/137 868/629/137 869/633/137
f 907/637/68 908/1354/68 870/638/68
f 870/632/70 871/631/70 876/640/70
f 874/642/34 873/639/34 870/638/34
f 879/644/191 875/626/190 874/625/190
f 874/642/34 877/643/34 881/646/34
f 877/641/70 876/640/70 878/648/70
f 943/650/192 944/1355/192 883/651/192
f 882/653/68 884/674/68 885/652/68
f 884/654/65 882/1356/65 887/655/65
f 915/657/65 887/1357/65 879/644/191
f 881/646/34 916/1358/34 915/658/34
f 886/659/70 916/1359/70 881/649/70
f 902/660/34 904/684/34 896/661/34
f 916/665/70 885/652/70 892/668/70
f 892/668/70 893/1360/70 891/663/70
f 891/663/70 894/1361/70 895/664/70
f 895/664/70 917/1362/70 916/665/70
f 916/665/70 892/668/70 891/663/70
f 894/666/34 891/1363/34 889/662/34
f 890/667/197 893/670/197 892/668/197
f 889/662/198 891/1363/198 893/670/198
f 897/671/199 895/673/199 894/666/199
f 918/672/200 917/1364/200 895/673/200
f 888/669/68 892/668/68 885/652/68
f 899/677/65 898/679/65 905/1365/65
f 905/1365/65 903/1366/65 904/675/65
f 904/675/65 902/1367/65 900/676/65
f 900/676/65 901/1368/65 899/677/65
f 899/677/65 905/1365/65 904/675/65
f 900/678/198 902/660/198 889/662/198
f 898/679/81 899/677/81 884/654/81
f 903/680/200 905/682/200 918/672/200
f 901/681/197 900/678/197 890/667/197
f 905/682/137 898/1369/137 915/683/137
f 904/684/199 903/680/199 897/671/199
f 899/685/68 901/681/68 888/669/68
f 906/686/78 907/1370/78 873/634/78
f 908/687/70 913/1371/70 912/630/70
f 908/689/34 907/1370/34 906/686/34
f 906/686/34 914/1372/34 913/688/34
f 911/627/61 909/636/61 910/690/61
f 914/692/61 911/627/61 912/691/61
f 916/694/137 917/1364/137 918/672/137
f 946/695/70 944/1355/70 943/650/70
f 916/697/34 945/696/34 943/650/34
f 946/695/137 945/696/137 916/699/137
f 1063/701/81 1066/705/81 1069/702/81
f 1064/704/201 1065/735/201 1066/705/201
f 1096/709/34 1086/1373/34 1087/710/34
f 1089/712/204 1086/733/221 1096/713/205
f 1070/715/206 1084/1374/206 1082/716/207
f 1074/717/208 1082/716/207 1083/718/209
f 1073/719/210 1083/718/209 1081/720/211
f 1077/722/213 1072/723/214 1075/721/212
f 1072/723/214 1077/722/213 1076/724/53
f 1067/726/215 1071/725/53 1076/724/53
f 1068/728/217 1067/726/215 1078/727/216
f 1069/730/219 1068/728/217 1080/729/218
f 1089/712/204 1091/1375/220 1092/732/220
f 1064/704/34 1088/1376/34 1085/734/34
f 1090/736/222 1089/744/222 1085/737/222
f 1085/739/223 1089/712/204 1100/714/205
f 1093/741/222 1092/1377/222 1091/742/222
f 1089/744/81 1090/736/81 1094/743/81
f 1086/745/34 1092/1377/34 1093/741/34
f 1070/747/225 1095/1378/351 1098/748/226
f 1136/750/81 1120/753/81 1189/751/81
f 1120/753/68 1122/772/68 1188/754/68
f 1130/756/65 1134/759/65 1137/757/65
f 1129/758/65 1133/761/65 1134/759/65
f 1128/760/65 1132/860/65 1133/761/65
f 1127/762/228 1131/777/228 1216/763/65
f 1194/765/70 1195/815/70 1178/766/229
f 1215/764/81 1128/760/81 1193/768/81
f 1128/760/81 1129/758/81 1192/770/81
f 1129/758/81 1130/756/81 1191/771/81
f 1136/750/65 1137/757/65 1122/772/65
f 1130/756/81 1136/750/81 1190/752/81
f 1179/773/230 1141/1379/230 1139/774/230
f 1127/762/81 1194/765/81 1177/767/81
f 1177/767/81 1176/1380/81 1139/776/81
f 1139/774/231 1141/1379/231 1131/777/228
f 1196/778/34 1145/784/34 1154/779/34
f 1144/781/137 1209/1381/137 1202/782/137
f 1188/754/68 1122/772/68 1145/784/68
f 1137/757/65 1134/759/65 1153/786/65
f 1134/759/65 1133/761/65 1152/787/65
f 1133/761/65 1132/860/65 1151/788/65
f 1216/763/65 1131/777/228 1150/789/228
f 1178/766/229 1195/815/70 1201/791/70
f 1217/793/34 1200/1382/34 1226/1383/34
f 1217/793/34 1226/1383/34 1225/794/81
f 1199/795/34 1152/787/34 1151/788/34
f 1198/797/34 1153/786/34 1152/787/34
f 1122/772/65 1137/757/65 1154/779/65
f 1197/780/34 1154/779/34 1153/786/34
f 1259/798/234 1309/937/235 1310/799/235
f 1181/802/34 1201/859/34 1150/789/34
f 1150/789/34 1156/1384/34 1180/801/34
f 1156/804/236 1150/789/228 1131/777/228
f 1131/777/228 1141/1379/231 1259/803/234
f 1181/806/229 1180/1385/237 1260/905/237
f 1179/773/237 1176/775/237 1177/1386/229
f 1181/806/229 1260/905/237 1179/773/237
f 1179/773/237 1177/1386/229 1178/805/229
f 1119/807/70 1189/751/70 1188/808/70
f 1123/810/70 1191/771/70 1190/752/70
f 1124/811/70 1192/770/70 1191/771/70
f 1125/812/70 1193/768/70 1192/770/70
f 1126/813/70 1194/765/70 1214/769/70
f 1126/813/70 1135/828/70 1195/815/70
f 1144/816/70 1121/809/70 1188/808/70
f 1146/818/70 1144/816/70 1197/819/70
f 1146/818/70 1198/820/70 1199/821/70
f 1147/822/70 1199/821/70 1200/823/70
f 1220/825/70 1148/824/70 1200/823/70
f 1149/827/70 1201/791/70 1195/815/70
f 1221/831/70 1222/849/70 1213/829/70
f 1208/830/70 1207/855/70 1221/831/70
f 1121/783/137 1202/782/137 1203/832/137
f 1146/834/81 1210/841/81 1209/835/81
f 1119/837/34 1203/1387/34 1204/838/34
f 1147/840/81 1211/845/81 1210/841/81
f 1123/839/34 1204/838/34 1205/842/34
f 1148/844/81 1212/857/81 1211/845/81
f 1124/843/34 1205/842/34 1206/846/34
f 1149/848/81 1213/829/81 1222/849/81
f 1125/847/34 1206/846/34 1221/831/34
f 1135/852/68 1208/830/68 1213/829/68
f 1126/854/68 1207/855/68 1208/830/68
f 1219/851/34 1221/831/34 1207/855/34
f 1220/850/81 1222/849/81 1212/857/81
f 1149/827/70 1220/825/70 1217/826/70
f 1219/814/70 1214/769/70 1193/768/70
f 1217/793/34 1218/790/34 1150/789/34
f 1132/860/137 1224/1388/137 1226/861/137
f 1127/762/81 1215/764/81 1214/769/81
f 1218/790/68 1225/1389/68 1223/862/68
f 1128/760/65 1215/764/65 1216/763/65
f 1244/865/81 1240/1390/81 1242/863/81
f 1242/863/81 1254/888/81 1245/864/81
f 1247/867/68 1243/1391/68 1245/864/68
f 1245/864/68 1254/888/68 1253/866/68
f 1253/866/68 1248/1392/68 1247/867/68
f 1241/870/137 1237/1393/137 1239/868/137
f 1239/868/137 1227/890/137 1228/869/137
f 1228/869/137 1242/863/137 1241/870/137
f 1228/871/65 1227/1394/65 1252/872/65
f 1238/875/34 1246/1395/34 1248/874/34
f 1248/874/34 1253/889/34 1239/868/34
f 1254/888/81 1242/863/81 1228/869/81
f 1253/889/34 1252/1396/34 1227/890/34
f 1253/866/68 1254/888/68 1251/873/68
f 1258/891/65 1256/896/65 1255/892/65
f 1256/896/68 1271/1397/68 1270/894/68
f 1270/894/68 1272/1398/68 1274/895/68
f 1274/895/68 1255/892/68 1256/896/68
f 1282/899/70 1249/1399/70 1250/897/70
f 1250/897/70 1277/1400/70 1276/898/70
f 1276/898/70 1279/1401/70 1282/899/70
f 1273/901/81 1275/1402/81 1278/900/81
f 1278/900/81 1257/1403/81 1255/892/81
f 1255/892/81 1274/895/81 1273/901/81
f 1264/902/81 1314/944/81 1312/903/81
f 1259/803/230 1141/1379/230 1179/773/230
f 1156/906/34 1310/938/34 1308/907/34
f 1260/909/81 1307/940/81 1309/910/81
f 1180/912/242 1308/934/242 1307/913/242
f 1256/896/34 1258/1404/34 1281/915/34
f 1281/915/34 1280/1405/34 1269/916/34
f 1269/916/34 1271/1397/34 1256/896/34
f 1231/917/70 1292/929/70 1291/918/70
f 1235/920/70 1294/930/70 1293/921/70
f 1234/923/70 1233/931/70 1296/924/70
f 1230/926/70 1229/932/70 1298/927/70
f 1230/926/70 1297/928/70 1292/929/70
f 1232/919/70 1291/918/70 1294/930/70
f 1236/922/70 1293/921/70 1296/924/70
f 1229/932/70 1234/923/70 1295/925/70
f 1261/933/230 1307/913/230 1308/934/230
f 1263/936/230 1264/945/230 1310/799/230
f 1264/902/230 1262/904/230 1308/907/230
f 1263/939/230 1309/910/230 1307/940/230
f 1262/935/235 1312/903/235 1311/942/235
f 1263/939/34 1261/941/34 1311/942/34
f 1263/936/242 1313/943/242 1314/944/242
f 1328/948/60 1315/1406/60 1316/1407/60
f 1316/1407/60 1319/1408/60 1320/946/60
f 1320/946/60 1323/1409/60 1324/947/60
f 1324/947/60 1327/1410/60 1328/948/60
f 1328/948/60 1316/1407/60 1320/946/60
f 1334/949/243 1365/956/243 1364/950/244
f 1331/952/137 1363/1010/137 1366/953/243
f 1334/949/243 1336/960/245 1368/955/245
f 1335/957/246 1333/954/243 1366/953/243
f 1338/959/247 1370/1411/247 1368/955/245
f 1343/961/34 1405/1024/34 1406/962/34
f 1342/964/248 1344/970/249 1376/965/249
f 1375/967/81 1378/1412/81 1411/968/81
f 1344/970/249 1346/1030/250 1377/971/250
f 1339/972/34 1403/1023/34 1404/973/34
f 1345/963/251 1378/1039/251 1380/975/68
f 1379/977/68 1348/1031/68 1350/978/252
f 1347/976/68 1380/975/68 1382/980/252
f 1350/978/252 1352/985/53 1383/982/53
f 1349/981/252 1382/980/252 1384/983/53
f 1352/985/53 1354/989/253 1386/986/253
f 1353/987/253 1351/984/53 1384/983/53
f 1354/989/253 1356/1413/65 1388/990/65
f 1353/987/253 1385/988/253 1387/991/65
f 1388/990/65 1356/1413/65 1358/993/254
f 1355/992/65 1387/991/65 1389/995/254
f 1360/997/58 1392/1004/58 1390/994/254
f 1359/998/58 1357/996/254 1389/995/254
f 1354/1002/81 1352/1414/81 1350/1415/81
f 1350/1415/81 1348/1416/81 1346/1417/81
f 1346/1417/81 1344/1418/81 1342/1419/81
f 1340/1000/81 1338/1420/81 1336/1421/81
f 1346/1417/81 1342/1419/81 1340/1000/81
f 1354/1002/81 1350/1415/81 1346/1417/81
f 1358/1422/81 1356/1423/81 1354/1002/81
f 1362/1001/255 1360/1424/81 1358/1422/81
f 1334/1425/81 1332/1426/260 1362/1001/255
f 1340/1000/81 1336/1421/81 1334/1425/81
f 1354/1002/81 1346/1417/81 1340/1000/81
f 1362/1001/255 1358/1422/81 1354/1002/81
f 1340/1000/81 1334/1425/81 1362/1001/255
f 1360/997/58 1362/1427/256 1394/1003/256
f 1361/1005/257 1359/998/58 1391/999/58
f 1332/1007/258 1364/1034/258 1419/1008/258
f 1331/952/137 1361/1005/257 1393/1006/257
f 1359/1012/34 1361/1428/34 1331/1429/34
f 1331/1429/34 1333/1430/34 1335/1431/34
f 1335/1431/34 1337/1028/34 1339/972/34
f 1339/972/34 1341/974/34 1343/961/34
f 1343/961/34 1345/963/34 1347/1432/34
f 1347/1432/34 1349/1433/34 1351/1011/34
f 1351/1011/34 1353/1434/34 1355/1435/34
f 1355/1435/34 1357/1436/34 1359/1012/34
f 1359/1012/34 1331/1429/34 1335/1431/34
f 1335/1431/34 1339/972/34 1343/961/34
f 1343/961/34 1347/1432/34 1351/1011/34
f 1351/1011/34 1355/1435/34 1359/1012/34
f 1359/1012/34 1335/1431/34 1343/961/34
f 1367/958/81 1366/1437/81 1363/1438/81
f 1363/1438/81 1393/1439/81 1391/1440/81
f 1391/1440/81 1389/1441/81 1387/1442/81
f 1387/1442/81 1385/1443/81 1384/1013/81
f 1384/1013/81 1382/1444/81 1380/1445/81
f 1380/1445/81 1378/1412/81 1375/967/81
f 1375/967/81 1373/1017/81 1371/1019/81
f 1371/1019/81 1369/1025/81 1367/958/81
f 1367/958/81 1363/1438/81 1391/1440/81
f 1391/1440/81 1387/1442/81 1384/1013/81
f 1384/1013/81 1380/1445/81 1375/967/81
f 1375/967/81 1371/1019/81 1367/958/81
f 1367/958/81 1391/1440/81 1384/1013/81
f 1394/1446/352 1364/1447/262 1365/1014/34
f 1365/1014/34 1368/1448/34 1370/1449/34
f 1372/1450/34 1374/1451/34 1376/1452/34
f 1365/1014/34 1370/1449/34 1372/1450/34
f 1392/1453/34 1394/1446/352 1365/1014/34
f 1388/1016/34 1390/1454/34 1392/1453/34
f 1383/1455/34 1386/1456/34 1388/1016/34
f 1379/1015/34 1381/1457/34 1383/1455/34
f 1376/1452/34 1377/1458/34 1379/1015/34
f 1365/1014/34 1372/1450/34 1376/1452/34
f 1388/1016/34 1392/1453/34 1365/1014/34
f 1379/1015/34 1383/1455/34 1388/1016/34
f 1365/1014/34 1376/1452/34 1379/1015/34
f 1373/1017/81 1375/967/81 1410/969/81
f 1371/1019/81 1373/1017/81 1408/1018/81
f 1367/958/353 1412/1026/259 1401/1021/259
f 1339/972/34 1337/1028/34 1402/1022/34
f 1341/974/34 1404/973/34 1405/1024/34
f 1369/1025/81 1409/1027/81 1412/1026/81
f 1371/1019/81 1407/1020/81 1409/1027/81
f 1337/1028/34 1335/1431/34 1401/1029/34
f 1379/977/68 1377/971/250 1346/1030/250
f 1332/1007/260 1417/1009/354 1418/1032/261
f 1364/1034/262 1394/1037/352 1420/1035/263
f 1362/1036/265 1418/1459/265 1420/1035/265
f 1345/963/355 1406/962/266 1411/1038/266
f 1224/1040/34 1132/1460/34 1216/1041/34
f 1224/1040/65 1223/1042/65 1225/1043/65
f 1099/1056/272 1098/1461/226 1095/1462/351
f 1100/1055/272 1096/709/272 1097/711/272
f 1099/1056/272 1095/1462/351 1100/1055/272
f 1514/1058/81 1516/1061/273 1511/1059/273
f 1516/1061/273 1517/1063/274 1510/1062/274
f 1517/1063/274 1518/1463/275 1509/1064/275
f 1509/1064/275 1518/1463/275 1520/1065/276
f 1520/1065/276 1522/1464/277 1507/1067/277
f 1507/1067/277 1522/1464/277 1523/1068/278
f 1506/1069/278 1523/1068/278 1524/1070/279
f 1524/1072/279 1526/1075/34 1504/1073/34
f 1526/1075/34 1528/1465/280 1503/1076/280
f 1503/1076/280 1528/1465/280 1529/1077/281
f 1529/1077/281 1530/1080/282 1501/1079/282
f 1530/1080/282 1532/1082/283 1500/1081/283
f 1532/1082/283 1534/1466/284 1499/1083/284
f 1499/1083/284 1534/1466/284 1535/1084/285
f 1517/1088/286 1516/1467/286 1514/1468/286
f 1514/1468/286 1536/1469/286 1535/1470/286
f 1535/1470/286 1534/1471/286 1532/1472/286
f 1532/1472/286 1530/1473/286 1529/1086/286
f 1529/1086/286 1528/1474/286 1526/1475/286
f 1526/1475/286 1524/1476/286 1523/1087/286
f 1523/1087/286 1522/1477/286 1520/1478/356
f 1520/1478/356 1518/1479/286 1517/1088/286
f 1517/1088/286 1514/1468/286 1535/1470/286
f 1535/1470/286 1532/1472/286 1529/1086/286
f 1529/1086/286 1526/1475/286 1523/1087/286
f 1523/1087/286 1520/1478/356 1517/1088/286
f 1517/1088/286 1535/1470/286 1529/1086/286
f 1535/1084/285 1536/1480/287 1497/1089/287
f 1497/1089/287 1536/1480/287 1514/1058/81
f 1466/1092/288 1465/1481/288 1480/1482/288
f 1480/1482/288 1479/1483/288 1478/1484/288
f 1478/1484/288 1477/1485/288 1476/1486/288
f 1476/1486/288 1475/1487/357 1474/1090/288
f 1474/1090/288 1473/1488/288 1472/1489/288
f 1472/1489/288 1471/1490/288 1470/1091/288
f 1470/1091/288 1469/1491/358 1468/1492/288
f 1468/1492/288 1467/1493/358 1466/1092/288
f 1466/1092/288 1480/1482/288 1478/1484/288
f 1478/1484/288 1476/1486/288 1474/1090/288
f 1474/1090/288 1472/1489/288 1470/1091/288
f 1470/1091/288 1468/1492/288 1466/1092/288
f 1466/1092/288 1478/1484/288 1474/1090/288
f 1562/1093/289 1564/1119/290 1642/1094/290
f 1643/1096/291 1566/1120/291 1568/1097/292
f 1644/1098/292 1568/1097/292 1570/1099/293
f 1570/1101/293 1572/1104/295 1648/1102/295
f 1572/1104/295 1574/1112/296 1649/1105/296
f 1602/1106/297 1601/1182/296 1633/1107/298
f 1646/1109/299 1582/1157/299 1584/1110/300
f 1574/1112/296 1685/1112/296 1686/1113/297
f 1592/1114/301 1562/1093/289 1641/1095/289
f 1587/1118/60 1589/1141/60 1591/1144/60
f 1591/1144/60 1561/1147/60 1563/1494/60
f 1563/1494/60 1565/1121/60 1567/1125/60
f 1567/1125/60 1569/1127/60 1571/1116/60
f 1571/1116/60 1573/1128/60 1575/1132/60
f 1575/1132/60 1577/1133/60 1579/1117/60
f 1579/1117/60 1581/1136/60 1583/1137/60
f 1583/1137/60 1585/1139/60 1587/1118/60
f 1587/1118/60 1591/1144/60 1563/1494/60
f 1563/1494/60 1567/1125/60 1571/1116/60
f 1571/1116/60 1575/1132/60 1579/1117/60
f 1579/1117/60 1583/1137/60 1587/1118/60
f 1587/1118/60 1563/1494/60 1571/1116/60
f 1643/1096/291 1642/1094/290 1564/1119/290
f 1565/1121/60 1563/1494/60 1596/1122/60
f 1565/1121/60 1597/1123/60 1598/1124/60
f 1567/1125/60 1598/1124/60 1599/1126/60
f 1573/1128/60 1571/1116/60 1600/1129/60
f 1573/1128/60 1601/1130/60 1602/1131/60
f 1577/1133/60 1575/1132/60 1602/1131/60
f 1579/1117/60 1604/1495/60 1605/1135/60
f 1583/1137/60 1581/1136/60 1605/1135/60
f 1585/1139/60 1583/1137/60 1606/1138/60
f 1589/1141/60 1587/1118/60 1608/1142/60
f 1591/1144/60 1589/1141/60 1609/1143/60
f 1591/1144/60 1610/1145/60 1595/1146/60
f 1651/1148/302 1590/1150/302 1592/1114/301
f 1652/1149/303 1588/1156/307 1590/1150/302
f 1647/1151/304 1655/1158/305 1578/1152/305
f 1653/1111/300 1584/1110/300 1586/1154/306
f 1652/1149/303 1654/1155/306 1586/1154/306
f 1646/1109/299 1647/1151/304 1580/1153/304
f 1655/1158/305 1656/1159/297 1576/1113/297
f 1649/1105/296 1574/1112/296 1576/1113/297
f 1603/1160/308 1602/1106/297 1640/1108/297
f 1605/1162/299 1604/1170/311 1631/1163/304
f 1608/1165/309 1607/1169/310 1638/1166/306
f 1606/1168/300 1637/1180/300 1638/1166/306
f 1604/1170/311 1603/1160/308 1639/1161/305
f 1608/1165/309 1636/1167/303 1635/1171/302
f 1609/1172/302 1635/1171/302 1634/1173/301
f 1596/1175/312 1593/1190/290 1627/1176/291
f 1610/1174/301 1634/1173/301 1594/1178/289
f 1605/1162/299 1630/1164/299 1637/1180/300
f 1632/1181/295 1633/1107/298 1601/1182/296
f 1629/1184/294 1632/1181/295 1600/1183/314
f 1598/1186/292 1628/1189/292 1629/1187/294
f 1597/1177/291 1627/1176/291 1628/1189/292
f 1595/1179/313 1594/1178/289 1593/1190/290
f 1665/1191/315 1663/1496/359 1640/1108/297
f 1640/1108/297 1633/1107/298 1649/1105/296
f 1649/1105/296 1656/1159/297 1665/1191/315
f 1640/1108/297 1663/1496/359 1664/1192/308
f 1631/1163/304 1647/1151/304 1646/1109/299
f 1638/1166/306 1654/1155/306 1652/1149/303
f 1637/1180/300 1653/1111/300 1654/1155/306
f 1655/1158/305 1647/1151/304 1631/1163/304
f 1631/1163/304 1639/1161/305 1664/1192/308
f 1666/1193/308 1655/1158/305 1631/1163/304
f 1630/1164/299 1646/1109/299 1653/1111/300
f 1668/1194/316 1670/1200/318 1648/1102/295
f 1648/1102/295 1649/1105/296 1633/1107/298
f 1633/1107/298 1632/1181/295 1668/1194/316
f 1629/1184/294 1667/1497/320 1668/1194/316
f 1663/1195/317 1665/1498/317 1673/1196/317
f 1665/1191/315 1656/1159/297 1655/1158/305
f 1665/1198/58 1666/1499/58 1674/1199/58
f 1670/1200/360 1669/1500/320 1645/1103/361
f 1671/1197/319 1673/1196/319 1674/1199/319
f 1675/1202/320 1676/1216/320 1677/1203/320
f 1668/1205/321 1675/1202/321 1678/1204/321
f 1667/1207/60 1676/1216/60 1675/1202/60
f 1664/1209/322 1672/1201/322 1674/1199/322
f 1663/1211/60 1671/1197/60 1672/1201/60
f 1670/1213/58 1678/1204/58 1677/1203/58
f 1669/1215/323 1677/1203/324 1676/1216/324
f 1582/1157/299 1689/1157/299 1690/1110/300
f 1590/1150/302 1700/1150/362 1699/1221/325
f 1701/1222/325 1702/1114/328 1592/1114/301
f 1592/1114/301 1590/1150/302 1699/1221/325
f 1570/1099/293 1568/1097/292 1682/1097/292
f 1576/1113/297 1686/1113/297 1687/1152/305
f 1586/1154/306 1584/1110/300 1690/1110/300
f 1564/1119/290 1562/1093/289 1679/1093/289
f 1570/1101/293 1683/1101/293 1684/1104/295
f 1580/1153/304 1578/1152/305 1687/1152/305
f 1588/1156/307 1586/1154/306 1691/1154/306
f 1564/1119/290 1680/1119/290 1681/1120/291
f 1574/1112/296 1572/1104/295 1684/1104/295
f 1580/1153/304 1688/1153/304 1689/1157/299
f 1700/1150/362 1590/1150/302 1588/1156/307
f 1692/1156/326 1695/1501/363 1703/1223/327
f 1703/1223/327 1700/1150/362 1588/1156/307
f 1696/1224/329 1679/1093/289 1562/1093/289
f 1562/1093/289 1592/1114/301 1702/1114/328
f 1704/1224/329 1696/1224/329 1562/1093/289
f 1566/1120/291 1681/1120/291 1682/1097/292
f 1693/1225/330 1699/1233/333 1700/1226/65
f 1695/1232/68 1697/1502/68 1694/1231/68
f 1694/1231/68 1693/1225/68 1703/1227/68
f 1699/1233/333 1693/1225/330 1694/1234/74
f 1704/1237/331 1702/1503/364 1701/1235/83
f 1701/1235/83 1694/1234/83 1697/1236/83
f 1697/1236/83 1698/1504/332 1704/1237/331
usemtl SpacialRoverExploreralumGray
f 56/1505/137 57/1506/257 55/1507/137
f 57/1506/257 60/1508/58 59/1509/58
f 60/1508/58 61/1510/254 59/1509/58
f 62/1511/254 63/1512/65 61/1510/254
f 64/1513/65 65/1514/253 63/1515/65
f 66/1516/253 67/1517/53 65/1514/253
f 68/1518/53 69/1519/252 67/1517/53
f 70/1520/252 71/1521/68 69/1519/252
f 72/1522/68 73/1523/250 71/1521/68
f 74/1524/250 75/1525/60 73/1523/250
f 76/1526/60 77/1527/365 75/1525/60
f 78/1528/365 79/1529/70 77/1527/365
f 80/1530/70 81/1531/366 79/1529/70
f 82/1532/366 83/1533/61 81/1531/366
f 84/1534/61 85/1535/243 83/1533/61
f 86/1536/243 55/1507/137 85/1535/243
f 432/1537/137 449/1538/137 447/1539/137
f 440/1540/137 464/1541/137 463/1542/137
f 434/1543/137 449/1538/137 433/1544/137
f 435/1545/137 451/1546/137 434/1543/137
f 436/1547/137 453/1548/137 435/1545/137
f 436/1547/137 457/1549/137 455/1550/137
f 462/1551/161 464/1552/81 441/1553/81
f 461/1554/160 462/1551/161 460/1555/160
f 459/1556/70 460/1557/160 458/1558/70
f 456/1559/159 459/1556/70 458/1558/70
f 454/1560/158 457/1561/159 456/1559/159
f 453/1562/34 454/1560/158 452/1563/34
f 451/1564/157 452/1563/34 450/1565/157
f 449/1566/156 450/1565/157 448/1567/156
f 447/1568/65 448/1567/156 446/1569/65
f 445/1570/155 446/1569/65 444/1571/155
f 443/1572/154 444/1571/155 442/1573/154
f 441/1553/81 443/1572/154 442/1573/154
f 440/1540/137 461/1574/137 439/1575/137
f 432/1537/137 445/1576/137 431/1577/137
f 439/1575/137 459/1578/137 438/1579/137
f 430/1580/137 445/1576/137 443/1581/137
f 437/1582/137 459/1578/137 457/1549/137
f 429/1583/137 443/1581/137 464/1541/137
f 541/1584/81 585/1585/81 543/1586/81
f 536/1587/34 558/1588/34 534/1589/34
f 529/1590/81 551/1591/81 578/1592/81
f 542/1593/34 573/1594/34 570/1595/34
f 537/1596/81 581/1597/81 582/1598/81
f 530/1599/34 577/1600/34 527/1601/34
f 543/1586/81 586/1602/81 545/1603/81
f 538/1604/34 561/1605/34 536/1587/34
f 531/1606/81 578/1592/81 579/1607/81
f 544/1608/34 576/1609/34 573/1594/34
f 537/1596/81 583/1610/81 539/1611/81
f 532/1612/34 552/1613/34 530/1599/34
f 528/1614/81 586/1602/81 551/1591/81
f 538/1604/34 567/1615/34 564/1616/34
f 533/1617/81 579/1607/81 580/1618/81
f 527/1601/34 576/1609/34 546/1619/34
f 539/1611/81 584/1620/81 541/1584/81
f 534/1589/34 555/1621/34 532/1612/34
f 540/1622/34 570/1595/34 567/1615/34
f 535/1623/81 580/1618/81 581/1597/81
f 551/1624/367 587/1625/368 578/1626/368
f 553/1627/81 598/1628/81 599/1629/81
f 590/1630/34 606/1631/34 607/1632/34
f 591/1633/369 582/1634/370 581/1635/369
f 592/1636/371 583/1637/371 582/1634/371
f 593/1638/372 584/1639/372 583/1637/372
f 594/1640/68 585/1641/68 584/1639/68
f 585/1641/373 596/1642/373 586/1643/373
f 586/1643/374 588/1644/374 551/1624/374
f 556/1645/81 568/1646/81 574/1647/81
f 574/1648/374 577/1649/374 547/1650/374
f 573/1651/373 574/1648/373 571/1652/373
f 570/1653/68 571/1652/68 568/1654/68
f 567/1655/372 568/1654/372 565/1656/372
f 564/1657/371 565/1656/371 562/1658/371
f 561/1659/369 562/1658/370 559/1660/369
f 552/1661/368 598/1662/70 548/1663/368
f 577/1649/367 548/1663/368 547/1650/367
f 549/1664/34 588/1665/34 550/1666/34
f 549/1664/34 589/1667/34 587/1668/34
f 554/1669/34 590/1630/34 589/1667/34
f 560/1670/34 590/1630/34 557/1671/34
f 563/1672/34 591/1673/34 560/1670/34
f 566/1674/34 592/1675/34 563/1672/34
f 569/1676/34 593/1677/34 566/1674/34
f 569/1676/34 595/1678/34 594/1679/34
f 572/1680/34 596/1681/34 595/1678/34
f 550/1666/34 596/1681/34 575/1682/34
f 555/1621/34 597/1683/34 552/1613/34
f 581/1635/369 606/1684/65 591/1633/369
f 559/1660/369 608/1685/65 561/1659/369
f 589/1667/34 601/1686/34 587/1668/34
f 579/1607/81 609/1687/81 610/1688/81
f 558/1588/34 608/1689/34 603/1690/34
f 580/1618/81 612/1691/81 581/1597/81
f 587/1625/368 609/1692/70 578/1626/368
f 556/1645/81 605/1693/81 559/1694/81
f 758/1695/187 774/1696/188 759/1697/188
f 770/1698/179 788/1699/180 771/1700/180
f 766/1701/181 784/1702/182 767/1703/182
f 762/1704/177 780/1705/178 763/1706/178
f 727/1707/65 728/1708/65 775/1709/65
f 764/1710/173 782/1711/174 765/1712/174
f 760/1713/175 778/1714/176 761/1715/176
f 768/1716/185 786/1717/186 769/1718/186
f 772/1719/183 776/1720/184 757/1721/184
f 788/1699/180 772/1719/183 771/1700/180
f 758/1695/187 776/1720/184 775/1722/187
f 784/1702/182 768/1716/185 767/1703/182
f 770/1698/179 786/1717/186 785/1723/179
f 780/1705/178 764/1710/173 763/1706/178
f 766/1701/181 782/1711/174 781/1724/181
f 774/1696/188 760/1725/175 759/1697/188
f 762/1704/177 778/1714/176 777/1726/177
f 788/1727/65 739/1728/65 787/1729/65
f 739/1728/65 740/1730/65 787/1729/65
f 787/1729/65 727/1707/65 776/1731/65
f 784/1732/65 735/1733/65 736/1734/65
f 733/1735/65 734/1736/65 781/1737/65
f 784/1732/65 734/1736/65 735/1733/65
f 725/1738/65 726/1739/65 774/1740/65
f 734/1736/65 784/1732/65 781/1737/65
f 728/1708/65 774/1740/65 775/1709/65
f 783/1741/65 736/1734/65 737/1742/65
f 739/1728/65 788/1727/65 738/1743/65
f 778/1744/65 773/1745/65 729/1746/65
f 786/1747/65 738/1743/65 785/1748/65
f 729/1746/65 777/1749/65 778/1744/65
f 730/1750/65 777/1749/65 729/1746/65
f 786/1747/65 737/1742/65 738/1743/65
f 731/1751/65 780/1752/65 730/1750/65
f 786/1747/65 783/1741/65 737/1742/65
f 726/1739/65 773/1745/65 774/1740/65
f 773/1745/65 726/1739/65 729/1746/65
f 783/1741/65 784/1732/65 736/1734/65
f 732/1753/65 779/1754/65 731/1751/65
f 779/1754/65 780/1752/65 731/1751/65
f 733/1735/65 779/1754/65 732/1753/65
f 740/1730/65 727/1707/65 787/1729/65
f 788/1727/65 785/1748/65 738/1743/65
f 733/1735/65 781/1737/65 782/1755/65
f 780/1752/65 777/1749/65 730/1750/65
f 727/1707/65 775/1709/65 776/1731/65
f 779/1754/65 733/1735/65 782/1755/65
f 774/1740/65 728/1708/65 725/1738/65
f 841/1756/70 859/1757/70 846/1758/70
f 855/1759/137 852/1760/137 853/1761/137
f 847/1762/81 862/1763/81 849/1764/81
f 850/1765/65 853/1761/65 843/1766/65
f 844/1767/34 856/1768/34 840/1769/34
f 853/1761/76 845/1770/76 843/1766/76
f 854/1771/80 844/1767/80 845/1770/80
f 841/1756/69 857/1772/69 855/1773/69
f 842/1774/82 856/1768/82 857/1772/82
f 847/1762/79 860/1775/79 858/1776/79
f 848/1777/75 859/1757/75 860/1775/75
f 850/1778/74 863/1779/74 861/1780/74
f 851/1781/83 862/1763/83 863/1779/83
f 938/1782/70 920/1783/70 925/1784/70
f 934/1785/137 932/1786/137 931/1787/137
f 941/1788/34 926/1789/34 928/1790/34
f 932/1786/65 929/1791/65 922/1792/65
f 935/1793/81 923/1794/81 919/1795/81
f 924/1796/74 932/1786/74 922/1792/74
f 923/1794/83 933/1797/83 924/1796/83
f 936/1798/75 920/1783/75 934/1799/75
f 935/1793/79 921/1800/79 936/1798/79
f 939/1801/82 926/1789/82 937/1802/82
f 938/1782/69 927/1803/69 939/1801/69
f 942/1804/76 929/1805/76 940/1806/76
f 941/1788/80 930/1807/80 942/1804/80
f 841/1756/70 855/1773/70 859/1757/70
f 859/1808/137 855/1759/137 853/1761/137
f 855/1759/137 857/1809/137 856/1810/137
f 852/1760/137 855/1759/137 856/1810/137
f 852/1760/137 854/1811/137 853/1761/137
f 853/1761/137 861/1812/137 859/1808/137
f 861/1812/137 863/1813/137 862/1814/137
f 859/1808/137 861/1812/137 858/1815/137
f 862/1814/137 858/1815/137 861/1812/137
f 858/1815/137 860/1816/137 859/1808/137
f 847/1762/81 858/1776/81 862/1763/81
f 850/1765/65 861/1812/65 853/1761/65
f 844/1767/34 852/1817/34 856/1768/34
f 853/1761/76 854/1771/76 845/1770/76
f 854/1771/80 852/1817/80 844/1767/80
f 841/1756/69 842/1774/69 857/1772/69
f 842/1774/82 840/1769/82 856/1768/82
f 847/1762/79 848/1777/79 860/1775/79
f 848/1777/75 846/1758/75 859/1757/75
f 850/1778/74 851/1781/74 863/1779/74
f 851/1781/83 849/1764/83 862/1763/83
f 938/1782/70 934/1799/70 920/1783/70
f 936/1818/137 934/1785/137 935/1819/137
f 934/1785/137 938/1820/137 932/1786/137
f 938/1820/137 939/1821/137 937/1822/137
f 937/1822/137 941/1823/137 940/1824/137
f 941/1823/137 942/1825/137 940/1824/137
f 940/1824/137 932/1786/137 938/1820/137
f 937/1822/137 940/1824/137 938/1820/137
f 932/1786/137 933/1826/137 931/1787/137
f 931/1787/137 935/1819/137 934/1785/137
f 941/1788/34 937/1802/34 926/1789/34
f 932/1786/65 940/1824/65 929/1791/65
f 935/1793/81 931/1827/81 923/1794/81
f 924/1796/74 933/1797/74 932/1786/74
f 923/1794/83 931/1827/83 933/1797/83
f 936/1798/75 921/1800/75 920/1783/75
f 935/1793/79 919/1795/79 921/1800/79
f 939/1801/82 927/1803/82 926/1789/82
f 938/1782/69 925/1784/69 927/1803/69
f 942/1804/76 930/1807/76 929/1805/76
f 941/1788/80 928/1790/80 930/1807/80
f 1015/1828/375 965/1829/376 990/1830/377
f 970/1831/378 998/1832/379 971/1833/380
f 972/1834/381 1000/1835/382 973/1836/383
f 974/1837/384 1002/1838/385 975/1839/386
f 976/1840/387 1004/1841/388 977/1842/389
f 1003/1843/390 954/1844/81 978/1845/391
f 958/1846/81 979/1847/392 957/1848/81
f 1005/1849/393 981/1850/394 980/1851/395
f 1007/1852/396 983/1853/397 982/1854/398
f 1009/1855/399 985/1856/400 984/1857/401
f 1011/1858/402 987/1859/403 986/1860/404
f 1013/1861/405 989/1862/406 988/1863/407
f 1012/1864/408 953/1865/409 997/1866/410
f 968/1867/411 996/1868/412 969/1869/413
f 966/1870/414 992/1871/415 967/1872/416
f 1020/1873/81 1032/1874/81 1028/1875/81
f 994/1876/417 966/1870/414 965/1829/376
f 991/1877/418 967/1872/416 992/1871/415
f 995/1878/419 969/1869/413 996/1868/412
f 997/1879/420 971/1833/380 998/1832/379
f 999/1880/421 973/1836/383 1000/1835/382
f 1001/1881/422 975/1839/386 1002/1838/385
f 978/1845/391 1004/1841/388 1003/1843/390
f 980/1851/395 1006/1882/423 1005/1849/393
f 982/1854/398 1008/1883/424 1007/1852/396
f 984/1857/401 1010/1884/425 1009/1855/399
f 986/1860/404 1012/1885/426 1011/1858/402
f 988/1863/407 1014/1886/427 1013/1861/405
f 990/1830/377 1016/1887/428 1015/1828/375
f 976/1888/429 980/1889/430 988/1890/431
f 1140/1891/432 1185/1892/432 1143/1893/432
f 1185/1892/237 1184/1894/237 1186/1895/433
f 1140/1896/81 1183/1897/81 1182/1898/81
f 1143/1893/432 1186/1895/432 1157/1899/432
f 1157/1900/34 1187/1901/34 1155/1902/34
f 1142/1903/434 1183/1897/434 1138/1904/434
f 1155/1905/434 1184/1894/434 1142/1903/434
f 1340/1906/81 1395/1907/81 1338/1908/81
f 1395/1907/81 1421/1909/81 1338/1908/81
f 1400/1910/34 1415/1911/34 1374/1912/34
f 1372/1913/34 1400/1910/34 1374/1912/34
f 1370/1914/34 1399/1915/34 1372/1913/34
f 1342/1916/81 1396/1917/81 1340/1906/81
f 1374/1912/65 1416/1918/65 1342/1916/65
f 1342/1916/81 1414/1919/81 1397/1920/81
f 1415/1921/68 1414/1919/68 1416/1918/68
f 1428/1922/81 1431/1923/81 1427/1924/81
f 1421/1909/137 1424/1925/137 1422/1926/137
f 1338/1908/65 1422/1927/65 1370/1914/65
f 1370/1914/34 1424/1928/34 1398/1929/34
f 1426/1930/137 1427/1924/137 1425/1931/137
f 1432/1932/68 1429/1933/68 1431/1923/68
f 1430/1934/34 1425/1931/34 1429/1935/34
f 1428/1936/65 1430/1934/65 1432/1937/65
f 56/1505/137 58/1938/257 57/1506/257
f 57/1506/257 58/1938/257 60/1508/58
f 60/1508/58 62/1511/254 61/1510/254
f 62/1511/254 64/1939/65 63/1512/65
f 64/1513/65 66/1516/253 65/1514/253
f 66/1516/253 68/1518/53 67/1517/53
f 68/1518/53 70/1520/252 69/1519/252
f 70/1520/252 72/1522/68 71/1521/68
f 72/1522/68 74/1524/250 73/1523/250
f 74/1524/250 76/1526/60 75/1525/60
f 76/1526/60 78/1528/365 77/1527/365
f 78/1528/365 80/1530/70 79/1529/70
f 80/1530/70 82/1532/366 81/1531/366
f 82/1532/366 84/1534/61 83/1533/61
f 84/1534/61 86/1536/243 85/1535/243
f 86/1536/243 56/1505/137 55/1507/137
f 432/1537/137 433/1544/137 449/1538/137
f 440/1540/137 429/1583/137 464/1541/137
f 434/1543/137 451/1546/137 449/1538/137
f 435/1545/137 453/1548/137 451/1546/137
f 436/1547/137 455/1550/137 453/1548/137
f 436/1547/137 437/1582/137 457/1549/137
f 462/1551/161 463/1940/161 464/1552/81
f 461/1554/160 463/1940/161 462/1551/161
f 459/1556/70 461/1941/160 460/1557/160
f 456/1559/159 457/1561/159 459/1556/70
f 454/1560/158 455/1942/158 457/1561/159
f 453/1562/34 455/1942/158 454/1560/158
f 451/1564/157 453/1562/34 452/1563/34
f 449/1566/156 451/1564/157 450/1565/157
f 447/1568/65 449/1566/156 448/1567/156
f 445/1570/155 447/1568/65 446/1569/65
f 443/1572/154 445/1570/155 444/1571/155
f 441/1553/81 464/1552/81 443/1572/154
f 440/1540/137 463/1542/137 461/1574/137
f 432/1537/137 447/1539/137 445/1576/137
f 439/1575/137 461/1574/137 459/1578/137
f 430/1580/137 431/1577/137 445/1576/137
f 437/1582/137 438/1579/137 459/1578/137
f 429/1583/137 430/1580/137 443/1581/137
f 541/1584/81 584/1620/81 585/1585/81
f 536/1587/34 561/1605/34 558/1588/34
f 529/1590/81 528/1614/81 551/1591/81
f 542/1593/34 544/1608/34 573/1594/34
f 537/1596/81 535/1623/81 581/1597/81
f 530/1599/34 552/1613/34 577/1600/34
f 543/1586/81 585/1585/81 586/1602/81
f 538/1604/34 564/1616/34 561/1605/34
f 531/1606/81 529/1590/81 578/1592/81
f 544/1608/34 546/1619/34 576/1609/34
f 537/1596/81 582/1598/81 583/1610/81
f 532/1612/34 555/1621/34 552/1613/34
f 528/1614/81 545/1603/81 586/1602/81
f 538/1604/34 540/1622/34 567/1615/34
f 533/1617/81 531/1606/81 579/1607/81
f 527/1601/34 577/1600/34 576/1609/34
f 539/1611/81 583/1610/81 584/1620/81
f 534/1589/34 558/1588/34 555/1621/34
f 540/1622/34 542/1593/34 570/1595/34
f 535/1623/81 533/1617/81 580/1618/81
f 551/1624/367 588/1644/367 587/1625/368
f 553/1627/81 548/1943/81 598/1628/81
f 590/1630/34 591/1673/34 606/1631/34
f 591/1633/369 592/1636/370 582/1634/370
f 592/1636/371 593/1638/371 583/1637/371
f 593/1638/372 594/1640/372 584/1639/372
f 594/1640/68 595/1944/68 585/1641/68
f 585/1641/373 595/1944/373 596/1642/373
f 586/1643/374 596/1642/374 588/1644/374
f 574/1647/81 547/1945/81 548/1943/81
f 548/1943/81 553/1627/81 556/1645/81
f 556/1645/81 559/1694/81 562/1946/81
f 562/1946/81 565/1947/81 568/1646/81
f 568/1646/81 571/1948/81 574/1647/81
f 574/1647/81 548/1943/81 556/1645/81
f 556/1645/81 562/1946/81 568/1646/81
f 574/1648/374 576/1949/374 577/1649/374
f 573/1651/373 576/1949/373 574/1648/373
f 570/1653/68 573/1651/68 571/1652/68
f 567/1655/372 570/1653/372 568/1654/372
f 564/1657/371 567/1655/371 565/1656/371
f 561/1659/369 564/1657/370 562/1658/370
f 552/1661/435 597/1950/70 598/1662/70
f 577/1649/367 552/1661/368 548/1663/368
f 549/1664/34 587/1668/34 588/1665/34
f 549/1664/34 554/1669/34 589/1667/34
f 554/1669/34 557/1671/34 590/1630/34
f 560/1670/34 591/1673/34 590/1630/34
f 563/1672/34 592/1675/34 591/1673/34
f 566/1674/34 593/1677/34 592/1675/34
f 569/1676/34 594/1679/34 593/1677/34
f 569/1676/34 572/1680/34 595/1678/34
f 572/1680/34 575/1682/34 596/1681/34
f 550/1666/34 588/1665/34 596/1681/34
f 555/1621/34 602/1951/34 597/1683/34
f 581/1635/436 612/1952/65 606/1684/65
f 559/1660/436 605/1953/65 608/1685/65
f 589/1667/34 600/1954/34 601/1686/34
f 579/1607/81 578/1592/81 609/1687/81
f 558/1588/34 561/1605/34 608/1689/34
f 580/1618/81 611/1955/81 612/1691/81
f 587/1625/435 601/1956/70 609/1692/70
f 556/1645/81 604/1957/81 605/1693/81
f 758/1695/187 775/1722/187 774/1696/188
f 770/1698/179 785/1723/179 788/1699/180
f 766/1701/181 781/1724/181 784/1702/182
f 762/1704/177 777/1726/177 780/1705/178
f 764/1710/173 779/1958/173 782/1711/174
f 760/1713/175 773/1959/175 778/1714/176
f 768/1716/185 783/1960/185 786/1717/186
f 772/1719/183 787/1961/183 776/1720/184
f 788/1699/180 787/1961/183 772/1719/183
f 758/1695/187 757/1721/184 776/1720/184
f 784/1702/182 783/1960/185 768/1716/185
f 770/1698/179 769/1718/186 786/1717/186
f 780/1705/178 779/1958/173 764/1710/173
f 766/1701/181 765/1712/174 782/1711/174
f 774/1696/188 773/1962/175 760/1725/175
f 762/1704/177 761/1715/176 778/1714/176
f 1015/1828/375 994/1876/417 965/1829/376
f 970/1831/378 995/1878/419 998/1832/379
f 972/1834/381 997/1879/420 1000/1835/382
f 974/1837/384 999/1880/421 1002/1838/385
f 976/1840/387 1001/1881/422 1004/1841/388
f 1003/1843/390 953/1963/81 954/1844/81
f 958/1846/81 1006/1882/423 979/1847/392
f 1005/1849/393 1008/1883/424 981/1850/394
f 1007/1852/396 1010/1884/425 983/1853/397
f 1009/1855/399 1012/1885/426 985/1856/400
f 1011/1858/402 1014/1886/427 987/1859/403
f 1013/1861/405 1016/1887/428 989/1862/406
f 996/1964/437 991/1965/438 992/1966/437
f 992/1966/437 993/1967/437 994/1968/437
f 994/1968/437 1015/1969/437 1016/1970/437
f 1016/1970/437 1013/1971/439 1014/1972/437
f 1014/1972/437 1011/1973/439 1012/1864/408
f 1012/1864/408 1009/1974/437 1010/1975/440
f 1010/1975/440 1007/1976/441 1008/1977/442
f 1008/1977/442 1005/1978/443 1006/1979/443
f 958/1980/444 956/1981/81 953/1865/409
f 1008/1977/442 1006/1979/443 958/1980/444
f 1012/1864/408 1010/1975/440 1008/1977/442
f 1016/1970/437 1014/1972/437 1012/1864/408
f 992/1966/437 994/1968/437 1016/1970/437
f 995/1982/437 996/1964/437 992/1966/437
f 997/1866/410 998/1983/445 995/1982/437
f 999/1984/446 1000/1985/437 997/1866/410
f 1001/1986/447 1002/1987/448 999/1984/446
f 1003/1988/449 1004/1989/450 1001/1986/447
f 1008/1977/442 958/1980/444 953/1865/409
f 953/1865/409 1003/1988/449 1001/1986/447
f 1001/1986/447 999/1984/446 997/1866/410
f 997/1866/410 995/1982/437 992/1966/437
f 992/1966/437 1016/1970/437 1012/1864/408
f 1012/1864/408 1008/1977/442 953/1865/409
f 953/1865/409 1001/1986/447 997/1866/410
f 997/1866/410 992/1966/437 1012/1864/408
f 968/1867/411 991/1877/418 996/1868/412
f 966/1870/414 993/1990/451 992/1871/415
f 1028/1875/81 1023/1991/81 1024/1992/81
f 1024/1992/81 1019/1993/81 1020/1873/81
f 1020/1873/81 1035/1994/81 1036/1995/81
f 1036/1995/81 1031/1996/81 1032/1874/81
f 1032/1874/81 1027/1997/81 1028/1875/81
f 1028/1875/81 1024/1992/81 1020/1873/81
f 1020/1873/81 1036/1995/81 1032/1874/81
f 994/1876/417 993/1990/451 966/1870/414
f 991/1877/418 968/1867/411 967/1872/416
f 995/1878/419 970/1831/378 969/1869/413
f 997/1879/420 972/1834/381 971/1833/380
f 999/1880/421 974/1837/384 973/1836/383
f 1001/1881/422 976/1840/387 975/1839/386
f 978/1845/391 977/1842/389 1004/1841/388
f 980/1851/395 979/1847/392 1006/1882/423
f 982/1854/398 981/1850/394 1008/1883/424
f 984/1857/401 983/1853/397 1010/1884/425
f 986/1860/404 985/1856/400 1012/1885/426
f 988/1863/407 987/1859/403 1014/1886/427
f 990/1830/377 989/1862/406 1016/1887/428
f 990/1998/452 965/1999/453 966/2000/452
f 966/2000/452 967/2001/454 968/2002/455
f 968/2002/455 969/2003/454 970/2004/452
f 970/2004/452 971/2005/452 972/2006/456
f 972/2006/456 973/2007/452 974/2008/457
f 974/2008/457 975/2009/458 976/1888/429
f 976/1888/429 977/2010/459 978/2011/459
f 954/2012/460 955/2013/34 957/2014/461
f 976/1888/429 978/2011/459 954/2012/460
f 972/2006/456 974/2008/457 976/1888/429
f 968/2002/455 970/2004/452 972/2006/456
f 990/1998/452 966/2000/452 968/2002/455
f 988/1890/431 989/2015/452 990/1998/452
f 986/2016/452 987/2017/462 988/1890/431
f 984/2018/463 985/2019/452 986/2016/452
f 982/2020/464 983/2021/452 984/2018/463
f 980/1889/430 981/2022/465 982/2020/464
f 957/2014/461 979/2023/466 980/1889/430
f 976/1888/429 954/2012/460 957/2014/461
f 968/2002/455 972/2006/456 976/1888/429
f 988/1890/431 990/1998/452 968/2002/455
f 984/2018/463 986/2016/452 988/1890/431
f 980/1889/430 982/2020/464 984/2018/463
f 976/1888/429 957/2014/461 980/1889/430
f 988/1890/431 968/2002/455 976/1888/429
f 980/1889/430 984/2018/463 988/1890/431
f 1140/1891/432 1182/1898/432 1185/1892/432
f 1185/1892/237 1182/1898/237 1183/1897/237
f 1184/1894/237 1187/1901/433 1186/1895/433
f 1185/1892/237 1183/1897/237 1184/1894/237
f 1140/1896/81 1138/2024/81 1183/1897/81
f 1143/1893/432 1185/1892/432 1186/1895/432
f 1157/1900/34 1186/1895/34 1187/1901/34
f 1142/1903/434 1184/1894/434 1183/1897/434
f 1155/1905/434 1187/1901/434 1184/1894/434
f 1340/1906/81 1396/1917/81 1395/1907/81
f 1395/1907/81 1423/2025/81 1421/1909/81
f 1400/1910/34 1413/2026/34 1415/1911/34
f 1372/1913/34 1399/1915/34 1400/1910/34
f 1370/1914/34 1398/1929/34 1399/1915/34
f 1342/1916/81 1397/1920/81 1396/1917/81
f 1374/1912/65 1415/1911/65 1416/1918/65
f 1342/1916/81 1416/1918/81 1414/1919/81
f 1415/1921/68 1413/2027/68 1414/1919/68
f 1428/1922/81 1432/1932/81 1431/1923/81
f 1421/1909/137 1423/2025/137 1424/1925/137
f 1338/1908/65 1421/1909/65 1422/1927/65
f 1370/1914/34 1422/1927/34 1424/1928/34
f 1426/1930/137 1428/1922/137 1427/1924/137
f 1432/1932/68 1430/2028/68 1429/1933/68
f 1430/1934/34 1426/1930/34 1425/1931/34
f 1428/1936/65 1426/1930/65 1430/1934/65
usemtl SpacialRoverExploreralumBlack
f 148/2029/15 169/2030/471 157/2031/16
f 154/2032/1 172/2033/472 151/2034/2
f 156/2035/3 160/2036/473 153/2037/4
f 158/2038/5 175/2039/474 155/2040/6
f 160/2041/475 176/2042/476 89/2043/477
f 163/2044/478 173/2045/479 92/2046/480
f 172/2047/481 161/2048/482 96/2049/483
f 175/2050/484 170/2051/485 98/2052/486
f 169/2053/487 167/2054/488 97/2055/489
f 166/2056/490 164/2057/491 94/2058/492
f 2/2059/493 23/2060/494 13/2061/493
f 3/2062/495 19/2063/496 8/2064/496
f 24/2065/497 226/2066/497 29/2067/498
f 1/2068/499 17/2069/500 11/2070/499
f 9/2071/501 17/2069/500 7/2072/500
f 230/2073/502 26/2074/502 229/2075/503
f 3/2062/495 22/2076/504 18/2077/495
f 29/2067/498 235/2078/498 236/2079/505
f 229/2075/503 26/2074/502 224/2080/503
f 4/2081/506 19/2063/496 20/2082/506
f 4/2081/506 21/2083/507 10/2084/507
f 29/2067/498 236/2079/505 227/2085/505
f 9/2071/501 21/2083/507 16/2086/501
f 227/2085/505 228/2087/508 25/2088/508
f 15/2089/509 239/2090/509 240/2091/509
f 2/2059/493 22/2076/504 6/2092/504
f 223/2093/510 224/2080/503 12/2094/510
f 29/2067/498 227/2085/505 25/2088/508
f 1/2095/499 23/2060/494 5/2096/494
f 12/2094/510 28/2097/511 223/2093/510
f 27/2098/34 18/2099/35 22/2100/34
f 24/2101/336 19/2102/39 18/2099/336
f 20/2103/45 30/2104/51 21/2105/51
f 29/2106/39 20/2103/48 19/2102/39
f 17/2107/20 15/2108/19 28/2109/20
f 21/2105/51 15/2108/52 16/2110/52
f 12/2111/42 23/2112/46 11/2113/42
f 28/2109/20 11/2114/41 17/2107/20
f 26/2115/46 13/2116/512 23/2112/46
f 14/2117/36 22/2100/34 13/2116/36
f 186/2118/59 198/2119/60 183/2120/60
f 196/2121/34 180/2122/34 200/2123/34
f 188/2124/53 196/2125/54 185/2126/54
f 190/2127/55 194/2128/56 187/2129/56
f 182/2130/61 178/2131/62 191/2132/62
f 152/2133/7 163/2134/513 149/2135/8
f 94/2136/469 87/2137/469 97/2138/469
f 91/2139/65 88/2140/65 95/2141/65
f 96/2142/468 93/2143/468 92/2144/468
f 98/2145/81 90/2146/81 89/2147/81
f 92/2144/34 95/2148/34 94/2136/34
f 89/2147/467 91/2149/467 96/2142/467
f 98/2150/470 87/2137/470 88/2151/470
f 150/2152/17 166/2153/514 147/2154/18
f 184/2155/63 200/2156/64 181/2157/64
f 159/2158/515 160/2041/473 161/2048/516
f 162/2159/517 163/2044/513 164/2057/518
f 165/2160/519 166/2056/514 167/2054/520
f 168/2161/521 169/2053/471 170/2051/522
f 171/2162/523 172/2047/472 173/2045/524
f 174/2163/525 175/2050/474 176/2042/526
f 158/2038/5 169/2030/471 168/2164/521
f 156/2035/3 175/2165/474 174/2166/525
f 160/2036/473 154/2032/1 153/2037/4
f 163/2134/513 150/2152/17 149/2135/8
f 166/2153/514 148/2029/15 147/2154/18
f 172/2033/472 152/2133/7 151/2034/2
f 194/2128/56 188/2124/53 187/2129/56
f 198/2119/60 184/2155/63 183/2120/60
f 200/2156/64 182/2167/61 181/2157/64
f 192/2168/57 178/2131/62 177/2169/57
f 185/2126/54 195/2170/59 186/2118/59
f 190/2127/55 180/2171/58 179/2172/55
f 189/2173/58 177/2169/57 180/2171/58
f 237/2174/527 30/2175/528 228/2087/508
f 27/2176/529 231/2177/529 232/2178/529
f 27/2176/529 14/2179/530 222/2180/531
f 233/2181/511 234/2182/532 28/2097/511
f 240/2091/509 233/2181/511 28/2097/511
f 28/2097/511 15/2089/509 240/2091/509
f 237/2174/527 238/2183/528 30/2175/528
f 238/2183/528 239/2090/509 30/2175/528
f 28/2097/511 234/2182/532 223/2093/510
f 30/2175/528 239/2090/509 15/2089/509
f 230/2073/502 221/2184/530 26/2074/502
f 27/2176/529 232/2178/529 225/2185/533
f 226/2066/497 235/2078/498 29/2067/498
f 24/2065/497 225/2185/533 226/2066/497
f 222/2180/531 14/2179/530 221/2184/530
f 24/2065/497 27/2176/529 225/2185/533
f 231/2177/529 27/2176/529 222/2180/531
f 30/2175/528 25/2088/508 228/2087/508
f 224/2080/503 26/2074/502 12/2094/510
f 221/2184/530 14/2179/530 26/2074/502
f 383/2186/534 391/2187/534 384/2188/534
f 392/2189/65 390/2190/65 391/2187/65
f 384/2188/535 390/2191/535 318/2192/535
f 317/2193/536 392/2194/536 383/2195/536
f 318/2192/537 389/2196/537 317/2193/537
f 383/2186/534 392/2189/534 391/2187/534
f 392/2189/65 389/2197/65 390/2190/65
f 384/2188/535 391/2187/535 390/2191/535
f 317/2193/536 389/2196/536 392/2194/536
f 318/2192/537 390/2191/537 389/2196/537
f 505/2198/137 501/2199/137 497/2200/137
f 952/2201/538 962/2202/539 951/2203/539
f 950/2204/81 954/2205/81 953/2206/81
f 947/2207/81 955/2208/81 954/2209/81
f 950/2210/81 956/2211/81 951/2203/81
f 949/2212/81 955/2208/81 948/2213/81
f 952/2201/81 956/2211/81 958/2214/81
f 952/2215/81 957/2216/81 949/2217/81
f 962/2202/81 963/2218/81 961/2219/81
f 951/2203/539 959/2220/540 950/2210/540
f 950/2204/541 960/2221/541 947/2222/541
f 949/2217/137 964/2223/137 952/2215/137
f 948/2213/542 963/2218/543 949/2212/543
f 947/2207/544 961/2219/542 948/2213/542
f 1035/2224/127 1017/2225/127 1034/2226/127
f 1027/2227/65 1029/2228/65 1026/2229/65
f 1031/2230/132 1033/2231/132 1030/2232/132
f 1023/2233/133 1025/2234/133 1022/2235/133
f 1019/2236/130 1021/2237/130 1018/2238/130
f 1020/2239/70 1018/2238/70 1017/2225/70
f 1022/2235/128 1024/2240/128 1023/2233/128
f 1026/2229/131 1028/2241/131 1027/2227/131
f 1030/2242/134 1032/2243/134 1031/2244/134
f 1034/2226/129 1036/2245/129 1035/2224/129
f 952/2201/538 964/2223/538 962/2202/539
f 950/2204/81 947/2222/81 954/2205/81
f 947/2207/81 948/2213/81 955/2208/81
f 950/2210/81 953/2246/81 956/2211/81
f 949/2212/81 957/2247/81 955/2208/81
f 952/2201/81 951/2203/81 956/2211/81
f 952/2215/81 958/2248/81 957/2216/81
f 961/2219/81 960/2221/81 962/2202/81
f 960/2221/81 959/2220/81 962/2202/81
f 962/2202/81 964/2223/81 963/2218/81
f 951/2203/539 962/2202/539 959/2220/540
f 950/2204/541 959/2220/541 960/2221/541
f 949/2217/137 963/2218/137 964/2223/137
f 948/2213/542 961/2219/542 963/2218/543
f 947/2207/544 960/2221/544 961/2219/542
f 1035/2224/127 1020/2239/127 1017/2225/127
f 1027/2227/65 1032/2243/65 1029/2228/65
f 1031/2230/132 1036/2245/132 1033/2231/132
f 1023/2233/133 1028/2241/133 1025/2234/133
f 1019/2236/130 1024/2240/130 1021/2237/130
f 1020/2239/70 1019/2236/70 1018/2238/70
f 1022/2235/128 1021/2237/128 1024/2240/128
f 1026/2229/131 1025/2234/131 1028/2241/131
f 1030/2242/134 1029/2228/134 1032/2243/134
f 1034/2226/129 1033/2231/129 1036/2245/129
f 1044/2249/545 1042/2250/546 1043/2251/547
f 1048/2252/65 1041/2253/65 1044/2249/65
f 1054/2254/548 1061/2255/549 1053/2256/548
f 1045/2257/81 1044/2249/81 1043/2258/81
f 1039/2259/81 1045/2257/81 1038/2260/81
f 1040/2261/34 1046/2262/34 1047/2263/34
f 1039/2259/65 1047/2263/65 1048/2252/65
f 1056/2264/550 1052/2265/551 1055/2266/552
f 1049/2267/553 1062/2268/137 1057/2269/554
f 1047/2263/65 1051/2270/65 1041/2253/65
f 1041/2253/555 1052/2271/551 1042/2250/546
f 1046/2272/556 1050/2273/556 1047/2263/556
f 1051/2270/557 1055/2266/552 1052/2274/551
f 1049/2275/553 1061/2255/137 1062/2268/137
f 1057/2269/558 1059/2276/559 1056/2264/558
f 1037/2277/560 1039/2259/561 1038/2260/562
f 1054/2254/68 1052/2278/551 1060/2279/68
f 1053/2256/137 1061/2255/137 1049/2280/553
f 1055/2266/563 1057/2269/563 1056/2264/563
f 1062/2268/559 1060/2279/564 1059/2276/559
f 1055/2266/565 1050/2273/565 1058/2281/565
f 1057/2269/554 1058/2281/566 1049/2282/553
f 1050/2273/556 1049/2283/553 1058/2281/566
f 1060/2279/68 1052/2284/551 1059/2276/68
f 1056/2264/550 1059/2276/68 1052/2285/551
f 1164/2286/81 1161/2287/81 1160/2288/81
f 1171/2289/68 1165/2290/68 1164/2286/68
f 1158/2291/34 1169/2292/34 1170/2293/34
f 1160/2294/65 1170/2293/65 1171/2289/65
f 1168/2295/70 1159/2296/70 1165/2290/70
f 1174/2297/70 1167/2298/70 1162/2299/70
f 1169/2292/68 1166/2300/68 1163/2301/68
f 1170/2293/68 1163/2301/68 1162/2302/68
f 1171/2289/68 1162/2302/68 1167/2303/68
f 1168/2295/68 1167/2303/68 1166/2300/68
f 1172/2304/65 1163/2305/65 1166/2306/65
f 1175/2307/34 1166/2308/34 1167/2309/34
f 1173/2310/81 1162/2311/81 1163/2312/81
f 1246/2313/34 1298/2314/34 1295/2315/34
f 1240/879/81 1294/2316/81 1291/2317/81
f 1243/882/68 1296/2318/68 1293/2319/68
f 1232/2320/8 1300/2321/8 1231/2322/8
f 1291/2317/6 1241/880/6 1240/879/6
f 1293/2319/1 1244/883/1 1243/882/1
f 1295/2323/8 1247/886/8 1246/885/8
f 1238/877/15 1297/2324/15 1298/2314/15
f 1237/876/137 1292/2325/137 1297/2324/137
f 1301/2326/70 1303/2327/70 1305/2328/70
f 1229/2329/81 1303/2327/81 1234/2330/81
f 1235/2331/34 1299/2332/34 1232/2333/34
f 1230/2334/1 1306/2335/1 1229/2336/1
f 1236/2337/15 1302/2338/15 1235/2339/15
f 1233/2340/137 1301/2326/137 1236/2341/137
f 1231/2342/68 1305/2328/68 1230/2343/68
f 1234/2344/6 1304/2345/6 1233/2346/6
f 1314/944/230 1311/942/230 1312/903/230
f 1507/2347/567 1490/2348/568 1491/2349/567
f 1508/2350/569 1491/2349/567 1492/2351/569
f 1509/2352/570 1492/2351/569 1493/2353/570
f 1510/2354/571 1493/2353/570 1494/2355/571
f 1512/2356/572 1481/2357/573 1497/2358/573
f 1510/2354/571 1495/2359/574 1511/2360/574
f 1497/2358/573 1482/2361/575 1498/2362/575
f 1512/2356/572 1495/2359/574 1496/2363/572
f 1481/2364/287 1480/2365/81 1465/2366/287
f 1482/2367/285 1465/2366/287 1466/2368/285
f 1467/2369/284 1482/2367/285 1466/2368/285
f 1468/2370/283 1483/2371/284 1467/2369/284
f 1469/2372/282 1484/2373/283 1468/2370/283
f 1486/2374/281 1469/2372/282 1470/2375/281
f 1471/2376/280 1486/2374/281 1470/2375/281
f 1472/2377/34 1487/2378/280 1471/2376/280
f 1473/2379/279 1488/2380/34 1472/2377/34
f 1474/2381/278 1489/2382/279 1473/2383/279
f 1491/2384/277 1474/2381/278 1475/2385/277
f 1476/2386/276 1491/2384/277 1475/2385/277
f 1477/2387/275 1492/2388/276 1476/2386/276
f 1494/2389/274 1477/2387/275 1478/2390/274
f 1495/2391/273 1478/2390/274 1479/2392/273
f 1496/2393/81 1479/2392/273 1480/2365/81
f 1498/2362/575 1483/2394/576 1499/2395/576
f 1500/2396/577 1483/2394/576 1484/2397/577
f 1500/2396/577 1485/2398/578 1501/2399/578
f 1502/2400/579 1485/2398/578 1486/2401/579
f 1503/2402/580 1486/2401/579 1487/2403/580
f 1504/2404/581 1487/2403/580 1488/2405/581
f 1505/2406/582 1488/2405/581 1489/2407/582
f 1506/2408/568 1489/2407/582 1490/2348/568
f 1533/2409/583 1559/2410/584 1560/2411/584
f 1519/2412/585 1556/2413/585 1521/2414/585
f 1544/2415/585 1551/2416/585 1543/2417/585
f 1538/2418/586 1545/2419/586 1537/2420/586
f 1554/2421/587 1545/2422/587 1546/2423/587
f 1555/2424/587 1548/2425/587 1556/2426/358
f 1558/2427/587 1549/2428/587 1550/2429/587
f 1559/2410/587 1552/2430/587 1560/2431/358
f 1539/2432/81 1555/2424/81 1519/2412/81
f 1531/2433/34 1551/2434/34 1559/2410/34
f 1540/2435/588 1556/2413/588 1548/2436/588
f 1541/2437/589 1550/2438/589 1549/2439/589
f 1533/2409/590 1552/2440/590 1544/2415/590
f 1515/2441/589 1553/2442/589 1554/2443/589
f 1525/2444/586 1558/2445/586 1527/2446/586
f 1538/2418/591 1554/2443/591 1546/2447/591
f 1541/2448/276 1557/2449/276 1525/2444/276
f 1539/2450/584 1548/2436/584 1547/2451/584
f 1537/2452/283 1553/2442/283 1513/2453/283
f 1527/2446/592 1550/2438/592 1542/2454/592
f 1507/2347/567 1506/2408/568 1490/2348/568
f 1508/2350/569 1507/2347/567 1491/2349/567
f 1509/2352/570 1508/2350/569 1492/2351/569
f 1510/2354/571 1509/2352/570 1493/2353/570
f 1512/2356/572 1496/2363/572 1481/2357/573
f 1510/2354/571 1494/2355/571 1495/2359/574
f 1497/2358/573 1481/2357/573 1482/2361/575
f 1512/2356/572 1511/2360/574 1495/2359/574
f 1481/2364/287 1496/2393/81 1480/2365/81
f 1482/2367/285 1481/2364/287 1465/2366/287
f 1467/2369/284 1483/2371/284 1482/2367/285
f 1468/2370/283 1484/2373/283 1483/2371/284
f 1469/2372/282 1485/2455/282 1484/2373/283
f 1486/2374/281 1485/2455/282 1469/2372/282
f 1471/2376/280 1487/2378/280 1486/2374/281
f 1472/2377/34 1488/2380/34 1487/2378/280
f 1473/2379/279 1489/2456/279 1488/2380/34
f 1474/2381/278 1490/2457/278 1489/2382/279
f 1491/2384/277 1490/2457/278 1474/2381/278
f 1476/2386/276 1492/2388/276 1491/2384/277
f 1477/2387/275 1493/2458/275 1492/2388/276
f 1494/2389/274 1493/2458/275 1477/2387/275
f 1495/2391/273 1494/2389/274 1478/2390/274
f 1496/2393/81 1495/2391/273 1479/2392/273
f 1498/2362/575 1482/2361/575 1483/2394/576
f 1500/2396/577 1499/2395/576 1483/2394/576
f 1500/2396/577 1484/2397/577 1485/2398/578
f 1502/2400/579 1501/2399/578 1485/2398/578
f 1503/2402/580 1502/2400/579 1486/2401/579
f 1504/2404/581 1503/2402/580 1487/2403/580
f 1505/2406/582 1504/2404/581 1488/2405/581
f 1506/2408/568 1505/2406/582 1489/2407/582
f 1533/2409/583 1531/2433/583 1559/2410/584
f 1519/2412/585 1555/2424/585 1556/2413/585
f 1544/2415/585 1552/2440/585 1551/2416/585
f 1538/2418/586 1546/2447/586 1545/2419/586
f 1554/2421/587 1553/2442/587 1545/2422/587
f 1555/2424/587 1547/2459/587 1548/2425/587
f 1558/2427/587 1557/2449/587 1549/2428/587
f 1559/2410/587 1551/2434/587 1552/2430/587
f 1539/2432/81 1547/2459/81 1555/2424/81
f 1531/2433/34 1543/2460/34 1551/2434/34
f 1540/2435/588 1521/2414/588 1556/2413/588
f 1541/2437/589 1542/2454/589 1550/2438/589
f 1533/2409/590 1560/2411/590 1552/2440/590
f 1515/2441/589 1513/2453/589 1553/2442/589
f 1525/2444/586 1557/2449/586 1558/2445/586
f 1538/2418/591 1515/2441/591 1554/2443/591
f 1541/2448/276 1549/2428/276 1557/2449/276
f 1539/2450/584 1540/2435/584 1548/2436/584
f 1537/2452/283 1545/2422/283 1553/2442/283
f 1527/2446/593 1558/2445/593 1550/2438/593
f 148/2029/15 165/2461/519 169/2030/471
f 154/2032/1 159/2462/515 172/2033/472
f 156/2035/3 174/2166/525 160/2036/473
f 158/2038/5 168/2164/521 175/2039/474
f 89/2043/477 161/2048/594 160/2041/475
f 160/2041/475 174/2163/595 176/2042/476
f 176/2042/476 98/2463/596 89/2043/477
f 92/2046/480 164/2057/597 163/2044/478
f 163/2044/478 171/2162/478 173/2045/479
f 173/2045/479 96/2049/598 92/2046/480
f 96/2049/483 173/2045/599 172/2047/481
f 172/2047/481 159/2158/600 161/2048/482
f 161/2048/482 89/2043/601 96/2049/483
f 98/2052/486 176/2042/602 175/2050/484
f 175/2050/484 168/2161/603 170/2051/485
f 170/2051/485 97/2055/604 98/2052/486
f 97/2055/489 170/2051/605 169/2053/487
f 169/2053/487 165/2160/606 167/2054/488
f 167/2054/488 94/2058/607 97/2055/489
f 94/2058/492 167/2054/608 166/2056/490
f 166/2056/490 162/2159/609 164/2057/491
f 164/2057/491 92/2046/610 94/2058/492
f 2/2059/493 5/2096/494 23/2060/494
f 3/2062/495 18/2077/495 19/2063/496
f 1/2068/499 7/2072/500 17/2069/500
f 9/2071/501 16/2086/501 17/2069/500
f 3/2062/495 6/2092/504 22/2076/504
f 4/2081/506 8/2064/496 19/2063/496
f 4/2081/506 20/2082/506 21/2083/507
f 9/2071/501 10/2084/507 21/2083/507
f 2/2059/493 13/2061/493 22/2076/504
f 1/2095/499 11/2070/499 23/2060/494
f 27/2098/34 24/2101/35 18/2099/35
f 24/2101/336 29/2106/39 19/2102/39
f 20/2103/45 25/2464/45 30/2104/51
f 29/2106/39 25/2464/48 20/2103/48
f 17/2107/20 16/2110/19 15/2108/19
f 21/2105/51 30/2104/51 15/2108/52
f 12/2111/42 26/2115/46 23/2112/46
f 28/2109/20 12/2465/41 11/2114/41
f 26/2115/46 14/2117/512 13/2116/512
f 14/2117/36 27/2098/34 22/2100/34
f 186/2118/59 195/2170/59 198/2119/60
f 200/2123/34 197/2466/34 198/2467/34
f 198/2467/34 195/2468/34 196/2121/34
f 196/2121/34 193/2469/34 194/2470/34
f 194/2470/34 179/2471/34 180/2122/34
f 180/2122/34 177/2472/34 178/2473/34
f 178/2473/34 199/2474/34 200/2123/34
f 200/2123/34 198/2467/34 196/2121/34
f 196/2121/34 194/2470/34 180/2122/34
f 180/2122/34 178/2473/34 200/2123/34
f 188/2124/53 193/2475/53 196/2125/54
f 190/2127/55 179/2172/55 194/2128/56
f 182/2130/61 199/2476/61 178/2131/62
f 152/2133/7 171/2477/523 163/2134/513
f 94/2136/469 95/2148/469 87/2137/469
f 95/2141/65 93/2478/65 91/2139/65
f 91/2139/65 90/2479/65 88/2140/65
f 88/2140/65 87/2480/65 95/2141/65
f 96/2142/468 91/2149/468 93/2143/468
f 98/2145/81 88/2481/81 90/2146/81
f 92/2144/34 93/2143/34 95/2148/34
f 89/2147/467 90/2146/467 91/2149/467
f 98/2150/470 97/2138/470 87/2137/470
f 150/2152/17 162/2482/517 166/2153/514
f 184/2155/63 197/2483/63 200/2156/64
f 158/2038/5 157/2031/16 169/2030/471
f 156/2035/3 155/2484/6 175/2165/474
f 160/2036/473 159/2462/515 154/2032/1
f 163/2134/513 162/2482/517 150/2152/17
f 166/2153/514 165/2461/519 148/2029/15
f 172/2033/472 171/2477/523 152/2133/7
f 194/2128/56 193/2475/53 188/2124/53
f 198/2119/60 197/2483/63 184/2155/63
f 200/2156/64 199/2485/61 182/2167/61
f 192/2168/57 191/2132/62 178/2131/62
f 185/2126/54 196/2125/54 195/2170/59
f 190/2127/55 189/2173/58 180/2171/58
f 189/2173/58 192/2168/57 177/2169/57
f 497/2200/137 495/2486/137 496/2487/137
f 496/2487/137 506/2488/137 505/2198/137
f 505/2198/137 504/2489/137 503/2490/137
f 503/2490/137 502/2491/137 501/2199/137
f 501/2199/137 500/2492/137 499/2493/137
f 499/2493/137 498/2494/137 497/2200/137
f 497/2200/137 496/2487/137 505/2198/137
f 505/2198/137 503/2490/137 501/2199/137
f 501/2199/137 499/2493/137 497/2200/137
f 1044/2249/545 1041/2253/555 1042/2250/546
f 1048/2252/65 1047/2263/65 1041/2253/65
f 1054/2254/548 1060/2279/564 1061/2255/564
f 1045/2257/81 1048/2252/81 1044/2249/81
f 1039/2259/81 1048/2252/81 1045/2257/81
f 1040/2261/34 1037/2277/34 1046/2262/34
f 1039/2259/65 1040/2261/65 1047/2263/65
f 1047/2263/65 1050/2273/65 1051/2270/65
f 1041/2253/555 1051/2270/557 1052/2271/551
f 1046/2272/556 1049/2495/553 1050/2273/556
f 1057/2269/558 1062/2268/559 1059/2276/559
f 1037/2277/560 1040/2261/611 1039/2259/561
f 1055/2266/563 1058/2281/563 1057/2269/563
f 1062/2268/559 1061/2255/564 1060/2279/564
f 1055/2266/565 1051/2270/565 1050/2273/565
f 1164/2286/81 1165/2290/81 1161/2287/81
f 1171/2289/68 1168/2295/68 1165/2290/68
f 1158/2291/34 1159/2496/34 1169/2292/34
f 1171/2289/65 1164/2286/65 1160/2294/65
f 1160/2294/65 1158/2497/65 1170/2293/65
f 1168/2295/70 1169/2292/70 1159/2296/70
f 1159/2296/70 1161/2498/70 1165/2290/70
f 1174/2297/70 1175/2307/70 1167/2298/70
f 1169/2292/68 1168/2295/68 1166/2300/68
f 1170/2293/68 1169/2292/68 1163/2301/68
f 1171/2289/68 1170/2293/68 1162/2302/68
f 1168/2295/68 1171/2289/68 1167/2303/68
f 1172/2304/65 1173/2310/65 1163/2305/65
f 1175/2307/34 1172/2304/34 1166/2308/34
f 1173/2310/81 1174/2297/81 1162/2311/81
f 1246/2313/34 1238/877/34 1298/2314/34
f 1240/879/81 1244/883/81 1294/2316/81
f 1243/882/68 1247/886/68 1296/2318/68
f 1232/2320/8 1299/2332/8 1300/2321/8
f 1291/2317/6 1292/2325/6 1241/880/6
f 1293/2319/1 1294/2316/1 1244/883/1
f 1295/2323/8 1296/2318/8 1247/886/8
f 1238/877/15 1237/876/15 1297/2324/15
f 1237/876/137 1241/880/137 1292/2325/137
f 1305/2328/70 1300/2321/70 1299/2332/70
f 1299/2332/70 1302/2338/70 1301/2326/70
f 1301/2326/70 1304/2345/70 1303/2327/70
f 1303/2327/70 1306/2335/70 1305/2328/70
f 1305/2328/70 1299/2332/70 1301/2326/70
f 1229/2329/81 1306/2335/81 1303/2327/81
f 1235/2331/34 1302/2338/34 1299/2332/34
f 1230/2334/1 1305/2328/1 1306/2335/1
f 1236/2337/15 1301/2326/15 1302/2338/15
f 1233/2340/137 1304/2345/137 1301/2326/137
f 1231/2342/68 1300/2321/68 1305/2328/68
f 1234/2344/6 1303/2327/6 1304/2345/6
f 1314/944/230 1313/943/230 1311/942/230
usemtl SpacialRoverExploreralumOrange
f 478/2499/81 510/2500/81 477/2501/81
f 481/2502/612 521/2503/612 516/2504/612
f 514/2505/34 476/2506/34 475/2507/34
f 510/2500/65 511/2508/65 475/2509/65
f 478/2510/70 513/2511/70 512/2512/70
f 508/2513/137 517/2514/137 507/2515/137
f 481/2516/137 509/2517/137 482/2518/137
f 516/2519/137 511/2508/137 510/2500/137
f 518/2520/137 512/2512/137 513/2511/137
f 480/2521/137 514/2505/137 479/2522/137
f 517/2514/137 514/2505/137 511/2508/137
f 515/2523/137 509/2517/137 512/2512/137
f 519/2524/137 521/2503/137 520/2525/137
f 515/2523/137 507/2515/137 516/2519/137
f 515/2526/613 519/2524/613 482/2527/613
f 522/2528/137 524/2529/137 526/2530/137
f 517/2531/614 522/2528/614 526/2530/614
f 517/2532/612 524/2529/612 479/2533/612
f 480/2534/613 522/2528/613 518/2535/613
f 481/2536/614 519/2524/614 520/2525/614
f 516/2537/615 525/2538/615 515/2539/615
f 479/2540/615 523/2541/615 480/2542/615
f 614/2543/168 615/2544/168 613/2545/168
f 616/2546/68 617/2547/68 615/2544/68
f 618/2548/169 619/2549/169 617/2547/169
f 620/2550/171 621/2551/171 619/2549/171
f 614/2552/34 622/2553/34 618/2554/34
f 622/2555/137 623/2556/137 621/2551/137
f 624/2557/170 613/2545/170 623/2558/170
f 614/2543/168 616/2546/168 615/2544/168
f 616/2546/68 618/2548/68 617/2547/68
f 618/2548/169 620/2550/169 619/2549/169
f 620/2550/171 622/2555/171 621/2551/171
f 618/2554/34 616/2559/34 614/2552/34
f 614/2552/34 624/2560/34 622/2553/34
f 622/2553/34 620/2561/34 618/2554/34
f 622/2555/137 624/2562/137 623/2556/137
f 624/2557/170 614/2543/170 613/2545/170
f 1273/2563/81 1288/2564/81 1275/2565/81
f 1280/2566/34 1286/2567/34 1269/2568/34
f 1270/2569/68 1284/2570/68 1272/2571/68
f 1288/2572/70 1284/2570/70 1286/2573/70
f 1276/2574/137 1290/2575/137 1279/2576/137
f 1269/2568/616 1270/2569/616 1271/2577/616
f 1272/2578/617 1273/2563/617 1274/2579/617
f 1276/2574/618 1278/2580/618 1275/2565/619
f 1279/2576/84 1281/2581/84 1282/2582/616
f 1290/2575/15 1280/2566/15 1279/2576/15
f 1270/2569/8 1286/2567/8 1285/2583/8
f 1284/2584/1 1273/2563/1 1272/2578/1
f 1276/2574/6 1288/2564/6 1287/2585/6
f 1328/2586/620 1318/2587/620 1315/2588/620
f 1325/2589/621 1327/2590/622 1324/2591/622
f 1321/2592/623 1323/2593/623 1320/2594/623
f 1318/2595/58 1330/2596/58 1326/2597/58
f 1317/2598/624 1319/2599/624 1316/2600/624
f 1318/2587/625 1316/2601/625 1315/2588/625
f 1321/2592/626 1319/2599/626 1322/2602/626
f 1324/2591/627 1326/2603/627 1325/2589/627
f 1328/2586/628 1330/2604/628 1329/2605/628
f 1463/2606/183 1433/2607/184 1462/2608/183
f 1443/2609/177 1445/2610/178 1442/2611/177
f 1447/2612/173 1449/2613/174 1446/2614/173
f 1451/2615/181 1453/2616/182 1450/2617/181
f 1455/2618/185 1457/2619/186 1454/2620/185
f 1459/2621/179 1461/2622/180 1458/2623/179
f 1439/2624/175 1441/2625/176 1438/2626/175
f 1460/2627/65 1452/2628/65 1444/2629/65
f 1435/2630/187 1437/2631/188 1434/2632/187
f 1436/2633/184 1434/2632/187 1433/2634/184
f 1438/2626/175 1440/2635/188 1439/2624/175
f 1442/2611/177 1444/2636/176 1443/2609/177
f 1446/2614/173 1448/2637/178 1447/2612/173
f 1450/2617/181 1452/2638/174 1451/2615/181
f 1454/2620/185 1456/2639/182 1455/2618/185
f 1458/2623/179 1460/2640/186 1459/2621/179
f 1462/2608/183 1464/2641/180 1463/2606/183
f 478/2499/81 509/2517/81 510/2500/81
f 481/2502/612 520/2525/612 521/2503/612
f 514/2505/34 513/2511/34 476/2506/34
f 475/2509/65 477/2642/65 510/2500/65
f 511/2508/65 514/2505/65 475/2509/65
f 512/2512/70 509/2517/70 478/2510/70
f 478/2510/70 476/2643/70 513/2511/70
f 508/2513/137 518/2520/137 517/2514/137
f 481/2516/137 510/2500/137 509/2517/137
f 510/2500/137 481/2516/137 516/2519/137
f 516/2519/137 507/2515/137 511/2508/137
f 513/2511/137 480/2521/137 518/2520/137
f 518/2520/137 508/2513/137 512/2512/137
f 480/2521/137 513/2511/137 514/2505/137
f 511/2508/137 507/2515/137 517/2514/137
f 517/2514/137 479/2522/137 514/2505/137
f 512/2512/137 508/2513/137 515/2523/137
f 515/2523/137 482/2518/137 509/2517/137
f 519/2524/137 525/2538/137 521/2503/137
f 515/2523/137 508/2513/137 507/2515/137
f 515/2526/613 525/2538/613 519/2524/613
f 522/2528/137 523/2541/137 524/2529/137
f 517/2531/614 518/2644/614 522/2528/614
f 517/2532/612 526/2530/612 524/2529/612
f 480/2534/613 523/2541/613 522/2528/613
f 481/2536/614 482/2645/614 519/2524/614
f 516/2537/615 521/2503/615 525/2538/615
f 479/2540/615 524/2529/615 523/2541/615
f 1273/2563/81 1283/2646/81 1288/2564/81
f 1280/2566/34 1289/2647/34 1286/2567/34
f 1270/2569/68 1285/2583/68 1284/2570/68
f 1286/2573/70 1289/2648/70 1290/2649/70
f 1290/2649/70 1287/2650/70 1288/2572/70
f 1288/2572/70 1283/2651/70 1284/2570/70
f 1284/2570/70 1285/2583/70 1286/2573/70
f 1286/2573/70 1290/2649/70 1288/2572/70
f 1276/2574/137 1287/2585/137 1290/2575/137
f 1276/2574/629 1277/2652/617 1278/2580/629
f 1279/2576/84 1280/2566/630 1281/2581/84
f 1290/2575/15 1289/2647/15 1280/2566/15
f 1270/2569/8 1269/2568/8 1286/2567/8
f 1284/2584/1 1283/2646/1 1273/2563/1
f 1276/2574/6 1275/2565/6 1288/2564/6
f 1328/2586/620 1329/2605/620 1318/2587/620
f 1325/2589/621 1330/2604/621 1327/2590/622
f 1321/2592/623 1326/2603/623 1323/2593/623
f 1326/2597/58 1321/2653/58 1322/2654/58
f 1322/2654/58 1317/2655/58 1318/2595/58
f 1318/2595/58 1329/2656/58 1330/2596/58
f 1330/2596/58 1325/2657/58 1326/2597/58
f 1326/2597/58 1322/2654/58 1318/2595/58
f 1317/2598/624 1322/2602/624 1319/2599/624
f 1318/2587/625 1317/2658/625 1316/2601/625
f 1321/2592/626 1320/2594/626 1319/2599/626
f 1324/2591/627 1323/2593/627 1326/2603/627
f 1328/2586/628 1327/2590/628 1330/2604/628
f 1463/2606/183 1436/2659/184 1433/2607/184
f 1443/2609/177 1448/2637/178 1445/2610/178
f 1447/2612/173 1452/2638/174 1449/2613/174
f 1451/2615/181 1456/2639/182 1453/2616/182
f 1455/2618/185 1460/2640/186 1457/2619/186
f 1459/2621/179 1464/2641/180 1461/2622/180
f 1439/2624/175 1444/2636/176 1441/2625/176
f 1444/2629/65 1439/2660/65 1440/2661/65
f 1440/2661/65 1435/2662/65 1436/2663/65
f 1436/2663/65 1463/2664/65 1464/2665/65
f 1464/2665/65 1459/2666/65 1460/2627/65
f 1460/2627/65 1455/2667/65 1456/2668/65
f 1456/2668/65 1451/2669/65 1452/2628/65
f 1452/2628/65 1447/2670/65 1448/2671/65
f 1448/2671/65 1443/2672/65 1444/2629/65
f 1444/2629/65 1440/2661/65 1436/2663/65
f 1436/2663/65 1464/2665/65 1460/2627/65
f 1460/2627/65 1456/2668/65 1452/2628/65
f 1452/2628/65 1448/2671/65 1444/2629/65
f 1444/2629/65 1436/2663/65 1460/2627/65
f 1435/2630/187 1440/2635/188 1437/2631/188
f 1436/2633/184 1435/2630/187 1434/2632/187
f 1438/2626/175 1437/2631/188 1440/2635/188
f 1442/2611/177 1441/2625/176 1444/2636/176
f 1446/2614/173 1445/2610/178 1448/2637/178
f 1450/2617/181 1449/2613/174 1452/2638/174
f 1454/2620/185 1453/2616/182 1456/2639/182
f 1458/2623/179 1457/2619/186 1460/2640/186
f 1462/2608/183 1461/2622/180 1464/2641/180
usemtl SpacialRoverExploreralumGrayDeep
f 649/2673/65 673/2674/65 662/2675/65
f 674/2676/68 663/2677/68 662/2678/68
f 654/2679/34 644/2680/34 639/2681/34
f 650/2682/137 645/2683/137 649/2684/137
f 650/2682/81 642/2685/81 638/2686/81
f 660/2687/68 656/2688/68 639/2689/68
f 666/2690/81 640/2691/81 641/2692/81
f 665/2693/65 653/2694/65 658/2695/65
f 670/2696/137 666/2690/137 644/2697/137
f 658/2695/631 667/2698/631 665/2693/631
f 667/2698/85 659/2699/85 668/2700/85
f 668/2700/632 657/2701/632 666/2690/632
f 646/2702/633 675/2703/633 673/2674/633
f 648/2704/78 676/2705/78 675/2703/78
f 647/2706/634 674/2707/634 676/2705/634
f 662/2675/631 651/2708/631 649/2673/631
f 664/2709/85 652/2710/85 651/2708/85
f 663/2711/632 650/2682/632 652/2710/632
f 670/2712/633 655/2713/633 653/2694/633
f 672/2714/78 656/2715/78 655/2713/78
f 671/2716/634 654/2679/634 656/2715/634
f 674/2707/34 637/2717/34 643/2718/34
f 678/2719/68 685/2720/68 677/2721/68
f 680/2722/34 686/2723/34 678/2719/34
f 679/2724/137 687/2725/137 680/2722/137
f 677/2721/81 688/2726/81 679/2724/81
f 677/2721/65 680/2722/65 678/2719/65
f 691/2727/34 682/2728/34 683/2729/34
f 685/2730/70 682/2731/70 681/2732/70
f 682/2731/70 687/2733/70 683/2734/70
f 687/2733/70 684/2735/70 683/2734/70
f 688/2736/70 681/2732/70 684/2735/70
f 690/2737/70 692/2738/70 689/2739/70
f 692/2740/137 683/2741/137 684/2742/137
f 690/2737/68 681/2743/68 682/2728/68
f 689/2739/81 684/2742/81 681/2743/81
f 638/2686/137 637/2744/137 645/2683/137
f 645/2683/137 647/2745/137 648/2746/137
f 648/2746/137 646/2747/137 645/2683/137
f 646/2747/137 649/2684/137 645/2683/137
f 649/2684/137 651/2748/137 652/2749/137
f 652/2749/137 650/2682/137 649/2684/137
f 650/2682/137 638/2686/137 645/2683/137
f 648/2704/78 647/2706/78 676/2705/78
f 647/2706/634 645/2750/634 674/2707/634
f 674/2707/34 645/2750/34 637/2717/34
f 680/2722/34 687/2733/34 686/2723/34
f 679/2724/137 688/2751/137 687/2725/137
f 677/2721/65 679/2724/65 680/2722/65
f 723/2752/183 693/2753/184 708/2754/183
f 713/2755/177 699/2756/178 698/2757/177
f 715/2758/173 701/2759/174 700/2760/173
f 717/2761/181 703/2762/182 702/2763/181
f 719/2764/185 705/2765/186 704/2766/185
f 721/2767/179 707/2768/180 706/2769/179
f 709/2770/175 697/2771/176 696/2772/175
f 711/2773/187 695/2774/188 694/2775/187
f 724/2776/65 721/2777/65 770/2778/65
f 757/2779/65 723/2780/65 772/2781/65
f 758/2782/65 759/2783/65 710/2784/65
f 712/2785/184 694/2775/187 693/2753/184
f 696/2786/175 710/2787/188 709/2788/175
f 698/2757/177 714/2789/176 713/2755/177
f 700/2760/173 716/2790/178 715/2758/173
f 702/2763/181 718/2791/174 717/2761/181
f 704/2766/185 720/2792/182 719/2764/185
f 706/2769/179 722/2793/186 721/2767/179
f 708/2754/183 724/2794/180 723/2752/183
f 709/2795/65 760/2796/65 761/2797/65
f 710/2784/65 711/2798/65 758/2782/65
f 759/2783/65 760/2796/65 710/2784/65
f 720/2799/65 766/2800/65 767/2801/65
f 765/2802/65 766/2800/65 718/2803/65
f 723/2780/65 757/2779/65 712/2804/65
f 716/2805/65 713/2806/65 762/2807/65
f 719/2808/65 768/2809/65 769/2810/65
f 771/2811/65 772/2781/65 723/2780/65
f 714/2812/65 709/2795/65 761/2797/65
f 771/2811/65 724/2776/65 770/2778/65
f 722/2813/65 770/2778/65 721/2777/65
f 761/2797/65 713/2806/65 714/2812/65
f 762/2807/65 713/2806/65 761/2797/65
f 722/2813/65 769/2810/65 770/2778/65
f 763/2814/65 716/2805/65 762/2807/65
f 722/2813/65 719/2808/65 769/2810/65
f 720/2799/65 767/2801/65 768/2809/65
f 758/2782/65 711/2798/65 712/2804/65
f 764/2815/65 715/2816/65 763/2814/65
f 719/2808/65 720/2799/65 768/2809/65
f 760/2796/65 709/2795/65 710/2784/65
f 765/2802/65 715/2816/65 764/2815/65
f 724/2776/65 771/2811/65 723/2780/65
f 720/2799/65 717/2817/65 766/2800/65
f 766/2800/65 717/2817/65 718/2803/65
f 715/2816/65 716/2805/65 763/2814/65
f 715/2816/65 765/2802/65 718/2803/65
f 757/2779/65 758/2782/65 712/2804/65
f 1267/2818/81 1104/2819/81 1102/2820/81
f 1101/2821/137 1106/2822/137 1108/2823/137
f 1266/2824/34 1101/2825/34 1103/2826/34
f 1268/2827/635 1115/2828/635 1105/2829/635
f 1106/2830/74 1117/2831/65 1108/2832/65
f 1108/2832/65 1112/2833/76 1109/2834/76
f 1109/2834/76 1113/2835/78 1111/2836/78
f 1111/2836/78 1114/2837/636 1110/2838/636
f 1107/2839/85 1115/2828/637 1116/2840/85
f 1107/2839/85 1118/2841/74 1106/2830/74
f 1174/2297/68 1172/2304/68 1175/2307/68
f 1104/2842/68 1112/2843/68 1117/2844/68
f 1265/2845/638 1110/2838/638 1114/2837/638
f 1608/2846/309 1617/2847/639 1607/2848/310
f 1571/2849/304 1614/2850/304 1600/2851/304
f 1607/2848/305 1625/2852/305 1585/2853/305
f 1603/2854/308 1616/2855/321 1615/2856/321
f 1620/2857/60 1611/2858/60 1612/2859/60
f 1621/2860/60 1614/2861/60 1622/2862/60
f 1623/2863/60 1616/2855/60 1624/2864/60
f 1625/2865/60 1618/2866/60 1626/2867/60
f 1587/2868/290 1618/2869/290 1608/2870/290
f 1561/2871/321 1620/2872/321 1563/2873/321
f 1579/2874/324 1623/2875/324 1624/2876/324
f 1596/2877/295 1620/2872/295 1612/2878/295
f 1603/2854/293 1623/2875/293 1577/2879/293
f 1561/2871/306 1611/2858/306 1619/2880/306
f 1579/2874/307 1616/2881/307 1604/2882/307
f 1571/2849/639 1621/2883/639 1622/2884/639
f 1595/2885/313 1612/2859/324 1611/2858/324
f 1587/2868/320 1625/2852/320 1626/2886/320
f 1600/2887/314 1613/2888/320 1599/2889/294
f 1569/2890/289 1613/2888/289 1621/2883/289
f 1667/2891/324 1658/2892/324 1645/2893/324
f 1627/2894/58 1635/2895/58 1658/2896/58
f 1650/2897/60 1644/2898/60 1657/2899/60
f 1662/2900/640 1660/2901/640 1661/2902/640
f 1652/2903/303 1659/2904/639 1636/2905/303
f 1658/2892/641 1661/2902/641 1657/2906/641
f 1657/2899/58 1660/2907/58 1652/2908/58
f 1658/2896/60 1659/2909/60 1662/2910/60
f 649/2673/65 646/2702/65 673/2674/65
f 662/2678/68 673/2911/68 675/2912/68
f 675/2912/68 676/2913/68 674/2676/68
f 674/2676/68 643/2914/68 642/2685/68
f 642/2685/68 661/2915/68 663/2677/68
f 663/2677/68 664/2916/68 662/2678/68
f 662/2678/68 675/2912/68 674/2676/68
f 674/2676/68 642/2685/68 663/2677/68
f 654/2679/34 669/2917/34 644/2680/34
f 650/2682/81 661/2915/81 642/2685/81
f 639/2689/68 640/2691/68 657/2701/68
f 657/2701/68 659/2918/68 660/2687/68
f 660/2687/68 658/2919/68 653/2920/68
f 653/2920/68 655/2921/68 656/2688/68
f 656/2688/68 654/2922/68 639/2689/68
f 639/2689/68 657/2701/68 660/2687/68
f 660/2687/68 653/2920/68 656/2688/68
f 666/2690/81 657/2701/81 640/2691/81
f 665/2693/65 670/2712/65 653/2694/65
f 644/2697/137 669/2923/137 671/2924/137
f 671/2924/137 672/2925/137 670/2696/137
f 670/2696/137 665/2926/137 667/2927/137
f 667/2927/137 668/2928/137 666/2690/137
f 666/2690/137 641/2692/137 644/2697/137
f 644/2697/137 671/2924/137 670/2696/137
f 670/2696/137 667/2927/137 666/2690/137
f 658/2695/631 660/2929/631 667/2698/631
f 667/2698/85 660/2929/85 659/2699/85
f 668/2700/632 659/2699/632 657/2701/632
f 646/2702/633 648/2704/633 675/2703/633
f 662/2675/631 664/2709/631 651/2708/631
f 664/2709/85 663/2711/85 652/2710/85
f 663/2711/632 661/2915/632 650/2682/632
f 670/2712/633 672/2714/633 655/2713/633
f 672/2714/78 671/2716/78 656/2715/78
f 671/2716/634 669/2917/642 654/2679/634
f 678/2719/68 686/2930/68 685/2720/68
f 677/2721/81 685/2931/81 688/2726/81
f 691/2727/34 690/2737/34 682/2728/34
f 685/2730/70 686/2723/70 682/2731/70
f 682/2731/70 686/2723/70 687/2733/70
f 687/2733/70 688/2736/70 684/2735/70
f 688/2736/70 685/2730/70 681/2732/70
f 690/2737/70 691/2932/70 692/2738/70
f 692/2740/137 691/2933/137 683/2741/137
f 690/2737/68 689/2739/68 681/2743/68
f 689/2739/81 692/2740/81 684/2742/81
f 723/2752/183 712/2785/184 693/2753/184
f 713/2755/177 716/2790/178 699/2756/178
f 715/2758/173 718/2791/174 701/2759/174
f 717/2761/181 720/2792/182 703/2762/182
f 719/2764/185 722/2793/186 705/2765/186
f 721/2767/179 724/2794/180 707/2768/180
f 709/2770/175 714/2789/176 697/2771/176
f 711/2773/187 710/2787/188 695/2774/188
f 712/2785/184 711/2773/187 694/2775/187
f 696/2786/175 695/2774/188 710/2787/188
f 698/2757/177 697/2771/176 714/2789/176
f 700/2760/173 699/2756/178 716/2790/178
f 702/2763/181 701/2759/174 718/2791/174
f 704/2766/185 703/2762/182 720/2792/182
f 706/2769/179 705/2765/186 722/2793/186
f 708/2754/183 707/2768/180 724/2794/180
f 1267/2818/81 1265/2845/81 1104/2819/81
f 1111/2934/137 1110/2935/137 1267/2936/137
f 1267/2936/137 1102/2937/137 1101/2821/137
f 1101/2821/137 1268/2938/137 1105/2939/137
f 1101/2821/137 1105/2939/137 1107/2940/137
f 1109/2941/137 1111/2934/137 1267/2936/137
f 1109/2941/137 1267/2936/137 1101/2821/137
f 1101/2821/137 1107/2940/137 1106/2822/137
f 1108/2823/137 1109/2941/137 1101/2821/137
f 1266/2824/34 1268/2827/34 1101/2825/34
f 1268/2827/635 1266/2824/635 1115/2828/635
f 1106/2830/74 1118/2841/74 1117/2831/65
f 1108/2832/65 1117/2831/65 1112/2833/76
f 1109/2834/76 1112/2833/76 1113/2835/78
f 1111/2836/78 1113/2835/78 1114/2837/636
f 1107/2839/85 1105/2829/637 1115/2828/637
f 1107/2839/85 1116/2840/85 1118/2841/74
f 1174/2297/68 1173/2310/68 1172/2304/68
f 1116/2942/68 1115/2943/68 1266/2944/68
f 1266/2944/68 1103/2945/68 1104/2842/68
f 1104/2842/68 1265/2946/68 1114/2947/68
f 1104/2842/68 1114/2947/68 1113/2948/68
f 1118/2949/68 1116/2942/68 1266/2944/68
f 1118/2949/68 1266/2944/68 1104/2842/68
f 1104/2842/68 1113/2948/68 1112/2843/68
f 1117/2844/68 1118/2949/68 1104/2842/68
f 1265/2845/638 1267/2818/638 1110/2838/638
f 1608/2846/309 1618/2866/639 1617/2847/639
f 1571/2849/304 1622/2884/304 1614/2850/304
f 1607/2848/305 1617/2847/305 1625/2852/305
f 1603/2854/308 1604/2950/311 1616/2855/321
f 1620/2857/60 1619/2951/60 1611/2858/60
f 1621/2860/60 1613/2888/60 1614/2861/60
f 1623/2863/60 1615/2856/60 1616/2855/60
f 1625/2865/60 1617/2847/60 1618/2866/60
f 1587/2868/290 1626/2886/290 1618/2869/290
f 1561/2871/321 1619/2880/321 1620/2872/321
f 1579/2874/324 1577/2879/324 1623/2875/324
f 1596/2877/295 1563/2873/295 1620/2872/295
f 1603/2854/293 1615/2856/293 1623/2875/293
f 1561/2871/306 1595/2885/306 1611/2858/306
f 1579/2874/307 1624/2876/307 1616/2881/307
f 1571/2849/639 1569/2890/639 1621/2883/639
f 1595/2885/313 1596/2952/312 1612/2859/324
f 1587/2868/320 1585/2853/320 1625/2852/320
f 1600/2887/314 1614/2861/320 1613/2888/320
f 1569/2890/289 1599/2889/289 1613/2888/289
f 1667/2891/324 1629/2953/324 1658/2892/324
f 1658/2892/324 1657/2906/324 1645/2893/324
f 1645/2893/643 1669/2954/644 1667/2891/58
f 1629/2955/58 1628/2956/58 1627/2894/58
f 1627/2894/58 1593/2957/58 1594/2958/58
f 1594/2958/58 1634/2959/58 1635/2895/58
f 1635/2895/58 1636/2960/58 1658/2896/58
f 1658/2896/58 1629/2955/58 1627/2894/58
f 1627/2894/58 1594/2958/58 1635/2895/58
f 1652/2908/60 1651/2961/60 1650/2897/60
f 1650/2897/60 1641/2962/60 1642/2963/60
f 1642/2963/60 1643/2964/60 1644/2898/60
f 1644/2898/60 1645/2965/60 1657/2899/60
f 1657/2899/60 1652/2908/60 1650/2897/60
f 1650/2897/60 1642/2963/60 1644/2898/60
f 1662/2900/640 1659/2904/640 1660/2901/640
f 1652/2903/303 1660/2901/639 1659/2904/639
f 1658/2892/641 1662/2900/641 1661/2902/641
f 1657/2899/58 1661/2966/58 1660/2907/58
f 1658/2896/60 1636/2960/60 1659/2909/60
