mtllib Holocron.mtl
o HolocronEsquina8
usemtl Holocron_Main.001
v 2.911406 4.974063 3.966903
v 4.063074 4.996598 2.738593
v 3.353941 4.980426 3.591178
v 3.744215 4.988182 3.169972
v 4.347422 5.007061 2.229593
v 2.353395 4.968888 4.321461
v 2.908369 5.085841 3.965548
v 4.060038 5.108375 2.737237
v 3.350904 5.092202 3.589823
v 3.741178 5.099957 3.168616
v 4.344381 5.118836 2.228238
v 2.350363 5.080664 4.320106
v 2.140154 5.029038 4.194342
v 2.767176 5.034498 3.810910
v 3.209940 5.040854 3.435435
v 3.052595 5.025408 4.121542
v 2.563604 5.020512 4.447224
v 4.463926 5.057311 2.436525
v 4.204332 5.047938 2.893303
v 3.494902 5.031775 3.745566
v 2.001749 5.016539 4.752287
v 3.918779 5.057034 2.582527
v 4.227873 5.068583 2.021307
v 3.599997 5.048614 3.013987
v 4.689524 5.067951 1.935052
v 3.885401 5.039525 3.324601
v 4.895563 5.176108 0.598156
v 4.899599 5.080685 4.998431
v 0.500753 5.102394 4.992151
v 4.899286 4.834591 5.234720
v 4.884054 0.444188 5.127723
v 0.491770 4.860902 5.223192
v 5.137697 4.839452 4.995492
v 5.136026 4.940667 0.585630
v 5.133699 0.504453 4.886360
v 4.989729 3.893472 2.906021
v 4.995657 2.662083 4.054609
v 4.992529 3.516590 3.347608
v 4.994513 3.094339 3.736830
v 4.995996 2.152272 4.337683
v 4.985548 4.249453 2.348914
v 5.101347 3.888858 2.901096
v 5.107279 2.657470 4.049683
v 5.104151 3.511975 3.342683
v 5.106131 3.089724 3.731904
v 5.107618 2.147656 4.332759
v 5.097174 4.244841 2.343989
v 5.038362 4.121178 2.134424
v 5.043138 3.736147 2.760472
v 5.045938 3.359517 3.202290
v 5.047937 4.046182 3.046646
v 5.044359 4.373117 2.558479
v 5.054235 2.357346 4.453755
v 5.053869 2.814866 4.195299
v 5.050734 3.669049 3.488004
v 5.039869 4.679604 1.997401
v 5.049067 2.504690 3.908993
v 5.049379 1.942582 4.216687
v 5.047918 2.937024 3.591288
v 5.053984 1.855203 4.678103
v 5.052721 3.247041 3.877445
v 3.902456 2.754761 5.085897
v 2.717375 3.951045 5.095526
v 3.542826 3.210331 5.098933
v 3.136297 3.615937 5.101713
v 2.209967 4.258801 5.081330
v 4.237352 2.185401 5.057900
v 3.887053 2.739193 5.195556
v 2.701971 3.935475 5.205187
v 3.527422 3.194764 5.208594
v 3.120893 3.600370 5.211375
v 2.194563 4.243233 5.190991
v 4.221949 2.169834 5.167560
v 4.097143 1.972719 5.076798
v 3.735723 2.611857 5.109710
v 3.376352 3.067644 5.122795
v 4.053781 2.882096 5.171745
v 4.362154 2.382518 5.148661
v 2.422705 4.363125 5.166239
v 2.868776 4.078442 5.181388
v 3.693899 3.337450 5.184729
v 4.647699 1.811446 5.115434
v 2.550570 3.808077 5.119324
v 1.981825 4.138909 5.106083
v 2.969572 3.473042 5.125530
v 3.287615 3.743266 5.187560
v 3.557203 4.984179 3.383733
v 3.137823 4.977048 3.786061
v 3.912367 4.992310 2.955499
v 4.201967 5.001259 2.508989
v 4.515058 5.014588 1.871703
v 2.666571 4.971423 4.137935
v 1.932302 4.966232 4.536557
v 3.554167 5.095957 3.382377
v 3.134787 5.088824 3.784705
v 3.909327 5.104086 2.954143
v 4.198931 5.113034 2.507633
v 4.512022 5.126363 1.870347
v 2.663534 5.083200 4.136579
v 1.929266 5.078009 4.535201
v 2.513658 5.031825 3.985489
v 2.993738 5.037476 3.630223
v 2.816446 5.022799 4.289026
v 4.340132 5.052461 2.670226
v 3.278872 5.028394 3.940544
v 1.445330 5.019376 4.770633
v 4.060766 5.061831 2.346395
v 3.413122 5.044612 3.227900
v 1.572565 5.025777 4.470973
v 4.695246 5.079028 1.466337
v 2.289000 5.018464 4.600785
v 4.578974 5.062526 2.189604
v 3.768080 5.052745 2.799444
v 4.448111 5.078423 1.552446
v 3.698248 5.035527 3.538210
v 4.053614 5.043649 3.110199
v 5.088606 4.650077 2.907065
v 2.803179 2.774136 5.133888
v 2.824797 5.052081 4.754377
v 3.427000 3.417211 3.483820
v 4.897581 5.128396 2.798295
v 2.700178 5.091540 4.995290
v 2.698156 5.139249 2.795153
v 4.891672 2.639390 5.181222
v 2.695528 4.847748 5.228956
v 2.687910 2.652547 5.175459
v 5.136862 4.890057 2.790561
v 5.135698 2.671950 4.940925
v 5.134863 2.722559 2.735994
v 5.033808 3.411235 3.492306
v 3.434545 5.031157 3.531072
v 3.421991 3.382943 5.103668
v 2.822466 5.093064 2.920645
v 4.646830 2.760265 5.137299
v 5.082560 2.796965 4.705530
v 4.657446 5.081525 2.921436
v 2.815882 4.611104 5.177724
v 5.082594 2.840956 2.862163
v 4.993624 3.308604 3.550353
v 4.991220 3.712039 3.131983
v 4.995184 2.879409 3.904442
v 4.995932 2.432090 4.192928
v 4.995863 1.793887 4.504433
v 4.987978 4.065133 2.661620
v 4.982115 4.465614 1.928368
v 5.105246 3.303989 3.545429
v 5.102842 3.707425 3.127057
v 5.106810 2.874794 3.899515
v 5.107553 2.427474 4.188001
v 5.107485 1.789270 4.499509
v 5.099600 4.060519 2.656695
v 5.093737 4.460999 1.923443
v 5.041311 3.911380 2.507395
v 5.044634 3.554871 2.986576
v 5.046267 4.214274 2.810919
v 5.054144 2.591408 4.330540
v 5.049429 3.864594 3.272464
v 5.033892 4.699283 1.441055
v 5.049334 2.268156 4.050389
v 5.047037 3.151440 3.404951
v 5.033659 4.399237 1.567543
v 5.051432 1.386350 4.682668
v 5.042189 4.527375 2.284268
v 5.054152 2.110085 4.568187
v 5.048593 2.722023 3.758834
v 5.049192 1.473071 4.435755
v 5.051832 3.461154 3.690830
v 5.053400 3.032179 4.045122
v 3.342962 3.421074 5.101538
v 3.729788 2.987363 5.093672
v 2.928324 3.792099 5.099714
v 2.492147 4.099242 5.089208
v 1.837690 4.448274 5.072545
v 4.064779 2.504286 5.075113
v 4.437891 1.757975 5.031683
v 3.327558 3.405503 5.211199
v 3.714384 2.971793 5.203332
v 2.912920 3.776530 5.209374
v 2.476744 4.083676 5.198869
v 1.822287 4.432706 5.182204
v 4.049372 2.488718 5.184773
v 4.422487 1.742409 5.141342
v 3.901297 2.352607 5.098298
v 3.563215 2.844592 5.117515
v 4.212854 2.640398 5.161587
v 2.651216 4.223757 5.174951
v 3.880957 3.114562 5.179487
v 4.648230 1.258007 5.055009
v 2.317675 3.959159 5.113127
v 3.176393 3.278308 5.125384
v 4.354223 1.397166 5.040171
v 1.403975 4.648646 5.118159
v 4.506155 2.103220 5.132855
v 2.180765 4.503568 5.155426
v 2.761526 3.649141 5.123513
v 1.479212 4.377414 5.099323
v 3.494127 3.548268 5.187353
v 3.079714 3.919488 5.185572
v 3.069727 4.972871 4.139277
v 3.068048 4.969075 4.137382
v 3.069986 4.971390 4.139536
v 3.069761 4.970149 4.139266
v 3.069078 4.969336 4.138510
v 3.900835 4.983192 3.340423
v 3.902529 4.986991 3.342336
v 3.901873 4.983453 3.341558
v 3.902559 4.984265 3.342320
v 3.902792 4.985509 3.342593
v 2.754774 4.979053 3.796439
v 2.752905 4.983083 3.794474
v 2.753725 4.979390 3.795302
v 2.753000 4.980273 3.794529
v 2.752714 4.981570 3.794238
v 3.585726 4.997203 2.997552
v 3.587603 4.993170 2.999522
v 3.585535 4.995688 2.997317
v 3.585825 4.994389 2.997608
v 3.586550 4.993506 2.998383
v 3.512033 4.979237 3.763303
v 3.510355 4.975446 3.761408
v 3.512293 4.977757 3.763561
v 3.512068 4.976518 3.763292
v 3.511385 4.975704 3.762535
v 3.195669 4.989438 3.418999
v 3.197531 4.985410 3.420955
v 3.195478 4.987925 3.418762
v 3.195765 4.986626 3.419050
v 3.196485 4.985743 3.419821
v 3.904512 5.005626 2.566093
v 3.906420 5.001590 2.568097
v 3.904322 5.004112 2.565860
v 3.904615 5.002811 2.566158
v 3.905352 5.001925 2.566944
v 4.219732 4.991608 2.909086
v 4.221457 4.995417 2.911033
v 4.220781 4.991869 2.910235
v 4.221479 4.992684 2.911009
v 4.221716 4.993932 2.911289
v 4.213606 5.017182 2.004875
v 4.215055 5.013118 2.007870
v 4.213385 5.015662 2.004716
v 4.213579 5.014356 2.005230
v 4.214167 5.013463 2.006337
v 4.479788 5.001002 2.451318
v 4.481047 5.004815 2.454247
v 4.480661 5.001256 2.452846
v 4.481207 5.002070 2.453938
v 4.481340 5.003320 2.454431
v 4.686811 5.038619 0.985630
v 4.681765 5.034345 0.998194
v 4.684916 5.038623 0.985108
v 4.686140 5.037023 0.988443
v 4.684946 5.035650 0.991818
v 4.686708 5.038912 0.984314
v 4.685884 5.037248 0.986230
v 4.684908 5.035929 0.988419
v 4.684751 5.036366 0.986948
v 4.681662 5.034726 0.994938
v 4.682222 5.035672 0.991308
v 4.683409 5.034709 0.995242
v 4.683474 5.035242 0.991366
v 4.683752 5.035938 0.988201
v 4.685682 5.038913 0.984032
v 4.683367 5.037042 0.987856
v 4.684584 5.037256 0.985952
v 4.685511 5.037375 0.984922
v 4.706629 5.015485 1.952764
v 4.703653 5.011554 1.953884
v 4.706800 5.013971 1.953259
v 4.706293 5.012694 1.953645
v 4.705191 5.011845 1.953865
v 2.580729 4.967994 4.464956
v 2.577974 4.964173 4.463721
v 2.580912 4.966506 4.465266
v 2.580450 4.965257 4.465140
v 2.579416 4.964438 4.464598
v 2.128904 4.973603 4.179254
v 2.125883 4.977628 4.177908
v 2.127413 4.973936 4.178353
v 2.126318 4.974818 4.177780
v 2.125780 4.976114 4.177624
v 2.019438 4.960220 4.767076
v 2.018866 4.964043 4.770009
v 2.019609 4.960478 4.768605
v 2.019564 4.961297 4.769699
v 2.019300 4.962548 4.770192
v 0.879049 4.970790 4.772551
v 0.878534 4.970822 4.770738
v 0.892366 4.966854 4.767029
v 0.877722 4.971021 4.772484
v 0.882063 4.969265 4.771743
v 0.879808 4.969434 4.771550
v 0.878469 4.969537 4.771215
v 0.880617 4.968598 4.770370
v 0.881472 4.969323 4.769038
v 0.885130 4.968043 4.767736
v 0.877443 4.971038 4.771503
v 0.879526 4.969462 4.770281
v 0.881933 4.968221 4.769333
v 0.889269 4.967135 4.768755
v 0.885649 4.967982 4.770411
v 0.888960 4.967176 4.767030
v 0.885241 4.967593 4.768939
v 0.882154 4.968192 4.770466
v 3.031244 5.081927 4.099279
v 3.035467 5.077945 4.103804
v 3.032473 5.081594 4.100608
v 3.033705 5.080721 4.101935
v 3.034758 5.079440 4.103057
v 3.868269 5.092061 3.306865
v 3.864035 5.096043 3.302321
v 3.867559 5.093556 3.306116
v 3.866503 5.094839 3.304991
v 3.865267 5.095712 3.303658
v 2.781446 5.085915 3.827347
v 2.785505 5.089756 3.831832
v 2.782091 5.087415 3.828074
v 2.783087 5.088672 3.829181
v 2.784288 5.089493 3.830501
v 3.618330 5.103870 3.034913
v 3.614264 5.100028 3.030422
v 3.617109 5.103607 3.033580
v 3.615908 5.102785 3.032258
v 3.614912 5.101529 3.031150
v 3.473555 5.088296 3.723306
v 3.477770 5.084318 3.727828
v 3.474779 5.087964 3.724635
v 3.476011 5.087092 3.725961
v 3.477060 5.085812 3.727082
v 3.228258 5.096110 3.456346
v 3.224211 5.092269 3.451871
v 3.227045 5.095847 3.455019
v 3.225847 5.095025 3.453702
v 3.224852 5.093768 3.452596
v 3.937143 5.112290 2.603488
v 3.933046 5.108443 2.598960
v 3.935911 5.112027 2.602141
v 3.934702 5.111203 2.600808
v 3.933695 5.109945 2.599691
v 4.187208 5.100463 2.875571
v 4.182928 5.104462 2.870983
v 4.186491 5.101964 2.874818
v 4.185427 5.103251 2.873681
v 4.184175 5.104127 2.872334
v 4.245649 5.123813 2.043516
v 4.242140 5.119986 2.037738
v 4.244642 5.123559 2.041692
v 4.243620 5.122743 2.039953
v 4.242743 5.121488 2.038565
v 4.446810 5.109815 2.418800
v 4.443117 5.113858 2.412962
v 4.446135 5.111325 2.417949
v 4.445196 5.112625 2.416541
v 4.444139 5.113513 2.414790
v 4.715010 5.141383 1.018452
v 4.713449 5.141422 1.017970
v 4.710985 5.144976 1.036845
v 4.714918 5.142817 1.022636
v 4.714827 5.142936 1.020374
v 4.714582 5.142990 1.019003
v 4.714121 5.143685 1.021930
v 4.712488 5.142854 1.022230
v 4.711679 5.144030 1.027313
v 4.714182 5.141691 1.016885
v 4.713690 5.142953 1.020178
v 4.713266 5.143966 1.023661
v 4.712744 5.144763 1.032590
v 4.714125 5.144006 1.027600
v 4.711153 5.144777 1.032445
v 4.712973 5.144433 1.027779
v 4.714300 5.143956 1.023786
v 4.666868 5.124404 1.915836
v 4.672415 5.120427 1.917336
v 4.668596 5.124093 1.916001
v 4.670256 5.123227 1.916345
v 4.671595 5.121941 1.916813
v 2.540899 5.077021 4.425787
v 2.546476 5.073040 4.429492
v 2.542646 5.076692 4.426801
v 2.544317 5.075821 4.427862
v 2.545664 5.074538 4.428807
v 2.154425 5.080453 4.210778
v 2.159929 5.084306 4.214483
v 2.155180 5.081953 4.211446
v 2.156488 5.083213 4.212384
v 2.158155 5.084037 4.213451
v 1.984629 5.069045 4.734561
v 1.982618 5.073069 4.729018
v 1.984083 5.070553 4.733734
v 1.983511 5.071847 4.732390
v 1.982996 5.072732 4.730735
v 0.907549 5.073593 4.805114
v 0.926268 5.077572 4.800908
v 0.907068 5.073644 4.803607
v 0.911818 5.075096 4.805010
v 0.916876 5.076382 4.804174
v 0.906233 5.073815 4.805158
v 0.909506 5.075156 4.804964
v 0.912970 5.076255 4.804421
v 0.911077 5.075949 4.804262
v 0.921797 5.077288 4.801145
v 0.916578 5.076445 4.801741
v 0.921949 5.077250 4.802734
v 0.917040 5.076831 4.803039
v 0.912840 5.076280 4.803392
v 0.911406 5.075165 4.802606
v 0.909307 5.075187 4.803839
v 0.908106 5.075181 4.804746
v 4.660097 5.084111 4.751944
v 4.655844 5.084044 4.756202
v 4.664659 5.088136 4.760883
v 4.659777 5.084075 4.753574
v 4.658854 5.084049 4.754957
v 4.660456 5.085696 4.753928
v 4.660139 5.085617 4.754953
v 4.660151 5.086465 4.756306
v 4.657774 5.085655 4.756590
v 4.660124 5.086997 4.757615
v 4.657473 5.084039 4.755878
v 4.658808 5.085596 4.756271
v 4.661447 5.087018 4.756324
v 4.662542 5.087870 4.759123
v 4.661512 5.087438 4.757701
v 4.634130 0.926519 5.137048
v 4.631105 0.925289 5.137007
v 4.638811 0.913147 5.140951
v 4.633234 0.924394 5.136993
v 4.634272 0.923143 5.138536
v 4.633718 0.922281 5.138572
v 4.637007 0.916437 5.140722
v 4.637892 0.915710 5.140705
v 4.636179 0.918517 5.140284
v 4.634996 0.920960 5.139740
v 4.655443 5.160328 1.092901
v 4.660067 5.164895 1.079360
v 4.652426 5.160371 1.091653
v 4.655210 5.160362 1.091499
v 4.655600 5.161979 1.089502
v 4.655996 5.162889 1.087900
v 4.657213 5.163499 1.085562
v 4.658308 5.164494 1.082640
v 4.653578 5.160383 1.090825
v 0.994402 5.102634 4.754546
v 0.993154 5.102702 4.751532
v 0.980734 5.106828 4.759232
v 0.992273 5.102666 4.753664
v 0.991426 5.104268 4.754934
v 0.989351 5.105090 4.755136
v 0.990450 5.104231 4.754234
v 0.987780 5.105618 4.755949
v 0.983629 5.106526 4.758184
v 0.986364 5.106082 4.756603
v 5.132139 4.693714 1.067953
v 5.132135 4.690781 1.066682
v 5.136393 4.698745 1.054104
v 5.132139 4.693523 1.066551
v 5.133673 4.693662 1.064273
v 5.134588 4.694403 1.062841
v 5.135149 4.695746 1.060396
v 5.132139 4.691935 1.065863
v 5.136068 4.696857 1.057484
v 4.659479 4.591936 5.224519
v 4.664064 4.600628 5.228991
v 4.655249 4.596227 5.224606
v 4.659834 4.593838 5.226196
v 4.660833 4.596156 5.227636
v 4.659166 4.593568 5.224555
v 4.659521 4.594867 5.226161
v 4.659536 4.596178 5.227069
v 4.661940 4.598904 5.228624
v 4.659517 4.597461 5.227660
v 4.660902 4.597512 5.228118
v 4.656877 4.595891 5.224602
v 4.658251 4.594956 5.224584
v 4.657167 4.596520 5.226250
v 4.658201 4.596195 5.226187
v 0.976469 4.624001 5.212489
v 0.963110 4.628414 5.216855
v 0.975203 4.621004 5.212412
v 0.973471 4.624320 5.214120
v 0.975065 4.623782 5.212482
v 0.971441 4.624482 5.214942
v 0.965879 4.627425 5.216499
v 0.968527 4.625883 5.215989
v 0.974382 4.622162 5.212442
v 0.972425 4.623414 5.214093
v 5.132071 4.605941 4.746167
v 5.136354 4.610138 4.754962
v 5.132067 4.601579 4.750317
v 5.133703 4.606221 4.748117
v 5.135092 4.607118 4.750472
v 5.132071 4.605578 4.747791
v 5.133646 4.605877 4.749128
v 5.134523 4.605846 4.750448
v 5.136023 4.608140 4.753217
v 5.135088 4.605815 4.751722
v 5.135546 4.607148 4.751818
v 5.132071 4.603217 4.750036
v 5.132074 4.604621 4.749149
v 5.133699 4.603509 4.750704
v 5.133646 4.604533 4.750407
v 5.129133 1.044493 4.658789
v 5.133387 1.033367 4.662422
v 5.129812 1.042777 4.655126
v 5.130758 1.041925 4.658939
v 5.130022 1.043360 4.658432
v 5.133112 1.035804 4.661774
v 5.132338 1.038448 4.660163
v 5.130388 1.042430 4.656450
v 5.130465 1.042634 4.657611
v 5.131350 1.041306 4.658047
v 0.020754 5.097964 5.225077
v 0.018293 5.094451 5.226091
v 0.020502 5.093354 5.229528
v 0.019686 5.097705 5.224550
v 0.018843 5.096947 5.224558
v 0.020697 5.097571 5.226824
v 0.018789 5.097178 5.226579
v 0.017553 5.096571 5.226519
v 0.017584 5.095990 5.227678
v 0.018320 5.093423 5.227398
v 0.018747 5.092852 5.228511
v 0.018354 5.095803 5.225098
v 0.017649 5.095212 5.226866
v 0.017511 5.094817 5.228214
v 0.020559 5.095078 5.229233
v 0.020628 5.096558 5.228283
v 0.019514 5.092828 5.229258
v 0.018705 5.094853 5.228824
v 5.135656 5.182644 0.117042
v 5.132174 5.183929 0.114442
v 5.131056 5.187320 0.116957
v 5.135389 5.182167 0.115928
v 5.134634 5.182244 0.115043
v 5.135305 5.184436 0.117038
v 5.134901 5.184262 0.115075
v 5.134287 5.184265 0.113796
v 5.133718 5.185450 0.113867
v 5.131144 5.185259 0.114540
v 5.130568 5.186368 0.115050
v 5.133505 5.182863 0.114521
v 5.132925 5.184670 0.113876
v 5.132544 5.186033 0.113798
v 5.132814 5.186966 0.116992
v 5.134310 5.185952 0.117020
v 5.130537 5.187092 0.115900
v 5.132585 5.186610 0.115059
v 5.134535 5.073233 5.235976
v 5.134493 5.068539 5.240447
v 5.139040 5.068732 5.235987
v 5.134527 5.072839 5.237718
v 5.134516 5.071809 5.239179
v 5.136267 5.072877 5.235996
v 5.136198 5.072333 5.237664
v 5.136148 5.071620 5.238996
v 5.137129 5.071227 5.238590
v 5.136240 5.068566 5.240107
v 5.137716 5.068612 5.239141
v 5.134504 5.070298 5.240138
v 5.136187 5.070259 5.239642
v 5.137529 5.070244 5.238981
v 5.138704 5.070441 5.235999
v 5.137732 5.071898 5.236003
v 5.138700 5.068671 5.237694
v 5.138205 5.070330 5.237654
v 5.137537 5.071660 5.237624
v 5.129259 -0.024689 5.114498
v 5.130541 -0.026753 5.110916
v 5.134008 -0.024171 5.110172
v 5.128775 -0.025591 5.114193
v 5.128851 -0.026301 5.113405
v 5.131083 -0.024582 5.114159
v 5.130873 -0.026392 5.113705
v 5.130854 -0.027558 5.113060
v 5.131868 -0.026732 5.109979
v 5.132997 -0.026233 5.109510
v 5.129469 -0.026707 5.112253
v 5.131266 -0.027417 5.111723
v 5.132631 -0.027525 5.111393
v 5.133650 -0.024301 5.111820
v 5.132624 -0.024445 5.113220
v 5.133749 -0.025335 5.109577
v 5.133245 -0.026261 5.111507
v 5.132463 -0.026757 5.112974
v 4.654798 5.084500 1.091026
v 4.651785 5.084552 1.089780
v 4.650511 5.080129 1.096935
v 4.654760 5.084546 1.089166
v 4.654173 5.084571 1.088276
v 4.654272 5.082851 1.091904
v 4.654173 5.082854 1.090072
v 4.653242 5.082066 1.090414
v 4.651484 5.082900 1.090752
v 4.651136 5.081479 1.092453
v 4.653128 5.084573 1.088491
v 4.652845 5.082880 1.089525
v 4.651953 5.080487 1.095101
v 4.653273 5.081443 1.093335
v 4.650797 5.080506 1.094624
v 4.652288 5.080933 1.092670
v 4.653349 5.081707 1.091348
v 4.659449 4.997159 4.749870
v 4.655153 4.992931 4.749767
v 4.655191 4.997090 4.754127
v 4.659109 4.995532 4.749830
v 4.658174 4.994158 4.749797
v 4.659124 4.997123 4.751498
v 4.658720 4.995454 4.751500
v 4.657965 4.994338 4.751388
v 4.655157 4.993218 4.751404
v 4.655169 4.994109 4.752807
v 4.656786 4.993244 4.749774
v 4.656832 4.993594 4.751455
v 4.656755 4.994319 4.752597
v 4.656820 4.997084 4.753803
v 4.658201 4.997097 4.752881
v 4.655180 4.995467 4.753764
v 4.656851 4.995423 4.753371
v 4.657972 4.995518 4.752626
v 0.993757 5.024556 4.752631
v 0.999739 5.020353 4.748271
v 0.992510 5.024637 4.749618
v 0.994661 5.022933 4.752076
v 0.996119 5.021563 4.751054
v 0.991896 5.024571 4.752593
v 0.994127 5.021793 4.751137
v 0.993185 5.022138 4.751034
v 0.997423 5.020688 4.748563
v 0.995234 5.021621 4.748924
v 0.997900 5.020657 4.749717
v 0.995459 5.021058 4.750062
v 0.991220 5.024615 4.750963
v 0.991003 5.024592 4.752006
v 0.993509 5.023005 4.749294
v 0.992071 5.023009 4.751519
v 4.659529 4.594011 5.137552
v 4.655298 4.598302 5.137651
v 4.655272 4.594145 5.133291
v 4.659216 4.595643 5.137590
v 4.658304 4.597031 5.137621
v 4.659204 4.594052 5.135920
v 4.658827 4.595728 5.135919
v 4.658087 4.596855 5.136029
v 4.655298 4.598018 5.136012
v 4.655291 4.597126 5.134609
v 4.656927 4.597966 5.137643
v 4.656965 4.597613 5.135963
v 4.656877 4.596893 5.134821
v 4.656900 4.594126 5.133614
v 4.658285 4.594092 5.134538
v 4.655283 4.595767 5.133652
v 4.656954 4.595786 5.134044
v 4.658079 4.595675 5.134792
v 4.634180 0.928594 5.050081
v 4.629965 0.934728 5.045963
v 4.631155 0.927365 5.050050
v 4.633673 0.929553 5.048471
v 4.632692 0.931055 5.047125
v 4.634130 0.926735 5.050035
v 4.632757 0.929058 5.047293
v 4.632643 0.928110 5.047607
v 4.630236 0.932402 5.046232
v 4.630552 0.930186 5.047103
v 4.631391 0.932874 5.046242
v 4.631712 0.930423 5.046575
v 4.632490 0.926069 5.050018
v 4.633535 0.925847 5.050013
v 4.630877 0.928417 5.048443
v 4.633097 0.926968 5.048454
v 0.976519 4.625886 5.136150
v 0.975252 4.622887 5.136078
v 0.982542 4.621684 5.131791
v 0.975115 4.625666 5.136144
v 0.977907 4.625590 5.134512
v 0.976206 4.625247 5.134561
v 0.975122 4.624747 5.134589
v 0.976297 4.624273 5.133661
v 0.976461 4.622168 5.134431
v 0.978270 4.621688 5.133038
v 0.974432 4.624045 5.136105
v 0.975519 4.623623 5.134523
v 0.976805 4.623315 5.133256
v 0.981165 4.623317 5.132154
v 0.979540 4.624689 5.133109
v 0.980406 4.621518 5.132112
v 0.978758 4.623261 5.132623
v 0.977346 4.624596 5.133287
v 5.045149 4.694216 1.067963
v 5.040861 4.689837 1.073911
v 5.045130 4.691237 1.066649
v 5.043516 4.693868 1.069343
v 5.042128 4.692912 1.070959
v 5.045149 4.694019 1.066557
v 5.043570 4.693554 1.067639
v 5.042307 4.692859 1.068767
v 5.042688 4.692560 1.067714
v 5.041185 4.689710 1.071773
v 5.042112 4.689933 1.069644
v 5.041197 4.691497 1.072563
v 5.041670 4.691489 1.070155
v 5.042303 4.691586 1.068205
v 5.045137 4.692408 1.065846
v 5.043497 4.690469 1.067843
v 5.043562 4.691939 1.066926
v 5.043608 4.693070 1.066548
v 5.045076 4.606438 4.746177
v 5.045053 4.602078 4.750335
v 5.040792 4.602204 4.746076
v 5.045076 4.606076 4.747800
v 5.045073 4.605119 4.749159
v 5.043447 4.606123 4.746169
v 5.043402 4.605694 4.747831
v 5.043482 4.604916 4.748938
v 5.043425 4.602095 4.750011
v 5.042040 4.602126 4.749088
v 5.045065 4.603715 4.750050
v 5.043394 4.603775 4.749659
v 5.042265 4.603715 4.748909
v 5.041128 4.603831 4.746115
v 5.042059 4.605208 4.746146
v 5.041117 4.602162 4.747707
v 5.041517 4.603830 4.747787
v 5.042273 4.604953 4.747730
v 5.024027 0.943074 4.662759
v 5.023333 0.940088 4.659185
v 5.019773 0.943364 4.658764
v 5.024607 0.941644 4.662418
v 5.024675 0.940574 4.661619
v 5.022398 0.943127 4.662534
v 5.022669 0.940906 4.662061
v 5.022760 0.939436 4.661402
v 5.021624 0.939626 4.660955
v 5.021963 0.940145 4.658361
v 5.020807 0.940790 4.657991
v 5.024229 0.940027 4.660484
v 5.022451 0.939481 4.660080
v 5.021105 0.939529 4.659849
v 5.020098 0.943284 4.660372
v 5.021021 0.943200 4.661697
v 5.020040 0.941917 4.658131
v 5.020494 0.941038 4.660018
v 5.021200 0.940565 4.661430
v 4.996241 4.065402 3.064697
v 4.992361 4.063622 3.063077
v 4.994772 4.065701 3.064983
v 4.993521 4.065470 3.064776
v 4.992674 4.064739 3.064106
v 4.997145 3.264462 3.893862
v 5.001024 3.266260 3.895497
v 4.997454 3.265588 3.894896
v 4.998301 3.266324 3.895571
v 4.999556 3.266560 3.895783
v 4.987089 3.723337 2.748978
v 4.991030 3.721259 2.747037
v 4.987375 3.722192 2.747920
v 4.988226 3.721396 2.747180
v 4.989508 3.721067 2.746870
v 4.995813 2.922136 3.577853
v 4.991877 2.924220 3.579800
v 4.994291 2.921946 3.577687
v 4.993010 2.922274 3.577997
v 4.992163 2.923073 3.578739
v 4.999033 3.688270 3.506056
v 4.995161 3.686492 3.504435
v 4.997564 3.688571 3.506342
v 4.996313 3.688339 3.506134
v 4.995470 3.687609 3.505465
v 4.993834 3.344627 3.188855
v 4.989897 3.346696 3.190788
v 4.992311 3.344436 3.188687
v 4.991030 3.344760 3.188995
v 4.990179 3.345554 3.189733
v 4.996965 2.489803 3.895561
v 4.993025 2.491919 3.897537
v 4.995443 2.489614 3.895395
v 4.994158 2.489951 3.895713
v 4.993307 2.490760 3.896465
v 4.998293 2.832249 4.211679
v 5.002188 2.834080 4.213345
v 4.998606 2.833388 4.212727
v 4.999453 2.834136 4.213413
v 5.000711 2.834378 4.213630
v 4.997286 1.927698 4.203256
v 4.993338 1.930806 4.204777
v 4.995756 1.927584 4.203057
v 4.994471 1.928134 4.203275
v 4.993620 1.929267 4.203880
v 4.998655 2.373741 4.470590
v 5.002573 2.376552 4.471792
v 4.998968 2.375256 4.471463
v 4.999823 2.376325 4.471998
v 5.001089 2.376779 4.472113
v 4.996836 0.907056 4.673922
v 4.992846 0.919751 4.668975
v 4.996790 0.906537 4.672030
v 4.995310 0.909916 4.673286
v 4.994017 0.913333 4.672120
v 4.997087 0.905732 4.673813
v 4.995462 0.907698 4.673023
v 4.994192 0.909925 4.672072
v 4.994585 0.908443 4.671908
v 4.993128 0.916488 4.668858
v 4.993978 0.912829 4.669398
v 4.993151 0.916787 4.670606
v 4.993570 0.912896 4.670654
v 4.994177 0.909712 4.670917
v 4.997061 0.905452 4.672787
v 4.995264 0.909335 4.670512
v 4.995443 0.907422 4.671721
v 4.995546 0.906387 4.672642
v 5.002352 1.874398 4.696130
v 4.998404 1.875638 4.693222
v 5.000856 1.874935 4.696326
v 4.999582 1.875359 4.695842
v 4.998720 1.875607 4.694752
v 4.992674 4.392333 2.576525
v 4.988775 4.391218 2.573831
v 4.991201 4.392686 2.576731
v 4.989943 4.392598 2.576292
v 4.989088 4.392082 2.575273
v 4.982325 4.107747 2.124082
v 4.986258 4.106290 2.120991
v 4.982607 4.106841 2.122584
v 4.983450 4.106246 2.121470
v 4.984735 4.106053 2.120911
v 4.984316 4.695988 2.016068
v 4.988211 4.698810 2.015439
v 4.984621 4.697509 2.016242
v 4.985468 4.698578 2.016183
v 4.986731 4.699035 2.015901
v 4.975870 4.704070 0.875679
v 4.975840 4.702256 0.875158
v 4.971998 4.698630 0.889050
v 4.976076 4.703997 0.874348
v 4.974371 4.703299 0.878715
v 4.974501 4.703106 0.876458
v 4.974569 4.702771 0.875119
v 4.973642 4.701949 0.877279
v 4.974340 4.700595 0.878114
v 4.973085 4.699321 0.881793
v 4.976061 4.703018 0.874066
v 4.974485 4.701836 0.876173
v 4.973253 4.700921 0.878596
v 4.972277 4.700355 0.885952
v 4.973112 4.701995 0.882322
v 4.972261 4.698632 0.885633
v 4.972673 4.700537 0.881914
v 4.973265 4.702052 0.878822
v 5.103415 4.022330 3.024298
v 5.099642 4.026959 3.028594
v 5.103144 4.023665 3.025533
v 5.102331 4.025016 3.026783
v 5.101103 4.026172 3.027858
v 5.104422 3.227822 3.859396
v 5.108198 3.223174 3.855082
v 5.105883 3.227032 3.858658
v 5.107115 3.225869 3.857579
v 5.107927 3.224516 3.856323
v 5.095243 3.751037 2.773906
v 5.099283 3.755399 2.777908
v 5.096777 3.751719 2.774526
v 5.098078 3.752787 2.775504
v 5.098959 3.754079 2.776691
v 5.104067 2.956280 3.608729
v 5.100027 2.951915 3.604721
v 5.103743 2.954958 3.607509
v 5.102861 2.953665 3.606322
v 5.101557 2.952597 3.605343
v 5.106214 3.645202 3.465657
v 5.102438 3.649828 3.469950
v 5.105940 3.646536 3.466892
v 5.105127 3.647883 3.468139
v 5.103899 3.649039 3.469215
v 5.102087 3.378756 3.219716
v 5.098051 3.374406 3.215724
v 5.101763 3.377442 3.218503
v 5.100882 3.376152 3.217319
v 5.099577 3.375088 3.216343
v 5.105211 2.523980 3.926465
v 5.101168 2.519577 3.922425
v 5.104887 2.522645 3.925235
v 5.104006 2.521341 3.924034
v 5.102697 2.520263 3.923047
v 5.105558 2.795651 4.177254
v 5.109346 2.790957 4.172900
v 5.107023 2.794855 4.176512
v 5.108259 2.793686 4.175422
v 5.109076 2.792317 4.174155
v 5.105524 1.963123 4.233575
v 5.101473 1.957467 4.230118
v 5.105200 1.961308 4.232569
v 5.104319 1.959597 4.231558
v 5.103006 1.958249 4.230696
v 5.105902 2.338140 4.435715
v 5.109709 2.332196 4.431945
v 5.107374 2.337246 4.435015
v 5.108614 2.335803 4.434053
v 5.109434 2.334030 4.432975
v 5.100973 0.936787 4.700450
v 5.100973 0.936305 4.698890
v 5.105036 0.955075 4.696405
v 5.101309 0.934918 4.700169
v 5.102529 0.940925 4.700347
v 5.102575 0.938661 4.700249
v 5.102587 0.937291 4.699999
v 5.103361 0.940195 4.699529
v 5.102510 0.940524 4.697912
v 5.103823 0.945574 4.697098
v 5.102568 0.938468 4.699109
v 5.103678 0.941920 4.698675
v 5.104727 0.950823 4.698157
v 5.103846 0.945854 4.699540
v 5.104708 0.950682 4.696567
v 5.104261 0.946022 4.698383
v 5.103685 0.942043 4.699711
v 5.109457 1.834402 4.654456
v 5.105623 1.836005 4.660071
v 5.109182 1.834573 4.656190
v 5.108355 1.834936 4.657865
v 5.107107 1.835440 4.659229
v 5.099825 4.350098 2.534780
v 5.096048 4.353902 2.540431
v 5.099558 4.351116 2.536532
v 5.098745 4.352197 2.538221
v 5.097513 4.353175 2.539591
v 5.090467 4.136069 2.147858
v 5.094519 4.139645 2.153304
v 5.092001 4.136689 2.148588
v 5.093306 4.137588 2.149879
v 5.094191 4.138625 2.151535
v 5.091539 4.660395 1.979361
v 5.095365 4.654742 1.977274
v 5.093016 4.659526 1.978789
v 5.094259 4.658145 1.978192
v 5.095083 4.656466 1.977660
v 5.080046 4.733539 0.902506
v 5.084211 4.729173 0.921149
v 5.080046 4.732034 0.902024
v 5.081617 4.733382 0.906752
v 5.082960 4.732495 0.911784
v 5.080248 4.733580 0.901186
v 5.081636 4.733340 0.904437
v 5.082777 4.732755 0.907882
v 5.082434 4.732612 0.905996
v 5.083864 4.729429 0.916681
v 5.082949 4.730061 0.911479
v 5.083872 4.731017 0.916841
v 5.083380 4.731347 0.911937
v 5.082769 4.731726 0.907750
v 5.081610 4.730978 0.906332
v 5.081633 4.732215 0.904235
v 5.081633 4.733125 0.903036
v 4.078470 2.904226 5.124108
v 4.077013 2.903076 5.119943
v 4.078917 2.904640 5.122710
v 4.078798 2.904567 5.121429
v 4.078131 2.904017 5.120457
v 3.310839 3.764238 5.135759
v 3.312307 3.765400 5.139917
v 3.311960 3.765183 5.136272
v 3.312632 3.765736 5.137243
v 3.312754 3.765811 5.138521
v 3.727919 2.606466 5.051855
v 3.725405 2.604243 5.055369
v 3.726713 2.605437 5.051925
v 3.725813 2.604651 5.052617
v 3.725355 2.604234 5.053828
v 2.959253 3.465427 5.071190
v 2.961782 3.467661 5.067678
v 2.959208 3.465418 5.069648
v 2.959669 3.465839 5.068437
v 2.960573 3.466628 5.067746
v 3.718588 3.359582 5.137086
v 3.717134 3.358432 5.132930
v 3.719038 3.359996 5.135690
v 3.718920 3.359923 5.134412
v 3.718248 3.359373 5.133443
v 3.366034 3.060030 5.068455
v 3.368540 3.062246 5.064940
v 3.365980 3.060020 5.066911
v 3.366442 3.060438 5.065703
v 3.367338 3.061219 5.065009
v 2.540251 3.800462 5.064989
v 2.542818 3.802729 5.061480
v 2.540205 3.800456 5.063445
v 2.540678 3.800885 5.062237
v 2.541594 3.801683 5.061547
v 2.891970 4.099389 5.129579
v 2.893465 4.100573 5.133746
v 2.893103 4.100343 5.130094
v 2.893782 4.100904 5.131067
v 2.893911 4.100985 5.132350
v 1.971510 4.131296 5.051751
v 1.975130 4.133073 5.048207
v 1.971540 4.131252 5.050204
v 1.972242 4.131575 5.048987
v 1.973501 4.132214 5.048285
v 2.444941 4.384602 5.114474
v 2.447390 4.385255 5.118601
v 2.446436 4.385355 5.114973
v 2.447428 4.385743 5.115933
v 2.447763 4.385709 5.117207
v 0.870943 4.644410 5.038853
v 0.883799 4.639884 5.034932
v 0.870447 4.642514 5.038560
v 0.873907 4.643933 5.037365
v 0.877394 4.642907 5.036096
v 0.869604 4.644264 5.038978
v 0.871691 4.643655 5.037369
v 0.874002 4.642841 5.036110
v 0.872503 4.642636 5.036418
v 0.880575 4.639741 5.035066
v 0.876909 4.640189 5.035803
v 0.880865 4.641485 5.035243
v 0.876993 4.641490 5.035498
v 0.873796 4.641690 5.035984
v 0.869337 4.643239 5.038820
v 0.873350 4.641164 5.037030
v 0.871428 4.642352 5.037211
v 0.870382 4.643264 5.037344
v 1.951017 4.667283 5.095859
v 1.959520 4.665391 5.096011
v 1.956778 4.664874 5.092225
v 1.953028 4.667123 5.096051
v 1.955347 4.666707 5.096148
v 1.952349 4.667647 5.094433
v 1.954271 4.667376 5.094608
v 1.956026 4.667130 5.094726
v 1.959383 4.666131 5.094619
v 1.958811 4.666293 5.093410
v 1.957628 4.666098 5.096133
v 1.957678 4.666642 5.094696
v 1.957529 4.666934 5.093547
v 1.955465 4.666343 5.092467
v 1.953913 4.667317 5.093242
v 1.957895 4.665852 5.092570
v 1.956629 4.666738 5.092939
v 1.955400 4.667379 5.093476
v 4.386835 2.404640 5.101039
v 4.386003 2.402394 5.096802
v 4.387335 2.404972 5.099632
v 4.387350 2.404663 5.098333
v 4.386885 2.403757 5.097338
v 4.088758 1.968497 5.019012
v 4.086824 1.965103 5.022459
v 4.087778 1.967019 5.019056
v 4.087065 1.965855 5.019727
v 4.086729 1.965183 5.020921
v 4.669950 1.834696 5.063781
v 4.672365 1.833557 5.067833
v 4.671442 1.834768 5.064240
v 4.672422 1.834576 5.065171
v 4.672750 1.834152 5.066433
v 4.638590 0.701329 4.940751
v 4.636770 0.700895 4.940504
v 4.634020 0.715247 4.937774
v 4.638453 0.699989 4.940816
v 4.638071 0.704528 4.939506
v 4.637789 0.702280 4.939387
v 4.637403 0.700958 4.939288
v 4.636747 0.703232 4.938514
v 4.635366 0.704053 4.939170
v 4.634348 0.707890 4.938182
v 4.637468 0.699755 4.940683
v 4.636518 0.702054 4.939227
v 4.635809 0.704625 4.938171
v 4.635599 0.712061 4.937895
v 4.637022 0.708297 4.938504
v 4.633875 0.711820 4.937691
v 4.635599 0.707998 4.937896
v 4.636942 0.704799 4.938308
v 4.023985 2.855539 5.222265
v 4.029097 2.859968 5.219380
v 4.025381 2.856732 5.222242
v 4.026842 2.857993 5.221686
v 4.028147 2.859129 5.220680
v 3.262934 3.721139 5.235192
v 3.257811 3.716701 5.238078
v 3.261980 3.720298 5.236493
v 3.260675 3.719159 5.237499
v 3.259211 3.717896 5.238056
v 3.746042 2.619472 5.164051
v 3.750139 2.622866 5.168854
v 3.746595 2.619910 5.165692
v 3.747568 2.620707 5.167180
v 3.748816 2.621745 5.168290
v 2.983999 3.484060 5.184675
v 2.979895 3.480658 5.179870
v 2.982672 3.482937 5.184112
v 2.981424 3.481895 5.183000
v 2.980448 3.481095 5.181512
v 3.664106 3.310897 5.235252
v 3.669210 3.315320 5.232367
v 3.665503 3.312088 5.235226
v 3.666960 3.313347 5.234670
v 3.668264 3.314483 5.233667
v 3.390760 3.078647 5.181938
v 3.386671 3.075261 5.177138
v 3.389437 3.077530 5.181376
v 3.388197 3.076494 5.180266
v 3.387224 3.075698 5.178777
v 2.565039 3.819131 5.178478
v 2.560888 3.815692 5.173661
v 2.563692 3.817994 5.177912
v 2.562429 3.816941 5.176797
v 2.561445 3.816132 5.175304
v 2.844099 4.056322 5.229006
v 2.838942 4.051852 5.231900
v 2.843145 4.055476 5.230312
v 2.841829 4.054330 5.231321
v 2.840353 4.053058 5.231879
v 1.997610 4.149337 5.165194
v 1.992144 4.146524 5.160414
v 1.995760 4.148440 5.164643
v 1.994070 4.147590 5.163541
v 1.992800 4.146917 5.162056
v 2.398039 4.341017 5.213833
v 2.391676 4.337209 5.216809
v 2.396990 4.340218 5.215153
v 2.395411 4.339214 5.216182
v 2.393545 4.338157 5.216763
v 0.891554 4.659367 5.147447
v 0.891081 4.657740 5.147221
v 0.908632 4.655072 5.151903
v 0.889662 4.658999 5.147586
v 0.895334 4.659132 5.149134
v 0.893145 4.658992 5.149055
v 0.891825 4.658713 5.148972
v 0.894548 4.658194 5.149842
v 0.895014 4.656646 5.148880
v 0.899733 4.655751 5.150353
v 0.892988 4.657827 5.148934
v 0.896200 4.657317 5.150171
v 0.904577 4.656807 5.151546
v 0.899908 4.658232 5.150573
v 0.904512 4.655201 5.151415
v 0.900057 4.657016 5.150905
v 0.896276 4.658366 5.150266
v 1.903673 4.617390 5.194634
v 1.906446 4.623293 5.191027
v 1.904161 4.619138 5.194358
v 1.904860 4.620871 5.193576
v 1.905664 4.622331 5.192407
v 4.333136 2.354580 5.199112
v 4.337477 2.360392 5.196286
v 4.334234 2.356301 5.199116
v 4.335443 2.358010 5.198580
v 4.336584 2.359446 5.197586
v 4.107462 1.980334 5.131136
v 4.110826 1.985196 5.136028
v 4.107962 1.980882 5.132784
v 4.108774 1.981999 5.134291
v 4.109781 1.983516 5.135431
v 4.623030 1.789329 5.163041
v 4.616964 1.787144 5.166106
v 4.622004 1.788658 5.164365
v 4.620489 1.788007 5.165410
v 4.618723 1.787474 5.166023
v 4.658922 0.716536 5.049365
v 4.654837 0.734865 5.054981
v 4.657408 0.716123 5.049178
v 4.658766 0.720610 5.051337
v 4.657934 0.725524 5.053097
v 4.658640 0.718309 5.051118
v 4.658071 0.721650 5.052542
v 4.657896 0.719814 5.051999
v 4.654970 0.730442 5.054207
v 4.655504 0.725327 5.052830
v 4.656553 0.730530 5.054376
v 4.656755 0.725686 5.053424
v 4.657045 0.721566 5.052429
v 4.658079 0.714980 5.049333
v 4.656363 0.720300 5.051066
v 4.657515 0.718159 5.050989
v 4.658377 0.716926 5.050952
v 3.713694 4.979196 3.554045
v 3.715380 4.982990 3.555947
v 3.714727 4.979455 3.555175
v 3.715414 4.980267 3.555933
v 3.715643 4.981509 3.556204
v 2.981329 4.982034 3.615745
v 2.979467 4.986062 3.613787
v 2.980280 4.982368 3.614610
v 2.979559 4.983251 3.613839
v 2.979273 4.984550 3.613550
v 3.294325 4.972063 3.956388
v 3.296003 4.975857 3.958281
v 3.295355 4.972323 3.957515
v 3.296038 4.973136 3.958270
v 3.296263 4.974376 3.958539
v 3.400721 4.989165 3.213425
v 3.398855 4.993193 3.211464
v 3.399672 4.989500 3.212290
v 3.398947 4.990385 3.211518
v 3.398661 4.991681 3.211228
v 3.755697 4.997300 2.784995
v 3.753813 5.001334 2.783009
v 3.754641 4.997636 2.783848
v 3.753912 4.998522 2.783069
v 3.753618 4.999820 2.782774
v 4.069033 4.987321 3.126004
v 4.070742 4.991123 3.127932
v 4.070074 4.987580 3.127145
v 4.070768 4.988395 3.127912
v 4.071001 4.989638 3.128189
v 4.355577 4.996136 2.685873
v 4.357252 4.999955 2.687954
v 4.356607 4.996397 2.687074
v 4.357290 4.997214 2.687892
v 4.357519 4.998463 2.688200
v 4.048357 5.006382 2.332102
v 4.046499 5.010425 2.329963
v 4.047308 5.006721 2.330897
v 4.046591 5.007607 2.330067
v 4.046305 5.008908 2.329740
v 4.692709 5.022948 1.476045
v 4.696650 5.027278 1.466964
v 4.694254 5.023337 1.472584
v 4.695543 5.024296 1.469644
v 4.696386 5.025679 1.467669
v 4.595808 5.006263 2.202244
v 4.596086 5.010044 2.207322
v 4.596308 5.006499 2.204594
v 4.596537 5.007302 2.206385
v 4.596460 5.008546 2.207343
v 4.434309 5.022912 1.541143
v 4.433844 5.027023 1.536015
v 4.433794 5.023276 1.538794
v 4.433523 5.024184 1.536995
v 4.433542 5.025500 1.536019
v 2.501406 4.976382 3.970939
v 2.499388 4.980410 3.969054
v 2.500299 4.976717 3.969833
v 2.499525 4.977600 3.969085
v 2.499208 4.978896 3.968812
v 2.831755 4.966467 4.304952
v 2.833574 4.970270 4.306760
v 2.832842 4.966728 4.306047
v 2.833567 4.967542 4.306775
v 2.833826 4.968787 4.307026
v 1.455656 4.963538 4.767052
v 1.446737 4.967641 4.771260
v 1.452276 4.963836 4.768678
v 1.449396 4.964721 4.770049
v 1.447451 4.966055 4.770955
v 1.563730 4.970354 4.454728
v 1.558294 4.974365 4.454538
v 1.561316 4.970683 4.454270
v 1.559435 4.971559 4.454072
v 1.558374 4.972854 4.454167
v 2.301226 4.962109 4.618464
v 2.306124 4.965953 4.618512
v 2.303492 4.962379 4.618888
v 2.305220 4.963204 4.619046
v 2.306143 4.964461 4.618914
v 3.681120 5.088067 3.520473
v 3.676893 5.092048 3.515944
v 3.680407 5.089560 3.519726
v 3.679358 5.090844 3.518603
v 3.678122 5.091716 3.517275
v 3.008009 5.088895 3.646659
v 3.012056 5.092734 3.651136
v 3.008650 5.090392 3.647385
v 3.009645 5.091649 3.648491
v 3.010843 5.092471 3.649808
v 3.261740 5.080935 3.922806
v 3.257524 5.084914 3.918286
v 3.261030 5.082429 3.922060
v 3.259981 5.083711 3.920939
v 3.258749 5.084582 3.919613
v 3.427393 5.096025 3.244336
v 3.431448 5.099866 3.248816
v 3.428038 5.097524 3.245063
v 3.429033 5.098780 3.246169
v 3.430231 5.099603 3.247487
v 3.782351 5.104157 2.815878
v 3.786425 5.108003 2.820384
v 3.782995 5.105658 2.816607
v 3.783995 5.106915 2.817719
v 3.785200 5.107737 2.819046
v 4.036486 5.096181 3.092465
v 4.032232 5.100171 3.087902
v 4.035772 5.097678 3.091714
v 4.034716 5.098963 3.090584
v 4.033468 5.099837 3.089245
v 4.323008 5.104977 2.652498
v 4.318792 5.108989 2.647738
v 4.322298 5.106482 2.651731
v 4.321245 5.107774 2.650557
v 4.320013 5.108653 2.649155
v 4.075033 5.113236 2.362828
v 4.079065 5.117081 2.367523
v 4.075674 5.114739 2.363572
v 4.076670 5.115998 2.364726
v 4.077856 5.116820 2.366113
v 4.693842 5.130759 1.465710
v 4.688925 5.134690 1.476355
v 4.693430 5.132333 1.466506
v 4.692354 5.133633 1.468808
v 4.690771 5.134459 1.472267
v 4.561861 5.115016 2.171884
v 4.559404 5.119130 2.163312
v 4.561281 5.116536 2.170824
v 4.560610 5.117850 2.168822
v 4.559954 5.118763 2.166185
v 4.462374 5.129824 1.568877
v 4.464640 5.133597 1.577358
v 4.462881 5.131323 1.569910
v 4.463491 5.132564 1.571885
v 4.464106 5.133365 1.574500
v 2.527929 5.083240 4.001924
v 2.532171 5.087083 4.006307
v 2.528585 5.084739 4.002644
v 2.529623 5.085996 4.003729
v 2.530882 5.086819 4.005015
v 2.799318 5.075333 4.271291
v 2.794920 5.079318 4.266873
v 2.798593 5.076829 4.270552
v 2.797502 5.078112 4.269452
v 2.796213 5.078986 4.268161
v 1.443926 5.071093 4.770007
v 1.454084 5.075322 4.764988
v 1.444662 5.072692 4.769610
v 1.446856 5.074058 4.768516
v 1.450163 5.074982 4.766893
v 1.586832 5.077189 4.487408
v 1.595331 5.081060 4.489676
v 1.587812 5.078692 4.487966
v 1.589773 5.079955 4.488593
v 1.592417 5.080787 4.489194
v 2.271879 5.070981 4.583056
v 2.263678 5.074952 4.580792
v 2.270864 5.072481 4.582479
v 2.268949 5.073765 4.581846
v 2.266424 5.074632 4.581254
v 0.892801 5.022232 4.787173
v 0.893301 5.022189 4.788835
v 0.891916 5.022200 4.788752
v 4.699182 5.090024 1.001539
v 4.700914 5.090001 1.002044
v 4.700800 5.090033 1.000650
v 5.132807 5.130277 2.676420
v 5.137350 5.125704 2.676298
v 5.134546 5.129940 2.675688
v 5.136023 5.128953 2.675409
v 5.137007 5.127465 2.675622
v 5.131891 2.521928 5.177473
v 5.136526 2.522432 5.173088
v 5.133669 2.521269 5.177116
v 5.135176 2.521135 5.176159
v 5.136175 2.521542 5.174743
v 5.131357 2.578588 2.612680
v 5.134832 2.579629 2.613267
v 5.132688 2.578143 2.612180
v 5.133814 2.578184 2.612116
v 2.577490 5.080958 5.234987
v 2.577578 5.085599 5.230541
v 2.576796 5.082698 5.234685
v 2.576567 5.084192 5.233733
v 2.576841 5.085210 5.232278
v 2.575232 5.139190 2.670270
v 2.575907 5.142640 2.671061
v 2.574747 5.140530 2.669821
v 2.574705 5.141656 2.669813
v 2.574415 2.533852 5.168504
v 2.574896 2.534376 5.172014
v 2.573915 2.533339 5.169826
v 2.573835 2.533258 5.170958
v 4.657770 5.122220 2.922422
v 4.662352 5.126515 2.920169
v 4.658129 5.123852 2.922283
v 4.659124 5.125241 2.921806
v 4.660608 5.126178 2.921063
v 2.822775 5.097483 4.760045
v 2.825121 5.093339 4.755375
v 2.823683 5.097203 4.758289
v 2.824450 5.096318 4.756786
v 2.824953 5.094960 4.755761
v 2.820406 5.135862 2.919243
v 2.822790 5.131536 2.921593
v 2.821329 5.135512 2.920174
v 2.822107 5.134568 2.920949
v 2.822618 5.133172 2.921446
v 4.646803 2.759228 5.180784
v 4.651422 2.756865 5.184971
v 4.647158 2.759016 5.182409
v 4.648157 2.758494 5.183775
v 4.649656 2.757739 5.184675
v 2.815859 4.610116 5.218548
v 2.813578 4.614512 5.222923
v 2.815683 4.610418 5.220186
v 2.815187 4.611359 5.221593
v 2.814447 4.612798 5.222554
v 2.800943 2.770735 5.178902
v 2.803152 2.773146 5.174711
v 2.801790 2.771627 5.178604
v 2.802507 2.772399 5.177703
v 2.802984 2.772931 5.176336
v 5.136373 4.654422 2.904820
v 5.132105 4.649827 2.907060
v 5.136045 4.652655 2.905677
v 5.135118 4.651162 2.906404
v 5.133738 4.650170 2.906889
v 5.134871 2.821523 4.708684
v 5.130598 2.822026 4.704540
v 5.134542 2.822398 4.707071
v 5.133615 2.822801 4.705717
v 5.132231 2.822670 4.704828
v 5.134890 2.865521 2.858751
v 5.130873 2.866140 2.861167
v 5.134584 2.866402 2.859650
v 5.133715 2.866829 2.860425
v 5.132410 2.866737 2.860959
v 4.652830 5.036551 2.922472
v 4.657125 5.040830 2.920448
v 4.654463 5.036881 2.921667
v 4.655851 5.037811 2.920998
v 4.656786 5.039198 2.920570
v 2.824472 5.010823 4.753380
v 2.826567 5.006649 4.749018
v 2.824621 5.009200 4.753017
v 2.825071 5.007836 4.752060
v 2.825754 5.006941 4.750655
v 2.822145 5.054595 2.919699
v 2.825125 5.050242 2.922603
v 2.822363 5.052958 2.919888
v 2.823004 5.051556 2.920506
v 2.823973 5.050602 2.921461
v 4.642611 2.763558 5.089605
v 4.646856 2.761303 5.093817
v 4.644236 2.762727 5.089912
v 4.645613 2.762006 5.090820
v 4.646532 2.761506 5.092191
v 2.818018 4.607923 5.132540
v 2.815908 4.612096 5.136900
v 2.817213 4.609551 5.132903
v 2.816526 4.610917 5.133860
v 2.816069 4.611810 5.135263
v 2.803205 2.775127 5.093065
v 2.806246 2.778214 5.088878
v 2.803438 2.775393 5.091440
v 2.804098 2.776074 5.090073
v 2.805082 2.777064 5.089174
v 5.045114 4.650327 2.907070
v 5.040831 4.646041 2.909107
v 5.043482 4.650010 2.907226
v 5.042093 4.649082 2.907667
v 5.041162 4.647689 2.908328
v 5.034536 2.771912 4.706520
v 5.030279 2.771909 4.702400
v 5.032904 2.771229 4.706234
v 5.031523 2.770986 4.705351
v 5.030600 2.771226 4.704004
v 5.034334 2.815777 2.863159
v 5.030317 2.816608 2.866331
v 5.032793 2.815196 2.863426
v 5.031488 2.815149 2.864121
v 5.030619 2.815644 2.865142
v 4.659773 5.040635 4.750907
v 4.655516 5.040566 4.755164
v 4.659449 5.040601 4.752537
v 4.658525 5.040577 4.753919
v 4.657145 5.040564 4.754842
v 0.992830 5.063670 4.750575
v 0.994078 5.063594 4.753590
v 0.992002 5.063649 4.751727
v 0.992678 5.063609 4.753360
v 4.634157 0.927556 5.093565
v 4.631132 0.926328 5.093529
v 4.633917 0.926157 5.093530
v 4.632277 0.925492 5.093511
v 0.976492 4.624943 5.174320
v 0.975229 4.621947 5.174247
v 0.975088 4.624725 5.174312
v 0.974405 4.623103 5.174272
v 5.088560 4.601828 4.750327
v 5.088575 4.606190 4.746173
v 5.088564 4.603467 4.750043
v 5.088572 4.604871 4.749154
v 5.088572 4.605828 4.747794
v 5.088633 4.691008 1.066665
v 5.088644 4.693966 1.067957
v 5.088636 4.692172 1.065855
v 5.088644 4.693771 1.066554
v 4.655123 5.122414 1.091963
v 4.652105 5.122461 1.090716
v 4.654890 5.122447 1.090562
v 4.653257 5.122472 1.089888
v 4.655272 4.597266 5.181129
v 4.659506 4.592974 5.181035
v 4.656900 4.596928 5.181123
v 4.658277 4.595996 5.181104
v 4.659193 4.594605 5.181072
v 5.076563 0.991422 4.657158
v 5.076570 0.993772 4.660774
v 5.076559 0.990503 4.658497
v 5.076559 0.990628 4.659653
v 5.076563 0.991775 4.660455
v 4.996260 3.478588 3.707258
v 5.000132 3.480374 3.708884
v 4.996569 3.479709 3.708289
v 4.997412 3.480441 3.708960
v 4.998663 3.480674 3.709169
v 4.988588 3.542052 2.975076
v 4.992525 3.539983 2.973141
v 4.988874 3.540912 2.974021
v 4.989721 3.540117 2.973282
v 4.991003 3.539792 2.972974
v 4.993853 3.882039 3.288898
v 4.997732 3.883817 3.290516
v 4.994165 3.883156 3.289927
v 4.995008 3.883884 3.290595
v 4.996263 3.884117 3.290802
v 4.990992 3.138625 3.393454
v 4.994928 3.136553 3.391516
v 4.991278 3.137483 3.392399
v 4.992125 3.136688 3.391659
v 4.993406 3.136361 3.391350
v 4.992552 2.709234 3.747360
v 4.996492 2.707135 3.745401
v 4.992834 2.708081 3.746295
v 4.993685 2.707278 3.745549
v 4.994966 2.706946 3.745235
v 4.997824 3.049586 4.061521
v 5.001707 3.051398 4.063172
v 4.998133 3.050716 4.062564
v 4.998980 3.051458 4.063243
v 5.000235 3.051697 4.063456
v 4.998568 2.608653 4.346966
v 5.002474 2.610617 4.348583
v 4.998880 2.609843 4.347996
v 4.999735 2.610635 4.348665
v 5.000994 2.610907 4.348871
v 4.993292 2.255521 4.038888
v 4.997240 2.253270 4.036958
v 4.993578 2.254310 4.037833
v 4.994429 2.253457 4.037097
v 4.995714 2.253093 4.036789
v 4.995626 1.397701 4.681099
v 4.999754 1.388488 4.684949
v 4.995935 1.394226 4.682627
v 4.996832 1.391257 4.683896
v 4.998171 1.389240 4.684712
v 4.998571 2.124322 4.585994
v 5.002504 2.129287 4.586221
v 4.998888 2.126664 4.586496
v 4.999746 2.128431 4.586715
v 5.001017 2.129351 4.586618
v 4.993151 1.463434 4.422869
v 4.997099 1.458187 4.422324
v 4.993437 1.461077 4.422344
v 4.994287 1.459250 4.422056
v 4.995573 1.458238 4.422049
v 4.985270 3.898486 2.496049
v 4.989206 3.896490 2.493962
v 4.985552 3.897374 2.494935
v 4.986399 3.896603 2.494147
v 4.987680 3.896293 2.493805
v 4.990686 4.231802 2.827211
v 4.994574 4.233491 2.828968
v 4.990999 4.232885 2.828294
v 4.991846 4.233588 2.829008
v 4.993101 4.233802 2.829245
v 4.978155 4.697310 1.452314
v 4.982225 4.701419 1.443335
v 4.978441 4.698935 1.448934
v 4.979315 4.700287 1.446041
v 4.980646 4.701159 1.444075
v 4.977644 4.384642 1.559611
v 4.981554 4.384350 1.554109
v 4.977915 4.384181 1.557191
v 4.978754 4.383962 1.555295
v 4.980032 4.384024 1.554213
v 4.986589 4.546661 2.297480
v 4.990519 4.546586 2.302310
v 4.986910 4.547072 2.299741
v 4.987768 4.547202 2.301453
v 4.989035 4.547030 2.302355
v 5.103537 3.441933 3.672778
v 5.107313 3.437299 3.668480
v 5.104998 3.441144 3.672042
v 5.106226 3.439986 3.670965
v 5.107038 3.438636 3.669715
v 5.096743 3.569762 3.000010
v 5.100779 3.574115 3.004004
v 5.098272 3.570442 3.000630
v 5.099577 3.571509 3.001606
v 5.100454 3.572799 3.002791
v 5.101133 3.845373 3.254411
v 5.104910 3.840749 3.250120
v 5.102594 3.844584 3.253675
v 5.103823 3.843430 3.252602
v 5.104635 3.842082 3.251353
v 5.099146 3.166331 3.418386
v 5.103182 3.170686 3.422383
v 5.100676 3.167011 3.419006
v 5.101976 3.168077 3.419983
v 5.102858 3.169370 3.421169
v 5.100698 2.736911 3.772268
v 5.104742 2.741293 3.776288
v 5.102228 2.737594 3.772889
v 5.103537 2.738665 3.773872
v 5.104414 2.739965 3.775066
v 5.105093 3.012963 4.027075
v 5.108877 3.008297 4.022743
v 5.106558 3.012172 4.026335
v 5.107790 3.011006 4.025252
v 5.108602 3.009644 4.023989
v 5.105822 2.572195 4.312498
v 5.109621 2.567332 4.308203
v 5.107294 2.571385 4.311760
v 5.108530 2.570178 4.310684
v 5.109346 2.568754 4.309435
v 5.101431 2.283043 4.063820
v 5.105482 2.287613 4.067796
v 5.102964 2.283740 4.064439
v 5.104277 2.284856 4.065411
v 5.105158 2.286216 4.066592
v 5.103086 1.384216 4.680390
v 5.107248 1.394753 4.675431
v 5.104677 1.384964 4.679956
v 5.106028 1.387232 4.678860
v 5.106928 1.390667 4.677272
v 5.105806 2.090884 4.550152
v 5.109629 2.082200 4.547611
v 5.107286 2.089781 4.549543
v 5.108530 2.087744 4.548847
v 5.109350 2.085080 4.548167
v 5.101286 1.487956 4.449186
v 5.105341 1.496319 4.451401
v 5.102819 1.488944 4.449671
v 5.104132 1.490880 4.450261
v 5.105017 1.493470 4.450870
v 5.093420 3.926268 2.520830
v 5.097460 3.930526 2.525016
v 5.094950 3.926941 2.521464
v 5.096254 3.927987 2.522482
v 5.097136 3.929246 2.523729
v 5.097963 4.195056 2.792870
v 5.101744 4.190533 2.788395
v 5.099424 4.194275 2.792119
v 5.100656 4.193142 2.791005
v 5.101469 4.191828 2.789697
v 5.085535 4.697148 1.438776
v 5.089788 4.691981 1.448853
v 5.087137 4.696702 1.439487
v 5.088507 4.695563 1.441651
v 5.089437 4.693906 1.444941
v 5.085760 4.414126 1.580976
v 5.089838 4.416259 1.589414
v 5.087297 4.414637 1.581934
v 5.088610 4.415224 1.583874
v 5.089502 4.415793 1.586500
v 5.093870 4.508163 2.266224
v 5.097635 4.505805 2.257955
v 5.095335 4.507544 2.265183
v 5.096567 4.506881 2.263246
v 5.097372 4.506270 2.260708
v 5.027945 4.717145 0.888591
v 5.027956 4.718808 0.889095
v 5.027941 4.718730 0.887712
v 5.048883 0.921422 4.685459
v 5.048902 0.921923 4.687193
v 5.048887 0.919944 4.686703
v 3.517359 3.569249 5.135553
v 3.518816 3.570401 5.139708
v 3.518476 3.570189 5.136064
v 3.519144 3.570740 5.137036
v 3.519262 3.570814 5.138315
v 3.555403 2.839196 5.059660
v 3.552896 2.836980 5.063174
v 3.554205 2.838169 5.059729
v 3.553305 2.837388 5.060423
v 3.552847 2.836968 5.061631
v 3.904192 3.135546 5.127688
v 3.905645 3.136694 5.131846
v 3.905310 3.136487 5.128199
v 3.905973 3.137034 5.129170
v 3.906095 3.137107 5.130450
v 3.168589 3.272918 5.067529
v 3.166075 3.270693 5.071041
v 3.167387 3.271888 5.067599
v 3.166487 3.271103 5.068290
v 3.166025 3.270683 5.069500
v 2.753752 3.643777 5.065666
v 2.751211 3.641528 5.069175
v 2.752539 3.642736 5.065734
v 2.751627 3.641944 5.066425
v 2.751162 3.641520 5.067632
v 3.102926 3.940450 5.133766
v 3.104406 3.941623 5.137930
v 3.104052 3.941400 5.134281
v 3.104727 3.941954 5.135253
v 3.104853 3.942034 5.136534
v 2.674276 4.244766 5.123147
v 2.675905 4.245889 5.127312
v 2.675459 4.245697 5.123660
v 2.676184 4.246238 5.124633
v 2.676340 4.246304 5.125915
v 2.310072 3.953763 5.055280
v 2.307356 3.951547 5.058792
v 2.308790 3.952736 5.055348
v 2.307825 3.951955 5.056039
v 2.307322 3.951537 5.057247
v 1.419989 4.652370 5.063508
v 1.411089 4.655835 5.067523
v 1.416761 4.653878 5.063759
v 1.413938 4.655068 5.064610
v 1.411947 4.655755 5.065932
v 2.201223 4.526038 5.103746
v 2.205450 4.525697 5.107790
v 2.203402 4.526410 5.104212
v 2.204969 4.526476 5.105145
v 2.205690 4.526225 5.106401
v 1.474638 4.370615 5.041386
v 1.468897 4.369800 5.044994
v 1.472197 4.370125 5.041488
v 1.470247 4.369798 5.042210
v 1.469088 4.369684 5.043441
v 3.893415 2.347362 5.040453
v 3.890978 2.344992 5.043958
v 3.892240 2.346277 5.040519
v 3.891367 2.345445 5.041209
v 3.890924 2.344993 5.042416
v 4.236166 2.661234 5.109779
v 4.237535 2.662524 5.113956
v 4.237249 2.662229 5.110296
v 4.237894 2.662825 5.111271
v 4.237993 2.662928 5.112556
v 4.651979 1.274721 5.000749
v 4.655363 1.265214 5.004250
v 4.653448 1.271260 5.000840
v 4.654608 1.268238 5.001539
v 4.655279 1.266116 5.002735
v 4.344767 1.395391 4.982544
v 4.343904 1.389550 4.985833
v 4.344194 1.392978 4.982528
v 4.343828 1.391018 4.983146
v 4.343729 1.389816 4.984308
v 4.531107 2.120919 5.080871
v 4.530828 2.125338 5.085242
v 4.531565 2.123115 5.081455
v 4.531671 2.124728 5.082492
v 4.531412 2.125506 5.083822
v 3.469439 3.526138 5.234988
v 3.464331 3.521712 5.237873
v 3.468492 3.525299 5.236291
v 3.467184 3.524163 5.237294
v 3.465727 3.522902 5.237851
v 3.573534 2.852209 5.171858
v 3.577623 2.855595 5.176657
v 3.574087 2.852646 5.173497
v 3.575060 2.853442 5.174986
v 3.576300 2.854478 5.176096
v 3.856272 3.092433 5.227124
v 3.851164 3.088010 5.230008
v 3.855322 3.091596 5.228424
v 3.854017 3.090461 5.229430
v 3.852560 3.089201 5.229985
v 3.186712 3.285922 5.179724
v 3.190809 3.289314 5.184528
v 3.187269 3.286359 5.181364
v 3.188242 3.287157 5.182853
v 3.189486 3.288195 5.183964
v 2.771849 3.656758 5.177851
v 2.775976 3.660176 5.182664
v 2.772406 3.657197 5.179494
v 2.773382 3.658000 5.180983
v 2.774637 3.659045 5.182098
v 3.055037 3.897365 5.233198
v 3.049898 3.892915 5.236089
v 3.054083 3.896522 5.234502
v 3.052771 3.895381 5.235510
v 3.051302 3.894114 5.236067
v 2.626547 4.201640 5.222558
v 2.621218 4.197249 5.225470
v 2.625574 4.200801 5.223869
v 2.624224 4.199672 5.224882
v 2.622690 4.198424 5.225445
v 2.327993 3.966774 5.167460
v 2.332327 3.970143 5.172279
v 2.328566 3.967211 5.169102
v 2.329588 3.968003 5.170595
v 2.330912 3.969033 5.171712
v 1.396841 4.641435 5.168963
v 1.405722 4.636247 5.173193
v 1.397345 4.640863 5.170518
v 1.399206 4.639678 5.171869
v 1.402151 4.638056 5.172807
v 2.156111 4.481464 5.203006
v 2.147593 4.478856 5.206099
v 2.154890 4.480756 5.204339
v 2.152845 4.480011 5.205395
v 2.150282 4.479344 5.206013
v 1.489527 4.385029 5.153654
v 1.497610 4.386646 5.158358
v 1.490385 4.385330 5.155289
v 1.492224 4.385743 5.156759
v 1.494760 4.386205 5.157836
v 3.911615 2.360221 5.152639
v 3.915617 2.363802 5.157452
v 3.912161 2.360671 5.154279
v 3.913115 2.361512 5.155772
v 3.914328 2.362611 5.156884
v 4.188169 2.618270 5.209217
v 4.183157 2.613658 5.212097
v 4.187227 2.617418 5.210520
v 4.185945 2.616240 5.211525
v 4.184515 2.614921 5.212077
v 4.641104 1.250806 5.105747
v 4.635916 1.260640 5.110505
v 4.640532 1.251376 5.107363
v 4.639345 1.253445 5.108836
v 4.637724 1.256698 5.109939
v 4.364542 1.404779 5.094507
v 4.366571 1.412680 5.099597
v 4.364939 1.405559 5.096172
v 4.365465 1.407336 5.097721
v 4.366037 1.409836 5.098924
v 4.481478 2.081100 5.180473
v 4.478483 2.072624 5.183152
v 4.480688 2.079948 5.181762
v 4.479837 2.077935 5.182725
v 4.479067 2.075362 5.183213
v 4.647089 0.708508 4.994841
v 4.648760 0.708935 4.995058
v 4.647730 0.707332 4.994778
v 0.880766 4.650128 5.092890
v 0.881231 4.651881 5.093058
v 0.879602 4.650806 5.092890
v 1.934835 4.643261 5.143648
v 1.926485 4.645416 5.143247
v 1.929281 4.643761 5.146965
v 1.933050 4.644077 5.143563
v 1.930838 4.644773 5.143456
v 1.928534 4.645243 5.143345
v 4.656454 5.163327 1.086992
v 5.135027 4.694911 1.061890
v 5.132151 1.039862 4.659349
v 0.969881 4.625247 5.215572
vt 0.024689 0.243520
vt 0.022089 0.239058
vt 0.025522 0.239321
vt 0.314703 0.122046
vt 0.311195 0.134322
vt 0.312211 0.121843
vt 0.022742 0.234777
vt 0.019737 0.230086
vt 0.023202 0.230447
vt 0.283990 0.157528
vt 0.284306 0.169694
vt 0.281854 0.169389
vt 0.023520 0.221865
vt 0.026821 0.218292
vt 0.026929 0.222312
vt 0.315292 0.109576
vt 0.312797 0.109391
vt 0.288969 0.106791
vt 0.291465 0.093316
vt 0.291432 0.106946
vt 0.287341 0.132371
vt 0.288303 0.145365
vt 0.285846 0.145112
vt 0.026871 0.226510
vt 0.026627 0.230802
vt 0.020000 0.225696
vt 0.023454 0.226109
vt 0.281859 0.181146
vt 0.279411 0.180810
vt 0.303084 0.192695
vt 0.303380 0.181466
vt 0.305863 0.181770
vt 0.308286 0.170643
vt 0.307915 0.158824
vt 0.310404 0.159088
vt 0.278862 0.192968
vt 0.276428 0.192604
vt 0.274378 0.208392
vt 0.271970 0.208030
vt 0.296135 0.214900
vt 0.297378 0.203311
vt 0.299868 0.203670
vt 0.023419 0.217798
vt 0.026544 0.214407
vt 0.268065 0.229920
vt 0.265673 0.229614
vt 0.261491 0.255166
vt 0.259097 0.254903
vt 0.291918 0.226386
vt 0.293633 0.214502
vt 0.022674 0.209888
vt 0.025455 0.206698
vt 0.026093 0.210577
vt 0.315482 0.097096
vt 0.312983 0.096926
vt 0.315290 0.084214
vt 0.312777 0.084050
vt 0.287895 0.074326
vt 0.287783 0.046477
vt 0.290371 0.074377
vt 0.019274 0.234469
vt 0.314736 0.070523
vt 0.312203 0.070367
vt 0.313950 0.056491
vt 0.311473 0.056214
vt 0.285311 0.046453
vt 0.284298 0.013465
vt 0.019763 0.248642
vt 0.017682 0.243344
vt 0.021199 0.243427
vt 0.308712 0.134100
vt 0.309723 0.121641
vt 0.297229 0.158316
vt 0.302989 0.170064
vt 0.295109 0.170027
vt 0.286445 0.157806
vt 0.286763 0.169999
vt 0.284647 0.181492
vt 0.289775 0.192657
vt 0.281636 0.193332
vt 0.310306 0.109207
vt 0.310485 0.096757
vt 0.289798 0.132595
vt 0.293306 0.119952
vt 0.292258 0.132819
vt 0.290763 0.145618
vt 0.290842 0.119758
vt 0.293901 0.107101
vt 0.309738 0.146737
vt 0.305800 0.170360
vt 0.305430 0.158561
vt 0.303320 0.170078
vt 0.281299 0.193335
vt 0.287098 0.170013
vt 0.292679 0.181305
vt 0.300599 0.192365
vt 0.300901 0.181162
vt 0.298120 0.192033
vt 0.270449 0.230226
vt 0.285857 0.205805
vt 0.277129 0.208698
vt 0.294894 0.202949
vt 0.289491 0.225792
vt 0.291158 0.214102
vt 0.263885 0.255429
vt 0.309978 0.109170
vt 0.301579 0.120804
vt 0.302168 0.108165
vt 0.293941 0.093418
vt 0.292850 0.074428
vt 0.310265 0.083891
vt 0.309686 0.070212
vt 0.302276 0.095107
vt 0.309934 0.083775
vt 0.310157 0.096707
vt 0.290260 0.046502
vt 0.286774 0.013498
vt 0.308957 0.055929
vt 0.288382 0.119566
vt 0.310543 0.031937
vt 0.308278 0.032171
vt 0.306013 0.032408
vt 0.293638 0.119983
vt 0.294232 0.107137
vt 0.288903 0.158084
vt 0.292589 0.132846
vt 0.017559 0.255313
vt 0.015885 0.249477
vt 0.026171 0.235086
vt 0.293185 0.074545
vt 0.300021 0.058393
vt 0.301596 0.079204
vt 0.279479 0.243026
vt 0.265484 0.257419
vt 0.277661 0.241747
vt 0.264067 0.255504
vt 0.275842 0.240465
vt 0.300568 0.181152
vt 0.312228 0.146981
vt 0.309395 0.121610
vt 0.300550 0.133464
vt 0.307252 0.146493
vt 0.014994 0.262694
vt 0.012832 0.258269
vt 0.020889 0.256851
vt 0.022315 0.252340
vt 0.308633 0.055983
vt 0.309347 0.069961
vt 0.290608 0.046767
vt 0.297881 0.035055
vt 0.021876 0.205255
vt 0.024619 0.202678
vt 0.019980 0.217289
vt 0.023148 0.213865
vt 0.284311 0.181483
vt 0.290762 0.214278
vt 0.280639 0.222044
vt 0.020076 0.221404
vt 0.019711 0.213308
vt 0.299070 0.146054
vt 0.291095 0.145640
vt 0.288997 0.093215
vt 0.213771 0.100178
vt 0.179987 0.133906
vt 0.178735 0.133547
vt 0.294273 0.093467
vt 0.020681 0.199509
vt 0.023689 0.198737
vt 0.016751 0.196468
vt 0.019384 0.193377
vt 0.270824 0.230033
vt 0.275893 0.239930
vt 0.264399 0.254669
vt 0.286840 0.225071
vt 0.304852 0.008036
vt 0.307123 0.007129
vt 0.023629 0.247821
vt 0.302577 0.008960
vt 0.294541 0.203003
vt 0.313686 0.134545
vt 0.289236 0.158102
vt 0.297783 0.192035
vt 0.019216 0.209183
vt 0.276782 0.208758
vt 0.287118 0.225207
vt 0.305100 0.158543
vt 0.306923 0.146471
vt 0.308383 0.134073
vt 0.018615 0.238799
vt 0.018276 0.203814
vt 0.233452 0.034725
vt 0.139804 0.027773
vt 0.253043 0.028160
vt 0.074143 0.072757
vt 0.121012 0.102083
vt 0.121029 0.103435
vt 0.077648 0.072419
vt 0.121016 0.100698
vt 0.162952 0.114355
vt 0.153020 0.074361
vt 0.185471 0.076802
vt 0.174114 0.243925
vt 0.091218 0.199166
vt 0.095586 0.195535
vt 0.259236 0.065460
vt 0.214500 0.101031
vt 0.172487 0.240873
vt 0.165730 0.186345
vt 0.166838 0.186174
vt 0.148061 0.054394
vt 0.207968 0.039286
vt 0.212040 0.234727
vt 0.265870 0.158078
vt 0.207506 0.255525
vt 0.058556 0.111875
vt 0.112079 0.125365
vt 0.060605 0.113448
vt 0.202691 0.171037
vt 0.238820 0.151192
vt 0.222585 0.207136
vt 0.155649 0.140239
vt 0.111780 0.126486
vt 0.266799 0.043952
vt 0.272243 0.159825
vt 0.043794 0.095353
vt 0.086374 0.203191
vt 0.029162 0.077983
vt 0.187568 0.260340
vt 0.259485 0.065610
vt 0.258442 0.156026
vt 0.258390 0.067670
vt 0.191037 0.180371
vt 0.179934 0.134093
vt 0.192117 0.180018
vt 0.165208 0.124596
vt 0.110539 0.111008
vt 0.116269 0.106864
vt 0.137944 0.021584
vt 0.273561 0.021481
vt 0.178432 0.133568
vt 0.212156 0.093918
vt 0.213690 0.099974
vt 0.259768 0.156400
vt 0.212391 0.231413
vt 0.138263 0.308105
vt 0.132723 0.242487
vt 0.193802 0.279759
vt 0.162356 0.134239
vt 0.110423 0.111260
vt 0.166499 0.130437
vt 0.203403 0.084955
vt 0.197346 0.083349
vt 0.186321 0.184922
vt 0.190863 0.180503
vt 0.210294 0.087096
vt 0.273917 0.021750
vt 0.210090 0.086894
vt 0.167946 0.185998
vt 0.156690 0.139543
vt 0.157644 0.138678
vt 0.095875 0.195290
vt 0.060448 0.113651
vt 0.096982 0.194321
vt 0.051341 0.075041
vt 0.029370 0.077624
vt 0.173488 0.243156
vt 0.172243 0.241019
vt 0.173758 0.243017
vt 0.172309 0.131900
vt 0.181129 0.189790
vt 0.166739 0.130381
vt 0.057707 0.111370
vt 0.111386 0.118039
vt 0.112371 0.124033
vt 0.163711 0.118519
vt 0.202427 0.277348
vt 0.258151 0.067548
vt 0.215226 0.101887
vt 0.163236 0.117016
vt 0.163544 0.118264
vt 0.141317 0.033410
vt 0.230113 0.036326
vt 0.141123 0.035143
vt 0.077184 0.270834
vt 0.082723 0.336452
vt 0.074170 0.072491
vt 0.077686 0.072185
vt 0.163737 0.118215
vt 0.196210 0.082490
vt 0.197139 0.083269
vt 0.180852 0.189859
vt 0.174097 0.187879
vt 0.112380 0.124245
vt 0.156561 0.139401
vt 0.202032 0.277481
vt 0.071645 0.205215
vt 0.116057 0.273809
vt 0.166571 0.130210
vt 0.162944 0.115806
vt 0.140941 0.036912
vt 0.080691 0.071741
vt 0.227937 0.037456
vt 0.181144 0.134431
vt 0.193197 0.179660
vt 0.257492 0.069448
vt 0.212562 0.229384
vt 0.257127 0.155656
vt 0.062159 0.115015
vt 0.098078 0.193361
vt 0.155774 0.140375
vt 0.171129 0.239155
vt 0.259801 0.064701
vt 0.260130 0.156500
vt 0.211953 0.233790
vt 0.212126 0.231393
vt 0.212315 0.229366
vt 0.181195 0.134251
vt 0.157786 0.138416
vt 0.154950 0.141782
vt 0.126541 0.166895
vt 0.114870 0.139234
vt 0.112357 0.179433
vt 0.074828 0.136689
vt 0.120928 0.103603
vt 0.073456 0.072611
vt 0.125536 0.091918
vt 0.088155 0.069502
vt 0.163125 0.115763
vt 0.195279 0.081716
vt 0.218934 0.115065
vt 0.255054 0.095248
vt 0.182779 0.134902
vt 0.220157 0.145767
vt 0.168162 0.186035
vt 0.152416 0.181999
vt 0.149885 0.222176
vt 0.062308 0.114825
vt 0.141306 0.033056
vt 0.232704 0.035276
vt 0.230243 0.036578
vt 0.228047 0.037669
vt 0.054750 0.243297
vt 0.052061 0.238850
vt 0.055507 0.239061
vt 0.403768 0.121458
vt 0.400360 0.134172
vt 0.401194 0.121300
vt 0.052659 0.234541
vt 0.049584 0.229871
vt 0.053070 0.230186
vt 0.372731 0.158093
vt 0.373021 0.170446
vt 0.370536 0.170122
vt 0.053262 0.221545
vt 0.056528 0.217877
vt 0.056711 0.221938
vt 0.404079 0.108565
vt 0.401498 0.108442
vt 0.376972 0.106488
vt 0.378966 0.092745
vt 0.379475 0.106563
vt 0.375931 0.132515
vt 0.377057 0.145714
vt 0.374560 0.145477
vt 0.056716 0.226176
vt 0.056521 0.230503
vt 0.049782 0.225460
vt 0.053265 0.225820
vt 0.370428 0.182046
vt 0.367955 0.181674
vt 0.391944 0.194184
vt 0.392407 0.182627
vt 0.394960 0.182965
vt 0.397529 0.171527
vt 0.397154 0.159376
vt 0.399712 0.159641
vt 0.367188 0.193963
vt 0.364741 0.193544
vt 0.362266 0.209371
vt 0.359868 0.208931
vt 0.384185 0.216909
vt 0.385831 0.205004
vt 0.388384 0.205443
vt 0.053084 0.217447
vt 0.056164 0.213956
vt 0.355245 0.230649
vt 0.352827 0.230265
vt 0.348024 0.256008
vt 0.345322 0.256167
vt 0.379277 0.228246
vt 0.381629 0.216381
vt 0.052153 0.209502
vt 0.054852 0.206217
vt 0.055612 0.210100
vt 0.403894 0.095640
vt 0.401297 0.095557
vt 0.403127 0.082270
vt 0.400519 0.082242
vt 0.374554 0.073991
vt 0.373498 0.047329
vt 0.376975 0.073928
vt 0.049176 0.234277
vt 0.401701 0.068140
vt 0.399076 0.068202
vt 0.399318 0.053860
vt 0.396853 0.054184
vt 0.371037 0.047236
vt 0.372417 0.017162
vt 0.049868 0.248501
vt 0.047674 0.243215
vt 0.051229 0.243251
vt 0.397801 0.133976
vt 0.398627 0.121142
vt 0.386209 0.158876
vt 0.392087 0.170912
vt 0.384021 0.170841
vt 0.375222 0.158372
vt 0.375516 0.170770
vt 0.373253 0.182435
vt 0.378291 0.193887
vt 0.369986 0.194393
vt 0.398923 0.108322
vt 0.398707 0.095477
vt 0.378433 0.132705
vt 0.381761 0.119756
vt 0.380941 0.132896
vt 0.379562 0.145952
vt 0.379246 0.119618
vt 0.381991 0.106636
vt 0.398973 0.146951
vt 0.394974 0.171227
vt 0.394603 0.159111
vt 0.392427 0.170928
vt 0.369645 0.194388
vt 0.375856 0.170787
vt 0.381440 0.182343
vt 0.389391 0.193801
vt 0.389863 0.182288
vt 0.386849 0.193416
vt 0.357641 0.231034
vt 0.373969 0.207174
vt 0.365014 0.209770
vt 0.383291 0.204563
vt 0.376896 0.227552
vt 0.379108 0.215864
vt 0.350635 0.255231
vt 0.398584 0.108293
vt 0.390237 0.120451
vt 0.390501 0.107482
vt 0.381466 0.092738
vt 0.379397 0.073853
vt 0.397922 0.082216
vt 0.396490 0.068256
vt 0.390136 0.094115
vt 0.397576 0.082115
vt 0.398367 0.095437
vt 0.375964 0.047391
vt 0.373450 0.019819
vt 0.394444 0.054493
vt 0.376742 0.119482
vt 0.387265 0.033306
vt 0.385390 0.034526
vt 0.383498 0.035705
vt 0.382100 0.119780
vt 0.382330 0.106661
vt 0.377723 0.158653
vt 0.381280 0.132918
vt 0.047824 0.255130
vt 0.045997 0.249400
vt 0.056098 0.234807
vt 0.379728 0.073952
vt 0.385842 0.057705
vt 0.388666 0.078031
vt 0.048713 0.192910
vt 0.045201 0.187081
vt 0.049294 0.192434
vt 0.045954 0.186766
vt 0.049879 0.191960
vt 0.389521 0.182275
vt 0.401533 0.147184
vt 0.398289 0.121117
vt 0.389417 0.133435
vt 0.396419 0.146718
vt 0.045741 0.262590
vt 0.043283 0.258268
vt 0.051082 0.256504
vt 0.052468 0.252166
vt 0.394145 0.054578
vt 0.396132 0.068031
vt 0.376274 0.047620
vt 0.383485 0.036166
vt 0.051235 0.204890
vt 0.053875 0.202258
vt 0.049609 0.217005
vt 0.052726 0.213490
vt 0.372912 0.182421
vt 0.378700 0.216028
vt 0.368139 0.223375
vt 0.049784 0.221142
vt 0.049255 0.213010
vt 0.388037 0.146331
vt 0.379901 0.145973
vt 0.376480 0.092747
vt 0.028880 0.213574
vt 0.031519 0.218128
vt 0.028018 0.217863
vt 0.381802 0.092772
vt 0.049933 0.199258
vt 0.052817 0.198535
vt 0.046064 0.196122
vt 0.048719 0.193072
vt 0.358015 0.230856
vt 0.362756 0.241007
vt 0.351137 0.254549
vt 0.374289 0.226726
vt 0.372640 0.017106
vt 0.371152 0.013841
vt 0.053745 0.247638
vt 0.373599 0.019782
vt 0.382927 0.204609
vt 0.402929 0.134371
vt 0.378062 0.158671
vt 0.386503 0.193412
vt 0.366228 0.244199
vt 0.048668 0.208883
vt 0.364664 0.209819
vt 0.364461 0.242867
vt 0.374561 0.226874
vt 0.394264 0.159093
vt 0.396081 0.146698
vt 0.397463 0.133952
vt 0.048570 0.238637
vt 0.047624 0.203528
vt 0.359078 0.118585
vt 0.355802 0.130946
vt 0.356577 0.118426
vt 0.030870 0.222486
vt 0.033964 0.227212
vt 0.030447 0.226892
vt 0.329069 0.154813
vt 0.329695 0.166982
vt 0.327243 0.166732
vt 0.030291 0.235627
vt 0.027023 0.239366
vt 0.026799 0.235258
vt 0.359459 0.106073
vt 0.356951 0.105926
vt 0.332905 0.103738
vt 0.335102 0.090156
vt 0.335381 0.103840
vt 0.331828 0.129487
vt 0.333097 0.142514
vt 0.330628 0.142320
vt 0.026769 0.230964
vt 0.026953 0.226575
vt 0.033777 0.231656
vt 0.030262 0.231307
vt 0.327455 0.178489
vt 0.325001 0.178184
vt 0.349029 0.189678
vt 0.349039 0.178366
vt 0.351539 0.178612
vt 0.353712 0.167384
vt 0.353050 0.155546
vt 0.355545 0.155750
vt 0.324543 0.190491
vt 0.322090 0.190118
vt 0.319812 0.206754
vt 0.317380 0.206317
vt 0.343245 0.212847
vt 0.343726 0.200727
vt 0.346243 0.200988
vt 0.030509 0.239761
vt 0.027448 0.243313
vt 0.312311 0.230221
vt 0.309887 0.229749
vt 0.303300 0.257804
vt 0.300999 0.257178
vt 0.340166 0.224859
vt 0.340719 0.212586
vt 0.031540 0.247757
vt 0.028782 0.251138
vt 0.028031 0.247195
vt 0.359473 0.093527
vt 0.356952 0.093392
vt 0.359088 0.080516
vt 0.356546 0.080406
vt 0.331317 0.071330
vt 0.331364 0.044341
vt 0.333745 0.071361
vt 0.034389 0.222776
vt 0.358198 0.066675
vt 0.355621 0.066629
vt 0.356538 0.052499
vt 0.354080 0.052671
vt 0.328978 0.044265
vt 0.329357 0.012520
vt 0.033934 0.208412
vt 0.036015 0.213792
vt 0.032438 0.213689
vt 0.353310 0.130773
vt 0.354079 0.118268
vt 0.342345 0.155288
vt 0.348385 0.166929
vt 0.340497 0.167075
vt 0.331536 0.155031
vt 0.332157 0.167233
vt 0.330258 0.178797
vt 0.335582 0.189997
vt 0.327351 0.190857
vt 0.354445 0.105781
vt 0.354434 0.093261
vt 0.334302 0.129657
vt 0.337555 0.116875
vt 0.336779 0.129828
vt 0.335571 0.142709
vt 0.335075 0.116733
vt 0.337864 0.103942
vt 0.354602 0.143403
vt 0.351212 0.167160
vt 0.350557 0.155341
vt 0.348717 0.166935
vt 0.327010 0.190864
vt 0.332493 0.167240
vt 0.338300 0.178449
vt 0.346522 0.189420
vt 0.346542 0.178120
vt 0.344017 0.189160
vt 0.314742 0.230693
vt 0.331750 0.203782
vt 0.322608 0.207130
vt 0.341210 0.200463
vt 0.337637 0.224597
vt 0.335064 0.224519
vt 0.338196 0.212324
vt 0.305658 0.258244
vt 0.354116 0.105750
vt 0.345883 0.117576
vt 0.346225 0.104868
vt 0.337585 0.090210
vt 0.336174 0.071384
vt 0.354009 0.080301
vt 0.353077 0.066582
vt 0.346085 0.091749
vt 0.353674 0.080192
vt 0.354103 0.093215
vt 0.333734 0.044407
vt 0.332120 0.013122
vt 0.351671 0.052837
vt 0.332603 0.116592
vt 0.346165 0.030792
vt 0.344202 0.031672
vt 0.342235 0.032549
vt 0.337889 0.116899
vt 0.338197 0.103971
vt 0.334007 0.155250
vt 0.337112 0.129848
vt 0.036159 0.201741
vt 0.037864 0.207583
vt 0.027373 0.222195
vt 0.336503 0.071496
vt 0.343075 0.055508
vt 0.345103 0.075866
vt 0.035241 0.264990
vt 0.039248 0.271334
vt 0.034711 0.265485
vt 0.038525 0.271621
vt 0.034177 0.265982
vt 0.346208 0.178118
vt 0.357100 0.143593
vt 0.353749 0.118243
vt 0.345113 0.130301
vt 0.352108 0.143214
vt 0.038484 0.194165
vt 0.040834 0.198599
vt 0.032909 0.200305
vt 0.031403 0.204662
vt 0.351366 0.052903
vt 0.352733 0.066346
vt 0.334059 0.044668
vt 0.342176 0.033055
vt 0.032568 0.252473
vt 0.029728 0.255173
vt 0.034018 0.240173
vt 0.030914 0.243741
vt 0.329920 0.178793
vt 0.337810 0.212494
vt 0.326419 0.221434
vt 0.033805 0.236005
vt 0.034413 0.244189
vt 0.343905 0.142957
vt 0.335904 0.142724
vt 0.332627 0.090099
vt 0.337918 0.090253
vt 0.034039 0.258319
vt 0.030803 0.258977
vt 0.038054 0.261735
vt 0.035240 0.264840
vt 0.315133 0.230508
vt 0.320471 0.240947
vt 0.306189 0.257627
vt 0.334746 0.224407
vt 0.333999 0.011597
vt 0.335711 0.010095
vt 0.029999 0.209200
vt 0.332283 0.013090
vt 0.340855 0.200527
vt 0.358301 0.131119
vt 0.334342 0.155260
vt 0.343678 0.189170
vt 0.030296 0.259694
vt 0.030784 0.259079
vt 0.035064 0.248352
vt 0.322253 0.207193
vt 0.029818 0.260311
vt 0.350227 0.155330
vt 0.351779 0.143199
vt 0.352981 0.130753
vt 0.035041 0.218390
vt 0.036281 0.253886
vt 0.015110 0.188075
vt 0.015103 0.188116
vt 0.015078 0.188058
vt 0.015134 0.188141
vt 0.015116 0.188160
vt 0.015080 0.188107
vt 0.015057 0.188057
vt 0.015098 0.188144
vt 0.015139 0.188261
vt 0.015160 0.188250
vt 0.015167 0.188296
vt 0.015112 0.188216
vt 0.015127 0.188207
vt 0.015148 0.188197
vt 0.015101 0.188169
vt 0.015050 0.188110
vt 0.015078 0.188131
vt 0.015083 0.188169
vt 0.307201 0.007151
vt 0.307216 0.007250
vt 0.009048 0.268621
vt 0.009066 0.268598
vt 0.009086 0.268595
vt 0.009119 0.268578
vt 0.009107 0.268555
vt 0.009149 0.268522
vt 0.009087 0.268569
vt 0.009048 0.268593
vt 0.009068 0.268578
vt 0.009044 0.268612
vt 0.009074 0.268544
vt 0.009094 0.268544
vt 0.009171 0.268463
vt 0.009150 0.268448
vt 0.009185 0.268413
vt 0.009129 0.268507
vt 0.009113 0.268495
vt 0.264082 0.255356
vt 0.264163 0.255275
vt 0.263938 0.255564
vt 0.264023 0.255400
vt 0.264152 0.255194
vt 0.264254 0.255061
vt 0.264095 0.255260
vt 0.264014 0.255323
vt 0.263907 0.255524
vt 0.264023 0.255201
vt 0.264112 0.255170
vt 0.264340 0.254852
vt 0.264286 0.254815
vt 0.264218 0.255020
vt 0.264158 0.255000
vt 0.302521 0.009054
vt 0.302560 0.008903
vt 0.008015 0.270020
vt 0.008001 0.270044
vt 0.008003 0.269986
vt 0.008007 0.269930
vt 0.007994 0.269965
vt 0.007994 0.270014
vt 0.287083 0.014106
vt 0.287147 0.014075
vt 0.287177 0.014282
vt 0.286978 0.013894
vt 0.287041 0.013880
vt 0.007998 0.270112
vt 0.008015 0.270104
vt 0.008016 0.270188
vt 0.286951 0.013716
vt 0.286992 0.013694
vt 0.286868 0.013574
vt 0.286872 0.013682
vt 0.286793 0.013413
vt 0.286871 0.013508
vt 0.286936 0.013630
vt 0.178709 0.133590
vt 0.178656 0.133561
vt 0.178690 0.133639
vt 0.178638 0.133591
vt 0.178565 0.133577
vt 0.178628 0.133622
vt 0.178577 0.133595
vt 0.178620 0.133689
vt 0.178680 0.133691
vt 0.178680 0.133742
vt 0.178570 0.133619
vt 0.178621 0.133653
vt 0.178590 0.133611
vt 0.178529 0.133595
vt 0.178490 0.133578
vt 0.178487 0.133589
vt 0.178551 0.133629
vt 0.058466 0.111903
vt 0.058322 0.111766
vt 0.058416 0.111944
vt 0.058248 0.111808
vt 0.058275 0.111786
vt 0.058115 0.111679
vt 0.058405 0.112107
vt 0.058213 0.111814
vt 0.058394 0.112006
vt 0.058194 0.111820
vt 0.057983 0.111600
vt 0.058083 0.111665
vt 0.057878 0.111477
vt 0.057824 0.111468
vt 0.259477 0.065244
vt 0.259335 0.065446
vt 0.259429 0.065244
vt 0.259605 0.065052
vt 0.259582 0.065087
vt 0.259449 0.065511
vt 0.259559 0.065262
vt 0.259402 0.065463
vt 0.259539 0.065255
vt 0.259661 0.064975
vt 0.212030 0.233854
vt 0.212004 0.234074
vt 0.212042 0.234099
vt 0.212059 0.234304
vt 0.212054 0.234384
vt 0.212242 0.233792
vt 0.212103 0.234123
vt 0.212160 0.233858
vt 0.212124 0.234127
vt 0.212055 0.234324
vt 0.212076 0.234104
vt 0.232719 0.035177
vt 0.232919 0.035083
vt 0.232702 0.035110
vt 0.232919 0.035035
vt 0.233069 0.034934
vt 0.233151 0.034888
vt 0.232552 0.035025
vt 0.232913 0.034974
vt 0.232654 0.035061
vt 0.232910 0.034956
vt 0.233188 0.034854
vt 0.233101 0.034914
vt 0.157587 0.138507
vt 0.157553 0.138557
vt 0.157510 0.138530
vt 0.157673 0.138482
vt 0.157616 0.138527
vt 0.157638 0.138550
vt 0.157591 0.138592
vt 0.157709 0.138522
vt 0.157713 0.138482
vt 0.157747 0.138459
vt 0.157740 0.138450
vt 0.157622 0.138634
vt 0.157675 0.138605
vt 0.157658 0.138574
vt 0.157687 0.138521
vt 0.173844 0.243310
vt 0.173717 0.243114
vt 0.173904 0.243547
vt 0.173821 0.243348
vt 0.173597 0.243179
vt 0.173758 0.243412
vt 0.173666 0.243163
vt 0.173775 0.243398
vt 0.173952 0.243655
vt 0.163722 0.118294
vt 0.163694 0.118241
vt 0.163705 0.118385
vt 0.163691 0.118311
vt 0.163645 0.118259
vt 0.163670 0.118359
vt 0.163661 0.118320
vt 0.163652 0.118398
vt 0.163686 0.118421
vt 0.163691 0.118464
vt 0.163702 0.118461
vt 0.163594 0.118266
vt 0.163594 0.118327
vt 0.163629 0.118327
vt 0.073934 0.072656
vt 0.074063 0.072695
vt 0.073940 0.072688
vt 0.073735 0.072632
vt 0.073813 0.072620
vt 0.073935 0.072626
vt 0.074047 0.072627
vt 0.074076 0.072558
vt 0.073914 0.072563
vt 0.073923 0.072594
vt 0.073794 0.072619
vt 0.073706 0.072606
vt 0.202496 0.277413
vt 0.202328 0.277391
vt 0.202538 0.277504
vt 0.202373 0.277520
vt 0.202231 0.277427
vt 0.202381 0.277622
vt 0.202270 0.277569
vt 0.193827 0.279756
vt 0.193808 0.279787
vt 0.193803 0.279727
vt 0.193838 0.279731
vt 0.193841 0.279775
vt 0.193810 0.279804
vt 0.193846 0.279750
vt 0.202161 0.277580
vt 0.202006 0.277569
vt 0.202133 0.277455
vt 0.202034 0.277641
vt 0.202285 0.277630
vt 0.202200 0.277665
vt 0.273577 0.021385
vt 0.273661 0.021539
vt 0.273630 0.021301
vt 0.273740 0.021418
vt 0.273755 0.021600
vt 0.273813 0.021345
vt 0.273855 0.021464
vt 0.082718 0.336464
vt 0.082696 0.336434
vt 0.082752 0.336469
vt 0.082738 0.336480
vt 0.273733 0.021199
vt 0.273932 0.021298
vt 0.273891 0.021400
vt 0.273839 0.021669
vt 0.274021 0.021726
vt 0.273950 0.021553
vt 0.274117 0.021656
vt 0.274010 0.021433
vt 0.166680 0.130407
vt 0.166704 0.130329
vt 0.166622 0.130425
vt 0.166653 0.130357
vt 0.166665 0.130284
vt 0.166603 0.130342
vt 0.166627 0.130319
vt 0.166507 0.130375
vt 0.166562 0.130435
vt 0.166522 0.130318
vt 0.166564 0.130378
vt 0.166610 0.130374
vt 0.166621 0.130245
vt 0.166543 0.130263
vt 0.166591 0.130292
vt 0.166571 0.130332
vt 0.029089 0.077839
vt 0.029205 0.077888
vt 0.029013 0.077958
vt 0.029078 0.077997
vt 0.029253 0.077797
vt 0.029009 0.077786
vt 0.029118 0.077729
vt 0.071637 0.205191
vt 0.071672 0.205199
vt 0.029128 0.077441
vt 0.029078 0.077602
vt 0.028966 0.077531
vt 0.071654 0.205170
vt 0.071696 0.205187
vt 0.071636 0.205172
vt 0.029310 0.077711
vt 0.029313 0.077545
vt 0.029189 0.077638
vt 0.029236 0.077492
vt 0.029057 0.077705
vt 0.257271 0.069334
vt 0.257332 0.069406
vt 0.257257 0.069427
vt 0.257401 0.069343
vt 0.257360 0.069332
vt 0.257305 0.069475
vt 0.257236 0.069521
vt 0.257339 0.069455
vt 0.257386 0.069436
vt 0.257435 0.069370
vt 0.257405 0.069513
vt 0.257337 0.069495
vt 0.257367 0.069406
vt 0.257209 0.069617
vt 0.257253 0.069645
vt 0.258729 0.069562
vt 0.257283 0.069547
vt 0.257327 0.069577
vt 0.181234 0.134279
vt 0.181173 0.134295
vt 0.181268 0.134310
vt 0.181212 0.134319
vt 0.181158 0.134338
vt 0.181239 0.134339
vt 0.181198 0.134349
vt 0.181281 0.134405
vt 0.181298 0.134345
vt 0.179113 0.133738
vt 0.181237 0.134420
vt 0.181258 0.134366
vt 0.181221 0.134356
vt 0.181148 0.134383
vt 0.181192 0.134428
vt 0.181193 0.134383
vt 0.181227 0.134379
vt 0.212404 0.229337
vt 0.212389 0.229414
vt 0.212352 0.229281
vt 0.212417 0.229263
vt 0.212434 0.229356
vt 0.212430 0.229426
vt 0.212436 0.229299
vt 0.212462 0.229093
vt 0.212409 0.229093
vt 0.213646 0.229963
vt 0.212489 0.229189
vt 0.212436 0.229191
vt 0.212383 0.229189
vt 0.212466 0.229340
vt 0.212522 0.229283
vt 0.212473 0.229421
vt 0.212455 0.229264
vt 0.155688 0.140268
vt 0.155627 0.140281
vt 0.155720 0.140299
vt 0.155664 0.140306
vt 0.155610 0.140323
vt 0.155690 0.140327
vt 0.155649 0.140336
vt 0.155730 0.140394
vt 0.155749 0.140334
vt 0.155686 0.140407
vt 0.155709 0.140355
vt 0.155672 0.140343
vt 0.155599 0.140367
vt 0.155641 0.140413
vt 0.157417 0.138951
vt 0.155644 0.140369
vt 0.155677 0.140366
vt 0.062283 0.114912
vt 0.062229 0.114859
vt 0.062357 0.114900
vt 0.062336 0.114963
vt 0.062252 0.114926
vt 0.062197 0.114885
vt 0.062297 0.114959
vt 0.062451 0.115091
vt 0.062479 0.115049
vt 0.060770 0.115818
vt 0.062357 0.115061
vt 0.062384 0.115017
vt 0.062415 0.114974
vt 0.062248 0.114961
vt 0.062263 0.115037
vt 0.062178 0.114923
vt 0.062315 0.114993
vt 0.171335 0.239031
vt 0.171244 0.239018
vt 0.171264 0.238944
vt 0.171291 0.239094
vt 0.171219 0.239062
vt 0.171195 0.238960
vt 0.171196 0.238873
vt 0.171189 0.239006
vt 0.171168 0.239061
vt 0.171211 0.239142
vt 0.171093 0.239036
vt 0.171146 0.238986
vt 0.171130 0.238808
vt 0.171062 0.238842
vt 0.170446 0.239927
vt 0.171136 0.238905
vt 0.171074 0.238936
vt 0.227963 0.037632
vt 0.228042 0.037592
vt 0.227940 0.037706
vt 0.227890 0.037656
vt 0.227964 0.037582
vt 0.228027 0.037548
vt 0.227909 0.037613
vt 0.227713 0.037687
vt 0.227753 0.037752
vt 0.227981 0.036783
vt 0.227773 0.037613
vt 0.227810 0.037672
vt 0.227845 0.037732
vt 0.227862 0.037608
vt 0.227920 0.037555
vt 0.227843 0.037537
vt 0.163081 0.115783
vt 0.163098 0.115723
vt 0.163038 0.115797
vt 0.163059 0.115744
vt 0.163069 0.115689
vt 0.163028 0.115757
vt 0.163040 0.115717
vt 0.162950 0.115759
vt 0.162993 0.115804
vt 0.162961 0.115715
vt 0.162995 0.115760
vt 0.163022 0.115734
vt 0.163035 0.115659
vt 0.162977 0.115674
vt 0.163269 0.116962
vt 0.163014 0.115697
vt 0.163000 0.115727
vt 0.080655 0.071971
vt 0.080704 0.071877
vt 0.080729 0.071953
vt 0.080641 0.071854
vt 0.080636 0.071903
vt 0.080784 0.071926
vt 0.080702 0.071833
vt 0.080744 0.071855
vt 0.080716 0.071800
vt 0.080655 0.071807
vt 0.080763 0.071759
vt 0.080752 0.071811
vt 0.080731 0.071831
vt 0.080830 0.071893
vt 0.080840 0.071809
vt 0.079331 0.072103
vt 0.080784 0.071838
vt 0.080805 0.071781
vt 0.044439 0.187444
vt 0.044427 0.187470
vt 0.044425 0.187426
vt 0.044449 0.187496
vt 0.044429 0.187513
vt 0.044412 0.187456
vt 0.044415 0.187493
vt 0.044449 0.187620
vt 0.044471 0.187609
vt 0.044478 0.187656
vt 0.044421 0.187572
vt 0.044438 0.187562
vt 0.044461 0.187553
vt 0.044412 0.187520
vt 0.345273 0.256115
vt 0.345293 0.256014
vt 0.044403 0.187430
vt 0.044401 0.187475
vt 0.044391 0.187516
vt 0.040132 0.268910
vt 0.040131 0.268879
vt 0.040164 0.268858
vt 0.040098 0.268922
vt 0.040111 0.268888
vt 0.040147 0.268834
vt 0.040186 0.268794
vt 0.040127 0.268851
vt 0.370928 0.013962
vt 0.370866 0.013993
vt 0.370979 0.013886
vt 0.040111 0.268825
vt 0.040131 0.268823
vt 0.040107 0.268866
vt 0.040092 0.268911
vt 0.040204 0.268734
vt 0.040182 0.268721
vt 0.040215 0.268684
vt 0.040164 0.268782
vt 0.040148 0.268770
vt 0.350789 0.255313
vt 0.350815 0.255176
vt 0.350893 0.255105
vt 0.350669 0.255330
vt 0.350759 0.255211
vt 0.350886 0.255031
vt 0.350986 0.254911
vt 0.350831 0.255089
vt 0.350756 0.255142
vt 0.350651 0.255300
vt 0.350768 0.255032
vt 0.350851 0.255008
vt 0.351074 0.254720
vt 0.351025 0.254684
vt 0.350953 0.254872
vt 0.350899 0.254852
vt 0.373601 0.019906
vt 0.373541 0.019755
vt 0.373657 0.019981
vt 0.373641 0.020045
vt 0.373557 0.019864
vt 0.373602 0.019985
vt 0.373712 0.020366
vt 0.373760 0.020341
vt 0.373790 0.020500
vt 0.373627 0.020203
vt 0.373677 0.020192
vt 0.373710 0.020163
vt 0.373608 0.020059
vt 0.373542 0.019926
vt 0.373538 0.020025
vt 0.373513 0.019751
vt 0.039955 0.270994
vt 0.039969 0.270972
vt 0.039964 0.271010
vt 0.039949 0.270946
vt 0.039968 0.270931
vt 0.039983 0.270986
vt 0.039972 0.271017
vt 0.039980 0.270951
vt 0.039950 0.270824
vt 0.039928 0.270836
vt 0.039922 0.270789
vt 0.039980 0.270872
vt 0.039961 0.270882
vt 0.039939 0.270891
vt 0.039984 0.270926
vt 0.300953 0.257124
vt 0.300975 0.257029
vt 0.300986 0.257262
vt 0.300937 0.257183
vt 0.300925 0.257007
vt 0.300966 0.256858
vt 0.300914 0.257080
vt 0.030768 0.259057
vt 0.030791 0.259054
vt 0.030750 0.259030
vt 0.030777 0.259033
vt 0.030794 0.259029
vt 0.030773 0.259005
vt 0.030782 0.259014
vt 0.030746 0.258971
vt 0.030735 0.259001
vt 0.030723 0.258973
vt 0.030764 0.258972
vt 0.030755 0.258993
vt 0.030765 0.259014
vt 0.030770 0.258990
vt 0.030782 0.258996
vt 0.030782 0.258975
vt 0.030797 0.259004
vt 0.044356 0.187652
vt 0.044367 0.187678
vt 0.044343 0.187704
vt 0.044377 0.187630
vt 0.044383 0.187664
vt 0.044361 0.187722
vt 0.044327 0.187762
vt 0.044375 0.187702
vt 0.326867 0.012473
vt 0.326811 0.012519
vt 0.326874 0.012417
vt 0.326810 0.012617
vt 0.326758 0.012631
vt 0.326810 0.012457
vt 0.326876 0.012387
vt 0.326764 0.012556
vt 0.044310 0.187822
vt 0.044333 0.187836
vt 0.044297 0.187875
vt 0.044349 0.187773
vt 0.044366 0.187783
vt 0.044377 0.187729
vt 0.038494 0.271616
vt 0.038476 0.271592
vt 0.038538 0.271645
vt 0.038504 0.271633
vt 0.038453 0.271592
vt 0.038421 0.271554
vt 0.038469 0.271611
vt 0.305761 0.258202
vt 0.305652 0.258301
vt 0.305786 0.258102
vt 0.305869 0.258092
vt 0.305750 0.258265
vt 0.305835 0.258169
vt 0.038363 0.271513
vt 0.038346 0.271528
vt 0.038310 0.271481
vt 0.038405 0.271563
vt 0.038394 0.271579
vt 0.038443 0.271603
vt 0.332276 0.013224
vt 0.332218 0.013038
vt 0.332333 0.013311
vt 0.332311 0.013381
vt 0.332231 0.013174
vt 0.332272 0.013311
vt 0.332368 0.013755
vt 0.332424 0.013730
vt 0.332446 0.013915
vt 0.332284 0.013559
vt 0.332340 0.013552
vt 0.332380 0.013522
vt 0.332272 0.013395
vt 0.332212 0.013241
vt 0.332199 0.013352
vt 0.332179 0.013020
vt 0.030225 0.259599
vt 0.030243 0.259619
vt 0.030229 0.259688
vt 0.030262 0.259645
vt 0.030281 0.259671
vt 0.026894 0.226512
vt 0.026650 0.230804
vt 0.313863 0.134564
vt 0.312349 0.146997
vt 0.313807 0.134557
vt 0.312294 0.146988
vt 0.313751 0.134552
vt 0.026952 0.222315
vt 0.312404 0.147007
vt 0.310524 0.159107
vt 0.310469 0.159096
vt 0.019713 0.230084
vt 0.019250 0.234467
vt 0.019693 0.230082
vt 0.019230 0.234465
vt 0.019672 0.230080
vt 0.019186 0.234459
vt 0.019649 0.230078
vt 0.018591 0.238797
vt 0.018571 0.238795
vt 0.019209 0.234462
vt 0.018528 0.238788
vt 0.025545 0.239322
vt 0.314881 0.122056
vt 0.315414 0.109580
vt 0.315470 0.109577
vt 0.314825 0.122054
vt 0.315358 0.109580
vt 0.026194 0.235088
vt 0.314769 0.122051
vt 0.019977 0.225694
vt 0.020052 0.221401
vt 0.019956 0.225692
vt 0.020031 0.221399
vt 0.019935 0.225690
vt 0.020011 0.221398
vt 0.019987 0.221399
vt 0.019912 0.225690
vt 0.019956 0.217286
vt 0.019687 0.213304
vt 0.019936 0.217283
vt 0.019666 0.213302
vt 0.019915 0.217283
vt 0.019645 0.213302
vt 0.019622 0.213306
vt 0.019892 0.217285
vt 0.026843 0.218295
vt 0.310578 0.159122
vt 0.308405 0.170666
vt 0.308351 0.170653
vt 0.026567 0.214410
vt 0.308459 0.170686
vt 0.305982 0.181797
vt 0.305929 0.181781
vt 0.026116 0.210582
vt 0.306035 0.181821
vt 0.303203 0.192729
vt 0.303150 0.192708
vt 0.025479 0.206708
vt 0.303252 0.192758
vt 0.299982 0.203719
vt 0.299933 0.203687
vt 0.019192 0.209179
vt 0.018252 0.203804
vt 0.019171 0.209176
vt 0.018230 0.203797
vt 0.019151 0.209176
vt 0.018210 0.203795
vt 0.018187 0.203799
vt 0.019128 0.209181
vt 0.023707 0.198723
vt 0.019371 0.193325
vt 0.023721 0.198708
vt 0.019363 0.193278
vt 0.023733 0.198691
vt 0.279554 0.243042
vt 0.291986 0.226400
vt 0.019363 0.193242
vt 0.019374 0.193220
vt 0.024646 0.202701
vt 0.300026 0.203765
vt 0.296239 0.214982
vt 0.296197 0.214926
vt 0.296269 0.215063
vt 0.292049 0.226396
vt 0.016725 0.196445
vt 0.016702 0.196427
vt 0.016681 0.196418
vt 0.016658 0.196420
vt 0.017658 0.243343
vt 0.017637 0.243342
vt 0.018550 0.238792
vt 0.017594 0.243334
vt 0.015860 0.249483
vt 0.015837 0.249487
vt 0.017617 0.243339
vt 0.288929 0.093217
vt 0.023654 0.247815
vt 0.315660 0.097086
vt 0.315413 0.084195
vt 0.315468 0.084167
vt 0.315604 0.097095
vt 0.315357 0.084211
vt 0.024712 0.243521
vt 0.315548 0.097098
vt 0.014976 0.262746
vt 0.014963 0.262793
vt 0.307317 0.007396
vt 0.310617 0.031959
vt 0.020908 0.256866
vt 0.020921 0.256880
vt 0.310700 0.032035
vt 0.314017 0.056500
vt 0.012802 0.258289
vt 0.012776 0.258305
vt 0.015816 0.249486
vt 0.285244 0.046469
vt 0.287827 0.074332
vt 0.012752 0.258312
vt 0.281772 0.013598
vt 0.314910 0.070405
vt 0.314075 0.056510
vt 0.314131 0.056530
vt 0.314859 0.070470
vt 0.022343 0.252321
vt 0.314803 0.070512
vt 0.308634 0.134093
vt 0.307174 0.146486
vt 0.308548 0.134086
vt 0.307088 0.146480
vt 0.308462 0.134079
vt 0.307002 0.146475
vt 0.305352 0.158555
vt 0.305266 0.158550
vt 0.305179 0.158546
vt 0.293385 0.119958
vt 0.292337 0.132826
vt 0.293471 0.119966
vt 0.292423 0.132833
vt 0.293558 0.119975
vt 0.292509 0.132840
vt 0.293980 0.107107
vt 0.294066 0.107116
vt 0.294152 0.107127
vt 0.309646 0.121634
vt 0.310228 0.109200
vt 0.309560 0.121626
vt 0.310142 0.109191
vt 0.309474 0.121618
vt 0.310057 0.109180
vt 0.288982 0.158091
vt 0.290841 0.145625
vt 0.289068 0.158097
vt 0.290927 0.145631
vt 0.289155 0.158100
vt 0.291014 0.145636
vt 0.284390 0.181491
vt 0.286842 0.170006
vt 0.284477 0.181494
vt 0.286929 0.170010
vt 0.284565 0.181494
vt 0.287016 0.170012
vt 0.303242 0.170071
vt 0.303155 0.170067
vt 0.303068 0.170065
vt 0.300823 0.181155
vt 0.300736 0.181152
vt 0.300649 0.181151
vt 0.298041 0.192027
vt 0.297954 0.192026
vt 0.297865 0.192030
vt 0.294814 0.202946
vt 0.294723 0.202956
vt 0.294629 0.202977
vt 0.276861 0.208761
vt 0.281378 0.193342
vt 0.276950 0.208749
vt 0.281465 0.193343
vt 0.277042 0.208726
vt 0.281553 0.193339
vt 0.275806 0.240397
vt 0.287045 0.225185
vt 0.275810 0.240275
vt 0.286970 0.225153
vt 0.275843 0.240113
vt 0.286900 0.225114
vt 0.291074 0.214108
vt 0.290973 0.214144
vt 0.290866 0.214205
vt 0.270530 0.230218
vt 0.270625 0.230177
vt 0.270726 0.230111
vt 0.294020 0.093424
vt 0.294106 0.093436
vt 0.294192 0.093451
vt 0.292930 0.074439
vt 0.293017 0.074465
vt 0.293104 0.074502
vt 0.310407 0.096750
vt 0.310186 0.083878
vt 0.310321 0.096737
vt 0.310100 0.083852
vt 0.310235 0.096722
vt 0.310013 0.083816
vt 0.302537 0.009155
vt 0.010285 0.278143
vt 0.010269 0.278184
vt 0.297865 0.034862
vt 0.012612 0.286374
vt 0.010307 0.278125
vt 0.012584 0.286374
vt 0.012553 0.286375
vt 0.010258 0.278243
vt 0.308708 0.055958
vt 0.290340 0.046523
vt 0.290430 0.046581
vt 0.290522 0.046667
vt 0.309606 0.070189
vt 0.308877 0.055929
vt 0.309517 0.070133
vt 0.308792 0.055939
vt 0.309428 0.070053
vt 0.284295 0.013406
vt 0.286781 0.013438
vt 0.281832 0.013383
vt 0.008555 0.269228
vt 0.304845 0.007975
vt 0.013688 0.188034
vt 0.015049 0.188077
vt 0.015743 0.186649
vt 0.012326 0.187959
vt 0.013693 0.188002
vt 0.016433 0.185193
vt 0.015783 0.186654
vt 0.210263 0.087025
vt 0.210220 0.086967
vt 0.210162 0.086924
vt 0.110424 0.111187
vt 0.110482 0.111061
vt 0.110443 0.111120
vt 0.071620 0.205223
vt 0.137820 0.021199
vt 0.137902 0.021458
vt 0.077158 0.270830
vt 0.137858 0.021329
vt 0.180928 0.189870
vt 0.181000 0.189862
vt 0.181066 0.189835
vt 0.138280 0.308128
vt 0.082778 0.336474
vt 0.272382 0.159863
vt 0.138294 0.308139
vt 0.272524 0.159901
vt 0.132737 0.242463
vt 0.193803 0.279701
vt 0.132758 0.242432
vt 0.193802 0.279684
vt 0.086262 0.203283
vt 0.132749 0.242444
vt 0.071714 0.205181
vt 0.213742 0.100135
vt 0.213720 0.100086
vt 0.259628 0.065008
vt 0.213704 0.100033
vt 0.259704 0.064856
vt 0.212038 0.234546
vt 0.190905 0.180460
vt 0.190945 0.180424
vt 0.190989 0.180393
vt 0.259734 0.064842
vt 0.260035 0.156474
vt 0.259946 0.156449
vt 0.259859 0.156425
vt 0.212056 0.234572
vt 0.212063 0.234429
vt 0.112388 0.124195
vt 0.112388 0.124143
vt 0.112381 0.124090
vt 0.058065 0.111638
vt 0.057973 0.111563
vt 0.167998 0.185995
vt 0.168052 0.186002
vt 0.173942 0.243611
vt 0.168105 0.186016
vt 0.174032 0.243757
vt 0.174026 0.243789
vt 0.095662 0.195472
vt 0.095734 0.195411
vt 0.095803 0.195352
vt 0.233299 0.034818
vt 0.197287 0.083335
vt 0.197233 0.083319
vt 0.197183 0.083298
vt 0.120974 0.103568
vt 0.121006 0.103530
vt 0.121024 0.103485
vt 0.073596 0.072631
vt 0.073582 0.072606
vt 0.141327 0.033145
vt 0.141331 0.033233
vt 0.141326 0.033320
vt 0.233315 0.034788
vt 0.215294 0.102028
vt 0.215277 0.101976
vt 0.215255 0.101928
vt 0.216503 0.105251
vt 0.193243 0.179640
vt 0.193286 0.179611
vt 0.193328 0.179576
vt 0.196132 0.177484
vt 0.257041 0.155632
vt 0.256955 0.155608
vt 0.256868 0.155583
vt 0.252999 0.154501
vt 0.112420 0.130245
vt 0.111779 0.126637
vt 0.111772 0.126585
vt 0.111772 0.126534
vt 0.165574 0.186329
vt 0.165627 0.186342
vt 0.165679 0.186348
vt 0.162153 0.185447
vt 0.098146 0.193301
vt 0.098213 0.193241
vt 0.098281 0.193181
vt 0.101229 0.190183
vt 0.195236 0.081688
vt 0.195188 0.081666
vt 0.195135 0.081650
vt 0.192593 0.079756
vt 0.121021 0.100647
vt 0.121064 0.100562
vt 0.122011 0.095843
vt 0.121037 0.100602
vt 0.140931 0.037000
vt 0.140923 0.037088
vt 0.140922 0.037173
vt 0.144229 0.042783
vt 0.179974 0.133953
vt 0.179961 0.134000
vt 0.179947 0.134046
vt 0.212312 0.231407
vt 0.212204 0.231399
vt 0.212094 0.233874
vt 0.212257 0.231403
vt 0.060559 0.113508
vt 0.060527 0.113549
vt 0.060495 0.113590
vt 0.172415 0.240917
vt 0.171255 0.239124
vt 0.172315 0.240976
vt 0.172365 0.240946
vt 0.163283 0.117005
vt 0.163329 0.116993
vt 0.163375 0.116982
vt 0.163422 0.116970
vt 0.230151 0.036400
vt 0.227999 0.037509
vt 0.230204 0.036502
vt 0.230177 0.036450
vt 0.258221 0.067584
vt 0.258318 0.067634
vt 0.258269 0.067609
vt 0.156657 0.139507
vt 0.156625 0.139472
vt 0.156593 0.139437
vt 0.077726 0.072295
vt 0.077699 0.072349
vt 0.077723 0.072245
vt 0.056739 0.226178
vt 0.056544 0.230505
vt 0.056758 0.226180
vt 0.056563 0.230506
vt 0.056778 0.226181
vt 0.056582 0.230508
vt 0.401600 0.147191
vt 0.402996 0.134377
vt 0.056735 0.221940
vt 0.056754 0.221942
vt 0.056773 0.221942
vt 0.399779 0.159650
vt 0.049560 0.229869
vt 0.049152 0.234275
vt 0.049539 0.229867
vt 0.049132 0.234273
vt 0.049519 0.229866
vt 0.375862 0.132510
vt 0.048546 0.238636
vt 0.048525 0.238634
vt 0.049111 0.234271
vt 0.376673 0.119478
vt 0.055530 0.239063
vt 0.056121 0.234809
vt 0.055550 0.239064
vt 0.056140 0.234811
vt 0.055569 0.239067
vt 0.056182 0.234816
vt 0.055591 0.239071
vt 0.056160 0.234813
vt 0.056605 0.230510
vt 0.049758 0.225457
vt 0.049760 0.221140
vt 0.049738 0.225455
vt 0.049739 0.221138
vt 0.049717 0.225454
vt 0.049718 0.221137
vt 0.374491 0.145469
vt 0.372662 0.158083
vt 0.049585 0.217002
vt 0.049231 0.213006
vt 0.049564 0.217000
vt 0.049210 0.213004
vt 0.049544 0.217000
vt 0.049190 0.213005
vt 0.370468 0.170111
vt 0.367887 0.181660
vt 0.056551 0.217880
vt 0.056571 0.217881
vt 0.056590 0.217881
vt 0.397596 0.171537
vt 0.056188 0.213959
vt 0.056207 0.213960
vt 0.056227 0.213959
vt 0.395027 0.182977
vt 0.055636 0.210104
vt 0.055656 0.210106
vt 0.055675 0.210104
vt 0.392011 0.194198
vt 0.054877 0.206226
vt 0.054898 0.206233
vt 0.054918 0.206234
vt 0.388450 0.205463
vt 0.048644 0.208879
vt 0.047600 0.203518
vt 0.048623 0.208877
vt 0.047578 0.203511
vt 0.048602 0.208877
vt 0.047557 0.203509
vt 0.364675 0.193528
vt 0.359803 0.208911
vt 0.052835 0.198522
vt 0.048707 0.193018
vt 0.052849 0.198508
vt 0.048700 0.192970
vt 0.052864 0.198493
vt 0.366302 0.244218
vt 0.379345 0.228264
vt 0.048701 0.192933
vt 0.053903 0.202280
vt 0.053927 0.202297
vt 0.053948 0.202305
vt 0.384247 0.216938
vt 0.046037 0.196099
vt 0.046014 0.196081
vt 0.045992 0.196071
vt 0.352764 0.230238
vt 0.047650 0.243214
vt 0.047629 0.243213
vt 0.048505 0.238631
vt 0.376903 0.106488
vt 0.045971 0.249407
vt 0.045949 0.249411
vt 0.047609 0.243210
vt 0.376412 0.092750
vt 0.053770 0.247632
vt 0.054773 0.243297
vt 0.053791 0.247628
vt 0.054793 0.243298
vt 0.053811 0.247628
vt 0.403195 0.082264
vt 0.054812 0.243300
vt 0.054834 0.243305
vt 0.045726 0.262643
vt 0.045716 0.262691
vt 0.045714 0.262728
vt 0.371296 0.013896
vt 0.051100 0.256517
vt 0.051114 0.256531
vt 0.051129 0.256544
vt 0.387340 0.033291
vt 0.043253 0.258290
vt 0.043228 0.258307
vt 0.045928 0.249412
vt 0.370971 0.047250
vt 0.374487 0.074000
vt 0.043204 0.258315
vt 0.370853 0.014099
vt 0.052496 0.252147
vt 0.052520 0.252132
vt 0.399386 0.053852
vt 0.052542 0.252125
vt 0.401768 0.068123
vt 0.397721 0.133970
vt 0.396339 0.146712
vt 0.397633 0.133964
vt 0.396251 0.146706
vt 0.397544 0.133958
vt 0.396162 0.146701
vt 0.394523 0.159104
vt 0.394435 0.159099
vt 0.394346 0.159096
vt 0.381842 0.119761
vt 0.381022 0.132902
vt 0.381929 0.119767
vt 0.381109 0.132908
vt 0.382018 0.119774
vt 0.381198 0.132913
vt 0.382071 0.106640
vt 0.382159 0.106646
vt 0.382248 0.106653
vt 0.398547 0.121137
vt 0.398842 0.108317
vt 0.398458 0.121130
vt 0.398754 0.108310
vt 0.398370 0.121123
vt 0.398665 0.108302
vt 0.377803 0.158660
vt 0.379642 0.145959
vt 0.377891 0.158665
vt 0.379730 0.145964
vt 0.377980 0.158669
vt 0.379819 0.145969
vt 0.372993 0.182430
vt 0.375597 0.170778
vt 0.373081 0.182435
vt 0.375685 0.170783
vt 0.373170 0.182436
vt 0.375774 0.170786
vt 0.392347 0.170921
vt 0.392259 0.170916
vt 0.392169 0.170913
vt 0.389783 0.182281
vt 0.389694 0.182276
vt 0.389604 0.182275
vt 0.386768 0.193408
vt 0.386678 0.193406
vt 0.386586 0.193408
vt 0.383209 0.204558
vt 0.383115 0.204566
vt 0.383018 0.204585
vt 0.364743 0.209824
vt 0.369724 0.194398
vt 0.364833 0.209815
vt 0.369813 0.194400
vt 0.364926 0.209796
vt 0.369902 0.194398
vt 0.362652 0.241456
vt 0.374489 0.226849
vt 0.362660 0.241339
vt 0.374416 0.226814
vt 0.362700 0.241183
vt 0.374347 0.226772
vt 0.362683 0.241524
vt 0.379023 0.215866
vt 0.378920 0.215900
vt 0.378808 0.215957
vt 0.357720 0.231028
vt 0.357815 0.230991
vt 0.357917 0.230929
vt 0.381546 0.092740
vt 0.381633 0.092748
vt 0.381721 0.092760
vt 0.379474 0.073860
vt 0.379560 0.073882
vt 0.379647 0.073914
vt 0.398627 0.095472
vt 0.397841 0.082208
vt 0.398538 0.095462
vt 0.397750 0.082185
vt 0.398448 0.095450
vt 0.397660 0.082153
vt 0.383460 0.035761
vt 0.383450 0.035865
vt 0.383461 0.036006
vt 0.394369 0.054506
vt 0.394290 0.054525
vt 0.394214 0.054550
vt 0.376035 0.047409
vt 0.376115 0.047459
vt 0.376197 0.047534
vt 0.396408 0.068239
vt 0.396315 0.068190
vt 0.396220 0.068117
vt 0.372484 0.017127
vt 0.373487 0.019765
vt 0.371023 0.013878
vt 0.372561 0.017116
vt 0.345322 0.256231
vt 0.348037 0.256107
vt 0.345332 0.256263
vt 0.045187 0.187066
vt 0.348029 0.256075
vt 0.045945 0.186749
vt 0.026745 0.230961
vt 0.026930 0.226573
vt 0.026726 0.230960
vt 0.026910 0.226571
vt 0.026706 0.230959
vt 0.026891 0.226570
vt 0.357165 0.143599
vt 0.358367 0.131124
vt 0.026775 0.235255
vt 0.026756 0.235254
vt 0.026736 0.235254
vt 0.355611 0.155757
vt 0.033988 0.227214
vt 0.332414 0.116586
vt 0.331700 0.129477
vt 0.331639 0.129471
vt 0.332475 0.116587
vt 0.331760 0.129482
vt 0.034413 0.222778
vt 0.332716 0.103744
vt 0.332777 0.103739
vt 0.332534 0.116588
vt 0.027994 0.217861
vt 0.027350 0.222193
vt 0.027975 0.217859
vt 0.027331 0.222191
vt 0.027955 0.217856
vt 0.359525 0.106076
vt 0.027311 0.222189
vt 0.359144 0.118588
vt 0.033801 0.231658
vt 0.033829 0.236008
vt 0.328883 0.154779
vt 0.330500 0.142305
vt 0.328943 0.154794
vt 0.330560 0.142313
vt 0.329002 0.154805
vt 0.330440 0.142295
vt 0.034042 0.240176
vt 0.034438 0.244192
vt 0.034063 0.240177
vt 0.034459 0.244193
vt 0.324877 0.178154
vt 0.327175 0.166722
vt 0.324934 0.178172
vt 0.327058 0.166691
vt 0.327117 0.166708
vt 0.027000 0.239364
vt 0.026980 0.239362
vt 0.026961 0.239363
vt 0.353777 0.167391
vt 0.027424 0.243310
vt 0.027405 0.243309
vt 0.027385 0.243310
vt 0.026938 0.239367
vt 0.028007 0.247192
vt 0.027988 0.247190
vt 0.027968 0.247191
vt 0.027363 0.243314
vt 0.028757 0.251130
vt 0.028737 0.251123
vt 0.028717 0.251122
vt 0.027946 0.247196
vt 0.035088 0.248357
vt 0.036306 0.253896
vt 0.035110 0.248359
vt 0.036328 0.253904
vt 0.317263 0.206259
vt 0.322024 0.190103
vt 0.317315 0.206296
vt 0.321968 0.190079
vt 0.035249 0.264889
vt 0.035254 0.264933
vt 0.035253 0.264967
vt 0.029701 0.255155
vt 0.029679 0.255140
vt 0.029659 0.255133
vt 0.029638 0.255137
vt 0.028696 0.251128
vt 0.038081 0.261759
vt 0.038105 0.261778
vt 0.309824 0.229719
vt 0.309780 0.229659
vt 0.035065 0.218392
vt 0.332440 0.090122
vt 0.332499 0.090109
vt 0.332837 0.103737
vt 0.036040 0.213793
vt 0.331138 0.071394
vt 0.331193 0.071359
vt 0.332559 0.090101
vt 0.029974 0.209206
vt 0.028857 0.213573
vt 0.029952 0.209209
vt 0.028837 0.213572
vt 0.029932 0.209209
vt 0.359155 0.080512
vt 0.028818 0.213568
vt 0.359539 0.093529
vt 0.038500 0.194111
vt 0.038511 0.194062
vt 0.038513 0.194024
vt 0.038503 0.193999
vt 0.032892 0.200291
vt 0.032877 0.200278
vt 0.032863 0.200263
vt 0.346241 0.030790
vt 0.037890 0.207576
vt 0.328808 0.044399
vt 0.328859 0.044326
vt 0.331251 0.071337
vt 0.328913 0.044280
vt 0.040865 0.198578
vt 0.326717 0.012951
vt 0.326762 0.012788
vt 0.031374 0.204680
vt 0.031349 0.204695
vt 0.356606 0.052496
vt 0.031327 0.204701
vt 0.358265 0.066661
vt 0.353232 0.130768
vt 0.352030 0.143209
vt 0.353146 0.130762
vt 0.351944 0.143205
vt 0.353059 0.130757
vt 0.351858 0.143201
vt 0.350479 0.155336
vt 0.350393 0.155333
vt 0.350306 0.155331
vt 0.337634 0.116880
vt 0.336858 0.129833
vt 0.337721 0.116886
vt 0.336944 0.129838
vt 0.337808 0.116893
vt 0.337031 0.129843
vt 0.337943 0.103947
vt 0.338029 0.103954
vt 0.338117 0.103962
vt 0.354000 0.118263
vt 0.354367 0.105775
vt 0.353914 0.118256
vt 0.354281 0.105768
vt 0.353828 0.118249
vt 0.354194 0.105759
vt 0.334086 0.155255
vt 0.335650 0.142715
vt 0.334173 0.155258
vt 0.335736 0.142719
vt 0.334261 0.155260
vt 0.335823 0.142722
vt 0.330000 0.178799
vt 0.332236 0.167239
vt 0.330087 0.178801
vt 0.332323 0.167241
vt 0.330176 0.178800
vt 0.332411 0.167241
vt 0.348638 0.166930
vt 0.348552 0.166928
vt 0.348464 0.166928
vt 0.346463 0.178115
vt 0.346376 0.178114
vt 0.346288 0.178115
vt 0.343937 0.189155
vt 0.343849 0.189157
vt 0.343760 0.189162
vt 0.341128 0.200463
vt 0.341036 0.200476
vt 0.340942 0.200499
vt 0.322334 0.207197
vt 0.327089 0.190872
vt 0.322425 0.207185
vt 0.327178 0.190872
vt 0.322519 0.207161
vt 0.327267 0.190866
vt 0.029805 0.260333
vt 0.034118 0.265982
vt 0.029790 0.260357
vt 0.034072 0.265963
vt 0.029773 0.260381
vt 0.034022 0.265936
vt 0.029757 0.260400
vt 0.034153 0.265989
vt 0.338112 0.212331
vt 0.338012 0.212367
vt 0.337908 0.212425
vt 0.334984 0.224505
vt 0.334899 0.224480
vt 0.334816 0.224446
vt 0.314825 0.230689
vt 0.305928 0.257931
vt 0.314924 0.230651
vt 0.306067 0.257764
vt 0.315029 0.230587
vt 0.337665 0.090215
vt 0.337751 0.090225
vt 0.337837 0.090238
vt 0.336252 0.071394
vt 0.336338 0.071419
vt 0.336423 0.071455
vt 0.354355 0.093254
vt 0.353929 0.080290
vt 0.354269 0.093244
vt 0.353842 0.080266
vt 0.354182 0.093230
vt 0.353754 0.080231
vt 0.342188 0.032607
vt 0.342167 0.032720
vt 0.342165 0.032877
vt 0.351595 0.052845
vt 0.351515 0.052859
vt 0.351436 0.052879
vt 0.333811 0.044429
vt 0.333895 0.044487
vt 0.333980 0.044571
vt 0.352996 0.066562
vt 0.352907 0.066510
vt 0.352816 0.066434
vt 0.329360 0.012454
vt 0.332152 0.013051
vt 0.043028 0.186601
vt 0.043692 0.187139
vt 0.043014 0.186616
vt 0.043708 0.187126
vt 0.300992 0.257233
vt 0.039261 0.271350
vt 0.303281 0.257861
vt 0.038534 0.271637
vt 0.212063 0.234248
vt 0.212052 0.234458
vt 0.233217 0.034852
vt 0.173978 0.243677
vt 0.259665 0.064942
vt 0.337405 0.224761
vt 0.281825 0.013443
vt 0.266894 0.259343
vt 0.307108 0.007072
vt 0.263987 0.255550
vt 0.157671 0.138503
vt 0.173916 0.243567
vt 0.163686 0.118373
vt 0.163663 0.118379
vt 0.071617 0.205188
vt 0.044413 0.187421
vt 0.040111 0.268922
vt 0.350705 0.255346
vt 0.044369 0.187636
vt 0.292111 0.226388
vt 0.305947 0.032452
vt 0.012522 0.286377
vt 0.012325 0.187926
vt 0.016469 0.185207
vt 0.403963 0.095639
vt 0.371067 0.013870
vn 0.0482 -0.9972 0.0577
vn -0.0059 -0.9997 -0.0239
vn 0.0527 -0.9971 0.0543
vn 0.6079 0.3329 0.7209
vn 0.6230 0.4249 0.6568
vn 0.5829 0.4241 0.6931
vn -0.0708 -0.9933 -0.0914
vn -0.7400 0.2908 -0.6065
vn -0.7473 0.3814 -0.5442
vn -0.7734 0.2878 -0.5649
vn 0.0726 -0.9968 0.0336
vn 0.0690 -0.9969 0.0379
vn 0.5652 0.3312 0.7555
vn 0.5423 0.4221 0.7265
vn -0.5710 0.2950 -0.7661
vn -0.4897 0.3858 -0.7819
vn -0.5517 0.3890 -0.7378
vn -0.6641 0.2955 -0.6868
vn -0.6803 0.3876 -0.6221
vn -0.7045 0.2933 -0.6462
vn 0.0648 -0.9970 0.0416
vn 0.0608 -0.9971 0.0457
vn -0.0750 -0.9933 -0.0878
vn -0.7814 0.3761 -0.4980
vn -0.8082 0.2828 -0.5166
vn 0.8203 0.3210 0.4734
vn 0.7581 0.4166 0.5018
vn 0.7892 0.3261 0.5204
vn 0.7562 0.3294 0.5654
vn 0.6935 0.4230 0.5832
vn 0.7229 0.3319 0.6059
vn -0.8153 0.3690 -0.4464
vn -0.8424 0.2762 -0.4627
vn -0.8393 0.3625 -0.4051
vn -0.8664 0.2706 -0.4196
vn 0.8627 0.3146 0.3960
vn 0.8150 0.4055 0.4139
vn 0.8461 0.3169 0.4285
vn -0.0059 -0.9997 -0.0238
vn 0.0769 -0.9966 0.0297
vn -0.8499 0.3592 -0.3857
vn -0.8765 0.2688 -0.3995
vn -0.6805 0.3904 -0.6200
vn -0.8467 0.1068 -0.5212
vn 0.9474 0.2611 0.1851
vn 0.8323 0.4007 0.3830
vn 0.0864 -0.9960 0.0210
vn 0.0816 -0.9964 0.0249
vn 0.5218 0.3287 0.7872
vn 0.5007 0.4190 0.7575
vn 0.4802 0.3259 0.8143
vn 0.4609 0.4151 0.7844
vn -0.4440 0.2897 -0.8479
vn -0.3998 0.3779 -0.8351
vn -0.4303 0.3810 -0.8183
vn -0.0667 -0.9932 -0.0952
vn 0.4504 0.3249 0.8316
vn 0.4327 0.4118 0.8020
vn 0.2251 0.2760 0.9344
vn 0.2255 0.3724 0.9003
vn -0.4125 0.2881 -0.8642
vn -0.6274 0.3925 -0.6725
vn -0.0561 -0.9931 -0.1033
vn 0.5963 0.4970 0.6304
vn 0.5580 0.4963 0.6651
vn 0.0059 0.9997 0.0239
vn 0.0724 0.9947 0.0725
vn -0.7146 0.3850 -0.5840
vn -0.7186 0.4602 -0.5214
vn -0.0637 0.9977 -0.0217
vn 0.0059 0.9997 0.0238
vn -0.0670 0.9976 -0.0176
vn 0.5194 0.4943 0.6970
vn 0.4797 0.4913 0.7270
vn -0.6411 0.3893 -0.6614
vn -0.5750 0.4690 -0.6704
vn -0.6158 0.4683 -0.6336
vn -0.6535 0.4669 -0.5957
vn -0.5988 0.3898 -0.6996
vn -0.5298 0.4684 -0.7071
vn 0.6601 0.4245 0.6198
vn 0.7258 0.4205 0.5444
vn 0.6639 0.4956 0.5600
vn 0.6950 0.4934 0.5230
vn -0.7854 0.4476 -0.4276
vn -0.0611 0.9978 -0.0260
vn 0.7887 0.4114 0.4568
vn 0.7265 0.4889 0.4829
vn 0.7564 0.4837 0.4404
vn -0.8206 0.4355 -0.3701
vn -0.0715 0.9973 -0.0149
vn 0.7824 0.4777 0.3996
vn 0.9144 0.3571 0.1906
vn 0.8002 0.4714 0.3709
vn -0.7895 0.4725 -0.3917
vn 0.0551 0.9945 0.0893
vn -0.4701 0.4652 -0.7501
vn -0.4134 0.4586 -0.7866
vn 0.4426 0.4869 0.7530
vn 0.4159 0.4824 0.7709
vn 0.0481 0.9942 0.0965
vn 0.0513 0.9944 0.0925
vn -0.3848 0.4530 -0.8042
vn -0.5737 0.5547 -0.6027
vn 0.2282 0.4458 0.8655
vn -0.6202 0.2960 -0.7264
vn 0.0160 -0.0884 0.9960
vn 0.0482 0.0135 0.9987
vn 0.0657 0.1132 0.9914
vn -0.0471 0.9982 -0.0385
vn -0.0429 0.9982 -0.0416
vn -0.6868 0.4642 -0.5593
vn -0.0507 0.9981 -0.0351
vn -0.0517 -0.9926 -0.1098
vn 0.0569 -0.9971 0.0503
vn -0.0342 0.9981 -0.0510
vn 0.9972 -0.0740 -0.0072
vn 0.9694 -0.2404 -0.0505
vn 0.9992 0.0275 0.0291
vn 0.9668 0.0933 -0.2378
vn 0.9905 0.1278 0.0503
vn 0.0760 0.9947 0.0689
vn 0.6882 0.3333 0.6445
vn 0.0588 0.9946 0.0861
vn 0.6318 0.4971 0.5948
vn -0.0059 -0.9973 0.0729
vn -0.0498 -0.9921 -0.1150
vn 0.0235 -0.9963 0.0832
vn 0.0419 -0.9969 0.0660
vn 0.0323 0.9930 0.1133
vn 0.0461 0.9940 0.0992
vn -0.0322 0.9980 -0.0551
vn 0.0123 0.9929 0.1185
vn 0.0899 -0.9958 0.0185
vn -0.0821 -0.9934 -0.0804
vn -0.7519 0.4552 -0.4769
vn 0.0868 0.9945 0.0591
vn 0.0058 0.9997 0.0237
vn -0.0791 -0.9933 -0.0848
vn -0.0856 -0.9934 -0.0759
vn -0.0543 0.9980 -0.0321
vn -0.5064 0.2925 -0.8112
vn -0.9951 0.0992 0.0033
vn -0.9953 0.0098 -0.0965
vn -0.9881 0.1390 -0.0667
vn -0.0378 0.9982 -0.0455
vn -0.0058 -0.9997 -0.0237
vn 0.1042 -0.9946 0.0018
vn -0.0985 -0.9929 -0.0670
vn 0.0902 -0.9956 -0.0258
vn -0.0745 0.9971 -0.0138
vn 0.1008 0.9945 0.0283
vn 0.0208 0.9997 -0.0087
vn 0.0980 0.9941 0.0469
vn -0.0226 -0.2919 0.9562
vn -0.0893 -0.4657 0.8804
vn 0.0440 -0.9971 0.0621
vn 0.0230 -0.1405 0.9898
vn 0.0835 0.9946 0.0615
vn 0.6496 0.3337 0.6831
vn -0.0574 0.9979 -0.0287
vn 0.0793 0.9947 0.0648
vn -0.0905 -0.9933 -0.0712
vn -0.8097 0.4400 -0.3882
vn 0.8799 0.4323 0.1973
vn 0.0688 0.9948 0.0756
vn 0.0657 0.9947 0.0791
vn 0.0623 0.9946 0.0825
vn -0.0623 -0.9931 -0.0997
vn -0.0948 -0.9931 -0.0683
vn 1.0000 -0.0053 0.0081
vn 1.0000 -0.0004 0.0002
vn 1.0000 -0.0009 -0.0012
vn -0.0135 0.0565 -0.9983
vn -0.0336 0.0249 -0.9991
vn 0.0657 0.0253 -0.9975
vn -0.1247 0.0905 -0.9881
vn 0.0651 0.0238 -0.9976
vn 0.9899 -0.1006 -0.0996
vn 1.0000 -0.0057 -0.0001
vn 0.9946 -0.1036 -0.0024
vn 0.0120 -0.0305 0.9995
vn -0.0042 -0.0252 0.9997
vn 0.0875 0.0663 0.9940
vn -0.9931 0.1035 0.0553
vn -1.0000 0.0079 0.0014
vn 0.0731 -0.9970 -0.0246
vn -0.0075 -0.9972 0.0743
vn -0.0075 -0.9997 -0.0243
vn 0.9955 0.0629 0.0715
vn 0.9966 -0.0385 0.0731
vn 0.0153 0.9996 0.0223
vn 0.0055 0.9997 0.0218
vn 0.0033 0.9997 0.0236
vn -0.9928 0.1090 0.0493
vn -1.0000 0.0069 -0.0004
vn -0.9961 0.0883 0.0015
vn 0.0075 0.9972 -0.0743
vn 0.0809 0.9920 0.0971
vn 0.0775 0.9969 -0.0107
vn -0.9912 -0.0926 0.0944
vn -0.9952 0.0046 0.0975
vn 0.0045 0.9997 0.0239
vn -0.1447 0.9813 -0.1273
vn -0.0015 -0.0274 0.9996
vn -0.1652 -0.1865 0.9685
vn -0.0115 -0.2249 0.9743
vn -0.0009 -0.0255 0.9997
vn 0.6562 -0.2028 0.7268
vn 0.7072 -0.0233 0.7067
vn 0.6473 -0.0243 0.7618
vn 0.0011 0.1288 -0.9917
vn -0.0972 0.0245 -0.9950
vn 0.0006 0.0242 -0.9997
vn 1.0000 -0.0033 -0.0024
vn 0.9949 -0.0034 0.1004
vn 1.0000 -0.0008 -0.0041
vn 0.9680 -0.1740 -0.1809
vn 0.9874 0.0574 -0.1471
vn -0.0174 0.9998 0.0040
vn 0.0030 0.9998 0.0213
vn -0.0854 0.9961 0.0211
vn 0.7056 0.0565 0.7063
vn 0.7621 -0.0222 0.6471
vn -0.6063 -0.5039 -0.6152
vn -0.6045 -0.5915 -0.5336
vn -0.7446 -0.4591 -0.4846
vn -0.0004 -0.0245 0.9997
vn 0.0971 -0.0246 0.9950
vn 0.0939 0.0726 0.9929
vn 1.0000 -0.0027 -0.0003
vn 0.9956 -0.0937 -0.0022
vn 0.0050 0.9996 0.0278
vn 0.0050 0.9970 -0.0776
vn 0.1014 0.9946 0.0218
vn 0.0250 0.9843 -0.1749
vn 0.9954 0.0957 0.0016
vn -0.0078 -0.9968 0.0791
vn -0.1058 -0.9941 -0.0238
vn -0.0789 -0.9912 0.1062
vn 0.7088 0.6994 0.0915
vn 0.6521 0.7579 0.0185
vn 0.7110 0.7030 0.0175
vn 1.0000 0.0002 -0.0009
vn 0.9881 -0.1398 0.0646
vn 0.7423 0.6598 0.1168
vn 0.7655 0.6432 0.0164
vn 0.0366 -0.9970 0.0687
vn 0.0057 0.9997 0.0245
vn 0.0046 0.9922 0.1245
vn 0.1021 0.9873 0.1216
vn -0.0031 -0.0143 0.9999
vn 0.0038 -0.0242 0.9997
vn -0.0851 -0.0233 0.9961
vn 0.9994 -0.0245 -0.0240
vn -0.1933 0.9804 0.0391
vn -0.9965 0.0064 0.0828
vn -0.9943 0.1062 0.0038
vn -0.0008 -0.0731 -0.9973
vn 0.1272 -0.0454 -0.9908
vn -0.2515 0.6776 0.6911
vn 0.0021 0.6373 0.7706
vn -0.3294 0.6582 0.6770
vn -0.5153 -0.5931 -0.6187
vn -0.4622 -0.4482 -0.7652
vn -0.5709 0.6039 0.5562
vn -0.5785 0.6215 0.5283
vn 0.1218 -0.9881 -0.0943
vn -0.0057 -0.9997 -0.0239
vn 0.0994 -0.9948 -0.0237
vn -0.0020 0.0718 0.9974
vn -0.0031 -0.0274 0.9996
vn -0.9944 0.0044 0.1056
vn -0.9958 -0.0910 -0.0028
vn -0.1887 -0.0210 0.9818
vn -0.4697 -0.7337 -0.4909
vn -0.5786 -0.5644 -0.5888
vn 0.9906 0.0936 0.0995
vn 0.0964 -0.0736 -0.9926
vn -0.2335 0.6745 0.7003
vn -0.4148 0.7710 0.4832
vn 0.1616 0.6046 0.7800
vn -0.0958 0.1210 -0.9880
vn 0.0013 0.1220 -0.9925
vn 0.6879 0.1370 0.7128
vn 0.7273 0.1853 0.6608
vn 0.7046 0.0749 0.7056
vn 0.6603 0.7166 0.2245
vn 0.7075 0.6973 0.1153
vn -0.1042 -0.9919 0.0731
vn 0.7709 0.6125 0.1749
vn -0.0009 0.9995 0.0326
vn 0.0949 0.9893 0.1104
vn 0.1057 0.1192 -0.9872
vn 0.0817 0.0238 -0.9964
vn 0.0507 0.2308 -0.9717
vn -0.9898 0.1072 -0.0939
vn -0.0225 -0.0440 0.9988
vn -0.0978 -0.1195 0.9880
vn -0.0006 -0.0239 0.9997
vn -0.0990 -0.0231 0.9948
vn 0.0689 0.0450 0.9966
vn -0.0304 0.0504 0.9983
vn 0.9949 0.0018 -0.1013
vn 0.9999 0.0134 -0.0053
vn 0.9951 -0.0034 -0.0986
vn 0.9912 0.1159 -0.0640
vn 0.0913 -0.9885 -0.1202
vn 0.0916 -0.9955 -0.0238
vn -0.0926 0.9954 0.0239
vn -0.0212 0.9953 0.0941
vn -0.0898 0.9932 -0.0737
vn 0.0075 0.9997 0.0239
vn -0.0041 -0.1201 0.9927
vn -0.0013 -0.1219 0.9925
vn 0.0736 -0.0547 0.9958
vn -0.9769 0.0509 0.2078
vn 0.9929 0.0833 0.0854
vn -0.0242 -0.9994 0.0263
vn -0.0056 -0.9983 0.0572
vn 0.1535 -0.9848 0.0806
vn -0.9940 0.0875 0.0653
vn -0.9999 0.0054 0.0109
vn -0.9942 0.0827 0.0693
vn 0.3639 0.7093 0.6038
vn 0.4543 0.6425 0.6170
vn 0.4539 0.6789 0.5771
vn -0.9966 -0.0625 -0.0544
vn 0.2606 -0.6129 -0.7459
vn 0.3526 -0.5532 -0.7548
vn 0.2576 -0.5712 -0.7794
vn -0.9940 0.0628 0.0897
vn -0.9941 0.0667 0.0856
vn 0.3620 0.7441 0.5614
vn 0.4522 0.7124 0.5366
vn 0.2630 -0.7727 -0.5777
vn 0.3545 -0.7915 -0.4978
vn 0.3579 -0.7474 -0.5597
vn 0.2638 -0.6936 -0.6703
vn 0.3578 -0.6314 -0.6880
vn 0.2625 -0.6525 -0.7109
vn -0.9941 0.0708 0.0819
vn -0.9941 0.0747 0.0780
vn -0.9965 -0.0588 -0.0588
vn 0.3481 -0.5068 -0.7887
vn 0.2544 -0.5225 -0.8138
vn 0.3490 0.4618 0.8155
vn 0.4438 0.4874 0.7520
vn 0.3543 0.5088 0.7846
vn 0.3584 0.5537 0.7517
vn 0.4515 0.5688 0.6875
vn 0.3618 0.5941 0.7184
vn 0.3420 -0.4549 -0.8223
vn 0.2482 -0.4684 -0.8479
vn 0.3363 -0.4134 -0.8462
vn 0.2439 -0.4251 -0.8717
vn 0.3405 0.3843 0.8581
vn 0.4310 0.3998 0.8090
vn 0.3436 0.4169 0.8415
vn -0.9939 0.0584 0.0937
vn 0.3334 -0.3938 -0.8566
vn 0.2419 -0.4049 -0.8818
vn 0.3480 -0.4980 -0.7943
vn 0.0771 -0.5218 -0.8496
vn 0.2827 0.1749 0.9431
vn 0.4257 0.3690 0.8262
vn -0.9935 0.0496 0.1028
vn -0.9937 0.0537 0.0980
vn 0.3607 0.7758 0.5177
vn 0.4493 0.7436 0.4951
vn 0.3575 0.8033 0.4764
vn 0.4456 0.7707 0.4554
vn 0.2563 -0.8550 -0.4508
vn 0.3465 -0.8448 -0.4078
vn 0.3496 -0.8280 -0.4383
vn -0.9965 -0.0664 -0.0505
vn 0.3564 0.8207 0.4466
vn 0.4423 0.7885 0.4274
vn 0.3065 0.9255 0.2223
vn 0.4023 0.8884 0.2210
vn 0.2551 -0.8714 -0.4190
vn 0.3620 -0.6816 -0.6359
vn -0.9964 -0.0743 -0.0396
vn 0.5253 0.6140 0.5891
vn 0.5252 0.6486 0.5509
vn 0.9999 -0.0054 -0.0109
vn 0.9975 0.0430 0.0555
vn 0.3557 -0.5932 -0.7222
vn 0.4330 -0.5325 -0.7273
vn 0.9954 -0.0508 -0.0807
vn 0.9953 -0.0467 -0.0843
vn 0.5231 0.6810 0.5124
vn 0.5205 0.7109 0.4729
vn 0.3590 -0.6708 -0.6490
vn 0.4397 -0.6821 -0.5843
vn 0.4397 -0.6453 -0.6247
vn 0.4382 -0.6074 -0.6626
vn 0.3591 -0.7092 -0.6067
vn 0.4384 -0.7192 -0.5391
vn 0.4535 0.6054 0.6541
vn 0.4483 0.5300 0.7198
vn 0.5228 0.5436 0.6566
vn 0.5195 0.5069 0.6878
vn 0.4218 -0.4384 -0.7936
vn 0.9955 -0.0547 -0.0777
vn 0.4378 0.4426 0.7826
vn 0.5151 0.4665 0.7190
vn 0.5092 0.4239 0.7490
vn 0.4111 -0.3805 -0.8284
vn 0.9999 -0.0054 -0.0110
vn 0.9951 -0.0441 -0.0886
vn 0.5023 0.3836 0.7749
vn 0.3778 0.1778 0.9087
vn 0.4957 0.3548 0.7927
vn 0.4794 -0.4590 -0.7480
vn 0.9975 0.0601 0.0383
vn 0.4347 -0.7622 -0.4796
vn 0.4278 -0.7989 -0.4227
vn 0.5159 0.7375 0.4358
vn 0.5119 0.7553 0.4093
vn 0.9973 0.0670 0.0314
vn 0.9974 0.0634 0.0348
vn 0.4230 -0.8160 -0.3940
vn 0.5273 -0.6172 -0.5840
vn 0.4745 0.8517 0.2225
vn 0.2635 -0.7335 -0.6266
vn -0.0586 0.9981 0.0195
vn 0.0435 0.9978 0.0501
vn 0.1435 0.9875 0.0658
vn 0.9956 -0.0679 -0.0643
vn 0.9957 -0.0706 -0.0597
vn 0.4363 -0.5704 -0.6959
vn 0.9956 -0.0645 -0.0677
vn -0.9962 -0.0798 -0.0350
vn -0.9941 0.0791 0.0738
vn 0.9955 -0.0795 -0.0507
vn -0.0573 -0.0076 0.9983
vn -0.2079 -0.1215 0.9706
vn 0.0452 0.0258 0.9986
vn -0.0217 -0.0761 0.9969
vn 0.1457 0.0440 0.9884
vn 0.9975 0.0393 0.0587
vn 0.3633 0.6326 0.6840
vn 0.9975 0.0565 0.0420
vn 0.5246 0.5785 0.6246
vn -0.9948 0.1013 0.0111
vn -0.9958 -0.0852 -0.0332
vn -0.9929 0.1121 0.0405
vn -0.9937 0.0953 0.0591
vn 0.9963 0.0847 0.0159
vn 0.9971 0.0706 0.0297
vn 0.9952 -0.0843 -0.0494
vn 0.9959 0.0899 -0.0042
vn -0.9999 0.0054 0.0110
vn -0.9931 0.0475 0.1072
vn -0.9965 -0.0512 -0.0655
vn 0.4284 -0.4881 -0.7604
vn 0.9970 0.0302 0.0706
vn 0.9999 -0.0055 -0.0110
vn -0.9965 -0.0551 -0.0622
vn -0.9965 -0.0469 -0.0694
vn 0.9956 -0.0610 -0.0713
vn 0.2605 -0.8180 -0.5129
vn 0.1838 0.1578 -0.9702
vn 0.1011 0.1081 -0.9890
vn 0.1798 0.1624 -0.9702
vn 0.9957 -0.0743 -0.0547
vn -0.9999 0.0055 0.0110
vn -0.9923 0.0306 0.1204
vn -0.9960 -0.0370 -0.0810
vn -0.9943 0.0031 0.1066
vn 0.9949 -0.0425 -0.0911
vn 0.9965 -0.0010 0.0837
vn 0.9993 -0.0380 0.0044
vn 0.9965 0.0176 0.0812
vn -0.2642 0.9643 -0.0151
vn -0.4416 0.8936 -0.0808
vn -0.9939 0.0917 0.0614
vn -0.1114 0.9934 0.0273
vn 0.9972 0.0326 0.0669
vn 0.3643 0.6714 0.6453
vn 0.9955 -0.0579 -0.0744
vn 0.9974 0.0357 0.0629
vn -0.9964 -0.0423 -0.0738
vn 0.4149 -0.3990 -0.8177
vn 0.4525 0.1824 0.8729
vn 0.9975 0.0467 0.0524
vn 0.9975 0.0500 0.0493
vn 0.9975 0.0533 0.0457
vn -0.9965 -0.0699 -0.0455
vn -0.9962 -0.0387 -0.0778
vn 0.6922 0.5332 0.4864
vn 0.6177 0.5406 0.5712
vn 0.6525 0.4993 0.5701
vn 0.0313 0.0460 -0.9984
vn -0.6609 -0.7398 0.1263
vn -0.6105 -0.7601 0.2225
vn -0.6202 -0.7746 0.1239
vn 0.1606 0.1834 -0.9698
vn 0.1643 0.1793 -0.9700
vn 0.7255 0.4897 0.4836
vn 0.6845 0.4577 0.5674
vn -0.8142 -0.5656 0.1312
vn -0.8388 -0.4942 0.2285
vn -0.7974 -0.5581 0.2296
vn -0.7387 -0.6614 0.1298
vn -0.6865 -0.6908 0.2272
vn -0.6993 -0.7032 0.1286
vn 0.1683 0.1752 -0.9700
vn 0.1722 0.1713 -0.9700
vn 0.0345 0.0416 -0.9985
vn -0.5629 -0.7971 0.2186
vn -0.5706 -0.8124 0.1203
vn 0.4635 0.7503 0.4714
vn 0.4701 0.6819 0.5604
vn 0.5011 0.7219 0.4773
vn 0.5431 0.6877 0.4819
vn 0.5470 0.6142 0.5688
vn 0.5820 0.6527 0.4850
vn -0.5006 -0.8392 0.2126
vn -0.5063 -0.8546 0.1154
vn -0.4435 -0.8722 0.2064
vn -0.4482 -0.8869 0.1115
vn 0.4239 0.7754 0.4679
vn 0.4100 0.7273 0.5503
vn 0.4376 0.7672 0.4689
vn 0.1565 0.1872 -0.9698
vn -0.4149 -0.8869 0.2031
vn -0.4196 -0.9010 0.1099
vn -0.4510 -0.8681 0.2073
vn -0.5183 -0.8538 -0.0480
vn 0.3853 0.7954 0.4678
vn 0.3974 0.7362 0.5479
vn 0.0959 0.1081 -0.9895
vn 0.1420 0.1766 -0.9740
vn 0.1517 0.1875 -0.9705
vn 0.7558 0.4451 0.4802
vn 0.7144 0.4154 0.5632
vn 0.7819 0.4029 0.4757
vn 0.7403 0.3750 0.5579
vn -0.8909 -0.4349 0.1313
vn -0.8878 -0.4016 0.2249
vn -0.8725 -0.4330 0.2264
vn 0.0275 0.0503 -0.9984
vn 0.7982 0.3727 0.4733
vn 0.7573 0.3466 0.5535
vn 0.8990 0.1497 0.4116
vn 0.8533 0.1409 0.5020
vn -0.9059 -0.4026 0.1310
vn -0.8717 -0.4346 0.2265
vn 0.0200 0.0611 -0.9979
vn 0.5816 0.5071 0.6361
vn 0.6150 0.4680 0.6346
vn -0.1011 -0.1081 0.9890
vn -0.0498 -0.0434 0.9978
vn -0.6495 -0.7263 0.2251
vn -0.5967 -0.7414 0.3070
vn -0.1464 -0.1754 0.9735
vn -0.0938 -0.1064 0.9899
vn -0.1338 -0.1826 0.9740
vn 0.6456 0.4280 0.6324
vn 0.6747 0.3880 0.6279
vn -0.7244 -0.6503 0.2287
vn -0.7412 -0.5932 0.3143
vn -0.7058 -0.6354 0.3132
vn -0.6694 -0.6743 0.3118
vn -0.7611 -0.6066 0.2295
vn -0.7762 -0.5467 0.3142
vn 0.5821 0.5792 0.5707
vn 0.5099 0.6483 0.5654
vn 0.5141 0.5776 0.6340
vn 0.4793 0.6108 0.6303
vn -0.4902 -0.8196 0.2966
vn -0.1518 -0.1713 0.9735
vn -0.1005 -0.1082 0.9890
vn 0.4343 0.7097 0.5548
vn 0.4412 0.6432 0.6257
vn 0.4075 0.6708 0.6196
vn -0.4066 -0.8684 0.2838
vn -0.0792 -0.0963 0.9922
vn -0.1136 -0.1842 0.9763
vn 0.3848 0.6887 0.6145
vn 0.3718 0.7587 0.5349
vn 0.1842 0.8132 0.5521
vn 0.3736 0.6992 0.6096
vn -0.4924 -0.7925 0.3599
vn -0.0341 -0.0617 0.9975
vn -0.8166 -0.4852 0.3127
vn -0.8502 -0.4264 0.3088
vn 0.6997 0.3501 0.6227
vn 0.7168 0.3234 0.6178
vn -0.0272 -0.0690 0.9972
vn -0.0308 -0.0654 0.9974
vn -0.8660 -0.3965 0.3047
vn -0.8395 -0.4185 0.3465
vn 0.8099 0.1368 0.5704
vn -0.7767 -0.6161 0.1311
vn 0.9992 -0.0193 0.0348
vn 0.9947 0.0014 0.1025
vn 0.9804 0.0080 0.1971
vn -0.1640 -0.1574 0.9738
vn -0.1673 -0.1533 0.9739
vn -0.6340 -0.7087 0.3095
vn -0.1611 -0.1613 0.9737
vn 0.0138 0.0657 -0.9977
vn 0.1756 0.1665 -0.9703
vn -0.1761 -0.1442 0.9738
vn -0.0105 0.9991 0.0403
vn -0.2861 0.9551 -0.0769
vn 0.0132 0.9897 0.1425
vn -0.1013 0.9902 0.0966
vn 0.0245 0.9698 0.2429
vn -0.0530 -0.0394 0.9978
vn 0.6189 0.6162 0.4871
vn -0.0373 -0.0580 0.9976
vn 0.5479 0.5444 0.6352
vn 0.1964 0.1035 -0.9750
vn 0.0093 0.0679 -0.9976
vn 0.2076 0.1320 -0.9693
vn 0.1916 0.1513 -0.9697
vn -0.0102 -0.0851 0.9963
vn -0.0240 -0.0707 0.9972
vn -0.1803 -0.1422 0.9733
vn -0.0064 -0.1052 0.9944
vn 0.0826 0.1014 -0.9914
vn 0.1235 0.1479 -0.9813
vn 0.0418 0.0344 -0.9985
vn 0.1005 0.1083 -0.9890
vn -0.5507 -0.7778 0.3028
vn -0.0282 0.0168 0.9995
vn -0.0609 -0.0735 0.9954
vn 0.0382 0.0380 -0.9985
vn 0.0451 0.0317 -0.9985
vn -0.1583 -0.1651 0.9735
vn -0.8566 -0.4990 0.1312
vn -0.1708 -0.1482 0.9741
vn 0.0644 0.0832 -0.9945
vn 0.0860 0.1773 -0.9804
vn 0.0178 0.0061 -0.9998
vn 0.0507 0.1720 -0.9838
vn -0.0951 -0.1716 0.9806
vn -0.0450 0.0322 0.9985
vn -0.0813 -0.0657 0.9945
vn -0.0227 0.0716 0.9972
vn 0.9567 -0.2729 -0.1016
vn 0.9296 -0.0786 -0.3601
vn 0.1876 0.1535 -0.9702
vn 0.9399 -0.2016 0.2757
vn -0.0458 -0.0160 0.9988
vn 0.6560 0.5762 0.4875
vn -0.1547 -0.1680 0.9736
vn -0.0539 -0.0338 0.9980
vn 0.0022 0.9139 0.4058
vn -0.0027 0.9441 0.3295
vn 0.0427 0.0306 -0.9986
vn -0.4344 -0.8534 0.2882
vn -0.0468 -0.0473 0.9978
vn -0.0439 -0.0507 0.9977
vn -0.0399 -0.0537 0.9978
vn 0.0238 0.0550 -0.9982
vn 0.0319 0.0243 -0.9992
vn 0.8966 -0.4248 -0.1248
vn 0.6619 -0.7203 -0.2075
vn 0.7706 -0.4893 -0.4083
vn 0.7910 -0.6069 -0.0775
vn 0.3726 -0.9086 -0.1886
vn 0.6015 -0.7037 -0.3782
vn 0.2283 -0.5073 -0.8310
vn 0.3853 -0.8765 -0.2885
vn -0.3082 -0.9263 -0.2167
vn 0.2452 -0.9662 -0.0798
vn -0.0113 -0.9975 -0.0702
vn -0.3386 -0.9026 -0.2659
vn -0.0045 -0.9825 -0.1861
vn 0.5267 -0.8474 -0.0672
vn -0.0073 -0.9694 -0.2452
vn -0.6944 -0.4256 -0.5803
vn -0.8706 -0.1441 -0.4705
vn -0.7363 -0.2434 -0.6314
vn -0.6647 -0.3823 -0.6419
vn -0.7450 -0.4614 -0.4816
vn -0.8632 -0.3005 -0.4058
vn -0.4238 -0.7111 -0.5610
vn -0.1657 -0.7515 0.6386
vn -0.0452 -0.6382 0.7686
vn -0.1376 -0.4573 0.8786
vn -0.2154 -0.7453 0.6309
vn -0.1530 -0.9247 0.3486
vn -0.0374 -0.8642 0.5018
vn -0.2485 -0.8979 0.3635
vn -0.5210 0.1250 -0.8443
vn -0.5658 -0.4214 -0.7088
vn -0.5889 -0.1642 -0.7914
vn -0.4734 -0.1264 -0.8717
vn -0.4711 -0.4462 -0.7609
vn -0.8229 -0.5677 0.0225
vn -0.6957 -0.4398 -0.5680
vn -0.7863 -0.5795 0.2143
vn -0.5360 -0.7223 -0.4371
vn -0.0546 -0.9730 0.2244
vn -0.2009 -0.9239 -0.3257
vn -0.0508 -0.9983 -0.0294
vn -0.1621 -0.9865 -0.0239
vn -0.2477 -0.9020 -0.3535
vn -0.2169 -0.9759 -0.0239
vn 0.8687 0.4870 -0.0908
vn 0.9759 0.2172 0.0211
vn 0.9007 0.0535 -0.4311
vn 0.9841 -0.0120 -0.1774
vn 0.8672 0.4978 0.0093
vn 0.6947 0.7190 0.0222
vn 0.5244 0.8357 -0.1628
vn -0.5453 0.7713 -0.3282
vn -0.7616 0.4907 -0.4234
vn -0.6862 0.6516 -0.3234
vn -0.2952 0.9313 -0.2137
vn -0.4980 0.7921 -0.3529
vn -0.2703 0.9226 -0.2753
vn 0.3254 0.9456 -0.0035
vn -0.2057 0.9719 -0.1148
vn 0.0498 0.9946 -0.0911
vn -0.4525 0.8661 -0.2126
vn 0.0567 0.9915 -0.1171
vn -0.0603 0.4657 0.8829
vn -0.0181 -0.1451 0.9892
vn 0.0337 0.1811 0.9829
vn 0.0165 0.4668 0.8842
vn -0.1251 0.4956 0.8595
vn -0.1691 0.8198 0.5471
vn -0.1322 0.9735 -0.1867
vn -0.0137 0.9386 0.3449
vn -0.0259 0.9989 0.0394
vn -0.2298 0.8716 -0.4331
vn -0.1057 0.9920 0.0697
vn 0.0224 0.6994 0.7144
vn -0.2304 0.9336 -0.2744
vn -0.1328 0.9884 0.0740
vn -0.3665 0.7722 -0.5191
vn -0.3384 0.6634 -0.6674
vn -0.6914 0.5437 -0.4757
vn -0.5209 0.5070 -0.6867
vn -0.2918 0.9216 -0.2559
vn -0.9050 0.2583 -0.3380
vn -0.8506 0.5173 -0.0937
vn -0.5932 0.5531 -0.5849
vn -0.6521 0.6599 -0.3732
vn -0.5126 0.8464 -0.1440
vn -0.3809 0.6630 -0.6445
vn -0.4109 0.8165 -0.4055
vn -0.1008 0.5312 -0.8413
vn -0.3430 0.2672 -0.9005
vn -0.0700 0.1552 -0.9854
vn -0.1617 0.8678 -0.4699
vn -0.1827 0.9583 -0.2195
vn -0.1165 0.9862 -0.1180
vn -0.6827 0.2709 0.6786
vn -0.6662 0.2928 0.6859
vn -0.5627 0.3542 0.7469
vn -0.4905 0.3469 0.7994
vn -0.4411 0.3173 0.8395
vn 0.2637 0.6154 0.7428
vn -0.7818 -0.2507 0.5709
vn -0.5138 -0.0322 0.8573
vn -0.6781 -0.1256 0.7241
vn -0.2460 -0.2772 -0.9288
vn -0.1512 -0.1615 -0.9752
vn -0.1353 -0.1422 -0.9805
vn -0.8682 0.4956 0.0231
vn -0.9526 0.2564 0.1640
vn 0.2713 0.8063 0.5256
vn 0.5828 -0.0510 0.8110
vn 0.6365 -0.3169 0.7032
vn -0.2312 0.7777 0.5846
vn -0.2312 0.7778 0.5845
vn -0.8041 -0.3654 -0.4689
vn -0.8006 -0.3738 -0.4682
vn -0.7374 -0.5028 -0.4510
vn 0.2883 0.6835 -0.6706
vn 0.3152 0.6859 -0.6559
vn 0.3489 0.7341 -0.5826
vn 0.3754 0.9175 0.1315
vn 0.6739 0.6791 0.2909
vn 0.6738 0.6791 0.2911
vn -0.2015 0.5835 -0.7867
vn -0.1186 0.6790 -0.7245
vn -0.2305 0.5461 -0.8054
vn 0.3365 0.7902 -0.5123
vn 0.1722 -0.9760 0.1334
vn 0.0370 -0.9989 0.0300
vn 0.8138 -0.2319 0.5329
vn 0.0904 0.8587 0.5044
vn -0.0717 0.6627 0.7454
vn -0.0683 0.6612 0.7471
vn 0.1186 0.5755 0.8092
vn -0.0615 -0.8694 -0.4902
vn -0.5058 -0.7348 -0.4519
vn -0.0898 -0.8665 -0.4910
vn -0.8560 -0.1089 0.5054
vn -0.9091 -0.3440 0.2351
vn -0.9894 -0.0670 0.1290
vn -0.5270 -0.1557 0.8355
vn -0.6609 -0.3986 0.6359
vn -0.6028 -0.6054 0.5196
vn -0.1704 -0.5077 0.8445
vn -0.1934 -0.2618 0.9456
vn -0.1205 -0.1640 0.9791
vn -0.3526 -0.9093 0.2212
vn -0.1127 -0.8663 0.4867
vn -0.3928 -0.6712 0.6287
vn -0.4224 -0.4386 0.7932
vn 0.4399 -0.6337 0.6363
vn 0.1962 -0.8586 0.4736
vn 0.1374 -0.8934 0.4278
vn 0.3307 -0.3334 0.8829
vn 0.3689 -0.0732 0.9266
vn 0.3183 -0.3916 0.8634
vn 0.7801 0.5473 0.3033
vn 0.6483 0.6184 0.4441
vn 0.5300 -0.2439 0.8122
vn -0.0350 -0.6442 0.7641
vn -0.1138 -0.7355 0.6679
vn -0.0307 -0.6389 0.7687
vn 0.4984 -0.8573 -0.1287
vn 0.2365 -0.8993 -0.3679
vn 0.8155 -0.5503 -0.1789
vn 0.6393 -0.6519 -0.4080
vn 0.5287 -0.5853 -0.6148
vn 0.7991 -0.4162 -0.4339
vn 0.6409 -0.3763 -0.6691
vn 0.8495 -0.1614 -0.5023
vn 0.9492 -0.1938 -0.2480
vn 0.9805 -0.1250 -0.1516
vn 0.2404 -0.3225 -0.9155
vn 0.5020 -0.0868 -0.8605
vn 0.7920 0.5201 0.3199
vn 0.8243 0.5503 0.1327
vn 0.8248 0.5100 0.2441
vn 0.4991 0.4804 0.7211
vn 0.4991 0.4804 0.7212
vn 0.8549 0.5185 -0.0186
vn 0.8920 0.3375 -0.3006
vn 0.8855 0.3811 -0.2658
vn 0.8238 0.5621 0.0734
vn 0.5734 -0.3501 -0.7407
vn -0.4925 0.8452 -0.2074
vn -0.1213 0.9131 0.3893
vn -0.6050 0.7542 -0.2555
vn -0.3611 0.8963 0.2573
vn -0.1244 0.6909 0.7121
vn -0.4172 0.8078 0.4164
vn -0.3408 0.6570 0.6725
vn -0.9420 -0.2234 -0.2506
vn -0.7855 -0.1804 -0.5920
vn -0.7864 -0.5764 -0.2223
vn -0.9445 -0.3056 -0.1204
vn -0.9423 -0.0825 -0.3246
vn -0.7494 0.0074 -0.6620
vn -0.9981 -0.0281 -0.0542
vn -0.3776 0.2353 0.8956
vn -0.5056 -0.2970 0.8101
vn -0.1210 0.3647 0.9232
vn -0.6290 -0.2916 0.7207
vn -0.4281 0.3978 0.8115
vn 0.8637 -0.2183 -0.4543
vn 0.9227 0.3691 -0.1117
vn 0.7625 -0.2416 -0.6002
vn 0.9037 0.2510 -0.3468
vn 0.7088 0.6976 -0.1053
vn 0.8201 0.4162 -0.3927
vn 0.6752 0.6685 -0.3117
vn -0.2106 -0.2032 -0.9562
vn -0.1838 -0.5673 -0.8028
vn -0.5796 -0.1737 -0.7962
vn -0.2990 -0.0679 -0.9518
vn -0.0715 -0.2914 -0.9539
vn -0.0020 -0.6465 -0.7629
vn -0.0061 -0.0048 -1.0000
vn 0.3805 0.9192 -0.1018
vn -0.2483 0.8506 -0.4634
vn 0.2617 0.9050 -0.3353
vn -0.2487 0.7693 -0.5884
vn 0.4273 0.8167 -0.3877
vn 0.1265 0.9031 0.4105
vn 0.3882 0.9098 0.1469
vn 0.1069 0.6859 0.7198
vn 0.3597 0.8496 0.3856
vn 0.7015 0.7013 0.1270
vn 0.5713 0.5655 0.5948
vn 0.6648 0.6613 0.3474
vn 0.3795 0.1024 0.9195
vn 0.1217 0.3650 0.9230
vn 0.6948 0.0909 0.7134
vn 0.3548 0.3432 0.8697
vn 0.3215 0.6518 0.6868
vn 0.9130 0.3847 0.1354
vn 0.9103 0.1170 0.3971
vn 0.8548 0.3570 0.3767
vn 0.6618 0.3130 0.6812
vn 0.1725 -0.3927 0.9033
vn 0.3633 -0.1444 0.9204
vn -0.1383 -0.6773 0.7226
vn -0.1178 -0.4797 0.8695
vn 0.6792 -0.1092 0.7258
vn 0.0812 -0.4839 0.8714
vn 0.3567 -0.2505 0.9000
vn -0.3291 -0.8783 -0.3468
vn -0.5834 -0.7748 -0.2435
vn -0.1671 -0.7807 -0.6022
vn -0.0730 -0.8858 -0.4582
vn -0.4536 -0.8789 -0.1476
vn -0.6590 -0.7479 -0.0797
vn 0.2538 -0.9346 0.2492
vn 0.2500 -0.9347 0.2527
vn 0.4466 -0.8937 0.0428
vn 0.9101 -0.1322 0.3928
vn 0.8823 -0.4221 -0.2083
vn 0.9168 -0.3458 0.2000
vn 0.7829 -0.5668 -0.2565
vn 0.8887 -0.2374 0.3923
vn 0.8914 -0.4411 0.1041
vn -0.9856 0.1677 0.0215
vn -0.9051 0.4231 0.0420
vn -0.8855 0.4635 0.0311
vn -0.5536 0.6017 0.5757
vn -0.3800 0.6843 0.6224
vn -0.7129 0.5065 0.4850
vn -0.7359 0.6745 0.0585
vn -0.6739 0.7370 0.0512
vn -0.4418 0.7417 0.5046
vn -0.5221 0.7736 0.3591
vn 0.6481 0.3056 0.6975
vn 0.5244 0.0585 0.8494
vn 0.5541 0.5189 0.6510
vn 0.2998 0.7667 0.5677
vn 0.3903 0.8192 0.4202
vn 0.1763 0.4922 0.8524
vn 0.1763 0.4918 0.8527
vn 0.8469 0.5218 0.1022
vn -0.3179 0.9440 0.0887
vn 0.1887 0.9353 0.2994
vn -0.4383 0.8925 0.1064
vn 0.2718 0.7909 0.5483
vn 0.4070 0.7200 0.5621
vn -0.9177 0.3877 -0.0867
vn -0.9202 0.1131 -0.3748
vn -0.6990 0.7113 -0.0738
vn -0.8467 0.3888 -0.3632
vn -0.7037 0.1142 -0.7013
vn -0.6565 0.6743 -0.3381
vn -0.6583 0.3763 -0.6520
vn -0.0898 0.9299 -0.3567
vn -0.3713 0.9255 -0.0748
vn -0.0861 0.7213 -0.6872
vn -0.3671 0.8607 -0.3529
vn -0.3497 0.6790 -0.6455
vn -0.3773 0.1221 -0.9180
vn -0.0942 0.4011 -0.9112
vn -0.3705 0.3968 -0.8398
vn 0.2040 0.5286 -0.8240
vn 0.2851 0.2905 -0.9134
vn 0.0804 0.4813 -0.8729
vn 0.1105 0.6608 -0.7424
vn 0.4736 0.5347 -0.6999
vn 0.3369 0.7474 -0.5727
vn 0.2838 0.9370 0.2039
vn 0.0743 0.9503 -0.3024
vn 0.5540 0.7171 0.4228
vn 0.5360 0.7947 0.2848
vn 0.0907 0.9009 -0.4244
vn 0.0383 0.7521 -0.6580
vn 0.6885 0.5825 0.4319
vn 0.6767 0.5186 0.5227
vn 0.7692 0.3480 0.5360
vn 0.8397 0.5106 0.1850
vn 0.5848 0.7562 0.2937
vn -0.9233 -0.3741 0.0876
vn -0.9215 -0.0996 0.3754
vn -0.7092 -0.7010 0.0746
vn -0.8523 -0.3760 0.3635
vn -0.7053 -0.1035 0.7013
vn -0.6660 -0.6646 0.3387
vn -0.6641 -0.3661 0.6519
vn -0.1046 -0.9286 0.3561
vn -0.3851 -0.9198 0.0750
vn -0.0975 -0.7202 0.6868
vn -0.3799 -0.8552 0.3526
vn -0.3599 -0.6747 0.6444
vn -0.3794 -0.1166 0.9178
vn -0.1003 -0.3996 0.9112
vn -0.3767 -0.3909 0.8398
vn -0.8355 0.1943 0.5139
vn -0.9139 0.1659 0.3705
vn -0.8844 0.0740 0.4609
vn -0.7579 0.0952 0.6454
vn -0.7095 0.4625 0.5317
vn -0.5878 0.3189 0.7435
vn 0.1808 0.2509 0.9510
vn -0.3253 0.0470 0.9444
vn 0.4084 0.5270 0.7453
vn 0.2691 0.5084 0.8180
vn -0.4452 0.0662 0.8930
vn -0.6724 0.0228 0.7398
vn 0.4212 0.6670 0.6145
vn 0.5135 0.6568 0.5522
vn 0.4559 0.8410 0.2913
vn 0.1765 0.8221 0.5413
vn 0.2786 0.5590 0.7809
vn 0.0964 -0.9861 0.1351
vn 0.2761 -0.8026 0.5288
vn 0.0740 -0.9131 0.4009
vn 0.8529 -0.4930 0.1719
vn 0.5514 -0.6672 0.5009
vn 0.2504 -0.5191 0.8172
vn 0.0624 -0.6580 0.7505
vn 0.5446 -0.2488 0.8010
vn 0.7574 0.3396 0.5576
vn 0.8240 0.5162 0.2334
vn 0.6979 0.5662 0.4385
vn 0.5325 0.1489 0.8333
vn 0.7631 0.2344 0.6023
vn 0.0853 -0.3408 0.9362
vn 0.2877 0.1385 0.9477
vn 0.2521 -0.1290 0.9591
vn 0.5015 0.3829 0.7758
vn 0.5436 -0.7968 0.2638
vn 0.1423 -0.9803 0.1370
vn 0.4187 -0.9062 0.0592
vn 0.8265 -0.5082 0.2423
vn 0.1807 -0.5035 0.8449
vn 0.5129 -0.6659 0.5417
vn 0.0951 -0.4026 0.9104
vn 0.8053 -0.2428 0.5409
vn 0.9449 0.1505 0.2907
vn 0.9420 -0.3258 0.0803
vn 0.7684 0.3886 0.5085
vn 0.9610 -0.1165 0.2508
vn 0.7624 -0.6451 0.0521
vn 0.8301 0.1556 0.5354
vn 0.5507 0.3372 0.7636
vn 0.4273 0.5629 0.7075
vn 0.2233 0.5069 0.8326
vn 0.5971 0.2325 0.7677
vn 0.0921 -0.9119 -0.3999
vn 0.3728 -0.9203 -0.1190
vn 0.0879 -0.6874 -0.7210
vn 0.3684 -0.8424 -0.3933
vn 0.7002 -0.7057 -0.1085
vn 0.3509 -0.6468 -0.6772
vn 0.6570 -0.6565 -0.3707
vn 0.3777 -0.0775 -0.9227
vn 0.0952 -0.3570 -0.9292
vn 0.7035 -0.0792 -0.7063
vn 0.3710 -0.3553 -0.8580
vn 0.6586 -0.3426 -0.6699
vn 0.9185 -0.3809 -0.1063
vn 0.9200 -0.0935 -0.3807
vn 0.8473 -0.3689 -0.3820
vn 0.0033 0.1342 -0.9909
vn 0.1673 0.3321 -0.9283
vn 0.3398 0.1273 -0.9319
vn -0.2432 0.5242 -0.8161
vn -0.2151 0.4070 -0.8877
vn 0.6848 0.1026 -0.7214
vn 0.1347 0.4483 -0.8837
vn 0.3505 0.3095 -0.8840
vn -0.1166 0.9766 0.1806
vn -0.5485 0.8257 0.1320
vn -0.0548 0.8030 0.5935
vn 0.0751 0.9660 0.2475
vn -0.3757 0.9267 -0.0053
vn -0.6324 0.7652 -0.1204
vn 0.1108 0.9921 -0.0595
vn 0.1666 0.9860 -0.0054
vn 0.9170 0.1148 -0.3821
vn 0.9152 0.3654 0.1697
vn 0.9314 0.3027 -0.2023
vn 0.8477 0.4855 0.2137
vn 0.8736 0.2987 -0.3843
vn 0.8896 0.4248 -0.1678
vn -0.4108 -0.1147 0.9045
vn -0.7144 -0.1874 0.6742
vn -0.4014 -0.1645 0.9010
vn -0.5952 -0.0615 0.8012
vn -0.9074 -0.1626 0.3875
vn -0.7073 -0.2375 0.6659
vn -0.8777 -0.2640 0.3999
vn -0.9373 -0.1888 -0.2930
vn -0.9639 -0.0522 0.2611
vn -0.9991 -0.0414 0.0052
vn -0.9156 -0.2378 -0.3241
vn -0.9875 -0.1570 0.0119
vn -0.8402 -0.0435 0.5406
vn -0.9762 -0.2168 0.0083
vn -0.4542 -0.5654 -0.6885
vn -0.1720 -0.4641 -0.8689
vn -0.5278 -0.8489 0.0300
vn -0.4612 -0.7064 -0.5370
vn -0.4869 -0.4667 -0.7383
vn -0.3270 -0.3943 -0.8588
vn -0.7335 -0.5393 -0.4137
vn -0.7353 0.6605 -0.1520
vn -0.6165 0.7867 -0.0332
vn -0.4339 0.8916 -0.1299
vn -0.7295 0.6537 -0.2013
vn -0.9162 0.3766 -0.1366
vn -0.8495 0.5272 -0.0220
vn -0.8906 0.3912 -0.2320
vn 0.0916 -0.8460 -0.5252
vn -0.4517 -0.6941 -0.5605
vn -0.1966 -0.7841 -0.5887
vn -0.1598 -0.8665 -0.4728
vn -0.4755 -0.7466 -0.4653
vn -0.5802 0.0410 -0.8134
vn -0.4678 -0.5520 -0.6903
vn -0.5855 0.2327 -0.7766
vn -0.7437 -0.4144 -0.5247
vn -0.9668 0.2527 -0.0377
vn -0.9362 -0.2980 -0.1863
vn -0.9994 -0.0003 -0.0340
vn -0.9893 0.0055 -0.1456
vn -0.9160 -0.3265 -0.2332
vn -0.9797 0.0060 -0.2002
vn 0.5038 -0.0880 0.8593
vn 0.2345 0.0122 0.9720
vn -0.0546 -0.1666 0.9845
vn 0.4175 -0.1604 0.8944
vn 0.5133 -0.0075 0.8582
vn 0.7308 -0.0004 0.6826
vn 0.8389 -0.1883 0.5107
vn 0.7502 -0.3554 -0.5576
vn 0.4866 -0.5296 -0.6948
vn 0.6296 -0.3402 -0.6985
vn 0.9198 -0.2399 -0.3104
vn 0.7378 -0.3990 -0.5445
vn 0.9095 -0.3016 -0.2863
vn 0.9503 -0.0319 0.3096
vn 0.9645 -0.1425 -0.2223
vn 0.9922 -0.1203 0.0335
vn 0.8517 -0.2366 -0.4676
vn 0.9885 -0.1454 0.0415
vn 0.4892 0.8696 -0.0667
vn -0.1168 0.9931 -0.0132
vn 0.2106 0.9770 0.0324
vn 0.4935 0.8697 0.0103
vn 0.5176 0.8455 -0.1316
vn 0.8318 0.5244 -0.1820
vn 0.9654 -0.2142 -0.1489
vn 0.9476 0.3183 -0.0286
vn 0.9991 0.0100 -0.0424
vn 0.8545 -0.4577 -0.2457
vn 0.9916 0.0413 -0.1222
vn 0.7199 0.6940 0.0120
vn 0.9212 -0.3007 -0.2469
vn 0.9877 0.0464 -0.1490
vn 0.7501 -0.5409 -0.3805
vn 0.6379 -0.6856 -0.3508
vn 0.5181 -0.4895 -0.7014
vn 0.4790 -0.6993 -0.5306
vn 0.9095 -0.2803 -0.3070
vn -0.0962 0.9478 -0.3041
vn -0.1546 0.7487 -0.6446
vn -0.5093 0.6212 -0.5956
vn -0.0368 0.8626 -0.5046
vn -0.1226 0.4752 -0.8713
vn -0.3248 0.6822 -0.6550
vn -0.7831 0.2907 -0.5497
vn -0.2262 0.4819 -0.8465
vn -0.1480 -0.2168 -0.9649
vn -0.0111 0.3468 -0.9379
vn 0.0028 0.0845 -0.9964
vn -0.1981 -0.2501 -0.9477
vn -0.1146 0.0977 -0.9886
vn -0.0085 0.6233 -0.7819
vn -0.1734 0.0914 -0.9806
vn -0.5342 -0.6384 -0.5541
vn -0.4504 -0.8437 -0.2921
vn -0.5575 -0.8302 0.0039
vn -0.5980 -0.6069 -0.5235
vn -0.4374 -0.6837 -0.5842
vn -0.3743 -0.8188 -0.4352
vn -0.4980 -0.3400 -0.7977
vn 0.0992 0.9224 0.3732
vn 0.0389 0.9992 0.0120
vn 0.1832 0.8892 0.4192
vn 0.1069 0.9831 0.1483
vn 0.0435 0.8807 -0.4718
vn 0.2116 0.9570 0.1984
vn 0.2177 0.9759 0.0185
vn 0.4090 0.9000 0.1509
vn 0.2870 0.8465 0.4484
vn 0.4074 0.9132 -0.0044
vn 0.3094 0.9185 0.2463
vn 0.2450 0.9686 0.0431
vn 0.1597 0.5500 -0.8198
vn 0.1957 0.4601 -0.8660
vn 0.0927 0.4613 -0.8824
vn 0.0709 0.6985 -0.7121
vn 0.2859 0.6942 -0.6606
vn 0.3377 0.6309 -0.6985
vn 0.1470 0.9753 -0.1648
vn 0.7222 -0.1083 -0.6832
vn 0.8400 -0.0079 -0.5425
vn 0.7937 -0.1396 -0.5921
vn 0.7132 -0.1576 -0.6830
vn 0.4573 -0.0630 -0.8871
vn 0.6042 0.0374 -0.7960
vn 0.4666 -0.1607 -0.8697
vn -0.8697 -0.4920 -0.0389
vn -0.6673 -0.4825 -0.5674
vn -0.7839 -0.5291 -0.3248
vn -0.8641 -0.4150 -0.2847
vn -0.7134 -0.3832 -0.5867
vn 0.0660 -0.7539 -0.6536
vn -0.5286 -0.6153 -0.5848
vn 0.2585 -0.7255 -0.6378
vn -0.3602 -0.4310 -0.8273
vn 0.3419 0.0454 -0.9386
vn -0.2135 -0.0805 -0.9736
vn 0.0939 0.0635 -0.9936
vn 0.0944 -0.0485 -0.9943
vn -0.2455 -0.1278 -0.9609
vn 0.0924 -0.1034 -0.9903
vn -0.1374 0.7920 0.5948
vn -0.0173 0.9366 0.3500
vn -0.1992 0.9786 0.0523
vn -0.2053 0.8040 0.5581
vn -0.0517 0.7877 0.6139
vn -0.0426 0.6085 0.7924
vn -0.2446 0.4261 0.8710
vn -0.4043 -0.6298 0.6632
vn -0.5655 -0.7374 0.3693
vn -0.3788 -0.7603 0.5277
vn -0.2929 -0.3934 0.8715
vn -0.4509 -0.6170 0.6450
vn -0.3580 -0.3681 0.8581
vn -0.0777 0.2330 0.9694
vn -0.1892 -0.2992 0.9352
vn -0.1707 -0.0496 0.9841
vn -0.2833 -0.5457 0.7886
vn -0.1986 -0.0384 0.9793
vn 0.8174 -0.1750 0.5489
vn 0.8299 -0.3657 0.4214
vn 0.9530 -0.0316 0.3013
vn 0.8190 -0.0765 0.5686
vn 0.9799 -0.1930 0.0496
vn 0.4344 -0.2853 0.8543
vn 0.5501 -0.2020 0.8103
vn -0.3103 -0.2327 0.9217
vn 0.2256 -0.1349 0.9648
vn -0.0862 -0.1398 0.9864
vn -0.5452 -0.3071 0.7800
vn -0.0578 -0.2199 0.9738
vn 0.6227 -0.0889 0.7774
vn -0.3956 -0.3217 0.8602
vn -0.0532 -0.2466 0.9677
vn -0.6285 -0.4052 0.6639
vn -0.7550 -0.3804 0.5341
vn -0.8143 -0.4532 0.3627
vn -0.5891 -0.4334 0.6820
vn -0.3759 -0.3824 0.8441
vn 0.3020 0.8233 0.4805
vn 0.2063 0.8605 0.4659
vn 0.2065 0.8799 0.4279
vn 0.1000 0.9071 0.4089
vn 0.3115 -0.9106 0.2716
vn 0.2939 -0.9108 0.2900
vn 0.4649 -0.7807 0.4177
vn 0.4391 -0.7811 0.4439
vn 0.6685 -0.2731 0.6918
vn 0.7330 -0.0169 0.6800
vn 0.6922 -0.0168 0.7215
vn 0.3280 -0.9098 0.2543
vn 0.4882 -0.7799 0.3918
vn 0.7082 -0.2727 0.6512
vn 0.7693 -0.0175 0.6386
vn -0.2935 -0.9002 -0.3218
vn -0.2748 -0.8999 -0.3388
vn -0.4376 -0.7672 -0.4690
vn -0.6156 -0.2980 -0.7295
vn -0.6910 -0.0528 -0.7209
vn -0.6580 -0.2980 -0.6916
vn -0.2539 -0.8990 -0.3568
vn -0.4086 -0.7667 -0.4951
vn -0.5669 -0.2980 -0.7680
vn -0.6456 -0.0519 -0.7619
vn 0.2556 -0.9104 0.3252
vn 0.2749 -0.9106 0.3086
vn 0.3828 -0.7807 0.4940
vn 0.6250 -0.2733 0.7312
vn 0.6023 -0.0183 0.7980
vn 0.5811 -0.2737 0.7664
vn 0.4111 -0.7810 0.4702
vn 0.6477 -0.0174 0.7617
vn -0.3118 -0.8997 -0.3054
vn -0.3275 -0.8997 -0.2886
vn -0.4652 -0.7659 -0.4437
vn -0.4880 -0.7668 -0.4170
vn -0.7316 -0.2997 -0.6123
vn -0.7328 -0.0542 -0.6783
vn -0.7690 -0.0555 -0.6368
vn -0.6975 -0.2994 -0.6510
vn -0.3427 -0.8995 -0.2710
vn -0.3583 -0.8993 -0.2509
vn -0.5119 -0.7654 -0.3900
vn -0.5362 -0.7638 -0.3593
vn -0.7969 -0.3009 -0.5237
vn -0.8032 -0.0578 -0.5928
vn -0.8382 -0.0597 -0.5420
vn -0.7637 -0.3017 -0.5707
vn 0.3443 -0.9088 0.2358
vn 0.5115 -0.7781 0.3645
vn 0.7438 -0.2720 0.6106
vn 0.8038 -0.0190 0.5946
vn 0.3609 -0.9073 0.2160
vn 0.5345 -0.7757 0.3355
vn 0.7769 -0.2729 0.5675
vn 0.8376 -0.0193 0.5459
vn 0.3786 -0.9048 0.1948
vn 0.5583 -0.7716 0.3051
vn 0.8098 -0.2714 0.5201
vn 0.8684 -0.0206 0.4954
vn 0.3969 -0.9007 0.1767
vn 0.5811 -0.7643 0.2796
vn 0.8405 -0.2684 0.4707
vn 0.8942 -0.0188 0.4473
vn -0.3762 -0.8977 -0.2293
vn -0.3929 -0.8945 -0.2131
vn -0.5623 -0.7607 -0.3242
vn -0.5846 -0.7542 -0.2991
vn -0.8531 -0.2968 -0.4291
vn -0.8722 -0.0618 -0.4851
vn -0.8960 -0.0611 -0.4398
vn -0.8295 -0.2997 -0.4712
vn 0.4432 -0.8925 0.0841
vn 0.3737 -0.9270 -0.0305
vn 0.8199 -0.5483 0.1649
vn 0.7047 -0.7087 -0.0325
vn 0.9792 -0.0744 0.1888
vn 0.9281 -0.3712 -0.0287
vn 0.1779 -0.9822 0.0608
vn 0.6034 -0.7537 0.2606
vn 0.8686 -0.2602 0.4218
vn 0.9110 -0.0125 0.4122
vn 0.6152 -0.7459 0.2553
vn 0.8882 -0.2439 0.3894
vn -0.4036 -0.8914 -0.2062
vn -0.5957 -0.7495 -0.2888
vn -0.9059 -0.0583 -0.4195
vn -0.8649 -0.2918 -0.4085
vn -0.2268 -0.8987 -0.3753
vn -0.3764 -0.7651 -0.5224
vn -0.5047 -0.2951 -0.8113
vn -0.5938 -0.0525 -0.8029
vn -0.2048 -0.8935 -0.3997
vn -0.3342 -0.7622 -0.5544
vn -0.4465 -0.2870 -0.8475
vn -0.5256 -0.0520 -0.8491
vn 0.2182 -0.9070 0.3602
vn 0.2359 -0.9100 0.3409
vn 0.3305 -0.7738 0.5404
vn 0.5345 -0.2714 0.8004
vn 0.5111 -0.0163 0.8594
vn 0.4894 -0.2641 0.8311
vn 0.3547 -0.7796 0.5162
vn 0.5552 -0.0189 0.8315
vn -0.0054 -0.9334 0.3587
vn -0.0037 -0.7192 0.6948
vn -0.0010 -0.3843 0.9232
vn 0.1187 -0.8997 0.4201
vn 0.2151 -0.5539 0.8043
vn 0.2391 -0.0664 0.9687
vn -0.1945 -0.8881 -0.4164
vn -0.2965 -0.7517 -0.5891
vn -0.4152 -0.2763 -0.8667
vn -0.4605 -0.0463 -0.8865
vn -0.4285 -0.0392 -0.9027
vn -0.2819 -0.7422 -0.6080
vn -0.4070 -0.2821 -0.8688
vn 0.2082 -0.9031 0.3755
vn 0.4597 -0.2476 0.8529
vn 0.3149 -0.7661 0.5603
vn 0.4790 -0.0095 0.8778
vn 0.5062 0.6727 0.5397
vn 0.5366 0.6724 0.5098
vn 0.3683 0.8399 0.3986
vn 0.3906 0.8395 0.3778
vn 0.2081 0.9499 0.2332
vn 0.2199 0.9501 0.2215
vn 0.5641 0.6715 0.4805
vn 0.4106 0.8394 0.3562
vn 0.2311 0.9501 0.2093
vn -0.4900 0.6621 -0.5670
vn -0.5249 0.6617 -0.5353
vn -0.3532 0.8446 -0.4024
vn -0.3784 0.8444 -0.3793
vn -0.1904 0.9594 -0.2081
vn -0.2043 0.9591 -0.1959
vn -0.4517 0.6617 -0.5984
vn -0.3255 0.8445 -0.4253
vn -0.1753 0.9595 -0.2207
vn 0.4737 0.6722 0.5691
vn 0.4415 0.6704 0.5963
vn 0.3450 0.8391 0.4205
vn 0.3218 0.8380 0.4407
vn 0.1947 0.9497 0.2453
vn 0.1820 0.9490 0.2574
vn -0.5863 0.6581 -0.4724
vn -0.5574 0.6603 -0.5033
vn -0.4235 0.8420 -0.3343
vn -0.4023 0.8431 -0.3569
vn -0.2291 0.9582 -0.1713
vn -0.2175 0.9585 -0.1842
vn -0.6439 0.6503 -0.4031
vn -0.6142 0.6547 -0.4406
vn -0.4669 0.8370 -0.2853
vn -0.4441 0.8400 -0.3117
vn -0.2532 0.9564 -0.1453
vn -0.2412 0.9572 -0.1600
vn 0.5911 0.6698 0.4495
vn 0.4310 0.8382 0.3342
vn 0.2431 0.9497 0.1974
vn 0.6190 0.6659 0.4164
vn 0.4519 0.8363 0.3105
vn 0.2552 0.9492 0.1844
vn 0.6459 0.6615 0.3811
vn 0.4731 0.8334 0.2856
vn 0.2679 0.9482 0.1706
vn 0.6708 0.6551 0.3477
vn 0.4942 0.8287 0.2628
vn 0.2808 0.9466 0.1583
vn -0.6989 0.6347 -0.3298
vn -0.6748 0.6431 -0.3621
vn -0.5118 0.8265 -0.2346
vn -0.4907 0.8328 -0.2564
vn -0.2800 0.9526 -0.1187
vn -0.2665 0.9550 -0.1303
vn 0.9101 0.4108 0.0537
vn 0.7579 0.6264 0.1820
vn 0.6892 0.7228 0.0507
vn 0.5610 0.8151 0.1446
vn 0.3739 0.9266 0.0402
vn 0.3226 0.9417 0.0960
vn 0.6893 0.6479 0.3243
vn 0.5123 0.8224 0.2475
vn 0.2932 0.9441 0.1509
vn -0.7106 0.6291 -0.3150
vn -0.5236 0.8217 -0.2251
vn -0.2891 0.9504 -0.1144
vn -0.4011 0.6590 -0.6363
vn -0.2898 0.8427 -0.4537
vn -0.1563 0.9591 -0.2361
vn -0.3547 0.6507 -0.6714
vn -0.2581 0.8369 -0.4827
vn -0.1402 0.9570 -0.2538
vn 0.4082 0.6673 0.6229
vn 0.3780 0.6631 0.6461
vn 0.2983 0.8360 0.4605
vn 0.2769 0.8326 0.4797
vn 0.1689 0.9484 0.2684
vn 0.1573 0.9467 0.2810
vn 0.0625 0.3962 0.9160
vn 0.0500 0.7106 0.7018
vn 0.0304 0.9199 0.3909
vn 0.2025 0.6340 0.7464
vn 0.1521 0.8164 0.5570
vn 0.0913 0.9398 0.3294
vn -0.3319 0.6425 -0.6907
vn -0.2434 0.8303 -0.5013
vn -0.1331 0.9545 -0.2669
vn 0.3568 0.6565 0.6646
vn 0.2635 0.8272 0.4963
vn 0.1504 0.9449 0.2906
vn -0.8123 0.3742 -0.4474
vn -0.4855 0.3858 -0.7845
vn -0.9458 0.1757 0.2733
vn -0.9459 0.1758 0.2728
vn -0.0596 -0.2867 0.9562
vn -0.7959 0.3734 -0.4766
vn 0.2592 0.2283 -0.9384
vn 0.9687 -0.2328 -0.0855
vn -0.4493 0.3876 -0.8049
vn 0.3858 0.9224 0.0203
vn 0.7095 0.7046 0.0152
vn 0.9248 0.3803 0.0079
vn 0.3681 -0.0230 0.9295
vn 0.9180 -0.0107 0.3966
vn 0.6899 -0.0168 0.7238
vn -0.2383 -0.6721 -0.7011
vn 0.0448 -0.7377 -0.6737
vn 0.8741 -0.3365 -0.3503
vn -0.0161 -0.6920 -0.7217
vn -0.0002 0.3614 0.9324
vn 0.0018 0.6917 0.7222
vn 0.0036 0.9145 0.4045
vn -0.6839 -0.2415 -0.6884
vn -0.6588 0.0048 -0.7523
vn -0.2875 0.9185 -0.2715
vn -0.7062 -0.0310 -0.7073
vn -0.6767 -0.6747 -0.2947
vn -0.7535 -0.6558 -0.0465
vn -0.3182 -0.3378 0.8858
vn -0.7046 -0.7011 -0.1093
vn -0.6079 -0.6178 0.4988
vn -0.9186 0.3952 0.0094
vn -0.6940 0.7198 0.0159
vn -0.5753 0.8178 0.0178
vn -0.3598 0.9328 0.0199
vn 0.0080 0.9898 0.1422
vn 0.0996 0.9948 -0.0190
vn 0.0049 0.9482 -0.3176
vn 0.0046 0.8738 -0.4862
vn 0.0192 0.7440 -0.6679
vn 0.0032 0.5540 -0.8325
vn 0.0026 0.4264 -0.9045
vn 0.3272 0.8845 0.3325
vn 0.4386 0.7771 0.4513
vn 0.5196 0.6702 0.5299
vn 0.5412 0.6349 0.5513
vn 0.6563 0.3624 0.6618
vn 0.4525 0.6881 0.5672
vn 0.6289 0.4474 0.6358
vn 0.7757 -0.0120 0.6310
vn -0.9172 -0.0031 0.3984
vn -0.6993 -0.0122 0.7147
vn -0.3558 -0.0199 0.9344
vn -0.8700 -0.0056 0.4930
vn -0.2188 -0.0218 0.9755
vn -0.0082 -0.9263 0.3766
vn -0.0082 -0.8809 0.4732
vn -0.0076 -0.7066 0.7076
vn -0.0066 -0.4777 0.8785
vn -0.0060 -0.3910 0.9204
vn 0.1020 -0.1030 0.9894
vn 0.3129 0.2912 0.9041
vn 0.4763 0.5345 0.6982
vn 0.5458 0.5268 0.6516
vn 0.6807 0.6599 0.3182
vn 0.2042 0.1824 0.9618
vn 0.4690 0.4482 0.7611
vn 0.6508 0.6352 0.4159
vn 0.6334 0.7694 0.0827
vn 0.9922 0.0136 0.1243
vn 0.9312 -0.3643 -0.0087
vn 0.8368 -0.5473 -0.0131
vn 0.7267 -0.6867 -0.0163
vn 0.6605 -0.7506 -0.0178
vn 0.3990 -0.9167 -0.0218
vn 0.9217 0.0092 -0.3877
vn 0.6969 0.0179 -0.7170
vn 0.3588 0.0237 -0.9331
vn 0.9857 0.0731 -0.1521
vn 0.8725 0.0117 -0.4885
vn 0.5596 0.0208 -0.8285
vn 0.8691 0.3466 0.3529
vn 0.6526 0.5310 0.5405
vn 0.6725 0.5187 0.5279
vn 0.4850 0.6132 0.6236
vn 0.4500 0.6263 0.6366
vn -0.1729 0.6910 0.7019
vn -0.5633 0.5800 0.5885
vn 0.7960 0.4244 0.4315
vn 0.6618 0.5257 0.5345
vn 0.2354 0.6816 0.6928
vn -0.3794 0.9249 0.0226
vn -0.6993 0.7146 0.0180
vn -0.9188 0.3946 0.0106
vn 0.0035 0.4046 -0.9145
vn 0.0058 0.7236 -0.6902
vn 0.0072 0.9327 -0.3605
vn 0.6544 0.3691 0.6600
vn 0.4998 0.6908 0.5225
vn 0.2816 0.9127 0.2961
vn -0.3837 -0.0194 0.9233
vn -0.7051 -0.0120 0.7090
vn -0.9222 -0.0028 0.3866
vn -0.0034 -0.4046 0.9145
vn -0.0057 -0.7237 0.6900
vn -0.0071 -0.9326 0.3607
vn 0.6554 0.6392 0.4023
vn 0.5015 0.4796 0.7201
vn 0.2732 0.2488 0.9292
vn 0.3771 -0.9259 -0.0221
vn 0.7034 -0.7106 -0.0169
vn 0.9217 -0.3878 -0.0092
vn 0.3568 0.0203 -0.9340
vn 0.9218 0.0040 -0.3877
vn 0.6952 0.0132 -0.7187
vn 0.1055 0.6875 0.7185
vn 0.1959 0.7292 0.6556
vn 0.5816 0.5608 0.5893
vn 0.9069 0.2888 0.3070
vn -0.9241 0.0160 -0.3817
vn -0.7072 0.0222 -0.7066
vn -0.7072 0.0222 -0.7067
vn -0.3823 0.0249 -0.9237
vn 0.8133 -0.0212 0.5815
vn 0.9259 -0.0071 -0.3777
vn 0.9824 -0.0238 0.1855
vn 0.9792 -0.0236 0.2013
vn 0.5498 0.0054 -0.8353
vn 0.1678 0.0225 -0.9856
vn 0.9242 0.0126 -0.3818
vn 0.9239 -0.0068 -0.3825
vn -0.9853 0.1710 0.0033
vn -0.9213 0.3888 0.0013
vn -0.3765 0.9259 0.0316
vn -0.3806 0.9246 0.0141
vn -0.3766 0.9263 0.0141
vn 0.5848 0.8109 0.0194
vn 0.3870 0.9220 0.0147
vn -0.8228 0.5684 0.0032
vn 0.2074 0.9782 0.0140
vn 0.1532 -0.9879 -0.0243
vn 0.1529 -0.9804 0.1246
vn 0.9215 -0.3883 -0.0090
vn 0.9168 -0.3894 0.0882
vn 0.8147 0.5797 0.0148
vn 0.1545 -0.9877 -0.0243
vn 0.9213 -0.3887 -0.0090
vn -0.0022 -0.3597 -0.9331
vn -0.0041 -0.6886 -0.7251
vn -0.0040 -0.6894 -0.7243
vn -0.0053 -0.9145 -0.4045
vn -0.0057 -0.9926 -0.1213
vn 0.0028 0.5717 0.8204
vn -0.0023 -0.4008 0.9162
vn -0.0023 -0.4007 0.9162
vn -0.0024 -0.3979 0.9174
vn -0.0057 -0.9906 0.1367
vn -0.9869 0.0043 0.1614
vn -0.9893 0.1434 0.0254
vn -0.3865 -0.0338 0.9217
vn -0.8252 -0.0184 0.5645
vn -0.8345 -0.0174 0.5507
vn 0.2016 -0.0368 0.9788
vn 0.5820 -0.0252 0.8128
vn -0.3817 -0.0196 0.9241
vn -0.3818 -0.0340 0.9236
vn -0.3896 -0.9207 -0.0222
vn -0.7122 -0.7018 -0.0172
vn -0.7129 -0.7011 -0.0172
vn -0.9266 -0.3759 -0.0095
vn -0.6146 0.6549 0.4397
vn -0.6934 0.7159 -0.0816
vn -0.6940 0.7159 -0.0771
vn -0.6934 0.7159 -0.0817
vn -0.5041 0.4942 -0.7082
vn -0.5046 0.4953 -0.7071
vn -0.5041 0.4942 -0.7083
vn -0.1888 0.1577 -0.9693
vn -0.6126 0.6524 0.4462
vn -0.5043 0.4951 -0.7075
vn -0.1874 0.1558 -0.9699
vn -0.8968 0.2975 0.3274
vn -0.8969 0.3157 0.3099
vn -0.7606 0.4387 0.4786
vn -0.7607 0.4652 0.4527
vn -0.2411 0.6979 0.6744
vn 0.0155 0.6782 0.7347
vn 0.0160 0.7199 0.6939
vn -0.8966 0.2796 0.3435
vn -0.7595 0.4133 0.5023
vn -0.2407 0.6573 0.7142
vn 0.0140 0.6367 0.7710
vn -0.9137 -0.2952 -0.2792
vn -0.9136 -0.3122 -0.2605
vn -0.7872 -0.4461 -0.4259
vn -0.3293 -0.7193 -0.6117
vn -0.0853 -0.7174 -0.6914
vn -0.3294 -0.6806 -0.6544
vn -0.9134 -0.3292 -0.2395
vn -0.7874 -0.4719 -0.3965
vn -0.3302 -0.7574 -0.5633
vn -0.0856 -0.7587 -0.6459
vn -0.8964 0.3506 0.2713
vn -0.8965 0.3342 0.2909
vn -0.7594 0.5156 0.3968
vn -0.2409 0.7372 0.6313
vn 0.0152 0.7967 0.6042
vn -0.2401 0.7731 0.5871
vn -0.7600 0.4917 0.4251
vn 0.0158 0.7601 0.6496
vn -0.9136 -0.2777 -0.2971
vn -0.9131 -0.2615 -0.3130
vn -0.7876 -0.4186 -0.4522
vn -0.7862 -0.3937 -0.4764
vn -0.3303 -0.6011 -0.7277
vn -0.0862 -0.6745 -0.7332
vn -0.0871 -0.6329 -0.7693
vn -0.3300 -0.6405 -0.6935
vn -0.9129 -0.2436 -0.3276
vn -0.9119 -0.2238 -0.3440
vn -0.7854 -0.3662 -0.4990
vn -0.7833 -0.3350 -0.5236
vn -0.3304 -0.5123 -0.7927
vn -0.0888 -0.5890 -0.8033
vn -0.0900 -0.5379 -0.8382
vn -0.3306 -0.5599 -0.7597
vn -0.8956 0.2614 0.3600
vn -0.7583 0.3861 0.5253
vn -0.2427 0.6164 0.7491
vn 0.0124 0.5925 0.8055
vn -0.8943 0.2414 0.3768
vn -0.7564 0.3564 0.5485
vn -0.2417 0.5734 0.7828
vn 0.0106 0.5444 0.8387
vn -0.8923 0.2204 0.3939
vn -0.7525 0.3263 0.5721
vn -0.2419 0.5260 0.8154
vn 0.0086 0.4934 0.8697
vn -0.8886 0.2014 0.4120
vn -0.7461 0.3000 0.5944
vn -0.2409 0.4755 0.8461
vn 0.0096 0.4453 0.8953
vn -0.9101 -0.2021 -0.3618
vn -0.9072 -0.1856 -0.3777
vn -0.7786 -0.3009 -0.5506
vn -0.7728 -0.2750 -0.5720
vn -0.3232 -0.4183 -0.8489
vn -0.0911 -0.4807 -0.8722
vn -0.0890 -0.4358 -0.8956
vn -0.3279 -0.4598 -0.8253
vn -0.8822 0.1091 0.4580
vn -0.9211 -0.0044 0.3892
vn -0.5300 0.1788 0.8289
vn -0.6973 -0.0136 0.7167
vn -0.0526 0.1885 0.9807
vn -0.3561 -0.0202 0.9342
vn -0.9766 0.0895 0.1955
vn -0.7356 0.2813 0.6163
vn -0.2330 0.4271 0.8737
vn 0.0150 0.4099 0.9120
vn -0.7276 0.2757 0.6282
vn -0.2171 0.3938 0.8932
vn -0.9041 -0.1788 -0.3881
vn -0.7673 -0.2656 -0.5837
vn -0.0859 -0.4149 -0.9058
vn -0.3175 -0.3975 -0.8609
vn -0.9127 -0.3491 -0.2125
vn -0.7859 -0.4991 -0.3651
vn -0.3277 -0.8008 -0.5013
vn -0.0860 -0.7993 -0.5947
vn -0.9081 -0.3728 -0.1906
vn -0.7829 -0.5319 -0.3227
vn -0.3191 -0.8376 -0.4434
vn -0.0859 -0.8458 -0.5265
vn -0.8927 0.3849 0.2343
vn -0.8950 0.3681 0.2521
vn -0.7530 0.5603 0.3450
vn -0.2394 0.8064 0.5407
vn 0.0175 0.8581 0.5131
vn -0.2311 0.8372 0.4957
vn -0.7572 0.5391 0.3688
vn 0.0157 0.8302 0.5573
vn -0.9226 0.3857 0.0111
vn -0.6987 0.7154 0.0099
vn -0.3571 0.9340 0.0074
vn -0.8851 0.4454 0.1348
vn -0.5264 0.8197 0.2259
vn -0.0342 0.9697 0.2420
vn -0.9033 -0.3893 -0.1803
vn -0.7733 -0.5664 -0.2849
vn -0.3070 -0.8577 -0.4125
vn -0.0809 -0.8835 -0.4614
vn -0.0727 -0.9002 -0.4293
vn -0.7641 -0.5857 -0.2705
vn -0.3137 -0.8589 -0.4048
vn -0.8878 0.4016 0.2246
vn -0.2155 0.8582 0.4658
vn -0.7432 0.5825 0.3292
vn 0.0240 0.8765 0.4808
vn 0.6968 0.5183 0.4958
vn 0.6966 0.4881 0.5259
vn 0.8572 0.3731 0.3551
vn 0.8572 0.3513 0.3766
vn 0.9596 0.2051 0.1925
vn 0.9596 0.1931 0.2046
vn 0.6951 0.4590 0.5533
vn 0.8564 0.3304 0.3969
vn 0.9594 0.1814 0.2160
vn 0.6374 -0.5844 -0.5023
vn 0.6370 -0.5532 -0.5369
vn 0.8266 -0.4258 -0.3681
vn 0.8262 -0.4032 -0.3935
vn 0.9493 -0.2362 -0.2075
vn 0.9493 -0.2237 -0.2209
vn 0.6364 -0.6164 -0.4638
vn 0.8261 -0.4490 -0.3406
vn 0.9494 -0.2484 -0.1921
vn 0.6962 0.5479 0.4638
vn 0.6946 0.5757 0.4314
vn 0.8567 0.3948 0.3319
vn 0.8559 0.4151 0.3085
vn 0.9597 0.2167 0.1791
vn 0.9592 0.2286 0.1662
vn 0.6342 -0.4900 -0.5980
vn 0.6360 -0.5207 -0.5695
vn 0.8242 -0.3581 -0.4386
vn 0.8258 -0.3797 -0.4170
vn 0.9485 -0.1995 -0.2461
vn 0.9490 -0.2110 -0.2341
vn 0.6273 -0.4204 -0.6555
vn 0.6312 -0.4577 -0.6261
vn 0.8204 -0.3086 -0.4813
vn 0.8229 -0.3350 -0.4590
vn 0.9473 -0.1726 -0.2698
vn 0.9481 -0.1869 -0.2573
vn 0.6922 0.4285 0.5808
vn 0.8549 0.3084 0.4173
vn 0.9591 0.1687 0.2272
vn 0.6884 0.3950 0.6084
vn 0.8523 0.2850 0.4386
vn 0.9583 0.1559 0.2394
vn 0.6832 0.3597 0.6356
vn 0.8492 0.2600 0.4596
vn 0.9572 0.1423 0.2520
vn 0.6765 0.3266 0.6601
vn 0.8442 0.2370 0.4808
vn 0.9552 0.1301 0.2658
vn 0.6130 -0.3466 -0.7100
vn 0.6209 -0.3789 -0.6863
vn 0.8106 -0.2573 -0.5261
vn 0.8163 -0.2795 -0.5055
vn 0.9438 -0.1459 -0.2966
vn 0.9461 -0.1571 -0.2832
vn 0.4275 0.0393 0.9031
vn 0.6438 0.1617 0.7479
vn 0.7355 0.0278 0.6770
vn 0.8282 0.1192 0.5476
vn 0.9334 0.0122 0.3586
vn 0.9494 0.0677 0.3067
vn 0.6684 0.3037 0.6789
vn 0.8378 0.2221 0.4988
vn 0.9530 0.1223 0.2773
vn 0.6075 -0.3317 -0.7217
vn 0.8058 -0.2477 -0.5379
vn 0.9419 -0.1410 -0.3047
vn 0.6332 -0.6542 -0.4136
vn 0.8242 -0.4772 -0.3048
vn 0.9490 -0.2637 -0.1729
vn 0.6244 -0.6896 -0.3669
vn 0.8177 -0.5067 -0.2732
vn 0.9466 -0.2817 -0.1569
vn 0.6919 0.6021 0.3984
vn 0.6875 0.6261 0.3679
vn 0.8540 0.4352 0.2851
vn 0.8507 0.4547 0.2638
vn 0.9586 0.2400 0.1533
vn 0.9572 0.2524 0.1418
vn 0.4243 0.9037 0.0577
vn 0.7319 0.6803 0.0395
vn 0.9313 0.3639 0.0156
vn 0.6590 0.7269 0.1932
vn 0.8352 0.5320 0.1394
vn 0.9503 0.3018 0.0761
vn 0.6168 -0.7079 -0.3440
vn 0.8113 -0.5246 -0.2582
vn 0.9437 -0.2948 -0.1498
vn 0.6817 0.6441 0.3469
vn 0.8456 0.4714 0.2506
vn 0.9553 0.2629 0.1351
vn 0.3470 -0.4548 -0.8202
vn 0.3544 -0.7941 -0.4938
vn 0.1675 0.2702 -0.9481
vn 0.1676 0.2706 -0.9480
vn -0.2599 0.9643 -0.0515
vn 0.3454 -0.4804 -0.8061
vn 0.1964 -0.9469 0.2545
vn -0.1775 -0.2343 0.9558
vn 0.3578 -0.6001 -0.7154
vn 0.3937 0.4002 -0.8276
vn 0.4107 0.3814 -0.8281
vn 0.5267 0.5311 -0.6637
vn 0.5512 0.5033 -0.6654
vn 0.7408 0.6633 -0.1063
vn 0.6991 0.6988 0.1511
vn 0.7389 0.6564 0.1519
vn 0.3760 0.4170 -0.8275
vn 0.5011 0.5553 -0.6637
vn 0.7017 0.7043 -0.1077
vn 0.6590 0.7368 0.1509
vn -0.2159 -0.1750 -0.9606
vn -0.2321 -0.1556 -0.9602
vn -0.3835 -0.3264 -0.8639
vn -0.7052 -0.5432 -0.4556
vn -0.7297 -0.6471 -0.2210
vn -0.6683 -0.5878 -0.4559
vn -0.2483 -0.1339 -0.9594
vn -0.4080 -0.2964 -0.8636
vn -0.7421 -0.4944 -0.4527
vn -0.7692 -0.5999 -0.2199
vn 0.4440 0.3419 -0.8283
vn 0.4279 0.3617 -0.8283
vn 0.5993 0.4458 -0.6649
vn 0.7786 0.6183 -0.1071
vn 0.8125 0.5635 0.1495
vn 0.8130 0.5724 -0.1071
vn 0.5767 0.4750 -0.6647
vn 0.7775 0.6104 0.1511
vn -0.1989 -0.1928 -0.9609
vn -0.1829 -0.2095 -0.9606
vn -0.3560 -0.3527 -0.8653
vn -0.3318 -0.3780 -0.8643
vn -0.5919 -0.6642 -0.4566
vn -0.6886 -0.6903 -0.2221
vn -0.6483 -0.7280 -0.2229
vn -0.6295 -0.6281 -0.4574
vn -0.1662 -0.2249 -0.9601
vn -0.1469 -0.2402 -0.9596
vn -0.3058 -0.4017 -0.8632
vn -0.2758 -0.4277 -0.8608
vn -0.5042 -0.7327 -0.4571
vn -0.6055 -0.7636 -0.2242
vn -0.5537 -0.8014 -0.2260
vn -0.5516 -0.6976 -0.4572
vn 0.3587 0.4342 -0.8263
vn 0.4754 0.5795 -0.6619
vn 0.6627 0.7414 -0.1057
vn 0.6171 0.7728 0.1480
vn 0.3392 0.4505 -0.8258
vn 0.4470 0.6030 -0.6608
vn 0.6213 0.7760 -0.1085
vn 0.5712 0.8077 0.1459
vn 0.3220 0.4620 -0.8264
vn 0.4220 0.6223 -0.6593
vn 0.5762 0.8101 -0.1083
vn 0.5302 0.8358 0.1422
vn 0.3054 0.4574 -0.8352
vn 0.4019 0.6256 -0.6687
vn 0.5366 0.8368 -0.1087
vn 0.5030 0.8529 0.1398
vn -0.1300 -0.2550 -0.9582
vn -0.1247 -0.2753 -0.9533
vn -0.2437 -0.4551 -0.8565
vn -0.2252 -0.4835 -0.8458
vn -0.4013 -0.8016 -0.4432
vn -0.4895 -0.8423 -0.2257
vn -0.4346 -0.8734 -0.2199
vn -0.4485 -0.7707 -0.4526
vn 0.0371 0.4503 -0.8921
vn 0.0161 0.7740 -0.6329
vn -0.0072 0.9646 -0.2638
vn 0.1683 0.2179 -0.9614
vn 0.3847 0.6125 -0.6905
vn 0.5101 0.8529 -0.1111
vn 0.4888 0.8613 0.1390
vn 0.3834 0.6152 -0.6889
vn 0.4969 0.8604 -0.1135
vn -0.1291 -0.2994 -0.9453
vn -0.2232 -0.5065 -0.8329
vn -0.4090 -0.8875 -0.2123
vn -0.3787 -0.8188 -0.4315
vn -0.2670 -0.1066 -0.9578
vn -0.4333 -0.2631 -0.8620
vn -0.7833 -0.4308 -0.4481
vn -0.8079 -0.5474 -0.2183
vn -0.2906 -0.0841 -0.9532
vn -0.4651 -0.2204 -0.8574
vn -0.8179 -0.3722 -0.4387
vn -0.8518 -0.4775 -0.2154
vn 0.4770 0.3029 -0.8251
vn 0.4600 0.3214 -0.8277
vn 0.6426 0.3918 -0.6585
vn 0.8440 0.5253 -0.1082
vn 0.8702 0.4701 0.1477
vn 0.8724 0.4779 -0.1026
vn 0.6214 0.4164 -0.6637
vn 0.8439 0.5157 0.1475
vn 0.4722 0.0838 -0.8775
vn 0.7786 0.0460 -0.6258
vn 0.9634 0.0005 -0.2680
vn 0.5323 0.2005 -0.8225
vn 0.8733 0.2394 -0.4243
vn 0.9764 0.2006 0.0794
vn -0.3073 -0.0737 -0.9488
vn -0.4997 -0.1827 -0.8467
vn -0.8375 -0.3414 -0.4266
vn -0.8875 -0.4115 -0.2072
vn -0.9036 -0.3796 -0.1986
vn -0.5190 -0.1684 -0.8380
vn -0.8387 -0.3332 -0.4307
vn 0.4919 0.2918 -0.8203
vn 0.8909 0.4457 -0.0874
vn 0.6619 0.3738 -0.6497
vn 0.8864 0.4370 0.1528
vn 0.4670 0.4023 0.7875
vn 0.4387 0.4340 0.7869
vn 0.3026 0.2533 0.9189
vn 0.2820 0.2763 0.9188
vn 0.1201 0.0892 0.9887
vn 0.1080 0.1016 0.9889
vn 0.4105 0.4627 0.7857
vn 0.2624 0.2979 0.9178
vn 0.0972 0.1137 0.9887
vn -0.6599 -0.5352 0.5274
vn -0.6295 -0.5713 0.5266
vn -0.5152 -0.4275 0.7428
vn -0.4933 -0.4534 0.7424
vn -0.3321 -0.2878 0.8983
vn -0.3205 -0.3020 0.8978
vn -0.6900 -0.4957 0.5274
vn -0.5371 -0.3989 0.7432
vn -0.3441 -0.2722 0.8986
vn 0.4956 0.3693 0.7862
vn 0.5219 0.3356 0.7843
vn 0.3232 0.2292 0.9181
vn 0.3429 0.2052 0.9167
vn 0.1310 0.0753 0.9885
vn 0.1422 0.0618 0.9879
vn -0.5686 -0.6344 0.5237
vn -0.5988 -0.6047 0.5252
vn -0.4496 -0.4998 0.7403
vn -0.4711 -0.4777 0.7415
vn -0.2967 -0.3274 0.8971
vn -0.3087 -0.3155 0.8973
vn -0.4984 -0.6957 0.5173
vn -0.5374 -0.6630 0.5212
vn -0.3992 -0.5457 0.7368
vn -0.4276 -0.5210 0.7388
vn -0.2688 -0.3534 0.8960
vn -0.2850 -0.3392 0.8965
vn 0.3815 0.4917 0.7828
vn 0.2416 0.3196 0.9162
vn 0.0859 0.1264 0.9883
vn 0.3501 0.5204 0.7789
vn 0.2194 0.3417 0.9138
vn 0.0736 0.1392 0.9875
vn 0.3228 0.5465 0.7727
vn 0.2008 0.3633 0.9098
vn 0.0636 0.1529 0.9862
vn 0.3047 0.5650 0.7668
vn 0.1924 0.3850 0.9026
vn 0.0640 0.1763 0.9822
vn -0.3957 -0.7697 0.5010
vn -0.4455 -0.7354 0.5106
vn -0.3194 -0.6088 0.7262
vn -0.3594 -0.5794 0.7315
vn -0.2150 -0.3938 0.8937
vn -0.2439 -0.3756 0.8941
vn 0.1492 0.6861 0.7121
vn -0.0106 0.6224 0.7827
vn 0.0951 0.5005 0.8605
vn -0.0291 0.3102 0.9502
vn 0.0362 0.2915 0.9559
vn 0.0102 0.8615 0.5076
vn 0.2999 0.5825 0.7555
vn 0.1960 0.4128 0.8895
vn 0.0782 0.2143 0.9736
vn -0.3704 -0.7851 0.4965
vn -0.2973 -0.6205 0.7256
vn -0.1955 -0.3956 0.8974
vn -0.7257 -0.4437 0.5258
vn -0.5638 -0.3619 0.7424
vn -0.3585 -0.2525 0.8987
vn -0.7581 -0.3948 0.5190
vn -0.5913 -0.3286 0.7365
vn -0.3758 -0.2357 0.8962
vn 0.5474 0.3022 0.7804
vn 0.5704 0.2710 0.7754
vn 0.3615 0.1809 0.9147
vn 0.3811 0.1594 0.9107
vn 0.1529 0.0484 0.9871
vn 0.1653 0.0367 0.9856
vn 0.8606 -0.0243 0.5086
vn 0.6082 -0.0624 0.7913
vn 0.2737 -0.0915 0.9575
vn 0.6672 0.0955 0.7387
vn 0.4547 0.0336 0.8900
vn 0.2124 -0.0303 0.9767
vn -0.7753 -0.3705 0.5115
vn -0.6082 -0.3126 0.7296
vn -0.3886 -0.2279 0.8928
vn 0.5877 0.2498 0.7695
vn 0.3974 0.1459 0.9060
vn 0.1758 0.0298 0.9840
vn -0.8503 -0.4744 0.2280
vn 0.8749 -0.4745 -0.0974
vn 0.8754 -0.4735 -0.0976
vn -0.8467 -0.4806 0.2283
vn 0.2182 -0.9713 0.0947
vn 0.8467 -0.5251 -0.0856
vn -0.9620 0.2278 0.1508
vn -0.5466 0.8372 -0.0169
vn -0.1168 0.9883 -0.0980
vn -0.4943 -0.8431 0.2120
vn 0.2903 0.8439 -0.4512
vn 0.4934 0.4993 0.7122
vn -0.5394 -0.7155 -0.4440
vn 0.8077 0.5729 0.1393
vn 0.4840 0.6262 0.6112
vn -0.7306 -0.5144 -0.4490
vn 0.6326 0.7700 -0.0832
vn -0.2883 0.8812 -0.3747
vn -0.2618 -0.2965 -0.9184
vn -0.1128 0.6850 -0.7197
vn 0.4825 -0.5770 0.6590
vn 0.3753 0.0060 0.9269
vn -0.3590 -0.9073 0.2187
vn -0.4337 0.8938 -0.1138
vn -0.4466 -0.1479 0.8824
vn 0.8957 -0.1115 -0.4305
vn -0.1067 0.9050 -0.4118
vn 0.0353 -0.8976 0.4393
vn -0.2708 0.6745 0.6868
vn 0.3843 0.5485 -0.7426
vn 0.7441 0.5377 -0.3965
vn -0.2126 -0.5940 -0.7759
vn -0.5282 -0.8154 0.2369
vn 0.7778 -0.1070 0.6194
vn 0.8643 -0.4004 -0.3043
vn 0.9239 -0.0253 0.3817
vn 0.3832 0.0111 -0.9236
vn -0.8309 0.5564 0.0033
vn -0.0023 -0.3975 0.9176
vn 0.9821 -0.1076 -0.1543
f 1236/1/1 1/2/2 200/3/3
f 1187/4/4 20/5/5 105/6/6
f 88/7/2 225/8/7 3/9/2
f 214/10/8 113/11/9 1197/12/10
f 4/13/2 1201/14/11 204/15/12
f 199/16/13 105/6/6 16/17/14
f 210/18/15 101/19/16 14/20/17
f 224/21/18 108/22/19 1192/23/20
f 3/9/2 1176/24/21 220/25/22
f 1191/26/23 4/13/2 87/27/2
f 1197/12/10 22/28/24 229/29/25
f 1207/30/26 19/31/27 235/32/28
f 1202/33/29 26/34/30 205/35/31
f 229/29/25 107/36/32 1212/37/33
f 1212/37/33 23/38/34 239/39/35
f 1222/40/36 18/41/37 245/42/38
f 89/43/39 234/44/40 1201/14/11
f 239/39/35 114/45/41 1227/46/42
f 1227/46/42 1339/47/43 251/48/44
f 267/49/45 112/50/46 1222/40/36
f 90/51/39 244/52/47 1206/53/48
f 1237/54/49 16/17/14 103/55/50
f 272/56/51 103/55/50 17/57/52
f 278/58/53 109/59/54 13/60/55
f 1/2/2 1181/61/56 88/7/2
f 1252/62/57 17/57/52 111/63/58
f 283/64/59 111/63/58 21/65/60
f 1247/66/61 1336/67/62 109/59/54
f 6/68/2 1231/69/63 92/70/2
f 105/6/6 326/71/64 1266/72/65
f 10/73/66 1282/74/67 96/75/66
f 24/76/68 1276/77/69 113/11/9
f 335/78/70 97/79/71 1292/80/72
f 103/55/50 306/81/73 1316/82/74
f 15/83/75 1261/84/76 331/85/77
f 15/83/75 1271/86/78 108/22/19
f 102/87/79 315/88/80 1261/84/76
f 115/89/81 326/71/64 20/5/5
f 116/90/82 310/91/83 26/34/30
f 19/31/27 1281/92/84 116/90/82
f 22/28/24 1291/93/85 107/36/32
f 1277/94/86 8/95/71 335/78/70
f 104/96/87 340/97/88 19/31/27
f 18/41/37 1286/98/89 104/96/87
f 23/38/34 1306/99/90 114/45/41
f 1292/80/72 11/100/71 345/101/91
f 112/50/46 350/102/92 18/41/37
f 25/103/93 1301/104/94 112/50/46
f 114/45/41 356/105/95 1339/47/43
f 305/106/96 95/107/66 7/108/66
f 14/20/17 1311/109/97 315/88/80
f 101/19/16 382/110/98 1311/109/97
f 111/63/58 378/111/99 1331/112/100
f 99/113/66 377/114/101 1317/115/102
f 13/60/55 1326/116/103 382/110/98
f 109/59/54 394/117/104 1326/116/103
f 21/65/60 1331/112/100 387/118/105
f 1182/119/106 14/20/17 102/87/79
f 1242/120/107 21/65/60 106/121/108
f 106/121/108 387/118/105 1321/122/109
f 7/108/66 1262/123/110 316/124/111
f 225/8/7 87/27/2 3/9/2
f 1192/23/20 24/76/68 214/10/8
f 108/22/19 321/125/112 24/76/68
f 95/107/66 330/126/113 1262/123/110
f 93/127/2 277/128/114 6/68/2
f 200/3/3 88/7/2 1186/129/115
f 16/17/14 1266/72/65 306/81/73
f 383/130/116 100/131/66 12/132/66
f 235/32/28 116/90/82 1202/33/29
f 1217/133/117 1340/134/118 110/135/119
f 110/135/119 355/136/120 1296/137/121
f 96/75/66 341/138/122 8/95/71
f 205/35/31 115/89/81 1177/139/123
f 224/21/18 102/87/79 15/83/75
f 1267/140/124 9/141/66 95/107/66
f 26/34/30 1256/142/125 115/89/81
f 1241/143/126 1246/144/127 93/127/2
f 282/145/128 93/127/2 1251/146/129
f 100/131/66 388/147/130 1332/148/131
f 1327/149/132 1322/150/133 100/131/66
f 5/151/39 1221/152/134 244/52/47
f 1196/153/135 2/154/2 89/43/39
f 113/11/9 336/155/136 22/28/24
f 11/100/71 1302/156/137 98/157/138
f 215/158/139 89/43/39 4/13/2
f 230/159/140 90/51/39 2/154/2
f 94/160/66 330/126/113 9/141/66
f 10/73/66 1272/161/141 94/160/66
f 1232/162/142 13/60/55 101/19/16
f 7/108/66 1317/115/102 305/106/96
f 1369/163/143 1459/164/144 409/165/145
f 1312/166/146 12/132/66 99/113/66
f 91/167/147 268/168/148 1221/152/134
f 1226/169/149 1216/170/150 91/167/147
f 1307/171/151 1297/172/152 357/173/153
f 98/157/138 372/174/154 1297/172/152
f 1242/120/107 1337/175/155 287/176/156
f 273/177/157 92/70/2 1236/1/1
f 17/57/52 1316/82/74 378/111/99
f 106/121/108 392/178/158 1337/175/155
f 245/42/38 104/96/87 1207/30/26
f 1251/146/129 6/68/2 273/177/157
f 12/132/66 1332/148/131 377/114/101
f 97/79/71 351/179/159 11/100/71
f 2/154/2 1206/53/48 234/44/40
f 1177/139/123 20/5/5 219/180/160
f 320/181/161 96/75/66 1277/94/86
f 8/95/71 1287/182/162 97/79/71
f 1217/133/117 25/103/93 267/49/45
f 1211/183/163 5/151/39 90/51/39
f 107/36/32 346/184/164 23/38/34
f 110/135/119 373/185/165 25/103/93
f 1186/129/115 3/9/2 220/25/22
f 87/27/2 204/15/12 1176/24/21
f 311/186/166 94/160/66 1257/187/167
f 1257/187/167 9/141/66 325/188/168
f 92/70/2 209/189/169 1/2/2
f 240/190/170 91/167/147 5/151/39
f 345/101/91 98/157/138 1307/171/151
f 316/124/111 99/113/66 7/108/66
f 455/191/171 129/192/172 34/193/173
f 502/194/174 135/195/175 1405/196/176
f 1495/197/177 1449/198/178 135/195/175
f 708/199/179 130/200/180 1445/201/181
f 478/202/182 126/203/183 1394/204/184
f 434/205/185 136/206/186 1369/163/143
f 1472/207/187 1435/208/188 137/209/189
f 1445/201/181 1455/210/190 689/211/191
f 445/212/192 123/213/193 29/214/194
f 424/215/195 134/216/196 1468/217/197
f 1420/218/198 1425/219/199 621/220/200
f 134/216/196 636/221/201 1430/222/202
f 27/223/203 1362/224/204 123/213/193
f 31/225/205 1366/226/206 567/227/207
f 32/228/208 1366/226/206 126/203/183
f 436/229/209 133/230/210 1486/231/211
f 1375/232/212 1460/233/213 119/234/214
f 33/235/215 1348/236/216 128/237/217
f 34/193/173 1353/238/218 530/239/219
f 411/240/220 121/241/221 1370/242/222
f 1380/243/223 1464/244/224 133/230/210
f 1361/245/225 1365/246/226 513/247/227
f 30/248/228 1347/249/229 549/250/230
f 455/191/171 127/251/231 1399/252/232
f 445/212/192 122/253/233 1374/254/234
f 27/223/203 1342/255/235 532/256/236
f 34/193/173 1343/257/237 127/251/231
f 1389/258/238 1489/259/239 464/260/240
f 1395/261/241 1469/262/242 118/263/243
f 35/264/244 1353/238/218 129/192/172
f 35/264/244 1348/236/216 569/265/245
f 479/266/246 118/263/243 1473/267/247
f 477/268/248 137/209/189 1389/258/238
f 28/269/249 1357/270/250 548/271/251
f 29/214/194 1357/270/250 122/253/233
f 426/272/252 124/273/253 1385/274/254
f 488/275/255 127/251/231 33/235/215
f 29/214/194 1362/224/204 512/276/256
f 1485/277/257 1415/278/258 136/206/186
f 1405/196/176 1476/279/259 489/280/260
f 1410/281/261 1481/282/262 138/283/263
f 1352/284/264 1361/245/225 531/285/265
f 28/269/249 1342/255/235 121/241/221
f 504/286/266 138/283/263 1494/287/267
f 487/288/268 117/289/269 1400/290/270
f 30/248/228 1356/291/271 125/292/272
f 31/225/205 1347/249/229 124/273/253
f 1384/293/273 1490/294/274 134/216/196
f 32/228/208 1356/291/271 514/295/275
f 568/296/276 120/297/277 1352/284/264
f 33/235/215 1343/257/237 550/298/278
f 135/195/175 707/299/279 1476/279/259
f 1494/287/267 1454/300/280 725/301/281
f 138/283/263 690/302/282 1454/300/280
f 119/234/214 604/303/283 1419/304/284
f 133/230/210 586/305/285 1486/231/211
f 133/230/210 622/306/286 1424/307/287
f 118/263/243 656/308/288 1439/309/289
f 137/209/189 637/310/290 1489/259/239
f 1473/267/247 1439/309/289 671/311/291
f 435/312/292 123/213/193 1379/313/293
f 443/314/294 119/234/214 1465/315/295
f 1465/315/295 1419/304/284 620/316/296
f 136/206/186 602/317/297 1459/164/144
f 426/272/252 126/203/183 31/225/205
f 463/318/298 124/273/253 30/248/228
f 638/319/299 132/320/300 1429/321/301
f 1429/321/301 1440/322/302 655/323/303
f 488/275/255 128/237/217 1404/324/304
f 503/325/305 128/237/217 35/264/244
f 1455/210/190 1450/326/306 726/327/307
f 117/289/269 706/328/308 1444/329/309
f 411/240/220 122/253/233 28/269/249
f 435/312/292 121/241/221 27/223/203
f 1425/219/199 1414/330/310 587/331/311
f 603/332/312 131/333/313 1420/218/198
f 463/318/298 125/292/272 1390/334/314
f 478/202/182 125/292/272 32/228/208
f 1440/322/302 1434/335/315 672/336/316
f 134/216/196 654/337/317 1468/217/197
f 503/325/305 129/192/172 1409/338/318
f 453/339/319 117/289/269 1482/340/320
f 117/289/269 688/341/321 1482/340/320
f 1559/342/322 36/343/323 744/344/324
f 1510/345/325 55/346/326 157/347/327
f 140/348/323 769/349/328 38/350/323
f 758/351/329 165/352/330 1520/353/331
f 39/354/323 1524/355/332 748/356/333
f 743/357/334 157/347/327 51/358/335
f 754/359/336 153/360/337 49/361/338
f 768/362/339 160/363/340 1515/364/341
f 38/350/323 1499/365/342 764/366/343
f 1514/367/344 39/354/323 139/368/323
f 1520/353/331 57/369/345 773/370/346
f 1530/371/347 54/372/348 779/373/349
f 1525/374/350 61/375/351 749/376/352
f 773/370/346 159/377/353 1535/378/354
f 1535/378/354 58/379/355 783/380/356
f 1545/381/357 53/382/358 789/383/359
f 141/384/323 778/385/360 1524/355/332
f 783/380/356 166/386/361 1550/387/362
f 1550/387/362 1662/388/363 795/389/364
f 811/390/365 164/391/366 1545/381/357
f 142/392/323 788/393/367 1529/394/368
f 1560/395/369 51/358/335 155/396/370
f 816/397/371 155/396/370 52/398/372
f 822/399/373 161/400/374 48/401/375
f 36/343/323 1504/402/376 140/348/323
f 1575/403/377 52/398/372 163/404/378
f 827/405/379 163/404/378 56/406/380
f 1570/407/381 1659/408/382 161/400/374
f 41/409/323 1554/410/383 144/411/323
f 157/347/327 870/412/384 1589/413/385
f 45/414/386 1605/415/387 148/416/386
f 59/417/388 1599/418/389 165/352/330
f 879/419/390 149/420/386 1615/421/391
f 155/396/370 850/422/392 1639/423/393
f 50/424/394 1584/425/395 875/426/396
f 50/424/394 1594/427/397 160/363/340
f 154/428/398 859/429/399 1584/425/395
f 167/430/400 870/412/384 55/346/326
f 168/431/401 854/432/402 61/375/351
f 54/372/348 1604/433/403 168/431/401
f 57/369/345 1614/434/404 159/377/353
f 1600/435/405 43/436/386 879/419/390
f 156/437/406 884/438/407 54/372/348
f 53/382/358 1609/439/408 156/437/406
f 58/379/355 1629/440/409 166/386/361
f 1615/421/391 46/441/410 889/442/411
f 164/391/366 894/443/412 53/382/358
f 60/444/413 1624/445/414 164/391/366
f 166/386/361 900/446/415 1662/388/363
f 849/447/416 147/448/386 42/449/386
f 49/361/338 1634/450/417 859/429/399
f 153/360/337 926/451/418 1634/450/417
f 163/404/378 922/452/419 1654/453/420
f 151/454/386 921/455/421 1640/456/422
f 48/401/375 1649/457/423 926/451/418
f 161/400/374 938/458/424 1649/457/423
f 56/406/380 1654/453/420 931/459/425
f 1505/460/426 49/361/338 154/428/398
f 1565/461/427 56/406/380 158/462/428
f 158/462/428 931/459/425 1644/463/429
f 42/449/386 1585/464/430 860/465/431
f 769/349/328 139/368/323 38/350/323
f 1515/364/341 59/417/388 758/351/329
f 160/363/340 865/466/432 59/417/388
f 147/448/386 874/467/433 1585/464/430
f 145/468/323 821/469/434 41/409/323
f 744/344/324 140/348/323 1509/470/435
f 51/358/335 1589/413/385 850/422/392
f 927/471/436 152/472/386 47/473/386
f 779/373/349 168/431/401 1525/374/350
f 1540/474/437 1663/475/438 162/476/439
f 162/476/439 899/477/440 1619/478/441
f 148/416/386 885/479/442 43/436/386
f 749/376/352 167/430/400 1500/480/443
f 768/362/339 154/428/398 50/424/394
f 1590/481/444 44/482/386 147/448/386
f 61/375/351 1579/483/445 167/430/400
f 1564/484/446 1569/485/447 145/468/323
f 826/486/448 145/468/323 1574/487/449
f 152/472/386 932/488/450 1655/489/451
f 1650/490/452 1645/491/453 152/472/386
f 40/492/454 1544/493/455 788/393/367
f 1519/494/456 37/495/323 141/384/323
f 165/352/330 880/496/457 57/369/345
f 46/441/410 1625/497/458 150/498/459
f 759/499/460 141/384/323 39/354/323
f 774/500/461 142/392/323 37/495/323
f 146/501/386 874/467/433 44/482/386
f 45/414/386 1595/502/462 146/501/386
f 1555/503/463 48/401/375 153/360/337
f 42/449/386 1640/456/422 849/447/416
f 1725/504/464 62/505/465 954/506/466
f 1635/507/467 47/473/386 151/454/386
f 143/508/468 812/509/469 1544/493/455
f 1549/510/470 1539/511/471 143/508/468
f 1630/512/472 1620/513/473 901/514/474
f 150/498/459 916/515/475 1620/513/473
f 1565/461/427 1660/516/476 831/517/477
f 817/518/478 144/411/323 1559/342/322
f 52/398/372 1639/423/393 922/452/419
f 158/462/428 936/519/479 1660/516/476
f 789/383/359 156/437/406 1530/371/347
f 1574/487/449 41/409/323 817/518/478
f 47/473/386 1655/489/451 921/455/421
f 149/420/386 895/520/480 46/441/410
f 37/495/323 1529/394/368 778/385/360
f 1500/480/443 55/346/326 763/521/481
f 864/522/482 148/416/386 1600/435/405
f 43/436/386 1610/523/483 149/420/386
f 1540/524/437 60/444/413 811/390/365
f 1534/525/484 40/492/454 142/392/323
f 159/377/353 890/526/485 58/379/355
f 162/527/439 917/528/486 60/444/413
f 1509/470/435 38/350/323 764/366/343
f 139/368/323 748/356/333 1499/365/342
f 855/529/487 146/501/386 1580/530/488
f 1580/530/488 44/482/386 869/531/489
f 144/411/323 753/532/490 36/343/323
f 784/533/491 143/508/468 40/492/454
f 889/442/411 150/498/459 1630/512/472
f 860/465/431 151/454/386 42/449/386
f 1676/534/492 81/535/493 187/536/494
f 170/537/465 979/538/495 64/539/465
f 968/540/496 195/541/497 1686/542/498
f 65/543/465 1690/544/499 958/545/500
f 953/546/501 187/536/494 77/547/502
f 964/548/503 183/549/504 75/550/505
f 978/551/506 190/552/507 1681/553/508
f 64/539/465 1665/554/509 974/555/510
f 1680/556/511 65/543/465 169/557/465
f 1686/542/498 83/558/512 983/559/513
f 1696/560/514 80/561/515 989/562/516
f 1691/563/517 86/564/518 959/565/519
f 983/559/513 189/566/520 1701/567/521
f 1701/567/521 84/568/522 993/569/523
f 1711/570/524 79/571/525 999/572/526
f 171/573/465 988/574/527 1690/544/499
f 993/569/523 196/575/528 1716/576/529
f 1716/576/529 1828/577/530 1005/578/531
f 1022/579/532 194/580/533 1711/570/524
f 172/581/534 998/582/535 1695/583/536
f 1726/584/537 77/547/502 185/585/538
f 1039/586/539 185/585/538 78/587/540
f 1045/588/541 191/589/542 74/590/543
f 62/505/465 1670/591/544 170/537/465
f 1741/592/545 78/587/540 193/593/546
f 1050/594/547 193/593/546 82/595/548
f 1736/596/549 1825/597/550 191/589/542
f 67/598/465 1720/599/551 174/600/465
f 187/536/494 1093/601/552 1755/602/553
f 71/603/554 1771/604/555 178/605/554
f 85/606/556 1765/607/557 195/541/497
f 1102/608/558 179/609/559 1781/610/560
f 185/585/538 1073/611/561 1805/612/562
f 76/613/563 1750/614/564 1098/615/565
f 76/613/563 1760/616/566 190/552/507
f 184/617/567 1082/618/568 1750/614/564
f 197/619/569 1093/601/552 81/535/493
f 198/620/570 1077/621/571 86/564/518
f 80/561/515 1770/622/572 198/620/570
f 83/558/512 1780/623/573 189/566/520
f 1766/624/574 69/625/575 1102/608/558
f 186/626/576 1107/627/577 80/561/515
f 79/571/525 1775/628/578 186/626/576
f 84/568/522 1795/629/579 196/575/528
f 1781/610/560 72/630/580 1112/631/581
f 194/580/533 1117/632/582 79/571/525
f 1831/633/583 1140/634/584 1790/635/585
f 196/575/528 1123/636/586 1828/577/530
f 1072/637/587 177/638/554 68/639/554
f 75/550/505 1800/640/588 1082/618/568
f 183/549/504 1149/641/589 1800/640/588
f 193/593/546 1145/642/590 1820/643/591
f 181/644/554 1144/645/592 1806/646/593
f 74/590/543 1815/647/594 1149/641/589
f 191/589/542 1161/648/595 1815/647/594
f 82/595/548 1820/643/591 1154/649/596
f 1671/650/597 75/550/505 184/617/567
f 1731/651/598 82/595/548 188/652/599
f 188/652/599 1154/649/596 1810/653/600
f 68/639/554 1751/654/601 1083/655/602
f 979/538/495 169/557/465 64/539/465
f 1681/553/508 85/606/556 968/540/496
f 190/552/507 1088/656/603 85/606/556
f 177/638/554 1097/657/604 1751/654/601
f 175/658/465 1044/659/605 67/598/465
f 954/506/466 170/537/465 1675/660/606
f 77/547/502 1755/602/553 1073/611/561
f 1150/661/607 182/662/554 73/663/554
f 989/562/516 198/620/570 1691/563/517
f 1706/664/608 1829/665/609 192/666/610
f 192/666/610 1122/667/611 1785/668/612
f 178/605/554 1108/669/613 69/625/575
f 959/565/519 197/619/569 1666/670/614
f 978/551/506 184/617/567 76/613/563
f 1756/671/615 70/672/554 177/638/554
f 86/564/518 1745/673/616 197/619/569
f 1730/674/617 1735/675/618 175/658/465
f 1049/676/619 175/658/465 1740/677/620
f 182/662/554 1155/678/621 1821/679/622
f 1816/680/623 1811/681/624 182/662/554
f 66/682/625 1710/683/626 998/582/535
f 1685/684/627 63/685/628 171/573/465
f 195/541/497 1103/686/629 83/558/512
f 72/630/580 1791/687/630 180/688/631
f 969/689/632 171/573/465 65/543/465
f 984/690/633 172/581/534 63/685/628
f 176/691/554 1097/657/604 70/672/554
f 71/603/554 1761/692/634 176/691/554
f 1721/693/635 74/590/543 183/549/504
f 68/639/554 1806/646/593 1072/637/587
f 1801/694/636 73/663/554 181/644/554
f 173/695/637 1023/696/638 1710/683/626
f 1715/697/639 1705/698/640 173/695/637
f 1796/699/641 1786/700/642 1124/701/643
f 180/688/631 1139/702/644 1786/700/642
f 1731/651/598 1826/703/645 1054/704/646
f 1040/705/647 174/600/465 1725/504/464
f 78/587/540 1805/612/562 1145/642/590
f 188/652/599 1159/706/648 1826/703/645
f 999/572/526 186/626/576 1696/560/514
f 1740/677/620 67/598/465 1040/705/647
f 73/663/554 1821/679/622 1144/645/592
f 179/609/559 1118/707/649 72/630/580
f 63/685/628 1695/583/536 988/574/527
f 1666/670/614 81/535/493 973/708/650
f 1087/709/651 178/605/554 1766/624/574
f 69/625/575 1776/710/652 179/609/559
f 1706/664/608 1832/711/653 1021/712/654
f 1700/713/655 66/682/625 172/581/534
f 189/566/520 1113/714/656 84/568/522
f 192/666/610 1785/668/612 1140/715/584
f 1675/660/606 64/539/465 974/555/510
f 169/557/465 958/545/500 1665/554/509
f 1078/716/657 176/691/554 1746/717/658
f 1746/717/658 70/672/554 1092/718/659
f 174/600/465 963/719/660 62/505/465
f 994/720/661 173/695/637 66/682/625
f 1112/631/581 180/688/631 1796/699/641
f 1083/655/602 181/644/554 68/639/554
f 249/721/662 255/722/663 254/723/664
f 252/724/665 256/725/666 255/722/663
f 254/723/664 266/726/667 263/727/668
f 255/722/663 257/728/669 266/726/667
f 258/729/670 260/730/671 250/731/672
f 259/732/673 261/733/674 258/729/670
f 261/733/674 253/734/675 260/730/671
f 262/735/676 256/725/666 261/733/674
f 251/736/44 265/737/677 264/738/678
f 263/727/679 266/726/680 265/737/677
f 264/738/678 262/735/681 259/732/682
f 265/737/677 257/728/683 262/735/681
f 287/176/156 292/739/684 291/740/685
f 290/741/686 293/742/687 292/743/684
f 291/744/685 304/745/688 301/746/689
f 292/743/684 294/747/690 304/745/688
f 288/748/691 298/749/692 297/750/693
f 295/751/694 299/752/695 298/749/692
f 297/750/696 293/742/697 290/741/698
f 298/749/692 294/747/699 293/742/697
f 300/753/700 302/754/701 289/755/702
f 301/746/689 303/756/703 300/753/700
f 303/756/703 296/757/704 302/754/701
f 304/745/688 299/752/705 303/756/703
f 355/136/120 359/758/706 358/759/707
f 364/760/708 360/761/709 359/758/706
f 358/759/707 371/762/710 368/763/711
f 359/758/706 361/764/712 371/762/710
f 356/105/95 365/765/713 364/766/714
f 362/767/715 366/768/716 365/765/713
f 364/766/714 365/765/713 360/761/717
f 365/765/713 361/764/718 360/761/717
f 367/769/719 369/770/720 357/173/153
f 368/763/711 370/771/721 367/769/719
f 370/771/721 363/772/722 369/770/720
f 371/762/723 366/768/716 370/771/721
f 392/178/158 398/773/724 397/774/725
f 395/775/726 399/776/727 398/777/724
f 397/778/725 398/777/724 408/779/728
f 398/777/724 400/780/729 408/779/728
f 401/781/730 403/782/731 393/783/732
f 402/784/733 404/785/734 401/781/730
f 404/786/734 396/787/735 403/788/731
f 405/789/736 399/790/737 404/785/734
f 394/117/104 407/791/738 406/792/739
f 397/793/740 408/794/741 407/791/738
f 406/792/739 405/789/736 402/784/733
f 407/791/738 400/795/742 405/789/736
f 412/796/743 414/797/744 409/165/145
f 413/798/745 415/799/746 412/796/743
f 415/799/746 421/800/747 414/797/744
f 415/799/746 420/801/748 416/802/749
f 417/803/750 419/804/751 410/805/752
f 417/803/750 418/806/753 420/807/748
f 419/804/751 420/801/748 413/798/745
f 420/807/748 418/806/753 416/808/749
f 421/800/747 423/809/754 422/810/755
f 422/811/755 423/809/754 418/812/753
f 423/809/754 416/808/749 418/806/753
f 424/215/756 427/813/757 428/814/758
f 427/815/757 429/816/759 428/817/758
f 428/817/758 429/816/759 433/818/760
f 425/819/761 429/820/761 427/821/761
f 429/822/762 432/823/763 433/824/764
f 430/825/765 431/826/766 426/272/767
f 434/205/185 438/827/768 437/828/769
f 438/829/770 1837/830/770 439/831/770
f 436/229/209 442/832/771 438/833/772
f 442/832/773 437/834/774 438/835/773
f 438/835/775 1837/830/776 440/836/777
f 443/314/778 446/837/779 447/838/780
f 447/839/781 448/840/781 450/841/781
f 444/842/782 449/843/783 446/844/782
f 449/845/784 450/846/785 448/840/786
f 446/844/779 449/843/787 447/847/780
f 453/339/319 456/848/788 457/849/789
f 456/848/790 460/850/790 457/851/790
f 457/851/791 458/852/791 1838/853/791
f 454/854/792 457/855/793 460/856/794
f 457/857/795 459/858/796 1838/859/797
f 465/860/798 467/861/799 462/862/800
f 466/863/801 468/864/802 465/860/798
f 467/861/799 468/865/802 474/866/803
f 471/867/804 472/868/805 470/869/806
f 472/868/805 466/863/801 470/870/806
f 473/871/807 475/872/808 464/260/240
f 474/866/803 476/873/809 473/871/807
f 476/873/809 471/867/804 475/872/808
f 476/873/809 468/865/802 469/874/810
f 480/875/811 481/876/812 477/268/813
f 480/875/814 482/877/815 486/878/816
f 479/266/246 485/879/817 486/880/818
f 485/879/819 481/881/819 486/882/819
f 482/877/820 484/883/821 486/882/822
f 490/884/823 492/885/824 487/288/268
f 491/886/825 493/887/826 490/884/823
f 493/887/826 499/888/827 492/885/824
f 493/887/826 494/889/828 501/890/829
f 496/891/830 497/892/831 495/893/832
f 497/892/831 491/886/825 495/894/832
f 498/895/833 500/896/834 489/280/260
f 498/895/833 499/888/827 501/897/829
f 501/897/829 496/891/830 500/896/834
f 502/194/835 505/898/836 506/899/837
f 505/900/838 508/901/838 1839/902/839
f 506/899/837 505/903/836 510/904/840
f 504/286/841 509/905/842 511/906/843
f 510/904/840 511/907/843 509/905/842
f 511/907/844 1839/908/844 508/909/844
f 515/910/845 517/911/846 512/276/256
f 516/912/847 518/913/848 515/910/845
f 518/913/848 527/914/849 517/911/846
f 518/913/848 519/915/850 520/916/851
f 513/247/227 524/917/852 523/918/853
f 521/919/854 525/920/855 524/917/852
f 523/918/853 519/921/856 516/922/857
f 524/917/852 520/923/858 519/921/856
f 514/295/275 529/924/859 528/925/860
f 527/914/849 529/924/859 526/926/861
f 529/924/859 522/927/862 528/925/860
f 529/924/859 520/928/851 525/929/863
f 533/930/864 535/931/865 530/239/219
f 534/932/866 536/933/867 533/930/864
f 536/933/867 545/934/868 535/931/865
f 536/933/867 537/935/869 538/936/870
f 531/285/265 542/937/871 541/938/872
f 539/939/873 543/940/874 542/937/871
f 541/941/872 537/935/875 534/932/876
f 542/942/871 538/943/877 537/935/875
f 544/944/878 546/945/879 532/256/236
f 545/934/868 547/946/880 544/944/878
f 547/946/880 540/947/881 546/945/879
f 547/946/880 538/943/870 543/948/882
f 551/949/883 553/950/884 548/271/251
f 552/951/885 554/952/886 551/949/883
f 554/952/886 563/953/887 553/950/884
f 554/952/886 556/954/888 566/955/889
f 557/956/890 559/957/891 549/250/230
f 558/958/892 560/959/893 557/956/890
f 560/959/893 552/951/885 559/957/891
f 560/959/893 556/954/888 555/960/894
f 562/961/895 564/962/896 550/298/278
f 563/953/887 565/963/897 562/961/895
f 565/963/897 558/958/892 564/962/896
f 565/963/897 556/954/888 561/964/898
f 567/227/207 573/965/899 572/966/900
f 571/967/901 573/965/899 570/968/902
f 573/965/899 581/969/903 572/966/900
f 573/965/899 574/970/904 584/971/905
f 568/296/276 578/972/906 577/973/907
f 575/974/908 579/975/909 578/976/906
f 577/973/907 574/977/910 571/978/911
f 578/972/912 584/979/913 574/977/914
f 580/980/915 582/981/916 569/265/245
f 581/969/903 583/982/917 580/980/915
f 583/982/917 576/983/918 582/981/916
f 583/982/917 584/984/919 579/975/920
f 585/985/921 591/986/922 590/987/923
f 589/988/924 591/986/925 588/989/926
f 590/987/923 601/990/927 598/991/928
f 591/986/925 592/992/929 601/990/930
f 586/305/285 596/993/931 595/994/932
f 593/995/933 601/996/934 596/993/935
f 595/994/936 596/997/937 589/988/936
f 596/993/938 601/996/938 592/992/938
f 597/998/939 599/999/940 587/1000/311
f 598/991/928 600/1001/941 597/998/939
f 600/1001/942 594/1002/943 599/999/940
f 605/1003/944 607/1004/945 602/317/297
f 606/1005/946 608/1006/947 605/1003/944
f 608/1006/947 616/1007/948 607/1004/945
f 609/1008/949 619/1009/950 608/1006/947
f 610/1010/951 612/1011/952 603/1012/312
f 611/1013/953 613/1014/954 610/1010/951
f 613/1014/954 606/1005/946 612/1011/952
f 613/1014/954 614/1015/955 609/1008/949
f 615/1016/956 617/1017/957 604/303/283
f 616/1007/948 618/1018/958 615/1016/956
f 618/1018/958 611/1013/953 617/1017/957
f 618/1018/958 619/1009/950 614/1019/955
f 620/316/296 635/1020/959 625/1021/960
f 623/1022/961 626/1023/962 635/1020/959
f 625/1021/960 635/1024/959 633/1025/963
f 635/1020/964 626/1023/964 627/1026/964
f 628/1027/965 630/1028/966 621/1029/200
f 629/1030/967 631/1031/968 628/1027/965
f 631/1031/969 624/1032/970 630/1028/966
f 622/306/286 635/1033/971 634/1034/972
f 632/1035/973 633/1025/974 635/1033/971
f 634/1034/972 626/1036/975 629/1030/967
f 639/1037/976 641/1038/977 636/221/201
f 640/1039/978 642/1040/979 639/1037/976
f 642/1040/979 650/1041/980 641/1038/977
f 643/1042/981 653/1043/982 642/1040/979
f 644/1044/983 646/1045/984 637/310/290
f 645/1046/985 647/1047/986 644/1044/983
f 647/1047/986 640/1039/978 646/1045/984
f 647/1047/986 648/1048/987 643/1042/981
f 649/1049/988 651/1050/989 638/1051/299
f 650/1041/980 652/1052/990 649/1049/988
f 652/1052/990 645/1046/985 651/1050/989
f 652/1052/990 653/1043/982 648/1053/987
f 654/337/317 669/1054/991 659/1055/992
f 657/1056/993 660/1057/994 669/1054/991
f 659/1055/992 669/1058/991 667/1059/995
f 669/1054/996 660/1057/996 661/1060/996
f 662/1061/997 664/1062/998 655/1063/303
f 663/1064/999 665/1065/1000 662/1061/997
f 665/1065/1001 658/1066/1002 664/1062/998
f 656/308/288 669/1067/1003 668/1068/1004
f 666/1069/1005 667/1059/1006 669/1067/1003
f 668/1068/1004 660/1070/1007 663/1064/999
f 670/1071/1008 675/1072/1009 674/1073/1010
f 673/1074/1011 676/1075/1012 675/1072/1009
f 674/1073/1010 687/1076/1013 684/1077/1014
f 675/1072/1009 677/1078/1015 687/1076/1013
f 671/311/291 681/1079/1016 680/1080/1017
f 678/1081/1018 682/1082/1019 681/1079/1016
f 680/1080/1017 681/1079/1016 676/1075/1020
f 681/1079/1016 677/1078/1015 676/1075/1020
f 683/1083/1021 685/1084/1022 672/1085/316
f 684/1077/1014 686/1086/1023 683/1083/1021
f 686/1086/1023 679/1087/1024 685/1084/1022
f 687/1076/1013 682/1082/1019 686/1086/1023
f 688/341/321 694/1088/1025 693/1089/1026
f 691/1090/1027 695/1091/1028 694/1088/1025
f 693/1089/1029 705/1092/1030 702/1093/1031
f 694/1088/1025 696/1094/1032 705/1092/1030
f 697/1095/1033 699/1096/1034 689/1097/191
f 698/1098/1035 700/1099/1036 697/1095/1033
f 700/1099/1036 692/1100/1037 699/1096/1034
f 701/1101/1038 695/1091/1028 700/1099/1036
f 690/302/282 704/1102/1039 703/1103/1040
f 702/1093/1041 705/1092/1042 704/1102/1039
f 703/1103/1040 701/1101/1038 698/1098/1035
f 704/1102/1039 696/1094/1032 701/1101/1038
f 709/1104/1043 711/1105/1044 706/328/308
f 710/1106/1045 712/1107/1046 709/1104/1043
f 712/1107/1046 720/1108/1047 711/1105/1044
f 713/1109/1048 723/1110/1049 712/1107/1046
f 714/1111/1050 716/1112/1051 707/299/279
f 715/1113/1052 717/1114/1053 714/1111/1050
f 717/1114/1053 710/1106/1045 716/1112/1051
f 717/1114/1053 718/1115/1054 713/1109/1048
f 719/1116/1055 721/1117/1056 708/1118/179
f 720/1108/1047 722/1119/1057 719/1116/1055
f 722/1119/1057 715/1113/1052 721/1117/1056
f 722/1119/1057 723/1110/1049 718/1120/1054
f 724/1121/1058 730/1122/1059 729/1123/1060
f 728/1124/1061 730/1122/1059 727/1125/1062
f 730/1122/1059 739/1126/1063 729/1123/1060
f 731/1127/1064 742/1128/1065 730/1122/1059
f 725/301/281 736/1129/1066 735/1130/1067
f 733/1131/1068 737/1132/1069 736/1129/1066
f 735/1130/1067 731/1127/1070 728/1124/1071
f 736/1129/1066 732/1133/1072 731/1127/1073
f 738/1134/1074 740/1135/1075 726/1136/307
f 739/1126/1063 741/1137/1076 738/1134/1074
f 741/1137/1076 734/1138/1077 740/1135/1075
f 742/1128/1078 737/1132/1079 741/1137/1076
f 793/1139/1080 799/1140/1081 798/1141/1082
f 796/1142/1083 800/1143/1084 799/1140/1081
f 798/1141/1082 799/1140/1081 810/1144/1085
f 799/1140/1081 801/1145/1086 810/1144/1085
f 802/1146/1087 804/1147/1088 794/1148/1089
f 803/1149/1090 805/1150/1091 802/1146/1087
f 805/1150/1091 797/1151/1092 804/1147/1088
f 806/1152/1093 800/1143/1084 805/1150/1091
f 795/389/364 809/1153/1094 808/1154/1095
f 807/1155/1096 810/1144/1097 809/1156/1094
f 808/1157/1095 806/1152/1098 803/1149/1099
f 809/1156/1094 801/1145/1100 806/1152/1098
f 831/1158/477 836/1159/1101 835/1160/1102
f 834/1161/1103 837/1162/1104 836/1159/1101
f 835/1160/1102 848/1163/1105 845/1164/1106
f 836/1159/1101 838/1165/1107 848/1163/1105
f 832/1166/1108 842/1167/1109 841/1168/1110
f 839/1169/1111 843/1170/1112 842/1171/1109
f 841/1172/1113 837/1162/1114 834/1161/1115
f 842/1171/1109 838/1165/1116 837/1162/1114
f 844/1173/1117 846/1174/1118 833/1175/1119
f 845/1164/1106 847/1176/1120 844/1173/1117
f 847/1176/1120 840/1177/1121 846/1174/1118
f 848/1163/1105 843/1170/1122 847/1176/1120
f 899/1178/440 904/1179/1123 903/1180/1124
f 902/1181/1125 905/1182/1126 904/1179/1123
f 903/1180/1124 915/1183/1127 912/1184/1128
f 904/1179/1123 906/1185/1129 915/1183/1127
f 900/446/415 909/1186/1130 902/1187/1131
f 907/1188/1132 910/1189/1133 909/1186/1130
f 902/1187/1131 909/1186/1130 905/1182/1134
f 909/1186/1130 906/1185/1135 905/1182/1134
f 911/1190/1136 913/1191/1137 901/514/474
f 912/1184/1128 914/1192/1138 911/1190/1136
f 914/1192/1138 908/1193/1139 913/1191/1137
f 915/1183/1140 910/1189/1133 914/1192/1138
f 936/519/479 942/1194/1141 941/1195/1142
f 939/1196/1143 943/1197/1144 942/1194/1141
f 941/1195/1142 942/1194/1141 952/1198/1145
f 942/1194/1141 944/1199/1146 952/1198/1145
f 945/1200/1147 947/1201/1148 937/1202/1149
f 946/1203/1150 948/1204/1151 945/1200/1147
f 948/1204/1151 940/1205/1152 947/1201/1148
f 949/1206/1153 943/1197/1154 948/1204/1151
f 938/458/424 951/1207/1155 950/1208/1156
f 941/1209/1157 952/1198/1158 951/1207/1155
f 950/1208/1156 949/1206/1153 946/1203/1150
f 951/1207/1155 944/1199/1159 949/1206/1153
f 1003/1210/1160 1009/1211/1161 1008/1212/1162
f 1006/1213/1163 1010/1214/1164 1009/1211/1161
f 1008/1212/1162 1020/1215/1165 1017/1216/1166
f 1009/1211/1161 1011/1217/1167 1020/1215/1165
f 1012/1218/1168 1014/1219/1169 1004/1220/1170
f 1013/1221/1171 1015/1222/1172 1012/1218/1168
f 1015/1222/1172 1007/1223/1173 1014/1219/1169
f 1016/1224/1174 1010/1214/1164 1015/1222/1172
f 1005/578/531 1019/1225/1175 1018/1226/1176
f 1017/1227/1177 1020/1228/1178 1019/1225/1175
f 1018/1226/1176 1016/1229/1179 1013/1230/1180
f 1019/1225/1175 1011/1231/1181 1016/1229/1179
f 1024/1232/1182 1026/1233/1183 1021/712/654
f 1025/1234/1184 1027/1235/1185 1024/1232/1182
f 1027/1235/1185 1035/1236/1186 1026/1233/1183
f 1027/1235/1185 1028/1237/1187 1038/1238/1188
f 1029/1239/1189 1031/1240/1190 1022/1241/532
f 1030/1242/1191 1032/1243/1192 1029/1239/1189
f 1031/1240/1190 1028/1244/1187 1025/1234/1184
f 1032/1243/1192 1033/1245/1193 1028/1244/1187
f 1023/696/638 1037/1246/1194 1036/1247/1195
f 1034/1248/1196 1038/1238/1197 1037/1246/1194
f 1036/1247/1195 1033/1245/1198 1030/1242/1199
f 1037/1246/1200 1028/1237/1187 1033/1245/1193
f 1054/1249/646 1059/1250/1201 1058/1251/1202
f 1057/1252/1203 1060/1253/1204 1059/1250/1201
f 1058/1251/1202 1071/1254/1205 1068/1255/1206
f 1059/1250/1201 1061/1256/1207 1071/1254/1205
f 1055/1257/1208 1065/1258/1209 1064/1259/1210
f 1062/1260/1211 1066/1261/1212 1065/1258/1209
f 1064/1259/1213 1060/1262/1214 1057/1263/1215
f 1065/1258/1209 1061/1264/1216 1060/1262/1214
f 1067/1265/1217 1069/1266/1218 1056/1267/1219
f 1068/1255/1206 1070/1268/1220 1067/1265/1217
f 1070/1268/1220 1063/1269/1221 1069/1266/1218
f 1071/1254/1205 1066/1270/1222 1070/1268/1220
f 1122/667/611 1127/1271/1223 1126/1272/1224
f 1125/1273/1225 1128/1274/1226 1127/1271/1223
f 1126/1272/1224 1138/1275/1227 1135/1276/1228
f 1127/1271/1223 1129/1277/1229 1138/1275/1227
f 1123/636/586 1132/1278/1230 1125/1279/1231
f 1130/1280/1232 1133/1281/1233 1132/1278/1230
f 1125/1279/1231 1132/1278/1230 1128/1282/1234
f 1132/1278/1230 1129/1283/1235 1128/1282/1234
f 1134/1284/1236 1136/1285/1237 1124/1286/643
f 1135/1276/1228 1137/1287/1238 1134/1284/1236
f 1137/1287/1238 1131/1288/1239 1136/1285/1237
f 1138/1275/1240 1133/1289/1233 1137/1287/1238
f 1159/706/648 1164/1290/1241 1172/1291/1242
f 1162/1292/1243 1165/1293/1244 1164/1290/1241
f 1172/1291/1242 1164/1290/1241 1175/1294/1245
f 1164/1290/1241 1166/1295/1246 1175/1294/1247
f 1167/1296/1248 1169/1297/1249 1160/1298/1250
f 1168/1299/1251 1170/1300/1252 1167/1296/1248
f 1170/1300/1252 1163/1301/1253 1169/1297/1249
f 1171/1302/1254 1165/1293/1255 1170/1300/1252
f 1161/648/595 1174/1303/1256 1173/1304/1257
f 1172/1305/1258 1175/1294/1259 1174/1303/1256
f 1173/1304/1257 1171/1302/1254 1168/1299/1251
f 1174/1303/1256 1166/1295/1260 1171/1302/1254
f 1831/1306/583 1834/1307/1261 1833/1308/1262
f 1834/1307/1261 1835/1309/1263 1833/1308/1262
f 1835/1309/1263 1836/1310/1264 1833/1308/1262
f 1836/1310/1264 1832/711/653 1833/1308/1262
f 220/25/22 1178/1311/1265 223/1312/1266
f 223/1313/1266 1179/1314/1267 222/1315/1268
f 222/1315/1269 1180/1316/1270 221/1317/1271
f 1180/1316/1270 219/180/160 221/1317/1271
f 1176/24/21 206/1318/1272 1178/1311/1265
f 1178/1319/1265 207/1320/1273 1179/1314/1267
f 1179/1314/1274 208/1321/1275 1180/1316/1270
f 208/1321/1275 1177/139/123 1180/1316/1270
f 1181/61/56 228/1322/1276 225/8/7
f 1183/1323/1277 227/1324/1278 228/1322/1276
f 1184/1325/1279 226/1326/1280 227/1324/1281
f 226/1326/1280 1182/1327/106 224/1328/18
f 209/189/169 1183/1323/1277 1181/61/56
f 211/1329/1282 1184/1325/1283 1183/1323/1277
f 212/1330/1284 1185/1331/1285 1184/1325/1279
f 1185/1331/1285 210/1332/15 1182/1327/106
f 1186/129/115 203/1333/1286 200/3/3
f 1188/1334/1287 202/1335/1288 203/1336/1286
f 1189/1337/1289 201/1338/1290 202/1335/1291
f 201/1338/1290 1187/4/4 199/16/13
f 220/25/22 1188/1339/1287 1186/129/115
f 223/1313/1266 1189/1337/1292 1188/1334/1287
f 222/1315/1269 1190/1340/1293 1189/1337/1289
f 1190/1340/1293 219/180/160 1187/4/4
f 215/158/139 1193/1341/1294 218/1342/1295
f 218/1342/1295 1194/1343/1296 217/1344/1297
f 217/1344/1298 1195/1345/1299 216/1346/1300
f 1195/1345/1299 214/1347/8 216/1346/1300
f 1191/26/23 228/1322/1276 1193/1341/1294
f 1193/1341/1294 227/1324/1278 1194/1343/1296
f 1194/1343/1301 226/1326/1280 1195/1345/1299
f 226/1326/1280 1192/1348/20 1195/1345/1299
f 230/159/140 1198/1349/1302 233/1350/1303
f 233/1350/1303 1199/1351/1304 232/1352/1305
f 232/1352/1306 1200/1353/1307 231/1354/1308
f 1200/1353/1307 229/1355/25 231/1354/1308
f 1196/153/135 218/1342/1295 1198/1349/1302
f 1198/1349/1302 217/1344/1297 1199/1351/1304
f 1199/1351/1309 216/1346/1300 1200/1353/1307
f 216/1346/1300 1197/1356/10 1200/1353/1307
f 204/15/12 1203/1357/1310 206/1318/1272
f 206/1358/1272 1204/1359/1311 207/1320/1273
f 207/1320/1312 1205/1360/1313 208/1321/1275
f 1205/1360/1313 205/35/31 208/1321/1275
f 1201/14/11 236/1361/1314 1203/1357/1310
f 1203/1362/1310 237/1363/1315 1204/1359/1311
f 1204/1359/1316 238/1364/1317 1205/1360/1313
f 238/1364/1317 1202/33/29 1205/1360/1313
f 234/44/40 1208/1365/1318 236/1361/1314
f 236/1366/1314 1209/1367/1319 237/1363/1315
f 237/1363/1320 1210/1368/1321 238/1364/1317
f 1210/1368/1321 235/32/28 238/1364/1317
f 1206/53/48 246/1369/1322 1208/1365/1318
f 1208/1370/1318 247/1371/1323 1209/1367/1319
f 1209/1367/1324 248/1372/1325 1210/1368/1321
f 248/1372/1325 1207/30/26 1210/1368/1321
f 240/190/170 1213/1373/1326 243/1374/1327
f 243/1374/1327 1214/1375/1328 242/1376/1329
f 242/1376/1330 1215/1377/1331 241/1378/1332
f 1215/1377/1331 239/1379/35 241/1378/1332
f 1211/183/163 233/1350/1303 1213/1373/1326
f 1213/1373/1326 232/1352/1305 1214/1375/1328
f 1214/1375/1333 231/1354/1308 1215/1377/1331
f 231/1354/1308 1212/1380/33 1215/1377/1331
f 1216/170/150 271/1381/1334 268/168/148
f 1218/1382/1335 270/1383/1336 271/1381/1334
f 1219/1384/1337 269/1385/1338 270/1383/1336
f 1220/1386/1339 267/49/45 269/1387/1338
f 250/731/672 1218/1382/1335 1216/170/150
f 260/730/671 1219/1384/1337 1218/1382/1335
f 253/734/675 1220/1388/1339 1219/1384/1337
f 252/724/665 1217/1389/117 1220/1388/1339
f 244/52/47 1223/1390/1340 246/1369/1322
f 246/1391/1322 1224/1392/1341 247/1371/1323
f 247/1371/1342 1225/1393/1343 248/1372/1325
f 248/1372/1325 1222/40/36 245/42/38
f 1221/152/134 271/1381/1334 1223/1390/1340
f 1223/1394/1344 270/1395/1336 1224/1392/1341
f 1224/1392/1345 269/1387/1338 1225/1393/1343
f 269/1387/1338 1222/40/36 1225/1393/1343
f 250/731/672 1228/1396/1346 258/729/670
f 258/729/670 1229/1397/1347 259/732/673
f 259/732/682 1230/1398/1348 264/738/678
f 264/738/678 1227/1399/42 251/736/44
f 1226/169/149 243/1374/1327 1228/1396/1346
f 1228/1396/1346 242/1376/1329 1229/1397/1347
f 1229/1397/1349 241/1378/1332 1230/1398/1348
f 1230/1398/1348 239/1379/35 1227/1399/42
f 1231/69/63 211/1329/1282 209/189/169
f 1233/1400/1350 212/1330/1351 211/1329/1282
f 1234/1401/1352 213/1402/1353 212/1330/1284
f 213/1402/1353 1232/1403/142 210/1332/15
f 277/128/114 1233/1400/1350 1231/69/63
f 279/1404/1354 1234/1401/1355 1233/1400/1350
f 280/1405/1356 1235/1406/1357 1234/1401/1352
f 1235/1407/1357 278/58/53 1232/162/142
f 1236/1/1 276/1408/1358 273/177/157
f 1238/1409/1359 275/1410/1360 276/1411/1358
f 1239/1412/1361 274/1413/1362 275/1410/1363
f 274/1413/1362 1237/54/49 272/56/51
f 200/3/3 1238/1414/1359 1236/1/1
f 203/1336/1286 1239/1412/1364 1238/1409/1359
f 202/1335/1291 1240/1415/1365 1239/1412/1361
f 1240/1415/1365 199/16/13 1237/54/49
f 289/755/702 1243/1416/1366 300/753/700
f 300/753/700 1244/1417/1367 301/746/689
f 301/1418/689 1245/1419/1368 291/740/685
f 291/740/685 1242/120/107 287/176/156
f 1241/143/126 284/1420/1369 1243/1416/1366
f 1243/1416/1366 285/1421/1370 1244/1417/1367
f 1244/1422/1367 286/1423/1371 1245/1419/1368
f 1245/1419/1368 283/64/59 1242/120/107
f 1246/144/127 279/1404/1354 277/128/114
f 1248/1424/1372 280/1405/1373 279/1404/1354
f 1249/1425/1374 281/1426/1375 280/1405/1356
f 1250/1427/1376 278/58/53 281/1428/1375
f 289/755/702 1248/1424/1372 1246/144/127
f 302/754/701 1249/1425/1377 1248/1424/1372
f 296/757/1378 1250/1429/1376 1249/1425/1374
f 295/1430/694 1247/66/61 1250/1427/1376
f 1251/146/129 284/1420/1369 282/145/128
f 1253/1431/1379 285/1432/1370 284/1433/1369
f 1254/1434/1380 286/1423/1371 285/1432/1370
f 286/1423/1371 1252/62/57 283/64/59
f 273/177/157 1253/1435/1379 1251/146/129
f 276/1411/1358 1254/1434/1381 1253/1431/1379
f 275/1410/1363 1255/1436/1382 1254/1434/1380
f 274/1413/1362 1252/62/57 1255/1436/1382
f 1256/142/125 329/1437/1383 326/71/64
f 1258/1438/1384 328/1439/1385 329/1437/1383
f 1259/1440/1386 327/1441/1387 328/1439/1385
f 1260/1442/1388 325/188/168 327/1441/1387
f 310/91/83 1258/1438/1384 1256/142/125
f 312/1443/1389 1259/1440/1386 1258/1438/1384
f 313/1444/1390 1260/1442/1388 1259/1440/1386
f 314/1445/1391 1257/187/167 1260/1442/1388
f 331/85/77 1263/1446/1392 334/1447/1393
f 334/1447/1393 1264/1448/1394 333/1449/1395
f 333/1449/1395 1265/1450/1396 332/1451/1397
f 332/1451/1397 1262/123/110 330/126/113
f 1261/84/76 317/1452/1398 1263/1446/1392
f 1263/1446/1392 318/1453/1399 1264/1448/1394
f 1264/1448/1394 319/1454/1400 1265/1450/1396
f 1265/1450/1396 316/124/111 1262/123/110
f 306/81/73 1268/1455/1401 309/1456/1402
f 309/1456/1402 1269/1457/1403 308/1458/1404
f 308/1458/1404 1270/1459/1405 307/1460/1406
f 307/1460/1406 1267/140/124 305/106/96
f 1266/72/65 329/1437/1383 1268/1455/1401
f 1268/1455/1401 328/1439/1385 1269/1457/1403
f 1269/1457/1403 327/1441/1387 1270/1459/1405
f 1270/1459/1405 325/188/168 1267/140/124
f 1271/86/78 324/1461/1407 321/125/112
f 1273/1462/1408 323/1463/1409 324/1461/1407
f 1274/1464/1410 322/1465/1411 323/1463/1409
f 1275/1466/1412 320/181/161 322/1465/1411
f 331/85/77 1273/1462/1408 1271/86/78
f 334/1447/1393 1274/1464/1410 1273/1462/1408
f 333/1449/1395 1275/1466/1412 1274/1464/1410
f 332/1451/1397 1272/161/141 1275/1466/1412
f 1276/77/69 339/1467/1413 336/155/136
f 1278/1468/1414 338/1469/1415 339/1467/1413
f 1279/1470/1416 337/1471/1417 338/1469/1415
f 1280/1472/1418 335/78/70 337/1471/1417
f 321/125/112 1278/1468/1414 1276/77/69
f 324/1461/1407 1279/1470/1416 1278/1468/1414
f 323/1463/1409 1280/1472/1418 1279/1470/1416
f 322/1465/1411 1277/94/86 1280/1472/1418
f 1281/92/84 312/1443/1389 310/91/83
f 1283/1473/1419 313/1444/1390 312/1443/1389
f 1284/1474/1420 314/1445/1391 313/1444/1390
f 1285/1475/1421 311/186/166 314/1445/1391
f 340/97/88 1283/1473/1419 1281/92/84
f 342/1476/1422 1284/1474/1420 1283/1473/1419
f 343/1477/1423 1285/1475/1421 1284/1474/1420
f 344/1478/1424 1282/74/67 1285/1475/1421
f 1286/98/89 342/1476/1422 340/97/88
f 1288/1479/1425 343/1477/1423 342/1476/1422
f 1289/1480/1426 344/1478/1424 343/1477/1423
f 1290/1481/1427 341/138/122 344/1478/1424
f 350/102/92 1288/1479/1425 1286/98/89
f 352/1482/1428 1289/1480/1426 1288/1479/1425
f 353/1483/1429 1290/1481/1427 1289/1480/1426
f 354/1484/1430 1287/182/162 1290/1481/1427
f 1291/93/85 349/1485/1431 346/184/164
f 1293/1486/1432 348/1487/1433 349/1485/1431
f 1294/1488/1434 347/1489/1435 348/1487/1433
f 1295/1490/1436 345/101/91 347/1489/1435
f 336/155/136 1293/1486/1432 1291/93/85
f 339/1467/1413 1294/1488/1434 1293/1486/1432
f 338/1469/1415 1295/1490/1436 1294/1488/1434
f 337/1471/1417 1292/80/72 1295/1490/1436
f 373/185/165 1298/1491/1437 376/1492/1438
f 376/1492/1438 1299/1493/1439 375/1494/1440
f 375/1494/1440 1300/1495/1441 374/1496/1442
f 374/1496/1442 1297/172/152 372/174/154
f 1296/137/121 358/759/707 1298/1491/1437
f 1298/1491/1437 368/763/711 1299/1493/1439
f 1299/1493/1439 367/769/719 1300/1495/1441
f 1300/1495/1441 357/173/153 1297/172/152
f 1301/104/94 352/1482/1428 350/102/92
f 1303/1497/1443 353/1483/1429 352/1482/1428
f 1304/1498/1444 354/1484/1430 353/1483/1429
f 1305/1499/1445 351/179/159 354/1484/1430
f 373/185/165 1303/1497/1443 1301/104/94
f 376/1492/1438 1304/1498/1444 1303/1497/1443
f 375/1494/1440 1305/1499/1445 1304/1498/1444
f 374/1496/1442 1302/156/137 1305/1499/1445
f 1306/99/90 362/767/715 356/105/95
f 1308/1500/1446 363/772/722 362/767/715
f 1309/1501/1447 369/770/720 363/772/722
f 1310/1502/1448 357/173/153 369/770/720
f 346/184/164 1308/1500/1446 1306/99/90
f 349/1485/1431 1309/1501/1447 1308/1500/1446
f 348/1487/1433 1310/1502/1448 1309/1501/1447
f 347/1489/1435 1307/171/151 1310/1502/1448
f 315/88/80 1313/1503/1449 317/1452/1398
f 317/1452/1398 1314/1504/1450 318/1453/1399
f 318/1453/1399 1315/1505/1451 319/1454/1400
f 319/1454/1400 1312/166/146 316/124/111
f 1311/109/97 384/1506/1452 1313/1503/1449
f 1313/1503/1449 385/1507/1453 1314/1504/1450
f 1314/1504/1450 386/1508/1454 1315/1505/1451
f 1315/1505/1451 383/130/116 1312/166/146
f 378/111/99 1318/1509/1455 381/1510/1456
f 381/1510/1456 1319/1511/1457 380/1512/1458
f 380/1512/1458 1320/1513/1459 379/1514/1460
f 379/1514/1460 1317/115/102 377/114/101
f 1316/82/74 309/1456/1402 1318/1509/1455
f 1318/1509/1455 308/1458/1404 1319/1511/1457
f 1319/1511/1457 307/1460/1406 1320/1513/1459
f 1320/1513/1459 305/106/96 1317/115/102
f 1321/122/109 395/1515/726 392/178/158
f 1323/1516/1461 396/787/735 395/775/726
f 1324/1517/1462 403/788/731 396/787/735
f 1325/1518/1463 393/783/732 403/782/731
f 387/1519/105 1323/1516/1461 1321/1520/109
f 389/1521/1464 1324/1517/1462 1323/1516/1461
f 390/1522/1465 1325/1523/1463 1324/1517/1462
f 391/1524/1466 1322/150/133 1325/1518/1463
f 382/110/98 1328/1525/1467 384/1506/1452
f 384/1506/1452 1329/1526/1468 385/1507/1453
f 385/1507/1453 1330/1527/1469 386/1508/1454
f 386/1508/1454 1327/149/132 383/130/116
f 1326/116/103 406/792/739 1328/1525/1467
f 1328/1525/1467 402/784/733 1329/1526/1468
f 1329/1526/1468 401/781/730 1330/1527/1469
f 1330/1527/1469 393/783/732 1327/149/132
f 387/118/105 1333/1528/1470 389/1529/1464
f 389/1529/1464 1334/1530/1471 390/1531/1465
f 390/1531/1465 1335/1532/1472 391/1524/1466
f 391/1524/1466 1332/148/131 388/147/130
f 1331/112/100 381/1510/1456 1333/1528/1470
f 1333/1528/1470 380/1512/1458 1334/1530/1471
f 1334/1530/1471 379/1514/1460 1335/1532/1472
f 1335/1532/1472 377/114/101 1332/148/131
f 394/117/104 1338/1533/1473 397/1534/740
f 397/774/725 1337/175/155 392/178/158
f 1336/67/62 297/1535/1474 1338/1533/1473
f 1338/1536/1475 297/750/1475 290/741/1476
f 1338/1537/1477 287/176/156 1337/175/155
f 1339/1538/43 263/1539/1478 251/736/44
f 263/727/1479 1341/1540/1479 254/723/1479
f 1341/1540/1480 249/721/662 254/723/664
f 356/1541/95 1341/1542/1481 1339/1538/43
f 364/1543/708 1340/1544/118 1341/1540/1480
f 532/256/236 1344/1545/1482 544/944/878
f 544/944/878 1345/1546/1483 545/934/868
f 1345/1546/1483 535/931/865 545/934/868
f 1346/1547/1484 530/239/219 535/931/865
f 1342/255/235 553/950/884 1344/1545/1482
f 1344/1545/1482 563/953/887 1345/1546/1483
f 563/953/887 1346/1547/1484 1345/1546/1483
f 562/961/895 1343/257/237 1346/1547/1484
f 1347/249/229 557/956/890 549/250/230
f 1349/1548/1485 558/958/892 557/956/890
f 558/958/892 1351/1549/1486 564/962/896
f 564/962/896 1348/236/216 550/298/278
f 567/227/207 1349/1548/1485 1347/249/229
f 572/966/900 1350/1550/1487 1349/1548/1485
f 1350/1550/1487 580/980/915 1351/1549/1486
f 1351/1549/1486 569/265/245 1348/236/216
f 1352/284/264 575/1551/908 568/296/276
f 1354/1552/1488 576/983/1489 575/974/908
f 576/983/918 1355/1553/1490 582/981/916
f 1355/1553/1490 569/265/245 582/981/916
f 1352/284/264 541/938/872 1354/1554/1488
f 1354/1552/1488 534/932/876 1355/1555/1491
f 1355/1555/1490 534/932/866 533/930/864
f 1355/1553/1490 530/239/219 1353/238/218
f 514/295/275 1358/1556/1492 526/926/861
f 526/926/861 1359/1557/1493 527/914/849
f 1359/1557/1493 517/911/846 527/914/849
f 1360/1558/1494 512/276/256 517/911/846
f 1356/291/271 559/957/891 1358/1556/1492
f 1358/1556/1492 552/951/885 1359/1557/1493
f 552/951/885 1360/1558/1494 1359/1557/1493
f 551/949/883 1357/270/250 1360/1558/1494
f 1361/245/225 539/939/873 531/285/265
f 1363/1559/1495 540/1560/1496 539/939/873
f 540/947/881 1364/1561/1497 546/945/879
f 1364/1561/1497 532/256/236 546/945/879
f 1361/245/225 523/918/853 1363/1559/1495
f 1363/1559/1495 516/922/857 1364/1562/1498
f 1364/1563/1497 516/912/847 515/910/845
f 1364/1561/1497 512/276/256 1362/224/204
f 1365/246/226 521/919/854 513/247/227
f 1367/1564/1499 522/1565/1500 521/919/854
f 522/1565/862 1368/1566/1501 528/1567/860
f 1368/1568/1501 514/295/275 528/925/860
f 1365/246/226 577/973/907 1367/1564/1499
f 1367/1564/1499 571/978/911 1368/1569/1502
f 1368/1569/1503 571/978/1503 570/1570/1503
f 1368/1568/1501 567/227/207 1366/226/206
f 434/205/185 1371/1571/1504 438/829/768
f 438/829/768 1372/1572/1505 1837/1573/1506
f 1837/1573/1506 1373/1574/1507 441/1575/1508
f 441/1575/1508 1370/242/222 435/312/292
f 409/165/145 1371/1571/1504 1369/163/143
f 414/797/744 1372/1572/1505 1371/1571/1504
f 421/800/747 1373/1574/1507 1372/1572/1505
f 422/810/755 1370/242/222 1373/1574/1507
f 1374/254/234 451/1576/1509 445/212/192
f 1376/1577/1510 450/841/1511 451/1576/1509
f 1377/1578/1512 447/838/1513 450/841/1511
f 1378/1579/1514 443/314/294 447/838/1513
f 1374/254/234 422/811/755 1376/1577/1510
f 1376/1577/1510 418/812/753 1377/1578/1512
f 1377/1578/1512 417/803/750 1378/1579/1514
f 1378/1579/1514 410/805/752 1375/232/212
f 1379/313/293 441/1580/1508 435/312/292
f 1381/1581/1515 440/836/1516 441/1580/1508
f 1382/1582/1517 438/833/1518 440/836/1516
f 1383/1583/1519 436/229/209 438/833/772
f 1379/313/293 451/1584/1509 1381/1581/1515
f 1381/1581/1515 452/1585/1520 1382/1582/1517
f 1382/1582/1517 449/845/1521 1383/1583/1519
f 1383/1583/1519 444/842/1522 1380/243/223
f 462/862/800 1386/1586/1523 465/860/798
f 465/860/798 1387/1587/1524 466/863/801
f 466/863/801 1388/1588/1525 470/870/806
f 470/870/806 1385/274/254 463/318/298
f 424/215/195 1386/1586/1523 1384/293/273
f 428/814/1526 1387/1587/1524 1386/1586/1523
f 433/1589/764 432/1590/763 1388/1588/1525
f 430/825/1527 1385/274/254 1388/1588/1525
f 477/268/248 1391/1591/1528 480/875/1529
f 480/875/1529 1392/1592/1530 1840/1593/1531
f 1840/1593/1531 1393/1594/1532 483/1595/1533
f 483/1595/1533 1390/334/314 478/202/182
f 464/260/240 1391/1591/1528 1389/258/238
f 475/872/808 1392/1592/1530 1391/1591/1528
f 471/867/804 1393/1594/1532 1392/1592/1530
f 470/869/806 1390/334/314 1393/1594/1532
f 1394/204/184 483/1596/1533 478/202/182
f 1396/1597/1534 484/883/1535 483/1596/1533
f 1397/1598/1536 486/880/818 484/883/1535
f 1398/1599/1537 479/266/246 486/880/818
f 1394/204/184 431/826/1538 1396/1597/1534
f 1396/1597/1534 432/823/1539 1397/1598/1536
f 1397/1598/1536 429/822/1540 1398/1599/1537
f 1398/1599/1537 425/819/1541 1395/261/241
f 1399/252/232 461/1600/1542 455/191/171
f 1401/1601/1543 1838/853/1544 461/1600/1542
f 1402/1602/1545 457/849/1546 1838/853/1544
f 1403/1603/1547 453/339/319 457/849/789
f 1399/252/232 495/894/832 1401/1601/1543
f 1401/1601/1543 491/886/825 1402/1602/1545
f 1402/1602/1545 490/884/823 1403/1603/1547
f 1403/1603/1547 487/288/268 1400/290/270
f 1404/324/304 495/893/832 488/275/255
f 1406/1604/1548 496/891/830 495/893/832
f 1407/1605/1549 500/896/834 496/891/830
f 1408/1606/1550 489/280/260 500/896/834
f 1404/324/304 507/1607/1551 1406/1604/1548
f 1406/1604/1548 508/901/1552 1407/1605/1549
f 1407/1605/1549 505/900/1553 1408/1606/1550
f 1408/1606/1550 502/194/174 1405/196/176
f 1409/338/318 507/1608/1551 503/325/305
f 1411/1609/1554 508/909/1555 507/1608/1556
f 1412/1610/1557 511/906/1558 508/909/1555
f 1413/1611/1559 504/286/266 511/906/1560
f 1409/338/318 461/1612/1542 1411/1609/1554
f 1411/1609/1554 459/858/1561 1412/1610/1557
f 1412/1610/1557 457/857/1562 1413/1611/1563
f 1413/1611/1559 454/854/792 1410/281/261
f 587/1000/311 1416/1613/1564 597/998/939
f 597/998/939 1417/1614/1565 598/991/928
f 598/991/928 1418/1615/1566 590/987/923
f 590/987/923 1415/278/258 585/985/921
f 1414/1616/310 612/1011/952 1416/1613/1564
f 1416/1613/1564 606/1005/946 1417/1614/1565
f 1417/1614/1565 605/1003/944 1418/1615/1566
f 1418/1615/1566 602/317/297 1415/278/258
f 1419/304/284 623/1022/961 620/316/296
f 1421/1617/1567 624/1032/970 623/1022/961
f 1422/1618/1568 630/1028/966 624/1032/970
f 1423/1619/1569 621/1029/200 630/1028/966
f 604/303/283 1421/1617/1567 1419/304/284
f 617/1017/957 1422/1618/1568 1421/1617/1567
f 611/1013/953 1423/1619/1569 1422/1618/1568
f 610/1010/951 1420/1620/198 1423/1619/1569
f 1424/307/287 593/995/933 586/305/285
f 1426/1621/1570 594/1002/943 593/995/933
f 1427/1622/1571 599/999/940 594/1002/943
f 1428/1623/1572 587/1000/311 599/999/940
f 1424/307/287 634/1034/972 1426/1621/1570
f 1426/1621/1570 629/1030/967 1427/1622/1571
f 1427/1622/1571 628/1027/965 1428/1623/1572
f 1428/1623/1572 621/1029/200 1425/1624/199
f 1429/1625/301 649/1049/988 638/1051/299
f 1431/1626/1573 650/1041/980 649/1049/988
f 1432/1627/1574 641/1038/977 650/1041/980
f 1433/1628/1575 636/221/201 641/1038/977
f 655/1063/303 1431/1626/1573 1429/1625/301
f 664/1062/998 1432/1627/1574 1431/1626/1573
f 658/1066/1002 1433/1628/1575 1432/1627/1574
f 657/1056/993 1430/222/202 1433/1628/1575
f 672/1085/316 1436/1629/1576 683/1083/1021
f 683/1083/1021 1437/1630/1577 684/1077/1014
f 684/1077/1014 1438/1631/1578 674/1073/1010
f 674/1073/1010 1435/208/188 670/1071/1008
f 1434/1632/315 651/1050/989 1436/1629/1576
f 1436/1629/1576 645/1046/985 1437/1630/1577
f 1437/1630/1577 644/1044/983 1438/1631/1578
f 1438/1631/1578 637/310/290 1435/208/188
f 1439/309/289 678/1081/1018 671/311/291
f 1441/1633/1579 679/1087/1024 678/1081/1018
f 1442/1634/1580 685/1084/1022 679/1087/1024
f 1443/1635/1581 672/1085/316 685/1084/1022
f 1439/309/289 668/1068/1004 1441/1633/1579
f 1441/1633/1579 663/1064/999 1442/1634/1580
f 1442/1634/1580 662/1061/997 1443/1635/1581
f 1443/1635/1581 655/1063/303 1440/1636/302
f 1444/329/309 691/1090/1027 688/341/321
f 1446/1637/1582 692/1100/1037 691/1090/1027
f 1447/1638/1583 699/1096/1034 692/1100/1037
f 1448/1639/1584 689/1097/191 699/1096/1034
f 706/328/308 1446/1637/1582 1444/329/309
f 711/1105/1044 1447/1638/1583 1446/1637/1582
f 720/1108/1047 1448/1639/1584 1447/1638/1583
f 719/1116/1055 1445/1640/181 1448/1639/1584
f 1449/198/178 714/1111/1050 707/299/279
f 1451/1641/1585 715/1113/1052 714/1111/1050
f 715/1113/1052 1453/1642/1586 721/1117/1056
f 721/1117/1056 1450/1643/306 708/1118/179
f 724/1121/1058 1451/1641/1585 1449/198/178
f 729/1123/1060 1452/1644/1587 1451/1641/1585
f 1452/1644/1587 738/1134/1074 1453/1642/1586
f 1453/1642/1586 726/1136/307 1450/1643/306
f 725/301/281 1456/1645/1588 733/1131/1068
f 1456/1645/1588 734/1138/1589 733/1131/1068
f 1457/1646/1590 740/1135/1075 734/1138/1077
f 1458/1647/1591 726/1136/307 740/1135/1075
f 1454/300/280 703/1103/1040 1456/1645/1588
f 1456/1645/1588 698/1098/1035 1457/1646/1590
f 1457/1646/1590 697/1095/1033 1458/1647/1591
f 1458/1647/1591 689/1097/191 1455/1648/190
f 409/165/145 1461/1649/1592 412/796/743
f 412/796/743 1462/1650/1593 413/798/1594
f 413/798/1594 1463/1651/1595 419/804/751
f 1463/1651/1595 410/805/752 419/804/751
f 1459/164/144 607/1004/945 1461/1649/1592
f 1461/1649/1592 616/1007/948 1462/1650/1593
f 616/1007/948 1463/1651/1595 1462/1650/1593
f 615/1016/956 1460/233/213 1463/1651/1595
f 622/306/286 1466/1652/1596 632/1035/973
f 1466/1652/1597 633/1025/1598 632/1035/1599
f 633/1025/1600 1467/1653/1601 625/1021/960
f 1467/1653/1601 620/316/296 625/1021/960
f 444/842/1522 1466/1652/1596 1464/244/224
f 1466/1652/1597 446/1654/1602 1467/1655/1603
f 1467/1653/1601 443/314/294 1465/315/295
f 424/215/195 1470/1656/1604 427/813/1605
f 427/813/1606 1470/1656/1607 1471/1657/1608
f 1471/1658/1609 425/819/1541 427/821/1610
f 654/337/317 1470/1656/1604 1468/217/197
f 1470/1656/1607 667/1059/1611 1471/1657/1608
f 1471/1657/1609 667/1059/1612 666/1069/1005
f 1471/1658/1609 656/308/288 1469/262/242
f 670/1071/1008 1474/1659/1613 673/1074/1614
f 1474/1659/1615 680/1660/1616 673/1074/1011
f 1475/1661/1617 671/311/291 680/1080/1017
f 1472/207/187 481/876/1618 1474/1659/1613
f 1474/1659/1615 481/881/1619 1475/1662/1615
f 1475/1662/1615 481/881/1619 485/879/1619
f 485/879/817 1473/267/247 1475/1661/1617
f 1476/279/259 498/895/833 489/280/260
f 1478/1663/1620 499/888/1621 498/895/833
f 1479/1664/1622 492/885/824 499/888/1621
f 1480/1665/1623 487/288/268 492/885/824
f 707/299/279 1478/1663/1620 1476/279/259
f 716/1112/1051 1479/1664/1622 1478/1663/1620
f 710/1106/1045 1480/1665/1623 1479/1664/1622
f 709/1104/1043 1477/1666/1624 1480/1665/1623
f 690/302/282 1483/1667/1625 702/1668/1041
f 702/1093/1031 1484/1669/1626 693/1089/1029
f 693/1089/1026 1482/340/320 688/341/321
f 1481/282/262 460/856/794 1483/1667/1625
f 1483/1670/1627 456/848/1628 1484/1669/1626
f 1484/1669/1629 453/339/319 1482/340/320
f 585/985/921 1487/1671/1630 588/989/1631
f 1487/1671/1632 589/988/1633 588/989/1634
f 589/988/1635 1488/1672/1636 595/994/932
f 1488/1672/1636 586/305/285 595/994/932
f 1485/277/257 437/828/769 1487/1671/1630
f 1487/1671/1632 437/834/1637 1488/1673/1638
f 1488/1673/1638 437/834/1637 442/832/1637
f 1488/1672/1636 436/229/209 1486/231/211
f 464/260/240 1491/1674/1639 473/871/807
f 473/871/807 1492/1675/1640 474/866/1641
f 474/866/1641 1493/1676/1642 467/861/799
f 467/861/799 1490/294/274 462/862/800
f 1489/259/239 646/1045/984 1491/1674/1639
f 1491/1674/1639 640/1039/978 1492/1675/1640
f 1492/1675/1640 639/1037/976 1493/1676/1642
f 1493/1676/1642 636/221/201 1490/294/274
f 1494/287/267 509/905/1643 504/286/266
f 509/905/1644 1497/1677/1645 510/904/1646
f 510/904/1647 1498/1678/1648 506/899/1649
f 506/899/1650 1495/197/177 502/194/174
f 725/301/281 1496/1679/1651 1494/287/267
f 1496/1679/1645 728/1124/1071 1497/1677/1645
f 1497/1677/1652 727/1125/1062 1498/1678/1648
f 1498/1678/1653 724/1121/1058 1495/197/177
f 764/366/343 1501/1680/1654 767/1681/1655
f 767/1681/1655 1502/1682/1656 766/1683/1657
f 766/1683/1658 1503/1684/1659 765/1685/1660
f 1503/1686/1659 763/521/481 765/1687/1660
f 1499/365/342 750/1688/1661 1501/1680/1654
f 1501/1680/1654 751/1689/1662 1502/1682/1656
f 1502/1682/1663 752/1690/1664 1503/1684/1659
f 752/1691/1664 1500/480/443 1503/1686/1659
f 1504/402/376 772/1692/1665 769/349/328
f 1506/1693/1666 771/1694/1667 772/1692/1665
f 1507/1695/1668 770/1696/1669 771/1694/1670
f 770/1697/1669 1505/460/426 768/362/339
f 753/532/490 1506/1693/1666 1504/402/376
f 755/1698/1671 1507/1695/1672 1506/1693/1666
f 756/1699/1673 1508/1700/1674 1507/1695/1668
f 1508/1701/1674 754/359/336 1505/460/426
f 1509/470/435 747/1702/1675 744/344/324
f 1511/1703/1676 746/1704/1677 747/1702/1675
f 1512/1705/1678 745/1706/1679 746/1704/1680
f 745/1706/1679 1510/1707/325 743/1708/334
f 764/366/343 1511/1703/1676 1509/470/435
f 767/1681/1655 1512/1705/1681 1511/1703/1676
f 766/1683/1658 1513/1709/1682 1512/1705/1678
f 1513/1709/1682 763/1710/481 1510/1707/325
f 759/499/460 1516/1711/1683 762/1712/1684
f 762/1712/1684 1517/1713/1685 761/1714/1686
f 761/1714/1687 1518/1715/1688 760/1716/1689
f 1518/1717/1688 758/351/329 760/1718/1689
f 1514/367/344 772/1692/1665 1516/1711/1683
f 1516/1711/1683 771/1694/1667 1517/1713/1685
f 1517/1713/1690 770/1696/1669 1518/1715/1688
f 770/1697/1669 1515/364/341 1518/1717/1688
f 774/500/461 1521/1719/1691 777/1720/1692
f 777/1720/1692 1522/1721/1693 776/1722/1694
f 776/1722/1695 1523/1723/1696 775/1724/1697
f 1523/1725/1696 773/370/346 775/1726/1697
f 1519/494/456 762/1712/1684 1521/1719/1691
f 1521/1719/1691 761/1714/1686 1522/1721/1693
f 1522/1721/1698 760/1716/1689 1523/1723/1696
f 760/1718/1689 1520/353/331 1523/1725/1696
f 748/356/333 1526/1727/1699 750/1688/1661
f 750/1688/1661 1527/1728/1700 751/1689/1662
f 751/1689/1701 1528/1729/1702 752/1690/1664
f 1528/1730/1702 749/376/352 752/1691/1664
f 1524/355/332 780/1731/1703 1526/1727/1699
f 1526/1727/1699 781/1732/1704 1527/1728/1700
f 1527/1728/1705 782/1733/1706 1528/1729/1702
f 782/1734/1706 1525/374/350 1528/1730/1702
f 778/385/360 1531/1735/1707 780/1731/1703
f 780/1731/1703 1532/1736/1708 781/1732/1704
f 781/1732/1709 1533/1737/1710 782/1733/1706
f 1533/1738/1710 779/373/349 782/1734/1706
f 1529/394/368 790/1739/1711 1531/1735/1707
f 1531/1735/1707 791/1740/1712 1532/1736/1708
f 1532/1736/1713 792/1741/1714 1533/1737/1710
f 792/1742/1714 1530/371/347 1533/1738/1710
f 784/533/491 1536/1743/1715 787/1744/1716
f 787/1744/1716 1537/1745/1717 786/1746/1718
f 786/1746/1719 1538/1747/1720 785/1748/1721
f 1538/1749/1720 783/380/356 785/1750/1721
f 1534/525/484 777/1720/1692 1536/1743/1715
f 1536/1743/1715 776/1722/1694 1537/1745/1717
f 1537/1745/1722 775/1724/1697 1538/1747/1720
f 775/1726/1697 1535/378/354 1538/1749/1720
f 1539/511/471 815/1751/1723 812/509/469
f 1541/1752/1724 814/1753/1725 815/1751/1723
f 1542/1754/1726 813/1755/1727 814/1753/1725
f 1543/1756/1728 811/390/365 813/1757/1727
f 794/1148/1089 1541/1752/1724 1539/511/471
f 804/1147/1088 1542/1754/1726 1541/1752/1724
f 797/1151/1092 1543/1758/1728 1542/1754/1726
f 796/1142/1083 1540/474/437 1543/1758/1728
f 788/393/367 1546/1759/1729 790/1739/1711
f 790/1739/1711 1547/1760/1730 791/1740/1712
f 791/1740/1731 1548/1761/1732 792/1741/1714
f 792/1742/1714 1545/381/357 789/383/359
f 1544/493/455 815/1751/1723 1546/1759/1729
f 1546/1759/1733 814/1753/1725 1547/1760/1730
f 1547/1760/1734 813/1755/1727 1548/1761/1732
f 813/1757/1727 1545/381/357 1548/1762/1732
f 794/1148/1089 1551/1763/1735 802/1146/1087
f 802/1146/1087 1552/1764/1736 803/1149/1090
f 803/1149/1099 1553/1765/1737 808/1157/1095
f 808/1154/1095 1550/387/362 795/389/364
f 1549/510/470 787/1744/1716 1551/1763/1735
f 1551/1763/1735 786/1746/1718 1552/1764/1736
f 1552/1764/1738 785/1748/1721 1553/1765/1737
f 1553/1766/1737 783/380/356 1550/387/362
f 1554/410/383 755/1698/1671 753/532/490
f 1556/1767/1739 756/1699/1740 755/1698/1671
f 1557/1768/1741 757/1769/1742 756/1699/1673
f 757/1770/1742 1555/503/463 754/359/336
f 821/469/434 1556/1767/1739 1554/410/383
f 823/1771/1743 1557/1768/1744 1556/1767/1739
f 824/1772/1745 1558/1773/1746 1557/1768/1741
f 1558/1774/1746 822/399/373 1555/503/463
f 1559/342/322 820/1775/1747 817/518/478
f 1561/1776/1748 819/1777/1749 820/1775/1747
f 1562/1778/1750 818/1779/1751 819/1777/1752
f 818/1780/1751 1560/395/369 816/397/371
f 744/344/324 1561/1776/1748 1559/342/322
f 747/1702/1675 1562/1778/1753 1561/1776/1748
f 746/1704/1680 1563/1781/1754 1562/1778/1750
f 1563/1781/1754 743/1708/334 1560/1782/369
f 833/1175/1119 1566/1783/1755 844/1173/1117
f 844/1173/1117 1567/1784/1756 845/1164/1106
f 845/1164/1106 1568/1785/1757 835/1160/1102
f 835/1786/1102 1565/461/427 831/517/477
f 1564/484/446 828/1787/1758 1566/1783/1755
f 1566/1783/1755 829/1788/1759 1567/1784/1756
f 1567/1784/1756 830/1789/1760 1568/1785/1757
f 1568/1790/1757 827/405/379 1565/461/427
f 1569/485/447 823/1771/1743 821/469/434
f 1571/1791/1761 824/1772/1762 823/1771/1743
f 1572/1792/1763 825/1793/1764 824/1772/1745
f 1573/1794/1765 822/399/373 825/1795/1764
f 833/1175/1119 1571/1791/1761 1569/485/447
f 846/1174/1118 1572/1792/1766 1571/1791/1761
f 840/1177/1767 1573/1796/1765 1572/1792/1763
f 839/1797/1111 1570/407/381 1573/1794/1765
f 1574/487/449 828/1787/1758 826/486/448
f 1576/1798/1768 829/1788/1759 828/1787/1758
f 1577/1799/1769 830/1789/1760 829/1788/1759
f 830/1800/1760 1575/403/377 827/405/379
f 817/518/478 1576/1798/1768 1574/487/449
f 820/1775/1747 1577/1799/1770 1576/1798/1768
f 819/1777/1752 1578/1801/1771 1577/1799/1769
f 818/1780/1751 1575/403/377 1578/1802/1771
f 1579/483/445 873/1803/1772 870/412/384
f 1581/1804/1773 872/1805/1774 873/1803/1772
f 1582/1806/1775 871/1807/1776 872/1805/1774
f 1583/1808/1777 869/531/489 871/1807/1776
f 854/432/402 1581/1804/1773 1579/483/445
f 856/1809/1778 1582/1806/1775 1581/1804/1773
f 857/1810/1779 1583/1808/1777 1582/1806/1775
f 858/1811/1780 1580/530/488 1583/1808/1777
f 875/426/396 1586/1812/1781 878/1813/1782
f 878/1813/1782 1587/1814/1783 877/1815/1784
f 877/1815/1784 1588/1816/1785 876/1817/1786
f 876/1817/1786 1585/464/430 874/467/433
f 1584/425/395 861/1818/1787 1586/1812/1781
f 1586/1812/1781 862/1819/1788 1587/1814/1783
f 1587/1814/1783 863/1820/1789 1588/1816/1785
f 1588/1816/1785 860/465/431 1585/464/430
f 850/422/392 1591/1821/1790 853/1822/1791
f 853/1822/1791 1592/1823/1792 852/1824/1793
f 852/1824/1793 1593/1825/1794 851/1826/1795
f 851/1826/1795 1590/481/444 849/447/416
f 1589/413/385 873/1803/1772 1591/1821/1790
f 1591/1821/1790 872/1805/1774 1592/1823/1792
f 1592/1823/1792 871/1807/1776 1593/1825/1794
f 1593/1825/1794 869/531/489 1590/481/444
f 1594/427/397 868/1827/1796 865/466/432
f 1596/1828/1797 867/1829/1798 868/1827/1796
f 1597/1830/1799 866/1831/1800 867/1829/1798
f 1598/1832/1801 864/522/482 866/1831/1800
f 875/426/396 1596/1828/1797 1594/427/397
f 878/1813/1782 1597/1830/1799 1596/1828/1797
f 877/1815/1784 1598/1832/1801 1597/1830/1799
f 876/1817/1786 1595/502/462 1598/1832/1801
f 1599/418/389 883/1833/1802 880/496/457
f 1601/1834/1803 882/1835/1804 883/1833/1802
f 1602/1836/1805 881/1837/1806 882/1835/1804
f 1603/1838/1807 879/419/390 881/1837/1806
f 865/466/432 1601/1834/1803 1599/418/389
f 868/1827/1796 1602/1836/1805 1601/1834/1803
f 867/1829/1798 1603/1838/1807 1602/1836/1805
f 866/1831/1800 1600/435/405 1603/1838/1807
f 1604/433/403 856/1809/1778 854/432/402
f 1606/1839/1808 857/1810/1779 856/1809/1778
f 1607/1840/1809 858/1811/1780 857/1810/1779
f 1608/1841/1810 855/529/487 858/1811/1780
f 884/438/407 1606/1839/1808 1604/433/403
f 886/1842/1811 1607/1840/1809 1606/1839/1808
f 887/1843/1812 1608/1841/1810 1607/1840/1809
f 888/1844/1813 1605/415/387 1608/1841/1810
f 1609/439/408 886/1842/1811 884/438/407
f 1611/1845/1814 887/1843/1812 886/1842/1811
f 1612/1846/1815 888/1844/1813 887/1843/1812
f 1613/1847/1816 885/479/442 888/1844/1813
f 894/443/412 1611/1845/1814 1609/439/408
f 896/1848/1817 1612/1846/1815 1611/1845/1814
f 897/1849/1818 1613/1847/1816 1612/1846/1815
f 898/1850/1819 1610/523/483 1613/1847/1816
f 1614/434/404 893/1851/1820 890/526/485
f 1616/1852/1821 892/1853/1822 893/1851/1820
f 1617/1854/1823 891/1855/1824 892/1853/1822
f 1618/1856/1825 889/442/411 891/1855/1824
f 880/496/457 1616/1852/1821 1614/434/404
f 883/1833/1802 1617/1854/1823 1616/1852/1821
f 882/1835/1804 1618/1856/1825 1617/1854/1823
f 881/1837/1806 1615/421/391 1618/1856/1825
f 917/528/486 1621/1857/1826 920/1858/1827
f 920/1858/1827 1622/1859/1828 919/1860/1829
f 919/1860/1829 1623/1861/1830 918/1862/1831
f 918/1862/1831 1620/513/473 916/515/475
f 1619/1863/441 903/1180/1124 1621/1857/1826
f 1621/1857/1826 912/1184/1128 1622/1859/1828
f 1622/1859/1828 911/1190/1136 1623/1861/1830
f 1623/1861/1830 901/514/474 1620/513/473
f 1624/445/414 896/1848/1817 894/443/412
f 1626/1864/1832 897/1849/1818 896/1848/1817
f 1627/1865/1833 898/1850/1819 897/1849/1818
f 1628/1866/1834 895/520/480 898/1850/1819
f 917/528/486 1626/1864/1832 1624/445/414
f 920/1858/1827 1627/1865/1833 1626/1864/1832
f 919/1860/1829 1628/1866/1834 1627/1865/1833
f 918/1862/1831 1625/497/458 1628/1866/1834
f 1629/440/409 907/1188/1132 900/446/415
f 1631/1867/1835 908/1193/1139 907/1188/1132
f 1632/1868/1836 913/1191/1137 908/1193/1139
f 1633/1869/1837 901/514/474 913/1191/1137
f 890/526/485 1631/1867/1835 1629/440/409
f 893/1851/1820 1632/1868/1836 1631/1867/1835
f 892/1853/1822 1633/1869/1837 1632/1868/1836
f 891/1855/1824 1630/512/472 1633/1869/1837
f 859/429/399 1636/1870/1838 861/1818/1787
f 861/1818/1787 1637/1871/1839 862/1819/1788
f 862/1819/1788 1638/1872/1840 863/1820/1789
f 863/1820/1789 1635/507/467 860/465/431
f 1634/450/417 928/1873/1841 1636/1870/1838
f 1636/1870/1838 929/1874/1842 1637/1871/1839
f 1637/1871/1839 930/1875/1843 1638/1872/1840
f 1638/1872/1840 927/471/436 1635/507/467
f 922/452/419 1641/1876/1844 925/1877/1845
f 925/1877/1845 1642/1878/1846 924/1879/1847
f 924/1879/1847 1643/1880/1848 923/1881/1849
f 923/1881/1849 1640/456/422 921/455/421
f 1639/423/393 853/1822/1791 1641/1876/1844
f 1641/1876/1844 852/1824/1793 1642/1878/1846
f 1642/1878/1846 851/1826/1795 1643/1880/1848
f 1643/1880/1848 849/447/416 1640/456/422
f 1644/463/429 939/1196/1143 936/519/479
f 1646/1882/1850 940/1205/1152 939/1196/1143
f 1647/1883/1851 947/1201/1148 940/1205/1152
f 1648/1884/1852 937/1202/1149 947/1201/1148
f 931/459/425 1646/1882/1850 1644/463/429
f 933/1885/1853 1647/1883/1851 1646/1882/1850
f 934/1886/1854 1648/1884/1852 1647/1883/1851
f 935/1887/1855 1645/491/453 1648/1884/1852
f 926/451/418 1651/1888/1856 928/1873/1841
f 928/1873/1841 1652/1889/1857 929/1874/1842
f 929/1874/1842 1653/1890/1858 930/1875/1843
f 930/1875/1843 1650/490/452 927/471/436
f 1649/457/423 950/1208/1156 1651/1888/1856
f 1651/1888/1856 946/1203/1150 1652/1889/1857
f 1652/1889/1857 945/1200/1147 1653/1890/1858
f 1653/1890/1858 937/1202/1149 1650/490/452
f 931/459/425 1656/1891/1859 933/1885/1853
f 933/1885/1853 1657/1892/1860 934/1886/1854
f 934/1886/1854 1658/1893/1861 935/1887/1855
f 935/1887/1855 1655/489/451 932/488/450
f 1654/453/420 925/1877/1845 1656/1891/1859
f 1656/1891/1859 924/1879/1847 1657/1892/1860
f 1657/1892/1860 923/1881/1849 1658/1893/1861
f 1658/1893/1861 921/455/421 1655/489/451
f 938/458/424 1661/1894/1862 941/1895/1157
f 941/1195/1142 1660/516/476 936/519/479
f 1659/408/382 841/1168/1863 1661/1894/1862
f 1661/1894/1864 841/1168/1865 834/1896/1864
f 1661/1897/1866 831/517/477 1660/516/476
f 1662/388/363 807/1898/1867 795/389/364
f 807/1898/1868 1664/1899/1868 798/1900/1868
f 1664/1901/1869 793/1139/1080 798/1141/1082
f 900/446/415 1664/1902/1870 1662/388/363
f 902/1903/1125 1663/475/438 1664/1901/1869
f 974/555/510 1667/1904/1871 977/1905/1872
f 977/1905/1872 1668/1906/1873 976/1907/1874
f 976/1907/1875 1669/1908/1876 975/1909/1877
f 1669/1910/1876 973/708/650 975/1911/1877
f 1665/554/509 960/1912/1878 1667/1904/1871
f 1667/1904/1871 961/1913/1879 1668/1906/1873
f 1668/1906/1880 962/1914/1881 1669/1908/1876
f 962/1915/1881 1666/670/614 1669/1910/1876
f 1670/591/544 982/1916/1882 979/538/495
f 1672/1917/1883 981/1918/1884 982/1919/1882
f 1673/1920/1885 980/1921/1886 981/1918/1887
f 980/1921/1886 1671/650/597 978/551/506
f 963/719/660 1672/1922/1883 1670/591/544
f 965/1923/1888 1673/1920/1889 1672/1917/1883
f 966/1924/1890 1674/1925/1891 1673/1920/1885
f 1674/1925/1891 964/548/503 1671/650/597
f 1675/660/606 957/1926/1892 954/506/466
f 1677/1927/1893 956/1928/1894 957/1926/1892
f 1678/1929/1895 955/1930/1896 956/1928/1897
f 955/1931/1896 1676/534/492 953/546/501
f 974/555/510 1677/1927/1893 1675/660/606
f 977/1905/1872 1678/1929/1898 1677/1927/1893
f 976/1907/1875 1679/1932/1899 1678/1929/1895
f 1679/1933/1899 973/708/650 1676/534/492
f 969/689/632 1682/1934/1900 972/1935/1901
f 972/1936/1901 1683/1937/1902 971/1938/1903
f 971/1938/1904 1684/1939/1905 970/1940/1906
f 1684/1939/1905 968/540/496 970/1940/1906
f 1680/556/511 982/1916/1882 1682/1934/1900
f 1682/1941/1900 981/1918/1884 1683/1937/1902
f 1683/1937/1907 980/1921/1886 1684/1939/1905
f 980/1921/1886 1681/553/508 1684/1939/1905
f 984/690/633 1687/1942/1908 987/1943/1909
f 987/1943/1909 1688/1944/1910 986/1945/1911
f 986/1946/1912 1689/1947/1913 985/1948/1914
f 1689/1947/1913 983/559/513 985/1948/1914
f 1685/684/627 972/1935/1901 1687/1942/1908
f 1687/1949/1908 971/1938/1903 1688/1950/1910
f 1688/1950/1915 970/1940/1906 1689/1947/1913
f 970/1940/1906 1686/542/498 1689/1947/1913
f 958/545/500 1692/1951/1916 960/1912/1878
f 960/1912/1878 1693/1952/1917 961/1913/1879
f 961/1913/1918 1694/1953/1919 962/1914/1881
f 1694/1954/1919 959/565/519 962/1915/1881
f 1690/544/499 990/1955/1920 1692/1951/1916
f 1692/1951/1916 991/1956/1921 1693/1952/1917
f 1693/1952/1922 992/1957/1923 1694/1953/1919
f 992/1957/1923 1691/1958/517 1694/1953/1919
f 988/574/527 1697/1959/1924 990/1955/1920
f 990/1955/1920 1698/1960/1925 991/1956/1921
f 991/1956/1926 1699/1961/1927 992/1957/1923
f 1699/1961/1927 989/1962/516 992/1957/1923
f 1695/583/536 1000/1963/1928 1697/1959/1924
f 1697/1959/1924 1001/1964/1929 1698/1960/1925
f 1698/1960/1930 1002/1965/1931 1699/1961/1927
f 1002/1965/1931 1696/1966/514 1699/1961/1927
f 994/720/661 1702/1967/1932 997/1968/1933
f 997/1968/1933 1703/1969/1934 996/1970/1935
f 996/1971/1936 1704/1972/1937 995/1973/1938
f 1704/1972/1937 993/569/523 995/1973/1938
f 1700/713/655 987/1943/1909 1702/1967/1932
f 1702/1967/1932 986/1945/1911 1703/1969/1934
f 1703/1974/1939 985/1948/1914 1704/1972/1937
f 985/1948/1914 1701/567/521 1704/1972/1937
f 1705/698/640 1034/1248/1196 1023/696/638
f 1707/1975/1940 1035/1236/1186 1034/1248/1196
f 1708/1976/1941 1026/1233/1183 1035/1236/1186
f 1709/1977/1942 1021/712/654 1026/1233/1183
f 1004/1220/1170 1707/1975/1940 1705/698/640
f 1014/1219/1169 1708/1976/1941 1707/1975/1940
f 1007/1223/1173 1709/1977/1942 1708/1976/1941
f 1006/1213/1163 1706/664/608 1709/1977/1942
f 998/582/535 1712/1978/1943 1000/1963/1928
f 1000/1963/1928 1713/1979/1944 1001/1964/1929
f 1001/1964/1945 1714/1980/1946 1002/1965/1931
f 1002/1965/1931 1711/1981/524 999/1982/526
f 1710/683/626 1036/1247/1195 1712/1978/1943
f 1712/1978/1947 1030/1242/1199 1713/1979/1944
f 1713/1979/1948 1029/1239/1189 1714/1980/1946
f 1714/1980/1946 1022/1241/532 1711/1981/524
f 1004/1220/1170 1717/1983/1949 1012/1218/1168
f 1012/1218/1168 1718/1984/1950 1013/1221/1171
f 1013/1230/1180 1719/1985/1951 1018/1226/1176
f 1018/1226/1176 1716/576/529 1005/578/531
f 1715/697/639 997/1968/1933 1717/1983/1949
f 1717/1983/1949 996/1970/1935 1718/1984/1950
f 1718/1986/1952 995/1973/1938 1719/1985/1951
f 1719/1985/1951 993/569/523 1716/576/529
f 1720/599/551 965/1987/1888 963/719/660
f 1722/1988/1953 966/1924/1954 965/1923/1888
f 1723/1989/1955 967/1990/1956 966/1924/1890
f 967/1990/1956 1721/693/635 964/548/503
f 1044/659/605 1722/1991/1953 1720/599/551
f 1046/1992/1957 1723/1989/1958 1722/1988/1953
f 1047/1993/1959 1724/1994/1960 1723/1989/1955
f 1724/1994/1960 1045/588/541 1721/693/635
f 1725/504/464 1043/1995/1961 1040/705/647
f 1727/1996/1962 1042/1997/1963 1043/1995/1961
f 1728/1998/1964 1041/1999/1965 1042/1997/1966
f 1041/2000/1965 1726/584/537 1039/586/539
f 954/506/466 1727/1996/1962 1725/504/464
f 957/1926/1892 1728/1998/1967 1727/1996/1962
f 956/1928/1897 1729/2001/1968 1728/1998/1964
f 1729/2002/1968 953/546/501 1726/584/537
f 1056/1267/1219 1732/2003/1969 1067/1265/1217
f 1067/1265/1217 1733/2004/1970 1068/1255/1206
f 1068/1255/1206 1734/2005/1971 1058/1251/1202
f 1058/1251/1202 1731/2006/598 1054/1249/646
f 1730/674/617 1051/2007/1972 1732/2003/1969
f 1732/2003/1969 1052/2008/1973 1733/2004/1970
f 1733/2004/1970 1053/2009/1974 1734/2005/1971
f 1734/2010/1971 1050/594/547 1731/651/598
f 1735/675/618 1046/2011/1957 1044/659/605
f 1737/2012/1975 1047/1993/1976 1046/1992/1957
f 1738/2013/1977 1048/2014/1978 1047/1993/1959
f 1739/2015/1979 1045/588/541 1048/2014/1978
f 1056/1267/1219 1737/2016/1975 1735/675/618
f 1069/2017/1218 1738/2013/1980 1737/2012/1975
f 1063/2018/1981 1739/2015/1979 1738/2013/1977
f 1062/1260/1211 1736/596/549 1739/2015/1979
f 1740/677/620 1051/2007/1972 1049/676/619
f 1742/2019/1982 1052/2008/1973 1051/2007/1972
f 1743/2020/1983 1053/2009/1974 1052/2008/1973
f 1053/2021/1974 1741/592/545 1050/594/547
f 1040/705/647 1742/2019/1982 1740/677/620
f 1043/1995/1961 1743/2020/1984 1742/2019/1982
f 1042/1997/1966 1744/2022/1985 1743/2020/1983
f 1041/2000/1965 1741/592/545 1744/2023/1985
f 1745/673/616 1096/2024/1986 1093/601/552
f 1747/2025/1987 1095/2026/1988 1096/2024/1986
f 1748/2027/1989 1094/2028/1990 1095/2026/1988
f 1749/2029/1991 1092/718/659 1094/2028/1990
f 1077/621/571 1747/2025/1987 1745/673/616
f 1079/2030/1992 1748/2027/1989 1747/2025/1987
f 1080/2031/1993 1749/2029/1991 1748/2027/1989
f 1081/2032/1994 1746/717/658 1749/2029/1991
f 1098/615/565 1752/2033/1995 1101/2034/1996
f 1101/2034/1996 1753/2035/1997 1100/2036/1998
f 1100/2036/1998 1754/2037/1999 1099/2038/2000
f 1099/2038/2000 1751/654/601 1097/657/604
f 1750/614/564 1084/2039/2001 1752/2033/1995
f 1752/2033/1995 1085/2040/2002 1753/2035/1997
f 1753/2035/1997 1086/2041/2003 1754/2037/1999
f 1754/2037/1999 1083/655/602 1751/654/601
f 1073/611/561 1757/2042/2004 1076/2043/2005
f 1076/2043/2005 1758/2044/2006 1075/2045/2007
f 1075/2045/2007 1759/2046/2008 1074/2047/2009
f 1074/2047/2009 1756/671/615 1072/637/587
f 1755/602/553 1096/2024/1986 1757/2042/2004
f 1757/2042/2004 1095/2026/1988 1758/2044/2006
f 1758/2044/2006 1094/2028/1990 1759/2046/2008
f 1759/2046/2008 1092/718/659 1756/671/615
f 1760/616/566 1091/2048/2010 1088/656/603
f 1762/2049/2011 1090/2050/2012 1091/2048/2010
f 1763/2051/2013 1089/2052/2014 1090/2050/2012
f 1764/2053/2015 1087/709/651 1089/2052/2014
f 1098/615/565 1762/2049/2011 1760/616/566
f 1101/2034/1996 1763/2051/2013 1762/2049/2011
f 1100/2036/1998 1764/2053/2015 1763/2051/2013
f 1099/2038/2000 1761/692/634 1764/2053/2015
f 1765/607/557 1106/2054/2016 1103/686/629
f 1767/2055/2017 1105/2056/2018 1106/2054/2016
f 1768/2057/2019 1104/2058/2020 1105/2056/2018
f 1769/2059/2021 1102/608/558 1104/2058/2020
f 1088/656/603 1767/2055/2017 1765/607/557
f 1091/2048/2010 1768/2057/2019 1767/2055/2017
f 1090/2050/2012 1769/2059/2021 1768/2057/2019
f 1089/2052/2014 1766/624/574 1769/2059/2021
f 1770/622/572 1079/2030/1992 1077/621/571
f 1772/2060/2022 1080/2031/1993 1079/2030/1992
f 1773/2061/2023 1081/2032/1994 1080/2031/1993
f 1774/2062/2024 1078/716/657 1081/2032/1994
f 1107/627/577 1772/2060/2022 1770/622/572
f 1109/2063/2025 1773/2061/2023 1772/2060/2022
f 1110/2064/2026 1774/2062/2024 1773/2061/2023
f 1111/2065/2027 1771/604/555 1774/2062/2024
f 1775/628/578 1109/2063/2025 1107/627/577
f 1777/2066/2028 1110/2064/2026 1109/2063/2025
f 1778/2067/2029 1111/2065/2027 1110/2064/2026
f 1779/2068/2030 1108/669/613 1111/2065/2027
f 1117/632/582 1777/2066/2028 1775/628/578
f 1119/2069/2031 1778/2067/2029 1777/2066/2028
f 1120/2070/2032 1779/2068/2030 1778/2067/2029
f 1121/2071/2033 1776/710/652 1779/2068/2030
f 1780/623/573 1116/2072/2034 1113/714/656
f 1782/2073/2035 1115/2074/2036 1116/2072/2034
f 1783/2075/2037 1114/2076/2038 1115/2074/2036
f 1784/2077/2039 1112/631/581 1114/2076/2038
f 1103/686/629 1782/2073/2035 1780/623/573
f 1106/2054/2016 1783/2075/2037 1782/2073/2035
f 1105/2056/2018 1784/2077/2039 1783/2075/2037
f 1104/2058/2020 1781/610/560 1784/2077/2039
f 1785/668/612 1143/2078/2040 1140/715/584
f 1143/2078/2040 1788/2079/2041 1142/2080/2042
f 1142/2080/2042 1789/2081/2043 1141/2082/2044
f 1141/2082/2044 1786/2083/642 1139/2084/644
f 1785/668/612 1126/1272/1224 1787/2085/2045
f 1787/2085/2045 1135/1276/1228 1788/2079/2041
f 1788/2079/2041 1134/1284/1236 1789/2081/2043
f 1789/2081/2043 1124/1286/643 1786/2083/642
f 1790/635/585 1119/2069/2031 1117/632/582
f 1792/2086/2046 1120/2070/2032 1119/2069/2031
f 1793/2087/2047 1121/2071/2033 1120/2070/2032
f 1794/2088/2048 1118/707/649 1121/2071/2033
f 1140/634/584 1792/2086/2046 1790/635/585
f 1143/2089/2040 1793/2087/2047 1792/2086/2046
f 1142/2090/2042 1794/2088/2048 1793/2087/2047
f 1141/2091/2044 1791/687/630 1794/2088/2048
f 1795/629/579 1130/1280/1232 1123/636/586
f 1797/2092/2049 1131/2093/1239 1130/1280/1232
f 1798/2094/2050 1136/2095/1237 1131/2093/1239
f 1799/2096/2051 1124/701/643 1136/2095/1237
f 1113/714/656 1797/2092/2049 1795/629/579
f 1116/2072/2034 1798/2094/2050 1797/2092/2049
f 1115/2074/2036 1799/2096/2051 1798/2094/2050
f 1114/2076/2038 1796/699/641 1799/2096/2051
f 1082/618/568 1802/2097/2052 1084/2039/2001
f 1084/2039/2001 1803/2098/2053 1085/2040/2002
f 1085/2040/2002 1804/2099/2054 1086/2041/2003
f 1086/2041/2003 1801/694/636 1083/655/602
f 1800/640/588 1151/2100/2055 1802/2097/2052
f 1802/2097/2052 1152/2101/2056 1803/2098/2053
f 1803/2098/2053 1153/2102/2057 1804/2099/2054
f 1804/2099/2054 1150/661/607 1801/694/636
f 1145/642/590 1807/2103/2058 1148/2104/2059
f 1148/2104/2059 1808/2105/2060 1147/2106/2061
f 1147/2106/2061 1809/2107/2062 1146/2108/2063
f 1146/2108/2063 1806/646/593 1144/645/592
f 1805/612/562 1076/2043/2005 1807/2103/2058
f 1807/2103/2058 1075/2045/2007 1808/2105/2060
f 1808/2105/2060 1074/2047/2009 1809/2107/2062
f 1809/2107/2062 1072/637/587 1806/646/593
f 1810/653/600 1162/1292/1243 1159/706/648
f 1812/2109/2064 1163/1301/1253 1162/1292/1243
f 1813/2110/2065 1169/1297/1249 1163/1301/1253
f 1814/2111/2066 1160/1298/1250 1169/1297/1249
f 1154/649/596 1812/2109/2064 1810/653/600
f 1156/2112/2067 1813/2110/2065 1812/2109/2064
f 1157/2113/2068 1814/2111/2066 1813/2110/2065
f 1158/2114/2069 1811/681/624 1814/2111/2066
f 1149/641/589 1817/2115/2070 1151/2100/2055
f 1151/2100/2055 1818/2116/2071 1152/2101/2056
f 1152/2101/2056 1819/2117/2072 1153/2102/2057
f 1153/2102/2057 1816/680/623 1150/661/607
f 1815/647/594 1173/1304/1257 1817/2115/2070
f 1817/2115/2070 1168/1299/1251 1818/2116/2071
f 1818/2116/2071 1167/1296/1248 1819/2117/2072
f 1819/2117/2072 1160/1298/1250 1816/680/623
f 1154/649/596 1822/2118/2073 1156/2112/2067
f 1156/2112/2067 1823/2119/2074 1157/2113/2068
f 1157/2113/2068 1824/2120/2075 1158/2114/2069
f 1158/2114/2069 1821/679/622 1155/678/621
f 1820/643/591 1148/2104/2059 1822/2118/2073
f 1822/2118/2073 1147/2106/2061 1823/2119/2074
f 1823/2119/2074 1146/2108/2063 1824/2120/2075
f 1824/2120/2075 1144/645/592 1821/679/622
f 1161/648/595 1827/2121/2076 1172/2122/1258
f 1172/2123/2077 1826/2124/645 1159/2125/2078
f 1825/597/550 1064/1259/2079 1827/2121/2076
f 1827/2121/2080 1064/1259/2080 1057/1263/2080
f 1827/2126/2081 1054/1249/646 1826/2124/645
f 1828/577/530 1017/2127/1177 1005/578/531
f 1017/1216/2082 1830/2128/2082 1008/1212/2082
f 1830/2128/2083 1003/1210/1160 1008/1212/2084
f 1123/636/586 1830/2129/2085 1828/577/530
f 1125/2130/1225 1829/665/609 1830/2128/2083
f 1831/1306/583 1031/1240/1190 1834/1307/1261
f 1834/1307/1261 1025/1234/1184 1835/1309/1263
f 1835/1309/1263 1024/1232/1182 1836/1310/1264
f 1836/1310/1264 1021/712/654 1832/711/653
f 449/843/787 448/2131/2086 447/847/780
f 451/1576/1509 450/841/2087 452/2132/1520
f 461/1600/2088 1838/853/797 459/2133/796
f 511/907/843 505/903/836 1839/902/2089
f 483/1595/1533 484/2134/1535 1840/1593/2090
f 441/1575/2091 440/2135/777 1837/1573/776
f 199/16/13 1187/4/4 105/6/6
f 1212/37/33 107/36/32 23/38/34
f 1227/46/42 114/45/41 1339/47/43
f 1252/62/57 272/56/51 17/57/52
f 105/6/6 20/5/5 326/71/64
f 10/73/66 311/186/166 1282/74/67
f 24/76/68 321/125/112 1276/77/69
f 335/78/70 8/95/71 97/79/71
f 103/55/50 16/17/14 306/81/73
f 15/83/75 102/87/79 1261/84/76
f 116/90/82 1281/92/84 310/91/83
f 22/28/24 336/155/136 1291/93/85
f 1277/94/86 96/75/66 8/95/71
f 23/38/34 346/184/164 1306/99/90
f 1292/80/72 97/79/71 11/100/71
f 114/45/41 1306/99/90 356/105/95
f 305/106/96 1267/140/124 95/107/66
f 14/20/17 101/19/16 1311/109/97
f 101/19/16 13/60/55 382/110/98
f 111/63/58 17/57/52 378/111/99
f 99/113/66 12/132/66 377/114/101
f 21/65/60 111/63/58 1331/112/100
f 7/108/66 95/107/66 1262/123/110
f 108/22/19 1271/86/78 321/125/112
f 95/107/66 9/141/66 330/126/113
f 16/17/14 105/6/6 1266/72/65
f 383/130/116 1327/149/132 100/131/66
f 96/75/66 1282/74/67 341/138/122
f 1267/140/124 325/188/168 9/141/66
f 26/34/30 310/91/83 1256/142/125
f 100/131/66 1322/150/133 388/147/130
f 1327/149/132 393/783/732 1322/150/133
f 113/11/9 1276/77/69 336/155/136
f 11/100/71 351/179/159 1302/156/137
f 94/160/66 1272/161/141 330/126/113
f 10/73/66 320/181/161 1272/161/141
f 7/108/66 99/113/66 1317/115/102
f 1369/163/143 136/206/186 1459/164/144
f 1312/166/146 383/130/116 12/132/66
f 1307/171/151 98/157/138 1297/172/152
f 98/157/138 1302/156/137 372/174/154
f 17/57/52 103/55/50 1316/82/74
f 12/132/66 100/131/66 1332/148/131
f 97/79/71 1287/182/162 351/179/159
f 320/181/161 10/73/66 96/75/66
f 8/95/71 341/138/122 1287/182/162
f 107/36/32 1291/93/85 346/184/164
f 311/186/166 10/73/66 94/160/66
f 1257/187/167 94/160/66 9/141/66
f 345/101/91 11/100/71 98/157/138
f 316/124/111 1312/166/146 99/113/66
f 478/202/182 32/228/208 126/203/183
f 434/205/185 1485/277/257 136/206/186
f 445/212/192 1379/313/293 123/213/193
f 424/215/195 1384/293/273 134/216/196
f 1420/218/198 131/333/313 1425/219/199
f 134/216/196 1490/294/274 636/221/201
f 27/223/203 532/256/236 1362/224/204
f 31/225/205 126/203/183 1366/226/206
f 32/228/208 514/295/275 1366/226/206
f 411/240/220 28/269/249 121/241/221
f 30/248/228 124/273/253 1347/249/229
f 445/212/192 29/214/194 122/253/233
f 27/223/203 121/241/221 1342/255/235
f 1389/258/238 137/209/189 1489/259/239
f 1395/261/241 425/819/1541 1469/262/242
f 479/266/246 1395/261/241 118/263/243
f 477/268/248 1472/207/187 137/209/189
f 28/269/249 122/253/233 1357/270/250
f 29/214/194 512/276/256 1357/270/250
f 426/272/252 31/225/205 124/273/253
f 29/214/194 123/213/193 1362/224/204
f 1485/277/257 585/985/921 1415/278/258
f 28/269/249 548/271/251 1342/255/235
f 30/248/228 549/250/230 1356/291/271
f 31/225/205 567/227/207 1347/249/229
f 1384/293/273 462/862/800 1490/294/274
f 32/228/208 125/292/272 1356/291/271
f 568/296/276 1365/246/226 120/297/277
f 33/235/215 127/251/231 1343/257/237
f 118/263/243 1469/262/242 656/308/288
f 1473/267/247 118/263/243 1439/309/289
f 435/312/292 27/223/203 123/213/193
f 136/206/186 1415/278/258 602/317/297
f 426/272/252 1394/204/184 126/203/183
f 463/318/298 1385/274/254 124/273/253
f 638/319/299 1434/335/315 132/320/300
f 1429/321/301 132/320/300 1440/322/302
f 411/240/220 1374/254/234 122/253/233
f 435/312/292 1370/242/222 121/241/221
f 1425/219/199 131/333/313 1414/330/310
f 603/332/312 1414/330/310 131/333/313
f 463/318/298 30/248/228 125/292/272
f 478/202/182 1390/334/314 125/292/272
f 1440/322/302 132/320/300 1434/335/315
f 134/216/196 1430/222/202 654/337/317
f 1676/534/492 973/708/650 81/535/493
f 953/546/501 1676/534/492 187/536/494
f 1696/560/514 186/626/576 80/561/515
f 1691/563/517 198/620/570 86/564/518
f 1711/570/524 194/580/533 79/571/525
f 1726/584/537 953/546/501 77/547/502
f 1039/586/539 1726/584/537 185/585/538
f 1741/592/545 1039/586/539 78/587/540
f 187/536/494 81/535/493 1093/601/552
f 71/603/554 1078/716/657 1771/604/555
f 85/606/556 1088/656/603 1765/607/557
f 1102/608/558 69/625/575 179/609/559
f 185/585/538 77/547/502 1073/611/561
f 76/613/563 184/617/567 1750/614/564
f 76/613/563 1098/615/565 1760/616/566
f 184/617/567 75/550/505 1082/618/568
f 197/619/569 1745/673/616 1093/601/552
f 198/620/570 1770/622/572 1077/621/571
f 80/561/515 1107/627/577 1770/622/572
f 1766/624/574 178/605/554 69/625/575
f 186/626/576 1775/628/578 1107/627/577
f 79/571/525 1117/632/582 1775/628/578
f 1781/610/560 179/609/559 72/630/580
f 194/580/533 1790/635/585 1117/632/582
f 1790/635/585 194/580/533 1831/633/583
f 1831/633/583 1833/2136/1262 1140/634/584
f 1072/637/587 1756/671/615 177/638/554
f 75/550/505 183/549/504 1800/640/588
f 183/549/504 74/590/543 1149/641/589
f 181/644/554 73/663/554 1144/645/592
f 74/590/543 191/589/542 1815/647/594
f 191/589/542 1825/597/550 1161/648/595
f 1671/650/597 964/548/503 75/550/505
f 68/639/554 177/638/554 1751/654/601
f 190/552/507 1760/616/566 1088/656/603
f 177/638/554 70/672/554 1097/657/604
f 77/547/502 187/536/494 1755/602/553
f 1150/661/607 1816/680/623 182/662/554
f 989/562/516 80/561/515 198/620/570
f 178/605/554 1771/604/555 1108/669/613
f 959/565/519 86/564/518 197/619/569
f 1756/671/615 1092/718/659 70/672/554
f 86/564/518 1077/621/571 1745/673/616
f 182/662/554 1811/681/624 1155/678/621
f 1816/680/623 1160/1298/1250 1811/681/624
f 195/541/497 1765/607/557 1103/686/629
f 72/630/580 1118/707/649 1791/687/630
f 176/691/554 1761/692/634 1097/657/604
f 71/603/554 1087/709/651 1761/692/634
f 68/639/554 181/644/554 1806/646/593
f 1801/694/636 1150/661/607 73/663/554
f 1796/699/641 180/688/631 1786/700/642
f 180/688/631 1791/687/630 1139/702/644
f 188/652/599 1810/653/600 1159/706/648
f 999/572/526 79/571/525 186/626/576
f 73/663/554 182/662/554 1821/679/622
f 179/609/559 1776/710/652 1118/707/649
f 1666/670/614 197/619/569 81/535/493
f 1087/709/651 71/603/554 178/605/554
f 69/625/575 1108/669/613 1776/710/652
f 1078/716/657 71/603/554 176/691/554
f 1746/717/658 176/691/554 70/672/554
f 1112/631/581 72/630/580 180/688/631
f 1083/655/602 1801/694/636 181/644/554
f 314/1445/1391 311/186/166 1257/187/167
f 1264/1448/1394 318/1453/1399 319/1454/1400
f 1269/1457/1403 328/1439/1385 327/1441/1387
f 322/1465/1411 320/181/161 1277/94/86
f 344/1478/1424 341/138/122 1282/74/67
f 1290/1481/1427 1287/182/162 341/138/122
f 1294/1488/1434 1295/1490/1436 347/1489/1435
f 336/155/136 339/1467/1413 1293/1486/1432
f 1306/99/90 1308/1500/1446 362/767/715
f 347/1489/1435 345/101/91 1307/171/151
f 1313/1503/1449 384/1506/1452 385/1507/1453
f 379/1514/1460 1320/1513/1459 1317/115/102
f 1318/1509/1455 309/1456/1402 308/1458/1404
f 1328/1525/1467 406/792/739 402/784/733
f 563/953/887 562/961/895 1346/1547/1484
f 562/961/895 550/298/278 1343/257/237
f 1347/249/229 1349/1548/1485 557/956/890
f 558/958/892 1350/1550/1487 1351/1549/1486
f 1351/1549/1486 580/980/915 569/265/245
f 514/295/275 1356/291/271 1358/1556/1492
f 526/926/861 1358/1556/1492 1359/1557/1493
f 1359/1557/1493 1360/1558/1494 517/911/846
f 1360/1558/1494 1357/270/250 512/276/256
f 1356/291/271 549/250/230 559/957/891
f 1358/1556/1492 559/957/891 552/951/885
f 552/951/885 551/949/883 1360/1558/1494
f 551/949/883 548/271/251 1357/270/250
f 1364/1561/1497 1362/224/204 532/256/236
f 1364/1561/1497 515/910/845 512/276/256
f 1365/246/226 1367/1564/1499 521/919/854
f 1368/1568/1501 1366/226/206 514/295/275
f 1365/246/226 568/296/276 577/973/907
f 1367/1564/1499 577/973/907 571/978/911
f 1368/1568/1501 570/968/902 567/227/207
f 434/205/185 1369/163/143 1371/1571/1504
f 1837/1573/1506 1372/1572/1505 1373/1574/1507
f 441/1575/1508 1373/1574/1507 1370/242/222
f 409/165/145 414/797/744 1371/1571/1504
f 414/797/744 421/800/747 1372/1572/1505
f 421/800/747 422/810/755 1373/1574/1507
f 422/810/755 411/240/220 1370/242/222
f 1374/254/234 1376/1577/1510 451/1576/1509
f 1376/1577/1510 1377/1578/1512 450/841/1511
f 1379/313/293 1381/1581/1515 441/1580/1508
f 1382/1582/1517 1383/1583/1519 438/833/1518
f 1379/313/293 445/212/192 451/1584/1509
f 1382/1582/1517 452/1585/1520 449/845/1521
f 462/862/800 1384/293/273 1386/1586/1523
f 465/860/798 1386/1586/1523 1387/1587/1524
f 466/863/801 1387/1587/1524 1388/1588/1525
f 428/814/1526 433/1589/764 1387/1587/1524
f 1388/1588/1525 1387/1587/1524 433/1589/764
f 432/1590/763 430/825/1527 1388/1588/1525
f 430/825/1527 426/272/252 1385/274/254
f 464/260/240 475/872/808 1391/1591/1528
f 475/872/808 471/867/804 1392/1592/1530
f 471/867/804 470/869/806 1393/1594/1532
f 1394/204/184 1396/1597/1534 483/1596/1533
f 1396/1597/1534 1397/1598/1536 484/883/1535
f 1397/1598/1536 1398/1599/1537 486/880/818
f 1396/1597/1534 431/826/1538 432/823/1539
f 587/1000/311 1414/1616/310 1416/1613/1564
f 598/991/928 1417/1614/1565 1418/1615/1566
f 1414/1616/310 603/1012/312 612/1011/952
f 1417/1614/1565 606/1005/946 605/1003/944
f 1426/1621/1570 1427/1622/1571 594/1002/943
f 1428/1623/1572 1425/1624/199 587/1000/311
f 1426/1621/1570 634/1034/972 629/1030/967
f 1428/1623/1572 628/1027/965 621/1029/200
f 1429/1625/301 1431/1626/1573 649/1049/988
f 1431/1626/1573 1432/1627/1574 650/1041/980
f 1432/1627/1574 1433/1628/1575 641/1038/977
f 1433/1628/1575 1430/222/202 636/221/201
f 658/1066/1002 657/1056/993 1433/1628/1575
f 1441/1633/1579 1442/1634/1580 679/1087/1024
f 1442/1634/1580 1443/1635/1581 685/1084/1022
f 1443/1635/1581 1440/1636/302 672/1085/316
f 1441/1633/1579 668/1068/1004 663/1064/999
f 1442/1634/1580 663/1064/999 662/1061/997
f 1100/2036/1998 1753/2035/1997 1754/2037/1999
f 1752/2033/1995 1084/2039/2001 1085/2040/2002
f 1759/2046/2008 1094/2028/1990 1092/718/659
f 1088/656/603 1091/2048/2010 1767/2055/2017
f 1107/627/577 1109/2063/2025 1772/2060/2022
f 1779/2068/2030 1776/710/652 1108/669/613
f 1119/2069/2031 1120/2070/2032 1778/2067/2029
f 1084/2039/2001 1802/2097/2052 1803/2098/2053
f 1808/2105/2060 1075/2045/2007 1074/2047/2009
f 1152/2101/2056 1818/2116/2071 1819/2117/2072
f 1819/2117/2072 1167/1296/1248 1160/1298/1250
f 1158/2114/2069 1824/2120/2075 1821/679/622
f 1236/1/1 92/70/2 1/2/2
f 1187/4/4 219/180/160 20/5/5
f 88/7/2 1181/61/56 225/8/7
f 214/10/8 24/76/68 113/11/9
f 4/13/2 89/43/39 1201/14/11
f 210/18/15 1232/162/142 101/19/16
f 224/21/18 15/83/75 108/22/19
f 3/9/2 87/27/2 1176/24/21
f 1191/26/23 215/158/139 4/13/2
f 1197/12/10 113/11/9 22/28/24
f 1207/30/26 104/96/87 19/31/27
f 1202/33/29 116/90/82 26/34/30
f 229/29/25 22/28/24 107/36/32
f 1222/40/36 112/50/46 18/41/37
f 89/43/39 2/154/2 234/44/40
f 239/39/35 23/38/34 114/45/41
f 267/49/45 25/103/93 112/50/46
f 90/51/39 5/151/39 244/52/47
f 1237/54/49 199/16/13 16/17/14
f 272/56/51 1237/54/49 103/55/50
f 278/58/53 1247/66/61 109/59/54
f 1/2/2 209/189/169 1181/61/56
f 283/64/59 1252/62/57 111/63/58
f 1247/66/61 288/2137/691 1336/67/62
f 6/68/2 277/128/114 1231/69/63
f 15/83/75 331/85/77 1271/86/78
f 102/87/79 14/20/17 315/88/80
f 115/89/81 1256/142/125 326/71/64
f 19/31/27 340/97/88 1281/92/84
f 104/96/87 1286/98/89 340/97/88
f 18/41/37 350/102/92 1286/98/89
f 112/50/46 1301/104/94 350/102/92
f 25/103/93 373/185/165 1301/104/94
f 13/60/55 109/59/54 1326/116/103
f 109/59/54 1336/67/62 394/117/104
f 1182/119/106 210/18/15 14/20/17
f 1242/120/107 283/64/59 21/65/60
f 106/121/108 21/65/60 387/118/105
f 225/8/7 1191/26/23 87/27/2
f 1192/23/20 108/22/19 24/76/68
f 93/127/2 1246/144/127 277/128/114
f 200/3/3 1/2/2 88/7/2
f 235/32/28 19/31/27 116/90/82
f 1217/133/117 249/2138/662 1340/134/118
f 110/135/119 1340/134/118 355/136/120
f 205/35/31 26/34/30 115/89/81
f 224/21/18 1182/119/106 102/87/79
f 1241/143/126 289/755/702 1246/144/127
f 282/145/128 1241/143/126 93/127/2
f 5/151/39 91/167/147 1221/152/134
f 1196/153/135 230/159/140 2/154/2
f 215/158/139 1196/153/135 89/43/39
f 230/159/140 1211/183/163 90/51/39
f 1232/162/142 278/58/53 13/60/55
f 91/167/147 1216/170/150 268/168/148
f 1226/169/149 250/731/672 1216/170/150
f 1242/120/107 106/121/108 1337/175/155
f 273/177/157 6/68/2 92/70/2
f 106/121/108 1321/122/109 392/178/158
f 245/42/38 18/41/37 104/96/87
f 1251/146/129 93/127/2 6/68/2
f 2/154/2 90/51/39 1206/53/48
f 1177/139/123 115/89/81 20/5/5
f 1217/133/117 110/135/119 25/103/93
f 1211/183/163 240/190/170 5/151/39
f 110/135/119 1296/137/121 373/185/165
f 1186/129/115 88/7/2 3/9/2
f 87/27/2 4/13/2 204/15/12
f 92/70/2 1231/69/63 209/189/169
f 240/190/170 1226/169/149 91/167/147
f 455/191/171 1409/338/318 129/192/172
f 502/194/174 1495/197/177 135/195/175
f 1495/197/177 724/1121/1058 1449/198/178
f 708/199/179 1450/326/306 130/200/180
f 1472/207/187 670/1071/1008 1435/208/188
f 1445/201/181 130/200/180 1455/210/190
f 436/229/209 1380/243/223 133/230/210
f 1375/232/212 410/805/752 1460/233/213
f 33/235/215 550/298/278 1348/236/216
f 34/193/173 129/192/172 1353/238/218
f 1380/243/223 444/842/1522 1464/244/224
f 1361/245/225 120/297/277 1365/246/226
f 455/191/171 34/193/173 127/251/231
f 34/193/173 530/239/219 1343/257/237
f 35/264/244 569/265/245 1353/238/218
f 35/264/244 128/237/217 1348/236/216
f 488/275/255 1399/252/232 127/251/231
f 1405/196/176 135/195/175 1476/279/259
f 1410/281/261 454/854/792 1481/282/262
f 1352/284/264 120/297/277 1361/245/225
f 504/286/266 1410/281/261 138/283/263
f 487/288/268 1477/1666/1624 117/289/269
f 135/195/175 1449/198/178 707/299/279
f 1494/287/267 138/283/263 1454/300/280
f 138/283/263 1481/282/262 690/302/282
f 119/234/214 1460/233/213 604/303/283
f 133/230/210 1424/307/287 586/305/285
f 133/230/210 1464/244/224 622/306/286
f 137/209/189 1435/208/188 637/310/290
f 443/314/294 1375/232/212 119/234/214
f 1465/315/295 119/234/214 1419/304/284
f 488/275/255 33/235/215 128/237/217
f 503/325/305 1404/324/304 128/237/217
f 1455/210/190 130/200/180 1450/326/306
f 117/289/269 1477/1666/1624 706/328/308
f 503/325/305 35/264/244 129/192/172
f 453/339/319 1400/290/270 117/289/269
f 117/289/269 1444/329/309 688/341/321
f 1559/342/322 144/411/323 36/343/323
f 1510/345/325 763/521/481 55/346/326
f 140/348/323 1504/402/376 769/349/328
f 758/351/329 59/417/388 165/352/330
f 39/354/323 141/384/323 1524/355/332
f 743/357/334 1510/345/325 157/347/327
f 754/359/336 1555/503/463 153/360/337
f 768/362/339 50/424/394 160/363/340
f 38/350/323 139/368/323 1499/365/342
f 1514/367/344 759/499/460 39/354/323
f 1520/353/331 165/352/330 57/369/345
f 1530/371/347 156/437/406 54/372/348
f 1525/374/350 168/431/401 61/375/351
f 773/370/346 57/369/345 159/377/353
f 1535/378/354 159/377/353 58/379/355
f 1545/381/357 164/391/366 53/382/358
f 141/384/323 37/495/323 778/385/360
f 783/380/356 58/379/355 166/386/361
f 1550/387/362 166/386/361 1662/388/363
f 811/390/365 60/444/413 164/391/366
f 142/392/323 40/492/454 788/393/367
f 1560/395/369 743/357/334 51/358/335
f 816/397/371 1560/395/369 155/396/370
f 822/399/373 1570/407/381 161/400/374
f 36/343/323 753/532/490 1504/402/376
f 1575/403/377 816/397/371 52/398/372
f 827/405/379 1575/403/377 163/404/378
f 1570/407/381 832/1166/1108 1659/408/382
f 41/409/323 821/469/434 1554/410/383
f 157/347/327 55/346/326 870/412/384
f 45/414/386 855/529/487 1605/415/387
f 59/417/388 865/466/432 1599/418/389
f 879/419/390 43/436/386 149/420/386
f 155/396/370 51/358/335 850/422/392
f 50/424/394 154/428/398 1584/425/395
f 50/424/394 875/426/396 1594/427/397
f 154/428/398 49/361/338 859/429/399
f 167/430/400 1579/483/445 870/412/384
f 168/431/401 1604/433/403 854/432/402
f 54/372/348 884/438/407 1604/433/403
f 57/369/345 880/496/457 1614/434/404
f 1600/435/405 148/416/386 43/436/386
f 156/437/406 1609/439/408 884/438/407
f 53/382/358 894/443/412 1609/439/408
f 58/379/355 890/526/485 1629/440/409
f 1615/421/391 149/420/386 46/441/410
f 164/391/366 1624/445/414 894/443/412
f 60/444/413 917/528/486 1624/445/414
f 166/386/361 1629/440/409 900/446/415
f 849/447/416 1590/481/444 147/448/386
f 49/361/338 153/360/337 1634/450/417
f 153/360/337 48/401/375 926/451/418
f 163/404/378 52/398/372 922/452/419
f 151/454/386 47/473/386 921/455/421
f 48/401/375 161/400/374 1649/457/423
f 161/400/374 1659/408/382 938/458/424
f 56/406/380 163/404/378 1654/453/420
f 1505/460/426 754/359/336 49/361/338
f 1565/461/427 827/405/379 56/406/380
f 158/462/428 56/406/380 931/459/425
f 42/449/386 147/448/386 1585/464/430
f 769/349/328 1514/367/344 139/368/323
f 1515/364/341 160/363/340 59/417/388
f 160/363/340 1594/427/397 865/466/432
f 147/448/386 44/482/386 874/467/433
f 145/468/323 1569/485/447 821/469/434
f 744/344/324 36/343/323 140/348/323
f 51/358/335 157/347/327 1589/413/385
f 927/471/436 1650/490/452 152/472/386
f 779/373/349 54/372/348 168/431/401
f 1540/474/437 793/1139/1080 1663/475/438
f 162/476/439 1663/475/438 899/477/440
f 148/416/386 1605/415/387 885/479/442
f 749/376/352 61/375/351 167/430/400
f 768/362/339 1505/460/426 154/428/398
f 1590/481/444 869/531/489 44/482/386
f 61/375/351 854/432/402 1579/483/445
f 1564/484/446 833/1175/1119 1569/485/447
f 826/486/448 1564/484/446 145/468/323
f 152/472/386 1645/491/453 932/488/450
f 1650/490/452 937/1202/1149 1645/491/453
f 40/492/454 143/508/468 1544/493/455
f 1519/494/456 774/500/461 37/495/323
f 165/352/330 1599/418/389 880/496/457
f 46/441/410 895/520/480 1625/497/458
f 759/499/460 1519/494/456 141/384/323
f 774/500/461 1534/525/484 142/392/323
f 146/501/386 1595/502/462 874/467/433
f 45/414/386 864/522/482 1595/502/462
f 1555/503/463 822/399/373 48/401/375
f 42/449/386 151/454/386 1640/456/422
f 1725/504/464 174/600/465 62/505/465
f 1635/507/467 927/471/436 47/473/386
f 143/508/468 1539/511/471 812/509/469
f 1549/510/470 794/1148/1089 1539/511/471
f 1630/512/472 150/498/459 1620/513/473
f 150/498/459 1625/497/458 916/515/475
f 1565/461/427 158/462/428 1660/516/476
f 817/518/478 41/409/323 144/411/323
f 52/398/372 155/396/370 1639/423/393
f 158/462/428 1644/463/429 936/519/479
f 789/383/359 53/382/358 156/437/406
f 1574/487/449 145/468/323 41/409/323
f 47/473/386 152/472/386 1655/489/451
f 149/420/386 1610/523/483 895/520/480
f 37/495/323 142/392/323 1529/394/368
f 1500/480/443 167/430/400 55/346/326
f 864/522/482 45/414/386 148/416/386
f 43/436/386 885/479/442 1610/523/483
f 1540/524/437 162/527/439 60/444/413
f 1534/525/484 784/533/491 40/492/454
f 159/377/353 1614/434/404 890/526/485
f 162/527/439 1619/1863/441 917/528/486
f 1509/470/435 140/348/323 38/350/323
f 139/368/323 39/354/323 748/356/333
f 855/529/487 45/414/386 146/501/386
f 1580/530/488 146/501/386 44/482/386
f 144/411/323 1554/410/383 753/532/490
f 784/533/491 1549/510/470 143/508/468
f 889/442/411 46/441/410 150/498/459
f 860/465/431 1635/507/467 151/454/386
f 170/537/465 1670/591/544 979/538/495
f 968/540/496 85/606/556 195/541/497
f 65/543/465 171/573/465 1690/544/499
f 964/548/503 1721/693/635 183/549/504
f 978/551/506 76/613/563 190/552/507
f 64/539/465 169/557/465 1665/554/509
f 1680/556/511 969/689/632 65/543/465
f 1686/542/498 195/541/497 83/558/512
f 983/559/513 83/558/512 189/566/520
f 1701/567/521 189/566/520 84/568/522
f 171/573/465 63/685/628 988/574/527
f 993/569/523 84/568/522 196/575/528
f 1716/576/529 196/575/528 1828/577/530
f 1022/579/532 1831/633/583 194/580/533
f 172/581/534 66/682/625 998/582/535
f 1045/588/541 1736/596/549 191/589/542
f 62/505/465 963/719/660 1670/591/544
f 1050/594/547 1741/592/545 193/593/546
f 1736/596/549 1055/1257/1208 1825/597/550
f 67/598/465 1044/659/605 1720/599/551
f 83/558/512 1103/686/629 1780/623/573
f 84/568/522 1113/714/656 1795/629/579
f 196/575/528 1795/629/579 1123/636/586
f 193/593/546 78/587/540 1145/642/590
f 82/595/548 193/593/546 1820/643/591
f 1731/651/598 1050/594/547 82/595/548
f 188/652/599 82/595/548 1154/649/596
f 979/538/495 1680/556/511 169/557/465
f 1681/553/508 190/552/507 85/606/556
f 175/658/465 1735/675/618 1044/659/605
f 954/506/466 62/505/465 170/537/465
f 1706/664/608 1003/1210/1160 1829/665/609
f 192/666/610 1829/665/609 1122/667/611
f 978/551/506 1671/650/597 184/617/567
f 1730/674/617 1056/1267/1219 1735/675/618
f 1049/676/619 1730/674/617 175/658/465
f 66/682/625 173/695/637 1710/683/626
f 1685/684/627 984/690/633 63/685/628
f 969/689/632 1685/684/627 171/573/465
f 984/690/633 1700/713/655 172/581/534
f 1721/693/635 1045/588/541 74/590/543
f 173/695/637 1705/698/640 1023/696/638
f 1715/697/639 1004/1220/1170 1705/698/640
f 1731/651/598 188/652/599 1826/703/645
f 1040/705/647 67/598/465 174/600/465
f 78/587/540 185/585/538 1805/612/562
f 1740/677/620 175/658/465 67/598/465
f 63/685/628 172/581/534 1695/583/536
f 1706/664/608 192/666/610 1832/711/653
f 1700/713/655 994/720/661 66/682/625
f 189/566/520 1780/623/573 1113/714/656
f 1140/715/584 1833/1308/1262 1832/711/653
f 1832/711/653 192/666/610 1140/715/584
f 1675/660/606 170/537/465 64/539/465
f 169/557/465 65/543/465 958/545/500
f 174/600/465 1720/599/551 963/719/660
f 994/720/661 1715/697/639 173/695/637
f 249/721/662 252/724/665 255/722/663
f 252/724/665 253/734/675 256/725/666
f 254/723/664 255/722/663 266/726/667
f 255/722/663 256/725/666 257/728/669
f 258/729/670 261/733/674 260/730/671
f 259/732/673 262/735/676 261/733/674
f 261/733/674 256/725/666 253/734/675
f 262/735/676 257/728/669 256/725/666
f 251/736/44 263/1539/679 265/737/677
f 264/738/678 265/737/677 262/735/681
f 265/737/677 266/726/680 257/728/683
f 287/176/156 290/2139/686 292/739/684
f 291/744/685 292/743/684 304/745/688
f 292/743/684 293/742/687 294/747/690
f 288/748/691 295/751/694 298/749/692
f 295/751/694 296/757/1378 299/752/695
f 297/750/696 298/749/692 293/742/697
f 298/749/692 299/752/695 294/747/699
f 300/753/700 303/756/703 302/754/701
f 301/746/689 304/745/688 303/756/703
f 303/756/703 299/752/705 296/757/704
f 304/745/688 294/747/690 299/752/705
f 355/136/120 364/2140/708 359/758/706
f 358/759/707 359/758/706 371/762/710
f 359/758/706 360/761/2092 361/764/712
f 356/105/95 362/767/715 365/765/713
f 362/767/715 363/772/722 366/768/716
f 365/765/713 366/768/716 361/764/718
f 367/769/719 370/771/721 369/770/720
f 368/763/711 371/762/723 370/771/721
f 370/771/721 366/768/716 363/772/722
f 371/762/723 361/764/718 366/768/716
f 392/178/158 395/1515/726 398/773/724
f 395/775/726 396/787/735 399/776/727
f 398/777/724 399/776/727 400/780/729
f 401/781/730 404/785/734 403/782/731
f 402/784/733 405/789/736 404/785/734
f 404/786/734 399/776/737 396/787/735
f 405/789/736 400/795/742 399/790/737
f 394/117/104 397/1534/740 407/791/738
f 406/792/739 407/791/738 405/789/736
f 407/791/738 408/794/2093 400/795/742
f 412/796/743 415/799/746 414/797/744
f 413/798/745 420/801/748 415/799/746
f 415/799/746 416/802/749 421/800/747
f 417/803/750 420/807/748 419/804/751
f 421/800/747 416/802/749 423/809/754
f 430/825/765 432/1590/2094 431/826/766
f 449/845/784 452/1585/2095 450/846/785
f 465/860/798 468/864/802 467/861/799
f 466/863/801 469/2141/810 468/864/802
f 471/867/804 469/874/810 472/868/805
f 472/868/805 469/2141/810 466/863/801
f 473/871/807 476/873/809 475/872/808
f 474/866/803 468/865/802 476/873/809
f 476/873/809 469/874/810 471/867/804
f 480/875/811 486/878/2096 481/876/812
f 480/875/814 1840/2142/2097 482/877/815
f 482/877/820 1840/2142/2098 484/883/821
f 490/884/823 493/887/826 492/885/824
f 491/886/825 494/2143/828 493/887/826
f 493/887/826 501/890/829 499/888/827
f 496/891/830 494/2144/828 497/892/831
f 497/892/831 494/2143/828 491/886/825
f 498/895/833 501/897/829 500/896/834
f 501/897/829 494/2144/828 496/891/830
f 510/904/840 505/903/836 511/907/843
f 515/910/845 518/913/848 517/911/846
f 516/912/847 519/915/2099 518/913/848
f 518/913/848 520/916/851 527/914/849
f 513/247/227 521/919/854 524/917/852
f 521/919/854 522/1565/1500 525/920/855
f 523/918/853 524/917/852 519/921/856
f 524/917/852 525/920/855 520/923/858
f 514/295/275 526/926/861 529/924/859
f 527/914/849 520/916/851 529/924/859
f 529/924/859 525/929/2100 522/927/862
f 533/930/864 536/933/867 535/931/865
f 534/932/866 537/935/2101 536/933/867
f 536/933/867 538/936/870 545/934/868
f 531/285/265 539/939/873 542/937/871
f 539/939/873 540/1560/1496 543/940/874
f 541/941/872 542/942/871 537/935/875
f 542/942/871 543/948/874 538/943/877
f 544/944/878 547/946/880 546/945/879
f 545/934/868 538/936/870 547/946/880
f 547/946/880 543/948/2102 540/947/881
f 551/949/883 554/952/886 553/950/884
f 552/951/885 555/960/894 554/952/886
f 554/952/886 566/955/889 563/953/887
f 554/952/886 555/960/894 556/954/888
f 557/956/890 560/959/893 559/957/891
f 558/958/892 561/964/898 560/959/893
f 560/959/893 555/960/894 552/951/885
f 560/959/893 561/964/898 556/954/888
f 562/961/895 565/963/897 564/962/896
f 563/953/887 566/955/889 565/963/897
f 565/963/897 561/964/898 558/958/892
f 565/963/897 566/955/889 556/954/888
f 567/227/207 570/968/902 573/965/899
f 571/967/901 574/970/904 573/965/899
f 573/965/899 584/971/905 581/969/903
f 568/296/276 575/1551/908 578/972/906
f 575/974/908 576/983/1489 579/975/909
f 577/973/907 578/972/906 574/977/910
f 578/972/912 579/2145/2103 584/979/913
f 580/980/915 583/982/917 582/981/916
f 581/969/903 584/971/919 583/982/917
f 583/982/917 579/975/920 576/983/918
f 585/985/921 588/989/1631 591/986/922
f 589/988/924 596/997/2104 591/986/925
f 590/987/923 591/986/922 601/990/927
f 591/986/925 596/997/2104 592/992/929
f 586/305/285 593/995/933 596/993/931
f 593/995/933 594/1002/943 601/996/934
f 597/998/939 600/1001/941 599/999/940
f 598/991/928 601/990/927 600/1001/941
f 600/1001/942 601/996/934 594/1002/943
f 605/1003/944 608/1006/947 607/1004/945
f 606/1005/946 609/1008/949 608/1006/947
f 608/1006/947 619/1009/950 616/1007/948
f 609/1008/949 614/1015/955 619/1009/950
f 610/1010/951 613/1014/954 612/1011/952
f 611/1013/953 614/1019/955 613/1014/954
f 613/1014/954 609/1008/949 606/1005/946
f 615/1016/956 618/1018/958 617/1017/957
f 616/1007/948 619/1009/950 618/1018/958
f 618/1018/958 614/1019/955 611/1013/953
f 620/316/296 623/1022/961 635/1020/959
f 623/1022/961 624/1032/970 626/1023/962
f 628/1027/965 631/1031/969 630/1028/966
f 629/1030/967 626/1036/975 631/1031/968
f 631/1031/969 626/1023/962 624/1032/970
f 622/306/286 632/1035/973 635/1033/971
f 634/1034/972 635/1033/971 626/1036/975
f 639/1037/976 642/1040/979 641/1038/977
f 640/1039/978 643/1042/981 642/1040/979
f 642/1040/979 653/1043/982 650/1041/980
f 643/1042/981 648/1048/987 653/1043/982
f 644/1044/983 647/1047/986 646/1045/984
f 645/1046/985 648/1053/987 647/1047/986
f 647/1047/986 643/1042/981 640/1039/978
f 649/1049/988 652/1052/990 651/1050/989
f 650/1041/980 653/1043/982 652/1052/990
f 652/1052/990 648/1053/987 645/1046/985
f 654/337/317 657/1056/993 669/1054/991
f 657/1056/993 658/1066/1002 660/1057/994
f 662/1061/997 665/1065/1001 664/1062/998
f 663/1064/999 660/1070/1007 665/1065/1000
f 665/1065/1001 660/1057/994 658/1066/1002
f 656/308/288 666/1069/1005 669/1067/1003
f 668/1068/1004 669/1067/1003 660/1070/1007
f 670/1071/1008 673/1074/1614 675/1072/1009
f 673/1074/1011 680/1660/1616 676/1075/1012
f 674/1073/1010 675/1072/1009 687/1076/1013
f 675/1072/1009 676/1075/1012 677/1078/1015
f 671/311/291 678/1081/1018 681/1079/1016
f 678/1081/1018 679/1087/1024 682/1082/1019
f 681/1079/1016 682/1082/1019 677/1078/1015
f 683/1083/1021 686/1086/1023 685/1084/1022
f 684/1077/1014 687/1076/1013 686/1086/1023
f 686/1086/1023 682/1082/1019 679/1087/1024
f 687/1076/1013 677/1078/1015 682/1082/1019
f 688/341/321 691/1090/1027 694/1088/1025
f 691/1090/1027 692/1100/1037 695/1091/1028
f 693/1089/1029 694/1088/1025 705/1092/1030
f 694/1088/1025 695/1091/1028 696/1094/1032
f 697/1095/1033 700/1099/1036 699/1096/1034
f 698/1098/1035 701/1101/1038 700/1099/1036
f 700/1099/1036 695/1091/1028 692/1100/1037
f 701/1101/1038 696/1094/1032 695/1091/1028
f 690/302/282 702/1668/1041 704/1102/1039
f 703/1103/1040 704/1102/1039 701/1101/1038
f 704/1102/1039 705/1092/1042 696/1094/1032
f 709/1104/1043 712/1107/1046 711/1105/1044
f 710/1106/1045 713/1109/1048 712/1107/1046
f 712/1107/1046 723/1110/1049 720/1108/1047
f 713/1109/1048 718/1115/1054 723/1110/1049
f 714/1111/1050 717/1114/1053 716/1112/1051
f 715/1113/1052 718/1120/1054 717/1114/1053
f 717/1114/1053 713/1109/1048 710/1106/1045
f 719/1116/1055 722/1119/1057 721/1117/1056
f 720/1108/1047 723/1110/1049 722/1119/1057
f 722/1119/1057 718/1120/1054 715/1113/1052
f 724/1121/1058 727/1125/1062 730/1122/1059
f 728/1124/1061 731/1127/1064 730/1122/1059
f 730/1122/1059 742/1128/1065 739/1126/1063
f 731/1127/1064 732/1133/2105 742/1128/1065
f 725/301/281 733/1131/1068 736/1129/1066
f 733/1131/1068 734/1138/1589 737/1132/1069
f 735/1130/1067 736/1129/1066 731/1127/1070
f 736/1129/1066 737/1132/1069 732/1133/1072
f 738/1134/1074 741/1137/1076 740/1135/1075
f 739/1126/1063 742/1128/1078 741/1137/1076
f 741/1137/1076 737/1132/1079 734/1138/1077
f 742/1128/1078 732/1133/2106 737/1132/1079
f 793/1139/1080 796/1142/1083 799/1140/1081
f 796/1142/1083 797/1151/1092 800/1143/1084
f 799/1140/1081 800/1143/1084 801/1145/1086
f 802/1146/1087 805/1150/1091 804/1147/1088
f 803/1149/1090 806/1152/1093 805/1150/1091
f 805/1150/1091 800/1143/1084 797/1151/1092
f 806/1152/1093 801/1145/1086 800/1143/1084
f 795/389/364 807/1898/2107 809/1153/1094
f 807/1155/1096 798/2146/2108 810/1144/1097
f 808/1157/1095 809/1156/1094 806/1152/1098
f 809/1156/1094 810/1144/1097 801/1145/1100
f 831/1158/477 834/2147/1103 836/1159/1101
f 835/1160/1102 836/1159/1101 848/1163/1105
f 836/1159/1101 837/1162/1104 838/1165/1107
f 832/1166/1108 839/1797/1111 842/1167/1109
f 839/1169/1111 840/1177/1767 843/1170/1112
f 841/1172/1113 842/1171/1109 837/1162/1114
f 842/1171/1109 843/1170/1112 838/1165/1116
f 844/1173/1117 847/1176/1120 846/1174/1118
f 845/1164/1106 848/1163/1105 847/1176/1120
f 847/1176/1120 843/1170/1122 840/1177/1121
f 848/1163/1105 838/1165/1107 843/1170/1122
f 899/1178/440 902/2148/1125 904/1179/1123
f 903/1180/1124 904/1179/1123 915/1183/1127
f 904/1179/1123 905/1182/2109 906/1185/1129
f 900/446/415 907/1188/1132 909/1186/1130
f 907/1188/1132 908/1193/1139 910/1189/1133
f 909/1186/1130 910/1189/1133 906/1185/1135
f 911/1190/1136 914/1192/1138 913/1191/1137
f 912/1184/1128 915/1183/1140 914/1192/1138
f 914/1192/1138 910/1189/1133 908/1193/1139
f 915/1183/1140 906/1185/1135 910/1189/1133
f 936/519/479 939/1196/1143 942/1194/1141
f 939/1196/1143 940/1205/1152 943/1197/1144
f 942/1194/1141 943/1197/1144 944/1199/1146
f 945/1200/1147 948/1204/1151 947/1201/1148
f 946/1203/1150 949/1206/1153 948/1204/1151
f 948/1204/1151 943/1197/1154 940/1205/1152
f 949/1206/1153 944/1199/1159 943/1197/1154
f 938/458/424 941/1895/1157 951/1207/1155
f 950/1208/1156 951/1207/1155 949/1206/1153
f 951/1207/1155 952/1198/2110 944/1199/1159
f 1003/1210/1160 1006/1213/1163 1009/1211/1161
f 1006/1213/1163 1007/1223/1173 1010/1214/1164
f 1008/1212/1162 1009/1211/1161 1020/1215/1165
f 1009/1211/1161 1010/1214/1164 1011/1217/1167
f 1012/1218/1168 1015/1222/1172 1014/1219/1169
f 1013/1221/1171 1016/1224/1174 1015/1222/1172
f 1015/1222/1172 1010/1214/1164 1007/1223/1173
f 1016/1224/1174 1011/1217/1167 1010/1214/1164
f 1005/578/531 1017/2127/1177 1019/1225/1175
f 1018/1226/1176 1019/1225/1175 1016/1229/1179
f 1019/1225/1175 1020/1228/1178 1011/1231/1181
f 1024/1232/1182 1027/1235/1185 1026/1233/1183
f 1025/1234/1184 1028/1244/1187 1027/1235/1185
f 1027/1235/1185 1038/1238/1188 1035/1236/1186
f 1029/1239/1189 1032/1243/1192 1031/1240/1190
f 1030/1242/1191 1033/1245/1193 1032/1243/1192
f 1031/1240/1190 1032/1243/1192 1028/1244/1187
f 1023/696/638 1034/1248/1196 1037/1246/1194
f 1034/1248/1196 1035/1236/1186 1038/1238/1197
f 1036/1247/1195 1037/1246/1194 1033/1245/1198
f 1037/1246/1200 1038/1238/1188 1028/1237/1187
f 1054/1249/646 1057/2149/1203 1059/1250/1201
f 1058/1251/1202 1059/1250/1201 1071/1254/1205
f 1059/1250/1201 1060/1253/1204 1061/1256/1207
f 1055/1257/1208 1062/1260/1211 1065/1258/1209
f 1062/1260/1211 1063/2018/1981 1066/1261/1212
f 1064/1259/1213 1065/1258/1209 1060/1262/1214
f 1065/1258/1209 1066/1261/1212 1061/1264/1216
f 1067/1265/1217 1070/1268/1220 1069/1266/1218
f 1068/1255/1206 1071/1254/1205 1070/1268/1220
f 1070/1268/1220 1066/1270/1222 1063/1269/1221
f 1071/1254/1205 1061/1256/1207 1066/1270/1222
f 1122/667/611 1125/2130/1225 1127/1271/1223
f 1126/1272/1224 1127/1271/1223 1138/1275/1227
f 1127/1271/1223 1128/1274/1226 1129/1277/1229
f 1123/636/586 1130/1280/1232 1132/1278/1230
f 1130/1280/1232 1131/2093/1239 1133/1281/1233
f 1132/1278/1230 1133/1281/1233 1129/1283/1235
f 1134/1284/1236 1137/1287/1238 1136/1285/1237
f 1135/1276/1228 1138/1275/1240 1137/1287/1238
f 1137/1287/1238 1133/1289/1233 1131/1288/1239
f 1138/1275/1240 1129/1277/1235 1133/1289/1233
f 1159/706/648 1162/1292/1243 1164/1290/1241
f 1162/1292/1243 1163/1301/1253 1165/1293/1244
f 1164/1290/1241 1165/1293/1244 1166/1295/1246
f 1167/1296/1248 1170/1300/1252 1169/1297/1249
f 1168/1299/1251 1171/1302/1254 1170/1300/1252
f 1170/1300/1252 1165/1293/1255 1163/1301/1253
f 1171/1302/1254 1166/1295/1260 1165/1293/1255
f 1161/648/595 1172/2122/1258 1174/1303/1256
f 1173/1304/1257 1174/1303/1256 1171/1302/1254
f 1174/1303/1256 1175/1294/1259 1166/1295/1260
f 220/25/22 1176/24/21 1178/1311/1265
f 223/1313/1266 1178/1319/1265 1179/1314/1267
f 222/1315/1269 1179/1314/1274 1180/1316/1270
f 1180/1316/1270 1177/139/123 219/180/160
f 1176/24/21 204/15/12 206/1318/1272
f 1178/1319/1265 206/1358/1272 207/1320/1273
f 1179/1314/1274 207/1320/1312 208/1321/1275
f 208/1321/1275 205/35/31 1177/139/123
f 1181/61/56 1183/1323/1277 228/1322/1276
f 1183/1323/1277 1184/1325/1283 227/1324/1278
f 1184/1325/1279 1185/1331/1285 226/1326/1280
f 226/1326/1280 1185/1331/1285 1182/1327/106
f 209/189/169 211/1329/1282 1183/1323/1277
f 211/1329/1282 212/1330/1351 1184/1325/1283
f 212/1330/1284 213/1402/1353 1185/1331/1285
f 1185/1331/1285 213/1402/1353 210/1332/15
f 1186/129/115 1188/1339/1287 203/1333/1286
f 1188/1334/1287 1189/1337/1292 202/1335/1288
f 1189/1337/1289 1190/1340/1293 201/1338/1290
f 201/1338/1290 1190/1340/1293 1187/4/4
f 220/25/22 223/1312/1266 1188/1339/1287
f 223/1313/1266 222/1315/1268 1189/1337/1292
f 222/1315/1269 221/1317/1271 1190/1340/1293
f 1190/1340/1293 221/1317/1271 219/180/160
f 215/158/139 1191/26/23 1193/1341/1294
f 218/1342/1295 1193/1341/1294 1194/1343/1296
f 217/1344/1298 1194/1343/1301 1195/1345/1299
f 1195/1345/1299 1192/1348/20 214/1347/8
f 1191/26/23 225/8/7 228/1322/1276
f 1193/1341/1294 228/1322/1276 227/1324/1278
f 1194/1343/1301 227/1324/1281 226/1326/1280
f 226/1326/1280 224/1328/18 1192/1348/20
f 230/159/140 1196/153/135 1198/1349/1302
f 233/1350/1303 1198/1349/1302 1199/1351/1304
f 232/1352/1306 1199/1351/1309 1200/1353/1307
f 1200/1353/1307 1197/1356/10 229/1355/25
f 1196/153/135 215/158/139 218/1342/1295
f 1198/1349/1302 218/1342/1295 217/1344/1297
f 1199/1351/1309 217/1344/1298 216/1346/1300
f 216/1346/1300 214/1347/8 1197/1356/10
f 204/15/12 1201/14/11 1203/1357/1310
f 206/1358/1272 1203/1362/1310 1204/1359/1311
f 207/1320/1312 1204/1359/1316 1205/1360/1313
f 1205/1360/1313 1202/33/29 205/35/31
f 1201/14/11 234/44/40 236/1361/1314
f 1203/1362/1310 236/1366/1314 237/1363/1315
f 1204/1359/1316 237/1363/1320 238/1364/1317
f 238/1364/1317 235/32/28 1202/33/29
f 234/44/40 1206/53/48 1208/1365/1318
f 236/1366/1314 1208/1370/1318 1209/1367/1319
f 237/1363/1320 1209/1367/1324 1210/1368/1321
f 1210/1368/1321 1207/30/26 235/32/28
f 1206/53/48 244/52/47 246/1369/1322
f 1208/1370/1318 246/1391/1322 247/1371/1323
f 1209/1367/1324 247/1371/1342 248/1372/1325
f 248/1372/1325 245/42/38 1207/30/26
f 240/190/170 1211/183/163 1213/1373/1326
f 243/1374/1327 1213/1373/1326 1214/1375/1328
f 242/1376/1330 1214/1375/1333 1215/1377/1331
f 1215/1377/1331 1212/1380/33 239/1379/35
f 1211/183/163 230/159/140 233/1350/1303
f 1213/1373/1326 233/1350/1303 232/1352/1305
f 1214/1375/1333 232/1352/1306 231/1354/1308
f 231/1354/1308 229/1355/25 1212/1380/33
f 1216/170/150 1218/1382/1335 271/1381/1334
f 1218/1382/1335 1219/1384/1337 270/1383/1336
f 1219/1384/1337 1220/1388/1339 269/1385/1338
f 1220/1386/1339 1217/133/117 267/49/45
f 250/731/672 260/730/671 1218/1382/1335
f 260/730/671 253/734/675 1219/1384/1337
f 253/734/675 252/724/665 1220/1388/1339
f 252/724/665 249/721/662 1217/1389/117
f 244/52/47 1221/152/134 1223/1390/1340
f 246/1391/1322 1223/1394/1344 1224/1392/1341
f 247/1371/1342 1224/1392/1345 1225/1393/1343
f 248/1372/1325 1225/1393/1343 1222/40/36
f 1221/152/134 268/168/148 271/1381/1334
f 1223/1394/1344 271/2150/1334 270/1395/1336
f 1224/1392/1345 270/1395/1336 269/1387/1338
f 269/1387/1338 267/49/45 1222/40/36
f 250/731/672 1226/169/149 1228/1396/1346
f 258/729/670 1228/1396/1346 1229/1397/1347
f 259/732/682 1229/1397/1349 1230/1398/1348
f 264/738/678 1230/1398/1348 1227/1399/42
f 1226/169/149 240/190/170 243/1374/1327
f 1228/1396/1346 243/1374/1327 242/1376/1329
f 1229/1397/1349 242/1376/1330 241/1378/1332
f 1230/1398/1348 241/1378/1332 239/1379/35
f 1231/69/63 1233/1400/1350 211/1329/1282
f 1233/1400/1350 1234/1401/1355 212/1330/1351
f 1234/1401/1352 1235/1406/1357 213/1402/1353
f 213/1402/1353 1235/1406/1357 1232/1403/142
f 277/128/114 279/1404/1354 1233/1400/1350
f 279/1404/1354 280/1405/1373 1234/1401/1355
f 280/1405/1356 281/1426/1375 1235/1406/1357
f 1235/1407/1357 281/1428/1375 278/58/53
f 1236/1/1 1238/1414/1359 276/1408/1358
f 1238/1409/1359 1239/1412/1364 275/1410/1360
f 1239/1412/1361 1240/1415/1365 274/1413/1362
f 274/1413/1362 1240/1415/1365 1237/54/49
f 200/3/3 203/1333/1286 1238/1414/1359
f 203/1336/1286 202/1335/1288 1239/1412/1364
f 202/1335/1291 201/1338/1290 1240/1415/1365
f 1240/1415/1365 201/1338/1290 199/16/13
f 289/755/702 1241/143/126 1243/1416/1366
f 300/753/700 1243/1416/1366 1244/1417/1367
f 301/1418/689 1244/1422/1367 1245/1419/1368
f 291/740/685 1245/1419/1368 1242/120/107
f 1241/143/126 282/145/128 284/1420/1369
f 1243/1416/1366 284/1420/1369 285/1421/1370
f 1244/1422/1367 285/1432/1370 286/1423/1371
f 1245/1419/1368 286/1423/1371 283/64/59
f 1246/144/127 1248/1424/1372 279/1404/1354
f 1248/1424/1372 1249/1425/1377 280/1405/1373
f 1249/1425/1374 1250/1429/1376 281/1426/1375
f 1250/1427/1376 1247/66/61 278/58/53
f 289/755/702 302/754/701 1248/1424/1372
f 302/754/701 296/757/704 1249/1425/1377
f 296/757/1378 295/751/694 1250/1429/1376
f 295/1430/694 288/2137/691 1247/66/61
f 1251/146/129 1253/1435/1379 284/1420/1369
f 1253/1431/1379 1254/1434/1381 285/1432/1370
f 1254/1434/1380 1255/1436/1382 286/1423/1371
f 286/1423/1371 1255/1436/1382 1252/62/57
f 273/177/157 276/1408/1358 1253/1435/1379
f 276/1411/1358 275/1410/1360 1254/1434/1381
f 275/1410/1363 274/1413/1362 1255/1436/1382
f 274/1413/1362 272/56/51 1252/62/57
f 1256/142/125 1258/1438/1384 329/1437/1383
f 1258/1438/1384 1259/1440/1386 328/1439/1385
f 1259/1440/1386 1260/1442/1388 327/1441/1387
f 1260/1442/1388 1257/187/167 325/188/168
f 310/91/83 312/1443/1389 1258/1438/1384
f 312/1443/1389 313/1444/1390 1259/1440/1386
f 313/1444/1390 314/1445/1391 1260/1442/1388
f 331/85/77 1261/84/76 1263/1446/1392
f 334/1447/1393 1263/1446/1392 1264/1448/1394
f 333/1449/1395 1264/1448/1394 1265/1450/1396
f 332/1451/1397 1265/1450/1396 1262/123/110
f 1261/84/76 315/88/80 317/1452/1398
f 1263/1446/1392 317/1452/1398 318/1453/1399
f 1265/1450/1396 319/1454/1400 316/124/111
f 306/81/73 1266/72/65 1268/1455/1401
f 309/1456/1402 1268/1455/1401 1269/1457/1403
f 308/1458/1404 1269/1457/1403 1270/1459/1405
f 307/1460/1406 1270/1459/1405 1267/140/124
f 1266/72/65 326/71/64 329/1437/1383
f 1268/1455/1401 329/1437/1383 328/1439/1385
f 1270/1459/1405 327/1441/1387 325/188/168
f 1271/86/78 1273/1462/1408 324/1461/1407
f 1273/1462/1408 1274/1464/1410 323/1463/1409
f 1274/1464/1410 1275/1466/1412 322/1465/1411
f 1275/1466/1412 1272/161/141 320/181/161
f 331/85/77 334/1447/1393 1273/1462/1408
f 334/1447/1393 333/1449/1395 1274/1464/1410
f 333/1449/1395 332/1451/1397 1275/1466/1412
f 332/1451/1397 330/126/113 1272/161/141
f 1276/77/69 1278/1468/1414 339/1467/1413
f 1278/1468/1414 1279/1470/1416 338/1469/1415
f 1279/1470/1416 1280/1472/1418 337/1471/1417
f 1280/1472/1418 1277/94/86 335/78/70
f 321/125/112 324/1461/1407 1278/1468/1414
f 324/1461/1407 323/1463/1409 1279/1470/1416
f 323/1463/1409 322/1465/1411 1280/1472/1418
f 1281/92/84 1283/1473/1419 312/1443/1389
f 1283/1473/1419 1284/1474/1420 313/1444/1390
f 1284/1474/1420 1285/1475/1421 314/1445/1391
f 1285/1475/1421 1282/74/67 311/186/166
f 340/97/88 342/1476/1422 1283/1473/1419
f 342/1476/1422 343/1477/1423 1284/1474/1420
f 343/1477/1423 344/1478/1424 1285/1475/1421
f 1286/98/89 1288/1479/1425 342/1476/1422
f 1288/1479/1425 1289/1480/1426 343/1477/1423
f 1289/1480/1426 1290/1481/1427 344/1478/1424
f 350/102/92 352/1482/1428 1288/1479/1425
f 352/1482/1428 353/1483/1429 1289/1480/1426
f 353/1483/1429 354/1484/1430 1290/1481/1427
f 354/1484/1430 351/179/159 1287/182/162
f 1291/93/85 1293/1486/1432 349/1485/1431
f 1293/1486/1432 1294/1488/1434 348/1487/1433
f 1295/1490/1436 1292/80/72 345/101/91
f 339/1467/1413 338/1469/1415 1294/1488/1434
f 338/1469/1415 337/1471/1417 1295/1490/1436
f 337/1471/1417 335/78/70 1292/80/72
f 373/185/165 1296/137/121 1298/1491/1437
f 376/1492/1438 1298/1491/1437 1299/1493/1439
f 375/1494/1440 1299/1493/1439 1300/1495/1441
f 374/1496/1442 1300/1495/1441 1297/172/152
f 1296/137/121 355/136/120 358/759/707
f 1298/1491/1437 358/759/707 368/763/711
f 1299/1493/1439 368/763/711 367/769/719
f 1300/1495/1441 367/769/719 357/173/153
f 1301/104/94 1303/1497/1443 352/1482/1428
f 1303/1497/1443 1304/1498/1444 353/1483/1429
f 1304/1498/1444 1305/1499/1445 354/1484/1430
f 1305/1499/1445 1302/156/137 351/179/159
f 373/185/165 376/1492/1438 1303/1497/1443
f 376/1492/1438 375/1494/1440 1304/1498/1444
f 375/1494/1440 374/1496/1442 1305/1499/1445
f 374/1496/1442 372/174/154 1302/156/137
f 1308/1500/1446 1309/1501/1447 363/772/722
f 1309/1501/1447 1310/1502/1448 369/770/720
f 1310/1502/1448 1307/171/151 357/173/153
f 346/184/164 349/1485/1431 1308/1500/1446
f 349/1485/1431 348/1487/1433 1309/1501/1447
f 348/1487/1433 347/1489/1435 1310/1502/1448
f 315/88/80 1311/109/97 1313/1503/1449
f 317/1452/1398 1313/1503/1449 1314/1504/1450
f 318/1453/1399 1314/1504/1450 1315/1505/1451
f 319/1454/1400 1315/1505/1451 1312/166/146
f 1311/109/97 382/110/98 384/1506/1452
f 1314/1504/1450 385/1507/1453 386/1508/1454
f 1315/1505/1451 386/1508/1454 383/130/116
f 378/111/99 1316/82/74 1318/1509/1455
f 381/1510/1456 1318/1509/1455 1319/1511/1457
f 380/1512/1458 1319/1511/1457 1320/1513/1459
f 1316/82/74 306/81/73 309/1456/1402
f 1319/1511/1457 308/1458/1404 307/1460/1406
f 1320/1513/1459 307/1460/1406 305/106/96
f 1321/122/109 1323/2151/1461 395/1515/726
f 1323/1516/1461 1324/1517/1462 396/787/735
f 1324/1517/1462 1325/1523/1463 403/788/731
f 1325/1518/1463 1322/150/133 393/783/732
f 387/1519/105 389/1521/1464 1323/1516/1461
f 389/1521/1464 390/1522/1465 1324/1517/1462
f 390/1522/1465 391/2152/1466 1325/1523/1463
f 391/1524/1466 388/147/130 1322/150/133
f 382/110/98 1326/116/103 1328/1525/1467
f 384/1506/1452 1328/1525/1467 1329/1526/1468
f 385/1507/1453 1329/1526/1468 1330/1527/1469
f 386/1508/1454 1330/1527/1469 1327/149/132
f 1326/116/103 394/117/104 406/792/739
f 1329/1526/1468 402/784/733 401/781/730
f 1330/1527/1469 401/781/730 393/783/732
f 387/118/105 1331/112/100 1333/1528/1470
f 389/1529/1464 1333/1528/1470 1334/1530/1471
f 390/1531/1465 1334/1530/1471 1335/1532/1472
f 391/1524/1466 1335/1532/1472 1332/148/131
f 1331/112/100 378/111/99 381/1510/1456
f 1333/1528/1470 381/1510/1456 380/1512/1458
f 1334/1530/1471 380/1512/1458 379/1514/1460
f 1335/1532/1472 379/1514/1460 377/114/101
f 394/117/104 1336/67/62 1338/1533/1473
f 397/774/725 1338/1537/1477 1337/175/155
f 1336/67/62 288/2137/691 297/1535/1474
f 1338/1537/1477 290/2139/686 287/176/156
f 1339/1538/43 1341/1542/1481 263/1539/1478
f 1341/1540/1480 1340/1544/118 249/721/662
f 356/1541/95 364/2153/714 1341/1542/1481
f 364/1543/708 355/2154/120 1340/1544/118
f 532/256/236 1342/255/235 1344/1545/1482
f 544/944/878 1344/1545/1482 1345/1546/1483
f 1345/1546/1483 1346/1547/1484 535/931/865
f 1346/1547/1484 1343/257/237 530/239/219
f 1342/255/235 548/271/251 553/950/884
f 1344/1545/1482 553/950/884 563/953/887
f 1349/1548/1485 1350/1550/1487 558/958/892
f 564/962/896 1351/1549/1486 1348/236/216
f 567/227/207 572/966/900 1349/1548/1485
f 572/966/900 581/969/903 1350/1550/1487
f 1350/1550/1487 581/969/903 580/980/915
f 1352/284/264 1354/1554/1488 575/1551/908
f 1354/1552/1488 1355/1555/1491 576/983/1489
f 1355/1553/1490 1353/238/218 569/265/245
f 1352/284/264 531/285/265 541/938/872
f 1354/1552/1488 541/941/872 534/932/876
f 1355/1553/1490 533/930/864 530/239/219
f 1361/245/225 1363/1559/1495 539/939/873
f 1363/1559/1495 1364/1562/1498 540/1560/1496
f 1361/245/225 513/247/227 523/918/853
f 1363/1559/1495 523/918/853 516/922/857
f 1367/1564/1499 1368/1569/1502 522/1565/1500
f 438/829/768 1371/1571/1504 1372/1572/1505
f 1377/1578/1512 1378/1579/1514 447/838/1513
f 1378/1579/1514 1375/232/212 443/314/294
f 1374/254/234 411/240/220 422/811/755
f 1376/1577/1510 422/811/755 418/812/753
f 1377/1578/1512 418/812/753 417/803/750
f 1378/1579/1514 417/803/750 410/805/752
f 1381/1581/1515 1382/1582/1517 440/836/1516
f 1383/1583/1519 1380/243/223 436/229/209
f 1381/1581/1515 451/1584/1509 452/1585/1520
f 1383/1583/1519 449/845/1521 444/842/1522
f 470/870/806 1388/1588/1525 1385/274/254
f 424/215/195 428/814/1526 1386/1586/1523
f 477/268/248 1389/258/238 1391/1591/1528
f 480/875/1529 1391/1591/1528 1392/1592/1530
f 1840/1593/1531 1392/1592/1530 1393/1594/1532
f 483/1595/1533 1393/1594/1532 1390/334/314
f 470/869/806 463/318/298 1390/334/314
f 1398/1599/1537 1395/261/241 479/266/246
f 1394/204/184 426/272/252 431/826/1538
f 1397/1598/1536 432/823/1539 429/822/1540
f 1398/1599/1537 429/822/1540 425/819/1541
f 1399/252/232 1401/1601/1543 461/1600/1542
f 1401/1601/1543 1402/1602/1545 1838/853/1544
f 1402/1602/1545 1403/1603/1547 457/849/1546
f 1403/1603/1547 1400/290/270 453/339/319
f 1399/252/232 488/275/255 495/894/832
f 1401/1601/1543 495/894/832 491/886/825
f 1402/1602/1545 491/886/825 490/884/823
f 1403/1603/1547 490/884/823 487/288/268
f 1404/324/304 1406/1604/1548 495/893/832
f 1406/1604/1548 1407/1605/1549 496/891/830
f 1407/1605/1549 1408/1606/1550 500/896/834
f 1408/1606/1550 1405/196/176 489/280/260
f 1404/324/304 503/325/305 507/1607/1551
f 1406/1604/1548 507/1607/1551 508/901/1552
f 1407/1605/1549 508/901/1552 505/900/1553
f 1408/1606/1550 505/900/1553 502/194/174
f 1409/338/318 1411/1609/1554 507/1608/1551
f 1411/1609/1554 1412/1610/1557 508/909/1555
f 1412/1610/1557 1413/1611/1563 511/906/1558
f 1413/1611/1559 1410/281/261 504/286/266
f 1409/338/318 455/191/171 461/1612/1542
f 1411/1609/1554 461/1612/1542 459/858/1561
f 1412/1610/1557 459/858/1561 457/857/1562
f 1413/1611/1559 457/857/793 454/854/792
f 597/998/939 1416/1613/1564 1417/1614/1565
f 590/987/923 1418/1615/1566 1415/278/258
f 1416/1613/1564 612/1011/952 606/1005/946
f 1418/1615/1566 605/1003/944 602/317/297
f 1419/304/284 1421/1617/1567 623/1022/961
f 1421/1617/1567 1422/1618/1568 624/1032/970
f 1422/1618/1568 1423/1619/1569 630/1028/966
f 1423/1619/1569 1420/1620/198 621/1029/200
f 604/303/283 617/1017/957 1421/1617/1567
f 617/1017/957 611/1013/953 1422/1618/1568
f 611/1013/953 610/1010/951 1423/1619/1569
f 610/1010/951 603/1012/312 1420/1620/198
f 1424/307/287 1426/1621/1570 593/995/933
f 1427/1622/1571 1428/1623/1572 599/999/940
f 1424/307/287 622/306/286 634/1034/972
f 1427/1622/1571 629/1030/967 628/1027/965
f 655/1063/303 664/1062/998 1431/1626/1573
f 664/1062/998 658/1066/1002 1432/1627/1574
f 657/1056/993 654/337/317 1430/222/202
f 672/1085/316 1434/1632/315 1436/1629/1576
f 683/1083/1021 1436/1629/1576 1437/1630/1577
f 684/1077/1014 1437/1630/1577 1438/1631/1578
f 674/1073/1010 1438/1631/1578 1435/208/188
f 1434/1632/315 638/1051/299 651/1050/989
f 1436/1629/1576 651/1050/989 645/1046/985
f 1437/1630/1577 645/1046/985 644/1044/983
f 1438/1631/1578 644/1044/983 637/310/290
f 1439/309/289 1441/1633/1579 678/1081/1018
f 1439/309/289 656/308/288 668/1068/1004
f 1443/1635/1581 662/1061/997 655/1063/303
f 1444/329/309 1446/1637/1582 691/1090/1027
f 1446/1637/1582 1447/1638/1583 692/1100/1037
f 1447/1638/1583 1448/1639/1584 699/1096/1034
f 1448/1639/1584 1445/1640/181 689/1097/191
f 706/328/308 711/1105/1044 1446/1637/1582
f 711/1105/1044 720/1108/1047 1447/1638/1583
f 720/1108/1047 719/1116/1055 1448/1639/1584
f 719/1116/1055 708/1118/179 1445/1640/181
f 1449/198/178 1451/1641/1585 714/1111/1050
f 1451/1641/1585 1452/1644/1587 715/1113/1052
f 715/1113/1052 1452/1644/1587 1453/1642/1586
f 721/1117/1056 1453/1642/1586 1450/1643/306
f 724/1121/1058 729/1123/1060 1451/1641/1585
f 729/1123/1060 739/1126/1063 1452/1644/1587
f 1452/1644/1587 739/1126/1063 738/1134/1074
f 1453/1642/1586 738/1134/1074 726/1136/307
f 725/301/281 1454/300/280 1456/1645/1588
f 1456/1645/1588 1457/1646/1590 734/1138/1589
f 1457/1646/1590 1458/1647/1591 740/1135/1075
f 1458/1647/1591 1455/1648/190 726/1136/307
f 1454/300/280 690/302/282 703/1103/1040
f 1456/1645/1588 703/1103/1040 698/1098/1035
f 1457/1646/1590 698/1098/1035 697/1095/1033
f 1458/1647/1591 697/1095/1033 689/1097/191
f 409/165/145 1459/164/144 1461/1649/1592
f 412/796/743 1461/1649/1592 1462/1650/1593
f 413/798/1594 1462/1650/1593 1463/1651/1595
f 1463/1651/1595 1460/233/213 410/805/752
f 1459/164/144 602/317/297 607/1004/945
f 1461/1649/1592 607/1004/945 616/1007/948
f 616/1007/948 615/1016/956 1463/1651/1595
f 615/1016/956 604/303/283 1460/233/213
f 622/306/286 1464/244/224 1466/1652/1596
f 1466/1652/1597 1467/1655/1603 633/1025/1598
f 1467/1653/1601 1465/315/295 620/316/296
f 444/842/1522 446/844/2111 1466/1652/1596
f 1467/1653/1601 446/837/2112 443/314/294
f 424/215/195 1468/217/197 1470/1656/1604
f 1471/1658/1609 1469/262/242 425/819/1541
f 654/337/317 659/1055/992 1470/1656/1604
f 1470/1656/1607 659/1055/2113 667/1059/1611
f 1471/1658/1609 666/1069/1005 656/308/288
f 670/1071/1008 1472/207/187 1474/1659/1613
f 1474/1659/1615 1475/1662/1615 680/1660/1616
f 1475/1661/1617 1473/267/247 671/311/291
f 1472/207/187 477/268/248 481/876/1618
f 485/879/817 479/266/246 1473/267/247
f 1476/279/259 1478/1663/1620 498/895/833
f 1478/1663/1620 1479/1664/1622 499/888/1621
f 1479/1664/1622 1480/1665/1623 492/885/824
f 1480/1665/1623 1477/1666/1624 487/288/268
f 707/299/279 716/1112/1051 1478/1663/1620
f 716/1112/1051 710/1106/1045 1479/1664/1622
f 710/1106/1045 709/1104/1043 1480/1665/1623
f 709/1104/1043 706/328/308 1477/1666/1624
f 690/302/282 1481/282/262 1483/1667/1625
f 702/1093/1031 1483/1670/1627 1484/1669/1626
f 693/1089/1026 1484/1669/1629 1482/340/320
f 1481/282/262 454/854/792 460/856/794
f 1483/1670/1627 460/850/2114 456/848/1628
f 1484/1669/1629 456/848/788 453/339/319
f 585/985/921 1485/277/257 1487/1671/1630
f 1487/1671/1632 1488/1673/1638 589/988/1633
f 1488/1672/1636 1486/231/211 586/305/285
f 1485/277/257 434/205/185 437/828/769
f 1488/1672/1636 442/832/771 436/229/209
f 464/260/240 1489/259/239 1491/1674/1639
f 473/871/807 1491/1674/1639 1492/1675/1640
f 474/866/1641 1492/1675/1640 1493/1676/1642
f 467/861/799 1493/1676/1642 1490/294/274
f 1489/259/239 637/310/290 646/1045/984
f 1491/1674/1639 646/1045/984 640/1039/978
f 1492/1675/1640 640/1039/978 639/1037/976
f 1493/1676/1642 639/1037/976 636/221/201
f 1494/287/267 1496/1679/1651 509/905/1643
f 509/905/1644 1496/1679/1645 1497/1677/1645
f 510/904/1647 1497/1677/1652 1498/1678/1648
f 506/899/1650 1498/1678/1653 1495/197/177
f 725/301/281 735/1130/1067 1496/1679/1651
f 1496/1679/1645 735/1130/1067 728/1124/1071
f 1497/1677/1652 728/1124/1061 727/1125/1062
f 1498/1678/1653 727/1125/1062 724/1121/1058
f 764/366/343 1499/365/342 1501/1680/1654
f 767/1681/1655 1501/1680/1654 1502/1682/1656
f 766/1683/1658 1502/1682/1663 1503/1684/1659
f 1503/1686/1659 1500/480/443 763/521/481
f 1499/365/342 748/356/333 750/1688/1661
f 1501/1680/1654 750/1688/1661 751/1689/1662
f 1502/1682/1663 751/1689/1701 752/1690/1664
f 752/1691/1664 749/376/352 1500/480/443
f 1504/402/376 1506/1693/1666 772/1692/1665
f 1506/1693/1666 1507/1695/1672 771/1694/1667
f 1507/1695/1668 1508/1700/1674 770/1696/1669
f 770/1697/1669 1508/1701/1674 1505/460/426
f 753/532/490 755/1698/1671 1506/1693/1666
f 755/1698/1671 756/1699/1740 1507/1695/1672
f 756/1699/1673 757/1769/1742 1508/1700/1674
f 1508/1701/1674 757/1770/1742 754/359/336
f 1509/470/435 1511/1703/1676 747/1702/1675
f 1511/1703/1676 1512/1705/1681 746/1704/1677
f 1512/1705/1678 1513/1709/1682 745/1706/1679
f 745/1706/1679 1513/1709/1682 1510/1707/325
f 764/366/343 767/1681/1655 1511/1703/1676
f 767/1681/1655 766/1683/1657 1512/1705/1681
f 766/1683/1658 765/1685/1660 1513/1709/1682
f 1513/1709/1682 765/1685/1660 763/1710/481
f 759/499/460 1514/367/344 1516/1711/1683
f 762/1712/1684 1516/1711/1683 1517/1713/1685
f 761/1714/1687 1517/1713/1690 1518/1715/1688
f 1518/1717/1688 1515/364/341 758/351/329
f 1514/367/344 769/349/328 772/1692/1665
f 1516/1711/1683 772/1692/1665 771/1694/1667
f 1517/1713/1690 771/1694/1670 770/1696/1669
f 770/1697/1669 768/362/339 1515/364/341
f 774/500/461 1519/494/456 1521/1719/1691
f 777/1720/1692 1521/1719/1691 1522/1721/1693
f 776/1722/1695 1522/1721/1698 1523/1723/1696
f 1523/1725/1696 1520/353/331 773/370/346
f 1519/494/456 759/499/460 762/1712/1684
f 1521/1719/1691 762/1712/1684 761/1714/1686
f 1522/1721/1698 761/1714/1687 760/1716/1689
f 760/1718/1689 758/351/329 1520/353/331
f 748/356/333 1524/355/332 1526/1727/1699
f 750/1688/1661 1526/1727/1699 1527/1728/1700
f 751/1689/1701 1527/1728/1705 1528/1729/1702
f 1528/1730/1702 1525/374/350 749/376/352
f 1524/355/332 778/385/360 780/1731/1703
f 1526/1727/1699 780/1731/1703 781/1732/1704
f 1527/1728/1705 781/1732/1709 782/1733/1706
f 782/1734/1706 779/373/349 1525/374/350
f 778/385/360 1529/394/368 1531/1735/1707
f 780/1731/1703 1531/1735/1707 1532/1736/1708
f 781/1732/1709 1532/1736/1713 1533/1737/1710
f 1533/1738/1710 1530/371/347 779/373/349
f 1529/394/368 788/393/367 790/1739/1711
f 1531/1735/1707 790/1739/1711 791/1740/1712
f 1532/1736/1713 791/1740/1731 792/1741/1714
f 792/1742/1714 789/383/359 1530/371/347
f 784/533/491 1534/525/484 1536/1743/1715
f 787/1744/1716 1536/1743/1715 1537/1745/1717
f 786/1746/1719 1537/1745/1722 1538/1747/1720
f 1538/1749/1720 1535/378/354 783/380/356
f 1534/525/484 774/500/461 777/1720/1692
f 1536/1743/1715 777/1720/1692 776/1722/1694
f 1537/1745/1722 776/1722/1695 775/1724/1697
f 775/1726/1697 773/370/346 1535/378/354
f 1539/511/471 1541/1752/1724 815/1751/1723
f 1541/1752/1724 1542/1754/1726 814/1753/1725
f 1542/1754/1726 1543/1758/1728 813/1755/1727
f 1543/1756/1728 1540/524/437 811/390/365
f 794/1148/1089 804/1147/1088 1541/1752/1724
f 804/1147/1088 797/1151/1092 1542/1754/1726
f 797/1151/1092 796/1142/1083 1543/1758/1728
f 796/1142/1083 793/1139/1080 1540/474/437
f 788/393/367 1544/493/455 1546/1759/1729
f 790/1739/1711 1546/1759/1733 1547/1760/1730
f 791/1740/1731 1547/1760/1734 1548/1761/1732
f 792/1742/1714 1548/1762/1732 1545/381/357
f 1544/493/455 812/509/469 815/1751/1723
f 1546/1759/1733 815/1751/1723 814/1753/1725
f 1547/1760/1734 814/1753/1725 813/1755/1727
f 813/1757/1727 811/390/365 1545/381/357
f 794/1148/1089 1549/510/470 1551/1763/1735
f 802/1146/1087 1551/1763/1735 1552/1764/1736
f 803/1149/1099 1552/1764/1738 1553/1765/1737
f 808/1154/1095 1553/1766/1737 1550/387/362
f 1549/510/470 784/533/491 787/1744/1716
f 1551/1763/1735 787/1744/1716 786/1746/1718
f 1552/1764/1738 786/1746/1719 785/1748/1721
f 1553/1766/1737 785/1750/1721 783/380/356
f 1554/410/383 1556/1767/1739 755/1698/1671
f 1556/1767/1739 1557/1768/1744 756/1699/1740
f 1557/1768/1741 1558/1773/1746 757/1769/1742
f 757/1770/1742 1558/1774/1746 1555/503/463
f 821/469/434 823/1771/1743 1556/1767/1739
f 823/1771/1743 824/1772/1762 1557/1768/1744
f 824/1772/1745 825/1793/1764 1558/1773/1746
f 1558/1774/1746 825/1795/1764 822/399/373
f 1559/342/322 1561/1776/1748 820/1775/1747
f 1561/1776/1748 1562/1778/1753 819/1777/1749
f 1562/1778/1750 1563/1781/1754 818/1779/1751
f 818/1780/1751 1563/2155/1754 1560/395/369
f 744/344/324 747/1702/1675 1561/1776/1748
f 747/1702/1675 746/1704/1677 1562/1778/1753
f 746/1704/1680 745/1706/1679 1563/1781/1754
f 1563/1781/1754 745/1706/1679 743/1708/334
f 833/1175/1119 1564/484/446 1566/1783/1755
f 844/1173/1117 1566/1783/1755 1567/1784/1756
f 845/1164/1106 1567/1784/1756 1568/1785/1757
f 835/1786/1102 1568/1790/1757 1565/461/427
f 1564/484/446 826/486/448 828/1787/1758
f 1566/1783/1755 828/1787/1758 829/1788/1759
f 1567/1784/1756 829/1788/1759 830/1789/1760
f 1568/1790/1757 830/1800/1760 827/405/379
f 1569/485/447 1571/1791/1761 823/1771/1743
f 1571/1791/1761 1572/1792/1766 824/1772/1762
f 1572/1792/1763 1573/1796/1765 825/1793/1764
f 1573/1794/1765 1570/407/381 822/399/373
f 833/1175/1119 846/1174/1118 1571/1791/1761
f 846/1174/1118 840/1177/1121 1572/1792/1766
f 840/1177/1767 839/1169/1111 1573/1796/1765
f 839/1797/1111 832/1166/1108 1570/407/381
f 1574/487/449 1576/1798/1768 828/1787/1758
f 1576/1798/1768 1577/1799/1770 829/1788/1759
f 1577/1799/1769 1578/1801/1771 830/1789/1760
f 830/1800/1760 1578/1802/1771 1575/403/377
f 817/518/478 820/1775/1747 1576/1798/1768
f 820/1775/1747 819/1777/1749 1577/1799/1770
f 819/1777/1752 818/1779/1751 1578/1801/1771
f 818/1780/1751 816/397/371 1575/403/377
f 1579/483/445 1581/1804/1773 873/1803/1772
f 1581/1804/1773 1582/1806/1775 872/1805/1774
f 1582/1806/1775 1583/1808/1777 871/1807/1776
f 1583/1808/1777 1580/530/488 869/531/489
f 854/432/402 856/1809/1778 1581/1804/1773
f 856/1809/1778 857/1810/1779 1582/1806/1775
f 857/1810/1779 858/1811/1780 1583/1808/1777
f 858/1811/1780 855/529/487 1580/530/488
f 875/426/396 1584/425/395 1586/1812/1781
f 878/1813/1782 1586/1812/1781 1587/1814/1783
f 877/1815/1784 1587/1814/1783 1588/1816/1785
f 876/1817/1786 1588/1816/1785 1585/464/430
f 1584/425/395 859/429/399 861/1818/1787
f 1586/1812/1781 861/1818/1787 862/1819/1788
f 1587/1814/1783 862/1819/1788 863/1820/1789
f 1588/1816/1785 863/1820/1789 860/465/431
f 850/422/392 1589/413/385 1591/1821/1790
f 853/1822/1791 1591/1821/1790 1592/1823/1792
f 852/1824/1793 1592/1823/1792 1593/1825/1794
f 851/1826/1795 1593/1825/1794 1590/481/444
f 1589/413/385 870/412/384 873/1803/1772
f 1591/1821/1790 873/1803/1772 872/1805/1774
f 1592/1823/1792 872/1805/1774 871/1807/1776
f 1593/1825/1794 871/1807/1776 869/531/489
f 1594/427/397 1596/1828/1797 868/1827/1796
f 1596/1828/1797 1597/1830/1799 867/1829/1798
f 1597/1830/1799 1598/1832/1801 866/1831/1800
f 1598/1832/1801 1595/502/462 864/522/482
f 875/426/396 878/1813/1782 1596/1828/1797
f 878/1813/1782 877/1815/1784 1597/1830/1799
f 877/1815/1784 876/1817/1786 1598/1832/1801
f 876/1817/1786 874/467/433 1595/502/462
f 1599/418/389 1601/1834/1803 883/1833/1802
f 1601/1834/1803 1602/1836/1805 882/1835/1804
f 1602/1836/1805 1603/1838/1807 881/1837/1806
f 1603/1838/1807 1600/435/405 879/419/390
f 865/466/432 868/1827/1796 1601/1834/1803
f 868/1827/1796 867/1829/1798 1602/1836/1805
f 867/1829/1798 866/1831/1800 1603/1838/1807
f 866/1831/1800 864/522/482 1600/435/405
f 1604/433/403 1606/1839/1808 856/1809/1778
f 1606/1839/1808 1607/1840/1809 857/1810/1779
f 1607/1840/1809 1608/1841/1810 858/1811/1780
f 1608/1841/1810 1605/415/387 855/529/487
f 884/438/407 886/1842/1811 1606/1839/1808
f 886/1842/1811 887/1843/1812 1607/1840/1809
f 887/1843/1812 888/1844/1813 1608/1841/1810
f 888/1844/1813 885/479/442 1605/415/387
f 1609/439/408 1611/1845/1814 886/1842/1811
f 1611/1845/1814 1612/1846/1815 887/1843/1812
f 1612/1846/1815 1613/1847/1816 888/1844/1813
f 1613/1847/1816 1610/523/483 885/479/442
f 894/443/412 896/1848/1817 1611/1845/1814
f 896/1848/1817 897/1849/1818 1612/1846/1815
f 897/1849/1818 898/1850/1819 1613/1847/1816
f 898/1850/1819 895/520/480 1610/523/483
f 1614/434/404 1616/1852/1821 893/1851/1820
f 1616/1852/1821 1617/1854/1823 892/1853/1822
f 1617/1854/1823 1618/1856/1825 891/1855/1824
f 1618/1856/1825 1615/421/391 889/442/411
f 880/496/457 883/1833/1802 1616/1852/1821
f 883/1833/1802 882/1835/1804 1617/1854/1823
f 882/1835/1804 881/1837/1806 1618/1856/1825
f 881/1837/1806 879/419/390 1615/421/391
f 917/528/486 1619/1863/441 1621/1857/1826
f 920/1858/1827 1621/1857/1826 1622/1859/1828
f 919/1860/1829 1622/1859/1828 1623/1861/1830
f 918/1862/1831 1623/1861/1830 1620/513/473
f 1619/1863/441 899/1178/440 903/1180/1124
f 1621/1857/1826 903/1180/1124 912/1184/1128
f 1622/1859/1828 912/1184/1128 911/1190/1136
f 1623/1861/1830 911/1190/1136 901/514/474
f 1624/445/414 1626/1864/1832 896/1848/1817
f 1626/1864/1832 1627/1865/1833 897/1849/1818
f 1627/1865/1833 1628/1866/1834 898/1850/1819
f 1628/1866/1834 1625/497/458 895/520/480
f 917/528/486 920/1858/1827 1626/1864/1832
f 920/1858/1827 919/1860/1829 1627/1865/1833
f 919/1860/1829 918/1862/1831 1628/1866/1834
f 918/1862/1831 916/515/475 1625/497/458
f 1629/440/409 1631/1867/1835 907/1188/1132
f 1631/1867/1835 1632/1868/1836 908/1193/1139
f 1632/1868/1836 1633/1869/1837 913/1191/1137
f 1633/1869/1837 1630/512/472 901/514/474
f 890/526/485 893/1851/1820 1631/1867/1835
f 893/1851/1820 892/1853/1822 1632/1868/1836
f 892/1853/1822 891/1855/1824 1633/1869/1837
f 891/1855/1824 889/442/411 1630/512/472
f 859/429/399 1634/450/417 1636/1870/1838
f 861/1818/1787 1636/1870/1838 1637/1871/1839
f 862/1819/1788 1637/1871/1839 1638/1872/1840
f 863/1820/1789 1638/1872/1840 1635/507/467
f 1634/450/417 926/451/418 928/1873/1841
f 1636/1870/1838 928/1873/1841 929/1874/1842
f 1637/1871/1839 929/1874/1842 930/1875/1843
f 1638/1872/1840 930/1875/1843 927/471/436
f 922/452/419 1639/423/393 1641/1876/1844
f 925/1877/1845 1641/1876/1844 1642/1878/1846
f 924/1879/1847 1642/1878/1846 1643/1880/1848
f 923/1881/1849 1643/1880/1848 1640/456/422
f 1639/423/393 850/422/392 853/1822/1791
f 1641/1876/1844 853/1822/1791 852/1824/1793
f 1642/1878/1846 852/1824/1793 851/1826/1795
f 1643/1880/1848 851/1826/1795 849/447/416
f 1644/463/429 1646/1882/1850 939/1196/1143
f 1646/1882/1850 1647/1883/1851 940/1205/1152
f 1647/1883/1851 1648/1884/1852 947/1201/1148
f 1648/1884/1852 1645/491/453 937/1202/1149
f 931/459/425 933/1885/1853 1646/1882/1850
f 933/1885/1853 934/1886/1854 1647/1883/1851
f 934/1886/1854 935/1887/1855 1648/1884/1852
f 935/1887/1855 932/488/450 1645/491/453
f 926/451/418 1649/457/423 1651/1888/1856
f 928/1873/1841 1651/1888/1856 1652/1889/1857
f 929/1874/1842 1652/1889/1857 1653/1890/1858
f 930/1875/1843 1653/1890/1858 1650/490/452
f 1649/457/423 938/458/424 950/1208/1156
f 1651/1888/1856 950/1208/1156 946/1203/1150
f 1652/1889/1857 946/1203/1150 945/1200/1147
f 1653/1890/1858 945/1200/1147 937/1202/1149
f 931/459/425 1654/453/420 1656/1891/1859
f 933/1885/1853 1656/1891/1859 1657/1892/1860
f 934/1886/1854 1657/1892/1860 1658/1893/1861
f 935/1887/1855 1658/1893/1861 1655/489/451
f 1654/453/420 922/452/419 925/1877/1845
f 1656/1891/1859 925/1877/1845 924/1879/1847
f 1657/1892/1860 924/1879/1847 923/1881/1849
f 1658/1893/1861 923/1881/1849 921/455/421
f 938/458/424 1659/408/382 1661/1894/1862
f 941/1195/1142 1661/1897/1866 1660/516/476
f 1659/408/382 832/1166/1108 841/1168/1863
f 1661/1897/1866 834/2156/1103 831/517/477
f 1662/388/363 1664/1902/1870 807/1898/1867
f 1664/1901/1869 1663/475/438 793/1139/1080
f 900/446/415 902/1187/1131 1664/1902/1870
f 902/1903/1125 899/477/440 1663/475/438
f 974/555/510 1665/554/509 1667/1904/1871
f 977/1905/1872 1667/1904/1871 1668/1906/1873
f 976/1907/1875 1668/1906/1880 1669/1908/1876
f 1669/1910/1876 1666/670/614 973/708/650
f 1665/554/509 958/545/500 960/1912/1878
f 1667/1904/1871 960/1912/1878 961/1913/1879
f 1668/1906/1880 961/1913/1918 962/1914/1881
f 962/1915/1881 959/565/519 1666/670/614
f 1670/591/544 1672/1922/1883 982/1916/1882
f 1672/1917/1883 1673/1920/1889 981/1918/1884
f 1673/1920/1885 1674/1925/1891 980/1921/1886
f 980/1921/1886 1674/1925/1891 1671/650/597
f 963/719/660 965/1987/1888 1672/1922/1883
f 965/1923/1888 966/1924/1954 1673/1920/1889
f 966/1924/1890 967/1990/1956 1674/1925/1891
f 1674/1925/1891 967/1990/1956 964/548/503
f 1675/660/606 1677/1927/1893 957/1926/1892
f 1677/1927/1893 1678/1929/1898 956/1928/1894
f 1678/1929/1895 1679/1932/1899 955/1930/1896
f 955/1931/1896 1679/1933/1899 1676/534/492
f 974/555/510 977/1905/1872 1677/1927/1893
f 977/1905/1872 976/1907/1874 1678/1929/1898
f 976/1907/1875 975/1909/1877 1679/1932/1899
f 1679/1933/1899 975/1911/1877 973/708/650
f 969/689/632 1680/556/511 1682/1934/1900
f 972/1936/1901 1682/1941/1900 1683/1937/1902
f 971/1938/1904 1683/1937/1907 1684/1939/1905
f 1684/1939/1905 1681/553/508 968/540/496
f 1680/556/511 979/538/495 982/1916/1882
f 1682/1941/1900 982/1919/1882 981/1918/1884
f 1683/1937/1907 981/1918/1887 980/1921/1886
f 980/1921/1886 978/551/506 1681/553/508
f 984/690/633 1685/684/627 1687/1942/1908
f 987/1943/1909 1687/1942/1908 1688/1944/1910
f 986/1946/1912 1688/1950/1915 1689/1947/1913
f 1689/1947/1913 1686/542/498 983/559/513
f 1685/684/627 969/689/632 972/1935/1901
f 1687/1949/1908 972/1936/1901 971/1938/1903
f 1688/1950/1915 971/1938/1904 970/1940/1906
f 970/1940/1906 968/540/496 1686/542/498
f 958/545/500 1690/544/499 1692/1951/1916
f 960/1912/1878 1692/1951/1916 1693/1952/1917
f 961/1913/1918 1693/1952/1922 1694/1953/1919
f 1694/1954/1919 1691/563/517 959/565/519
f 1690/544/499 988/574/527 990/1955/1920
f 1692/1951/1916 990/1955/1920 991/1956/1921
f 1693/1952/1922 991/1956/1926 992/1957/1923
f 992/1957/1923 989/1962/516 1691/1958/517
f 988/574/527 1695/583/536 1697/1959/1924
f 990/1955/1920 1697/1959/1924 1698/1960/1925
f 991/1956/1926 1698/1960/1930 1699/1961/1927
f 1699/1961/1927 1696/1966/514 989/1962/516
f 1695/583/536 998/582/535 1000/1963/1928
f 1697/1959/1924 1000/1963/1928 1001/1964/1929
f 1698/1960/1930 1001/1964/1945 1002/1965/1931
f 1002/1965/1931 999/1982/526 1696/1966/514
f 994/720/661 1700/713/655 1702/1967/1932
f 997/1968/1933 1702/1967/1932 1703/1969/1934
f 996/1971/1936 1703/1974/1939 1704/1972/1937
f 1704/1972/1937 1701/567/521 993/569/523
f 1700/713/655 984/690/633 987/1943/1909
f 1702/1967/1932 987/1943/1909 986/1945/1911
f 1703/1974/1939 986/1946/1912 985/1948/1914
f 985/1948/1914 983/559/513 1701/567/521
f 1705/698/640 1707/1975/1940 1034/1248/1196
f 1707/1975/1940 1708/1976/1941 1035/1236/1186
f 1708/1976/1941 1709/1977/1942 1026/1233/1183
f 1709/1977/1942 1706/664/608 1021/712/654
f 1004/1220/1170 1014/1219/1169 1707/1975/1940
f 1014/1219/1169 1007/1223/1173 1708/1976/1941
f 1007/1223/1173 1006/1213/1163 1709/1977/1942
f 1006/1213/1163 1003/1210/1160 1706/664/608
f 998/582/535 1710/683/626 1712/1978/1943
f 1000/1963/1928 1712/1978/1947 1713/1979/1944
f 1001/1964/1945 1713/1979/1948 1714/1980/1946
f 1002/1965/1931 1714/1980/1946 1711/1981/524
f 1710/683/626 1023/696/638 1036/1247/1195
f 1712/1978/1947 1036/1247/1195 1030/1242/1199
f 1713/1979/1948 1030/1242/1191 1029/1239/1189
f 1714/1980/1946 1029/1239/1189 1022/1241/532
f 1004/1220/1170 1715/697/639 1717/1983/1949
f 1012/1218/1168 1717/1983/1949 1718/1984/1950
f 1013/1230/1180 1718/1986/1952 1719/1985/1951
f 1018/1226/1176 1719/1985/1951 1716/576/529
f 1715/697/639 994/720/661 997/1968/1933
f 1717/1983/1949 997/1968/1933 996/1970/1935
f 1718/1986/1952 996/1971/1936 995/1973/1938
f 1719/1985/1951 995/1973/1938 993/569/523
f 1720/599/551 1722/1991/1953 965/1987/1888
f 1722/1988/1953 1723/1989/1958 966/1924/1954
f 1723/1989/1955 1724/1994/1960 967/1990/1956
f 967/1990/1956 1724/1994/1960 1721/693/635
f 1044/659/605 1046/2011/1957 1722/1991/1953
f 1046/1992/1957 1047/1993/1976 1723/1989/1958
f 1047/1993/1959 1048/2014/1978 1724/1994/1960
f 1724/1994/1960 1048/2014/1978 1045/588/541
f 1725/504/464 1727/1996/1962 1043/1995/1961
f 1727/1996/1962 1728/1998/1967 1042/1997/1963
f 1728/1998/1964 1729/2001/1968 1041/1999/1965
f 1041/2000/1965 1729/2002/1968 1726/584/537
f 954/506/466 957/1926/1892 1727/1996/1962
f 957/1926/1892 956/1928/1894 1728/1998/1967
f 956/1928/1897 955/1930/1896 1729/2001/1968
f 1729/2002/1968 955/1931/1896 953/546/501
f 1056/1267/1219 1730/674/617 1732/2003/1969
f 1067/1265/1217 1732/2003/1969 1733/2004/1970
f 1068/1255/1206 1733/2004/1970 1734/2005/1971
f 1058/1251/1202 1734/2005/1971 1731/2006/598
f 1730/674/617 1049/676/619 1051/2007/1972
f 1732/2003/1969 1051/2007/1972 1052/2008/1973
f 1733/2004/1970 1052/2008/1973 1053/2009/1974
f 1734/2010/1971 1053/2021/1974 1050/594/547
f 1735/675/618 1737/2016/1975 1046/2011/1957
f 1737/2012/1975 1738/2013/1980 1047/1993/1976
f 1738/2013/1977 1739/2015/1979 1048/2014/1978
f 1739/2015/1979 1736/596/549 1045/588/541
f 1056/1267/1219 1069/1266/1218 1737/2016/1975
f 1069/2017/1218 1063/2018/1221 1738/2013/1980
f 1063/2018/1981 1062/1260/1211 1739/2015/1979
f 1062/1260/1211 1055/1257/1208 1736/596/549
f 1740/677/620 1742/2019/1982 1051/2007/1972
f 1742/2019/1982 1743/2020/1984 1052/2008/1973
f 1743/2020/1983 1744/2022/1985 1053/2009/1974
f 1053/2021/1974 1744/2023/1985 1741/592/545
f 1040/705/647 1043/1995/1961 1742/2019/1982
f 1043/1995/1961 1042/1997/1963 1743/2020/1984
f 1042/1997/1966 1041/1999/1965 1744/2022/1985
f 1041/2000/1965 1039/586/539 1741/592/545
f 1745/673/616 1747/2025/1987 1096/2024/1986
f 1747/2025/1987 1748/2027/1989 1095/2026/1988
f 1748/2027/1989 1749/2029/1991 1094/2028/1990
f 1749/2029/1991 1746/717/658 1092/718/659
f 1077/621/571 1079/2030/1992 1747/2025/1987
f 1079/2030/1992 1080/2031/1993 1748/2027/1989
f 1080/2031/1993 1081/2032/1994 1749/2029/1991
f 1081/2032/1994 1078/716/657 1746/717/658
f 1098/615/565 1750/614/564 1752/2033/1995
f 1101/2034/1996 1752/2033/1995 1753/2035/1997
f 1099/2038/2000 1754/2037/1999 1751/654/601
f 1750/614/564 1082/618/568 1084/2039/2001
f 1753/2035/1997 1085/2040/2002 1086/2041/2003
f 1754/2037/1999 1086/2041/2003 1083/655/602
f 1073/611/561 1755/602/553 1757/2042/2004
f 1076/2043/2005 1757/2042/2004 1758/2044/2006
f 1075/2045/2007 1758/2044/2006 1759/2046/2008
f 1074/2047/2009 1759/2046/2008 1756/671/615
f 1755/602/553 1093/601/552 1096/2024/1986
f 1757/2042/2004 1096/2024/1986 1095/2026/1988
f 1758/2044/2006 1095/2026/1988 1094/2028/1990
f 1760/616/566 1762/2049/2011 1091/2048/2010
f 1762/2049/2011 1763/2051/2013 1090/2050/2012
f 1763/2051/2013 1764/2053/2015 1089/2052/2014
f 1764/2053/2015 1761/692/634 1087/709/651
f 1098/615/565 1101/2034/1996 1762/2049/2011
f 1101/2034/1996 1100/2036/1998 1763/2051/2013
f 1100/2036/1998 1099/2038/2000 1764/2053/2015
f 1099/2038/2000 1097/657/604 1761/692/634
f 1765/607/557 1767/2055/2017 1106/2054/2016
f 1767/2055/2017 1768/2057/2019 1105/2056/2018
f 1768/2057/2019 1769/2059/2021 1104/2058/2020
f 1769/2059/2021 1766/624/574 1102/608/558
f 1091/2048/2010 1090/2050/2012 1768/2057/2019
f 1090/2050/2012 1089/2052/2014 1769/2059/2021
f 1089/2052/2014 1087/709/651 1766/624/574
f 1770/622/572 1772/2060/2022 1079/2030/1992
f 1772/2060/2022 1773/2061/2023 1080/2031/1993
f 1773/2061/2023 1774/2062/2024 1081/2032/1994
f 1774/2062/2024 1771/604/555 1078/716/657
f 1109/2063/2025 1110/2064/2026 1773/2061/2023
f 1110/2064/2026 1111/2065/2027 1774/2062/2024
f 1111/2065/2027 1108/669/613 1771/604/555
f 1775/628/578 1777/2066/2028 1109/2063/2025
f 1777/2066/2028 1778/2067/2029 1110/2064/2026
f 1778/2067/2029 1779/2068/2030 1111/2065/2027
f 1117/632/582 1119/2069/2031 1777/2066/2028
f 1120/2070/2032 1121/2071/2033 1779/2068/2030
f 1121/2071/2033 1118/707/649 1776/710/652
f 1780/623/573 1782/2073/2035 1116/2072/2034
f 1782/2073/2035 1783/2075/2037 1115/2074/2036
f 1783/2075/2037 1784/2077/2039 1114/2076/2038
f 1784/2077/2039 1781/610/560 1112/631/581
f 1103/686/629 1106/2054/2016 1782/2073/2035
f 1106/2054/2016 1105/2056/2018 1783/2075/2037
f 1105/2056/2018 1104/2058/2020 1784/2077/2039
f 1104/2058/2020 1102/608/558 1781/610/560
f 1785/668/612 1787/2085/2045 1143/2078/2040
f 1143/2078/2040 1787/2085/2045 1788/2079/2041
f 1142/2080/2042 1788/2079/2041 1789/2081/2043
f 1141/2082/2044 1789/2081/2043 1786/2083/642
f 1785/668/612 1122/667/611 1126/1272/1224
f 1787/2085/2045 1126/1272/1224 1135/1276/1228
f 1788/2079/2041 1135/1276/1228 1134/1284/1236
f 1789/2081/2043 1134/1284/1236 1124/1286/643
f 1790/635/585 1792/2086/2046 1119/2069/2031
f 1792/2086/2046 1793/2087/2047 1120/2070/2032
f 1793/2087/2047 1794/2088/2048 1121/2071/2033
f 1794/2088/2048 1791/687/630 1118/707/649
f 1140/634/584 1143/2089/2040 1792/2086/2046
f 1143/2089/2040 1142/2090/2042 1793/2087/2047
f 1142/2090/2042 1141/2091/2044 1794/2088/2048
f 1141/2091/2044 1139/702/644 1791/687/630
f 1795/629/579 1797/2092/2049 1130/1280/1232
f 1797/2092/2049 1798/2094/2050 1131/2093/1239
f 1798/2094/2050 1799/2096/2051 1136/2095/1237
f 1799/2096/2051 1796/699/641 1124/701/643
f 1113/714/656 1116/2072/2034 1797/2092/2049
f 1116/2072/2034 1115/2074/2036 1798/2094/2050
f 1115/2074/2036 1114/2076/2038 1799/2096/2051
f 1114/2076/2038 1112/631/581 1796/699/641
f 1082/618/568 1800/640/588 1802/2097/2052
f 1085/2040/2002 1803/2098/2053 1804/2099/2054
f 1086/2041/2003 1804/2099/2054 1801/694/636
f 1800/640/588 1149/641/589 1151/2100/2055
f 1802/2097/2052 1151/2100/2055 1152/2101/2056
f 1803/2098/2053 1152/2101/2056 1153/2102/2057
f 1804/2099/2054 1153/2102/2057 1150/661/607
f 1145/642/590 1805/612/562 1807/2103/2058
f 1148/2104/2059 1807/2103/2058 1808/2105/2060
f 1147/2106/2061 1808/2105/2060 1809/2107/2062
f 1146/2108/2063 1809/2107/2062 1806/646/593
f 1805/612/562 1073/611/561 1076/2043/2005
f 1807/2103/2058 1076/2043/2005 1075/2045/2007
f 1809/2107/2062 1074/2047/2009 1072/637/587
f 1810/653/600 1812/2109/2064 1162/1292/1243
f 1812/2109/2064 1813/2110/2065 1163/1301/1253
f 1813/2110/2065 1814/2111/2066 1169/1297/1249
f 1814/2111/2066 1811/681/624 1160/1298/1250
f 1154/649/596 1156/2112/2067 1812/2109/2064
f 1156/2112/2067 1157/2113/2068 1813/2110/2065
f 1157/2113/2068 1158/2114/2069 1814/2111/2066
f 1158/2114/2069 1155/678/621 1811/681/624
f 1149/641/589 1815/647/594 1817/2115/2070
f 1151/2100/2055 1817/2115/2070 1818/2116/2071
f 1153/2102/2057 1819/2117/2072 1816/680/623
f 1815/647/594 1161/648/595 1173/1304/1257
f 1817/2115/2070 1173/1304/1257 1168/1299/1251
f 1818/2116/2071 1168/1299/1251 1167/1296/1248
f 1154/649/596 1820/643/591 1822/2118/2073
f 1156/2112/2067 1822/2118/2073 1823/2119/2074
f 1157/2113/2068 1823/2119/2074 1824/2120/2075
f 1820/643/591 1145/642/590 1148/2104/2059
f 1822/2118/2073 1148/2104/2059 1147/2106/2061
f 1823/2119/2074 1147/2106/2061 1146/2108/2063
f 1824/2120/2075 1146/2108/2063 1144/645/592
f 1161/648/595 1825/597/550 1827/2121/2076
f 1172/2123/2077 1827/2126/2081 1826/2124/645
f 1825/597/550 1055/1257/1208 1064/1259/2079
f 1827/2126/2081 1057/2149/2115 1054/1249/646
f 1828/577/530 1830/2129/2085 1017/2127/1177
f 1830/2128/2083 1829/665/609 1003/1210/1160
f 1123/636/586 1125/1279/1231 1830/2129/2085
f 1125/2130/1225 1122/667/611 1829/665/609
f 1831/1306/583 1022/1241/532 1031/1240/1190
f 1834/1307/1261 1031/1240/1190 1025/1234/1184
f 1835/1309/1263 1025/1234/1184 1024/1232/1182
f 1836/1310/1264 1024/1232/1182 1021/712/654
