mtllib Holocron.mtl
o HolocronEsquina4
usemtl Holocron_Main.001
v -3.901346 4.969186 3.019122
v -2.667227 4.949191 4.164613
v -3.523417 4.961494 3.459753
v -3.100241 4.954717 3.847912
v -2.156736 4.944260 4.446424
v -4.258654 4.978894 2.462933
v -3.897345 5.080926 3.017359
v -2.663225 5.060931 4.162850
v -3.519411 5.073235 3.457990
v -3.096235 5.066460 3.846149
v -2.152735 5.055999 4.444660
v -4.254652 5.090634 2.461169
v -4.131186 5.038468 2.249738
v -3.744669 5.027558 2.874792
v -3.366983 5.019864 3.315653
v -4.054026 5.022551 3.161690
v -4.382120 5.031057 2.674364
v -2.361841 4.998063 4.564568
v -2.819979 5.002555 4.307247
v -3.675844 5.014863 3.602090
v -4.689940 5.040837 2.114083
v -2.510473 5.007567 4.020215
v -1.947634 5.002194 4.326517
v -2.943567 5.013092 3.703590
v -1.859159 4.994169 4.787675
v -3.252909 5.008084 3.990472
v -0.522673 5.095196 4.995546
v -4.920301 5.077287 5.013715
v -4.939798 5.162692 0.605304
v -5.162382 4.836898 5.011804
v -5.165953 0.435278 4.929620
v -5.181921 4.922463 0.594723
v -4.921946 4.833314 5.249016
v -0.502871 4.849723 5.236964
v -4.925505 0.432009 5.166063
v -2.856356 3.839709 5.079427
v -4.033915 2.635985 5.077195
v -3.306780 3.473423 5.080195
v -3.705935 3.060548 5.079355
v -4.329050 2.133077 5.073159
v -2.290953 4.182373 5.076447
v -2.850996 3.833689 5.190963
v -4.028555 2.629964 5.188730
v -3.301420 3.467401 5.191731
v -3.700575 3.054528 5.190891
v -4.323690 2.127055 5.184694
v -2.285593 4.176352 5.187981
v -2.079325 4.048432 5.126677
v -2.714338 3.678362 5.130279
v -3.164984 3.312331 5.131056
v -2.993017 3.995034 5.140109
v -2.497221 4.310296 5.137751
v -4.439917 2.340165 5.134341
v -4.170641 2.791383 5.137881
v -3.443213 3.628492 5.140869
v -1.929029 4.603388 5.133874
v -3.891832 2.474565 5.128045
v -4.212828 1.919967 5.123513
v -3.563925 2.899213 5.130207
v -4.676165 1.843531 5.129500
v -3.842588 3.215863 5.140037
v -5.068041 2.765790 3.990470
v -5.054964 3.975594 2.819228
v -5.071978 3.225673 3.636153
v -5.067083 3.635905 3.234313
v -5.039034 4.285186 2.312477
v -5.051981 2.192090 4.318677
v -5.178114 2.753012 3.975455
v -5.165037 3.962815 2.804214
v -5.182051 3.212893 3.621138
v -5.177156 3.623130 3.219299
v -5.149107 4.272408 2.297463
v -5.162054 2.179312 4.303662
v -5.076624 1.981552 4.176141
v -5.096067 2.625430 3.822238
v -5.100046 3.085529 3.468179
v -5.150087 2.893370 4.143687
v -5.137407 2.389850 4.446197
v -5.117323 4.385261 2.529579
v -5.137022 4.103236 2.972520
v -5.153978 3.353035 3.789110
v -5.116400 1.814885 4.725009
v -5.082975 3.835173 2.650922
v -5.070814 4.172330 2.080361
v -5.095114 3.495556 3.066090
v -5.090475 4.635770 2.040696
v -5.149130 3.763479 3.387522
v -3.314951 4.957965 3.661975
v -3.719381 4.965249 3.244622
v -2.884909 4.951802 4.014986
v -2.436899 4.946785 4.302360
v -1.797953 4.941336 4.612287
v -4.073591 4.973444 2.775161
v -4.475809 4.986224 2.042951
v -3.310946 5.069703 3.660211
v -3.715376 5.076990 3.242859
v -2.880907 5.063543 4.013223
v -2.432898 5.058525 4.300597
v -1.793951 5.053077 4.610524
v -4.069586 5.085183 2.773398
v -4.471808 5.097965 2.041187
v -3.920496 5.031968 2.622164
v -3.562853 5.023620 3.100434
v -4.222677 5.026658 2.926394
v -2.596193 5.000204 4.441934
v -3.871904 5.018617 3.387047
v -4.710936 5.050546 1.557837
v -2.273603 5.005105 4.161023
v -3.158426 5.016335 3.517791
v -4.410589 5.048351 1.683585
v -1.390291 4.994035 4.791102
v -4.537031 5.035836 2.400553
v -2.114306 4.996076 4.678389
v -2.728167 5.010177 3.870598
v -1.477598 4.998337 4.544422
v -3.467466 5.011332 3.804394
v -3.037649 5.005167 4.157613
v -2.839281 4.598297 5.188939
v -5.123594 2.799035 2.891763
v -4.687140 5.069119 2.937511
v -3.454145 3.403046 3.501686
v -2.721487 5.086242 5.004630
v -4.930048 5.119988 2.809509
v -2.731234 5.128943 2.800424
v -5.164167 2.636088 4.970711
v -5.172152 4.879680 2.803263
v -5.173937 2.678870 2.762171
v -2.712408 4.841517 5.242990
v -4.923723 2.632661 5.207540
v -2.714190 2.640864 5.201513
v -3.453745 3.371067 5.121013
v -3.461725 5.009845 3.540624
v -5.073191 3.399733 3.517328
v -2.859232 5.073413 2.926277
v -5.115652 2.763902 4.735115
v -4.682756 2.757843 5.162691
v -2.851332 5.038441 4.760958
v -5.123587 4.636254 2.925725
v -2.839277 2.761365 5.155672
v -3.514414 3.270316 5.079959
v -3.086565 3.663695 5.080013
v -3.878614 2.849668 5.078436
v -4.177671 2.409355 5.075549
v -4.504293 1.778779 5.069783
v -2.607946 4.005522 5.078380
v -1.865397 4.388500 5.073312
v -3.509054 3.264294 5.191493
v -3.081205 3.657674 5.191548
v -3.873259 2.843647 5.189971
v -4.172312 2.403333 5.187083
v -4.498934 1.772758 5.181319
v -2.602587 3.999501 5.189914
v -1.860037 4.382480 5.184847
v -2.457171 3.847537 5.129154
v -2.944689 3.502507 5.130869
v -2.753363 4.157485 5.139142
v -4.311163 2.571215 5.136297
v -3.223085 3.818861 5.140690
v -1.372408 4.609904 5.125241
v -4.038820 2.241474 5.126337
v -3.372538 3.109134 5.130816
v -1.506006 4.312976 5.122228
v -4.691916 1.374980 5.121604
v -2.219427 4.458005 5.135930
v -4.560209 2.095711 5.132021
v -3.736544 2.688259 5.129286
v -4.443018 1.455829 5.119084
v -3.650930 3.425478 5.140637
v -4.015329 3.005057 5.139119
v -5.070540 3.438712 3.438730
v -5.071116 3.000493 3.820520
v -5.061903 3.814364 3.028363
v -5.046606 4.125749 2.595329
v -5.034166 4.471055 1.936333
v -5.062433 2.513267 4.149855
v -5.034975 1.761870 4.514170
v -5.180613 3.425934 3.423715
v -5.181189 2.987714 3.805505
v -5.171976 3.801586 3.013348
v -5.156679 4.112971 2.580314
v -5.144239 4.458278 1.921319
v -5.172506 2.500490 4.134842
v -5.145048 1.749091 4.499157
v -5.090029 2.364084 3.984772
v -5.099169 2.860267 3.652447
v -5.144915 2.649674 4.299927
v -5.128195 4.249946 2.756597
v -5.153135 3.127939 3.973575
v -5.069178 1.260197 4.718891
v -5.075090 3.988773 2.419045
v -5.098593 3.298493 3.270664
v -5.052465 1.402355 4.426422
v -5.086058 4.667130 1.497038
v -5.127554 2.108610 4.586903
v -5.104452 4.512557 2.289031
v -5.089918 3.673953 2.860067
v -5.073954 4.416776 1.568621
v -5.152559 3.566155 3.591780
v -5.143961 3.941998 3.181644
v -4.072924 4.970259 3.178309
v -4.071127 4.966437 3.176576
v -4.073217 4.968781 3.178555
v -4.072977 4.967536 3.178311
v -4.072245 4.966713 3.177617
v -3.269995 4.951971 4.005341
v -3.271807 4.955794 4.007090
v -3.271116 4.952247 4.006388
v -3.271856 4.953070 4.007087
v -3.272097 4.954315 4.007334
v -3.731581 4.971934 2.861681
v -3.729528 4.975938 2.859848
v -3.730440 4.972256 2.860630
v -3.729651 4.973128 2.859912
v -3.729330 4.974420 2.859637
v -2.928431 4.961472 3.688647
v -2.930491 4.957467 3.690486
v -2.928232 4.959956 3.688436
v -2.928556 4.958661 3.688712
v -2.929346 4.957789 3.689431
v -3.694746 4.962567 3.618710
v -3.692949 4.958751 3.616977
v -3.695036 4.961091 3.618955
v -3.694799 4.959847 3.618712
v -3.694063 4.959025 3.618017
v -3.351847 4.968240 3.300710
v -3.353891 4.964238 3.302535
v -3.351648 4.966725 3.300498
v -3.351969 4.965433 3.300771
v -3.352755 4.964560 3.301486
v -2.495340 4.955952 4.005274
v -2.497431 4.951939 4.007143
v -2.495142 4.954432 4.005065
v -2.495470 4.953137 4.005347
v -2.496275 4.952262 4.006077
v -2.837023 4.946442 4.322081
v -2.838869 4.950278 4.323862
v -2.838160 4.946719 4.323141
v -2.838911 4.947545 4.323851
v -2.839159 4.948795 4.324105
v -1.932501 4.950584 4.311578
v -1.935583 4.946576 4.312993
v -1.932379 4.949064 4.311334
v -1.932920 4.947770 4.311517
v -1.934050 4.946895 4.312100
v -2.377893 4.941943 4.579857
v -2.380724 4.945809 4.581175
v -2.379412 4.942223 4.580742
v -2.380480 4.943057 4.581304
v -2.380941 4.944315 4.581455
v -0.910730 4.942313 4.779719
v -0.923418 4.938395 4.774689
v -0.910215 4.942325 4.777824
v -0.913584 4.940791 4.779045
v -0.916998 4.939513 4.777853
v -0.909407 4.942574 4.779613
v -0.911367 4.940966 4.778783
v -0.913591 4.939710 4.777801
v -0.912111 4.940114 4.777644
v -0.920153 4.938701 4.774573
v -0.916498 4.939555 4.775128
v -0.920450 4.938672 4.776324
v -0.916563 4.939112 4.776373
v -0.913378 4.939729 4.776646
v -0.909132 4.942581 4.778587
v -0.913012 4.940826 4.776270
v -0.911097 4.940981 4.777479
v -0.910059 4.941066 4.778401
v -1.878031 4.941944 4.804272
v -1.879259 4.938077 4.801258
v -1.878561 4.940442 4.804426
v -1.878981 4.939179 4.803908
v -1.879225 4.938350 4.802795
v -4.401014 4.978778 2.690978
v -4.399885 4.974962 2.688172
v -4.401361 4.977297 2.691143
v -4.401266 4.976052 2.690668
v -4.400747 4.975232 2.689624
v -4.117476 4.982824 2.237777
v -4.116049 4.986850 2.234796
v -4.116575 4.983153 2.236286
v -4.115988 4.984032 2.235196
v -4.115801 4.985331 2.234673
v -4.705980 4.984685 2.131202
v -4.708822 4.988583 2.130690
v -4.707499 4.984977 2.131387
v -4.708574 4.985821 2.131355
v -4.709040 4.987086 2.131110
v -4.716784 5.008576 0.991054
v -4.714972 5.008571 0.990528
v -4.711290 5.004354 1.004297
v -4.716715 5.008820 0.989730
v -4.715998 5.006996 0.994044
v -4.715807 5.007188 0.991791
v -4.715479 5.007297 0.990455
v -4.714647 5.006314 0.992586
v -4.713293 5.006997 0.993438
v -4.712004 5.005647 0.997077
v -4.715735 5.008818 0.989445
v -4.714541 5.007190 0.991504
v -4.713614 5.005896 0.993889
v -4.713022 5.004714 1.001212
v -4.714678 5.005641 0.997611
v -4.711302 5.004718 1.000890
v -4.713217 5.005223 0.997188
v -4.714743 5.005895 0.994117
v -4.030527 5.078770 3.140873
v -4.035128 5.074849 3.145071
v -4.031858 5.078457 3.142102
v -4.033201 5.077601 3.143332
v -4.034349 5.076334 3.144374
v -3.234011 5.060381 3.973853
v -3.229395 5.064303 3.969640
v -3.233229 5.061868 3.973156
v -3.232080 5.063133 3.972110
v -3.230730 5.063990 3.970875
v -3.759802 5.079184 2.889734
v -3.764174 5.083081 2.893859
v -3.760489 5.080693 2.890398
v -3.761564 5.081962 2.891416
v -3.762857 5.082802 2.892631
v -2.963079 5.068615 3.722660
v -2.958704 5.064715 3.718531
v -2.961760 5.068335 3.721431
v -2.960466 5.067494 3.720214
v -2.959391 5.066224 3.719197
v -3.652349 5.071083 3.581275
v -3.656946 5.067166 3.585469
v -3.653681 5.070769 3.582504
v -3.655020 5.069915 3.583732
v -3.656168 5.068648 3.584773
v -3.386484 5.075387 3.334711
v -3.382120 5.071488 3.330596
v -3.385168 5.075106 3.333487
v -3.383879 5.074267 3.332275
v -3.382807 5.072997 3.331260
v -2.530024 5.063088 4.039319
v -2.525606 5.059183 4.035156
v -2.528688 5.062808 4.038076
v -2.527380 5.061967 4.036849
v -2.526300 5.060693 4.035823
v -2.801085 5.054838 4.290633
v -2.796423 5.058776 4.286378
v -2.800299 5.056329 4.289931
v -2.799135 5.057601 4.288876
v -2.797773 5.058459 4.287627
v -1.968431 5.057729 4.345037
v -1.962763 5.053805 4.341455
v -1.966620 5.057443 4.344018
v -1.964907 5.056597 4.342979
v -1.963553 5.055319 4.342079
v -2.342955 5.050327 4.547960
v -2.337038 5.054273 4.544285
v -2.342073 5.051824 4.547299
v -2.340639 5.053099 4.546369
v -2.338869 5.053960 4.545311
v -0.940954 5.045497 4.809262
v -0.940481 5.045542 4.807701
v -0.959276 5.049571 4.805375
v -0.939642 5.045752 4.809278
v -0.945105 5.047030 4.809212
v -0.942839 5.047094 4.809111
v -0.941469 5.047120 4.808857
v -0.944384 5.047889 4.808418
v -0.944712 5.047084 4.806777
v -0.949770 5.048390 4.806011
v -0.942652 5.047120 4.807971
v -0.946112 5.048222 4.807577
v -0.955019 5.049235 4.807108
v -0.950041 5.048344 4.808455
v -0.954886 5.049266 4.805518
v -0.950216 5.048789 4.807309
v -0.946230 5.048200 4.808612
v -1.838717 5.050409 4.765569
v -1.840281 5.046407 4.771075
v -1.838881 5.050081 4.767293
v -1.839235 5.049205 4.768945
v -1.839727 5.047915 4.770273
v -4.359453 5.087300 2.652197
v -4.363226 5.083344 2.657748
v -4.360468 5.086976 2.653943
v -4.361540 5.086111 2.655611
v -4.362509 5.084834 2.656947
v -4.146318 5.090093 2.264680
v -4.149904 5.093966 2.270246
v -4.146948 5.091599 2.265455
v -4.147852 5.092864 2.266785
v -4.148890 5.093696 2.268468
v -4.671049 5.093102 2.097473
v -4.665422 5.097018 2.095483
v -4.670191 5.094596 2.096942
v -4.668818 5.095864 2.096377
v -4.667147 5.096715 2.095865
v -4.746744 5.111789 1.020897
v -4.742353 5.115447 1.039639
v -4.745241 5.111810 1.020411
v -4.746584 5.113238 1.025183
v -4.745695 5.114444 1.030250
v -4.746790 5.112026 1.019583
v -4.746550 5.113322 1.022871
v -4.745962 5.114369 1.026346
v -4.745821 5.114081 1.024450
v -4.742620 5.115224 1.035166
v -4.743261 5.114453 1.029941
v -4.744207 5.115220 1.035326
v -4.744547 5.114866 1.030413
v -4.744936 5.114373 1.026212
v -4.744185 5.113253 1.024760
v -4.745424 5.113330 1.022667
v -4.746340 5.113360 1.021470
v -4.674974 5.077656 4.772995
v -4.679255 5.077716 4.768761
v -4.683786 5.081807 4.777643
v -4.676607 5.077658 4.772680
v -4.677996 5.077670 4.771765
v -4.676928 5.079270 4.773381
v -4.677950 5.079217 4.773067
v -4.679281 5.080088 4.773095
v -4.679594 5.079309 4.770714
v -4.680574 5.080647 4.773088
v -4.678923 5.077690 4.770389
v -4.679270 5.079236 4.771747
v -4.681696 5.081520 4.775897
v -4.679285 5.080628 4.774400
v -4.680647 5.081075 4.774476
v -5.159159 0.930939 4.701421
v -5.159170 0.929744 4.698381
v -5.163466 0.917226 4.705751
v -5.159159 0.929542 4.701164
v -5.160791 0.927945 4.701719
v -5.160795 0.926902 4.700773
v -5.159166 0.928895 4.699520
v -5.162214 0.924289 4.702629
v -5.163122 0.920129 4.704760
v -5.162642 0.922871 4.703249
v -1.039366 5.094397 4.750725
v -1.026545 5.098608 4.755265
v -1.038065 5.094512 4.747656
v -1.036558 5.096031 4.751081
v -1.037981 5.094657 4.750488
v -1.034723 5.096930 4.751280
v -1.029284 5.098300 4.754331
v -1.032434 5.097413 4.752557
v -1.037279 5.094718 4.748827
v -1.035669 5.096122 4.750396
v -4.695025 5.147498 1.107919
v -4.692022 5.147534 1.106667
v -4.699709 5.152046 1.094234
v -4.694799 5.147529 1.106518
v -4.695189 5.149140 1.104498
v -4.695585 5.150050 1.102884
v -4.693178 5.147548 1.105840
v -4.697924 5.151648 1.097556
v -4.697050 5.151128 1.099896
v -1.000570 4.607226 5.229393
v -0.999334 4.604216 5.229318
v -0.986963 4.612332 5.233679
v -0.999170 4.606996 5.229336
v -0.997576 4.607772 5.231012
v -0.996515 4.606876 5.230983
v -0.998503 4.605368 5.229295
v -0.990210 4.610534 5.233331
v -0.993940 4.608922 5.232420
v -0.992540 4.609629 5.232850
v -5.159140 4.596860 4.769183
v -5.163382 4.605609 4.773896
v -5.159159 4.601203 4.765003
v -5.160769 4.598796 4.769573
v -5.162146 4.601137 4.770602
v -5.159143 4.598496 4.768890
v -5.160711 4.599828 4.769271
v -5.161589 4.601163 4.769305
v -5.162153 4.602459 4.769305
v -5.163065 4.603529 4.772123
v -5.162600 4.602507 4.770691
v -5.159151 4.600846 4.766628
v -5.159143 4.599896 4.767992
v -5.160780 4.601512 4.766937
v -5.160719 4.601173 4.767967
v -5.175005 4.671302 1.086821
v -5.179335 4.676202 1.073218
v -5.175013 4.668320 1.085522
v -5.176649 4.671712 1.083868
v -5.175013 4.671100 1.085416
v -5.177481 4.671946 1.081769
v -5.178991 4.674362 1.076505
v -5.178511 4.673461 1.078805
v -5.175016 4.669486 1.084713
v -5.176653 4.670842 1.082733
v -4.678286 4.594037 5.239434
v -4.687079 4.598500 5.243808
v -4.682547 4.589761 5.239366
v -4.680204 4.594350 5.241077
v -4.682547 4.595307 5.242484
v -4.679915 4.593707 5.239434
v -4.681238 4.594028 5.241018
v -4.682570 4.594019 5.241898
v -4.685335 4.596393 5.243437
v -4.683863 4.593993 5.242463
v -4.683928 4.595363 5.242943
v -4.682219 4.591393 5.239396
v -4.681295 4.592778 5.239421
v -4.682882 4.591664 5.241034
v -4.682566 4.592699 5.240997
v -4.682543 0.924470 5.170068
v -4.687174 0.910794 5.174091
v -4.679533 0.923223 5.170036
v -4.682314 0.923069 5.170042
v -4.682688 0.921025 5.171577
v -4.683394 0.918798 5.172798
v -4.686152 0.913617 5.173815
v -4.684546 0.916385 5.173389
v -4.680685 0.922395 5.170027
v -5.179899 5.173339 0.116350
v -5.181055 5.169954 0.113743
v -5.184504 5.168725 0.116233
v -5.179388 5.173112 0.115254
v -5.179426 5.172389 0.114376
v -5.181665 5.172994 0.116339
v -5.181444 5.172637 0.114385
v -5.181414 5.172056 0.113107
v -5.182386 5.168900 0.113817
v -5.183508 5.168296 0.114315
v -5.180014 5.171281 0.113844
v -5.181803 5.170699 0.113175
v -5.183161 5.170303 0.113081
v -5.184156 5.170497 0.116276
v -5.183161 5.171996 0.116314
v -5.184252 5.168234 0.115163
v -5.183764 5.170312 0.114340
v -5.183004 5.171880 0.113942
v -0.018805 5.087102 5.240248
v -0.016375 5.088296 5.236786
v -0.018881 5.091784 5.235786
v -0.017756 5.086591 5.239972
v -0.016924 5.086636 5.239218
v -0.018824 5.088864 5.239937
v -0.016905 5.088649 5.239524
v -0.015657 5.088622 5.238909
v -0.016436 5.089642 5.235793
v -0.016935 5.090779 5.235254
v -0.016439 5.087236 5.238099
v -0.015760 5.089032 5.237561
v -0.015665 5.090396 5.237211
v -0.018866 5.091397 5.237520
v -0.018843 5.090373 5.238979
v -0.017794 5.091531 5.235252
v -0.016924 5.091003 5.237273
v -0.016485 5.090215 5.238799
v -5.156824 5.072765 5.249796
v -5.161383 5.068192 5.249709
v -5.156813 5.068128 5.254225
v -5.158567 5.072418 5.249794
v -5.160048 5.071426 5.249776
v -5.156824 5.072392 5.251518
v -5.158503 5.071883 5.251451
v -5.159849 5.071205 5.251397
v -5.159437 5.070781 5.252363
v -5.161032 5.068166 5.251443
v -5.160040 5.068144 5.252909
v -5.161036 5.069943 5.249748
v -5.160524 5.069853 5.251415
v -5.159845 5.069789 5.252750
v -5.156817 5.069881 5.253915
v -5.156820 5.071378 5.252965
v -5.158556 5.068130 5.253886
v -5.158495 5.069823 5.253418
v -5.158457 5.071185 5.252773
v -5.168440 -0.046669 5.153488
v -5.165018 -0.049114 5.154520
v -5.163836 -0.046773 5.158035
v -5.168200 -0.047712 5.152942
v -5.167467 -0.048544 5.152946
v -5.168100 -0.046704 5.155235
v -5.167711 -0.048607 5.154964
v -5.167109 -0.049842 5.154894
v -5.166536 -0.049803 5.156065
v -5.163969 -0.049064 5.155851
v -5.163374 -0.048601 5.156986
v -5.166349 -0.049037 5.153500
v -5.165754 -0.049739 5.155269
v -5.165358 -0.049866 5.156623
v -5.165606 -0.046761 5.157697
v -5.167105 -0.046735 5.156712
v -5.163324 -0.047796 5.157754
v -5.165388 -0.048649 5.157257
v -1.016214 4.991053 4.748779
v -1.014902 4.991059 4.745717
v -1.021189 4.986874 4.744476
v -1.014830 4.991288 4.748542
v -1.017351 4.989430 4.748433
v -1.015585 4.989595 4.748067
v -1.014467 4.989693 4.747538
v -1.015451 4.988694 4.747030
v -1.015814 4.989467 4.744884
v -1.017328 4.988109 4.744355
v -1.014116 4.991294 4.746885
v -1.014856 4.989611 4.746382
v -1.015867 4.988288 4.746026
v -1.020044 4.987169 4.746104
v -1.018698 4.988067 4.747494
v -1.019217 4.987201 4.744210
v -1.017702 4.987636 4.745996
v -1.016455 4.988271 4.747366
v -4.674974 4.990661 4.771336
v -4.674994 4.986480 4.766996
v -4.679255 4.990741 4.767102
v -4.674978 4.989035 4.770982
v -4.674982 4.987671 4.770032
v -4.676607 4.990666 4.771023
v -4.676653 4.989001 4.770601
v -4.677443 4.988232 4.769504
v -4.676626 4.986804 4.767012
v -4.678007 4.987729 4.767038
v -4.674990 4.986773 4.768632
v -4.676661 4.987164 4.768689
v -4.678926 4.990710 4.768731
v -4.677996 4.990683 4.770107
v -4.678934 4.989110 4.767070
v -4.678534 4.989038 4.768738
v -4.695025 5.060523 1.106262
v -4.690737 5.056149 1.112175
v -4.692015 5.060548 1.104998
v -4.694693 5.058866 1.107608
v -4.693762 5.057454 1.109205
v -4.694799 5.060550 1.104859
v -4.694346 5.058957 1.105914
v -4.693666 5.057675 1.107026
v -4.693350 5.058078 1.105987
v -4.690569 5.056514 1.110052
v -4.690756 5.057478 1.107943
v -4.692373 5.056498 1.110809
v -4.692320 5.057017 1.108417
v -4.692381 5.057687 1.106485
v -4.693171 5.060563 1.104176
v -4.691263 5.058894 1.106168
v -4.692717 5.058969 1.105230
v -4.693842 5.059018 1.104834
v -5.072149 4.596866 4.768810
v -5.072165 4.601209 4.764629
v -5.067907 4.596948 4.764531
v -5.072149 4.598502 4.768515
v -5.072153 4.599903 4.767617
v -5.070520 4.596874 4.768480
v -5.070478 4.598552 4.768118
v -5.070566 4.599689 4.767391
v -5.070536 4.600882 4.764615
v -5.069155 4.599959 4.764592
v -5.072161 4.600852 4.766254
v -5.070490 4.600461 4.766279
v -5.069365 4.599713 4.766176
v -5.068224 4.596916 4.766163
v -5.069140 4.596890 4.767549
v -5.068232 4.598579 4.764563
v -5.068613 4.598588 4.766237
v -5.069361 4.598481 4.767363
v -5.072168 0.930945 4.701046
v -5.067926 0.937028 4.696878
v -5.072180 0.929749 4.698005
v -5.070540 0.931871 4.700540
v -5.069159 0.933353 4.699571
v -5.072168 0.929087 4.700972
v -5.069376 0.931361 4.699613
v -5.069716 0.930418 4.699487
v -5.068247 0.934706 4.697122
v -5.069170 0.932506 4.697422
v -5.068243 0.935163 4.698284
v -5.068632 0.932719 4.698578
v -5.072176 0.928439 4.699327
v -5.072168 0.928205 4.700369
v -5.070551 0.930766 4.697733
v -5.070585 0.929293 4.699934
v -5.088015 4.671307 1.086446
v -5.088018 4.668326 1.085147
v -5.083727 4.666933 1.092399
v -5.088022 4.671105 1.085042
v -5.086378 4.670958 1.087822
v -5.086443 4.670634 1.086118
v -5.086489 4.670148 1.085030
v -5.085566 4.669639 1.086195
v -5.086386 4.667552 1.086338
v -5.084993 4.667017 1.088134
v -5.088022 4.669493 1.084339
v -5.086447 4.669019 1.085414
v -5.085180 4.668664 1.086689
v -5.084059 4.668589 1.091042
v -5.084990 4.670003 1.089435
v -5.084063 4.666798 1.090262
v -5.084539 4.668572 1.088636
v -5.085180 4.669940 1.087245
v -0.999556 4.596396 5.134485
v -1.005564 4.591653 5.130208
v -0.998323 4.593382 5.134441
v -1.000937 4.595887 5.132867
v -1.002565 4.594807 5.131485
v -0.998156 4.596164 5.134435
v -0.999235 4.595538 5.132892
v -1.000368 4.594725 5.131648
v -0.999315 4.594453 5.132013
v -1.003397 4.591550 5.130519
v -1.001261 4.591843 5.131432
v -1.004187 4.593320 5.130552
v -1.001764 4.593327 5.131009
v -0.999811 4.593459 5.131625
v -0.997488 4.594533 5.134411
v -0.999479 4.592487 5.132809
v -0.998545 4.593921 5.132865
v -0.998152 4.595036 5.132911
v -4.678709 4.595528 5.152448
v -4.682970 4.591267 5.152395
v -4.678728 4.591342 5.148114
v -4.680338 4.595204 5.152450
v -4.681723 4.594279 5.152441
v -4.678717 4.595233 5.150811
v -4.680388 4.594840 5.150771
v -4.681513 4.594091 5.150850
v -4.682653 4.591296 5.150763
v -4.681734 4.591321 5.149376
v -4.682646 4.592898 5.152422
v -4.682261 4.592967 5.150749
v -4.681520 4.592903 5.149619
v -4.678728 4.592967 5.148467
v -4.678724 4.594333 5.149413
v -4.680357 4.591336 5.148446
v -4.680399 4.593000 5.148867
v -4.680307 4.594113 5.149635
v -4.682966 0.925875 5.088935
v -4.679949 0.924621 5.088897
v -4.678728 0.931947 5.084759
v -4.682081 0.923743 5.088894
v -4.682650 0.927278 5.087326
v -4.682295 0.925585 5.087353
v -4.681784 0.924506 5.087373
v -4.681303 0.925691 5.086472
v -4.679209 0.925852 5.087284
v -4.678721 0.927674 5.085932
v -4.680658 0.924906 5.087333
v -4.680338 0.926205 5.086094
v -4.680357 0.930563 5.085067
v -4.681734 0.928925 5.085968
v -4.678549 0.929815 5.085045
v -4.680288 0.928160 5.085495
v -4.681627 0.926741 5.086109
v -3.010855 4.015275 5.088730
v -3.009298 4.013503 5.084822
v -3.011145 4.015599 5.087264
v -3.010946 4.015377 5.086007
v -3.010302 4.014640 5.085150
v -3.858854 3.234316 5.084749
v -3.860430 3.236106 5.088658
v -3.859861 3.235460 5.085078
v -3.860514 3.236203 5.085935
v -3.860712 3.236429 5.087194
v -2.703428 3.665931 5.074034
v -2.701517 3.663762 5.077936
v -2.702395 3.664759 5.074300
v -2.701670 3.663934 5.075135
v -2.701361 3.663585 5.076412
v -3.551104 2.884613 5.077867
v -3.553022 2.886785 5.073962
v -3.550951 2.884436 5.076340
v -3.551260 2.884786 5.075063
v -3.551985 2.885611 5.074228
v -3.461058 3.648735 5.089484
v -3.459497 3.646964 5.085583
v -3.461344 3.649060 5.088022
v -3.461145 3.648836 5.086766
v -3.460501 3.648101 5.085910
v -3.152163 3.297732 5.078711
v -3.154066 3.299891 5.074807
v -3.152010 3.297553 5.077186
v -3.152315 3.297901 5.075909
v -3.153040 3.298722 5.075073
v -3.879015 2.459967 5.075710
v -3.880960 2.462176 5.071800
v -3.878859 2.459793 5.074181
v -3.879175 2.460152 5.072902
v -3.879911 2.460987 5.072066
v -4.186873 2.809792 5.082591
v -4.188475 2.811617 5.086516
v -4.187891 2.810953 5.082922
v -4.188555 2.811706 5.083783
v -4.188761 2.811940 5.085046
v -4.200010 1.905370 5.071183
v -4.201475 1.908559 5.067277
v -4.199820 1.905269 5.069652
v -4.200029 1.905837 5.068373
v -4.200613 1.906993 5.067539
v -4.456633 2.357594 5.079042
v -4.457747 2.360391 5.082997
v -4.457468 2.359127 5.079376
v -4.457972 2.360198 5.080247
v -4.458071 2.360641 5.081517
v -4.694860 0.896275 5.061478
v -4.689631 0.908896 5.057608
v -4.692980 0.895715 5.061420
v -4.694159 0.899136 5.059984
v -4.692923 0.902540 5.058725
v -4.693953 0.896911 5.060113
v -4.692953 0.899132 5.058862
v -4.692823 0.897641 5.059236
v -4.689589 0.905627 5.057854
v -4.690210 0.901972 5.058666
v -4.691332 0.905968 5.057891
v -4.691465 0.902074 5.058265
v -4.691805 0.898889 5.058838
v -4.694391 0.894375 5.061785
v -4.691401 0.898493 5.059917
v -4.692656 0.896605 5.060080
v -4.693602 0.895592 5.060178
v -4.693979 1.863745 5.078185
v -4.691065 1.864963 5.074240
v -4.694170 1.864304 5.076699
v -4.693686 1.864734 5.075426
v -4.692595 1.864963 5.074562
v -2.515059 4.330530 5.086384
v -2.512407 4.329396 5.082457
v -2.515261 4.330905 5.084915
v -2.514830 4.330820 5.083652
v -2.513830 4.330291 5.082790
v -2.069578 4.035409 5.070441
v -2.066504 4.033833 5.074338
v -2.068102 4.034463 5.070703
v -2.066999 4.033832 5.071536
v -2.066439 4.033610 5.072813
v -1.947573 4.620854 5.078603
v -1.946856 4.623614 5.082529
v -1.947706 4.622374 5.078928
v -1.947619 4.623431 5.079788
v -1.947321 4.623867 5.081052
v -0.807367 4.601921 5.064357
v -0.806891 4.600098 5.064304
v -0.820887 4.596847 5.060492
v -0.805483 4.601432 5.064616
v -0.810431 4.601241 5.062867
v -0.808176 4.600991 5.062980
v -0.806849 4.600626 5.063039
v -0.809031 4.599866 5.062114
v -0.809896 4.598522 5.062802
v -0.813608 4.597352 5.061551
v -0.807924 4.599717 5.062949
v -0.810373 4.598873 5.061722
v -0.817743 4.598494 5.060775
v -0.814074 4.600037 5.061609
v -0.817469 4.596763 5.060739
v -0.813704 4.598574 5.061153
v -0.810572 4.600010 5.061746
v -2.970972 3.970021 5.195194
v -2.975176 3.974793 5.191495
v -2.972174 3.971388 5.194945
v -2.973398 3.972774 5.194154
v -2.974451 3.973971 5.192941
v -3.824747 3.195625 5.191419
v -3.820528 3.190833 5.195122
v -3.824019 3.194800 5.192868
v -3.822966 3.193601 5.194080
v -3.821737 3.192207 5.194872
v -2.727160 3.692964 5.182624
v -2.731035 3.697372 5.186732
v -2.727755 3.693642 5.184163
v -2.728701 3.694717 5.185487
v -2.729853 3.696028 5.186386
v -3.580626 2.918225 5.186660
v -3.576746 2.913812 5.182550
v -3.579443 2.916879 5.186315
v -3.578287 2.915568 5.185414
v -3.577341 2.914491 5.184091
v -3.421171 3.603481 5.195956
v -3.425371 3.608252 5.192258
v -3.422377 3.604848 5.195706
v -3.423594 3.606235 5.194915
v -3.424646 3.607429 5.193704
v -3.181673 3.331330 5.187506
v -3.177805 3.326932 5.183399
v -3.180494 3.329989 5.187163
v -3.179342 3.328683 5.186260
v -3.178400 3.327609 5.184940
v -3.908564 2.493615 5.184499
v -3.904650 2.489163 5.180382
v -3.907370 2.492256 5.184152
v -3.906202 2.490931 5.183248
v -3.905249 2.489847 5.181925
v -4.152803 2.771149 5.189251
v -4.148542 2.766311 5.192963
v -4.152071 2.770320 5.190704
v -4.151007 2.769111 5.191920
v -4.149767 2.767702 5.192714
v -4.228945 1.940249 5.179978
v -4.225645 1.934563 5.175843
v -4.227984 1.938416 5.179627
v -4.227018 1.936693 5.178717
v -4.226198 1.935338 5.177389
v -4.422087 2.319939 5.185691
v -4.418440 2.313863 5.189411
v -4.421404 2.319012 5.187149
v -4.420469 2.317531 5.188369
v -4.419428 2.315725 5.189163
v -4.720160 0.925423 5.166088
v -4.718611 0.924907 5.166074
v -4.715662 0.943562 5.170337
v -4.719923 0.923546 5.166402
v -4.719950 0.929541 5.167690
v -4.719908 0.927275 5.167712
v -4.719687 0.925898 5.167705
v -4.719149 0.928783 5.168507
v -4.717527 0.929085 5.167654
v -4.716585 0.934097 5.169019
v -4.718771 0.927054 5.167695
v -4.718252 0.930484 5.168842
v -4.717516 0.939359 5.169988
v -4.719019 0.934433 5.169059
v -4.715929 0.939181 5.169963
v -4.717855 0.934572 5.169470
v -4.719282 0.930630 5.168856
v -4.652750 1.821534 5.184613
v -4.658342 1.823313 5.180823
v -4.654482 1.821749 5.184346
v -4.656149 1.822162 5.183532
v -4.657507 1.822710 5.182296
v -2.473806 4.286078 5.192826
v -2.479383 4.290059 5.189123
v -2.475534 4.287141 5.192579
v -2.477201 4.288272 5.191787
v -2.478552 4.289296 5.190574
v -2.092146 4.063034 5.179019
v -2.097483 4.066693 5.183140
v -2.092852 4.063655 5.180561
v -2.094114 4.064568 5.181885
v -2.095739 4.065635 5.182791
v -1.911200 4.583159 5.185225
v -1.909227 4.577414 5.188976
v -1.910639 4.582259 5.186686
v -1.910070 4.580851 5.187912
v -1.909575 4.579150 5.188716
v -0.832975 4.630814 5.169003
v -0.851698 4.626844 5.173216
v -0.832529 4.629297 5.168982
v -0.837217 4.630740 5.170595
v -0.842264 4.629957 5.171954
v -0.834906 4.630643 5.170601
v -0.838358 4.630128 5.171752
v -0.836477 4.629942 5.171399
v -0.847227 4.626998 5.172846
v -0.842016 4.627519 5.171911
v -0.847349 4.628590 5.172875
v -0.842440 4.628809 5.172361
v -0.838247 4.629096 5.171735
v -0.831411 4.630002 5.169187
v -0.836855 4.628327 5.170555
v -0.834726 4.629514 5.170582
v -0.833509 4.630395 5.170587
v -5.101824 2.914073 4.168376
v -5.097689 2.912838 4.166885
v -5.100412 2.914449 4.168823
v -5.099131 2.914348 4.168697
v -5.098173 2.913781 4.168017
v -5.096724 3.782931 3.410700
v -5.100866 3.784180 3.412207
v -5.097212 3.783881 3.411838
v -5.098169 3.784450 3.412524
v -5.099455 3.784555 3.412655
v -5.038397 2.618758 3.814072
v -5.041975 2.616648 3.811550
v -5.038500 2.617744 3.812857
v -5.039213 2.616988 3.811950
v -5.040434 2.616600 3.811493
v -5.041018 3.486770 3.055404
v -5.037443 3.488893 3.057939
v -5.039476 3.486726 3.055347
v -5.038260 3.487115 3.055808
v -5.037542 3.487875 3.056719
v -5.105715 3.373740 3.813802
v -5.101580 3.372505 3.812310
v -5.104303 3.374116 3.814247
v -5.103022 3.374013 3.814122
v -5.102068 3.373447 3.813442
v -5.045954 3.076744 3.457494
v -5.042376 3.078851 3.460008
v -5.044413 3.076697 3.457434
v -5.043192 3.077082 3.457892
v -5.042479 3.077838 3.458795
v -5.028887 3.826389 2.640236
v -5.025316 3.828547 2.642815
v -5.027346 3.826346 2.640182
v -5.026125 3.826742 2.640653
v -5.025412 3.827514 2.641577
v -5.084612 4.122653 2.995657
v -5.088778 4.123929 2.997197
v -5.085100 4.123615 2.996811
v -5.086069 4.124194 2.997509
v -5.087359 4.124305 2.997644
v -5.016726 4.163545 2.069676
v -5.013079 4.165158 2.073410
v -5.015181 4.163462 2.069710
v -5.013941 4.163739 2.070431
v -5.013205 4.164334 2.071731
v -5.064997 4.405251 2.551620
v -5.069109 4.405942 2.554242
v -5.065458 4.405992 2.553192
v -5.066401 4.406383 2.554243
v -5.067682 4.406366 2.554611
v -5.027487 4.689566 0.947016
v -5.023420 4.684224 0.961977
v -5.027502 4.687923 0.946586
v -5.025980 4.688891 0.950385
v -5.024675 4.687638 0.954410
v -5.027681 4.689513 0.945693
v -5.026094 4.688752 0.948088
v -5.024828 4.687779 0.950754
v -5.025202 4.687686 0.949127
v -5.023684 4.684302 0.958308
v -5.024550 4.685031 0.954095
v -5.023779 4.686001 0.958481
v -5.024179 4.686255 0.954187
v -5.024778 4.686676 0.950618
v -5.025888 4.686303 0.949978
v -5.026053 4.687540 0.947893
v -5.026155 4.688460 0.946733
v -5.042303 4.656432 2.065337
v -5.039015 4.653772 2.066794
v -5.040926 4.656712 2.066024
v -5.039820 4.656304 2.066541
v -5.039148 4.655274 2.066812
v -5.089151 2.410546 4.470879
v -5.084971 2.408207 4.470000
v -5.087736 2.410838 4.471376
v -5.086443 2.410498 4.471382
v -5.085474 2.409574 4.470899
v -5.018999 1.976055 4.167412
v -5.022535 1.972768 4.165456
v -5.019083 1.974592 4.166413
v -5.019785 1.973451 4.165690
v -5.020998 1.972811 4.165355
v -5.064096 1.836634 4.747259
v -5.068167 1.835573 4.749679
v -5.064550 1.836703 4.748750
v -5.065477 1.836525 4.749736
v -5.066752 1.836128 4.750061
v -4.968267 0.701111 4.702286
v -4.968039 0.700690 4.700462
v -4.964979 0.715009 4.697860
v -4.968363 0.699774 4.702135
v -4.966948 0.704285 4.701801
v -4.966883 0.702038 4.701490
v -4.966818 0.700717 4.701089
v -4.965994 0.702981 4.700456
v -4.966631 0.703832 4.699085
v -4.965559 0.707656 4.698107
v -4.968241 0.699547 4.701147
v -4.966734 0.701823 4.700217
v -4.965620 0.704376 4.699530
v -4.965166 0.711808 4.699404
v -4.965860 0.708042 4.700789
v -4.964979 0.711581 4.697676
v -4.965265 0.707744 4.699359
v -4.965746 0.704540 4.700667
v -5.201372 2.868363 4.113844
v -5.198355 2.872669 4.118997
v -5.201311 2.869541 4.115256
v -5.200720 2.870772 4.116730
v -5.199682 2.871871 4.118045
v -5.197393 3.742780 3.362834
v -5.200411 3.738458 3.357660
v -5.198717 3.741979 3.361880
v -5.199759 3.740877 3.360561
v -5.200354 3.739640 3.359079
v -5.150164 2.634217 3.832924
v -5.154863 2.637675 3.837086
v -5.151789 2.634686 3.833491
v -5.153254 2.635508 3.834481
v -5.154329 2.636558 3.835744
v -5.153910 3.507810 3.080950
v -5.149206 3.504340 3.076776
v -5.153376 3.506689 3.079604
v -5.152296 3.505635 3.078338
v -5.150831 3.504811 3.077345
v -5.205263 3.328031 3.759269
v -5.202250 3.332332 3.764420
v -5.205206 3.329208 3.760680
v -5.204615 3.330438 3.762154
v -5.203573 3.331536 3.763469
v -5.158838 3.097767 3.483021
v -5.154142 3.094314 3.478866
v -5.158312 3.096652 3.481682
v -5.157232 3.095604 3.480421
v -5.155767 3.094783 3.479433
v -5.141779 3.847466 2.665828
v -5.137068 3.843957 2.661607
v -5.141245 3.846330 2.664463
v -5.140162 3.845263 2.663182
v -5.138697 3.844432 2.662179
v -5.185267 4.082544 2.947841
v -5.188295 4.078179 2.942615
v -5.186602 4.081738 2.946880
v -5.187643 4.080626 2.945549
v -5.188238 4.079377 2.944051
v -5.129519 4.183923 2.096712
v -5.124903 4.181113 2.091046
v -5.129023 4.183055 2.094794
v -5.127970 4.182216 2.093044
v -5.126524 4.181535 2.091728
v -5.165541 4.364583 2.504914
v -5.168703 4.360932 2.498308
v -5.166895 4.363827 2.503844
v -5.167971 4.362869 2.502212
v -5.168604 4.361852 2.500268
v -5.135859 4.706906 0.968401
v -5.135675 4.705491 0.967956
v -5.139753 4.701558 0.988391
v -5.136015 4.706687 0.966527
v -5.137392 4.706454 0.972885
v -5.137384 4.706464 0.970494
v -5.137354 4.706287 0.969054
v -5.138147 4.705603 0.972190
v -5.137220 4.704098 0.972606
v -5.138540 4.702859 0.978123
v -5.137304 4.705361 0.970356
v -5.138445 4.704635 0.974094
v -5.139502 4.703561 0.983704
v -5.138674 4.705279 0.978259
v -5.139429 4.701968 0.983665
v -5.139040 4.704073 0.978525
v -5.138502 4.705658 0.974155
v -5.142881 4.609328 2.013808
v -5.138655 4.615107 2.016052
v -5.142386 4.611057 2.014092
v -5.141409 4.612763 2.014618
v -5.140101 4.614185 2.015306
v -5.188646 2.363452 4.417115
v -5.185663 2.369151 4.421511
v -5.188604 2.365163 4.418236
v -5.188025 2.366846 4.419464
v -5.186991 2.368245 4.420614
v -5.130716 1.990338 4.186827
v -5.135473 1.995276 4.190274
v -5.132349 1.990918 4.187341
v -5.133822 1.992061 4.188175
v -5.134920 1.993593 4.189205
v -5.164640 1.794195 4.700331
v -5.167784 1.792141 4.694260
v -5.165983 1.793565 4.699305
v -5.167051 1.792952 4.697790
v -5.167685 1.792455 4.696019
v -5.076384 0.718656 4.723355
v -5.081583 0.737164 4.719507
v -5.076216 0.718260 4.721833
v -5.078260 0.722782 4.723254
v -5.079905 0.727746 4.722487
v -5.078096 0.720477 4.723100
v -5.079443 0.723859 4.722578
v -5.078947 0.722010 4.722378
v -5.080912 0.732725 4.719586
v -5.079657 0.727572 4.720054
v -5.081072 0.732797 4.721172
v -5.080233 0.727929 4.721315
v -5.079340 0.723781 4.721549
v -5.076490 0.716782 4.723012
v -5.078005 0.722494 4.720845
v -5.077978 0.720337 4.721974
v -5.077963 0.719094 4.722821
v -0.994875 4.608401 5.232126
v -5.161924 0.925227 4.702159
v -3.484564 4.955218 3.819275
v -3.486364 4.959039 3.821013
v -3.485682 4.955495 3.820317
v -3.486418 4.956316 3.821013
v -3.486658 4.957560 3.821258
v -3.549761 4.967995 3.087318
v -3.547716 4.971997 3.085492
v -3.548624 4.968317 3.086269
v -3.547838 4.969189 3.085553
v -3.547518 4.970482 3.085280
v -3.889010 4.962503 3.401935
v -3.890802 4.966323 3.403666
v -3.890123 4.962779 3.402974
v -3.890856 4.963601 3.403668
v -3.891096 4.964846 3.403911
v -3.145338 4.960709 3.504678
v -3.143290 4.964714 3.502849
v -3.144201 4.961032 3.503627
v -3.143412 4.961905 3.502910
v -3.143091 4.963197 3.502637
v -2.715105 4.954552 3.857508
v -2.713034 4.958560 3.855657
v -2.713953 4.954873 3.856449
v -2.713160 4.955748 3.855725
v -2.712835 4.957043 3.855447
v -3.054716 4.949054 4.172465
v -3.056543 4.952882 4.174229
v -3.055845 4.949329 4.173518
v -3.056589 4.950154 4.174223
v -3.056837 4.951402 4.174473
v -2.613104 4.944091 4.456812
v -2.615084 4.947939 4.458544
v -2.614294 4.944368 4.457854
v -2.615088 4.945197 4.458551
v -2.615366 4.946450 4.458793
v -2.260695 4.949481 4.147906
v -2.258471 4.953494 4.146085
v -2.259489 4.949802 4.146858
v -2.258642 4.950677 4.146144
v -2.258284 4.951974 4.145872
v -1.401342 4.938235 4.787974
v -1.392145 4.942303 4.791919
v -1.397867 4.938523 4.789503
v -1.394899 4.939399 4.790790
v -1.392889 4.940724 4.791639
v -2.128202 4.939939 4.694643
v -2.133184 4.943836 4.694992
v -2.130545 4.940226 4.695159
v -2.132315 4.941069 4.695406
v -2.133242 4.942336 4.695348
v -1.467688 4.942736 4.529928
v -1.462465 4.946729 4.529484
v -1.465334 4.943049 4.529406
v -1.463514 4.943917 4.529139
v -1.462507 4.945210 4.529166
v -3.907331 4.976340 2.609201
v -3.905363 4.980347 2.607222
v -3.906225 4.976662 2.608093
v -3.905458 4.977538 2.607328
v -3.905157 4.978830 2.607022
v -4.239866 4.970547 2.941140
v -4.241575 4.974372 2.943011
v -4.240950 4.970821 2.942234
v -4.241655 4.971646 2.942974
v -4.241873 4.972893 2.943247
v -4.708635 4.994524 1.567504
v -4.712790 4.998828 1.558653
v -4.710272 4.994897 1.564137
v -4.711634 4.995848 1.561273
v -4.712519 4.997228 1.559347
v -4.395712 4.992664 1.674032
v -4.395453 4.996732 1.668643
v -4.395258 4.993008 1.671619
v -4.395048 4.993903 1.669748
v -4.395117 4.995211 1.668703
v -4.555986 4.979779 2.412223
v -4.555922 4.983569 2.417164
v -4.556395 4.980035 2.414494
v -4.556520 4.980844 2.416231
v -4.556356 4.982085 2.417168
v -3.448565 5.063632 3.787774
v -3.443964 5.067551 3.783573
v -3.447786 5.065116 3.787077
v -3.446642 5.066381 3.786034
v -3.445295 5.067237 3.784804
v -3.577990 5.075246 3.115377
v -3.582354 5.079143 3.119494
v -3.578676 5.076753 3.116041
v -3.579748 5.078022 3.117057
v -3.581038 5.078863 3.118270
v -3.853003 5.070920 3.370426
v -3.848410 5.074837 3.366233
v -3.852224 5.072402 3.369730
v -3.851080 5.073668 3.368689
v -3.849741 5.074523 3.367461
v -3.173563 5.067958 3.532734
v -3.177931 5.071858 3.536853
v -3.174250 5.069466 3.533398
v -3.175322 5.070737 3.534414
v -3.176615 5.071576 3.535627
v -2.743300 5.061799 3.885539
v -2.747694 5.065699 3.889684
v -2.743990 5.063307 3.886206
v -2.745070 5.064579 3.887228
v -2.746370 5.065419 3.888449
v -3.018751 5.057458 4.140995
v -3.014116 5.061387 4.136762
v -3.017969 5.058944 4.140295
v -3.016813 5.060214 4.139245
v -3.015459 5.061071 4.138004
v -2.577303 5.052480 4.425321
v -2.572470 5.056423 4.421126
v -2.576506 5.053971 4.424623
v -2.575304 5.055247 4.423580
v -2.573889 5.056107 4.422352
v -2.288736 5.056720 4.175963
v -2.293318 5.060630 4.180064
v -2.289442 5.058232 4.176626
v -2.290560 5.059506 4.177638
v -2.291922 5.060347 4.178846
v -1.388437 5.045750 4.790287
v -1.399012 5.049989 4.785471
v -1.389196 5.047345 4.789900
v -1.391474 5.048713 4.788849
v -1.394918 5.049641 4.787294
v -2.095423 5.048327 4.661785
v -2.086767 5.052264 4.659334
v -2.094332 5.049826 4.661217
v -2.092302 5.051102 4.660551
v -2.089647 5.051958 4.659890
v -1.492727 5.049949 4.559360
v -1.501108 5.053893 4.561711
v -1.493723 5.051463 4.559891
v -1.495665 5.052747 4.560524
v -1.498259 5.053599 4.561163
v -3.935633 5.083592 2.637107
v -3.939901 5.087488 2.641416
v -3.936316 5.085100 2.637786
v -3.937365 5.086369 2.638843
v -3.938623 5.087208 2.640118
v -4.203779 5.078952 2.909776
v -4.199289 5.082881 2.905400
v -4.203009 5.080439 2.909066
v -4.201883 5.081708 2.907984
v -4.200579 5.082566 2.906697
v -4.709082 5.102248 1.557022
v -4.703917 5.106238 1.567203
v -4.708643 5.103829 1.557775
v -4.707506 5.105143 1.559975
v -4.705847 5.105990 1.563286
v -4.425722 5.099973 1.698526
v -4.427858 5.103797 1.707082
v -4.426241 5.101476 1.699529
v -4.426828 5.102731 1.701507
v -4.427397 5.103547 1.704159
v -4.518137 5.088114 2.383940
v -4.515821 5.092125 2.375776
v -4.517530 5.089612 2.382941
v -4.516878 5.090899 2.381037
v -4.516275 5.091783 2.378522
v -4.730104 5.060189 1.005470
v -4.731768 5.060181 1.005978
v -4.731691 5.060204 1.004595
v -0.925348 4.993934 4.792763
v -0.925844 4.993903 4.794496
v -0.924452 4.993905 4.794374
v -2.587912 5.082274 5.242802
v -2.587790 5.077628 5.247237
v -2.587122 5.081898 5.244525
v -2.586824 5.080882 5.245973
v -2.587057 5.079383 5.246927
v -5.164911 2.510720 5.201610
v -5.160337 2.510647 5.206132
v -5.164568 2.509967 5.203333
v -5.163576 2.509687 5.204796
v -5.162092 2.509926 5.205778
v -2.590693 2.519595 5.195654
v -2.591356 2.520176 5.199144
v -2.590204 2.519090 5.196975
v -2.590567 2.519403 5.198864
v -5.172945 5.118472 2.682934
v -5.168375 5.123052 2.683029
v -5.172602 5.120244 2.682226
v -5.171610 5.121735 2.681994
v -5.170130 5.122722 2.682277
v -2.598711 5.129124 2.675270
v -2.599512 5.132563 2.675989
v -2.598238 5.130463 2.674809
v -2.598673 5.132323 2.675199
v -5.173037 2.560420 2.634132
v -5.176474 2.561046 2.634891
v -5.174368 2.559944 2.633650
v -5.176226 2.560283 2.634062
v -2.857080 5.086026 4.761860
v -2.855070 5.090208 4.766443
v -2.857088 5.087649 4.762233
v -2.856707 5.089015 4.763236
v -2.855997 5.089913 4.764714
v -4.691736 5.116926 2.935982
v -4.687140 5.112609 2.938341
v -4.689978 5.116580 2.936910
v -4.688486 5.115638 2.937684
v -4.687490 5.114241 2.938185
v -2.862967 5.125325 2.924866
v -2.864985 5.121013 2.927179
v -2.863897 5.124975 2.925776
v -2.864607 5.124033 2.926535
v -2.864988 5.122641 2.927027
v -5.159151 2.763899 4.735303
v -5.163424 2.761460 4.739815
v -5.160780 2.763713 4.735652
v -5.162169 2.763184 4.736631
v -5.163096 2.762393 4.738094
v -5.167082 4.636252 2.925912
v -5.171358 4.640891 2.923592
v -5.168715 4.636605 2.925741
v -5.170099 4.637612 2.925240
v -5.171030 4.639116 2.924486
v -5.171404 2.796700 2.889452
v -5.167089 2.799031 2.891951
v -5.171061 2.797591 2.890415
v -5.170118 2.798348 2.891227
v -5.168726 2.798854 2.891767
v -2.837030 4.605405 5.238742
v -2.839426 4.600621 5.234405
v -2.837950 4.603641 5.238387
v -2.838732 4.602113 5.237438
v -2.839251 4.601051 5.236039
v -4.687113 2.754676 5.208950
v -4.682547 2.757117 5.204717
v -4.685358 2.755587 5.208635
v -4.683874 2.756371 5.207721
v -4.682886 2.756907 5.206345
v -2.837023 2.761558 5.203884
v -2.839426 2.763704 5.199672
v -2.837946 2.762449 5.203577
v -2.838728 2.763169 5.202669
v -2.839247 2.763611 5.201298
v -2.847216 4.986678 4.755730
v -2.845583 4.990857 4.760057
v -2.846430 4.986973 4.757362
v -2.845846 4.987870 4.758756
v -2.845549 4.989234 4.759703
v -4.687140 5.025632 2.936682
v -4.682871 5.021333 2.938705
v -4.686815 5.023998 2.936811
v -4.685888 5.022608 2.937241
v -4.684504 5.021670 2.937906
v -2.853479 5.025815 2.925376
v -2.855967 5.021512 2.928324
v -2.853514 5.024186 2.925577
v -2.853994 5.022796 2.926207
v -2.854857 5.021858 2.927172
v -5.067915 2.766110 4.730690
v -5.072157 2.763905 4.734928
v -5.068232 2.765267 4.732305
v -5.069151 2.764552 4.733680
v -5.070528 2.764073 4.734600
v -5.075823 4.631958 2.927578
v -5.080092 4.636258 2.925538
v -5.076151 4.633603 2.926790
v -5.077074 4.634999 2.926126
v -5.078459 4.635930 2.925686
v -5.080099 2.799036 2.891576
v -5.075827 2.801988 2.894632
v -5.078470 2.799261 2.891803
v -5.077086 2.799902 2.892463
v -5.076155 2.800859 2.893457
v -2.839136 4.595975 5.143474
v -2.841257 4.591498 5.139158
v -2.839293 4.595569 5.141842
v -2.839750 4.594575 5.140446
v -2.840441 4.593144 5.139505
v -4.682966 2.758571 5.120663
v -4.678728 2.760768 5.116421
v -4.682653 2.758761 5.119035
v -4.681734 2.759245 5.117656
v -4.680357 2.759950 5.116739
v -2.839132 2.759026 5.111675
v -2.842138 2.761807 5.107484
v -2.839357 2.759169 5.110050
v -2.840006 2.759748 5.108683
v -2.840982 2.760674 5.107782
v -4.674974 5.034158 4.772167
v -4.679255 5.034229 4.767933
v -4.676607 5.034160 4.771852
v -4.677996 5.034175 4.770937
v -4.678923 5.034199 4.769561
v -4.692019 5.104040 1.105833
v -4.695025 5.104010 1.107090
v -4.693174 5.104054 1.105008
v -4.694799 5.104037 1.105689
v -5.115664 0.930941 4.701233
v -5.115675 0.929746 4.698193
v -5.115664 0.929543 4.700977
v -5.115671 0.928898 4.699331
v -5.131510 4.671305 1.086633
v -5.131517 4.668322 1.085334
v -5.131517 4.671102 1.085228
v -5.131517 4.669490 1.084526
v -4.682756 4.590514 5.195881
v -4.678495 4.594783 5.195942
v -4.682432 4.592145 5.195909
v -4.681509 4.593530 5.195930
v -4.680128 4.594455 5.195942
v -0.998831 4.598800 5.181880
v -1.000067 4.601812 5.181939
v -0.997995 4.599955 5.181897
v -0.998663 4.601586 5.181930
v -1.027788 5.042723 4.749751
v -1.026484 5.042784 4.746686
v -1.026350 5.042731 4.749510
v -1.025599 5.042746 4.748842
v -5.115664 4.601205 4.764816
v -5.115644 4.596866 4.768996
v -5.115656 4.600851 4.766441
v -5.115648 4.599900 4.767804
v -5.115644 4.598501 4.768703
v -4.679739 0.923922 5.129467
v -4.682756 0.925172 5.129501
v -4.680895 0.923096 5.129455
v -4.682524 0.923772 5.129473
v -3.667208 3.443942 5.085348
v -3.668772 3.445720 5.089253
v -3.668211 3.445081 5.085677
v -3.668860 3.445819 5.086535
v -3.669058 3.446044 5.087791
v -2.933771 3.490069 5.074621
v -2.931868 3.487908 5.078524
v -2.932741 3.488900 5.074888
v -2.932016 3.488079 5.075722
v -2.931711 3.487731 5.076999
v -3.239374 3.837334 5.085404
v -3.240927 3.839105 5.089307
v -3.240374 3.838471 5.085731
v -3.241018 3.839206 5.086588
v -3.241217 3.839428 5.087844
v -3.361628 3.096697 5.074569
v -3.359720 3.094535 5.078474
v -3.360594 3.095527 5.074837
v -3.359873 3.094705 5.075671
v -3.359564 3.094357 5.076948
v -3.725653 2.675849 5.073039
v -3.723722 2.673661 5.076947
v -3.724611 2.674669 5.073305
v -3.723879 2.673838 5.074142
v -3.723566 2.673484 5.075421
v -4.031580 3.023490 5.083833
v -4.033167 3.025295 5.087746
v -4.032595 3.024640 5.084162
v -4.033255 3.025389 5.085023
v -4.033453 3.025618 5.086282
v -4.327444 2.589486 5.081005
v -4.328997 2.591444 5.084941
v -4.328444 2.590699 5.081337
v -4.329092 2.591495 5.082202
v -4.329287 2.591759 5.083466
v -4.027895 2.229217 5.070093
v -4.026003 2.226876 5.074004
v -4.026873 2.227979 5.070359
v -4.026152 2.227097 5.071194
v -4.025847 2.226712 5.072476
v -4.690348 1.386935 5.065924
v -4.694395 1.377767 5.069966
v -4.691958 1.383497 5.066206
v -4.693293 1.380546 5.067073
v -4.694147 1.378536 5.068393
v -4.577940 2.111008 5.076700
v -4.578032 2.115930 5.080691
v -4.578386 2.113357 5.077046
v -4.578558 2.115118 5.077925
v -4.578432 2.116021 5.079204
v -4.430639 1.446534 5.062868
v -4.430201 1.441233 5.066756
v -4.430170 1.444164 5.063123
v -4.429922 1.442323 5.063952
v -4.429934 1.441294 5.065227
v -2.446409 3.835029 5.072909
v -2.444349 3.832936 5.076812
v -2.445318 3.833885 5.073175
v -2.444548 3.833087 5.074009
v -2.444204 3.832753 5.075287
v -2.769503 4.176036 5.083854
v -2.771200 4.177723 5.087768
v -2.770559 4.177140 5.084183
v -2.771250 4.177850 5.085043
v -2.771479 4.178054 5.086302
v -1.383982 4.608846 5.069544
v -1.374887 4.612693 5.073619
v -1.380564 4.610385 5.069833
v -1.377634 4.611657 5.070709
v -1.375643 4.612468 5.072037
v -1.498701 4.298844 5.066008
v -1.493189 4.298375 5.069888
v -1.496290 4.298322 5.066265
v -1.494394 4.298049 5.067092
v -1.493307 4.298067 5.068365
v -2.232447 4.478244 5.080622
v -2.237261 4.478235 5.084574
v -2.234697 4.478703 5.080961
v -2.236399 4.478864 5.081830
v -2.237299 4.478698 5.083099
v -3.633089 3.405235 5.192023
v -3.628881 3.400459 5.195720
v -3.632364 3.404412 5.193468
v -3.631311 3.403216 5.194680
v -3.630087 3.401828 5.195471
v -2.957506 3.517108 5.183213
v -2.961378 3.521506 5.187320
v -2.958101 3.517785 5.184754
v -2.959047 3.518859 5.186075
v -2.960196 3.520165 5.186977
v -3.205244 3.798618 5.192076
v -3.201044 3.793850 5.195774
v -3.204519 3.797798 5.193524
v -3.203466 3.796601 5.194733
v -3.202250 3.795216 5.195524
v -3.385359 3.123734 5.183160
v -3.389231 3.128136 5.187268
v -3.385954 3.124411 5.184701
v -3.386900 3.125487 5.186023
v -3.388052 3.126794 5.186924
v -3.749361 2.702861 5.181626
v -3.753256 2.707289 5.185737
v -3.749956 2.703539 5.183168
v -3.750910 2.704620 5.184490
v -3.752066 2.705936 5.185394
v -3.997492 2.984820 5.190499
v -3.993258 2.980008 5.194205
v -3.996763 2.983993 5.191948
v -3.995703 2.982788 5.193162
v -3.994471 2.981389 5.193953
v -4.293329 2.550981 5.187659
v -4.289133 2.545975 5.191378
v -4.292604 2.550139 5.189113
v -4.291552 2.548891 5.190333
v -4.290331 2.547428 5.191128
v -4.051638 2.256070 5.178671
v -4.055483 2.260688 5.182791
v -4.052233 2.256767 5.180216
v -4.053171 2.257889 5.181541
v -4.054316 2.259264 5.182445
v -4.689432 1.372195 5.173222
v -4.684206 1.382562 5.177476
v -4.688974 1.372915 5.174817
v -4.687819 1.375140 5.176187
v -4.686144 1.378527 5.177120
v -4.542383 2.075487 5.183357
v -4.540030 2.066704 5.187064
v -4.541796 2.074355 5.184819
v -4.541140 2.072287 5.186039
v -4.540522 2.069601 5.186826
v -4.455835 1.470425 5.171410
v -4.457830 1.478790 5.175574
v -4.456289 1.471406 5.172961
v -4.456827 1.473340 5.174296
v -4.457369 1.475933 5.175214
v -2.469992 3.862139 5.181494
v -2.474054 3.866448 5.185604
v -2.470598 3.862810 5.183037
v -2.471586 3.863865 5.184358
v -2.472799 3.865142 5.185261
v -2.735521 4.137246 5.190521
v -2.731138 4.132577 5.194226
v -2.734785 4.136432 5.191970
v -2.733690 4.135256 5.193183
v -2.732412 4.133902 5.193975
v -1.369928 4.607121 5.176848
v -1.380102 4.602146 5.181090
v -1.370642 4.606673 5.178447
v -1.372824 4.605569 5.179814
v -1.376146 4.603982 5.180743
v -1.518827 4.327575 5.174566
v -1.527193 4.329861 5.178713
v -1.519766 4.328091 5.176110
v -1.521685 4.328708 5.177441
v -1.524294 4.329328 5.178354
v -2.201593 4.437774 5.187294
v -2.193365 4.435178 5.190989
v -2.200560 4.437114 5.188748
v -2.198633 4.436389 5.189960
v -2.196108 4.435710 5.190747
v -0.819712 4.614697 5.116643
v -0.820173 4.616372 5.116680
v -0.818796 4.616259 5.116656
v -4.705793 0.910310 5.113745
v -4.707514 0.910852 5.113783
v -4.707430 0.909456 5.113756
v -5.100157 3.585618 3.614972
v -5.104292 3.586858 3.616470
v -5.100641 3.586562 3.616106
v -5.101599 3.587130 3.616790
v -5.102881 3.587232 3.616916
v -5.041498 2.853589 3.644277
v -5.045076 2.851482 3.641763
v -5.041597 2.852577 3.643065
v -5.042315 2.851823 3.642161
v -5.043535 2.851437 3.641702
v -5.100737 3.147410 3.996776
v -5.104868 3.148642 3.998266
v -5.101221 3.148352 3.997906
v -5.102179 3.148915 3.998586
v -5.103457 3.149018 3.998712
v -5.040922 3.291819 3.262500
v -5.044500 3.289708 3.259978
v -5.041021 3.290805 3.261284
v -5.041739 3.290048 3.260378
v -5.042959 3.289663 3.259919
v -5.032255 3.667306 2.851935
v -5.035830 3.665168 2.849381
v -5.032351 3.666282 2.850707
v -5.033068 3.665515 2.849790
v -5.034288 3.665125 2.849324
v -5.091555 3.961437 3.204804
v -5.095709 3.962697 3.206326
v -5.092043 3.962390 3.205950
v -5.093004 3.962966 3.206641
v -5.094290 3.963072 3.206773
v -5.075792 4.269425 2.779580
v -5.079966 4.270633 2.781267
v -5.076284 4.270362 2.780792
v -5.077246 4.270921 2.781538
v -5.078539 4.271015 2.781705
v -5.017424 3.982090 2.411098
v -5.021002 3.979990 2.408360
v -5.017523 3.981081 2.409800
v -5.018236 3.980327 2.408823
v -5.019461 3.979943 2.408318
v -5.031092 4.668992 1.514201
v -5.035044 4.673053 1.503996
v -5.031370 4.670688 1.510464
v -5.032221 4.672055 1.507212
v -5.033510 4.672887 1.504941
v -5.052286 4.533667 2.308861
v -5.056257 4.533229 2.313684
v -5.052687 4.533980 2.311279
v -5.053583 4.534005 2.313044
v -5.054834 4.533742 2.313889
v -5.016062 4.408492 1.564099
v -5.019865 4.407990 1.557936
v -5.016245 4.408092 1.561489
v -5.017035 4.407859 1.559402
v -5.018305 4.407822 1.558154
v -5.032362 2.357560 3.976533
v -5.035933 2.355298 3.974086
v -5.032461 2.356488 3.975345
v -5.033175 2.355684 3.974464
v -5.034395 2.355265 3.974022
v -5.092508 2.668999 4.323202
v -5.096651 2.670375 4.324611
v -5.092997 2.669996 4.324303
v -5.093954 2.670606 4.324959
v -5.095240 2.670741 4.325066
v -5.014517 1.275575 4.722549
v -5.018229 1.266114 4.725840
v -5.014685 1.272099 4.723980
v -5.015448 1.269081 4.725106
v -5.016695 1.266981 4.725761
v -4.994944 1.399323 4.416648
v -4.998377 1.393570 4.415737
v -4.994986 1.396915 4.416048
v -4.995653 1.394976 4.415665
v -4.996843 1.393802 4.415557
v -5.075041 2.124771 4.611789
v -5.079309 2.129301 4.611582
v -5.075571 2.126977 4.612273
v -5.076571 2.128614 4.612405
v -5.077883 2.129430 4.612160
v -5.200823 3.545453 3.567092
v -5.203840 3.541144 3.561932
v -5.202150 3.544656 3.566139
v -5.203188 3.543557 3.564822
v -5.203783 3.542323 3.563347
v -5.153265 2.869052 3.663134
v -5.157961 2.872507 3.667290
v -5.154890 2.869521 3.663701
v -5.156355 2.870343 3.664691
v -5.157434 2.871392 3.665951
v -5.201407 3.107236 3.948885
v -5.204420 3.102936 3.943735
v -5.202730 3.106439 3.947932
v -5.203768 3.105342 3.946621
v -5.204363 3.104112 3.945145
v -5.152689 3.307278 3.281351
v -5.157389 3.310737 3.285511
v -5.154314 3.307747 3.281918
v -5.155779 3.308569 3.282907
v -5.156858 3.309619 3.284169
v -5.144011 3.682738 2.870753
v -5.148718 3.686224 2.874946
v -5.145639 3.683208 2.871322
v -5.147104 3.684038 2.872319
v -5.148188 3.685096 2.873592
v -5.192217 3.921302 3.156960
v -5.195238 3.916959 3.151763
v -5.193544 3.920498 3.156002
v -5.194586 3.919391 3.154678
v -5.195181 3.918149 3.153189
v -5.176428 4.229260 2.731924
v -5.179480 4.224973 2.726503
v -5.177767 4.228458 2.730945
v -5.178820 4.227362 2.729572
v -5.179419 4.226138 2.728012
v -5.129183 3.997558 2.429731
v -5.133886 4.000987 2.434147
v -5.130808 3.998025 2.430318
v -5.132277 3.998842 2.431363
v -5.133356 3.999881 2.432708
v -5.137053 4.661210 1.490082
v -5.141176 4.655449 1.500819
v -5.138605 4.660628 1.490730
v -5.139936 4.659328 1.492998
v -5.140837 4.657510 1.496541
v -5.152651 4.491885 2.264376
v -5.156031 4.489621 2.255040
v -5.154028 4.491234 2.263095
v -5.155149 4.490575 2.260871
v -5.155855 4.490007 2.258042
v -5.128042 4.425561 1.579306
v -5.132463 4.426973 1.588005
v -5.129648 4.425876 1.580219
v -5.131052 4.426253 1.582193
v -5.132044 4.426639 1.584927
v -5.144117 2.372868 3.995457
v -5.148829 2.376518 3.999523
v -5.145746 2.373353 3.996018
v -5.147211 2.374215 3.996987
v -5.148294 2.375327 3.998217
v -5.193178 2.628974 4.275237
v -5.196192 2.624484 4.270182
v -5.194506 2.628161 4.274291
v -5.195543 2.627024 4.272999
v -5.196135 2.625733 4.271556
v -5.120104 1.254287 4.711945
v -5.124655 1.264291 4.706894
v -5.121710 1.254900 4.711389
v -5.123137 1.257019 4.710233
v -5.124170 1.260315 4.708656
v -5.106554 1.411138 4.437108
v -5.111444 1.419137 4.439256
v -5.108198 1.411952 4.437523
v -5.109705 1.413760 4.438075
v -5.110842 1.416282 4.438686
v -5.175806 2.087912 4.562223
v -5.178701 2.079532 4.559142
v -5.177126 2.086803 4.561425
v -5.178141 2.084822 4.560560
v -5.178694 2.082268 4.559758
v -5.022127 0.709474 4.711149
v -5.022326 0.709886 4.712825
v -5.022196 0.708514 4.712682
v -5.081591 4.696709 0.957271
v -5.081675 4.698239 0.957711
v -5.081656 4.698201 0.956350
v -4.683855 0.917850 5.172995
v -1.033857 5.097306 4.751738
v -4.696054 5.150499 1.101977
v -5.177904 4.672429 1.080849
vt 0.129631 0.361744
vt 0.128187 0.367085
vt 0.125808 0.364265
vt 0.014481 0.493987
vt 0.017135 0.478653
vt 0.017529 0.493897
vt 0.124415 0.369792
vt 0.123058 0.375612
vt 0.120742 0.372677
vt 0.047080 0.447537
vt 0.045370 0.433032
vt 0.048333 0.433135
vt 0.113893 0.378853
vt 0.108668 0.378985
vt 0.111686 0.375890
vt 0.015512 0.509196
vt 0.018562 0.509060
vt 0.047593 0.508735
vt 0.046648 0.525145
vt 0.044635 0.508908
vt 0.046065 0.477990
vt 0.043328 0.462576
vt 0.046294 0.462586
vt 0.114965 0.372794
vt 0.118455 0.369774
vt 0.119481 0.378697
vt 0.117213 0.375728
vt 0.047109 0.419091
vt 0.050066 0.419247
vt 0.020509 0.407297
vt 0.021261 0.420878
vt 0.018233 0.420765
vt 0.016473 0.434454
vt 0.018224 0.448676
vt 0.015192 0.448639
vt 0.049548 0.404670
vt 0.052490 0.404881
vt 0.053564 0.385818
vt 0.056476 0.386058
vt 0.026853 0.379839
vt 0.026397 0.393942
vt 0.023365 0.393737
vt 0.110835 0.381978
vt 0.105880 0.382110
vt 0.059568 0.359528
vt 0.062468 0.359747
vt 0.066096 0.328688
vt 0.069125 0.328770
vt 0.030792 0.365670
vt 0.029890 0.380089
vt 0.105305 0.388479
vt 0.100762 0.388735
vt 0.103268 0.385330
vt 0.017153 0.524357
vt 0.020205 0.524173
vt 0.019494 0.539931
vt 0.022548 0.539690
vt 0.053812 0.547008
vt 0.058088 0.579309
vt 0.050910 0.547327
vt 0.126777 0.372683
vt 0.022666 0.556286
vt 0.025716 0.555970
vt 0.026608 0.573102
vt 0.029592 0.572502
vt 0.060974 0.579000
vt 0.066104 0.617392
vt 0.137228 0.361654
vt 0.134805 0.367263
vt 0.132196 0.364486
vt 0.020169 0.478613
vt 0.020568 0.493807
vt 0.031137 0.448083
vt 0.022923 0.434582
vt 0.032398 0.433783
vt 0.044114 0.447481
vt 0.042398 0.432929
vt 0.043740 0.418955
vt 0.036519 0.406065
vt 0.046193 0.404491
vt 0.021603 0.508922
vt 0.023247 0.523987
vt 0.043101 0.478034
vt 0.040562 0.493624
vt 0.040129 0.478077
vt 0.040354 0.462566
vt 0.043536 0.493520
vt 0.041665 0.509083
vt 0.017417 0.463473
vt 0.019502 0.434528
vt 0.021249 0.448713
vt 0.022523 0.434601
vt 0.046596 0.404456
vt 0.041996 0.432948
vt 0.034144 0.419986
vt 0.023538 0.407455
vt 0.024279 0.420993
vt 0.026557 0.407616
vt 0.056675 0.359306
vt 0.040022 0.389893
vt 0.050239 0.385672
vt 0.029419 0.394150
vt 0.033868 0.365959
vt 0.032920 0.380345
vt 0.063057 0.328705
vt 0.022004 0.508919
vt 0.030514 0.493717
vt 0.031580 0.509000
vt 0.043692 0.525406
vt 0.048005 0.547651
vt 0.025591 0.539447
vt 0.028751 0.555656
vt 0.033416 0.524686
vt 0.026007 0.539529
vt 0.023651 0.523997
vt 0.055210 0.579618
vt 0.063029 0.617344
vt 0.032509 0.571905
vt 0.046501 0.493416
vt 0.042874 0.597699
vt 0.045147 0.596315
vt 0.047441 0.594927
vt 0.040161 0.493631
vt 0.041263 0.509088
vt 0.041141 0.447424
vt 0.039729 0.478087
vt 0.143757 0.358353
vt 0.140791 0.364004
vt 0.122088 0.366935
vt 0.047595 0.547566
vt 0.042271 0.567533
vt 0.036802 0.543518
vt 0.095041 0.403142
vt 0.093421 0.409965
vt 0.094268 0.403071
vt 0.092575 0.409727
vt 0.093487 0.402992
vt 0.024682 0.420970
vt 0.014384 0.463470
vt 0.020969 0.493800
vt 0.030094 0.478352
vt 0.020443 0.463474
vt 0.150643 0.354464
vt 0.149410 0.359681
vt 0.142423 0.354736
vt 0.138109 0.356888
vt 0.032867 0.571776
vt 0.029197 0.555886
vt 0.054772 0.579358
vt 0.047430 0.594296
vt 0.102353 0.392556
vt 0.098309 0.392387
vt 0.113019 0.385009
vt 0.108010 0.385133
vt 0.044142 0.418933
vt 0.033383 0.380096
vt 0.044957 0.369864
vt 0.116118 0.381853
vt 0.110156 0.388199
vt 0.030341 0.463031
vt 0.039953 0.462579
vt 0.049590 0.524888
vt 0.274927 0.451153
vt 0.236716 0.487801
vt 0.235302 0.487385
vt 0.043290 0.525399
vt 0.098884 0.397693
vt 0.096061 0.395976
vt 0.099523 0.402950
vt 0.095150 0.403021
vt 0.056237 0.359564
vt 0.049721 0.347983
vt 0.062498 0.329590
vt 0.037200 0.366661
vt 0.150773 0.354368
vt 0.159041 0.353489
vt 0.159031 0.354490
vt 0.133696 0.359299
vt 0.150781 0.353586
vt 0.158888 0.352618
vt 0.029841 0.394052
vt 0.014087 0.478693
vt 0.040740 0.447440
vt 0.026963 0.407581
vt 0.095131 0.396159
vt 0.095971 0.395980
vt 0.107359 0.391668
vt 0.050651 0.385572
vt 0.047469 0.345912
vt 0.036852 0.366515
vt 0.021649 0.448697
vt 0.020843 0.463462
vt 0.020569 0.478604
vt 0.130603 0.369941
vt 0.103960 0.396393
vt 0.298947 0.379508
vt 0.193563 0.368148
vt 0.321240 0.372861
vt 0.107046 0.427116
vt 0.166473 0.452154
vt 0.166013 0.453369
vt 0.109938 0.427040
vt 0.166938 0.450941
vt 0.216882 0.464775
vt 0.205061 0.422334
vt 0.239815 0.423962
vt 0.230248 0.612791
vt 0.135163 0.565882
vt 0.140097 0.561014
vt 0.328100 0.413843
vt 0.275972 0.452195
vt 0.221565 0.547059
vt 0.226706 0.606880
vt 0.220233 0.547272
vt 0.199159 0.401143
vt 0.262724 0.383189
vt 0.273113 0.602013
vt 0.336782 0.516649
vt 0.267698 0.624802
vt 0.094352 0.469112
vt 0.158099 0.480392
vt 0.096775 0.470795
vt 0.263473 0.529781
vt 0.304647 0.506826
vt 0.286483 0.570921
vt 0.208661 0.495365
vt 0.157826 0.481711
vt 0.336746 0.390163
vt 0.344509 0.518728
vt 0.076964 0.453070
vt 0.129730 0.571246
vt 0.060304 0.436867
vt 0.245477 0.630378
vt 0.328378 0.414037
vt 0.327633 0.513927
vt 0.326600 0.417361
vt 0.235239 0.487603
vt 0.250613 0.539773
vt 0.249331 0.540195
vt 0.219661 0.476928
vt 0.155001 0.464046
vt 0.160682 0.458457
vt 0.191819 0.360781
vt 0.344302 0.366311
vt 0.234958 0.487405
vt 0.273432 0.443832
vt 0.274836 0.450930
vt 0.329440 0.514614
vt 0.273583 0.597902
vt 0.270775 0.358462
vt 0.305386 0.305441
vt 0.338819 0.357192
vt 0.216353 0.488219
vt 0.154911 0.464352
vt 0.221182 0.483655
vt 0.263768 0.433270
vt 0.256799 0.431346
vt 0.243975 0.545500
vt 0.249135 0.540347
vt 0.271676 0.435805
vt 0.344642 0.366670
vt 0.271458 0.435568
vt 0.222900 0.546842
vt 0.209838 0.494540
vt 0.210909 0.493521
vt 0.140402 0.560717
vt 0.096609 0.471034
vt 0.141678 0.559507
vt 0.083490 0.431489
vt 0.060441 0.436399
vt 0.229551 0.611975
vt 0.227934 0.609325
vt 0.229843 0.611819
vt 0.227903 0.485414
vt 0.238104 0.551126
vt 0.221452 0.483589
vt 0.093426 0.468669
vt 0.156652 0.472002
vt 0.158348 0.478834
vt 0.217909 0.469860
vt 0.261830 0.648119
vt 0.326332 0.417202
vt 0.277010 0.453239
vt 0.217377 0.468148
vt 0.217721 0.469572
vt 0.195231 0.375256
vt 0.294851 0.381219
vt 0.195581 0.376998
vt 0.247104 0.298691
vt 0.203692 0.347665
vt 0.107058 0.426787
vt 0.109927 0.426724
vt 0.256570 0.431248
vt 0.217589 0.468096
vt 0.255524 0.430295
vt 0.237792 0.551204
vt 0.230043 0.548997
vt 0.210750 0.493356
vt 0.158378 0.479079
vt 0.261351 0.648238
vt 0.280561 0.257262
vt 0.274197 0.320760
vt 0.221261 0.483390
vt 0.217044 0.466774
vt 0.195931 0.378722
vt 0.112465 0.426639
vt 0.292163 0.382413
vt 0.238016 0.488406
vt 0.251895 0.539343
vt 0.325843 0.513248
vt 0.325123 0.420233
vt 0.273798 0.595196
vt 0.142944 0.558305
vt 0.208808 0.495518
vt 0.226482 0.607022
vt 0.328713 0.413051
vt 0.329841 0.514748
vt 0.273027 0.600972
vt 0.273267 0.597875
vt 0.273533 0.595174
vt 0.238076 0.488203
vt 0.211066 0.493214
vt 0.206802 0.497036
vt 0.174690 0.527573
vt 0.159883 0.495764
vt 0.158658 0.542819
vt 0.113009 0.494494
vt 0.165856 0.453558
vt 0.106018 0.426984
vt 0.176218 0.441925
vt 0.135592 0.419099
vt 0.217249 0.466724
vt 0.254475 0.429349
vt 0.281646 0.465655
vt 0.322811 0.442731
vt 0.240441 0.488600
vt 0.283266 0.500757
vt 0.223146 0.546885
vt 0.205553 0.544113
vt 0.204306 0.591145
vt 0.098791 0.472238
vt 0.195143 0.374841
vt 0.298087 0.380087
vt 0.295004 0.381494
vt 0.292281 0.382644
vt 0.119719 0.350070
vt 0.118228 0.355437
vt 0.115849 0.352583
vt 0.458772 0.450248
vt 0.456109 0.465477
vt 0.455746 0.450328
vt 0.114424 0.358142
vt 0.113046 0.363982
vt 0.110729 0.361032
vt 0.426258 0.496504
vt 0.427970 0.510987
vt 0.425011 0.510885
vt 0.103852 0.367216
vt 0.098611 0.367345
vt 0.101641 0.364243
vt 0.457832 0.435156
vt 0.454805 0.435267
vt 0.425905 0.435388
vt 0.426975 0.419001
vt 0.428860 0.435235
vt 0.427289 0.466095
vt 0.430005 0.481488
vt 0.427043 0.481477
vt 0.104934 0.361142
vt 0.108438 0.358117
vt 0.109453 0.367068
vt 0.107184 0.364087
vt 0.426235 0.524908
vt 0.423284 0.524751
vt 0.452811 0.536671
vt 0.452049 0.523110
vt 0.455072 0.523221
vt 0.456821 0.509554
vt 0.455066 0.495360
vt 0.458093 0.495394
vt 0.423784 0.539316
vt 0.420838 0.539106
vt 0.419801 0.558178
vt 0.416890 0.557942
vt 0.446516 0.564113
vt 0.446947 0.550019
vt 0.449976 0.550219
vt 0.100786 0.370344
vt 0.095818 0.370485
vt 0.413864 0.584484
vt 0.410970 0.584272
vt 0.407393 0.615257
vt 0.404372 0.615178
vt 0.442605 0.578283
vt 0.443480 0.563869
vt 0.095270 0.376855
vt 0.090745 0.377157
vt 0.093216 0.373727
vt 0.456369 0.420065
vt 0.453325 0.420216
vt 0.454202 0.404521
vt 0.451155 0.404723
vt 0.419954 0.397065
vt 0.415669 0.364611
vt 0.422867 0.396757
vt 0.116786 0.361054
vt 0.451285 0.388171
vt 0.448243 0.388413
vt 0.447873 0.371444
vt 0.444833 0.371715
vt 0.412776 0.364931
vt 0.407348 0.326552
vt 0.127359 0.350056
vt 0.124877 0.355664
vt 0.122278 0.352853
vt 0.453093 0.465517
vt 0.452727 0.450407
vt 0.442175 0.495957
vt 0.450381 0.509429
vt 0.440922 0.510232
vt 0.429219 0.496560
vt 0.430937 0.511089
vt 0.429599 0.525043
vt 0.436816 0.537917
vt 0.427141 0.539495
vt 0.451784 0.435379
vt 0.450289 0.420370
vt 0.430249 0.466058
vt 0.432834 0.450510
vt 0.433215 0.466021
vt 0.432974 0.481500
vt 0.429866 0.450600
vt 0.431826 0.435081
vt 0.455860 0.480598
vt 0.453797 0.509482
vt 0.452047 0.495324
vt 0.450781 0.509410
vt 0.426738 0.539529
vt 0.431338 0.511070
vt 0.439182 0.524010
vt 0.449785 0.536516
vt 0.449034 0.522998
vt 0.446770 0.536360
vt 0.416752 0.584698
vt 0.433333 0.554084
vt 0.423125 0.558318
vt 0.443927 0.549816
vt 0.439530 0.578001
vt 0.440451 0.563618
vt 0.410425 0.615237
vt 0.451385 0.435380
vt 0.442842 0.450458
vt 0.441867 0.435230
vt 0.429933 0.418763
vt 0.425785 0.396444
vt 0.448116 0.404927
vt 0.445208 0.388654
vt 0.440170 0.419575
vt 0.447702 0.404840
vt 0.449887 0.420357
vt 0.418556 0.364289
vt 0.410423 0.326576
vt 0.441795 0.371990
vt 0.426906 0.450690
vt 0.141034 0.342912
vt 0.132881 0.342269
vt 0.141050 0.342144
vt 0.133113 0.341452
vt 0.141064 0.341374
vt 0.433234 0.450504
vt 0.432227 0.435078
vt 0.432187 0.496616
vt 0.433615 0.466013
vt 0.133943 0.346813
vt 0.130912 0.352449
vt 0.112090 0.355260
vt 0.426196 0.396531
vt 0.431723 0.376436
vt 0.436973 0.400708
vt 0.085086 0.391841
vt 0.083393 0.398811
vt 0.084292 0.391768
vt 0.082621 0.398484
vt 0.083493 0.391691
vt 0.448633 0.523021
vt 0.458888 0.480596
vt 0.452329 0.450412
vt 0.443217 0.465766
vt 0.452840 0.480599
vt 0.140903 0.343007
vt 0.139593 0.348206
vt 0.132643 0.343170
vt 0.128291 0.345283
vt 0.441428 0.372121
vt 0.444762 0.388412
vt 0.418996 0.364548
vt 0.426245 0.349473
vt 0.092355 0.380949
vt 0.088358 0.380827
vt 0.102974 0.373379
vt 0.097959 0.373502
vt 0.429197 0.525066
vt 0.439989 0.563867
vt 0.428440 0.574118
vt 0.106079 0.370226
vt 0.100102 0.376550
vt 0.442966 0.481041
vt 0.433374 0.481488
vt 0.424031 0.419237
vt 0.108054 0.336564
vt 0.106334 0.341823
vt 0.104080 0.338901
vt 0.430335 0.418773
vt 0.088930 0.386146
vt 0.086153 0.384446
vt 0.089490 0.391434
vt 0.085201 0.391716
vt 0.417189 0.584440
vt 0.423703 0.596000
vt 0.410981 0.614353
vt 0.436198 0.577304
vt 0.149270 0.342135
vt 0.149251 0.343130
vt 0.123836 0.347657
vt 0.149125 0.341268
vt 0.443506 0.549914
vt 0.459136 0.465436
vt 0.432587 0.496600
vt 0.446364 0.536395
vt 0.085193 0.384633
vt 0.086061 0.384450
vt 0.097327 0.380010
vt 0.422714 0.558418
vt 0.425958 0.598067
vt 0.436546 0.577450
vt 0.451648 0.495340
vt 0.452442 0.480611
vt 0.452695 0.465526
vt 0.120640 0.358321
vt 0.093959 0.384750
vt 0.407588 0.445170
vt 0.405153 0.459719
vt 0.404700 0.445254
vt 0.102487 0.344383
vt 0.101018 0.350105
vt 0.098776 0.347172
vt 0.377050 0.490158
vt 0.379140 0.504161
vt 0.376265 0.504157
vt 0.091956 0.353285
vt 0.086739 0.353486
vt 0.089729 0.350344
vt 0.406707 0.430772
vt 0.403813 0.430864
vt 0.375935 0.430838
vt 0.377085 0.414950
vt 0.378799 0.430700
vt 0.377417 0.460642
vt 0.380313 0.475521
vt 0.377445 0.475572
vt 0.093013 0.347236
vt 0.096538 0.344244
vt 0.097480 0.353110
vt 0.095245 0.350170
vt 0.377930 0.517787
vt 0.375039 0.517736
vt 0.404285 0.527800
vt 0.402831 0.514880
vt 0.405723 0.514843
vt 0.406830 0.501746
vt 0.404716 0.488266
vt 0.407603 0.488218
vt 0.376090 0.532159
vt 0.373182 0.532038
vt 0.372910 0.551972
vt 0.370025 0.551784
vt 0.400376 0.554653
vt 0.399582 0.541014
vt 0.402512 0.540974
vt 0.088959 0.356431
vt 0.084018 0.356687
vt 0.367932 0.580787
vt 0.365072 0.580589
vt 0.362425 0.614619
vt 0.359570 0.614290
vt 0.398004 0.568692
vt 0.397422 0.554698
vt 0.083661 0.363072
vt 0.079178 0.363513
vt 0.081517 0.360004
vt 0.405432 0.416381
vt 0.402528 0.416481
vt 0.403703 0.401509
vt 0.400778 0.401627
vt 0.370825 0.393597
vt 0.368104 0.362382
vt 0.373633 0.393387
vt 0.104736 0.347312
vt 0.401386 0.385719
vt 0.398444 0.385877
vt 0.398447 0.369261
vt 0.395539 0.369698
vt 0.365341 0.362544
vt 0.362432 0.325912
vt 0.115656 0.336938
vt 0.112856 0.342310
vt 0.110452 0.339437
vt 0.402272 0.459790
vt 0.401813 0.445339
vt 0.392392 0.489192
vt 0.400677 0.501859
vt 0.391631 0.502976
vt 0.379918 0.490132
vt 0.382022 0.504162
vt 0.381225 0.517795
vt 0.388868 0.530039
vt 0.379410 0.532223
vt 0.400922 0.430958
vt 0.399624 0.416585
vt 0.380288 0.460569
vt 0.382665 0.445492
vt 0.383160 0.460497
vt 0.383185 0.475471
vt 0.379793 0.445591
vt 0.381671 0.430562
vt 0.405140 0.474158
vt 0.403944 0.501787
vt 0.401832 0.488314
vt 0.401059 0.501827
vt 0.379014 0.532278
vt 0.382411 0.504130
vt 0.390497 0.516353
vt 0.401379 0.527838
vt 0.399939 0.514915
vt 0.398470 0.527871
vt 0.370791 0.580991
vt 0.386283 0.546535
vt 0.376205 0.552032
vt 0.396650 0.541047
vt 0.395022 0.568730
vt 0.394466 0.554737
vt 0.365397 0.614585
vt 0.400540 0.430956
vt 0.392323 0.445414
vt 0.391385 0.430762
vt 0.379955 0.414763
vt 0.376444 0.393169
vt 0.397856 0.401750
vt 0.395513 0.386038
vt 0.389886 0.415684
vt 0.397460 0.401656
vt 0.399239 0.416566
vt 0.370850 0.362209
vt 0.365672 0.326310
vt 0.392699 0.370132
vt 0.376928 0.445690
vt 0.383852 0.345044
vt 0.381621 0.346277
vt 0.379371 0.347514
vt 0.383052 0.445485
vt 0.382059 0.430560
vt 0.382791 0.490105
vt 0.383547 0.460483
vt 0.122554 0.334071
vt 0.119032 0.339475
vt 0.100241 0.341458
vt 0.376836 0.393265
vt 0.382888 0.374110
vt 0.387187 0.397488
vt 0.073894 0.379761
vt 0.072177 0.388288
vt 0.073074 0.379776
vt 0.071333 0.388047
vt 0.072253 0.379790
vt 0.399554 0.514955
vt 0.408027 0.474100
vt 0.401432 0.445345
vt 0.392802 0.460137
vt 0.402256 0.474216
vt 0.130307 0.330919
vt 0.128276 0.335758
vt 0.121460 0.330375
vt 0.116867 0.332309
vt 0.392348 0.370239
vt 0.395093 0.385795
vt 0.371253 0.362477
vt 0.379359 0.348106
vt 0.080889 0.367419
vt 0.076950 0.367255
vt 0.091181 0.359384
vt 0.086230 0.359635
vt 0.380832 0.517833
vt 0.394025 0.555032
vt 0.382516 0.567879
vt 0.094185 0.356232
vt 0.088442 0.362590
vt 0.392802 0.474830
vt 0.383572 0.475451
vt 0.374224 0.415135
vt 0.380343 0.414779
vt 0.077614 0.373168
vt 0.074889 0.370946
vt 0.078199 0.379117
vt 0.074009 0.379610
vt 0.371208 0.580686
vt 0.378759 0.591473
vt 0.365907 0.613598
vt 0.391658 0.568653
vt 0.130454 0.330826
vt 0.139284 0.330534
vt 0.139398 0.331390
vt 0.112286 0.334386
vt 0.130530 0.330006
vt 0.139146 0.329665
vt 0.396245 0.541182
vt 0.408042 0.459647
vt 0.383179 0.490079
vt 0.398081 0.527931
vt 0.073937 0.371239
vt 0.074803 0.370960
vt 0.085802 0.366146
vt 0.375804 0.552164
vt 0.073069 0.371515
vt 0.401450 0.488339
vt 0.401874 0.474235
vt 0.401891 0.459803
vt 0.108592 0.344748
vt 0.082586 0.371328
vt 0.094408 0.410074
vt 0.094439 0.410054
vt 0.094414 0.410102
vt 0.094436 0.410017
vt 0.094460 0.410017
vt 0.094447 0.410074
vt 0.094461 0.410039
vt 0.094516 0.409932
vt 0.094494 0.409925
vt 0.094522 0.409888
vt 0.094502 0.409982
vt 0.094485 0.409977
vt 0.094465 0.409969
vt 0.094476 0.410021
vt 0.094467 0.410094
vt 0.094465 0.410061
vt 0.094487 0.410033
vt 0.094443 0.410114
vt 0.159004 0.354519
vt 0.158967 0.354512
vt 0.159073 0.354512
vt 0.159024 0.354529
vt 0.158962 0.354537
vt 0.158913 0.354536
vt 0.158986 0.354540
vt 0.159043 0.354551
vt 0.159008 0.354546
vt 0.159066 0.354530
vt 0.158977 0.354565
vt 0.158964 0.354553
vt 0.158862 0.354561
vt 0.158866 0.354584
vt 0.158819 0.354585
vt 0.158918 0.354557
vt 0.158921 0.354575
vt 0.092544 0.409700
vt 0.092540 0.409663
vt 0.092571 0.409758
vt 0.092546 0.409724
vt 0.062747 0.328847
vt 0.062761 0.328945
vt 0.062647 0.329111
vt 0.062852 0.328756
vt 0.062833 0.328866
vt 0.062924 0.328797
vt 0.063049 0.328629
vt 0.062914 0.328936
vt 0.062810 0.328973
vt 0.062923 0.328706
vt 0.062557 0.329367
vt 0.062624 0.329408
vt 0.062694 0.329158
vt 0.062766 0.329179
vt 0.158858 0.352595
vt 0.158908 0.352615
vt 0.062725 0.617204
vt 0.062736 0.617105
vt 0.062838 0.617298
vt 0.062966 0.617450
vt 0.062908 0.617335
vt 0.062811 0.617184
vt 0.062597 0.616631
vt 0.062530 0.616672
vt 0.062471 0.616445
vt 0.062740 0.616865
vt 0.062668 0.616886
vt 0.062622 0.616933
vt 0.062785 0.617077
vt 0.062906 0.617251
vt 0.062891 0.617114
vt 0.063005 0.617454
vt 0.235272 0.487433
vt 0.235212 0.487399
vt 0.235249 0.487488
vt 0.235192 0.487434
vt 0.235109 0.487416
vt 0.235137 0.487456
vt 0.235122 0.487437
vt 0.235171 0.487544
vt 0.235239 0.487546
vt 0.235093 0.487475
vt 0.235172 0.487504
vt 0.235181 0.487468
vt 0.235024 0.487417
vt 0.235068 0.487436
vt 0.235020 0.487429
vt 0.235115 0.487464
vt 0.094249 0.469148
vt 0.094056 0.469003
vt 0.093810 0.468923
vt 0.093750 0.468879
vt 0.094187 0.469383
vt 0.093957 0.469068
vt 0.094172 0.469269
vt 0.093701 0.468864
vt 0.093942 0.469086
vt 0.093991 0.469053
vt 0.094194 0.469198
vt 0.328369 0.413604
vt 0.328221 0.413809
vt 0.328531 0.413374
vt 0.328492 0.413445
vt 0.328326 0.413608
vt 0.328355 0.413894
vt 0.328460 0.413628
vt 0.328402 0.413619
vt 0.328439 0.413620
vt 0.328504 0.413423
vt 0.328568 0.413336
vt 0.273113 0.601045
vt 0.273083 0.601292
vt 0.273125 0.601320
vt 0.273142 0.601548
vt 0.273135 0.601635
vt 0.273357 0.600978
vt 0.273192 0.601348
vt 0.273262 0.601052
vt 0.273163 0.601326
vt 0.273186 0.601069
vt 0.298098 0.379981
vt 0.298332 0.379886
vt 0.298075 0.379911
vt 0.298331 0.379838
vt 0.298551 0.379705
vt 0.298597 0.379682
vt 0.297905 0.379815
vt 0.298317 0.379769
vt 0.298017 0.379858
vt 0.298311 0.379747
vt 0.298636 0.379647
vt 0.298529 0.379713
vt 0.210838 0.493327
vt 0.210800 0.493385
vt 0.210935 0.493319
vt 0.210872 0.493348
vt 0.210898 0.493374
vt 0.210846 0.493423
vt 0.210931 0.493343
vt 0.211022 0.493265
vt 0.210954 0.493339
vt 0.210983 0.493293
vt 0.211013 0.493255
vt 0.210937 0.493294
vt 0.210882 0.493470
vt 0.210942 0.493436
vt 0.210922 0.493401
vt 0.210979 0.493339
vt 0.229940 0.612129
vt 0.229800 0.611923
vt 0.230002 0.612365
vt 0.229912 0.612176
vt 0.229669 0.611997
vt 0.229851 0.612245
vt 0.229745 0.611978
vt 0.229867 0.612230
vt 0.230024 0.612408
vt 0.230065 0.612504
vt 0.229882 0.612197
vt 0.229974 0.612329
vt 0.217925 0.469607
vt 0.217893 0.469546
vt 0.217943 0.469518
vt 0.217883 0.469695
vt 0.217889 0.469626
vt 0.217837 0.469566
vt 0.217865 0.469679
vt 0.217854 0.469636
vt 0.217887 0.469797
vt 0.217856 0.469702
vt 0.217882 0.469749
vt 0.217900 0.469794
vt 0.217904 0.469708
vt 0.217778 0.469574
vt 0.217778 0.469643
vt 0.217818 0.469643
vt 0.217844 0.469723
vt 0.106709 0.426999
vt 0.106978 0.427028
vt 0.106735 0.427047
vt 0.106453 0.426981
vt 0.106502 0.426984
vt 0.106979 0.426878
vt 0.106676 0.426913
vt 0.106958 0.426953
vt 0.106682 0.426934
vt 0.106351 0.426968
vt 0.261915 0.648198
vt 0.261713 0.648165
vt 0.261964 0.648310
vt 0.261765 0.648325
vt 0.261596 0.648201
vt 0.261772 0.648449
vt 0.261640 0.648382
vt 0.261807 0.649070
vt 0.261695 0.648611
vt 0.261993 0.648501
vt 0.261380 0.648648
vt 0.261553 0.648502
vt 0.261659 0.648463
vt 0.261477 0.648224
vt 0.261312 0.648345
vt 0.261503 0.648389
vt 0.261319 0.648466
vt 0.344326 0.366200
vt 0.344400 0.366391
vt 0.344397 0.366100
vt 0.344510 0.366268
vt 0.344488 0.366476
vt 0.344613 0.366200
vt 0.344622 0.366347
vt 0.345139 0.365849
vt 0.344789 0.366185
vt 0.344548 0.365978
vt 0.344989 0.366433
vt 0.344768 0.366361
vt 0.344681 0.366290
vt 0.344567 0.366568
vt 0.344756 0.366648
vt 0.344696 0.366462
vt 0.344860 0.366580
vt 0.221387 0.483619
vt 0.221413 0.483529
vt 0.221321 0.483639
vt 0.221356 0.483562
vt 0.221369 0.483478
vt 0.221299 0.483545
vt 0.221326 0.483519
vt 0.221190 0.483584
vt 0.221254 0.483651
vt 0.221205 0.483518
vt 0.221255 0.483587
vt 0.221308 0.483582
vt 0.221319 0.483432
vt 0.221228 0.483454
vt 0.221284 0.483487
vt 0.221262 0.483534
vt 0.060196 0.436901
vt 0.060324 0.436744
vt 0.060077 0.436889
vt 0.060164 0.436710
vt 0.060351 0.436627
vt 0.060057 0.436656
vt 0.060178 0.436577
vt 0.059506 0.436381
vt 0.059959 0.436512
vt 0.059900 0.436821
vt 0.060078 0.436223
vt 0.060120 0.436445
vt 0.060101 0.436554
vt 0.060391 0.436514
vt 0.060371 0.436314
vt 0.060240 0.436457
vt 0.060265 0.436261
vt 0.324893 0.420102
vt 0.324938 0.420192
vt 0.324854 0.420212
vt 0.325027 0.420127
vt 0.324993 0.420195
vt 0.324917 0.420265
vt 0.324830 0.420308
vt 0.324962 0.420249
vt 0.325021 0.420243
vt 0.325068 0.420160
vt 0.325038 0.420327
vt 0.324968 0.420298
vt 0.324814 0.420400
vt 0.324887 0.420448
vt 0.326117 0.419895
vt 0.324902 0.420346
vt 0.324962 0.420393
vt 0.238120 0.488235
vt 0.238051 0.488252
vt 0.238158 0.488271
vt 0.238094 0.488279
vt 0.238033 0.488301
vt 0.238171 0.488377
vt 0.238191 0.488310
vt 0.236144 0.487729
vt 0.238122 0.488393
vt 0.238146 0.488333
vt 0.238022 0.488351
vt 0.238071 0.488402
vt 0.238073 0.488351
vt 0.273617 0.595117
vt 0.273608 0.595214
vt 0.273561 0.595053
vt 0.273637 0.595036
vt 0.273664 0.595148
vt 0.273667 0.595078
vt 0.273712 0.594852
vt 0.273627 0.594852
vt 0.274714 0.595810
vt 0.273746 0.594952
vt 0.273669 0.594952
vt 0.273593 0.594949
vt 0.273699 0.595037
vt 0.273714 0.595122
vt 0.273776 0.595061
vt 0.273711 0.595223
vt 0.208706 0.495397
vt 0.208636 0.495414
vt 0.208744 0.495432
vt 0.208680 0.495441
vt 0.208619 0.495463
vt 0.208690 0.495484
vt 0.208664 0.495476
vt 0.208757 0.495541
vt 0.208778 0.495472
vt 0.208708 0.495556
vt 0.208732 0.495496
vt 0.208697 0.495510
vt 0.208710 0.495465
vt 0.208608 0.495513
vt 0.208657 0.495564
vt 0.210283 0.493976
vt 0.208659 0.495514
vt 0.098768 0.472339
vt 0.098704 0.472282
vt 0.098852 0.472321
vt 0.098832 0.472393
vt 0.098734 0.472357
vt 0.098669 0.472314
vt 0.098787 0.472391
vt 0.098969 0.472532
vt 0.098999 0.472483
vt 0.097359 0.472981
vt 0.098861 0.472504
vt 0.098889 0.472452
vt 0.098922 0.472402
vt 0.098999 0.472482
vt 0.098635 0.472462
vt 0.098731 0.472397
vt 0.098753 0.472482
vt 0.098650 0.472358
vt 0.098810 0.472429
vt 0.226606 0.606868
vt 0.226626 0.606786
vt 0.226659 0.606950
vt 0.226579 0.606917
vt 0.226550 0.606805
vt 0.226550 0.606708
vt 0.226544 0.606856
vt 0.226522 0.606917
vt 0.226572 0.607006
vt 0.226439 0.606891
vt 0.226497 0.606835
vt 0.226475 0.606637
vt 0.226399 0.606676
vt 0.225988 0.608001
vt 0.226483 0.606745
vt 0.226415 0.606780
vt 0.292186 0.382599
vt 0.292276 0.382561
vt 0.292162 0.382680
vt 0.292104 0.382621
vt 0.292188 0.382544
vt 0.292259 0.382513
vt 0.292126 0.382575
vt 0.291908 0.382649
vt 0.291950 0.382722
vt 0.292239 0.381347
vt 0.291979 0.382573
vt 0.292015 0.382636
vt 0.292054 0.382704
vt 0.292074 0.382569
vt 0.292140 0.382516
vt 0.292059 0.382497
vt 0.217199 0.466746
vt 0.217219 0.466678
vt 0.217150 0.466762
vt 0.217174 0.466702
vt 0.217185 0.466639
vt 0.217132 0.466690
vt 0.217152 0.466671
vt 0.217050 0.466719
vt 0.217099 0.466771
vt 0.217062 0.466669
vt 0.217101 0.466720
vt 0.217106 0.466682
vt 0.217139 0.466716
vt 0.217147 0.466604
vt 0.217079 0.466621
vt 0.217663 0.468812
vt 0.217122 0.466648
vt 0.112475 0.426903
vt 0.112535 0.426822
vt 0.112596 0.426881
vt 0.112429 0.426776
vt 0.112507 0.426774
vt 0.112617 0.426806
vt 0.112701 0.426854
vt 0.112576 0.426775
vt 0.112535 0.426726
vt 0.112434 0.426724
vt 0.112598 0.426667
vt 0.112618 0.426745
vt 0.112799 0.426824
vt 0.112803 0.426740
vt 0.111877 0.425730
vt 0.112702 0.426778
vt 0.112705 0.426702
vt 0.084253 0.399045
vt 0.084279 0.399035
vt 0.084251 0.399067
vt 0.084283 0.399002
vt 0.084308 0.399005
vt 0.084280 0.399055
vt 0.084303 0.399028
vt 0.084372 0.398912
vt 0.084348 0.398904
vt 0.084378 0.398865
vt 0.084358 0.398968
vt 0.084338 0.398963
vt 0.084315 0.398953
vt 0.084325 0.399013
vt 0.084290 0.399074
vt 0.084300 0.399049
vt 0.084337 0.399033
vt 0.084254 0.399080
vt 0.149223 0.343158
vt 0.149187 0.343151
vt 0.149292 0.343151
vt 0.149244 0.343168
vt 0.149182 0.343175
vt 0.149133 0.343174
vt 0.149205 0.343178
vt 0.149262 0.343190
vt 0.149227 0.343184
vt 0.149285 0.343169
vt 0.149196 0.343203
vt 0.149184 0.343191
vt 0.149082 0.343198
vt 0.149086 0.343221
vt 0.149039 0.343221
vt 0.149137 0.343195
vt 0.149140 0.343212
vt 0.082600 0.398453
vt 0.082605 0.398418
vt 0.082612 0.398511
vt 0.082596 0.398475
vt 0.410734 0.615094
vt 0.410720 0.614997
vt 0.410832 0.614831
vt 0.410629 0.615186
vt 0.410648 0.615076
vt 0.410557 0.615145
vt 0.410432 0.615313
vt 0.410567 0.615007
vt 0.410670 0.614969
vt 0.410559 0.615236
vt 0.410923 0.614577
vt 0.410855 0.614535
vt 0.410787 0.614784
vt 0.410714 0.614764
vt 0.149096 0.341244
vt 0.149146 0.341265
vt 0.410728 0.326713
vt 0.410718 0.326811
vt 0.410614 0.326620
vt 0.410485 0.326468
vt 0.410544 0.326583
vt 0.410642 0.326733
vt 0.410861 0.327284
vt 0.410927 0.327242
vt 0.410988 0.327469
vt 0.410716 0.327051
vt 0.410788 0.327029
vt 0.410833 0.326982
vt 0.410669 0.326840
vt 0.410546 0.326667
vt 0.410563 0.326804
vt 0.410446 0.326465
vt 0.073013 0.388496
vt 0.073039 0.388483
vt 0.073008 0.388516
vt 0.073044 0.388447
vt 0.073070 0.388444
vt 0.073039 0.388505
vt 0.073064 0.388470
vt 0.073140 0.388329
vt 0.073113 0.388324
vt 0.073146 0.388271
vt 0.359485 0.613869
vt 0.359420 0.613883
vt 0.359450 0.613649
vt 0.073101 0.388392
vt 0.073078 0.388386
vt 0.359463 0.614060
vt 0.359410 0.614079
vt 0.359507 0.614212
vt 0.359522 0.614090
vt 0.359561 0.614390
vt 0.359494 0.614289
vt 0.359457 0.614153
vt 0.139385 0.331416
vt 0.139350 0.331414
vt 0.139430 0.331391
vt 0.139407 0.331419
vt 0.139347 0.331440
vt 0.139292 0.331439
vt 0.139372 0.331439
vt 0.359561 0.326121
vt 0.359501 0.326180
vt 0.359563 0.326056
vt 0.359510 0.326293
vt 0.359451 0.326314
vt 0.359493 0.326108
vt 0.359561 0.326021
vt 0.359451 0.326228
vt 0.139232 0.331465
vt 0.139236 0.331493
vt 0.139181 0.331489
vt 0.139297 0.331464
vt 0.359410 0.326480
vt 0.359473 0.326493
vt 0.359438 0.326687
vt 0.139351 0.331457
vt 0.071312 0.388011
vt 0.071317 0.387973
vt 0.365421 0.614692
vt 0.365513 0.614562
vt 0.365579 0.614519
vt 0.365686 0.614414
vt 0.365671 0.614311
vt 0.365775 0.614125
vt 0.365602 0.614398
vt 0.365513 0.614474
vt 0.365407 0.614658
vt 0.365525 0.614331
vt 0.365625 0.614282
vt 0.365856 0.613843
vt 0.365791 0.613801
vt 0.365730 0.614075
vt 0.365662 0.614058
vt 0.365855 0.326256
vt 0.365862 0.326410
vt 0.365776 0.326203
vt 0.365937 0.326504
vt 0.365920 0.326587
vt 0.365806 0.326358
vt 0.365867 0.326511
vt 0.366024 0.327010
vt 0.366086 0.326976
vt 0.366131 0.327186
vt 0.365907 0.326795
vt 0.365971 0.326780
vt 0.366013 0.326741
vt 0.365876 0.326607
vt 0.365790 0.326437
vt 0.365788 0.326565
vt 0.365729 0.326187
vt 0.114950 0.372774
vt 0.118440 0.369755
vt 0.114937 0.372758
vt 0.118427 0.369738
vt 0.013939 0.478691
vt 0.014304 0.463469
vt 0.014007 0.478693
vt 0.111671 0.375870
vt 0.111658 0.375854
vt 0.014236 0.463465
vt 0.015112 0.448636
vt 0.123074 0.375632
vt 0.126793 0.372703
vt 0.123088 0.375649
vt 0.126807 0.372720
vt 0.123102 0.375666
vt 0.126835 0.372758
vt 0.123118 0.375686
vt 0.130619 0.369961
vt 0.130633 0.369978
vt 0.126820 0.372738
vt 0.130660 0.370017
vt 0.125792 0.364246
vt 0.122073 0.366916
vt 0.125779 0.364230
vt 0.122060 0.366900
vt 0.125767 0.364213
vt 0.015431 0.509201
vt 0.122047 0.366884
vt 0.014400 0.493990
vt 0.119496 0.378717
vt 0.116133 0.381874
vt 0.119510 0.378735
vt 0.116147 0.381891
vt 0.119525 0.378752
vt 0.116162 0.381908
vt 0.116179 0.381925
vt 0.119541 0.378770
vt 0.113034 0.385030
vt 0.110171 0.388220
vt 0.113048 0.385048
vt 0.110185 0.388238
vt 0.113063 0.385064
vt 0.110201 0.388254
vt 0.110221 0.388269
vt 0.113082 0.385080
vt 0.108653 0.378965
vt 0.108640 0.378949
vt 0.015044 0.448629
vt 0.016393 0.434449
vt 0.105866 0.382090
vt 0.105853 0.382073
vt 0.016325 0.434438
vt 0.018153 0.420758
vt 0.103254 0.385309
vt 0.103241 0.385292
vt 0.018086 0.420743
vt 0.020429 0.407288
vt 0.100751 0.388708
vt 0.100741 0.388687
vt 0.020364 0.407269
vt 0.023286 0.393722
vt 0.107373 0.391690
vt 0.103971 0.396419
vt 0.107387 0.391708
vt 0.103981 0.396441
vt 0.107403 0.391724
vt 0.103995 0.396458
vt 0.104015 0.396472
vt 0.107423 0.391738
vt 0.096037 0.395973
vt 0.095120 0.403068
vt 0.096016 0.395972
vt 0.095092 0.403108
vt 0.095995 0.395975
vt 0.095065 0.403134
vt 0.098307 0.392349
vt 0.098303 0.392318
vt 0.023224 0.393689
vt 0.026776 0.379813
vt 0.026721 0.379751
vt 0.030707 0.365670
vt 0.099525 0.402986
vt 0.099528 0.403016
vt 0.099536 0.403039
vt 0.099554 0.403054
vt 0.134823 0.367282
vt 0.134837 0.367299
vt 0.130646 0.369996
vt 0.134862 0.367338
vt 0.140814 0.364018
vt 0.140834 0.364032
vt 0.134850 0.367316
vt 0.140861 0.364069
vt 0.133673 0.359285
vt 0.129614 0.361726
vt 0.133655 0.359272
vt 0.129601 0.361711
vt 0.133640 0.359257
vt 0.019415 0.539945
vt 0.129589 0.361694
vt 0.017072 0.524365
vt 0.150692 0.354439
vt 0.150735 0.354415
vt 0.150763 0.354391
vt 0.142420 0.354713
vt 0.142419 0.354693
vt 0.142419 0.354672
vt 0.142425 0.354650
vt 0.149446 0.359687
vt 0.149477 0.359694
vt 0.140849 0.364048
vt 0.149499 0.359705
vt 0.149513 0.359724
vt 0.138074 0.356881
vt 0.138044 0.356874
vt 0.026525 0.573106
vt 0.138023 0.356862
vt 0.022588 0.556313
vt 0.020264 0.478611
vt 0.020538 0.463473
vt 0.020368 0.478609
vt 0.020642 0.463470
vt 0.020473 0.478606
vt 0.020747 0.463466
vt 0.021344 0.448712
vt 0.021448 0.448708
vt 0.021553 0.448703
vt 0.040467 0.493626
vt 0.040034 0.478079
vt 0.040363 0.493629
vt 0.039930 0.478081
vt 0.040258 0.493630
vt 0.039826 0.478084
vt 0.041570 0.509087
vt 0.041466 0.509089
vt 0.041361 0.509089
vt 0.020663 0.493804
vt 0.021698 0.508919
vt 0.020768 0.493802
vt 0.021803 0.508918
vt 0.020873 0.493801
vt 0.021908 0.508918
vt 0.041046 0.447424
vt 0.040258 0.462567
vt 0.040942 0.447428
vt 0.040155 0.462570
vt 0.040838 0.447434
vt 0.040050 0.462574
vt 0.044047 0.418932
vt 0.042303 0.432928
vt 0.043943 0.418937
vt 0.042199 0.432933
vt 0.043837 0.418945
vt 0.042094 0.432940
vt 0.022617 0.434601
vt 0.022722 0.434597
vt 0.022827 0.434590
vt 0.024374 0.420993
vt 0.024479 0.420988
vt 0.024585 0.420980
vt 0.026653 0.407616
vt 0.026759 0.407608
vt 0.026865 0.407595
vt 0.029516 0.394146
vt 0.029626 0.394126
vt 0.029737 0.394092
vt 0.050556 0.385575
vt 0.046501 0.404454
vt 0.050450 0.385596
vt 0.046397 0.404462
vt 0.050341 0.385631
vt 0.046291 0.404475
vt 0.049798 0.347415
vt 0.036942 0.366537
vt 0.049801 0.347561
vt 0.037035 0.366570
vt 0.049770 0.347759
vt 0.037123 0.366612
vt 0.049751 0.347334
vt 0.033021 0.380331
vt 0.033139 0.380277
vt 0.033264 0.380194
vt 0.056579 0.359322
vt 0.056467 0.359378
vt 0.056350 0.359463
vt 0.043597 0.525411
vt 0.043493 0.525410
vt 0.043388 0.525406
vt 0.047910 0.547651
vt 0.047805 0.547634
vt 0.047697 0.547603
vt 0.023343 0.523984
vt 0.025687 0.539449
vt 0.023448 0.523986
vt 0.025796 0.539466
vt 0.023554 0.523990
vt 0.025905 0.539494
vt 0.150786 0.352801
vt 0.158823 0.352597
vt 0.047490 0.594849
vt 0.047498 0.594706
vt 0.047473 0.594514
vt 0.032599 0.571883
vt 0.032694 0.571853
vt 0.032786 0.571816
vt 0.055114 0.579605
vt 0.055002 0.579549
vt 0.054885 0.579462
vt 0.028850 0.555667
vt 0.028965 0.555716
vt 0.029085 0.555793
vt 0.066111 0.617465
vt 0.063019 0.617419
vt 0.069120 0.617346
vt 0.069112 0.617382
vt 0.159064 0.353493
vt 0.069119 0.328697
vt 0.066102 0.328579
vt 0.069111 0.328660
vt 0.093423 0.409989
vt 0.066104 0.328614
vt 0.092573 0.409748
vt 0.271647 0.435722
vt 0.271601 0.435654
vt 0.271538 0.435604
vt 0.154902 0.464266
vt 0.154947 0.464114
vt 0.154914 0.464187
vt 0.191666 0.360148
vt 0.191705 0.360305
vt 0.191782 0.360623
vt 0.191744 0.360463
vt 0.237878 0.551217
vt 0.237959 0.551209
vt 0.238034 0.551178
vt 0.345139 0.518899
vt 0.344982 0.518853
vt 0.344665 0.518768
vt 0.344825 0.518810
vt 0.129267 0.571701
vt 0.129384 0.571588
vt 0.129617 0.571359
vt 0.129500 0.571475
vt 0.274891 0.451108
vt 0.274866 0.451055
vt 0.274848 0.450997
vt 0.328606 0.413214
vt 0.273114 0.601814
vt 0.249182 0.540298
vt 0.249228 0.540255
vt 0.249277 0.540220
vt 0.328640 0.413203
vt 0.329735 0.514718
vt 0.329635 0.514685
vt 0.329539 0.514651
vt 0.273134 0.601843
vt 0.273144 0.601684
vt 0.273215 0.601353
vt 0.158383 0.479021
vt 0.158378 0.478960
vt 0.158366 0.478900
vt 0.093597 0.468769
vt 0.222959 0.546839
vt 0.223020 0.546847
vt 0.230052 0.612452
vt 0.223081 0.546864
vt 0.230155 0.612611
vt 0.230152 0.612648
vt 0.140176 0.560936
vt 0.140252 0.560862
vt 0.140325 0.560791
vt 0.093563 0.468772
vt 0.298772 0.379607
vt 0.256733 0.431329
vt 0.256673 0.431309
vt 0.256618 0.431283
vt 0.165906 0.453513
vt 0.165950 0.453469
vt 0.165987 0.453421
vt 0.106218 0.426993
vt 0.106405 0.426983
vt 0.106186 0.426971
vt 0.195168 0.374949
vt 0.195190 0.375052
vt 0.195210 0.375152
vt 0.298788 0.379575
vt 0.277091 0.453388
vt 0.277072 0.453332
vt 0.277045 0.453282
vt 0.279077 0.457069
vt 0.251947 0.539320
vt 0.251996 0.539287
vt 0.252043 0.539247
vt 0.255352 0.537127
vt 0.325749 0.513212
vt 0.325655 0.513178
vt 0.325560 0.513145
vt 0.319909 0.511936
vt 0.157928 0.485795
vt 0.157835 0.481886
vt 0.157824 0.481826
vt 0.157820 0.481767
vt 0.220057 0.547254
vt 0.220117 0.547269
vt 0.220176 0.547275
vt 0.216050 0.546893
vt 0.143017 0.558235
vt 0.143090 0.558165
vt 0.143164 0.558095
vt 0.147107 0.554426
vt 0.254430 0.429316
vt 0.254378 0.429289
vt 0.254320 0.429268
vt 0.250894 0.427458
vt 0.166963 0.450890
vt 0.166997 0.450843
vt 0.167039 0.450799
vt 0.169319 0.447535
vt 0.195952 0.378822
vt 0.195972 0.378920
vt 0.195994 0.379019
vt 0.197205 0.384176
vt 0.236700 0.487853
vt 0.236685 0.487906
vt 0.236670 0.487958
vt 0.236655 0.488011
vt 0.273491 0.597894
vt 0.273428 0.597889
vt 0.273658 0.595226
vt 0.273362 0.597884
vt 0.096693 0.470914
vt 0.096726 0.470865
vt 0.096659 0.470962
vt 0.228124 0.609206
vt 0.226620 0.606984
vt 0.228202 0.609157
vt 0.228068 0.609241
vt 0.228013 0.609277
vt 0.217430 0.468135
vt 0.217483 0.468122
vt 0.217536 0.468109
vt 0.292229 0.382471
vt 0.294933 0.381357
vt 0.294964 0.381412
vt 0.294899 0.381301
vt 0.326404 0.417261
vt 0.324979 0.420108
vt 0.326456 0.417300
vt 0.326514 0.417329
vt 0.328300 0.413829
vt 0.209800 0.494500
vt 0.209724 0.494421
vt 0.209686 0.494381
vt 0.209762 0.494460
vt 0.109930 0.426816
vt 0.109932 0.426880
vt 0.109935 0.426946
vt 0.104919 0.361122
vt 0.108422 0.358098
vt 0.104906 0.361106
vt 0.108409 0.358082
vt 0.459284 0.465435
vt 0.458968 0.480597
vt 0.459216 0.465435
vt 0.101626 0.364223
vt 0.101613 0.364207
vt 0.459035 0.480601
vt 0.458172 0.495397
vt 0.113062 0.364002
vt 0.116802 0.361074
vt 0.113076 0.364019
vt 0.116816 0.361092
vt 0.113090 0.364036
vt 0.116844 0.361130
vt 0.113106 0.364056
vt 0.120656 0.358341
vt 0.120670 0.358359
vt 0.116830 0.361109
vt 0.120696 0.358398
vt 0.115833 0.352564
vt 0.112074 0.355240
vt 0.115820 0.352547
vt 0.458920 0.450242
vt 0.457912 0.435152
vt 0.457979 0.435145
vt 0.112062 0.355224
vt 0.458852 0.450246
vt 0.109469 0.367089
vt 0.106095 0.370247
vt 0.109483 0.367106
vt 0.106108 0.370265
vt 0.109497 0.367123
vt 0.106123 0.370281
vt 0.106141 0.370299
vt 0.109514 0.367142
vt 0.102989 0.373400
vt 0.100117 0.376572
vt 0.103003 0.373418
vt 0.100131 0.376589
vt 0.103018 0.373434
vt 0.100147 0.376605
vt 0.100166 0.376621
vt 0.103036 0.373450
vt 0.098596 0.367325
vt 0.098583 0.367309
vt 0.458240 0.495405
vt 0.456901 0.509558
vt 0.095804 0.370464
vt 0.095791 0.370448
vt 0.456968 0.509569
vt 0.455152 0.523228
vt 0.093202 0.373705
vt 0.093189 0.373688
vt 0.455218 0.523242
vt 0.452891 0.536680
vt 0.090735 0.377131
vt 0.090724 0.377110
vt 0.452956 0.536700
vt 0.450055 0.550234
vt 0.097341 0.380032
vt 0.093970 0.384776
vt 0.097355 0.380050
vt 0.093980 0.384798
vt 0.097370 0.380065
vt 0.093994 0.384815
vt 0.420757 0.539094
vt 0.416811 0.557926
vt 0.423203 0.524741
vt 0.086129 0.384442
vt 0.085170 0.391765
vt 0.086107 0.384442
vt 0.085140 0.391806
vt 0.086085 0.384445
vt 0.085112 0.391833
vt 0.088355 0.380789
vt 0.088351 0.380758
vt 0.450118 0.550268
vt 0.446593 0.564139
vt 0.446648 0.564201
vt 0.442690 0.578283
vt 0.089492 0.391471
vt 0.089496 0.391503
vt 0.089505 0.391526
vt 0.404328 0.614999
vt 0.410893 0.584247
vt 0.124894 0.355683
vt 0.124909 0.355700
vt 0.120683 0.358377
vt 0.124933 0.355740
vt 0.130936 0.352464
vt 0.130955 0.352478
vt 0.124921 0.355718
vt 0.130982 0.352515
vt 0.123813 0.347642
vt 0.119702 0.350051
vt 0.123795 0.347629
vt 0.119689 0.350035
vt 0.123780 0.347613
vt 0.454281 0.404508
vt 0.456449 0.420058
vt 0.456516 0.420047
vt 0.140952 0.342983
vt 0.140995 0.342959
vt 0.141023 0.342936
vt 0.132640 0.343147
vt 0.132640 0.343127
vt 0.132640 0.343106
vt 0.132646 0.343084
vt 0.139629 0.348213
vt 0.139660 0.348220
vt 0.130970 0.352494
vt 0.139682 0.348231
vt 0.139695 0.348250
vt 0.128256 0.345275
vt 0.128226 0.345267
vt 0.447955 0.371442
vt 0.128205 0.345256
vt 0.451362 0.388146
vt 0.452999 0.465519
vt 0.452746 0.480600
vt 0.452895 0.465521
vt 0.452642 0.480603
vt 0.452790 0.465524
vt 0.452537 0.480607
vt 0.451952 0.495325
vt 0.451848 0.495329
vt 0.451744 0.495334
vt 0.432929 0.450507
vt 0.433310 0.466020
vt 0.433033 0.450506
vt 0.433414 0.466018
vt 0.433137 0.450505
vt 0.433518 0.466015
vt 0.431921 0.435077
vt 0.432025 0.435076
vt 0.432130 0.435077
vt 0.452633 0.450409
vt 0.451689 0.435381
vt 0.452529 0.450411
vt 0.451585 0.435382
vt 0.452424 0.450412
vt 0.451480 0.435381
vt 0.432282 0.496615
vt 0.433069 0.481499
vt 0.432386 0.496612
vt 0.433172 0.481496
vt 0.432490 0.496606
vt 0.433277 0.481492
vt 0.429292 0.525067
vt 0.431032 0.511089
vt 0.429396 0.525062
vt 0.431136 0.511085
vt 0.429501 0.525054
vt 0.431241 0.511078
vt 0.450687 0.509410
vt 0.450582 0.509414
vt 0.450477 0.509421
vt 0.448940 0.522998
vt 0.448835 0.523003
vt 0.448729 0.523011
vt 0.446674 0.536360
vt 0.446568 0.536367
vt 0.446462 0.536380
vt 0.443830 0.549819
vt 0.443721 0.549840
vt 0.443609 0.549874
vt 0.422809 0.558415
vt 0.426833 0.539531
vt 0.422915 0.558394
vt 0.426937 0.539524
vt 0.423024 0.558359
vt 0.427042 0.539510
vt 0.423626 0.596568
vt 0.436456 0.577427
vt 0.423623 0.596422
vt 0.436363 0.577394
vt 0.423653 0.596225
vt 0.436274 0.577353
vt 0.083469 0.391676
vt 0.440351 0.563632
vt 0.440232 0.563686
vt 0.440108 0.563769
vt 0.416848 0.584682
vt 0.416960 0.584626
vt 0.417077 0.584540
vt 0.430028 0.418759
vt 0.430132 0.418760
vt 0.430237 0.418766
vt 0.425880 0.396444
vt 0.425986 0.396462
vt 0.426094 0.396493
vt 0.450194 0.420372
vt 0.448020 0.404925
vt 0.450089 0.420369
vt 0.447912 0.404906
vt 0.449983 0.420364
vt 0.447802 0.404877
vt 0.149061 0.341246
vt 0.426178 0.348916
vt 0.426172 0.349060
vt 0.426200 0.349254
vt 0.426226 0.348837
vt 0.441703 0.372013
vt 0.441606 0.372043
vt 0.441512 0.372080
vt 0.418652 0.364302
vt 0.418764 0.364358
vt 0.418883 0.364445
vt 0.445109 0.388640
vt 0.444994 0.388589
vt 0.444874 0.388508
vt 0.407341 0.326480
vt 0.410432 0.326500
vt 0.404332 0.326623
vt 0.149293 0.342139
vt 0.404378 0.615251
vt 0.083392 0.398834
vt 0.407385 0.615330
vt 0.082615 0.398502
vt 0.092998 0.347216
vt 0.096524 0.344224
vt 0.092985 0.347200
vt 0.096511 0.344208
vt 0.408183 0.459645
vt 0.408104 0.474100
vt 0.408118 0.459645
vt 0.089714 0.350325
vt 0.089701 0.350308
vt 0.408168 0.474102
vt 0.407679 0.488219
vt 0.101033 0.350125
vt 0.376709 0.445703
vt 0.377269 0.460644
vt 0.377198 0.460644
vt 0.376780 0.445698
vt 0.377338 0.460643
vt 0.104752 0.347332
vt 0.375718 0.430864
vt 0.375787 0.430852
vt 0.376849 0.445693
vt 0.104065 0.338882
vt 0.100226 0.341439
vt 0.104053 0.338865
vt 0.407729 0.445164
vt 0.406783 0.430768
vt 0.406847 0.430762
vt 0.100214 0.341422
vt 0.407664 0.445167
vt 0.097495 0.353131
vt 0.094200 0.356252
vt 0.376832 0.490141
vt 0.377297 0.475569
vt 0.376902 0.490151
vt 0.377366 0.475572
vt 0.376971 0.490157
vt 0.377226 0.475564
vt 0.091196 0.359404
vt 0.088457 0.362610
vt 0.374822 0.517695
vt 0.376116 0.504144
vt 0.374891 0.517717
vt 0.376186 0.504154
vt 0.374960 0.517731
vt 0.376047 0.504128
vt 0.086724 0.353467
vt 0.086711 0.353450
vt 0.407744 0.488223
vt 0.406907 0.501748
vt 0.084002 0.356667
vt 0.083989 0.356651
vt 0.406971 0.501755
vt 0.405800 0.514845
vt 0.081502 0.359983
vt 0.081488 0.359966
vt 0.405864 0.514856
vt 0.404363 0.527804
vt 0.079167 0.363486
vt 0.079156 0.363466
vt 0.404426 0.527819
vt 0.402589 0.540982
vt 0.085816 0.366168
vt 0.082597 0.371355
vt 0.369821 0.551674
vt 0.373035 0.532008
vt 0.369882 0.551730
vt 0.373102 0.532029
vt 0.369947 0.551768
vt 0.372968 0.531976
vt 0.074865 0.370945
vt 0.073978 0.379667
vt 0.074846 0.370946
vt 0.073948 0.379716
vt 0.074826 0.370952
vt 0.073920 0.379749
vt 0.076947 0.367216
vt 0.076944 0.367185
vt 0.402650 0.541011
vt 0.400452 0.554672
vt 0.400506 0.554729
vt 0.398084 0.568684
vt 0.078202 0.379159
vt 0.364936 0.580493
vt 0.364996 0.580561
vt 0.364883 0.580391
vt 0.108607 0.344768
vt 0.374011 0.415181
vt 0.374078 0.415159
vt 0.375856 0.430843
vt 0.112873 0.342330
vt 0.370624 0.393688
vt 0.370685 0.393642
vt 0.374146 0.415144
vt 0.112265 0.334370
vt 0.108038 0.336545
vt 0.112247 0.334356
vt 0.405573 0.416365
vt 0.403780 0.401498
vt 0.403842 0.401473
vt 0.108025 0.336529
vt 0.405508 0.416376
vt 0.130362 0.330896
vt 0.130409 0.330874
vt 0.130441 0.330850
vt 0.121459 0.330350
vt 0.121460 0.330329
vt 0.121466 0.330308
vt 0.121474 0.330285
vt 0.119055 0.339492
vt 0.365158 0.362717
vt 0.365209 0.362627
vt 0.370749 0.393611
vt 0.365267 0.362568
vt 0.128314 0.335769
vt 0.116832 0.332299
vt 0.401520 0.385643
vt 0.398528 0.369261
vt 0.398598 0.369273
vt 0.116803 0.332290
vt 0.401462 0.385698
vt 0.402182 0.459793
vt 0.402165 0.474219
vt 0.402083 0.459796
vt 0.402066 0.474224
vt 0.401983 0.459800
vt 0.401966 0.474229
vt 0.401742 0.488317
vt 0.401642 0.488323
vt 0.401542 0.488331
vt 0.382757 0.445489
vt 0.383252 0.460494
vt 0.382857 0.445487
vt 0.383352 0.460491
vt 0.382958 0.445486
vt 0.383453 0.460487
vt 0.381763 0.430559
vt 0.381863 0.430558
vt 0.381964 0.430559
vt 0.401723 0.445341
vt 0.400831 0.430959
vt 0.401623 0.445343
vt 0.400731 0.430959
vt 0.401523 0.445344
vt 0.400631 0.430958
vt 0.382883 0.490102
vt 0.383277 0.475468
vt 0.382984 0.490096
vt 0.383377 0.475463
vt 0.383085 0.490088
vt 0.383478 0.475457
vt 0.380925 0.517831
vt 0.382114 0.504159
vt 0.381027 0.517822
vt 0.382215 0.504152
vt 0.381129 0.517809
vt 0.382317 0.504141
vt 0.400969 0.501830
vt 0.400869 0.501838
vt 0.400768 0.501849
vt 0.399848 0.514919
vt 0.399747 0.514928
vt 0.399646 0.514941
vt 0.398378 0.527877
vt 0.398277 0.527891
vt 0.398174 0.527910
vt 0.396556 0.541059
vt 0.396450 0.541089
vt 0.396343 0.541133
vt 0.375897 0.552157
vt 0.379108 0.532275
vt 0.376001 0.552129
vt 0.379210 0.532264
vt 0.376106 0.552084
vt 0.379314 0.532245
vt 0.392037 0.568763
vt 0.378721 0.592063
vt 0.391942 0.568752
vt 0.378706 0.591916
vt 0.391839 0.568728
vt 0.378722 0.591710
vt 0.391741 0.568694
vt 0.072228 0.379777
vt 0.394367 0.554761
vt 0.394252 0.554826
vt 0.394134 0.554922
vt 0.370884 0.580971
vt 0.370991 0.580906
vt 0.371102 0.580805
vt 0.380047 0.414760
vt 0.380147 0.414763
vt 0.380249 0.414770
vt 0.376535 0.393172
vt 0.376636 0.393192
vt 0.376739 0.393225
vt 0.399533 0.416585
vt 0.397763 0.401745
vt 0.399433 0.416582
vt 0.397660 0.401725
vt 0.399332 0.416575
vt 0.397556 0.401693
vt 0.379323 0.347586
vt 0.379311 0.347720
vt 0.379327 0.347901
vt 0.392612 0.370149
vt 0.392519 0.370174
vt 0.392429 0.370204
vt 0.370941 0.362227
vt 0.371044 0.362285
vt 0.371151 0.362373
vt 0.395418 0.386022
vt 0.395309 0.385970
vt 0.395198 0.385890
vt 0.362428 0.325836
vt 0.365701 0.326225
vt 0.139167 0.329663
vt 0.139305 0.330536
vt 0.359567 0.614357
vt 0.072176 0.388309
vt 0.362416 0.614689
vt 0.071328 0.388067
vt 0.093678 0.468834
vt 0.106320 0.426982
vt 0.230094 0.612526
vt 0.273131 0.601717
vt 0.298674 0.379643
vt 0.069125 0.617273
vt 0.404328 0.326695
vt 0.423674 0.596648
vt 0.130602 0.329186
vt 0.094424 0.410118
vt 0.159059 0.354500
vt 0.094014 0.469024
vt 0.093792 0.468908
vt 0.273137 0.601569
vt 0.238124 0.488303
vt 0.238078 0.488314
vt 0.238111 0.488348
vt 0.112438 0.426827
vt 0.084268 0.399081
vt 0.149279 0.343139
vt 0.139419 0.331389
vt 0.118414 0.369723
vt 0.030633 0.365681
vt 0.062803 0.328629
vt 0.150774 0.352777
vt 0.442765 0.578272
vt 0.119677 0.350018
vt 0.141053 0.341349
vt 0.398147 0.568664
vt 0.378776 0.592135
vn -0.0000 -0.9998 -0.0175
vn -0.0000 0.9998 0.0175
vn -0.0000 0.9998 0.0174
vn -0.0000 -0.9998 -0.0174
vn -0.0001 -0.9998 -0.0174
vn -0.0000 0.9998 0.0191
vn -0.0000 -0.9998 -0.0191
vn 0.0001 0.9998 0.0174
vn -0.0813 -0.9960 0.0370
vn -0.0776 -0.9961 0.0414
vn -0.7097 0.3430 0.6153
vn -0.6435 0.4331 0.6312
vn -0.6799 0.4336 0.5913
vn 0.0676 -0.9943 -0.0829
vn 0.6096 0.2851 -0.7397
vn 0.5494 0.3769 -0.7457
vn 0.5678 0.2831 -0.7730
vn -0.0573 -0.9965 0.0615
vn -0.0613 -0.9964 0.0580
vn -0.7445 0.3425 0.5730
vn -0.7135 0.4329 0.5509
vn 0.7699 0.2833 -0.5718
vn 0.7884 0.3728 -0.4893
vn 0.7441 0.3777 -0.5510
vn 0.6904 0.2867 -0.6642
vn 0.6278 0.3806 -0.6790
vn 0.6492 0.2862 -0.7047
vn -0.0653 -0.9964 0.0549
vn -0.0694 -0.9963 0.0497
vn 0.0643 -0.9941 -0.0873
vn 0.5030 0.3731 -0.7796
vn 0.5191 0.2797 -0.8076
vn -0.4615 0.3235 0.8261
vn -0.4880 0.4196 0.7654
vn -0.5088 0.3292 0.7955
vn -0.5538 0.3343 0.7626
vn -0.5695 0.4287 0.7013
vn -0.5945 0.3378 0.7297
vn 0.4510 0.3676 -0.8133
vn 0.4652 0.2751 -0.8414
vn 0.4095 0.3624 -0.8372
vn 0.4214 0.2708 -0.8655
vn -0.3839 0.3143 0.8682
vn -0.4001 0.4057 0.8218
vn -0.4167 0.3172 0.8519
vn -0.0530 -0.9964 0.0661
vn 0.3900 0.3597 -0.8477
vn 0.4014 0.2692 -0.8755
vn 0.6255 0.3835 -0.6794
vn 0.5195 0.1041 -0.8481
vn -0.1741 0.2546 0.9512
vn -0.3693 0.4000 0.8388
vn -0.0441 -0.9962 0.0747
vn -0.0484 -0.9964 0.0700
vn -0.7764 0.3414 0.5298
vn -0.7448 0.4310 0.5094
vn -0.8039 0.3400 0.4879
vn -0.7720 0.4282 0.4697
vn 0.8525 0.2743 -0.4451
vn 0.8419 0.3625 -0.3997
vn 0.8251 0.3664 -0.4301
vn 0.0720 -0.9942 -0.0795
vn -0.8215 0.3391 0.4584
vn -0.7898 0.4258 0.4415
vn -0.9265 0.2955 0.2331
vn -0.8900 0.3910 0.2344
vn 0.8689 0.2720 -0.4136
vn 0.6782 0.3836 -0.6268
vn 0.0794 -0.9945 -0.0682
vn -0.6152 0.5052 0.6053
vn -0.6502 0.5057 0.5670
vn -0.0484 0.9953 0.0837
vn 0.5895 0.3793 -0.7132
vn 0.5284 0.4567 -0.7157
vn 0.0451 0.9976 -0.0520
vn 0.0412 0.9976 -0.0562
vn -0.6824 0.5047 0.5288
vn -0.7128 0.5025 0.4893
vn 0.6673 0.3809 -0.6400
vn 0.6785 0.4596 -0.5730
vn 0.6414 0.4603 -0.6138
vn 0.6035 0.4600 -0.6513
vn 0.7058 0.3800 -0.5979
vn 0.7157 0.4571 -0.5280
vn -0.6062 0.4314 0.6681
vn -0.5307 0.4249 0.7334
vn -0.5450 0.5006 0.6726
vn -0.5079 0.4973 0.7033
vn 0.4345 0.4464 -0.7823
vn 0.0489 0.9976 -0.0496
vn -0.4430 0.4130 0.7957
vn -0.4676 0.4920 0.7344
vn -0.4248 0.4855 0.7641
vn 0.3763 0.4364 -0.8173
vn 0.0384 0.9975 -0.0600
vn -0.3844 0.4777 0.7900
vn -0.1776 0.3509 0.9194
vn -0.3555 0.4712 0.8072
vn 0.5724 0.5402 -0.6169
vn -0.0648 0.9957 0.0665
vn 0.7585 0.4529 -0.4686
vn 0.7952 0.4447 -0.4122
vn -0.7391 0.4996 0.4518
vn -0.7571 0.4958 0.4255
vn -0.0722 0.9956 0.0598
vn -0.0682 0.9957 0.0628
vn 0.8128 0.4385 -0.3836
vn 0.6126 0.5473 -0.5703
vn -0.8536 0.4636 0.2377
vn 0.7303 0.2857 -0.6205
vn -0.9977 -0.0648 0.0201
vn -0.9979 0.0367 0.0535
vn -0.9881 0.1361 0.0721
vn 0.0620 0.9974 -0.0358
vn 0.0650 0.9974 -0.0315
vn 0.5670 0.4589 -0.6841
vn 0.0587 0.9975 -0.0395
vn 0.0857 -0.9943 -0.0636
vn -0.0737 -0.9962 0.0456
vn 0.0739 0.9970 -0.0226
vn 0.0103 -0.0857 0.9963
vn 0.0472 -0.2575 0.9651
vn -0.0236 0.0167 0.9996
vn -0.0023 -0.1132 0.9936
vn -0.0423 0.1175 0.9922
vn -0.0448 0.9951 0.0878
vn -0.6327 0.3402 0.6957
vn -0.0618 0.9956 0.0706
vn -0.5799 0.5035 0.6404
vn -0.0956 -0.9953 -0.0169
vn 0.0904 -0.9940 -0.0616
vn -0.1068 -0.9942 0.0122
vn -0.0897 -0.9955 0.0310
vn -0.0903 0.9949 0.0444
vn -0.0754 0.9954 0.0584
vn 0.0784 0.9967 -0.0210
vn -0.0947 0.9952 0.0242
vn -0.0418 -0.9960 0.0786
vn 0.0565 -0.9939 -0.0943
vn 0.4839 0.4522 -0.7493
vn -0.0354 0.9944 0.0992
vn 0.0606 -0.9940 -0.0907
vn 0.0521 -0.9938 -0.0977
vn 0.0558 0.9975 -0.0434
vn 0.8153 0.2795 -0.5072
vn -0.0066 0.1218 -0.9925
vn 0.0920 0.0190 -0.9956
vn 0.0645 0.1486 -0.9868
vn 0.0692 0.9972 -0.0268
vn -0.0251 -0.9954 0.0929
vn 0.0423 -0.9930 -0.1100
vn 0.0025 -0.9969 0.0786
vn 0.0371 0.9973 -0.0631
vn -0.0041 0.9937 0.1116
vn 0.0326 0.9989 0.0329
vn -0.0228 0.9937 0.1100
vn -0.9630 -0.2688 -0.0210
vn -0.8917 -0.4434 -0.0906
vn -0.0862 -0.9957 0.0334
vn -0.9927 -0.1176 0.0265
vn -0.0372 0.9948 0.0951
vn -0.6717 0.3422 0.6570
vn 0.0521 0.9976 -0.0457
vn -0.0407 0.9950 0.0909
vn 0.0473 -0.9937 -0.1020
vn 0.3948 0.4399 -0.8066
vn -0.1826 0.4267 0.8858
vn -0.0514 0.9954 0.0803
vn -0.0550 0.9954 0.0778
vn -0.0584 0.9956 0.0739
vn 0.0755 -0.9944 -0.0740
vn 0.0440 -0.9933 -0.1067
vn -0.0065 -0.0242 0.9997
vn 0.0018 -0.0178 0.9998
vn 0.0024 -0.0188 0.9998
vn 0.9964 0.0508 0.0686
vn 1.0000 0.0001 -0.0050
vn 0.9950 -0.0019 0.1000
vn 0.9967 0.0816 -0.0038
vn 0.9957 -0.0016 0.0928
vn 0.1017 -0.1141 0.9883
vn 0.0049 -0.0173 0.9998
vn 0.0049 -0.1135 0.9935
vn -0.9999 -0.0037 0.0157
vn -0.9999 0.0083 0.0122
vn -0.9901 0.0953 0.1033
vn -0.0626 0.1352 -0.9888
vn -0.0062 0.0182 -0.9998
vn -0.1586 -0.9836 0.0856
vn -0.0983 -0.9950 -0.0185
vn -0.0650 0.0528 0.9965
vn -0.0697 -0.0433 0.9966
vn 0.0023 0.9995 0.0311
vn -0.0068 0.9997 0.0219
vn -0.0029 0.9997 0.0223
vn -0.0995 0.0629 -0.9931
vn -0.0043 0.0185 -0.9998
vn -0.0043 0.0995 -0.9950
vn 0.0974 0.9951 0.0185
vn -0.0697 0.9935 0.0896
vn 0.0305 0.9952 0.0932
vn -0.1008 -0.0789 -0.9918
vn -0.1021 0.0184 -0.9946
vn -0.0037 0.9998 0.0200
vn 0.0733 0.9956 -0.0579
vn -1.0000 0.0060 0.0045
vn -0.9950 -0.0713 -0.0704
vn -0.9876 -0.1444 0.0610
vn -1.0000 0.0022 0.0070
vn -0.7402 -0.0858 0.6669
vn -0.7022 -0.0968 0.7054
vn -0.8187 -0.1744 0.5470
vn 0.9885 0.1324 -0.0730
vn 1.0000 0.0001 -0.0043
vn 0.9944 0.1055 -0.0023
vn 0.0031 -0.0191 0.9998
vn -0.0938 -0.0186 0.9954
vn 0.0038 -0.0189 0.9998
vn 0.0847 -0.1008 0.9913
vn 0.1584 0.0401 0.9866
vn 0.0217 0.9998 -0.0024
vn -0.0042 0.9998 0.0190
vn -0.0050 0.9959 -0.0900
vn -0.7026 -0.1025 0.7041
vn -0.6448 -0.0371 0.7634
vn 0.6036 -0.5058 -0.6163
vn 0.5160 -0.5943 -0.6169
vn 0.4611 -0.4500 -0.7648
vn -1.0000 0.0002 0.0025
vn -0.9953 -0.0007 0.0965
vn -0.9903 0.0947 0.1018
vn 0.0028 -0.0195 0.9998
vn 0.0031 -0.1096 0.9940
vn 0.0027 0.9998 0.0192
vn 0.0906 0.9957 0.0187
vn -0.0034 0.9931 0.1175
vn 0.1486 0.9857 0.0793
vn 0.0024 0.0775 0.9970
vn -0.1053 -0.9943 -0.0185
vn -0.0004 -0.9932 -0.1168
vn -0.1308 -0.9874 -0.0895
vn -0.0759 0.6928 0.7171
vn 0.0028 0.7508 0.6605
vn 0.0031 0.6949 0.7191
vn 0.0028 -0.0182 0.9998
vn -0.0545 -0.1747 0.9831
vn -0.0996 0.6535 0.7504
vn 0.0033 0.6344 0.7730
vn -0.0972 -0.9949 0.0258
vn -0.0013 0.9998 0.0182
vn -0.0956 0.9952 0.0199
vn -0.0977 0.9885 0.1154
vn -0.9998 0.0184 -0.0006
vn -1.0000 0.0008 -0.0029
vn -0.9956 0.0019 -0.0939
vn 0.0235 -0.0406 0.9989
vn -0.0615 0.9903 -0.1243
vn -0.0861 -0.0005 -0.9963
vn -0.0061 0.1161 -0.9932
vn 0.9952 -0.0977 -0.0065
vn 0.9895 -0.0738 0.1242
vn -0.7063 0.7070 -0.0355
vn -0.7590 0.6473 -0.0703
vn -0.7057 0.7074 -0.0391
vn 0.6028 -0.5956 -0.5309
vn 0.7496 -0.4583 -0.4776
vn -0.6679 0.7413 -0.0667
vn -0.6468 0.7627 0.0017
vn 0.0037 -0.9896 0.1438
vn 0.1002 -0.9949 -0.0087
vn 0.0023 -0.9991 0.0428
vn -0.9953 0.0967 0.0063
vn -1.0000 -0.0011 0.0044
vn -0.1345 -0.0527 -0.9895
vn -0.1084 0.0180 -0.9939
vn -0.9873 0.0622 -0.1462
vn 0.4663 -0.7410 -0.4832
vn 0.5754 -0.5673 -0.5892
vn -0.0934 0.0770 0.9926
vn 0.9910 -0.0985 0.0907
vn -0.7051 0.7065 0.0604
vn -0.5379 0.8290 0.1529
vn -0.7714 0.6298 0.0911
vn 0.9901 0.0987 -0.0993
vn 0.9952 0.0981 -0.0024
vn -0.7037 0.0035 0.7105
vn -0.7910 0.0105 0.6118
vn -0.6188 0.1276 0.7751
vn -0.1087 0.6906 0.7150
vn -0.0981 -0.9884 -0.1157
vn -0.1558 0.6077 0.7787
vn -0.0168 0.9997 0.0198
vn -0.0962 0.9891 0.1116
vn 0.9963 0.0712 0.0488
vn 0.9971 -0.0015 0.0767
vn 0.9822 0.1574 0.1026
vn 0.0907 0.1154 -0.9892
vn -0.9996 -0.0232 -0.0183
vn -0.9909 -0.0957 -0.0947
vn -1.0000 -0.0001 0.0043
vn -0.9956 0.0017 -0.0940
vn -0.9946 0.0702 0.0769
vn -0.9971 0.0706 -0.0288
vn 0.0954 -0.0188 0.9953
vn 0.0078 -0.0056 1.0000
vn 0.1030 -0.0172 0.9945
vn 0.0360 0.0570 0.9977
vn 0.0979 -0.9920 0.0795
vn 0.0013 -0.9892 0.1463
vn -0.0006 0.9968 -0.0796
vn -0.0802 0.9967 -0.0130
vn 0.0964 0.9922 -0.0785
vn -0.9960 -0.0894 0.0026
vn -0.9952 -0.0980 0.0024
vn -0.9964 -0.0320 0.0779
vn -0.2116 0.0670 -0.9751
vn -0.0907 0.0746 0.9931
vn -0.0389 -0.9806 0.1921
vn -0.0783 -0.9906 0.1119
vn -0.0960 -0.9614 0.2579
vn -0.0680 0.0999 -0.9927
vn -0.0157 0.0172 -0.9997
vn -0.0719 0.0957 -0.9928
vn -0.5849 0.7191 0.3752
vn -0.5993 0.6517 0.4648
vn -0.5586 0.6871 0.4646
vn 0.0479 -0.0522 -0.9975
vn 0.7324 -0.6334 0.2497
vn 0.7431 -0.5750 0.3424
vn 0.7666 -0.5924 0.2478
vn -0.0933 0.0766 -0.9927
vn -0.0892 0.0804 -0.9928
vn -0.5416 0.7529 0.3739
vn -0.5173 0.7197 0.4631
vn 0.5604 -0.7892 0.2511
vn 0.4805 -0.8072 0.3429
vn 0.5435 -0.7646 0.3464
vn 0.6550 -0.7122 0.2527
vn 0.6745 -0.6516 0.3470
vn 0.6963 -0.6724 0.2511
vn -0.0856 0.0845 -0.9927
vn -0.0809 0.0881 -0.9928
vn 0.0524 -0.0488 -0.9974
vn 0.7781 -0.5294 0.3382
vn 0.8025 -0.5448 0.2434
vn -0.8027 0.4768 0.3584
vn -0.7380 0.5000 0.4532
vn -0.7705 0.5232 0.3641
vn -0.7365 0.5669 0.3690
vn -0.6715 0.5797 0.4615
vn -0.7023 0.6069 0.3722
vn 0.8129 -0.4782 0.3325
vn 0.8377 -0.4913 0.2386
vn 0.8377 -0.4372 0.3272
vn 0.8625 -0.4485 0.2344
vn -0.8470 0.4007 0.3493
vn -0.7971 0.4139 0.4398
vn -0.8296 0.4326 0.3530
vn -0.0971 0.0722 -0.9926
vn 0.8486 -0.4179 0.3244
vn 0.8730 -0.4285 0.2330
vn 0.6750 -0.6496 0.3497
vn 0.7707 -0.6367 0.0264
vn -0.9374 0.1940 0.2893
vn -0.8151 0.3836 0.4341
vn -0.1066 0.0635 -0.9923
vn -0.1013 0.0676 -0.9926
vn -0.4974 0.7840 0.3715
vn -0.4751 0.7499 0.4604
vn -0.4553 0.8102 0.3692
vn -0.4348 0.7761 0.4567
vn 0.4315 -0.8683 0.2446
vn 0.3892 -0.8582 0.3347
vn 0.4202 -0.8422 0.3378
vn 0.0439 -0.0561 -0.9975
vn -0.4252 0.8270 0.3679
vn -0.4063 0.7933 0.4535
vn -0.1987 0.9271 0.3178
vn -0.1978 0.8887 0.4136
vn 0.3992 -0.8837 0.2445
vn 0.6211 -0.7007 0.3509
vn 0.0329 -0.0637 -0.9974
vn -0.5717 0.6218 0.5353
vn -0.5328 0.6558 0.5348
vn 0.0157 -0.0172 0.9997
vn -0.0498 0.0330 0.9982
vn 0.7096 -0.6143 0.3451
vn 0.7166 -0.5547 0.4228
vn 0.0845 -0.0643 0.9943
vn 0.0881 -0.0603 0.9943
vn -0.4932 0.6867 0.5340
vn -0.4535 0.7161 0.5306
vn 0.6345 -0.6902 0.3479
vn 0.5700 -0.7010 0.4286
vn 0.6113 -0.6650 0.4290
vn 0.6501 -0.6282 0.4275
vn 0.5914 -0.7275 0.3478
vn 0.5240 -0.7368 0.4273
vn -0.6373 0.6155 0.4637
vn -0.7047 0.5418 0.4581
vn -0.6409 0.5529 0.5325
vn -0.6728 0.5168 0.5294
vn 0.7849 -0.4620 0.4129
vn 0.0808 -0.0678 0.9944
vn -0.7697 0.4560 0.4469
vn -0.7054 0.4774 0.5240
vn -0.7361 0.4358 0.5179
vn 0.8212 -0.4049 0.4021
vn 0.0157 -0.0173 0.9997
vn 0.0925 -0.0577 0.9940
vn -0.7631 0.3961 0.5107
vn -0.9023 0.1949 0.3845
vn -0.7818 0.3679 0.5034
vn 0.7386 -0.4852 0.4680
vn -0.0319 0.0491 0.9983
vn 0.4633 -0.7784 0.4237
vn 0.4056 -0.8135 0.4169
vn -0.4155 0.7416 0.5267
vn -0.3889 0.7589 0.5223
vn -0.0247 0.0559 0.9981
vn -0.0283 0.0526 0.9982
vn 0.3765 -0.8299 0.4118
vn 0.3974 -0.8000 0.4495
vn -0.1996 0.8511 0.4856
vn 0.6103 -0.7509 0.2524
vn 0.0040 0.9989 -0.0475
vn -0.0261 0.9981 0.0552
vn -0.0416 0.9869 0.1556
vn 0.0672 -0.0804 0.9945
vn 0.0632 -0.0839 0.9945
vn 0.6840 -0.5922 0.4260
vn 0.0707 -0.0771 0.9945
vn 0.0284 -0.0694 -0.9972
vn -0.0766 0.0920 -0.9928
vn 0.0538 -0.0923 0.9943
vn -0.9985 0.0168 -0.0527
vn -0.9744 -0.0188 -0.2240
vn -0.9975 0.0490 0.0506
vn -0.9985 -0.0520 -0.0168
vn -0.9863 0.0657 0.1514
vn -0.0529 0.0291 0.9982
vn -0.6668 0.6443 0.3745
vn -0.0358 0.0462 0.9983
vn -0.6080 0.5871 0.5344
vn -0.0135 0.1134 -0.9935
vn 0.0263 -0.0748 -0.9968
vn -0.0428 0.1252 -0.9912
vn -0.0619 0.1083 -0.9922
vn -0.0088 0.0735 0.9973
vn -0.0232 0.0594 0.9980
vn 0.0523 -0.0973 0.9939
vn 0.0113 0.0776 0.9969
vn -0.0157 0.0173 -0.9997
vn -0.1109 0.0616 -0.9919
vn 0.0593 -0.0413 -0.9974
vn 0.7506 -0.5109 0.4189
vn -0.0646 0.0203 0.9977
vn 0.0158 -0.0173 0.9997
vn 0.0561 -0.0450 -0.9974
vn 0.0634 -0.0369 -0.9973
vn 0.0747 -0.0742 0.9944
vn 0.4945 -0.8330 0.2482
vn 0.9746 0.1327 0.1804
vn 0.9918 0.0834 0.0972
vn 0.9749 0.1367 0.1760
vn 0.0578 -0.0871 0.9945
vn -0.0158 0.0173 -0.9997
vn -0.1248 0.0450 -0.9912
vn 0.0752 -0.0276 -0.9968
vn -0.1114 0.0171 -0.9936
vn 0.0952 -0.0564 0.9939
vn -0.0787 -0.0106 0.9968
vn -0.0008 -0.0494 0.9988
vn -0.0763 0.0081 0.9971
vn 0.0399 0.9678 -0.2485
vn 0.1848 0.8839 -0.4297
vn -0.0640 0.1046 -0.9925
vn 0.2472 0.9646 0.0922
vn -0.0617 0.0222 0.9978
vn -0.6273 0.6821 0.3757
vn 0.0779 -0.0712 0.9944
vn -0.0568 0.0255 0.9981
vn 0.0675 -0.0322 -0.9972
vn 0.8101 -0.4231 0.4060
vn -0.8659 0.1979 0.4594
vn -0.0461 0.0360 0.9983
vn -0.0429 0.0393 0.9983
vn -0.0393 0.0427 0.9983
vn 0.0391 -0.0596 -0.9975
vn 0.0719 -0.0289 -0.9970
vn -0.4701 0.5366 0.7008
vn -0.5551 0.5468 0.6267
vn -0.5548 0.5052 0.6611
vn 0.9994 0.0217 0.0264
vn -0.1469 -0.7290 -0.6686
vn -0.2435 -0.7475 -0.6180
vn -0.1454 -0.7642 -0.6284
vn 0.9748 0.1581 0.1574
vn 0.9748 0.1541 0.1614
vn -0.4684 0.4925 0.7335
vn -0.5529 0.4631 0.6927
vn -0.1486 -0.5529 -0.8199
vn -0.2443 -0.4789 -0.8432
vn -0.2468 -0.5432 -0.8025
vn -0.1498 -0.6497 -0.7453
vn -0.2469 -0.6772 -0.6931
vn -0.1485 -0.6917 -0.7067
vn 0.9747 0.1504 0.1652
vn 0.9747 0.1461 0.1689
vn 0.9994 0.0179 0.0301
vn -0.2402 -0.7857 -0.5700
vn -0.1426 -0.8032 -0.5785
vn -0.4501 0.7618 0.4658
vn -0.5415 0.6903 0.4798
vn -0.4570 0.7282 0.5108
vn -0.4626 0.6927 0.5534
vn -0.5513 0.6212 0.5570
vn -0.4670 0.6569 0.5919
vn -0.2346 -0.8310 -0.5045
vn -0.1376 -0.8483 -0.5113
vn -0.2283 -0.8672 -0.4425
vn -0.1335 -0.8835 -0.4491
vn -0.4419 0.8075 0.3908
vn -0.5256 0.7527 0.3964
vn -0.4441 0.7900 0.4226
vn 0.9747 0.1624 0.1533
vn -0.2247 -0.8834 -0.4111
vn -0.1320 -0.8987 -0.4183
vn -0.2444 -0.7309 -0.6372
vn -0.1853 -0.8943 -0.4072
vn -0.3759 0.9046 0.2011
vn -0.5189 0.7720 0.3672
vn 0.9925 0.0850 0.0875
vn 0.9801 0.1511 0.1285
vn 0.9752 0.1654 0.1469
vn -0.4655 0.4478 0.7634
vn -0.5496 0.4203 0.7220
vn -0.4626 0.4050 0.7887
vn -0.5452 0.3796 0.7475
vn -0.1453 -0.4214 -0.8952
vn -0.2387 -0.3858 -0.8912
vn -0.2409 -0.4173 -0.8762
vn 0.9994 0.0262 0.0230
vn -0.4603 0.3746 0.8049
vn -0.5414 0.3509 0.7641
vn -0.4031 0.1492 0.9029
vn -0.4662 0.1491 0.8720
vn -0.1451 -0.3889 -0.9098
vn -0.2508 -0.6227 -0.7412
vn 0.9992 0.0373 0.0155
vn -0.6207 0.5156 0.5907
vn -0.6207 0.4756 0.6234
vn -0.9918 -0.0834 -0.0972
vn -0.9988 -0.0195 -0.0456
vn -0.2455 -0.7132 -0.6566
vn -0.3273 -0.7271 -0.6035
vn -0.9782 -0.1512 -0.1421
vn -0.9931 -0.0823 -0.0841
vn -0.9791 -0.1615 -0.1234
vn -0.6191 0.4353 0.6536
vn -0.6156 0.3949 0.6820
vn -0.2477 -0.6363 -0.7306
vn -0.3319 -0.5770 -0.7462
vn -0.3318 -0.6194 -0.7115
vn -0.3309 -0.6589 -0.6755
vn -0.2476 -0.5922 -0.7668
vn -0.3309 -0.5299 -0.7808
vn -0.5539 0.5858 0.5916
vn -0.5473 0.6556 0.5202
vn -0.6173 0.5867 0.5241
vn -0.6139 0.6196 0.4891
vn -0.3171 -0.8102 -0.4929
vn -0.9780 -0.1463 -0.1486
vn -0.9919 -0.0836 -0.0954
vn -0.5340 0.7237 0.4372
vn -0.6079 0.6535 0.4510
vn -0.6003 0.6862 0.4107
vn -0.3049 -0.8641 -0.4005
vn -0.9959 -0.0689 -0.0594
vn -0.9820 -0.1645 -0.0923
vn -0.5902 0.7158 0.3731
vn -0.4662 0.8621 0.1985
vn -0.5785 0.7380 0.3474
vn -0.3863 -0.7906 -0.4750
vn -0.9989 -0.0375 -0.0297
vn -0.3286 -0.4680 -0.8203
vn -0.3225 -0.4090 -0.8536
vn -0.6105 0.3567 0.7071
vn -0.6059 0.3298 0.7240
vn -0.9987 -0.0448 -0.0229
vn -0.9988 -0.0414 -0.0265
vn -0.3183 -0.3791 -0.8689
vn -0.3851 -0.4652 -0.7971
vn -0.5014 0.1519 0.8518
vn -0.1495 -0.6037 -0.7831
vn -0.0304 -0.0301 0.9991
vn -0.1714 -0.0140 0.9851
vn -0.3003 -0.0079 0.9538
vn -0.9780 -0.1325 -0.1612
vn -0.9780 -0.1284 -0.1642
vn -0.3299 -0.6936 -0.6404
vn -0.9780 -0.1364 -0.1579
vn 0.9991 0.0418 0.0096
vn 0.9748 0.1412 0.1726
vn -0.9778 -0.1189 -0.1726
vn -0.0168 0.9990 0.0426
vn 0.1544 0.9880 0.0088
vn -0.1246 0.9897 0.0703
vn -0.0876 0.9954 -0.0385
vn -0.2237 0.9710 0.0847
vn -0.9987 -0.0159 -0.0488
vn -0.4690 0.6207 0.6284
vn -0.9989 -0.0339 -0.0328
vn -0.6198 0.5527 0.5571
vn 0.9782 0.0779 0.1926
vn 0.9990 0.0442 0.0050
vn 0.9729 0.1067 0.2051
vn 0.9739 0.1261 0.1885
vn -0.9981 -0.0614 -0.0061
vn -0.9987 -0.0467 -0.0199
vn -0.9773 -0.1168 -0.1769
vn -0.9967 -0.0815 -0.0020
vn 0.9949 0.0771 0.0647
vn 0.9893 0.1075 0.0985
vn 0.9993 0.0103 0.0373
vn 0.9918 0.0839 0.0961
vn -0.3243 -0.7645 -0.5572
vn -0.9974 0.0715 -0.0054
vn -0.9991 -0.0325 -0.0290
vn 0.9993 0.0140 0.0337
vn 0.9992 0.0082 0.0396
vn -0.9780 -0.1399 -0.1548
vn -0.1470 -0.4858 -0.8616
vn -0.9782 -0.1229 -0.1675
vn 0.9982 0.0498 0.0345
vn 0.9975 0.0493 0.0515
vn 0.9998 -0.0166 -0.0123
vn 0.9912 0.1304 0.0208
vn -0.9874 -0.1448 -0.0636
vn -0.9970 0.0771 -0.0010
vn -0.9987 -0.0329 -0.0383
vn -0.9871 0.1584 0.0220
vn 0.1777 -0.0493 0.9828
vn 0.3664 -0.0954 0.9256
vn 0.9744 0.1282 0.1846
vn -0.0384 -0.1045 0.9938
vn -0.9992 0.0301 -0.0266
vn -0.4701 0.5801 0.6652
vn -0.9780 -0.1432 -0.1518
vn -0.9989 -0.0078 -0.0469
vn 0.9994 0.0115 0.0321
vn -0.3094 -0.8476 -0.4311
vn -0.5258 0.8272 0.1983
vn -0.9988 -0.0230 -0.0425
vn -0.9989 -0.0265 -0.0393
vn -0.9989 -0.0299 -0.0360
vn 0.9993 0.0310 0.0194
vn 0.9999 0.0064 0.0105
vn 0.1187 -0.4374 0.8914
vn 0.1932 -0.7323 0.6530
vn 0.1698 -0.4292 0.8871
vn 0.0673 -0.6178 0.7835
vn 0.1682 -0.9172 0.3612
vn 0.2435 -0.7246 0.6447
vn 0.2689 -0.8872 0.3750
vn 0.1933 -0.9274 -0.3202
vn 0.0579 -0.9707 0.2334
vn 0.0466 -0.9986 -0.0232
vn 0.2422 -0.9047 -0.3506
vn 0.1628 -0.9865 -0.0163
vn 0.0495 -0.8547 0.5167
vn 0.2216 -0.9749 -0.0198
vn 0.5664 -0.4319 -0.7019
vn 0.4629 -0.1454 -0.8744
vn 0.8521 -0.5233 0.0116
vn 0.7079 -0.4425 -0.5506
vn 0.4678 -0.4644 -0.7520
vn 0.3938 -0.3007 -0.8686
vn 0.5420 -0.7187 -0.4355
vn -0.6577 -0.7337 -0.1709
vn -0.7836 -0.6194 -0.0487
vn -0.8898 -0.4347 -0.1389
vn -0.6511 -0.7264 -0.2200
vn -0.3720 -0.9141 -0.1611
vn -0.5226 -0.8514 -0.0451
vn -0.3882 -0.8854 -0.2556
vn 0.8449 0.1108 -0.5234
vn 0.6954 -0.4319 -0.5743
vn 0.7853 -0.1761 -0.5936
vn 0.8662 -0.1417 -0.4792
vn 0.7476 -0.4585 -0.4804
vn -0.0399 -0.5583 -0.8287
vn 0.5526 -0.4456 -0.7043
vn -0.2315 -0.5661 -0.7911
vn 0.4177 -0.7256 -0.5468
vn -0.2475 -0.9667 -0.0647
vn 0.3026 -0.9289 -0.2136
vn 0.0053 -0.9980 -0.0629
vn -0.0001 -0.9848 -0.1735
vn 0.3313 -0.9071 -0.2597
vn -0.0012 -0.9738 -0.2274
vn 0.0814 0.4826 0.8720
vn -0.0111 0.2074 0.9782
vn 0.0393 -0.1098 0.9932
vn 0.1463 0.5197 0.8417
vn 0.0069 0.4884 0.8726
vn -0.0017 0.7112 0.7030
vn 0.1851 0.8250 0.5340
vn 0.3687 0.7623 -0.5320
vn 0.6931 0.5356 -0.4825
vn 0.3354 0.6513 -0.6807
vn 0.2343 0.9297 -0.2841
vn 0.5249 0.4864 -0.6985
vn 0.2953 0.9194 -0.2599
vn 0.2896 0.8758 -0.3861
vn 0.0276 0.9413 0.3365
vn 0.1370 0.9712 -0.1952
vn 0.1152 0.9915 0.0607
vn 0.2309 0.8658 -0.4439
vn 0.1404 0.9876 0.0709
vn -0.8727 0.4857 -0.0500
vn -0.9925 -0.1217 -0.0144
vn -0.9783 0.2030 0.0413
vn -0.8725 0.4878 0.0268
vn -0.8491 0.5157 -0.1142
vn -0.5278 0.8348 -0.1567
vn 0.2090 0.9703 -0.1221
vn -0.3238 0.9461 -0.0009
vn -0.0159 0.9998 -0.0137
vn 0.4528 0.8634 -0.2224
vn -0.0471 0.9945 -0.0940
vn -0.6985 0.7148 0.0341
vn 0.2960 0.9292 -0.2212
vn -0.0518 0.9913 -0.1208
vn 0.5363 0.7632 -0.3605
vn 0.6813 0.6513 -0.3340
vn 0.4847 0.5405 -0.6877
vn 0.6958 0.4969 -0.5186
vn 0.2744 0.9190 -0.2832
vn 0.3391 0.2624 -0.9034
vn 0.0992 0.5248 -0.8454
vn 0.5931 0.5482 -0.5897
vn 0.3834 0.6610 -0.6451
vn 0.1645 0.8643 -0.4753
vn 0.4199 0.8128 -0.4038
vn 0.8528 0.5125 -0.0999
vn 0.9043 0.2508 -0.3455
vn 0.5425 0.8270 -0.1477
vn 0.6550 0.6542 -0.3781
vn 0.1249 0.9841 -0.1260
vn 0.1924 0.9564 -0.2198
vn -0.4990 0.2200 -0.8382
vn -0.6522 0.4563 -0.6053
vn -0.4542 0.1613 -0.8762
vn -0.8975 0.3259 -0.2973
vn -0.8939 0.4041 0.1943
vn -0.8687 0.4077 0.2812
vn -0.1001 0.7273 0.6790
vn -0.4373 0.6309 0.6408
vn -0.2870 0.7679 0.5727
vn -0.7539 -0.0739 -0.6529
vn -0.7024 -0.1124 -0.7028
vn -0.6973 -0.1160 -0.7073
vn -0.8173 0.5372 -0.2082
vn -0.0279 0.6655 -0.7459
vn -0.2426 0.5858 -0.7733
vn -0.4891 0.5666 0.6631
vn -0.4407 0.7393 0.5092
vn -0.4281 0.7687 0.4752
vn -0.7946 0.3921 0.4636
vn -0.6557 0.3903 0.6463
vn -0.5466 0.7879 -0.2837
vn -0.4414 0.8296 -0.3419
vn -0.3745 0.8483 -0.3743
vn 0.3202 0.4532 -0.8319
vn 0.4517 0.2729 -0.8494
vn 0.4712 0.2418 -0.8482
vn 0.9551 0.2512 0.1572
vn 0.8750 0.4837 0.0170
vn -0.2041 0.8306 0.5181
vn -0.6660 -0.1018 0.7390
vn -0.6640 -0.1433 0.7339
vn -0.5823 -0.0375 0.8121
vn 0.2325 0.7814 0.5790
vn 0.2325 0.7815 0.5790
vn -0.1786 -0.8173 0.5478
vn -0.4080 -0.6161 0.6737
vn -0.1191 -0.8534 0.5075
vn -0.5197 -0.2347 0.8215
vn -0.2959 -0.3213 0.8995
vn -0.4091 0.1765 0.8952
vn -0.2463 -0.0983 0.9642
vn -0.7427 0.6687 0.0345
vn -0.6587 0.6398 0.3959
vn -0.7884 0.5754 0.2178
vn 0.1373 -0.6838 0.7166
vn -0.5123 -0.0901 -0.8540
vn -0.2480 -0.3280 -0.9115
vn -0.8619 -0.1780 -0.4748
vn -0.6493 -0.3761 -0.6610
vn -0.5380 -0.5864 -0.6056
vn -0.7964 -0.4243 -0.4309
vn -0.9655 -0.1885 -0.1797
vn -0.8285 -0.5288 -0.1843
vn -0.9574 -0.1796 -0.2260
vn -0.2448 -0.8996 -0.3616
vn -0.5103 -0.8518 -0.1188
vn -0.6474 -0.6514 -0.3957
vn -0.6375 -0.6471 0.4181
vn -0.4931 -0.8502 0.1846
vn -0.4515 -0.8831 0.1276
vn -0.8806 -0.3602 0.3078
vn -0.9035 -0.3536 0.2422
vn -0.8660 -0.4295 0.2560
vn -0.2888 0.5451 0.7871
vn -0.4370 0.6173 0.6541
vn -0.8208 -0.2268 0.5243
vn -0.8206 -0.2272 0.5244
vn -0.7138 -0.6903 -0.1185
vn -0.6663 -0.7261 -0.1699
vn 0.1061 -0.8627 0.4944
vn 0.3489 -0.9093 0.2266
vn 0.0748 -0.9881 0.1347
vn 0.1828 -0.5485 0.8159
vn 0.3906 -0.6686 0.6328
vn 0.6002 -0.6063 0.5217
vn 0.4320 -0.4446 0.7847
vn 0.6600 -0.3987 0.6367
vn 0.1843 -0.2084 0.9605
vn 0.4786 -0.2020 0.8545
vn 0.2307 -0.2003 0.9522
vn 0.9074 -0.3498 0.2331
vn 0.8562 -0.1151 0.5037
vn 0.8391 0.0014 0.5440
vn 0.9561 0.1517 0.2506
vn -0.7942 0.4654 0.3907
vn -0.5833 0.8121 -0.0162
vn -0.6655 0.7375 -0.1154
vn 0.2377 0.5546 0.7974
vn 0.7575 -0.4779 -0.4447
vn 0.2182 0.8763 -0.4296
vn -0.3728 0.9227 -0.0988
vn 0.5016 0.4441 -0.7424
vn -0.1966 0.9284 -0.3153
vn -0.7053 0.7055 -0.0686
vn -0.1139 0.9034 -0.4134
vn -0.3828 0.9026 -0.1971
vn 0.3131 -0.3007 -0.9009
vn 0.5791 -0.1700 -0.7973
vn 0.1551 -0.5709 -0.8062
vn 0.0874 -0.4240 -0.9014
vn 0.4347 -0.0691 -0.8979
vn -0.2867 0.2987 -0.9103
vn -0.2861 0.2993 -0.9103
vn -0.4702 0.0914 -0.8778
vn -0.9208 0.3743 -0.1099
vn -0.8623 -0.2196 -0.4563
vn -0.9224 0.1989 -0.3312
vn -0.4899 -0.4743 -0.7314
vn -0.8998 0.3846 -0.2059
vn -0.8949 0.1173 -0.4305
vn 0.4625 -0.2460 0.8518
vn 0.1243 0.3539 0.9270
vn 0.7282 -0.5004 0.4683
vn 0.3450 0.1713 0.9229
vn 0.0874 0.6887 0.7197
vn 0.4430 0.0859 0.8924
vn 0.2228 0.3599 0.9060
vn 0.8906 -0.3145 -0.3285
vn 0.7932 -0.5833 -0.1748
vn 0.7940 -0.1415 -0.5913
vn 0.8921 -0.0780 -0.4450
vn 0.8913 -0.4411 -0.1049
vn 0.9213 0.2706 0.2793
vn 0.9214 0.2707 0.2788
vn 0.8833 0.4632 0.0731
vn 0.1204 0.9116 0.3932
vn 0.4477 0.8699 -0.2069
vn 0.3386 0.9173 0.2095
vn 0.7168 0.5063 -0.4794
vn 0.2201 0.8910 0.3971
vn 0.4359 0.8917 0.1217
vn -0.3881 0.9103 0.1441
vn -0.1269 0.9053 0.4055
vn -0.7038 0.6991 0.1259
vn -0.3643 0.8493 0.3820
vn -0.1095 0.6864 0.7190
vn -0.5755 0.5636 0.5926
vn -0.3265 0.6532 0.6832
vn -0.9119 0.1175 0.3932
vn -0.9134 0.3833 0.1370
vn -0.6991 0.0957 0.7086
vn -0.8568 0.3549 0.3741
vn -0.6680 0.6604 0.3430
vn -0.1234 0.3663 0.9223
vn -0.3824 0.1071 0.9178
vn -0.3600 0.3438 0.8673
vn -0.6654 0.3127 0.6778
vn -0.8666 -0.4439 -0.2281
vn -0.9196 -0.1264 0.3720
vn -0.4913 -0.7140 -0.4989
vn -0.8996 -0.3602 0.2471
vn -0.6980 -0.1350 0.7032
vn -0.8108 -0.4181 0.4098
vn -0.6630 -0.3450 0.6644
vn 0.2301 -0.9417 -0.2456
vn 0.1576 -0.7838 -0.6007
vn 0.5829 -0.7833 -0.2161
vn 0.3140 -0.9427 -0.1131
vn 0.0923 -0.9405 -0.3271
vn 0.0335 -0.9983 -0.0485
vn -0.3669 -0.1406 0.9196
vn 0.2373 -0.4815 0.8437
vn -0.2415 -0.3789 0.8934
vn 0.5138 -0.7659 0.3864
vn -0.4046 -0.4299 0.8072
vn -0.1276 0.1635 -0.9783
vn -0.3220 0.5065 -0.7999
vn -0.0935 0.4320 -0.8970
vn -0.2397 0.1963 -0.9508
vn -0.3975 0.5430 -0.7397
vn -0.2576 0.6176 -0.7431
vn -0.0757 0.7701 -0.6335
vn -0.4326 0.6521 -0.6226
vn -0.8197 0.4344 0.3734
vn -0.8245 -0.0491 0.5637
vn -0.7247 0.3032 0.6188
vn -0.7524 0.5356 0.3834
vn -0.9639 -0.0041 -0.2663
vn -0.9777 0.2098 -0.0108
vn -0.9129 -0.1027 -0.3951
vn -0.7841 0.6055 0.1363
vn -0.7476 0.6314 0.2059
vn -0.0948 0.9469 -0.3072
vn -0.3058 0.9332 0.1887
vn -0.2712 0.9577 -0.0965
vn -0.5380 0.7181 0.4415
vn -0.2969 0.9314 -0.2107
vn -0.3665 0.9290 -0.0516
vn 0.0914 0.3954 -0.9139
vn 0.3729 0.1145 -0.9208
vn 0.1121 0.7157 -0.6893
vn 0.3957 0.4159 -0.8188
vn 0.6988 0.1297 -0.7035
vn 0.3784 0.9221 -0.0815
vn 0.0951 0.9275 -0.3614
vn 0.7021 0.7041 -0.1058
vn 0.3980 0.8323 -0.3859
vn 0.9188 0.1044 -0.3807
vn 0.9202 0.3800 -0.0940
vn 0.8227 0.4075 -0.3963
vn 0.7885 0.5424 0.2899
vn 0.9537 0.2166 0.2088
vn 0.9022 0.4227 0.0856
vn 0.4988 0.8239 0.2689
vn 0.7194 0.5882 0.3693
vn 0.2295 0.7949 0.5616
vn -0.1590 0.9372 0.3105
vn 0.3185 0.9421 0.1050
vn -0.3966 0.7515 0.5272
vn 0.1065 0.9563 0.2725
vn 0.6394 0.7647 0.0800
vn -0.1691 0.8183 0.5494
vn -0.3523 0.5331 0.7692
vn -0.5820 0.3932 0.7118
vn 0.2685 0.1646 0.9491
vn -0.0610 0.4996 0.8641
vn -0.1007 -0.3613 -0.9270
vn -0.3822 -0.0805 -0.9206
vn -0.0948 -0.6908 -0.7168
vn -0.3767 -0.3578 -0.8545
vn -0.7075 -0.0789 -0.7023
vn -0.3578 -0.6484 -0.6720
vn -0.6638 -0.3427 -0.6648
vn -0.3789 -0.9185 -0.1130
vn -0.0990 -0.9132 -0.3953
vn -0.7043 -0.7025 -0.1020
vn -0.3751 -0.8421 -0.3875
vn -0.6629 -0.6541 -0.3644
vn -0.9222 -0.0903 -0.3761
vn -0.9208 -0.3769 -0.1004
vn -0.8508 -0.3664 -0.3767
vn -0.5134 0.2157 -0.8306
vn -0.2746 0.2994 -0.9138
vn -0.4646 0.0930 -0.8806
vn -0.6468 0.1196 -0.7532
vn -0.5241 0.4825 -0.7018
vn -0.7393 0.3434 -0.5792
vn -0.9444 0.2703 0.1871
vn -0.9446 0.0732 -0.3199
vn -0.7307 0.5398 0.4179
vn -0.8051 0.5240 0.2780
vn -0.8935 0.0928 -0.4393
vn -0.7399 0.0455 -0.6712
vn -0.1981 0.7197 0.6654
vn -0.5964 0.6766 0.4318
vn -0.5194 0.6703 0.5300
vn -0.3647 0.7569 0.5423
vn -0.5200 0.8332 0.1880
vn -0.7663 0.5740 0.2888
vn -0.5468 -0.7926 0.2698
vn -0.4230 -0.9037 0.0660
vn -0.1799 -0.4984 0.8480
vn -0.5149 -0.6613 0.5455
vn -0.8279 -0.5027 0.2487
vn -0.7658 -0.6404 0.0586
vn -0.8040 -0.2370 0.5454
vn -0.5450 0.3440 0.7646
vn -0.2165 0.5123 0.8311
vn -0.4204 0.5690 0.7067
vn -0.8268 0.1626 0.5386
vn -0.5927 0.2400 0.7688
vn -0.9436 -0.3196 0.0862
vn -0.9427 0.1578 0.2940
vn -0.9606 -0.1093 0.2555
vn -0.7638 0.3957 0.5099
vn -0.2565 -0.7557 0.6026
vn -0.1496 -0.9547 0.2571
vn -0.0717 -0.8647 0.4971
vn -0.2344 -0.4812 0.8447
vn -0.8545 -0.4732 0.2141
vn -0.5319 -0.6289 0.5671
vn -0.9157 -0.3771 0.1390
vn -0.3698 -0.4453 0.8154
vn -0.2882 0.1564 0.9447
vn -0.0805 -0.3152 0.9456
vn -0.5143 0.4070 0.7548
vn -0.2459 -0.1156 0.9624
vn -0.0578 -0.6105 0.7899
vn -0.3202 -0.0731 0.9445
vn -0.7739 0.3636 0.5185
vn -0.7126 0.5930 0.3749
vn -0.8305 0.5365 0.1499
vn -0.7807 0.2522 0.5717
vn -0.6890 0.3844 0.6144
vn -0.6967 0.1229 0.7068
vn 0.3792 -0.9219 0.0798
vn 0.0995 -0.9269 0.3620
vn 0.7047 -0.7054 0.0762
vn 0.3754 -0.8554 0.3570
vn 0.0953 -0.7161 0.6914
vn 0.6629 -0.6673 0.3395
vn 0.3577 -0.6728 0.6476
vn 0.9224 -0.1037 0.3720
vn 0.9209 -0.3800 0.0863
vn 0.7077 -0.1040 0.6988
vn 0.8513 -0.3794 0.3625
vn 0.6646 -0.3661 0.6514
vn 0.1016 -0.3942 0.9134
vn 0.3829 -0.1129 0.9169
vn 0.3773 -0.3878 0.8410
vn 0.9684 0.2028 0.1455
vn 0.8007 0.3038 0.5163
vn 0.9044 0.0743 0.4201
vn 0.9099 0.3848 0.1546
vn 0.7799 0.3776 0.4991
vn 0.5024 0.2412 0.8303
vn 0.6433 0.0547 0.7637
vn 0.2317 0.5340 0.8131
vn -0.3393 0.7770 0.5302
vn -0.3659 0.9149 0.1703
vn -0.5703 0.6976 0.4336
vn -0.1669 0.5186 0.8385
vn -0.2722 0.8146 0.5122
vn 0.3227 0.0721 0.9438
vn -0.1593 0.2738 0.9485
vn 0.1102 0.2376 0.9651
vn -0.3925 0.4880 0.7796
vn -0.8980 -0.1758 -0.4033
vn -0.6856 -0.1760 -0.7064
vn -0.8971 -0.2688 -0.3508
vn -0.8050 -0.0355 -0.5923
vn -0.3958 -0.1427 -0.9072
vn -0.7320 -0.2261 -0.6427
vn -0.4112 -0.2435 -0.8784
vn 0.2829 -0.1849 -0.9412
vn -0.2677 -0.0347 -0.9629
vn -0.0123 -0.0293 -0.9995
vn 0.3135 -0.2352 -0.9200
vn -0.0208 -0.1454 -0.9892
vn -0.5457 -0.0210 -0.8377
vn -0.0192 -0.2047 -0.9786
vn 0.6672 -0.5880 -0.4574
vn 0.8566 -0.4827 -0.1822
vn 0.6535 -0.7099 -0.2627
vn 0.7136 -0.6810 -0.1643
vn 0.7239 -0.4788 -0.4967
vn 0.8477 -0.4109 -0.3355
vn 0.3968 -0.5408 -0.7417
vn 0.1754 0.6687 -0.7226
vn 0.0490 0.7932 -0.6070
vn 0.2739 0.8831 -0.3808
vn 0.2253 0.7135 -0.6634
vn 0.1415 0.3837 -0.9125
vn 0.0305 0.5357 -0.8439
vn 0.2376 0.3962 -0.8869
vn 0.5999 -0.7995 0.0295
vn 0.5518 -0.6974 -0.4573
vn 0.6703 -0.6909 -0.2709
vn 0.4506 -0.8760 -0.1719
vn 0.4453 -0.7511 -0.4873
vn 0.6430 -0.7454 -0.1759
vn 0.5111 -0.4180 -0.7510
vn 0.4798 -0.4966 -0.7233
vn 0.0391 0.2629 -0.9640
vn 0.1746 -0.2916 -0.9405
vn 0.0290 0.0109 -0.9995
vn 0.1409 0.0129 -0.9899
vn 0.2208 -0.3212 -0.9209
vn 0.1959 0.0117 -0.9806
vn -0.8588 -0.0730 0.5072
vn -0.9702 0.0330 0.2399
vn -0.9888 -0.1406 -0.0508
vn -0.8959 -0.1437 0.4204
vn -0.8561 0.0072 0.5167
vn -0.6788 0.0073 0.7343
vn -0.5114 -0.1855 0.8391
vn 0.5526 -0.3770 0.7433
vn 0.6860 -0.5545 0.4711
vn 0.6928 -0.3643 0.6223
vn 0.3091 -0.2579 0.9154
vn 0.5390 -0.4206 0.7298
vn 0.2830 -0.3181 0.9049
vn -0.3058 -0.0354 0.9514
vn 0.2237 -0.1589 0.9616
vn -0.0315 -0.1311 0.9909
vn 0.4662 -0.2576 0.8464
vn -0.0398 -0.1560 0.9869
vn 0.1126 0.8636 0.4914
vn 0.3145 0.8690 0.3820
vn -0.0078 0.9750 0.2219
vn 0.0125 0.8637 0.5039
vn 0.1749 0.9845 -0.0155
vn 0.1982 0.5100 0.8370
vn 0.1177 0.6200 0.7757
vn 0.1486 -0.2296 0.9619
vn 0.0408 0.3071 0.9508
vn 0.0474 -0.0023 0.9989
vn 0.2388 -0.4735 0.8478
vn 0.1282 0.0265 0.9914
vn 0.0080 0.6858 0.7278
vn 0.2438 -0.3170 0.9166
vn 0.1551 0.0312 0.9874
vn 0.3483 -0.5642 0.7486
vn 0.3372 -0.7010 0.6284
vn 0.4301 -0.7757 0.4618
vn 0.3744 -0.5232 0.7656
vn 0.3057 -0.2976 0.9044
vn 0.3592 0.9316 -0.0562
vn 0.6975 0.7047 -0.1298
vn 0.3342 0.9373 -0.0986
vn 0.5464 0.8374 -0.0124
vn 0.8995 0.4203 -0.1190
vn 0.6890 0.7015 -0.1819
vn 0.8788 0.4257 -0.2156
vn 0.9519 -0.2510 -0.1756
vn 0.9522 0.3042 -0.0263
vn 0.9983 0.0520 -0.0278
vn 0.9288 -0.2964 -0.2224
vn 0.9899 0.0410 -0.1355
vn 0.8147 0.5799 -0.0052
vn 0.9818 0.0316 -0.1875
vn 0.5327 -0.4427 -0.7212
vn 0.5403 -0.6561 -0.5268
vn 0.2542 -0.8562 -0.4499
vn -0.1229 -0.7823 -0.6107
vn 0.5317 -0.7285 -0.4319
vn 0.4042 -0.8284 -0.3877
vn 0.7720 -0.4112 -0.4847
vn 0.6841 -0.1330 0.7172
vn 0.5456 -0.0305 0.8375
vn 0.3626 -0.1438 0.9208
vn 0.6827 -0.1820 0.7077
vn 0.8876 -0.0896 0.4519
vn 0.7993 0.0114 0.6008
vn 0.8679 -0.1875 0.4599
vn 0.0241 -0.4838 -0.8748
vn 0.5542 -0.4877 -0.6746
vn 0.3101 -0.5285 -0.7903
vn 0.2713 -0.4128 -0.8695
vn 0.5746 -0.3887 -0.7203
vn 0.6357 -0.7699 0.0563
vn 0.5681 -0.6228 -0.5380
vn 0.6210 -0.7432 0.2491
vn 0.8164 -0.4461 -0.3666
vn 0.9411 0.0192 0.3377
vn 0.9705 -0.1010 -0.2191
vn 0.9952 0.0389 0.0898
vn 0.9933 -0.0732 0.0892
vn 0.9568 -0.1474 -0.2506
vn 0.9880 -0.1280 0.0862
vn -0.5832 0.8105 -0.0538
vn -0.3261 0.9440 0.0496
vn -0.0124 0.9928 -0.1192
vn -0.4822 0.8681 -0.1176
vn -0.5825 0.8123 0.0283
vn -0.7757 0.6305 0.0272
vn -0.8768 0.4520 -0.1643
vn -0.6861 -0.6257 -0.3713
vn -0.3744 -0.7509 -0.5440
vn -0.5485 -0.7541 -0.3611
vn -0.8907 -0.3783 -0.2522
vn -0.6625 -0.6224 -0.4167
vn -0.8768 -0.3634 -0.3149
vn -0.9644 0.2637 -0.0189
vn -0.9501 -0.2733 -0.1502
vn -0.9927 -0.0222 -0.1186
vn -0.8089 -0.5300 -0.2545
vn -0.9890 -0.0159 -0.1470
vn -0.5546 -0.1535 0.8178
vn 0.0166 -0.1861 0.9824
vn -0.2976 -0.0361 0.9540
vn -0.5655 -0.0719 0.8216
vn -0.4524 -0.2178 0.8648
vn -0.8575 -0.2682 0.4390
vn -0.8109 -0.1883 0.5540
vn -0.9285 -0.2070 -0.3081
vn -0.9667 -0.1145 0.2289
vn -0.9899 -0.1153 -0.0826
vn -0.7898 -0.2821 -0.5446
vn -0.9791 -0.1958 -0.0546
vn -0.7762 -0.0775 0.6257
vn -0.8695 -0.2963 -0.3951
vn -0.9737 -0.2223 -0.0507
vn -0.6738 -0.3874 -0.6292
vn -0.5468 -0.3587 -0.7565
vn -0.3796 -0.5362 -0.7539
vn -0.6544 -0.4310 -0.6213
vn -0.8543 -0.3576 -0.3772
vn -0.2921 -0.9069 0.3036
vn -0.3104 -0.9071 0.2842
vn -0.4333 -0.7761 0.4581
vn -0.4603 -0.7761 0.4310
vn -0.6951 -0.2643 0.6685
vn -0.6760 -0.0094 0.7368
vn -0.7184 -0.0078 0.6956
vn -0.2746 -0.9072 0.3186
vn -0.4080 -0.7759 0.4811
vn -0.6537 -0.2649 0.7088
vn -0.6350 -0.0116 0.7724
vn 0.2996 -0.9037 -0.3058
vn 0.3166 -0.9040 -0.2874
vn 0.4490 -0.7726 -0.4488
vn 0.7198 -0.3086 -0.6218
vn 0.7160 -0.0621 -0.6953
vn 0.6805 -0.3081 -0.6648
vn 0.3332 -0.9047 -0.2655
vn 0.4748 -0.7736 -0.4197
vn 0.7576 -0.3098 -0.5745
vn 0.7578 -0.0627 -0.6494
vn -0.3456 -0.9053 0.2469
vn -0.3286 -0.9062 0.2662
vn -0.5111 -0.7726 0.3767
vn -0.7342 -0.2620 0.6263
vn -0.7952 -0.0062 0.6063
vn -0.7700 -0.2618 0.5819
vn -0.4862 -0.7747 0.4043
vn -0.7585 -0.0061 0.6516
vn 0.2822 -0.9030 -0.3241
vn 0.2654 -0.9026 -0.3389
vn 0.4218 -0.7716 -0.4761
vn 0.3959 -0.7711 -0.4986
vn 0.6010 -0.3063 -0.7382
vn 0.6732 -0.0619 -0.7368
vn 0.6313 -0.0618 -0.7730
vn 0.6408 -0.3073 -0.7035
vn 0.2481 -0.9015 -0.3546
vn 0.2277 -0.9005 -0.3704
vn 0.3698 -0.7682 -0.5226
vn 0.3375 -0.7657 -0.5476
vn 0.5126 -0.3047 -0.8028
vn 0.5873 -0.0624 -0.8069
vn 0.5363 -0.0632 -0.8417
vn 0.5596 -0.3060 -0.7702
vn -0.2558 -0.9068 0.3352
vn -0.3805 -0.7747 0.5050
vn -0.6132 -0.2671 0.7434
vn -0.5911 -0.0134 0.8065
vn -0.2359 -0.9057 0.3523
vn -0.3512 -0.7732 0.5280
vn -0.5700 -0.2676 0.7768
vn -0.5422 -0.0164 0.8401
vn -0.2148 -0.9045 0.3684
vn -0.3208 -0.7712 0.5499
vn -0.5226 -0.2680 0.8094
vn -0.4915 -0.0183 0.8707
vn -0.1956 -0.9009 0.3873
vn -0.2941 -0.7640 0.5743
vn -0.4729 -0.2672 0.8396
vn -0.4430 -0.0183 0.8963
vn 0.2059 -0.8988 -0.3871
vn 0.1899 -0.8947 -0.4042
vn 0.3035 -0.7614 -0.5728
vn 0.2780 -0.7544 -0.5947
vn 0.4181 -0.2969 -0.8585
vn 0.4793 -0.0633 -0.8754
vn 0.4339 -0.0614 -0.8989
vn 0.4595 -0.3018 -0.8353
vn -0.1031 -0.8956 0.4328
vn 0.0103 -0.9317 0.3630
vn -0.1741 -0.5540 0.8141
vn 0.0190 -0.7169 0.6969
vn -0.1859 -0.0810 0.9792
vn 0.0244 -0.3826 0.9236
vn -0.0836 -0.9825 0.1667
vn -0.2757 -0.7541 0.5961
vn -0.4234 -0.2598 0.8679
vn -0.4077 -0.0131 0.9130
vn -0.2704 -0.7459 0.6087
vn -0.3904 -0.2453 0.8873
vn 0.1829 -0.8914 -0.4148
vn 0.2683 -0.7490 -0.6059
vn 0.4134 -0.0577 -0.9087
vn 0.3974 -0.2909 -0.8703
vn 0.3537 -0.9040 -0.2400
vn 0.5014 -0.7736 -0.3874
vn 0.8014 -0.3090 -0.5121
vn 0.7982 -0.0649 -0.5989
vn 0.3768 -0.9006 -0.2168
vn 0.5360 -0.7695 -0.3472
vn 0.8381 -0.3020 -0.4543
vn 0.8450 -0.0658 -0.5307
vn -0.3803 -0.9007 0.2101
vn -0.3625 -0.9038 0.2276
vn -0.5562 -0.7648 0.3250
vn -0.8038 -0.2592 0.5355
vn -0.8571 -0.0015 0.5152
vn -0.8346 -0.2502 0.4908
vn -0.5348 -0.7695 0.3491
vn -0.8287 -0.0051 0.5597
vn -0.3804 -0.9247 -0.0142
vn -0.7117 -0.7025 -0.0084
vn -0.9321 -0.3622 -0.0006
vn -0.4402 -0.8911 0.1106
vn -0.8159 -0.5375 0.2130
vn -0.9688 -0.0463 0.2433
vn 0.3940 -0.8956 -0.2065
vn 0.5691 -0.7624 -0.3079
vn 0.8578 -0.2926 -0.4226
vn 0.8828 -0.0625 -0.4655
vn 0.8995 -0.0561 -0.4333
vn 0.5896 -0.7525 -0.2935
vn 0.8594 -0.2987 -0.4150
vn -0.3962 -0.8961 0.2000
vn -0.8561 -0.2342 0.4608
vn -0.5776 -0.7555 0.3090
vn -0.8754 0.0051 0.4833
vn -0.5208 0.6795 0.5169
vn -0.4909 0.6784 0.5466
vn -0.3770 0.8445 0.3803
vn -0.3552 0.8441 0.4017
vn -0.2096 0.9528 0.2199
vn -0.1976 0.9524 0.2322
vn -0.4616 0.6762 0.5742
vn -0.3341 0.8427 0.4221
vn -0.1856 0.9520 0.2434
vn 0.5800 0.6547 -0.4846
vn 0.5483 0.6548 -0.5202
vn 0.4204 0.8390 -0.3455
vn 0.3975 0.8393 -0.3708
vn 0.2306 0.9561 -0.1811
vn 0.2177 0.9564 -0.1945
vn 0.6119 0.6525 -0.4470
vn 0.4434 0.8381 -0.3179
vn 0.2425 0.9559 -0.1653
vn -0.5505 0.6800 0.4843
vn -0.5783 0.6790 0.4523
vn -0.3986 0.8449 0.3568
vn -0.4190 0.8444 0.3337
vn -0.2216 0.9529 0.2072
vn -0.2330 0.9530 0.1936
vn 0.4853 0.6535 -0.5808
vn 0.5161 0.6545 -0.5525
vn 0.3527 0.8385 -0.4154
vn 0.3745 0.8392 -0.3944
vn 0.1936 0.9564 -0.2185
vn 0.2057 0.9563 -0.2079
vn 0.4156 0.6475 -0.6388
vn 0.4525 0.6515 -0.6089
vn 0.3032 0.8351 -0.4590
vn 0.3293 0.8372 -0.4367
vn 0.1668 0.9557 -0.2427
vn 0.1807 0.9559 -0.2314
vn -0.4308 0.6733 0.6009
vn -0.3121 0.8409 0.4422
vn -0.1737 0.9513 0.2549
vn -0.3972 0.6686 0.6287
vn -0.2882 0.8380 0.4634
vn -0.1604 0.9501 0.2674
vn -0.3619 0.6629 0.6555
vn -0.2635 0.8344 0.4841
vn -0.1467 0.9491 0.2787
vn -0.3287 0.6553 0.6801
vn -0.2404 0.8288 0.5052
vn -0.1342 0.9468 0.2926
vn 0.3415 0.6345 -0.6934
vn 0.3742 0.6420 -0.6692
vn 0.2519 0.8265 -0.5035
vn 0.2738 0.8319 -0.4827
vn 0.1402 0.9526 -0.2700
vn 0.1514 0.9546 -0.2568
vn -0.0394 0.4016 0.9150
vn -0.1632 0.6219 0.7659
vn -0.0301 0.7156 0.6978
vn -0.1223 0.8119 0.5708
vn -0.0163 0.9229 0.3848
vn -0.0720 0.9400 0.3335
vn -0.3055 0.6475 0.6982
vn -0.2255 0.8221 0.5228
vn -0.1269 0.9437 0.3056
vn 0.3267 0.6297 -0.7048
vn 0.2421 0.8223 -0.5150
vn 0.1351 0.9509 -0.2784
vn 0.6497 0.6485 -0.3967
vn 0.4721 0.8350 -0.2825
vn 0.2584 0.9548 -0.1468
vn 0.6847 0.6389 -0.3506
vn 0.5013 0.8280 -0.2513
vn 0.2760 0.9523 -0.1304
vn -0.6046 0.6772 0.4193
vn -0.6289 0.6734 0.3886
vn -0.4388 0.8433 0.3102
vn -0.4589 0.8402 0.2889
vn -0.2448 0.9526 0.1809
vn -0.2570 0.9514 0.1694
vn -0.9059 0.4173 0.0718
vn -0.6844 0.7265 0.0618
vn -0.3687 0.9286 0.0428
vn -0.7300 0.6493 0.2136
vn -0.5363 0.8279 0.1643
vn -0.3066 0.9462 0.1037
vn 0.7041 0.6299 -0.3279
vn 0.5201 0.8207 -0.2366
vn 0.2891 0.9493 -0.1234
vn -0.6468 0.6681 0.3678
vn -0.4754 0.8355 0.2755
vn -0.2680 0.9495 0.1633
vn 0.4513 0.3726 -0.8109
vn 0.7914 0.3725 -0.4847
vn -0.2737 0.1930 -0.9423
vn -0.9630 -0.2633 -0.0579
vn 0.4822 0.3711 -0.7936
vn 0.9449 0.2028 0.2571
vn 0.0850 -0.2517 0.9641
vn 0.8130 0.3736 -0.4465
vn -0.0023 0.9153 0.4027
vn -0.0006 0.6906 0.7232
vn 0.0012 0.3621 0.9321
vn -0.9231 -0.0060 0.3846
vn -0.3772 -0.0169 0.9260
vn -0.7030 -0.0124 0.7111
vn 0.6923 -0.6968 0.1877
vn 0.6924 -0.6968 0.1872
vn 0.1662 -0.1821 0.9691
vn 0.6271 -0.6211 -0.4701
vn -0.9243 0.3814 0.0116
vn -0.7076 0.7064 0.0170
vn -0.3822 0.9239 0.0198
vn 0.6856 0.2402 -0.6872
vn 0.6854 0.2412 -0.6870
vn 0.1521 0.9788 -0.1372
vn 0.6286 -0.4417 -0.6401
vn -0.1565 -0.6864 -0.7102
vn -0.1566 -0.6864 -0.7102
vn -0.9769 -0.1500 -0.1521
vn 0.4543 -0.6182 -0.6414
vn -0.0075 0.4174 -0.9087
vn -0.0075 0.7388 -0.6739
vn -0.0068 0.8796 -0.4758
vn -0.0064 0.9346 -0.3555
vn -0.1079 0.9939 -0.0242
vn -0.0038 0.9907 0.1363
vn 0.3649 0.9308 0.0211
vn 0.5647 0.8252 0.0133
vn 0.6842 0.7292 0.0110
vn 0.9146 0.4043 0.0038
vn -0.3162 0.8893 0.3303
vn -0.4971 0.7031 0.5085
vn -0.5215 0.6661 0.5332
vn -0.6872 0.2183 0.6928
vn -0.4251 0.7918 0.4386
vn -0.5546 0.6102 0.5657
vn -0.4045 0.0169 -0.9144
vn -0.7277 0.0127 -0.6858
vn -0.9313 0.0067 -0.3643
vn -0.9833 -0.1181 -0.1384
vn -0.5156 0.0159 -0.8567
vn -0.8912 0.0083 -0.4536
vn -0.9922 0.1035 -0.0701
vn -0.4055 -0.9140 -0.0157
vn -0.4308 -0.9023 -0.0152
vn -0.7313 -0.6820 -0.0098
vn -0.8257 -0.5641 -0.0072
vn -0.9344 -0.3561 -0.0028
vn -0.9927 -0.0002 0.1205
vn -0.8980 0.3039 0.3184
vn -0.7957 0.4188 0.4375
vn -0.6524 0.5253 0.5463
vn -0.3193 0.6579 0.6820
vn -0.7194 0.4364 0.5404
vn -0.1150 -0.0124 0.9933
vn 0.0039 -0.3698 0.9291
vn 0.0043 -0.5456 0.8381
vn 0.0045 -0.6744 0.7383
vn 0.0046 -0.8174 0.5760
vn 0.0045 -0.8991 0.4376
vn 0.1422 -0.1340 0.9807
vn 0.3326 -0.0178 0.9429
vn 0.6711 -0.0140 0.7412
vn 0.9161 -0.0076 0.4008
vn 0.0763 0.0838 0.9936
vn 0.5021 -0.0164 0.8646
vn -0.2997 0.2849 0.9105
vn -0.5443 0.4513 0.7072
vn -0.5154 0.5042 0.6929
vn -0.5522 0.5421 0.6334
vn -0.6831 0.6784 0.2703
vn -0.3952 0.3816 0.8355
vn -0.0024 0.9308 -0.3656
vn -0.0044 0.7202 -0.6937
vn -0.0057 0.3998 -0.9166
vn 0.9238 0.3829 0.0033
vn 0.7072 0.7069 0.0104
vn 0.3824 0.9238 0.0160
vn -0.6669 0.3060 0.6794
vn -0.5174 0.6676 0.5355
vn -0.2779 0.9130 0.2986
vn -0.9256 0.0070 -0.3786
vn -0.7104 0.0130 -0.7037
vn -0.3864 0.0171 -0.9222
vn -0.9240 -0.3824 -0.0033
vn -0.7071 -0.7071 -0.0104
vn -0.3826 -0.9238 -0.0160
vn -0.3966 0.6372 0.6609
vn -0.7059 0.4907 0.5108
vn -0.9204 0.2698 0.2830
vn 0.0022 -0.9089 0.4171
vn 0.0036 -0.6950 0.7190
vn 0.0045 -0.3867 0.9222
vn 0.9257 -0.0064 0.3782
vn 0.7104 -0.0122 0.7037
vn 0.3871 -0.0160 0.9219
vn -0.6618 0.6599 0.3558
vn -0.5088 0.5020 0.6993
vn -0.2714 0.2608 0.9265
vn 0.3774 0.0176 -0.9259
vn 0.7029 0.0135 -0.7111
vn 0.7033 0.0135 -0.7108
vn 0.9219 0.0074 -0.3873
vn 0.9947 0.0019 -0.1025
vn -0.5810 -0.0156 0.8137
vn -0.5728 0.1325 0.8090
vn 0.3864 -0.0176 0.9222
vn 0.3849 0.0789 0.9196
vn 0.9877 -0.0030 0.1566
vn 0.3857 -0.0176 0.9225
vn -0.0043 0.1807 -0.9835
vn 0.0108 0.9305 -0.3661
vn -0.0016 0.9304 -0.3665
vn -0.0041 0.1810 -0.9835
vn 0.0059 0.5656 -0.8246
vn 0.0107 0.9789 0.2038
vn 0.0108 0.9321 -0.3621
vn 0.0026 0.8006 0.5992
vn 0.0007 -0.9899 0.1418
vn -0.1477 -0.9789 0.1415
vn 0.0040 -0.3995 0.9167
vn -0.0934 -0.3977 0.9127
vn 0.0003 -0.9981 0.0616
vn 0.0007 -0.9898 0.1428
vn 0.0040 -0.3993 0.9168
vn 0.0035 0.5696 0.8219
vn 0.9242 -0.3818 -0.0111
vn 0.7077 -0.7063 -0.0156
vn 0.7083 -0.7057 -0.0156
vn 0.3839 -0.9232 -0.0178
vn -0.9246 -0.3794 0.0335
vn -0.1576 -0.9813 0.1103
vn -0.8084 0.5837 -0.0753
vn -0.9239 -0.3811 0.0336
vn -0.1572 -0.9814 0.1103
vn -0.1654 -0.0185 -0.9861
vn -0.6561 -0.1330 -0.7429
vn -0.6626 -0.1346 -0.7368
vn -0.9055 -0.2069 0.3704
vn -0.1664 -0.0186 -0.9859
vn -0.8974 -0.2016 -0.3926
vn -0.8993 -0.2022 -0.3877
vn -0.8031 -0.1902 0.5647
vn -0.0017 -0.9164 -0.4003
vn -0.0030 -0.6937 -0.7203
vn -0.0040 -0.3654 -0.9308
vn -0.0043 -0.0796 -0.9968
vn -0.0031 -0.6935 -0.7205
vn 0.3829 0.9238 0.0088
vn 0.3826 0.9238 0.0140
vn -0.5794 0.8148 0.0172
vn 0.3828 0.9238 0.0035
vn 0.9860 0.1666 -0.0021
vn -0.3252 0.3159 -0.8913
vn -0.3064 0.3334 -0.8916
vn -0.4726 0.4591 -0.7523
vn -0.4452 0.4848 -0.7529
vn -0.6589 0.7162 -0.2300
vn -0.7184 0.6951 0.0264
vn -0.6766 0.7358 0.0277
vn -0.3413 0.2980 -0.8914
vn -0.4958 0.4333 -0.7526
vn -0.6996 0.6762 -0.2311
vn -0.7554 0.6547 0.0258
vn 0.2675 -0.2910 -0.9186
vn 0.2484 -0.3077 -0.9185
vn 0.4113 -0.4467 -0.7945
vn 0.5921 -0.7302 -0.3411
vn 0.6739 -0.7324 -0.0970
vn 0.6363 -0.6919 -0.3412
vn 0.2273 -0.3240 -0.9183
vn 0.3813 -0.4720 -0.7949
vn 0.5440 -0.7667 -0.3409
vn 0.6271 -0.7728 -0.0975
vn -0.2668 0.3668 -0.8912
vn -0.2872 0.3510 -0.8912
vn -0.3878 0.5333 -0.7518
vn -0.6143 0.7550 -0.2294
vn -0.5849 0.8107 0.0276
vn -0.5694 0.7896 -0.2286
vn -0.4172 0.5104 -0.7520
vn -0.6311 0.7752 0.0279
vn 0.2860 -0.2747 -0.9180
vn 0.3021 -0.2580 -0.9177
vn 0.4387 -0.4209 -0.7940
vn 0.4628 -0.3954 -0.7934
vn 0.7116 -0.6145 -0.3406
vn 0.7164 -0.6907 -0.0981
vn 0.7536 -0.6500 -0.0979
vn 0.6763 -0.6527 -0.3414
vn 0.3173 -0.2410 -0.9172
vn 0.3338 -0.2210 -0.9164
vn 0.4865 -0.3692 -0.7918
vn 0.5117 -0.3384 -0.7897
vn 0.7789 -0.5276 -0.3391
vn 0.7887 -0.6067 -0.0988
vn 0.8247 -0.5566 -0.1003
vn 0.7447 -0.5738 -0.3409
vn -0.3585 0.2804 -0.8904
vn -0.5196 0.4071 -0.7513
vn -0.7356 0.6371 -0.2302
vn -0.7909 0.6115 0.0237
vn -0.3752 0.2606 -0.8896
vn -0.5429 0.3780 -0.7499
vn -0.7700 0.5946 -0.2315
vn -0.8255 0.5639 0.0216
vn -0.3927 0.2400 -0.8878
vn -0.5676 0.3484 -0.7460
vn -0.8041 0.5478 -0.2308
vn -0.8578 0.5137 0.0184
vn -0.4115 0.2213 -0.8841
vn -0.5902 0.3222 -0.7401
vn -0.8355 0.4983 -0.2317
vn -0.8844 0.4663 0.0196
vn 0.3516 -0.1997 -0.9146
vn 0.3689 -0.1842 -0.9110
vn 0.5387 -0.3046 -0.7855
vn 0.5614 -0.2797 -0.7788
vn 0.8372 -0.4345 -0.3322
vn 0.8600 -0.5003 -0.1007
vn 0.8845 -0.4560 -0.0984
vn 0.8126 -0.4754 -0.3372
vn -0.4599 0.1300 -0.8784
vn -0.3940 0.0155 -0.9190
vn -0.8276 0.2048 -0.5227
vn -0.7203 0.0116 -0.6936
vn -0.9762 0.2122 -0.0450
vn -0.9361 0.0061 -0.3517
vn -0.1982 0.1056 -0.9745
vn -0.6124 0.3041 -0.7298
vn -0.8644 0.4504 -0.2235
vn -0.9019 0.4313 0.0243
vn -0.6248 0.2988 -0.7214
vn -0.8844 0.4174 -0.2087
vn 0.3798 -0.1775 -0.9079
vn 0.5742 -0.2705 -0.7727
vn 0.8951 -0.4355 -0.0956
vn 0.8494 -0.4140 -0.3273
vn 0.1994 -0.3431 -0.9179
vn 0.3494 -0.4978 -0.7938
vn 0.4806 -0.8090 -0.3385
vn 0.5752 -0.8121 -0.0978
vn 0.1773 -0.3668 -0.9133
vn 0.3055 -0.5296 -0.7913
vn 0.4214 -0.8438 -0.3323
vn 0.5058 -0.8571 -0.0975
vn -0.2298 0.4017 -0.8865
vn -0.2478 0.3838 -0.8895
vn -0.3357 0.5782 -0.7437
vn -0.5228 0.8220 -0.2258
vn -0.4924 0.8698 0.0296
vn -0.4767 0.8512 -0.2195
vn -0.3599 0.5566 -0.7487
vn -0.5368 0.8432 0.0278
vn -0.0064 0.3966 -0.9180
vn 0.0038 0.7234 -0.6904
vn 0.0131 0.9380 -0.3463
vn -0.1286 0.4596 -0.8788
vn -0.2089 0.8308 -0.5158
vn -0.2192 0.9754 -0.0226
vn 0.1667 -0.3832 -0.9085
vn 0.2678 -0.5640 -0.7811
vn 0.3900 -0.8629 -0.3215
vn 0.4398 -0.8932 -0.0935
vn 0.4073 -0.9093 -0.0851
vn 0.2528 -0.5827 -0.7723
vn 0.3824 -0.8647 -0.3258
vn -0.2193 0.4170 -0.8821
vn -0.4461 0.8717 -0.2026
vn -0.3185 0.5984 -0.7351
vn -0.4598 0.8873 0.0364
vn -0.4801 0.5220 0.7050
vn -0.5108 0.4927 0.7045
vn -0.3420 0.3717 0.8631
vn -0.3642 0.3506 0.8628
vn -0.1825 0.1984 0.9630
vn -0.1950 0.1865 0.9629
vn -0.5391 0.4640 0.7029
vn -0.3851 0.3299 0.8619
vn -0.2067 0.1750 0.9626
vn 0.4911 -0.6038 0.6279
vn 0.5266 -0.5729 0.6281
vn 0.3623 -0.4441 0.8195
vn 0.3877 -0.4219 0.8196
vn 0.2063 -0.2517 0.9456
vn 0.2200 -0.2396 0.9456
vn 0.4524 -0.6348 0.6264
vn 0.3337 -0.4663 0.8193
vn 0.1906 -0.2636 0.9456
vn -0.4470 0.5508 0.7049
vn -0.4138 0.5774 0.7038
vn -0.3178 0.3923 0.8632
vn -0.2944 0.4124 0.8622
vn -0.1693 0.2102 0.9629
vn -0.1561 0.2213 0.9626
vn 0.5896 -0.5114 0.6252
vn 0.5600 -0.5418 0.6268
vn 0.4339 -0.3778 0.8179
vn 0.4118 -0.3993 0.8191
vn 0.2456 -0.2160 0.9450
vn 0.2337 -0.2276 0.9453
vn 0.6483 -0.4431 0.6192
vn 0.6180 -0.4798 0.6228
vn 0.4777 -0.3294 0.8144
vn 0.4549 -0.3552 0.8166
vn 0.2702 -0.1901 0.9439
vn 0.2574 -0.2038 0.9446
vn -0.5666 0.4339 0.7005
vn -0.4056 0.3086 0.8604
vn -0.2186 0.1634 0.9620
vn -0.5956 0.4013 0.6958
vn -0.4274 0.2853 0.8579
vn -0.2312 0.1506 0.9612
vn -0.6235 0.3668 0.6904
vn -0.4492 0.2610 0.8545
vn -0.2436 0.1371 0.9601
vn -0.6488 0.3343 0.6837
vn -0.4708 0.2385 0.8494
vn -0.2582 0.1255 0.9579
vn 0.7045 -0.3702 0.6054
vn 0.6798 -0.4022 0.6133
vn 0.5239 -0.2791 0.8048
vn 0.5026 -0.3009 0.8104
vn 0.2980 -0.1639 0.9404
vn 0.2843 -0.1749 0.9426
vn -0.9001 0.0558 0.4321
vn -0.7404 0.1720 0.6498
vn -0.6731 0.0354 0.7387
vn -0.5406 0.1225 0.8323
vn -0.3532 0.0099 0.9355
vn -0.3007 0.0639 0.9516
vn -0.6688 0.3121 0.6748
vn -0.4892 0.2241 0.8429
vn -0.2691 0.1178 0.9559
vn 0.7166 -0.3558 0.5999
vn 0.5356 -0.2697 0.8003
vn 0.3062 -0.1592 0.9386
vn 0.4008 -0.6710 0.6238
vn 0.2974 -0.4937 0.8172
vn 0.1712 -0.2786 0.9450
vn 0.3534 -0.7051 0.6147
vn 0.2652 -0.5226 0.8103
vn 0.1547 -0.2962 0.9425
vn -0.3806 0.6031 0.7010
vn -0.3496 0.6268 0.6964
vn -0.2704 0.4317 0.8605
vn -0.2491 0.4514 0.8568
vn -0.1430 0.2328 0.9620
vn -0.1311 0.2444 0.9608
vn -0.0341 0.8994 0.4358
vn -0.0197 0.6727 0.7397
vn -0.0023 0.3536 0.9354
vn -0.1727 0.7238 0.6681
vn -0.1227 0.5257 0.8418
vn -0.0642 0.2922 0.9542
vn 0.3301 -0.7230 0.6069
vn 0.2500 -0.5400 0.8037
vn 0.1476 -0.3095 0.9394
vn -0.3282 0.6441 0.6909
vn -0.2350 0.4672 0.8524
vn -0.1242 0.2551 0.9589
vn 0.8088 -0.4812 0.3379
vn 0.4646 0.8762 -0.1279
vn 0.6067 -0.7146 0.3482
vn 0.0770 0.9671 -0.2425
vn 0.6869 -0.6387 0.3466
vn -0.9742 -0.0579 -0.2180
vn 0.4401 -0.8292 0.3445
vn 0.8390 0.3758 0.3936
vn 0.8388 0.3572 0.4109
vn 0.6795 0.5087 0.5287
vn 0.6790 0.4817 0.5541
vn 0.1264 0.6516 0.7479
vn -0.1320 0.6939 0.7079
vn -0.1323 0.6512 0.7473
vn 0.8388 0.3929 0.3768
vn 0.6787 0.5339 0.5044
vn 0.1254 0.6934 0.7096
vn -0.1301 0.7322 0.6685
vn 0.9552 -0.1951 -0.2225
vn 0.9550 -0.1760 -0.2389
vn 0.8548 -0.3417 -0.3905
vn 0.4401 -0.5452 -0.7135
vn 0.2021 -0.6435 -0.7383
vn 0.4396 -0.5902 -0.6770
vn 0.9548 -0.1538 -0.2545
vn 0.8539 -0.3126 -0.4160
vn 0.4385 -0.4960 -0.7495
vn 0.2024 -0.5958 -0.7772
vn 0.8387 0.3163 0.4433
vn 0.8387 0.3369 0.4279
vn 0.6781 0.4226 0.6013
vn 0.1262 0.6063 0.7852
vn -0.1324 0.5575 0.8195
vn 0.1243 0.5605 0.8188
vn 0.6781 0.4527 0.5790
vn -0.1323 0.6047 0.7853
vn 0.9548 -0.2137 -0.2065
vn 0.9545 -0.2299 -0.1902
vn 0.8538 -0.3704 -0.3659
vn 0.8536 -0.3942 -0.3405
vn 0.4399 -0.6673 -0.6010
vn 0.2029 -0.6872 -0.6975
vn 0.2037 -0.7255 -0.6574
vn 0.4400 -0.6312 -0.6387
vn 0.9539 -0.2452 -0.1731
vn 0.9533 -0.2595 -0.1549
vn 0.8524 -0.4179 -0.3142
vn 0.8503 -0.4423 -0.2851
vn 0.4381 -0.7371 -0.5145
vn 0.2034 -0.7615 -0.6154
vn 0.2044 -0.8003 -0.5636
vn 0.4385 -0.7013 -0.5621
vn 0.8386 0.4098 0.3590
vn 0.6783 0.5578 0.4783
vn 0.1277 0.7307 0.6707
vn -0.1277 0.7690 0.6264
vn 0.8373 0.4281 0.3401
vn 0.6758 0.5835 0.4504
vn 0.1275 0.7666 0.6294
vn -0.1238 0.8051 0.5800
vn 0.8376 0.4439 0.3183
vn 0.6761 0.6056 0.4197
vn 0.1301 0.8014 0.5838
vn -0.1200 0.8388 0.5311
vn 0.8483 0.4435 0.2894
vn 0.6862 0.6158 0.3872
vn 0.1298 0.8346 0.5353
vn -0.1181 0.8669 0.4842
vn 0.9523 -0.2698 -0.1425
vn 0.9463 -0.2881 -0.1466
vn 0.8453 -0.4680 -0.2578
vn 0.8336 -0.4945 -0.2461
vn 0.4222 -0.8061 -0.4146
vn 0.2050 -0.8423 -0.4985
vn 0.1977 -0.8746 -0.4427
vn 0.4338 -0.7750 -0.4596
vn 0.9165 0.3720 0.1471
vn 0.9176 0.3967 0.0237
vn 0.8131 0.5659 0.1365
vn 0.6760 0.7363 0.0300
vn -0.0234 0.9725 0.2316
vn 0.3329 0.9424 0.0311
vn 0.3028 0.9525 0.0316
vn 0.9754 0.1698 0.1403
vn 0.7145 0.6038 0.3534
vn 0.1281 0.8641 0.4867
vn -0.1208 0.8851 0.4495
vn 0.7053 0.6171 0.3490
vn 0.1200 0.8834 0.4530
vn 0.9354 -0.3163 -0.1580
vn 0.8155 -0.5220 -0.2500
vn 0.1889 -0.8892 -0.4167
vn 0.4087 -0.8241 -0.3921
vn 0.9534 -0.1264 -0.2739
vn 0.8535 -0.2787 -0.4404
vn 0.4349 -0.4322 -0.7900
vn 0.2020 -0.5428 -0.8152
vn 0.9495 -0.1034 -0.2962
vn 0.8486 -0.2361 -0.4734
vn 0.4254 -0.3733 -0.8244
vn 0.2006 -0.4726 -0.8582
vn 0.8348 0.2773 0.4757
vn 0.8373 0.2966 0.4593
vn 0.6714 0.3682 0.6431
vn 0.1246 0.5124 0.8496
vn -0.1326 0.4635 0.8761
vn 0.1177 0.4654 0.8772
vn 0.6761 0.3938 0.6228
vn -0.1311 0.5093 0.8505
vn 0.8814 0.0574 0.4689
vn 0.6303 0.0221 0.7760
vn 0.2725 -0.0170 0.9620
vn 0.8297 0.1746 0.5301
vn 0.4342 0.2192 0.8737
vn -0.0701 0.1912 0.9790
vn 0.9453 -0.0928 -0.3128
vn 0.8402 -0.1968 -0.5053
vn 0.4142 -0.3415 -0.8437
vn 0.1935 -0.4060 -0.8931
vn 0.1850 -0.3736 -0.9090
vn 0.8312 -0.1824 -0.5252
vn 0.4187 -0.3336 -0.8446
vn 0.8294 0.2666 0.4910
vn 0.1027 0.4333 0.8954
vn 0.6621 0.3504 0.6624
vn -0.1379 0.4300 0.8923
vn -0.7754 0.4153 0.4756
vn -0.7746 0.4471 0.4473
vn -0.9112 0.2714 0.3100
vn -0.9108 0.2944 0.2895
vn -0.9859 0.1107 0.1255
vn -0.9858 0.1235 0.1140
vn -0.7726 0.4764 0.4197
vn -0.9098 0.3157 0.2696
vn -0.9854 0.1357 0.1030
vn -0.5436 -0.5149 -0.6629
vn -0.5432 -0.5512 -0.6334
vn -0.7557 -0.4036 -0.5158
vn -0.7556 -0.4297 -0.4944
vn -0.9064 -0.2626 -0.3310
vn -0.9064 -0.2768 -0.3190
vn -0.5424 -0.4749 -0.6930
vn -0.7552 -0.3749 -0.5378
vn -0.9064 -0.2469 -0.3427
vn -0.7752 0.3817 0.5034
vn -0.7739 0.3477 0.5293
vn -0.9111 0.2468 0.3302
vn -0.9101 0.2228 0.3496
vn -0.9859 0.0969 0.1368
vn -0.9855 0.0838 0.1478
vn -0.5415 -0.6150 -0.5731
vn -0.5424 -0.5850 -0.6030
vn -0.7544 -0.4765 -0.4514
vn -0.7552 -0.4543 -0.4726
vn -0.9061 -0.3025 -0.2958
vn -0.9063 -0.2902 -0.3072
vn -0.5367 -0.6779 -0.5024
vn -0.5397 -0.6441 -0.5421
vn -0.7517 -0.5241 -0.4003
vn -0.7536 -0.4978 -0.4292
vn -0.9055 -0.3298 -0.2671
vn -0.9058 -0.3144 -0.2840
vn -0.7698 0.5049 0.3904
vn -0.9078 0.3374 0.2491
vn -0.9848 0.1479 0.0915
vn -0.7647 0.5350 0.3592
vn -0.9051 0.3600 0.2261
vn -0.9838 0.1607 0.0791
vn -0.7579 0.5650 0.3262
vn -0.8999 0.3849 0.2047
vn -0.9816 0.1780 0.0688
vn -0.7440 0.5975 0.2991
vn -0.8862 0.4217 0.1918
vn -0.9727 0.2202 0.0736
vn -0.5199 -0.7612 -0.3877
vn -0.5291 -0.7225 -0.4450
vn -0.7409 -0.5978 -0.3062
vn -0.7468 -0.5625 -0.3548
vn -0.9038 -0.3800 -0.1970
vn -0.9040 -0.3566 -0.2358
vn -0.4861 0.8706 0.0758
vn -0.6756 0.7167 0.1731
vn -0.7590 0.6488 0.0558
vn -0.8177 0.5607 0.1303
vn -0.9339 0.3563 0.0292
vn -0.9207 0.3817 0.0812
vn -0.7218 0.6310 0.2844
vn -0.8593 0.4727 0.1953
vn -0.9586 0.2714 0.0862
vn -0.5166 -0.7777 -0.3581
vn -0.7424 -0.6095 -0.2781
vn -0.9097 -0.3790 -0.1696
vn -0.5401 -0.4229 -0.7276
vn -0.7534 -0.3379 -0.5642
vn -0.9063 -0.2268 -0.3567
vn -0.5317 -0.3736 -0.7601
vn -0.7470 -0.3041 -0.5912
vn -0.9034 -0.2099 -0.3740
vn -0.7709 0.3139 0.5542
vn -0.7658 0.2827 0.5776
vn -0.9082 0.1984 0.3684
vn -0.9050 0.1762 0.3871
vn -0.9848 0.0703 0.1589
vn -0.9837 0.0580 0.1702
vn -0.5478 -0.0259 0.8362
vn -0.7894 -0.0506 0.6117
vn -0.9579 -0.0718 0.2780
vn -0.7249 0.1492 0.6725
vn -0.8866 0.0494 0.4598
vn -0.9763 -0.0097 0.2161
vn -0.5239 -0.3492 -0.7769
vn -0.7398 -0.2881 -0.6080
vn -0.9001 -0.2019 -0.3860
vn -0.7601 0.2614 0.5949
vn -0.9005 0.1625 0.4035
vn -0.9822 0.0509 0.1808
vn -0.2417 -0.8153 -0.5261
vn -0.2444 -0.4746 -0.8456
vn -0.1168 -0.9710 0.2085
vn 0.1757 -0.0854 0.9807
vn -0.2453 -0.4963 -0.8328
vn -0.2453 -0.4959 -0.8330
vn 0.1515 0.9881 -0.0256
vn -0.2455 -0.5201 -0.8181
vn -0.3747 0.8483 -0.3742
vn -0.5863 0.4673 0.6617
vn -0.6452 0.4637 0.6072
vn 0.7963 0.6010 0.0686
vn 0.7963 0.6009 0.0686
vn -0.5999 -0.7988 0.0448
vn -0.0991 0.6549 -0.7492
vn -0.2330 -0.1221 0.9648
vn -0.6398 0.6324 0.4367
vn 0.5932 -0.1868 -0.7831
vn 0.8200 -0.5293 0.2176
vn 0.3961 0.8743 -0.2806
vn -0.6732 0.4978 -0.5469
vn -0.8855 0.3135 -0.3429
vn -0.9634 0.2612 -0.0606
vn -0.5002 0.1116 0.8587
vn -0.6226 0.7464 -0.2351
vn 0.0781 0.6925 -0.7172
vn 0.7570 -0.4316 -0.4906
vn 0.7570 -0.4315 -0.4907
vn 0.7569 -0.4317 -0.4906
vn -0.4545 -0.5605 0.6923
vn -0.2817 -0.3625 0.8884
vn -0.6582 -0.5958 0.4603
vn -0.0810 0.4833 -0.8717
vn 0.8851 0.0563 0.4620
vn -0.8954 -0.4283 -0.1221
vn 0.1292 -0.4552 0.8810
vn -0.9069 0.3135 0.2815
vn -0.4340 0.8833 -0.1774
vn 0.5742 0.5891 -0.5685
vn 0.4726 -0.5099 -0.7188
vn -0.6174 -0.1012 0.7801
vn 0.5734 -0.3517 -0.7400
vn 0.7432 -0.4917 -0.4538
vn -0.8249 0.5586 -0.0868
vn 0.0103 0.9758 0.2183
vn -0.9239 -0.3812 0.0336
vn 0.1184 0.8867 0.4469
f 1222/1/9 1/2/1 201/3/10
f 1173/4/11 20/5/12 106/6/13
f 89/7/1 226/8/14 3/9/4
f 215/10/15 114/11/16 1183/12/17
f 4/13/1 1187/14/18 205/15/19
f 200/16/20 106/6/13 16/17/21
f 211/18/22 102/19/23 14/20/24
f 225/21/25 109/22/26 1178/23/27
f 3/9/4 1162/24/28 221/25/29
f 1177/26/30 4/13/1 88/27/1
f 1183/12/17 22/28/31 230/29/32
f 1193/30/33 19/31/34 236/32/35
f 1188/33/36 26/34/37 206/35/38
f 230/29/32 108/36/39 1198/37/40
f 1198/37/40 23/38/41 240/39/42
f 1208/40/43 18/41/44 246/42/45
f 90/43/1 235/44/46 1187/14/18
f 240/39/42 115/45/47 1213/46/48
f 1213/46/48 1325/47/49 252/48/50
f 268/49/51 113/50/52 1208/40/43
f 91/51/1 245/52/53 1192/53/54
f 1223/54/55 16/17/21 104/55/56
f 273/56/57 104/55/56 17/57/58
f 279/58/59 110/59/60 13/60/61
f 1/2/1 1167/61/62 89/7/1
f 1238/62/63 17/57/58 112/63/64
f 284/64/65 112/63/64 21/65/66
f 1233/66/67 1322/67/68 110/59/60
f 6/68/1 1217/69/69 93/70/4
f 106/6/13 327/71/70 1252/72/71
f 10/73/2 1268/74/72 97/75/2
f 24/76/73 1262/77/74 114/11/16
f 336/78/75 98/79/2 1278/80/76
f 104/55/56 307/81/77 1302/82/78
f 15/83/79 1247/84/80 332/85/81
f 15/83/79 1257/86/82 109/22/26
f 103/87/83 316/88/84 1247/84/80
f 116/89/85 327/71/70 20/5/12
f 117/90/86 311/91/87 26/34/37
f 19/31/34 1267/92/88 117/90/86
f 22/28/31 1277/93/89 108/36/39
f 1263/94/90 8/95/2 336/78/75
f 105/96/91 341/97/92 19/31/34
f 18/41/44 1272/98/93 105/96/91
f 23/38/41 1292/99/94 115/45/47
f 1278/80/76 11/100/8 346/101/95
f 113/50/52 351/102/96 18/41/44
f 25/103/97 1287/104/98 113/50/52
f 115/45/47 357/105/99 1325/47/49
f 306/106/100 96/107/2 7/108/2
f 14/20/24 1297/109/101 316/88/84
f 102/19/23 383/110/102 1297/109/101
f 112/63/64 379/111/103 1317/112/104
f 100/113/3 378/114/105 1303/115/106
f 13/60/61 1312/116/107 383/110/102
f 110/59/60 395/117/108 1312/116/107
f 21/65/66 1317/112/104 388/118/109
f 1168/119/110 14/20/24 103/87/83
f 1228/120/111 21/65/66 107/121/112
f 107/121/112 388/118/109 1307/122/113
f 7/108/2 1248/123/114 317/124/115
f 226/8/14 88/27/1 3/9/4
f 1178/23/27 24/76/73 215/10/15
f 109/22/26 322/125/116 24/76/73
f 96/107/2 331/126/117 1248/123/114
f 94/127/1 278/128/118 6/68/1
f 201/3/10 89/7/1 1172/129/119
f 16/17/21 1252/72/71 307/81/77
f 384/130/120 101/131/2 12/132/2
f 236/32/35 117/90/86 1188/33/36
f 1203/133/121 1326/134/122 111/135/123
f 111/135/123 356/136/124 1282/137/125
f 97/75/2 342/138/126 8/95/2
f 206/35/38 116/89/85 1163/139/127
f 225/21/25 103/87/83 15/83/79
f 1253/140/128 9/141/2 96/107/2
f 26/34/37 1242/142/129 116/89/85
f 1227/143/130 1232/144/131 94/127/1
f 283/145/132 94/127/1 1237/146/133
f 101/131/2 389/147/134 1318/148/135
f 1313/149/136 1308/150/137 101/131/2
f 5/151/5 1207/152/138 245/52/53
f 1182/153/139 2/154/1 90/43/1
f 114/11/16 337/155/140 22/28/31
f 11/100/8 1288/156/141 99/157/8
f 216/158/142 90/43/1 4/13/1
f 231/159/143 91/51/1 2/154/1
f 95/160/2 331/126/117 9/141/2
f 10/73/2 1258/161/144 95/160/2
f 1218/162/145 13/60/61 102/19/23
f 7/108/2 1303/115/106 306/106/100
f 1355/163/146 1445/164/147 410/165/148
f 1298/166/149 12/132/2 100/113/3
f 92/167/5 269/168/150 1207/152/138
f 1212/169/151 1202/170/152 92/167/5
f 1293/171/153 1283/172/154 358/173/155
f 99/157/8 373/174/156 1283/172/154
f 1228/175/111 1323/176/157 288/177/158
f 274/178/159 93/70/4 1222/1/9
f 17/57/58 1302/82/78 379/111/103
f 107/179/112 393/180/160 1323/176/157
f 246/42/45 105/96/91 1193/30/33
f 1237/146/133 6/68/1 274/178/159
f 12/132/2 1318/148/135 378/114/105
f 98/79/2 352/181/161 11/100/8
f 2/154/1 1192/53/54 235/44/46
f 1163/139/127 20/5/12 220/182/162
f 321/183/163 97/75/2 1263/94/90
f 8/95/2 1273/184/164 98/79/2
f 1203/133/121 25/185/97 268/186/51
f 1197/187/165 5/151/5 91/51/1
f 108/36/39 347/188/166 23/38/41
f 111/189/123 374/190/167 25/103/97
f 1172/129/119 3/9/4 221/25/29
f 88/27/1 205/15/19 1162/24/28
f 312/191/168 95/160/2 1243/192/169
f 1243/192/169 9/141/2 326/193/170
f 93/70/4 210/194/171 1/2/1
f 241/195/172 92/167/5 5/151/5
f 346/101/95 99/157/8 1293/171/153
f 317/124/115 100/113/3 7/108/2
f 456/196/173 130/197/174 34/198/175
f 504/199/176 136/200/177 1391/201/178
f 1481/202/179 1435/203/180 136/200/177
f 710/204/181 131/205/182 1431/206/183
f 480/207/184 127/208/185 1380/209/186
f 435/210/187 137/211/188 1355/163/146
f 138/212/7 672/213/189 1421/214/190
f 1431/206/183 1441/215/191 691/216/192
f 447/217/193 124/218/194 29/219/195
f 425/220/196 135/221/197 1454/222/198
f 1406/223/199 1411/224/200 621/225/201
f 135/221/197 638/226/202 1416/227/203
f 27/228/204 1348/229/205 124/218/194
f 31/230/206 1352/231/207 568/232/208
f 32/233/209 1352/231/207 127/208/185
f 437/234/210 134/235/211 1472/236/212
f 411/237/213 120/238/214 1361/239/215
f 33/240/216 1334/241/217 129/242/218
f 34/198/175 1339/243/219 531/244/220
f 412/245/221 122/246/222 1356/247/223
f 1366/248/224 1450/249/225 134/235/211
f 1347/250/226 1351/251/227 514/252/228
f 30/253/229 1333/254/230 550/255/231
f 456/196/173 128/256/232 1385/257/233
f 447/217/193 123/258/234 1360/259/235
f 27/228/204 1328/260/236 533/261/237
f 34/198/175 1329/262/238 128/256/232
f 1375/263/239 1475/264/240 466/265/241
f 1381/266/242 1455/267/243 119/268/244
f 35/269/245 1339/243/219 130/197/174
f 35/269/245 1334/241/217 570/270/246
f 481/271/247 119/268/244 1459/272/248
f 479/273/249 138/212/7 1375/263/239
f 28/274/250 1343/275/251 549/276/252
f 29/219/195 1343/275/251 123/258/234
f 427/277/253 125/278/254 1371/279/255
f 490/280/256 128/256/232 33/240/216
f 29/219/195 1348/229/205 513/281/257
f 1471/282/258 1401/283/259 137/211/188
f 1391/201/178 1462/284/260 491/285/261
f 1396/286/262 1467/287/263 139/288/264
f 1338/289/265 1347/250/226 532/290/266
f 28/274/250 1328/260/236 122/246/222
f 506/291/267 139/288/264 1480/292/268
f 1386/293/269 1463/294/270 118/295/271
f 30/253/229 1342/296/272 126/297/273
f 31/230/206 1333/254/230 125/278/254
f 464/298/274 135/221/197 1370/299/275
f 32/233/209 1342/296/272 515/300/276
f 569/301/277 121/302/278 1338/289/265
f 33/240/216 1329/262/238 551/303/279
f 136/200/177 709/304/280 1462/284/260
f 1480/292/268 1440/305/281 727/306/282
f 139/288/264 692/307/283 1440/305/281
f 120/238/214 606/308/284 1405/309/285
f 1472/236/212 1410/310/286 587/311/287
f 134/235/211 622/312/288 1410/310/286
f 1455/267/243 1425/313/289 119/268/244
f 1475/264/240 1421/214/190 639/314/290
f 119/268/244 673/315/291 1459/272/248
f 436/316/292 124/218/194 1365/317/293
f 445/318/294 120/238/214 1451/319/295
f 120/238/214 620/320/296 1451/319/295
f 137/211/188 604/321/297 1445/164/147
f 427/277/253 127/208/185 31/230/206
f 465/322/298 125/278/254 30/253/229
f 640/323/299 133/324/300 1415/325/301
f 1415/325/301 1426/326/302 657/327/303
f 490/280/256 129/242/218 1390/328/304
f 505/329/305 129/242/218 35/269/245
f 1441/215/191 1436/330/306 728/331/307
f 118/295/271 708/332/308 1430/333/309
f 412/245/221 123/258/234 28/274/250
f 436/316/292 122/246/222 27/228/204
f 1411/224/200 1400/334/310 588/335/311
f 605/336/312 132/337/6 1406/223/199
f 465/322/298 126/297/273 1376/338/313
f 480/207/184 126/297/273 32/233/209
f 1426/326/302 1420/339/314 674/340/315
f 135/221/197 656/341/316 1454/222/198
f 505/329/305 130/197/174 1395/342/317
f 454/343/318 118/295/271 1468/344/319
f 1468/344/319 1430/333/309 690/345/320
f 1544/346/321 36/347/322 744/348/323
f 1495/349/324 55/350/325 158/351/326
f 141/352/322 769/353/327 38/354/322
f 758/355/328 166/356/329 1505/357/330
f 39/358/322 1509/359/331 748/360/332
f 743/361/333 158/351/326 51/362/334
f 754/363/335 154/364/336 49/365/337
f 768/366/338 161/367/339 1500/368/340
f 38/354/322 1484/369/341 764/370/342
f 1499/371/343 39/358/322 140/372/322
f 1505/357/330 57/373/344 773/374/345
f 1515/375/346 54/376/347 779/377/348
f 1510/378/349 61/379/350 749/380/351
f 773/374/345 160/381/352 1520/382/353
f 1520/382/353 58/383/354 783/384/355
f 1530/385/356 53/386/357 789/387/358
f 142/388/322 778/389/359 1509/359/331
f 783/384/355 167/390/360 1535/391/361
f 1535/391/361 1647/392/362 795/393/363
f 810/394/364 165/395/365 1530/385/356
f 143/396/322 788/397/366 1514/398/367
f 1545/399/368 51/362/334 156/400/369
f 815/401/370 156/400/369 52/402/371
f 821/403/372 162/404/373 48/405/374
f 36/347/322 1489/406/375 141/352/322
f 1560/407/376 52/402/371 164/408/377
f 826/409/378 164/408/377 56/410/379
f 1555/411/380 1644/412/381 162/404/373
f 41/413/322 1539/414/382 145/415/322
f 158/351/326 868/416/383 1574/417/384
f 45/418/385 1590/419/386 149/420/385
f 59/421/387 1584/422/388 166/356/329
f 877/423/389 150/424/385 1600/425/390
f 156/400/369 848/426/391 1624/427/392
f 50/428/393 1569/429/394 873/430/395
f 50/428/393 1579/431/396 161/367/339
f 155/432/397 857/433/398 1569/429/394
f 168/434/399 868/416/383 55/350/325
f 169/435/400 852/436/401 61/379/350
f 54/376/347 1589/437/402 169/435/400
f 57/373/344 1599/438/403 160/381/352
f 1585/439/404 43/440/385 877/423/389
f 157/441/405 882/442/406 54/376/347
f 53/386/357 1594/443/407 157/441/405
f 58/383/354 1614/444/408 167/390/360
f 1600/425/390 46/445/409 887/446/410
f 165/395/365 892/447/411 53/386/357
f 60/448/412 1609/449/413 165/395/365
f 167/390/360 898/450/414 1647/392/362
f 847/451/415 148/452/385 42/453/385
f 49/365/337 1619/454/416 857/433/398
f 154/364/336 924/455/417 1619/454/416
f 164/408/377 920/456/418 1639/457/419
f 152/458/385 919/459/420 1625/460/421
f 48/405/374 1634/461/422 924/455/417
f 162/404/373 936/462/423 1634/461/422
f 56/410/379 1639/457/419 929/463/424
f 1490/464/425 49/365/337 155/432/397
f 1550/465/426 56/466/379 159/467/427
f 159/467/427 929/468/424 1629/469/428
f 42/453/385 1570/470/429 858/471/430
f 769/353/327 140/372/322 38/354/322
f 1500/368/340 59/421/387 758/355/328
f 161/367/339 863/472/431 59/421/387
f 148/452/385 872/473/432 1570/470/429
f 146/474/322 820/475/433 41/413/322
f 744/348/323 141/352/322 1494/476/434
f 51/362/334 1574/417/384 848/426/391
f 925/477/435 153/478/385 47/479/385
f 779/377/348 169/435/400 1510/378/349
f 1525/480/436 1648/481/437 163/482/438
f 163/482/438 897/483/439 1604/484/440
f 149/420/385 883/485/441 43/440/385
f 749/380/351 168/434/399 1485/486/442
f 768/366/338 155/432/397 50/428/393
f 1575/487/443 44/488/385 148/452/385
f 61/379/350 1564/489/444 168/434/399
f 1549/490/445 1554/491/446 146/474/322
f 825/492/447 146/474/322 1559/493/448
f 153/478/385 930/494/449 1640/495/450
f 1635/496/451 1630/497/452 153/478/385
f 40/498/453 1529/499/454 788/397/366
f 1504/500/455 37/501/322 142/388/322
f 166/356/329 878/502/456 57/373/344
f 46/445/409 1610/503/457 151/504/458
f 759/505/459 142/388/322 39/358/322
f 774/506/460 143/396/322 37/501/322
f 147/507/385 872/473/432 44/488/385
f 45/418/385 1580/508/461 147/507/385
f 1540/509/462 48/405/374 154/364/336
f 42/453/385 1625/460/421 847/451/415
f 1710/510/463 62/511/464 952/512/465
f 1620/513/466 47/479/385 152/458/385
f 144/514/467 811/515/468 1529/499/454
f 1534/516/469 1524/517/470 144/514/467
f 1615/518/471 1605/519/472 899/520/473
f 151/504/458 914/521/474 1605/519/472
f 1550/465/426 1645/522/475 830/523/476
f 816/524/477 145/415/322 1544/346/321
f 52/402/371 1624/427/392 920/456/418
f 159/467/427 934/525/478 1645/522/475
f 789/387/358 157/441/405 1515/375/346
f 1559/493/448 41/413/322 816/524/477
f 47/479/385 1640/495/450 919/459/420
f 150/424/385 893/526/479 46/445/409
f 37/501/322 1514/398/367 778/389/359
f 1485/486/442 55/350/325 763/527/480
f 862/528/481 149/420/385 1585/439/404
f 43/440/385 1595/529/482 150/424/385
f 1525/480/436 60/530/412 810/531/364
f 1519/532/483 40/498/453 143/396/322
f 160/381/352 888/533/484 58/383/354
f 163/534/438 915/535/485 60/448/412
f 1494/476/434 38/354/322 764/370/342
f 140/372/322 748/360/332 1484/369/341
f 853/536/486 147/507/385 1565/537/487
f 1565/537/487 44/488/385 867/538/488
f 145/415/322 753/539/489 36/347/322
f 784/540/490 144/514/467 40/498/453
f 887/446/410 151/504/458 1615/518/471
f 858/471/430 152/458/385 42/453/385
f 1661/541/491 81/542/492 188/543/493
f 171/544/464 977/545/494 64/546/464
f 966/547/495 196/548/496 1671/549/497
f 65/550/464 1675/551/498 956/552/499
f 951/553/500 188/543/493 77/554/501
f 962/555/502 184/556/503 75/557/504
f 976/558/505 191/559/506 1666/560/507
f 64/546/464 1650/561/508 972/562/509
f 1665/563/510 65/550/464 170/564/464
f 1671/549/497 83/565/511 981/566/512
f 1681/567/513 80/568/514 987/569/515
f 1676/570/516 87/571/517 957/572/518
f 981/566/512 190/573/519 1686/574/520
f 1686/574/520 84/575/521 991/576/522
f 1696/577/523 79/578/524 997/579/525
f 172/580/464 986/581/526 1675/551/498
f 991/576/522 197/582/527 1701/583/528
f 1701/583/528 1813/584/529 1003/585/530
f 1018/586/531 195/587/532 1696/577/523
f 173/588/533 996/589/534 1680/590/535
f 1711/591/536 77/554/501 186/592/537
f 1023/593/538 186/592/537 78/594/539
f 1029/595/540 192/596/541 74/597/542
f 62/511/464 1655/598/543 171/544/464
f 1726/599/544 78/594/539 194/600/545
f 1034/601/546 194/600/545 82/602/547
f 1721/603/548 1810/604/549 192/596/541
f 67/605/464 1705/606/550 175/607/464
f 188/543/493 1077/608/551 1740/609/552
f 71/610/553 1756/611/554 179/612/553
f 85/613/555 1750/614/556 196/548/496
f 1086/615/557 180/616/558 1766/617/559
f 186/592/537 1057/618/560 1790/619/561
f 76/620/562 1735/621/563 1082/622/564
f 76/620/562 1745/623/565 191/559/506
f 185/624/566 1066/625/567 1735/621/563
f 198/626/568 1077/608/551 81/542/492
f 199/627/569 1061/628/570 87/571/517
f 80/568/514 1755/629/571 199/627/569
f 83/565/511 1765/630/572 190/573/519
f 1751/631/573 69/632/574 1086/615/557
f 187/633/575 1091/634/576 80/568/514
f 79/578/524 1760/635/577 187/633/575
f 84/575/521 1780/636/578 197/582/527
f 1766/617/559 72/637/579 1096/638/580
f 195/587/532 1101/639/581 79/578/524
f 86/640/582 1775/641/583 195/587/532
f 197/582/527 1107/642/584 1813/584/529
f 1056/643/585 178/644/553 68/645/553
f 75/557/504 1785/646/586 1066/625/567
f 184/556/503 1133/647/587 1785/646/586
f 194/600/545 1129/648/588 1805/649/589
f 182/650/553 1128/651/590 1791/652/591
f 74/597/542 1800/653/592 1133/647/587
f 192/596/541 1145/654/593 1800/653/592
f 82/602/547 1805/649/589 1138/655/594
f 1656/656/595 75/557/504 185/624/566
f 1716/657/596 82/602/547 189/658/597
f 189/658/597 1138/655/594 1795/659/598
f 68/645/553 1736/660/599 1067/661/600
f 977/545/494 170/564/464 64/546/464
f 1666/560/507 85/613/555 966/547/495
f 191/559/506 1072/662/601 85/613/555
f 178/644/553 1081/663/602 1736/660/599
f 176/664/464 1028/665/603 67/605/464
f 952/512/465 171/544/464 1660/666/604
f 77/554/501 1740/609/552 1057/618/560
f 1134/667/605 183/668/553 73/669/553
f 987/569/515 199/627/569 1676/570/516
f 1691/670/606 1814/671/607 193/672/608
f 193/672/608 1106/673/609 1770/674/610
f 179/612/553 1092/675/611 69/632/574
f 957/572/518 198/626/568 1651/676/612
f 976/558/505 185/624/566 76/620/562
f 1741/677/613 70/678/553 178/644/553
f 87/571/517 1730/679/614 198/626/568
f 1715/680/615 1720/681/616 176/664/464
f 1033/682/617 176/664/464 1725/683/618
f 183/668/553 1139/684/619 1806/685/620
f 1801/686/621 1796/687/622 183/668/553
f 66/688/623 1695/689/624 996/589/534
f 1670/690/625 63/691/626 172/580/464
f 196/548/496 1087/692/627 83/565/511
f 72/637/579 1776/693/628 181/694/629
f 967/695/630 172/580/464 65/550/464
f 982/696/631 173/588/533 63/691/626
f 177/697/553 1081/663/602 70/678/553
f 71/610/553 1746/698/632 177/697/553
f 1706/699/633 74/597/542 184/556/503
f 68/645/553 1791/652/591 1056/643/585
f 1786/700/634 73/669/553 182/650/553
f 174/701/635 1019/702/636 1695/689/624
f 1700/703/637 1690/704/638 174/701/635
f 1781/705/639 1771/706/640 1108/707/641
f 181/694/629 1123/708/642 1771/706/640
f 1716/709/596 1811/710/643 1038/711/644
f 1024/712/645 175/607/464 1710/510/463
f 78/594/539 1790/619/561 1129/648/588
f 189/713/597 1143/714/646 1811/710/643
f 997/579/525 187/633/575 1681/567/513
f 1725/683/618 67/605/464 1024/712/645
f 73/669/553 1806/685/620 1128/651/590
f 180/616/558 1102/715/647 72/637/579
f 63/691/626 1680/590/535 986/581/526
f 1651/676/612 81/542/492 971/716/648
f 1071/717/649 179/612/553 1751/631/573
f 69/632/574 1761/718/650 180/616/558
f 1691/670/606 86/719/582 1018/720/531
f 1685/721/651 66/688/623 173/588/533
f 190/573/519 1097/722/652 84/575/521
f 193/672/608 1124/723/653 86/719/582
f 1660/666/604 64/546/464 972/562/509
f 170/564/464 956/552/499 1650/561/508
f 1062/724/654 177/697/553 1731/725/655
f 1731/725/655 70/678/553 1076/726/656
f 175/607/464 961/727/657 62/511/464
f 992/728/658 174/701/635 66/688/623
f 1096/638/580 181/694/629 1781/705/639
f 1067/661/600 182/650/553 68/645/553
f 250/729/659 256/730/660 255/731/661
f 253/732/662 257/733/663 256/730/660
f 255/731/661 256/730/660 267/734/664
f 256/730/660 258/735/665 267/734/664
f 259/736/666 261/737/667 251/738/668
f 260/739/669 262/740/670 259/736/666
f 262/740/670 254/741/671 261/737/667
f 263/742/672 257/733/663 262/740/670
f 252/743/50 266/744/673 265/745/674
f 264/746/675 267/734/676 266/744/673
f 265/745/674 263/742/677 260/739/678
f 266/744/673 258/735/679 263/742/677
f 288/177/158 293/747/680 292/748/681
f 291/749/682 294/750/683 293/747/680
f 292/748/681 305/751/684 302/752/685
f 293/747/680 295/753/686 305/751/684
f 289/754/687 299/755/688 298/756/689
f 296/757/690 300/758/691 299/755/688
f 298/756/692 294/750/693 291/749/694
f 299/755/688 295/753/695 294/750/693
f 301/759/696 303/760/697 290/761/698
f 302/752/685 304/762/699 301/759/696
f 304/762/699 297/763/700 303/760/697
f 305/751/684 300/758/701 304/762/699
f 356/136/124 361/764/702 360/765/703
f 359/766/704 362/767/705 361/764/702
f 360/768/703 372/769/706 369/770/707
f 361/771/702 363/772/708 372/769/706
f 357/105/99 366/773/709 359/774/710
f 364/775/711 367/776/712 366/773/709
f 359/774/710 366/773/709 362/777/713
f 366/773/709 363/772/714 362/777/715
f 368/778/716 370/779/717 358/173/155
f 369/770/707 371/780/718 368/778/716
f 371/780/718 365/781/719 370/779/717
f 372/769/720 367/776/712 371/780/718
f 393/180/160 399/782/721 398/783/722
f 396/784/723 400/785/724 399/786/721
f 398/787/722 399/786/721 409/788/725
f 399/786/721 401/789/726 409/788/725
f 402/790/727 404/791/728 394/792/729
f 403/793/730 405/794/731 402/790/727
f 405/794/731 397/795/732 404/791/728
f 406/796/733 400/785/734 405/794/731
f 395/117/108 408/797/735 407/798/736
f 398/799/737 409/788/738 408/797/735
f 407/798/736 406/796/733 403/793/730
f 408/797/735 401/789/739 406/796/733
f 413/800/740 415/801/741 410/165/148
f 414/802/742 416/803/743 413/800/740
f 415/801/741 416/803/743 423/804/744
f 416/803/743 417/805/745 423/806/744
f 418/807/746 420/808/747 411/237/213
f 419/809/748 421/810/749 418/807/746
f 420/808/747 421/811/749 414/802/742
f 422/812/750 423/806/744 424/813/751
f 424/813/751 419/809/748 422/814/750
f 424/813/751 423/806/744 417/815/745
f 428/816/752 429/817/753 425/220/754
f 429/817/755 1161/818/756 432/819/757
f 426/820/758 430/821/759 431/822/760
f 434/823/761 1161/818/762 430/824/763
f 431/822/764 430/825/764 428/826/764
f 435/210/187 438/827/765 439/828/766
f 442/829/767 440/830/768 438/831/769
f 437/234/210 443/832/770 444/833/771
f 443/832/772 438/834/773 444/835/774
f 444/835/775 1817/836/776 442/837/777
f 445/318/294 448/838/778 449/839/779
f 449/840/780 450/841/780 1818/842/780
f 446/843/781 449/844/782 451/845/783
f 451/845/784 449/846/785 448/847/785
f 457/848/786 458/849/787 454/343/788
f 457/848/789 460/850/789 459/851/789
f 458/849/790 1160/852/791 462/853/792
f 455/854/793 459/855/794 460/856/795
f 459/857/796 463/858/796 1160/859/796
f 467/860/797 469/861/798 464/298/274
f 467/860/797 468/862/799 470/863/800
f 469/861/798 470/864/800 476/865/801
f 470/863/800 468/862/799 471/866/802
f 473/867/803 472/868/804 474/869/805
f 473/870/803 474/869/805 468/871/799
f 472/868/804 468/862/799 474/869/805
f 475/872/806 477/873/807 466/265/241
f 476/865/801 478/874/808 475/872/806
f 477/873/807 478/874/808 472/875/804
f 478/874/808 471/866/802 472/868/804
f 482/876/809 483/877/810 479/273/811
f 482/876/812 484/878/813 488/879/814
f 481/271/247 487/880/815 488/881/816
f 487/880/817 483/882/817 488/883/818
f 488/883/814 1819/884/819 486/885/820
f 488/886/814 484/887/813 1819/884/819
f 492/888/821 494/889/822 489/890/823
f 492/888/821 493/891/824 495/892/825
f 495/892/825 501/893/826 494/889/822
f 495/892/825 496/894/827 503/895/828
f 497/896/829 498/897/830 499/898/831
f 497/899/829 499/898/831 493/900/824
f 498/897/830 493/891/824 499/898/831
f 500/901/832 502/902/833 491/285/261
f 500/901/832 501/893/826 503/903/828
f 502/902/833 503/903/828 498/904/830
f 503/895/828 496/894/827 498/897/830
f 504/199/176 508/905/834 507/906/835
f 508/907/836 1816/908/836 509/909/836
f 506/291/267 512/910/837 508/911/838
f 512/910/839 507/912/839 508/913/839
f 508/913/840 1816/908/840 511/914/840
f 516/915/841 518/916/842 513/281/257
f 517/917/843 519/918/844 516/915/841
f 519/918/844 527/919/845 518/916/842
f 519/918/844 520/920/846 530/921/847
f 514/922/228 524/923/848 523/924/849
f 521/925/850 525/926/851 524/923/848
f 523/924/849 520/920/852 517/917/843
f 524/923/853 530/927/854 520/920/855
f 526/928/856 528/929/857 515/300/276
f 527/919/845 529/930/858 526/928/856
f 529/930/858 522/931/859 528/929/857
f 529/930/858 530/927/860 525/926/861
f 534/932/862 536/933/863 531/244/220
f 535/934/864 537/935/865 534/932/862
f 537/935/865 545/936/866 536/933/863
f 537/935/865 538/937/867 548/938/868
f 532/939/266 542/940/869 541/941/870
f 539/942/871 543/943/872 542/940/869
f 541/941/870 538/937/873 535/934/864
f 542/940/874 548/944/875 538/937/876
f 544/945/877 546/946/878 533/261/237
f 545/936/866 547/947/879 544/945/877
f 547/947/879 540/948/880 546/946/878
f 547/947/879 548/944/881 543/943/882
f 552/949/883 554/950/884 549/276/252
f 553/951/885 555/952/886 552/949/883
f 555/952/886 564/953/887 554/950/884
f 555/952/886 557/954/888 567/955/889
f 558/956/890 560/957/891 550/255/231
f 559/958/892 561/959/893 558/956/890
f 561/959/893 553/951/885 560/957/891
f 561/959/893 557/954/888 556/960/894
f 563/961/895 565/962/896 551/303/279
f 564/953/887 566/963/897 563/961/895
f 566/963/897 559/958/892 565/962/896
f 566/963/897 557/954/888 562/964/898
f 571/965/899 573/966/900 568/232/208
f 572/967/901 574/968/902 571/965/899
f 574/968/902 583/969/903 573/966/900
f 574/968/902 575/970/904 576/971/905
f 569/972/277 580/973/906 579/974/907
f 577/975/908 581/976/909 580/973/906
f 579/974/907 575/970/910 572/967/901
f 580/973/906 576/977/911 575/970/910
f 582/978/912 584/979/913 570/270/246
f 583/969/903 585/980/914 582/978/912
f 585/980/914 578/981/915 584/979/913
f 585/980/914 576/977/905 581/976/916
f 586/982/917 591/983/918 590/984/919
f 589/985/920 592/986/921 591/983/918
f 590/984/919 603/987/922 600/988/923
f 591/983/918 593/989/924 603/987/922
f 587/311/287 597/990/925 596/991/926
f 594/992/927 598/993/928 597/990/925
f 596/991/929 592/986/930 589/985/931
f 597/990/925 593/989/932 592/986/933
f 599/994/934 601/995/935 588/996/311
f 600/988/923 602/997/936 599/994/934
f 602/997/936 595/998/937 601/995/935
f 603/987/938 598/993/939 602/997/936
f 607/999/940 609/1000/941 604/321/297
f 608/1001/942 610/1002/943 607/999/940
f 610/1002/943 617/1003/944 609/1000/941
f 612/1004/945 614/1005/946 605/1006/312
f 613/1007/947 615/1008/948 612/1004/945
f 615/1008/948 608/1001/942 614/1005/946
f 616/1009/949 618/1010/950 606/308/284
f 617/1003/944 619/1011/951 616/1009/949
f 619/1011/951 613/1007/947 618/1010/950
f 620/320/296 626/1012/952 625/1013/953
f 623/1014/954 627/1015/955 626/1012/952
f 625/1013/953 626/1012/952 637/1016/956
f 626/1012/952 628/1017/957 637/1016/956
f 629/1018/958 631/1019/959 621/1020/201
f 630/1021/960 632/1022/961 629/1018/958
f 632/1022/961 624/1023/962 631/1019/959
f 633/1024/963 627/1015/955 632/1022/961
f 622/312/288 636/1025/964 635/1026/965
f 634/1027/966 637/1016/967 636/1025/964
f 635/1026/965 633/1024/963 630/1021/960
f 636/1025/964 628/1017/957 633/1024/963
f 641/1028/968 643/1029/969 638/226/202
f 642/1030/970 644/1031/971 641/1028/968
f 644/1031/971 652/1032/972 643/1029/969
f 644/1031/971 645/1033/973 655/1034/974
f 646/1035/975 648/1036/976 639/314/290
f 647/1037/977 649/1038/978 646/1035/975
f 649/1038/978 642/1030/970 648/1036/976
f 649/1038/978 650/1039/979 645/1040/973
f 651/1041/980 653/1042/981 640/1043/299
f 652/1032/972 654/1044/982 651/1041/980
f 654/1044/982 647/1037/977 653/1042/981
f 655/1034/974 650/1039/979 654/1044/982
f 656/341/316 671/1045/983 661/1046/984
f 659/1047/985 662/1048/986 671/1045/983
f 661/1046/984 671/1049/983 669/1050/987
f 671/1045/988 662/1048/988 663/1051/988
f 664/1052/989 666/1053/990 657/1054/303
f 665/1055/991 667/1056/992 664/1052/989
f 667/1056/993 660/1057/994 666/1058/990
f 658/1059/995 671/1060/996 670/1061/997
f 668/1062/998 669/1050/999 671/1060/996
f 670/1061/997 662/1063/1000 665/1055/991
f 672/213/189 677/1064/1001 676/1065/1002
f 675/1066/1003 678/1067/1004 677/1064/1001
f 676/1065/1002 689/1068/1005 686/1069/1006
f 677/1064/1001 679/1070/1007 689/1068/1005
f 673/315/291 683/1071/1008 682/1072/1009
f 680/1073/1010 684/1074/1011 683/1071/1008
f 682/1072/1009 683/1071/1008 678/1067/1012
f 683/1071/1008 679/1070/1007 678/1067/1012
f 685/1075/1013 687/1076/1014 674/1077/315
f 686/1069/1006 688/1078/1015 685/1075/1013
f 688/1078/1015 681/1079/1016 687/1076/1014
f 689/1068/1005 684/1074/1011 688/1078/1015
f 690/345/320 696/1080/1017 695/1081/1018
f 693/1082/1019 697/1083/1020 696/1080/1017
f 695/1081/1021 707/1084/1022 704/1085/1023
f 696/1080/1017 698/1086/1024 707/1084/1022
f 699/1087/1025 701/1088/1026 691/1089/192
f 700/1090/1027 702/1091/1028 699/1087/1025
f 702/1091/1028 694/1092/1029 701/1088/1026
f 703/1093/1030 697/1083/1020 702/1091/1028
f 692/307/283 706/1094/1031 705/1095/1032
f 704/1085/1033 707/1084/1034 706/1094/1031
f 705/1095/1032 703/1093/1035 700/1090/1027
f 706/1094/1031 698/1086/1036 703/1093/1035
f 711/1096/1037 713/1097/1038 708/332/308
f 712/1098/1039 714/1099/1040 711/1096/1037
f 714/1099/1040 722/1100/1041 713/1097/1038
f 714/1099/1040 715/1101/1042 725/1102/1043
f 716/1103/1044 718/1104/1045 709/304/280
f 717/1105/1046 719/1106/1047 716/1103/1044
f 719/1106/1047 712/1098/1039 718/1104/1045
f 719/1106/1047 720/1107/1048 715/1108/1042
f 721/1109/1049 723/1110/1050 710/1111/181
f 722/1100/1041 724/1112/1051 721/1109/1049
f 724/1112/1051 717/1105/1046 723/1110/1050
f 725/1102/1043 720/1107/1048 724/1112/1051
f 726/1113/1052 731/1114/1053 730/1115/1054
f 729/1116/1055 732/1117/1056 731/1114/1053
f 730/1115/1054 742/1118/1057 739/1119/1058
f 731/1114/1053 733/1120/1059 742/1118/1057
f 727/306/282 736/1121/1060 729/1122/1061
f 734/1123/1062 737/1124/1063 736/1121/1060
f 729/1122/1061 736/1121/1060 732/1117/1064
f 736/1121/1060 733/1120/1059 732/1117/1064
f 738/1125/1065 740/1126/1066 728/1127/307
f 739/1119/1058 741/1128/1067 738/1125/1065
f 741/1128/1067 735/1129/1068 740/1126/1066
f 742/1118/1057 737/1124/1063 741/1128/1067
f 793/1130/1069 798/1131/1070 806/1132/1071
f 796/1133/1072 799/1134/1073 798/1131/1070
f 806/1132/1071 798/1131/1070 809/1135/1074
f 798/1131/1070 800/1136/1075 809/1135/1074
f 801/1137/1076 803/1138/1077 794/1139/1078
f 802/1140/1079 804/1141/1080 801/1137/1076
f 804/1141/1080 797/1142/1081 803/1138/1077
f 805/1143/1082 799/1134/1073 804/1141/1080
f 795/1144/363 808/1145/1083 807/1146/1084
f 806/1147/1085 809/1135/1086 808/1145/1083
f 807/1146/1084 805/1143/1087 802/1140/1088
f 808/1145/1083 800/1136/1089 805/1143/1087
f 830/523/476 835/1148/1090 834/1149/1091
f 833/1150/1092 836/1151/1093 835/1148/1090
f 834/1149/1091 846/1152/1094 843/1153/1095
f 835/1148/1090 837/1154/1096 846/1152/1094
f 831/1155/1097 840/1156/1098 833/1157/1099
f 838/1158/1100 841/1159/1101 840/1156/1098
f 833/1157/1099 840/1156/1098 836/1151/1102
f 840/1156/1098 837/1154/1103 836/1151/1104
f 842/1160/1105 844/1161/1106 832/1162/1107
f 843/1153/1095 845/1163/1108 842/1160/1105
f 845/1163/1108 839/1164/1109 844/1161/1106
f 846/1152/1094 841/1159/1110 845/1163/1108
f 897/483/439 902/1165/1111 901/1166/1112
f 900/1167/1113 903/1168/1114 902/1165/1111
f 901/1169/1112 913/1170/1115 910/1171/1116
f 902/1172/1111 904/1173/1117 913/1170/1115
f 898/450/414 907/1174/1118 900/1175/1119
f 905/1176/1120 908/1177/1121 907/1174/1118
f 900/1175/1119 907/1174/1118 903/1178/1122
f 907/1174/1118 904/1173/1123 903/1178/1122
f 909/1179/1124 911/1180/1125 899/520/473
f 910/1171/1116 912/1181/1126 909/1179/1124
f 912/1181/1126 906/1182/1127 911/1180/1125
f 913/1170/1128 908/1177/1121 912/1181/1126
f 934/525/478 939/1183/1129 947/1184/1130
f 937/1185/1131 940/1186/1132 939/1187/1129
f 947/1188/1130 939/1187/1129 950/1189/1133
f 939/1187/1129 941/1190/1134 950/1189/1135
f 942/1191/1136 944/1192/1137 935/1193/1138
f 943/1194/1139 945/1195/1140 942/1191/1136
f 945/1195/1140 938/1196/1141 944/1192/1137
f 946/1197/1142 940/1186/1143 945/1195/1140
f 936/462/423 949/1198/1144 948/1199/1145
f 947/1200/1146 950/1189/1147 949/1198/1144
f 948/1199/1145 946/1197/1142 943/1194/1139
f 949/1198/1144 941/1190/1148 946/1197/1142
f 1001/1201/1149 1007/1202/1150 1006/1203/1151
f 1004/1204/1152 1008/1205/1153 1007/1202/1150
f 1006/1203/1151 1007/1202/1150 1017/1206/1154
f 1007/1202/1150 1009/1207/1155 1017/1206/1154
f 1010/1208/1156 1012/1209/1157 1002/1210/1158
f 1011/1211/1159 1013/1212/1160 1010/1213/1156
f 1013/1214/1160 1005/1215/1161 1012/1209/1157
f 1014/1216/1162 1008/1217/1153 1013/1212/1160
f 1003/585/1163 1016/1218/1164 1015/1219/1165
f 1006/1220/1166 1017/1221/1166 1016/1218/1166
f 1015/1219/1165 1014/1216/1167 1011/1211/1168
f 1016/1218/1164 1009/1222/1169 1014/1216/1167
f 1038/711/644 1043/1223/1170 1042/1224/1171
f 1041/1225/1172 1044/1226/1173 1043/1223/1170
f 1042/1224/1171 1055/1227/1174 1052/1228/1175
f 1043/1223/1170 1045/1229/1176 1055/1227/1174
f 1039/1230/1177 1049/1231/1178 1048/1232/1179
f 1046/1233/1180 1050/1234/1181 1049/1231/1178
f 1048/1232/1182 1044/1235/1183 1041/1236/1184
f 1049/1231/1178 1045/1237/1185 1044/1235/1183
f 1051/1238/1186 1053/1239/1187 1040/1240/1188
f 1052/1228/1175 1054/1241/1189 1051/1238/1186
f 1054/1242/1189 1047/1243/1190 1053/1244/1187
f 1055/1227/1174 1050/1245/1191 1054/1241/1189
f 1106/673/609 1111/1246/1192 1110/1247/1193
f 1109/1248/1194 1112/1249/1195 1111/1250/1192
f 1110/1251/1193 1122/1252/1196 1119/1253/1197
f 1111/1250/1192 1113/1254/1198 1122/1252/1196
f 1107/642/584 1116/1255/1199 1109/1256/1200
f 1114/1257/1201 1117/1258/1202 1116/1255/1199
f 1109/1256/1200 1116/1255/1199 1112/1249/1203
f 1116/1255/1199 1113/1254/1204 1112/1249/1203
f 1118/1259/1205 1120/1260/1206 1108/707/641
f 1119/1253/1197 1121/1261/1207 1118/1259/1205
f 1121/1261/1207 1115/1262/1208 1120/1260/1206
f 1122/1252/1209 1117/1258/1202 1121/1261/1207
f 1143/1263/646 1148/1264/1210 1156/1265/1211
f 1146/1266/1212 1149/1267/1213 1148/1264/1210
f 1156/1265/1211 1148/1264/1210 1159/1268/1214
f 1148/1264/1210 1150/1269/1215 1159/1268/1216
f 1151/1270/1217 1153/1271/1218 1144/1272/1219
f 1152/1273/1220 1154/1274/1221 1151/1270/1217
f 1154/1274/1221 1147/1275/1222 1153/1271/1218
f 1155/1276/1223 1149/1267/1224 1154/1274/1221
f 1145/654/593 1158/1277/1225 1157/1278/1226
f 1156/1279/1227 1159/1268/1228 1158/1277/1225
f 1157/1278/1226 1155/1276/1223 1152/1273/1220
f 1158/1277/1225 1150/1269/1229 1155/1276/1223
f 221/25/29 1164/1280/1230 224/1281/1231
f 224/1281/1231 1165/1282/1232 223/1283/1233
f 223/1284/1234 1166/1285/1235 222/1286/1236
f 1166/1285/1235 220/182/162 222/1286/1236
f 1162/24/28 207/1287/1237 1164/1280/1230
f 1164/1280/1230 208/1288/1238 1165/1282/1232
f 1165/1289/1239 209/1290/1240 1166/1285/1235
f 209/1290/1240 1163/139/127 1166/1285/1235
f 1167/61/62 229/1291/1241 226/8/14
f 1169/1292/1242 228/1293/1243 229/1291/1241
f 1170/1294/1244 227/1295/1245 228/1293/1246
f 227/1295/1245 1168/1296/110 225/1297/25
f 210/194/171 1169/1292/1242 1167/61/62
f 212/1298/1247 1170/1294/1248 1169/1292/1242
f 213/1299/1249 1171/1300/1250 1170/1294/1244
f 1171/1300/1250 211/1301/22 1168/1296/110
f 1172/129/119 204/1302/1251 201/3/10
f 1174/1303/1252 203/1304/1253 204/1302/1251
f 1175/1305/1254 202/1306/1255 203/1304/1256
f 202/1307/1255 1173/4/11 200/16/20
f 221/25/29 1174/1303/1252 1172/129/119
f 224/1281/1231 1175/1305/1257 1174/1303/1252
f 223/1283/1234 1176/1308/1258 1175/1305/1254
f 1176/1309/1258 220/182/162 1173/4/11
f 216/158/142 1179/1310/1259 219/1311/1260
f 219/1311/1260 1180/1312/1261 218/1313/1262
f 218/1313/1263 1181/1314/1264 217/1315/1265
f 1181/1314/1264 215/1316/15 217/1315/1265
f 1177/26/30 229/1291/1241 1179/1310/1259
f 1179/1310/1259 228/1293/1243 1180/1312/1261
f 1180/1312/1266 227/1295/1245 1181/1314/1264
f 227/1295/1245 1178/1317/27 1181/1314/1264
f 231/159/143 1184/1318/1267 234/1319/1268
f 234/1319/1268 1185/1320/1269 233/1321/1270
f 233/1321/1271 1186/1322/1272 232/1323/1273
f 1186/1322/1272 230/1324/32 232/1323/1273
f 1182/153/139 219/1311/1260 1184/1318/1267
f 1184/1318/1267 218/1313/1262 1185/1320/1269
f 1185/1320/1274 217/1315/1265 1186/1322/1272
f 217/1315/1265 1183/1325/17 1186/1322/1272
f 205/15/19 1189/1326/1275 207/1287/1237
f 207/1287/1237 1190/1327/1276 208/1288/1238
f 208/1328/1277 1191/1329/1278 209/1290/1240
f 1191/1329/1278 206/35/38 209/1290/1240
f 1187/14/18 237/1330/1279 1189/1326/1275
f 1189/1326/1275 238/1331/1280 1190/1327/1276
f 1190/1332/1281 239/1333/1282 1191/1329/1278
f 239/1333/1282 1188/33/36 1191/1329/1278
f 235/44/46 1194/1334/1283 237/1330/1279
f 237/1330/1279 1195/1335/1284 238/1331/1280
f 238/1336/1285 1196/1337/1286 239/1333/1282
f 1196/1337/1286 236/32/35 239/1333/1282
f 1192/53/54 247/1338/1287 1194/1334/1283
f 1194/1334/1283 248/1339/1288 1195/1335/1284
f 1195/1340/1289 249/1341/1290 1196/1337/1286
f 249/1341/1290 1193/30/33 1196/1337/1286
f 241/195/172 1199/1342/1291 244/1343/1292
f 244/1343/1292 1200/1344/1293 243/1345/1294
f 243/1345/1295 1201/1346/1296 242/1347/1297
f 1201/1346/1296 240/1348/42 242/1347/1297
f 1197/187/165 234/1319/1268 1199/1342/1291
f 1199/1342/1291 233/1321/1270 1200/1344/1293
f 1200/1344/1298 232/1323/1273 1201/1346/1296
f 232/1323/1273 1198/1349/40 1201/1346/1296
f 1202/170/152 272/1350/1299 269/168/150
f 1204/1351/1300 271/1352/1301 272/1350/1299
f 1205/1353/1302 270/1354/1303 271/1352/1301
f 1206/1355/1304 268/186/51 270/1354/1303
f 251/738/668 1204/1351/1300 1202/170/152
f 261/737/667 1205/1353/1302 1204/1351/1300
f 254/741/671 1206/1355/1304 1205/1353/1302
f 253/732/662 1203/133/121 1206/1355/1304
f 245/52/53 1209/1356/1305 247/1338/1287
f 247/1338/1287 1210/1357/1306 248/1339/1288
f 248/1358/1307 1211/1359/1308 249/1341/1290
f 249/1341/1290 1208/40/43 246/42/45
f 1207/152/138 272/1350/1299 1209/1356/1305
f 1209/1356/1309 271/1352/1301 1210/1357/1306
f 1210/1360/1310 270/1361/1303 1211/1359/1308
f 270/1361/1303 1208/40/43 1211/1359/1308
f 251/738/668 1214/1362/1311 259/736/666
f 259/736/666 1215/1363/1312 260/739/669
f 260/739/678 1216/1364/1313 265/745/674
f 265/745/674 1213/1365/48 252/743/50
f 1212/169/151 244/1343/1292 1214/1362/1311
f 1214/1362/1311 243/1345/1294 1215/1363/1312
f 1215/1363/1314 242/1347/1297 1216/1364/1313
f 1216/1364/1313 240/1348/42 1213/1365/48
f 1217/69/69 212/1298/1247 210/194/171
f 1219/1366/1315 213/1299/1316 212/1298/1247
f 1220/1367/1317 214/1368/1318 213/1299/1249
f 214/1368/1318 1218/1369/145 211/1301/22
f 278/128/118 1219/1366/1315 1217/69/69
f 280/1370/1319 1220/1367/1320 1219/1366/1315
f 281/1371/1321 1221/1372/1322 1220/1367/1317
f 1221/1372/1322 279/1373/59 1218/1369/145
f 1222/1/9 277/1374/1323 274/178/159
f 1224/1375/1324 276/1376/1325 277/1374/1323
f 1225/1377/1326 275/1378/1327 276/1376/1328
f 275/1379/1327 1223/54/55 273/56/57
f 201/3/10 1224/1375/1324 1222/1/9
f 204/1302/1251 1225/1377/1329 1224/1375/1324
f 203/1304/1256 1226/1380/1330 1225/1377/1326
f 1226/1381/1330 200/16/20 1223/54/55
f 290/761/698 1229/1382/1331 301/759/696
f 301/759/696 1230/1383/1332 302/752/685
f 302/752/685 1231/1384/1333 292/748/681
f 292/748/681 1228/175/111 288/177/158
f 1227/143/130 285/1385/1334 1229/1382/1331
f 1229/1382/1331 286/1386/1335 1230/1383/1332
f 1230/1383/1332 287/1387/1336 1231/1384/1333
f 1231/1384/1333 284/1388/65 1228/175/111
f 1232/144/131 280/1370/1319 278/128/118
f 1234/1389/1337 281/1371/1338 280/1370/1319
f 1235/1390/1339 282/1391/1340 281/1371/1321
f 1236/1392/1341 279/1373/59 282/1391/1340
f 290/761/698 1234/1389/1337 1232/144/131
f 303/760/697 1235/1390/1342 1234/1389/1337
f 297/763/1343 1236/1392/1341 1235/1390/1339
f 296/757/690 1233/1393/67 1236/1392/1341
f 1237/146/133 285/1385/1334 283/145/132
f 1239/1394/1344 286/1386/1335 285/1385/1334
f 1240/1395/1345 287/1387/1336 286/1386/1335
f 287/1396/1336 1238/62/63 284/64/65
f 274/178/159 1239/1394/1344 1237/146/133
f 277/1374/1323 1240/1395/1346 1239/1394/1344
f 276/1376/1328 1241/1397/1347 1240/1395/1345
f 275/1379/1327 1238/62/63 1241/1398/1347
f 1242/142/129 330/1399/1348 327/71/70
f 1244/1400/1349 329/1401/1350 330/1399/1348
f 1245/1402/1351 328/1403/1352 329/1401/1350
f 1246/1404/1353 326/193/170 328/1403/1352
f 311/91/87 1244/1400/1349 1242/142/129
f 313/1405/1354 1245/1402/1351 1244/1400/1349
f 314/1406/1355 1246/1404/1353 1245/1402/1351
f 315/1407/1356 1243/192/169 1246/1404/1353
f 332/85/81 1249/1408/1357 335/1409/1358
f 335/1409/1358 1250/1410/1359 334/1411/1360
f 334/1411/1360 1251/1412/1361 333/1413/1362
f 333/1413/1362 1248/123/114 331/126/117
f 1247/84/80 318/1414/1363 1249/1408/1357
f 1249/1408/1357 319/1415/1364 1250/1410/1359
f 1250/1410/1359 320/1416/1365 1251/1412/1361
f 1251/1412/1361 317/124/115 1248/123/114
f 307/81/77 1254/1417/1366 310/1418/1367
f 310/1418/1367 1255/1419/1368 309/1420/1369
f 309/1420/1369 1256/1421/1370 308/1422/1371
f 308/1422/1371 1253/140/128 306/106/100
f 1252/72/71 330/1399/1348 1254/1417/1366
f 1254/1417/1366 329/1401/1350 1255/1419/1368
f 1255/1419/1368 328/1403/1352 1256/1421/1370
f 1256/1421/1370 326/193/170 1253/140/128
f 1257/86/82 325/1423/1372 322/125/116
f 1259/1424/1373 324/1425/1374 325/1423/1372
f 1260/1426/1375 323/1427/1376 324/1425/1374
f 1261/1428/1377 321/183/163 323/1427/1376
f 332/85/81 1259/1424/1373 1257/86/82
f 335/1409/1358 1260/1426/1375 1259/1424/1373
f 334/1411/1360 1261/1428/1377 1260/1426/1375
f 333/1413/1362 1258/161/144 1261/1428/1377
f 1262/77/74 340/1429/1378 337/155/140
f 1264/1430/1379 339/1431/1380 340/1429/1378
f 1265/1432/1381 338/1433/1382 339/1431/1380
f 1266/1434/1383 336/78/75 338/1433/1382
f 322/125/116 1264/1430/1379 1262/77/74
f 325/1423/1372 1265/1432/1381 1264/1430/1379
f 324/1425/1374 1266/1434/1383 1265/1432/1381
f 323/1427/1376 1263/94/90 1266/1434/1383
f 1267/92/88 313/1405/1354 311/91/87
f 1269/1435/1384 314/1406/1355 313/1405/1354
f 1270/1436/1385 315/1407/1356 314/1406/1355
f 1271/1437/1386 312/191/168 315/1407/1356
f 341/97/92 1269/1435/1384 1267/92/88
f 343/1438/1387 1270/1436/1385 1269/1435/1384
f 344/1439/1388 1271/1437/1386 1270/1436/1385
f 345/1440/1389 1268/74/72 1271/1437/1386
f 1272/98/93 343/1438/1387 341/97/92
f 1274/1441/1390 344/1439/1388 343/1438/1387
f 1275/1442/1391 345/1440/1389 344/1439/1388
f 1276/1443/1392 342/138/126 345/1440/1389
f 351/102/96 1274/1441/1390 1272/98/93
f 353/1444/1393 1275/1442/1391 1274/1441/1390
f 354/1445/1394 1276/1443/1392 1275/1442/1391
f 355/1446/1395 1273/184/164 1276/1443/1392
f 1277/93/89 350/1447/1396 347/188/166
f 1279/1448/1397 349/1449/1398 350/1447/1396
f 1280/1450/1399 348/1451/1400 349/1449/1398
f 1281/1452/1401 346/101/95 348/1451/1400
f 337/155/140 1279/1448/1397 1277/93/89
f 340/1429/1378 1280/1450/1399 1279/1448/1397
f 339/1431/1380 1281/1452/1401 1280/1450/1399
f 338/1433/1382 1278/80/76 1281/1452/1401
f 374/190/167 1284/1453/1402 377/1454/1403
f 377/1454/1403 1285/1455/1404 376/1456/1405
f 376/1456/1405 1286/1457/1406 375/1458/1407
f 375/1458/1407 1283/172/154 373/174/156
f 1282/1459/125 360/768/703 1284/1453/1402
f 1284/1453/1402 369/770/707 1285/1455/1404
f 1285/1455/1404 368/778/716 1286/1457/1406
f 1286/1457/1406 358/173/155 1283/172/154
f 1287/104/98 353/1444/1393 351/102/96
f 1289/1460/1408 354/1445/1394 353/1444/1393
f 1290/1461/1409 355/1446/1395 354/1445/1394
f 1291/1462/1410 352/181/161 355/1446/1395
f 374/190/167 1289/1460/1408 1287/104/98
f 377/1454/1403 1290/1461/1409 1289/1460/1408
f 376/1456/1405 1291/1462/1410 1290/1461/1409
f 375/1458/1407 1288/156/141 1291/1462/1410
f 1292/99/94 364/775/711 357/105/99
f 1294/1463/1411 365/781/719 364/775/711
f 1295/1464/1412 370/779/717 365/781/719
f 1296/1465/1413 358/173/155 370/779/717
f 347/188/166 1294/1463/1411 1292/99/94
f 350/1447/1396 1295/1464/1412 1294/1463/1411
f 349/1449/1398 1296/1465/1413 1295/1464/1412
f 348/1451/1400 1293/171/153 1296/1465/1413
f 316/88/84 1299/1466/1414 318/1414/1363
f 318/1414/1363 1300/1467/1415 319/1415/1364
f 319/1415/1364 1301/1468/1416 320/1416/1365
f 320/1416/1365 1298/166/149 317/124/115
f 1297/109/101 385/1469/1417 1299/1466/1414
f 1299/1466/1414 386/1470/1418 1300/1467/1415
f 1300/1467/1415 387/1471/1419 1301/1468/1416
f 1301/1468/1416 384/130/120 1298/166/149
f 379/111/103 1304/1472/1420 382/1473/1421
f 382/1473/1421 1305/1474/1422 381/1475/1423
f 381/1475/1423 1306/1476/1424 380/1477/1425
f 380/1477/1425 1303/115/106 378/114/105
f 1302/82/78 310/1418/1367 1304/1472/1420
f 1304/1472/1420 309/1420/1369 1305/1474/1422
f 1305/1474/1422 308/1422/1371 1306/1476/1424
f 1306/1476/1424 306/106/100 1303/115/106
f 1307/1478/113 396/1479/723 393/180/160
f 1309/1480/1426 397/795/732 396/784/723
f 1310/1481/1427 404/791/728 397/795/732
f 1311/1482/1428 394/792/729 404/791/728
f 388/118/109 1309/1480/1426 1307/122/113
f 390/1483/1429 1310/1481/1427 1309/1480/1426
f 391/1484/1430 1311/1482/1428 1310/1481/1427
f 392/1485/1431 1308/150/137 1311/1482/1428
f 383/110/102 1314/1486/1432 385/1469/1417
f 385/1469/1417 1315/1487/1433 386/1470/1418
f 386/1470/1418 1316/1488/1434 387/1471/1419
f 387/1471/1419 1313/149/136 384/130/120
f 1312/116/107 407/798/736 1314/1486/1432
f 1314/1486/1432 403/793/730 1315/1487/1433
f 1315/1487/1433 402/790/727 1316/1488/1434
f 1316/1488/1434 394/792/729 1313/149/136
f 388/118/109 1319/1489/1435 390/1483/1429
f 390/1483/1429 1320/1490/1436 391/1484/1430
f 391/1484/1430 1321/1491/1437 392/1485/1431
f 392/1485/1431 1318/148/135 389/147/134
f 1317/112/104 382/1473/1421 1319/1489/1435
f 1319/1489/1435 381/1475/1423 1320/1490/1436
f 1320/1490/1436 380/1477/1425 1321/1491/1437
f 1321/1491/1437 378/114/105 1318/148/135
f 395/117/108 1324/1492/1438 398/1493/737
f 398/783/722 1323/176/157 393/180/160
f 1322/67/68 298/1494/1439 1324/1492/1438
f 1324/1492/1440 298/1494/1440 291/1495/1440
f 1324/1496/1441 288/177/158 1323/176/157
f 1325/47/49 264/1497/1442 252/48/50
f 264/1497/1443 1327/1498/1443 255/1499/1443
f 1327/1500/1444 250/729/659 255/731/661
f 357/105/99 1327/1501/1445 1325/47/49
f 359/1502/704 1326/134/122 1327/1500/1444
f 533/261/237 1330/1503/1446 544/945/877
f 544/945/877 1331/1504/1447 545/936/866
f 1331/1504/1447 536/933/863 545/936/866
f 1332/1505/1448 531/244/220 536/933/863
f 1328/260/236 554/950/884 1330/1503/1446
f 1330/1503/1446 564/953/887 1331/1504/1447
f 564/953/887 1332/1505/1448 1331/1504/1447
f 563/961/895 1329/262/238 1332/1505/1448
f 1333/254/230 558/956/890 550/255/231
f 1335/1506/1449 559/958/892 558/956/890
f 559/958/892 1337/1507/1450 565/962/896
f 565/962/896 1334/241/217 551/303/279
f 568/232/208 1335/1506/1449 1333/254/230
f 573/966/900 1336/1508/1451 1335/1506/1449
f 1336/1508/1451 582/978/912 1337/1507/1450
f 1337/1507/1450 570/270/246 1334/241/217
f 1338/1509/265 577/975/908 569/972/277
f 1340/1510/1452 578/981/915 577/975/908
f 578/981/915 1341/1511/1453 584/979/913
f 1341/1511/1454 570/270/246 584/979/913
f 1338/1509/265 541/941/870 1340/1510/1455
f 1340/1510/1452 535/934/864 1341/1512/1453
f 1341/1512/1453 535/934/864 534/932/862
f 1341/1511/1454 531/244/220 1339/243/219
f 515/300/276 1344/1513/1456 526/928/856
f 526/928/856 1345/1514/1457 527/919/845
f 1345/1514/1457 518/916/842 527/919/845
f 1346/1515/1458 513/281/257 518/916/842
f 1342/296/272 560/957/891 1344/1513/1456
f 1344/1513/1456 553/951/885 1345/1514/1457
f 553/951/885 1346/1515/1458 1345/1514/1457
f 552/949/883 1343/275/251 1346/1515/1458
f 1347/1516/226 539/942/871 532/939/266
f 1349/1517/1459 540/948/880 539/942/871
f 540/948/880 1350/1518/1460 546/946/878
f 1350/1518/1461 533/261/237 546/946/878
f 1347/1516/226 523/924/849 1349/1517/1462
f 1349/1517/1459 517/917/843 1350/1519/1460
f 1350/1519/1460 517/917/843 516/915/841
f 1350/1518/1461 513/281/257 1348/229/205
f 1351/1520/227 521/925/850 514/922/228
f 1353/1521/1463 522/931/859 521/925/850
f 522/931/859 1354/1522/1464 528/929/857
f 1354/1522/1465 515/300/276 528/929/857
f 1351/1520/227 579/974/907 1353/1521/1466
f 1353/1521/1463 572/967/901 1354/1523/1464
f 1354/1523/1464 572/967/901 571/965/899
f 1354/1522/1465 568/232/208 1352/231/207
f 435/210/187 1357/1524/1467 438/831/765
f 438/831/765 1358/1525/1468 442/829/1469
f 442/829/1469 1359/1526/1470 441/1527/1471
f 441/1527/1471 1356/247/223 436/316/292
f 410/165/148 1357/1524/1467 1355/163/146
f 415/801/741 1358/1525/1468 1357/1524/1467
f 423/804/744 1359/1526/1470 1358/1525/1468
f 422/812/750 1356/247/223 1359/1526/1470
f 1360/259/235 452/1528/1472 447/217/193
f 1362/1529/1473 1818/842/1474 452/1528/1472
f 1363/1530/1475 449/839/779 1818/842/1474
f 1364/1531/1476 445/318/294 449/839/779
f 1360/259/235 422/814/750 1362/1529/1473
f 1362/1529/1473 419/809/748 1363/1530/1475
f 1363/1530/1475 418/807/746 1364/1531/1476
f 1364/1531/1476 411/237/213 1361/239/215
f 1365/317/293 441/1532/1471 436/316/292
f 1367/1533/1477 442/837/1478 441/1532/1471
f 1368/1534/1479 444/833/771 442/837/1478
f 1369/1535/1480 437/234/210 444/833/771
f 1365/317/293 452/1536/1472 1367/1533/1477
f 1367/1533/1477 453/1537/1481 1368/1534/1479
f 1368/1534/1479 449/1538/1482 1369/1535/1480
f 1369/1535/1480 446/843/781 1366/248/224
f 464/298/274 1372/1539/1483 467/860/797
f 467/860/797 1373/1540/1484 468/871/799
f 468/871/799 1374/1541/1485 473/870/1486
f 473/870/1486 1371/279/255 465/322/298
f 425/220/196 1372/1539/1483 1370/299/275
f 429/817/1487 1373/1540/1484 1372/1539/1483
f 432/819/1488 1374/1541/1485 1373/1540/1484
f 433/1542/1489 1371/279/255 1374/1541/1485
f 479/273/249 1377/1543/1490 482/876/1491
f 482/876/1491 1378/1544/1492 1819/1545/1493
f 1819/1545/1493 1379/1546/1494 485/1547/1495
f 485/1547/1495 1376/338/313 480/207/184
f 466/265/241 1377/1543/1490 1375/263/239
f 477/873/807 1378/1544/1492 1377/1543/1490
f 472/875/804 1379/1546/1494 1378/1544/1492
f 473/867/1486 1376/338/313 1379/1546/1494
f 1380/209/186 485/1548/1495 480/207/184
f 1382/1549/1496 486/885/1497 485/1548/1495
f 1383/1550/1498 488/881/816 486/885/1497
f 1384/1551/1499 481/271/247 488/881/816
f 1380/209/186 433/1552/1489 1382/1549/1496
f 1382/1549/1496 434/823/1500 1383/1550/1498
f 1383/1550/1498 430/824/759 1384/1551/1499
f 1384/1551/1499 426/820/758 1381/266/242
f 1385/257/233 461/1553/1501 456/196/173
f 1387/1554/1502 462/853/1503 461/1553/1501
f 1388/1555/1504 458/849/1505 462/853/1503
f 1389/1556/1506 454/343/318 458/849/1505
f 1385/257/233 497/899/1507 1387/1554/1502
f 1387/1554/1502 493/900/824 1388/1555/1504
f 1388/1555/1504 492/888/821 1389/1556/1506
f 1389/1556/1506 489/890/823 1386/293/269
f 1390/328/304 497/896/1507 490/280/256
f 1392/1557/1508 498/904/830 497/896/1507
f 1393/1558/1509 502/902/833 498/904/830
f 1394/1559/1510 491/285/261 502/902/833
f 1390/328/304 510/1560/1511 1392/1557/1508
f 1392/1557/1508 1816/1561/1512 1393/1558/1509
f 1393/1558/1509 508/907/834 1394/1559/1510
f 1394/1559/1510 504/199/176 1391/201/178
f 1395/342/317 510/1562/1511 505/329/305
f 1397/1563/1513 511/914/1514 510/1562/1511
f 1398/1564/1515 508/911/1516 511/914/1514
f 1399/1565/1517 506/291/267 508/911/838
f 1395/342/317 461/1566/1501 1397/1563/1513
f 1397/1563/1513 463/858/1518 1398/1564/1515
f 1398/1564/1515 459/857/794 1399/1565/1517
f 1399/1565/1517 455/854/793 1396/286/262
f 588/996/311 1402/1567/1519 599/994/934
f 599/994/934 1403/1568/1520 600/988/923
f 600/988/923 1404/1569/1521 590/984/919
f 590/984/919 1401/283/259 586/982/917
f 1400/1570/310 614/1005/946 1402/1567/1519
f 1402/1567/1519 608/1001/942 1403/1568/1520
f 1403/1568/1520 607/999/940 1404/1569/1521
f 607/999/940 1401/283/259 1404/1569/1521
f 1405/309/285 623/1014/954 620/320/296
f 1407/1571/1522 624/1023/962 623/1014/954
f 1408/1572/1523 631/1019/959 624/1023/962
f 1409/1573/1524 621/1020/201 631/1019/959
f 606/308/284 1407/1571/1522 1405/309/285
f 618/1010/950 1408/1572/1523 1407/1571/1522
f 613/1007/947 1409/1573/1524 1408/1572/1523
f 612/1004/945 1406/1574/199 1409/1573/1524
f 1410/310/286 594/992/927 587/311/287
f 1412/1575/1525 595/998/937 594/992/927
f 1413/1576/1526 601/995/935 595/998/937
f 1414/1577/1527 588/996/311 601/995/935
f 1410/310/286 635/1026/965 1412/1575/1525
f 1412/1575/1525 630/1021/960 1413/1576/1526
f 1413/1576/1526 629/1018/958 1414/1577/1527
f 1414/1577/1527 621/1020/201 1411/1578/200
f 1415/1579/301 651/1041/980 640/1043/299
f 1417/1580/1528 652/1032/972 651/1041/980
f 1418/1581/1529 643/1029/969 652/1032/972
f 1419/1582/1530 638/226/202 643/1029/969
f 657/1054/303 1417/1580/1528 1415/1579/301
f 666/1058/990 1418/1581/1529 1417/1580/1528
f 660/1057/994 1419/1582/1530 1418/1581/1529
f 659/1047/985 1416/227/203 1419/1582/1530
f 674/1077/315 1422/1583/1531 685/1075/1013
f 685/1075/1013 1423/1584/1532 686/1069/1006
f 686/1069/1006 1424/1585/1533 676/1065/1002
f 676/1065/1002 1421/214/190 672/213/189
f 1420/1586/314 653/1042/981 1422/1583/1531
f 1422/1583/1531 647/1037/977 1423/1584/1532
f 1423/1584/1532 646/1035/975 1424/1585/1533
f 1424/1585/1533 639/314/290 1421/214/190
f 1425/313/289 680/1073/1010 673/315/291
f 1427/1587/1534 681/1079/1016 680/1073/1010
f 1428/1588/1535 687/1076/1014 681/1079/1016
f 1429/1589/1536 674/1077/315 687/1076/1014
f 1425/313/289 670/1061/997 1427/1587/1534
f 1427/1587/1534 665/1055/991 1428/1588/1535
f 1428/1588/1535 664/1052/989 1429/1589/1536
f 1429/1589/1536 657/1054/303 1426/1590/302
f 1430/333/309 693/1082/1019 690/345/320
f 1432/1591/1537 694/1092/1029 693/1082/1019
f 1433/1592/1538 701/1088/1026 694/1092/1029
f 1434/1593/1539 691/1089/192 701/1088/1026
f 708/332/308 1432/1591/1537 1430/333/309
f 713/1097/1038 1433/1592/1538 1432/1591/1537
f 722/1100/1041 1434/1593/1539 1433/1592/1538
f 721/1109/1049 1431/1594/183 1434/1593/1539
f 709/304/280 1437/1595/1540 716/1103/1044
f 716/1103/1044 1438/1596/1541 717/1105/1046
f 717/1105/1046 1439/1597/1542 723/1110/1050
f 723/1110/1050 1436/1598/306 710/1111/181
f 1435/203/180 730/1115/1054 1437/1595/1540
f 1437/1595/1540 739/1119/1058 1438/1596/1541
f 1438/1596/1541 738/1125/1065 1439/1597/1542
f 1439/1597/1542 728/1127/307 1436/1598/306
f 1440/305/281 734/1123/1062 727/306/282
f 1442/1599/1543 735/1129/1068 734/1123/1062
f 1443/1600/1544 740/1126/1066 735/1129/1068
f 1444/1601/1545 728/1127/307 740/1126/1066
f 1440/305/281 705/1095/1032 1442/1599/1543
f 1442/1599/1543 700/1090/1027 1443/1600/1544
f 1443/1600/1544 699/1087/1025 1444/1601/1545
f 1444/1601/1545 691/1089/192 1441/1602/191
f 1445/164/147 413/800/740 410/165/148
f 1447/1603/1546 414/802/1547 413/800/740
f 1448/1604/1548 420/808/747 414/802/1547
f 1449/1605/1549 411/237/213 420/808/747
f 604/321/297 1447/1603/1546 1445/164/147
f 609/1000/941 1448/1604/1548 1447/1603/1546
f 617/1003/944 1449/1605/1549 1448/1604/1548
f 616/1009/949 1446/1606/1550 1449/1605/1549
f 622/312/288 1452/1607/1551 634/1027/1552
f 634/1027/966 1453/1608/1553 625/1609/1554
f 1453/1610/1555 620/320/296 625/1013/953
f 1450/249/225 451/845/783 1452/1607/1551
f 1452/1607/1553 448/847/1556 1453/1608/1553
f 1453/1610/1555 445/318/294 1451/319/295
f 1454/222/198 428/816/1557 425/220/196
f 1456/1611/1558 431/822/1559 428/826/1559
f 431/822/760 1455/267/243 426/820/758
f 656/341/316 1456/1612/1560 1454/222/198
f 1456/1612/1560 661/1046/984 669/1050/1561
f 669/1050/1562 1457/1613/1563 1456/1611/1558
f 1457/1613/1564 658/1059/995 1455/267/243
f 672/213/189 1460/1614/1565 675/1066/1566
f 1460/1614/1567 682/1615/1568 675/1066/1003
f 682/1072/1009 1459/272/248 673/315/291
f 1458/1616/1569 483/877/1570 1460/1614/1565
f 1460/1614/1567 483/882/1571 1461/1617/1567
f 1461/1617/1567 483/882/1571 487/880/1571
f 487/880/815 1459/272/248 1461/1618/1572
f 491/285/261 1464/1619/1573 500/901/832
f 500/901/832 1465/1620/1574 501/893/1575
f 501/893/1575 1466/1621/1576 494/889/822
f 494/889/822 1463/294/270 489/890/823
f 1462/284/260 718/1104/1045 1464/1619/1573
f 1464/1619/1573 712/1098/1039 1465/1620/1574
f 1465/1620/1574 711/1096/1037 1466/1621/1576
f 1466/1621/1576 708/332/308 1463/294/270
f 1467/287/263 704/1622/1033 692/307/283
f 1469/1623/1577 695/1081/1021 704/1085/1023
f 1470/1624/1578 690/345/320 695/1081/1018
f 455/854/793 1469/1625/1579 1467/287/263
f 460/850/1580 1470/1624/1577 1469/1623/1577
f 457/848/1581 1468/344/319 1470/1624/1578
f 586/982/917 1473/1626/1582 589/1627/920
f 589/1627/931 1473/1626/1583 1474/1628/1584
f 589/985/931 1474/1629/1584 596/991/929
f 1474/1629/1585 587/311/287 596/991/926
f 1471/282/258 439/828/1586 1473/1626/1582
f 1473/1626/1583 439/1630/1587 1474/1628/1584
f 1474/1628/1584 439/1630/1587 443/832/1588
f 443/832/1589 1472/236/212 1474/1629/1585
f 1475/264/240 475/872/806 466/265/241
f 1477/1631/1590 476/865/1591 475/872/806
f 476/865/1591 1479/1632/1592 469/861/798
f 469/861/798 1476/1633/1593 464/298/274
f 639/314/290 1477/1631/1590 1475/264/240
f 648/1036/976 1478/1634/1594 1477/1631/1590
f 642/1030/970 1479/1632/1592 1478/1634/1594
f 641/1028/968 1476/1633/1593 1479/1632/1592
f 1480/292/268 512/910/837 506/291/267
f 1482/1635/1595 507/912/1596 512/910/1596
f 507/906/835 1481/202/179 504/199/176
f 727/306/282 1482/1635/1597 1480/292/268
f 1482/1635/1595 729/1116/1598 1483/1636/1595
f 1483/1637/1599 726/1113/1052 1481/202/179
f 764/370/342 1486/1638/1600 767/1639/1601
f 767/1639/1601 1487/1640/1602 766/1641/1603
f 766/1642/1604 1488/1643/1605 765/1644/1606
f 1488/1643/1605 763/527/480 765/1644/1606
f 1484/369/341 750/1645/1607 1486/1638/1600
f 1486/1638/1600 751/1646/1608 1487/1640/1602
f 1487/1647/1609 752/1648/1610 1488/1643/1605
f 752/1648/1610 1485/486/442 1488/1643/1605
f 1489/406/375 772/1649/1611 769/353/327
f 1491/1650/1612 771/1651/1613 772/1649/1611
f 1492/1652/1614 770/1653/1615 771/1651/1616
f 770/1653/1615 1490/1654/425 768/1655/338
f 753/539/489 1491/1650/1612 1489/406/375
f 755/1656/1617 1492/1652/1618 1491/1650/1612
f 756/1657/1619 1493/1658/1620 1492/1652/1614
f 1493/1658/1620 754/1659/335 1490/1654/425
f 1494/476/434 747/1660/1621 744/348/323
f 1496/1661/1622 746/1662/1623 747/1660/1621
f 1497/1663/1624 745/1664/1625 746/1665/1626
f 745/1664/1625 1495/349/324 743/361/333
f 764/370/342 1496/1661/1622 1494/476/434
f 767/1639/1601 1497/1666/1627 1496/1661/1622
f 766/1642/1604 1498/1667/1628 1497/1663/1624
f 1498/1667/1628 763/527/480 1495/349/324
f 759/505/459 1501/1668/1629 762/1669/1630
f 762/1669/1630 1502/1670/1631 761/1671/1632
f 761/1671/1633 1503/1672/1634 760/1673/1635
f 1503/1672/1634 758/1674/328 760/1673/1635
f 1499/371/343 772/1649/1611 1501/1668/1629
f 1501/1668/1629 771/1651/1613 1502/1670/1631
f 1502/1670/1636 770/1653/1615 1503/1672/1634
f 770/1653/1615 1500/1675/340 1503/1672/1634
f 774/506/460 1506/1676/1637 777/1677/1638
f 777/1677/1638 1507/1678/1639 776/1679/1640
f 776/1679/1641 1508/1680/1642 775/1681/1643
f 1508/1680/1642 773/1682/345 775/1681/1643
f 1504/500/455 762/1669/1630 1506/1676/1637
f 1506/1676/1637 761/1671/1632 1507/1678/1639
f 1507/1678/1644 760/1673/1635 1508/1680/1642
f 760/1673/1635 1505/1683/330 1508/1680/1642
f 748/360/332 1511/1684/1645 750/1645/1607
f 750/1645/1607 1512/1685/1646 751/1646/1608
f 751/1686/1647 1513/1687/1648 752/1648/1610
f 1513/1687/1648 749/380/351 752/1648/1610
f 1509/359/331 780/1688/1649 1511/1684/1645
f 1511/1684/1645 781/1689/1650 1512/1685/1646
f 1512/1690/1651 782/1691/1652 1513/1687/1648
f 782/1691/1652 1510/378/349 1513/1687/1648
f 778/389/359 1516/1692/1653 780/1688/1649
f 780/1688/1649 1517/1693/1654 781/1689/1650
f 781/1694/1655 1518/1695/1656 782/1691/1652
f 1518/1695/1656 779/377/348 782/1691/1652
f 1514/398/367 790/1696/1657 1516/1692/1653
f 1516/1692/1653 791/1697/1658 1517/1693/1654
f 1517/1698/1659 792/1699/1660 1518/1695/1656
f 792/1699/1660 1515/375/346 1518/1695/1656
f 784/540/490 1521/1700/1661 787/1701/1662
f 787/1701/1662 1522/1702/1663 786/1703/1664
f 786/1703/1665 1523/1704/1666 785/1705/1667
f 1523/1706/1666 783/384/355 785/1707/1667
f 1519/532/483 777/1677/1638 1521/1700/1661
f 1521/1700/1661 776/1679/1640 1522/1702/1663
f 1522/1702/1668 775/1681/1643 1523/1704/1666
f 775/1708/1643 1520/382/353 1523/1706/1666
f 1524/517/470 814/1709/1669 811/515/468
f 1526/1710/1670 813/1711/1671 814/1709/1669
f 1527/1712/1672 812/1713/1673 813/1711/1671
f 1528/1714/1674 810/531/364 812/1713/1673
f 794/1139/1078 1526/1710/1670 1524/517/470
f 803/1138/1077 1527/1712/1672 1526/1710/1670
f 797/1142/1081 1528/1714/1674 1527/1712/1672
f 796/1133/1072 1525/480/436 1528/1714/1674
f 788/397/366 1531/1715/1675 790/1696/1657
f 790/1696/1657 1532/1716/1676 791/1697/1658
f 791/1717/1677 1533/1718/1678 792/1699/1660
f 792/1699/1660 1530/385/356 789/387/358
f 1529/499/454 814/1709/1669 1531/1715/1675
f 1531/1715/1679 813/1711/1671 1532/1716/1676
f 1532/1719/1680 812/1720/1673 1533/1718/1678
f 812/1720/1673 1530/385/356 1533/1718/1678
f 794/1139/1078 1536/1721/1681 801/1137/1076
f 801/1137/1076 1537/1722/1682 802/1140/1079
f 802/1140/1088 1538/1723/1683 807/1146/1084
f 807/1724/1084 1535/391/361 795/393/363
f 1534/516/469 787/1701/1662 1536/1721/1681
f 1536/1721/1681 786/1703/1664 1537/1722/1682
f 1537/1722/1684 785/1705/1667 1538/1723/1683
f 1538/1725/1683 783/384/355 1535/391/361
f 1539/414/382 755/1656/1617 753/539/489
f 1541/1726/1685 756/1657/1686 755/1656/1617
f 1542/1727/1687 757/1728/1688 756/1657/1619
f 757/1728/1688 1540/1729/462 754/1659/335
f 820/475/433 1541/1726/1685 1539/414/382
f 822/1730/1689 1542/1727/1690 1541/1726/1685
f 823/1731/1691 1543/1732/1692 1542/1727/1687
f 1543/1732/1692 821/1733/372 1540/1729/462
f 1544/346/321 819/1734/1693 816/524/477
f 1546/1735/1694 818/1736/1695 819/1734/1693
f 1547/1737/1696 817/1738/1697 818/1736/1698
f 817/1739/1697 1545/399/368 815/401/370
f 744/348/323 1546/1735/1694 1544/346/321
f 747/1660/1621 1547/1737/1699 1546/1735/1694
f 746/1665/1626 1548/1740/1700 1547/1741/1696
f 1548/1740/1700 743/361/333 1545/399/368
f 832/1162/1107 1551/1742/1701 842/1160/1105
f 842/1160/1105 1552/1743/1702 843/1153/1095
f 843/1153/1095 1553/1744/1703 834/1149/1091
f 834/1149/1091 1550/465/426 830/523/476
f 1549/490/445 827/1745/1704 1551/1742/1701
f 1551/1742/1701 828/1746/1705 1552/1743/1702
f 1552/1743/1702 829/1747/1706 1553/1744/1703
f 1553/1744/1703 826/1748/378 1550/465/426
f 1554/491/446 822/1730/1689 820/475/433
f 1556/1749/1707 823/1731/1708 822/1730/1689
f 1557/1750/1709 824/1751/1710 823/1731/1691
f 1558/1752/1711 821/1733/372 824/1751/1710
f 832/1162/1107 1556/1749/1707 1554/491/446
f 844/1161/1106 1557/1750/1712 1556/1749/1707
f 839/1164/1713 1558/1752/1711 1557/1750/1709
f 838/1158/1100 1555/1753/380 1558/1752/1711
f 1559/493/448 827/1745/1704 825/492/447
f 1561/1754/1714 828/1746/1705 827/1745/1704
f 1562/1755/1715 829/1747/1706 828/1746/1705
f 829/1756/1706 1560/407/376 826/409/378
f 816/524/477 1561/1754/1714 1559/493/448
f 819/1734/1693 1562/1755/1716 1561/1754/1714
f 818/1736/1698 1563/1757/1717 1562/1755/1715
f 817/1739/1697 1560/407/376 1563/1758/1717
f 1564/489/444 871/1759/1718 868/416/383
f 1566/1760/1719 870/1761/1720 871/1759/1718
f 1567/1762/1721 869/1763/1722 870/1761/1720
f 1568/1764/1723 867/538/488 869/1763/1722
f 852/436/401 1566/1760/1719 1564/489/444
f 854/1765/1724 1567/1762/1721 1566/1760/1719
f 855/1766/1725 1568/1764/1723 1567/1762/1721
f 856/1767/1726 1565/537/487 1568/1764/1723
f 873/430/395 1571/1768/1727 876/1769/1728
f 876/1769/1728 1572/1770/1729 875/1771/1730
f 875/1771/1730 1573/1772/1731 874/1773/1732
f 874/1773/1732 1570/470/429 872/473/432
f 1569/429/394 859/1774/1733 1571/1768/1727
f 1571/1768/1727 860/1775/1734 1572/1770/1729
f 1572/1770/1729 861/1776/1735 1573/1772/1731
f 1573/1772/1731 858/471/430 1570/470/429
f 848/426/391 1576/1777/1736 851/1778/1737
f 851/1778/1737 1577/1779/1738 850/1780/1739
f 850/1780/1739 1578/1781/1740 849/1782/1741
f 849/1782/1741 1575/487/443 847/451/415
f 1574/417/384 871/1759/1718 1576/1777/1736
f 1576/1777/1736 870/1761/1720 1577/1779/1738
f 1577/1779/1738 869/1763/1722 1578/1781/1740
f 1578/1781/1740 867/538/488 1575/487/443
f 1579/431/396 866/1783/1742 863/472/431
f 1581/1784/1743 865/1785/1744 866/1783/1742
f 1582/1786/1745 864/1787/1746 865/1785/1744
f 1583/1788/1747 862/528/481 864/1787/1746
f 873/430/395 1581/1784/1743 1579/431/396
f 876/1769/1728 1582/1786/1745 1581/1784/1743
f 875/1771/1730 1583/1788/1747 1582/1786/1745
f 874/1773/1732 1580/508/461 1583/1788/1747
f 1584/422/388 881/1789/1748 878/502/456
f 1586/1790/1749 880/1791/1750 881/1789/1748
f 1587/1792/1751 879/1793/1752 880/1791/1750
f 1588/1794/1753 877/423/389 879/1793/1752
f 863/472/431 1586/1790/1749 1584/422/388
f 866/1783/1742 1587/1792/1751 1586/1790/1749
f 865/1785/1744 1588/1794/1753 1587/1792/1751
f 864/1787/1746 1585/439/404 1588/1794/1753
f 1589/437/402 854/1765/1724 852/436/401
f 1591/1795/1754 855/1766/1725 854/1765/1724
f 1592/1796/1755 856/1767/1726 855/1766/1725
f 1593/1797/1756 853/536/486 856/1767/1726
f 882/442/406 1591/1795/1754 1589/437/402
f 884/1798/1757 1592/1796/1755 1591/1795/1754
f 885/1799/1758 1593/1797/1756 1592/1796/1755
f 886/1800/1759 1590/419/386 1593/1797/1756
f 1594/443/407 884/1798/1757 882/442/406
f 1596/1801/1760 885/1799/1758 884/1798/1757
f 1597/1802/1761 886/1800/1759 885/1799/1758
f 1598/1803/1762 883/485/441 886/1800/1759
f 892/447/411 1596/1801/1760 1594/443/407
f 894/1804/1763 1597/1802/1761 1596/1801/1760
f 895/1805/1764 1598/1803/1762 1597/1802/1761
f 896/1806/1765 1595/529/482 1598/1803/1762
f 1599/438/403 891/1807/1766 888/533/484
f 1601/1808/1767 890/1809/1768 891/1807/1766
f 1602/1810/1769 889/1811/1770 890/1809/1768
f 1603/1812/1771 887/446/410 889/1811/1770
f 878/502/456 1601/1808/1767 1599/438/403
f 881/1789/1748 1602/1810/1769 1601/1808/1767
f 880/1791/1750 1603/1812/1771 1602/1810/1769
f 879/1793/1752 1600/425/390 1603/1812/1771
f 915/535/485 1606/1813/1772 918/1814/1773
f 918/1814/1773 1607/1815/1774 917/1816/1775
f 917/1816/1775 1608/1817/1776 916/1818/1777
f 916/1818/1777 1605/519/472 914/521/474
f 1604/484/440 901/1166/1112 1606/1819/1772
f 1606/1813/1772 910/1171/1116 1607/1815/1774
f 1607/1815/1774 909/1179/1124 1608/1817/1776
f 1608/1817/1776 899/520/473 1605/519/472
f 1609/449/413 894/1804/1763 892/447/411
f 1611/1820/1778 895/1805/1764 894/1804/1763
f 1612/1821/1779 896/1806/1765 895/1805/1764
f 1613/1822/1780 893/526/479 896/1806/1765
f 915/535/485 1611/1820/1778 1609/449/413
f 918/1814/1773 1612/1821/1779 1611/1820/1778
f 917/1816/1775 1613/1822/1780 1612/1821/1779
f 916/1818/1777 1610/503/457 1613/1822/1780
f 1614/444/408 905/1176/1120 898/450/414
f 1616/1823/1781 906/1182/1127 905/1176/1120
f 1617/1824/1782 911/1180/1125 906/1182/1127
f 1618/1825/1783 899/520/473 911/1180/1125
f 888/533/484 1616/1823/1781 1614/444/408
f 891/1807/1766 1617/1824/1782 1616/1823/1781
f 890/1809/1768 1618/1825/1783 1617/1824/1782
f 889/1811/1770 1615/518/471 1618/1825/1783
f 857/433/398 1621/1826/1784 859/1774/1733
f 859/1774/1733 1622/1827/1785 860/1775/1734
f 860/1775/1734 1623/1828/1786 861/1776/1735
f 861/1776/1735 1620/513/466 858/471/430
f 1619/454/416 926/1829/1787 1621/1826/1784
f 1621/1826/1784 927/1830/1788 1622/1827/1785
f 1622/1827/1785 928/1831/1789 1623/1828/1786
f 1623/1828/1786 925/477/435 1620/513/466
f 920/456/418 1626/1832/1790 923/1833/1791
f 923/1833/1791 1627/1834/1792 922/1835/1793
f 922/1835/1793 1628/1836/1794 921/1837/1795
f 921/1837/1795 1625/460/421 919/459/420
f 1624/427/392 851/1778/1737 1626/1832/1790
f 1626/1832/1790 850/1780/1739 1627/1834/1792
f 1627/1834/1792 849/1782/1741 1628/1836/1794
f 1628/1836/1794 847/451/415 1625/460/421
f 1629/469/428 937/1838/1131 934/525/478
f 1631/1839/1796 938/1196/1141 937/1185/1131
f 1632/1840/1797 944/1192/1137 938/1196/1141
f 1633/1841/1798 935/1193/1138 944/1192/1137
f 929/463/424 1631/1839/1796 1629/1842/428
f 931/1843/1799 1632/1840/1797 1631/1839/1796
f 932/1844/1800 1633/1841/1798 1632/1840/1797
f 933/1845/1801 1630/497/452 1633/1841/1798
f 924/455/417 1636/1846/1802 926/1829/1787
f 926/1829/1787 1637/1847/1803 927/1830/1788
f 927/1830/1788 1638/1848/1804 928/1831/1789
f 928/1831/1789 1635/496/451 925/477/435
f 1634/461/422 948/1199/1145 1636/1846/1802
f 1636/1846/1802 943/1194/1139 1637/1847/1803
f 1637/1847/1803 942/1191/1136 1638/1848/1804
f 1638/1848/1804 935/1193/1138 1635/496/451
f 929/463/424 1641/1849/1805 931/1843/1799
f 931/1843/1799 1642/1850/1806 932/1844/1800
f 932/1844/1800 1643/1851/1807 933/1845/1801
f 933/1845/1801 1640/495/450 930/494/449
f 1639/457/419 923/1833/1791 1641/1849/1805
f 1641/1849/1805 922/1835/1793 1642/1850/1806
f 1642/1850/1806 921/1837/1795 1643/1851/1807
f 1643/1851/1807 919/459/420 1640/495/450
f 936/462/423 1646/1852/1808 947/1853/1146
f 947/1184/1809 1645/522/475 934/525/478
f 1644/412/381 833/1854/1810 1646/1852/1808
f 1646/1855/1811 830/523/476 1645/522/475
f 1647/392/362 806/1856/1812 795/393/363
f 1649/1857/1813 793/1130/1069 806/1132/1071
f 898/450/414 1649/1858/1814 1647/392/362
f 900/1859/1113 1648/481/437 1649/1857/1813
f 972/562/509 1652/1860/1815 975/1861/1816
f 975/1861/1816 1653/1862/1817 974/1863/1818
f 974/1864/1819 1654/1865/1820 973/1866/1821
f 1654/1865/1820 971/716/648 973/1866/1821
f 1650/561/508 958/1867/1822 1652/1860/1815
f 1652/1860/1815 959/1868/1823 1653/1862/1817
f 1653/1869/1824 960/1870/1825 1654/1865/1820
f 960/1870/1825 1651/676/612 1654/1865/1820
f 1655/598/543 980/1871/1826 977/545/494
f 1657/1872/1827 979/1873/1828 980/1874/1826
f 1658/1875/1829 978/1876/1830 979/1873/1831
f 978/1876/1830 1656/656/595 976/558/505
f 961/727/657 1657/1877/1827 1655/598/543
f 963/1878/1832 1658/1875/1833 1657/1872/1827
f 964/1879/1834 1659/1880/1835 1658/1875/1829
f 1659/1880/1835 962/555/502 1656/656/595
f 1660/666/604 955/1881/1836 952/512/465
f 1662/1882/1837 954/1883/1838 955/1881/1836
f 1663/1884/1839 953/1885/1840 954/1886/1841
f 953/1885/1840 1661/541/491 951/553/500
f 972/562/509 1662/1882/1837 1660/666/604
f 975/1861/1816 1663/1887/1842 1662/1882/1837
f 974/1864/1819 1664/1888/1843 1663/1884/1839
f 1664/1888/1843 971/716/648 1661/541/491
f 967/695/630 1667/1889/1844 970/1890/1845
f 970/1891/1845 1668/1892/1846 969/1893/1847
f 969/1893/1848 1669/1894/1849 968/1895/1850
f 1669/1894/1849 966/547/495 968/1895/1850
f 1665/563/510 980/1871/1826 1667/1889/1844
f 1667/1896/1844 979/1873/1828 1668/1892/1846
f 1668/1892/1851 978/1876/1830 1669/1894/1849
f 978/1876/1830 1666/560/507 1669/1894/1849
f 982/696/631 1672/1897/1852 985/1898/1853
f 985/1899/1853 1673/1900/1854 984/1901/1855
f 984/1901/1856 1674/1902/1857 983/1903/1858
f 1674/1902/1857 981/566/512 983/1903/1858
f 1670/690/625 970/1890/1845 1672/1897/1852
f 1672/1904/1852 969/1893/1847 1673/1900/1854
f 1673/1900/1859 968/1895/1850 1674/1902/1857
f 968/1895/1850 1671/549/497 1674/1902/1857
f 956/552/499 1677/1905/1860 958/1867/1822
f 958/1867/1822 1678/1906/1861 959/1868/1823
f 959/1907/1862 1679/1908/1863 960/1870/1825
f 1679/1908/1863 957/572/518 960/1870/1825
f 1675/551/498 988/1909/1864 1677/1905/1860
f 1677/1905/1860 989/1910/1865 1678/1906/1861
f 1678/1911/1866 990/1912/1867 1679/1908/1863
f 990/1912/1867 1676/570/516 1679/1908/1863
f 986/581/526 1682/1913/1868 988/1909/1864
f 988/1909/1864 1683/1914/1869 989/1910/1865
f 989/1915/1870 1684/1916/1871 990/1912/1867
f 1684/1916/1871 987/569/515 990/1912/1867
f 1680/590/535 998/1917/1872 1682/1913/1868
f 1682/1913/1868 999/1918/1873 1683/1914/1869
f 1683/1919/1874 1000/1920/1875 1684/1916/1871
f 1000/1920/1875 1681/567/513 1684/1916/1871
f 992/728/658 1687/1921/1876 995/1922/1877
f 995/1923/1877 1688/1924/1878 994/1925/1879
f 994/1925/1880 1689/1926/1881 993/1927/1882
f 993/1927/1882 1686/574/520 991/576/522
f 1685/721/651 985/1898/1853 1687/1921/1876
f 1687/1928/1876 984/1901/1855 1688/1924/1878
f 1688/1924/1883 983/1903/1858 1689/1926/1881
f 983/1903/1858 1686/574/520 1689/1926/1881
f 1690/704/638 1022/1929/1884 1019/702/636
f 1692/1930/1885 1021/1931/1886 1022/1929/1884
f 1693/1932/1887 1020/1933/1888 1021/1931/1889
f 1694/1934/1890 1018/720/531 1020/1933/1888
f 1002/1210/1158 1692/1930/1885 1690/704/638
f 1012/1209/1157 1693/1932/1887 1692/1930/1885
f 1005/1215/1161 1694/1934/1890 1693/1932/1887
f 1004/1204/1152 1691/670/606 1694/1934/1890
f 996/589/534 1697/1935/1891 998/1917/1872
f 998/1917/1872 1698/1936/1892 999/1918/1873
f 999/1937/1893 1699/1938/1894 1000/1920/1875
f 1000/1920/1875 1696/577/523 997/579/525
f 1695/689/624 1022/1929/1884 1697/1935/1891
f 1697/1935/1895 1021/1931/1886 1698/1936/1892
f 1698/1939/1896 1020/1940/1888 1699/1938/1894
f 1020/1940/1888 1696/577/523 1699/1938/1894
f 1002/1210/1158 1702/1941/1897 1010/1208/1156
f 1010/1213/1156 1703/1942/1898 1011/1211/1159
f 1011/1211/1168 1704/1943/1899 1015/1219/1165
f 1015/1219/1165 1701/583/528 1003/585/530
f 1700/703/637 995/1922/1877 1702/1941/1897
f 1702/1944/1897 994/1925/1879 1703/1942/1898
f 1703/1942/1900 993/1927/1882 1704/1943/1899
f 1704/1943/1899 991/576/522 1701/583/528
f 1705/606/550 963/1945/1832 961/727/657
f 1707/1946/1901 964/1879/1902 963/1878/1832
f 1708/1947/1903 965/1948/1904 964/1879/1834
f 965/1948/1904 1706/699/633 962/555/502
f 1028/665/603 1707/1949/1901 1705/606/550
f 1030/1950/1905 1708/1947/1906 1707/1946/1901
f 1031/1951/1907 1709/1952/1908 1708/1947/1903
f 1709/1952/1908 1029/595/540 1706/699/633
f 1710/510/463 1027/1953/1909 1024/712/645
f 1712/1954/1910 1026/1955/1911 1027/1953/1909
f 1713/1956/1912 1025/1957/1913 1026/1958/1914
f 1025/1957/1913 1711/591/536 1023/593/538
f 952/512/465 1712/1954/1910 1710/510/463
f 955/1881/1836 1713/1959/1915 1712/1954/1910
f 954/1886/1841 1714/1960/1916 1713/1956/1912
f 1714/1960/1916 951/553/500 1711/591/536
f 1040/1240/1188 1717/1961/1917 1051/1238/1186
f 1051/1238/1186 1718/1962/1918 1052/1228/1175
f 1052/1228/1175 1719/1963/1919 1042/1224/1171
f 1042/1224/1171 1716/709/596 1038/711/644
f 1715/680/615 1035/1964/1920 1717/1961/1917
f 1717/1961/1917 1036/1965/1921 1718/1962/1918
f 1718/1962/1918 1037/1966/1922 1719/1963/1919
f 1719/1963/1919 1034/1967/546 1716/709/596
f 1720/681/616 1030/1968/1905 1028/665/603
f 1722/1969/1923 1031/1951/1924 1030/1950/1905
f 1723/1970/1925 1032/1971/1926 1031/1951/1907
f 1724/1972/1927 1029/595/540 1032/1971/1926
f 1040/1240/1188 1722/1973/1923 1720/681/616
f 1053/1244/1187 1723/1970/1928 1722/1969/1923
f 1047/1243/1929 1724/1972/1927 1723/1970/1925
f 1046/1233/1180 1721/603/548 1724/1972/1927
f 1725/683/618 1035/1964/1920 1033/682/617
f 1727/1974/1930 1036/1965/1921 1035/1964/1920
f 1728/1975/1931 1037/1976/1922 1036/1977/1921
f 1037/1976/1922 1726/599/544 1034/601/546
f 1024/712/645 1727/1974/1930 1725/683/618
f 1027/1953/1909 1728/1978/1932 1727/1974/1930
f 1026/1958/1914 1729/1979/1933 1728/1975/1931
f 1025/1957/1913 1726/599/544 1729/1979/1933
f 1730/679/614 1080/1980/1934 1077/608/551
f 1732/1981/1935 1079/1982/1936 1080/1980/1934
f 1733/1983/1937 1078/1984/1938 1079/1982/1936
f 1734/1985/1939 1076/726/656 1078/1984/1938
f 1061/628/570 1732/1981/1935 1730/679/614
f 1063/1986/1940 1733/1983/1937 1732/1981/1935
f 1064/1987/1941 1734/1985/1939 1733/1983/1937
f 1065/1988/1942 1731/725/655 1734/1985/1939
f 1082/622/564 1737/1989/1943 1085/1990/1944
f 1085/1990/1944 1738/1991/1945 1084/1992/1946
f 1084/1992/1946 1739/1993/1947 1083/1994/1948
f 1083/1994/1948 1736/660/599 1081/663/602
f 1735/621/563 1068/1995/1949 1737/1989/1943
f 1737/1989/1943 1069/1996/1950 1738/1991/1945
f 1738/1991/1945 1070/1997/1951 1739/1993/1947
f 1739/1993/1947 1067/661/600 1736/660/599
f 1057/618/560 1742/1998/1952 1060/1999/1953
f 1060/1999/1953 1743/2000/1954 1059/2001/1955
f 1059/2001/1955 1744/2002/1956 1058/2003/1957
f 1058/2003/1957 1741/677/613 1056/643/585
f 1740/609/552 1080/1980/1934 1742/1998/1952
f 1742/1998/1952 1079/1982/1936 1743/2000/1954
f 1743/2000/1954 1078/1984/1938 1744/2002/1956
f 1744/2002/1956 1076/726/656 1741/677/613
f 1745/623/565 1075/2004/1958 1072/662/601
f 1747/2005/1959 1074/2006/1960 1075/2004/1958
f 1748/2007/1961 1073/2008/1962 1074/2006/1960
f 1749/2009/1963 1071/717/649 1073/2008/1962
f 1082/622/564 1747/2005/1959 1745/623/565
f 1085/1990/1944 1748/2007/1961 1747/2005/1959
f 1084/1992/1946 1749/2009/1963 1748/2007/1961
f 1083/1994/1948 1746/698/632 1749/2009/1963
f 1750/614/556 1090/2010/1964 1087/692/627
f 1752/2011/1965 1089/2012/1966 1090/2010/1964
f 1753/2013/1967 1088/2014/1968 1089/2012/1966
f 1754/2015/1969 1086/615/557 1088/2014/1968
f 1072/662/601 1752/2011/1965 1750/614/556
f 1075/2004/1958 1753/2013/1967 1752/2011/1965
f 1074/2006/1960 1754/2015/1969 1753/2013/1967
f 1073/2008/1962 1751/631/573 1754/2015/1969
f 1755/629/571 1063/1986/1940 1061/628/570
f 1757/2016/1970 1064/1987/1941 1063/1986/1940
f 1758/2017/1971 1065/1988/1942 1064/1987/1941
f 1759/2018/1972 1062/724/654 1065/1988/1942
f 1091/634/576 1757/2016/1970 1755/629/571
f 1093/2019/1973 1758/2017/1971 1757/2016/1970
f 1094/2020/1974 1759/2018/1972 1758/2017/1971
f 1095/2021/1975 1756/611/554 1759/2018/1972
f 1760/635/577 1093/2019/1973 1091/634/576
f 1762/2022/1976 1094/2020/1974 1093/2019/1973
f 1763/2023/1977 1095/2021/1975 1094/2020/1974
f 1764/2024/1978 1092/675/611 1095/2021/1975
f 1101/639/581 1762/2022/1976 1760/635/577
f 1103/2025/1979 1763/2023/1977 1762/2022/1976
f 1104/2026/1980 1764/2024/1978 1763/2023/1977
f 1105/2027/1981 1761/718/650 1764/2024/1978
f 1765/630/572 1100/2028/1982 1097/722/652
f 1767/2029/1983 1099/2030/1984 1100/2028/1982
f 1768/2031/1985 1098/2032/1986 1099/2030/1984
f 1769/2033/1987 1096/638/580 1098/2032/1986
f 1087/692/627 1767/2029/1983 1765/630/572
f 1090/2010/1964 1768/2031/1985 1767/2029/1983
f 1089/2012/1966 1769/2033/1987 1768/2031/1985
f 1088/2014/1968 1766/617/559 1769/2033/1987
f 1124/2034/653 1772/2035/1988 1127/2036/1989
f 1127/2036/1989 1773/2037/1990 1126/2038/1991
f 1126/2038/1991 1774/2039/1992 1125/2040/1993
f 1125/2040/1993 1771/706/640 1123/708/642
f 1770/674/610 1110/1247/1193 1772/2041/1988
f 1772/2035/1988 1119/1253/1197 1773/2037/1990
f 1773/2037/1990 1118/1259/1205 1774/2039/1992
f 1774/2039/1992 1108/707/641 1771/706/640
f 1775/641/583 1103/2025/1979 1101/639/581
f 1777/2042/1994 1104/2026/1980 1103/2025/1979
f 1778/2043/1995 1105/2027/1981 1104/2026/1980
f 1779/2044/1996 1102/715/647 1105/2027/1981
f 1124/2034/653 1777/2042/1994 1775/641/583
f 1127/2036/1989 1778/2043/1995 1777/2042/1994
f 1126/2038/1991 1779/2044/1996 1778/2043/1995
f 1125/2040/1993 1776/693/628 1779/2044/1996
f 1780/636/578 1114/1257/1201 1107/642/584
f 1782/2045/1997 1115/1262/1208 1114/1257/1201
f 1783/2046/1998 1120/1260/1206 1115/1262/1208
f 1784/2047/1999 1108/707/641 1120/1260/1206
f 1097/722/652 1782/2045/1997 1780/636/578
f 1100/2028/1982 1783/2046/1998 1782/2045/1997
f 1099/2030/1984 1784/2047/1999 1783/2046/1998
f 1098/2032/1986 1781/705/639 1784/2047/1999
f 1066/625/567 1787/2048/2000 1068/1995/1949
f 1068/1995/1949 1788/2049/2001 1069/1996/1950
f 1069/1996/1950 1789/2050/2002 1070/1997/1951
f 1070/1997/1951 1786/700/634 1067/661/600
f 1785/646/586 1135/2051/2003 1787/2048/2000
f 1787/2048/2000 1136/2052/2004 1788/2049/2001
f 1788/2049/2001 1137/2053/2005 1789/2050/2002
f 1789/2050/2002 1134/667/605 1786/700/634
f 1129/648/588 1792/2054/2006 1132/2055/2007
f 1132/2055/2007 1793/2056/2008 1131/2057/2009
f 1131/2057/2009 1794/2058/2010 1130/2059/2011
f 1130/2059/2011 1791/652/591 1128/651/590
f 1790/619/561 1060/1999/1953 1792/2054/2006
f 1792/2054/2006 1059/2001/1955 1793/2056/2008
f 1793/2056/2008 1058/2003/1957 1794/2058/2010
f 1794/2058/2010 1056/643/585 1791/652/591
f 1795/659/598 1146/1266/1212 1143/1263/646
f 1797/2060/2012 1147/1275/1222 1146/1266/1212
f 1798/2061/2013 1153/1271/1218 1147/1275/1222
f 1799/2062/2014 1144/1272/1219 1153/1271/1218
f 1138/655/594 1797/2060/2012 1795/659/598
f 1140/2063/2015 1798/2061/2013 1797/2060/2012
f 1141/2064/2016 1799/2062/2014 1798/2061/2013
f 1142/2065/2017 1796/687/622 1799/2062/2014
f 1133/647/587 1802/2066/2018 1135/2051/2003
f 1135/2051/2003 1803/2067/2019 1136/2052/2004
f 1136/2052/2004 1804/2068/2020 1137/2053/2005
f 1137/2053/2005 1801/686/621 1134/667/605
f 1800/653/592 1157/1278/1226 1802/2066/2018
f 1802/2066/2018 1152/1273/1220 1803/2067/2019
f 1803/2067/2019 1151/1270/1217 1804/2068/2020
f 1804/2068/2020 1144/1272/1219 1801/686/621
f 1138/655/594 1807/2069/2021 1140/2063/2015
f 1140/2063/2015 1808/2070/2022 1141/2064/2016
f 1141/2064/2016 1809/2071/2023 1142/2065/2017
f 1142/2065/2017 1806/685/620 1139/684/619
f 1805/649/589 1132/2055/2007 1807/2069/2021
f 1807/2069/2021 1131/2057/2009 1808/2070/2022
f 1808/2070/2022 1130/2059/2011 1809/2071/2023
f 1809/2071/2023 1128/651/590 1806/685/620
f 1145/654/593 1812/2072/2024 1156/2073/1227
f 1156/2074/1211 1811/710/643 1143/714/646
f 1810/604/549 1048/1232/2025 1812/2072/2024
f 1812/2072/2026 1048/1232/2026 1041/1236/2026
f 1812/2075/2027 1038/711/644 1811/710/643
f 1813/584/529 1006/2076/2028 1003/585/2029
f 1815/2077/2030 1001/1201/1149 1006/1203/1151
f 1107/642/584 1815/2078/2031 1813/584/529
f 1109/2079/1194 1814/671/607 1815/2077/2030
f 444/835/774 438/834/773 440/830/2032
f 433/1542/1489 432/819/2033 434/2080/1500
f 510/1560/1511 511/2081/1514 1816/1561/2034
f 485/1547/2035 486/2082/2036 1819/1545/2035
f 452/1528/2037 1818/842/2037 453/2083/2037
f 461/1553/2038 462/853/2038 463/2084/2038
f 463/2084/2039 462/853/792 1160/852/791
f 200/16/20 1173/4/11 106/6/13
f 1193/30/33 105/96/91 19/31/34
f 1188/33/36 117/90/86 26/34/37
f 1208/40/43 113/50/52 18/41/44
f 273/56/57 1223/54/55 104/55/56
f 284/64/65 1238/62/63 112/63/64
f 106/6/13 20/5/12 327/71/70
f 10/73/2 312/191/168 1268/74/72
f 336/78/75 8/95/2 98/79/2
f 104/55/56 16/17/21 307/81/77
f 116/89/85 1242/142/129 327/71/70
f 117/90/86 1267/92/88 311/91/87
f 19/31/34 341/97/92 1267/92/88
f 1263/94/90 97/75/2 8/95/2
f 105/96/91 1272/98/93 341/97/92
f 18/41/44 351/102/96 1272/98/93
f 1278/80/76 98/79/2 11/100/8
f 113/50/52 1287/104/98 351/102/96
f 25/103/97 374/190/167 1287/104/98
f 306/106/100 1253/140/128 96/107/2
f 112/63/64 17/57/58 379/111/103
f 100/113/3 12/132/2 378/114/105
f 21/65/66 112/63/64 1317/112/104
f 7/108/2 96/107/2 1248/123/114
f 96/107/2 9/141/2 331/126/117
f 16/17/21 106/6/13 1252/72/71
f 384/130/120 1313/149/136 101/131/2
f 97/75/2 1268/74/72 342/138/126
f 206/35/38 26/34/37 116/89/85
f 1253/140/128 326/193/170 9/141/2
f 26/34/37 311/91/87 1242/142/129
f 101/131/2 1308/150/137 389/147/134
f 1313/149/136 394/792/729 1308/150/137
f 11/100/8 352/181/161 1288/156/141
f 95/160/2 1258/161/144 331/126/117
f 10/73/2 321/183/163 1258/161/144
f 7/108/2 100/113/3 1303/115/106
f 1298/166/149 384/130/120 12/132/2
f 1293/171/153 99/157/8 1283/172/154
f 99/157/8 1288/156/141 373/174/156
f 17/57/58 104/55/56 1302/82/78
f 246/42/45 18/41/44 105/96/91
f 12/132/2 101/131/2 1318/148/135
f 98/79/2 1273/184/164 352/181/161
f 1163/139/127 116/89/85 20/5/12
f 321/183/163 10/73/2 97/75/2
f 8/95/2 342/138/126 1273/184/164
f 312/191/168 10/73/2 95/160/2
f 1243/192/169 95/160/2 9/141/2
f 346/101/95 11/100/8 99/157/8
f 317/124/115 1298/166/149 100/113/3
f 456/196/173 1395/342/317 130/197/174
f 710/204/181 1436/330/306 131/205/182
f 480/207/184 32/233/209 127/208/185
f 1431/206/183 131/205/182 1441/215/191
f 447/217/193 1365/317/293 124/218/194
f 1406/223/199 132/337/6 1411/224/200
f 27/228/204 533/261/237 1348/229/205
f 31/230/206 127/208/185 1352/231/207
f 32/233/209 515/300/276 1352/231/207
f 437/234/210 1366/248/224 134/235/211
f 33/240/216 551/303/279 1334/241/217
f 34/198/175 130/197/174 1339/243/219
f 412/245/221 28/274/250 122/246/222
f 1366/248/224 446/843/781 1450/249/225
f 30/253/229 125/278/254 1333/254/230
f 456/196/173 34/198/175 128/256/232
f 447/217/193 29/219/195 123/258/234
f 27/228/204 122/246/222 1328/260/236
f 34/198/175 531/244/220 1329/262/238
f 1381/266/242 426/820/758 1455/267/243
f 35/269/245 570/270/246 1339/243/219
f 35/269/245 129/242/218 1334/241/217
f 481/271/247 1381/266/242 119/268/244
f 28/274/250 123/258/234 1343/275/251
f 29/219/195 513/281/257 1343/275/251
f 427/277/253 31/230/206 125/278/254
f 490/280/256 1385/257/233 128/256/232
f 29/219/195 124/218/194 1348/229/205
f 1396/286/262 455/854/793 1467/287/263
f 28/274/250 549/276/252 1328/260/236
f 506/291/267 1396/286/262 139/288/264
f 1386/293/269 489/890/823 1463/294/270
f 30/253/229 550/255/231 1342/296/272
f 31/230/206 568/232/208 1333/254/230
f 32/233/209 126/297/273 1342/296/272
f 569/301/277 1351/251/227 121/302/278
f 33/240/216 128/256/232 1329/262/238
f 1480/292/268 139/288/264 1440/305/281
f 139/288/264 1467/287/263 692/307/283
f 1472/236/212 134/235/211 1410/310/286
f 134/235/211 1450/249/225 622/312/288
f 1455/267/243 658/1059/995 1425/313/289
f 119/268/244 1425/313/289 673/315/291
f 436/316/292 27/228/204 124/218/194
f 427/277/253 1380/209/186 127/208/185
f 465/322/298 1371/279/255 125/278/254
f 640/323/299 1420/339/314 133/324/300
f 1415/325/301 133/324/300 1426/326/302
f 490/280/256 33/240/216 129/242/218
f 505/329/305 1390/328/304 129/242/218
f 1441/215/191 131/205/182 1436/330/306
f 412/245/221 1360/259/235 123/258/234
f 436/316/292 1356/247/223 122/246/222
f 1411/224/200 132/337/6 1400/334/310
f 605/336/312 1400/334/310 132/337/6
f 465/322/298 30/253/229 126/297/273
f 480/207/184 1376/338/313 126/297/273
f 1426/326/302 133/324/300 1420/339/314
f 505/329/305 35/269/245 130/197/174
f 1495/349/324 763/527/480 55/350/325
f 743/361/333 1495/349/324 158/351/326
f 1515/375/346 157/441/405 54/376/347
f 1510/378/349 169/435/400 61/379/350
f 1530/385/356 165/395/365 53/386/357
f 810/394/364 60/448/412 165/395/365
f 1545/399/368 743/361/333 51/362/334
f 815/401/370 1545/399/368 156/400/369
f 1560/407/376 815/401/370 52/402/371
f 158/351/326 55/350/325 868/416/383
f 45/418/385 853/536/486 1590/419/386
f 877/423/389 43/440/385 150/424/385
f 156/400/369 51/362/334 848/426/391
f 168/434/399 1564/489/444 868/416/383
f 169/435/400 1589/437/402 852/436/401
f 54/376/347 882/442/406 1589/437/402
f 1585/439/404 149/420/385 43/440/385
f 157/441/405 1594/443/407 882/442/406
f 53/386/357 892/447/411 1594/443/407
f 1600/425/390 150/424/385 46/445/409
f 165/395/365 1609/449/413 892/447/411
f 60/448/412 915/535/485 1609/449/413
f 847/451/415 1575/487/443 148/452/385
f 164/408/377 52/402/371 920/456/418
f 152/458/385 47/479/385 919/459/420
f 56/410/379 164/408/377 1639/457/419
f 42/453/385 148/452/385 1570/470/429
f 148/452/385 44/488/385 872/473/432
f 51/362/334 158/351/326 1574/417/384
f 925/477/435 1635/496/451 153/478/385
f 779/377/348 54/376/347 169/435/400
f 149/420/385 1590/419/386 883/485/441
f 749/380/351 61/379/350 168/434/399
f 1575/487/443 867/538/488 44/488/385
f 61/379/350 852/436/401 1564/489/444
f 153/478/385 1630/497/452 930/494/449
f 1635/496/451 935/1193/1138 1630/497/452
f 46/445/409 893/526/479 1610/503/457
f 147/507/385 1580/508/461 872/473/432
f 45/418/385 862/528/481 1580/508/461
f 42/453/385 152/458/385 1625/460/421
f 1620/513/466 925/477/435 47/479/385
f 1615/518/471 151/504/458 1605/519/472
f 151/504/458 1610/503/457 914/521/474
f 52/402/371 156/400/369 1624/427/392
f 789/387/358 53/386/357 157/441/405
f 47/479/385 153/478/385 1640/495/450
f 150/424/385 1595/529/482 893/526/479
f 1485/486/442 168/434/399 55/350/325
f 862/528/481 45/418/385 149/420/385
f 43/440/385 883/485/441 1595/529/482
f 853/536/486 45/418/385 147/507/385
f 1565/537/487 147/507/385 44/488/385
f 887/446/410 46/445/409 151/504/458
f 858/471/430 1620/513/466 152/458/385
f 1661/541/491 971/716/648 81/542/492
f 951/553/500 1661/541/491 188/543/493
f 1681/567/513 187/633/575 80/568/514
f 1676/570/516 199/627/569 87/571/517
f 1696/577/523 195/587/532 79/578/524
f 1018/586/531 86/640/582 195/587/532
f 1711/591/536 951/553/500 77/554/501
f 1023/593/538 1711/591/536 186/592/537
f 1726/599/544 1023/593/538 78/594/539
f 1034/601/546 1726/599/544 194/600/545
f 188/543/493 81/542/492 1077/608/551
f 71/610/553 1062/724/654 1756/611/554
f 1086/615/557 69/632/574 180/616/558
f 186/592/537 77/554/501 1057/618/560
f 198/626/568 1730/679/614 1077/608/551
f 199/627/569 1755/629/571 1061/628/570
f 80/568/514 1091/634/576 1755/629/571
f 1751/631/573 179/612/553 69/632/574
f 187/633/575 1760/635/577 1091/634/576
f 79/578/524 1101/639/581 1760/635/577
f 1766/617/559 180/616/558 72/637/579
f 195/587/532 1775/641/583 1101/639/581
f 86/640/582 1124/2034/653 1775/641/583
f 1056/643/585 1741/677/613 178/644/553
f 194/600/545 78/594/539 1129/648/588
f 182/650/553 73/669/553 1128/651/590
f 82/602/547 194/600/545 1805/649/589
f 189/658/597 82/602/547 1138/655/594
f 68/645/553 178/644/553 1736/660/599
f 178/644/553 70/678/553 1081/663/602
f 77/554/501 188/543/493 1740/609/552
f 1134/667/605 1801/686/621 183/668/553
f 987/569/515 80/568/514 199/627/569
f 179/612/553 1756/611/554 1092/675/611
f 957/572/518 87/571/517 198/626/568
f 1741/677/613 1076/726/656 70/678/553
f 87/571/517 1061/628/570 1730/679/614
f 183/668/553 1796/687/622 1139/684/619
f 1801/686/621 1144/1272/1219 1796/687/622
f 72/637/579 1102/715/647 1776/693/628
f 177/697/553 1746/698/632 1081/663/602
f 71/610/553 1071/717/649 1746/698/632
f 68/645/553 182/650/553 1791/652/591
f 1786/700/634 1134/667/605 73/669/553
f 1781/705/639 181/694/629 1771/706/640
f 181/694/629 1776/693/628 1123/708/642
f 78/594/539 186/592/537 1790/619/561
f 997/579/525 79/578/524 187/633/575
f 73/669/553 183/668/553 1806/685/620
f 180/616/558 1761/718/650 1102/715/647
f 1651/676/612 198/626/568 81/542/492
f 1071/717/649 71/610/553 179/612/553
f 69/632/574 1092/675/611 1761/718/650
f 1062/724/654 71/610/553 177/697/553
f 1731/725/655 177/697/553 70/678/553
f 1096/638/580 72/637/579 181/694/629
f 1067/661/600 1786/700/634 182/650/553
f 1250/1410/1359 319/1415/1364 320/1416/1365
f 310/1418/1367 1254/1417/1366 1255/1419/1368
f 308/1422/1371 1256/1421/1370 1253/140/128
f 1266/1434/1383 1263/94/90 336/78/75
f 341/97/92 343/1438/1387 1269/1435/1384
f 344/1439/1388 345/1440/1389 1271/1437/1386
f 353/1444/1393 354/1445/1394 1275/1442/1391
f 1289/1460/1408 1290/1461/1409 354/1445/1394
f 1290/1461/1409 1291/1462/1410 355/1446/1395
f 348/1451/1400 346/101/95 1293/171/153
f 380/1477/1425 1306/1476/1424 1303/115/106
f 1305/1474/1422 309/1420/1369 308/1422/1371
f 391/1484/1430 1320/1490/1436 1321/1491/1437
f 533/261/237 1328/260/236 1330/1503/1446
f 544/945/877 1330/1503/1446 1331/1504/1447
f 1331/1504/1447 1332/1505/1448 536/933/863
f 1332/1505/1448 1329/262/238 531/244/220
f 1328/260/236 549/276/252 554/950/884
f 1330/1503/1446 554/950/884 564/953/887
f 564/953/887 563/961/895 1332/1505/1448
f 563/961/895 551/303/279 1329/262/238
f 1333/254/230 1335/1506/1449 558/956/890
f 1335/1506/1449 1336/1508/1451 559/958/892
f 559/958/892 1336/1508/1451 1337/1507/1450
f 565/962/896 1337/1507/1450 1334/241/217
f 568/232/208 573/966/900 1335/1506/1449
f 573/966/900 583/969/903 1336/1508/1451
f 1336/1508/1451 583/969/903 582/978/912
f 1337/1507/1450 582/978/912 570/270/246
f 1341/1511/1454 1339/243/219 570/270/246
f 1338/1509/265 532/939/266 541/941/870
f 1340/1510/1452 541/941/870 535/934/864
f 1341/1511/1454 534/932/862 531/244/220
f 515/300/276 1342/296/272 1344/1513/1456
f 526/928/856 1344/1513/1456 1345/1514/1457
f 1345/1514/1457 1346/1515/1458 518/916/842
f 1346/1515/1458 1343/275/251 513/281/257
f 1342/296/272 550/255/231 560/957/891
f 1344/1513/1456 560/957/891 553/951/885
f 553/951/885 552/949/883 1346/1515/1458
f 552/949/883 549/276/252 1343/275/251
f 1349/1517/1459 1350/1519/1460 540/948/880
f 1350/1518/1461 1348/229/205 533/261/237
f 1350/1518/1461 516/915/841 513/281/257
f 1351/1520/227 1353/1521/1466 521/925/850
f 1353/1521/1463 1354/1523/1464 522/931/859
f 1351/1520/227 569/972/277 579/974/907
f 1353/1521/1463 579/974/907 572/967/901
f 441/1527/1471 1359/1526/1470 1356/247/223
f 422/812/750 412/245/221 1356/247/223
f 1360/259/235 1362/1529/1473 452/1528/1472
f 1360/259/235 412/245/221 422/814/750
f 1365/317/293 1367/1533/1477 441/1532/1471
f 1367/1533/1477 1368/1534/1479 442/837/1478
f 1368/1534/1479 1369/1535/1480 444/833/771
f 1369/1535/1480 1366/248/224 437/234/210
f 1365/317/293 447/217/193 452/1536/1472
f 1367/1533/1477 452/1536/1472 453/1537/1481
f 1368/1534/1479 453/1537/1481 449/1538/1482
f 1369/1535/1480 449/1538/782 446/843/781
f 464/298/274 1370/299/275 1372/1539/1483
f 473/870/1486 1374/1541/1485 1371/279/255
f 473/867/1486 465/322/298 1376/338/313
f 1380/209/186 1382/1549/1496 485/1548/1495
f 1382/1549/1496 1383/1550/1498 486/885/1497
f 1383/1550/1498 1384/1551/1499 488/881/816
f 1384/1551/1499 1381/266/242 481/271/247
f 1380/209/186 427/277/253 433/1552/1489
f 1383/1550/1498 434/823/1500 430/824/759
f 1384/1551/1499 430/824/759 426/820/758
f 1389/1556/1506 1386/293/269 454/343/318
f 1389/1556/1506 492/888/821 489/890/823
f 1394/1559/1510 1391/201/178 491/285/261
f 1392/1557/1508 510/1560/1511 1816/1561/1512
f 1395/342/317 1397/1563/1513 510/1562/1511
f 1397/1563/1513 1398/1564/1515 511/914/1514
f 1398/1564/1515 1399/1565/1517 508/911/1516
f 1399/1565/1517 1396/286/262 506/291/267
f 1395/342/317 456/196/173 461/1566/1501
f 1397/1563/1513 461/1566/1501 463/858/1518
f 1398/1564/1515 463/858/2040 459/857/794
f 1399/1565/1517 459/857/794 455/854/793
f 1410/310/286 1412/1575/1525 594/992/927
f 1412/1575/1525 1413/1576/1526 595/998/937
f 1413/1576/1526 1414/1577/1527 601/995/935
f 1414/1577/1527 1411/1578/200 588/996/311
f 1410/310/286 622/312/288 635/1026/965
f 1412/1575/1525 635/1026/965 630/1021/960
f 1413/1576/1526 630/1021/960 629/1018/958
f 1414/1577/1527 629/1018/958 621/1020/201
f 1425/313/289 1427/1587/1534 680/1073/1010
f 1427/1587/1534 1428/1588/1535 681/1079/1016
f 1428/1588/1535 1429/1589/1536 687/1076/1014
f 1429/1589/1536 1426/1590/302 674/1077/315
f 1425/313/289 658/1059/995 670/1061/997
f 1427/1587/1534 670/1061/997 665/1055/991
f 1428/1588/1535 665/1055/991 664/1052/989
f 1429/1589/1536 664/1052/989 657/1054/303
f 1440/305/281 1442/1599/1543 734/1123/1062
f 1442/1599/1543 1443/1600/1544 735/1129/1068
f 1443/1600/1544 1444/1601/1545 740/1126/1066
f 1444/1601/1545 1441/1602/191 728/1127/307
f 1440/305/281 692/307/283 705/1095/1032
f 1442/1599/1543 705/1095/1032 700/1090/1027
f 1443/1600/1544 700/1090/1027 699/1087/1025
f 1444/1601/1545 699/1087/1025 691/1089/192
f 1566/1760/1719 1567/1762/1721 870/1761/1720
f 848/426/391 1574/417/384 1576/1777/1736
f 1574/417/384 868/416/383 871/1759/1718
f 1591/1795/1754 1592/1796/1755 855/1766/1725
f 1592/1796/1755 1593/1797/1756 856/1767/1726
f 1593/1797/1756 1590/419/386 853/536/486
f 884/1798/1757 885/1799/1758 1592/1796/1755
f 885/1799/1758 886/1800/1759 1593/1797/1756
f 886/1800/1759 883/485/441 1590/419/386
f 895/1805/1764 896/1806/1765 1598/1803/1762
f 1603/1812/1771 1600/425/390 887/446/410
f 1611/1820/1778 1612/1821/1779 895/1805/1764
f 1612/1821/1779 1613/1822/1780 896/1806/1765
f 916/1818/1777 914/521/474 1610/503/457
f 1618/1825/1783 1615/518/471 899/520/473
f 889/1811/1770 887/446/410 1615/518/471
f 1623/1828/1786 928/1831/1789 925/477/435
f 923/1833/1791 1626/1832/1790 1627/1834/1792
f 928/1831/1789 1638/1848/1804 1635/496/451
f 1641/1849/1805 923/1833/1791 922/1835/1793
f 1643/1851/1807 921/1837/1795 919/459/420
f 990/1912/1867 987/569/515 1676/570/516
f 989/1915/1870 1683/1919/1874 1684/1916/1871
f 1059/2001/1955 1743/2000/1954 1744/2002/1956
f 1093/2019/1973 1094/2020/1974 1758/2017/1971
f 1762/2022/1976 1763/2023/1977 1094/2020/1974
f 1101/639/581 1103/2025/1979 1762/2022/1976
f 1779/2044/1996 1776/693/628 1102/715/647
f 1129/648/588 1790/619/561 1792/2054/2006
f 1790/619/561 1057/618/560 1060/1999/1953
f 1138/655/594 1140/2063/2015 1797/2060/2012
f 1808/2070/2022 1131/2057/2009 1130/2059/2011
f 1222/1/9 93/70/4 1/2/1
f 1173/4/11 220/182/162 20/5/12
f 89/7/1 1167/61/62 226/8/14
f 215/10/15 24/76/73 114/11/16
f 4/13/1 90/43/1 1187/14/18
f 211/18/22 1218/162/145 102/19/23
f 225/21/25 15/83/79 109/22/26
f 3/9/4 88/27/1 1162/24/28
f 1177/26/30 216/158/142 4/13/1
f 1183/12/17 114/11/16 22/28/31
f 230/29/32 22/28/31 108/36/39
f 1198/37/40 108/36/39 23/38/41
f 90/43/1 2/154/1 235/44/46
f 240/39/42 23/38/41 115/45/47
f 1213/46/48 115/45/47 1325/47/49
f 268/49/51 25/103/97 113/50/52
f 91/51/1 5/151/5 245/52/53
f 1223/54/55 200/16/20 16/17/21
f 279/58/59 1233/66/67 110/59/60
f 1/2/1 210/194/171 1167/61/62
f 1238/62/63 273/56/57 17/57/58
f 1233/66/67 289/2085/687 1322/67/68
f 6/68/1 278/128/118 1217/69/69
f 24/76/73 322/125/116 1262/77/74
f 15/83/79 103/87/83 1247/84/80
f 15/83/79 332/85/81 1257/86/82
f 103/87/83 14/20/24 316/88/84
f 22/28/31 337/155/140 1277/93/89
f 23/38/41 347/188/166 1292/99/94
f 115/45/47 1292/99/94 357/105/99
f 14/20/24 102/19/23 1297/109/101
f 102/19/23 13/60/61 383/110/102
f 13/60/61 110/59/60 1312/116/107
f 110/59/60 1322/67/68 395/117/108
f 1168/119/110 211/18/22 14/20/24
f 1228/120/111 284/64/65 21/65/66
f 107/121/112 21/65/66 388/118/109
f 226/8/14 1177/26/30 88/27/1
f 1178/23/27 109/22/26 24/76/73
f 109/22/26 1257/86/82 322/125/116
f 94/127/1 1232/144/131 278/128/118
f 201/3/10 1/2/1 89/7/1
f 236/32/35 19/31/34 117/90/86
f 1203/133/121 250/729/659 1326/134/122
f 111/135/123 1326/134/122 356/136/124
f 225/21/25 1168/119/110 103/87/83
f 1227/143/130 290/761/698 1232/144/131
f 283/145/132 1227/143/130 94/127/1
f 5/151/5 92/167/5 1207/152/138
f 1182/153/139 231/159/143 2/154/1
f 114/11/16 1262/77/74 337/155/140
f 216/158/142 1182/153/139 90/43/1
f 231/159/143 1197/187/165 91/51/1
f 1218/162/145 279/58/59 13/60/61
f 1355/163/146 137/211/188 1445/164/147
f 92/167/5 1202/170/152 269/168/150
f 1212/169/151 251/738/668 1202/170/152
f 1228/175/111 107/179/112 1323/176/157
f 274/178/159 6/68/1 93/70/4
f 107/179/112 1307/1478/113 393/180/160
f 1237/146/133 94/127/1 6/68/1
f 2/154/1 91/51/1 1192/53/54
f 1203/133/121 111/135/123 25/185/97
f 1197/187/165 241/195/172 5/151/5
f 108/36/39 1277/93/89 347/188/166
f 111/189/123 1282/1459/125 374/190/167
f 1172/129/119 89/7/1 3/9/4
f 88/27/1 4/13/1 205/15/19
f 93/70/4 1217/69/69 210/194/171
f 241/195/172 1212/169/151 92/167/5
f 504/199/176 1481/202/179 136/200/177
f 1481/202/179 726/1113/1052 1435/203/180
f 435/210/187 1471/282/258 137/211/188
f 138/212/7 1458/1616/1569 672/213/189
f 425/220/196 1370/299/275 135/221/197
f 135/221/197 1476/1633/1593 638/226/202
f 411/237/213 1446/1606/1550 120/238/214
f 1347/250/226 121/302/278 1351/251/227
f 1375/263/239 138/212/7 1475/264/240
f 479/273/249 1458/1616/1569 138/212/7
f 1471/282/258 586/982/917 1401/283/259
f 1391/201/178 136/200/177 1462/284/260
f 1338/289/265 121/302/278 1347/250/226
f 464/298/274 1476/1633/1593 135/221/197
f 136/200/177 1435/203/180 709/304/280
f 120/238/214 1446/1606/1550 606/308/284
f 1475/264/240 138/212/7 1421/214/190
f 445/318/294 1361/239/215 120/238/214
f 120/238/214 1405/309/285 620/320/296
f 137/211/188 1401/283/259 604/321/297
f 118/295/271 1463/294/270 708/332/308
f 135/221/197 1416/227/203 656/341/316
f 454/343/318 1386/293/269 118/295/271
f 1468/344/319 118/295/271 1430/333/309
f 1544/346/321 145/415/322 36/347/322
f 141/352/322 1489/406/375 769/353/327
f 758/355/328 59/421/387 166/356/329
f 39/358/322 142/388/322 1509/359/331
f 754/363/335 1540/509/462 154/364/336
f 768/366/338 50/428/393 161/367/339
f 38/354/322 140/372/322 1484/369/341
f 1499/371/343 759/505/459 39/358/322
f 1505/357/330 166/356/329 57/373/344
f 773/374/345 57/373/344 160/381/352
f 1520/382/353 160/381/352 58/383/354
f 142/388/322 37/501/322 778/389/359
f 783/384/355 58/383/354 167/390/360
f 1535/391/361 167/390/360 1647/392/362
f 143/396/322 40/498/453 788/397/366
f 821/403/372 1555/411/380 162/404/373
f 36/347/322 753/539/489 1489/406/375
f 826/409/378 1560/407/376 164/408/377
f 1555/411/380 831/2086/1097 1644/412/381
f 41/413/322 820/475/433 1539/414/382
f 59/421/387 863/472/431 1584/422/388
f 50/428/393 155/432/397 1569/429/394
f 50/428/393 873/430/395 1579/431/396
f 155/432/397 49/365/337 857/433/398
f 57/373/344 878/502/456 1599/438/403
f 58/383/354 888/533/484 1614/444/408
f 167/390/360 1614/444/408 898/450/414
f 49/365/337 154/364/336 1619/454/416
f 154/364/336 48/405/374 924/455/417
f 48/405/374 162/404/373 1634/461/422
f 162/404/373 1644/412/381 936/462/423
f 1490/464/425 754/363/335 49/365/337
f 1550/465/426 826/1748/378 56/466/379
f 159/467/427 56/466/379 929/468/424
f 769/353/327 1499/371/343 140/372/322
f 1500/368/340 161/367/339 59/421/387
f 161/367/339 1579/431/396 863/472/431
f 146/474/322 1554/491/446 820/475/433
f 744/348/323 36/347/322 141/352/322
f 1525/480/436 793/1130/1069 1648/481/437
f 163/482/438 1648/481/437 897/483/439
f 768/366/338 1490/464/425 155/432/397
f 1549/490/445 832/1162/1107 1554/491/446
f 825/492/447 1549/490/445 146/474/322
f 40/498/453 144/514/467 1529/499/454
f 1504/500/455 774/506/460 37/501/322
f 166/356/329 1584/422/388 878/502/456
f 759/505/459 1504/500/455 142/388/322
f 774/506/460 1519/532/483 143/396/322
f 1540/509/462 821/403/372 48/405/374
f 1710/510/463 175/607/464 62/511/464
f 144/514/467 1524/517/470 811/515/468
f 1534/516/469 794/1139/1078 1524/517/470
f 1550/465/426 159/467/427 1645/522/475
f 816/524/477 41/413/322 145/415/322
f 159/467/427 1629/469/428 934/525/478
f 1559/493/448 146/474/322 41/413/322
f 37/501/322 143/396/322 1514/398/367
f 1525/480/436 163/482/438 60/530/412
f 1519/532/483 784/540/490 40/498/453
f 160/381/352 1599/438/403 888/533/484
f 163/534/438 1604/2087/440 915/535/485
f 1494/476/434 141/352/322 38/354/322
f 140/372/322 39/358/322 748/360/332
f 145/415/322 1539/414/382 753/539/489
f 784/540/490 1534/516/469 144/514/467
f 171/544/464 1655/598/543 977/545/494
f 966/547/495 85/613/555 196/548/496
f 65/550/464 172/580/464 1675/551/498
f 962/555/502 1706/699/633 184/556/503
f 976/558/505 76/620/562 191/559/506
f 64/546/464 170/564/464 1650/561/508
f 1665/563/510 967/695/630 65/550/464
f 1671/549/497 196/548/496 83/565/511
f 981/566/512 83/565/511 190/573/519
f 1686/574/520 190/573/519 84/575/521
f 172/580/464 63/691/626 986/581/526
f 991/576/522 84/575/521 197/582/527
f 1701/583/528 197/582/527 1813/584/529
f 173/588/533 66/688/623 996/589/534
f 1029/595/540 1721/603/548 192/596/541
f 62/511/464 961/727/657 1655/598/543
f 1721/603/548 1039/1230/1177 1810/604/549
f 67/605/464 1028/665/603 1705/606/550
f 85/613/555 1072/662/601 1750/614/556
f 76/620/562 185/624/566 1735/621/563
f 76/620/562 1082/622/564 1745/623/565
f 185/624/566 75/557/504 1066/625/567
f 83/565/511 1087/692/627 1765/630/572
f 84/575/521 1097/722/652 1780/636/578
f 197/582/527 1780/636/578 1107/642/584
f 75/557/504 184/556/503 1785/646/586
f 184/556/503 74/597/542 1133/647/587
f 74/597/542 192/596/541 1800/653/592
f 192/596/541 1810/604/549 1145/654/593
f 1656/656/595 962/555/502 75/557/504
f 1716/657/596 1034/601/546 82/602/547
f 977/545/494 1665/563/510 170/564/464
f 1666/560/507 191/559/506 85/613/555
f 191/559/506 1745/623/565 1072/662/601
f 176/664/464 1720/681/616 1028/665/603
f 952/512/465 62/511/464 171/544/464
f 1691/670/606 1001/1201/1149 1814/671/607
f 193/672/608 1814/671/607 1106/673/609
f 976/558/505 1656/656/595 185/624/566
f 1715/680/615 1040/1240/1188 1720/681/616
f 1033/682/617 1715/680/615 176/664/464
f 66/688/623 174/701/635 1695/689/624
f 1670/690/625 982/696/631 63/691/626
f 196/548/496 1750/614/556 1087/692/627
f 967/695/630 1670/690/625 172/580/464
f 982/696/631 1685/721/651 173/588/533
f 1706/699/633 1029/595/540 74/597/542
f 174/701/635 1690/704/638 1019/702/636
f 1700/703/637 1002/1210/1158 1690/704/638
f 1716/709/596 189/713/597 1811/710/643
f 1024/712/645 67/605/464 175/607/464
f 189/713/597 1795/2088/598 1143/714/646
f 1725/683/618 176/664/464 67/605/464
f 63/691/626 173/588/533 1680/590/535
f 1691/670/606 193/672/608 86/719/582
f 1685/721/651 992/728/658 66/688/623
f 190/573/519 1765/630/572 1097/722/652
f 193/672/608 1770/674/610 1124/723/653
f 1660/666/604 171/544/464 64/546/464
f 170/564/464 65/550/464 956/552/499
f 175/607/464 1705/606/550 961/727/657
f 992/728/658 1700/703/637 174/701/635
f 250/729/659 253/732/662 256/730/660
f 253/732/662 254/741/671 257/733/663
f 256/730/660 257/733/663 258/735/665
f 259/736/666 262/740/670 261/737/667
f 260/739/669 263/742/672 262/740/670
f 262/740/670 257/733/663 254/741/671
f 263/742/672 258/735/665 257/733/663
f 252/743/50 264/746/2041 266/744/673
f 264/746/675 255/2089/2042 267/734/676
f 265/745/674 266/744/673 263/742/677
f 266/744/673 267/734/676 258/735/679
f 288/177/158 291/2090/682 293/747/680
f 292/748/681 293/747/680 305/751/684
f 293/747/680 294/750/683 295/753/686
f 289/754/687 296/757/690 299/755/688
f 296/757/690 297/763/1343 300/758/691
f 298/756/692 299/755/688 294/750/693
f 299/755/688 300/758/691 295/753/695
f 301/759/696 304/762/699 303/760/697
f 302/752/685 305/751/684 304/762/699
f 304/762/699 300/758/701 297/763/700
f 305/751/684 295/753/686 300/758/701
f 356/136/124 359/1502/704 361/764/702
f 360/768/703 361/771/702 372/769/706
f 361/771/702 362/777/705 363/772/708
f 357/105/99 364/775/711 366/773/709
f 364/775/711 365/781/719 367/776/712
f 366/773/709 367/776/712 363/772/714
f 368/778/716 371/780/718 370/779/717
f 369/770/707 372/769/720 371/780/718
f 371/780/718 367/776/712 365/781/719
f 372/769/720 363/772/714 367/776/712
f 393/180/160 396/1479/723 399/782/721
f 396/784/723 397/795/732 400/785/724
f 399/786/721 400/785/724 401/789/726
f 402/790/727 405/794/731 404/791/728
f 403/793/730 406/796/733 405/794/731
f 405/794/731 400/785/734 397/795/732
f 406/796/733 401/789/739 400/785/734
f 395/117/108 398/1493/737 408/797/735
f 407/798/736 408/797/735 406/796/733
f 408/797/735 409/788/2043 401/789/739
f 413/800/740 416/803/743 415/801/741
f 414/802/742 421/811/749 416/803/743
f 416/803/743 421/811/749 417/805/745
f 418/807/746 421/810/749 420/808/747
f 419/809/748 417/815/745 421/810/749
f 424/813/751 417/815/745 419/809/748
f 428/816/752 430/2091/2044 429/817/753
f 429/817/755 430/2091/2045 1161/818/756
f 434/823/761 432/2092/2046 1161/818/762
f 442/829/767 1817/836/2047 440/830/768
f 443/832/772 439/1630/2048 438/834/773
f 444/835/775 440/830/2049 1817/836/776
f 449/1538/2050 453/1537/2051 1818/2093/2052
f 457/848/786 459/851/2053 458/849/787
f 458/849/790 459/851/2054 1160/852/791
f 467/860/797 470/863/800 469/861/798
f 472/868/804 471/866/802 468/862/799
f 475/872/806 478/874/808 477/873/807
f 476/865/801 470/864/800 478/874/808
f 478/874/808 470/864/800 471/866/802
f 482/876/809 488/879/2055 483/877/810
f 482/876/812 1819/884/819 484/878/813
f 492/888/821 495/892/825 494/889/822
f 495/892/825 503/895/828 501/893/826
f 495/892/825 493/891/824 496/894/827
f 498/897/830 496/894/827 493/891/824
f 500/901/832 503/903/828 502/902/833
f 516/915/841 519/918/844 518/916/842
f 517/917/843 520/920/846 519/918/844
f 519/918/844 530/921/847 527/919/845
f 514/922/228 521/925/850 524/923/848
f 521/925/850 522/931/859 525/926/851
f 523/924/849 524/923/848 520/920/852
f 524/923/853 525/926/2056 530/927/854
f 526/928/856 529/930/858 528/929/857
f 527/919/845 530/921/860 529/930/858
f 529/930/858 525/926/861 522/931/859
f 534/932/862 537/935/865 536/933/863
f 535/934/864 538/937/867 537/935/865
f 537/935/865 548/938/868 545/936/866
f 532/939/266 539/942/871 542/940/869
f 539/942/871 540/948/880 543/943/872
f 541/941/870 542/940/869 538/937/873
f 542/940/874 543/943/2057 548/944/875
f 544/945/877 547/947/879 546/946/878
f 545/936/866 548/938/881 547/947/879
f 547/947/879 543/943/882 540/948/880
f 552/949/883 555/952/886 554/950/884
f 553/951/885 556/960/894 555/952/886
f 555/952/886 567/955/889 564/953/887
f 555/952/886 556/960/894 557/954/888
f 558/956/890 561/959/893 560/957/891
f 559/958/892 562/964/898 561/959/893
f 561/959/893 556/960/894 553/951/885
f 561/959/893 562/964/898 557/954/888
f 563/961/895 566/963/897 565/962/896
f 564/953/887 567/955/889 566/963/897
f 566/963/897 562/964/898 559/958/892
f 566/963/897 567/955/889 557/954/888
f 571/965/899 574/968/902 573/966/900
f 572/967/901 575/970/2058 574/968/902
f 574/968/902 576/971/905 583/969/903
f 569/972/277 577/975/908 580/973/906
f 577/975/908 578/981/915 581/976/909
f 579/974/907 580/973/906 575/970/910
f 580/973/906 581/976/909 576/977/911
f 582/978/912 585/980/914 584/979/913
f 583/969/903 576/971/905 585/980/914
f 585/980/914 581/976/2059 578/981/915
f 586/982/917 589/1627/920 591/983/918
f 590/984/919 591/983/918 603/987/922
f 591/983/918 592/986/921 593/989/924
f 587/311/287 594/992/927 597/990/925
f 594/992/927 595/998/937 598/993/928
f 596/991/929 597/990/2060 592/986/930
f 597/990/925 598/993/928 593/989/932
f 599/994/934 602/997/936 601/995/935
f 600/988/923 603/987/938 602/997/936
f 602/997/936 598/993/939 595/998/937
f 603/987/938 593/989/2061 598/993/939
f 607/999/940 610/1002/943 609/1000/941
f 608/1001/942 611/2094/2062 610/1002/943
f 610/1002/943 611/2095/2062 617/1003/944
f 612/1004/945 615/1008/948 614/1005/946
f 613/1007/947 611/2096/2062 615/1008/948
f 615/1008/948 611/2094/2062 608/1001/942
f 616/1009/949 619/1011/951 618/1010/950
f 617/1003/944 611/2095/2062 619/1011/951
f 619/1011/951 611/2096/2062 613/1007/947
f 620/320/296 623/1014/954 626/1012/952
f 623/1014/954 624/1023/962 627/1015/955
f 626/1012/952 627/1015/955 628/1017/957
f 629/1018/958 632/1022/961 631/1019/959
f 630/1021/960 633/1024/963 632/1022/961
f 632/1022/961 627/1015/955 624/1023/962
f 633/1024/963 628/1017/957 627/1015/955
f 622/312/288 634/1027/1552 636/1025/964
f 634/1027/966 625/1609/1554 637/1016/967
f 635/1026/965 636/1025/964 633/1024/963
f 636/1025/964 637/1016/967 628/1017/957
f 641/1028/968 644/1031/971 643/1029/969
f 642/1030/970 645/1040/973 644/1031/971
f 644/1031/971 655/1034/974 652/1032/972
f 646/1035/975 649/1038/978 648/1036/976
f 647/1037/977 650/1039/979 649/1038/978
f 649/1038/978 645/1040/973 642/1030/970
f 651/1041/980 654/1044/982 653/1042/981
f 652/1032/972 655/1034/974 654/1044/982
f 654/1044/982 650/1039/979 647/1037/977
f 655/1034/974 645/1033/973 650/1039/979
f 656/341/316 659/1047/985 671/1045/983
f 659/1047/985 660/1057/994 662/1048/986
f 664/1052/989 667/1056/993 666/1053/990
f 665/1055/991 662/1063/1000 667/1056/992
f 667/1056/993 662/1048/986 660/1057/994
f 658/1059/995 668/1062/998 671/1060/996
f 670/1061/997 671/1060/996 662/1063/1000
f 672/213/189 675/1066/1566 677/1064/1001
f 675/1066/1003 682/1615/1568 678/1067/1004
f 676/1065/1002 677/1064/1001 689/1068/1005
f 677/1064/1001 678/1067/1004 679/1070/1007
f 673/315/291 680/1073/1010 683/1071/1008
f 680/1073/1010 681/1079/1016 684/1074/1011
f 683/1071/1008 684/1074/1011 679/1070/1007
f 685/1075/1013 688/1078/1015 687/1076/1014
f 686/1069/1006 689/1068/1005 688/1078/1015
f 688/1078/1015 684/1074/1011 681/1079/1016
f 689/1068/1005 679/1070/1007 684/1074/1011
f 690/345/320 693/1082/1019 696/1080/1017
f 693/1082/1019 694/1092/1029 697/1083/1020
f 695/1081/1021 696/1080/1017 707/1084/1022
f 696/1080/1017 697/1083/1020 698/1086/1024
f 699/1087/1025 702/1091/1028 701/1088/1026
f 700/1090/1027 703/1093/1030 702/1091/1028
f 702/1091/1028 697/1083/1020 694/1092/1029
f 703/1093/1030 698/1086/1024 697/1083/1020
f 692/307/283 704/1622/1033 706/1094/1031
f 705/1095/1032 706/1094/1031 703/1093/1035
f 706/1094/1031 707/1084/1034 698/1086/1036
f 711/1096/1037 714/1099/1040 713/1097/1038
f 712/1098/1039 715/1108/1042 714/1099/1040
f 714/1099/1040 725/1102/1043 722/1100/1041
f 716/1103/1044 719/1106/1047 718/1104/1045
f 717/1105/1046 720/1107/1048 719/1106/1047
f 719/1106/1047 715/1108/1042 712/1098/1039
f 721/1109/1049 724/1112/1051 723/1110/1050
f 722/1100/1041 725/1102/1043 724/1112/1051
f 724/1112/1051 720/1107/1048 717/1105/1046
f 725/1102/1043 715/1101/1042 720/1107/1048
f 726/1113/1052 729/2097/1055 731/1114/1053
f 730/1115/1054 731/1114/1053 742/1118/1057
f 731/1114/1053 732/1117/1056 733/1120/1059
f 727/306/282 734/1123/1062 736/1121/1060
f 734/1123/1062 735/1129/1068 737/1124/1063
f 736/1121/1060 737/1124/1063 733/1120/1059
f 738/1125/1065 741/1128/1067 740/1126/1066
f 739/1119/1058 742/1118/1057 741/1128/1067
f 741/1128/1067 737/1124/1063 735/1129/1068
f 742/1118/1057 733/1120/1059 737/1124/1063
f 793/1130/1069 796/1133/1072 798/1131/1070
f 796/1133/1072 797/1142/1081 799/1134/1073
f 798/1131/1070 799/1134/1073 800/1136/1075
f 801/1137/1076 804/1141/1080 803/1138/1077
f 802/1140/1079 805/1143/1082 804/1141/1080
f 804/1141/1080 799/1134/1073 797/1142/1081
f 805/1143/1082 800/1136/1075 799/1134/1073
f 795/1144/363 806/2098/1085 808/1145/1083
f 807/1146/1084 808/1145/1083 805/1143/1087
f 808/1145/1083 809/1135/2063 800/1136/1089
f 830/523/476 833/2099/1092 835/1148/1090
f 834/1149/1091 835/1148/1090 846/1152/1094
f 835/1148/1090 836/1151/1093 837/1154/1096
f 831/1155/1097 838/1158/1100 840/1156/1098
f 838/1158/1100 839/1164/1713 841/1159/1101
f 840/1156/1098 841/1159/1101 837/1154/1103
f 842/1160/1105 845/1163/1108 844/1161/1106
f 843/1153/1095 846/1152/1094 845/1163/1108
f 845/1163/1108 841/1159/1110 839/1164/1109
f 846/1152/1094 837/1154/1096 841/1159/1110
f 897/483/439 900/1859/1113 902/1165/1111
f 901/1169/1112 902/1172/1111 913/1170/1115
f 902/1172/1111 903/1178/2064 904/1173/1117
f 898/450/414 905/1176/1120 907/1174/1118
f 905/1176/1120 906/1182/1127 908/1177/1121
f 907/1174/1118 908/1177/1121 904/1173/1123
f 909/1179/1124 912/1181/1126 911/1180/1125
f 910/1171/1116 913/1170/1128 912/1181/1126
f 912/1181/1126 908/1177/1121 906/1182/1127
f 913/1170/1128 904/1173/1123 908/1177/1121
f 934/525/478 937/1838/1131 939/1183/1129
f 937/1185/1131 938/1196/1141 940/1186/1132
f 939/1187/1129 940/1186/1132 941/1190/1134
f 942/1191/1136 945/1195/1140 944/1192/1137
f 943/1194/1139 946/1197/1142 945/1195/1140
f 945/1195/1140 940/1186/1143 938/1196/1141
f 946/1197/1142 941/1190/1148 940/1186/1143
f 936/462/423 947/1853/1146 949/1198/1144
f 948/1199/1145 949/1198/1144 946/1197/1142
f 949/1198/1144 950/1189/1147 941/1190/1148
f 1001/1201/1149 1004/1204/1152 1007/1202/1150
f 1004/1204/1152 1005/1215/1161 1008/1205/1153
f 1007/1202/1150 1008/1205/1153 1009/1207/1155
f 1010/1208/1156 1013/1214/1160 1012/1209/1157
f 1011/1211/1159 1014/1216/1162 1013/1212/1160
f 1013/1214/1160 1008/1205/1153 1005/1215/1161
f 1014/1216/1162 1009/1222/1155 1008/1217/1153
f 1003/585/1163 1006/2076/2065 1016/1218/1164
f 1015/1219/1165 1016/1218/1164 1014/1216/1167
f 1016/1218/1164 1017/1221/2066 1009/1222/1169
f 1038/711/644 1041/2100/1172 1043/1223/1170
f 1042/1224/1171 1043/1223/1170 1055/1227/1174
f 1043/1223/1170 1044/1226/1173 1045/1229/1176
f 1039/1230/1177 1046/1233/1180 1049/1231/1178
f 1046/1233/1180 1047/1243/1929 1050/1234/1181
f 1048/1232/1182 1049/1231/1178 1044/1235/1183
f 1049/1231/1178 1050/1234/1181 1045/1237/1185
f 1051/1238/1186 1054/1241/1189 1053/1239/1187
f 1052/1228/1175 1055/1227/1174 1054/1241/1189
f 1054/1242/1189 1050/1234/1191 1047/1243/1190
f 1055/1227/1174 1045/1229/1176 1050/1245/1191
f 1106/673/609 1109/2079/1194 1111/1246/1192
f 1110/1251/1193 1111/1250/1192 1122/1252/1196
f 1111/1250/1192 1112/1249/2067 1113/1254/1198
f 1107/642/584 1114/1257/1201 1116/1255/1199
f 1114/1257/1201 1115/1262/1208 1117/1258/1202
f 1116/1255/1199 1117/1258/1202 1113/1254/1204
f 1118/1259/1205 1121/1261/1207 1120/1260/1206
f 1119/1253/1197 1122/1252/1209 1121/1261/1207
f 1121/1261/1207 1117/1258/1202 1115/1262/1208
f 1122/1252/1209 1113/1254/1204 1117/1258/1202
f 1143/1263/646 1146/1266/1212 1148/1264/1210
f 1146/1266/1212 1147/1275/1222 1149/1267/1213
f 1148/1264/1210 1149/1267/1213 1150/1269/1215
f 1151/1270/1217 1154/1274/1221 1153/1271/1218
f 1152/1273/1220 1155/1276/1223 1154/1274/1221
f 1154/1274/1221 1149/1267/1224 1147/1275/1222
f 1155/1276/1223 1150/1269/1229 1149/1267/1224
f 1145/654/593 1156/2073/1227 1158/1277/1225
f 1157/1278/1226 1158/1277/1225 1155/1276/1223
f 1158/1277/1225 1159/1268/1228 1150/1269/1229
f 221/25/29 1162/24/28 1164/1280/1230
f 224/1281/1231 1164/1280/1230 1165/1282/1232
f 223/1284/1234 1165/1289/1239 1166/1285/1235
f 1166/1285/1235 1163/139/127 220/182/162
f 1162/24/28 205/15/19 207/1287/1237
f 1164/1280/1230 207/1287/1237 208/1288/1238
f 1165/1289/1239 208/1328/1277 209/1290/1240
f 209/1290/1240 206/35/38 1163/139/127
f 1167/61/62 1169/1292/1242 229/1291/1241
f 1169/1292/1242 1170/1294/1248 228/1293/1243
f 1170/1294/1244 1171/1300/1250 227/1295/1245
f 227/1295/1245 1171/1300/1250 1168/1296/110
f 210/194/171 212/1298/1247 1169/1292/1242
f 212/1298/1247 213/1299/1316 1170/1294/1248
f 213/1299/1249 214/1368/1318 1171/1300/1250
f 1171/1300/1250 214/1368/1318 211/1301/22
f 1172/129/119 1174/1303/1252 204/1302/1251
f 1174/1303/1252 1175/1305/1257 203/1304/1253
f 1175/1305/1254 1176/1308/1258 202/1306/1255
f 202/1307/1255 1176/1309/1258 1173/4/11
f 221/25/29 224/1281/1231 1174/1303/1252
f 224/1281/1231 223/1283/1233 1175/1305/1257
f 223/1283/1234 222/2101/1236 1176/1308/1258
f 1176/1309/1258 222/1286/1236 220/182/162
f 216/158/142 1177/26/30 1179/1310/1259
f 219/1311/1260 1179/1310/1259 1180/1312/1261
f 218/1313/1263 1180/1312/1266 1181/1314/1264
f 1181/1314/1264 1178/1317/27 215/1316/15
f 1177/26/30 226/8/14 229/1291/1241
f 1179/1310/1259 229/1291/1241 228/1293/1243
f 1180/1312/1266 228/1293/1246 227/1295/1245
f 227/1295/1245 225/1297/25 1178/1317/27
f 231/159/143 1182/153/139 1184/1318/1267
f 234/1319/1268 1184/1318/1267 1185/1320/1269
f 233/1321/1271 1185/1320/1274 1186/1322/1272
f 1186/1322/1272 1183/1325/17 230/1324/32
f 1182/153/139 216/158/142 219/1311/1260
f 1184/1318/1267 219/1311/1260 218/1313/1262
f 1185/1320/1274 218/1313/1263 217/1315/1265
f 217/1315/1265 215/1316/15 1183/1325/17
f 205/15/19 1187/14/18 1189/1326/1275
f 207/1287/1237 1189/1326/1275 1190/1327/1276
f 208/1328/1277 1190/1332/1281 1191/1329/1278
f 1191/1329/1278 1188/33/36 206/35/38
f 1187/14/18 235/44/46 237/1330/1279
f 1189/1326/1275 237/1330/1279 238/1331/1280
f 1190/1332/1281 238/1336/1285 239/1333/1282
f 239/1333/1282 236/32/35 1188/33/36
f 235/44/46 1192/53/54 1194/1334/1283
f 237/1330/1279 1194/1334/1283 1195/1335/1284
f 238/1336/1285 1195/1340/1289 1196/1337/1286
f 1196/1337/1286 1193/30/33 236/32/35
f 1192/53/54 245/52/53 247/1338/1287
f 1194/1334/1283 247/1338/1287 248/1339/1288
f 1195/1340/1289 248/1358/1307 249/1341/1290
f 249/1341/1290 246/42/45 1193/30/33
f 241/195/172 1197/187/165 1199/1342/1291
f 244/1343/1292 1199/1342/1291 1200/1344/1293
f 243/1345/1295 1200/1344/1298 1201/1346/1296
f 1201/1346/1296 1198/1349/40 240/1348/42
f 1197/187/165 231/159/143 234/1319/1268
f 1199/1342/1291 234/1319/1268 233/1321/1270
f 1200/1344/1298 233/1321/1271 232/1323/1273
f 232/1323/1273 230/1324/32 1198/1349/40
f 1202/170/152 1204/1351/1300 272/1350/1299
f 1204/1351/1300 1205/1353/1302 271/1352/1301
f 1205/1353/1302 1206/1355/1304 270/1354/1303
f 1206/1355/1304 1203/133/121 268/186/51
f 251/738/668 261/737/667 1204/1351/1300
f 261/737/667 254/741/671 1205/1353/1302
f 254/741/671 253/732/662 1206/1355/1304
f 253/732/662 250/729/659 1203/133/121
f 245/52/53 1207/152/138 1209/1356/1305
f 247/1338/1287 1209/1356/1309 1210/1357/1306
f 248/1358/1307 1210/1360/1310 1211/1359/1308
f 249/1341/1290 1211/1359/1308 1208/40/43
f 1207/152/138 269/168/150 272/1350/1299
f 1209/1356/1309 272/1350/1299 271/1352/1301
f 1210/1360/1310 271/2102/1301 270/1361/1303
f 270/1361/1303 268/49/51 1208/40/43
f 251/738/668 1212/169/151 1214/1362/1311
f 259/736/666 1214/1362/1311 1215/1363/1312
f 260/739/678 1215/1363/1314 1216/1364/1313
f 265/745/674 1216/1364/1313 1213/1365/48
f 1212/169/151 241/195/172 244/1343/1292
f 1214/1362/1311 244/1343/1292 243/1345/1294
f 1215/1363/1314 243/1345/1295 242/1347/1297
f 1216/1364/1313 242/1347/1297 240/1348/42
f 1217/69/69 1219/1366/1315 212/1298/1247
f 1219/1366/1315 1220/1367/1320 213/1299/1316
f 1220/1367/1317 1221/1372/1322 214/1368/1318
f 214/1368/1318 1221/1372/1322 1218/1369/145
f 278/128/118 280/1370/1319 1219/1366/1315
f 280/1370/1319 281/1371/1338 1220/1367/1320
f 281/1371/1321 282/1391/1340 1221/1372/1322
f 1221/1372/1322 282/1391/1340 279/1373/59
f 1222/1/9 1224/1375/1324 277/1374/1323
f 1224/1375/1324 1225/1377/1329 276/1376/1325
f 1225/1377/1326 1226/1380/1330 275/1378/1327
f 275/1379/1327 1226/1381/1330 1223/54/55
f 201/3/10 204/1302/1251 1224/1375/1324
f 204/1302/1251 203/1304/1253 1225/1377/1329
f 203/1304/1256 202/1306/1255 1226/1380/1330
f 1226/1381/1330 202/1307/1255 200/16/20
f 290/761/698 1227/143/130 1229/1382/1331
f 301/759/696 1229/1382/1331 1230/1383/1332
f 302/752/685 1230/1383/1332 1231/1384/1333
f 292/748/681 1231/1384/1333 1228/175/111
f 1227/143/130 283/145/132 285/1385/1334
f 1229/1382/1331 285/1385/1334 286/1386/1335
f 1230/1383/1332 286/1386/1335 287/1387/1336
f 1231/1384/1333 287/1387/1336 284/1388/65
f 1232/144/131 1234/1389/1337 280/1370/1319
f 1234/1389/1337 1235/1390/1342 281/1371/1338
f 1235/1390/1339 1236/1392/1341 282/1391/1340
f 1236/1392/1341 1233/1393/67 279/1373/59
f 290/761/698 303/760/697 1234/1389/1337
f 303/760/697 297/763/700 1235/1390/1342
f 297/763/1343 296/757/690 1236/1392/1341
f 296/757/690 289/754/687 1233/1393/67
f 1237/146/133 1239/1394/1344 285/1385/1334
f 1239/1394/1344 1240/1395/1346 286/1386/1335
f 1240/1395/1345 1241/1397/1347 287/1387/1336
f 287/1396/1336 1241/1398/1347 1238/62/63
f 274/178/159 277/1374/1323 1239/1394/1344
f 277/1374/1323 276/1376/1325 1240/1395/1346
f 276/1376/1328 275/1378/1327 1241/1397/1347
f 275/1379/1327 273/56/57 1238/62/63
f 1242/142/129 1244/1400/1349 330/1399/1348
f 1244/1400/1349 1245/1402/1351 329/1401/1350
f 1245/1402/1351 1246/1404/1353 328/1403/1352
f 1246/1404/1353 1243/192/169 326/193/170
f 311/91/87 313/1405/1354 1244/1400/1349
f 313/1405/1354 314/1406/1355 1245/1402/1351
f 314/1406/1355 315/1407/1356 1246/1404/1353
f 315/1407/1356 312/191/168 1243/192/169
f 332/85/81 1247/84/80 1249/1408/1357
f 335/1409/1358 1249/1408/1357 1250/1410/1359
f 334/1411/1360 1250/1410/1359 1251/1412/1361
f 333/1413/1362 1251/1412/1361 1248/123/114
f 1247/84/80 316/88/84 318/1414/1363
f 1249/1408/1357 318/1414/1363 319/1415/1364
f 1251/1412/1361 320/1416/1365 317/124/115
f 307/81/77 1252/72/71 1254/1417/1366
f 309/1420/1369 1255/1419/1368 1256/1421/1370
f 1252/72/71 327/71/70 330/1399/1348
f 1254/1417/1366 330/1399/1348 329/1401/1350
f 1255/1419/1368 329/1401/1350 328/1403/1352
f 1256/1421/1370 328/1403/1352 326/193/170
f 1257/86/82 1259/1424/1373 325/1423/1372
f 1259/1424/1373 1260/1426/1375 324/1425/1374
f 1260/1426/1375 1261/1428/1377 323/1427/1376
f 1261/1428/1377 1258/161/144 321/183/163
f 332/85/81 335/1409/1358 1259/1424/1373
f 335/1409/1358 334/1411/1360 1260/1426/1375
f 334/1411/1360 333/1413/1362 1261/1428/1377
f 333/1413/1362 331/126/117 1258/161/144
f 1262/77/74 1264/1430/1379 340/1429/1378
f 1264/1430/1379 1265/1432/1381 339/1431/1380
f 1265/1432/1381 1266/1434/1383 338/1433/1382
f 322/125/116 325/1423/1372 1264/1430/1379
f 325/1423/1372 324/1425/1374 1265/1432/1381
f 324/1425/1374 323/1427/1376 1266/1434/1383
f 323/1427/1376 321/183/163 1263/94/90
f 1267/92/88 1269/1435/1384 313/1405/1354
f 1269/1435/1384 1270/1436/1385 314/1406/1355
f 1270/1436/1385 1271/1437/1386 315/1407/1356
f 1271/1437/1386 1268/74/72 312/191/168
f 343/1438/1387 344/1439/1388 1270/1436/1385
f 345/1440/1389 342/138/126 1268/74/72
f 1272/98/93 1274/1441/1390 343/1438/1387
f 1274/1441/1390 1275/1442/1391 344/1439/1388
f 1275/1442/1391 1276/1443/1392 345/1440/1389
f 1276/1443/1392 1273/184/164 342/138/126
f 351/102/96 353/1444/1393 1274/1441/1390
f 354/1445/1394 355/1446/1395 1276/1443/1392
f 355/1446/1395 352/181/161 1273/184/164
f 1277/93/89 1279/1448/1397 350/1447/1396
f 1279/1448/1397 1280/1450/1399 349/1449/1398
f 1280/1450/1399 1281/1452/1401 348/1451/1400
f 1281/1452/1401 1278/80/76 346/101/95
f 337/155/140 340/1429/1378 1279/1448/1397
f 340/1429/1378 339/1431/1380 1280/1450/1399
f 339/1431/1380 338/1433/1382 1281/1452/1401
f 338/1433/1382 336/78/75 1278/80/76
f 374/190/167 1282/1459/125 1284/1453/1402
f 377/1454/1403 1284/1453/1402 1285/1455/1404
f 376/1456/1405 1285/1455/1404 1286/1457/1406
f 375/1458/1407 1286/1457/1406 1283/172/154
f 1282/1459/125 356/2103/124 360/768/703
f 1284/1453/1402 360/768/703 369/770/707
f 1285/1455/1404 369/770/707 368/778/716
f 1286/1457/1406 368/778/716 358/173/155
f 1287/104/98 1289/1460/1408 353/1444/1393
f 1291/1462/1410 1288/156/141 352/181/161
f 374/190/167 377/1454/1403 1289/1460/1408
f 377/1454/1403 376/1456/1405 1290/1461/1409
f 376/1456/1405 375/1458/1407 1291/1462/1410
f 375/1458/1407 373/174/156 1288/156/141
f 1292/99/94 1294/1463/1411 364/775/711
f 1294/1463/1411 1295/1464/1412 365/781/719
f 1295/1464/1412 1296/1465/1413 370/779/717
f 1296/1465/1413 1293/171/153 358/173/155
f 347/188/166 350/1447/1396 1294/1463/1411
f 350/1447/1396 349/1449/1398 1295/1464/1412
f 349/1449/1398 348/1451/1400 1296/1465/1413
f 316/88/84 1297/109/101 1299/1466/1414
f 318/1414/1363 1299/1466/1414 1300/1467/1415
f 319/1415/1364 1300/1467/1415 1301/1468/1416
f 320/1416/1365 1301/1468/1416 1298/166/149
f 1297/109/101 383/110/102 385/1469/1417
f 1299/1466/1414 385/1469/1417 386/1470/1418
f 1300/1467/1415 386/1470/1418 387/1471/1419
f 1301/1468/1416 387/1471/1419 384/130/120
f 379/111/103 1302/82/78 1304/1472/1420
f 382/1473/1421 1304/1472/1420 1305/1474/1422
f 381/1475/1423 1305/1474/1422 1306/1476/1424
f 1302/82/78 307/81/77 310/1418/1367
f 1304/1472/1420 310/1418/1367 309/1420/1369
f 1306/1476/1424 308/1422/1371 306/106/100
f 1307/1478/113 1309/2104/1426 396/1479/723
f 1309/1480/1426 1310/1481/1427 397/795/732
f 1310/1481/1427 1311/1482/1428 404/791/728
f 1311/1482/1428 1308/150/137 394/792/729
f 388/118/109 390/1483/1429 1309/1480/1426
f 390/1483/1429 391/1484/1430 1310/1481/1427
f 391/1484/1430 392/1485/1431 1311/1482/1428
f 392/1485/1431 389/147/134 1308/150/137
f 383/110/102 1312/116/107 1314/1486/1432
f 385/1469/1417 1314/1486/1432 1315/1487/1433
f 386/1470/1418 1315/1487/1433 1316/1488/1434
f 387/1471/1419 1316/1488/1434 1313/149/136
f 1312/116/107 395/117/108 407/798/736
f 1314/1486/1432 407/798/736 403/793/730
f 1315/1487/1433 403/793/730 402/790/727
f 1316/1488/1434 402/790/727 394/792/729
f 388/118/109 1317/112/104 1319/1489/1435
f 390/1483/1429 1319/1489/1435 1320/1490/1436
f 392/1485/1431 1321/1491/1437 1318/148/135
f 1317/112/104 379/111/103 382/1473/1421
f 1319/1489/1435 382/1473/1421 381/1475/1423
f 1320/1490/1436 381/1475/1423 380/1477/1425
f 1321/1491/1437 380/1477/1425 378/114/105
f 395/117/108 1322/67/68 1324/1492/1438
f 398/783/722 1324/1496/1441 1323/176/157
f 1322/67/68 289/2085/687 298/1494/1439
f 1324/1496/1441 291/2090/682 288/177/158
f 1325/47/49 1327/1501/1445 264/1497/1442
f 1327/1500/1444 1326/134/122 250/729/659
f 357/105/99 359/774/710 1327/1501/1445
f 359/1502/704 356/136/124 1326/134/122
f 1338/1509/265 1340/1510/1455 577/975/908
f 1340/1510/1452 1341/1512/1453 578/981/915
f 1347/1516/226 1349/1517/1462 539/942/871
f 1347/1516/226 514/922/228 523/924/849
f 1349/1517/1459 523/924/849 517/917/843
f 1354/1522/1465 1352/231/207 515/300/276
f 1354/1522/1465 571/965/899 568/232/208
f 435/210/187 1355/163/146 1357/1524/1467
f 438/831/765 1357/1524/1467 1358/1525/1468
f 442/829/1469 1358/1525/1468 1359/1526/1470
f 410/165/148 415/801/741 1357/1524/1467
f 415/801/741 423/804/744 1358/1525/1468
f 423/804/744 422/812/750 1359/1526/1470
f 1362/1529/1473 1363/1530/1475 1818/842/1474
f 1363/1530/1475 1364/1531/1476 449/839/779
f 1364/1531/1476 1361/239/215 445/318/294
f 1362/1529/1473 422/814/750 419/809/748
f 1363/1530/1475 419/809/748 418/807/746
f 1364/1531/1476 418/807/746 411/237/213
f 467/860/797 1372/1539/1483 1373/1540/1484
f 468/871/799 1373/1540/1484 1374/1541/1485
f 425/220/196 429/817/1487 1372/1539/1483
f 429/817/1487 432/819/1488 1373/1540/1484
f 432/819/1488 433/1542/1489 1374/1541/1485
f 433/1542/1489 427/277/253 1371/279/255
f 479/273/249 1375/263/239 1377/1543/1490
f 482/876/1491 1377/1543/1490 1378/1544/1492
f 1819/1545/1493 1378/1544/1492 1379/1546/1494
f 485/1547/1495 1379/1546/1494 1376/338/313
f 466/265/241 477/873/807 1377/1543/1490
f 477/873/807 472/875/804 1378/1544/1492
f 472/875/804 473/867/1486 1379/1546/1494
f 1382/1549/1496 433/1552/1489 434/823/1500
f 1385/257/233 1387/1554/1502 461/1553/1501
f 1387/1554/1502 1388/1555/1504 462/853/1503
f 1388/1555/1504 1389/1556/1506 458/849/1505
f 1385/257/233 490/280/256 497/899/1507
f 1387/1554/1502 497/899/1507 493/900/824
f 1388/1555/1504 493/900/824 492/888/821
f 1390/328/304 1392/1557/1508 497/896/1507
f 1392/1557/1508 1393/1558/1509 498/904/830
f 1393/1558/1509 1394/1559/1510 502/902/833
f 1390/328/304 505/329/305 510/1560/1511
f 1393/1558/1509 1816/1561/1512 508/907/834
f 1394/1559/1510 508/907/834 504/199/176
f 588/996/311 1400/1570/310 1402/1567/1519
f 599/994/934 1402/1567/1519 1403/1568/1520
f 600/988/923 1403/1568/1520 1404/1569/1521
f 590/984/919 1404/1569/1521 1401/283/259
f 1400/1570/310 605/1006/312 614/1005/946
f 1402/1567/1519 614/1005/946 608/1001/942
f 1403/1568/1520 608/1001/942 607/999/940
f 607/999/940 604/321/297 1401/283/259
f 1405/309/285 1407/1571/1522 623/1014/954
f 1407/1571/1522 1408/1572/1523 624/1023/962
f 1408/1572/1523 1409/1573/1524 631/1019/959
f 1409/1573/1524 1406/1574/199 621/1020/201
f 606/308/284 618/1010/950 1407/1571/1522
f 618/1010/950 613/1007/947 1408/1572/1523
f 613/1007/947 612/1004/945 1409/1573/1524
f 612/1004/945 605/1006/312 1406/1574/199
f 1415/1579/301 1417/1580/1528 651/1041/980
f 1417/1580/1528 1418/1581/1529 652/1032/972
f 1418/1581/1529 1419/1582/1530 643/1029/969
f 1419/1582/1530 1416/227/203 638/226/202
f 657/1054/303 666/1053/990 1417/1580/1528
f 666/1058/990 660/1057/994 1418/1581/1529
f 660/1057/994 659/1047/985 1419/1582/1530
f 659/1047/985 656/341/316 1416/227/203
f 674/1077/315 1420/1586/314 1422/1583/1531
f 685/1075/1013 1422/1583/1531 1423/1584/1532
f 686/1069/1006 1423/1584/1532 1424/1585/1533
f 676/1065/1002 1424/1585/1533 1421/214/190
f 1420/1586/314 640/1043/299 653/1042/981
f 1422/1583/1531 653/1042/981 647/1037/977
f 1423/1584/1532 647/1037/977 646/1035/975
f 1424/1585/1533 646/1035/975 639/314/290
f 1430/333/309 1432/1591/1537 693/1082/1019
f 1432/1591/1537 1433/1592/1538 694/1092/1029
f 1433/1592/1538 1434/1593/1539 701/1088/1026
f 1434/1593/1539 1431/1594/183 691/1089/192
f 708/332/308 713/1097/1038 1432/1591/1537
f 713/1097/1038 722/1100/1041 1433/1592/1538
f 722/1100/1041 721/1109/1049 1434/1593/1539
f 721/1109/1049 710/1111/181 1431/1594/183
f 709/304/280 1435/203/180 1437/1595/1540
f 716/1103/1044 1437/1595/1540 1438/1596/1541
f 717/1105/1046 1438/1596/1541 1439/1597/1542
f 723/1110/1050 1439/1597/1542 1436/1598/306
f 1435/203/180 726/1113/1052 730/1115/1054
f 1437/1595/1540 730/1115/1054 739/1119/1058
f 1438/1596/1541 739/1119/1058 738/1125/1065
f 1439/1597/1542 738/1125/1065 728/1127/307
f 1445/164/147 1447/1603/1546 413/800/740
f 1447/1603/1546 1448/1604/1548 414/802/1547
f 1448/1604/1548 1449/1605/1549 420/808/747
f 1449/1605/1549 1446/1606/1550 411/237/213
f 604/321/297 609/1000/941 1447/1603/1546
f 609/1000/941 617/1003/944 1448/1604/1548
f 617/1003/944 616/1009/949 1449/1605/1549
f 616/1009/949 606/308/284 1446/1606/1550
f 622/312/288 1450/249/225 1452/1607/1551
f 634/1027/966 1452/1607/1553 1453/1608/1553
f 1453/1610/1555 1451/319/295 620/320/296
f 1450/249/225 446/843/781 451/845/783
f 1452/1607/1553 451/845/1556 448/847/1556
f 1453/1610/1555 448/838/778 445/318/294
f 1454/222/198 1456/1612/1560 428/816/1557
f 1456/1611/1558 1457/1613/1563 431/822/1559
f 431/822/760 1457/1613/1564 1455/267/243
f 656/341/316 661/1046/984 1456/1612/1560
f 669/1050/1562 668/1062/2068 1457/1613/1563
f 1457/1613/1564 668/1062/998 658/1059/995
f 672/213/189 1458/1616/1569 1460/1614/1565
f 1460/1614/1567 1461/1617/1567 682/1615/1568
f 682/1072/1009 1461/1618/1572 1459/272/248
f 1458/1616/1569 479/273/249 483/877/1570
f 487/880/815 481/271/247 1459/272/248
f 491/285/261 1462/284/260 1464/1619/1573
f 500/901/832 1464/1619/1573 1465/1620/1574
f 501/893/1575 1465/1620/1574 1466/1621/1576
f 494/889/822 1466/1621/1576 1463/294/270
f 1462/284/260 709/304/280 718/1104/1045
f 1464/1619/1573 718/1104/1045 712/1098/1039
f 1465/1620/1574 712/1098/1039 711/1096/1037
f 1466/1621/1576 711/1096/1037 708/332/308
f 1467/287/263 1469/1625/1579 704/1622/1033
f 1469/1623/1577 1470/1624/1577 695/1081/1021
f 1470/1624/1578 1468/344/319 690/345/320
f 455/854/793 460/856/795 1469/1625/1579
f 460/850/1580 457/848/2069 1470/1624/1577
f 457/848/1581 454/343/318 1468/344/319
f 586/982/917 1471/282/258 1473/1626/1582
f 1474/1629/1585 1472/236/212 587/311/287
f 1471/282/258 435/210/187 439/828/1586
f 443/832/1589 437/234/210 1472/236/212
f 1475/264/240 1477/1631/1590 475/872/806
f 1477/1631/1590 1478/1634/1594 476/865/1591
f 476/865/1591 1478/1634/1594 1479/1632/1592
f 469/861/798 1479/1632/1592 1476/1633/1593
f 639/314/290 648/1036/976 1477/1631/1590
f 648/1036/976 642/1030/970 1478/1634/1594
f 642/1030/970 641/1028/968 1479/1632/1592
f 641/1028/968 638/226/202 1476/1633/1593
f 1480/292/268 1482/1635/1597 512/910/837
f 1482/1635/1595 1483/1636/1595 507/912/1596
f 507/906/835 1483/1637/1599 1481/202/179
f 727/306/282 729/1122/1061 1482/1635/1597
f 1483/1637/1599 729/2097/1055 726/1113/1052
f 764/370/342 1484/369/341 1486/1638/1600
f 767/1639/1601 1486/1638/1600 1487/1640/1602
f 766/1642/1604 1487/1647/1609 1488/1643/1605
f 1488/1643/1605 1485/486/442 763/527/480
f 1484/369/341 748/360/332 750/1645/1607
f 1486/1638/1600 750/1645/1607 751/1646/1608
f 1487/1647/1609 751/1686/1647 752/1648/1610
f 752/1648/1610 749/380/351 1485/486/442
f 1489/406/375 1491/1650/1612 772/1649/1611
f 1491/1650/1612 1492/1652/1618 771/1651/1613
f 1492/1652/1614 1493/1658/1620 770/1653/1615
f 770/1653/1615 1493/1658/1620 1490/1654/425
f 753/539/489 755/1656/1617 1491/1650/1612
f 755/1656/1617 756/1657/1686 1492/1652/1618
f 756/1657/1619 757/1728/1688 1493/1658/1620
f 1493/1658/1620 757/1728/1688 754/1659/335
f 1494/476/434 1496/1661/1622 747/1660/1621
f 1496/1661/1622 1497/1666/1627 746/1662/1623
f 1497/1663/1624 1498/1667/1628 745/1664/1625
f 745/1664/1625 1498/1667/1628 1495/349/324
f 764/370/342 767/1639/1601 1496/1661/1622
f 767/1639/1601 766/1641/1603 1497/1666/1627
f 766/1642/1604 765/1644/1606 1498/1667/1628
f 1498/1667/1628 765/1644/1606 763/527/480
f 759/505/459 1499/371/343 1501/1668/1629
f 762/1669/1630 1501/1668/1629 1502/1670/1631
f 761/1671/1633 1502/1670/1636 1503/1672/1634
f 1503/1672/1634 1500/1675/340 758/1674/328
f 1499/371/343 769/353/327 772/1649/1611
f 1501/1668/1629 772/1649/1611 771/1651/1613
f 1502/1670/1636 771/1651/1616 770/1653/1615
f 770/1653/1615 768/1655/338 1500/1675/340
f 774/506/460 1504/500/455 1506/1676/1637
f 777/1677/1638 1506/1676/1637 1507/1678/1639
f 776/1679/1641 1507/1678/1644 1508/1680/1642
f 1508/1680/1642 1505/1683/330 773/1682/345
f 1504/500/455 759/505/459 762/1669/1630
f 1506/1676/1637 762/1669/1630 761/1671/1632
f 1507/1678/1644 761/1671/1633 760/1673/1635
f 760/1673/1635 758/1674/328 1505/1683/330
f 748/360/332 1509/359/331 1511/1684/1645
f 750/1645/1607 1511/1684/1645 1512/1685/1646
f 751/1686/1647 1512/1690/1651 1513/1687/1648
f 1513/1687/1648 1510/378/349 749/380/351
f 1509/359/331 778/389/359 780/1688/1649
f 1511/1684/1645 780/1688/1649 781/1689/1650
f 1512/1690/1651 781/1694/1655 782/1691/1652
f 782/1691/1652 779/377/348 1510/378/349
f 778/389/359 1514/398/367 1516/1692/1653
f 780/1688/1649 1516/1692/1653 1517/1693/1654
f 781/1694/1655 1517/1698/1659 1518/1695/1656
f 1518/1695/1656 1515/375/346 779/377/348
f 1514/398/367 788/397/366 790/1696/1657
f 1516/1692/1653 790/1696/1657 791/1697/1658
f 1517/1698/1659 791/1717/1677 792/1699/1660
f 792/1699/1660 789/387/358 1515/375/346
f 784/540/490 1519/532/483 1521/1700/1661
f 787/1701/1662 1521/1700/1661 1522/1702/1663
f 786/1703/1665 1522/1702/1668 1523/1704/1666
f 1523/1706/1666 1520/382/353 783/384/355
f 1519/532/483 774/506/460 777/1677/1638
f 1521/1700/1661 777/1677/1638 776/1679/1640
f 1522/1702/1668 776/1679/1641 775/1681/1643
f 775/1708/1643 773/374/345 1520/382/353
f 1524/517/470 1526/1710/1670 814/1709/1669
f 1526/1710/1670 1527/1712/1672 813/1711/1671
f 1527/1712/1672 1528/1714/1674 812/1713/1673
f 1528/1714/1674 1525/480/436 810/531/364
f 794/1139/1078 803/1138/1077 1526/1710/1670
f 803/1138/1077 797/1142/1081 1527/1712/1672
f 797/1142/1081 796/1133/1072 1528/1714/1674
f 796/1133/1072 793/1130/1069 1525/480/436
f 788/397/366 1529/499/454 1531/1715/1675
f 790/1696/1657 1531/1715/1679 1532/1716/1676
f 791/1717/1677 1532/1719/1680 1533/1718/1678
f 792/1699/1660 1533/1718/1678 1530/385/356
f 1529/499/454 811/515/468 814/1709/1669
f 1531/1715/1679 814/1709/1669 813/1711/1671
f 1532/1719/1680 813/2105/1671 812/1720/1673
f 812/1720/1673 810/394/364 1530/385/356
f 794/1139/1078 1534/516/469 1536/1721/1681
f 801/1137/1076 1536/1721/1681 1537/1722/1682
f 802/1140/1088 1537/1722/1684 1538/1723/1683
f 807/1724/1084 1538/1725/1683 1535/391/361
f 1534/516/469 784/540/490 787/1701/1662
f 1536/1721/1681 787/1701/1662 786/1703/1664
f 1537/1722/1684 786/1703/1665 785/1705/1667
f 1538/1725/1683 785/1707/1667 783/384/355
f 1539/414/382 1541/1726/1685 755/1656/1617
f 1541/1726/1685 1542/1727/1690 756/1657/1686
f 1542/1727/1687 1543/1732/1692 757/1728/1688
f 757/1728/1688 1543/1732/1692 1540/1729/462
f 820/475/433 822/1730/1689 1541/1726/1685
f 822/1730/1689 823/1731/1708 1542/1727/1690
f 823/1731/1691 824/1751/1710 1543/1732/1692
f 1543/1732/1692 824/1751/1710 821/1733/372
f 1544/346/321 1546/1735/1694 819/1734/1693
f 1546/1735/1694 1547/1737/1699 818/1736/1695
f 1547/1737/1696 1548/2106/1700 817/1738/1697
f 817/1739/1697 1548/1740/1700 1545/399/368
f 744/348/323 747/1660/1621 1546/1735/1694
f 747/1660/1621 746/1662/1623 1547/1737/1699
f 746/1665/1626 745/1664/1625 1548/1740/1700
f 1548/1740/1700 745/1664/1625 743/361/333
f 832/1162/1107 1549/490/445 1551/1742/1701
f 842/1160/1105 1551/1742/1701 1552/1743/1702
f 843/1153/1095 1552/1743/1702 1553/1744/1703
f 834/1149/1091 1553/1744/1703 1550/465/426
f 1549/490/445 825/492/447 827/1745/1704
f 1551/1742/1701 827/1745/1704 828/1746/1705
f 1552/1743/1702 828/1746/1705 829/1747/1706
f 1553/1744/1703 829/1747/1706 826/1748/378
f 1554/491/446 1556/1749/1707 822/1730/1689
f 1556/1749/1707 1557/1750/1712 823/1731/1708
f 1557/1750/1709 1558/1752/1711 824/1751/1710
f 1558/1752/1711 1555/1753/380 821/1733/372
f 832/1162/1107 844/1161/1106 1556/1749/1707
f 844/1161/1106 839/1164/1109 1557/1750/1712
f 839/1164/1713 838/1158/1100 1558/1752/1711
f 838/1158/1100 831/1155/1097 1555/1753/380
f 1559/493/448 1561/1754/1714 827/1745/1704
f 1561/1754/1714 1562/1755/1716 828/1746/1705
f 1562/1755/1715 1563/1757/1717 829/1747/1706
f 829/1756/1706 1563/1758/1717 1560/407/376
f 816/524/477 819/1734/1693 1561/1754/1714
f 819/1734/1693 818/1736/1695 1562/1755/1716
f 818/1736/1698 817/1738/1697 1563/1757/1717
f 817/1739/1697 815/401/370 1560/407/376
f 1564/489/444 1566/1760/1719 871/1759/1718
f 1567/1762/1721 1568/1764/1723 869/1763/1722
f 1568/1764/1723 1565/537/487 867/538/488
f 852/436/401 854/1765/1724 1566/1760/1719
f 854/1765/1724 855/1766/1725 1567/1762/1721
f 855/1766/1725 856/1767/1726 1568/1764/1723
f 856/1767/1726 853/536/486 1565/537/487
f 873/430/395 1569/429/394 1571/1768/1727
f 876/1769/1728 1571/1768/1727 1572/1770/1729
f 875/1771/1730 1572/1770/1729 1573/1772/1731
f 874/1773/1732 1573/1772/1731 1570/470/429
f 1569/429/394 857/433/398 859/1774/1733
f 1571/1768/1727 859/1774/1733 860/1775/1734
f 1572/1770/1729 860/1775/1734 861/1776/1735
f 1573/1772/1731 861/1776/1735 858/471/430
f 851/1778/1737 1576/1777/1736 1577/1779/1738
f 850/1780/1739 1577/1779/1738 1578/1781/1740
f 849/1782/1741 1578/1781/1740 1575/487/443
f 1576/1777/1736 871/1759/1718 870/1761/1720
f 1577/1779/1738 870/1761/1720 869/1763/1722
f 1578/1781/1740 869/1763/1722 867/538/488
f 1579/431/396 1581/1784/1743 866/1783/1742
f 1581/1784/1743 1582/1786/1745 865/1785/1744
f 1582/1786/1745 1583/1788/1747 864/1787/1746
f 1583/1788/1747 1580/508/461 862/528/481
f 873/430/395 876/1769/1728 1581/1784/1743
f 876/1769/1728 875/1771/1730 1582/1786/1745
f 875/1771/1730 874/1773/1732 1583/1788/1747
f 874/1773/1732 872/473/432 1580/508/461
f 1584/422/388 1586/1790/1749 881/1789/1748
f 1586/1790/1749 1587/1792/1751 880/1791/1750
f 1587/1792/1751 1588/1794/1753 879/1793/1752
f 1588/1794/1753 1585/439/404 877/423/389
f 863/472/431 866/1783/1742 1586/1790/1749
f 866/1783/1742 865/1785/1744 1587/1792/1751
f 865/1785/1744 864/1787/1746 1588/1794/1753
f 864/1787/1746 862/528/481 1585/439/404
f 1589/437/402 1591/1795/1754 854/1765/1724
f 882/442/406 884/1798/1757 1591/1795/1754
f 1594/443/407 1596/1801/1760 884/1798/1757
f 1596/1801/1760 1597/1802/1761 885/1799/1758
f 1597/1802/1761 1598/1803/1762 886/1800/1759
f 1598/1803/1762 1595/529/482 883/485/441
f 892/447/411 894/1804/1763 1596/1801/1760
f 894/1804/1763 895/1805/1764 1597/1802/1761
f 896/1806/1765 893/526/479 1595/529/482
f 1599/438/403 1601/1808/1767 891/1807/1766
f 1601/1808/1767 1602/1810/1769 890/1809/1768
f 1602/1810/1769 1603/1812/1771 889/1811/1770
f 878/502/456 881/1789/1748 1601/1808/1767
f 881/1789/1748 880/1791/1750 1602/1810/1769
f 880/1791/1750 879/1793/1752 1603/1812/1771
f 879/1793/1752 877/423/389 1600/425/390
f 915/535/485 1604/2087/440 1606/1813/1772
f 918/1814/1773 1606/1813/1772 1607/1815/1774
f 917/1816/1775 1607/1815/1774 1608/1817/1776
f 916/1818/1777 1608/1817/1776 1605/519/472
f 1604/484/440 897/483/439 901/1166/1112
f 1606/1813/1772 901/1169/1112 910/1171/1116
f 1607/1815/1774 910/1171/1116 909/1179/1124
f 1608/1817/1776 909/1179/1124 899/520/473
f 1609/449/413 1611/1820/1778 894/1804/1763
f 1613/1822/1780 1610/503/457 893/526/479
f 915/535/485 918/1814/1773 1611/1820/1778
f 918/1814/1773 917/1816/1775 1612/1821/1779
f 917/1816/1775 916/1818/1777 1613/1822/1780
f 1614/444/408 1616/1823/1781 905/1176/1120
f 1616/1823/1781 1617/1824/1782 906/1182/1127
f 1617/1824/1782 1618/1825/1783 911/1180/1125
f 888/533/484 891/1807/1766 1616/1823/1781
f 891/1807/1766 890/1809/1768 1617/1824/1782
f 890/1809/1768 889/1811/1770 1618/1825/1783
f 857/433/398 1619/454/416 1621/1826/1784
f 859/1774/1733 1621/1826/1784 1622/1827/1785
f 860/1775/1734 1622/1827/1785 1623/1828/1786
f 861/1776/1735 1623/1828/1786 1620/513/466
f 1619/454/416 924/455/417 926/1829/1787
f 1621/1826/1784 926/1829/1787 927/1830/1788
f 1622/1827/1785 927/1830/1788 928/1831/1789
f 920/456/418 1624/427/392 1626/1832/1790
f 922/1835/1793 1627/1834/1792 1628/1836/1794
f 921/1837/1795 1628/1836/1794 1625/460/421
f 1624/427/392 848/426/391 851/1778/1737
f 1626/1832/1790 851/1778/1737 850/1780/1739
f 1627/1834/1792 850/1780/1739 849/1782/1741
f 1628/1836/1794 849/1782/1741 847/451/415
f 1629/469/428 1631/2107/1796 937/1838/1131
f 1631/1839/1796 1632/1840/1797 938/1196/1141
f 1632/1840/1797 1633/1841/1798 944/1192/1137
f 1633/1841/1798 1630/497/452 935/1193/1138
f 929/463/424 931/1843/1799 1631/1839/1796
f 931/1843/1799 932/1844/1800 1632/1840/1797
f 932/1844/1800 933/1845/1801 1633/1841/1798
f 933/1845/1801 930/494/449 1630/497/452
f 924/455/417 1634/461/422 1636/1846/1802
f 926/1829/1787 1636/1846/1802 1637/1847/1803
f 927/1830/1788 1637/1847/1803 1638/1848/1804
f 1634/461/422 936/462/423 948/1199/1145
f 1636/1846/1802 948/1199/1145 943/1194/1139
f 1637/1847/1803 943/1194/1139 942/1191/1136
f 1638/1848/1804 942/1191/1136 935/1193/1138
f 929/463/424 1639/457/419 1641/1849/1805
f 931/1843/1799 1641/1849/1805 1642/1850/1806
f 932/1844/1800 1642/1850/1806 1643/1851/1807
f 933/1845/1801 1643/1851/1807 1640/495/450
f 1639/457/419 920/456/418 923/1833/1791
f 1642/1850/1806 922/1835/1793 921/1837/1795
f 936/462/423 1644/412/381 1646/1852/1808
f 947/1184/1809 1646/1855/1811 1645/522/475
f 1644/412/381 831/2086/1097 833/1854/1810
f 1646/1855/1811 833/2099/1092 830/523/476
f 1647/392/362 1649/1858/1814 806/1856/1812
f 1649/1857/1813 1648/481/437 793/1130/1069
f 898/450/414 900/1175/1119 1649/1858/1814
f 900/1859/1113 897/483/439 1648/481/437
f 972/562/509 1650/561/508 1652/1860/1815
f 975/1861/1816 1652/1860/1815 1653/1862/1817
f 974/1864/1819 1653/1869/1824 1654/1865/1820
f 1654/1865/1820 1651/676/612 971/716/648
f 1650/561/508 956/552/499 958/1867/1822
f 1652/1860/1815 958/1867/1822 959/1868/1823
f 1653/1869/1824 959/1907/1862 960/1870/1825
f 960/1870/1825 957/572/518 1651/676/612
f 1655/598/543 1657/1877/1827 980/1871/1826
f 1657/1872/1827 1658/1875/1833 979/1873/1828
f 1658/1875/1829 1659/1880/1835 978/1876/1830
f 978/1876/1830 1659/1880/1835 1656/656/595
f 961/727/657 963/1945/1832 1657/1877/1827
f 963/1878/1832 964/1879/1902 1658/1875/1833
f 964/1879/1834 965/1948/1904 1659/1880/1835
f 1659/1880/1835 965/1948/1904 962/555/502
f 1660/666/604 1662/1882/1837 955/1881/1836
f 1662/1882/1837 1663/1887/1842 954/1883/1838
f 1663/1884/1839 1664/1888/1843 953/1885/1840
f 953/1885/1840 1664/1888/1843 1661/541/491
f 972/562/509 975/1861/1816 1662/1882/1837
f 975/1861/1816 974/1863/1818 1663/1887/1842
f 974/1864/1819 973/1866/1821 1664/1888/1843
f 1664/1888/1843 973/1866/1821 971/716/648
f 967/695/630 1665/563/510 1667/1889/1844
f 970/1891/1845 1667/1896/1844 1668/1892/1846
f 969/1893/1848 1668/1892/1851 1669/1894/1849
f 1669/1894/1849 1666/560/507 966/547/495
f 1665/563/510 977/545/494 980/1871/1826
f 1667/1896/1844 980/1874/1826 979/1873/1828
f 1668/1892/1851 979/1873/1831 978/1876/1830
f 978/1876/1830 976/558/505 1666/560/507
f 982/696/631 1670/690/625 1672/1897/1852
f 985/1899/1853 1672/1904/1852 1673/1900/1854
f 984/1901/1856 1673/1900/1859 1674/1902/1857
f 1674/1902/1857 1671/549/497 981/566/512
f 1670/690/625 967/695/630 970/1890/1845
f 1672/1904/1852 970/1891/1845 969/1893/1847
f 1673/1900/1859 969/1893/1848 968/1895/1850
f 968/1895/1850 966/547/495 1671/549/497
f 956/552/499 1675/551/498 1677/1905/1860
f 958/1867/1822 1677/1905/1860 1678/1906/1861
f 959/1907/1862 1678/1911/1866 1679/1908/1863
f 1679/1908/1863 1676/570/516 957/572/518
f 1675/551/498 986/581/526 988/1909/1864
f 1677/1905/1860 988/1909/1864 989/1910/1865
f 1678/1911/1866 989/1915/1870 990/1912/1867
f 986/581/526 1680/590/535 1682/1913/1868
f 988/1909/1864 1682/1913/1868 1683/1914/1869
f 1684/1916/1871 1681/567/513 987/569/515
f 1680/590/535 996/589/534 998/1917/1872
f 1682/1913/1868 998/1917/1872 999/1918/1873
f 1683/1919/1874 999/1937/1893 1000/1920/1875
f 1000/1920/1875 997/579/525 1681/567/513
f 992/728/658 1685/721/651 1687/1921/1876
f 995/1923/1877 1687/1928/1876 1688/1924/1878
f 994/1925/1880 1688/1924/1883 1689/1926/1881
f 993/1927/1882 1689/1926/1881 1686/574/520
f 1685/721/651 982/696/631 985/1898/1853
f 1687/1928/1876 985/1899/1853 984/1901/1855
f 1688/1924/1883 984/1901/1856 983/1903/1858
f 983/1903/1858 981/566/512 1686/574/520
f 1690/704/638 1692/1930/1885 1022/1929/1884
f 1692/1930/1885 1693/1932/1887 1021/1931/1886
f 1693/1932/1887 1694/1934/1890 1020/1933/1888
f 1694/1934/1890 1691/670/606 1018/720/531
f 1002/1210/1158 1012/1209/1157 1692/1930/1885
f 1012/1209/1157 1005/1215/1161 1693/1932/1887
f 1005/1215/1161 1004/1204/1152 1694/1934/1890
f 1004/1204/1152 1001/1201/1149 1691/670/606
f 996/589/534 1695/689/624 1697/1935/1891
f 998/1917/1872 1697/1935/1895 1698/1936/1892
f 999/1937/1893 1698/1939/1896 1699/1938/1894
f 1000/1920/1875 1699/1938/1894 1696/577/523
f 1695/689/624 1019/702/636 1022/1929/1884
f 1697/1935/1895 1022/1929/1884 1021/1931/1886
f 1698/1939/1896 1021/2108/2070 1020/1940/1888
f 1020/1940/1888 1018/586/531 1696/577/523
f 1002/1210/1158 1700/703/637 1702/1941/1897
f 1010/1213/1156 1702/1944/1897 1703/1942/1898
f 1011/1211/1168 1703/1942/1900 1704/1943/1899
f 1015/1219/1165 1704/1943/1899 1701/583/528
f 1700/703/637 992/728/658 995/1922/1877
f 1702/1944/1897 995/1923/1877 994/1925/1879
f 1703/1942/1900 994/1925/1880 993/1927/1882
f 1704/1943/1899 993/1927/1882 991/576/522
f 1705/606/550 1707/1949/1901 963/1945/1832
f 1707/1946/1901 1708/1947/1906 964/1879/1902
f 1708/1947/1903 1709/1952/1908 965/1948/1904
f 965/1948/1904 1709/1952/1908 1706/699/633
f 1028/665/603 1030/1968/1905 1707/1949/1901
f 1030/1950/1905 1031/1951/1924 1708/1947/1906
f 1031/1951/1907 1032/1971/1926 1709/1952/1908
f 1709/1952/1908 1032/1971/1926 1029/595/540
f 1710/510/463 1712/1954/1910 1027/1953/1909
f 1712/1954/1910 1713/1959/1915 1026/1955/1911
f 1713/1956/1912 1714/1960/1916 1025/1957/1913
f 1025/1957/1913 1714/1960/1916 1711/591/536
f 952/512/465 955/1881/1836 1712/1954/1910
f 955/1881/1836 954/1883/1838 1713/1959/1915
f 954/1886/1841 953/1885/1840 1714/1960/1916
f 1714/1960/1916 953/1885/1840 951/553/500
f 1040/1240/1188 1715/680/615 1717/1961/1917
f 1051/1238/1186 1717/1961/1917 1718/1962/1918
f 1052/1228/1175 1718/1962/1918 1719/1963/1919
f 1042/1224/1171 1719/1963/1919 1716/709/596
f 1715/680/615 1033/682/617 1035/1964/1920
f 1717/1961/1917 1035/1964/1920 1036/1965/1921
f 1718/1962/1918 1036/1965/1921 1037/1966/1922
f 1719/1963/1919 1037/1966/1922 1034/1967/546
f 1720/681/616 1722/1973/1923 1030/1968/1905
f 1722/1969/1923 1723/1970/1928 1031/1951/1924
f 1723/1970/1925 1724/1972/1927 1032/1971/1926
f 1724/1972/1927 1721/603/548 1029/595/540
f 1040/1240/1188 1053/1239/1187 1722/1973/1923
f 1053/1244/1187 1047/1243/1190 1723/1970/1928
f 1047/1243/1929 1046/1233/1180 1724/1972/1927
f 1046/1233/1180 1039/1230/1177 1721/603/548
f 1725/683/618 1727/1974/1930 1035/1964/1920
f 1727/1974/1930 1728/1978/1932 1036/1965/1921
f 1728/1975/1931 1729/1979/1933 1037/1976/1922
f 1037/1976/1922 1729/1979/1933 1726/599/544
f 1024/712/645 1027/1953/1909 1727/1974/1930
f 1027/1953/1909 1026/1955/1911 1728/1978/1932
f 1026/1958/1914 1025/1957/1913 1729/1979/1933
f 1025/1957/1913 1023/593/538 1726/599/544
f 1730/679/614 1732/1981/1935 1080/1980/1934
f 1732/1981/1935 1733/1983/1937 1079/1982/1936
f 1733/1983/1937 1734/1985/1939 1078/1984/1938
f 1734/1985/1939 1731/725/655 1076/726/656
f 1061/628/570 1063/1986/1940 1732/1981/1935
f 1063/1986/1940 1064/1987/1941 1733/1983/1937
f 1064/1987/1941 1065/1988/1942 1734/1985/1939
f 1065/1988/1942 1062/724/654 1731/725/655
f 1082/622/564 1735/621/563 1737/1989/1943
f 1085/1990/1944 1737/1989/1943 1738/1991/1945
f 1084/1992/1946 1738/1991/1945 1739/1993/1947
f 1083/1994/1948 1739/1993/1947 1736/660/599
f 1735/621/563 1066/625/567 1068/1995/1949
f 1737/1989/1943 1068/1995/1949 1069/1996/1950
f 1738/1991/1945 1069/1996/1950 1070/1997/1951
f 1739/1993/1947 1070/1997/1951 1067/661/600
f 1057/618/560 1740/609/552 1742/1998/1952
f 1060/1999/1953 1742/1998/1952 1743/2000/1954
f 1058/2003/1957 1744/2002/1956 1741/677/613
f 1740/609/552 1077/608/551 1080/1980/1934
f 1742/1998/1952 1080/1980/1934 1079/1982/1936
f 1743/2000/1954 1079/1982/1936 1078/1984/1938
f 1744/2002/1956 1078/1984/1938 1076/726/656
f 1745/623/565 1747/2005/1959 1075/2004/1958
f 1747/2005/1959 1748/2007/1961 1074/2006/1960
f 1748/2007/1961 1749/2009/1963 1073/2008/1962
f 1749/2009/1963 1746/698/632 1071/717/649
f 1082/622/564 1085/1990/1944 1747/2005/1959
f 1085/1990/1944 1084/1992/1946 1748/2007/1961
f 1084/1992/1946 1083/1994/1948 1749/2009/1963
f 1083/1994/1948 1081/663/602 1746/698/632
f 1750/614/556 1752/2011/1965 1090/2010/1964
f 1752/2011/1965 1753/2013/1967 1089/2012/1966
f 1753/2013/1967 1754/2015/1969 1088/2014/1968
f 1754/2015/1969 1751/631/573 1086/615/557
f 1072/662/601 1075/2004/1958 1752/2011/1965
f 1075/2004/1958 1074/2006/1960 1753/2013/1967
f 1074/2006/1960 1073/2008/1962 1754/2015/1969
f 1073/2008/1962 1071/717/649 1751/631/573
f 1755/629/571 1757/2016/1970 1063/1986/1940
f 1757/2016/1970 1758/2017/1971 1064/1987/1941
f 1758/2017/1971 1759/2018/1972 1065/1988/1942
f 1759/2018/1972 1756/611/554 1062/724/654
f 1091/634/576 1093/2019/1973 1757/2016/1970
f 1094/2020/1974 1095/2021/1975 1759/2018/1972
f 1095/2021/1975 1092/675/611 1756/611/554
f 1760/635/577 1762/2022/1976 1093/2019/1973
f 1763/2023/1977 1764/2024/1978 1095/2021/1975
f 1764/2024/1978 1761/718/650 1092/675/611
f 1103/2025/1979 1104/2026/1980 1763/2023/1977
f 1104/2026/1980 1105/2027/1981 1764/2024/1978
f 1105/2027/1981 1102/715/647 1761/718/650
f 1765/630/572 1767/2029/1983 1100/2028/1982
f 1767/2029/1983 1768/2031/1985 1099/2030/1984
f 1768/2031/1985 1769/2033/1987 1098/2032/1986
f 1769/2033/1987 1766/617/559 1096/638/580
f 1087/692/627 1090/2010/1964 1767/2029/1983
f 1090/2010/1964 1089/2012/1966 1768/2031/1985
f 1089/2012/1966 1088/2014/1968 1769/2033/1987
f 1088/2014/1968 1086/615/557 1766/617/559
f 1124/2034/653 1770/2109/610 1772/2035/1988
f 1127/2036/1989 1772/2035/1988 1773/2037/1990
f 1126/2038/1991 1773/2037/1990 1774/2039/1992
f 1125/2040/1993 1774/2039/1992 1771/706/640
f 1770/674/610 1106/673/609 1110/1247/1193
f 1772/2035/1988 1110/1251/1193 1119/1253/1197
f 1773/2037/1990 1119/1253/1197 1118/1259/1205
f 1774/2039/1992 1118/1259/1205 1108/707/641
f 1775/641/583 1777/2042/1994 1103/2025/1979
f 1777/2042/1994 1778/2043/1995 1104/2026/1980
f 1778/2043/1995 1779/2044/1996 1105/2027/1981
f 1124/2034/653 1127/2036/1989 1777/2042/1994
f 1127/2036/1989 1126/2038/1991 1778/2043/1995
f 1126/2038/1991 1125/2040/1993 1779/2044/1996
f 1125/2040/1993 1123/708/642 1776/693/628
f 1780/636/578 1782/2045/1997 1114/1257/1201
f 1782/2045/1997 1783/2046/1998 1115/1262/1208
f 1783/2046/1998 1784/2047/1999 1120/1260/1206
f 1784/2047/1999 1781/705/639 1108/707/641
f 1097/722/652 1100/2028/1982 1782/2045/1997
f 1100/2028/1982 1099/2030/1984 1783/2046/1998
f 1099/2030/1984 1098/2032/1986 1784/2047/1999
f 1098/2032/1986 1096/638/580 1781/705/639
f 1066/625/567 1785/646/586 1787/2048/2000
f 1068/1995/1949 1787/2048/2000 1788/2049/2001
f 1069/1996/1950 1788/2049/2001 1789/2050/2002
f 1070/1997/1951 1789/2050/2002 1786/700/634
f 1785/646/586 1133/647/587 1135/2051/2003
f 1787/2048/2000 1135/2051/2003 1136/2052/2004
f 1788/2049/2001 1136/2052/2004 1137/2053/2005
f 1789/2050/2002 1137/2053/2005 1134/667/605
f 1132/2055/2007 1792/2054/2006 1793/2056/2008
f 1131/2057/2009 1793/2056/2008 1794/2058/2010
f 1130/2059/2011 1794/2058/2010 1791/652/591
f 1792/2054/2006 1060/1999/1953 1059/2001/1955
f 1793/2056/2008 1059/2001/1955 1058/2003/1957
f 1794/2058/2010 1058/2003/1957 1056/643/585
f 1795/659/598 1797/2060/2012 1146/1266/1212
f 1797/2060/2012 1798/2061/2013 1147/1275/1222
f 1798/2061/2013 1799/2062/2014 1153/1271/1218
f 1799/2062/2014 1796/687/622 1144/1272/1219
f 1140/2063/2015 1141/2064/2016 1798/2061/2013
f 1141/2064/2016 1142/2065/2017 1799/2062/2014
f 1142/2065/2017 1139/684/619 1796/687/622
f 1133/647/587 1800/653/592 1802/2066/2018
f 1135/2051/2003 1802/2066/2018 1803/2067/2019
f 1136/2052/2004 1803/2067/2019 1804/2068/2020
f 1137/2053/2005 1804/2068/2020 1801/686/621
f 1800/653/592 1145/654/593 1157/1278/1226
f 1802/2066/2018 1157/1278/1226 1152/1273/1220
f 1803/2067/2019 1152/1273/1220 1151/1270/1217
f 1804/2068/2020 1151/1270/1217 1144/1272/1219
f 1138/655/594 1805/649/589 1807/2069/2021
f 1140/2063/2015 1807/2069/2021 1808/2070/2022
f 1141/2064/2016 1808/2070/2022 1809/2071/2023
f 1142/2065/2017 1809/2071/2023 1806/685/620
f 1805/649/589 1129/648/588 1132/2055/2007
f 1807/2069/2021 1132/2055/2007 1131/2057/2009
f 1809/2071/2023 1130/2059/2011 1128/651/590
f 1145/654/593 1810/604/549 1812/2072/2024
f 1156/2074/1211 1812/2075/2027 1811/710/643
f 1810/604/549 1039/1230/1177 1048/1232/2025
f 1812/2075/2027 1041/2100/1172 1038/711/644
f 1813/584/529 1815/2078/2031 1006/2076/2028
f 1815/2077/2030 1814/671/607 1001/1201/1149
f 1107/642/584 1109/1256/1200 1815/2078/2031
f 1109/2079/1194 1106/673/609 1814/671/607
