mtllib Holocron.mtl
o HolocronEsquina3
usemtl Holocron_Main.001
v -2.953791 5.087775 -3.796323
v -4.107306 5.066366 -2.569725
v -3.396891 5.081228 -3.421269
v -3.787798 5.073888 -3.000642
v -4.392408 5.057477 -2.061122
v -2.395247 5.093951 -4.150019
v -2.950102 5.199382 -3.790347
v -4.103617 5.177972 -2.563749
v -3.393202 5.192834 -3.415293
v -3.784113 5.185493 -2.994666
v -4.388723 5.169081 -2.055146
v -2.391558 5.205554 -4.144043
v -2.181860 5.147538 -4.020229
v -2.809465 5.140862 -3.637767
v -3.252794 5.134320 -3.262963
v -3.094427 5.146293 -3.948903
v -2.604940 5.151965 -4.273833
v -4.508287 5.116917 -2.265961
v -4.248007 5.124884 -2.722377
v -3.537298 5.139743 -3.573599
v -2.042624 5.157275 -4.578022
v -3.962912 5.119450 -2.411096
v -4.272844 5.109637 -1.850306
v -3.643480 5.126974 -2.842094
v -4.734629 5.108170 -1.764790
v -3.928431 5.132405 -3.153213
v -4.943422 5.185229 -0.435849
v -4.939646 5.248654 -4.825317
v -0.532572 5.255838 -4.819302
v -4.940386 5.012530 -5.071566
v -4.938875 0.613663 -5.148346
v -0.524641 5.019725 -5.065535
v -5.179155 5.008916 -4.832674
v -5.185308 4.937798 -0.420102
v -5.179796 0.610350 -4.909452
v -5.040113 3.976590 -2.783862
v -5.051378 2.793748 -3.982342
v -5.044401 3.618291 -3.240644
v -5.048220 3.212494 -3.646978
v -5.054235 2.296069 -4.286234
v -5.034761 4.309230 -2.212520
v -5.151770 3.972436 -2.779286
v -5.163034 2.789593 -3.977766
v -5.156057 3.614137 -3.236068
v -5.159876 3.208341 -3.642402
v -5.165892 2.291918 -4.281658
v -5.146418 4.305076 -2.207944
v -5.088675 4.172519 -2.003585
v -5.094683 3.813707 -2.645009
v -5.098970 3.455667 -3.102011
v -5.097208 4.135319 -2.918138
v -5.092508 4.441787 -2.416878
v -5.111086 2.506106 -4.393816
v -5.108469 2.952549 -4.116682
v -5.101488 3.776759 -3.374701
v -5.087141 4.724807 -1.843613
v -5.105944 2.630789 -3.843427
v -5.109041 2.081881 -4.174077
v -5.102785 3.049622 -3.508132
v -5.113405 2.013660 -4.638715
v -5.105310 3.371213 -3.781246
v -3.955977 2.922476 -5.007407
v -2.763907 4.111111 -4.965973
v -3.593668 3.376061 -5.001116
v -3.184771 3.779030 -4.986577
v -2.250959 4.411397 -4.939625
v -4.294241 2.354432 -5.003418
v -3.940485 2.911359 -5.117596
v -2.748415 4.099995 -5.076161
v -3.578180 3.364946 -5.111304
v -3.169283 3.767913 -5.096765
v -2.235468 4.400280 -5.049813
v -4.278749 2.343317 -5.113607
v -4.155249 2.141888 -5.030891
v -3.790045 2.779694 -5.036873
v -3.427992 3.233502 -5.030621
v -4.106417 3.054138 -5.088132
v -4.417742 2.555861 -5.086132
v -2.466761 4.516656 -5.019370
v -2.914423 4.242840 -5.046708
v -3.743856 3.507504 -5.081796
v -4.706675 1.985604 -5.076918
v -2.597902 3.968267 -4.995425
v -2.019667 4.295021 -4.970067
v -3.018850 3.636255 -5.016043
v -1.973761 4.758034 -4.985157
v -3.335203 3.910684 -5.067300
v -3.600466 5.077615 -3.214127
v -3.180479 5.084626 -3.615826
v -3.956270 5.070148 -2.786414
v -4.246538 5.062360 -2.340317
v -4.560587 5.051207 -1.703458
v -2.708696 5.090755 -3.966979
v -1.973822 5.097693 -4.364458
v -3.596781 5.189219 -3.208151
v -3.176790 5.196231 -3.609850
v -3.952581 5.181754 -2.780439
v -4.242853 5.173965 -2.334341
v -4.556898 5.162810 -1.697482
v -2.705008 5.202359 -3.961003
v -1.970137 5.209297 -4.358482
v -2.555681 5.143903 -3.811957
v -3.036295 5.137715 -3.457425
v -2.858023 5.149211 -4.116025
v -4.384142 5.120993 -2.499492
v -3.320974 5.143140 -3.768250
v -1.486170 5.157579 -4.595467
v -4.105249 5.115331 -2.175165
v -3.456289 5.130704 -3.055731
v -1.613852 5.152352 -4.295974
v -4.741049 5.099913 -1.296026
v -2.330107 5.154638 -4.426967
v -4.623701 5.112611 -2.019196
v -3.811888 5.123234 -2.627796
v -4.493780 5.101407 -1.381744
v -3.740957 5.136128 -3.366546
v -4.096964 5.128667 -2.939056
v -5.134569 4.733163 -2.753786
v -2.856527 2.937384 -5.055697
v -2.865435 5.199960 -4.579728
v -3.466566 3.521648 -3.383608
v -4.941534 5.216941 -2.630582
v -2.736109 5.252246 -4.822308
v -2.737997 5.220534 -2.627575
v -4.939631 2.813098 -5.109955
v -2.732515 5.016127 -5.068551
v -2.731760 2.816693 -5.106940
v -5.182230 4.973357 -2.626388
v -5.179476 2.809634 -4.871063
v -5.182550 2.774074 -2.664776
v -5.086062 3.519249 -3.389627
v -3.477297 5.129910 -3.359230
v -3.471823 3.548006 -4.998550
v -2.865828 5.171710 -2.752512
v -4.700220 2.934497 -5.059569
v -5.132055 2.928390 -4.629459
v -4.700853 5.168830 -2.756370
v -2.858419 4.774636 -5.023629
v -5.134832 2.896211 -2.785851
v -5.046385 3.418864 -3.451809
v -5.042303 3.804660 -3.017127
v -5.049883 3.004677 -3.823325
v -5.052771 2.569665 -4.130044
v -5.055925 1.944884 -4.467647
v -5.037760 4.137999 -2.532576
v -5.030748 4.507811 -1.783399
v -5.158041 3.414712 -3.447233
v -5.153959 3.800505 -3.012550
v -5.161535 3.000522 -3.818749
v -5.164423 2.565511 -4.125469
v -5.167582 1.940729 -4.463070
v -5.149416 4.133844 -2.528000
v -5.142401 4.503657 -1.778823
v -5.092241 3.978324 -2.384908
v -5.096869 3.641935 -2.878411
v -5.094931 4.293520 -2.675668
v -5.109831 2.734872 -4.261039
v -5.099390 3.963225 -3.151267
v -5.081949 4.721455 -1.286921
v -5.107367 2.400304 -3.994472
v -5.100954 3.256150 -3.313097
v -5.083265 4.426895 -1.425695
v -5.113588 1.545391 -4.662641
v -5.089884 4.584574 -2.136527
v -5.112265 2.263785 -4.518363
v -5.104445 2.841730 -3.684418
v -5.111246 1.621827 -4.412353
v -5.103472 3.577428 -3.585944
v -5.106970 3.163469 -3.957657
v -3.392572 3.585546 -4.994737
v -3.781939 3.154176 -5.005327
v -2.975775 3.953725 -4.977013
v -2.537355 4.257138 -4.953384
v -1.869577 4.590449 -4.925160
v -4.119780 2.672731 -5.007204
v -4.497316 1.927482 -4.995157
v -3.377081 3.574429 -5.104924
v -3.766451 3.143056 -5.115516
v -2.960283 3.942609 -5.087200
v -2.521864 4.246020 -5.063571
v -1.854086 4.579332 -5.035348
v -4.104288 2.661614 -5.117391
v -4.481829 1.916365 -5.105345
v -3.957151 2.521173 -5.036410
v -3.616167 3.011532 -5.034818
v -4.266912 2.813170 -5.088186
v -2.696032 4.385557 -5.033995
v -3.932222 3.285703 -5.086025
v -4.710543 1.430156 -5.039407
v -2.363192 4.117600 -4.982960
v -3.226805 3.442906 -5.024228
v -4.415747 1.566841 -5.018428
v -1.423777 4.779559 -4.965451
v -4.563395 2.277006 -5.082075
v -2.224115 4.639463 -5.002804
v -2.809782 3.810889 -5.006469
v -1.499548 4.530320 -4.957704
v -3.542849 3.717068 -5.075433
v -3.126280 4.085444 -5.057747
v -0.043757 5.255786 -5.064065
v -3.111834 5.094640 -3.968817
v -3.110178 5.090757 -3.967078
v -3.112104 5.093173 -3.969137
v -3.111883 5.091919 -3.968919
v -3.111208 5.091071 -3.968195
v -3.944166 5.076868 -3.171370
v -3.945837 5.080752 -3.173126
v -3.945200 5.077182 -3.172495
v -3.945879 5.078030 -3.173223
v -3.946104 5.079284 -3.173445
v -2.797411 5.084796 -3.625582
v -2.795523 5.088731 -3.623450
v -2.796358 5.085080 -3.624430
v -2.795633 5.085926 -3.623621
v -2.795340 5.087208 -3.623276
v -3.629541 5.074844 -2.827777
v -3.631434 5.070908 -2.829916
v -3.629358 5.073321 -2.827604
v -3.629652 5.072038 -2.827950
v -3.630384 5.071191 -2.828761
v -3.554709 5.088084 -3.593514
v -3.553053 5.084206 -3.591775
v -3.554976 5.086617 -3.593834
v -3.554754 5.085366 -3.593616
v -3.554079 5.084519 -3.592892
v -3.238852 5.082187 -3.248645
v -3.240732 5.078254 -3.250769
v -3.238668 5.080665 -3.248471
v -3.238958 5.079384 -3.248813
v -3.239687 5.078538 -3.249620
v -3.948973 5.067326 -2.396781
v -3.950895 5.063386 -2.398953
v -3.948790 5.065802 -2.396609
v -3.949091 5.064517 -2.396962
v -3.949831 5.063668 -2.397785
v -4.263708 5.069347 -2.740495
v -4.265409 5.073245 -2.742286
v -4.264757 5.069661 -2.741634
v -4.265448 5.070514 -2.742374
v -4.265677 5.071771 -2.742603
v -4.258905 5.057519 -1.835992
v -4.260370 5.053592 -1.839155
v -4.258692 5.055993 -1.835896
v -4.258894 5.054709 -1.836463
v -4.259481 5.053866 -1.837608
v -4.524447 5.061363 -2.283090
v -4.525682 5.065301 -2.285861
v -4.525320 5.061685 -2.284608
v -4.525858 5.062547 -2.285667
v -4.525988 5.063816 -2.286107
v -4.733633 5.039638 -0.817388
v -4.728590 5.035854 -0.830111
v -4.731741 5.039609 -0.816863
v -4.732965 5.038155 -0.820264
v -4.731775 5.036916 -0.823691
v -4.732714 5.038286 -0.818043
v -4.731741 5.037053 -0.820283
v -4.731588 5.037427 -0.818795
v -4.728487 5.036101 -0.826841
v -4.729052 5.036900 -0.823177
v -4.730238 5.036108 -0.827149
v -4.730303 5.036481 -0.823254
v -4.730585 5.037047 -0.820063
v -4.733133 5.039950 -0.815495
v -4.730196 5.038132 -0.819672
v -4.731413 5.038274 -0.817762
v -4.732340 5.038356 -0.816730
v -4.752016 5.056582 -1.784678
v -4.749060 5.052684 -1.785957
v -4.752192 5.055093 -1.785236
v -4.751692 5.053827 -1.785675
v -4.750593 5.052983 -1.785927
v -2.622347 5.100324 -4.293742
v -2.619612 5.096440 -4.292663
v -2.622534 5.098853 -4.294113
v -2.622080 5.097598 -4.294039
v -2.621054 5.096751 -4.293530
v -2.170961 5.091462 -4.007429
v -2.167921 5.095408 -4.005912
v -2.169470 5.091746 -4.006512
v -2.168367 5.092599 -4.005903
v -2.167826 5.093884 -4.005692
v -2.060617 5.101720 -4.595151
v -2.060019 5.105658 -4.597922
v -2.060785 5.102042 -4.596668
v -2.060732 5.102904 -4.597728
v -2.060465 5.104173 -4.598168
v -0.920179 5.105769 -4.598606
v -0.919664 5.105723 -4.596792
v -0.933531 5.101685 -4.593270
v -0.918852 5.105989 -4.598527
v -0.923201 5.104229 -4.597866
v -0.920946 5.104378 -4.597662
v -0.919611 5.104457 -4.597321
v -0.921762 5.103497 -4.596519
v -0.922613 5.104173 -4.595159
v -0.926279 5.102862 -4.593916
v -0.918573 5.105965 -4.597545
v -0.920668 5.104352 -4.596392
v -0.923079 5.103085 -4.595500
v -0.930426 5.102021 -4.594978
v -0.926802 5.102913 -4.596592
v -0.930117 5.101989 -4.593253
v -0.926394 5.102462 -4.595137
v -0.923304 5.103106 -4.596634
v -3.072783 5.201720 -3.924296
v -3.077017 5.197954 -3.928988
v -3.074007 5.201451 -3.925640
v -3.075243 5.200641 -3.927004
v -3.076300 5.199412 -3.928179
v -3.911020 5.184064 -3.133299
v -3.906771 5.187831 -3.128589
v -3.910303 5.185522 -3.132488
v -3.909243 5.186751 -3.131309
v -3.907999 5.187561 -3.129940
v -2.823404 5.192997 -3.652085
v -2.827433 5.197042 -3.656413
v -2.824038 5.194528 -3.652750
v -2.825026 5.195835 -3.653806
v -2.826220 5.196717 -3.655093
v -3.661455 5.183156 -2.860745
v -3.657423 5.179108 -2.856412
v -3.660238 5.182832 -2.859423
v -3.659048 5.181947 -2.858135
v -3.658056 5.180640 -2.857078
v -3.515654 5.195169 -3.548994
v -3.519888 5.191405 -3.553682
v -3.516882 5.194901 -3.550337
v -3.518114 5.194091 -3.551699
v -3.519171 5.192863 -3.552874
v -3.270754 5.190502 -3.281599
v -3.266737 5.186457 -3.277281
v -3.269545 5.190177 -3.280282
v -3.268354 5.189295 -3.278999
v -3.267370 5.187988 -3.277945
v -3.980921 5.175633 -2.429782
v -3.976854 5.171579 -2.425412
v -3.979692 5.175307 -2.428447
v -3.978487 5.174422 -2.427147
v -3.977491 5.173114 -2.426081
v -4.230604 5.176530 -2.702467
v -4.226313 5.180310 -2.697712
v -4.229879 5.177995 -2.701652
v -4.228811 5.179227 -2.700462
v -4.227556 5.180040 -2.699079
v -4.290262 5.165841 -1.870240
v -4.286783 5.161760 -1.864620
v -4.289259 5.165507 -1.868426
v -4.288248 5.164613 -1.866721
v -4.287378 5.163298 -1.865385
v -4.490889 5.168544 -2.246059
v -4.487185 5.172322 -2.240055
v -4.490210 5.170014 -2.245147
v -4.489264 5.171248 -2.243685
v -4.488203 5.172058 -2.241897
v -4.761175 5.143835 -0.845975
v -4.759619 5.143845 -0.845490
v -4.757101 5.148161 -0.864198
v -4.761194 5.144068 -0.844658
v -4.761072 5.145440 -0.850094
v -4.760984 5.145462 -0.847831
v -4.760740 5.145459 -0.846459
v -4.760271 5.146273 -0.849354
v -4.758638 5.145442 -0.849687
v -4.757818 5.146826 -0.854716
v -4.759848 5.145464 -0.847634
v -4.759409 5.146619 -0.851071
v -4.758867 5.147780 -0.859957
v -4.760263 5.146825 -0.855005
v -4.757277 5.147779 -0.859812
v -4.759108 5.147256 -0.855165
v -4.760447 5.146619 -0.851196
v -4.711676 5.163648 -1.743228
v -4.717241 5.159770 -1.744898
v -4.713404 5.163353 -1.743408
v -4.715067 5.162513 -1.743789
v -4.716417 5.161255 -1.744312
v -2.581942 5.207406 -4.250048
v -2.587534 5.203614 -4.253921
v -2.583689 5.207130 -4.251077
v -2.585363 5.206312 -4.252175
v -2.586714 5.205077 -4.253174
v -2.195803 5.199669 -4.034546
v -2.201277 5.203705 -4.038097
v -2.196547 5.201199 -4.035153
v -2.197847 5.202505 -4.036041
v -2.199511 5.203383 -4.037075
v -2.025225 5.208903 -4.558119
v -2.023203 5.212684 -4.552412
v -2.024672 5.210372 -4.557228
v -2.024096 5.211606 -4.555832
v -2.023581 5.212418 -4.554140
v -0.948023 5.209998 -4.626933
v -0.966726 5.213907 -4.622594
v -0.947550 5.209983 -4.625425
v -0.952288 5.211518 -4.626773
v -0.957338 5.212797 -4.625892
v -0.949972 5.211562 -4.626722
v -0.953432 5.212659 -4.626139
v -0.951544 5.212334 -4.625991
v -0.962256 5.213611 -4.622836
v -0.957041 5.212758 -4.623460
v -0.962412 5.213635 -4.624424
v -0.957499 5.213202 -4.624741
v -0.953306 5.212642 -4.625110
v -0.946447 5.210206 -4.626150
v -0.951876 5.211484 -4.624369
v -0.949774 5.211546 -4.625598
v -0.948572 5.211572 -4.626502
v -4.700529 5.240511 -4.578567
v -4.696268 5.240575 -4.582817
v -4.705042 5.244901 -4.587325
v -4.700205 5.240535 -4.580196
v -4.699282 5.240558 -4.581576
v -4.700872 5.242167 -4.580491
v -4.700552 5.242126 -4.581513
v -4.700560 5.243023 -4.582828
v -4.698191 5.242207 -4.583141
v -4.700533 5.243605 -4.584111
v -4.697897 5.240570 -4.582495
v -4.699224 5.242145 -4.582825
v -4.701853 5.243584 -4.582831
v -4.702940 5.244550 -4.585579
v -4.701914 5.244056 -4.584183
v -4.698244 1.102261 -5.135052
v -4.695227 1.101013 -5.135066
v -4.702852 1.088775 -5.139557
v -4.698011 1.100859 -5.135075
v -4.698591 1.099354 -5.136732
v -4.698782 1.097257 -5.137591
v -4.696379 1.100184 -5.135083
v -4.697908 1.098318 -5.136691
v -4.699572 1.095756 -5.138154
v -4.701838 1.091575 -5.139181
v -4.700239 1.094313 -5.138660
v -4.701323 5.191638 -0.945155
v -4.705801 5.195657 -0.932394
v -4.698252 5.191686 -0.943824
v -4.701662 5.193225 -0.942315
v -4.701849 5.194100 -0.940510
v -4.704874 5.195399 -0.935124
v -4.703283 5.194980 -0.937699
v -4.700422 5.191993 -0.943033
v -4.700785 5.193251 -0.941310
v -1.034739 5.246322 -4.575120
v -1.033506 5.246283 -4.572114
v -1.020971 5.250689 -4.579704
v -1.033339 5.246322 -4.574889
v -1.031782 5.247964 -4.575443
v -1.029661 5.248792 -4.575626
v -1.030642 5.247953 -4.574563
v -1.027254 5.249377 -4.576865
v -1.032671 5.246302 -4.573262
v -1.024332 5.250326 -4.577923
v -5.180834 4.701066 -0.914503
v -5.180838 4.698037 -0.913312
v -5.185106 4.705518 -0.900881
v -5.180838 4.700812 -0.913106
v -5.182470 4.701372 -0.911590
v -5.182470 4.700516 -0.910385
v -5.180838 4.699172 -0.912463
v -5.184782 4.704564 -0.903657
v -5.184271 4.702951 -0.906447
v -5.183672 4.701846 -0.908896
v -4.702021 4.768248 -5.071067
v -4.706564 4.777162 -5.075183
v -4.697763 4.772515 -5.070985
v -4.702364 4.770217 -5.072664
v -4.703348 4.772601 -5.074007
v -4.701696 4.769879 -5.071038
v -4.702051 4.772595 -5.073441
v -4.702024 4.773904 -5.073982
v -4.704824 4.775041 -5.074891
v -4.703409 4.773983 -5.074435
v -4.699392 4.772189 -5.070993
v -4.700777 4.771262 -5.071011
v -4.699682 4.772888 -5.072612
v -4.701471 4.771994 -5.072533
v -1.018892 4.778277 -5.063255
v -1.005243 4.782979 -5.067467
v -1.017645 4.775273 -5.063306
v -1.017492 4.778049 -5.063256
v -1.013826 4.778869 -5.065696
v -1.011461 4.780106 -5.066239
v -1.008535 4.781204 -5.067158
v -1.016817 4.776425 -5.063283
v -1.015238 4.778155 -5.064788
v -5.175295 4.765276 -4.593199
v -5.179544 4.770005 -4.601961
v -5.175291 4.761090 -4.597534
v -5.176924 4.765658 -4.595126
v -5.178301 4.766691 -4.597468
v -5.175295 4.764979 -4.594835
v -5.176867 4.765358 -4.596165
v -5.177740 4.765391 -4.597502
v -5.179224 4.767852 -4.600247
v -5.178301 4.765403 -4.598804
v -5.178755 4.766782 -4.598848
v -5.175291 4.762715 -4.597181
v -5.175295 4.764081 -4.596234
v -5.176920 4.763027 -4.597851
v -5.176863 4.764056 -4.597514
v -5.175810 1.095706 -4.661515
v -5.180067 1.082278 -4.666321
v -5.175814 1.094402 -4.658520
v -5.177443 1.092758 -4.661915
v -5.175810 1.094302 -4.661309
v -5.178640 1.090106 -4.662460
v -5.179743 1.085489 -4.664515
v -5.179274 1.087754 -4.663634
v -5.175814 1.093594 -4.659689
v -5.177443 1.091629 -4.661036
v -0.044153 5.260990 -5.058909
v -0.041628 5.257557 -5.060157
v -0.043085 5.260726 -5.058403
v -0.042231 5.259978 -5.058462
v -0.044130 5.260672 -5.060696
v -0.042200 5.260270 -5.060479
v -0.040945 5.259662 -5.060457
v -0.041704 5.256533 -5.061499
v -0.042192 5.255967 -5.062628
v -0.041719 5.258866 -5.059078
v -0.041037 5.258311 -5.060876
v -0.040926 5.257943 -5.062241
v -0.044077 5.258221 -5.063238
v -0.044104 5.259699 -5.062217
v -0.043016 5.255942 -5.063367
v -0.042166 5.257989 -5.062846
v -0.041750 5.259534 -5.062056
v -5.185511 5.170071 0.060660
v -5.182024 5.171246 0.063034
v -5.181006 5.174803 0.060621
v -5.185247 5.169553 0.061647
v -5.184488 5.169594 0.062445
v -5.185164 5.171864 0.060660
v -5.184763 5.171620 0.062536
v -5.184153 5.171572 0.063756
v -5.183599 5.172763 0.063727
v -5.181028 5.172581 0.063017
v -5.180483 5.173725 0.062553
v -5.183359 5.170188 0.062932
v -5.182802 5.171974 0.063664
v -5.182436 5.173341 0.063801
v -5.182726 5.174426 0.060639
v -5.184187 5.173394 0.060653
v -5.180475 5.174505 0.061711
v -5.182489 5.173982 0.062563
v -5.174257 5.252408 -5.063313
v -5.174212 5.247903 -5.067951
v -5.178766 5.247830 -5.063391
v -5.174246 5.252089 -5.065065
v -5.174234 5.251121 -5.066561
v -5.175982 5.252061 -5.063321
v -5.175913 5.251580 -5.065015
v -5.175863 5.250924 -5.066375
v -5.176840 5.250506 -5.065974
v -5.175951 5.247899 -5.067609
v -5.177431 5.247884 -5.066621
v -5.174223 5.249652 -5.067576
v -5.175901 5.249581 -5.067075
v -5.177240 5.249528 -5.066399
v -5.178423 5.249583 -5.063364
v -5.177446 5.251069 -5.063339
v -5.178419 5.247859 -5.065140
v -5.177919 5.249548 -5.065050
v -5.177248 5.250901 -5.064984
v -5.174898 0.138560 -5.157134
v -5.176046 0.136136 -5.153706
v -5.179525 0.138450 -5.152569
v -5.174387 0.137534 -5.156889
v -5.174421 0.136713 -5.156153
v -5.176668 0.138546 -5.156790
v -5.176443 0.136659 -5.156420
v -5.176405 0.135434 -5.155832
v -5.177584 0.135469 -5.155268
v -5.177378 0.136171 -5.152683
v -5.178507 0.136621 -5.152107
v -5.175005 0.136222 -5.155033
v -5.176794 0.135523 -5.154474
v -5.178156 0.135393 -5.154097
v -5.179174 0.138487 -5.154318
v -5.178167 0.138521 -5.155802
v -5.179262 0.137422 -5.152066
v -5.178770 0.136606 -5.154121
v -4.701181 5.089661 -0.921926
v -4.698118 5.089581 -0.920577
v -4.696909 5.085493 -0.926831
v -4.700945 5.089889 -0.920537
v -4.700853 5.088052 -0.923063
v -4.700495 5.088187 -0.921284
v -4.699968 5.088260 -0.920157
v -4.699469 5.087261 -0.921134
v -4.697302 5.087991 -0.921482
v -4.696783 5.086656 -0.922988
v -4.699289 5.089845 -0.919807
v -4.698809 5.088157 -0.920534
v -4.698465 5.086840 -0.921540
v -4.698542 5.085796 -0.925718
v -4.699926 5.086695 -0.924395
v -4.696646 5.085780 -0.924866
v -4.698439 5.086221 -0.923371
v -4.699808 5.086860 -0.922140
v -4.700388 5.153517 -4.580086
v -4.696119 5.149261 -4.580149
v -4.696127 5.153596 -4.584336
v -4.700060 5.151886 -4.580113
v -4.699137 5.150506 -4.580135
v -4.700064 5.153544 -4.581715
v -4.699671 5.151875 -4.581784
v -4.698919 5.150750 -4.581717
v -4.696119 5.149614 -4.581774
v -4.696123 5.150563 -4.583141
v -4.697752 5.149585 -4.580147
v -4.697794 5.150004 -4.581811
v -4.697710 5.150773 -4.582923
v -4.697756 5.153589 -4.584014
v -4.699141 5.153571 -4.583094
v -4.696123 5.151959 -4.584040
v -4.697794 5.151912 -4.583653
v -4.698923 5.151980 -4.582905
v -1.034597 5.159344 -4.576639
v -1.040617 5.155001 -4.572465
v -1.033358 5.159295 -4.573622
v -1.035978 5.157708 -4.576346
v -1.037603 5.156305 -4.575449
v -1.033197 5.159344 -4.576407
v -1.034285 5.157760 -4.575986
v -1.035421 5.156488 -4.575337
v -1.034376 5.156866 -4.575007
v -1.038488 5.155326 -4.572280
v -1.036360 5.156257 -4.572435
v -1.039232 5.155356 -4.574087
v -1.036833 5.155829 -4.574011
v -1.034891 5.156466 -4.574049
v -1.032526 5.159315 -4.574774
v -1.034559 5.157649 -4.572906
v -1.033609 5.157734 -4.574353
v -1.033205 5.157794 -4.575474
v -4.702200 4.766730 -4.984088
v -4.697943 4.770997 -4.984005
v -4.697947 4.766663 -4.979819
v -4.701876 4.768361 -4.984059
v -4.700953 4.769746 -4.984032
v -4.701880 4.766702 -4.982457
v -4.701490 4.768374 -4.982386
v -4.700739 4.769501 -4.982449
v -4.697947 4.770644 -4.982381
v -4.697947 4.769696 -4.981014
v -4.699575 4.770671 -4.984013
v -4.699617 4.770250 -4.982349
v -4.699533 4.769481 -4.981238
v -4.699575 4.766665 -4.980147
v -4.700956 4.766680 -4.981073
v -4.697947 4.768300 -4.980115
v -4.699617 4.768345 -4.980510
v -4.700743 4.768270 -4.981262
v -4.698423 1.100744 -5.048073
v -4.694178 1.106677 -5.043699
v -4.695406 1.099493 -5.048088
v -4.697912 1.101631 -5.046425
v -4.696928 1.103072 -5.045017
v -4.698381 1.098883 -5.048105
v -4.697817 1.099800 -5.046417
v -4.697004 1.101084 -5.045267
v -4.696890 1.100148 -5.045620
v -4.694460 1.104365 -5.044064
v -4.694792 1.102187 -5.045027
v -4.695616 1.104843 -5.044058
v -4.695948 1.102410 -5.044493
v -4.696749 1.098206 -5.048115
v -4.697794 1.097991 -5.048119
v -4.695124 1.100479 -5.046439
v -4.696489 1.099252 -5.046423
v -1.019072 4.776759 -4.976278
v -1.017824 4.773755 -4.976329
v -1.025129 4.772416 -4.972105
v -1.017672 4.776532 -4.976279
v -1.020464 4.776404 -4.974657
v -1.018766 4.776053 -4.974717
v -1.017687 4.775548 -4.974763
v -1.018866 4.775043 -4.973857
v -1.019041 4.772975 -4.974713
v -1.020853 4.772446 -4.973344
v -1.016996 4.774907 -4.976306
v -1.018091 4.774425 -4.974744
v -1.019381 4.774070 -4.973492
v -1.023741 4.774052 -4.972399
v -1.022104 4.775453 -4.973295
v -1.022993 4.772248 -4.972428
v -1.021334 4.774003 -4.972865
v -1.019915 4.775355 -4.973471
v -5.093843 4.701051 -0.914372
v -5.089575 4.696895 -0.920491
v -5.093847 4.698024 -0.913183
v -5.092211 4.700750 -0.915763
v -5.090826 4.699856 -0.917415
v -5.092272 4.700366 -0.914074
v -5.091009 4.699713 -0.915227
v -5.091394 4.699372 -0.914189
v -5.089903 4.696683 -0.918359
v -5.090830 4.696823 -0.916223
v -5.089899 4.698502 -0.919075
v -5.090376 4.698397 -0.916669
v -5.091013 4.698417 -0.914719
v -5.093847 4.700132 -0.912259
v -5.092215 4.697293 -0.914404
v -5.092272 4.698726 -0.913428
v -5.092314 4.699839 -0.913003
v -5.088305 4.765262 -4.593069
v -5.088297 4.761076 -4.597403
v -5.084044 4.761001 -4.593138
v -5.088305 4.764966 -4.594704
v -5.088301 4.764066 -4.596104
v -5.086676 4.764937 -4.593072
v -5.086630 4.764574 -4.594751
v -5.086714 4.763846 -4.595889
v -5.086668 4.761070 -4.597077
v -5.085291 4.761054 -4.596152
v -5.088301 4.762701 -4.597050
v -5.086630 4.762734 -4.596657
v -5.085505 4.762637 -4.595908
v -5.084368 4.762632 -4.593110
v -5.085291 4.764012 -4.593087
v -5.084368 4.761029 -4.594768
v -5.084757 4.762702 -4.594780
v -5.085508 4.763825 -4.594677
v -5.088820 1.095692 -4.661383
v -5.088823 1.094386 -4.658387
v -5.084566 1.101616 -4.657013
v -5.088820 1.093832 -4.661377
v -5.088820 1.092931 -4.660805
v -5.087191 1.096598 -4.660849
v -5.087233 1.094002 -4.660336
v -5.086359 1.095109 -4.659851
v -5.087194 1.095392 -4.658083
v -5.085810 1.097119 -4.657713
v -5.088820 1.093126 -4.659754
v -5.086027 1.095682 -4.659094
v -5.084887 1.099805 -4.658485
v -5.085810 1.098041 -4.659832
v -5.084887 1.099305 -4.657337
v -5.085276 1.097371 -4.658863
v -5.045366 4.154961 -2.935308
v -5.041502 4.153096 -2.933758
v -5.043898 4.155266 -2.935580
v -5.042646 4.155018 -2.935381
v -5.041803 4.154256 -2.934741
v -5.049604 3.388970 -3.796851
v -5.053473 3.390856 -3.798416
v -5.049910 3.390138 -3.797840
v -5.050749 3.390906 -3.798484
v -5.052004 3.391158 -3.798687
v -5.038733 3.800102 -2.633977
v -5.042685 3.797970 -2.632129
v -5.039022 3.798917 -2.632968
v -5.039877 3.798095 -2.632262
v -5.041163 3.797763 -2.631968
v -5.050791 3.033883 -3.495253
v -5.046835 3.036021 -3.497106
v -5.049269 3.033676 -3.495092
v -5.047983 3.034011 -3.495388
v -5.047129 3.034835 -3.496095
v -5.049646 3.796405 -3.391872
v -5.045786 3.794539 -3.390322
v -5.048178 3.796709 -3.392144
v -5.046927 3.796460 -3.391944
v -5.046087 3.795699 -3.391305
v -5.046972 3.439928 -3.089131
v -5.043020 3.442051 -3.090972
v -5.045450 3.439721 -3.088969
v -5.044165 3.440050 -3.089262
v -5.043314 3.440869 -3.089966
v -5.053953 2.615053 -3.830549
v -5.049994 2.617226 -3.832432
v -5.052431 2.614848 -3.830390
v -5.051142 2.615188 -3.830691
v -5.050287 2.616023 -3.831408
v -5.052763 2.970266 -4.132252
v -5.056646 2.972187 -4.133847
v -5.053068 2.971448 -4.133253
v -5.053911 2.972230 -4.133909
v -5.055170 2.972489 -4.134117
v -5.057058 2.066148 -4.161201
v -5.053087 2.069292 -4.162586
v -5.055532 2.066017 -4.161004
v -5.054239 2.066568 -4.161197
v -5.053381 2.067717 -4.161753
v -5.055384 2.522850 -4.409885
v -5.059282 2.525733 -4.410974
v -5.055689 2.524404 -4.410695
v -5.056536 2.525499 -4.411186
v -5.057798 2.525966 -4.411285
v -5.061808 1.065830 -4.673627
v -5.057753 1.078286 -4.668154
v -5.061770 1.065234 -4.671756
v -5.060267 1.068651 -4.672869
v -5.058958 1.072009 -4.671563
v -5.060434 1.066426 -4.672700
v -5.059156 1.068604 -4.671654
v -5.059557 1.067119 -4.671552
v -5.058054 1.075021 -4.668172
v -5.058928 1.071392 -4.668864
v -5.058073 1.075393 -4.669907
v -5.058516 1.071510 -4.670114
v -5.059141 1.068343 -4.670511
v -5.062151 1.063925 -4.673197
v -5.060228 1.067955 -4.670121
v -5.060419 1.066096 -4.671409
v -5.060526 1.065101 -4.672373
v -5.061632 2.033277 -4.655863
v -5.057688 2.034375 -4.652901
v -5.060137 2.033814 -4.656035
v -5.058859 2.034212 -4.655532
v -5.058001 2.034408 -4.654432
v -5.040682 4.461425 -2.434044
v -5.036795 4.460176 -2.431393
v -5.039206 4.461778 -2.434233
v -5.037951 4.461665 -2.433796
v -5.037100 4.461101 -2.432798
v -5.032732 4.158341 -1.993728
v -5.036676 4.156781 -1.990706
v -5.033022 4.157374 -1.992269
v -5.033873 4.156740 -1.991183
v -5.035158 4.156529 -1.990634
v -5.031458 4.741619 -1.861511
v -5.035341 4.744435 -1.860770
v -5.031755 4.743148 -1.861621
v -5.032599 4.744220 -1.861519
v -5.033857 4.744672 -1.861221
v -5.024820 4.702545 -0.721751
v -5.024801 4.700713 -0.721305
v -5.020960 4.697641 -0.735330
v -5.025030 4.702420 -0.720424
v -5.023321 4.701892 -0.724814
v -5.023455 4.701606 -0.722567
v -5.023527 4.701218 -0.721243
v -5.022604 4.700480 -0.723435
v -5.023310 4.699164 -0.724328
v -5.022055 4.698037 -0.728053
v -5.025019 4.701428 -0.720183
v -5.023447 4.700328 -0.722335
v -5.022219 4.699504 -0.724793
v -5.021231 4.699238 -0.732163
v -5.022062 4.700730 -0.728470
v -5.021227 4.697501 -0.731917
v -5.021635 4.699253 -0.728123
v -5.022223 4.700644 -0.724971
v -5.152857 4.110894 -2.896872
v -5.149046 4.115676 -2.900968
v -5.152575 4.112279 -2.898050
v -5.151751 4.113672 -2.899242
v -5.150515 4.114865 -2.900266
v -5.157148 3.351571 -3.764076
v -5.160963 3.346772 -3.759965
v -5.158617 3.350760 -3.763374
v -5.159857 3.349562 -3.762346
v -5.160677 3.348163 -3.761149
v -5.146677 3.829448 -2.657889
v -5.150682 3.833993 -2.661713
v -5.148203 3.830163 -2.658482
v -5.149500 3.831279 -2.659417
v -5.150370 3.832622 -2.660552
v -5.158789 3.069912 -3.524840
v -5.154779 3.065360 -3.521012
v -5.158476 3.068539 -3.523677
v -5.157602 3.067194 -3.522542
v -5.156305 3.066077 -3.521606
v -5.157141 3.752339 -3.353436
v -5.153334 3.757116 -3.357529
v -5.156858 3.753721 -3.354614
v -5.156038 3.755115 -3.355804
v -5.154799 3.756307 -3.356828
v -5.154970 3.475943 -3.118706
v -5.150969 3.471407 -3.114891
v -5.154657 3.474576 -3.117548
v -5.153788 3.473235 -3.116417
v -5.152491 3.472121 -3.115484
v -5.161947 2.651117 -3.860165
v -5.157934 2.646527 -3.856304
v -5.161634 2.649731 -3.858990
v -5.160761 2.648372 -3.857844
v -5.159460 2.647246 -3.856901
v -5.160296 2.932912 -4.099516
v -5.164122 2.928066 -4.095365
v -5.161768 2.932096 -4.098810
v -5.163012 2.930888 -4.097772
v -5.163836 2.929472 -4.096562
v -5.165041 2.103433 -4.190180
v -5.161028 2.097617 -4.186954
v -5.164728 2.101578 -4.189249
v -5.163855 2.099821 -4.188308
v -5.162558 2.098430 -4.187502
v -5.162893 2.486473 -4.376657
v -5.166742 2.480401 -4.373139
v -5.164373 2.485562 -4.375995
v -5.165625 2.484089 -4.375096
v -5.166456 2.482276 -4.374093
v -5.165731 1.097246 -4.699046
v -5.165731 1.096701 -4.697509
v -5.169691 1.115375 -4.694255
v -5.167261 1.101385 -4.698775
v -5.167322 1.099120 -4.698770
v -5.167341 1.097741 -4.698575
v -5.168097 1.100629 -4.697990
v -5.167246 1.100886 -4.696358
v -5.168531 1.105903 -4.695338
v -5.165987 1.095641 -4.698280
v -5.167315 1.098881 -4.697640
v -5.168406 1.102320 -4.697066
v -5.169405 1.111197 -4.696181
v -5.168551 1.106285 -4.697767
v -5.169390 1.110992 -4.694597
v -5.168966 1.106409 -4.696604
v -5.168413 1.102484 -4.698095
v -5.169043 1.992231 -4.616026
v -5.165186 1.994039 -4.621563
v -5.168760 1.992471 -4.617749
v -5.167929 1.992898 -4.619407
v -5.166674 1.993450 -4.620747
v -5.148150 4.418135 -2.394227
v -5.144339 4.422148 -2.399712
v -5.147867 4.419225 -2.395935
v -5.147047 4.420369 -2.397578
v -5.145807 4.421395 -2.398903
v -5.140669 4.188258 -2.016465
v -5.144690 4.192080 -2.021763
v -5.142195 4.188919 -2.017170
v -5.143496 4.189877 -2.018425
v -5.144373 4.190987 -2.020038
v -5.138952 4.705174 -1.826453
v -5.142817 4.699463 -1.824607
v -5.140432 4.704291 -1.825920
v -5.141687 4.702895 -1.825382
v -5.142523 4.701200 -1.824921
v -5.128782 4.733714 -0.747482
v -5.132944 4.730145 -0.766294
v -5.128790 4.732189 -0.747063
v -5.130346 4.733741 -0.751732
v -5.131685 4.733073 -0.756799
v -5.130369 4.733603 -0.749421
v -5.131506 4.733170 -0.752890
v -5.131166 4.732945 -0.751010
v -5.132597 4.730217 -0.761819
v -5.131689 4.730629 -0.756593
v -5.132597 4.731809 -0.761913
v -5.132113 4.731932 -0.756999
v -5.131506 4.732137 -0.752799
v -5.128988 4.732877 -0.745934
v -5.130350 4.731322 -0.751411
v -5.130373 4.732472 -0.749265
v -5.130365 4.733332 -0.748030
v -4.131048 3.074427 -5.039659
v -4.129602 3.073094 -5.035538
v -4.131498 3.074786 -5.038245
v -4.131380 3.074658 -5.036966
v -4.130716 3.074064 -5.036015
v -3.358374 3.929623 -5.014704
v -3.359835 3.930971 -5.018832
v -3.359491 3.930600 -5.015182
v -3.360163 3.931199 -5.016134
v -3.360281 3.931331 -5.017417
v -3.782366 2.771872 -4.979279
v -3.779860 2.769780 -4.982877
v -3.781168 2.770839 -4.979389
v -3.780272 2.770079 -4.980112
v -3.779810 2.769708 -4.981337
v -3.008661 3.626342 -4.962051
v -3.011187 3.628447 -4.958452
v -3.008616 3.626268 -4.960510
v -3.009081 3.626644 -4.959285
v -3.009981 3.627408 -4.958563
v -3.768488 3.527793 -5.033324
v -3.767046 3.526461 -5.029206
v -3.768938 3.528151 -5.031911
v -3.768824 3.528025 -5.030631
v -3.768160 3.527431 -5.029681
v -3.417807 3.223588 -4.976626
v -3.420309 3.225674 -4.973027
v -3.417757 3.223513 -4.975085
v -3.418219 3.223884 -4.973861
v -3.419111 3.224643 -4.973139
v -2.587717 3.958354 -4.941437
v -2.590284 3.960498 -4.937843
v -2.587675 3.958284 -4.939895
v -2.588144 3.958668 -4.938671
v -2.589064 3.959445 -4.937950
v -2.937552 4.261742 -4.994106
v -2.939043 4.263118 -4.998257
v -2.938684 4.262732 -4.994587
v -2.939367 4.263341 -4.995545
v -2.939493 4.263478 -4.996834
v -2.009481 4.285107 -4.916080
v -2.013224 4.286720 -4.912458
v -2.009527 4.284998 -4.914536
v -2.010256 4.285264 -4.913305
v -2.011553 4.285870 -4.912576
v -2.488779 4.536118 -4.966800
v -2.491369 4.536923 -4.970946
v -2.490335 4.536893 -4.967271
v -2.491377 4.537318 -4.968224
v -2.491739 4.537330 -4.969515
v -0.867952 4.791116 -4.891844
v -0.883139 4.785970 -4.888221
v -0.867540 4.789471 -4.891833
v -0.871386 4.790473 -4.890426
v -0.875475 4.789270 -4.889241
v -0.869066 4.790297 -4.890487
v -0.871782 4.789348 -4.889296
v -0.870142 4.789231 -4.889627
v -0.879461 4.785979 -4.888382
v -0.875208 4.786651 -4.889125
v -0.879602 4.787688 -4.888466
v -0.875273 4.787871 -4.888748
v -0.871668 4.788239 -4.889248
v -0.866404 4.790155 -4.892011
v -0.871019 4.787875 -4.890336
v -0.868891 4.789081 -4.890446
v -0.867704 4.789985 -4.890515
v -1.998350 4.778283 -4.936773
v -1.999876 4.775575 -4.933360
v -1.999041 4.778549 -4.935385
v -1.999571 4.778128 -4.934250
v -1.999865 4.777083 -4.933539
v -4.442369 2.576146 -5.037674
v -4.441557 2.573718 -5.033530
v -4.442865 2.576422 -5.036252
v -4.442888 2.576057 -5.034968
v -4.442427 2.575107 -5.034011
v -4.146982 2.135235 -4.973317
v -4.145063 2.131975 -4.976899
v -4.146009 2.133755 -4.973420
v -4.145304 2.132614 -4.974138
v -4.144968 2.131988 -4.975360
v -4.728876 2.006824 -5.024380
v -4.731287 2.005876 -5.028483
v -4.730364 2.006927 -5.024839
v -4.731344 2.006782 -5.025779
v -4.731668 2.006413 -5.027058
v -4.704340 0.869185 -4.948234
v -4.702524 0.868730 -4.948001
v -4.699694 0.882945 -4.944677
v -4.703821 0.867293 -4.948350
v -4.703806 0.872330 -4.946855
v -4.703535 0.870077 -4.946828
v -4.703157 0.868748 -4.946784
v -4.702494 0.870984 -4.945915
v -4.701101 0.871825 -4.946532
v -4.700064 0.875610 -4.945387
v -4.702269 0.869836 -4.946676
v -4.701544 0.872355 -4.945513
v -4.701292 0.879776 -4.944929
v -4.702738 0.876048 -4.945696
v -4.699568 0.879516 -4.944733
v -4.701315 0.875716 -4.945099
v -4.702677 0.872544 -4.945644
v -4.076685 3.029509 -5.139663
v -4.081785 3.033851 -5.136605
v -4.078077 3.030710 -5.139593
v -4.079535 3.031957 -5.138987
v -4.080835 3.033061 -5.137938
v -3.310576 3.890402 -5.115769
v -3.305456 3.886042 -5.118829
v -3.309626 3.889608 -5.117103
v -3.308321 3.888501 -5.118153
v -3.306856 3.887249 -5.118759
v -3.800230 2.789608 -5.090869
v -3.804300 2.793222 -5.095533
v -3.800779 2.790115 -5.092489
v -3.801744 2.790982 -5.093945
v -3.802980 2.792072 -5.095013
v -3.033117 3.649795 -5.074705
v -3.029036 3.646171 -5.070038
v -3.031794 3.648641 -5.074187
v -3.030554 3.647548 -5.073117
v -3.029585 3.646679 -5.071660
v -3.714129 3.482879 -5.133330
v -3.719225 3.487218 -5.130274
v -3.715517 3.484078 -5.133260
v -3.716974 3.485325 -5.132653
v -3.718275 3.486426 -5.131605
v -3.442244 3.247024 -5.089278
v -3.438181 3.243416 -5.084617
v -3.440928 3.245876 -5.088761
v -3.439692 3.244788 -5.087692
v -3.438726 3.243923 -5.086239
v -2.612219 3.981846 -5.054095
v -2.608088 3.978179 -5.049415
v -2.610876 3.980677 -5.053571
v -2.609621 3.979568 -5.052500
v -2.608641 3.978692 -5.051039
v -2.889799 4.222560 -5.095161
v -2.884634 4.218160 -5.098230
v -2.888845 4.221763 -5.096501
v -2.887526 4.220645 -5.097554
v -2.886049 4.219381 -5.098162
v -2.035452 4.307919 -5.028702
v -2.029848 4.304932 -5.024053
v -2.033548 4.307010 -5.028191
v -2.031817 4.306124 -5.027128
v -2.030516 4.305394 -5.025676
v -2.442152 4.496388 -5.067798
v -2.435587 4.492688 -5.070935
v -2.441088 4.495641 -5.069152
v -2.439463 4.494674 -5.070223
v -2.437532 4.493637 -5.070849
v -0.888327 4.810706 -4.999955
v -0.887907 4.809296 -4.999803
v -0.908510 4.805802 -5.004470
v -0.892836 4.810367 -5.001626
v -0.890436 4.810336 -5.001565
v -0.888994 4.810134 -5.001502
v -0.892153 4.809522 -5.002381
v -0.892599 4.808017 -5.001483
v -0.898161 4.806901 -5.002960
v -0.886774 4.809965 -5.000007
v -0.890318 4.809237 -5.001497
v -0.894079 4.808596 -5.002737
v -0.903761 4.807711 -5.004069
v -0.898256 4.809315 -5.003071
v -0.903749 4.806125 -5.004009
v -0.898542 4.808125 -5.003456
v -0.894125 4.809617 -5.002785
v -1.947012 4.732014 -5.037624
v -1.949171 4.737780 -5.033550
v -1.947268 4.733749 -5.037190
v -1.947767 4.735453 -5.036263
v -1.948435 4.736871 -5.034985
v -4.388800 2.529857 -5.137653
v -4.393114 2.535580 -5.134598
v -4.389891 2.531586 -5.137586
v -4.391092 2.533280 -5.136983
v -4.392229 2.534683 -5.135934
v -4.165434 2.151800 -5.084882
v -4.168764 2.156882 -5.089575
v -4.165926 2.152419 -5.086508
v -4.166731 2.153603 -5.087970
v -4.167727 2.155172 -5.089047
v -4.682055 1.965328 -5.125364
v -4.676001 1.963225 -5.128507
v -4.681032 1.964704 -5.126712
v -4.679522 1.964084 -5.127783
v -4.677755 1.963566 -5.128412
v -4.724405 0.888985 -5.056152
v -4.720205 0.907512 -5.061001
v -4.722895 0.888556 -5.055980
v -4.724222 0.893141 -5.057955
v -4.723360 0.898121 -5.059509
v -4.724390 0.887657 -5.056277
v -4.724112 0.890830 -5.057830
v -4.723520 0.894225 -5.059115
v -4.723356 0.892365 -5.058647
v -4.720366 0.903059 -5.060408
v -4.720934 0.897897 -5.059246
v -4.721949 0.903166 -5.060579
v -4.722181 0.898287 -5.059826
v -4.722494 0.894128 -5.059005
v -4.721819 0.892803 -5.057691
v -4.722986 0.890666 -5.057707
v -4.723856 0.889438 -5.057720
v -3.756704 5.080592 -3.384717
v -3.758368 5.084470 -3.386462
v -3.757734 5.080903 -3.385837
v -3.758413 5.081752 -3.386561
v -3.758635 5.083003 -3.386781
v -3.024237 5.081649 -3.445233
v -3.022352 5.085582 -3.443108
v -3.023188 5.081929 -3.444084
v -3.022463 5.082776 -3.443277
v -3.022169 5.084058 -3.442934
v -3.336733 5.087603 -3.786429
v -3.338385 5.091482 -3.788166
v -3.337759 5.087915 -3.787546
v -3.338434 5.088763 -3.788268
v -3.338652 5.090015 -3.788486
v -3.444231 5.074637 -3.043542
v -3.442347 5.078570 -3.041414
v -3.443182 5.074918 -3.042392
v -3.442457 5.075766 -3.041584
v -3.442163 5.077048 -3.041240
v -3.799852 5.067168 -2.615633
v -3.797945 5.071106 -2.613480
v -3.798796 5.067450 -2.614473
v -3.798063 5.068299 -2.613657
v -3.797766 5.069583 -2.613308
v -4.112684 5.073130 -2.957196
v -4.114370 5.077020 -2.958968
v -4.113726 5.073443 -2.958328
v -4.114412 5.074292 -2.959062
v -4.114637 5.075547 -2.959287
v -4.399889 5.065454 -2.517473
v -4.401537 5.069364 -2.519397
v -4.400919 5.065770 -2.518665
v -4.401594 5.066624 -2.519449
v -4.401812 5.067885 -2.519706
v -4.093187 5.059266 -2.163157
v -4.091311 5.063207 -2.160851
v -4.092142 5.059548 -2.161937
v -4.091417 5.060397 -2.161071
v -4.091127 5.061683 -2.160689
v -4.738825 5.044268 -1.308039
v -4.742758 5.048243 -1.298793
v -4.740370 5.044523 -1.304570
v -4.741663 5.045368 -1.301593
v -4.742498 5.046674 -1.299565
v -4.640841 5.057018 -2.034172
v -4.641092 5.061007 -2.039090
v -4.641336 5.057355 -2.036512
v -4.641562 5.058232 -2.038268
v -4.641474 5.059516 -2.039173
v -4.480322 5.045396 -1.372725
v -4.479841 5.049289 -1.367431
v -4.479811 5.045659 -1.370362
v -4.479540 5.046489 -1.368526
v -4.479551 5.047765 -1.367497
v -2.543776 5.087835 -3.799691
v -2.541739 5.091771 -3.797639
v -2.542669 5.088117 -3.798570
v -2.541895 5.088965 -3.797786
v -2.541567 5.090248 -3.797460
v -2.873636 5.093676 -4.134286
v -2.875429 5.097562 -4.135937
v -2.874720 5.093988 -4.135371
v -2.875441 5.094838 -4.136066
v -2.875689 5.096093 -4.136265
v -1.496828 5.101703 -4.594209
v -1.487879 5.105924 -4.598232
v -1.493444 5.102047 -4.595816
v -1.490557 5.102971 -4.597145
v -1.488600 5.104332 -4.597994
v -1.605368 5.096255 -4.282020
v -1.599909 5.100222 -4.281657
v -1.602949 5.096547 -4.281545
v -1.601065 5.097405 -4.281309
v -1.599997 5.098697 -4.281348
v -2.342634 5.099133 -4.446976
v -2.347506 5.103007 -4.446873
v -2.344896 5.099437 -4.447392
v -2.346617 5.100278 -4.447518
v -2.347532 5.101533 -4.447336
v -3.723547 5.187791 -3.346630
v -3.719309 5.191555 -3.341934
v -3.722830 5.189248 -3.345821
v -3.721773 5.190474 -3.344645
v -3.720537 5.191285 -3.343279
v -3.050238 5.189851 -3.471743
v -3.054258 5.193896 -3.476063
v -3.050871 5.191380 -3.472408
v -3.051859 5.192687 -3.473462
v -3.053049 5.193572 -3.474746
v -3.303564 5.194802 -3.748334
v -3.299334 5.198567 -3.743647
v -3.302847 5.196261 -3.747526
v -3.301790 5.197486 -3.746351
v -3.300558 5.198296 -3.744989
v -3.470232 5.182837 -3.070049
v -3.474253 5.186885 -3.074372
v -3.470865 5.184369 -3.070714
v -3.471849 5.185675 -3.071769
v -3.473040 5.186559 -3.073054
v -3.825830 5.175364 -2.642113
v -3.829874 5.179416 -2.646462
v -3.826464 5.176898 -2.642780
v -3.827456 5.178206 -2.643841
v -3.828653 5.179089 -2.645134
v -4.079557 5.180320 -2.919144
v -4.075289 5.184092 -2.914414
v -4.078836 5.181780 -2.918331
v -4.077772 5.183011 -2.917147
v -4.076525 5.183822 -2.915772
v -4.366739 5.172630 -2.479587
v -4.362505 5.176417 -2.474659
v -4.366022 5.174098 -2.478757
v -4.364962 5.175332 -2.477529
v -4.363730 5.176146 -2.476090
v -4.119192 5.167456 -2.189480
v -4.123194 5.171514 -2.194018
v -4.119825 5.168990 -2.190162
v -4.120806 5.170300 -2.191264
v -4.121988 5.171188 -2.192618
v -4.739344 5.151566 -1.293260
v -4.734388 5.155904 -1.303728
v -4.738924 5.153168 -1.293988
v -4.737833 5.154555 -1.296234
v -4.736242 5.155516 -1.299652
v -4.606310 5.164224 -1.999298
v -4.603846 5.167965 -1.990561
v -4.605722 5.165694 -1.998176
v -4.605047 5.166922 -1.996122
v -4.604387 5.167720 -1.993448
v -4.507719 5.153526 -1.396058
v -4.509947 5.157657 -1.404379
v -4.508219 5.155066 -1.397029
v -4.508814 5.156394 -1.398951
v -4.509424 5.157304 -1.401532
v -2.569624 5.196037 -3.826274
v -2.573835 5.200082 -3.830500
v -2.570272 5.197567 -3.826932
v -2.571299 5.198874 -3.827966
v -2.572554 5.199757 -3.829219
v -2.840616 5.200866 -4.096112
v -2.836203 5.204639 -4.091527
v -2.839884 5.202327 -4.095310
v -2.838789 5.203555 -4.094157
v -2.837496 5.204367 -4.092829
v -1.484465 5.209219 -4.592701
v -1.494608 5.213297 -4.587526
v -1.485193 5.210805 -4.592239
v -1.487375 5.212138 -4.591093
v -1.490683 5.213014 -4.589438
v -1.627790 5.204482 -4.310290
v -1.636267 5.208493 -4.312409
v -1.628763 5.206011 -4.310787
v -1.630716 5.207311 -4.311365
v -1.633348 5.208183 -4.311934
v -2.312704 5.206279 -4.407059
v -2.304487 5.210105 -4.404622
v -2.311682 5.207747 -4.406420
v -2.309763 5.208991 -4.405732
v -2.307234 5.209819 -4.405101
v -0.933607 5.157853 -4.611109
v -0.934103 5.157882 -4.612773
v -0.932722 5.157880 -4.612688
v -4.745680 5.091727 -0.831176
v -4.747408 5.091736 -0.831685
v -4.747297 5.091712 -0.830290
v -5.177641 5.213607 -2.501379
v -5.182138 5.208964 -2.501347
v -5.179361 5.213235 -2.500621
v -5.180822 5.212221 -2.500350
v -5.181795 5.210723 -2.500605
v -5.174570 2.693200 -5.112543
v -5.179148 2.693128 -5.107991
v -5.176317 2.692479 -5.112211
v -5.177805 2.692212 -5.111231
v -5.178797 2.692440 -5.109749
v -5.179037 2.653695 -2.545334
v -5.182520 2.654294 -2.545975
v -5.180368 2.653198 -2.544861
v -5.181498 2.653138 -2.544816
v -2.609110 5.252198 -5.065778
v -2.609156 5.256699 -5.061124
v -2.608377 5.253945 -5.065407
v -2.608130 5.255416 -5.064392
v -2.608400 5.256384 -5.062888
v -2.611830 5.214401 -2.498561
v -2.612520 5.217898 -2.499248
v -2.611345 5.215724 -2.498062
v -2.611311 5.216854 -2.498017
v -2.608835 2.696849 -5.106930
v -2.609510 2.697527 -5.110369
v -2.608355 2.696386 -5.108267
v -2.608309 2.696352 -5.109390
v -4.700922 5.216073 -2.761761
v -4.705412 5.220277 -2.759796
v -4.701269 5.217702 -2.761761
v -4.702242 5.219073 -2.761387
v -4.703699 5.219975 -2.760698
v -2.863062 5.247795 -4.583499
v -2.865503 5.243448 -4.578969
v -2.863997 5.247437 -4.581743
v -2.864790 5.246486 -4.580265
v -2.865320 5.245085 -4.579291
v -2.863482 5.223170 -2.755911
v -2.865900 5.218972 -2.757906
v -2.864409 5.222865 -2.756824
v -2.865194 5.221962 -2.757523
v -2.865717 5.220593 -2.757903
v -4.700132 2.935256 -5.103058
v -4.704695 2.932996 -5.107370
v -4.700476 2.935106 -5.104693
v -4.701464 2.934625 -5.106085
v -4.702948 2.933884 -5.107024
v -2.858328 4.775397 -5.067118
v -2.855921 4.780059 -5.071326
v -2.858141 4.775775 -5.068745
v -2.857618 4.776792 -5.070116
v -2.856840 4.778298 -5.071021
v -2.854013 2.935862 -5.103514
v -2.856436 2.938143 -5.099186
v -2.854937 2.936759 -5.103163
v -2.855722 2.937507 -5.102217
v -2.856249 2.937992 -5.100821
v -5.182325 4.737746 -2.751430
v -5.178068 4.733170 -2.753851
v -5.182001 4.735996 -2.752359
v -5.181078 4.734510 -2.753145
v -5.179697 4.733518 -2.753670
v -5.179804 2.926139 -4.634127
v -5.175550 2.928399 -4.629524
v -5.179483 2.927003 -4.632368
v -5.178560 2.927736 -4.630875
v -5.177179 2.928226 -4.629876
v -5.182585 2.893863 -2.783583
v -5.178328 2.896219 -2.785917
v -5.182261 2.894765 -2.784479
v -5.181337 2.895530 -2.785236
v -5.179956 2.896041 -2.785740
v -4.696516 5.117362 -2.752612
v -4.700785 5.121589 -2.750979
v -4.698145 5.117671 -2.751837
v -4.699530 5.118583 -2.751255
v -4.700457 5.119958 -2.750954
v -2.865366 5.156471 -4.580487
v -2.867487 5.152135 -4.576307
v -2.865522 5.154835 -4.580192
v -2.865984 5.153437 -4.579294
v -2.866674 5.152488 -4.577930
v -2.865759 5.124451 -2.747119
v -2.868761 5.120246 -2.749650
v -2.865984 5.122828 -2.747164
v -2.866636 5.121459 -2.747660
v -2.867613 5.120553 -2.748533
v -4.696062 2.935793 -5.011773
v -4.700312 2.933738 -5.016079
v -4.697691 2.934982 -5.012116
v -4.699072 2.934308 -5.013054
v -4.699991 2.933871 -5.014446
v -2.860651 4.769540 -4.975960
v -2.858507 4.773879 -4.980141
v -2.859835 4.771178 -4.976254
v -2.859140 4.772577 -4.977153
v -2.858675 4.773526 -4.978516
v -2.856615 2.936624 -5.012207
v -2.859648 2.939554 -5.007900
v -2.856852 2.936825 -5.010574
v -2.857508 2.937453 -5.009181
v -2.858492 2.938412 -5.008242
v -5.091074 4.733157 -2.753721
v -5.086813 4.728933 -2.755926
v -5.089445 4.732835 -2.753887
v -5.088060 4.731920 -2.754364
v -5.087137 4.730550 -2.755080
v -5.088560 2.928384 -4.629393
v -5.084307 2.930432 -4.625090
v -5.086927 2.928540 -4.629064
v -5.085547 2.928984 -4.628130
v -5.084627 2.929648 -4.626734
v -5.091333 2.896206 -2.785784
v -5.087069 2.899263 -2.788743
v -5.089705 2.896438 -2.786009
v -5.088320 2.897099 -2.786648
v -5.087397 2.898093 -2.787610
v -4.700460 5.197013 -4.579325
v -4.696196 5.197085 -4.583576
v -4.700132 5.197039 -4.580955
v -4.699213 5.197061 -4.582335
v -4.697828 5.197078 -4.583256
v -1.033430 5.202789 -4.572869
v -1.034670 5.202834 -4.575880
v -1.032599 5.202807 -4.574018
v -1.033270 5.202832 -4.575648
v -4.698336 1.101503 -5.091562
v -4.695314 1.100252 -5.091578
v -4.697447 1.099373 -5.091597
v -1.018984 4.777518 -5.019767
v -1.017736 4.774514 -5.019816
v -1.017580 4.777290 -5.019767
v -1.016905 4.775666 -5.019793
v -5.131796 4.761083 -4.597469
v -5.131800 4.765269 -4.593134
v -5.131796 4.762708 -4.597115
v -5.131796 4.764073 -4.596168
v -5.131800 4.764973 -4.594770
v -5.137342 4.698030 -0.913248
v -5.137339 4.701057 -0.914438
v -5.137342 4.700141 -0.912324
v -4.701250 5.140647 -0.933540
v -4.698183 5.140632 -0.932200
v -4.701017 5.140626 -0.932094
v -4.700354 5.140614 -0.931332
v -4.697855 4.771756 -5.027494
v -4.702108 4.767489 -5.027577
v -4.699484 4.771430 -5.027503
v -4.700865 4.770503 -5.027522
v -4.701788 4.769120 -5.027549
v -5.132319 1.094395 -4.658452
v -5.132315 1.095701 -4.661449
v -5.132319 1.093589 -4.659622
v -5.132315 1.094294 -4.661244
v -5.047770 3.595198 -3.601560
v -5.051630 3.597072 -3.603115
v -5.048071 3.596361 -3.602545
v -5.048914 3.597126 -3.603186
v -5.050161 3.597375 -3.603386
v -5.040918 3.628322 -2.867372
v -5.044870 3.626198 -2.865531
v -5.041212 3.627139 -2.866365
v -5.042067 3.626321 -2.865662
v -5.043352 3.625989 -2.865369
v -5.043688 3.981006 -3.166890
v -5.047548 3.982872 -3.168438
v -5.043989 3.982166 -3.167872
v -5.044828 3.982926 -3.168511
v -5.046080 3.983174 -3.168710
v -5.045000 3.242539 -3.302062
v -5.048956 3.240411 -3.300217
v -5.045294 3.241356 -3.301054
v -5.046148 3.240535 -3.300349
v -5.047434 3.240204 -3.300056
v -5.048494 2.828146 -3.673406
v -5.052454 2.825992 -3.671540
v -5.048788 2.826953 -3.672389
v -5.049643 2.826125 -3.671678
v -5.050932 2.825787 -3.671379
v -5.051268 3.181208 -3.973245
v -5.055140 3.183110 -3.974824
v -5.051569 3.182382 -3.974240
v -5.052412 3.183157 -3.974890
v -5.053667 3.183410 -3.975094
v -5.054125 2.752453 -4.276660
v -5.058016 2.754506 -4.278201
v -5.054430 2.753687 -4.277643
v -5.055277 2.754511 -4.278280
v -5.056536 2.754798 -4.278476
v -5.051416 2.386873 -3.983424
v -5.055380 2.384569 -3.981595
v -5.051710 2.385620 -3.982423
v -5.052565 2.384743 -3.981723
v -5.053854 2.384373 -3.981431
v -5.057718 1.556337 -4.660527
v -5.061892 1.547314 -4.664760
v -5.058046 1.552933 -4.662198
v -5.058958 1.550022 -4.663590
v -5.060308 1.548051 -4.664489
v -5.056574 2.278415 -4.535490
v -5.060476 2.283407 -4.535517
v -5.056875 2.280777 -4.535897
v -5.057722 2.282555 -4.536043
v -5.058985 2.283479 -4.535911
v -5.055281 1.611333 -4.399800
v -5.059263 1.606092 -4.399477
v -5.055582 1.608958 -4.399373
v -5.056440 1.607127 -4.399162
v -5.057734 1.606120 -4.399199
v -5.036295 3.964642 -2.374026
v -5.040247 3.962583 -2.372028
v -5.036585 3.963486 -2.372960
v -5.037439 3.962687 -2.372206
v -5.038725 3.962371 -2.371879
v -5.039228 4.311375 -2.691144
v -5.043100 4.313161 -2.692835
v -5.039530 4.312505 -2.692181
v -5.040373 4.313241 -2.692867
v -5.041628 4.313470 -2.693097
v -5.026209 4.719619 -1.298175
v -5.030272 4.723380 -1.289039
v -5.026491 4.721106 -1.294731
v -5.027361 4.722342 -1.291786
v -5.028688 4.723140 -1.289787
v -5.027349 4.411656 -1.418296
v -5.031271 4.411157 -1.412816
v -5.027628 4.411095 -1.415897
v -5.028475 4.410805 -1.414013
v -5.029753 4.410826 -1.412931
v -5.034151 4.604062 -2.148853
v -5.038069 4.604207 -2.153688
v -5.034464 4.604565 -2.151096
v -5.035322 4.604771 -2.152802
v -5.036585 4.604644 -2.153713
v -5.155317 3.557783 -3.568773
v -5.159124 3.552997 -3.564674
v -5.156782 3.556973 -3.568071
v -5.158022 3.555780 -3.567046
v -5.158846 3.554384 -3.565853
v -5.148870 3.657677 -2.891290
v -5.152872 3.662213 -2.895107
v -5.150393 3.658391 -2.891883
v -5.151690 3.659505 -2.892816
v -5.152559 3.660846 -2.893948
v -5.151236 3.943580 -3.134095
v -5.155043 3.938804 -3.130004
v -5.152700 3.942772 -3.133394
v -5.153940 3.941579 -3.132371
v -5.154760 3.940186 -3.131180
v -5.152948 3.271890 -3.325977
v -5.156954 3.276430 -3.329795
v -5.154474 3.272604 -3.326570
v -5.155771 3.273717 -3.327503
v -5.156641 3.275061 -3.328636
v -5.156439 2.857469 -3.697297
v -5.160448 2.862037 -3.701139
v -5.157965 2.858186 -3.697892
v -5.159262 2.859307 -3.698831
v -5.160135 2.860659 -3.699972
v -5.158804 3.143830 -3.940488
v -5.162622 3.139009 -3.936359
v -5.160273 3.143016 -3.939784
v -5.161512 3.141814 -3.938752
v -5.162340 3.140407 -3.937549
v -5.161650 2.715237 -4.243876
v -5.165484 2.710223 -4.239792
v -5.163122 2.714408 -4.243174
v -5.164370 2.713163 -4.242151
v -5.165197 2.711693 -4.240963
v -5.159353 2.416039 -4.007349
v -5.163366 2.420792 -4.011139
v -5.160883 2.416772 -4.007941
v -5.162180 2.417931 -4.008868
v -5.163054 2.419345 -4.009993
v -5.165258 1.543468 -4.660524
v -5.169367 1.553819 -4.655140
v -5.166845 1.544209 -4.660062
v -5.168180 1.546436 -4.658876
v -5.169066 1.549811 -4.657148
v -5.164061 2.244158 -4.501209
v -5.167933 2.235401 -4.499034
v -5.165545 2.243040 -4.500649
v -5.166803 2.240983 -4.500038
v -5.167643 2.238301 -4.499471
v -5.163225 1.637562 -4.425229
v -5.167231 1.646031 -4.427104
v -5.164755 1.638577 -4.425674
v -5.166052 1.640543 -4.426188
v -5.166922 1.643161 -4.426689
v -5.144239 3.994061 -2.397788
v -5.148249 3.998513 -2.401800
v -5.145765 3.994770 -2.398395
v -5.147062 3.995865 -2.399371
v -5.147936 3.997180 -2.400567
v -5.146769 4.273879 -2.658498
v -5.150583 4.269198 -2.654219
v -5.148237 4.273076 -2.657782
v -5.149477 4.271903 -2.656718
v -5.150301 4.270543 -2.655467
v -5.133612 4.719537 -1.284804
v -5.137877 4.714815 -1.295092
v -5.135214 4.719129 -1.285534
v -5.136587 4.718088 -1.287746
v -5.137522 4.716575 -1.291102
v -5.135260 4.442633 -1.438574
v -5.139311 4.445136 -1.446923
v -5.136789 4.443194 -1.439512
v -5.138094 4.443868 -1.441428
v -5.138979 4.444548 -1.444030
v -5.141706 4.564936 -2.119363
v -5.145498 4.562262 -2.111204
v -5.143175 4.564285 -2.118351
v -5.144411 4.563548 -2.116444
v -5.145227 4.562838 -2.113935
v -5.076796 4.716451 -0.734184
v -5.076799 4.718134 -0.734619
v -5.076780 4.717628 -0.732673
v -5.113752 1.080968 -4.684632
v -5.113768 1.081539 -4.686342
v -5.113760 1.079831 -4.685354
v -3.566031 3.736018 -5.022840
v -3.567484 3.737356 -5.026963
v -3.567144 3.736991 -5.023318
v -3.567812 3.737586 -5.024267
v -3.567930 3.737716 -5.025547
v -3.608480 3.003705 -4.977225
v -3.605982 3.001615 -4.980823
v -3.607286 3.002672 -4.977337
v -3.606390 3.001914 -4.978059
v -3.605932 3.001543 -4.979284
v -3.955416 3.304660 -5.033435
v -3.956854 3.305991 -5.037553
v -3.956526 3.305630 -5.033910
v -3.957190 3.306222 -5.034859
v -3.957304 3.306350 -5.036138
v -3.219126 3.435087 -4.966635
v -3.216620 3.432994 -4.970235
v -3.217928 3.434052 -4.966748
v -3.217032 3.433293 -4.967468
v -3.216570 3.432919 -4.968693
v -2.802137 3.803099 -4.948880
v -2.799593 3.800975 -4.952476
v -2.800924 3.802053 -4.948990
v -2.800016 3.801284 -4.949711
v -2.799551 3.800904 -4.950936
v -3.149431 4.104367 -5.005149
v -3.150908 4.105727 -5.009287
v -3.150557 4.105349 -5.005628
v -3.151232 4.105953 -5.006583
v -3.151354 4.106086 -5.007868
v -2.719004 4.404521 -4.981395
v -2.720648 4.405831 -4.985556
v -2.720198 4.405486 -4.981876
v -2.720930 4.406075 -4.982836
v -2.721087 4.406195 -4.984128
v -2.355734 4.109776 -4.925377
v -2.353006 4.107689 -4.928973
v -2.354448 4.108744 -4.925484
v -2.353479 4.107985 -4.926206
v -2.352976 4.107616 -4.927431
v -1.441313 4.780766 -4.910687
v -1.430952 4.784711 -4.914396
v -1.437521 4.782401 -4.910868
v -1.434221 4.783725 -4.911637
v -1.431917 4.784535 -4.912875
v -2.243898 4.660011 -4.950294
v -2.248716 4.659722 -4.954399
v -2.246309 4.660371 -4.950744
v -2.248076 4.660439 -4.951682
v -2.248919 4.660212 -4.952966
v -1.495569 4.520947 -4.900048
v -1.489363 4.520408 -4.903718
v -1.492956 4.520507 -4.900183
v -1.490858 4.520251 -4.900928
v -1.489595 4.520215 -4.902169
v -3.949396 2.513502 -4.978820
v -3.946962 2.511261 -4.982416
v -3.948225 2.512411 -4.978929
v -3.947355 2.511604 -4.979652
v -3.946909 2.511198 -4.980877
v -4.290186 2.831982 -5.035592
v -4.291544 2.833457 -5.039719
v -4.291266 2.833008 -5.036070
v -4.291903 2.833649 -5.037021
v -4.292002 2.833806 -5.038304
v -4.714277 1.444636 -4.984511
v -4.717711 1.435302 -4.988407
v -4.715769 1.441192 -4.984745
v -4.716944 1.438207 -4.985570
v -4.717627 1.436138 -4.986854
v -4.406397 1.562636 -4.960909
v -4.405561 1.556928 -4.964436
v -4.405836 1.560219 -4.960992
v -4.405481 1.558285 -4.961691
v -4.405386 1.557130 -4.962899
v -4.588331 2.292686 -5.029440
v -4.588018 2.297284 -5.033626
v -4.588774 2.294909 -5.029935
v -4.588869 2.296563 -5.030904
v -4.588602 2.297398 -5.032201
v -3.518217 3.696783 -5.123907
v -3.513117 3.692437 -5.126965
v -3.517271 3.695991 -5.125242
v -3.515966 3.694888 -5.126291
v -3.514509 3.693640 -5.126896
v -3.626352 3.021445 -5.088814
v -3.630415 3.025052 -5.093477
v -3.626902 3.021952 -5.090435
v -3.627867 3.022816 -5.091891
v -3.629099 3.023905 -5.092960
v -3.907587 3.265414 -5.134502
v -3.902498 3.261076 -5.137559
v -3.906641 3.264623 -5.135833
v -3.905340 3.263521 -5.136882
v -3.903887 3.262277 -5.137488
v -3.236990 3.452823 -5.078223
v -3.241060 3.456435 -5.082887
v -3.237539 3.453330 -5.079846
v -3.238504 3.454194 -5.081300
v -3.239740 3.455285 -5.082370
v -2.819967 3.820803 -5.060460
v -2.824072 3.824447 -5.065132
v -2.820517 3.821313 -5.062083
v -2.821489 3.822184 -5.063542
v -2.822741 3.823285 -5.064613
v -3.101652 4.065162 -5.106209
v -3.096514 4.060783 -5.109274
v -3.100698 4.064366 -5.107546
v -3.099390 4.063256 -5.108598
v -3.097918 4.061997 -5.109205
v -2.671415 4.365285 -5.082436
v -2.666052 4.360959 -5.085521
v -2.670443 4.364489 -5.083781
v -2.669081 4.363391 -5.084839
v -2.667540 4.362150 -5.085450
v -2.373377 4.127515 -5.036949
v -2.377707 4.131104 -5.041627
v -2.373945 4.128022 -5.038573
v -2.374968 4.128880 -5.040033
v -2.376287 4.129964 -5.041105
v -1.416601 4.774412 -5.016487
v -1.427469 4.768918 -5.020931
v -1.417254 4.773867 -5.018070
v -1.419546 4.772633 -5.019470
v -1.423136 4.770895 -5.020474
v -2.199514 4.619201 -5.051216
v -2.190191 4.616839 -5.054442
v -2.198236 4.618552 -5.052580
v -2.196016 4.617877 -5.053673
v -2.193190 4.617274 -5.054326
v -1.509729 4.540233 -5.011689
v -1.518412 4.541875 -5.016278
v -1.510630 4.540591 -5.013307
v -1.512598 4.541028 -5.014748
v -1.515329 4.541479 -5.015791
v -3.967337 2.531090 -5.090403
v -3.971308 2.534891 -5.095072
v -3.967878 2.531609 -5.092026
v -3.968821 2.532516 -5.093481
v -3.970026 2.533668 -5.094552
v -4.242281 2.792886 -5.136657
v -4.237288 2.788362 -5.139717
v -4.241343 2.792081 -5.137992
v -4.240065 2.790937 -5.139042
v -4.238642 2.789632 -5.139648
v -4.703371 1.425011 -5.090389
v -4.698118 1.435006 -5.094731
v -4.702799 1.425645 -5.091981
v -4.701597 1.427766 -5.093364
v -4.699953 1.431053 -5.094331
v -4.425932 1.576753 -5.072417
v -4.427912 1.584874 -5.077179
v -4.426325 1.577605 -5.074048
v -4.426836 1.579447 -5.075525
v -4.427393 1.582000 -5.076625
v -4.538775 2.256728 -5.130532
v -4.535822 2.248345 -5.133555
v -4.537985 2.255627 -5.131868
v -4.537149 2.253647 -5.132910
v -4.536390 2.251088 -5.133504
v -4.712709 0.878643 -5.001991
v -4.714376 0.879089 -5.002192
v -4.713900 0.877145 -5.002011
v -0.877726 4.799384 -4.945819
v -0.878141 4.800915 -4.945900
v -0.876551 4.800023 -4.945802
v -5.178862 1.089159 -4.662937
v -4.702295 5.194427 -0.939646
v -1.028727 5.249238 -4.576101
v -5.183809 4.702292 -0.907955
v -1.012899 4.779338 -5.066107
vt 0.119812 0.758602
vt 0.123736 0.748633
vt 0.125584 0.754213
vt 0.015201 0.874516
vt 0.015538 0.855390
vt 0.018779 0.873841
vt 0.129410 0.743816
vt 0.133137 0.732975
vt 0.134982 0.738547
vt 0.050927 0.810761
vt 0.047341 0.790575
vt 0.051567 0.790475
vt 0.145532 0.726943
vt 0.152158 0.726530
vt 0.147380 0.732522
vt 0.019321 0.891736
vt 0.022673 0.891027
vt 0.054801 0.887620
vt 0.054377 0.905205
vt 0.051523 0.887929
vt 0.051650 0.851083
vt 0.047037 0.831355
vt 0.050957 0.831149
vt 0.142240 0.738438
vt 0.136828 0.744119
vt 0.138546 0.727288
vt 0.140393 0.732863
vt 0.048614 0.770269
vt 0.052963 0.770248
vt 0.007874 0.756116
vt 0.011135 0.776076
vt 0.006703 0.776409
vt 0.006567 0.796427
vt 0.011544 0.815927
vt 0.007397 0.816427
vt 0.050940 0.748616
vt 0.055395 0.748676
vt 0.055313 0.719430
vt 0.059853 0.719527
vt 0.013525 0.713282
vt 0.014792 0.735061
vt 0.010138 0.735184
vt 0.150309 0.720948
vt 0.156613 0.720413
vt 0.062095 0.677491
vt 0.066709 0.677557
vt 0.069795 0.627631
vt 0.074447 0.627674
vt 0.018348 0.690766
vt 0.018264 0.713324
vt 0.159079 0.708299
vt 0.164887 0.707340
vt 0.160823 0.714064
vt 0.023929 0.907667
vt 0.027054 0.906947
vt 0.028980 0.922791
vt 0.031892 0.922078
vt 0.062263 0.926354
vt 0.067560 0.954828
vt 0.059559 0.926773
vt 0.127563 0.738241
vt 0.034451 0.937563
vt 0.037174 0.936828
vt 0.040451 0.951793
vt 0.042911 0.950873
vt 0.069889 0.954541
vt 0.073697 0.982095
vt 0.110392 0.757756
vt 0.115734 0.747603
vt 0.117773 0.753102
vt 0.019314 0.854806
vt 0.022347 0.873209
vt 0.029108 0.813140
vt 0.015713 0.795521
vt 0.029008 0.793035
vt 0.046844 0.810920
vt 0.043102 0.790703
vt 0.043650 0.770384
vt 0.031589 0.752067
vt 0.045845 0.748664
vt 0.026020 0.890364
vt 0.030176 0.906271
vt 0.047918 0.851327
vt 0.045933 0.870588
vt 0.044179 0.851610
vt 0.043110 0.831595
vt 0.049458 0.870271
vt 0.048235 0.888286
vt 0.013109 0.835902
vt 0.010866 0.796003
vt 0.015680 0.815462
vt 0.015150 0.795611
vt 0.046473 0.748574
vt 0.042533 0.790768
vt 0.029772 0.772949
vt 0.012423 0.755885
vt 0.015549 0.775773
vt 0.016952 0.755681
vt 0.057487 0.677432
vt 0.035035 0.727175
vt 0.050163 0.719535
vt 0.019427 0.734963
vt 0.023060 0.691242
vt 0.022961 0.713388
vt 0.065141 0.627588
vt 0.026463 0.890303
vt 0.034065 0.871676
vt 0.037077 0.889089
vt 0.051357 0.905624
vt 0.056851 0.927227
vt 0.034803 0.921402
vt 0.039884 0.936124
vt 0.040762 0.905709
vt 0.035249 0.921421
vt 0.030602 0.906229
vt 0.065238 0.955158
vt 0.072727 0.981815
vt 0.045313 0.949994
vt 0.052976 0.869996
vt 0.057771 0.970331
vt 0.059253 0.968876
vt 0.060756 0.967451
vt 0.045468 0.870622
vt 0.047796 0.888320
vt 0.042751 0.811111
vt 0.043674 0.851654
vt 0.100692 0.763059
vt 0.107026 0.752837
vt 0.131257 0.749391
vt 0.056429 0.927161
vt 0.053109 0.945361
vt 0.046018 0.924068
vt 0.176115 0.678294
vt 0.180662 0.664600
vt 0.177291 0.678584
vt 0.182023 0.665449
vt 0.178467 0.678875
vt 0.016126 0.775678
vt 0.009132 0.836466
vt 0.022815 0.873138
vt 0.031649 0.853011
vt 0.017076 0.835375
vt 0.089802 0.768669
vt 0.094098 0.759556
vt 0.100766 0.770254
vt 0.107291 0.766565
vt 0.045434 0.949891
vt 0.040393 0.936202
vt 0.064727 0.954754
vt 0.060595 0.966585
vt 0.163870 0.700283
vt 0.168894 0.700156
vt 0.148460 0.715367
vt 0.154764 0.714832
vt 0.044249 0.770316
vt 0.023770 0.713027
vt 0.040296 0.695660
vt 0.143684 0.721364
vt 0.152916 0.709251
vt 0.029990 0.833314
vt 0.042583 0.831649
vt 0.057383 0.904832
vt 0.173683 0.835189
vt 0.184143 0.875234
vt 0.183319 0.876031
vt 0.050913 0.905652
vt 0.169645 0.689963
vt 0.172736 0.692971
vt 0.170396 0.679768
vt 0.175879 0.678532
vt 0.056833 0.677898
vt 0.045918 0.660753
vt 0.064335 0.629117
vt 0.027871 0.691758
vt 0.073683 0.982066
vt 0.073827 0.983174
vt 0.113760 0.762676
vt 0.073729 0.981142
vt 0.020102 0.734771
vt 0.011751 0.856014
vt 0.042205 0.811172
vt 0.017552 0.755565
vt 0.038039 0.655717
vt 0.157334 0.702534
vt 0.050775 0.719342
vt 0.041857 0.657672
vt 0.027659 0.691721
vt 0.016228 0.815375
vt 0.017598 0.835291
vt 0.019806 0.854728
vt 0.121887 0.743053
vt 0.162854 0.693226
vt 0.133945 0.792520
vt 0.088292 0.860563
vt 0.137890 0.774251
vt 0.094412 0.940474
vt 0.133448 0.909488
vt 0.134123 0.910284
vt 0.095457 0.938443
vt 0.132776 0.908692
vt 0.161746 0.880303
vt 0.128181 0.871224
vt 0.143290 0.848296
vt 0.265930 0.929221
vt 0.197451 0.971437
vt 0.196233 0.966680
vt 0.168512 0.785165
vt 0.174775 0.834866
vt 0.262688 0.929089
vt 0.218090 0.909404
vt 0.218477 0.908424
vt 0.111423 0.866691
vt 0.124851 0.816320
vt 0.275278 0.895220
vt 0.240972 0.819515
vt 0.289264 0.908415
vt 0.148654 0.925004
vt 0.120351 0.964030
vt 0.118324 0.965078
vt 0.222074 0.872896
vt 0.222071 0.836490
vt 0.258479 0.872844
vt 0.178348 0.896020
vt 0.150241 0.926358
vt 0.149447 0.925683
vt 0.155768 0.769885
vt 0.245278 0.815318
vt 0.100576 0.971177
vt 0.198809 0.976727
vt 0.082685 0.976843
vt 0.284382 0.926256
vt 0.168756 0.785049
vt 0.235703 0.824411
vt 0.170329 0.787533
vt 0.224586 0.887076
vt 0.184262 0.875356
vt 0.224799 0.886043
vt 0.170357 0.882571
vt 0.137167 0.921600
vt 0.135543 0.915718
vt 0.082975 0.859045
vt 0.142286 0.755053
vt 0.183201 0.876271
vt 0.168210 0.833433
vt 0.173497 0.835169
vt 0.236855 0.823471
vt 0.272606 0.893276
vt 0.231542 0.789386
vt 0.301475 0.773315
vt 0.292994 0.842705
vt 0.176724 0.889134
vt 0.137342 0.921776
vt 0.175474 0.884094
vt 0.157332 0.835906
vt 0.153355 0.839814
vt 0.226092 0.892730
vt 0.224611 0.887267
vt 0.162120 0.831545
vt 0.142636 0.754952
vt 0.161876 0.831603
vt 0.178235 0.894863
vt 0.178514 0.895977
vt 0.196155 0.966370
vt 0.120454 0.964231
vt 0.195842 0.965088
vt 0.088185 0.958401
vt 0.082391 0.976605
vt 0.265099 0.929351
vt 0.262690 0.929337
vt 0.265114 0.929096
vt 0.218862 0.907441
vt 0.179191 0.880254
vt 0.227644 0.898926
vt 0.175532 0.883887
vt 0.117682 0.965548
vt 0.143206 0.923494
vt 0.148478 0.924933
vt 0.164918 0.881072
vt 0.303842 0.922572
vt 0.170115 0.787653
vt 0.175866 0.834548
vt 0.163546 0.880788
vt 0.164650 0.881091
vt 0.093399 0.862017
vt 0.133668 0.795905
vt 0.094698 0.862364
vt 0.240022 0.719996
vt 0.170089 0.736068
vt 0.095255 0.938341
vt 0.094203 0.940348
vt 0.164697 0.880920
vt 0.152213 0.840279
vt 0.153203 0.839932
vt 0.227572 0.899168
vt 0.223067 0.903507
vt 0.178062 0.894907
vt 0.303698 0.922924
vt 0.309956 0.703925
vt 0.257680 0.760899
vt 0.175324 0.883941
vt 0.162478 0.880492
vt 0.096111 0.936605
vt 0.095982 0.862709
vt 0.185053 0.874581
vt 0.225008 0.885013
vt 0.234562 0.825343
vt 0.171705 0.789632
vt 0.270823 0.892070
vt 0.195531 0.963820
vt 0.178786 0.897051
vt 0.260554 0.929358
vt 0.168206 0.784429
vt 0.237103 0.823256
vt 0.272464 0.893484
vt 0.274521 0.894868
vt 0.270704 0.892244
vt 0.184938 0.874463
vt 0.178087 0.894638
vt 0.178571 0.898171
vt 0.187010 0.932000
vt 0.159493 0.929790
vt 0.191223 0.948889
vt 0.140433 0.961378
vt 0.134193 0.910461
vt 0.093937 0.941121
vt 0.129855 0.898692
vt 0.097994 0.917064
vt 0.163591 0.880623
vt 0.151228 0.840627
vt 0.185648 0.836524
vt 0.185663 0.800135
vt 0.185633 0.872949
vt 0.209937 0.848631
vt 0.218988 0.907293
vt 0.210307 0.917296
vt 0.242012 0.936401
vt 0.122074 0.963175
vt 0.093086 0.861930
vt 0.133919 0.795917
vt 0.134024 0.793425
vt 0.133785 0.798058
vt 0.133954 0.671319
vt 0.130725 0.681456
vt 0.127953 0.675718
vt 0.415644 0.790717
vt 0.412276 0.811223
vt 0.411612 0.790876
vt 0.124888 0.686295
vt 0.121989 0.697328
vt 0.119220 0.691598
vt 0.372203 0.853349
vt 0.374897 0.872687
vt 0.370979 0.872658
vt 0.108689 0.703305
vt 0.101238 0.703623
vt 0.105917 0.697567
vt 0.414013 0.770754
vt 0.410063 0.770983
vt 0.372471 0.770884
vt 0.374595 0.749896
vt 0.376329 0.770804
vt 0.373439 0.812013
vt 0.377081 0.832945
vt 0.373061 0.832944
vt 0.111017 0.691596
vt 0.116452 0.685868
vt 0.116556 0.703061
vt 0.113787 0.697329
vt 0.373173 0.890951
vt 0.369367 0.890893
vt 0.406940 0.905872
vt 0.406425 0.888438
vt 0.410352 0.888668
vt 0.413023 0.870687
vt 0.410872 0.851636
vt 0.414943 0.851709
vt 0.370787 0.909282
vt 0.367139 0.909186
vt 0.366945 0.932267
vt 0.363522 0.932170
vt 0.398011 0.939022
vt 0.399128 0.922216
vt 0.402809 0.922585
vt 0.104010 0.709362
vt 0.096939 0.709811
vt 0.361721 0.962299
vt 0.358694 0.962361
vt 0.358877 0.991808
vt 0.357002 0.992435
vt 0.392442 0.954941
vt 0.394477 0.938557
vt 0.095622 0.722167
vt 0.089163 0.723056
vt 0.092945 0.716241
vt 0.411567 0.751371
vt 0.407726 0.751657
vt 0.408336 0.732104
vt 0.404612 0.732434
vt 0.367081 0.722548
vt 0.363885 0.684459
vt 0.370593 0.722337
vt 0.127657 0.692028
vt 0.404351 0.712504
vt 0.400743 0.712920
vt 0.399377 0.692945
vt 0.395982 0.693679
vt 0.360689 0.684549
vt 0.359123 0.644962
vt 0.144722 0.672333
vt 0.139911 0.682636
vt 0.136933 0.676978
vt 0.408211 0.811298
vt 0.407595 0.791022
vt 0.393575 0.852411
vt 0.404485 0.870421
vt 0.391978 0.871454
vt 0.376192 0.853363
vt 0.378822 0.872735
vt 0.377515 0.890995
vt 0.386880 0.907169
vt 0.374966 0.909353
vt 0.406127 0.771194
vt 0.403896 0.751920
vt 0.377450 0.811994
vt 0.381151 0.791100
vt 0.381466 0.811969
vt 0.381106 0.832947
vt 0.377188 0.791157
vt 0.380198 0.770701
vt 0.411998 0.831684
vt 0.409009 0.870536
vt 0.406816 0.851570
vt 0.405012 0.870399
vt 0.374446 0.909411
vt 0.379348 0.872698
vt 0.389795 0.889483
vt 0.403128 0.905569
vt 0.402518 0.888229
vt 0.399333 0.905291
vt 0.364742 0.962297
vt 0.382724 0.926923
vt 0.370882 0.932243
vt 0.395464 0.921875
vt 0.389152 0.954214
vt 0.390975 0.938120
vt 0.360350 0.991285
vt 0.405609 0.771196
vt 0.394456 0.791134
vt 0.393231 0.771058
vt 0.378323 0.749716
vt 0.374111 0.722101
vt 0.400898 0.732743
vt 0.397159 0.713315
vt 0.391149 0.750960
vt 0.400351 0.732643
vt 0.403384 0.751902
vt 0.367077 0.684329
vt 0.360702 0.645447
vt 0.392671 0.694383
vt 0.373231 0.791200
vt 0.380000 0.664977
vt 0.377656 0.666645
vt 0.375299 0.668285
vt 0.381675 0.791103
vt 0.380714 0.770707
vt 0.380186 0.853387
vt 0.382009 0.811962
vt 0.155059 0.667060
vt 0.149132 0.677418
vt 0.122118 0.680562
vt 0.374632 0.722234
vt 0.381624 0.699101
vt 0.387371 0.727606
vt 0.375989 0.977341
vt 0.359548 0.992092
vt 0.373834 0.975706
vt 0.359203 0.990706
vt 0.371658 0.974118
vt 0.402001 0.888256
vt 0.416092 0.831681
vt 0.407069 0.791031
vt 0.394934 0.811662
vt 0.407919 0.831687
vt 0.166705 0.661491
vt 0.162950 0.670748
vt 0.154098 0.659697
vt 0.147160 0.663369
vt 0.392499 0.694473
vt 0.396520 0.713118
vt 0.367679 0.684871
vt 0.375310 0.669379
vt 0.091173 0.730292
vt 0.085501 0.730343
vt 0.106783 0.715102
vt 0.099711 0.715550
vt 0.376990 0.891036
vt 0.390349 0.938317
vt 0.377291 0.949961
vt 0.111461 0.709042
vt 0.102484 0.721290
vt 0.394600 0.832297
vt 0.381647 0.832929
vt 0.370884 0.750050
vt 0.113408 0.667097
vt 0.111743 0.674037
vt 0.108539 0.670520
vt 0.378863 0.749733
vt 0.085890 0.740760
vt 0.082026 0.737634
vt 0.086279 0.751178
vt 0.080222 0.752357
vt 0.365313 0.961787
vt 0.371702 0.973056
vt 0.359773 0.990896
vt 0.385765 0.953407
vt 0.359932 0.644614
vt 0.360648 0.642699
vt 0.140309 0.667245
vt 0.359433 0.646096
vt 0.394916 0.921980
vt 0.416357 0.811141
vt 0.380718 0.853359
vt 0.398821 0.905333
vt 0.098299 0.728092
vt 0.370371 0.932401
vt 0.385942 0.953527
vt 0.406278 0.851588
vt 0.407381 0.831704
vt 0.407679 0.811312
vt 0.133497 0.687195
vt 0.093182 0.737529
vt 0.367266 0.785921
vt 0.364123 0.806409
vt 0.363247 0.786121
vt 0.107076 0.677734
vt 0.105818 0.685231
vt 0.102619 0.681720
vt 0.324681 0.848984
vt 0.327708 0.868235
vt 0.323804 0.868277
vt 0.094566 0.690341
vt 0.087889 0.691216
vt 0.091362 0.686825
vt 0.365445 0.766035
vt 0.361511 0.766301
vt 0.324005 0.766512
vt 0.325994 0.745548
vt 0.327858 0.766403
vt 0.325351 0.807633
vt 0.329253 0.828520
vt 0.325234 0.828574
vt 0.095225 0.682451
vt 0.099420 0.678208
vt 0.101626 0.689478
vt 0.098426 0.685965
vt 0.326329 0.886442
vt 0.322551 0.886440
vt 0.360121 0.900619
vt 0.359315 0.883359
vt 0.363213 0.883524
vt 0.365603 0.865634
vt 0.363207 0.846709
vt 0.367261 0.846730
vt 0.324180 0.904843
vt 0.320575 0.904741
vt 0.320173 0.928858
vt 0.316807 0.928670
vt 0.352051 0.933522
vt 0.352731 0.916926
vt 0.356372 0.917207
vt 0.091093 0.694734
vt 0.084774 0.695661
vt 0.314062 0.961329
vt 0.311103 0.961254
vt 0.310201 0.993376
vt 0.308555 0.993888
vt 0.347155 0.949398
vt 0.348552 0.933173
vt 0.085105 0.703919
vt 0.079391 0.705048
vt 0.081964 0.700236
vt 0.362833 0.746750
vt 0.359012 0.747067
vt 0.359458 0.727610
vt 0.355759 0.727968
vt 0.318392 0.718349
vt 0.315112 0.680575
vt 0.321883 0.718127
vt 0.110276 0.681247
vt 0.355348 0.708177
vt 0.351771 0.708616
vt 0.350277 0.688823
vt 0.346919 0.689573
vt 0.311954 0.680666
vt 0.310431 0.641795
vt 0.123236 0.666800
vt 0.120166 0.673990
vt 0.116787 0.670544
vt 0.360070 0.806528
vt 0.359242 0.786307
vt 0.345987 0.847718
vt 0.357112 0.865492
vt 0.344686 0.866714
vt 0.328665 0.848934
vt 0.331617 0.868212
vt 0.330638 0.886423
vt 0.340205 0.902394
vt 0.328355 0.904919
vt 0.357590 0.766546
vt 0.355200 0.747361
vt 0.329361 0.807568
vt 0.332845 0.786642
vt 0.333376 0.807498
vt 0.333274 0.828468
vt 0.328885 0.786736
vt 0.331720 0.766272
vt 0.364081 0.826816
vt 0.361611 0.865540
vt 0.359168 0.846697
vt 0.357636 0.865463
vt 0.327811 0.904978
vt 0.332130 0.868165
vt 0.342820 0.884686
vt 0.356344 0.900390
vt 0.355435 0.883216
vt 0.352583 0.900187
vt 0.317016 0.961458
vt 0.336110 0.922656
vt 0.324062 0.928908
vt 0.349104 0.916673
vt 0.343867 0.948861
vt 0.345078 0.932850
vt 0.311518 0.992992
vt 0.357073 0.766553
vt 0.346133 0.786549
vt 0.344729 0.766524
vt 0.329710 0.745346
vt 0.325378 0.717878
vt 0.352068 0.728303
vt 0.348217 0.709033
vt 0.342498 0.746503
vt 0.351524 0.728206
vt 0.354690 0.747347
vt 0.318265 0.680443
vt 0.311931 0.642285
vt 0.343644 0.690292
vt 0.324930 0.786816
vt 0.330911 0.661280
vt 0.328616 0.662946
vt 0.326308 0.664582
vt 0.333370 0.786641
vt 0.332236 0.766273
vt 0.332651 0.848894
vt 0.333920 0.807485
vt 0.131906 0.662416
vt 0.127837 0.669741
vt 0.103875 0.674220
vt 0.325899 0.718009
vt 0.332731 0.695029
vt 0.338587 0.723284
vt 0.328693 0.975473
vt 0.310736 0.993604
vt 0.326442 0.974062
vt 0.310296 0.992412
vt 0.324181 0.972690
vt 0.354922 0.883252
vt 0.368161 0.826764
vt 0.358717 0.786321
vt 0.346825 0.807039
vt 0.360015 0.826868
vt 0.141718 0.657721
vt 0.139471 0.664130
vt 0.130135 0.657671
vt 0.124333 0.660701
vt 0.343473 0.690385
vt 0.347582 0.708842
vt 0.318871 0.680994
vt 0.326331 0.665688
vt 0.082091 0.709892
vt 0.076983 0.710157
vt 0.094297 0.698251
vt 0.087978 0.699178
vt 0.330124 0.886472
vt 0.344469 0.933084
vt 0.330386 0.946952
vt 0.097768 0.693858
vt 0.091182 0.702695
vt 0.346738 0.827642
vt 0.333816 0.828442
vt 0.322295 0.745720
vt 0.330248 0.745360
vt 0.078613 0.717826
vt 0.074741 0.715243
vt 0.080243 0.725487
vt 0.074928 0.726727
vt 0.317569 0.960906
vt 0.324259 0.971629
vt 0.310945 0.992504
vt 0.340383 0.948221
vt 0.311066 0.641523
vt 0.311618 0.639690
vt 0.118635 0.663857
vt 0.310636 0.642950
vt 0.348565 0.916804
vt 0.368192 0.806283
vt 0.333181 0.848855
vt 0.352075 0.900242
vt 0.088245 0.707601
vt 0.323550 0.929081
vt 0.340637 0.948355
vt 0.358633 0.846723
vt 0.359478 0.826892
vt 0.359539 0.806548
vt 0.114946 0.677554
vt 0.084791 0.714733
vt 0.179301 0.663752
vt 0.179247 0.663759
vt 0.179314 0.663713
vt 0.179233 0.663825
vt 0.179184 0.663815
vt 0.179251 0.663719
vt 0.179200 0.663772
vt 0.179050 0.663996
vt 0.179082 0.664010
vt 0.179022 0.664092
vt 0.074601 0.628272
vt 0.074708 0.628246
vt 0.074665 0.628581
vt 0.179120 0.663895
vt 0.179156 0.663916
vt 0.179163 0.663805
vt 0.074550 0.627764
vt 0.074535 0.627954
vt 0.074433 0.627506
vt 0.074562 0.627645
vt 0.074634 0.627981
vt 0.074637 0.627838
vt 0.074166 0.982986
vt 0.074203 0.983049
vt 0.074017 0.982917
vt 0.074288 0.982843
vt 0.074313 0.982955
vt 0.074303 0.982942
vt 0.074341 0.982907
vt 0.074750 0.982578
vt 0.074473 0.982789
vt 0.074408 0.982675
vt 0.074490 0.982848
vt 0.074381 0.982912
vt 0.074277 0.982864
vt 0.074308 0.982850
vt 0.074180 0.982860
vt 0.074329 0.982916
vt 0.074363 0.982894
vt 0.182043 0.665516
vt 0.182027 0.665584
vt 0.065110 0.627374
vt 0.064932 0.627583
vt 0.064797 0.627665
vt 0.064642 0.627851
vt 0.064685 0.627999
vt 0.064524 0.628283
vt 0.064787 0.627853
vt 0.064937 0.627733
vt 0.065131 0.627447
vt 0.064938 0.627956
vt 0.064771 0.628033
vt 0.064405 0.628720
vt 0.064525 0.628780
vt 0.064606 0.628353
vt 0.064729 0.628374
vt 0.073431 0.981430
vt 0.073389 0.981247
vt 0.073478 0.981475
vt 0.073353 0.981574
vt 0.073257 0.981475
vt 0.073309 0.981563
vt 0.073310 0.981583
vt 0.073317 0.981578
vt 0.073314 0.981568
vt 0.073288 0.981629
vt 0.073322 0.981602
vt 0.073361 0.981576
vt 0.073289 0.981618
vt 0.073142 0.981624
vt 0.073152 0.981703
vt 0.073143 0.981372
vt 0.183340 0.876070
vt 0.183294 0.876098
vt 0.183369 0.876106
vt 0.183310 0.876125
vt 0.183266 0.876174
vt 0.183376 0.876181
vt 0.183404 0.876136
vt 0.183443 0.876158
vt 0.183300 0.876207
vt 0.183349 0.876165
vt 0.183304 0.876170
vt 0.183329 0.876145
vt 0.183264 0.876209
vt 0.183234 0.876232
vt 0.183241 0.876239
vt 0.118311 0.965161
vt 0.118143 0.965237
vt 0.118143 0.965280
vt 0.118013 0.965366
vt 0.117942 0.965407
vt 0.118450 0.965289
vt 0.118150 0.965333
vt 0.118367 0.965259
vt 0.118154 0.965306
vt 0.118326 0.965217
vt 0.118045 0.965355
vt 0.168451 0.784883
vt 0.168534 0.785066
vt 0.168391 0.784736
vt 0.168415 0.784775
vt 0.168647 0.785006
vt 0.168506 0.784830
vt 0.168580 0.785018
vt 0.168475 0.784867
vt 0.168491 0.784841
vt 0.168381 0.784720
vt 0.168346 0.784641
vt 0.274605 0.894838
vt 0.274763 0.894956
vt 0.274650 0.894796
vt 0.274803 0.894934
vt 0.274949 0.895010
vt 0.275022 0.895055
vt 0.274653 0.894641
vt 0.274848 0.894901
vt 0.274668 0.894736
vt 0.274861 0.894889
vt 0.275063 0.895070
vt 0.274978 0.895026
vt 0.274821 0.894912
vt 0.274922 0.894987
vt 0.133953 0.793369
vt 0.133974 0.793174
vt 0.133892 0.793352
vt 0.133934 0.793150
vt 0.133925 0.792947
vt 0.133928 0.792903
vt 0.133757 0.793432
vt 0.133880 0.793125
vt 0.133831 0.793369
vt 0.133921 0.792839
vt 0.133863 0.793118
vt 0.178076 0.894837
vt 0.178101 0.894884
vt 0.178108 0.894767
vt 0.178103 0.894822
vt 0.178131 0.894814
vt 0.178144 0.894868
vt 0.178122 0.894779
vt 0.178139 0.894745
vt 0.178109 0.894725
vt 0.178105 0.894687
vt 0.178095 0.894689
vt 0.178092 0.894757
vt 0.178190 0.894861
vt 0.178190 0.894808
vt 0.178159 0.894808
vt 0.265379 0.929194
vt 0.265166 0.929166
vt 0.265360 0.929156
vt 0.265581 0.929214
vt 0.265543 0.929211
vt 0.265382 0.929223
vt 0.265179 0.929225
vt 0.265162 0.929282
vt 0.265400 0.929263
vt 0.265397 0.929246
vt 0.265662 0.929225
vt 0.164751 0.880966
vt 0.164698 0.880965
vt 0.164795 0.881028
vt 0.164751 0.880997
vt 0.164744 0.881025
vt 0.164690 0.881010
vt 0.164778 0.881034
vt 0.164866 0.881064
vt 0.164790 0.881049
vt 0.164832 0.881049
vt 0.164869 0.881054
vt 0.164812 0.881019
vt 0.164673 0.881053
vt 0.164720 0.881079
vt 0.164736 0.881052
vt 0.164800 0.881065
vt 0.094252 0.940656
vt 0.094330 0.940487
vt 0.094123 0.940789
vt 0.094211 0.940656
vt 0.094185 0.940645
vt 0.094274 0.940472
vt 0.094233 0.940432
vt 0.094142 0.940642
vt 0.094158 0.940647
vt 0.094103 0.940820
vt 0.094056 0.940886
vt 0.094135 0.940756
vt 0.303927 0.922556
vt 0.303817 0.922664
vt 0.303994 0.922586
vt 0.303934 0.922700
vt 0.303787 0.922752
vt 0.304016 0.922743
vt 0.303919 0.922805
vt 0.292999 0.842732
vt 0.292960 0.842716
vt 0.303921 0.923078
vt 0.303965 0.922926
vt 0.304076 0.922988
vt 0.292975 0.842752
vt 0.292930 0.842723
vt 0.292998 0.842754
vt 0.303747 0.922838
vt 0.303745 0.922991
vt 0.303861 0.922898
vt 0.303815 0.923035
vt 0.303979 0.922824
vt 0.142227 0.755002
vt 0.142374 0.755018
vt 0.142192 0.754925
vt 0.142335 0.754908
vt 0.142460 0.754991
vt 0.142328 0.754821
vt 0.142426 0.754867
vt 0.170062 0.736066
vt 0.170091 0.736037
vt 0.170082 0.736100
vt 0.170044 0.736091
vt 0.170051 0.736044
vt 0.170093 0.736020
vt 0.170041 0.736070
vt 0.142547 0.754971
vt 0.142654 0.754870
vt 0.142521 0.754859
vt 0.142628 0.754805
vt 0.142412 0.754814
vt 0.142486 0.754784
vt 0.175527 0.883942
vt 0.175476 0.883890
vt 0.175516 0.883994
vt 0.175477 0.883941
vt 0.175425 0.883900
vt 0.175443 0.883974
vt 0.175436 0.883945
vt 0.175428 0.884063
vt 0.175498 0.884044
vt 0.175389 0.884027
vt 0.175455 0.884019
vt 0.175472 0.883982
vt 0.175374 0.883917
vt 0.175355 0.883987
vt 0.175398 0.883961
vt 0.175422 0.883995
vt 0.082672 0.976923
vt 0.082604 0.976789
vt 0.082627 0.976994
vt 0.082535 0.976884
vt 0.082530 0.976733
vt 0.082469 0.976938
vt 0.082447 0.976837
vt 0.309966 0.703915
vt 0.309983 0.703950
vt 0.082203 0.976831
vt 0.082345 0.976843
vt 0.082351 0.976964
vt 0.082530 0.977085
vt 0.082413 0.976882
vt 0.082460 0.976673
vt 0.082304 0.976627
vt 0.082379 0.976764
vt 0.082219 0.976695
vt 0.171525 0.789737
vt 0.171605 0.789741
vt 0.171585 0.789806
vt 0.171595 0.789655
vt 0.171629 0.789705
vt 0.171646 0.789783
vt 0.171641 0.789859
vt 0.171653 0.789746
vt 0.171672 0.789704
vt 0.171634 0.789640
vt 0.171736 0.789726
vt 0.171689 0.789761
vt 0.171697 0.789905
vt 0.171758 0.789873
vt 0.171937 0.788853
vt 0.171695 0.789824
vt 0.171750 0.789802
vt 0.184977 0.874445
vt 0.184962 0.874499
vt 0.185016 0.874433
vt 0.184997 0.874480
vt 0.184988 0.874530
vt 0.185030 0.874489
vt 0.185014 0.874504
vt 0.185093 0.874465
vt 0.185055 0.874426
vt 0.183762 0.875682
vt 0.185085 0.874505
vt 0.185054 0.874466
vt 0.185050 0.874495
vt 0.185024 0.874469
vt 0.185018 0.874557
vt 0.185072 0.874543
vt 0.185038 0.874522
vt 0.270698 0.892164
vt 0.270761 0.892208
vt 0.270633 0.892178
vt 0.270650 0.892119
vt 0.270737 0.892144
vt 0.270789 0.892178
vt 0.270691 0.892115
vt 0.270554 0.891997
vt 0.270521 0.892055
vt 0.271582 0.891553
vt 0.270635 0.892012
vt 0.270605 0.892064
vt 0.270574 0.892116
vt 0.270675 0.892077
vt 0.270739 0.892099
vt 0.270721 0.892033
vt 0.178665 0.897074
vt 0.178650 0.897127
vt 0.178626 0.897092
vt 0.178704 0.897061
vt 0.178685 0.897108
vt 0.178677 0.897157
vt 0.178713 0.897097
vt 0.178703 0.897132
vt 0.178782 0.897094
vt 0.178744 0.897054
vt 0.178773 0.897133
vt 0.178742 0.897094
vt 0.178738 0.897123
vt 0.178707 0.897184
vt 0.178760 0.897171
vt 0.178323 0.895438
vt 0.178726 0.897150
vt 0.178718 0.897117
vt 0.122135 0.963227
vt 0.122072 0.963251
vt 0.122154 0.963163
vt 0.122195 0.963204
vt 0.122082 0.963286
vt 0.122178 0.963233
vt 0.122135 0.963257
vt 0.122340 0.963161
vt 0.122317 0.963123
vt 0.122071 0.964224
vt 0.122282 0.963224
vt 0.122256 0.963186
vt 0.122234 0.963146
vt 0.122171 0.963363
vt 0.122161 0.963274
vt 0.122227 0.963290
vt 0.122105 0.963315
vt 0.122212 0.963232
vt 0.260551 0.929151
vt 0.260502 0.929213
vt 0.260456 0.929166
vt 0.260579 0.929211
vt 0.260524 0.929251
vt 0.260438 0.929224
vt 0.260373 0.929185
vt 0.260469 0.929249
vt 0.260501 0.929289
vt 0.260580 0.929292
vt 0.260450 0.929333
vt 0.260436 0.929272
vt 0.260296 0.929207
vt 0.260291 0.929272
vt 0.260897 0.929906
vt 0.260371 0.929245
vt 0.260367 0.929304
vt 0.133721 0.798105
vt 0.133725 0.798029
vt 0.133767 0.798154
vt 0.133707 0.798170
vt 0.133684 0.798082
vt 0.133683 0.798137
vt 0.133654 0.798314
vt 0.133720 0.798312
vt 0.132816 0.797645
vt 0.133625 0.798238
vt 0.133685 0.798236
vt 0.133744 0.798236
vt 0.133720 0.798313
vt 0.133659 0.798170
vt 0.133578 0.798048
vt 0.133645 0.798104
vt 0.133599 0.798153
vt 0.133686 0.798021
vt 0.162518 0.880376
vt 0.162479 0.880336
vt 0.162521 0.880333
vt 0.162510 0.880415
vt 0.162478 0.880376
vt 0.162439 0.880344
vt 0.162474 0.880406
vt 0.162448 0.880379
vt 0.162443 0.880468
vt 0.162496 0.880454
vt 0.162413 0.880440
vt 0.162462 0.880433
vt 0.162454 0.880400
vt 0.162401 0.880357
vt 0.162386 0.880410
vt 0.164204 0.880897
vt 0.162421 0.880391
vt 0.162439 0.880415
vt 0.096301 0.936701
vt 0.096248 0.936640
vt 0.096312 0.936622
vt 0.096225 0.936703
vt 0.096190 0.936694
vt 0.096272 0.936580
vt 0.096330 0.936542
vt 0.096218 0.936640
vt 0.096242 0.936598
vt 0.096202 0.936615
vt 0.096161 0.936671
vt 0.096185 0.936548
vt 0.096244 0.936564
vt 0.096353 0.936459
vt 0.096315 0.936435
vt 0.095112 0.936602
vt 0.096290 0.936519
vt 0.096252 0.936494
vt 0.360018 0.993889
vt 0.360001 0.994171
vt 0.359356 0.993542
vt 0.360216 0.993999
vt 0.360313 0.994135
vt 0.359579 0.994309
vt 0.360214 0.994313
vt 0.078414 0.767182
vt 0.078376 0.767167
vt 0.078419 0.767080
vt 0.078404 0.767294
vt 0.078367 0.767287
vt 0.360493 0.994012
vt 0.360431 0.993942
vt 0.360610 0.993876
vt 0.360395 0.994213
vt 0.078376 0.767487
vt 0.078359 0.767457
vt 0.078391 0.767402
vt 0.078347 0.767525
vt 0.078336 0.767486
vt 0.078360 0.767386
vt 0.078341 0.767423
vt 0.360765 0.642450
vt 0.360876 0.642672
vt 0.179740 0.663177
vt 0.179686 0.663208
vt 0.179656 0.663193
vt 0.360986 0.642609
vt 0.361080 0.642762
vt 0.179614 0.663224
vt 0.179572 0.663215
vt 0.179709 0.663227
vt 0.179657 0.663233
vt 0.179742 0.663208
vt 0.179604 0.663265
vt 0.179572 0.663250
vt 0.179383 0.663241
vt 0.179383 0.663295
vt 0.179300 0.663283
vt 0.179490 0.663205
vt 0.179484 0.663249
vt 0.179490 0.663289
vt 0.359566 0.990948
vt 0.359536 0.990985
vt 0.359853 0.990899
vt 0.359752 0.990991
vt 0.359682 0.991057
vt 0.359694 0.991024
vt 0.359718 0.991055
vt 0.359892 0.991116
vt 0.360091 0.991041
vt 0.359893 0.991177
vt 0.359749 0.991091
vt 0.359760 0.990963
vt 0.359753 0.990959
vt 0.359731 0.991038
vt 0.359757 0.991061
vt 0.359842 0.645836
vt 0.359846 0.646016
vt 0.359817 0.645805
vt 0.359979 0.645730
vt 0.360045 0.645793
vt 0.360013 0.645725
vt 0.360069 0.645879
vt 0.360082 0.645873
vt 0.360103 0.645967
vt 0.360063 0.645747
vt 0.360039 0.645771
vt 0.360002 0.645784
vt 0.360049 0.645694
vt 0.360202 0.645652
vt 0.360201 0.645596
vt 0.360153 0.645902
vt 0.074974 0.738516
vt 0.075006 0.738493
vt 0.074972 0.738543
vt 0.075005 0.738445
vt 0.075038 0.738437
vt 0.310199 0.994722
vt 0.308410 0.994610
vt 0.308863 0.994342
vt 0.308235 0.994132
vt 0.308212 0.993370
vt 0.308131 0.993386
vt 0.308156 0.993200
vt 0.308257 0.993582
vt 0.308173 0.993585
vt 0.075070 0.738365
vt 0.075040 0.738361
vt 0.075076 0.738276
vt 0.308192 0.993854
vt 0.308039 0.993915
vt 0.308454 0.994075
vt 0.308348 0.993823
vt 0.309825 0.994362
vt 0.153567 0.657628
vt 0.153549 0.657662
vt 0.153503 0.657660
vt 0.310076 0.640557
vt 0.308601 0.640492
vt 0.308040 0.639320
vt 0.153500 0.657694
vt 0.153428 0.657697
vt 0.153532 0.657692
vt 0.308543 0.641209
vt 0.308279 0.641010
vt 0.309387 0.640870
vt 0.308314 0.641341
vt 0.308175 0.641386
vt 0.308039 0.641127
vt 0.153354 0.657735
vt 0.153361 0.657770
vt 0.153290 0.657770
vt 0.153437 0.657728
vt 0.308183 0.641568
vt 0.308252 0.641573
vt 0.308204 0.641779
vt 0.153506 0.657717
vt 0.310699 0.992640
vt 0.310677 0.992668
vt 0.310972 0.992622
vt 0.310887 0.992692
vt 0.310836 0.992733
vt 0.310854 0.992680
vt 0.310867 0.992739
vt 0.311041 0.992808
vt 0.311228 0.992760
vt 0.311045 0.992850
vt 0.310903 0.992764
vt 0.310927 0.992592
vt 0.310919 0.992585
vt 0.310892 0.992690
vt 0.310916 0.992709
vt 0.311050 0.642678
vt 0.311057 0.642868
vt 0.311020 0.642641
vt 0.311185 0.642561
vt 0.311258 0.642636
vt 0.311222 0.642559
vt 0.311268 0.642686
vt 0.311278 0.642682
vt 0.311295 0.642765
vt 0.311269 0.642565
vt 0.311242 0.642590
vt 0.311202 0.642606
vt 0.311258 0.642522
vt 0.311418 0.642488
vt 0.311417 0.642424
vt 0.311371 0.642752
vt 0.142259 0.738477
vt 0.136847 0.744158
vt 0.142286 0.738507
vt 0.136874 0.744188
vt 0.142318 0.738523
vt 0.136906 0.744204
vt 0.136937 0.744204
vt 0.147399 0.732561
vt 0.147427 0.732591
vt 0.147458 0.732608
vt 0.142348 0.738523
vt 0.053344 0.869958
vt 0.051936 0.851070
vt 0.052041 0.851067
vt 0.053245 0.869970
vt 0.051844 0.851073
vt 0.053159 0.869980
vt 0.051753 0.851077
vt 0.055140 0.887560
vt 0.055049 0.887581
vt 0.054970 0.887598
vt 0.053074 0.869989
vt 0.125603 0.754252
vt 0.131276 0.749430
vt 0.125631 0.754282
vt 0.131303 0.749460
vt 0.125662 0.754298
vt 0.131365 0.749476
vt 0.125693 0.754298
vt 0.131335 0.749476
vt 0.051354 0.810796
vt 0.051257 0.831151
vt 0.051240 0.810778
vt 0.051160 0.831147
vt 0.051139 0.810766
vt 0.051065 0.831146
vt 0.051040 0.810760
vt 0.051367 0.831158
vt 0.053409 0.770344
vt 0.051888 0.790509
vt 0.053291 0.770303
vt 0.051786 0.790488
vt 0.053188 0.770272
vt 0.051683 0.790477
vt 0.053083 0.770253
vt 0.052005 0.790538
vt 0.152177 0.726569
vt 0.152205 0.726599
vt 0.152236 0.726616
vt 0.147489 0.732608
vt 0.156632 0.720452
vt 0.156660 0.720482
vt 0.156692 0.720499
vt 0.152267 0.726616
vt 0.160842 0.714105
vt 0.160869 0.714136
vt 0.160900 0.714154
vt 0.156723 0.720500
vt 0.164900 0.707391
vt 0.164923 0.707430
vt 0.164951 0.707453
vt 0.160931 0.714155
vt 0.060289 0.719771
vt 0.055727 0.748760
vt 0.060180 0.719672
vt 0.055624 0.748714
vt 0.060082 0.719594
vt 0.055518 0.748687
vt 0.059977 0.719545
vt 0.055842 0.748819
vt 0.172773 0.692976
vt 0.175941 0.678434
vt 0.172816 0.692978
vt 0.176007 0.678354
vt 0.172858 0.692975
vt 0.176068 0.678305
vt 0.172893 0.692969
vt 0.168894 0.700230
vt 0.168905 0.700290
vt 0.168926 0.700326
vt 0.168954 0.700334
vt 0.164981 0.707456
vt 0.074750 0.628841
vt 0.067021 0.677826
vt 0.066932 0.677683
vt 0.066833 0.677590
vt 0.067117 0.678002
vt 0.057691 0.904744
vt 0.057606 0.904773
vt 0.057536 0.904799
vt 0.054891 0.887610
vt 0.115727 0.747568
vt 0.062451 0.926251
vt 0.062395 0.926300
vt 0.057465 0.904819
vt 0.113789 0.762709
vt 0.119832 0.758640
vt 0.113825 0.762733
vt 0.119860 0.758669
vt 0.113862 0.762745
vt 0.028906 0.922818
vt 0.119892 0.758685
vt 0.023848 0.907689
vt 0.057474 0.970323
vt 0.057605 0.970353
vt 0.057707 0.970358
vt 0.057327 0.970280
vt 0.040286 0.951889
vt 0.040332 0.951849
vt 0.040384 0.951817
vt 0.107010 0.752808
vt 0.070038 0.954387
vt 0.069998 0.954466
vt 0.062336 0.926335
vt 0.069951 0.954519
vt 0.078847 0.767086
vt 0.094062 0.759537
vt 0.100766 0.770302
vt 0.107339 0.766585
vt 0.100777 0.770340
vt 0.107391 0.766600
vt 0.100797 0.770362
vt 0.107439 0.766606
vt 0.034385 0.937599
vt 0.019431 0.854788
vt 0.017200 0.835357
vt 0.019559 0.854768
vt 0.017336 0.835336
vt 0.019688 0.854747
vt 0.017473 0.835313
vt 0.015810 0.815445
vt 0.015953 0.815423
vt 0.016097 0.815399
vt 0.045822 0.870597
vt 0.044059 0.851620
vt 0.045702 0.870606
vt 0.043928 0.851631
vt 0.045580 0.870615
vt 0.043797 0.851643
vt 0.048131 0.888297
vt 0.048017 0.888306
vt 0.047902 0.888314
vt 0.022457 0.873191
vt 0.026124 0.890347
vt 0.022579 0.873172
vt 0.026240 0.890331
vt 0.022702 0.873154
vt 0.026356 0.890316
vt 0.042621 0.811121
vt 0.042985 0.831605
vt 0.042480 0.811135
vt 0.042848 0.831619
vt 0.042337 0.811153
vt 0.042711 0.831634
vt 0.044106 0.770322
vt 0.042966 0.790711
vt 0.043951 0.770338
vt 0.042819 0.790727
vt 0.043795 0.770360
vt 0.042671 0.790747
vt 0.015284 0.795596
vt 0.015431 0.795573
vt 0.015578 0.795547
vt 0.015686 0.775759
vt 0.015837 0.775735
vt 0.015988 0.775707
vt 0.017095 0.755666
vt 0.017251 0.755638
vt 0.017408 0.755602
vt 0.019586 0.734948
vt 0.019761 0.734904
vt 0.019938 0.734841
vt 0.050632 0.719356
vt 0.046323 0.748580
vt 0.050474 0.719398
vt 0.046161 0.748601
vt 0.050313 0.719462
vt 0.045997 0.748631
vt 0.045849 0.659785
vt 0.027715 0.691708
vt 0.045913 0.660035
vt 0.027777 0.691711
vt 0.045930 0.660371
vt 0.027833 0.691729
vt 0.178490 0.678907
vt 0.023146 0.713373
vt 0.023354 0.713296
vt 0.023568 0.713173
vt 0.057339 0.677470
vt 0.057171 0.677573
vt 0.056998 0.677724
vt 0.051252 0.905637
vt 0.051138 0.905646
vt 0.051022 0.905650
vt 0.056754 0.927230
vt 0.056646 0.927217
vt 0.056535 0.927192
vt 0.030276 0.906256
vt 0.034905 0.921390
vt 0.030387 0.906244
vt 0.035019 0.921391
vt 0.030499 0.906235
vt 0.035138 0.921402
vt 0.060763 0.967292
vt 0.060733 0.967087
vt 0.060673 0.966846
vt 0.045345 0.949977
vt 0.045380 0.949952
vt 0.045412 0.949923
vt 0.065126 0.955098
vt 0.064997 0.955005
vt 0.064861 0.954887
vt 0.039994 0.936103
vt 0.040123 0.936114
vt 0.040260 0.936151
vt 0.073692 0.982097
vt 0.072939 0.981543
vt 0.073693 0.982089
vt 0.074189 0.982784
vt 0.073693 0.982077
vt 0.074437 0.627563
vt 0.180670 0.664558
vt 0.069808 0.627519
vt 0.182038 0.665411
vt 0.162052 0.831534
vt 0.161989 0.831540
vt 0.161930 0.831563
vt 0.137281 0.921750
vt 0.137193 0.921662
vt 0.137231 0.921712
vt 0.309927 0.703901
vt 0.240008 0.719969
vt 0.309900 0.703892
vt 0.082856 0.859011
vt 0.239996 0.719956
vt 0.082733 0.858976
vt 0.227615 0.899115
vt 0.227642 0.899057
vt 0.227651 0.898994
vt 0.231522 0.789409
vt 0.170077 0.736130
vt 0.231495 0.789441
vt 0.170077 0.736153
vt 0.245368 0.815229
vt 0.231505 0.789428
vt 0.292909 0.842727
vt 0.293025 0.842701
vt 0.198901 0.977085
vt 0.198839 0.976844
vt 0.301504 0.773326
vt 0.198871 0.976965
vt 0.173639 0.835197
vt 0.168437 0.784913
vt 0.173593 0.835195
vt 0.168355 0.784679
vt 0.173547 0.835185
vt 0.168277 0.784566
vt 0.275139 0.895140
vt 0.224596 0.887216
vt 0.224586 0.887169
vt 0.224581 0.887121
vt 0.168283 0.784539
vt 0.237041 0.823315
vt 0.236979 0.823369
vt 0.236918 0.823419
vt 0.275169 0.895140
vt 0.148617 0.924979
vt 0.148574 0.924960
vt 0.148529 0.924945
vt 0.117815 0.965467
vt 0.218883 0.907400
vt 0.218913 0.907363
vt 0.265622 0.929213
vt 0.218948 0.907328
vt 0.265770 0.929209
vt 0.265794 0.929227
vt 0.196212 0.966600
vt 0.196192 0.966523
vt 0.196174 0.966448
vt 0.117801 0.965493
vt 0.117910 0.965435
vt 0.118154 0.965350
vt 0.133953 0.792693
vt 0.153318 0.839852
vt 0.153283 0.839885
vt 0.153244 0.839912
vt 0.134181 0.910411
vt 0.134167 0.910364
vt 0.134148 0.910321
vt 0.094020 0.940987
vt 0.094085 0.940856
vt 0.093994 0.941000
vt 0.093167 0.861953
vt 0.093245 0.861975
vt 0.093321 0.861996
vt 0.133933 0.792659
vt 0.175998 0.834548
vt 0.175953 0.834540
vt 0.175909 0.834540
vt 0.179227 0.834869
vt 0.225013 0.884969
vt 0.225010 0.884924
vt 0.225001 0.884877
vt 0.224520 0.881840
vt 0.234501 0.825392
vt 0.234441 0.825442
vt 0.234383 0.825494
vt 0.231794 0.828595
vt 0.152903 0.927799
vt 0.150363 0.926417
vt 0.150318 0.926403
vt 0.150277 0.926383
vt 0.218009 0.909515
vt 0.218042 0.909480
vt 0.218070 0.909443
vt 0.216345 0.911982
vt 0.195513 0.963746
vt 0.195495 0.963672
vt 0.195476 0.963598
vt 0.194642 0.960155
vt 0.151188 0.840645
vt 0.151150 0.840671
vt 0.151115 0.840703
vt 0.148693 0.842683
vt 0.132752 0.908657
vt 0.132733 0.908616
vt 0.132718 0.908570
vt 0.131582 0.905875
vt 0.096057 0.862729
vt 0.096131 0.862750
vt 0.096206 0.862770
vt 0.099699 0.863475
vt 0.184172 0.875264
vt 0.184202 0.875295
vt 0.184232 0.875325
vt 0.272565 0.893336
vt 0.270808 0.892141
vt 0.272507 0.893421
vt 0.272537 0.893378
vt 0.120423 0.964171
vt 0.120381 0.964090
vt 0.120402 0.964130
vt 0.262689 0.929165
vt 0.262689 0.929214
vt 0.260585 0.929251
vt 0.262689 0.929265
vt 0.163557 0.880746
vt 0.163568 0.880705
vt 0.163580 0.880664
vt 0.133741 0.795908
vt 0.133644 0.798025
vt 0.133845 0.795913
vt 0.133793 0.795911
vt 0.170184 0.787628
vt 0.171563 0.789681
vt 0.170231 0.787608
vt 0.170274 0.787580
vt 0.178473 0.895988
vt 0.178390 0.896009
vt 0.178432 0.895998
vt 0.095397 0.938413
vt 0.095314 0.938371
vt 0.095356 0.938392
vt 0.111005 0.691559
vt 0.116440 0.685831
vt 0.416647 0.811140
vt 0.416291 0.831688
vt 0.416555 0.811139
vt 0.416200 0.831683
vt 0.416464 0.811140
vt 0.105905 0.697530
vt 0.416382 0.831697
vt 0.415140 0.851724
vt 0.415050 0.851714
vt 0.122014 0.697367
vt 0.127682 0.692068
vt 0.122045 0.697397
vt 0.127714 0.692097
vt 0.122077 0.697411
vt 0.373328 0.812013
vt 0.133523 0.687234
vt 0.133554 0.687263
vt 0.127746 0.692111
vt 0.373122 0.791202
vt 0.127941 0.675681
vt 0.415930 0.790697
vt 0.414204 0.770735
vt 0.414292 0.770719
vt 0.415840 0.790705
vt 0.414117 0.770746
vt 0.122106 0.680525
vt 0.415751 0.790712
vt 0.116581 0.703101
vt 0.111486 0.709082
vt 0.116612 0.703130
vt 0.111517 0.709111
vt 0.116645 0.703144
vt 0.111550 0.709125
vt 0.372950 0.832942
vt 0.372093 0.853346
vt 0.106808 0.715141
vt 0.102509 0.721330
vt 0.106840 0.715171
vt 0.102541 0.721359
vt 0.106872 0.715185
vt 0.102573 0.721374
vt 0.370871 0.872653
vt 0.369260 0.890888
vt 0.101225 0.703586
vt 0.415231 0.851741
vt 0.413217 0.870711
vt 0.413129 0.870695
vt 0.096926 0.709774
vt 0.413305 0.870735
vt 0.410542 0.888700
vt 0.410456 0.888680
vt 0.410720 0.888781
vt 0.407201 0.905956
vt 0.410626 0.888732
vt 0.407123 0.905914
vt 0.407041 0.905887
vt 0.407291 0.906012
vt 0.403047 0.922716
vt 0.402979 0.922650
vt 0.402905 0.922607
vt 0.098324 0.728134
vt 0.093202 0.737580
vt 0.098355 0.728165
vt 0.093229 0.737619
vt 0.098387 0.728180
vt 0.093258 0.737640
vt 0.093286 0.737640
vt 0.098416 0.728178
vt 0.376556 0.977189
vt 0.392694 0.954981
vt 0.392778 0.955004
vt 0.376374 0.977273
vt 0.392616 0.954969
vt 0.376210 0.977337
vt 0.392534 0.954958
vt 0.376079 0.977364
vt 0.360766 0.993832
vt 0.403122 0.922801
vt 0.398205 0.939247
vt 0.398160 0.939134
vt 0.398099 0.939057
vt 0.398254 0.939388
vt 0.086287 0.751253
vt 0.086304 0.751312
vt 0.086326 0.751347
vt 0.086352 0.751351
vt 0.139937 0.682675
vt 0.139969 0.682703
vt 0.133586 0.687278
vt 0.372365 0.770888
vt 0.149168 0.677451
vt 0.149209 0.677475
vt 0.140002 0.682718
vt 0.370781 0.750058
vt 0.140287 0.667215
vt 0.411835 0.751315
vt 0.408511 0.732048
vt 0.408585 0.731994
vt 0.411752 0.751341
vt 0.408433 0.732085
vt 0.133941 0.671283
vt 0.411668 0.751359
vt 0.166794 0.661453
vt 0.361276 0.642842
vt 0.380233 0.664986
vt 0.380096 0.664954
vt 0.154107 0.659651
vt 0.380403 0.665059
vt 0.399550 0.692915
vt 0.399470 0.692928
vt 0.163009 0.670770
vt 0.163068 0.670786
vt 0.149247 0.677487
vt 0.360603 0.684574
vt 0.366985 0.722564
vt 0.163119 0.670791
vt 0.357002 0.644616
vt 0.404566 0.712293
vt 0.399626 0.692900
vt 0.404509 0.712399
vt 0.147118 0.663350
vt 0.404442 0.712471
vt 0.408085 0.811300
vt 0.407792 0.831689
vt 0.407946 0.811304
vt 0.407651 0.831693
vt 0.407807 0.811308
vt 0.407510 0.831698
vt 0.406689 0.851570
vt 0.406549 0.851574
vt 0.406408 0.851581
vt 0.381275 0.791100
vt 0.381595 0.811968
vt 0.381411 0.791100
vt 0.381736 0.811967
vt 0.381548 0.791101
vt 0.381878 0.811965
vt 0.380320 0.770699
vt 0.380454 0.770700
vt 0.380589 0.770703
vt 0.407470 0.791026
vt 0.406005 0.771197
vt 0.407333 0.791028
vt 0.405869 0.771198
vt 0.407195 0.791030
vt 0.405733 0.771198
vt 0.380312 0.853385
vt 0.381235 0.832946
vt 0.380450 0.853379
vt 0.381375 0.832942
vt 0.380590 0.853369
vt 0.381516 0.832935
vt 0.377115 0.891035
vt 0.378947 0.872733
vt 0.377251 0.891025
vt 0.379083 0.872724
vt 0.377388 0.891011
vt 0.379220 0.872712
vt 0.404888 0.870399
vt 0.404750 0.870403
vt 0.404612 0.870411
vt 0.402396 0.888228
vt 0.402261 0.888234
vt 0.402125 0.888244
vt 0.399213 0.905290
vt 0.399079 0.905299
vt 0.398945 0.905314
vt 0.395338 0.921876
vt 0.395196 0.921898
vt 0.395051 0.921935
vt 0.370491 0.932388
vt 0.374569 0.909409
vt 0.370623 0.932352
vt 0.374704 0.909396
vt 0.370756 0.932301
vt 0.374840 0.909376
vt 0.371614 0.973937
vt 0.385894 0.953512
vt 0.371614 0.973688
vt 0.385843 0.953486
vt 0.371648 0.973387
vt 0.385798 0.953449
vt 0.390837 0.938114
vt 0.390677 0.938153
vt 0.390510 0.938226
vt 0.364871 0.962221
vt 0.365017 0.962103
vt 0.365167 0.961953
vt 0.378451 0.749712
vt 0.378591 0.749715
vt 0.378732 0.749723
vt 0.374233 0.722108
vt 0.374367 0.722137
vt 0.374504 0.722182
vt 0.403775 0.751922
vt 0.400770 0.732741
vt 0.403642 0.751919
vt 0.400629 0.732720
vt 0.403507 0.751911
vt 0.400485 0.732685
vt 0.375247 0.668471
vt 0.375238 0.668727
vt 0.375264 0.669038
vt 0.392628 0.694394
vt 0.392579 0.694414
vt 0.392533 0.694442
vt 0.367213 0.684407
vt 0.367366 0.684531
vt 0.367525 0.684692
vt 0.397014 0.713320
vt 0.396851 0.713282
vt 0.396681 0.713209
vt 0.359330 0.644857
vt 0.360417 0.645731
vt 0.358004 0.643867
vt 0.359527 0.644771
vt 0.358947 0.643355
vt 0.359902 0.642959
vt 0.359722 0.644690
vt 0.357880 0.992917
vt 0.359373 0.992031
vt 0.359049 0.991896
vt 0.359578 0.990811
vt 0.095204 0.682428
vt 0.099399 0.678184
vt 0.095185 0.682408
vt 0.099381 0.678164
vt 0.095166 0.682390
vt 0.099362 0.678145
vt 0.099341 0.678123
vt 0.091341 0.686801
vt 0.091322 0.686782
vt 0.091302 0.686764
vt 0.367368 0.846733
vt 0.368268 0.826766
vt 0.324515 0.786837
vt 0.325044 0.807633
vt 0.324930 0.807632
vt 0.324627 0.786829
vt 0.325142 0.807634
vt 0.324724 0.786823
vt 0.325240 0.807634
vt 0.323604 0.766557
vt 0.323712 0.766539
vt 0.323806 0.766526
vt 0.324820 0.786819
vt 0.108517 0.670497
vt 0.103853 0.674196
vt 0.108500 0.670476
vt 0.103836 0.674176
vt 0.108484 0.670455
vt 0.103798 0.674132
vt 0.108465 0.670430
vt 0.103818 0.674156
vt 0.324264 0.848942
vt 0.324926 0.828562
vt 0.324376 0.848961
vt 0.325025 0.828570
vt 0.324474 0.848975
vt 0.325122 0.828574
vt 0.324571 0.848983
vt 0.324812 0.828551
vt 0.322163 0.886356
vt 0.323506 0.868243
vt 0.322266 0.886393
vt 0.323601 0.868263
vt 0.322356 0.886420
vt 0.323696 0.868274
vt 0.322447 0.886436
vt 0.323398 0.868216
vt 0.087867 0.691193
vt 0.087848 0.691174
vt 0.087827 0.691157
vt 0.365708 0.865640
vt 0.084752 0.695637
vt 0.084733 0.695618
vt 0.084711 0.695602
vt 0.363316 0.883534
vt 0.081943 0.700211
vt 0.081923 0.700192
vt 0.081902 0.700176
vt 0.360221 0.900632
vt 0.079373 0.705015
vt 0.079357 0.704989
vt 0.079337 0.704971
vt 0.356466 0.917227
vt 0.316490 0.928461
vt 0.320308 0.904667
vt 0.316568 0.928543
vt 0.320391 0.904706
vt 0.316639 0.928609
vt 0.320476 0.904731
vt 0.316716 0.928652
vt 0.320215 0.904617
vt 0.074710 0.715243
vt 0.074896 0.726805
vt 0.074684 0.715248
vt 0.074864 0.726873
vt 0.074658 0.715254
vt 0.328785 0.975486
vt 0.347245 0.949408
vt 0.075110 0.738203
vt 0.074833 0.726920
vt 0.311423 0.995103
vt 0.076974 0.710107
vt 0.076965 0.710067
vt 0.076950 0.710039
vt 0.352138 0.933555
vt 0.310900 0.961057
vt 0.310958 0.961161
vt 0.311023 0.961230
vt 0.310838 0.960930
vt 0.321917 0.745808
vt 0.322017 0.745774
vt 0.322105 0.745747
vt 0.323899 0.766516
vt 0.318055 0.718530
vt 0.318140 0.718460
vt 0.318217 0.718403
vt 0.322193 0.745729
vt 0.118605 0.663838
vt 0.113385 0.667074
vt 0.118581 0.663822
vt 0.113367 0.667054
vt 0.118561 0.663802
vt 0.113334 0.667006
vt 0.118545 0.663775
vt 0.113351 0.667033
vt 0.141787 0.657687
vt 0.141847 0.657654
vt 0.141887 0.657621
vt 0.311786 0.639746
vt 0.130132 0.657640
vt 0.130131 0.657612
vt 0.130132 0.657584
vt 0.331005 0.661256
vt 0.311669 0.680979
vt 0.311738 0.680856
vt 0.311800 0.680756
vt 0.318297 0.718366
vt 0.311869 0.680690
vt 0.308141 0.641949
vt 0.124287 0.660691
vt 0.124248 0.660683
vt 0.124201 0.660642
vt 0.130123 0.657553
vt 0.124220 0.660668
vt 0.359944 0.806532
vt 0.359888 0.826871
vt 0.359806 0.806537
vt 0.359748 0.826877
vt 0.359667 0.806543
vt 0.359607 0.826884
vt 0.359042 0.846699
vt 0.358902 0.846705
vt 0.358761 0.846714
vt 0.332970 0.786641
vt 0.333505 0.807496
vt 0.333106 0.786640
vt 0.333646 0.807492
vt 0.333243 0.786640
vt 0.333788 0.807489
vt 0.331843 0.766269
vt 0.331976 0.766269
vt 0.332111 0.766271
vt 0.359118 0.786312
vt 0.357467 0.766551
vt 0.358981 0.786316
vt 0.357332 0.766553
vt 0.358843 0.786319
vt 0.357197 0.766554
vt 0.332777 0.848889
vt 0.333403 0.828465
vt 0.332914 0.848880
vt 0.333543 0.828458
vt 0.333053 0.848868
vt 0.333685 0.828450
vt 0.330246 0.886469
vt 0.331739 0.868207
vt 0.330379 0.886458
vt 0.331872 0.868196
vt 0.330513 0.886441
vt 0.332005 0.868181
vt 0.357512 0.865464
vt 0.357375 0.865471
vt 0.357238 0.865481
vt 0.355314 0.883217
vt 0.355180 0.883225
vt 0.355045 0.883238
vt 0.352463 0.900190
vt 0.352331 0.900202
vt 0.352198 0.900220
vt 0.348980 0.916679
vt 0.348840 0.916707
vt 0.348698 0.916752
vt 0.323669 0.929068
vt 0.327941 0.904978
vt 0.323801 0.929030
vt 0.328081 0.904965
vt 0.323935 0.928973
vt 0.328222 0.904944
vt 0.324144 0.972518
vt 0.340571 0.948339
vt 0.324151 0.972271
vt 0.340499 0.948309
vt 0.324194 0.971966
vt 0.340433 0.948268
vt 0.344944 0.932851
vt 0.344788 0.932899
vt 0.344624 0.932983
vt 0.317139 0.961379
vt 0.317279 0.961252
vt 0.317426 0.961089
vt 0.329837 0.745342
vt 0.329976 0.745344
vt 0.330117 0.745351
vt 0.325499 0.717885
vt 0.325633 0.717914
vt 0.325770 0.717957
vt 0.355080 0.747364
vt 0.351942 0.728302
vt 0.354947 0.747362
vt 0.351801 0.728282
vt 0.354813 0.747356
vt 0.351658 0.728248
vt 0.326259 0.664772
vt 0.326254 0.665031
vt 0.326283 0.665345
vt 0.343601 0.690303
vt 0.343552 0.690325
vt 0.343506 0.690353
vt 0.318401 0.680524
vt 0.318555 0.680651
vt 0.318715 0.680813
vt 0.348074 0.709039
vt 0.347911 0.709002
vt 0.347743 0.708931
vt 0.310593 0.641711
vt 0.311640 0.642576
vt 0.310900 0.641582
vt 0.310337 0.993446
vt 0.309281 0.994114
vt 0.310596 0.993553
vt 0.311260 0.995170
vt 0.310683 0.992532
vt 0.094053 0.940913
vt 0.265688 0.929215
vt 0.117885 0.965438
vt 0.275079 0.895091
vt 0.168325 0.784627
vt 0.045682 0.659633
vt 0.357068 0.644428
vt 0.183285 0.876173
vt 0.183301 0.876188
vt 0.117986 0.965383
vt 0.178129 0.894762
vt 0.293023 0.842741
vt 0.078360 0.767518
vt 0.179753 0.663191
vt 0.153595 0.657627
vt 0.153578 0.657667
vt 0.019236 0.891758
vt 0.040241 0.951941
vt 0.078788 0.767078
vt 0.133939 0.792805
vt 0.102602 0.721372
vt 0.095143 0.682368
vt 0.350364 0.688793
vt 0.310530 0.640118
vn -0.0000 -0.9998 -0.0175
vn -0.0000 0.9998 0.0175
vn -0.0000 0.9998 0.0174
vn -0.0016 0.9998 0.0175
vn -0.0001 -0.9998 -0.0175
vn -0.0538 -0.9937 -0.0985
vn -0.0584 -0.9937 -0.0955
vn -0.6045 0.3662 -0.7074
vn -0.6194 0.4553 -0.6396
vn -0.5793 0.4557 -0.6758
vn 0.0655 -0.9966 0.0509
vn 0.7406 0.2613 0.6191
vn 0.7486 0.3541 0.5605
vn 0.7743 0.2596 0.5771
vn -0.0784 -0.9941 -0.0750
vn -0.0749 -0.9941 -0.0791
vn -0.5624 0.3654 -0.7418
vn -0.5387 0.4549 -0.7092
vn 0.5719 0.2600 0.7780
vn 0.4907 0.3503 0.7978
vn 0.5528 0.3549 0.7540
vn 0.6645 0.2628 0.6996
vn 0.6815 0.3576 0.6385
vn 0.7052 0.2626 0.6585
vn -0.0705 -0.9941 -0.0827
vn -0.0670 -0.9939 -0.0874
vn 0.0688 -0.9965 0.0467
vn 0.7828 0.3506 0.5142
vn 0.8090 0.2565 0.5289
vn -0.8174 0.3456 -0.4609
vn -0.7548 0.4414 -0.4852
vn -0.7863 0.3518 -0.5079
vn -0.7533 0.3572 -0.5523
vn -0.6901 0.4508 -0.5662
vn -0.7200 0.3609 -0.5927
vn 0.8167 0.3454 0.4623
vn 0.8431 0.2523 0.4748
vn 0.8408 0.3405 0.4209
vn 0.8672 0.2483 0.4316
vn -0.8602 0.3364 -0.3833
vn -0.8120 0.4270 -0.3979
vn -0.8435 0.3395 -0.4162
vn -0.0826 -0.9941 -0.0707
vn 0.8513 0.3379 0.4014
vn 0.8774 0.2469 0.4113
vn 0.6819 0.3604 0.6365
vn 0.7823 0.0380 0.6217
vn -0.9456 0.2741 -0.1753
vn -0.8293 0.4211 -0.3673
vn -0.0918 -0.9939 -0.0619
vn -0.0869 -0.9940 -0.0661
vn -0.5185 0.3642 -0.7736
vn -0.4970 0.4529 -0.7402
vn -0.4770 0.3621 -0.8009
vn -0.4572 0.4499 -0.7672
vn 0.4444 0.2514 0.8598
vn 0.4006 0.3407 0.8505
vn 0.4312 0.3444 0.8340
vn 0.0606 -0.9967 0.0543
vn -0.4472 0.3617 -0.8181
vn -0.4290 0.4472 -0.7849
vn -0.2219 0.3157 -0.9226
vn -0.2218 0.4106 -0.8844
vn 0.4127 0.2499 0.8759
vn 0.6288 0.3607 0.6889
vn 0.0498 -0.9968 0.0621
vn -0.5924 0.5260 -0.6102
vn -0.5541 0.5264 -0.6449
vn -0.0664 0.9973 -0.0314
vn 0.7159 0.3564 0.6004
vn 0.7205 0.4341 0.5408
vn 0.0696 0.9956 0.0630
vn 0.0729 0.9956 0.0588
vn -0.5154 0.5259 -0.6766
vn -0.4757 0.5236 -0.7068
vn 0.6423 0.3579 0.6778
vn 0.5766 0.4377 0.6899
vn 0.6173 0.4381 0.6534
vn 0.6554 0.4379 0.6154
vn 0.5999 0.3571 0.7160
vn 0.5315 0.4354 0.7266
vn -0.6566 0.4536 -0.6026
vn -0.7225 0.4469 -0.5276
vn -0.6600 0.5222 -0.5401
vn -0.6913 0.5185 -0.5033
vn 0.7870 0.4255 0.4467
vn 0.0664 0.9955 0.0670
vn -0.7856 0.4346 -0.4405
vn -0.7228 0.5129 -0.4631
vn -0.7529 0.5059 -0.4210
vn 0.8223 0.4154 0.3890
vn 0.0770 0.9954 0.0562
vn -0.7790 0.4981 -0.3808
vn -0.9120 0.3700 -0.1770
vn -0.7968 0.4910 -0.3522
vn 0.6222 0.5194 0.5857
vn -0.0489 0.9976 -0.0483
vn 0.4716 0.4313 0.7692
vn 0.4147 0.4236 0.8053
vn -0.4384 0.5200 -0.7331
vn -0.4119 0.5164 -0.7508
vn -0.0420 0.9976 -0.0554
vn -0.0457 0.9976 -0.0517
vn 0.3860 0.4175 0.8226
vn 0.4056 0.4560 0.7922
vn -0.2241 0.4828 -0.8466
vn 0.6209 0.2618 0.7389
vn -0.0149 -0.0470 -0.9988
vn -0.0465 0.0550 -0.9974
vn -0.0634 0.1546 -0.9859
vn 0.0527 0.9954 0.0797
vn 0.0487 0.9953 0.0832
vn 0.6886 0.4367 0.5789
vn 0.0565 0.9955 0.0762
vn 0.0454 -0.9966 0.0682
vn -0.0624 -0.9939 -0.0911
vn 0.0399 0.9949 0.0924
vn -0.9977 -0.0684 0.0028
vn -0.9698 -0.2412 0.0367
vn -0.9990 0.0346 -0.0293
vn -0.9954 -0.0955 -0.0104
vn -0.9896 0.1358 -0.0463
vn -0.0697 0.9972 -0.0275
vn -0.6853 0.3639 -0.6309
vn -0.0529 0.9976 -0.0452
vn -0.6279 0.5249 -0.5747
vn 0.0002 -0.9936 -0.1134
vn 0.0431 -0.9964 0.0731
vn -0.0292 -0.9918 -0.1246
vn -0.0481 -0.9930 -0.1076
vn -0.0264 0.9970 -0.0728
vn -0.0403 0.9975 -0.0585
vn 0.0379 0.9946 0.0962
vn -0.0062 0.9970 -0.0772
vn -0.0957 -0.9936 -0.0596
vn 0.0763 -0.9963 0.0394
vn 0.7538 0.4306 0.4963
vn -0.0810 0.9965 -0.0184
vn 0.0001 0.9998 0.0176
vn 0.0729 -0.9964 0.0435
vn 0.0799 -0.9962 0.0351
vn 0.0603 0.9955 0.0735
vn 0.5067 0.2558 0.8233
vn 0.9945 0.1050 0.0016
vn 0.9951 -0.0001 0.0984
vn 0.9889 0.1297 0.0729
vn 0.0435 0.9953 0.0864
vn -0.0001 -0.9998 -0.0176
vn -0.1100 -0.9930 -0.0434
vn 0.0924 -0.9954 0.0259
vn -0.0962 -0.9952 -0.0155
vn 0.0801 0.9953 0.0552
vn -0.0947 0.9954 0.0127
vn -0.0155 0.9986 0.0501
vn -0.0926 0.9957 -0.0062
vn 0.0245 -0.2477 -0.9685
vn 0.0882 -0.4299 -0.8986
vn -0.0502 -0.9933 -0.1041
vn 0.2275 0.0978 -0.9688
vn -0.0778 0.9968 -0.0206
vn -0.6467 0.3656 -0.6695
vn 0.0630 0.9956 0.0699
vn -0.0737 0.9970 -0.0240
vn 0.0843 -0.9960 0.0304
vn 0.8116 0.4192 0.4070
vn -0.8770 0.4454 -0.1804
vn -0.0630 0.9974 -0.0347
vn -0.0598 0.9975 -0.0380
vn -0.0561 0.9976 -0.0411
vn 0.0565 -0.9967 0.0579
vn 0.0884 -0.9957 0.0268
vn -0.9999 -0.0047 -0.0133
vn -1.0000 -0.0008 -0.0005
vn -1.0000 0.0001 -0.0005
vn -0.0969 0.0272 0.9949
vn -0.0015 -0.0175 0.9998
vn -0.1060 -0.0173 0.9942
vn -0.0015 0.0636 0.9980
vn -0.0994 -0.0173 0.9949
vn -0.9907 -0.0984 0.0938
vn -1.0000 0.0002 -0.0015
vn -0.9952 -0.0977 -0.0032
vn -0.0143 0.0128 -0.9998
vn -0.0047 0.0239 -0.9997
vn -0.0912 0.1106 -0.9897
vn 0.9927 0.0712 -0.0970
vn 1.0000 0.0015 0.0002
vn -0.0797 -0.9967 -0.0176
vn 0.0018 -0.9933 -0.1154
vn 0.0016 -0.9998 -0.0174
vn -0.9951 0.0706 -0.0693
vn -0.9967 -0.0297 -0.0762
vn -0.0106 0.9997 0.0212
vn 0.0025 0.9998 0.0181
vn -0.0015 0.9999 0.0165
vn 0.9947 0.0028 -0.1028
vn 0.9812 0.1928 0.0074
vn 0.9903 0.0569 -0.1269
vn -0.0018 0.9933 0.1157
vn -0.0722 0.9960 -0.0529
vn -0.0761 0.9960 0.0475
vn 0.9953 -0.0972 0.0004
vn 0.9954 0.0027 -0.0957
vn 1.0000 0.0010 0.0021
vn -0.0021 0.9998 0.0184
vn 0.1493 0.9749 0.1651
vn 0.0008 0.0181 -0.9998
vn 0.1863 -0.1689 -0.9679
vn -0.0557 -0.1406 -0.9885
vn -0.0052 0.0173 -0.9998
vn -0.6217 -0.1021 -0.7766
vn -0.7017 -0.0818 -0.7078
vn -0.5391 -0.1874 -0.8211
vn -0.0022 0.0884 0.9961
vn 0.0956 -0.0172 0.9953
vn -0.0021 -0.0175 0.9998
vn -1.0000 0.0003 -0.0014
vn -0.9950 0.0019 -0.0996
vn -0.9691 -0.1781 0.1708
vn -0.9849 0.0527 0.1649
vn 0.0216 0.9991 0.0359
vn -0.0065 0.9999 0.0140
vn 0.0853 0.9963 0.0137
vn -0.7040 -0.0005 -0.7102
vn -0.7597 0.0097 -0.6502
vn 0.6042 -0.5276 0.5971
vn 0.6033 -0.6141 0.5089
vn 0.7515 -0.4733 0.4596
vn 0.0015 0.0168 -0.9999
vn -0.0959 0.0174 -0.9952
vn -0.0951 0.1124 -0.9891
vn -1.0000 0.0012 -0.0014
vn -0.9960 -0.0896 -0.0030
vn -0.0016 0.9998 0.0178
vn -0.0018 0.9941 0.1087
vn -0.1074 0.9941 0.0147
vn -0.0271 0.9762 0.2153
vn -0.9954 0.0961 0.0001
vn 0.0728 -0.9864 -0.1477
vn 0.0994 -0.9949 -0.0172
vn -0.7045 0.7065 -0.0671
vn -0.5580 0.8297 0.0153
vn -0.7069 0.7073 0.0109
vn -1.0000 0.0001 -0.0013
vn -0.9785 -0.2050 -0.0231
vn -0.7401 0.6668 0.0874
vn -0.7618 0.6478 0.0097
vn -0.0497 -0.9987 0.0075
vn 0.0018 -0.9925 -0.1224
vn -0.0020 0.9999 0.0161
vn -0.0016 0.9968 -0.0795
vn -0.0986 0.9918 -0.0814
vn 0.0064 0.0305 -0.9995
vn 0.0021 0.0175 -0.9998
vn 0.0939 0.0174 -0.9954
vn -0.9996 -0.0214 0.0184
vn 0.1908 0.9816 0.0007
vn 0.9964 -0.0201 -0.0819
vn 0.9950 0.0998 0.0021
vn -0.0015 -0.1157 0.9933
vn -0.1328 -0.0883 0.9872
vn -0.0752 0.7187 -0.6913
vn -0.0005 0.5727 -0.8198
vn 0.0012 0.7206 -0.6934
vn 0.5182 -0.6151 0.5943
vn 0.4683 -0.4809 0.7413
vn 0.0011 0.7747 -0.6323
vn -0.1009 0.7513 -0.6522
vn -0.1309 -0.9899 0.0540
vn -0.1060 -0.9942 -0.0175
vn 0.0008 0.1099 -0.9939
vn 0.0017 0.0109 -0.9999
vn 0.9893 -0.0678 -0.1293
vn 0.2380 0.2712 -0.9326
vn 0.4699 -0.7542 0.4586
vn 0.5760 -0.5878 0.5680
vn -0.9906 0.0972 -0.0962
vn -0.0984 -0.1143 0.9886
vn -0.2063 0.7382 -0.6423
vn -0.0973 0.7171 -0.6901
vn 0.0950 0.0797 0.9923
vn -0.0022 0.0804 0.9968
vn -0.7058 0.0175 -0.7082
vn -0.6043 0.0063 -0.7967
vn -0.7665 0.1680 -0.6199
vn -0.7032 0.7056 -0.0870
vn 0.0986 -0.9886 -0.1141
vn -0.7669 0.6239 -0.1503
vn 0.0028 1.0000 0.0056
vn -0.0880 0.9934 -0.0736
vn -0.0830 -0.0175 0.9964
vn -0.0559 0.1133 0.9920
vn -0.1061 0.1420 0.9842
vn 0.9904 0.0966 0.0987
vn 0.0222 -0.0044 -0.9997
vn 0.0994 -0.0796 -0.9919
vn 0.1002 0.0175 -0.9948
vn -0.0671 0.0866 -0.9940
vn 0.0326 0.0911 -0.9953
vn -0.9959 -0.0014 0.0903
vn -0.9999 0.0098 0.0035
vn -0.9953 -0.0015 0.0967
vn -0.9968 0.0735 0.0305
vn -0.0003 -0.9968 0.0805
vn -0.0984 -0.9950 -0.0175
vn 0.0967 0.9952 0.0174
vn 0.0306 0.9975 -0.0640
vn 0.0953 0.9889 0.1143
vn 0.0022 -0.0810 -0.9967
vn 0.0022 -0.0805 -0.9968
vn -0.0716 -0.0140 -0.9973
vn 0.9871 0.0191 -0.1592
vn -0.9922 0.0894 -0.0873
vn -0.0017 -0.9776 -0.2104
vn -0.1312 -0.9888 -0.0716
vn -0.1456 -0.9638 -0.2233
vn 0.9947 0.0833 -0.0599
vn 1.0000 -0.0001 -0.0093
vn 0.9947 0.0798 -0.0645
vn -0.3587 0.7358 -0.5745
vn -0.4495 0.6701 -0.5906
vn -0.4490 0.7048 -0.5492
vn 0.9961 -0.0707 0.0533
vn -0.2656 -0.6415 0.7197
vn -0.3571 -0.5818 0.7308
vn -0.2626 -0.6012 0.7547
vn 0.9945 0.0607 -0.0856
vn 0.9946 0.0646 -0.0818
vn -0.3574 0.7686 -0.5306
vn -0.4472 0.7366 -0.5074
vn -0.2683 -0.7944 0.5450
vn -0.3600 -0.8093 0.4642
vn -0.3631 -0.7678 0.5279
vn -0.2689 -0.7191 0.6407
vn -0.3626 -0.6571 0.6608
vn -0.2674 -0.6799 0.6829
vn 0.9946 0.0684 -0.0778
vn 0.9947 0.0722 -0.0735
vn 0.9961 -0.0670 0.0574
vn -0.3524 -0.5369 0.7666
vn -0.2581 -0.5543 0.7913
vn -0.3447 0.4971 -0.7963
vn -0.4397 0.5207 -0.7318
vn -0.3501 0.5429 -0.7633
vn -0.3536 0.5864 -0.7288
vn -0.4470 0.5993 -0.6640
vn -0.3571 0.6254 -0.6938
vn -0.3460 -0.4864 0.8023
vn -0.2530 -0.5016 0.8273
vn -0.3401 -0.4460 0.8279
vn -0.2479 -0.4592 0.8530
vn -0.3371 0.4215 -0.8418
vn -0.4274 0.4354 -0.7923
vn -0.3400 0.4532 -0.8240
vn 0.9943 0.0566 -0.0902
vn -0.3371 -0.4269 0.8391
vn -0.2456 -0.4396 0.8640
vn -0.3413 -0.4636 0.8177
vn -0.0419 -0.6498 0.7590
vn -0.2803 0.2153 -0.9355
vn -0.4222 0.4053 -0.8109
vn 0.9939 0.0480 -0.0995
vn 0.9942 0.0521 -0.0944
vn -0.3542 0.7990 -0.4859
vn -0.4442 0.7661 -0.4646
vn -0.3522 0.8243 -0.4432
vn -0.4403 0.7915 -0.4238
vn -0.2629 -0.8712 0.4146
vn -0.3521 -0.8588 0.3721
vn -0.3552 -0.8433 0.4033
vn 0.9960 -0.0743 0.0489
vn -0.3510 0.8404 -0.4129
vn -0.4370 0.8081 -0.3950
vn -0.3015 0.9355 -0.1842
vn -0.3967 0.8992 -0.1847
vn -0.2615 -0.8863 0.3822
vn -0.3613 -0.8038 0.4726
vn 0.9959 -0.0816 0.0378
vn -0.5209 0.6408 -0.5639
vn -0.5201 0.6742 -0.5243
vn -1.0000 0.0001 0.0093
vn -0.9972 0.0514 -0.0552
vn -0.3603 -0.6204 0.6966
vn -0.4372 -0.5596 0.7041
vn -0.9959 -0.0481 0.0771
vn -0.9957 -0.0444 0.0810
vn -0.5185 0.7045 -0.4845
vn -0.5155 0.7330 -0.4438
vn -0.3640 -0.6949 0.6202
vn -0.4445 -0.7032 0.5549
vn -0.4444 -0.6678 0.5971
vn -0.4427 -0.6318 0.6363
vn -0.3642 -0.7315 0.5764
vn -0.4434 -0.7383 0.5082
vn -0.4488 0.6345 -0.6292
vn -0.4441 0.5619 -0.6979
vn -0.5184 0.5735 -0.6343
vn -0.5157 0.5379 -0.6669
vn -0.4257 -0.4682 0.7743
vn -0.9959 -0.0521 0.0739
vn -0.4339 0.4771 -0.7643
vn -0.5110 0.4989 -0.7000
vn -0.5054 0.4575 -0.7316
vn -0.4145 -0.4120 0.8115
vn -1.0000 -0.0000 0.0093
vn -0.9955 -0.0416 0.0851
vn -0.4986 0.4183 -0.7592
vn -0.3753 0.2174 -0.9011
vn -0.4921 0.3902 -0.7782
vn -0.4539 -0.4289 0.7810
vn -0.9971 0.0671 -0.0370
vn -0.4401 -0.7787 0.4471
vn -0.4336 -0.8130 0.3887
vn -0.5112 0.7577 -0.4055
vn -0.5064 0.7747 -0.3786
vn -0.9968 0.0743 -0.0301
vn -0.9970 0.0705 -0.0334
vn -0.4290 -0.8288 0.3593
vn -0.4680 -0.7989 0.3778
vn -0.4692 0.8629 -0.1877
vn -0.2696 -0.7569 0.5954
vn 0.0652 0.9976 0.0218
vn -0.0376 0.9993 -0.0089
vn -0.1376 0.9902 -0.0252
vn -0.9961 -0.0643 0.0598
vn -0.9962 -0.0675 0.0555
vn -0.4406 -0.5966 0.6708
vn -0.9961 -0.0611 0.0636
vn 0.9956 -0.0875 0.0332
vn 0.9947 0.0761 -0.0690
vn -0.9961 -0.0757 0.0462
vn 0.0593 0.0333 -0.9977
vn 0.1557 -0.2434 -0.9573
vn -0.0434 0.0672 -0.9968
vn -0.1587 -0.1228 -0.9797
vn -0.1437 0.0856 -0.9859
vn -0.9971 0.0477 -0.0589
vn -0.3584 0.6626 -0.6576
vn -0.9971 0.0643 -0.0411
vn -0.5201 0.6070 -0.6009
vn 0.9954 0.0954 -0.0055
vn 0.9952 -0.0923 0.0309
vn 0.9935 0.1081 -0.0344
vn 0.9944 0.0913 -0.0538
vn -0.9957 0.0916 -0.0138
vn -0.9966 0.0773 -0.0282
vn -0.9958 -0.0803 0.0444
vn -0.9954 0.0952 0.0066
vn 1.0000 -0.0000 -0.0093
vn 0.9936 0.0458 -0.1034
vn 0.9961 -0.0601 0.0651
vn -0.4324 -0.5166 0.7390
vn -0.9968 0.0388 -0.0702
vn -1.0000 -0.0001 0.0094
vn 0.9961 -0.0639 0.0616
vn 0.9961 -0.0551 0.0682
vn -0.9960 -0.0581 0.0672
vn -0.2657 -0.8370 0.4784
vn -0.1838 0.1186 0.9758
vn -0.1020 0.0677 0.9925
vn -0.1807 0.1232 0.9758
vn -0.9962 -0.0710 0.0503
vn 1.0000 -0.0000 -0.0094
vn 0.9925 0.0299 -0.1182
vn 0.9956 -0.0467 0.0812
vn 0.9945 0.0016 -0.1048
vn -0.9953 -0.0405 0.0880
vn -0.9963 0.0083 -0.0853
vn -0.9995 -0.0321 -0.0074
vn -0.9963 0.0269 -0.0820
vn 0.2471 0.9598 0.1335
vn 0.4455 0.8875 0.1178
vn 0.9946 0.0878 -0.0559
vn -0.0777 0.9614 0.2641
vn -0.9969 0.0407 -0.0669
vn -0.3597 0.6995 -0.6176
vn -0.9960 -0.0551 0.0706
vn -0.9970 0.0442 -0.0629
vn 0.9960 -0.0511 0.0732
vn -0.4184 -0.4299 0.8001
vn -0.4502 0.2210 -0.8652
vn -0.9972 0.0544 -0.0515
vn -0.9972 0.0573 -0.0481
vn -0.9971 0.0610 -0.0449
vn 0.9960 -0.0774 0.0438
vn 0.9958 -0.0478 0.0777
vn -0.6884 0.5568 -0.4649
vn -0.6136 0.5674 -0.5492
vn -0.6486 0.5263 -0.5499
vn -0.0325 0.0048 0.9995
vn 0.6567 -0.7378 -0.1562
vn 0.6064 -0.7539 -0.2528
vn 0.6159 -0.7725 -0.1547
vn -0.1610 0.1440 0.9764
vn -0.1649 0.1401 0.9763
vn -0.7217 0.5134 -0.4643
vn -0.6809 0.4848 -0.5489
vn 0.8111 -0.5644 -0.1536
vn 0.8363 -0.4893 -0.2476
vn 0.7945 -0.5528 -0.2514
vn 0.7351 -0.6597 -0.1563
vn 0.6828 -0.6848 -0.2545
vn 0.6953 -0.7014 -0.1568
vn -0.1689 0.1364 0.9762
vn -0.1729 0.1320 0.9761
vn -0.0358 0.0004 0.9994
vn 0.5577 -0.7913 -0.2505
vn 0.5653 -0.8106 -0.1532
vn -0.4496 0.7778 -0.4392
vn -0.4642 0.7080 -0.5322
vn -0.4949 0.7447 -0.4477
vn -0.5382 0.7102 -0.4539
vn -0.5425 0.6404 -0.5437
vn -0.5773 0.6754 -0.4588
vn 0.4913 -0.8355 -0.2461
vn 0.4969 -0.8549 -0.1490
vn 0.4288 -0.8707 -0.2408
vn 0.4335 -0.8891 -0.1466
vn -0.3741 0.8224 -0.4286
vn -0.3799 0.7686 -0.5147
vn -0.4060 0.8049 -0.4327
vn -0.1567 0.1483 0.9764
vn 0.3973 -0.8864 -0.2377
vn 0.4023 -0.9038 -0.1460
vn 0.4282 -0.8710 -0.2407
vn 0.4877 -0.8729 0.0122
vn -0.1805 0.9156 -0.3594
vn -0.3503 0.7872 -0.5075
vn -0.0946 0.0689 0.9931
vn -0.1359 0.1414 0.9806
vn -0.1505 0.1508 0.9770
vn -0.7525 0.4691 -0.4622
vn -0.7110 0.4425 -0.5465
vn -0.7788 0.4269 -0.4596
vn -0.7372 0.4021 -0.5429
vn 0.8885 -0.4345 -0.1473
vn 0.8858 -0.3972 -0.2400
vn 0.8703 -0.4284 -0.2428
vn -0.0284 0.0088 0.9996
vn -0.7951 0.3967 -0.4587
vn -0.7544 0.3737 -0.5397
vn -0.8976 0.1720 -0.4058
vn -0.8516 0.1666 -0.4970
vn 0.9038 -0.4021 -0.1465
vn 0.8305 -0.4987 -0.2481
vn -0.0212 0.0200 0.9996
vn -0.5774 0.5364 -0.6155
vn -0.6109 0.4971 -0.6162
vn 0.1020 -0.0677 -0.9925
vn 0.0514 -0.0028 -0.9987
vn 0.6456 -0.7202 -0.2541
vn 0.5927 -0.7315 -0.3369
vn 0.1466 -0.1364 -0.9797
vn 0.0944 -0.0678 -0.9932
vn 0.1316 -0.1454 -0.9806
vn -0.6421 0.4576 -0.6150
vn -0.6712 0.4176 -0.6125
vn 0.7210 -0.6446 -0.2544
vn 0.7383 -0.5841 -0.3373
vn 0.7026 -0.6260 -0.3383
vn 0.6660 -0.6648 -0.3384
vn 0.7579 -0.6011 -0.2534
vn 0.7735 -0.5377 -0.3354
vn -0.5778 0.6057 -0.5471
vn -0.5052 0.6741 -0.5389
vn -0.5098 0.6064 -0.6103
vn -0.4741 0.6388 -0.6060
vn 0.4809 -0.8126 -0.3292
vn 0.1521 -0.1315 -0.9796
vn 0.1012 -0.0681 -0.9925
vn -0.4211 0.7405 -0.5239
vn -0.4358 0.6720 -0.5987
vn -0.3947 0.7035 -0.5910
vn 0.3888 -0.8649 -0.3176
vn 0.0753 -0.0568 -0.9955
vn 0.1077 -0.1496 -0.9829
vn -0.3568 0.7324 -0.5799
vn -0.1765 0.8750 -0.4509
vn -0.3300 0.7528 -0.5695
vn 0.4050 -0.8394 -0.3623
vn 0.0354 -0.0207 -0.9992
vn 0.8142 -0.4767 -0.3314
vn 0.8483 -0.4183 -0.3246
vn -0.6967 0.3796 -0.6087
vn -0.7142 0.3529 -0.6045
vn 0.0284 -0.0278 -0.9992
vn 0.0324 -0.0246 -0.9992
vn 0.8640 -0.3888 -0.3199
vn 0.6824 -0.5884 -0.4336
vn -0.8081 0.1651 -0.5655
vn 0.7734 -0.6147 -0.1548
vn -0.9992 -0.0120 -0.0370
vn -0.9900 0.0127 -0.1405
vn -0.9707 0.0231 -0.2393
vn 0.1648 -0.1180 -0.9792
vn 0.1680 -0.1141 -0.9792
vn 0.6304 -0.6990 -0.3376
vn 0.1616 -0.1218 -0.9793
vn -0.0154 0.0246 0.9996
vn -0.1765 0.1274 0.9760
vn 0.1763 -0.1046 -0.9788
vn -0.0244 0.9997 0.0002
vn -0.0305 0.9840 0.1754
vn -0.0490 0.9930 -0.1072
vn 0.1530 0.9514 -0.2674
vn -0.0608 0.9763 -0.2077
vn 0.0552 0.0008 -0.9985
vn -0.6145 0.6397 -0.4618
vn 0.0385 -0.0168 -0.9991
vn -0.5433 0.5731 -0.6134
vn -0.1967 0.0643 0.9783
vn -0.0099 0.0267 0.9996
vn -0.2087 0.0931 0.9735
vn -0.1925 0.1125 0.9748
vn 0.0112 -0.0439 -0.9990
vn 0.0251 -0.0296 -0.9992
vn 0.1813 -0.1029 -0.9780
vn 0.0071 -0.0642 -0.9979
vn -0.0774 0.0625 0.9950
vn -0.1134 0.1090 0.9875
vn -0.0434 -0.0065 0.9990
vn -0.1012 0.0681 0.9925
vn 0.5460 -0.7684 -0.3339
vn 0.0250 0.0739 -0.9970
vn 0.0488 -0.0272 -0.9984
vn -0.0395 -0.0031 0.9992
vn -0.0462 -0.0088 0.9989
vn 0.1585 -0.1256 -0.9793
vn 0.8539 -0.4982 -0.1505
vn 0.1715 -0.1087 -0.9792
vn -0.0550 0.0415 0.9976
vn -0.0753 0.0687 0.9948
vn -0.0105 -0.0324 0.9994
vn -0.0436 0.1254 0.9911
vn 0.0861 -0.1342 -0.9872
vn 0.0283 0.0785 -0.9965
vn 0.0651 -0.0252 -0.9976
vn 0.0117 0.1415 -0.9899
vn -0.9812 -0.1100 0.1588
vn -0.9164 -0.1716 0.3616
vn -0.1889 0.1146 0.9753
vn -0.9999 -0.0008 0.0151
vn 0.0470 0.0289 -0.9985
vn -0.6517 0.5997 -0.4644
vn 0.1554 -0.1287 -0.9794
vn 0.0564 0.0072 -0.9984
vn -0.0421 -0.0074 0.9991
vn 0.4195 -0.8488 -0.3217
vn -0.1751 0.8398 -0.5140
vn 0.0482 -0.0062 -0.9988
vn 0.0455 -0.0097 -0.9989
vn 0.0417 -0.0132 -0.9990
vn -0.0253 0.0140 0.9996
vn -0.0268 -0.0133 0.9996
vn -0.8882 -0.4171 0.1929
vn -0.6708 -0.7173 0.1887
vn -0.8860 -0.3652 0.2855
vn -0.7945 -0.6051 0.0510
vn -0.3782 -0.9136 0.1495
vn -0.7172 -0.6542 0.2401
vn -0.3920 -0.8853 0.2501
vn 0.3026 -0.9361 0.1791
vn -0.2512 -0.9671 0.0396
vn 0.0050 -0.9996 0.0289
vn 0.3330 -0.9149 0.2282
vn -0.0019 -0.9894 0.1452
vn -0.5314 -0.8465 0.0314
vn 0.0016 -0.9789 0.2042
vn 0.6853 -0.4473 0.5748
vn 0.8686 -0.1688 0.4658
vn 0.6711 -0.2529 0.6969
vn 0.7292 -0.1531 0.6670
vn 0.7410 -0.4852 0.4643
vn 0.8604 -0.3230 0.3941
vn 0.4193 -0.7357 0.5320
vn 0.1620 -0.7250 -0.6695
vn 0.0430 -0.6060 -0.7943
vn 0.3672 -0.5178 -0.7727
vn 0.3211 -0.7216 -0.6133
vn 0.1480 -0.9100 -0.3872
vn 0.0334 -0.8429 -0.5371
vn 0.2430 -0.8829 -0.4018
vn 0.5196 0.0874 0.8499
vn 0.5624 -0.4529 0.6918
vn 0.6151 -0.2688 0.7412
vn 0.4702 -0.1649 0.8670
vn 0.4678 -0.4798 0.7423
vn 0.6244 -0.4119 0.6637
vn 0.5315 -0.7423 0.4081
vn 0.0493 -0.9632 -0.2644
vn 0.1951 -0.9379 0.2869
vn 0.0451 -0.9989 -0.0119
vn 0.1564 -0.9876 -0.0163
vn 0.2419 -0.9171 0.3168
vn 0.2110 -0.9773 -0.0167
vn -0.8644 0.4955 0.0849
vn -0.9744 0.2245 -0.0134
vn -0.9952 -0.0926 0.0308
vn -0.8335 0.5318 0.1499
vn -0.8636 0.5041 0.0103
vn -0.6907 0.7231 0.0063
vn -0.5225 0.8297 0.1962
vn 0.5427 0.7463 0.3854
vn 0.4867 0.5150 0.7056
vn 0.6899 0.6334 0.3506
vn 0.3000 0.9200 0.2521
vn 0.7035 0.4645 0.5379
vn 0.2761 0.9086 0.3134
vn 0.3991 0.8636 0.3080
vn -0.3201 0.9464 0.0420
vn 0.2116 0.9650 0.1551
vn -0.0446 0.9902 0.1321
vn 0.4579 0.8534 0.2491
vn -0.0522 0.9862 0.1569
vn 0.0868 0.4923 -0.8661
vn 0.2917 0.3887 -0.8740
vn -0.0311 0.2211 -0.9748
vn -0.0127 0.5025 -0.8645
vn 0.1555 -0.0128 -0.9878
vn 0.1750 0.8403 -0.5131
vn 0.0918 0.7749 -0.6253
vn 0.1377 0.9642 0.2268
vn 0.0192 0.9515 -0.3071
vn 0.0313 0.9995 0.0016
vn 0.2346 0.8514 0.4691
vn 0.1116 0.9933 -0.0297
vn -0.0174 0.7275 -0.6859
vn 0.2367 0.9196 0.3136
vn 0.1387 0.9897 -0.0343
vn 0.3468 0.7536 0.5584
vn 0.3409 0.6335 0.6946
vn 0.4373 0.4690 0.7674
vn 0.3720 0.7711 0.5168
vn 0.2975 0.9095 0.2905
vn 0.9058 0.2399 0.3493
vn 0.8541 0.5074 0.1143
vn 0.5953 0.5272 0.6064
vn 0.6544 0.6418 0.3998
vn 0.5483 0.8176 0.1758
vn 0.1030 0.4950 0.8628
vn 0.3437 0.2289 0.9108
vn 0.0691 0.1141 0.9911
vn 0.1642 0.8475 0.5048
vn 0.3849 0.6353 0.6695
vn 0.4150 0.7979 0.4371
vn 0.1891 0.9478 0.2569
vn 0.1273 0.9792 0.1580
vn 0.9501 0.1641 -0.2654
vn 0.8508 0.0239 -0.5249
vn -0.0692 0.3829 -0.9212
vn -0.6697 0.7423 -0.0220
vn -0.6486 0.6699 -0.3613
vn -0.5633 0.7952 -0.2243
vn 0.3502 0.5594 -0.7513
vn 0.4499 0.3881 -0.8043
vn 0.2708 0.6637 -0.6972
vn 0.5146 0.2699 -0.8138
vn 0.7920 -0.1531 -0.5911
vn 0.5453 0.7581 -0.3577
vn 0.4769 0.7812 -0.4028
vn 0.5300 0.7571 -0.3820
vn -0.2219 0.8680 -0.4442
vn -0.1071 0.7921 -0.6010
vn 0.4521 0.8099 -0.3738
vn 0.7160 0.6767 0.1715
vn -0.1579 0.2572 0.9534
vn -0.0163 0.4720 0.8815
vn -0.6496 0.7086 0.2754
vn -0.5562 0.7546 0.3483
vn -0.4119 0.8177 0.4022
vn -0.2449 0.8925 0.3788
vn -0.2475 0.8994 0.3602
vn -0.7352 0.1127 -0.6685
vn -0.6412 0.4412 -0.6278
vn -0.7734 0.3016 -0.5575
vn 0.3892 0.4079 0.8259
vn 0.3893 0.4079 0.8259
vn 0.3893 0.4079 0.8258
vn -0.3174 0.8412 0.4377
vn -0.4865 -0.8483 -0.2089
vn -0.5815 -0.7922 -0.1854
vn -0.8293 -0.2035 -0.5205
vn -0.8799 -0.3371 -0.3350
vn -0.7372 0.5276 -0.4220
vn -0.6438 0.6513 -0.4017
vn -0.0981 0.6807 -0.7260
vn -0.4390 0.6409 -0.6297
vn -0.2908 0.5703 -0.7682
vn -0.7064 0.5451 -0.4515
vn -0.6245 -0.7575 0.1903
vn -0.6048 -0.7706 0.2012
vn 0.8339 -0.1428 -0.5332
vn 0.9069 -0.3476 -0.2381
vn 0.5912 -0.0309 -0.8060
vn 0.5269 -0.5147 -0.6764
vn 0.5956 -0.5823 -0.5533
vn 0.2781 -0.7098 -0.6471
vn 0.4810 -0.4761 -0.7362
vn 0.1620 -0.5342 -0.8297
vn 0.2383 -0.1770 -0.9549
vn 0.1450 -0.1052 -0.9838
vn 0.3233 -0.2669 -0.9079
vn 0.3542 -0.9016 -0.2482
vn 0.1541 -0.8229 -0.5470
vn -0.0532 -0.9974 -0.0476
vn -0.1572 -0.9696 -0.1873
vn -0.4536 0.8912 -0.0060
vn -0.5423 -0.2123 -0.8129
vn -0.5422 -0.2123 -0.8130
vn -0.8063 0.5822 -0.1049
vn -0.7422 0.6647 0.0855
vn 0.4744 -0.8787 0.0522
vn 0.4753 -0.8763 0.0787
vn 0.4439 -0.7512 0.4886
vn -0.5108 -0.8550 0.0895
vn -0.2450 -0.9120 0.3291
vn -0.8279 -0.5350 0.1684
vn -0.6478 -0.6637 0.3740
vn -0.5374 -0.6068 0.5856
vn -0.7960 -0.4361 0.4198
vn -0.9654 -0.1923 0.1760
vn -0.8613 -0.1933 0.4699
vn -0.9571 -0.1850 0.2231
vn -0.2459 -0.3609 0.8996
vn -0.5121 -0.1199 0.8505
vn -0.6485 -0.3980 0.6489
vn -0.6378 0.4195 0.6459
vn -0.4932 0.1868 0.8496
vn -0.4512 0.1293 0.8830
vn -0.8838 0.3329 0.3288
vn -0.7922 0.4445 -0.4182
vn -0.8640 0.3100 0.3966
vn -0.8209 0.5240 0.2272
vn -0.8208 0.5240 0.2273
vn -0.2897 0.7876 -0.5438
vn -0.4373 0.6544 -0.6168
vn -0.6320 -0.2112 0.7456
vn -0.6819 -0.1576 0.7143
vn -0.6899 -0.1484 0.7085
vn -0.5924 -0.2499 0.7659
vn 0.4902 0.8387 0.2372
vn 0.1195 0.9275 -0.3541
vn 0.6015 0.7514 0.2714
vn 0.3377 0.9253 -0.1723
vn 0.0855 0.7179 -0.6909
vn 0.4348 0.8960 -0.0903
vn 0.2174 0.9069 -0.3610
vn 0.8901 -0.3249 0.3195
vn 0.7878 -0.2015 0.5821
vn 0.7883 -0.5862 0.1870
vn 0.8916 -0.4429 0.0942
vn 0.8906 -0.0995 0.4439
vn 0.7485 -0.0230 0.6627
vn 0.9222 0.2829 -0.2637
vn 0.9222 0.2826 -0.2639
vn 0.8875 0.0798 -0.4539
vn 0.1376 0.4269 -0.8938
vn 0.6112 -0.2121 -0.7625
vn 0.3406 0.2085 -0.9168
vn 0.6082 -0.2460 -0.7547
vn 0.2168 0.3973 -0.8917
vn 0.4389 0.1247 -0.8898
vn -0.8450 -0.2517 0.4718
vn -0.9234 0.3614 0.1291
vn -0.7718 -0.1323 0.6219
vn -0.9010 0.2311 0.3671
vn -0.7144 0.6868 0.1338
vn -0.8173 0.3908 0.4234
vn -0.6763 0.6500 0.3467
vn 0.2259 -0.2475 0.9422
vn 0.2049 -0.5974 0.7754
vn 0.5822 -0.1994 0.7882
vn 0.3067 -0.1045 0.9460
vn 0.0977 -0.3319 0.9383
vn 0.0310 -0.6739 0.7381
vn 0.0270 -0.0525 0.9983
vn -0.3901 0.9104 0.1379
vn 0.2450 0.8336 0.4951
vn -0.2607 0.8882 0.3784
vn 0.2568 0.7449 0.6158
vn -0.4245 0.7964 0.4308
vn -0.1274 0.9189 -0.3734
vn -0.3923 0.9129 -0.1125
vn -0.1099 0.7127 -0.6928
vn -0.3665 0.8615 -0.3513
vn -0.7087 0.6984 -0.0997
vn -0.5802 0.5830 -0.5687
vn -0.6711 0.6698 -0.3177
vn -0.3861 0.1395 -0.9118
vn -0.1250 0.3998 -0.9080
vn -0.7032 0.1201 -0.7008
vn -0.3638 0.3749 -0.8527
vn -0.3288 0.6770 -0.6585
vn -0.9156 0.3839 -0.1195
vn -0.9137 0.1303 -0.3849
vn -0.8596 0.3649 -0.3576
vn -0.6691 0.3359 -0.6630
vn 0.2361 -0.4526 -0.8599
vn -0.3679 -0.1087 -0.9235
vn 0.2724 -0.6066 -0.7468
vn -0.2410 -0.3499 -0.9053
vn -0.6970 -0.1128 -0.7081
vn -0.4040 -0.4068 -0.8193
vn -0.6614 -0.3279 -0.6746
vn 0.2376 -0.9464 0.2189
vn 0.5837 -0.7893 0.1907
vn 0.2032 -0.7960 0.5702
vn 0.1049 -0.9484 0.2991
vn 0.3183 -0.9441 0.0857
vn 0.6600 -0.7511 0.0137
vn 0.0447 -0.9988 0.0221
vn -0.9174 -0.1196 -0.3795
vn -0.8279 -0.5006 0.2529
vn -0.8957 -0.3641 -0.2554
vn -0.7350 -0.6264 0.2596
vn -0.8065 -0.4163 -0.4197
vn 0.9816 0.1482 -0.1204
vn 0.8131 0.4925 -0.3104
vn 0.9045 0.4187 -0.0806
vn 0.9558 0.1802 -0.2323
vn 0.7550 0.5304 -0.3856
vn 0.7573 0.6051 -0.2455
vn 0.6477 0.7596 -0.0586
vn 0.6418 0.6417 -0.4199
vn -0.3575 0.4415 -0.8230
vn -0.5554 -0.0437 -0.8304
vn -0.6008 0.3072 -0.7380
vn -0.3686 0.5441 -0.7537
vn 0.2741 -0.0111 -0.9616
vn 0.0238 0.2059 -0.9783
vn 0.4007 -0.1139 -0.9091
vn -0.1173 0.6102 -0.7835
vn -0.1867 0.6371 -0.7478
vn 0.3245 0.9428 -0.0766
vn -0.1741 0.9394 -0.2954
vn 0.1166 0.9598 -0.2552
vn -0.4332 0.7228 -0.5383
vn 0.2325 0.9312 -0.2808
vn 0.0727 0.9331 -0.3523
vn 0.9200 0.3778 0.1041
vn 0.9202 0.0923 0.3805
vn 0.7029 0.7036 0.1042
vn 0.8484 0.3683 0.3803
vn 0.7029 0.0806 0.7067
vn 0.6594 0.6561 0.3669
vn 0.6596 0.3443 0.6681
vn 0.0948 0.9140 0.3945
vn 0.3766 0.9194 0.1133
vn 0.0895 0.6921 0.7162
vn 0.3715 0.8435 0.3880
vn 0.3526 0.6503 0.6729
vn 0.3766 0.0815 0.9228
vn 0.0952 0.3627 0.9271
vn 0.3714 0.3588 0.8564
vn -0.2853 0.5334 0.7963
vn -0.1623 0.1310 0.9780
vn -0.0836 0.4075 0.9094
vn -0.2574 0.8194 0.5122
vn -0.8575 0.1728 0.4847
vn -0.5598 0.5035 0.6581
vn -0.9202 0.0884 0.3813
vn -0.5491 0.8005 0.2400
vn -0.2890 0.9461 -0.1465
vn -0.0905 0.9382 0.3341
vn -0.5008 0.7721 -0.3913
vn -0.2559 0.9591 0.1212
vn -0.0704 0.7542 0.6528
vn -0.5338 0.8308 -0.1577
vn -0.7574 0.5525 -0.3480
vn -0.6952 0.4325 -0.5741
vn -0.8206 0.2282 -0.5239
vn -0.7635 0.5982 -0.2432
vn 0.9212 -0.3755 -0.1018
vn 0.9213 -0.0898 -0.3783
vn 0.9908 -0.0945 -0.0966
vn 0.7052 -0.7015 -0.1028
vn 0.8503 -0.3665 -0.3778
vn 0.7054 -0.0790 -0.7044
vn 0.6626 -0.6538 -0.3654
vn 0.6628 -0.3431 -0.6656
vn 0.0991 -0.9136 -0.3943
vn 0.3797 -0.9182 -0.1124
vn 0.0944 -0.6917 -0.7160
vn 0.3753 -0.8419 -0.3877
vn 0.3573 -0.6488 -0.6718
vn 0.3804 -0.0807 -0.9213
vn 0.0999 -0.3624 -0.9267
vn 0.3757 -0.3581 -0.8547
vn 0.9094 0.0393 -0.4140
vn 0.9693 0.2328 -0.0789
vn 0.8892 0.0280 -0.4566
vn 0.7432 0.0535 -0.6669
vn 0.3878 0.6174 -0.6844
vn 0.5598 0.5713 -0.6002
vn 0.7177 0.4817 -0.5028
vn 0.4502 0.4994 -0.7403
vn 0.2789 0.6818 -0.6763
vn -0.1803 0.2941 -0.9386
vn 0.3268 0.0841 -0.9413
vn -0.4049 0.5562 -0.7257
vn -0.2639 0.5429 -0.7973
vn 0.4467 0.1007 -0.8890
vn 0.6773 0.0460 -0.7342
vn -0.6862 0.7116 -0.1509
vn -0.6443 0.6958 -0.3174
vn -0.5477 0.6465 -0.5311
vn -0.1732 0.8494 -0.4985
vn -0.2923 0.5623 -0.7736
vn -0.8403 0.0995 -0.5329
vn -0.1017 -0.9790 -0.1765
vn -0.2796 -0.7785 -0.5619
vn -0.0786 -0.8947 -0.4398
vn -0.8555 -0.4803 -0.1936
vn -0.5540 -0.6426 -0.5293
vn -0.2517 -0.4834 -0.8384
vn -0.0647 -0.6257 -0.7773
vn -0.5442 -0.2124 -0.8116
vn -0.7548 0.3672 -0.5435
vn -0.8204 0.5307 -0.2131
vn -0.6940 0.5882 -0.4152
vn -0.5301 0.1868 -0.8271
vn -0.7615 0.2639 -0.5921
vn -0.0854 -0.3018 -0.9495
vn -0.2850 0.1789 -0.9417
vn -0.2509 -0.0885 -0.9639
vn -0.4979 0.4184 -0.7596
vn -0.5161 -0.7921 -0.3258
vn -0.1471 -0.9033 -0.4031
vn -0.4237 -0.9006 -0.0972
vn -0.8288 -0.4929 -0.2647
vn -0.4960 -0.7716 -0.3982
vn -0.8054 -0.2155 -0.5522
vn -0.9435 0.1681 -0.2856
vn -0.9438 -0.3165 -0.0950
vn -0.7652 0.4139 -0.4931
vn -0.9613 -0.1000 -0.2567
vn -0.7659 -0.6379 -0.0800
vn -0.8283 0.1823 -0.5297
vn -0.1441 0.5543 -0.8198
vn -0.5152 0.3591 -0.7782
vn -0.4223 0.5940 -0.6847
vn -0.1461 0.3878 -0.9101
vn -0.4964 0.2936 -0.8169
vn -0.0980 -0.9271 0.3619
vn -0.3789 -0.9219 0.0810
vn -0.0975 -0.9921 0.0793
vn -0.0928 -0.7163 0.6915
vn -0.3740 -0.8555 0.3581
vn -0.7046 -0.7052 0.0789
vn -0.3557 -0.6730 0.6485
vn -0.6615 -0.6675 0.3418
vn -0.3795 -0.1131 0.9183
vn -0.0984 -0.3940 0.9138
vn -0.7051 -0.1040 0.7014
vn -0.3743 -0.3878 0.8423
vn -0.6622 -0.3662 0.6537
vn -0.9207 -0.3800 0.0891
vn -0.9211 -0.1036 0.3753
vn -0.8499 -0.3797 0.3654
vn -0.2089 0.0318 0.9774
vn -0.5996 0.1747 0.7810
vn -0.5374 0.1003 0.8374
vn -0.3685 0.1524 0.9170
vn -0.5221 0.4569 0.7202
vn -0.7681 0.2039 0.6070
vn -0.7314 0.0852 0.6766
vn 0.7381 -0.6541 0.1655
vn -0.5090 0.7422 -0.4360
vn -0.2700 0.8591 -0.4348
vn -0.4594 0.6907 -0.5585
vn -0.6425 0.6196 -0.4509
vn -0.5204 0.8394 -0.1570
vn -0.9437 0.0616 0.3249
vn -0.9429 0.2811 -0.1785
vn -0.8067 0.1763 0.5640
vn -0.8912 0.3793 -0.2488
vn -0.7356 0.5097 -0.4462
vn 0.4006 -0.1685 -0.9006
vn 0.7077 -0.1763 -0.6842
vn 0.5978 -0.2595 -0.7585
vn 0.5965 -0.0326 -0.8020
vn 0.9072 -0.1517 -0.3925
vn 0.6432 -0.2240 -0.7322
vn 0.8772 -0.2519 -0.4088
vn 0.9356 -0.2065 0.2864
vn 0.9638 -0.0470 -0.2623
vn 0.9989 -0.0465 -0.0061
vn 0.9137 -0.2566 0.3152
vn 0.9866 -0.1624 -0.0171
vn 0.8409 -0.0263 -0.5405
vn 0.9750 -0.2216 -0.0167
vn 0.4429 -0.6080 0.6589
vn 0.1677 -0.5007 0.8492
vn 0.2463 -0.7255 0.6426
vn 0.1479 -0.6965 0.7021
vn 0.4834 -0.4997 0.7187
vn 0.3238 -0.4314 0.8421
vn 0.7299 -0.5605 0.3913
vn 0.7389 0.6494 0.1797
vn 0.6209 0.7811 0.0666
vn 0.5329 0.7515 0.3890
vn 0.7358 0.5880 0.3359
vn 0.9182 0.3653 0.1535
vn 0.8530 0.5200 0.0453
vn 0.8919 0.3770 0.2498
vn -0.0973 -0.8669 0.4888
vn 0.4470 -0.7192 0.5319
vn 0.2618 -0.7678 0.5847
vn 0.1540 -0.8865 0.4364
vn 0.4714 -0.7673 0.4348
vn 0.4066 -0.6929 0.5954
vn 0.7409 -0.4395 0.5079
vn 0.9683 0.2449 0.0496
vn 0.9342 -0.3110 0.1751
vn 0.9993 -0.0074 0.0354
vn 0.9891 -0.0066 0.1473
vn 0.9139 -0.3409 0.2204
vn 0.9794 -0.0081 0.2018
vn -0.4974 -0.0688 -0.8648
vn -0.2333 0.0536 -0.9709
vn -0.3835 -0.2710 -0.8829
vn 0.0005 -0.1391 -0.9903
vn -0.5120 0.0309 -0.8584
vn -0.7299 0.0320 -0.6828
vn -0.8384 -0.1625 -0.5203
vn -0.7548 -0.3678 0.5431
vn -0.4770 -0.4594 0.7493
vn -0.6330 -0.3653 0.6826
vn -0.9217 -0.2471 0.2991
vn -0.7757 -0.3907 0.4956
vn -0.9115 -0.3076 0.2731
vn -0.9500 -0.0135 -0.3119
vn -0.9656 -0.1461 0.2151
vn -0.9928 -0.1131 -0.0396
vn -0.8538 -0.2508 0.4562
vn -0.9893 -0.1381 -0.0476
vn -0.4780 0.8694 0.1251
vn -0.3700 0.8694 0.3275
vn -0.2046 0.9788 0.0078
vn -0.4875 0.8728 0.0248
vn 0.0312 0.9809 0.1920
vn -0.8295 0.5210 0.2014
vn -0.7663 0.6303 0.1246
vn -0.9668 -0.2147 0.1387
vn -0.9456 0.3227 0.0404
vn -0.9990 0.0149 0.0415
vn -0.8575 -0.4625 0.2252
vn -0.9916 0.0418 0.1221
vn -0.7154 0.6985 0.0157
vn -0.9235 -0.3047 0.2329
vn -0.9876 0.0464 0.1497
vn -0.7607 -0.5565 0.3341
vn -0.6427 -0.6955 0.3213
vn -0.4830 -0.7731 0.4111
vn -0.7775 -0.5150 0.3609
vn -0.9112 -0.2875 0.2951
vn 0.3591 0.6381 0.6811
vn 0.1555 0.7016 0.6954
vn 0.3686 0.7288 0.5771
vn 0.0124 0.8290 0.5591
vn 0.1021 0.4089 0.9069
vn 0.2194 0.9292 0.2973
vn 0.1993 0.4174 0.8866
vn 0.1390 0.5334 0.8344
vn 0.1456 -0.2669 0.9527
vn 0.0062 0.2929 0.9561
vn 0.0019 0.0404 0.9992
vn 0.1922 -0.3102 0.9310
vn 0.1091 0.0293 0.9936
vn -0.0066 0.5706 0.8212
vn 0.1616 0.0210 0.9866
vn 0.4917 -0.7029 0.5140
vn 0.4277 -0.8695 0.2472
vn 0.5181 -0.8537 -0.0520
vn 0.5514 -0.6861 0.4746
vn 0.4051 -0.7451 0.5298
vn 0.3613 -0.8443 0.3957
vn 0.4587 -0.4292 0.7781
vn -0.7261 -0.1441 0.6724
vn -0.8413 -0.0252 0.5399
vn -0.9115 -0.2629 0.3162
vn -0.7648 -0.1981 0.6131
vn -0.4593 -0.0970 0.8830
vn -0.6056 0.0081 0.7958
vn -0.4691 -0.1945 0.8615
vn 0.8025 -0.5925 0.0702
vn 0.6590 -0.5202 0.5432
vn 0.6686 -0.6481 0.3646
vn 0.8604 -0.4329 0.2689
vn 0.7103 -0.4114 0.5712
vn 0.7310 -0.6257 0.2725
vn 0.3549 -0.4668 0.8101
vn 0.4365 -0.4357 0.7871
vn -0.3434 0.0087 0.9392
vn 0.2114 -0.1219 0.9698
vn -0.0953 0.0233 0.9952
vn -0.0967 -0.0889 0.9913
vn 0.2425 -0.1687 0.9554
vn -0.0946 -0.1438 0.9851
vn 0.0944 0.8237 -0.5591
vn -0.0252 0.9521 -0.3049
vn 0.2904 0.8252 -0.4845
vn 0.1417 0.9850 -0.0988
vn -0.0000 0.8262 -0.5634
vn 0.0054 0.6423 -0.7664
vn 0.1923 0.4622 -0.8657
vn 0.3683 -0.6230 -0.6901
vn 0.4380 -0.8179 -0.3731
vn 0.3571 -0.7518 -0.5543
vn 0.2653 -0.3708 -0.8900
vn 0.3958 -0.5892 -0.7044
vn 0.3266 -0.3588 -0.8744
vn 0.0504 0.2730 -0.9607
vn 0.1699 -0.2662 -0.9488
vn 0.1440 -0.0127 -0.9895
vn 0.2637 -0.5227 -0.8107
vn 0.1707 -0.0094 -0.9853
vn -0.8164 -0.1244 -0.5639
vn -0.9988 -0.0433 0.0232
vn -0.9528 -0.0135 -0.3032
vn -0.8189 -0.0477 -0.5719
vn -0.7879 -0.1901 -0.5858
vn -0.4366 -0.2469 -0.8651
vn 0.3109 -0.1959 -0.9300
vn -0.2248 -0.0936 -0.9699
vn 0.0872 -0.0995 -0.9912
vn 0.5449 -0.2775 -0.7912
vn 0.0583 -0.1796 -0.9820
vn -0.6216 -0.0532 -0.7815
vn 0.3953 -0.2880 -0.8722
vn 0.0529 -0.2064 -0.9770
vn 0.6213 -0.4033 -0.6718
vn 0.7537 -0.3623 -0.5483
vn 0.5559 -0.7102 -0.4320
vn 0.7576 -0.5324 -0.3777
vn 0.3742 -0.3492 -0.8591
vn -0.3167 -0.8964 -0.3101
vn -0.2990 -0.8962 -0.3279
vn -0.4689 -0.7594 -0.4511
vn -0.4427 -0.7600 -0.4759
vn -0.6690 -0.2405 -0.7033
vn -0.7320 0.0156 -0.6811
vn -0.6914 0.0171 -0.7223
vn -0.3334 -0.8964 -0.2922
vn -0.4923 -0.7602 -0.4239
vn -0.7086 -0.2413 -0.6630
vn -0.7685 0.0132 -0.6397
vn 0.2883 -0.9141 0.2852
vn 0.2688 -0.9145 0.3025
vn 0.4322 -0.7885 0.4375
vn 0.6119 -0.3319 0.7180
vn 0.6895 -0.0867 0.7191
vn 0.6555 -0.3312 0.6787
vn 0.2484 -0.9148 0.3185
vn 0.4033 -0.7883 0.4646
vn 0.5637 -0.3328 0.7560
vn 0.6437 -0.0876 0.7602
vn -0.2603 -0.8947 -0.3630
vn -0.2796 -0.8956 -0.3460
vn -0.3864 -0.7573 -0.5266
vn -0.6255 -0.2391 -0.7427
vn -0.6012 0.0189 -0.7989
vn -0.5812 -0.2371 -0.7784
vn -0.4151 -0.7588 -0.5020
vn -0.6464 0.0182 -0.7628
vn 0.3060 -0.9134 0.2683
vn 0.3217 -0.9127 0.2518
vn 0.4602 -0.7863 0.4123
vn 0.4829 -0.7861 0.3857
vn 0.7287 -0.3301 0.6001
vn 0.7314 -0.0862 0.6765
vn 0.7676 -0.0866 0.6350
vn 0.6943 -0.3305 0.6393
vn 0.3372 -0.9118 0.2343
vn 0.3529 -0.9108 0.2142
vn 0.5069 -0.7835 0.3595
vn 0.5314 -0.7810 0.3282
vn 0.7944 -0.3268 0.5120
vn 0.8019 -0.0871 0.5911
vn 0.8370 -0.0868 0.5402
vn 0.7608 -0.3290 0.5594
vn -0.3492 -0.8963 -0.2735
vn -0.5153 -0.7596 -0.3969
vn -0.7441 -0.2426 -0.6225
vn -0.8029 0.0109 -0.5960
vn -0.3663 -0.8952 -0.2537
vn -0.5393 -0.7574 -0.3680
vn -0.7776 -0.2443 -0.5794
vn -0.8366 0.0079 -0.5477
vn -0.3829 -0.8940 -0.2328
vn -0.5619 -0.7551 -0.3377
vn -0.8107 -0.2444 -0.5320
vn -0.8677 0.0057 -0.4970
vn -0.4016 -0.8906 -0.2137
vn -0.5849 -0.7489 -0.3115
vn -0.8416 -0.2434 -0.4822
vn -0.8937 0.0050 -0.4485
vn 0.3706 -0.9086 0.1924
vn 0.3867 -0.9052 0.1761
vn 0.5578 -0.7764 0.2936
vn 0.5796 -0.7695 0.2683
vn 0.8507 -0.3191 0.4177
vn 0.8712 -0.0866 0.4831
vn 0.8948 -0.0847 0.4384
vn 0.8272 -0.3239 0.4592
vn -0.4479 -0.8858 -0.1215
vn -0.3792 -0.9253 -0.0083
vn -0.8227 -0.5363 -0.1886
vn -0.7089 -0.7053 0.0022
vn -0.9793 -0.0607 -0.1931
vn -0.9305 -0.3662 0.0121
vn -0.1836 -0.9777 -0.1016
vn -0.6069 -0.7391 -0.2922
vn -0.8695 -0.2382 -0.4328
vn -0.9104 0.0107 -0.4136
vn -0.6192 -0.7309 -0.2868
vn -0.8890 -0.2223 -0.4003
vn 0.3973 -0.9020 0.1693
vn 0.5901 -0.7650 0.2580
vn 0.9049 -0.0806 0.4178
vn 0.8625 -0.3130 0.3977
vn 0.2212 -0.9145 0.3387
vn 0.3713 -0.7886 0.4902
vn 0.5017 -0.3312 0.7991
vn 0.5925 -0.0889 0.8006
vn 0.1989 -0.9105 0.3625
vn 0.3290 -0.7857 0.5239
vn 0.4436 -0.3254 0.8351
vn 0.5237 -0.0898 0.8471
vn -0.2233 -0.8899 -0.3977
vn -0.2409 -0.8937 -0.3786
vn -0.3347 -0.7492 -0.5716
vn -0.5349 -0.2354 -0.8115
vn -0.5098 0.0224 -0.8600
vn -0.4898 -0.2264 -0.8420
vn -0.3589 -0.7545 -0.5496
vn -0.5541 0.0195 -0.8322
vn 0.0005 -0.9177 -0.3974
vn 0.0006 -0.6899 -0.7239
vn 0.0002 -0.3460 -0.9382
vn -0.1232 -0.8813 -0.4563
vn -0.2170 -0.5189 -0.8268
vn -0.2376 -0.0247 -0.9711
vn 0.1885 -0.9060 0.3790
vn 0.2917 -0.7762 0.5589
vn 0.4121 -0.3157 0.8547
vn 0.4587 -0.0862 0.8844
vn 0.4267 -0.0792 0.9009
vn 0.2770 -0.7673 0.5784
vn 0.4043 -0.3195 0.8570
vn -0.2132 -0.8854 -0.4131
vn -0.4598 -0.2109 -0.8626
vn -0.3184 -0.7401 -0.5924
vn -0.4776 0.0292 -0.8781
vn -0.5016 0.6972 -0.5121
vn -0.5315 0.6964 -0.4822
vn -0.3631 0.8575 -0.3645
vn -0.3849 0.8569 -0.3428
vn -0.2019 0.9600 -0.1943
vn -0.2143 0.9597 -0.1820
vn -0.5593 0.6941 -0.4532
vn -0.4052 0.8556 -0.3222
vn -0.2255 0.9592 -0.1707
vn 0.4929 0.6359 0.5939
vn 0.5277 0.6356 0.5635
vn 0.3578 0.8250 0.4374
vn 0.3826 0.8257 0.4147
vn 0.1961 0.9486 0.2483
vn 0.2095 0.9491 0.2353
vn 0.4546 0.6338 0.6257
vn 0.3296 0.8244 0.4601
vn 0.1805 0.9484 0.2608
vn -0.4689 0.6980 -0.5413
vn -0.4366 0.6969 -0.5689
vn -0.3393 0.8581 -0.3854
vn -0.3162 0.8573 -0.4063
vn -0.1893 0.9599 -0.2069
vn -0.1758 0.9600 -0.2180
vn 0.5893 0.6345 0.5001
vn 0.5606 0.6357 0.5307
vn 0.4281 0.8246 0.3698
vn 0.4066 0.8256 0.3913
vn 0.2347 0.9488 0.2116
vn 0.2230 0.9489 0.2235
vn 0.6469 0.6294 0.4306
vn 0.6174 0.6323 0.4680
vn 0.4709 0.8220 0.3203
vn 0.4485 0.8238 0.3466
vn 0.2586 0.9481 0.1850
vn 0.2458 0.9487 0.1991
vn -0.5865 0.6910 -0.4225
vn -0.4256 0.8537 -0.3000
vn -0.2372 0.9585 -0.1582
vn -0.6142 0.6867 -0.3889
vn -0.4466 0.8510 -0.2763
vn -0.2494 0.9575 -0.1452
vn -0.6414 0.6806 -0.3541
vn -0.4678 0.8472 -0.2516
vn -0.2622 0.9559 -0.1320
vn -0.6664 0.6728 -0.3213
vn -0.4890 0.8418 -0.2287
vn -0.2754 0.9538 -0.1197
vn 0.7017 0.6167 0.3568
vn 0.6778 0.6238 0.3892
vn 0.5163 0.8130 0.2692
vn 0.4957 0.8182 0.2914
vn 0.2857 0.9452 0.1583
vn 0.2724 0.9472 0.1694
vn -0.9075 0.4183 -0.0379
vn -0.7541 0.6377 -0.1570
vn -0.6846 0.7286 -0.0218
vn -0.5563 0.8235 -0.1115
vn -0.3687 0.9296 -0.0024
vn -0.3174 0.9465 -0.0575
vn -0.6852 0.6644 -0.2984
vn -0.5068 0.8351 -0.2140
vn -0.2869 0.9514 -0.1123
vn 0.7135 0.6114 0.3421
vn 0.5280 0.8087 0.2595
vn 0.2940 0.9433 0.1538
vn 0.4039 0.6297 0.6636
vn 0.2940 0.8213 0.4888
vn 0.1613 0.9477 0.2755
vn 0.3573 0.6205 0.6981
vn 0.2623 0.8147 0.5172
vn 0.1455 0.9448 0.2937
vn -0.4033 0.6952 -0.5950
vn -0.3729 0.6908 -0.6195
vn -0.2925 0.8564 -0.4255
vn -0.2714 0.8531 -0.4456
vn -0.1632 0.9596 -0.2292
vn -0.1513 0.9586 -0.2414
vn -0.0587 0.4339 -0.8990
vn -0.0448 0.7393 -0.6719
vn -0.0243 0.9353 -0.3530
vn -0.1975 0.6658 -0.7195
vn -0.1464 0.8398 -0.5228
vn -0.0853 0.9530 -0.2907
vn 0.3343 0.6115 0.7171
vn 0.2476 0.8072 0.5358
vn 0.1383 0.9418 0.3064
vn -0.3519 0.6857 -0.6372
vn -0.2579 0.8486 -0.4620
vn -0.1446 0.9570 -0.2516
vn 0.8123 0.3506 0.4660
vn 0.4500 -0.1202 -0.8849
vn 0.4857 0.3501 0.8009
vn 0.9473 0.1812 -0.2642
vn 0.0592 -0.2417 -0.9685
vn 0.6935 0.3576 0.6254
vn -0.9688 -0.2357 0.0762
vn 0.4475 0.3509 0.8226
vn -0.3958 0.9182 0.0134
vn -0.7175 0.6965 0.0096
vn -0.9272 0.3746 0.0045
vn -0.3801 0.0162 -0.9248
vn -0.9230 0.0068 -0.3848
vn -0.7049 0.0125 -0.7092
vn 0.2673 -0.6922 0.6704
vn 0.0245 -0.7625 0.6465
vn -0.8780 -0.3448 0.3319
vn 0.0688 -0.7178 0.6929
vn -0.5701 -0.5915 0.5702
vn 0.0001 0.3958 -0.9183
vn -0.0006 0.7187 -0.6953
vn -0.0012 0.9305 -0.3663
vn 0.6832 -0.2640 0.6808
vn 0.6584 -0.0080 0.7526
vn 0.2895 0.9070 0.3059
vn 0.7055 -0.0511 0.7069
vn 0.6808 -0.6872 0.2536
vn 0.7498 -0.6616 0.0079
vn 0.3637 -0.3489 -0.8637
vn 0.6107 -0.6028 -0.5135
vn 0.7047 -0.7078 0.0489
vn 0.9163 0.4005 0.0056
vn 0.9094 0.4158 0.0057
vn 0.6724 0.7402 0.0101
vn 0.8903 0.4553 0.0062
vn 0.4345 0.9006 0.0123
vn 0.3254 0.9455 0.0128
vn 0.0844 0.9933 -0.0788
vn -0.1227 0.9924 0.0076
vn -0.0022 0.9290 0.3702
vn -0.0025 0.8174 0.5761
vn -0.0026 0.7104 0.7038
vn -0.0025 0.3804 0.9248
vn -0.3214 0.8944 -0.3112
vn -0.5358 0.7091 -0.4584
vn -0.5601 0.6137 -0.5565
vn -0.6583 0.3628 -0.6596
vn -0.6822 0.2558 -0.6850
vn -0.4642 0.7586 -0.4573
vn 0.9154 0.0080 -0.4024
vn 0.6849 0.0134 -0.7285
vn 0.3633 0.0166 -0.9315
vn 0.4561 0.0159 -0.8898
vn 0.0739 0.1183 -0.9902
vn 0.0023 -0.9078 -0.4195
vn 0.0025 -0.7472 -0.6646
vn 0.0025 -0.6725 -0.7401
vn 0.0026 -0.5485 -0.8361
vn 0.0025 -0.3501 -0.9367
vn -0.1327 0.0319 -0.9906
vn -0.3252 0.3427 -0.8813
vn -0.4319 0.4476 -0.7830
vn -0.5510 0.5636 -0.6155
vn -0.5307 0.5443 -0.6497
vn -0.6703 0.6769 -0.3040
vn -0.4443 0.4598 -0.7689
vn -0.9922 -0.0696 -0.1029
vn -0.9338 -0.3578 -0.0076
vn -0.7342 -0.6788 -0.0129
vn -0.8642 0.3457 -0.3656
vn -0.4076 -0.9130 -0.0170
vn -0.9840 -0.1170 0.1344
vn -0.9331 -0.0102 0.3594
vn -0.7290 -0.0118 0.6844
vn -0.4024 -0.0159 0.9153
vn -0.9920 0.1260 -0.0088
vn -0.8249 -0.0097 0.5651
vn -0.5188 -0.0148 0.8548
vn -0.9005 0.3128 -0.3022
vn -0.7942 0.4370 -0.4222
vn -0.6212 0.5848 -0.5216
vn -0.3106 0.6848 -0.6593
vn -0.8009 0.4307 -0.4159
vn 0.3815 0.9242 0.0162
vn 0.7057 0.7084 0.0125
vn 0.9232 0.3842 0.0069
vn -0.0025 0.3667 0.9303
vn -0.0026 0.6949 0.7191
vn -0.0027 0.9166 0.3998
vn -0.6718 0.3204 -0.6678
vn -0.5230 0.6816 -0.5118
vn -0.2821 0.9221 -0.2648
vn 0.3848 0.0165 -0.9229
vn 0.7086 0.0131 -0.7055
vn 0.9247 0.0077 -0.3806
vn 0.0025 -0.3662 -0.9305
vn 0.0026 -0.6948 -0.7192
vn 0.0023 -0.9170 -0.3989
vn -0.6522 0.6602 -0.3725
vn -0.4984 0.5125 -0.6992
vn -0.2687 0.2869 -0.9195
vn -0.3828 -0.9237 -0.0167
vn -0.7071 -0.7069 -0.0134
vn -0.9241 -0.3821 -0.0081
vn -0.3884 -0.0160 0.9214
vn -0.7107 -0.0121 0.7033
vn -0.9244 -0.0065 0.3814
vn -0.3812 0.6658 -0.6413
vn -0.7059 0.5099 -0.4916
vn -0.9237 0.2756 -0.2663
vn 0.9237 -0.0052 0.3830
vn 0.7064 -0.0112 0.7078
vn 0.7065 -0.0112 0.7076
vn 0.3812 -0.0154 0.9244
vn -0.8101 0.0088 -0.5862
vn -0.9249 -0.0082 0.3801
vn -0.9249 -0.0082 0.3800
vn -0.9252 -0.0081 0.3794
vn -0.1635 -0.0175 0.9864
vn 0.3816 0.9240 0.0266
vn 0.3817 0.9239 0.0266
vn 0.3815 0.9240 0.0265
vn 0.9226 0.3856 0.0128
vn 0.8350 0.5498 0.0242
vn -0.3803 0.9247 0.0195
vn -0.2015 0.9790 0.0295
vn -0.5214 0.8503 -0.0712
vn -0.1606 -0.9869 -0.0176
vn -0.1578 -0.9735 -0.1653
vn -0.9234 -0.3837 -0.0086
vn -0.9189 -0.3799 -0.1059
vn -0.8117 0.5841 0.0085
vn -0.9236 -0.3832 -0.0086
vn -0.0014 -0.3989 0.9170
vn -0.0012 -0.7194 0.6945
vn -0.0012 -0.7193 0.6947
vn -0.0007 -0.9303 0.3668
vn -0.0023 0.4009 -0.9161
vn -0.0032 -0.9175 -0.3976
vn 0.0111 -0.3652 -0.9309
vn -0.0001 -0.9823 -0.1875
vn 0.9021 -0.0968 -0.4206
vn 0.7421 -0.1477 -0.6538
vn -0.3640 -0.2073 -0.9080
vn 0.9226 -0.0846 -0.3764
vn -0.3608 -0.2075 -0.9093
vn 0.3843 -0.9231 -0.0153
vn 0.7082 -0.7060 -0.0109
vn 0.9242 -0.3818 -0.0048
vn 0.7083 -0.7058 -0.0109
vn -0.0004 0.9164 0.4001
vn 0.0120 0.9151 0.4031
vn -0.0004 0.9164 0.4002
vn -0.0014 0.1423 0.9898
vn -0.0014 0.1450 0.9894
vn 0.0011 0.8244 -0.5661
vn 0.0099 0.9831 -0.1827
vn 0.0087 0.5479 0.8365
vn 0.0120 0.9168 0.3991
vn 0.8988 0.3059 -0.3140
vn 0.8990 0.3232 -0.2957
vn 0.7634 0.4542 -0.4592
vn 0.7636 0.4792 -0.4328
vn 0.2471 0.7236 -0.6445
vn -0.0102 0.7082 -0.7060
vn -0.0106 0.7480 -0.6637
vn 0.8984 0.2887 -0.3310
vn 0.7629 0.4290 -0.4837
vn 0.2464 0.6845 -0.6861
vn -0.0092 0.6680 -0.7441
vn 0.9117 -0.3115 0.2680
vn 0.9114 -0.3281 0.2485
vn 0.7845 -0.4671 0.4078
vn 0.3253 -0.7458 0.5814
vn 0.0801 -0.7459 0.6613
vn 0.3244 -0.7090 0.6261
vn 0.9114 -0.3434 0.2266
vn 0.7835 -0.4930 0.3782
vn 0.3239 -0.7821 0.5323
vn 0.0799 -0.7851 0.6141
vn 0.8987 0.3564 -0.2556
vn 0.8989 0.3406 -0.2756
vn 0.7631 0.5269 -0.3742
vn 0.2463 0.7614 -0.5997
vn -0.0100 0.8211 -0.5707
vn 0.2459 0.7953 -0.5541
vn 0.7634 0.5044 -0.4035
vn -0.0102 0.7864 -0.6176
vn 0.9115 -0.2952 0.2864
vn 0.9110 -0.2796 0.3032
vn 0.7838 -0.4422 0.4360
vn 0.7834 -0.4171 0.4607
vn 0.3264 -0.6325 0.7024
vn 0.0808 -0.7048 0.7048
vn 0.0825 -0.6646 0.7426
vn 0.3248 -0.6706 0.6669
vn 0.9105 -0.2629 0.3191
vn 0.9104 -0.2428 0.3351
vn 0.7821 -0.3915 0.4848
vn 0.7804 -0.3612 0.5104
vn 0.3251 -0.5470 0.7715
vn 0.0839 -0.6221 0.7785
vn 0.0852 -0.5726 0.8154
vn 0.3267 -0.5926 0.7363
vn 0.8976 0.2708 -0.3477
vn 0.7615 0.4028 -0.5077
vn 0.2470 0.6454 -0.7228
vn -0.0081 0.6257 -0.7800
vn 0.8963 0.2515 -0.3653
vn 0.7597 0.3743 -0.5318
vn 0.2452 0.6041 -0.7582
vn -0.0062 0.5785 -0.8156
vn 0.8941 0.2314 -0.3834
vn 0.7553 0.3452 -0.5571
vn 0.2462 0.5575 -0.7928
vn -0.0044 0.5290 -0.8486
vn 0.8904 0.2129 -0.4024
vn 0.7491 0.3193 -0.5804
vn 0.2447 0.5089 -0.8253
vn -0.0053 0.4820 -0.8761
vn 0.9084 -0.2221 0.3543
vn 0.9053 -0.2065 0.3711
vn 0.7763 -0.3277 0.5385
vn 0.7702 -0.3029 0.5612
vn 0.3190 -0.4548 0.8315
vn 0.0866 -0.5169 0.8517
vn 0.0846 -0.4728 0.8771
vn 0.3245 -0.4951 0.8060
vn 0.8836 0.1227 -0.4518
vn 0.9217 0.0062 -0.3877
vn 0.5323 0.2100 -0.8201
vn 0.6982 0.0119 -0.7158
vn 0.0550 0.2283 -0.9720
vn 0.3578 0.0163 -0.9337
vn 0.9775 0.0917 -0.1900
vn 0.7382 0.3022 -0.6031
vn 0.2377 0.4615 -0.8547
vn -0.0112 0.4474 -0.8943
vn 0.7297 0.2971 -0.6159
vn 0.2216 0.4289 -0.8757
vn 0.9024 -0.2001 0.3817
vn 0.7653 -0.2939 0.5726
vn 0.0821 -0.4528 0.8878
vn 0.3140 -0.4346 0.8441
vn 0.9105 -0.3625 0.1990
vn 0.7833 -0.5172 0.3448
vn 0.3217 -0.8229 0.4683
vn 0.0800 -0.8237 0.5614
vn 0.9058 -0.3855 0.1762
vn 0.7798 -0.5488 0.3012
vn 0.3155 -0.8565 0.4086
vn 0.0799 -0.8673 0.4913
vn 0.8952 0.3893 -0.2170
vn 0.8979 0.3722 -0.2350
vn 0.7562 0.5704 -0.3206
vn 0.2440 0.8268 -0.5068
vn -0.0119 0.8787 -0.4772
vn 0.2366 0.8557 -0.4602
vn 0.7608 0.5494 -0.3455
vn -0.0092 0.8525 -0.5226
vn 0.9250 0.3799 0.0061
vn 0.7025 0.7114 0.0207
vn 0.3627 0.9314 0.0317
vn 0.8878 0.4457 -0.1150
vn 0.5320 0.8248 -0.1913
vn 0.0397 0.9786 -0.2017
vn 0.9007 -0.4017 0.1653
vn 0.7696 -0.5821 0.2626
vn 0.3044 -0.8748 0.3768
vn 0.0752 -0.9022 0.4247
vn 0.0677 -0.9175 0.3919
vn 0.7597 -0.6014 0.2475
vn 0.3082 -0.8768 0.3691
vn 0.8908 0.4048 -0.2065
vn 0.2208 0.8757 -0.4294
vn 0.7474 0.5909 -0.3037
vn -0.0184 0.8956 -0.4444
vn -0.6930 0.5424 -0.4749
vn -0.6924 0.5139 -0.5064
vn -0.8544 0.3925 -0.3404
vn -0.8542 0.3719 -0.3634
vn -0.9582 0.2184 -0.1850
vn -0.9583 0.2065 -0.1975
vn -0.6912 0.4857 -0.5350
vn -0.8536 0.3517 -0.3843
vn -0.9579 0.1960 -0.2097
vn -0.6414 -0.6011 0.4768
vn -0.6413 -0.5708 0.5128
vn -0.8296 -0.4357 0.3491
vn -0.8294 -0.4140 0.3751
vn -0.9511 -0.2386 0.1960
vn -0.9510 -0.2268 0.2101
vn -0.6409 -0.6311 0.4371
vn -0.8292 -0.4577 0.3209
vn -0.9511 -0.2507 0.1804
vn -0.6923 0.5709 -0.4414
vn -0.6908 0.5969 -0.4081
vn -0.8538 0.4134 -0.3163
vn -0.8529 0.4325 -0.2923
vn -0.9579 0.2303 -0.1716
vn -0.9576 0.2409 -0.1581
vn -0.6380 -0.5105 0.5765
vn -0.6396 -0.5404 0.5467
vn -0.8271 -0.3709 0.4222
vn -0.8284 -0.3922 0.4000
vn -0.9501 -0.2038 0.2364
vn -0.9506 -0.2151 0.2238
vn -0.6308 -0.4434 0.6367
vn -0.6350 -0.4796 0.6057
vn -0.8229 -0.3233 0.4672
vn -0.8256 -0.3488 0.4435
vn -0.9488 -0.1780 0.2611
vn -0.9495 -0.1919 0.2481
vn -0.6889 0.4561 -0.5633
vn -0.8521 0.3307 -0.4056
vn -0.9576 0.1841 -0.2217
vn -0.6852 0.4236 -0.5925
vn -0.8503 0.3074 -0.4271
vn -0.9570 0.1712 -0.2342
vn -0.6803 0.3897 -0.6208
vn -0.8469 0.2837 -0.4497
vn -0.9560 0.1580 -0.2471
vn -0.6731 0.3577 -0.6473
vn -0.8419 0.2618 -0.4719
vn -0.9542 0.1464 -0.2610
vn -0.6162 -0.3718 0.6943
vn -0.6243 -0.4032 0.6691
vn -0.8131 -0.2739 0.5137
vn -0.8186 -0.2955 0.4925
vn -0.9452 -0.1522 0.2889
vn -0.9473 -0.1634 0.2755
vn -0.4257 0.0791 -0.9014
vn -0.6419 0.1963 -0.7412
vn -0.7341 0.0601 -0.6764
vn -0.8268 0.1465 -0.5431
vn -0.9326 0.0325 -0.3593
vn -0.9485 0.0858 -0.3049
vn -0.6656 0.3353 -0.6668
vn -0.8357 0.2474 -0.4903
vn -0.9518 0.1392 -0.2732
vn -0.6109 -0.3575 0.7063
vn -0.8083 -0.2649 0.5258
vn -0.9431 -0.1479 0.2976
vn -0.6377 -0.6670 0.3853
vn -0.8275 -0.4844 0.2837
vn -0.9508 -0.2651 0.1606
vn -0.6292 -0.7003 0.3372
vn -0.8208 -0.5131 0.2511
vn -0.9485 -0.2823 0.1438
vn -0.6880 0.6219 -0.3740
vn -0.6833 0.6447 -0.3427
vn -0.8510 0.4517 -0.2681
vn -0.8474 0.4705 -0.2461
vn -0.9568 0.2520 -0.1447
vn -0.9554 0.2638 -0.1327
vn -0.4193 0.9076 -0.0209
vn -0.7284 0.6851 -0.0124
vn -0.9292 0.3695 -0.0018
vn -0.6542 0.7383 -0.1640
vn -0.8319 0.5421 -0.1185
vn -0.9485 0.3100 -0.0648
vn -0.6218 -0.7176 0.3136
vn -0.8146 -0.5301 0.2355
vn -0.9457 -0.2952 0.1363
vn -0.6772 0.6620 -0.3211
vn -0.8423 0.4865 -0.2320
vn -0.9534 0.2744 -0.1257
vn -0.3658 -0.7330 0.5734
vn 0.1401 0.8650 0.4819
vn -0.3592 -0.8155 0.4538
vn -0.1592 0.2318 0.9596
vn 0.2197 0.9450 0.2423
vn -0.3616 -0.6386 0.6793
vn 0.0623 -0.4967 -0.8657
vn 0.1508 -0.2434 -0.9581
vn -0.3448 -0.5023 0.7929
vn 0.0848 -0.4417 -0.8931
vn -0.3924 0.3680 0.8430
vn -0.4103 0.3496 0.8423
vn -0.5245 0.5065 0.6844
vn -0.5499 0.4793 0.6840
vn -0.7373 0.6624 0.1325
vn -0.6948 0.7087 -0.1229
vn -0.7349 0.6663 -0.1261
vn -0.3751 0.3849 0.8433
vn -0.4992 0.5311 0.6847
vn -0.6977 0.7034 0.1353
vn -0.6547 0.7462 -0.1205
vn 0.2129 -0.2156 0.9530
vn 0.2295 -0.1965 0.9533
vn 0.3794 -0.3639 0.8507
vn 0.7012 -0.5656 0.4340
vn 0.7255 -0.6599 0.1955
vn 0.6637 -0.6096 0.4335
vn 0.2456 -0.1749 0.9535
vn 0.4041 -0.3339 0.8516
vn 0.7381 -0.5166 0.4341
vn 0.7653 -0.6129 0.1967
vn -0.4435 0.3097 0.8410
vn -0.4271 0.3298 0.8419
vn -0.5979 0.4211 0.6821
vn -0.7749 0.6180 0.1326
vn -0.8089 0.5741 -0.1269
vn -0.8095 0.5723 0.1310
vn -0.5747 0.4507 0.6831
vn -0.7738 0.6207 -0.1263
vn 0.1964 -0.2339 0.9522
vn 0.1801 -0.2498 0.9514
vn 0.3528 -0.3906 0.8503
vn 0.3279 -0.4150 0.8487
vn 0.5866 -0.6852 0.4318
vn 0.6841 -0.7029 0.1947
vn 0.6436 -0.7403 0.1944
vn 0.6247 -0.6500 0.4327
vn 0.1625 -0.2646 0.9506
vn 0.1438 -0.2796 0.9493
vn 0.3015 -0.4380 0.8469
vn 0.2711 -0.4631 0.8438
vn 0.4986 -0.7538 0.4280
vn 0.6004 -0.7757 0.1944
vn 0.5481 -0.8136 0.1940
vn 0.5463 -0.7186 0.4303
vn -0.3572 0.4014 0.8434
vn -0.4728 0.5540 0.6853
vn -0.6585 0.7399 0.1376
vn -0.6121 0.7821 -0.1174
vn -0.3377 0.4193 0.8427
vn -0.4442 0.5790 0.6837
vn -0.6167 0.7749 0.1385
vn -0.5651 0.8173 -0.1127
vn -0.3158 0.4345 0.8435
vn -0.4134 0.6010 0.6840
vn -0.5705 0.8088 0.1425
vn -0.5154 0.8500 -0.1086
vn -0.2895 0.4385 0.8508
vn -0.3822 0.6136 0.6910
vn -0.5212 0.8417 0.1414
vn -0.4684 0.8771 -0.1059
vn 0.1274 -0.2921 0.9478
vn 0.1248 -0.3119 0.9419
vn 0.2398 -0.4914 0.8373
vn 0.2215 -0.5185 0.8259
vn 0.3914 -0.8240 0.4097
vn 0.4803 -0.8558 0.1923
vn 0.4216 -0.8880 0.1838
vn 0.4406 -0.7927 0.4212
vn -0.1623 0.3964 0.9036
vn -0.0407 0.3960 0.9173
vn -0.2368 0.8208 0.5198
vn -0.0346 0.7323 0.6801
vn -0.2164 0.9762 -0.0119
vn -0.0226 0.9491 0.3141
vn -0.1549 0.1780 0.9718
vn -0.3529 0.6105 0.7091
vn -0.4725 0.8702 0.1400
vn -0.4333 0.8948 -0.1075
vn -0.3479 0.6230 0.7006
vn -0.4385 0.8893 0.1298
vn 0.1309 -0.3377 0.9321
vn 0.2213 -0.5441 0.8093
vn 0.3943 -0.9022 0.1748
vn 0.3669 -0.8411 0.3973
vn 0.2651 -0.1476 0.9528
vn 0.4300 -0.3014 0.8510
vn 0.7792 -0.4537 0.4324
vn 0.8044 -0.5604 0.1971
vn 0.2881 -0.1251 0.9494
vn 0.4627 -0.2582 0.8481
vn 0.8153 -0.3948 0.4236
vn 0.8485 -0.4910 0.1973
vn -0.4770 0.2715 0.8359
vn -0.4590 0.2897 0.8399
vn -0.6416 0.3679 0.6731
vn -0.8413 0.5251 0.1282
vn -0.8672 0.4811 -0.1283
vn -0.8697 0.4784 0.1216
vn -0.6200 0.3925 0.6794
vn -0.8408 0.5263 -0.1273
vn -0.4729 0.0503 0.8797
vn -0.7794 0.0247 0.6261
vn -0.9639 -0.0048 0.2663
vn -0.5326 0.1694 0.8292
vn -0.8727 0.2268 0.4323
vn -0.9751 0.2095 -0.0723
vn 0.3054 -0.1147 0.9453
vn 0.4965 -0.2204 0.8396
vn 0.8345 -0.3636 0.4140
vn 0.8847 -0.4249 0.1915
vn 0.9011 -0.3927 0.1839
vn 0.5165 -0.2058 0.8312
vn 0.8360 -0.3556 0.4180
vn -0.4914 0.2608 0.8310
vn -0.8884 0.4469 0.1053
vn -0.6606 0.3505 0.6639
vn -0.8838 0.4477 -0.1359
vn -0.4631 0.4370 -0.7711
vn -0.4343 0.4682 -0.7695
vn -0.2993 0.2925 -0.9082
vn -0.2781 0.3150 -0.9074
vn -0.1174 0.1301 -0.9845
vn -0.1050 0.1425 -0.9842
vn -0.4062 0.4967 -0.7669
vn -0.2584 0.3362 -0.9057
vn -0.0945 0.1547 -0.9834
vn 0.6574 -0.5168 -0.5484
vn 0.6269 -0.5524 -0.5494
vn 0.5137 -0.3993 -0.7594
vn 0.4914 -0.4249 -0.7603
vn 0.3321 -0.2523 -0.9089
vn 0.3197 -0.2664 -0.9093
vn 0.6879 -0.4774 -0.5467
vn 0.5358 -0.3709 -0.7585
vn 0.3440 -0.2370 -0.9086
vn -0.4915 0.4037 -0.7717
vn -0.5183 0.3706 -0.7708
vn -0.3200 0.2685 -0.9086
vn -0.3397 0.2445 -0.9082
vn -0.1289 0.1169 -0.9847
vn -0.1402 0.1033 -0.9847
vn 0.5658 -0.6155 -0.5486
vn 0.5960 -0.5859 -0.5491
vn 0.4477 -0.4711 -0.7600
vn 0.4693 -0.4495 -0.7601
vn 0.2964 -0.2918 -0.9094
vn 0.3081 -0.2798 -0.9093
vn 0.4941 -0.6770 -0.5454
vn 0.5343 -0.6440 -0.5475
vn 0.3959 -0.5171 -0.7589
vn 0.4253 -0.4923 -0.7594
vn 0.2673 -0.3179 -0.9097
vn 0.2839 -0.3030 -0.9097
vn -0.3764 0.5251 -0.7633
vn -0.2373 0.3575 -0.9032
vn -0.0829 0.1667 -0.9825
vn -0.3446 0.5541 -0.7578
vn -0.2141 0.3791 -0.9002
vn -0.0700 0.1795 -0.9813
vn -0.3113 0.5833 -0.7503
vn -0.1919 0.4034 -0.8947
vn -0.0588 0.1952 -0.9790
vn -0.2825 0.6142 -0.7368
vn -0.1762 0.4362 -0.8824
vn -0.0572 0.2272 -0.9722
vn 0.3811 -0.7569 -0.5310
vn 0.4370 -0.7197 -0.5396
vn 0.3068 -0.5871 -0.7491
vn 0.3524 -0.5539 -0.7543
vn 0.2051 -0.3648 -0.9082
vn 0.2388 -0.3424 -0.9087
vn -0.0462 0.8792 -0.4742
vn -0.1465 0.7254 -0.6726
vn -0.0221 0.6558 -0.7546
vn -0.1001 0.5586 -0.8233
vn 0.0045 0.3566 -0.9342
vn -0.0483 0.3648 -0.9299
vn -0.2660 0.6436 -0.7176
vn -0.1753 0.4797 -0.8597
vn -0.0716 0.2818 -0.9568
vn 0.3528 -0.7737 -0.5262
vn 0.2816 -0.6003 -0.7486
vn 0.1823 -0.3666 -0.9123
vn 0.7237 -0.4258 -0.5431
vn 0.5628 -0.3344 -0.7559
vn 0.3589 -0.2173 -0.9077
vn 0.7569 -0.3775 -0.5335
vn 0.5906 -0.3014 -0.7485
vn 0.3758 -0.2006 -0.9047
vn -0.5438 0.3372 -0.7685
vn -0.5672 0.3060 -0.7646
vn -0.3588 0.2206 -0.9070
vn -0.3781 0.1988 -0.9042
vn -0.1513 0.0900 -0.9844
vn -0.1630 0.0782 -0.9835
vn -0.8602 0.0019 -0.5100
vn -0.6075 -0.0261 -0.7939
vn -0.2726 -0.0503 -0.9608
vn -0.6654 0.1300 -0.7351
vn -0.4527 0.0729 -0.8887
vn -0.2105 0.0112 -0.9775
vn 0.7736 -0.3536 -0.5258
vn 0.6076 -0.2857 -0.7411
vn 0.3886 -0.1930 -0.9010
vn -0.5851 0.2848 -0.7593
vn -0.3948 0.1853 -0.8999
vn -0.1737 0.0714 -0.9822
vn 0.7574 -0.6019 -0.2533
vn 0.7486 -0.6126 -0.2537
vn -0.9647 -0.2230 0.1403
vn 0.4660 -0.8504 -0.2441
vn 0.4854 0.8717 0.0672
vn 0.5298 0.8463 0.0552
vn 0.5307 0.8458 0.0550
vn 0.4332 0.8976 0.0812
vn 0.4841 0.8724 0.0679
vn 0.7758 0.0820 -0.6256
vn 0.4370 -0.7328 0.5216
vn 0.6051 0.7951 -0.0413
vn 0.6460 0.7618 0.0483
vn -0.6907 0.5028 -0.5197
vn -0.6907 0.5027 -0.5198
vn 0.4347 -0.5040 0.7464
vn 0.4347 -0.5039 0.7464
vn -0.6420 0.5881 -0.4919
vn -0.0202 0.9735 0.2280
vn 0.4937 -0.7113 0.5003
vn 0.7841 -0.5742 -0.2354
vn 0.8201 -0.2351 -0.5217
vn -0.6328 -0.6303 -0.4498
vn -0.8507 -0.4277 -0.3055
vn -0.6587 0.4621 0.5937
vn -0.7240 0.4372 -0.5335
vn 0.8845 0.4634 -0.0536
vn -0.8881 -0.1390 0.4382
vn 0.1159 0.8843 0.4523
vn 0.1303 -0.4264 -0.8951
vn -0.8868 -0.4466 0.1186
vn -0.2678 0.3156 -0.9103
vn 0.2005 0.8849 -0.4204
vn 0.5308 0.3535 -0.7703
vn -0.3827 0.4137 -0.8261
vn 0.7064 -0.5305 0.4686
vn 0.5867 0.1958 0.7858
vn -0.7772 -0.0768 -0.6245
vn 0.1155 0.5706 -0.8131
vn 0.4901 -0.3383 -0.8033
vn 0.0083 0.5359 0.8442
vn 0.0852 -0.4406 -0.8937
vn 0.4323 0.8981 0.0814
f 1220/1/6 1/2/1 202/3/7
f 1171/4/8 20/5/9 106/6/10
f 89/7/1 227/8/11 3/9/1
f 216/10/12 114/11/13 1181/12/14
f 4/13/1 1185/14/15 206/15/16
f 201/16/17 106/6/10 16/17/18
f 212/18/19 102/19/20 14/20/21
f 226/21/22 109/22/23 1176/23/24
f 3/9/1 1160/24/25 222/25/26
f 1175/26/27 4/13/1 88/27/1
f 1181/12/14 22/28/28 231/29/29
f 1191/30/30 19/31/31 237/32/32
f 1186/33/33 26/34/34 207/35/35
f 231/29/29 108/36/36 1196/37/37
f 1196/37/37 23/38/38 241/39/39
f 1206/40/40 18/41/41 247/42/42
f 90/43/1 236/44/43 1185/14/15
f 241/39/39 115/45/44 1211/46/45
f 1211/46/45 1323/47/46 253/48/47
f 268/49/48 113/50/49 1206/40/40
f 91/51/1 246/52/50 1190/53/51
f 1221/54/52 16/17/18 104/55/53
f 273/56/54 104/55/53 17/57/55
f 279/58/56 110/59/57 13/60/58
f 1/2/1 1165/61/59 89/7/1
f 1236/62/60 17/57/55 112/63/61
f 284/64/62 112/63/61 21/65/63
f 1231/66/64 1320/67/65 110/59/57
f 6/68/1 1215/69/66 93/70/1
f 106/6/10 327/71/67 1250/72/68
f 10/73/2 1266/74/69 97/75/3
f 24/76/70 1260/77/71 114/11/13
f 336/78/72 98/79/2 1276/80/73
f 104/55/53 307/81/74 1300/82/75
f 15/83/76 1245/84/77 332/85/78
f 15/83/76 1255/86/79 109/22/23
f 103/87/80 316/88/81 1245/84/77
f 116/89/82 327/71/67 20/5/9
f 117/90/83 311/91/84 26/34/34
f 19/31/31 1265/92/85 117/90/83
f 22/28/28 1275/93/86 108/36/36
f 1261/94/87 8/95/2 336/78/72
f 105/96/88 341/97/89 19/31/31
f 18/41/41 1270/98/90 105/96/88
f 23/38/38 1290/99/91 115/45/44
f 1276/80/73 11/100/2 346/101/92
f 113/50/49 351/102/93 18/41/41
f 25/103/94 1285/104/95 113/50/49
f 115/45/44 357/105/96 1323/47/46
f 306/106/97 96/107/2 7/108/2
f 14/20/21 1295/109/98 316/88/81
f 102/19/20 383/110/99 1295/109/98
f 112/63/61 379/111/100 1315/112/101
f 100/113/2 378/114/102 1301/115/103
f 13/60/58 1310/116/104 383/110/99
f 110/59/57 395/117/105 1310/116/104
f 21/65/63 1315/112/101 388/118/106
f 1166/119/107 14/20/21 103/87/80
f 1226/120/108 21/65/63 107/121/109
f 107/121/109 388/118/106 1305/122/110
f 7/108/2 1246/123/111 317/124/112
f 227/8/11 88/27/1 3/9/1
f 1176/23/24 24/76/70 216/10/12
f 109/22/23 322/125/113 24/76/70
f 96/107/2 331/126/114 1246/123/111
f 94/127/1 278/128/115 6/68/1
f 202/3/7 89/7/1 1170/129/116
f 16/17/18 1250/72/68 307/81/74
f 384/130/117 101/131/2 12/132/2
f 237/32/32 117/90/83 1186/33/33
f 1201/133/118 1324/134/119 111/135/120
f 111/135/120 356/136/121 1280/137/122
f 97/75/3 342/138/123 8/95/2
f 207/35/35 116/89/82 1161/139/124
f 226/21/22 103/87/80 15/83/76
f 1251/140/125 9/141/2 96/107/2
f 26/34/34 1240/142/126 116/89/82
f 1225/143/127 1230/144/128 94/127/1
f 283/145/129 94/127/1 1235/146/130
f 101/131/2 389/147/131 1316/148/132
f 1311/149/133 1306/150/134 101/131/2
f 5/151/1 1205/152/135 246/52/50
f 1180/153/136 2/154/1 90/43/1
f 114/11/13 337/155/137 22/28/28
f 11/100/2 1286/156/138 99/157/139
f 217/158/140 90/43/1 4/13/1
f 232/159/141 91/51/1 2/154/1
f 95/160/2 331/126/114 9/141/2
f 10/73/2 1256/161/142 95/160/2
f 1216/162/143 13/60/58 102/19/20
f 7/108/2 1301/115/103 306/106/97
f 1353/163/144 1443/164/145 410/165/146
f 1296/166/147 12/132/2 100/113/2
f 92/167/148 269/168/149 1205/152/135
f 1210/169/150 1200/170/151 92/167/148
f 1291/171/152 1281/172/153 358/173/154
f 99/157/139 373/174/155 1281/172/153
f 1226/120/108 1321/175/156 288/176/157
f 274/177/158 93/70/1 1220/1/6
f 17/57/55 1300/82/75 379/111/100
f 107/121/109 393/178/159 1321/175/156
f 247/42/42 105/96/88 1191/30/30
f 1235/146/130 6/68/1 274/177/158
f 12/132/2 1316/148/132 378/114/102
f 98/79/2 352/179/160 11/100/2
f 2/154/1 1190/53/51 236/44/43
f 1161/139/124 20/5/9 221/180/161
f 321/181/162 97/75/3 1261/94/87
f 8/95/2 1271/182/163 98/79/2
f 1201/183/118 25/103/94 268/49/48
f 1195/184/164 5/151/1 91/51/1
f 108/36/36 347/185/165 23/38/38
f 111/186/120 374/187/166 25/103/94
f 1170/129/116 3/9/1 222/25/26
f 88/27/1 206/15/16 1160/24/25
f 312/188/167 95/160/2 1241/189/168
f 1241/189/168 9/141/2 326/190/169
f 93/70/1 211/191/170 1/2/1
f 242/192/171 92/167/148 5/151/1
f 346/101/92 99/157/139 1291/171/152
f 317/124/112 100/113/2 7/108/2
f 457/193/172 130/194/173 34/195/174
f 503/196/175 136/197/176 1389/198/177
f 1477/199/178 1433/200/179 136/197/176
f 711/201/180 131/202/181 1429/203/182
f 480/204/183 127/205/184 1378/206/185
f 436/207/186 137/208/187 1353/163/144
f 1455/209/188 1419/210/189 138/211/190
f 1429/203/182 1439/212/191 693/213/192
f 447/214/193 124/215/194 29/216/195
f 1368/217/196 1452/218/197 425/219/198
f 1404/220/199 1409/221/200 622/222/201
f 1472/223/202 1414/224/203 135/225/204
f 27/226/205 1346/227/206 124/215/194
f 31/228/207 1350/229/208 567/230/209
f 32/231/210 1350/229/208 127/205/184
f 438/232/211 134/233/212 1468/234/213
f 1359/235/214 1444/236/215 120/237/216
f 33/238/217 1332/239/218 129/240/181
f 34/195/174 1337/241/219 530/242/220
f 412/243/221 122/244/222 1354/245/223
f 1364/246/224 1448/247/225 134/233/212
f 1345/248/226 1349/249/227 514/250/228
f 30/251/229 1331/252/230 549/253/231
f 457/193/172 128/254/232 1383/255/233
f 447/214/193 123/256/234 1358/257/235
f 27/226/205 1326/258/236 532/259/237
f 34/195/174 1327/260/238 128/254/232
f 467/261/239 138/211/190 1471/262/240
f 1379/263/241 1453/264/242 119/265/243
f 35/266/244 1337/241/219 130/194/173
f 35/266/244 1332/239/218 569/267/245
f 481/268/246 119/265/243 1456/269/247
f 479/270/248 138/211/190 1373/271/249
f 28/272/250 1341/273/251 548/274/252
f 29/216/195 1341/273/251 123/256/234
f 427/275/253 125/276/254 1369/277/255
f 489/278/256 128/254/232 33/238/217
f 29/216/195 1346/227/206 513/279/257
f 1467/280/258 1399/281/259 137/208/187
f 1389/198/177 1459/282/260 490/283/261
f 1394/284/262 1464/285/263 139/286/264
f 1336/287/265 1345/248/226 531/288/266
f 28/272/250 1326/258/236 122/244/222
f 1394/284/262 1476/289/267 505/290/268
f 488/291/269 118/292/5 1384/293/270
f 30/251/229 1340/294/271 126/295/272
f 31/228/207 1331/252/230 125/276/254
f 465/296/273 135/225/204 1368/217/196
f 32/231/210 1340/294/271 200/297/274
f 568/298/275 121/299/276 1336/287/265
f 33/238/217 1327/260/238 550/300/277
f 1459/282/260 1433/200/179 710/301/278
f 139/286/264 728/302/279 1476/289/267
f 1464/285/263 1438/303/280 139/286/264
f 120/237/216 605/304/281 1403/305/282
f 1468/234/213 1408/306/283 586/307/284
f 134/233/212 623/308/285 1408/306/283
f 1453/264/242 1423/309/286 119/265/243
f 138/211/190 640/310/287 1471/262/240
f 119/265/243 675/311/288 1456/269/247
f 437/312/289 124/215/194 1363/313/290
f 1359/235/214 1449/314/291 445/315/292
f 120/237/216 621/316/293 1449/314/291
f 137/208/187 603/317/294 1443/164/145
f 427/275/253 127/205/184 31/228/207
f 466/318/295 125/276/254 30/251/229
f 641/319/296 133/320/254 1413/321/297
f 1413/321/297 1424/322/298 658/323/299
f 489/278/256 129/240/181 1388/324/300
f 504/325/301 129/240/181 35/266/244
f 1439/212/191 1434/326/302 729/327/303
f 1460/328/304 1428/329/305 118/292/5
f 412/243/221 123/256/234 28/272/250
f 437/312/289 122/244/222 27/226/205
f 1409/221/200 1398/330/306 587/331/307
f 604/332/308 132/333/4 1404/220/199
f 466/318/295 126/295/272 1374/334/309
f 480/204/183 126/295/272 32/231/210
f 1424/322/298 1418/335/310 676/336/311
f 135/225/204 657/337/312 1452/218/197
f 504/325/301 130/194/173 1393/338/313
f 1384/293/270 1465/339/314 455/340/315
f 118/292/5 692/341/316 1465/339/314
f 1540/342/317 36/343/318 744/344/319
f 1491/345/320 55/346/321 158/347/322
f 141/348/318 769/349/323 38/350/318
f 758/351/324 166/352/325 1501/353/326
f 39/354/318 1505/355/327 748/356/328
f 743/357/329 158/347/322 51/358/330
f 754/359/331 154/360/332 49/361/333
f 768/362/334 161/363/335 1496/364/336
f 38/350/318 1480/365/337 764/366/338
f 1495/367/339 39/354/318 140/368/318
f 1501/353/326 57/369/340 773/370/341
f 1511/371/342 54/372/343 779/373/344
f 1506/374/345 61/375/346 749/376/347
f 773/370/341 160/377/348 1516/378/349
f 1516/378/349 58/379/350 783/380/351
f 1526/381/352 53/382/353 789/383/354
f 142/384/318 778/385/355 1505/355/327
f 783/380/351 167/386/356 1531/387/357
f 1531/387/357 1643/388/358 795/389/359
f 810/390/360 165/391/361 1526/381/352
f 143/392/318 788/393/362 1510/394/363
f 1541/395/364 51/358/330 156/396/365
f 815/397/366 156/396/365 52/398/367
f 821/399/368 162/400/369 48/401/370
f 36/343/318 1485/402/371 141/348/318
f 1556/403/372 52/398/367 164/404/373
f 826/405/374 164/404/373 56/406/375
f 1551/407/376 1640/408/377 162/400/369
f 41/409/318 1535/410/378 145/411/318
f 158/347/322 869/412/379 1570/413/380
f 45/414/381 1586/415/382 149/416/381
f 59/417/383 1580/418/384 166/352/325
f 878/419/385 150/420/381 1596/421/386
f 156/396/365 849/422/387 1620/423/388
f 50/424/389 1565/425/390 874/426/391
f 50/424/389 1575/427/392 161/363/335
f 155/428/393 858/429/394 1565/425/390
f 168/430/395 869/412/379 55/346/321
f 169/431/396 853/432/397 61/375/346
f 54/372/343 1585/433/398 169/431/396
f 57/369/340 1595/434/399 160/377/348
f 1581/435/400 43/436/381 878/419/385
f 157/437/401 883/438/402 54/372/343
f 53/382/353 1590/439/403 157/437/401
f 58/379/350 1610/440/404 167/386/356
f 1596/421/386 46/441/405 888/442/406
f 165/391/361 893/443/407 53/382/353
f 60/444/408 1605/445/409 165/391/361
f 167/386/356 899/446/410 1643/388/358
f 848/447/411 148/448/381 42/449/381
f 49/361/333 1615/450/412 858/429/394
f 154/360/332 925/451/413 1615/450/412
f 164/404/373 921/452/414 1635/453/415
f 152/454/381 920/455/416 1621/456/417
f 48/401/370 1630/457/418 925/451/413
f 162/400/369 937/458/419 1630/457/418
f 56/406/375 1635/453/415 930/459/420
f 1486/460/421 49/361/333 155/428/393
f 1546/461/422 56/406/375 159/462/423
f 159/462/423 930/459/420 1625/463/424
f 42/449/381 1566/464/425 859/465/426
f 769/349/323 140/368/318 38/350/318
f 1496/364/336 59/417/383 758/351/324
f 161/363/335 864/466/427 59/417/383
f 148/448/381 873/467/428 1566/464/425
f 146/468/318 820/469/429 41/409/318
f 744/344/319 141/348/318 1490/470/430
f 51/358/330 1570/413/380 849/422/387
f 926/471/431 153/472/381 47/473/381
f 779/373/344 169/431/396 1506/374/345
f 1521/474/432 1644/475/433 163/476/434
f 163/476/434 898/477/435 1600/478/436
f 149/416/381 884/479/437 43/436/381
f 749/376/347 168/430/395 1481/480/438
f 768/362/334 155/428/393 50/424/389
f 1571/481/439 44/482/381 148/448/381
f 61/375/346 1560/483/440 168/430/395
f 1545/484/441 1550/485/442 146/468/318
f 825/486/443 146/468/318 1555/487/444
f 153/472/381 931/488/445 1636/489/446
f 1631/490/447 1626/491/448 153/472/381
f 40/492/449 1525/493/450 788/393/362
f 1500/494/451 37/495/318 142/384/318
f 166/352/325 879/496/452 57/369/340
f 46/441/405 1606/497/453 151/498/454
f 759/499/455 142/384/318 39/354/318
f 774/500/456 143/392/318 37/495/318
f 147/501/381 873/467/428 44/482/381
f 45/414/381 1576/502/457 147/501/381
f 1536/503/458 48/401/370 154/360/332
f 42/449/381 1621/456/417 848/447/411
f 1706/504/459 62/505/460 953/506/461
f 1616/507/462 47/473/381 152/454/381
f 144/508/463 811/509/464 1525/493/450
f 1530/510/465 1520/511/466 144/508/463
f 1611/512/467 1601/513/468 900/514/469
f 151/498/454 915/515/470 1601/513/468
f 1546/461/422 1641/516/471 830/517/472
f 816/518/473 145/411/318 1540/342/317
f 52/398/367 1620/423/388 921/452/414
f 159/462/423 935/519/474 1641/516/471
f 789/383/354 157/437/401 1511/371/342
f 1555/487/444 41/409/318 816/518/473
f 47/473/381 1636/489/446 920/455/416
f 150/420/381 894/520/475 46/441/405
f 37/495/318 1510/394/363 778/385/355
f 1481/480/438 55/346/321 763/521/476
f 863/522/477 149/416/381 1581/435/400
f 43/436/381 1591/523/478 150/420/381
f 1521/474/432 60/444/408 810/390/360
f 1515/524/479 40/492/449 143/392/318
f 160/377/348 889/525/480 58/379/350
f 163/476/434 916/526/481 60/444/408
f 1490/470/430 38/350/318 764/366/338
f 140/368/318 748/356/328 1480/365/337
f 854/527/482 147/501/381 1561/528/483
f 1561/528/483 44/482/381 868/529/484
f 145/411/318 753/530/485 36/343/318
f 784/531/486 144/508/463 40/492/449
f 888/442/406 151/498/454 1611/512/467
f 859/465/426 152/454/381 42/449/381
f 1657/532/487 81/533/488 188/534/489
f 171/535/460 978/536/490 64/537/460
f 967/538/491 196/539/492 1667/540/493
f 65/541/460 1671/542/494 957/543/495
f 952/544/496 188/534/489 77/545/497
f 963/546/498 184/547/499 75/548/500
f 977/549/501 191/550/502 1662/551/503
f 64/537/460 1646/552/504 973/553/505
f 1661/554/506 65/541/460 170/555/460
f 1667/540/493 83/556/507 982/557/508
f 1677/558/509 80/559/510 988/560/511
f 1672/561/512 87/562/513 958/563/514
f 982/557/508 190/564/515 1682/565/516
f 1682/565/516 84/566/517 992/567/518
f 1692/568/519 79/569/520 998/570/521
f 172/571/460 987/572/522 1671/542/494
f 992/567/518 197/573/523 1697/574/524
f 1697/574/524 1809/575/525 1004/576/526
f 1019/577/527 195/578/528 1692/568/519
f 173/579/529 997/580/530 1676/581/531
f 1707/582/532 77/545/497 186/583/533
f 1024/584/534 186/583/533 78/585/535
f 1030/586/536 192/587/537 74/588/538
f 62/505/460 1651/589/539 171/535/460
f 1722/590/540 78/585/535 194/591/541
f 1035/592/542 194/591/541 82/593/543
f 1717/594/544 1806/595/545 192/587/537
f 67/596/460 1701/597/546 175/598/460
f 188/534/489 1077/599/547 1736/600/548
f 71/601/549 1752/602/550 179/603/549
f 85/604/551 1746/605/552 196/539/492
f 1086/606/553 180/607/554 1762/608/555
f 186/583/533 1057/609/556 1786/610/557
f 76/611/558 1731/612/559 1082/613/560
f 76/611/558 1741/614/561 191/550/502
f 185/615/562 1066/616/563 1731/612/559
f 198/617/564 1077/599/547 81/533/488
f 199/618/565 1061/619/566 87/562/513
f 80/559/510 1751/620/567 199/618/565
f 83/556/507 1761/621/568 190/564/515
f 1747/622/569 69/623/570 1086/606/553
f 187/624/571 1091/625/572 80/559/510
f 79/569/520 1756/626/573 187/624/571
f 84/566/517 1776/627/574 197/573/523
f 1762/608/555 72/628/575 1096/629/576
f 195/578/528 1101/630/577 79/569/520
f 86/631/578 1771/632/579 195/578/528
f 197/573/523 1107/633/580 1809/575/525
f 1056/634/581 178/635/549 68/636/549
f 75/548/500 1781/637/582 1066/616/563
f 184/547/499 1133/638/583 1781/637/582
f 194/591/541 1129/639/584 1801/640/585
f 182/641/549 1128/642/586 1787/643/587
f 74/588/538 1796/644/588 1133/638/583
f 192/587/537 1145/645/589 1796/644/588
f 82/593/543 1801/640/585 1138/646/590
f 1652/647/591 75/548/500 185/615/562
f 1712/648/592 82/593/543 189/649/593
f 189/649/593 1138/646/590 1791/650/594
f 68/636/549 1732/651/595 1067/652/596
f 978/536/490 170/555/460 64/537/460
f 1662/551/503 85/604/551 967/538/491
f 191/550/502 1072/653/597 85/604/551
f 178/635/549 1081/654/598 1732/651/595
f 176/655/460 1029/656/599 67/596/460
f 953/506/461 171/535/460 1656/657/600
f 77/545/497 1736/600/548 1057/609/556
f 1134/658/601 183/659/549 73/660/549
f 988/560/511 199/618/565 1672/561/512
f 1687/661/602 1810/662/603 193/663/604
f 193/663/604 1106/664/605 1766/665/606
f 179/603/549 1092/666/607 69/623/570
f 958/563/514 198/617/564 1647/667/608
f 977/549/501 185/615/562 76/611/558
f 1737/668/609 70/669/549 178/635/549
f 87/562/513 1726/670/610 198/617/564
f 1711/671/611 1716/672/612 176/655/460
f 1034/673/613 176/655/460 1721/674/614
f 183/659/549 1139/675/615 1802/676/616
f 1797/677/617 1792/678/618 183/659/549
f 66/679/619 1691/680/620 997/580/530
f 1666/681/621 63/682/622 172/571/460
f 196/539/492 1087/683/623 83/556/507
f 72/628/575 1772/684/624 181/685/625
f 968/686/626 172/571/460 65/541/460
f 983/687/627 173/579/529 63/682/622
f 177/688/549 1081/654/598 70/669/549
f 71/601/549 1742/689/628 177/688/549
f 1702/690/629 74/588/538 184/547/499
f 68/636/549 1787/643/587 1056/634/581
f 1782/691/630 73/660/549 182/641/549
f 174/692/631 1020/693/632 1691/680/620
f 1696/694/633 1686/695/634 174/692/631
f 1777/696/635 1767/697/636 1108/698/637
f 181/685/625 1123/699/638 1767/697/636
f 1712/648/592 1807/700/639 1039/701/640
f 1025/702/641 175/598/460 1706/504/459
f 78/585/535 1786/610/557 1129/639/584
f 189/649/593 1143/703/642 1807/700/639
f 998/570/521 187/624/571 1677/558/509
f 1721/674/614 67/596/460 1025/702/641
f 73/660/549 1802/676/616 1128/642/586
f 180/607/554 1102/704/643 72/628/575
f 63/682/622 1676/581/531 987/572/522
f 1647/667/608 81/533/488 972/705/644
f 1071/706/645 179/603/549 1747/622/569
f 69/623/570 1757/707/646 180/607/554
f 1687/661/602 86/631/578 1019/577/527
f 1681/708/647 66/679/619 173/579/529
f 190/564/515 1097/709/648 84/566/517
f 193/663/604 1124/710/649 86/631/578
f 1656/657/600 64/537/460 973/553/505
f 170/555/460 957/543/495 1646/552/504
f 1062/711/650 177/688/549 1727/712/651
f 1727/712/651 70/669/549 1076/713/652
f 175/598/460 962/714/653 62/505/460
f 993/715/654 174/692/631 66/679/619
f 1096/629/576 181/685/625 1777/696/635
f 1067/652/596 182/641/549 68/636/549
f 251/716/655 256/717/656 264/718/657
f 254/719/658 257/720/659 256/717/656
f 264/718/657 256/717/656 267/721/660
f 256/717/656 258/722/661 267/721/660
f 259/723/662 261/724/663 252/725/664
f 260/726/665 262/727/666 259/728/662
f 262/729/666 255/730/667 261/724/663
f 263/731/668 257/720/659 262/729/666
f 253/48/47 266/732/669 265/733/670
f 264/734/671 267/735/672 266/732/669
f 265/733/670 263/736/673 260/726/674
f 266/732/669 258/737/675 263/736/673
f 288/176/157 293/738/676 292/739/677
f 291/740/678 294/741/679 293/738/676
f 292/739/677 305/742/680 302/743/681
f 293/738/676 295/744/682 305/742/680
f 289/745/683 299/746/684 298/747/685
f 296/748/686 300/749/687 299/746/684
f 298/747/685 299/746/684 294/741/688
f 299/746/684 295/744/689 294/741/688
f 301/750/690 303/751/691 290/752/692
f 302/743/681 304/753/693 301/750/690
f 304/753/693 297/754/694 303/751/691
f 305/742/680 300/749/695 304/753/693
f 356/136/121 361/755/696 360/756/697
f 359/757/698 362/758/699 361/759/696
f 360/760/697 372/761/700 369/762/701
f 361/759/696 363/763/702 372/761/700
f 357/105/96 366/764/703 359/765/704
f 364/766/705 367/767/706 366/764/703
f 359/765/704 366/764/703 362/758/707
f 366/764/703 363/763/708 362/758/709
f 368/768/710 370/769/711 358/173/154
f 369/762/701 371/770/712 368/768/710
f 371/770/712 365/771/713 370/769/711
f 372/761/714 367/767/706 371/770/712
f 393/178/159 398/772/715 406/773/716
f 396/774/717 399/775/718 398/772/715
f 406/773/716 398/772/715 409/776/719
f 398/772/715 400/777/720 409/776/721
f 401/778/722 403/779/723 394/780/724
f 402/781/725 404/782/726 401/778/722
f 404/782/726 397/783/727 403/779/723
f 405/784/728 399/775/729 404/782/726
f 395/117/105 408/785/730 407/786/731
f 406/787/732 409/776/733 408/785/730
f 407/786/731 405/784/728 402/781/725
f 408/785/730 400/777/734 405/784/728
f 413/788/735 415/789/736 410/165/146
f 413/788/735 414/790/737 416/791/738
f 416/791/738 422/792/739 415/789/736
f 418/793/740 420/794/741 411/795/742
f 419/796/743 421/797/744 418/793/740
f 421/797/744 414/790/737 420/794/741
f 421/797/744 417/798/745 416/799/738
f 422/792/739 424/800/746 423/801/747
f 424/800/746 419/796/743 423/802/747
f 425/219/198 428/803/748 429/804/749
f 429/805/750 430/806/750 433/807/750
f 426/808/751 432/809/752 431/810/753
f 431/810/754 429/811/755 428/812/756
f 432/809/757 430/813/758 429/811/755
f 436/207/759 439/814/760 443/815/761
f 439/814/762 1813/816/762 440/817/762
f 438/232/763 443/818/763 444/819/763
f 443/820/761 439/821/760 444/822/764
f 444/822/765 1813/823/765 442/824/765
f 445/315/292 448/825/766 449/826/767
f 448/825/768 453/827/769 449/828/770
f 449/828/770 450/829/771 1814/830/772
f 446/831/773 451/832/774 453/833/775
f 451/834/776 452/835/777 1814/836/778
f 453/833/769 451/832/779 449/837/770
f 451/832/779 450/838/771 449/837/770
f 458/839/780 459/840/781 455/340/315
f 458/839/782 461/841/782 460/842/782
f 459/840/783 464/843/784 1815/844/785
f 456/845/786 460/846/787 461/847/788
f 463/848/789 464/843/790 460/849/791
f 468/850/792 470/851/793 465/296/273
f 468/850/792 469/852/794 478/853/795
f 470/851/793 478/854/795 476/855/796
f 478/853/795 469/852/797 471/856/798
f 472/857/799 474/858/800 473/859/801
f 473/860/801 474/858/800 469/861/802
f 474/858/800 471/856/798 469/852/802
f 475/862/803 477/863/804 467/261/239
f 475/862/803 476/855/796 478/864/795
f 478/864/795 472/857/799 477/863/804
f 479/270/248 487/865/805 482/866/806
f 487/867/807 1816/868/807 483/869/807
f 482/866/808 487/870/809 486/871/809
f 481/268/246 486/872/810 487/873/811
f 487/874/812 1816/868/813 484/875/814
f 491/876/815 493/877/816 488/291/269
f 491/876/815 492/878/817 494/879/818
f 493/877/816 494/880/818 500/881/819
f 494/879/818 492/878/817 495/882/820
f 496/883/821 497/884/822 498/885/823
f 496/886/821 498/885/823 492/887/817
f 497/884/822 492/878/817 498/885/823
f 499/888/824 501/889/825 490/283/261
f 500/881/819 502/890/826 499/888/824
f 501/889/825 502/890/826 497/891/822
f 502/890/826 495/882/820 497/884/822
f 506/892/827 507/893/828 503/196/829
f 506/892/830 508/894/831 512/895/832
f 507/893/833 512/896/834 511/897/834
f 505/290/268 511/898/835 512/899/836
f 512/900/837 1812/901/838 510/902/839
f 512/896/837 508/903/840 1812/901/838
f 515/904/841 517/905/842 513/279/257
f 516/906/843 518/907/844 515/904/841
f 518/907/844 526/908/845 517/905/842
f 518/907/844 519/909/846 529/910/847
f 514/250/228 523/911/848 522/912/849
f 520/913/850 524/914/851 523/915/848
f 522/912/849 519/916/852 516/917/853
f 523/911/854 529/918/855 519/916/856
f 525/919/857 527/920/858 200/297/274
f 526/908/845 528/921/859 525/919/857
f 528/921/859 521/922/860 527/920/858
f 528/921/859 529/923/861 524/914/862
f 533/924/863 535/925/864 530/242/220
f 534/926/865 536/927/866 533/924/863
f 536/927/866 545/928/867 535/925/864
f 536/927/866 537/929/868 538/930/869
f 531/288/266 542/931/870 541/932/871
f 539/933/872 543/934/873 542/931/870
f 541/932/871 537/935/874 534/936/875
f 542/931/870 538/937/876 537/935/874
f 544/938/877 546/939/878 532/259/237
f 545/928/867 547/940/879 544/938/877
f 547/940/879 540/941/880 546/939/878
f 547/940/879 538/942/869 543/943/881
f 551/944/882 553/945/883 548/274/252
f 552/946/884 554/947/885 551/944/882
f 554/947/885 563/948/886 553/945/883
f 554/947/885 556/949/887 566/950/888
f 557/951/889 559/952/890 549/253/231
f 558/953/891 560/954/892 557/951/889
f 560/954/892 552/946/884 559/952/890
f 560/954/892 556/949/887 555/955/893
f 562/956/894 564/957/895 550/300/277
f 563/948/886 565/958/896 562/956/894
f 565/958/896 558/953/891 564/957/895
f 565/958/896 556/949/887 561/959/897
f 570/960/898 572/961/899 567/230/209
f 571/962/900 573/963/901 570/960/898
f 573/963/901 582/964/902 572/961/899
f 573/963/901 574/965/903 575/966/904
f 568/298/275 579/967/905 578/968/906
f 576/969/907 580/970/908 579/971/905
f 578/972/906 574/965/909 571/962/910
f 579/971/905 575/973/911 574/965/909
f 581/974/912 583/975/913 569/267/245
f 582/964/902 584/976/914 581/974/912
f 584/976/914 577/977/915 583/975/913
f 584/976/914 575/973/904 580/970/916
f 585/978/917 590/979/918 589/980/919
f 588/981/920 591/982/921 590/979/918
f 589/980/919 602/983/922 599/984/923
f 590/979/918 592/985/924 602/983/922
f 586/307/284 596/986/925 595/987/926
f 593/988/927 597/989/928 596/986/925
f 595/987/929 591/982/930 588/981/931
f 596/986/925 592/985/932 591/982/933
f 598/990/934 600/991/935 587/992/307
f 599/984/923 601/993/936 598/990/934
f 601/993/936 594/994/937 600/991/935
f 602/983/938 597/989/939 601/993/936
f 606/995/940 608/996/941 603/317/294
f 607/997/942 609/998/943 606/995/940
f 609/998/943 617/999/944 608/996/941
f 609/998/943 610/1000/945 620/1001/946
f 611/1002/947 613/1003/948 604/1004/308
f 612/1005/949 614/1006/950 611/1002/947
f 614/1006/950 607/997/942 613/1003/948
f 614/1006/950 615/1007/951 610/1008/945
f 616/1009/952 618/1010/953 605/304/281
f 617/999/944 619/1011/954 616/1009/952
f 619/1011/954 612/1005/949 618/1010/953
f 620/1001/946 615/1007/951 619/1011/954
f 621/316/293 627/1012/955 626/1013/956
f 624/1014/957 628/1015/958 627/1012/955
f 626/1013/959 638/1016/960 635/1017/961
f 627/1012/955 629/1018/962 638/1016/960
f 630/1019/963 632/1020/964 622/1021/201
f 631/1022/965 633/1023/966 630/1019/963
f 633/1023/966 625/1024/967 632/1020/964
f 634/1025/968 628/1015/958 633/1023/966
f 623/308/285 637/1026/969 636/1027/970
f 635/1017/971 638/1016/972 637/1026/969
f 636/1027/970 634/1025/968 631/1022/965
f 637/1026/969 629/1018/962 634/1025/968
f 642/1028/973 644/1029/974 639/1030/975
f 643/1031/976 645/1032/977 642/1028/973
f 645/1032/977 653/1033/978 644/1029/974
f 645/1032/977 646/1034/979 656/1035/980
f 647/1036/981 649/1037/982 640/310/287
f 648/1038/983 650/1039/984 647/1036/981
f 650/1039/984 643/1031/976 649/1037/982
f 651/1040/985 646/1034/979 650/1039/984
f 652/1041/986 654/1042/987 641/1043/296
f 653/1033/978 655/1044/988 652/1041/986
f 655/1044/988 648/1038/983 654/1042/987
f 655/1044/988 656/1045/980 651/1040/985
f 657/337/312 663/1046/989 662/1047/990
f 660/1048/991 664/1049/992 663/1046/989
f 663/1046/993 671/1050/994 662/1047/995
f 663/1046/993 665/1051/996 673/1052/997
f 666/1053/998 668/1054/999 658/1055/299
f 667/1056/1000 669/1057/1001 666/1053/998
f 669/1057/1002 661/1058/1003 668/1054/999
f 659/1059/1004 673/1060/1005 672/1061/1006
f 670/1062/1007 671/1050/1007 673/1060/1007
f 672/1061/1006 664/1063/1008 667/1056/1000
f 673/1052/1009 665/1051/1009 664/1063/1009
f 674/1064/1010 679/1065/1011 678/1066/1012
f 677/1067/1013 680/1068/1014 679/1065/1011
f 678/1066/1012 691/1069/1015 688/1070/1016
f 679/1065/1011 681/1071/1017 691/1069/1015
f 675/311/288 685/1072/1018 684/1073/1019
f 682/1074/1020 686/1075/1021 685/1072/1018
f 684/1073/1019 685/1072/1018 680/1068/1022
f 685/1072/1018 681/1071/1017 680/1068/1022
f 687/1076/1023 689/1077/1024 676/1078/311
f 688/1070/1016 690/1079/1025 687/1076/1023
f 690/1079/1025 683/1080/1026 689/1077/1024
f 691/1069/1015 686/1075/1021 690/1079/1025
f 692/341/316 697/1081/1027 705/1082/1028
f 695/1083/1029 698/1084/1030 697/1081/1027
f 705/1082/1028 697/1081/1027 708/1085/1031
f 697/1081/1027 699/1086/1032 708/1085/1031
f 700/1087/1033 702/1088/1034 693/1089/192
f 701/1090/1035 703/1091/1036 700/1087/1033
f 703/1091/1036 696/1092/1037 702/1093/1034
f 704/1094/1038 698/1084/1030 703/1091/1036
f 694/1095/1039 707/1096/1040 706/1097/1041
f 705/1098/1042 708/1085/1043 707/1096/1040
f 706/1097/1041 704/1094/1038 701/1090/1035
f 707/1096/1040 699/1086/1032 704/1094/1038
f 712/1099/1044 714/1100/1045 709/1101/1046
f 713/1102/1047 715/1103/1048 712/1099/1044
f 715/1103/1048 723/1104/1049 714/1100/1045
f 716/1105/1050 726/1106/1051 715/1103/1048
f 717/1107/1052 719/1108/1053 710/301/278
f 718/1109/1054 720/1110/1055 717/1107/1052
f 720/1110/1055 713/1102/1047 719/1108/1053
f 720/1110/1055 721/1111/1056 716/1105/1050
f 722/1112/1057 724/1113/1058 711/1114/180
f 723/1104/1049 725/1115/1059 722/1112/1057
f 725/1115/1059 718/1109/1054 724/1113/1058
f 725/1115/1059 726/1106/1051 721/1116/1056
f 727/1117/1060 733/1118/1061 732/1119/1062
f 730/1120/1063 731/1121/1064 733/1118/1061
f 732/1119/1062 738/1122/1065 740/1123/1066
f 733/1124/1067 734/1125/1067 738/1122/1067
f 728/302/279 733/1126/1068 737/1127/1069
f 735/1128/1070 738/1129/1071 733/1126/1068
f 737/1127/1069 733/1124/1068 731/1121/1072
f 739/1130/1073 741/1131/1074 729/1132/303
f 740/1123/1066 742/1133/1075 739/1130/1073
f 742/1133/1076 736/1134/1077 741/1131/1074
f 793/1135/1078 798/1136/1079 806/1137/1080
f 796/1138/1081 799/1139/1082 798/1136/1079
f 806/1137/1080 798/1136/1079 809/1140/1083
f 798/1136/1079 800/1141/1084 809/1140/1083
f 801/1142/1085 803/1143/1086 794/1144/1087
f 802/1145/1088 804/1146/1089 801/1142/1085
f 804/1147/1089 797/1148/1090 803/1149/1086
f 805/1150/1091 799/1139/1082 804/1147/1089
f 795/1151/359 808/1152/1092 807/1153/1093
f 806/1154/1094 809/1155/1095 808/1152/1092
f 807/1153/1093 805/1156/1096 802/1145/1097
f 808/1152/1092 800/1157/1098 805/1156/1096
f 830/517/472 835/1158/1099 834/1159/1100
f 833/1160/1101 836/1161/1102 835/1162/1099
f 834/1159/1100 847/1163/1103 844/1164/1104
f 835/1162/1099 837/1165/1105 847/1166/1103
f 831/1167/1106 841/1168/1107 840/1169/1108
f 838/1170/1109 842/1171/1110 841/1168/1107
f 840/1169/1108 841/1168/1107 836/1161/1111
f 841/1168/1107 837/1165/1112 836/1161/1111
f 843/1172/1113 845/1173/1114 832/1174/1115
f 844/1175/1104 846/1176/1116 843/1172/1113
f 846/1176/1116 839/1177/1117 845/1173/1114
f 847/1166/1103 842/1171/1118 846/1176/1116
f 898/477/435 902/1178/1119 901/1179/1120
f 907/1180/1121 903/1181/1122 902/1178/1119
f 901/1179/1120 914/1182/1123 911/1183/1124
f 902/1178/1119 904/1184/1125 914/1182/1123
f 899/446/410 908/1185/1126 907/1186/1127
f 905/1187/1128 909/1188/1129 908/1185/1126
f 907/1186/1127 908/1185/1126 903/1181/1130
f 908/1185/1126 904/1184/1131 903/1181/1130
f 910/1189/1132 912/1190/1133 900/514/469
f 911/1183/1124 913/1191/1134 910/1189/1132
f 913/1191/1134 906/1192/1135 912/1190/1133
f 914/1182/1136 909/1188/1129 913/1191/1134
f 935/519/474 940/1193/1137 948/1194/1138
f 938/1195/1139 941/1196/1140 940/1193/1137
f 948/1194/1138 940/1193/1137 951/1197/1141
f 940/1193/1137 942/1198/1142 951/1197/1143
f 943/1199/1144 945/1200/1145 936/1201/1146
f 944/1202/1147 946/1203/1148 943/1199/1144
f 946/1203/1148 939/1204/1149 945/1200/1145
f 947/1205/1150 941/1196/1151 946/1203/1148
f 937/458/419 950/1206/1152 949/1207/1153
f 948/1208/1154 951/1197/1155 950/1206/1152
f 949/1207/1153 947/1205/1150 944/1202/1147
f 950/1206/1152 942/1198/1156 947/1205/1150
f 1002/1209/1157 1007/1210/1158 1015/1211/1159
f 1005/1212/1160 1008/1213/1161 1007/1210/1158
f 1015/1214/1159 1007/1215/1158 1018/1216/1162
f 1007/1215/1158 1009/1217/1163 1018/1216/1164
f 1010/1218/1165 1012/1219/1166 1003/1220/1167
f 1011/1221/1168 1013/1222/1169 1010/1218/1165
f 1013/1223/1169 1006/1224/1170 1012/1225/1166
f 1014/1226/1171 1008/1227/1161 1013/1222/1169
f 1004/576/526 1017/1228/1172 1016/1229/1173
f 1015/1230/1174 1018/1216/1175 1017/1228/1172
f 1016/1229/1173 1014/1226/1176 1011/1221/1177
f 1017/1228/1172 1009/1217/1178 1014/1226/1176
f 1039/1231/640 1044/1232/1179 1043/1233/1180
f 1042/1234/1181 1045/1235/1182 1044/1236/1179
f 1043/1233/1180 1055/1237/1183 1052/1238/1184
f 1044/1232/1179 1046/1239/1185 1055/1237/1183
f 1040/1240/1186 1049/1241/1187 1042/1242/1188
f 1047/1243/1189 1050/1244/1190 1049/1241/1187
f 1042/1242/1188 1049/1241/1187 1045/1235/1191
f 1049/1241/1187 1046/1245/1192 1045/1235/1193
f 1051/1246/1194 1053/1247/1195 1041/1248/1196
f 1052/1238/1184 1054/1249/1197 1051/1246/1194
f 1054/1250/1197 1048/1251/1198 1053/1252/1195
f 1055/1237/1183 1050/1253/1199 1054/1249/1197
f 1106/664/605 1110/1254/1200 1109/1255/1201
f 1115/1256/1202 1111/1257/1203 1110/1254/1200
f 1109/1255/1201 1122/1258/1204 1119/1259/1205
f 1110/1254/1200 1112/1260/1206 1122/1258/1204
f 1107/633/580 1116/1261/1207 1115/1262/1208
f 1113/1263/1209 1117/1264/1210 1116/1261/1207
f 1115/1262/1208 1116/1261/1207 1111/1257/1211
f 1116/1261/1207 1112/1260/1212 1111/1257/1211
f 1118/1265/1213 1120/1266/1214 1108/698/637
f 1119/1259/1205 1121/1267/1215 1118/1265/1213
f 1121/1267/1215 1114/1268/1216 1120/1266/1214
f 1122/1258/1217 1117/1264/1210 1121/1267/1215
f 1143/703/642 1149/1269/1218 1148/1270/1219
f 1146/1271/1220 1150/1272/1221 1149/1269/1218
f 1148/1270/1219 1149/1269/1218 1159/1273/1222
f 1149/1269/1218 1151/1274/1223 1159/1273/1222
f 1152/1275/1224 1154/1276/1225 1144/1277/1226
f 1153/1278/1227 1155/1279/1228 1152/1275/1224
f 1155/1279/1228 1147/1280/1229 1154/1276/1225
f 1156/1281/1230 1150/1272/1231 1155/1279/1228
f 1145/645/589 1158/1282/1232 1157/1283/1233
f 1148/1284/1234 1159/1273/1235 1158/1282/1232
f 1157/1283/1233 1156/1281/1230 1153/1278/1227
f 1158/1282/1232 1151/1274/1236 1156/1281/1230
f 222/25/26 1162/1285/1237 225/1286/1238
f 225/1286/1238 1163/1287/1239 224/1288/1240
f 224/1288/1241 1164/1289/1242 223/1290/1243
f 1164/1289/1242 221/1291/161 223/1290/1243
f 1160/24/25 208/1292/1244 1162/1285/1237
f 1162/1285/1237 209/1293/1245 1163/1287/1239
f 1163/1287/1246 210/1294/1247 1164/1289/1242
f 210/1294/1247 1161/1295/124 1164/1289/1242
f 1165/1296/59 230/1297/1248 227/1298/11
f 1167/1299/1249 229/1300/1250 230/1297/1248
f 1168/1301/1251 228/1302/1252 229/1300/1253
f 228/1302/1252 1166/119/107 226/21/22
f 211/1303/170 1167/1299/1249 1165/1296/59
f 213/1304/1254 1168/1301/1255 1167/1299/1249
f 214/1305/1256 1169/1306/1257 1168/1301/1251
f 1169/1306/1257 212/18/19 1166/119/107
f 1170/129/116 205/1307/1258 202/3/7
f 1172/1308/1259 204/1309/1260 205/1307/1258
f 1173/1310/1261 203/1311/1262 204/1309/1263
f 203/1311/1262 1171/1312/8 201/1313/17
f 222/25/26 1172/1308/1259 1170/129/116
f 225/1286/1238 1173/1310/1264 1172/1308/1259
f 224/1288/1241 1174/1314/1265 1173/1310/1261
f 1174/1314/1265 221/1291/161 1171/1312/8
f 217/1315/140 1177/1316/1266 220/1317/1267
f 220/1317/1267 1178/1318/1268 219/1319/1269
f 219/1319/1270 1179/1320/1271 218/1321/1272
f 1179/1320/1271 216/10/12 218/1321/1272
f 1175/1322/27 230/1297/1248 1177/1316/1266
f 1177/1316/1266 229/1300/1250 1178/1318/1268
f 1178/1318/1273 228/1302/1252 1179/1320/1271
f 228/1302/1252 1176/23/24 1179/1320/1271
f 232/1323/141 1182/1324/1274 235/1325/1275
f 235/1325/1275 1183/1326/1276 234/1327/1277
f 234/1327/1278 1184/1328/1279 233/1329/1280
f 1184/1328/1279 231/29/29 233/1329/1280
f 1180/1330/136 220/1317/1267 1182/1324/1274
f 1182/1324/1274 219/1319/1269 1183/1326/1276
f 1183/1326/1281 218/1321/1272 1184/1328/1279
f 218/1321/1272 1181/12/14 1184/1328/1279
f 206/15/16 1187/1331/1282 208/1292/1244
f 208/1292/1244 1188/1332/1283 209/1293/1245
f 209/1293/1284 1189/1333/1285 210/1294/1247
f 1189/1333/1285 207/1334/35 210/1294/1247
f 1185/14/15 238/1335/1286 1187/1331/1282
f 1187/1331/1282 239/1336/1287 1188/1332/1283
f 1188/1332/1288 240/1337/1289 1189/1333/1285
f 240/1337/1289 1186/1338/33 1189/1333/1285
f 236/44/43 1192/1339/1290 238/1335/1286
f 238/1335/1286 1193/1340/1291 239/1336/1287
f 239/1336/1292 1194/1341/1293 240/1337/1289
f 1194/1341/1293 237/1342/32 240/1337/1289
f 1190/53/51 248/1343/1294 1192/1339/1290
f 1192/1339/1290 249/1344/1295 1193/1340/1291
f 1193/1340/1296 250/1345/1297 1194/1341/1293
f 250/1345/1297 1191/1346/30 1194/1341/1293
f 242/1347/171 1197/1348/1298 245/1349/1299
f 245/1349/1299 1198/1350/1300 244/1351/1301
f 244/1351/1302 1199/1352/1303 243/1353/1304
f 1199/1352/1303 241/39/39 243/1353/1304
f 1195/1354/164 235/1325/1275 1197/1348/1298
f 1197/1348/1298 234/1327/1277 1198/1350/1300
f 1198/1350/1305 233/1329/1280 1199/1352/1303
f 233/1329/1280 1196/37/37 1199/1352/1303
f 1200/170/151 272/1355/1306 269/168/149
f 1202/1356/1307 271/1357/1308 272/1355/1306
f 1203/1358/1309 270/1359/1310 271/1357/1308
f 1204/1360/1311 268/1361/48 270/1359/1310
f 252/725/664 1202/1356/1307 1200/170/151
f 261/724/663 1203/1358/1309 1202/1356/1307
f 255/730/667 1204/1360/1311 1203/1358/1309
f 254/719/658 1201/133/118 1204/1360/1311
f 246/52/50 1207/1362/1312 248/1343/1294
f 248/1343/1294 1208/1363/1313 249/1344/1295
f 249/1344/1314 1209/1364/1315 250/1345/1297
f 250/1345/1297 1206/1365/40 247/1366/42
f 1205/152/135 272/1355/1306 1207/1362/1312
f 1207/1362/1316 271/1357/1308 1208/1363/1313
f 1208/1363/1317 270/1359/1310 1209/1364/1315
f 270/1359/1310 1206/1365/40 1209/1364/1315
f 252/1367/664 1212/1368/1318 259/728/662
f 259/728/662 1213/1369/1319 260/726/665
f 260/726/674 1214/1370/1320 265/733/670
f 265/733/670 1211/46/45 253/48/47
f 1210/1371/150 245/1349/1299 1212/1368/1318
f 1212/1368/1318 244/1351/1301 1213/1369/1319
f 1213/1369/1321 243/1353/1304 1214/1370/1320
f 1214/1370/1320 241/39/39 1211/46/45
f 1215/1372/66 213/1304/1254 211/1303/170
f 1217/1373/1322 214/1305/1323 213/1304/1254
f 1218/1374/1324 215/1375/1325 214/1305/1256
f 215/1375/1325 1216/162/143 212/18/19
f 278/128/115 1217/1376/1322 1215/69/66
f 280/1377/1326 1218/1374/1327 1217/1373/1322
f 281/1378/1328 1219/1379/1329 1218/1374/1324
f 1219/1379/1329 279/58/56 1216/162/143
f 1220/1/6 277/1380/1330 274/177/158
f 1222/1381/1331 276/1382/1332 277/1380/1330
f 1223/1383/1333 275/1384/1334 276/1382/1335
f 275/1385/1334 1221/54/52 273/56/54
f 202/3/7 1222/1381/1331 1220/1/6
f 205/1307/1258 1223/1383/1336 1222/1381/1331
f 204/1309/1263 1224/1386/1337 1223/1383/1333
f 1224/1387/1337 201/16/17 1221/54/52
f 290/752/692 1227/1388/1338 301/750/690
f 301/750/690 1228/1389/1339 302/743/681
f 302/743/681 1229/1390/1340 292/739/677
f 292/739/677 1226/120/108 288/176/157
f 1225/1391/127 285/1392/1341 1227/1388/1338
f 1227/1388/1338 286/1393/1342 1228/1389/1339
f 1228/1389/1339 287/1394/1343 1229/1390/1340
f 1229/1390/1340 284/64/62 1226/120/108
f 1230/144/128 280/1395/1326 278/128/115
f 1232/1396/1344 281/1378/1345 280/1377/1326
f 1233/1397/1346 282/1398/1347 281/1378/1328
f 1234/1399/1348 279/58/56 282/1398/1347
f 290/1400/692 1232/1401/1344 1230/144/128
f 303/751/691 1233/1397/1349 1232/1396/1344
f 297/754/1350 1234/1399/1348 1233/1397/1346
f 296/748/686 1231/66/64 1234/1399/1348
f 1235/146/130 285/1402/1341 283/145/129
f 1237/1403/1351 286/1404/1342 285/1402/1341
f 1238/1405/1352 287/1406/1343 286/1404/1342
f 287/1394/1343 1236/62/60 284/64/62
f 274/177/158 1237/1403/1351 1235/146/130
f 277/1380/1330 1238/1405/1353 1237/1403/1351
f 276/1382/1335 1239/1407/1354 1238/1405/1352
f 275/1385/1334 1236/62/60 1239/1408/1354
f 1240/142/126 330/1409/1355 327/71/67
f 1242/1410/1356 329/1411/1357 330/1409/1355
f 1243/1412/1358 328/1413/1359 329/1411/1357
f 1244/1414/1360 326/190/169 328/1413/1359
f 311/91/84 1242/1410/1356 1240/142/126
f 313/1415/1361 1243/1412/1358 1242/1410/1356
f 314/1416/1362 1244/1414/1360 1243/1412/1358
f 315/1417/1363 1241/189/168 1244/1414/1360
f 332/85/78 1247/1418/1364 335/1419/1365
f 335/1419/1365 1248/1420/1366 334/1421/1367
f 334/1421/1367 1249/1422/1368 333/1423/1369
f 333/1423/1369 1246/123/111 331/126/114
f 1245/84/77 318/1424/1370 1247/1418/1364
f 1247/1418/1364 319/1425/1371 1248/1420/1366
f 1248/1420/1366 320/1426/1372 1249/1422/1368
f 1249/1422/1368 317/124/112 1246/123/111
f 307/81/74 1252/1427/1373 310/1428/1374
f 310/1428/1374 1253/1429/1375 309/1430/1376
f 309/1430/1376 1254/1431/1377 308/1432/1378
f 308/1432/1378 1251/140/125 306/106/97
f 1250/72/68 330/1409/1355 1252/1427/1373
f 1252/1427/1373 329/1411/1357 1253/1429/1375
f 1253/1429/1375 328/1413/1359 1254/1431/1377
f 1254/1431/1377 326/190/169 1251/140/125
f 1255/86/79 325/1433/1379 322/125/113
f 1257/1434/1380 324/1435/1381 325/1433/1379
f 1258/1436/1382 323/1437/1383 324/1435/1381
f 1259/1438/1384 321/181/162 323/1437/1383
f 332/85/78 1257/1434/1380 1255/86/79
f 335/1419/1365 1258/1436/1382 1257/1434/1380
f 334/1421/1367 1259/1438/1384 1258/1436/1382
f 333/1423/1369 1256/161/142 1259/1438/1384
f 1260/77/71 340/1439/1385 337/155/137
f 1262/1440/1386 339/1441/1387 340/1439/1385
f 1263/1442/1388 338/1443/1389 339/1441/1387
f 1264/1444/1390 336/78/72 338/1443/1389
f 322/125/113 1262/1440/1386 1260/77/71
f 325/1433/1379 1263/1442/1388 1262/1440/1386
f 324/1435/1381 1264/1444/1390 1263/1442/1388
f 323/1437/1383 1261/94/87 1264/1444/1390
f 1265/92/85 313/1415/1361 311/91/84
f 1267/1445/1391 314/1416/1362 313/1415/1361
f 1268/1446/1392 315/1417/1363 314/1416/1362
f 1269/1447/1393 312/188/167 315/1417/1363
f 341/97/89 1267/1445/1391 1265/92/85
f 343/1448/1394 1268/1446/1392 1267/1445/1391
f 344/1449/1395 1269/1447/1393 1268/1446/1392
f 345/1450/1396 1266/74/69 1269/1447/1393
f 1270/98/90 343/1448/1394 341/97/89
f 1272/1451/1397 344/1449/1395 343/1448/1394
f 1273/1452/1398 345/1450/1396 344/1449/1395
f 1274/1453/1399 342/138/123 345/1450/1396
f 351/102/93 1272/1451/1397 1270/98/90
f 353/1454/1400 1273/1452/1398 1272/1451/1397
f 354/1455/1401 1274/1453/1399 1273/1452/1398
f 355/1456/1402 1271/182/163 1274/1453/1399
f 1275/93/86 350/1457/1403 347/185/165
f 1277/1458/1404 349/1459/1405 350/1457/1403
f 1278/1460/1406 348/1461/1407 349/1459/1405
f 1279/1462/1408 346/101/92 348/1461/1407
f 337/155/137 1277/1458/1404 1275/93/86
f 340/1439/1385 1278/1460/1406 1277/1458/1404
f 339/1441/1387 1279/1462/1408 1278/1460/1406
f 338/1443/1389 1276/80/73 1279/1462/1408
f 374/187/166 1282/1463/1409 377/1464/1410
f 377/1464/1410 1283/1465/1411 376/1466/1412
f 376/1466/1412 1284/1467/1413 375/1468/1414
f 375/1468/1414 1281/172/153 373/174/155
f 1280/137/122 360/756/697 1282/1469/1409
f 1282/1463/1409 369/762/701 1283/1465/1411
f 1283/1465/1411 368/768/710 1284/1467/1413
f 1284/1467/1413 358/173/154 1281/172/153
f 1285/104/95 353/1454/1400 351/102/93
f 1287/1470/1415 354/1455/1401 353/1454/1400
f 1288/1471/1416 355/1456/1402 354/1455/1401
f 1289/1472/1417 352/179/160 355/1456/1402
f 374/187/166 1287/1470/1415 1285/104/95
f 377/1464/1410 1288/1471/1416 1287/1470/1415
f 376/1466/1412 1289/1472/1417 1288/1471/1416
f 375/1468/1414 1286/156/138 1289/1472/1417
f 1290/99/91 364/766/705 357/105/96
f 1292/1473/1418 365/771/713 364/766/705
f 1293/1474/1419 370/769/711 365/771/713
f 1294/1475/1420 358/173/154 370/769/711
f 347/185/165 1292/1473/1418 1290/99/91
f 350/1457/1403 1293/1474/1419 1292/1473/1418
f 349/1459/1405 1294/1475/1420 1293/1474/1419
f 348/1461/1407 1291/171/152 1294/1475/1420
f 316/88/81 1297/1476/1421 318/1424/1370
f 318/1424/1370 1298/1477/1422 319/1425/1371
f 319/1425/1371 1299/1478/1423 320/1426/1372
f 320/1426/1372 1296/166/147 317/124/112
f 1295/109/98 385/1479/1424 1297/1476/1421
f 1297/1476/1421 386/1480/1425 1298/1477/1422
f 1298/1477/1422 387/1481/1426 1299/1478/1423
f 1299/1478/1423 384/130/117 1296/166/147
f 379/111/100 1302/1482/1427 382/1483/1428
f 382/1483/1428 1303/1484/1429 381/1485/1430
f 381/1485/1430 1304/1486/1431 380/1487/1432
f 380/1487/1432 1301/115/103 378/114/102
f 1300/82/75 310/1428/1374 1302/1482/1427
f 1302/1482/1427 309/1430/1376 1303/1484/1429
f 1303/1484/1429 308/1432/1378 1304/1486/1431
f 1304/1486/1431 306/106/97 1301/115/103
f 1305/122/110 396/774/717 393/178/159
f 1307/1488/1433 397/783/727 396/774/717
f 1308/1489/1434 403/779/723 397/783/727
f 1309/1490/1435 394/780/724 403/779/723
f 388/118/106 1307/1488/1433 1305/122/110
f 390/1491/1436 1308/1489/1434 1307/1488/1433
f 391/1492/1437 1309/1490/1435 1308/1489/1434
f 392/1493/1438 1306/150/134 1309/1490/1435
f 383/110/99 1312/1494/1439 385/1479/1424
f 385/1479/1424 1313/1495/1440 386/1480/1425
f 386/1480/1425 1314/1496/1441 387/1481/1426
f 387/1481/1426 1311/149/133 384/130/117
f 1310/116/104 407/786/731 1312/1494/1439
f 1312/1494/1439 402/781/725 1313/1495/1440
f 1313/1495/1440 401/778/722 1314/1496/1441
f 1314/1496/1441 394/780/724 1311/149/133
f 388/118/106 1317/1497/1442 390/1491/1436
f 390/1491/1436 1318/1498/1443 391/1492/1437
f 391/1492/1437 1319/1499/1444 392/1493/1438
f 392/1493/1438 1316/148/132 389/147/131
f 1315/112/101 382/1483/1428 1317/1497/1442
f 1317/1497/1442 381/1485/1430 1318/1498/1443
f 1318/1498/1443 380/1487/1432 1319/1499/1444
f 1319/1499/1444 378/114/102 1316/148/132
f 395/117/105 1322/1500/1445 406/1501/732
f 406/773/1446 1321/175/156 393/178/159
f 1320/67/65 298/747/1447 1322/1500/1445
f 1322/1502/1448 298/1503/1448 291/740/1448
f 1322/1504/1449 288/176/157 1321/175/156
f 1323/47/46 264/1505/1450 253/48/47
f 1325/1506/1451 251/716/655 264/718/657
f 357/105/96 1325/1507/1452 1323/47/46
f 359/1508/698 1324/134/119 1325/1506/1451
f 532/259/237 1328/1509/1453 544/938/877
f 544/938/877 1329/1510/1454 545/928/867
f 1329/1510/1454 535/925/864 545/928/867
f 1330/1511/1455 530/242/220 535/925/864
f 1326/258/236 553/945/883 1328/1509/1453
f 1328/1509/1453 563/948/886 1329/1510/1454
f 563/948/886 1330/1511/1455 1329/1510/1454
f 562/956/894 1327/260/238 1330/1511/1455
f 1331/252/230 557/951/889 549/253/231
f 1333/1512/1456 558/953/891 557/951/889
f 558/953/891 1335/1513/1457 564/957/895
f 564/957/895 1332/239/218 550/300/277
f 567/230/209 1333/1512/1456 1331/252/230
f 572/961/899 1334/1514/1458 1333/1512/1456
f 1334/1514/1458 581/974/912 1335/1513/1457
f 1335/1513/1457 569/267/245 1332/239/218
f 1336/287/265 576/1515/907 568/298/275
f 1338/1516/1459 577/1517/1460 576/1515/907
f 577/977/915 1339/1518/1461 583/975/913
f 1339/1518/1461 569/267/245 583/975/913
f 1336/287/265 541/932/871 1338/1516/1459
f 1338/1516/1459 534/936/875 1339/1519/1462
f 1339/1520/1461 534/926/1463 533/924/863
f 1339/1518/1461 530/242/220 1337/241/219
f 200/297/274 1342/1521/1464 525/919/857
f 525/919/857 1343/1522/1465 526/908/845
f 1343/1522/1465 517/905/842 526/908/845
f 1344/1523/1466 513/279/257 517/905/842
f 1340/294/271 559/952/890 1342/1521/1464
f 1342/1521/1464 552/946/884 1343/1522/1465
f 552/946/884 1344/1523/1466 1343/1522/1465
f 551/944/882 1341/273/251 1344/1523/1466
f 1345/248/226 539/933/872 531/288/266
f 1347/1524/1467 540/1525/1468 539/933/872
f 540/1525/880 1348/1526/1469 546/1527/878
f 1348/1528/1469 532/259/237 546/939/878
f 1345/248/226 522/912/849 1347/1524/1467
f 1347/1524/1467 516/917/853 1348/1529/1470
f 1348/1529/1469 516/917/843 515/1530/841
f 1348/1528/1469 513/279/257 1346/227/206
f 1349/249/227 520/1531/850 514/250/228
f 1351/1532/1471 521/922/1472 520/913/850
f 521/922/860 1352/1533/1473 527/920/858
f 1352/1533/1473 200/297/1474 527/920/858
f 1349/249/227 578/968/906 1351/1534/1471
f 1351/1532/1471 571/962/910 1352/1535/1475
f 1352/1535/1473 571/962/900 570/960/898
f 1352/1533/1473 567/230/209 1350/229/208
f 436/207/186 1355/1536/1476 439/1537/1477
f 439/1537/1477 1356/1538/1478 1813/1539/1479
f 1813/1539/1480 1357/1540/1481 441/1541/1482
f 441/1541/1482 1354/245/223 437/312/289
f 410/165/146 1355/1536/1476 1353/163/144
f 415/789/736 1356/1538/1478 1355/1536/1476
f 422/792/739 1357/1540/1481 1356/1538/1478
f 423/801/747 1354/245/223 1357/1540/1481
f 1358/257/235 454/1542/1483 447/214/193
f 1360/1543/1484 1814/830/1485 454/1542/1483
f 1361/1544/1486 449/826/767 1814/830/1485
f 1362/1545/1487 445/315/292 449/826/767
f 1358/257/235 423/802/747 1360/1543/1484
f 1360/1543/1484 419/796/743 1361/1544/1486
f 1361/1544/1486 418/793/740 1362/1545/1487
f 1362/1545/1487 411/795/742 1359/235/214
f 1363/313/290 441/1546/1482 437/312/289
f 1365/1547/1488 442/824/1489 441/1546/1482
f 1366/1548/1490 444/819/1491 442/824/1489
f 1367/1549/1492 438/232/211 444/819/1491
f 1363/313/290 454/1550/1483 1365/1547/1488
f 1365/1547/1488 452/835/1493 1366/1548/1490
f 1366/1548/1490 451/834/774 1367/1549/1492
f 1367/1549/1492 446/831/773 1364/246/224
f 465/296/273 1370/1551/1494 468/850/792
f 468/850/792 1371/1552/1495 469/861/794
f 469/861/794 1372/1553/1496 473/860/801
f 473/860/801 1369/277/255 466/318/295
f 425/219/198 1370/1551/1494 1368/217/196
f 429/804/749 1371/1552/1495 1370/1551/1494
f 433/807/1497 1372/1553/1496 1371/1552/1495
f 434/1554/1498 1369/277/255 1372/1553/1496
f 479/270/248 1375/1555/1499 487/867/805
f 487/867/1500 1376/1556/1501 1816/1557/1502
f 1816/1557/1502 1377/1558/1503 485/1559/1504
f 485/1559/1504 1374/334/309 480/204/183
f 467/261/239 1375/1555/1499 1373/271/249
f 477/863/804 1376/1556/1501 1375/1555/1499
f 472/857/799 1377/1558/1503 1376/1556/1501
f 473/859/801 1374/334/309 1377/1558/1503
f 1378/206/185 485/1560/1504 480/204/183
f 1380/1561/1505 484/875/1506 485/1560/1504
f 1381/1562/1507 487/873/1508 484/875/1506
f 1382/1563/1509 481/268/246 487/873/811
f 1378/206/185 434/1564/1498 1380/1561/1505
f 1380/1561/1505 433/1565/1510 1381/1562/1507
f 1381/1562/1507 432/1566/752 1382/1563/1509
f 1382/1563/1509 426/808/751 1379/263/241
f 1383/255/233 462/1567/1511 457/193/172
f 1385/1568/1512 1386/1569/1513 1815/844/1514
f 1386/1569/1513 459/840/781 1815/844/1514
f 1387/1570/1515 455/340/315 459/840/781
f 1383/255/233 496/886/1516 1385/1568/1512
f 1385/1568/1512 492/887/817 1386/1569/1513
f 1386/1569/1513 491/876/815 1387/1570/1515
f 1387/1570/1515 488/291/269 1384/293/270
f 1388/324/300 496/883/1516 489/278/256
f 1390/1571/1517 497/891/822 496/883/1516
f 1391/1572/1518 501/889/825 497/891/822
f 1392/1573/1519 490/283/261 501/889/825
f 1388/324/300 509/1574/1520 1390/1571/1517
f 1390/1571/1517 1812/1575/1521 1391/1572/1518
f 1391/1572/1518 506/892/1522 1392/1573/1519
f 1392/1573/1519 503/196/175 1389/198/177
f 1393/338/313 509/1576/1520 504/325/301
f 1395/1577/1523 510/902/1524 509/1576/1520
f 1396/1578/1525 512/899/836 510/902/1524
f 1397/1579/1526 505/290/268 512/899/836
f 1393/338/313 462/1580/1511 1395/1577/1523
f 1395/1577/1523 463/848/1527 1396/1578/1525
f 1396/1578/1525 460/849/787 1397/1579/1526
f 1397/1579/1526 456/845/786 1394/284/262
f 587/992/307 1400/1581/1528 598/990/934
f 598/990/934 1401/1582/1529 599/984/923
f 599/984/923 1402/1583/1530 589/980/919
f 589/980/919 1399/281/259 585/978/917
f 1398/1584/306 613/1003/948 1400/1581/1528
f 1400/1581/1528 607/997/942 1401/1582/1529
f 1401/1582/1529 606/995/940 1402/1583/1530
f 606/995/940 1399/281/259 1402/1583/1530
f 1403/305/282 624/1014/957 621/316/293
f 1405/1585/1531 625/1024/967 624/1014/957
f 1406/1586/1532 632/1020/964 625/1024/967
f 1407/1587/1533 622/1021/201 632/1020/964
f 605/304/281 1405/1585/1531 1403/305/282
f 618/1010/953 1406/1586/1532 1405/1585/1531
f 612/1005/949 1407/1587/1533 1406/1586/1532
f 611/1002/947 1404/1588/199 1407/1587/1533
f 1408/306/283 593/988/927 586/307/284
f 1410/1589/1534 594/994/937 593/988/927
f 1411/1590/1535 600/991/935 594/994/937
f 1412/1591/1536 587/992/307 600/991/935
f 1408/306/283 636/1027/970 1410/1589/1534
f 1410/1589/1534 631/1022/965 1411/1590/1535
f 1411/1590/1535 630/1019/963 1412/1591/1536
f 1412/1591/1536 622/1021/201 1409/1592/200
f 1413/1593/297 652/1041/986 641/1043/296
f 1415/1594/1537 653/1033/978 652/1041/986
f 1416/1595/1538 644/1029/974 653/1033/978
f 1417/1596/1539 639/1030/975 644/1029/974
f 658/1055/299 1415/1594/1537 1413/1593/297
f 668/1054/999 1416/1595/1538 1415/1594/1537
f 661/1058/1003 1417/1596/1539 1416/1595/1538
f 660/1048/991 1414/224/203 1417/1596/1539
f 676/1078/311 1420/1597/1540 687/1076/1023
f 687/1076/1023 1421/1598/1541 688/1070/1016
f 688/1070/1016 1422/1599/1542 678/1066/1012
f 678/1066/1012 1419/210/189 674/1064/1010
f 1418/1600/310 654/1042/987 1420/1597/1540
f 1420/1597/1540 648/1038/983 1421/1598/1541
f 1421/1598/1541 647/1036/981 1422/1599/1542
f 1422/1599/1542 640/310/287 1419/210/189
f 1423/309/286 682/1074/1020 675/311/288
f 1425/1601/1543 683/1080/1026 682/1074/1020
f 1426/1602/1544 689/1077/1024 683/1080/1026
f 1427/1603/1545 676/1078/311 689/1077/1024
f 1423/309/286 672/1061/1006 1425/1601/1543
f 1425/1601/1543 667/1056/1000 1426/1602/1544
f 1426/1602/1544 666/1053/998 1427/1603/1545
f 1427/1603/1545 658/1055/299 1424/1604/298
f 1428/329/305 695/1083/1029 692/341/316
f 1430/1605/1546 696/1092/1037 695/1083/1029
f 1431/1606/1547 702/1093/1034 696/1092/1037
f 1432/1607/1548 693/1089/192 702/1088/1034
f 709/1101/1046 1430/1605/1546 1428/329/305
f 714/1100/1045 1431/1606/1547 1430/1605/1546
f 723/1104/1049 1432/1607/1548 1431/1606/1547
f 722/1112/1057 1429/1608/182 1432/1607/1548
f 710/301/278 1435/1609/1549 717/1107/1052
f 717/1107/1052 1436/1610/1550 718/1109/1054
f 718/1109/1054 1437/1611/1551 724/1113/1058
f 724/1113/1058 1434/1612/302 711/1114/180
f 1433/200/179 732/1119/1062 1435/1609/1549
f 1435/1609/1549 740/1123/1066 1436/1610/1550
f 1436/1610/1550 739/1130/1073 1437/1611/1551
f 1437/1611/1551 729/1132/303 1434/1612/302
f 1438/303/280 735/1128/1070 728/302/279
f 1440/1613/1552 736/1134/1077 735/1128/1070
f 1441/1614/1553 741/1131/1074 736/1134/1077
f 1442/1615/1554 729/1132/303 741/1131/1074
f 1438/303/280 706/1097/1041 1440/1613/1552
f 1440/1613/1552 701/1090/1035 1441/1614/1553
f 1441/1614/1553 700/1087/1033 1442/1615/1554
f 1442/1615/1554 693/1089/192 1439/1616/191
f 1443/164/145 413/788/735 410/165/146
f 1445/1617/1555 414/790/1556 413/788/735
f 1446/1618/1557 420/794/741 414/790/1556
f 1447/1619/1558 411/795/742 420/794/741
f 603/317/294 1445/1617/1555 1443/164/145
f 608/996/941 1446/1618/1557 1445/1617/1555
f 617/999/944 1447/1619/1558 1446/1618/1557
f 616/1009/952 1444/236/215 1447/1619/1558
f 623/308/285 1450/1620/1559 635/1621/971
f 635/1017/961 1451/1622/1560 626/1013/959
f 626/1013/956 1449/314/291 621/316/293
f 1448/247/225 453/833/775 1450/1620/1559
f 1450/1623/1561 448/825/1562 1451/1622/1560
f 1451/1622/1563 445/315/292 1449/314/291
f 1452/218/197 428/803/748 425/219/198
f 428/812/1564 1454/1624/1565 431/810/1566
f 431/810/753 1453/264/242 426/808/751
f 1452/218/197 662/1047/990 1454/1625/1567
f 1454/1625/1567 662/1047/990 671/1050/1568
f 1454/1626/1569 671/1050/1570 670/1062/1571
f 670/1062/1571 1453/264/242 1454/1624/1569
f 674/1064/1010 1457/1627/1572 677/1067/1573
f 677/1067/1013 1458/1628/1574 684/1629/1575
f 1458/1630/1576 675/311/288 684/1073/1019
f 1455/209/188 482/866/806 1457/1627/1572
f 1457/1627/1574 486/871/1577 1458/1628/1574
f 486/872/810 1456/269/247 1458/1630/1576
f 490/283/261 1461/1631/1578 499/888/824
f 1461/1631/1578 500/881/1579 499/888/824
f 1462/1632/1580 493/877/816 500/881/1579
f 1463/1633/1581 488/291/269 493/877/816
f 1459/282/260 719/1108/1053 1461/1631/1578
f 1461/1631/1578 713/1102/1047 1462/1632/1580
f 713/1102/1047 1463/1633/1581 1462/1632/1580
f 712/1099/1044 1460/328/304 1463/1633/1581
f 694/1095/1039 1466/1634/1582 705/1635/1042
f 1466/1636/1583 692/341/316 705/1082/1028
f 1464/285/263 461/847/788 1466/1634/1582
f 1466/1637/1584 461/841/1584 458/839/1584
f 458/839/1585 1465/339/314 1466/1636/1583
f 585/978/917 1469/1638/1586 588/1639/920
f 588/1639/931 1469/1638/1586 1470/1640/1587
f 588/981/931 1470/1641/1587 595/987/929
f 1470/1641/1588 586/307/284 595/987/926
f 1467/280/258 443/815/1589 1469/1638/1586
f 1469/1638/1586 443/820/1589 1470/1640/1587
f 443/818/1590 1468/234/213 1470/1641/1588
f 1471/262/240 475/862/803 467/261/239
f 1473/1642/1591 476/855/1592 475/862/803
f 476/855/1592 1475/1643/1593 470/851/793
f 1475/1643/1593 465/296/273 470/851/793
f 640/310/287 1473/1642/1591 1471/262/240
f 1473/1642/1591 643/1031/976 1474/1644/1594
f 1474/1644/1594 642/1028/973 1475/1643/1593
f 642/1028/973 1472/223/202 1475/1643/1593
f 1476/289/267 511/898/835 505/290/268
f 511/897/1595 1479/1645/1596 507/893/1597
f 1479/1645/1598 503/196/175 507/893/1599
f 728/302/279 1478/1646/1600 1476/289/267
f 1478/1646/1600 737/1127/1069 731/1121/1601
f 731/1121/1602 1479/1645/1596 1478/1647/1603
f 1479/1645/1598 727/1117/1060 1477/199/178
f 764/366/338 1482/1648/1604 767/1649/1605
f 767/1650/1605 1483/1651/1606 766/1652/1607
f 766/1652/1608 1484/1653/1609 765/1654/1610
f 1484/1653/1609 763/521/476 765/1654/1610
f 1480/365/337 750/1655/1611 1482/1648/1604
f 1482/1656/1604 751/1657/1612 1483/1651/1606
f 1483/1651/1613 752/1658/1614 1484/1653/1609
f 752/1658/1614 1481/480/438 1484/1653/1609
f 1485/402/371 772/1659/1615 769/349/323
f 1487/1660/1616 771/1661/1617 772/1659/1615
f 1488/1662/1618 770/1663/1619 771/1661/1620
f 770/1664/1619 1486/460/421 768/362/334
f 753/530/485 1487/1660/1616 1485/402/371
f 755/1665/1621 1488/1662/1622 1487/1660/1616
f 756/1666/1623 1489/1667/1624 1488/1662/1618
f 1489/1668/1624 754/359/331 1486/460/421
f 1490/470/430 747/1669/1625 744/344/319
f 1492/1670/1626 746/1671/1627 747/1672/1625
f 1493/1673/1628 745/1674/1629 746/1671/1630
f 745/1674/1629 1491/345/320 743/357/329
f 764/366/338 1492/1675/1626 1490/470/430
f 767/1650/1605 1493/1673/1631 1492/1670/1626
f 766/1652/1608 1494/1676/1632 1493/1673/1628
f 1494/1676/1632 763/521/476 1491/345/320
f 759/499/455 1497/1677/1633 762/1678/1634
f 762/1678/1634 1498/1679/1635 761/1680/1636
f 761/1680/1637 1499/1681/1638 760/1682/1639
f 1499/1683/1638 758/351/324 760/1684/1639
f 1495/367/339 772/1659/1615 1497/1677/1633
f 1497/1677/1633 771/1661/1617 1498/1679/1635
f 1498/1679/1640 770/1663/1619 1499/1681/1638
f 770/1664/1619 1496/364/336 1499/1683/1638
f 774/500/456 1502/1685/1641 777/1686/1642
f 777/1686/1642 1503/1687/1643 776/1688/1644
f 776/1688/1645 1504/1689/1646 775/1690/1647
f 1504/1691/1646 773/370/341 775/1692/1647
f 1500/494/451 762/1678/1634 1502/1685/1641
f 1502/1685/1641 761/1680/1636 1503/1687/1643
f 1503/1687/1648 760/1682/1639 1504/1689/1646
f 760/1684/1639 1501/353/326 1504/1691/1646
f 748/356/328 1507/1693/1649 750/1655/1611
f 750/1694/1611 1508/1695/1650 751/1657/1612
f 751/1657/1651 1509/1696/1652 752/1658/1614
f 1509/1696/1652 749/376/347 752/1658/1614
f 1505/355/327 780/1697/1653 1507/1693/1649
f 1507/1698/1649 781/1699/1654 1508/1695/1650
f 1508/1695/1655 782/1700/1656 1509/1696/1652
f 782/1700/1656 1506/374/345 1509/1696/1652
f 778/1701/355 1512/1702/1657 780/1703/1653
f 780/1703/1653 1513/1704/1658 781/1699/1654
f 781/1699/1659 1514/1705/1660 782/1700/1656
f 1514/1705/1660 779/373/344 782/1700/1656
f 1510/1706/363 790/1707/1661 1512/1702/1657
f 1512/1702/1657 791/1708/1662 1513/1704/1658
f 1513/1704/1663 792/1709/1664 1514/1705/1660
f 792/1709/1664 1511/371/342 1514/1705/1660
f 784/531/486 1517/1710/1665 787/1711/1666
f 787/1711/1666 1518/1712/1667 786/1713/1668
f 786/1713/1669 1519/1714/1670 785/1715/1671
f 1519/1714/1670 783/1716/351 785/1715/1671
f 1515/524/479 777/1686/1642 1517/1710/1665
f 1517/1710/1665 776/1688/1644 1518/1712/1667
f 1518/1712/1672 775/1690/1647 1519/1714/1670
f 775/1690/1647 1516/1717/349 1519/1714/1670
f 1520/1718/466 814/1719/1673 811/1720/464
f 1522/1721/1674 813/1722/1675 814/1719/1673
f 1523/1723/1676 812/1724/1677 813/1722/1675
f 1524/1725/1678 810/390/360 812/1724/1677
f 794/1726/1087 1522/1721/1674 1520/1718/466
f 803/1149/1086 1523/1723/1676 1522/1721/1674
f 797/1148/1090 1524/1725/1678 1523/1723/1676
f 796/1138/1081 1521/474/432 1524/1725/1678
f 788/1727/362 1527/1728/1679 790/1707/1661
f 790/1707/1661 1528/1729/1680 791/1708/1662
f 791/1708/1681 1529/1730/1682 792/1709/1664
f 792/1709/1664 1526/381/352 789/383/354
f 1525/1731/450 814/1719/1673 1527/1728/1679
f 1527/1728/1683 813/1722/1675 1528/1729/1680
f 1528/1729/1684 812/1724/1677 1529/1730/1682
f 812/1724/1677 1526/381/352 1529/1730/1682
f 794/1144/1087 1532/1732/1685 801/1142/1085
f 801/1142/1085 1533/1733/1686 802/1145/1088
f 802/1145/1097 1534/1734/1687 807/1153/1093
f 807/1153/1093 1531/1735/357 795/1151/359
f 1530/510/465 787/1711/1666 1532/1732/1685
f 1532/1732/1685 786/1713/1668 1533/1733/1686
f 1533/1733/1688 785/1715/1671 1534/1734/1687
f 1534/1734/1687 783/1716/351 1531/1735/357
f 1535/410/378 755/1665/1621 753/530/485
f 1537/1736/1689 756/1666/1690 755/1665/1621
f 1538/1737/1691 757/1738/1692 756/1666/1623
f 757/1739/1692 1536/503/458 754/359/331
f 820/469/429 1537/1736/1689 1535/410/378
f 822/1740/1693 1538/1737/1694 1537/1736/1689
f 823/1741/1695 1539/1742/1696 1538/1737/1691
f 1539/1743/1696 821/399/368 1536/503/458
f 1540/342/317 819/1744/1697 816/518/473
f 1542/1745/1698 818/1746/1699 819/1747/1697
f 1543/1748/1700 817/1749/1701 818/1746/1702
f 817/1749/1701 1541/395/364 815/397/366
f 744/344/319 1542/1750/1698 1540/342/317
f 747/1672/1625 1543/1748/1703 1542/1745/1698
f 746/1671/1630 1544/1751/1704 1543/1748/1700
f 1544/1751/1704 743/357/329 1541/395/364
f 832/1174/1115 1547/1752/1705 843/1172/1113
f 843/1753/1113 1548/1754/1706 844/1164/1104
f 844/1164/1104 1549/1755/1707 834/1159/1100
f 834/1159/1100 1546/461/422 830/517/472
f 1545/484/441 827/1756/1708 1547/1752/1705
f 1547/1757/1705 828/1758/1709 1548/1754/1706
f 1548/1754/1706 829/1759/1710 1549/1755/1707
f 1549/1755/1707 826/405/374 1546/461/422
f 1550/485/442 822/1740/1693 820/469/429
f 1552/1760/1711 823/1741/1712 822/1740/1693
f 1553/1761/1713 824/1762/1714 823/1741/1695
f 1554/1763/1715 821/399/368 824/1764/1714
f 832/1174/1115 1552/1760/1711 1550/485/442
f 845/1173/1114 1553/1761/1716 1552/1760/1711
f 839/1177/1717 1554/1765/1715 1553/1761/1713
f 838/1766/1109 1551/407/376 1554/1763/1715
f 1555/487/444 827/1756/1708 825/486/443
f 1557/1767/1718 828/1758/1709 827/1768/1708
f 1558/1769/1719 829/1759/1710 828/1758/1709
f 829/1759/1710 1556/403/372 826/405/374
f 816/518/473 1557/1770/1718 1555/487/444
f 819/1747/1697 1558/1769/1720 1557/1767/1718
f 818/1746/1702 1559/1771/1721 1558/1769/1719
f 817/1749/1701 1556/403/372 1559/1771/1721
f 1560/483/440 872/1772/1722 869/412/379
f 1562/1773/1723 871/1774/1724 872/1772/1722
f 1563/1775/1725 870/1776/1726 871/1774/1724
f 1564/1777/1727 868/529/484 870/1776/1726
f 853/432/397 1562/1773/1723 1560/483/440
f 855/1778/1728 1563/1775/1725 1562/1773/1723
f 856/1779/1729 1564/1777/1727 1563/1775/1725
f 857/1780/1730 1561/528/483 1564/1777/1727
f 874/426/391 1567/1781/1731 877/1782/1732
f 877/1782/1732 1568/1783/1733 876/1784/1734
f 876/1784/1734 1569/1785/1735 875/1786/1736
f 875/1786/1736 1566/464/425 873/467/428
f 1565/425/390 860/1787/1737 1567/1781/1731
f 1567/1781/1731 861/1788/1738 1568/1783/1733
f 1568/1783/1733 862/1789/1739 1569/1785/1735
f 1569/1785/1735 859/465/426 1566/464/425
f 849/422/387 1572/1790/1740 852/1791/1741
f 852/1791/1741 1573/1792/1742 851/1793/1743
f 851/1793/1743 1574/1794/1744 850/1795/1745
f 850/1795/1745 1571/481/439 848/447/411
f 1570/413/380 872/1772/1722 1572/1790/1740
f 1572/1790/1740 871/1774/1724 1573/1792/1742
f 1573/1792/1742 870/1776/1726 1574/1794/1744
f 1574/1794/1744 868/529/484 1571/481/439
f 1575/427/392 867/1796/1746 864/466/427
f 1577/1797/1747 866/1798/1748 867/1796/1746
f 1578/1799/1749 865/1800/1750 866/1798/1748
f 1579/1801/1751 863/522/477 865/1800/1750
f 874/426/391 1577/1797/1747 1575/427/392
f 877/1782/1732 1578/1799/1749 1577/1797/1747
f 876/1784/1734 1579/1801/1751 1578/1799/1749
f 875/1786/1736 1576/502/457 1579/1801/1751
f 1580/418/384 882/1802/1752 879/496/452
f 1582/1803/1753 881/1804/1754 882/1802/1752
f 1583/1805/1755 880/1806/1756 881/1804/1754
f 1584/1807/1757 878/419/385 880/1806/1756
f 864/466/427 1582/1803/1753 1580/418/384
f 867/1796/1746 1583/1805/1755 1582/1803/1753
f 866/1798/1748 1584/1807/1757 1583/1805/1755
f 865/1800/1750 1581/435/400 1584/1807/1757
f 1585/433/398 855/1778/1728 853/432/397
f 1587/1808/1758 856/1779/1729 855/1778/1728
f 1588/1809/1759 857/1780/1730 856/1779/1729
f 1589/1810/1760 854/527/482 857/1780/1730
f 883/438/402 1587/1808/1758 1585/433/398
f 885/1811/1761 1588/1809/1759 1587/1808/1758
f 886/1812/1762 1589/1810/1760 1588/1809/1759
f 887/1813/1763 1586/415/382 1589/1810/1760
f 1590/439/403 885/1811/1761 883/438/402
f 1592/1814/1764 886/1812/1762 885/1811/1761
f 1593/1815/1765 887/1813/1763 886/1812/1762
f 1594/1816/1766 884/479/437 887/1813/1763
f 893/443/407 1592/1814/1764 1590/439/403
f 895/1817/1767 1593/1815/1765 1592/1814/1764
f 896/1818/1768 1594/1816/1766 1593/1815/1765
f 897/1819/1769 1591/523/478 1594/1816/1766
f 1595/434/399 892/1820/1770 889/525/480
f 1597/1821/1771 891/1822/1772 892/1820/1770
f 1598/1823/1773 890/1824/1774 891/1822/1772
f 1599/1825/1775 888/442/406 890/1824/1774
f 879/496/452 1597/1821/1771 1595/434/399
f 882/1802/1752 1598/1823/1773 1597/1821/1771
f 881/1804/1754 1599/1825/1775 1598/1823/1773
f 880/1806/1756 1596/421/386 1599/1825/1775
f 916/526/481 1602/1826/1776 919/1827/1777
f 919/1827/1777 1603/1828/1778 918/1829/1779
f 918/1829/1779 1604/1830/1780 917/1831/1781
f 917/1831/1781 1601/513/468 915/515/470
f 1600/478/436 901/1179/1120 1602/1826/1776
f 1602/1826/1776 911/1183/1124 1603/1828/1778
f 1603/1828/1778 910/1189/1132 1604/1830/1780
f 1604/1830/1780 900/514/469 1601/513/468
f 1605/445/409 895/1817/1767 893/443/407
f 1607/1832/1782 896/1818/1768 895/1817/1767
f 1608/1833/1783 897/1819/1769 896/1818/1768
f 1609/1834/1784 894/520/475 897/1819/1769
f 916/526/481 1607/1832/1782 1605/445/409
f 919/1827/1777 1608/1833/1783 1607/1832/1782
f 918/1829/1779 1609/1834/1784 1608/1833/1783
f 917/1831/1781 1606/497/453 1609/1834/1784
f 1610/440/404 905/1187/1128 899/446/410
f 1612/1835/1785 906/1192/1135 905/1187/1128
f 1613/1836/1786 912/1190/1133 906/1192/1135
f 1614/1837/1787 900/514/469 912/1190/1133
f 889/525/480 1612/1835/1785 1610/440/404
f 892/1820/1770 1613/1836/1786 1612/1835/1785
f 891/1822/1772 1614/1837/1787 1613/1836/1786
f 890/1824/1774 1611/512/467 1614/1837/1787
f 858/429/394 1617/1838/1788 860/1787/1737
f 860/1787/1737 1618/1839/1789 861/1788/1738
f 861/1788/1738 1619/1840/1790 862/1789/1739
f 862/1789/1739 1616/507/462 859/465/426
f 1615/450/412 927/1841/1791 1617/1838/1788
f 1617/1838/1788 928/1842/1792 1618/1839/1789
f 1618/1839/1789 929/1843/1793 1619/1840/1790
f 1619/1840/1790 926/471/431 1616/507/462
f 921/452/414 1622/1844/1794 924/1845/1795
f 924/1845/1795 1623/1846/1796 923/1847/1797
f 923/1847/1797 1624/1848/1798 922/1849/1799
f 922/1849/1799 1621/456/417 920/455/416
f 1620/423/388 852/1791/1741 1622/1844/1794
f 1622/1844/1794 851/1793/1743 1623/1846/1796
f 1623/1846/1796 850/1795/1745 1624/1848/1798
f 1624/1848/1798 848/447/411 1621/456/417
f 1625/463/424 938/1195/1139 935/519/474
f 1627/1850/1800 939/1204/1149 938/1195/1139
f 1628/1851/1801 945/1200/1145 939/1204/1149
f 1629/1852/1802 936/1201/1146 945/1200/1145
f 930/459/420 1627/1850/1800 1625/463/424
f 932/1853/1803 1628/1851/1801 1627/1850/1800
f 933/1854/1804 1629/1852/1802 1628/1851/1801
f 934/1855/1805 1626/491/448 1629/1852/1802
f 925/451/413 1632/1856/1806 927/1841/1791
f 927/1841/1791 1633/1857/1807 928/1842/1792
f 928/1842/1792 1634/1858/1808 929/1843/1793
f 929/1843/1793 1631/490/447 926/471/431
f 1630/457/418 949/1207/1153 1632/1856/1806
f 1632/1856/1806 944/1202/1147 1633/1857/1807
f 1633/1857/1807 943/1199/1144 1634/1858/1808
f 1634/1858/1808 936/1201/1146 1631/490/447
f 930/459/420 1637/1859/1809 932/1853/1803
f 932/1853/1803 1638/1860/1810 933/1854/1804
f 933/1854/1804 1639/1861/1811 934/1855/1805
f 934/1855/1805 1636/489/446 931/488/445
f 1635/453/415 924/1845/1795 1637/1859/1809
f 1637/1859/1809 923/1847/1797 1638/1860/1810
f 1638/1860/1810 922/1849/1799 1639/1861/1811
f 1639/1861/1811 920/455/416 1636/489/446
f 937/458/419 1642/1862/1812 948/1863/1154
f 948/1194/1813 1641/516/471 935/519/474
f 1640/408/377 840/1864/1814 1642/1862/1812
f 1642/1865/1815 840/1866/1815 833/1867/1815
f 1642/1868/1816 830/517/472 1641/516/471
f 1643/388/358 806/1869/1817 795/389/359
f 1645/1870/1818 793/1135/1078 806/1137/1819
f 1643/388/358 907/1186/1127 1645/1871/1820
f 907/1872/1821 1644/475/433 1645/1870/1818
f 973/553/505 1648/1873/1822 976/1874/1823
f 976/1874/1823 1649/1875/1824 975/1876/1825
f 975/1876/1826 1650/1877/1827 974/1878/1828
f 1650/1877/1827 972/1879/644 974/1878/1828
f 1646/552/504 959/1880/1829 1648/1873/1822
f 1648/1873/1822 960/1881/1830 1649/1875/1824
f 1649/1875/1831 961/1882/1832 1650/1877/1827
f 961/1883/1832 1647/667/608 1650/1884/1827
f 1651/1885/539 981/1886/1833 978/1887/490
f 1653/1888/1834 980/1889/1835 981/1886/1833
f 1654/1890/1836 979/1891/1837 980/1889/1838
f 979/1891/1837 1652/647/591 977/549/501
f 962/1892/653 1653/1888/1834 1651/1885/539
f 964/1893/1839 1654/1890/1840 1653/1888/1834
f 965/1894/1841 1655/1895/1842 1654/1890/1836
f 1655/1895/1842 963/546/498 1652/647/591
f 1656/657/600 956/1896/1843 953/506/461
f 1658/1897/1844 955/1898/1845 956/1896/1843
f 1659/1899/1846 954/1900/1847 955/1898/1848
f 954/1900/1847 1657/1901/487 952/1902/496
f 973/553/505 1658/1897/1844 1656/657/600
f 976/1874/1823 1659/1899/1849 1658/1897/1844
f 975/1876/1826 1660/1903/1850 1659/1899/1846
f 1660/1903/1850 972/1879/644 1657/1901/487
f 968/1904/626 1663/1905/1851 971/1906/1852
f 971/1906/1852 1664/1907/1853 970/1908/1854
f 970/1908/1855 1665/1909/1856 969/1910/1857
f 1665/1909/1856 967/538/491 969/1910/1857
f 1661/1911/506 981/1886/1833 1663/1905/1851
f 1663/1905/1851 980/1889/1835 1664/1907/1853
f 1664/1907/1858 979/1891/1837 1665/1909/1856
f 979/1891/1837 1662/551/503 1665/1909/1856
f 983/1912/627 1668/1913/1859 986/1914/1860
f 986/1914/1860 1669/1915/1861 985/1916/1862
f 985/1916/1863 1670/1917/1864 984/1918/1865
f 1670/1917/1864 982/557/508 984/1918/1865
f 1666/1919/621 971/1906/1852 1668/1913/1859
f 1668/1913/1859 970/1908/1854 1669/1915/1861
f 1669/1915/1866 969/1910/1857 1670/1917/1864
f 969/1910/1857 1667/540/493 1670/1917/1864
f 957/543/495 1673/1920/1867 959/1880/1829
f 959/1880/1829 1674/1921/1868 960/1881/1830
f 960/1881/1869 1675/1922/1870 961/1882/1832
f 1675/1923/1870 958/563/514 961/1883/1832
f 1671/542/494 989/1924/1871 1673/1920/1867
f 1673/1920/1867 990/1925/1872 1674/1921/1868
f 1674/1921/1873 991/1926/1874 1675/1922/1870
f 991/1927/1874 1672/561/512 1675/1923/1870
f 987/572/522 1678/1928/1875 989/1924/1871
f 989/1924/1871 1679/1929/1876 990/1925/1872
f 990/1925/1877 1680/1930/1878 991/1926/1874
f 1680/1931/1878 988/560/511 991/1927/1874
f 1676/581/531 999/1932/1879 1678/1928/1875
f 1678/1928/1875 1000/1933/1880 1679/1929/1876
f 1679/1929/1881 1001/1934/1882 1680/1930/1878
f 1001/1935/1882 1677/558/509 1680/1931/1878
f 993/1936/654 1683/1937/1883 996/1938/1884
f 996/1938/1884 1684/1939/1885 995/1940/1886
f 995/1940/1887 1685/1941/1888 994/1942/1889
f 1685/1941/1888 992/567/518 994/1942/1889
f 1681/1943/647 986/1914/1860 1683/1937/1883
f 1683/1937/1883 985/1916/1862 1684/1939/1885
f 1684/1939/1890 984/1918/1865 1685/1941/1888
f 984/1918/1865 1682/565/516 1685/1941/1888
f 1686/695/634 1023/1944/1891 1020/693/632
f 1688/1945/1892 1022/1946/1893 1023/1944/1891
f 1689/1947/1894 1021/1948/1895 1022/1946/1893
f 1690/1949/1896 1019/577/527 1021/1950/1895
f 1003/1951/1167 1688/1945/1892 1686/695/634
f 1012/1225/1166 1689/1947/1894 1688/1945/1892
f 1006/1224/1170 1690/1952/1896 1689/1947/1894
f 1005/1953/1160 1687/661/602 1690/1949/1896
f 997/580/530 1693/1954/1897 999/1932/1879
f 999/1932/1879 1694/1955/1898 1000/1933/1880
f 1000/1933/1899 1695/1956/1900 1001/1934/1882
f 1001/1935/1882 1692/568/519 998/570/521
f 1691/680/620 1023/1944/1891 1693/1954/1897
f 1693/1954/1901 1022/1946/1893 1694/1955/1898
f 1694/1955/1902 1021/1948/1895 1695/1956/1900
f 1021/1950/1895 1692/568/519 1695/1957/1900
f 1003/1220/1167 1698/1958/1903 1010/1218/1165
f 1010/1218/1165 1699/1959/1904 1011/1221/1168
f 1011/1221/1177 1700/1960/1905 1016/1229/1173
f 1016/1229/1173 1697/574/524 1004/576/526
f 1696/1961/633 996/1938/1884 1698/1958/1903
f 1698/1958/1903 995/1940/1886 1699/1959/1904
f 1699/1959/1906 994/1942/1889 1700/1960/1905
f 1700/1960/1905 992/567/518 1697/574/524
f 1701/1962/546 964/1893/1839 962/1892/653
f 1703/1963/1907 965/1894/1908 964/1893/1839
f 1704/1964/1909 966/1965/1910 965/1894/1841
f 966/1965/1910 1702/690/629 963/546/498
f 1029/1966/599 1703/1963/1907 1701/1962/546
f 1031/1967/1911 1704/1964/1912 1703/1963/1907
f 1032/1968/1913 1705/1969/1914 1704/1964/1909
f 1705/1969/1914 1030/586/536 1702/690/629
f 1706/504/459 1028/1970/1915 1025/702/641
f 1708/1971/1916 1027/1972/1917 1028/1970/1915
f 1709/1973/1918 1026/1974/1919 1027/1972/1920
f 1026/1974/1919 1707/1975/532 1024/1976/534
f 953/506/461 1708/1971/1916 1706/504/459
f 956/1896/1843 1709/1973/1921 1708/1971/1916
f 955/1898/1848 1710/1977/1922 1709/1973/1918
f 1710/1977/1922 952/1902/496 1707/1975/532
f 1041/1248/1196 1713/1978/1923 1051/1246/1194
f 1051/1246/1194 1714/1979/1924 1052/1238/1184
f 1052/1238/1184 1715/1980/1925 1043/1233/1180
f 1043/1981/1180 1712/648/592 1039/701/640
f 1711/671/611 1036/1982/1926 1713/1978/1923
f 1713/1978/1923 1037/1983/1927 1714/1979/1924
f 1714/1979/1924 1038/1984/1928 1715/1980/1925
f 1715/1985/1925 1035/592/542 1712/648/592
f 1716/1986/612 1031/1967/1911 1029/1966/599
f 1718/1987/1929 1032/1968/1930 1031/1967/1911
f 1719/1988/1931 1033/1989/1932 1032/1968/1913
f 1720/1990/1933 1030/586/536 1033/1989/1932
f 1041/1991/1196 1718/1987/1929 1716/1986/612
f 1053/1252/1195 1719/1988/1934 1718/1987/1929
f 1048/1251/1935 1720/1990/1933 1719/1988/1931
f 1047/1243/1189 1717/594/544 1720/1990/1933
f 1721/674/614 1036/1982/1926 1034/673/613
f 1723/1992/1936 1037/1983/1927 1036/1982/1926
f 1724/1993/1937 1038/1984/1928 1037/1983/1927
f 1038/1984/1928 1722/1994/540 1035/1995/542
f 1025/702/641 1723/1992/1936 1721/674/614
f 1028/1970/1915 1724/1993/1938 1723/1992/1936
f 1027/1972/1920 1725/1996/1939 1724/1993/1937
f 1026/1974/1919 1722/1994/540 1725/1996/1939
f 1726/670/610 1080/1997/1940 1077/599/547
f 1728/1998/1941 1079/1999/1942 1080/1997/1940
f 1729/2000/1943 1078/2001/1944 1079/1999/1942
f 1730/2002/1945 1076/713/652 1078/2001/1944
f 1061/619/566 1728/1998/1941 1726/670/610
f 1063/2003/1946 1729/2000/1943 1728/1998/1941
f 1064/2004/1947 1730/2002/1945 1729/2000/1943
f 1065/2005/1948 1727/712/651 1730/2002/1945
f 1082/613/560 1733/2006/1949 1085/2007/1950
f 1085/2007/1950 1734/2008/1951 1084/2009/1952
f 1084/2009/1952 1735/2010/1953 1083/2011/1954
f 1083/2011/1954 1732/651/595 1081/654/598
f 1731/612/559 1068/2012/1955 1733/2006/1949
f 1733/2006/1949 1069/2013/1956 1734/2008/1951
f 1734/2008/1951 1070/2014/1957 1735/2010/1953
f 1735/2010/1953 1067/652/596 1732/651/595
f 1057/609/556 1738/2015/1958 1060/2016/1959
f 1060/2016/1959 1739/2017/1960 1059/2018/1961
f 1059/2018/1961 1740/2019/1962 1058/2020/1963
f 1058/2020/1963 1737/668/609 1056/634/581
f 1736/600/548 1080/1997/1940 1738/2015/1958
f 1738/2015/1958 1079/1999/1942 1739/2017/1960
f 1739/2017/1960 1078/2001/1944 1740/2019/1962
f 1740/2019/1962 1076/713/652 1737/668/609
f 1741/614/561 1075/2021/1964 1072/653/597
f 1743/2022/1965 1074/2023/1966 1075/2021/1964
f 1744/2024/1967 1073/2025/1968 1074/2023/1966
f 1745/2026/1969 1071/706/645 1073/2025/1968
f 1082/613/560 1743/2022/1965 1741/614/561
f 1085/2007/1950 1744/2024/1967 1743/2022/1965
f 1084/2009/1952 1745/2026/1969 1744/2024/1967
f 1083/2011/1954 1742/689/628 1745/2026/1969
f 1746/605/552 1090/2027/1970 1087/683/623
f 1748/2028/1971 1089/2029/1972 1090/2027/1970
f 1749/2030/1973 1088/2031/1974 1089/2029/1972
f 1750/2032/1975 1086/606/553 1088/2031/1974
f 1072/653/597 1748/2028/1971 1746/605/552
f 1075/2021/1964 1749/2030/1973 1748/2028/1971
f 1074/2023/1966 1750/2032/1975 1749/2030/1973
f 1073/2025/1968 1747/622/569 1750/2032/1975
f 1751/620/567 1063/2003/1946 1061/619/566
f 1753/2033/1976 1064/2004/1947 1063/2003/1946
f 1754/2034/1977 1065/2005/1948 1064/2004/1947
f 1755/2035/1978 1062/711/650 1065/2005/1948
f 1091/625/572 1753/2033/1976 1751/620/567
f 1093/2036/1979 1754/2034/1977 1753/2033/1976
f 1094/2037/1980 1755/2035/1978 1754/2034/1977
f 1095/2038/1981 1752/602/550 1755/2035/1978
f 1756/626/573 1093/2036/1979 1091/625/572
f 1758/2039/1982 1094/2037/1980 1093/2036/1979
f 1759/2040/1983 1095/2038/1981 1094/2037/1980
f 1760/2041/1984 1092/666/607 1095/2038/1981
f 1101/630/577 1758/2039/1982 1756/626/573
f 1103/2042/1985 1759/2040/1983 1758/2039/1982
f 1104/2043/1986 1760/2041/1984 1759/2040/1983
f 1105/2044/1987 1757/707/646 1760/2041/1984
f 1761/621/568 1100/2045/1988 1097/709/648
f 1763/2046/1989 1099/2047/1990 1100/2045/1988
f 1764/2048/1991 1098/2049/1992 1099/2047/1990
f 1765/2050/1993 1096/629/576 1098/2049/1992
f 1087/683/623 1763/2046/1989 1761/621/568
f 1090/2027/1970 1764/2048/1991 1763/2046/1989
f 1089/2029/1972 1765/2050/1993 1764/2048/1991
f 1088/2031/1974 1762/608/555 1765/2050/1993
f 1124/710/649 1768/2051/1994 1127/2052/1995
f 1127/2052/1995 1769/2053/1996 1126/2054/1997
f 1126/2054/1997 1770/2055/1998 1125/2056/1999
f 1125/2056/1999 1767/697/636 1123/699/638
f 1766/665/606 1109/1255/1201 1768/2051/1994
f 1768/2051/1994 1119/1259/1205 1769/2053/1996
f 1769/2053/1996 1118/1265/1213 1770/2055/1998
f 1770/2055/1998 1108/698/637 1767/697/636
f 1771/632/579 1103/2042/1985 1101/630/577
f 1773/2057/2000 1104/2043/1986 1103/2042/1985
f 1774/2058/2001 1105/2044/1987 1104/2043/1986
f 1775/2059/2002 1102/704/643 1105/2044/1987
f 1124/710/649 1773/2057/2000 1771/632/579
f 1127/2052/1995 1774/2058/2001 1773/2057/2000
f 1126/2054/1997 1775/2059/2002 1774/2058/2001
f 1125/2056/1999 1772/684/624 1775/2059/2002
f 1776/627/574 1113/1263/1209 1107/633/580
f 1778/2060/2003 1114/1268/1216 1113/1263/1209
f 1779/2061/2004 1120/1266/1214 1114/1268/1216
f 1780/2062/2005 1108/698/637 1120/1266/1214
f 1097/709/648 1778/2060/2003 1776/627/574
f 1100/2045/1988 1779/2061/2004 1778/2060/2003
f 1099/2047/1990 1780/2062/2005 1779/2061/2004
f 1098/2049/1992 1777/696/635 1780/2062/2005
f 1066/616/563 1783/2063/2006 1068/2012/1955
f 1068/2012/1955 1784/2064/2007 1069/2013/1956
f 1069/2013/1956 1785/2065/2008 1070/2014/1957
f 1070/2014/1957 1782/691/630 1067/652/596
f 1781/637/582 1135/2066/2009 1783/2063/2006
f 1783/2063/2006 1136/2067/2010 1784/2064/2007
f 1784/2064/2007 1137/2068/2011 1785/2065/2008
f 1785/2065/2008 1134/658/601 1782/691/630
f 1129/639/584 1788/2069/2012 1132/2070/2013
f 1132/2070/2013 1789/2071/2014 1131/2072/2015
f 1131/2072/2015 1790/2073/2016 1130/2074/2017
f 1130/2074/2017 1787/643/587 1128/642/586
f 1786/610/557 1060/2016/1959 1788/2069/2012
f 1788/2069/2012 1059/2018/1961 1789/2071/2014
f 1789/2071/2014 1058/2020/1963 1790/2073/2016
f 1790/2073/2016 1056/634/581 1787/643/587
f 1791/650/594 1146/1271/1220 1143/703/642
f 1793/2075/2018 1147/1280/1229 1146/1271/1220
f 1794/2076/2019 1154/1276/1225 1147/1280/1229
f 1795/2077/2020 1144/1277/1226 1154/1276/1225
f 1138/646/590 1793/2075/2018 1791/650/594
f 1140/2078/2021 1794/2076/2019 1793/2075/2018
f 1141/2079/2022 1795/2077/2020 1794/2076/2019
f 1142/2080/2023 1792/678/618 1795/2077/2020
f 1133/638/583 1798/2081/2024 1135/2066/2009
f 1135/2066/2009 1799/2082/2025 1136/2067/2010
f 1136/2067/2010 1800/2083/2026 1137/2068/2011
f 1137/2068/2011 1797/677/617 1134/658/601
f 1796/644/588 1157/1283/1233 1798/2081/2024
f 1798/2081/2024 1153/1278/1227 1799/2082/2025
f 1799/2082/2025 1152/1275/1224 1800/2083/2026
f 1800/2083/2026 1144/1277/1226 1797/677/617
f 1138/646/590 1803/2084/2027 1140/2078/2021
f 1140/2078/2021 1804/2085/2028 1141/2079/2022
f 1141/2079/2022 1805/2086/2029 1142/2080/2023
f 1142/2080/2023 1802/676/616 1139/675/615
f 1801/640/585 1132/2070/2013 1803/2084/2027
f 1803/2084/2027 1131/2072/2015 1804/2085/2028
f 1804/2085/2028 1130/2074/2017 1805/2086/2029
f 1805/2086/2029 1128/642/586 1802/676/616
f 1145/645/589 1808/2087/2030 1148/2088/1234
f 1148/1270/1219 1807/700/639 1143/703/642
f 1806/595/545 1042/1242/2031 1808/2087/2030
f 1808/2089/2032 1039/701/640 1807/700/639
f 1004/576/526 1811/2090/2033 1015/2091/1174
f 1811/2092/2034 1002/2093/2035 1015/1214/2036
f 1809/575/525 1115/1262/1208 1811/2090/2033
f 1115/2094/2037 1810/662/2038 1811/2092/2034
f 509/1574/2039 510/2095/2039 1812/1575/2039
f 485/1559/2040 484/2096/814 1816/1557/813
f 444/822/764 440/817/2041 1813/816/2042
f 434/1554/2043 433/807/2044 435/2097/2044
f 454/1542/2045 1814/830/2045 452/2098/2046
f 441/1541/1482 442/2099/1489 1813/1539/2047
f 216/10/12 24/76/70 114/11/13
f 212/18/19 1216/162/143 102/19/20
f 1191/30/30 105/96/88 19/31/31
f 10/73/2 312/188/167 1266/74/69
f 24/76/70 322/125/113 1260/77/71
f 336/78/72 8/95/2 98/79/2
f 15/83/76 103/87/80 1245/84/77
f 15/83/76 332/85/78 1255/86/79
f 103/87/80 14/20/21 316/88/81
f 1261/94/87 97/75/3 8/95/2
f 18/41/41 351/102/93 1270/98/90
f 23/38/38 347/185/165 1290/99/91
f 1276/80/73 98/79/2 11/100/2
f 113/50/49 1285/104/95 351/102/93
f 25/103/94 374/187/166 1285/104/95
f 115/45/44 1290/99/91 357/105/96
f 306/106/97 1251/140/125 96/107/2
f 14/20/21 102/19/20 1295/109/98
f 102/19/20 13/60/58 383/110/99
f 100/113/2 12/132/2 378/114/102
f 13/60/58 110/59/57 1310/116/104
f 110/59/57 1320/67/65 395/117/105
f 1166/119/107 212/18/19 14/20/21
f 7/108/2 96/107/2 1246/123/111
f 109/22/23 1255/86/79 322/125/113
f 96/107/2 9/141/2 331/126/114
f 384/130/117 1311/149/133 101/131/2
f 237/32/32 19/31/31 117/90/83
f 97/75/3 1266/74/69 342/138/123
f 226/21/22 1166/119/107 103/87/80
f 1251/140/125 326/190/169 9/141/2
f 26/34/34 311/91/84 1240/142/126
f 101/131/2 1306/150/134 389/147/131
f 1311/149/133 394/780/724 1306/150/134
f 11/100/2 352/179/160 1286/156/138
f 95/160/2 1256/161/142 331/126/114
f 10/73/2 321/181/162 1256/161/142
f 7/108/2 100/113/2 1301/115/103
f 1296/166/147 384/130/117 12/132/2
f 1291/171/152 99/157/139 1281/172/153
f 99/157/139 1286/156/138 373/174/155
f 12/132/2 101/131/2 1316/148/132
f 98/79/2 1271/182/163 352/179/160
f 321/181/162 10/73/2 97/75/3
f 8/95/2 342/138/123 1271/182/163
f 108/36/36 1275/93/86 347/185/165
f 312/188/167 10/73/2 95/160/2
f 1241/189/168 95/160/2 9/141/2
f 346/101/92 11/100/2 99/157/139
f 317/124/112 1296/166/147 100/113/2
f 457/193/172 1393/338/313 130/194/173
f 503/196/175 1477/199/178 136/197/176
f 1477/199/178 727/1117/1060 1433/200/179
f 711/201/180 1434/326/302 131/202/181
f 1429/203/182 131/202/181 1439/212/191
f 447/214/193 1363/313/290 124/215/194
f 1404/220/199 132/333/4 1409/221/200
f 27/226/205 532/259/237 1346/227/206
f 1359/235/214 411/795/742 1444/236/215
f 33/238/217 550/300/277 1332/239/218
f 34/195/174 130/194/173 1337/241/219
f 412/243/221 28/272/250 122/244/222
f 457/193/172 34/195/174 128/254/232
f 447/214/193 29/216/195 123/256/234
f 27/226/205 122/244/222 1326/258/236
f 34/195/174 530/242/220 1327/260/238
f 35/266/244 569/267/245 1337/241/219
f 35/266/244 129/240/181 1332/239/218
f 28/272/250 123/256/234 1341/273/251
f 29/216/195 513/279/257 1341/273/251
f 489/278/256 1383/255/233 128/254/232
f 29/216/195 124/215/194 1346/227/206
f 1389/198/177 136/197/176 1459/282/260
f 28/272/250 548/274/252 1326/258/236
f 568/298/275 1349/249/227 121/299/276
f 33/238/217 128/254/232 1327/260/238
f 1459/282/260 136/197/176 1433/200/179
f 120/237/216 1444/236/215 605/304/281
f 437/312/289 27/226/205 124/215/194
f 1359/235/214 120/237/216 1449/314/291
f 120/237/216 1403/305/282 621/316/293
f 489/278/256 33/238/217 129/240/181
f 504/325/301 1388/324/300 129/240/181
f 1439/212/191 131/202/181 1434/326/302
f 412/243/221 1358/257/235 123/256/234
f 437/312/289 1354/245/223 122/244/222
f 1409/221/200 132/333/4 1398/330/306
f 604/332/308 1398/330/306 132/333/4
f 504/325/301 35/266/244 130/194/173
f 758/351/324 59/417/383 166/352/325
f 1501/353/326 166/352/325 57/369/340
f 773/370/341 57/369/340 160/377/348
f 1516/378/349 160/377/348 58/379/350
f 783/380/351 58/379/350 167/386/356
f 1531/387/357 167/386/356 1643/388/358
f 1541/395/364 743/357/329 51/358/330
f 158/347/322 55/346/321 869/412/379
f 45/414/381 854/527/482 1586/415/382
f 59/417/383 864/466/427 1580/418/384
f 878/419/385 43/436/381 150/420/381
f 156/396/365 51/358/330 849/422/387
f 50/424/389 155/428/393 1565/425/390
f 50/424/389 874/426/391 1575/427/392
f 155/428/393 49/361/333 858/429/394
f 168/430/395 1560/483/440 869/412/379
f 57/369/340 879/496/452 1595/434/399
f 1581/435/400 149/416/381 43/436/381
f 58/379/350 889/525/480 1610/440/404
f 1596/421/386 150/420/381 46/441/405
f 167/386/356 1610/440/404 899/446/410
f 848/447/411 1571/481/439 148/448/381
f 49/361/333 154/360/332 1615/450/412
f 164/404/373 52/398/367 921/452/414
f 152/454/381 47/473/381 920/455/416
f 56/406/375 164/404/373 1635/453/415
f 42/449/381 148/448/381 1566/464/425
f 1496/364/336 161/363/335 59/417/383
f 161/363/335 1575/427/392 864/466/427
f 148/448/381 44/482/381 873/467/428
f 51/358/330 158/347/322 1570/413/380
f 926/471/431 1631/490/447 153/472/381
f 149/416/381 1586/415/382 884/479/437
f 1571/481/439 868/529/484 44/482/381
f 153/472/381 1626/491/448 931/488/445
f 1631/490/447 936/1201/1146 1626/491/448
f 166/352/325 1580/418/384 879/496/452
f 46/441/405 894/520/475 1606/497/453
f 147/501/381 1576/502/457 873/467/428
f 45/414/381 863/522/477 1576/502/457
f 42/449/381 152/454/381 1621/456/417
f 1616/507/462 926/471/431 47/473/381
f 1611/512/467 151/498/454 1601/513/468
f 151/498/454 1606/497/453 915/515/470
f 52/398/367 156/396/365 1620/423/388
f 47/473/381 153/472/381 1636/489/446
f 150/420/381 1591/523/478 894/520/475
f 863/522/477 45/414/381 149/416/381
f 43/436/381 884/479/437 1591/523/478
f 160/377/348 1595/434/399 889/525/480
f 854/527/482 45/414/381 147/501/381
f 1561/528/483 147/501/381 44/482/381
f 888/442/406 46/441/405 151/498/454
f 859/465/426 1616/507/462 152/454/381
f 333/1423/1369 331/126/114 1256/161/142
f 1263/1442/1388 1264/1444/1390 338/1443/1389
f 1264/1444/1390 1261/94/87 336/78/72
f 1268/1446/1392 1269/1447/1393 315/1417/1363
f 355/1456/1402 352/179/160 1271/182/163
f 1293/1474/1419 1294/1475/1420 370/769/711
f 320/1426/1372 1299/1478/1423 1296/166/147
f 1297/1476/1421 385/1479/1424 386/1480/1425
f 1299/1478/1423 387/1481/1426 384/130/117
f 1319/1499/1444 380/1487/1432 378/114/102
f 532/259/237 1326/258/236 1328/1509/1453
f 544/938/877 1328/1509/1453 1329/1510/1454
f 1329/1510/1454 1330/1511/1455 535/925/864
f 1330/1511/1455 1327/260/238 530/242/220
f 1328/1509/1453 553/945/883 563/948/886
f 563/948/886 562/956/894 1330/1511/1455
f 562/956/894 550/300/277 1327/260/238
f 564/957/895 1335/1513/1457 1332/239/218
f 1336/287/265 1338/1516/1459 576/1515/907
f 1339/1518/1461 1337/241/219 569/267/245
f 1338/1516/1459 541/932/871 534/936/875
f 1344/1523/1466 1341/273/251 513/279/257
f 1348/1528/1469 1346/227/206 532/259/237
f 1348/1528/1469 515/904/841 513/279/257
f 1813/1539/1480 1356/1538/1478 1357/1540/1481
f 423/801/747 412/243/221 1354/245/223
f 1358/257/235 1360/1543/1484 454/1542/1483
f 1360/1543/1484 1361/1544/1486 1814/830/1485
f 1361/1544/1486 1362/1545/1487 449/826/767
f 1362/1545/1487 1359/235/214 445/315/292
f 1360/1543/1484 423/802/747 419/796/743
f 1362/1545/1487 418/793/740 411/795/742
f 1363/313/290 447/214/193 454/1550/1483
f 1365/1547/1488 454/1550/1483 452/835/1493
f 1386/1569/1513 1387/1570/1515 459/840/781
f 1388/324/300 1390/1571/1517 496/883/1516
f 1391/1572/1518 1392/1573/1519 501/889/825
f 1392/1573/1519 1389/198/177 490/283/261
f 1390/1571/1517 509/1574/1520 1812/1575/1521
f 1391/1572/1518 1812/1575/1521 506/892/1522
f 1392/1573/1519 506/892/1522 503/196/175
f 1395/1577/1523 1396/1578/1525 510/902/1524
f 1393/338/313 457/193/172 462/1580/1511
f 1405/1585/1531 1406/1586/1532 625/1024/967
f 1406/1586/1532 1407/1587/1533 632/1020/964
f 605/304/281 618/1010/953 1405/1585/1531
f 618/1010/953 612/1005/949 1406/1586/1532
f 612/1005/949 611/1002/947 1407/1587/1533
f 611/1002/947 604/1004/308 1404/1588/199
f 710/301/278 1433/200/179 1435/1609/1549
f 718/1109/1054 1436/1610/1550 1437/1611/1551
f 724/1113/1058 1437/1611/1551 1434/1612/302
f 1435/1609/1549 732/1119/1062 740/1123/1066
f 851/1793/1743 1573/1792/1742 1574/1794/1744
f 875/1786/1736 873/467/428 1576/502/457
f 864/466/427 867/1796/1746 1582/1803/1753
f 1589/1810/1760 1586/415/382 854/527/482
f 882/1802/1752 881/1804/1754 1598/1823/1773
f 1610/440/404 1612/1835/1785 905/1187/1128
f 1614/1837/1787 1611/512/467 900/514/469
f 1617/1838/1788 927/1841/1791 928/1842/1792
f 1618/1839/1789 928/1842/1792 929/1843/1793
f 922/1849/1799 1624/1848/1798 1621/456/417
f 1220/1/6 93/70/1 1/2/1
f 1171/4/8 221/180/161 20/5/9
f 89/7/1 1165/61/59 227/8/11
f 4/13/1 90/43/1 1185/14/15
f 201/16/17 1171/4/8 106/6/10
f 226/21/22 15/83/76 109/22/23
f 3/9/1 88/27/1 1160/24/25
f 1175/26/27 217/158/140 4/13/1
f 1181/12/14 114/11/13 22/28/28
f 1186/33/33 117/90/83 26/34/34
f 231/29/29 22/28/28 108/36/36
f 1196/37/37 108/36/36 23/38/38
f 1206/40/40 113/50/49 18/41/41
f 90/43/1 2/154/1 236/44/43
f 241/39/39 23/38/38 115/45/44
f 1211/46/45 115/45/44 1323/47/46
f 268/49/48 25/103/94 113/50/49
f 91/51/1 5/151/1 246/52/50
f 1221/54/52 201/16/17 16/17/18
f 273/56/54 1221/54/52 104/55/53
f 279/58/56 1231/66/64 110/59/57
f 1/2/1 211/191/170 1165/61/59
f 1236/62/60 273/56/54 17/57/55
f 284/64/62 1236/62/60 112/63/61
f 1231/66/64 289/745/683 1320/67/65
f 6/68/1 278/128/115 1215/69/66
f 106/6/10 20/5/9 327/71/67
f 104/55/53 16/17/18 307/81/74
f 116/89/82 1240/142/126 327/71/67
f 117/90/83 1265/92/85 311/91/84
f 19/31/31 341/97/89 1265/92/85
f 22/28/28 337/155/137 1275/93/86
f 105/96/88 1270/98/90 341/97/89
f 112/63/61 17/57/55 379/111/100
f 21/65/63 112/63/61 1315/112/101
f 1226/120/108 284/64/62 21/65/63
f 107/121/109 21/65/63 388/118/106
f 227/8/11 1175/26/27 88/27/1
f 1176/23/24 109/22/23 24/76/70
f 94/127/1 1230/144/128 278/128/115
f 202/3/7 1/2/1 89/7/1
f 16/17/18 106/6/10 1250/72/68
f 1201/133/118 251/716/655 1324/134/119
f 111/135/120 1324/134/119 356/136/121
f 207/35/35 26/34/34 116/89/82
f 1225/143/127 290/1400/692 1230/144/128
f 283/145/129 1225/143/127 94/127/1
f 5/151/1 92/167/148 1205/152/135
f 1180/153/136 232/159/141 2/154/1
f 114/11/13 1260/77/71 337/155/137
f 217/158/140 1180/153/136 90/43/1
f 232/159/141 1195/184/164 91/51/1
f 1216/162/143 279/58/56 13/60/58
f 1353/163/144 137/208/187 1443/164/145
f 92/167/148 1200/170/151 269/168/149
f 1210/169/150 252/725/664 1200/170/151
f 1226/120/108 107/121/109 1321/175/156
f 274/177/158 6/68/1 93/70/1
f 17/57/55 104/55/53 1300/82/75
f 107/121/109 1305/122/110 393/178/159
f 247/42/42 18/41/41 105/96/88
f 1235/146/130 94/127/1 6/68/1
f 2/154/1 91/51/1 1190/53/51
f 1161/139/124 116/89/82 20/5/9
f 1201/183/118 111/186/120 25/103/94
f 1195/184/164 242/192/171 5/151/1
f 111/186/120 1280/2100/122 374/187/166
f 1170/129/116 89/7/1 3/9/1
f 88/27/1 4/13/1 206/15/16
f 93/70/1 1215/69/66 211/191/170
f 242/192/171 1210/169/150 92/167/148
f 480/204/183 32/231/210 127/205/184
f 436/207/186 1467/280/258 137/208/187
f 1455/209/188 674/1064/1010 1419/210/189
f 1368/217/196 135/225/204 1452/218/197
f 1472/223/202 639/1030/975 1414/224/203
f 31/228/207 127/205/184 1350/229/208
f 32/231/210 200/297/274 1350/229/208
f 438/232/211 1364/246/224 134/233/212
f 1364/246/224 446/831/773 1448/247/225
f 1345/248/226 121/299/276 1349/249/227
f 30/251/229 125/276/254 1331/252/230
f 467/261/239 1373/271/249 138/211/190
f 1379/263/241 426/808/751 1453/264/242
f 481/268/246 1379/263/241 119/265/243
f 479/270/248 1455/209/188 138/211/190
f 427/275/253 31/228/207 125/276/254
f 1467/280/258 585/978/917 1399/281/259
f 1394/284/262 456/845/786 1464/285/263
f 1336/287/265 121/299/276 1345/248/226
f 1394/284/262 139/286/264 1476/289/267
f 488/291/269 1460/328/304 118/292/5
f 30/251/229 549/253/231 1340/294/271
f 31/228/207 567/230/209 1331/252/230
f 465/296/273 1472/223/202 135/225/204
f 32/231/210 126/295/272 1340/294/271
f 139/286/264 1438/303/280 728/302/279
f 1464/285/263 694/1095/1039 1438/303/280
f 1468/234/213 134/233/212 1408/306/283
f 134/233/212 1448/247/225 623/308/285
f 1453/264/242 659/1059/1004 1423/309/286
f 138/211/190 1419/210/189 640/310/287
f 119/265/243 1423/309/286 675/311/288
f 137/208/187 1399/281/259 603/317/294
f 427/275/253 1378/206/185 127/205/184
f 466/318/295 1369/277/255 125/276/254
f 641/319/296 1418/335/310 133/320/254
f 1413/321/297 133/320/254 1424/322/298
f 1460/328/304 709/1101/1046 1428/329/305
f 466/318/295 30/251/229 126/295/272
f 480/204/183 1374/334/309 126/295/272
f 1424/322/298 133/320/254 1418/335/310
f 135/225/204 1414/224/203 657/337/312
f 1384/293/270 118/292/5 1465/339/314
f 118/292/5 1428/329/305 692/341/316
f 1540/342/317 145/411/318 36/343/318
f 1491/345/320 763/521/476 55/346/321
f 141/348/318 1485/402/371 769/349/323
f 39/354/318 142/384/318 1505/355/327
f 743/357/329 1491/345/320 158/347/322
f 754/359/331 1536/503/458 154/360/332
f 768/362/334 50/424/389 161/363/335
f 38/350/318 140/368/318 1480/365/337
f 1495/367/339 759/499/455 39/354/318
f 1511/371/342 157/437/401 54/372/343
f 1506/374/345 169/431/396 61/375/346
f 1526/381/352 165/391/361 53/382/353
f 142/384/318 37/495/318 778/385/355
f 810/390/360 60/444/408 165/391/361
f 143/392/318 40/492/449 788/393/362
f 815/397/366 1541/395/364 156/396/365
f 821/399/368 1551/407/376 162/400/369
f 36/343/318 753/530/485 1485/402/371
f 1556/403/372 815/397/366 52/398/367
f 826/405/374 1556/403/372 164/404/373
f 1551/407/376 831/2101/1106 1640/408/377
f 41/409/318 820/469/429 1535/410/378
f 169/431/396 1585/433/398 853/432/397
f 54/372/343 883/438/402 1585/433/398
f 157/437/401 1590/439/403 883/438/402
f 53/382/353 893/443/407 1590/439/403
f 165/391/361 1605/445/409 893/443/407
f 60/444/408 916/526/481 1605/445/409
f 154/360/332 48/401/370 925/451/413
f 48/401/370 162/400/369 1630/457/418
f 162/400/369 1640/408/377 937/458/419
f 1486/460/421 754/359/331 49/361/333
f 1546/461/422 826/405/374 56/406/375
f 159/462/423 56/406/375 930/459/420
f 769/349/323 1495/367/339 140/368/318
f 146/468/318 1550/485/442 820/469/429
f 744/344/319 36/343/318 141/348/318
f 779/373/344 54/372/343 169/431/396
f 1521/474/432 793/1135/1078 1644/475/433
f 163/476/434 1644/475/433 898/477/435
f 749/376/347 61/375/346 168/430/395
f 768/362/334 1486/460/421 155/428/393
f 61/375/346 853/432/397 1560/483/440
f 1545/484/441 832/1174/1115 1550/485/442
f 825/486/443 1545/484/441 146/468/318
f 40/492/449 144/508/463 1525/493/450
f 1500/494/451 774/500/456 37/495/318
f 759/499/455 1500/494/451 142/384/318
f 774/500/456 1515/524/479 143/392/318
f 1536/503/458 821/399/368 48/401/370
f 1706/504/459 175/598/460 62/505/460
f 144/508/463 1520/511/466 811/509/464
f 1530/510/465 794/1144/1087 1520/511/466
f 1546/461/422 159/462/423 1641/516/471
f 816/518/473 41/409/318 145/411/318
f 159/462/423 1625/463/424 935/519/474
f 789/383/354 53/382/353 157/437/401
f 1555/487/444 146/468/318 41/409/318
f 37/495/318 143/392/318 1510/394/363
f 1481/480/438 168/430/395 55/346/321
f 1521/474/432 163/476/434 60/444/408
f 1515/524/479 784/531/486 40/492/449
f 163/476/434 1600/478/436 916/526/481
f 1490/470/430 141/348/318 38/350/318
f 140/368/318 39/354/318 748/356/328
f 145/411/318 1535/410/378 753/530/485
f 784/531/486 1530/510/465 144/508/463
f 1657/532/487 972/705/644 81/533/488
f 171/535/460 1651/589/539 978/536/490
f 967/538/491 85/604/551 196/539/492
f 65/541/460 172/571/460 1671/542/494
f 952/544/496 1657/532/487 188/534/489
f 963/546/498 1702/690/629 184/547/499
f 977/549/501 76/611/558 191/550/502
f 64/537/460 170/555/460 1646/552/504
f 1661/554/506 968/686/626 65/541/460
f 1667/540/493 196/539/492 83/556/507
f 1677/558/509 187/624/571 80/559/510
f 1672/561/512 199/618/565 87/562/513
f 982/557/508 83/556/507 190/564/515
f 1682/565/516 190/564/515 84/566/517
f 1692/568/519 195/578/528 79/569/520
f 172/571/460 63/682/622 987/572/522
f 992/567/518 84/566/517 197/573/523
f 1697/574/524 197/573/523 1809/575/525
f 1019/577/527 86/631/578 195/578/528
f 173/579/529 66/679/619 997/580/530
f 1707/582/532 952/544/496 77/545/497
f 1024/584/534 1707/582/532 186/583/533
f 1030/586/536 1717/594/544 192/587/537
f 62/505/460 962/714/653 1651/589/539
f 1722/590/540 1024/584/534 78/585/535
f 1035/592/542 1722/590/540 194/591/541
f 1717/594/544 1040/1240/1186 1806/595/545
f 67/596/460 1029/656/599 1701/597/546
f 188/534/489 81/533/488 1077/599/547
f 71/601/549 1062/711/650 1752/602/550
f 85/604/551 1072/653/597 1746/605/552
f 1086/606/553 69/623/570 180/607/554
f 186/583/533 77/545/497 1057/609/556
f 76/611/558 185/615/562 1731/612/559
f 76/611/558 1082/613/560 1741/614/561
f 185/615/562 75/548/500 1066/616/563
f 198/617/564 1726/670/610 1077/599/547
f 199/618/565 1751/620/567 1061/619/566
f 80/559/510 1091/625/572 1751/620/567
f 83/556/507 1087/683/623 1761/621/568
f 1747/622/569 179/603/549 69/623/570
f 187/624/571 1756/626/573 1091/625/572
f 79/569/520 1101/630/577 1756/626/573
f 84/566/517 1097/709/648 1776/627/574
f 1762/608/555 180/607/554 72/628/575
f 195/578/528 1771/632/579 1101/630/577
f 86/631/578 1124/710/649 1771/632/579
f 197/573/523 1776/627/574 1107/633/580
f 1056/634/581 1737/668/609 178/635/549
f 75/548/500 184/547/499 1781/637/582
f 184/547/499 74/588/538 1133/638/583
f 194/591/541 78/585/535 1129/639/584
f 182/641/549 73/660/549 1128/642/586
f 74/588/538 192/587/537 1796/644/588
f 192/587/537 1806/595/545 1145/645/589
f 82/593/543 194/591/541 1801/640/585
f 1652/647/591 963/546/498 75/548/500
f 1712/648/592 1035/592/542 82/593/543
f 189/649/593 82/593/543 1138/646/590
f 68/636/549 178/635/549 1732/651/595
f 978/536/490 1661/554/506 170/555/460
f 1662/551/503 191/550/502 85/604/551
f 191/550/502 1741/614/561 1072/653/597
f 178/635/549 70/669/549 1081/654/598
f 176/655/460 1716/672/612 1029/656/599
f 953/506/461 62/505/460 171/535/460
f 77/545/497 188/534/489 1736/600/548
f 1134/658/601 1797/677/617 183/659/549
f 988/560/511 80/559/510 199/618/565
f 1687/661/602 1002/2093/2048 1810/662/603
f 193/663/604 1810/662/603 1106/664/605
f 179/603/549 1752/602/550 1092/666/607
f 958/563/514 87/562/513 198/617/564
f 977/549/501 1652/647/591 185/615/562
f 1737/668/609 1076/713/652 70/669/549
f 87/562/513 1061/619/566 1726/670/610
f 1711/671/611 1041/1248/1196 1716/672/612
f 1034/673/613 1711/671/611 176/655/460
f 183/659/549 1792/678/618 1139/675/615
f 1797/677/617 1144/1277/1226 1792/678/618
f 66/679/619 174/692/631 1691/680/620
f 1666/681/621 983/687/627 63/682/622
f 196/539/492 1746/605/552 1087/683/623
f 72/628/575 1102/704/643 1772/684/624
f 968/686/626 1666/681/621 172/571/460
f 983/687/627 1681/708/647 173/579/529
f 177/688/549 1742/689/628 1081/654/598
f 71/601/549 1071/706/645 1742/689/628
f 1702/690/629 1030/586/536 74/588/538
f 68/636/549 182/641/549 1787/643/587
f 1782/691/630 1134/658/601 73/660/549
f 174/692/631 1686/695/634 1020/693/632
f 1696/694/633 1003/1951/1167 1686/695/634
f 1777/696/635 181/685/625 1767/697/636
f 181/685/625 1772/684/624 1123/699/638
f 1712/648/592 189/649/593 1807/700/639
f 1025/702/641 67/596/460 175/598/460
f 78/585/535 186/583/533 1786/610/557
f 189/649/593 1791/650/594 1143/703/642
f 998/570/521 79/569/520 187/624/571
f 1721/674/614 176/655/460 67/596/460
f 73/660/549 183/659/549 1802/676/616
f 180/607/554 1757/707/646 1102/704/643
f 63/682/622 173/579/529 1676/581/531
f 1647/667/608 198/617/564 81/533/488
f 1071/706/645 71/601/549 179/603/549
f 69/623/570 1092/666/607 1757/707/646
f 1687/661/602 193/663/604 86/631/578
f 1681/708/647 993/715/654 66/679/619
f 190/564/515 1761/621/568 1097/709/648
f 193/663/604 1766/665/606 1124/710/649
f 1656/657/600 171/535/460 64/537/460
f 170/555/460 65/541/460 957/543/495
f 1062/711/650 71/601/549 177/688/549
f 1727/712/651 177/688/549 70/669/549
f 175/598/460 1701/597/546 962/714/653
f 993/715/654 1696/694/633 174/692/631
f 1096/629/576 72/628/575 181/685/625
f 1067/652/596 1782/691/630 182/641/549
f 251/716/655 254/719/658 256/717/656
f 254/719/658 255/730/667 257/720/659
f 256/717/656 257/720/659 258/722/661
f 259/723/662 262/729/666 261/724/663
f 260/726/665 263/736/668 262/727/666
f 262/729/666 257/720/659 255/730/667
f 263/731/668 258/722/661 257/720/659
f 253/48/47 264/1505/671 266/732/669
f 265/733/670 266/732/669 263/736/673
f 266/732/669 267/735/2049 258/737/675
f 288/176/157 291/740/678 293/738/676
f 291/740/678 298/1503/2050 294/741/679
f 292/739/677 293/738/676 305/742/680
f 293/738/676 294/741/679 295/744/682
f 289/745/683 296/748/686 299/746/684
f 296/748/686 297/754/1350 300/749/687
f 299/746/684 300/749/687 295/744/689
f 301/750/690 304/753/693 303/751/691
f 302/743/681 305/742/680 304/753/693
f 304/753/693 300/749/695 297/754/694
f 305/742/680 295/744/682 300/749/695
f 356/136/121 359/1508/698 361/755/696
f 360/760/697 361/759/696 372/761/700
f 361/759/696 362/758/699 363/763/702
f 357/105/96 364/766/705 366/764/703
f 364/766/705 365/771/713 367/767/706
f 366/764/703 367/767/706 363/763/708
f 368/768/710 371/770/712 370/769/711
f 369/762/701 372/761/714 371/770/712
f 371/770/712 367/767/706 365/771/713
f 372/761/714 363/763/708 367/767/706
f 393/178/159 396/774/717 398/772/715
f 396/774/717 397/783/727 399/775/718
f 398/772/715 399/775/718 400/777/720
f 401/778/722 404/782/726 403/779/723
f 402/781/725 405/784/728 404/782/726
f 404/782/726 399/775/729 397/783/727
f 405/784/728 400/777/734 399/775/729
f 395/117/105 406/1501/732 408/785/730
f 407/786/731 408/785/730 405/784/728
f 408/785/730 409/776/733 400/777/734
f 413/788/735 416/791/738 415/789/736
f 416/791/738 417/2102/745 422/792/739
f 418/793/740 421/797/744 420/794/741
f 419/796/743 417/2103/745 421/797/744
f 421/797/744 416/799/738 414/790/737
f 422/792/739 417/2102/745 424/800/746
f 424/800/746 417/2103/745 419/796/743
f 431/810/754 432/809/757 429/811/755
f 432/809/757 433/2104/2051 430/813/758
f 451/832/779 1814/836/772 450/838/771
f 458/839/780 460/842/2052 459/840/781
f 459/840/783 460/842/2053 464/843/784
f 463/848/789 1815/844/1514 464/843/790
f 468/850/792 478/853/795 470/851/793
f 472/857/799 471/2105/798 474/858/800
f 475/862/803 478/864/795 477/863/804
f 478/864/795 471/2105/798 472/857/799
f 491/876/815 494/879/818 493/877/816
f 497/884/822 495/882/820 492/878/817
f 499/888/824 502/890/826 501/889/825
f 500/881/819 494/880/818 502/890/826
f 502/890/826 494/880/818 495/882/820
f 506/892/827 512/895/2054 507/893/828
f 506/892/830 1812/901/2055 508/894/831
f 515/904/841 518/907/844 517/905/842
f 516/906/843 519/909/846 518/907/844
f 518/907/844 529/910/847 526/908/845
f 514/250/228 520/1531/850 523/911/848
f 520/913/850 521/922/1472 524/914/851
f 522/912/849 523/911/848 519/916/852
f 523/911/854 524/2106/2056 529/918/855
f 525/919/857 528/921/859 527/920/858
f 526/908/845 529/910/861 528/921/859
f 528/921/859 524/914/862 521/922/860
f 533/924/863 536/927/866 535/925/864
f 534/926/865 537/929/2057 536/927/866
f 536/927/866 538/930/869 545/928/867
f 531/288/266 539/933/872 542/931/870
f 539/933/872 540/1525/1468 543/934/873
f 541/932/871 542/931/870 537/935/874
f 542/931/870 543/934/873 538/937/876
f 544/938/877 547/940/879 546/939/878
f 545/928/867 538/930/869 547/940/879
f 547/940/879 543/943/2058 540/941/880
f 551/944/882 554/947/885 553/945/883
f 552/946/884 555/955/893 554/947/885
f 554/947/885 566/950/888 563/948/886
f 554/947/885 555/955/893 556/949/887
f 557/951/889 560/954/892 559/952/890
f 558/953/891 561/959/897 560/954/892
f 560/954/892 555/955/893 552/946/884
f 560/954/892 561/959/897 556/949/887
f 562/956/894 565/958/896 564/957/895
f 563/948/886 566/950/888 565/958/896
f 565/958/896 561/959/897 558/953/891
f 565/958/896 566/950/888 556/949/887
f 570/960/898 573/963/901 572/961/899
f 571/962/900 574/965/2059 573/963/901
f 573/963/901 575/966/904 582/964/902
f 568/298/275 576/1515/907 579/967/905
f 576/969/907 577/977/1460 580/970/908
f 578/972/906 579/971/905 574/965/909
f 579/971/905 580/970/908 575/973/911
f 581/974/912 584/976/914 583/975/913
f 582/964/902 575/966/904 584/976/914
f 584/976/914 580/970/2060 577/977/915
f 585/978/917 588/1639/920 590/979/918
f 589/980/919 590/979/918 602/983/922
f 590/979/918 591/982/921 592/985/924
f 586/307/284 593/988/927 596/986/925
f 593/988/927 594/994/937 597/989/928
f 595/987/929 596/986/2061 591/982/930
f 596/986/925 597/989/928 592/985/932
f 598/990/934 601/993/936 600/991/935
f 599/984/923 602/983/938 601/993/936
f 601/993/936 597/989/939 594/994/937
f 602/983/938 592/985/2062 597/989/939
f 606/995/940 609/998/943 608/996/941
f 607/997/942 610/1008/945 609/998/943
f 609/998/943 620/1001/946 617/999/944
f 611/1002/947 614/1006/950 613/1003/948
f 612/1005/949 615/1007/951 614/1006/950
f 614/1006/950 610/1008/945 607/997/942
f 616/1009/952 619/1011/954 618/1010/953
f 617/999/944 620/1001/946 619/1011/954
f 619/1011/954 615/1007/951 612/1005/949
f 620/1001/946 610/1000/945 615/1007/951
f 621/316/293 624/1014/957 627/1012/955
f 624/1014/957 625/1024/967 628/1015/958
f 626/1013/959 627/1012/955 638/1016/960
f 627/1012/955 628/1015/958 629/1018/962
f 630/1019/963 633/1023/966 632/1020/964
f 631/1022/965 634/1025/968 633/1023/966
f 633/1023/966 628/1015/958 625/1024/967
f 634/1025/968 629/1018/962 628/1015/958
f 623/308/285 635/1621/971 637/1026/969
f 636/1027/970 637/1026/969 634/1025/968
f 637/1026/969 638/1016/972 629/1018/962
f 642/1028/973 645/1032/977 644/1029/974
f 643/1031/976 646/1034/979 645/1032/977
f 645/1032/977 656/1035/980 653/1033/978
f 647/1036/981 650/1039/984 649/1037/982
f 648/1038/983 651/1040/985 650/1039/984
f 650/1039/984 646/1034/979 643/1031/976
f 651/1040/985 656/1045/980 646/1034/979
f 652/1041/986 655/1044/988 654/1042/987
f 653/1033/978 656/1035/980 655/1044/988
f 655/1044/988 651/1040/985 648/1038/983
f 657/337/312 660/1048/991 663/1046/989
f 660/1048/991 661/1058/1003 664/1049/992
f 663/1046/993 673/1052/997 671/1050/994
f 663/1046/993 664/1049/2063 665/1051/996
f 666/1053/998 669/1057/1002 668/1054/999
f 667/1056/1000 664/1063/1008 669/1057/1001
f 669/1057/1002 664/1049/992 661/1058/1003
f 659/1059/1004 670/1062/1571 673/1060/1005
f 672/1061/1006 673/1060/2064 664/1063/1008
f 674/1064/1010 677/1067/1573 679/1065/1011
f 677/1067/1013 684/1629/1575 680/1068/1014
f 678/1066/1012 679/1065/1011 691/1069/1015
f 679/1065/1011 680/1068/1014 681/1071/1017
f 675/311/288 682/1074/1020 685/1072/1018
f 682/1074/1020 683/1080/1026 686/1075/1021
f 685/1072/1018 686/1075/1021 681/1071/1017
f 687/1076/1023 690/1079/1025 689/1077/1024
f 688/1070/1016 691/1069/1015 690/1079/1025
f 690/1079/1025 686/1075/1021 683/1080/1026
f 691/1069/1015 681/1071/1017 686/1075/1021
f 692/341/316 695/1083/1029 697/1081/1027
f 695/1083/1029 696/1092/1037 698/1084/1030
f 697/1081/1027 698/1084/1030 699/1086/1032
f 700/1087/1033 703/1091/1036 702/1088/1034
f 701/1090/1035 704/1094/1038 703/1091/1036
f 703/1091/1036 698/1084/1030 696/1092/1037
f 704/1094/1038 699/1086/1032 698/1084/1030
f 694/1095/1039 705/1635/1042 707/1096/1040
f 706/1097/1041 707/1096/1040 704/1094/1038
f 707/1096/1040 708/1085/1043 699/1086/1032
f 712/1099/1044 715/1103/1048 714/1100/1045
f 713/1102/1047 716/1105/1050 715/1103/1048
f 715/1103/1048 726/1106/1051 723/1104/1049
f 716/1105/1050 721/1111/1056 726/1106/1051
f 717/1107/1052 720/1110/1055 719/1108/1053
f 718/1109/1054 721/1116/1056 720/1110/1055
f 720/1110/1055 716/1105/1050 713/1102/1047
f 722/1112/1057 725/1115/1059 724/1113/1058
f 723/1104/1049 726/1106/1051 725/1115/1059
f 725/1115/1059 721/1116/1056 718/1109/1054
f 727/1117/1060 730/1120/1063 733/1118/1061
f 732/1119/1062 733/1118/1061 738/1122/1065
f 728/302/279 735/1128/1070 733/1126/1068
f 735/1128/1070 736/1134/1077 738/1129/1071
f 739/1130/1073 742/1133/1076 741/1131/1074
f 740/1123/1066 738/1122/1065 742/1133/1075
f 742/1133/1076 738/1129/1071 736/1134/1077
f 793/1135/1078 796/1138/1081 798/1136/1079
f 796/1138/1081 797/1148/1090 799/1139/1082
f 798/1136/1079 799/1139/1082 800/1141/1084
f 801/1142/1085 804/1146/1089 803/1143/1086
f 802/1145/1088 805/1156/1091 804/1146/1089
f 804/1147/1089 799/1139/1082 797/1148/1090
f 805/1150/1091 800/1141/1084 799/1139/1082
f 795/1151/359 806/2107/1094 808/1152/1092
f 807/1153/1093 808/1152/1092 805/1156/1096
f 808/1152/1092 809/1155/2065 800/1157/1098
f 830/517/472 833/1867/1101 835/1158/1099
f 833/1160/1101 840/2108/2066 836/1161/1102
f 834/1159/1100 835/1158/1099 847/1163/1103
f 835/1162/1099 836/1161/1102 837/1165/1105
f 831/1167/1106 838/1170/1109 841/1168/1107
f 838/1170/1109 839/1177/1717 842/1171/1110
f 841/1168/1107 842/1171/1110 837/1165/1112
f 843/1172/1113 846/1176/1116 845/1173/1114
f 844/1175/1104 847/1166/1103 846/1176/1116
f 846/1176/1116 842/1171/1118 839/1177/1117
f 847/1166/1103 837/1165/1105 842/1171/1118
f 898/477/435 907/1872/1121 902/1178/1119
f 901/1179/1120 902/1178/1119 914/1182/1123
f 902/1178/1119 903/1181/2067 904/1184/1125
f 899/446/410 905/1187/1128 908/1185/1126
f 905/1187/1128 906/1192/1135 909/1188/1129
f 908/1185/1126 909/1188/1129 904/1184/1131
f 910/1189/1132 913/1191/1134 912/1190/1133
f 911/1183/1124 914/1182/1136 913/1191/1134
f 913/1191/1134 909/1188/1129 906/1192/1135
f 914/1182/1136 904/1184/1131 909/1188/1129
f 935/519/474 938/1195/1139 940/1193/1137
f 938/1195/1139 939/1204/1149 941/1196/1140
f 940/1193/1137 941/1196/1140 942/1198/1142
f 943/1199/1144 946/1203/1148 945/1200/1145
f 944/1202/1147 947/1205/1150 946/1203/1148
f 946/1203/1148 941/1196/1151 939/1204/1149
f 947/1205/1150 942/1198/1156 941/1196/1151
f 937/458/419 948/1863/1154 950/1206/1152
f 949/1207/1153 950/1206/1152 947/1205/1150
f 950/1206/1152 951/1197/1155 942/1198/1156
f 1002/1209/1157 1005/1212/1160 1007/1210/1158
f 1005/1212/1160 1006/1224/1170 1008/1213/1161
f 1007/1215/1158 1008/1227/1161 1009/1217/1163
f 1010/1218/1165 1013/1222/1169 1012/1219/1166
f 1011/1221/1168 1014/1226/1171 1013/1222/1169
f 1013/1223/1169 1008/1213/1161 1006/1224/1170
f 1014/1226/1171 1009/1217/1163 1008/1227/1161
f 1004/576/526 1015/2091/1174 1017/1228/1172
f 1016/1229/1173 1017/1228/1172 1014/1226/1176
f 1017/1228/1172 1018/1216/1175 1009/1217/1178
f 1039/1231/640 1042/2109/1181 1044/1232/1179
f 1043/1233/1180 1044/1232/1179 1055/1237/1183
f 1044/1232/1179 1045/2110/1182 1046/1239/1185
f 1040/1240/1186 1047/1243/1189 1049/1241/1187
f 1047/1243/1189 1048/1251/1935 1050/1244/1190
f 1049/1241/1187 1050/1244/1190 1046/1245/1192
f 1051/1246/1194 1054/1249/1197 1053/1247/1195
f 1052/1238/1184 1055/1237/1183 1054/1249/1197
f 1054/1250/1197 1050/1244/1199 1048/1251/1198
f 1055/1237/1183 1046/1239/1185 1050/1253/1199
f 1106/664/605 1115/2094/1202 1110/1254/1200
f 1109/1255/1201 1110/1254/1200 1122/1258/1204
f 1110/1254/1200 1111/1257/2068 1112/1260/1206
f 1107/633/580 1113/1263/1209 1116/1261/1207
f 1113/1263/1209 1114/1268/1216 1117/1264/1210
f 1116/1261/1207 1117/1264/1210 1112/1260/1212
f 1118/1265/1213 1121/1267/1215 1120/1266/1214
f 1119/1259/1205 1122/1258/1217 1121/1267/1215
f 1121/1267/1215 1117/1264/1210 1114/1268/1216
f 1122/1258/1217 1112/1260/1212 1117/1264/1210
f 1143/703/642 1146/1271/1220 1149/1269/1218
f 1146/1271/1220 1147/1280/1229 1150/1272/1221
f 1149/1269/1218 1150/1272/1221 1151/1274/1223
f 1152/1275/1224 1155/1279/1228 1154/1276/1225
f 1153/1278/1227 1156/1281/1230 1155/1279/1228
f 1155/1279/1228 1150/1272/1231 1147/1280/1229
f 1156/1281/1230 1151/1274/1236 1150/1272/1231
f 1145/645/589 1148/2088/1234 1158/1282/1232
f 1157/1283/1233 1158/1282/1232 1156/1281/1230
f 1158/1282/1232 1159/1273/2069 1151/1274/1236
f 222/25/26 1160/24/25 1162/1285/1237
f 225/1286/1238 1162/1285/1237 1163/1287/1239
f 224/1288/1241 1163/1287/1246 1164/1289/1242
f 1164/1289/1242 1161/1295/124 221/1291/161
f 1160/24/25 206/15/16 208/1292/1244
f 1162/1285/1237 208/1292/1244 209/1293/1245
f 1163/1287/1246 209/1293/1284 210/1294/1247
f 210/1294/1247 207/1334/35 1161/1295/124
f 1165/1296/59 1167/1299/1249 230/1297/1248
f 1167/1299/1249 1168/1301/1255 229/1300/1250
f 1168/1301/1251 1169/1306/1257 228/1302/1252
f 228/1302/1252 1169/1306/1257 1166/119/107
f 211/1303/170 213/1304/1254 1167/1299/1249
f 213/1304/1254 214/1305/1323 1168/1301/1255
f 214/1305/1256 215/1375/1325 1169/1306/1257
f 1169/1306/1257 215/1375/1325 212/18/19
f 1170/129/116 1172/1308/1259 205/1307/1258
f 1172/1308/1259 1173/1310/1264 204/1309/1260
f 1173/1310/1261 1174/1314/1265 203/1311/1262
f 203/1311/1262 1174/1314/1265 1171/1312/8
f 222/25/26 225/1286/1238 1172/1308/1259
f 225/1286/1238 224/1288/1240 1173/1310/1264
f 224/1288/1241 223/1290/1243 1174/1314/1265
f 1174/1314/1265 223/1290/1243 221/1291/161
f 217/1315/140 1175/1322/27 1177/1316/1266
f 220/1317/1267 1177/1316/1266 1178/1318/1268
f 219/1319/1270 1178/1318/1273 1179/1320/1271
f 1179/1320/1271 1176/23/24 216/10/12
f 1175/1322/27 227/1298/11 230/1297/1248
f 1177/1316/1266 230/1297/1248 229/1300/1250
f 1178/1318/1273 229/1300/1253 228/1302/1252
f 228/1302/1252 226/21/22 1176/23/24
f 232/1323/141 1180/1330/136 1182/1324/1274
f 235/1325/1275 1182/1324/1274 1183/1326/1276
f 234/1327/1278 1183/1326/1281 1184/1328/1279
f 1184/1328/1279 1181/12/14 231/29/29
f 1180/1330/136 217/1315/140 220/1317/1267
f 1182/1324/1274 220/1317/1267 219/1319/1269
f 1183/1326/1281 219/1319/1270 218/1321/1272
f 218/1321/1272 216/10/12 1181/12/14
f 206/15/16 1185/14/15 1187/1331/1282
f 208/1292/1244 1187/1331/1282 1188/1332/1283
f 209/1293/1284 1188/1332/1288 1189/1333/1285
f 1189/1333/1285 1186/1338/33 207/1334/35
f 1185/14/15 236/44/43 238/1335/1286
f 1187/1331/1282 238/1335/1286 239/1336/1287
f 1188/1332/1288 239/1336/1292 240/1337/1289
f 240/1337/1289 237/1342/32 1186/1338/33
f 236/44/43 1190/53/51 1192/1339/1290
f 238/1335/1286 1192/1339/1290 1193/1340/1291
f 239/1336/1292 1193/1340/1296 1194/1341/1293
f 1194/1341/1293 1191/1346/30 237/1342/32
f 1190/53/51 246/52/50 248/1343/1294
f 1192/1339/1290 248/1343/1294 249/1344/1295
f 1193/1340/1296 249/1344/1314 250/1345/1297
f 250/1345/1297 247/1366/42 1191/1346/30
f 242/1347/171 1195/1354/164 1197/1348/1298
f 245/1349/1299 1197/1348/1298 1198/1350/1300
f 244/1351/1302 1198/1350/1305 1199/1352/1303
f 1199/1352/1303 1196/37/37 241/39/39
f 1195/1354/164 232/1323/141 235/1325/1275
f 1197/1348/1298 235/1325/1275 234/1327/1277
f 1198/1350/1305 234/1327/1278 233/1329/1280
f 233/1329/1280 231/29/29 1196/37/37
f 1200/170/151 1202/1356/1307 272/1355/1306
f 1202/1356/1307 1203/1358/1309 271/1357/1308
f 1203/1358/1309 1204/1360/1311 270/1359/1310
f 1204/1360/1311 1201/133/118 268/1361/48
f 252/725/664 261/724/663 1202/1356/1307
f 261/724/663 255/730/667 1203/1358/1309
f 255/730/667 254/719/658 1204/1360/1311
f 254/719/658 251/716/655 1201/133/118
f 246/52/50 1205/152/135 1207/1362/1312
f 248/1343/1294 1207/1362/1316 1208/1363/1313
f 249/1344/1314 1208/1363/1317 1209/1364/1315
f 250/1345/1297 1209/1364/1315 1206/1365/40
f 1205/152/135 269/168/149 272/1355/1306
f 1207/1362/1316 272/1355/1306 271/1357/1308
f 1208/1363/1317 271/1357/1308 270/1359/1310
f 270/1359/1310 268/1361/48 1206/1365/40
f 252/1367/664 1210/1371/150 1212/1368/1318
f 259/728/662 1212/1368/1318 1213/1369/1319
f 260/726/674 1213/1369/1321 1214/1370/1320
f 265/733/670 1214/1370/1320 1211/46/45
f 1210/1371/150 242/1347/171 245/1349/1299
f 1212/1368/1318 245/1349/1299 244/1351/1301
f 1213/1369/1321 244/1351/1302 243/1353/1304
f 1214/1370/1320 243/1353/1304 241/39/39
f 1215/1372/66 1217/1373/1322 213/1304/1254
f 1217/1373/1322 1218/1374/1327 214/1305/1323
f 1218/1374/1324 1219/1379/1329 215/1375/1325
f 215/1375/1325 1219/1379/1329 1216/162/143
f 278/128/115 280/1395/1326 1217/1376/1322
f 280/1377/1326 281/1378/1345 1218/1374/1327
f 281/1378/1328 282/1398/1347 1219/1379/1329
f 1219/1379/1329 282/1398/1347 279/58/56
f 1220/1/6 1222/1381/1331 277/1380/1330
f 1222/1381/1331 1223/1383/1336 276/1382/1332
f 1223/1383/1333 1224/1386/1337 275/1384/1334
f 275/1385/1334 1224/1387/1337 1221/54/52
f 202/3/7 205/1307/1258 1222/1381/1331
f 205/1307/1258 204/1309/1260 1223/1383/1336
f 204/1309/1263 203/1311/1262 1224/1386/1337
f 1224/1387/1337 203/2111/1262 201/16/17
f 290/752/692 1225/1391/127 1227/1388/1338
f 301/750/690 1227/1388/1338 1228/1389/1339
f 302/743/681 1228/1389/1339 1229/1390/1340
f 292/739/677 1229/1390/1340 1226/120/108
f 1225/1391/127 283/2112/129 285/1392/1341
f 1227/1388/1338 285/1392/1341 286/1393/1342
f 1228/1389/1339 286/1393/1342 287/1394/1343
f 1229/1390/1340 287/1394/1343 284/64/62
f 1230/144/128 1232/1401/1344 280/1395/1326
f 1232/1396/1344 1233/1397/1349 281/1378/1345
f 1233/1397/1346 1234/1399/1348 282/1398/1347
f 1234/1399/1348 1231/66/64 279/58/56
f 290/1400/692 303/2113/691 1232/1401/1344
f 303/751/691 297/754/694 1233/1397/1349
f 297/754/1350 296/748/686 1234/1399/1348
f 296/748/686 289/745/683 1231/66/64
f 1235/146/130 1237/1403/1351 285/1402/1341
f 1237/1403/1351 1238/1405/1353 286/1404/1342
f 1238/1405/1352 1239/1407/1354 287/1406/1343
f 287/1394/1343 1239/1408/1354 1236/62/60
f 274/177/158 277/1380/1330 1237/1403/1351
f 277/1380/1330 276/1382/1332 1238/1405/1353
f 276/1382/1335 275/1384/1334 1239/1407/1354
f 275/1385/1334 273/56/54 1236/62/60
f 1240/142/126 1242/1410/1356 330/1409/1355
f 1242/1410/1356 1243/1412/1358 329/1411/1357
f 1243/1412/1358 1244/1414/1360 328/1413/1359
f 1244/1414/1360 1241/189/168 326/190/169
f 311/91/84 313/1415/1361 1242/1410/1356
f 313/1415/1361 314/1416/1362 1243/1412/1358
f 314/1416/1362 315/1417/1363 1244/1414/1360
f 315/1417/1363 312/188/167 1241/189/168
f 332/85/78 1245/84/77 1247/1418/1364
f 335/1419/1365 1247/1418/1364 1248/1420/1366
f 334/1421/1367 1248/1420/1366 1249/1422/1368
f 333/1423/1369 1249/1422/1368 1246/123/111
f 1245/84/77 316/88/81 318/1424/1370
f 1247/1418/1364 318/1424/1370 319/1425/1371
f 1248/1420/1366 319/1425/1371 320/1426/1372
f 1249/1422/1368 320/1426/1372 317/124/112
f 307/81/74 1250/72/68 1252/1427/1373
f 310/1428/1374 1252/1427/1373 1253/1429/1375
f 309/1430/1376 1253/1429/1375 1254/1431/1377
f 308/1432/1378 1254/1431/1377 1251/140/125
f 1250/72/68 327/71/67 330/1409/1355
f 1252/1427/1373 330/1409/1355 329/1411/1357
f 1253/1429/1375 329/1411/1357 328/1413/1359
f 1254/1431/1377 328/1413/1359 326/190/169
f 1255/86/79 1257/1434/1380 325/1433/1379
f 1257/1434/1380 1258/1436/1382 324/1435/1381
f 1258/1436/1382 1259/1438/1384 323/1437/1383
f 1259/1438/1384 1256/161/142 321/181/162
f 332/85/78 335/1419/1365 1257/1434/1380
f 335/1419/1365 334/1421/1367 1258/1436/1382
f 334/1421/1367 333/1423/1369 1259/1438/1384
f 1260/77/71 1262/1440/1386 340/1439/1385
f 1262/1440/1386 1263/1442/1388 339/1441/1387
f 322/125/113 325/1433/1379 1262/1440/1386
f 325/1433/1379 324/1435/1381 1263/1442/1388
f 324/1435/1381 323/1437/1383 1264/1444/1390
f 323/1437/1383 321/181/162 1261/94/87
f 1265/92/85 1267/1445/1391 313/1415/1361
f 1267/1445/1391 1268/1446/1392 314/1416/1362
f 1269/1447/1393 1266/74/69 312/188/167
f 341/97/89 343/1448/1394 1267/1445/1391
f 343/1448/1394 344/1449/1395 1268/1446/1392
f 344/1449/1395 345/1450/1396 1269/1447/1393
f 345/1450/1396 342/138/123 1266/74/69
f 1270/98/90 1272/1451/1397 343/1448/1394
f 1272/1451/1397 1273/1452/1398 344/1449/1395
f 1273/1452/1398 1274/1453/1399 345/1450/1396
f 1274/1453/1399 1271/182/163 342/138/123
f 351/102/93 353/1454/1400 1272/1451/1397
f 353/1454/1400 354/1455/1401 1273/1452/1398
f 354/1455/1401 355/1456/1402 1274/1453/1399
f 1275/93/86 1277/1458/1404 350/1457/1403
f 1277/1458/1404 1278/1460/1406 349/1459/1405
f 1278/1460/1406 1279/1462/1408 348/1461/1407
f 1279/1462/1408 1276/80/73 346/101/92
f 337/155/137 340/1439/1385 1277/1458/1404
f 340/1439/1385 339/1441/1387 1278/1460/1406
f 339/1441/1387 338/1443/1389 1279/1462/1408
f 338/1443/1389 336/78/72 1276/80/73
f 374/187/166 1280/2100/122 1282/1463/1409
f 377/1464/1410 1282/1463/1409 1283/1465/1411
f 376/1466/1412 1283/1465/1411 1284/1467/1413
f 375/1468/1414 1284/1467/1413 1281/172/153
f 1280/137/122 356/136/121 360/756/697
f 1282/1463/1409 360/760/697 369/762/701
f 1283/1465/1411 369/762/701 368/768/710
f 1284/1467/1413 368/768/710 358/173/154
f 1285/104/95 1287/1470/1415 353/1454/1400
f 1287/1470/1415 1288/1471/1416 354/1455/1401
f 1288/1471/1416 1289/1472/1417 355/1456/1402
f 1289/1472/1417 1286/156/138 352/179/160
f 374/187/166 377/1464/1410 1287/1470/1415
f 377/1464/1410 376/1466/1412 1288/1471/1416
f 376/1466/1412 375/1468/1414 1289/1472/1417
f 375/1468/1414 373/174/155 1286/156/138
f 1290/99/91 1292/1473/1418 364/766/705
f 1292/1473/1418 1293/1474/1419 365/771/713
f 1294/1475/1420 1291/171/152 358/173/154
f 347/185/165 350/1457/1403 1292/1473/1418
f 350/1457/1403 349/1459/1405 1293/1474/1419
f 349/1459/1405 348/1461/1407 1294/1475/1420
f 348/1461/1407 346/101/92 1291/171/152
f 316/88/81 1295/109/98 1297/1476/1421
f 318/1424/1370 1297/1476/1421 1298/1477/1422
f 319/1425/1371 1298/1477/1422 1299/1478/1423
f 1295/109/98 383/110/99 385/1479/1424
f 1298/1477/1422 386/1480/1425 387/1481/1426
f 379/111/100 1300/82/75 1302/1482/1427
f 382/1483/1428 1302/1482/1427 1303/1484/1429
f 381/1485/1430 1303/1484/1429 1304/1486/1431
f 380/1487/1432 1304/1486/1431 1301/115/103
f 1300/82/75 307/81/74 310/1428/1374
f 1302/1482/1427 310/1428/1374 309/1430/1376
f 1303/1484/1429 309/1430/1376 308/1432/1378
f 1304/1486/1431 308/1432/1378 306/106/97
f 1305/122/110 1307/1488/1433 396/774/717
f 1307/1488/1433 1308/1489/1434 397/783/727
f 1308/1489/1434 1309/1490/1435 403/779/723
f 1309/1490/1435 1306/150/134 394/780/724
f 388/118/106 390/1491/1436 1307/1488/1433
f 390/1491/1436 391/1492/1437 1308/1489/1434
f 391/1492/1437 392/1493/1438 1309/1490/1435
f 392/1493/1438 389/147/131 1306/150/134
f 383/110/99 1310/116/104 1312/1494/1439
f 385/1479/1424 1312/1494/1439 1313/1495/1440
f 386/1480/1425 1313/1495/1440 1314/1496/1441
f 387/1481/1426 1314/1496/1441 1311/149/133
f 1310/116/104 395/117/105 407/786/731
f 1312/1494/1439 407/786/731 402/781/725
f 1313/1495/1440 402/781/725 401/778/722
f 1314/1496/1441 401/778/722 394/780/724
f 388/118/106 1315/112/101 1317/1497/1442
f 390/1491/1436 1317/1497/1442 1318/1498/1443
f 391/1492/1437 1318/1498/1443 1319/1499/1444
f 392/1493/1438 1319/1499/1444 1316/148/132
f 1315/112/101 379/111/100 382/1483/1428
f 1317/1497/1442 382/1483/1428 381/1485/1430
f 1318/1498/1443 381/1485/1430 380/1487/1432
f 395/117/105 1320/67/65 1322/1500/1445
f 406/773/1446 1322/1504/1449 1321/175/156
f 1320/67/65 289/745/683 298/747/1447
f 1322/1504/1449 291/740/678 288/176/157
f 1323/47/46 1325/1507/1452 264/1505/1450
f 1325/1506/1451 1324/134/119 251/716/655
f 357/105/96 359/765/704 1325/1507/1452
f 359/1508/698 356/136/121 1324/134/119
f 1326/258/236 548/274/252 553/945/883
f 1331/252/230 1333/1512/1456 557/951/889
f 1333/1512/1456 1334/1514/1458 558/953/891
f 558/953/891 1334/1514/1458 1335/1513/1457
f 567/230/209 572/961/899 1333/1512/1456
f 572/961/899 582/964/902 1334/1514/1458
f 1334/1514/1458 582/964/902 581/974/912
f 1335/1513/1457 581/974/912 569/267/245
f 1338/1516/1459 1339/1519/1462 577/1517/1460
f 1336/287/265 531/288/266 541/932/871
f 1339/1518/1461 533/924/863 530/242/220
f 200/297/274 1340/294/271 1342/1521/1464
f 525/919/857 1342/1521/1464 1343/1522/1465
f 1343/1522/1465 1344/1523/1466 517/905/842
f 1340/294/271 549/253/231 559/952/890
f 1342/1521/1464 559/952/890 552/946/884
f 552/946/884 551/944/882 1344/1523/1466
f 551/944/882 548/274/252 1341/273/251
f 1345/248/226 1347/1524/1467 539/933/872
f 1347/1524/1467 1348/1529/1470 540/1525/1468
f 1345/248/226 514/250/228 522/912/849
f 1347/1524/1467 522/912/849 516/917/853
f 1349/249/227 1351/1534/1471 520/1531/850
f 1351/1532/1471 1352/1535/1475 521/922/1472
f 1352/1533/1473 1350/229/208 200/297/1474
f 1349/249/227 568/298/275 578/968/906
f 1351/1532/1471 578/972/906 571/962/910
f 1352/1533/1473 570/960/898 567/230/209
f 436/207/186 1353/163/144 1355/1536/1476
f 439/1537/1477 1355/1536/1476 1356/1538/1478
f 441/1541/1482 1357/1540/1481 1354/245/223
f 410/165/146 415/789/736 1355/1536/1476
f 415/789/736 422/792/739 1356/1538/1478
f 422/792/739 423/801/747 1357/1540/1481
f 1358/257/235 412/243/221 423/802/747
f 1361/1544/1486 419/796/743 418/793/740
f 1363/313/290 1365/1547/1488 441/1546/1482
f 1365/1547/1488 1366/1548/1490 442/824/1489
f 1366/1548/1490 1367/1549/1492 444/819/1491
f 1367/1549/1492 1364/246/224 438/232/211
f 1366/1548/1490 452/835/1493 451/834/774
f 1367/1549/1492 451/834/774 446/831/773
f 465/296/273 1368/217/196 1370/1551/1494
f 468/850/792 1370/1551/1494 1371/1552/1495
f 469/861/794 1371/1552/1495 1372/1553/1496
f 473/860/801 1372/1553/1496 1369/277/255
f 425/219/198 429/804/749 1370/1551/1494
f 429/804/749 433/807/1497 1371/1552/1495
f 433/807/1497 434/1554/1498 1372/1553/1496
f 434/1554/1498 427/275/253 1369/277/255
f 479/270/248 1373/271/249 1375/1555/1499
f 487/867/1500 1375/1555/1499 1376/1556/1501
f 1816/1557/1502 1376/1556/1501 1377/1558/1503
f 485/1559/1504 1377/1558/1503 1374/334/309
f 467/261/239 477/863/804 1375/1555/1499
f 477/863/804 472/857/799 1376/1556/1501
f 472/857/799 473/859/801 1377/1558/1503
f 473/859/801 466/318/295 1374/334/309
f 1378/206/185 1380/1561/1505 485/1560/1504
f 1380/1561/1505 1381/1562/1507 484/875/1506
f 1381/1562/1507 1382/1563/1509 487/873/1508
f 1382/1563/1509 1379/263/241 481/268/246
f 1378/206/185 427/275/253 434/1564/1498
f 1380/1561/1505 434/1564/1498 433/1565/1510
f 1381/1562/1507 433/1565/1510 432/1566/752
f 1382/1563/1509 432/1566/752 426/808/751
f 1383/255/233 1385/1568/1512 462/1567/1511
f 463/2114/789 462/1567/1511 1815/844/1514
f 462/1567/1511 1385/1568/1512 1815/844/1514
f 1387/1570/1515 1384/293/270 455/340/315
f 1383/255/233 489/278/256 496/886/1516
f 1385/1568/1512 496/886/1516 492/887/817
f 1386/1569/1513 492/887/817 491/876/815
f 1387/1570/1515 491/876/815 488/291/269
f 1390/1571/1517 1391/1572/1518 497/891/822
f 1388/324/300 504/325/301 509/1574/1520
f 1393/338/313 1395/1577/1523 509/1576/1520
f 1396/1578/1525 1397/1579/1526 512/899/836
f 1397/1579/1526 1394/284/262 505/290/268
f 1395/1577/1523 462/1580/1511 463/848/1527
f 1396/1578/1525 463/848/1527 460/849/787
f 1397/1579/1526 460/849/787 456/845/786
f 587/992/307 1398/1584/306 1400/1581/1528
f 598/990/934 1400/1581/1528 1401/1582/1529
f 599/984/923 1401/1582/1529 1402/1583/1530
f 589/980/919 1402/1583/1530 1399/281/259
f 1398/1584/306 604/1004/308 613/1003/948
f 1400/1581/1528 613/1003/948 607/997/942
f 1401/1582/1529 607/997/942 606/995/940
f 606/995/940 603/317/294 1399/281/259
f 1403/305/282 1405/1585/1531 624/1014/957
f 1407/1587/1533 1404/1588/199 622/1021/201
f 1408/306/283 1410/1589/1534 593/988/927
f 1410/1589/1534 1411/1590/1535 594/994/937
f 1411/1590/1535 1412/1591/1536 600/991/935
f 1412/1591/1536 1409/1592/200 587/992/307
f 1408/306/283 623/308/285 636/1027/970
f 1410/1589/1534 636/1027/970 631/1022/965
f 1411/1590/1535 631/1022/965 630/1019/963
f 1412/1591/1536 630/1019/963 622/1021/201
f 1413/1593/297 1415/1594/1537 652/1041/986
f 1415/1594/1537 1416/1595/1538 653/1033/978
f 1416/1595/1538 1417/1596/1539 644/1029/974
f 1417/1596/1539 1414/224/203 639/1030/975
f 658/1055/299 668/1054/999 1415/1594/1537
f 668/1054/999 661/1058/1003 1416/1595/1538
f 661/1058/1003 660/1048/991 1417/1596/1539
f 660/1048/991 657/337/312 1414/224/203
f 676/1078/311 1418/1600/310 1420/1597/1540
f 687/1076/1023 1420/1597/1540 1421/1598/1541
f 688/1070/1016 1421/1598/1541 1422/1599/1542
f 678/1066/1012 1422/1599/1542 1419/210/189
f 1418/1600/310 641/1043/296 654/1042/987
f 1420/1597/1540 654/1042/987 648/1038/983
f 1421/1598/1541 648/1038/983 647/1036/981
f 1422/1599/1542 647/1036/981 640/310/287
f 1423/309/286 1425/1601/1543 682/1074/1020
f 1425/1601/1543 1426/1602/1544 683/1080/1026
f 1426/1602/1544 1427/1603/1545 689/1077/1024
f 1427/1603/1545 1424/1604/298 676/1078/311
f 1423/309/286 659/1059/1004 672/1061/1006
f 1425/1601/1543 672/1061/1006 667/1056/1000
f 1426/1602/1544 667/1056/1000 666/1053/998
f 1427/1603/1545 666/1053/998 658/1055/299
f 1428/329/305 1430/1605/1546 695/1083/1029
f 1430/1605/1546 1431/1606/1547 696/1092/1037
f 1431/1606/1547 1432/1607/1548 702/1093/1034
f 1432/1607/1548 1429/1608/182 693/1089/192
f 709/1101/1046 714/1100/1045 1430/1605/1546
f 714/1100/1045 723/1104/1049 1431/1606/1547
f 723/1104/1049 722/1112/1057 1432/1607/1548
f 722/1112/1057 711/1114/180 1429/1608/182
f 717/1107/1052 1435/1609/1549 1436/1610/1550
f 1433/200/179 727/1117/1060 732/1119/1062
f 1436/1610/1550 740/1123/1066 739/1130/1073
f 1437/1611/1551 739/1130/1073 729/1132/303
f 1438/303/280 1440/1613/1552 735/1128/1070
f 1440/1613/1552 1441/1614/1553 736/1134/1077
f 1441/1614/1553 1442/1615/1554 741/1131/1074
f 1442/1615/1554 1439/1616/191 729/1132/303
f 1438/303/280 694/1095/1039 706/1097/1041
f 1440/1613/1552 706/1097/1041 701/1090/1035
f 1441/1614/1553 701/1090/1035 700/1087/1033
f 1442/1615/1554 700/1087/1033 693/1089/192
f 1443/164/145 1445/1617/1555 413/788/735
f 1445/1617/1555 1446/1618/1557 414/790/1556
f 1446/1618/1557 1447/1619/1558 420/794/741
f 1447/1619/1558 1444/236/215 411/795/742
f 603/317/294 608/996/941 1445/1617/1555
f 608/996/941 617/999/944 1446/1618/1557
f 617/999/944 616/1009/952 1447/1619/1558
f 616/1009/952 605/304/281 1444/236/215
f 623/308/285 1448/247/225 1450/1620/1559
f 635/1017/961 1450/1623/1561 1451/1622/1560
f 626/1013/956 1451/1622/1563 1449/314/291
f 1448/247/225 446/831/773 453/833/775
f 1450/1623/1561 453/827/1562 448/825/1562
f 1451/1622/1563 448/825/766 445/315/292
f 1452/218/197 1454/1625/1567 428/803/748
f 431/810/753 1454/1624/1569 1453/264/242
f 1452/218/197 657/337/312 662/1047/990
f 670/1062/1571 659/1059/1004 1453/264/242
f 674/1064/1010 1455/209/188 1457/1627/1572
f 677/1067/1013 1457/1627/1574 1458/1628/1574
f 1458/1630/1576 1456/269/247 675/311/288
f 1455/209/188 479/270/248 482/866/806
f 1457/1627/1574 482/866/1577 486/871/1577
f 486/872/810 481/268/246 1456/269/247
f 490/283/261 1459/282/260 1461/1631/1578
f 1461/1631/1578 1462/1632/1580 500/881/1579
f 1462/1632/1580 1463/1633/1581 493/877/816
f 1463/1633/1581 1460/328/304 488/291/269
f 1459/282/260 710/301/278 719/1108/1053
f 1461/1631/1578 719/1108/1053 713/1102/1047
f 713/1102/1047 712/1099/1044 1463/1633/1581
f 712/1099/1044 709/1101/1046 1460/328/304
f 694/1095/1039 1464/285/263 1466/1634/1582
f 1466/1636/1583 1465/339/314 692/341/316
f 1464/285/263 456/845/786 461/847/788
f 458/839/1585 455/340/315 1465/339/314
f 585/978/917 1467/280/258 1469/1638/1586
f 1470/1641/1588 1468/234/213 586/307/284
f 1467/280/258 436/207/186 443/815/1589
f 443/818/1590 438/232/211 1468/234/213
f 1471/262/240 1473/1642/1591 475/862/803
f 1473/1642/1591 1474/1644/1594 476/855/1592
f 476/855/1592 1474/1644/1594 1475/1643/1593
f 1475/1643/1593 1472/223/202 465/296/273
f 640/310/287 649/1037/982 1473/1642/1591
f 1473/1642/1591 649/1037/982 643/1031/976
f 1474/1644/1594 643/1031/976 642/1028/973
f 642/1028/973 639/1030/975 1472/223/202
f 1476/289/267 1478/1646/1600 511/898/835
f 511/897/1595 1478/1647/1603 1479/1645/1596
f 1479/1645/1598 1477/199/178 503/196/175
f 728/302/279 737/1127/1069 1478/1646/1600
f 731/1121/1602 730/1120/2070 1479/1645/1596
f 1479/1645/1598 730/1120/1063 727/1117/1060
f 764/366/338 1480/365/337 1482/1648/1604
f 767/1650/1605 1482/1656/1604 1483/1651/1606
f 766/1652/1608 1483/1651/1613 1484/1653/1609
f 1484/1653/1609 1481/480/438 763/521/476
f 1480/365/337 748/356/328 750/1655/1611
f 1482/1656/1604 750/1694/1611 751/1657/1612
f 1483/1651/1613 751/1657/1651 752/1658/1614
f 752/1658/1614 749/376/347 1481/480/438
f 1485/402/371 1487/1660/1616 772/1659/1615
f 1487/1660/1616 1488/1662/1622 771/1661/1617
f 1488/1662/1618 1489/1667/1624 770/1663/1619
f 770/1664/1619 1489/1668/1624 1486/460/421
f 753/530/485 755/1665/1621 1487/1660/1616
f 755/1665/1621 756/1666/1690 1488/1662/1622
f 756/1666/1623 757/1738/1692 1489/1667/1624
f 1489/1668/1624 757/1739/1692 754/359/331
f 1490/470/430 1492/1675/1626 747/1669/1625
f 1492/1670/1626 1493/1673/1631 746/1671/1627
f 1493/1673/1628 1494/1676/1632 745/1674/1629
f 745/1674/1629 1494/1676/1632 1491/345/320
f 764/366/338 767/1649/1605 1492/1675/1626
f 767/1650/1605 766/1652/1607 1493/1673/1631
f 766/1652/1608 765/1654/1610 1494/1676/1632
f 1494/1676/1632 765/1654/1610 763/521/476
f 759/499/455 1495/367/339 1497/1677/1633
f 762/1678/1634 1497/1677/1633 1498/1679/1635
f 761/1680/1637 1498/1679/1640 1499/1681/1638
f 1499/1683/1638 1496/364/336 758/351/324
f 1495/367/339 769/349/323 772/1659/1615
f 1497/1677/1633 772/1659/1615 771/1661/1617
f 1498/1679/1640 771/1661/1620 770/1663/1619
f 770/1664/1619 768/362/334 1496/364/336
f 774/500/456 1500/494/451 1502/1685/1641
f 777/1686/1642 1502/1685/1641 1503/1687/1643
f 776/1688/1645 1503/1687/1648 1504/1689/1646
f 1504/1691/1646 1501/353/326 773/370/341
f 1500/494/451 759/499/455 762/1678/1634
f 1502/1685/1641 762/1678/1634 761/1680/1636
f 1503/1687/1648 761/1680/1637 760/1682/1639
f 760/1684/1639 758/351/324 1501/353/326
f 748/356/328 1505/355/327 1507/1693/1649
f 750/1694/1611 1507/1698/1649 1508/1695/1650
f 751/1657/1651 1508/1695/1655 1509/1696/1652
f 1509/1696/1652 1506/374/345 749/376/347
f 1505/355/327 778/385/355 780/1697/1653
f 1507/1698/1649 780/1703/1653 781/1699/1654
f 1508/1695/1655 781/1699/1659 782/1700/1656
f 782/1700/1656 779/373/344 1506/374/345
f 778/1701/355 1510/1706/363 1512/1702/1657
f 780/1703/1653 1512/1702/1657 1513/1704/1658
f 781/1699/1659 1513/1704/1663 1514/1705/1660
f 1514/1705/1660 1511/371/342 779/373/344
f 1510/1706/363 788/1727/362 790/1707/1661
f 1512/1702/1657 790/1707/1661 791/1708/1662
f 1513/1704/1663 791/1708/1681 792/1709/1664
f 792/1709/1664 789/383/354 1511/371/342
f 784/531/486 1515/524/479 1517/1710/1665
f 787/1711/1666 1517/1710/1665 1518/1712/1667
f 786/1713/1669 1518/1712/1672 1519/1714/1670
f 1519/1714/1670 1516/1717/349 783/1716/351
f 1515/524/479 774/500/456 777/1686/1642
f 1517/1710/1665 777/1686/1642 776/1688/1644
f 1518/1712/1672 776/1688/1645 775/1690/1647
f 775/1690/1647 773/2115/341 1516/1717/349
f 1520/1718/466 1522/1721/1674 814/1719/1673
f 1522/1721/1674 1523/1723/1676 813/1722/1675
f 1523/1723/1676 1524/1725/1678 812/1724/1677
f 1524/1725/1678 1521/474/432 810/390/360
f 794/1726/1087 803/1149/1086 1522/1721/1674
f 803/1149/1086 797/1148/1090 1523/1723/1676
f 797/1148/1090 796/1138/1081 1524/1725/1678
f 796/1138/1081 793/1135/1078 1521/474/432
f 788/1727/362 1525/1731/450 1527/1728/1679
f 790/1707/1661 1527/1728/1683 1528/1729/1680
f 791/1708/1681 1528/1729/1684 1529/1730/1682
f 792/1709/1664 1529/1730/1682 1526/381/352
f 1525/1731/450 811/1720/464 814/1719/1673
f 1527/1728/1683 814/1719/1673 813/1722/1675
f 1528/1729/1684 813/1722/1675 812/1724/1677
f 812/1724/1677 810/390/360 1526/381/352
f 794/1144/1087 1530/510/465 1532/1732/1685
f 801/1142/1085 1532/1732/1685 1533/1733/1686
f 802/1145/1097 1533/1733/1688 1534/1734/1687
f 807/1153/1093 1534/1734/1687 1531/1735/357
f 1530/510/465 784/531/486 787/1711/1666
f 1532/1732/1685 787/1711/1666 786/1713/1668
f 1533/1733/1688 786/1713/1669 785/1715/1671
f 1534/1734/1687 785/1715/1671 783/1716/351
f 1535/410/378 1537/1736/1689 755/1665/1621
f 1537/1736/1689 1538/1737/1694 756/1666/1690
f 1538/1737/1691 1539/1742/1696 757/1738/1692
f 757/1739/1692 1539/1743/1696 1536/503/458
f 820/469/429 822/1740/1693 1537/1736/1689
f 822/1740/1693 823/1741/1712 1538/1737/1694
f 823/1741/1695 824/1762/1714 1539/1742/1696
f 1539/1743/1696 824/1764/1714 821/399/368
f 1540/342/317 1542/1750/1698 819/1744/1697
f 1542/1745/1698 1543/1748/1703 818/1746/1699
f 1543/1748/1700 1544/1751/1704 817/1749/1701
f 817/1749/1701 1544/1751/1704 1541/395/364
f 744/344/319 747/1669/1625 1542/1750/1698
f 747/1672/1625 746/1671/1627 1543/1748/1703
f 746/1671/1630 745/1674/1629 1544/1751/1704
f 1544/1751/1704 745/1674/1629 743/357/329
f 832/1174/1115 1545/484/441 1547/1752/1705
f 843/1753/1113 1547/1757/1705 1548/1754/1706
f 844/1164/1104 1548/1754/1706 1549/1755/1707
f 834/1159/1100 1549/1755/1707 1546/461/422
f 1545/484/441 825/486/443 827/1756/1708
f 1547/1757/1705 827/1768/1708 828/1758/1709
f 1548/1754/1706 828/1758/1709 829/1759/1710
f 1549/1755/1707 829/1759/1710 826/405/374
f 1550/485/442 1552/1760/1711 822/1740/1693
f 1552/1760/1711 1553/1761/1716 823/1741/1712
f 1553/1761/1713 1554/1765/1715 824/1762/1714
f 1554/1763/1715 1551/407/376 821/399/368
f 832/1174/1115 845/1173/1114 1552/1760/1711
f 845/1173/1114 839/1177/1117 1553/1761/1716
f 839/1177/1717 838/1170/1109 1554/1765/1715
f 838/1766/1109 831/2101/1106 1551/407/376
f 1555/487/444 1557/1770/1718 827/1756/1708
f 1557/1767/1718 1558/1769/1720 828/1758/1709
f 1558/1769/1719 1559/1771/1721 829/1759/1710
f 829/1759/1710 1559/1771/1721 1556/403/372
f 816/518/473 819/1744/1697 1557/1770/1718
f 819/1747/1697 818/1746/1699 1558/1769/1720
f 818/1746/1702 817/1749/1701 1559/1771/1721
f 817/1749/1701 815/397/366 1556/403/372
f 1560/483/440 1562/1773/1723 872/1772/1722
f 1562/1773/1723 1563/1775/1725 871/1774/1724
f 1563/1775/1725 1564/1777/1727 870/1776/1726
f 1564/1777/1727 1561/528/483 868/529/484
f 853/432/397 855/1778/1728 1562/1773/1723
f 855/1778/1728 856/1779/1729 1563/1775/1725
f 856/1779/1729 857/1780/1730 1564/1777/1727
f 857/1780/1730 854/527/482 1561/528/483
f 874/426/391 1565/425/390 1567/1781/1731
f 877/1782/1732 1567/1781/1731 1568/1783/1733
f 876/1784/1734 1568/1783/1733 1569/1785/1735
f 875/1786/1736 1569/1785/1735 1566/464/425
f 1565/425/390 858/429/394 860/1787/1737
f 1567/1781/1731 860/1787/1737 861/1788/1738
f 1568/1783/1733 861/1788/1738 862/1789/1739
f 1569/1785/1735 862/1789/1739 859/465/426
f 849/422/387 1570/413/380 1572/1790/1740
f 852/1791/1741 1572/1790/1740 1573/1792/1742
f 850/1795/1745 1574/1794/1744 1571/481/439
f 1570/413/380 869/412/379 872/1772/1722
f 1572/1790/1740 872/1772/1722 871/1774/1724
f 1573/1792/1742 871/1774/1724 870/1776/1726
f 1574/1794/1744 870/1776/1726 868/529/484
f 1575/427/392 1577/1797/1747 867/1796/1746
f 1577/1797/1747 1578/1799/1749 866/1798/1748
f 1578/1799/1749 1579/1801/1751 865/1800/1750
f 1579/1801/1751 1576/502/457 863/522/477
f 874/426/391 877/1782/1732 1577/1797/1747
f 877/1782/1732 876/1784/1734 1578/1799/1749
f 876/1784/1734 875/1786/1736 1579/1801/1751
f 1580/418/384 1582/1803/1753 882/1802/1752
f 1582/1803/1753 1583/1805/1755 881/1804/1754
f 1583/1805/1755 1584/1807/1757 880/1806/1756
f 1584/1807/1757 1581/435/400 878/419/385
f 867/1796/1746 866/1798/1748 1583/1805/1755
f 866/1798/1748 865/1800/1750 1584/1807/1757
f 865/1800/1750 863/522/477 1581/435/400
f 1585/433/398 1587/1808/1758 855/1778/1728
f 1587/1808/1758 1588/1809/1759 856/1779/1729
f 1588/1809/1759 1589/1810/1760 857/1780/1730
f 883/438/402 885/1811/1761 1587/1808/1758
f 885/1811/1761 886/1812/1762 1588/1809/1759
f 886/1812/1762 887/1813/1763 1589/1810/1760
f 887/1813/1763 884/479/437 1586/415/382
f 1590/439/403 1592/1814/1764 885/1811/1761
f 1592/1814/1764 1593/1815/1765 886/1812/1762
f 1593/1815/1765 1594/1816/1766 887/1813/1763
f 1594/1816/1766 1591/523/478 884/479/437
f 893/443/407 895/1817/1767 1592/1814/1764
f 895/1817/1767 896/1818/1768 1593/1815/1765
f 896/1818/1768 897/1819/1769 1594/1816/1766
f 897/1819/1769 894/520/475 1591/523/478
f 1595/434/399 1597/1821/1771 892/1820/1770
f 1597/1821/1771 1598/1823/1773 891/1822/1772
f 1598/1823/1773 1599/1825/1775 890/1824/1774
f 1599/1825/1775 1596/421/386 888/442/406
f 879/496/452 882/1802/1752 1597/1821/1771
f 881/1804/1754 880/1806/1756 1599/1825/1775
f 880/1806/1756 878/419/385 1596/421/386
f 916/526/481 1600/478/436 1602/1826/1776
f 919/1827/1777 1602/1826/1776 1603/1828/1778
f 918/1829/1779 1603/1828/1778 1604/1830/1780
f 917/1831/1781 1604/1830/1780 1601/513/468
f 1600/478/436 898/477/435 901/1179/1120
f 1602/1826/1776 901/1179/1120 911/1183/1124
f 1603/1828/1778 911/1183/1124 910/1189/1132
f 1604/1830/1780 910/1189/1132 900/514/469
f 1605/445/409 1607/1832/1782 895/1817/1767
f 1607/1832/1782 1608/1833/1783 896/1818/1768
f 1608/1833/1783 1609/1834/1784 897/1819/1769
f 1609/1834/1784 1606/497/453 894/520/475
f 916/526/481 919/1827/1777 1607/1832/1782
f 919/1827/1777 918/1829/1779 1608/1833/1783
f 918/1829/1779 917/1831/1781 1609/1834/1784
f 917/1831/1781 915/515/470 1606/497/453
f 1612/1835/1785 1613/1836/1786 906/1192/1135
f 1613/1836/1786 1614/1837/1787 912/1190/1133
f 889/525/480 892/1820/1770 1612/1835/1785
f 892/1820/1770 891/1822/1772 1613/1836/1786
f 891/1822/1772 890/1824/1774 1614/1837/1787
f 890/1824/1774 888/442/406 1611/512/467
f 858/429/394 1615/450/412 1617/1838/1788
f 860/1787/1737 1617/1838/1788 1618/1839/1789
f 861/1788/1738 1618/1839/1789 1619/1840/1790
f 862/1789/1739 1619/1840/1790 1616/507/462
f 1615/450/412 925/451/413 927/1841/1791
f 1619/1840/1790 929/1843/1793 926/471/431
f 921/452/414 1620/423/388 1622/1844/1794
f 924/1845/1795 1622/1844/1794 1623/1846/1796
f 923/1847/1797 1623/1846/1796 1624/1848/1798
f 1620/423/388 849/422/387 852/1791/1741
f 1622/1844/1794 852/1791/1741 851/1793/1743
f 1623/1846/1796 851/1793/1743 850/1795/1745
f 1624/1848/1798 850/1795/1745 848/447/411
f 1625/463/424 1627/1850/1800 938/1195/1139
f 1627/1850/1800 1628/1851/1801 939/1204/1149
f 1628/1851/1801 1629/1852/1802 945/1200/1145
f 1629/1852/1802 1626/491/448 936/1201/1146
f 930/459/420 932/1853/1803 1627/1850/1800
f 932/1853/1803 933/1854/1804 1628/1851/1801
f 933/1854/1804 934/1855/1805 1629/1852/1802
f 934/1855/1805 931/488/445 1626/491/448
f 925/451/413 1630/457/418 1632/1856/1806
f 927/1841/1791 1632/1856/1806 1633/1857/1807
f 928/1842/1792 1633/1857/1807 1634/1858/1808
f 929/1843/1793 1634/1858/1808 1631/490/447
f 1630/457/418 937/458/419 949/1207/1153
f 1632/1856/1806 949/1207/1153 944/1202/1147
f 1633/1857/1807 944/1202/1147 943/1199/1144
f 1634/1858/1808 943/1199/1144 936/1201/1146
f 930/459/420 1635/453/415 1637/1859/1809
f 932/1853/1803 1637/1859/1809 1638/1860/1810
f 933/1854/1804 1638/1860/1810 1639/1861/1811
f 934/1855/1805 1639/1861/1811 1636/489/446
f 1635/453/415 921/452/414 924/1845/1795
f 1637/1859/1809 924/1845/1795 923/1847/1797
f 1638/1860/1810 923/1847/1797 922/1849/1799
f 1639/1861/1811 922/1849/1799 920/455/416
f 937/458/419 1640/408/377 1642/1862/1812
f 948/1194/1813 1642/1868/1816 1641/516/471
f 1640/408/377 831/2101/1106 840/1864/1814
f 1642/1868/1816 833/1867/1101 830/517/472
f 1643/388/358 1645/1871/1820 806/1869/1817
f 1645/1870/1818 1644/475/433 793/1135/1078
f 1643/388/358 899/446/410 907/1186/1127
f 907/1872/1821 898/477/2071 1644/475/433
f 973/553/505 1646/552/504 1648/1873/1822
f 976/1874/1823 1648/1873/1822 1649/1875/1824
f 975/1876/1826 1649/1875/1831 1650/1877/1827
f 1650/1877/1827 1647/2116/608 972/1879/644
f 1646/552/504 957/543/495 959/1880/1829
f 1648/1873/1822 959/1880/1829 960/1881/1830
f 1649/1875/1831 960/1881/1869 961/1882/1832
f 961/1883/1832 958/563/514 1647/667/608
f 1651/1885/539 1653/1888/1834 981/1886/1833
f 1653/1888/1834 1654/1890/1840 980/1889/1835
f 1654/1890/1836 1655/1895/1842 979/1891/1837
f 979/1891/1837 1655/1895/1842 1652/647/591
f 962/1892/653 964/1893/1839 1653/1888/1834
f 964/1893/1839 965/1894/1908 1654/1890/1840
f 965/1894/1841 966/1965/1910 1655/1895/1842
f 1655/1895/1842 966/1965/1910 963/546/498
f 1656/657/600 1658/1897/1844 956/1896/1843
f 1658/1897/1844 1659/1899/1849 955/1898/1845
f 1659/1899/1846 1660/1903/1850 954/1900/1847
f 954/1900/1847 1660/1903/1850 1657/1901/487
f 973/553/505 976/1874/1823 1658/1897/1844
f 976/1874/1823 975/1876/1825 1659/1899/1849
f 975/1876/1826 974/1878/1828 1660/1903/1850
f 1660/1903/1850 974/1878/1828 972/1879/644
f 968/1904/626 1661/1911/506 1663/1905/1851
f 971/1906/1852 1663/1905/1851 1664/1907/1853
f 970/1908/1855 1664/1907/1858 1665/1909/1856
f 1665/1909/1856 1662/551/503 967/538/491
f 1661/1911/506 978/1887/490 981/1886/1833
f 1663/1905/1851 981/1886/1833 980/1889/1835
f 1664/1907/1858 980/1889/1838 979/1891/1837
f 979/1891/1837 977/549/501 1662/551/503
f 983/1912/627 1666/1919/621 1668/1913/1859
f 986/1914/1860 1668/1913/1859 1669/1915/1861
f 985/1916/1863 1669/1915/1866 1670/1917/1864
f 1670/1917/1864 1667/540/493 982/557/508
f 1666/1919/621 968/1904/626 971/1906/1852
f 1668/1913/1859 971/1906/1852 970/1908/1854
f 1669/1915/1866 970/1908/1855 969/1910/1857
f 969/1910/1857 967/538/491 1667/540/493
f 957/543/495 1671/542/494 1673/1920/1867
f 959/1880/1829 1673/1920/1867 1674/1921/1868
f 960/1881/1869 1674/1921/1873 1675/1922/1870
f 1675/1923/1870 1672/561/512 958/563/514
f 1671/542/494 987/572/522 989/1924/1871
f 1673/1920/1867 989/1924/1871 990/1925/1872
f 1674/1921/1873 990/1925/1877 991/1926/1874
f 991/1927/1874 988/560/511 1672/561/512
f 987/572/522 1676/581/531 1678/1928/1875
f 989/1924/1871 1678/1928/1875 1679/1929/1876
f 990/1925/1877 1679/1929/1881 1680/1930/1878
f 1680/1931/1878 1677/558/509 988/560/511
f 1676/581/531 997/580/530 999/1932/1879
f 1678/1928/1875 999/1932/1879 1000/1933/1880
f 1679/1929/1881 1000/1933/1899 1001/1934/1882
f 1001/1935/1882 998/570/521 1677/558/509
f 993/1936/654 1681/1943/647 1683/1937/1883
f 996/1938/1884 1683/1937/1883 1684/1939/1885
f 995/1940/1887 1684/1939/1890 1685/1941/1888
f 1685/1941/1888 1682/565/516 992/567/518
f 1681/1943/647 983/1912/627 986/1914/1860
f 1683/1937/1883 986/1914/1860 985/1916/1862
f 1684/1939/1890 985/1916/1863 984/1918/1865
f 984/1918/1865 982/557/508 1682/565/516
f 1686/695/634 1688/1945/1892 1023/1944/1891
f 1688/1945/1892 1689/1947/1894 1022/1946/1893
f 1689/1947/1894 1690/1952/1896 1021/1948/1895
f 1690/1949/1896 1687/661/602 1019/577/527
f 1003/1951/1167 1012/1225/1166 1688/1945/1892
f 1012/1225/1166 1006/1224/1170 1689/1947/1894
f 1006/1224/1170 1005/1212/1160 1690/1952/1896
f 1005/1953/1160 1002/2093/2048 1687/661/602
f 997/580/530 1691/680/620 1693/1954/1897
f 999/1932/1879 1693/1954/1901 1694/1955/1898
f 1000/1933/1899 1694/1955/1902 1695/1956/1900
f 1001/1935/1882 1695/1957/1900 1692/568/519
f 1691/680/620 1020/693/632 1023/1944/1891
f 1693/1954/1901 1023/1944/1891 1022/1946/1893
f 1694/1955/1902 1022/1946/1893 1021/1948/1895
f 1021/1950/1895 1019/577/527 1692/568/519
f 1003/1220/1167 1696/1961/633 1698/1958/1903
f 1010/1218/1165 1698/1958/1903 1699/1959/1904
f 1011/1221/1177 1699/1959/1906 1700/1960/1905
f 1016/1229/1173 1700/1960/1905 1697/574/524
f 1696/1961/633 993/1936/654 996/1938/1884
f 1698/1958/1903 996/1938/1884 995/1940/1886
f 1699/1959/1906 995/1940/1887 994/1942/1889
f 1700/1960/1905 994/1942/1889 992/567/518
f 1701/1962/546 1703/1963/1907 964/1893/1839
f 1703/1963/1907 1704/1964/1912 965/1894/1908
f 1704/1964/1909 1705/1969/1914 966/1965/1910
f 966/1965/1910 1705/1969/1914 1702/690/629
f 1029/1966/599 1031/1967/1911 1703/1963/1907
f 1031/1967/1911 1032/1968/1930 1704/1964/1912
f 1032/1968/1913 1033/1989/1932 1705/1969/1914
f 1705/1969/1914 1033/1989/1932 1030/586/536
f 1706/504/459 1708/1971/1916 1028/1970/1915
f 1708/1971/1916 1709/1973/1921 1027/1972/1917
f 1709/1973/1918 1710/1977/1922 1026/1974/1919
f 1026/1974/1919 1710/1977/1922 1707/1975/532
f 953/506/461 956/1896/1843 1708/1971/1916
f 956/1896/1843 955/1898/1845 1709/1973/1921
f 955/1898/1848 954/1900/1847 1710/1977/1922
f 1710/1977/1922 954/1900/1847 952/1902/496
f 1041/1248/1196 1711/671/611 1713/1978/1923
f 1051/1246/1194 1713/1978/1923 1714/1979/1924
f 1052/1238/1184 1714/1979/1924 1715/1980/1925
f 1043/1981/1180 1715/1985/1925 1712/648/592
f 1711/671/611 1034/673/613 1036/1982/1926
f 1713/1978/1923 1036/1982/1926 1037/1983/1927
f 1714/1979/1924 1037/1983/1927 1038/1984/1928
f 1715/1985/1925 1038/2117/1928 1035/592/542
f 1716/1986/612 1718/1987/1929 1031/1967/1911
f 1718/1987/1929 1719/1988/1934 1032/1968/1930
f 1719/1988/1931 1720/1990/1933 1033/1989/1932
f 1720/1990/1933 1717/594/544 1030/586/536
f 1041/1991/1196 1053/1252/1195 1718/1987/1929
f 1053/1252/1195 1048/1251/1198 1719/1988/1934
f 1048/1251/1935 1047/1243/1189 1720/1990/1933
f 1047/1243/1189 1040/1240/1186 1717/594/544
f 1721/674/614 1723/1992/1936 1036/1982/1926
f 1723/1992/1936 1724/1993/1938 1037/1983/1927
f 1724/1993/1937 1725/1996/1939 1038/1984/1928
f 1038/1984/1928 1725/1996/1939 1722/1994/540
f 1025/702/641 1028/1970/1915 1723/1992/1936
f 1028/1970/1915 1027/1972/1917 1724/1993/1938
f 1027/1972/1920 1026/1974/1919 1725/1996/1939
f 1026/1974/1919 1024/1976/534 1722/1994/540
f 1726/670/610 1728/1998/1941 1080/1997/1940
f 1728/1998/1941 1729/2000/1943 1079/1999/1942
f 1729/2000/1943 1730/2002/1945 1078/2001/1944
f 1730/2002/1945 1727/712/651 1076/713/652
f 1061/619/566 1063/2003/1946 1728/1998/1941
f 1063/2003/1946 1064/2004/1947 1729/2000/1943
f 1064/2004/1947 1065/2005/1948 1730/2002/1945
f 1065/2005/1948 1062/711/650 1727/712/651
f 1082/613/560 1731/612/559 1733/2006/1949
f 1085/2007/1950 1733/2006/1949 1734/2008/1951
f 1084/2009/1952 1734/2008/1951 1735/2010/1953
f 1083/2011/1954 1735/2010/1953 1732/651/595
f 1731/612/559 1066/616/563 1068/2012/1955
f 1733/2006/1949 1068/2012/1955 1069/2013/1956
f 1734/2008/1951 1069/2013/1956 1070/2014/1957
f 1735/2010/1953 1070/2014/1957 1067/652/596
f 1057/609/556 1736/600/548 1738/2015/1958
f 1060/2016/1959 1738/2015/1958 1739/2017/1960
f 1059/2018/1961 1739/2017/1960 1740/2019/1962
f 1058/2020/1963 1740/2019/1962 1737/668/609
f 1736/600/548 1077/599/547 1080/1997/1940
f 1738/2015/1958 1080/1997/1940 1079/1999/1942
f 1739/2017/1960 1079/1999/1942 1078/2001/1944
f 1740/2019/1962 1078/2001/1944 1076/713/652
f 1741/614/561 1743/2022/1965 1075/2021/1964
f 1743/2022/1965 1744/2024/1967 1074/2023/1966
f 1744/2024/1967 1745/2026/1969 1073/2025/1968
f 1745/2026/1969 1742/689/628 1071/706/645
f 1082/613/560 1085/2007/1950 1743/2022/1965
f 1085/2007/1950 1084/2009/1952 1744/2024/1967
f 1084/2009/1952 1083/2011/1954 1745/2026/1969
f 1083/2011/1954 1081/654/598 1742/689/628
f 1746/605/552 1748/2028/1971 1090/2027/1970
f 1748/2028/1971 1749/2030/1973 1089/2029/1972
f 1749/2030/1973 1750/2032/1975 1088/2031/1974
f 1750/2032/1975 1747/622/569 1086/606/553
f 1072/653/597 1075/2021/1964 1748/2028/1971
f 1075/2021/1964 1074/2023/1966 1749/2030/1973
f 1074/2023/1966 1073/2025/1968 1750/2032/1975
f 1073/2025/1968 1071/706/645 1747/622/569
f 1751/620/567 1753/2033/1976 1063/2003/1946
f 1753/2033/1976 1754/2034/1977 1064/2004/1947
f 1754/2034/1977 1755/2035/1978 1065/2005/1948
f 1755/2035/1978 1752/602/550 1062/711/650
f 1091/625/572 1093/2036/1979 1753/2033/1976
f 1093/2036/1979 1094/2037/1980 1754/2034/1977
f 1094/2037/1980 1095/2038/1981 1755/2035/1978
f 1095/2038/1981 1092/666/607 1752/602/550
f 1756/626/573 1758/2039/1982 1093/2036/1979
f 1758/2039/1982 1759/2040/1983 1094/2037/1980
f 1759/2040/1983 1760/2041/1984 1095/2038/1981
f 1760/2041/1984 1757/707/646 1092/666/607
f 1101/630/577 1103/2042/1985 1758/2039/1982
f 1103/2042/1985 1104/2043/1986 1759/2040/1983
f 1104/2043/1986 1105/2044/1987 1760/2041/1984
f 1105/2044/1987 1102/704/643 1757/707/646
f 1761/621/568 1763/2046/1989 1100/2045/1988
f 1763/2046/1989 1764/2048/1991 1099/2047/1990
f 1764/2048/1991 1765/2050/1993 1098/2049/1992
f 1765/2050/1993 1762/608/555 1096/629/576
f 1087/683/623 1090/2027/1970 1763/2046/1989
f 1090/2027/1970 1089/2029/1972 1764/2048/1991
f 1089/2029/1972 1088/2031/1974 1765/2050/1993
f 1088/2031/1974 1086/606/553 1762/608/555
f 1124/710/649 1766/665/606 1768/2051/1994
f 1127/2052/1995 1768/2051/1994 1769/2053/1996
f 1126/2054/1997 1769/2053/1996 1770/2055/1998
f 1125/2056/1999 1770/2055/1998 1767/697/636
f 1766/665/606 1106/664/605 1109/1255/1201
f 1768/2051/1994 1109/1255/1201 1119/1259/1205
f 1769/2053/1996 1119/1259/1205 1118/1265/1213
f 1770/2055/1998 1118/1265/1213 1108/698/637
f 1771/632/579 1773/2057/2000 1103/2042/1985
f 1773/2057/2000 1774/2058/2001 1104/2043/1986
f 1774/2058/2001 1775/2059/2002 1105/2044/1987
f 1775/2059/2002 1772/684/624 1102/704/643
f 1124/710/649 1127/2052/1995 1773/2057/2000
f 1127/2052/1995 1126/2054/1997 1774/2058/2001
f 1126/2054/1997 1125/2056/1999 1775/2059/2002
f 1125/2056/1999 1123/699/638 1772/684/624
f 1776/627/574 1778/2060/2003 1113/1263/1209
f 1778/2060/2003 1779/2061/2004 1114/1268/1216
f 1779/2061/2004 1780/2062/2005 1120/1266/1214
f 1780/2062/2005 1777/696/635 1108/698/637
f 1097/709/648 1100/2045/1988 1778/2060/2003
f 1100/2045/1988 1099/2047/1990 1779/2061/2004
f 1099/2047/1990 1098/2049/1992 1780/2062/2005
f 1098/2049/1992 1096/629/576 1777/696/635
f 1066/616/563 1781/637/582 1783/2063/2006
f 1068/2012/1955 1783/2063/2006 1784/2064/2007
f 1069/2013/1956 1784/2064/2007 1785/2065/2008
f 1070/2014/1957 1785/2065/2008 1782/691/630
f 1781/637/582 1133/638/583 1135/2066/2009
f 1783/2063/2006 1135/2066/2009 1136/2067/2010
f 1784/2064/2007 1136/2067/2010 1137/2068/2011
f 1785/2065/2008 1137/2068/2011 1134/658/601
f 1129/639/584 1786/610/557 1788/2069/2012
f 1132/2070/2013 1788/2069/2012 1789/2071/2014
f 1131/2072/2015 1789/2071/2014 1790/2073/2016
f 1130/2074/2017 1790/2073/2016 1787/643/587
f 1786/610/557 1057/609/556 1060/2016/1959
f 1788/2069/2012 1060/2016/1959 1059/2018/1961
f 1789/2071/2014 1059/2018/1961 1058/2020/1963
f 1790/2073/2016 1058/2020/1963 1056/634/581
f 1791/650/594 1793/2075/2018 1146/1271/1220
f 1793/2075/2018 1794/2076/2019 1147/1280/1229
f 1794/2076/2019 1795/2077/2020 1154/1276/1225
f 1795/2077/2020 1792/678/618 1144/1277/1226
f 1138/646/590 1140/2078/2021 1793/2075/2018
f 1140/2078/2021 1141/2079/2022 1794/2076/2019
f 1141/2079/2022 1142/2080/2023 1795/2077/2020
f 1142/2080/2023 1139/675/615 1792/678/618
f 1133/638/583 1796/644/588 1798/2081/2024
f 1135/2066/2009 1798/2081/2024 1799/2082/2025
f 1136/2067/2010 1799/2082/2025 1800/2083/2026
f 1137/2068/2011 1800/2083/2026 1797/677/617
f 1796/644/588 1145/645/589 1157/1283/1233
f 1798/2081/2024 1157/1283/1233 1153/1278/1227
f 1799/2082/2025 1153/1278/1227 1152/1275/1224
f 1800/2083/2026 1152/1275/1224 1144/1277/1226
f 1138/646/590 1801/640/585 1803/2084/2027
f 1140/2078/2021 1803/2084/2027 1804/2085/2028
f 1141/2079/2022 1804/2085/2028 1805/2086/2029
f 1142/2080/2023 1805/2086/2029 1802/676/616
f 1801/640/585 1129/639/584 1132/2070/2013
f 1803/2084/2027 1132/2070/2013 1131/2072/2015
f 1804/2085/2028 1131/2072/2015 1130/2074/2017
f 1805/2086/2029 1130/2074/2017 1128/642/586
f 1145/645/589 1806/595/545 1808/2087/2030
f 1148/1270/1219 1808/2089/2032 1807/700/639
f 1806/595/545 1040/1240/1186 1042/1242/2031
f 1808/2089/2032 1042/2118/1181 1039/701/640
f 1004/576/526 1809/575/525 1811/2090/2033
f 1811/2092/2034 1810/662/2038 1002/2093/2035
f 1809/575/525 1107/633/580 1115/1262/1208
f 1115/2094/2037 1106/664/2072 1810/662/2038
f 444/822/764 439/821/760 440/817/2041
