mtllib Holocron.mtl
o HolocronEsquina7
usemtl Holocron_Main.001
v 3.896696 5.095828 -2.831734
v 2.668562 5.112946 -3.983687
v 3.521067 5.102435 -3.274347
v 3.099920 5.108231 -3.664722
v 2.159548 5.117105 -4.268167
v 4.251101 5.087464 -2.273668
v 3.892641 5.207450 -2.826349
v 2.664507 5.224572 -3.978302
v 3.517012 5.214055 -3.268961
v 3.095865 5.219855 -3.659337
v 2.155497 5.228728 -4.262782
v 4.247045 5.199086 -2.268283
v 4.122499 5.140029 -2.059312
v 3.739244 5.149429 -2.686395
v 3.363863 5.156039 -3.129237
v 4.050093 5.153845 -2.971688
v 4.375647 5.146520 -2.482639
v 2.365244 5.174779 -4.383423
v 2.822031 5.170968 -4.123707
v 3.674211 5.160447 -3.414071
v 4.680540 5.138085 -1.920739
v 2.511038 5.166552 -3.838282
v 1.949800 5.171056 -4.147527
v 2.942476 5.161836 -3.519390
v 1.863729 5.178058 -4.609157
v 3.253305 5.166251 -3.804668
v 0.517240 5.258715 -4.818145
v 4.925978 5.269130 -4.816397
v 4.921919 5.190202 -0.413653
v 5.168138 5.028858 -4.821065
v 5.171625 0.624572 -4.883909
v 5.164072 4.957899 -0.409509
v 4.928938 5.032962 -5.059520
v 0.510515 5.027972 -5.063538
v 4.932428 0.629008 -5.124512
v 2.862867 4.033929 -4.933199
v 4.040850 2.831015 -4.964082
v 3.313425 3.667954 -4.943562
v 3.712728 3.255356 -4.954106
v 4.336149 2.328300 -4.974910
v 2.297327 4.376200 -4.921994
v 2.858091 4.031546 -5.044896
v 4.036074 2.828633 -5.075781
v 3.308649 3.665574 -5.055260
v 3.707949 3.252975 -5.065803
v 4.331373 2.325919 -5.086608
v 2.292551 4.373818 -5.033691
v 2.086012 4.243924 -4.977669
v 2.721174 3.874298 -4.990025
v 3.171957 3.508579 -5.000386
v 2.999781 4.191178 -4.988070
v 2.503862 4.506092 -4.978016
v 4.447256 2.537297 -5.028725
v 4.177832 2.988338 -5.018954
v 3.450117 3.824949 -4.998434
v 1.935549 4.798787 -4.967546
v 3.899092 2.671309 -5.020910
v 4.220270 2.116922 -5.032791
v 3.571043 3.095733 -5.010933
v 4.683660 2.040818 -5.038851
v 3.849634 3.412595 -5.008977
v 5.069254 2.925519 -3.868323
v 5.049627 4.096480 -2.658336
v 5.071177 3.373602 -3.499182
v 5.064035 3.770512 -3.084209
v 5.024546 4.389571 -2.154839
v 5.055117 2.362824 -4.215143
v 5.179255 2.912281 -3.853160
v 5.159628 4.083241 -2.643173
v 5.181173 3.360363 -3.484019
v 5.174036 3.757274 -3.069046
v 5.134542 4.376332 -2.139675
v 5.165117 2.349586 -4.199980
v 5.079100 2.147755 -4.079423
v 5.096460 2.779754 -3.704615
v 5.098425 3.228061 -3.335725
v 5.152052 3.058045 -4.016868
v 5.141134 2.564656 -4.335700
v 5.110327 4.496495 -2.355160
v 5.132437 4.229071 -2.806954
v 5.153925 3.505906 -3.647476
v 5.121794 1.999084 -4.633219
v 5.076818 3.950650 -2.494555
v 5.048765 4.269405 -1.939354
v 5.091242 3.624756 -2.920509
v 5.080839 4.730922 -1.858514
v 5.146830 3.903030 -3.232745
v 3.313654 5.105456 -3.477659
v 3.715906 5.099210 -3.058188
v 2.885462 5.110722 -3.832923
v 2.438955 5.114986 -4.122639
v 1.801634 5.119520 -4.435907
v 4.067663 5.092160 -2.586869
v 4.466063 5.081137 -1.852544
v 3.309603 5.217078 -3.472274
v 3.711851 5.210830 -3.052803
v 2.881407 5.222344 -3.827537
v 2.434904 5.226609 -4.117254
v 1.797579 5.231143 -4.430522
v 4.063612 5.203782 -2.581484
v 4.462007 5.192759 -1.847158
v 3.913755 5.145635 -2.432846
v 3.558607 5.152814 -2.912992
v 4.217516 5.150311 -2.735507
v 2.598955 5.172963 -4.259564
v 3.869146 5.157225 -3.198000
v 4.698637 5.129651 -1.364371
v 2.274904 5.168633 -3.980330
v 3.156363 5.159062 -3.332468
v 4.398947 5.131498 -1.491688
v 1.394888 5.177939 -4.615032
v 4.529127 5.142400 -2.208014
v 2.118303 5.176452 -4.498538
v 2.727949 5.164325 -3.687526
v 1.480909 5.174211 -4.367892
v 3.466890 5.163472 -3.617466
v 3.038919 5.168742 -3.972933
v 2.845674 4.792252 -5.016143
v 5.119078 2.922924 -2.768843
v 4.682013 5.189159 -2.742880
v 3.452318 3.527512 -3.370598
v 2.721609 5.263923 -4.817271
v 4.923948 5.229667 -2.615026
v 2.719580 5.224459 -2.615898
v 5.169882 2.826713 -4.852488
v 5.166101 4.993378 -2.615286
v 5.167849 2.791235 -2.646710
v 2.719725 5.030467 -5.061528
v 4.930681 2.830984 -5.092016
v 2.721472 2.828489 -5.094025
v 3.460638 3.567017 -4.986929
v 3.459780 5.153382 -3.353918
v 5.071703 3.543696 -3.374739
v 2.847811 5.185916 -2.741188
v 5.120745 2.947928 -4.612375
v 4.690088 2.955750 -5.043635
v 2.849470 5.214843 -4.575978
v 5.118559 4.760276 -2.742870
v 2.846197 2.955236 -5.044264
v 3.521131 3.464992 -4.948867
v 3.093142 3.858075 -4.938322
v 3.885481 3.044593 -4.959163
v 4.184679 2.604479 -4.969077
v 4.511503 1.974120 -4.982177
v 2.614393 4.199569 -4.928041
v 1.871683 4.582026 -4.914358
v 3.516355 3.462611 -5.060566
v 3.088366 3.855695 -5.050020
v 3.880701 3.042212 -5.070863
v 4.179903 2.602097 -5.080775
v 4.506727 1.971736 -5.093876
v 2.609613 4.197188 -5.039739
v 1.866907 4.579646 -5.026055
v 2.463942 4.043293 -4.984722
v 2.951590 3.698603 -4.995148
v 2.760065 4.353461 -4.983054
v 4.318426 2.768261 -5.023817
v 3.229918 4.015166 -4.993194
v 1.378889 4.804907 -4.961611
v 4.046156 2.438316 -5.026038
v 3.379583 3.305523 -5.005694
v 1.512583 4.508063 -4.967583
v 4.699545 1.572263 -5.046159
v 2.226007 4.653609 -4.972829
v 4.567625 2.292922 -5.033753
v 3.743731 2.884898 -5.015990
v 4.450609 1.652934 -5.042300
v 3.657904 3.622077 -5.003740
v 4.022451 3.201907 -5.014034
v 5.068628 3.580092 -3.294927
v 5.071360 3.154555 -3.690796
v 5.057718 3.942157 -2.872579
v 5.039251 4.239276 -2.431330
v 5.004057 4.563490 -1.800469
v 5.064573 2.678329 -4.035887
v 5.039289 1.939206 -4.424649
v 5.178629 3.566851 -3.279763
v 5.181356 3.141316 -3.675632
v 5.167715 3.928918 -2.857415
v 5.149248 4.226035 -2.416165
v 5.114058 4.550251 -1.785305
v 5.174574 2.665091 -4.020723
v 5.149290 1.925969 -4.409487
v 5.091360 2.523844 -3.875615
v 5.098589 3.008929 -3.527244
v 5.147783 2.819575 -4.180996
v 5.122431 4.368659 -2.586410
v 5.154127 3.286941 -3.839185
v 5.074747 1.444485 -4.645442
v 5.066069 4.096653 -2.261085
v 5.095861 3.434470 -3.131380
v 5.056459 1.577022 -4.348583
v 5.035196 4.745704 -1.392094
v 5.132120 2.288152 -4.485553
v 5.096155 4.615876 -2.110659
v 5.084909 3.796336 -2.708807
v 5.021959 4.497865 -1.475114
v 5.151396 3.712474 -3.443311
v 5.140524 4.074740 -3.021186
v 0.028376 5.258902 -5.062899
v 4.069097 5.102126 -2.989905
v 4.067293 5.098250 -2.988307
v 4.069395 5.100656 -2.990197
v 4.069151 5.099405 -2.989996
v 4.068415 5.098559 -2.989332
v 3.270491 5.110656 -3.821269
v 3.272310 5.114533 -3.822883
v 3.271620 5.110965 -3.822300
v 3.272360 5.111811 -3.822970
v 3.272604 5.113063 -3.823174
v 3.726110 5.093403 -2.675175
v 3.724050 5.097342 -2.673223
v 3.724966 5.093690 -2.674120
v 3.724173 5.094539 -2.673377
v 3.723848 5.095820 -2.673063
v 2.927282 5.109753 -3.506220
v 2.929350 5.105812 -3.508177
v 2.927084 5.108231 -3.506059
v 2.927404 5.106948 -3.506375
v 2.928202 5.106097 -3.507119
v 3.693220 5.108724 -3.432288
v 3.691416 5.104853 -3.430690
v 3.693514 5.107257 -3.432580
v 3.693274 5.106006 -3.432379
v 3.692537 5.105161 -3.431715
v 3.348669 5.103954 -3.116065
v 3.350721 5.100015 -3.118009
v 3.348471 5.102433 -3.115904
v 3.348791 5.101148 -3.116217
v 3.349581 5.100300 -3.116957
v 2.495848 5.114472 -3.825112
v 2.497950 5.110526 -3.827100
v 2.495649 5.112947 -3.824954
v 2.495977 5.111662 -3.825276
v 2.496786 5.110812 -3.826029
v 2.839174 5.115371 -4.140273
v 2.841032 5.119262 -4.141918
v 2.840319 5.115681 -4.141318
v 2.841074 5.116530 -4.141998
v 2.841322 5.117787 -4.142208
v 1.934610 5.118983 -4.134358
v 1.937704 5.115025 -4.135886
v 1.934488 5.117455 -4.134164
v 1.935034 5.116168 -4.134387
v 1.936163 5.115312 -4.134991
v 2.381395 5.119187 -4.400450
v 2.384233 5.123095 -4.401627
v 2.382917 5.119498 -4.401317
v 2.383993 5.120349 -4.401846
v 2.384455 5.121611 -4.401954
v 0.915293 5.125775 -4.607844
v 0.927954 5.121699 -4.602878
v 0.914770 5.125726 -4.605952
v 0.918146 5.124234 -4.607204
v 0.921553 5.122919 -4.606036
v 0.913973 5.126033 -4.607735
v 0.915926 5.124400 -4.606948
v 0.918146 5.123113 -4.605995
v 0.916666 5.123510 -4.605834
v 0.924692 5.122000 -4.602768
v 0.921041 5.122869 -4.603315
v 0.924997 5.122028 -4.604517
v 0.921110 5.122468 -4.604572
v 0.917929 5.123093 -4.604842
v 0.913687 5.126006 -4.606711
v 0.917559 5.124179 -4.604433
v 0.915647 5.124373 -4.605646
v 0.914614 5.124486 -4.606570
v 1.882711 5.126407 -4.627350
v 1.883924 5.122441 -4.624457
v 1.883242 5.124907 -4.627550
v 1.883661 5.123629 -4.627071
v 1.883898 5.122763 -4.625984
v 4.394644 5.094814 -2.500850
v 4.393503 5.090909 -2.498176
v 4.394991 5.093339 -2.501061
v 4.394896 5.092078 -2.500628
v 4.394373 5.091225 -2.499614
v 4.108747 5.084019 -2.049243
v 4.107306 5.087944 -2.046140
v 4.107840 5.084300 -2.047747
v 4.107244 5.085142 -2.046632
v 4.107058 5.086424 -2.046067
v 4.696688 5.082524 -1.939597
v 4.699530 5.086402 -1.938943
v 4.698210 5.082824 -1.939764
v 4.699285 5.083665 -1.939698
v 4.699747 5.084923 -1.939410
v 4.701548 5.069220 -0.799235
v 4.699736 5.069196 -0.798719
v 4.696127 5.065432 -0.812638
v 4.701475 5.069419 -0.797904
v 4.700777 5.067738 -0.802280
v 4.700579 5.067856 -0.800023
v 4.700239 5.067922 -0.798685
v 4.699419 5.067008 -0.800851
v 4.698072 5.067719 -0.801688
v 4.696802 5.066486 -0.805376
v 4.700491 5.069407 -0.797625
v 4.699308 5.067847 -0.799742
v 4.698393 5.066632 -0.802174
v 4.697844 5.065689 -0.809533
v 4.699476 5.066499 -0.805896
v 4.696119 5.065682 -0.809221
v 4.698015 5.066068 -0.805494
v 4.699526 5.066638 -0.802395
v 4.026464 5.209349 -2.949171
v 4.031088 5.205567 -2.953471
v 4.027803 5.209075 -2.950403
v 4.029150 5.208261 -2.951653
v 4.030306 5.207028 -2.952730
v 3.234304 5.217973 -3.786451
v 3.229666 5.221756 -3.782135
v 3.233519 5.219434 -3.785709
v 3.232363 5.220666 -3.784628
v 3.231009 5.221482 -3.783373
v 3.754438 5.201516 -2.699568
v 3.758833 5.205548 -2.703540
v 3.755129 5.203046 -2.700179
v 3.756205 5.204348 -2.701149
v 3.757505 5.205228 -2.702329
v 2.962069 5.217955 -3.536539
v 2.957670 5.213921 -3.532563
v 2.960741 5.217635 -3.535327
v 2.959440 5.216754 -3.534145
v 2.958361 5.215451 -3.533175
v 3.650587 5.215951 -3.391556
v 3.655207 5.212174 -3.395852
v 3.651926 5.215679 -3.392787
v 3.653273 5.214866 -3.394036
v 3.654425 5.213634 -3.395112
v 3.383440 5.212158 -3.146372
v 3.379061 5.208127 -3.142410
v 3.382120 5.211837 -3.145165
v 3.380823 5.210958 -3.143988
v 3.379747 5.209657 -3.143020
v 2.530664 5.222670 -3.855463
v 2.526232 5.218630 -3.851453
v 2.529325 5.222346 -3.854238
v 2.528013 5.221467 -3.853045
v 2.526926 5.220160 -3.852067
v 2.803034 5.222676 -4.105495
v 2.798349 5.226474 -4.101138
v 2.802244 5.224144 -4.104749
v 2.801077 5.225381 -4.103658
v 2.799707 5.226197 -4.102391
v 1.970674 5.227166 -4.164120
v 1.964991 5.223129 -4.160696
v 1.968859 5.226848 -4.163119
v 1.967138 5.225968 -4.162118
v 1.965780 5.224662 -4.161266
v 2.346251 5.226464 -4.365219
v 2.340315 5.230288 -4.361447
v 2.345365 5.227940 -4.364515
v 2.343924 5.229184 -4.363550
v 2.342154 5.230010 -4.362474
v 0.945635 5.229872 -4.633848
v 0.945150 5.229867 -4.632289
v 0.963934 5.233821 -4.629734
v 0.949781 5.231404 -4.633725
v 0.947519 5.231464 -4.633634
v 0.946146 5.231480 -4.633387
v 0.949057 5.232236 -4.632908
v 0.949377 5.231377 -4.631294
v 0.954428 5.232661 -4.630458
v 0.944059 5.230124 -4.633018
v 0.947321 5.231452 -4.632495
v 0.950781 5.232541 -4.632047
v 0.959688 5.233540 -4.631499
v 0.954718 5.232694 -4.632901
v 0.959539 5.233518 -4.629911
v 0.954885 5.233103 -4.631740
v 0.950903 5.232556 -4.633081
v 1.843149 5.233542 -4.585336
v 1.844748 5.229720 -4.590963
v 1.843325 5.233271 -4.587069
v 1.843691 5.232451 -4.588746
v 1.844191 5.231202 -4.590113
v 4.352842 5.202006 -2.458768
v 4.356646 5.198233 -2.464426
v 4.353865 5.201739 -2.460519
v 4.354948 5.200928 -2.462208
v 4.355925 5.199696 -2.463580
v 4.137690 5.192112 -2.072483
v 4.141302 5.196169 -2.077901
v 4.138323 5.193645 -2.073204
v 4.139231 5.194953 -2.074487
v 4.140280 5.195838 -2.076137
v 4.661543 5.189776 -1.902533
v 4.655905 5.193625 -1.900445
v 4.660681 5.191253 -1.901957
v 4.659304 5.192502 -1.901358
v 4.657629 5.193335 -1.900827
v 4.731626 5.173357 -0.825539
v 4.727331 5.177625 -0.844175
v 4.730120 5.173362 -0.825061
v 4.731489 5.174946 -0.829777
v 4.730623 5.176316 -0.834806
v 4.731440 5.174954 -0.827463
v 4.730871 5.176114 -0.830905
v 4.730722 5.175765 -0.829020
v 4.727575 5.177254 -0.839709
v 4.728189 5.176314 -0.834508
v 4.729166 5.177256 -0.839863
v 4.729479 5.176741 -0.834960
v 4.729841 5.176114 -0.830776
v 4.730848 5.173554 -0.823959
v 4.729086 5.174949 -0.829364
v 4.730314 5.174955 -0.827264
v 4.731222 5.174946 -0.826063
v 4.679403 5.261566 -4.577078
v 4.683660 5.261503 -4.572823
v 4.688250 5.265902 -4.581558
v 4.681032 5.261560 -4.576756
v 4.682417 5.261546 -4.575834
v 4.681349 5.263205 -4.577403
v 4.682375 5.263142 -4.577086
v 4.683710 5.264023 -4.577077
v 4.684011 5.263165 -4.574715
v 4.685003 5.264584 -4.577040
v 4.683336 5.261526 -4.574453
v 4.683691 5.263122 -4.575756
v 4.686136 5.265551 -4.579828
v 4.683714 5.264604 -4.578368
v 4.685080 5.265059 -4.578421
v 5.164762 1.114849 -4.638250
v 5.164759 1.113554 -4.635249
v 5.169073 1.101179 -4.643061
v 5.164762 1.112706 -4.637396
v 5.166395 1.111873 -4.638641
v 5.167219 1.109784 -4.638853
v 5.166395 1.110783 -4.637732
v 5.167788 1.107457 -4.640086
v 5.168730 1.104475 -4.641245
v 1.019510 5.249710 -4.573792
v 1.005896 5.254046 -4.578324
v 1.018263 5.249654 -4.570775
v 1.016542 5.251341 -4.574118
v 1.018110 5.249703 -4.573561
v 1.014456 5.252160 -4.574293
v 1.009176 5.253686 -4.576571
v 1.011480 5.253200 -4.575726
v 1.017435 5.249672 -4.571928
v 1.015444 5.251321 -4.573212
v 4.680346 5.195709 -0.911898
v 4.677328 5.195678 -0.910651
v 4.684942 5.199708 -0.898175
v 4.679460 5.195674 -0.909769
v 4.680693 5.197286 -0.908905
v 4.680880 5.198066 -0.906800
v 4.679789 5.197263 -0.907803
v 4.681677 5.198577 -0.905238
v 4.683908 5.199445 -0.901051
v 4.682329 5.199025 -0.903802
v 1.006060 4.792407 -5.060260
v 1.004820 4.789400 -5.060305
v 0.992331 4.797009 -5.064502
v 1.004660 4.792178 -5.060263
v 1.003042 4.792777 -5.061890
v 1.000982 4.792962 -5.062712
v 1.003988 4.790549 -5.060290
v 1.002104 4.792069 -5.061845
v 0.995611 4.795268 -5.064185
v 0.997984 4.794406 -5.063718
v 5.163721 4.781033 -4.586423
v 5.167982 4.789895 -4.590794
v 5.163717 4.785233 -4.582102
v 5.165350 4.782984 -4.586735
v 5.166735 4.785352 -4.587677
v 5.163721 4.782657 -4.586077
v 5.165293 4.784003 -4.586401
v 5.166170 4.785332 -4.586386
v 5.167658 4.788129 -4.588723
v 5.166731 4.786624 -4.586344
v 5.167185 4.786715 -4.587716
v 5.163717 4.784932 -4.583738
v 5.163721 4.784028 -4.585133
v 5.165350 4.785607 -4.584019
v 5.165293 4.785300 -4.585058
v 5.160391 4.735342 -0.903559
v 5.164637 4.739660 -0.889671
v 5.160391 4.732318 -0.902358
v 5.162016 4.735643 -0.900499
v 5.162836 4.735778 -0.898456
v 5.164316 4.738639 -0.892680
v 5.163847 4.737151 -0.895414
v 5.160391 4.734433 -0.901442
v 5.162016 4.734666 -0.899547
v 4.685320 4.793433 -5.059008
v 4.694124 4.798044 -5.063195
v 4.689581 4.789174 -5.059073
v 4.687254 4.793804 -5.060631
v 4.689608 4.794810 -5.061999
v 4.686953 4.793109 -5.059012
v 4.688284 4.793485 -5.060580
v 4.692018 4.796299 -5.062897
v 4.690977 4.794885 -5.062449
v 4.690203 4.793510 -5.061839
v 4.689257 4.790805 -5.059046
v 4.688333 4.792186 -5.059027
v 4.689928 4.791133 -5.060673
v 4.689608 4.792161 -5.060599
v 4.690622 1.123659 -5.115181
v 4.695265 1.110053 -5.119602
v 4.687605 1.122405 -5.115202
v 4.690977 1.120727 -5.116852
v 4.690393 1.122258 -5.115204
v 4.691172 1.118633 -5.117701
v 4.694223 1.112920 -5.119253
v 4.692633 1.115664 -5.118750
v 4.688761 1.121579 -5.115214
v 4.690287 1.119710 -5.116812
v 5.158892 5.180697 0.070870
v 5.160025 5.177149 0.073269
v 5.163507 5.176158 0.070698
v 5.158380 5.180402 0.071928
v 5.158415 5.179624 0.072754
v 5.160658 5.180346 0.070843
v 5.160429 5.179903 0.072762
v 5.160391 5.179265 0.074006
v 5.161566 5.178712 0.073928
v 5.161356 5.176146 0.073200
v 5.162489 5.175607 0.072685
v 5.158991 5.178483 0.073225
v 5.160776 5.177913 0.073889
v 5.162134 5.177543 0.073975
v 5.163153 5.177892 0.070751
v 5.162153 5.179361 0.070801
v 5.163240 5.175610 0.071807
v 5.162748 5.177619 0.072703
v 0.026213 5.259944 -5.059117
v 0.028624 5.263386 -5.057946
v 0.027616 5.258405 -5.062331
v 0.028677 5.260673 -5.062213
v 0.026747 5.260426 -5.061822
v 0.025496 5.260365 -5.061217
v 0.025553 5.261523 -5.060635
v 0.026274 5.261257 -5.058064
v 0.026754 5.262370 -5.057471
v 0.026274 5.258948 -5.060460
v 0.025595 5.260718 -5.059857
v 0.025488 5.262063 -5.059455
v 0.028639 5.263080 -5.059708
v 0.028658 5.262129 -5.061206
v 0.027578 5.263120 -5.057431
v 0.026728 5.262675 -5.059485
v 5.163710 5.272359 -5.051245
v 5.168287 5.267803 -5.051322
v 5.163748 5.267875 -5.055844
v 5.165461 5.272006 -5.051249
v 5.166948 5.271016 -5.051266
v 5.163717 5.272035 -5.052985
v 5.165407 5.271528 -5.052932
v 5.166758 5.270852 -5.052899
v 5.166353 5.270459 -5.053879
v 5.167944 5.267831 -5.053050
v 5.166964 5.267853 -5.054517
v 5.167940 5.269540 -5.051291
v 5.167437 5.269508 -5.052962
v 5.166765 5.269486 -5.054301
v 5.163736 5.269607 -5.055474
v 5.163725 5.271068 -5.054469
v 5.165487 5.267868 -5.055497
v 5.165419 5.269540 -5.054972
v 5.165369 5.270873 -5.054280
v 5.174177 0.147954 -5.124764
v 5.170736 0.145430 -5.125941
v 5.169584 0.147965 -5.129420
v 5.173925 0.146859 -5.124264
v 5.173185 0.145995 -5.124312
v 5.173841 0.147968 -5.126534
v 5.173445 0.146023 -5.126333
v 5.172842 0.144758 -5.126314
v 5.172274 0.144835 -5.127495
v 5.169703 0.145521 -5.127274
v 5.169119 0.146033 -5.128403
v 5.172064 0.145493 -5.124901
v 5.171484 0.144851 -5.126702
v 5.171099 0.144773 -5.128067
v 5.171354 0.147973 -5.129053
v 5.172850 0.147974 -5.128039
v 5.169081 0.146891 -5.129156
v 5.171133 0.146037 -5.128668
v 1.019537 5.173502 -4.574788
v 1.018290 5.173461 -4.571770
v 1.025553 5.169186 -4.570589
v 1.017675 5.173499 -4.574748
v 1.016787 5.173493 -4.574160
v 1.020456 5.171864 -4.574296
v 1.018625 5.171822 -4.574198
v 1.018984 5.171020 -4.573283
v 1.019300 5.171827 -4.571508
v 1.021040 5.170440 -4.571192
v 1.017000 5.173478 -4.573115
v 1.018076 5.171803 -4.572871
v 1.019575 5.170674 -4.572542
v 1.023710 5.169528 -4.572024
v 1.021921 5.170470 -4.573325
v 1.023233 5.169514 -4.570869
v 1.021269 5.169925 -4.572352
v 4.679426 5.174592 -4.578257
v 4.679426 5.170275 -4.574055
v 4.683683 5.174536 -4.574001
v 4.679426 5.172957 -4.577955
v 4.679426 5.171563 -4.577050
v 4.681059 5.174588 -4.577934
v 4.681097 5.172911 -4.577565
v 4.681013 5.171777 -4.576832
v 4.681055 5.170599 -4.574051
v 4.682436 5.171524 -4.574041
v 4.679426 5.170621 -4.575680
v 4.681097 5.171014 -4.575717
v 4.682222 5.171761 -4.575624
v 4.683363 5.174558 -4.575631
v 4.682440 5.174577 -4.577012
v 4.683363 5.172904 -4.574023
v 4.682970 5.172888 -4.575695
v 4.682222 5.172988 -4.576817
v 4.680368 5.124892 -0.912802
v 4.676115 5.120712 -0.918875
v 4.677355 5.124874 -0.911555
v 4.679857 5.123274 -0.913742
v 4.678865 5.121911 -0.915226
v 4.680330 5.124867 -0.910940
v 4.679758 5.123208 -0.911911
v 4.678831 5.122424 -0.912283
v 4.676401 5.121005 -0.916551
v 4.676733 5.121899 -0.914343
v 4.677553 5.121012 -0.917028
v 4.677889 5.121371 -0.914581
v 4.678087 5.122097 -0.912876
v 4.678698 5.124858 -0.910266
v 4.679743 5.124854 -0.910050
v 4.677069 5.123257 -0.912590
v 4.678431 5.123200 -0.911363
v 5.076727 4.781008 -4.586502
v 5.076723 4.785210 -4.582180
v 5.072462 4.780948 -4.582244
v 5.076727 4.782634 -4.586154
v 5.076727 4.784003 -4.585211
v 5.075098 4.781004 -4.586180
v 5.075056 4.782670 -4.585763
v 5.075140 4.783784 -4.585000
v 5.075094 4.784884 -4.582188
v 5.073713 4.783961 -4.582201
v 5.076727 4.784907 -4.583816
v 5.075056 4.784517 -4.583864
v 5.073931 4.783767 -4.583792
v 5.072790 4.780970 -4.583874
v 5.073717 4.780990 -4.585257
v 5.072790 4.782578 -4.582221
v 5.073183 4.782642 -4.583891
v 5.073931 4.782575 -4.585018
v 5.077768 1.114827 -4.638328
v 5.073503 1.120769 -4.633987
v 5.077768 1.113531 -4.635329
v 5.076139 1.115734 -4.637800
v 5.074755 1.117184 -4.636790
v 5.077772 1.112964 -4.638314
v 5.076097 1.113902 -4.637731
v 5.075308 1.114249 -4.636799
v 5.073828 1.118456 -4.634304
v 5.074751 1.116268 -4.634670
v 5.073832 1.118952 -4.635452
v 5.074221 1.116516 -4.635822
v 5.074972 1.114826 -4.636047
v 5.077768 1.112264 -4.636691
v 5.077772 1.112066 -4.637740
v 5.076136 1.114539 -4.635031
v 5.076097 1.113335 -4.636412
v 5.073397 4.735318 -0.903636
v 5.073397 4.732297 -0.902436
v 5.069143 4.731141 -0.909751
v 5.073397 4.735071 -0.902239
v 5.071772 4.735013 -0.905031
v 5.071825 4.734635 -0.903340
v 5.071867 4.734114 -0.902268
v 5.070948 4.733641 -0.903453
v 5.071768 4.731561 -0.903660
v 5.070387 4.731086 -0.905481
v 5.073397 4.733434 -0.901590
v 5.071825 4.732997 -0.902689
v 5.070566 4.732684 -0.903982
v 5.069468 4.732751 -0.908341
v 5.070387 4.734113 -0.906683
v 5.069468 4.730935 -0.907620
v 5.069937 4.732657 -0.905934
v 5.070570 4.733977 -0.904495
v 1.006033 4.791076 -4.973277
v 1.012083 4.786753 -4.969083
v 1.004789 4.788069 -4.973325
v 1.007418 4.790727 -4.971652
v 1.009054 4.789784 -4.970284
v 1.004629 4.790847 -4.973283
v 1.005720 4.790374 -4.971717
v 1.006868 4.789679 -4.970467
v 1.005819 4.789365 -4.970855
v 1.009947 4.786583 -4.969409
v 1.007814 4.786773 -4.970332
v 1.010694 4.788388 -4.969382
v 1.008287 4.788332 -4.969855
v 1.006334 4.788394 -4.970486
v 1.003958 4.789220 -4.973307
v 1.006002 4.787294 -4.971705
v 1.005049 4.788743 -4.971741
v 1.004644 4.789864 -4.971762
v 4.685289 4.792102 -4.972028
v 4.689554 4.787843 -4.972090
v 4.685289 4.787776 -4.967831
v 4.686922 4.791777 -4.972031
v 4.688303 4.790854 -4.972045
v 4.685289 4.791753 -4.970402
v 4.686964 4.791362 -4.970366
v 4.688086 4.790613 -4.970462
v 4.689230 4.787818 -4.970462
v 4.688303 4.787796 -4.969077
v 4.689230 4.789473 -4.972064
v 4.688837 4.789488 -4.970393
v 4.688086 4.789386 -4.969271
v 4.685289 4.789412 -4.968131
v 4.685289 4.790808 -4.969035
v 4.686922 4.787782 -4.968156
v 4.686964 4.789459 -4.968520
v 4.686876 4.790595 -4.969252
v 4.690596 1.122329 -5.028200
v 4.687574 1.121074 -5.028219
v 4.686331 1.128260 -5.023850
v 4.690554 1.120468 -5.028229
v 4.689970 1.119575 -5.028242
v 4.690077 1.123216 -5.026556
v 4.689981 1.121387 -5.026543
v 4.689054 1.121733 -5.025748
v 4.687292 1.122060 -5.026573
v 4.686953 1.123771 -5.025166
v 4.688921 1.119789 -5.028239
v 4.688654 1.120837 -5.026552
v 4.688311 1.122313 -5.025404
v 4.687773 1.126428 -5.024203
v 4.689085 1.124657 -5.025152
v 4.686617 1.125947 -5.024210
v 4.688108 1.123996 -5.024630
v 3.017347 4.209737 -4.935964
v 3.015768 4.207839 -4.932126
v 3.017626 4.210014 -4.934489
v 3.017424 4.209750 -4.933241
v 3.016771 4.208986 -4.932412
v 3.865606 3.429237 -4.953031
v 3.867201 3.431153 -4.956873
v 3.866613 3.430391 -4.953317
v 3.867269 3.431161 -4.954149
v 3.867475 3.431429 -4.955396
v 2.709978 3.860036 -4.934272
v 2.708086 3.857996 -4.938254
v 2.708948 3.858872 -4.934582
v 2.708227 3.858077 -4.935446
v 2.707926 3.857769 -4.936735
v 3.557959 3.079431 -4.959163
v 3.559851 3.081478 -4.955178
v 3.557795 3.079205 -4.957646
v 3.558096 3.079514 -4.956355
v 3.558821 3.080314 -4.955489
v 3.467684 3.843507 -4.946326
v 3.466104 3.841609 -4.942490
v 3.467962 3.843785 -4.944852
v 3.467760 3.843521 -4.943606
v 3.467108 3.842757 -4.942775
v 3.158869 3.492276 -4.948615
v 3.160749 3.494307 -4.944634
v 3.158709 3.492050 -4.947098
v 3.159006 3.492355 -4.945809
v 3.159723 3.493150 -4.944943
v 3.886007 2.655009 -4.969146
v 3.887930 2.657090 -4.965157
v 3.885847 2.654784 -4.967626
v 3.886156 2.655102 -4.966334
v 3.886888 2.655910 -4.965466
v 4.193766 3.004937 -4.963010
v 4.195387 3.006889 -4.966863
v 4.194788 3.006107 -4.963297
v 4.195456 3.006889 -4.964130
v 4.195665 3.007165 -4.965381
v 4.207182 2.100623 -4.981035
v 4.208628 2.103686 -4.977019
v 4.206987 2.100472 -4.979510
v 4.207190 2.101002 -4.978211
v 4.207766 2.102129 -4.977337
v 4.463675 2.552916 -4.972801
v 4.464807 2.555839 -4.976659
v 4.464510 2.554461 -4.973083
v 4.465017 2.555559 -4.973915
v 4.465124 2.556043 -4.975170
v 4.702356 1.091853 -5.001662
v 4.697100 1.104338 -4.997410
v 4.700476 1.091288 -5.001631
v 4.701647 1.094663 -5.000078
v 4.700399 1.098025 -4.998714
v 4.702276 1.090533 -5.001940
v 4.701437 1.092443 -5.000280
v 4.700434 1.094622 -4.998963
v 4.700304 1.093143 -4.999386
v 4.697062 1.101078 -4.997761
v 4.697691 1.097454 -4.998687
v 4.698805 1.101422 -4.997778
v 4.698942 1.097544 -4.998278
v 4.699285 1.094377 -4.998952
v 4.701258 1.090227 -5.001922
v 4.698889 1.094016 -5.000046
v 4.700144 1.092137 -5.000263
v 4.701090 1.091125 -5.000389
v 4.701200 2.059349 -4.986814
v 4.698263 2.060438 -4.982846
v 4.701384 2.059862 -4.985308
v 4.700891 2.060250 -4.984027
v 4.699797 2.060451 -4.983162
v 2.521425 4.524646 -4.925925
v 2.518755 4.523385 -4.922052
v 2.521620 4.524974 -4.924444
v 2.521185 4.524848 -4.923187
v 2.520178 4.524291 -4.922347
v 2.075979 4.229070 -4.921937
v 2.072927 4.227622 -4.925899
v 2.074503 4.228133 -4.922238
v 2.073404 4.227530 -4.923097
v 2.072851 4.227350 -4.924383
v 1.953798 4.814444 -4.911641
v 1.953100 4.817331 -4.915478
v 1.953936 4.815975 -4.911915
v 1.953848 4.817059 -4.912740
v 1.953558 4.817538 -4.913992
v 0.813543 4.794825 -4.903966
v 0.813066 4.793002 -4.903973
v 0.827040 4.789631 -4.900198
v 0.812216 4.794726 -4.904175
v 0.816599 4.794098 -4.902482
v 0.814344 4.793853 -4.902615
v 0.813013 4.793486 -4.902693
v 0.815195 4.792699 -4.901781
v 0.816061 4.791380 -4.902510
v 0.819769 4.790169 -4.901278
v 0.811956 4.793740 -4.904179
v 0.814089 4.792579 -4.902628
v 0.816534 4.791694 -4.901416
v 0.823900 4.791287 -4.900443
v 0.820234 4.792853 -4.901244
v 0.823626 4.789555 -4.900466
v 0.819860 4.791377 -4.900839
v 0.816732 4.792832 -4.901401
v 2.978033 4.167970 -5.044055
v 2.982214 4.172621 -5.040179
v 2.979235 4.169328 -5.043753
v 2.980452 4.170690 -5.042911
v 2.981501 4.171845 -5.041656
v 3.832067 3.394039 -5.061084
v 3.827871 3.389370 -5.064963
v 3.831350 3.393262 -5.062563
v 3.830301 3.392103 -5.063819
v 3.829081 3.390735 -5.064661
v 2.734262 3.890602 -5.041797
v 2.738157 3.895142 -5.045738
v 2.734865 3.891331 -5.043311
v 2.735819 3.892449 -5.044593
v 2.736975 3.893786 -5.045445
v 3.588030 3.116582 -5.066644
v 3.584127 3.112037 -5.062701
v 3.586843 3.115225 -5.066352
v 3.585688 3.113886 -5.065498
v 3.584734 3.112764 -5.064216
v 3.428369 3.801743 -5.054421
v 3.432547 3.806390 -5.050548
v 3.429571 3.803100 -5.054120
v 3.430788 3.804461 -5.053279
v 3.431833 3.805615 -5.052025
v 3.188932 3.529414 -5.056101
v 3.185045 3.524883 -5.052160
v 3.187750 3.528062 -5.055806
v 3.186598 3.526727 -5.054954
v 3.185648 3.525611 -5.053673
v 3.916113 2.692194 -5.076624
v 3.912176 2.687610 -5.072674
v 3.914915 2.690823 -5.076328
v 3.913748 2.689471 -5.075474
v 3.912786 2.688342 -5.074191
v 4.160269 2.969784 -5.071048
v 4.156031 2.965070 -5.074939
v 4.159544 2.969003 -5.072530
v 4.158487 2.967832 -5.073791
v 4.157251 2.966451 -5.074637
v 4.236673 2.139039 -5.088478
v 4.233355 2.133221 -5.084550
v 4.235708 2.137195 -5.088194
v 4.234739 2.135444 -5.087346
v 4.233911 2.134047 -5.086067
v 4.429701 2.518751 -5.080799
v 4.426077 2.512800 -5.084737
v 4.429022 2.517874 -5.082291
v 4.428095 2.516435 -5.083565
v 4.427061 2.514652 -5.084422
v 4.728189 1.124400 -5.105132
v 4.726641 1.123883 -5.105142
v 4.723703 1.142669 -5.108812
v 4.728231 1.123092 -5.105409
v 4.727983 1.128569 -5.106600
v 4.727941 1.126304 -5.106696
v 4.727724 1.124927 -5.106736
v 4.727186 1.127838 -5.107447
v 4.725561 1.128108 -5.106592
v 4.724627 1.133162 -5.107798
v 4.726809 1.126083 -5.106693
v 4.726294 1.129546 -5.107730
v 4.725557 1.138456 -5.108589
v 4.727060 1.133506 -5.107815
v 4.723974 1.138275 -5.108577
v 4.725901 1.133653 -5.108227
v 4.727324 1.129694 -5.107735
v 4.660543 2.020626 -5.094774
v 4.666113 2.022282 -5.090900
v 4.662268 2.020831 -5.094493
v 4.663935 2.021219 -5.093658
v 4.665285 2.021727 -5.092396
v 2.480745 4.483680 -5.033975
v 2.486299 4.487540 -5.030114
v 2.482470 4.484734 -5.033683
v 2.484133 4.485838 -5.032846
v 2.485479 4.486823 -5.031593
v 2.099100 4.260228 -5.029438
v 2.104460 4.264020 -5.033409
v 2.099813 4.260899 -5.030956
v 2.101084 4.261855 -5.032243
v 2.102716 4.262952 -5.033105
v 1.917994 4.780240 -5.019624
v 1.916044 4.774621 -5.023569
v 1.917444 4.779389 -5.021115
v 1.916880 4.778023 -5.022389
v 1.916388 4.776347 -5.023251
v 0.839685 4.827123 -5.007480
v 0.858427 4.823294 -5.011722
v 0.839239 4.825604 -5.007510
v 0.843931 4.827098 -5.009050
v 0.848986 4.826363 -5.010408
v 0.838362 4.827136 -5.007681
v 0.841619 4.827001 -5.009071
v 0.845079 4.826526 -5.010221
v 0.843195 4.826329 -5.009884
v 0.853956 4.823436 -5.011369
v 0.848738 4.823926 -5.010446
v 0.854074 4.825026 -5.011346
v 0.849165 4.825229 -5.010851
v 0.844973 4.825494 -5.010237
v 0.843569 4.824686 -5.009090
v 0.841444 4.825873 -5.009090
v 0.840223 4.826753 -5.009072
v 5.103907 3.079532 -4.041121
v 5.099768 3.078249 -4.039692
v 5.102499 3.079923 -4.041563
v 5.101217 3.079817 -4.041447
v 5.100256 3.079229 -4.040789
v 5.094542 3.923219 -3.255551
v 5.098684 3.924517 -3.256998
v 5.095034 3.924203 -3.256655
v 5.095995 3.924796 -3.257318
v 5.097277 3.924907 -3.257438
v 5.038748 2.772803 -3.696969
v 5.042315 2.770615 -3.694503
v 5.038843 2.771752 -3.695788
v 5.039553 2.770966 -3.694906
v 5.040773 2.770568 -3.694454
v 5.037100 3.615617 -2.910398
v 5.033533 3.617810 -2.912870
v 5.035559 3.615568 -2.910349
v 5.034338 3.615970 -2.910801
v 5.033628 3.616755 -2.911687
v 5.105776 3.527393 -3.671731
v 5.101641 3.526110 -3.670301
v 5.104368 3.527782 -3.672172
v 5.103090 3.527675 -3.672056
v 5.102133 3.527088 -3.671398
v 5.044279 3.218922 -3.325614
v 5.040712 3.221102 -3.328071
v 5.042738 3.218874 -3.325563
v 5.041517 3.219271 -3.326013
v 5.040808 3.220053 -3.326893
v 5.022680 3.941511 -2.484445
v 5.019114 3.943734 -2.486951
v 5.021139 3.941464 -2.484397
v 5.019918 3.941871 -2.484857
v 5.019209 3.942669 -2.485754
v 5.080137 4.249223 -2.829720
v 5.084303 4.250551 -2.831200
v 5.080633 4.250220 -2.830839
v 5.081602 4.250824 -2.831514
v 5.082888 4.250940 -2.831640
v 4.994635 4.260268 -1.929245
v 4.991117 4.262016 -1.932734
v 4.993093 4.260185 -1.929272
v 4.991880 4.260489 -1.929945
v 4.991190 4.261132 -1.931160
v 5.057974 4.517128 -2.376947
v 5.062216 4.517968 -2.379396
v 5.058493 4.517941 -2.378440
v 5.059481 4.518388 -2.379430
v 5.060789 4.518395 -2.379765
v 4.935892 4.751368 -0.919984
v 4.932726 4.746466 -0.932927
v 4.935652 4.749495 -0.919445
v 4.934591 4.750787 -0.922966
v 4.933535 4.749650 -0.926473
v 4.936007 4.751269 -0.918640
v 4.934523 4.750562 -0.920739
v 4.933393 4.749661 -0.923064
v 4.933630 4.749499 -0.921549
v 4.932695 4.746398 -0.929649
v 4.933241 4.746949 -0.925935
v 4.932878 4.748134 -0.929971
v 4.932940 4.748232 -0.926059
v 4.933268 4.748517 -0.922834
v 4.935881 4.750254 -0.918349
v 4.934278 4.748037 -0.922352
v 4.934370 4.749270 -0.920448
v 4.934454 4.750205 -0.919421
v 5.032755 4.752380 -1.882735
v 5.028730 4.749754 -1.884302
v 5.031336 4.752677 -1.883415
v 5.030073 4.752281 -1.883951
v 5.029158 4.751254 -1.884263
v 5.093000 2.586138 -4.359947
v 5.088819 2.583770 -4.359165
v 5.091585 2.586448 -4.360441
v 5.090292 2.586107 -4.360465
v 5.089323 2.585165 -4.360017
v 5.021429 2.141963 -4.071177
v 5.024958 2.138615 -4.069314
v 5.021509 2.140467 -4.070226
v 5.022207 2.139306 -4.069539
v 5.023416 2.138656 -4.069217
v 5.069601 2.021539 -4.655021
v 5.073683 2.020556 -4.657455
v 5.070059 2.021655 -4.656510
v 5.070993 2.021510 -4.657493
v 5.072268 2.021125 -4.657827
v 4.973963 0.885131 -4.647605
v 4.973722 0.884652 -4.645797
v 4.970648 0.898869 -4.642745
v 4.974058 0.883789 -4.647495
v 4.972639 0.888286 -4.647022
v 4.972570 0.886031 -4.646785
v 4.972506 0.884697 -4.646426
v 4.971678 0.886939 -4.645726
v 4.972311 0.887750 -4.644325
v 4.971231 0.891539 -4.643228
v 4.973928 0.883530 -4.646517
v 4.972418 0.885775 -4.645519
v 4.971300 0.888305 -4.644757
v 4.970842 0.895721 -4.644393
v 4.971544 0.892007 -4.645895
v 4.970644 0.895446 -4.642673
v 4.970942 0.891663 -4.644479
v 4.971434 0.888503 -4.645887
v 5.203188 3.032090 -3.987589
v 5.200201 3.036557 -3.992614
v 5.203138 3.033312 -3.988962
v 5.202551 3.034591 -3.990399
v 5.201521 3.035730 -3.991681
v 5.194979 3.881543 -3.208492
v 5.197966 3.877060 -3.203449
v 5.196299 3.880714 -3.207558
v 5.197329 3.879572 -3.206271
v 5.197912 3.878287 -3.204829
v 5.150602 2.788895 -3.714726
v 5.155325 2.792485 -3.718745
v 5.152235 2.789382 -3.715270
v 5.153704 2.790235 -3.716224
v 5.154787 2.791325 -3.717444
v 5.150106 3.637492 -2.934643
v 5.145384 3.633896 -2.930620
v 5.149572 3.636330 -2.933341
v 5.148485 3.635239 -2.932119
v 5.147013 3.634384 -2.931164
v 5.205061 3.479951 -3.618200
v 5.202078 3.484416 -3.623220
v 5.205011 3.481172 -3.619571
v 5.204428 3.482451 -3.621007
v 5.203398 3.483589 -3.622288
v 5.157286 3.240783 -3.349844
v 5.152567 3.237201 -3.345837
v 5.156752 3.239628 -3.348548
v 5.155664 3.238541 -3.347331
v 5.154196 3.237689 -3.346379
v 5.135691 3.963417 -2.508725
v 5.130953 3.959788 -2.504665
v 5.135149 3.962244 -2.507409
v 5.134062 3.961140 -2.506175
v 5.132585 3.960278 -2.505212
v 5.180571 4.207590 -2.782706
v 5.183561 4.203062 -2.777617
v 5.181894 4.206755 -2.781767
v 5.182928 4.205603 -2.780469
v 5.183516 4.204306 -2.779012
v 5.107706 4.281563 -1.954760
v 5.102896 4.278546 -1.949463
v 5.107141 4.280623 -1.952971
v 5.106028 4.279719 -1.951336
v 5.104536 4.278991 -1.950105
v 5.158442 4.475022 -2.330922
v 5.161383 4.471103 -2.324593
v 5.159769 4.474233 -2.329885
v 5.160791 4.473210 -2.328318
v 5.161360 4.472112 -2.326459
v 5.044073 4.769315 -0.940161
v 5.043909 4.767771 -0.939662
v 5.049490 4.764584 -0.957929
v 5.045992 4.769006 -0.944135
v 5.045824 4.768954 -0.941876
v 5.045687 4.768731 -0.940506
v 5.046690 4.768145 -0.943320
v 5.045752 4.766589 -0.943705
v 5.047457 4.765569 -0.948595
v 5.044111 4.768500 -0.938560
v 5.045710 4.767823 -0.941668
v 5.047098 4.767232 -0.944994
v 5.048922 4.766444 -0.953751
v 5.047697 4.767997 -0.948907
v 5.048769 4.764867 -0.953590
v 5.048033 4.766808 -0.949020
v 5.047197 4.768260 -0.945129
v 5.132158 4.703607 -1.832253
v 5.128931 4.709459 -1.834288
v 5.132032 4.705351 -1.832473
v 5.131376 4.707076 -1.832937
v 5.130285 4.708518 -1.833574
v 5.192236 2.537334 -4.307228
v 5.189272 2.543172 -4.311452
v 5.192198 2.539080 -4.308293
v 5.191618 2.540802 -4.309469
v 5.190596 2.542239 -4.310578
v 5.133242 2.156895 -4.089535
v 5.138018 2.161939 -4.092792
v 5.134878 2.157492 -4.090020
v 5.136358 2.158663 -4.090810
v 5.137461 2.160224 -4.091783
v 5.169912 1.977610 -4.608979
v 5.173025 1.975362 -4.602963
v 5.171251 1.976949 -4.607967
v 5.172312 1.976289 -4.606468
v 5.172937 1.975732 -4.604711
v 5.082182 0.903378 -4.667525
v 5.087351 0.921742 -4.663050
v 5.082003 0.902931 -4.666019
v 5.084051 0.907492 -4.667279
v 5.085695 0.912430 -4.666343
v 5.083891 0.905187 -4.667204
v 5.085234 0.908549 -4.666565
v 5.084734 0.906697 -4.666425
v 5.086683 0.917309 -4.663275
v 5.085432 0.912178 -4.663918
v 5.086851 0.917434 -4.664858
v 5.086016 0.912576 -4.665163
v 5.085123 0.908439 -4.665539
v 5.082186 0.901803 -4.666713
v 5.083788 0.907128 -4.664880
v 5.083765 0.905011 -4.666082
v 5.083757 0.903797 -4.666970
v 3.484087 5.107879 -3.634079
v 3.485899 5.111752 -3.635683
v 3.485212 5.108186 -3.635106
v 3.485949 5.109031 -3.635772
v 3.486193 5.110282 -3.635974
v 3.545469 5.096789 -2.901766
v 3.543417 5.100729 -2.899820
v 3.544329 5.097073 -2.900712
v 3.543535 5.097924 -2.899973
v 3.543215 5.099208 -2.899659
v 3.886351 5.101630 -3.214621
v 3.888155 5.105504 -3.216217
v 3.887472 5.101940 -3.215645
v 3.888208 5.102785 -3.216308
v 3.888449 5.104036 -3.216509
v 3.143229 5.103038 -3.321245
v 3.141169 5.106977 -3.319296
v 3.142084 5.103322 -3.320190
v 3.141291 5.104172 -3.319449
v 3.140970 5.105456 -3.319135
v 2.714838 5.108300 -3.676327
v 2.712755 5.112245 -3.674356
v 2.713682 5.108585 -3.675263
v 2.712881 5.109437 -3.674515
v 2.712557 5.110720 -3.674197
v 3.056086 5.113147 -3.989519
v 3.057924 5.117031 -3.991148
v 3.057222 5.113458 -3.990557
v 3.057970 5.114304 -3.991230
v 3.058218 5.115559 -3.991438
v 2.615961 5.117370 -4.276175
v 2.617949 5.121269 -4.277772
v 2.617155 5.117680 -4.277202
v 2.617956 5.118529 -4.277867
v 2.618235 5.119792 -4.278066
v 2.261950 5.112608 -3.969101
v 2.259714 5.116559 -3.967161
v 2.260736 5.112895 -3.968048
v 2.259886 5.113746 -3.967310
v 2.259527 5.115034 -3.966998
v 1.405947 5.122071 -4.613667
v 1.396765 5.126262 -4.617525
v 1.402479 5.122407 -4.615204
v 1.399515 5.123322 -4.616477
v 1.397509 5.124676 -4.617292
v 2.132307 5.120875 -4.516540
v 2.137289 5.124784 -4.516737
v 2.134649 5.121182 -4.517034
v 2.136419 5.122031 -4.517246
v 2.137350 5.123296 -4.517140
v 1.470945 5.118166 -4.355270
v 1.465719 5.122142 -4.354723
v 1.468588 5.118461 -4.354751
v 1.466764 5.119319 -4.354464
v 1.465757 5.120612 -4.354454
v 3.900545 5.089611 -2.421773
v 3.898561 5.093551 -2.419674
v 3.899427 5.089894 -2.420661
v 3.898661 5.090743 -2.419871
v 3.898355 5.092027 -2.419524
v 4.234804 5.094712 -2.751985
v 4.236521 5.098596 -2.753722
v 4.235891 5.095023 -2.753064
v 4.236601 5.095870 -2.753773
v 4.236822 5.097125 -2.754003
v 4.696405 5.073974 -1.375872
v 4.700514 5.077988 -1.366864
v 4.698027 5.074239 -1.372485
v 4.699373 5.075095 -1.369584
v 4.700247 5.076411 -1.367610
v 4.384043 5.075524 -1.484035
v 4.383757 5.079415 -1.478517
v 4.383577 5.075791 -1.481613
v 4.383356 5.076622 -1.479714
v 4.383421 5.077897 -1.478627
v 4.548162 5.086755 -2.221407
v 4.548120 5.090704 -2.226222
v 4.548582 5.087085 -2.223667
v 4.548719 5.087949 -2.225375
v 4.548559 5.089220 -2.226272
v 3.447885 5.215199 -3.599248
v 3.443262 5.218977 -3.594945
v 3.447103 5.216658 -3.598507
v 3.445948 5.217889 -3.597429
v 3.444601 5.218705 -3.596179
v 3.573805 5.204903 -2.926164
v 3.578188 5.208933 -2.930128
v 3.574495 5.206431 -2.926775
v 3.575571 5.207733 -2.927743
v 3.576868 5.208612 -2.928920
v 3.850141 5.208951 -3.179781
v 3.845526 5.212729 -3.175486
v 3.849359 5.210410 -3.179040
v 3.848207 5.211641 -3.177965
v 3.846861 5.212457 -3.176717
v 3.171556 5.211149 -3.345639
v 3.175943 5.215180 -3.349607
v 3.172247 5.212679 -3.346251
v 3.173326 5.213981 -3.347219
v 3.174623 5.214860 -3.348398
v 2.743139 5.216409 -3.700698
v 2.747553 5.220445 -3.704690
v 2.743834 5.217937 -3.701311
v 2.744917 5.219243 -3.702285
v 2.746222 5.220124 -3.703471
v 3.019918 5.220459 -3.954719
v 3.015261 5.224246 -3.950385
v 3.019133 5.221923 -3.953975
v 3.017973 5.223155 -3.952890
v 3.016611 5.223973 -3.951630
v 2.579958 5.224665 -4.241355
v 2.575102 5.228471 -4.237058
v 2.579153 5.226134 -4.240612
v 2.577951 5.227374 -4.239534
v 2.576529 5.228194 -4.238286
v 2.290094 5.220711 -3.993500
v 2.294699 5.224751 -3.997446
v 2.290804 5.222243 -3.994110
v 2.291925 5.223550 -3.995075
v 2.293295 5.224431 -3.996247
v 1.393011 5.229599 -4.612540
v 1.403559 5.233682 -4.607534
v 1.393766 5.231182 -4.612098
v 1.396040 5.232515 -4.610990
v 1.399477 5.233392 -4.609388
v 2.099318 5.228130 -4.480337
v 2.090647 5.231984 -4.477804
v 2.098223 5.229609 -4.479726
v 2.096189 5.230862 -4.479030
v 2.093531 5.231696 -4.478356
v 1.496099 5.226283 -4.381059
v 1.504484 5.230304 -4.383236
v 1.497095 5.227815 -4.381535
v 1.499037 5.229117 -4.382116
v 1.501635 5.229992 -4.382713
v 3.928949 5.197718 -2.446018
v 3.933241 5.201754 -2.450175
v 3.929632 5.199248 -2.446643
v 3.930689 5.200551 -2.447652
v 3.931955 5.201432 -2.448893
v 4.198515 5.202030 -2.717291
v 4.193998 5.205813 -2.712813
v 4.197741 5.203494 -2.716537
v 4.196608 5.204725 -2.715421
v 4.195295 5.205541 -2.714113
v 4.696760 5.181300 -1.361879
v 4.691645 5.185618 -1.371953
v 4.696325 5.182904 -1.362584
v 4.695200 5.184289 -1.364746
v 4.693556 5.185242 -1.368035
v 4.414141 5.183581 -1.504859
v 4.416319 5.187683 -1.513274
v 4.414663 5.185117 -1.505809
v 4.415262 5.186437 -1.507741
v 4.415842 5.187337 -1.510363
v 4.510126 5.194102 -2.189804
v 4.507765 5.197844 -2.181525
v 4.509512 5.195567 -2.188758
v 4.508848 5.196792 -2.186817
v 4.508234 5.197591 -2.184278
v 4.714926 5.121279 -0.811890
v 4.716589 5.121287 -0.812389
v 4.715609 5.121260 -0.810736
v 0.929960 5.177795 -4.619120
v 0.930468 5.177821 -4.620851
v 0.928797 5.177806 -4.619800
v 2.596170 5.267874 -5.054606
v 2.596163 5.263417 -5.059211
v 2.595430 5.267557 -5.056357
v 2.595171 5.266600 -5.057843
v 2.595427 5.265145 -5.058846
v 5.171232 2.707804 -5.088055
v 5.166677 2.707875 -5.092631
v 5.170897 2.707098 -5.089810
v 5.169908 2.706864 -5.091295
v 5.168428 2.707137 -5.092287
v 2.598467 2.702693 -5.092528
v 2.599150 2.703488 -5.095997
v 2.597986 2.702239 -5.093867
v 2.597948 2.702230 -5.094998
v 5.165895 5.221989 -2.490198
v 5.161314 5.226529 -2.490157
v 5.165548 5.223709 -2.489442
v 5.164553 5.225175 -2.489170
v 5.163069 5.226166 -2.489421
v 2.593115 5.218547 -2.492929
v 2.593817 5.222040 -2.493527
v 2.592630 5.219869 -2.492425
v 2.592592 5.220998 -2.492363
v 5.165380 2.661291 -2.526333
v 5.168840 2.662116 -2.527014
v 5.166712 2.660815 -2.525859
v 5.167837 2.660806 -2.525823
v 2.849459 5.255637 -4.575436
v 2.847052 5.259973 -4.579930
v 2.849272 5.257274 -4.575759
v 2.848753 5.258672 -4.576729
v 2.847971 5.259621 -4.578192
v 4.686583 5.232806 -2.739893
v 4.682005 5.228606 -2.742361
v 4.684832 5.232505 -2.740820
v 4.683344 5.231602 -2.741615
v 4.682352 5.230231 -2.742156
v 2.845346 5.226879 -2.738274
v 2.847795 5.222665 -2.740713
v 2.846281 5.226573 -2.739191
v 2.847078 5.225663 -2.739975
v 2.847609 5.224292 -2.740510
v 5.164244 2.947941 -4.612337
v 5.168528 2.945629 -4.616915
v 5.165873 2.947766 -4.612683
v 5.167265 2.947265 -4.613676
v 5.168196 2.946514 -4.615160
v 5.162054 4.760289 -2.742831
v 5.166311 4.764771 -2.740376
v 5.163683 4.760630 -2.742643
v 5.165068 4.761602 -2.742110
v 5.165987 4.763055 -2.741313
v 5.166853 2.920348 -2.766399
v 5.162573 2.922936 -2.768804
v 5.166521 2.921339 -2.767319
v 5.165594 2.922178 -2.768097
v 5.164206 2.922741 -2.768620
v 2.843286 4.797518 -5.063849
v 2.845690 4.792921 -5.059634
v 2.844206 4.795778 -5.063542
v 2.844988 4.794293 -5.062632
v 2.845507 4.793290 -5.061261
v 4.694685 2.954094 -5.091398
v 4.690104 2.956418 -5.087126
v 4.692930 2.955003 -5.091070
v 4.691446 2.955765 -5.090143
v 4.690451 2.956261 -5.088759
v 2.843790 2.953493 -5.092055
v 2.846212 2.955902 -5.087755
v 2.844717 2.954435 -5.091713
v 2.845503 2.955224 -5.090777
v 2.846029 2.955740 -5.089388
v 2.851606 5.169729 -4.572321
v 2.849482 5.174046 -4.576523
v 2.850794 5.170076 -4.573947
v 2.850103 5.171018 -4.575316
v 2.849646 5.172413 -4.576221
v 4.682028 5.149714 -2.743401
v 4.677771 5.145482 -2.745585
v 4.681704 5.148085 -2.743584
v 4.680780 5.146710 -2.744064
v 4.679399 5.145796 -2.744767
v 2.847822 5.149169 -2.741662
v 2.850836 5.144950 -2.744730
v 2.848051 5.147540 -2.741913
v 2.848703 5.146168 -2.742584
v 2.849684 5.145258 -2.743573
v 5.072985 2.949982 -4.608129
v 5.077250 2.947918 -4.612415
v 5.073309 2.949190 -4.609770
v 5.074236 2.948521 -4.611161
v 5.075617 2.948074 -4.612090
v 5.070803 4.756032 -2.745111
v 5.075060 4.760266 -2.742910
v 5.071127 4.757651 -2.744270
v 5.072050 4.759024 -2.743556
v 5.073431 4.759942 -2.743078
v 5.075582 2.922913 -2.768883
v 5.071325 2.925962 -2.771862
v 5.073954 2.923146 -2.769110
v 5.072569 2.923806 -2.769757
v 5.071650 2.924796 -2.770723
v 2.845659 4.791589 -4.972653
v 2.847799 4.787267 -4.968457
v 2.845823 4.791242 -4.971028
v 2.846285 4.790295 -4.969659
v 2.846979 4.788900 -4.968756
v 4.690073 2.955085 -5.000145
v 4.685812 2.957140 -4.995856
v 4.689749 2.955222 -4.998512
v 4.688826 2.955661 -4.997124
v 4.687441 2.956333 -4.996191
v 2.846182 2.954571 -5.000773
v 2.849199 2.957513 -4.996466
v 2.846411 2.954775 -4.999140
v 2.847067 2.955407 -4.997748
v 2.848043 2.956366 -4.996809
v 4.679415 5.218078 -4.577667
v 4.683672 5.218019 -4.573410
v 4.681047 5.218077 -4.577344
v 4.682428 5.218064 -4.576422
v 4.683351 5.218043 -4.575041
v 4.677340 5.160275 -0.911103
v 4.680357 5.160302 -0.912350
v 4.678495 5.160266 -0.910274
v 4.680128 5.160279 -0.910948
v 5.121263 1.114838 -4.638289
v 5.121263 1.113542 -4.635289
v 5.121267 1.113434 -4.638079
v 5.121263 1.112731 -4.636455
v 5.116896 4.735331 -0.903597
v 5.116896 4.732308 -0.902397
v 5.116892 4.734420 -0.901482
v 4.689569 4.788508 -5.015582
v 4.685305 4.792767 -5.015517
v 4.689241 4.790139 -5.015555
v 4.688318 4.791522 -5.015536
v 4.686937 4.792445 -5.015521
v 1.004805 4.788734 -5.016814
v 1.006044 4.791741 -5.016770
v 1.003973 4.789883 -5.016799
v 1.004644 4.791512 -5.016772
v 1.019526 5.211606 -4.574290
v 1.018274 5.211556 -4.571272
v 1.018126 5.211600 -4.574059
v 1.017446 5.211573 -4.572426
v 5.120222 4.785224 -4.582141
v 5.120226 4.781020 -4.586462
v 5.120222 4.784920 -4.583777
v 5.120222 4.784016 -4.585171
v 5.120222 4.782647 -4.586115
v 4.687590 1.121740 -5.071711
v 4.690607 1.122993 -5.071690
v 4.688745 1.120912 -5.071724
v 4.690378 1.121591 -5.071713
v 3.673887 3.638731 -4.947795
v 3.675470 3.640636 -4.951629
v 3.674890 3.639880 -4.948079
v 3.675547 3.640647 -4.948910
v 3.675749 3.640912 -4.950155
v 2.940386 3.684333 -4.939395
v 2.938501 3.682300 -4.943376
v 2.939360 3.683173 -4.939705
v 2.938639 3.682380 -4.940570
v 2.938337 3.682073 -4.941859
v 3.245909 4.031829 -4.937250
v 3.247488 4.033726 -4.941087
v 3.246912 4.032975 -4.937536
v 3.247560 4.033740 -4.938366
v 3.247763 4.034001 -4.939612
v 3.368383 3.291258 -4.949939
v 3.366499 3.289223 -4.953922
v 3.367353 3.290097 -4.950248
v 3.366636 3.289302 -4.951114
v 3.366335 3.288994 -4.952404
v 3.732553 2.870660 -4.960237
v 3.730646 2.868598 -4.964226
v 3.731516 2.869488 -4.960547
v 3.730787 2.868685 -4.961414
v 3.730482 2.868371 -4.962704
v 4.038404 3.218528 -4.958091
v 4.040014 3.220461 -4.961935
v 4.039419 3.219689 -4.958377
v 4.040083 3.220465 -4.959209
v 4.040289 3.220736 -4.960459
v 4.334410 2.784726 -4.967878
v 4.335981 2.786810 -4.971739
v 4.335413 2.785948 -4.968164
v 4.336065 2.786773 -4.968999
v 4.336264 2.787076 -4.970252
v 4.034948 2.424229 -4.970281
v 4.033075 2.422016 -4.974277
v 4.033922 2.422999 -4.970594
v 4.033209 2.422146 -4.971462
v 4.032907 2.421801 -4.972756
v 4.697683 1.582394 -4.990127
v 4.701754 1.573366 -4.994445
v 4.699293 1.578966 -4.990513
v 4.700636 1.576046 -4.991468
v 4.701498 1.574078 -4.992850
v 4.585062 2.306411 -4.977871
v 4.585169 2.311461 -4.981697
v 4.585508 2.308771 -4.978136
v 4.585684 2.310560 -4.978956
v 4.585566 2.311505 -4.980209
v 4.437941 1.641809 -4.986483
v 4.437525 1.636637 -4.990544
v 4.437475 1.639447 -4.986818
v 4.437231 1.637635 -4.987706
v 4.437246 1.636648 -4.989014
v 2.452890 4.028952 -4.928972
v 2.450853 4.026991 -4.932954
v 2.451803 4.027819 -4.929281
v 2.451036 4.027049 -4.930145
v 2.450701 4.026757 -4.931435
v 2.775911 4.370206 -4.927109
v 2.777628 4.372018 -4.930956
v 2.776968 4.371321 -4.927396
v 2.777666 4.372058 -4.928228
v 2.777899 4.372304 -4.929477
v 1.390173 4.802033 -4.905916
v 1.381098 4.806009 -4.909910
v 1.386755 4.803580 -4.906173
v 1.383829 4.804881 -4.907022
v 1.381845 4.805734 -4.908334
v 1.504988 4.492105 -4.911894
v 1.499495 4.491761 -4.915815
v 1.502581 4.491591 -4.912179
v 1.500689 4.491345 -4.913024
v 1.499605 4.491404 -4.914301
v 2.238733 4.672034 -4.916823
v 2.243566 4.672158 -4.920748
v 2.240984 4.672505 -4.917135
v 2.242693 4.672696 -4.917990
v 2.243597 4.672572 -4.919258
v 3.640337 3.603519 -5.055850
v 3.636152 3.598863 -5.059725
v 3.639620 3.602744 -5.057327
v 3.638575 3.601586 -5.058582
v 3.637354 3.600224 -5.059424
v 2.964678 3.714907 -5.046921
v 2.968569 3.719439 -5.050862
v 2.965281 3.715635 -5.048435
v 2.966230 3.716750 -5.049717
v 2.967386 3.718087 -5.050568
v 3.212351 3.996608 -5.045307
v 3.208174 3.991961 -5.049180
v 3.211634 3.995834 -5.046785
v 3.210588 3.994679 -5.048039
v 3.209375 3.993318 -5.048879
v 3.392672 3.321830 -5.057463
v 3.396563 3.326362 -5.061405
v 3.393274 3.322555 -5.058978
v 3.394224 3.323672 -5.060260
v 3.395380 3.325010 -5.061112
v 3.756819 2.901200 -5.067757
v 3.760733 2.905762 -5.071704
v 3.757421 2.901931 -5.069274
v 3.758379 2.903054 -5.070555
v 3.759542 2.904399 -5.071409
v 4.004885 3.183350 -5.066137
v 4.000669 3.178662 -5.070020
v 4.004168 3.182573 -5.067617
v 4.003111 3.181409 -5.068875
v 4.001883 3.180034 -5.069719
v 4.300871 2.749712 -5.075904
v 4.296694 2.744828 -5.079807
v 4.300150 2.748917 -5.077389
v 4.299105 2.747709 -5.078654
v 4.297892 2.746272 -5.079501
v 4.059244 2.454614 -5.077800
v 4.063108 2.459365 -5.081746
v 4.059843 2.455359 -5.079317
v 4.060789 2.456525 -5.080601
v 4.061937 2.457929 -5.081454
v 4.697332 1.571161 -5.097852
v 4.692121 1.581662 -5.101793
v 4.696882 1.571932 -5.099426
v 4.695734 1.574200 -5.100727
v 4.694059 1.577617 -5.101558
v 4.550074 2.274381 -5.085813
v 4.547743 2.265723 -5.089816
v 4.549490 2.273294 -5.087315
v 4.548845 2.271269 -5.088603
v 4.548231 2.268609 -5.089482
v 4.463694 1.669233 -5.094057
v 4.465708 1.677729 -5.097934
v 4.464151 1.670263 -5.095573
v 4.464697 1.672239 -5.096841
v 4.465242 1.674859 -5.097669
v 2.477030 4.059597 -5.036494
v 2.481112 4.064038 -5.040440
v 2.477648 4.060318 -5.038009
v 2.478640 4.061414 -5.039292
v 2.479856 4.062720 -5.040146
v 2.742498 4.334906 -5.035160
v 2.738138 4.330359 -5.039038
v 2.741770 4.334138 -5.036639
v 2.740683 4.333004 -5.037895
v 2.739408 4.331677 -5.038738
v 1.376677 4.803805 -5.013291
v 1.386877 4.798974 -5.017641
v 1.377398 4.803410 -5.014900
v 1.379591 4.802353 -5.016291
v 1.382917 4.800796 -5.017255
v 1.525667 4.524365 -5.019352
v 1.534056 4.526786 -5.023376
v 1.526613 4.524932 -5.020873
v 1.528540 4.525592 -5.022174
v 1.531153 4.526242 -5.023052
v 2.208448 4.635058 -5.024918
v 2.200239 4.632583 -5.028739
v 2.207422 4.634448 -5.026397
v 2.205503 4.633761 -5.027642
v 2.202982 4.633106 -5.028464
v 0.826151 4.809302 -4.955742
v 0.826616 4.810977 -4.955720
v 0.824984 4.809958 -4.955719
v 4.713560 1.107585 -5.053385
v 4.715277 1.108128 -5.053395
v 4.714262 1.106438 -5.053410
v 5.099112 3.732672 -3.466129
v 5.103247 3.733962 -3.467565
v 5.099600 3.733654 -3.467228
v 5.100561 3.734243 -3.467888
v 5.101839 3.734351 -3.468005
v 5.040876 3.001972 -3.519590
v 5.044447 2.999790 -3.517132
v 5.040972 3.000923 -3.518412
v 5.041685 3.000139 -3.517531
v 5.042902 2.999741 -3.517082
v 5.101839 3.307151 -3.862012
v 5.105978 3.308431 -3.863440
v 5.102331 3.308127 -3.863108
v 5.103289 3.308715 -3.863765
v 5.104570 3.308822 -3.863881
v 5.038153 3.427514 -3.123730
v 5.041719 3.425331 -3.121268
v 5.038244 3.426466 -3.122551
v 5.038958 3.425681 -3.121669
v 5.040178 3.425282 -3.121218
v 5.027204 3.789405 -2.701183
v 5.030771 3.787198 -2.698697
v 5.027296 3.788345 -2.699994
v 5.028006 3.787554 -2.699104
v 5.029226 3.787150 -2.698649
v 5.088232 4.094912 -3.043974
v 5.092382 4.096224 -3.045435
v 5.088728 4.095902 -3.045085
v 5.089689 4.096500 -3.045753
v 5.090971 4.096614 -3.045876
v 5.070124 4.388860 -2.609039
v 5.074308 4.390135 -2.610651
v 5.070623 4.389838 -2.610210
v 5.071596 4.390424 -2.610928
v 5.072889 4.390528 -2.611082
v 5.008375 4.089688 -2.253615
v 5.011938 4.087515 -2.250975
v 5.008463 4.088641 -2.252367
v 5.009172 4.087862 -2.251427
v 5.010393 4.087466 -2.250938
v 4.980726 4.748111 -1.408620
v 4.984266 4.751834 -1.399115
v 4.980833 4.749684 -1.405155
v 4.981543 4.750947 -1.402132
v 4.982748 4.751700 -1.400011
v 5.043676 4.637518 -2.130312
v 5.048056 4.637340 -2.134888
v 5.044241 4.637944 -2.132622
v 5.045275 4.638060 -2.134302
v 5.046614 4.637850 -2.135098
v 4.964437 4.489455 -1.470606
v 4.967833 4.488726 -1.465005
v 4.964460 4.488961 -1.468225
v 4.965116 4.488650 -1.466324
v 4.966299 4.488567 -1.465194
v 5.033659 2.517042 -3.867891
v 5.037218 2.514706 -3.865504
v 5.033751 2.515932 -3.866739
v 5.034460 2.515098 -3.865881
v 5.035677 2.514667 -3.865448
v 5.095491 2.839637 -4.203903
v 5.099642 2.841058 -4.205246
v 5.095983 2.840669 -4.204969
v 5.096949 2.841303 -4.205598
v 5.098230 2.841440 -4.205695
v 5.020102 1.459958 -4.648880
v 5.023832 1.450611 -4.652461
v 5.020277 1.456531 -4.650424
v 5.021048 1.453553 -4.651645
v 5.022299 1.451475 -4.652360
v 4.998888 1.573657 -4.339211
v 5.002321 1.567883 -4.338474
v 4.998930 1.571234 -4.338691
v 4.999598 1.569284 -4.338368
v 5.000788 1.568108 -4.338291
v 5.079733 2.305108 -4.510170
v 5.083998 2.309628 -4.509794
v 5.080267 2.307329 -4.510581
v 5.081263 2.308968 -4.510653
v 5.082571 2.309777 -4.510379
v 5.199545 3.690986 -3.419056
v 5.202532 3.686513 -3.414027
v 5.200865 3.690158 -3.418123
v 5.201895 3.689017 -3.416840
v 5.202482 3.687737 -3.415401
v 5.152735 3.018069 -3.537355
v 5.157454 3.021653 -3.541365
v 5.154364 3.018557 -3.537897
v 5.155832 3.019410 -3.538850
v 5.156916 3.020497 -3.540068
v 5.202276 3.265454 -3.814929
v 5.205263 3.260990 -3.809909
v 5.203596 3.264626 -3.813997
v 5.204626 3.263489 -3.812716
v 5.205214 3.262210 -3.811280
v 5.150003 3.443610 -3.141491
v 5.154726 3.447196 -3.145503
v 5.151636 3.444096 -3.142034
v 5.153105 3.444951 -3.142987
v 5.154188 3.446038 -3.144205
v 5.139048 3.805476 -2.718918
v 5.143778 3.809088 -2.722957
v 5.140680 3.805966 -2.719463
v 5.142153 3.806825 -2.720422
v 5.143240 3.807920 -2.721649
v 5.188665 4.053256 -2.996935
v 5.191656 4.048751 -2.991872
v 5.189989 4.052422 -2.995999
v 5.191019 4.051277 -2.994707
v 5.191606 4.049987 -2.993259
v 5.170557 4.347181 -2.562166
v 5.173544 4.342717 -2.556905
v 5.171885 4.346351 -2.561212
v 5.172918 4.345211 -2.559877
v 5.173502 4.343935 -2.558365
v 5.120203 4.105792 -2.271195
v 5.124952 4.109353 -2.275420
v 5.121839 4.106278 -2.271754
v 5.123316 4.107125 -2.272753
v 5.124407 4.108205 -2.274041
v 5.086103 4.739579 -1.385076
v 5.090826 4.734095 -1.395106
v 5.087717 4.739011 -1.385667
v 5.089182 4.737767 -1.387781
v 5.090273 4.736042 -1.391095
v 5.144262 4.594406 -2.086426
v 5.147051 4.591770 -2.077388
v 5.145578 4.593713 -2.085182
v 5.146574 4.592967 -2.083027
v 5.147089 4.592286 -2.080290
v 5.076086 4.507001 -1.485223
v 5.081060 4.508725 -1.493196
v 5.077742 4.507348 -1.486068
v 5.079267 4.507798 -1.487880
v 5.080431 4.508283 -1.490383
v 5.145506 2.532985 -3.885726
v 5.150232 2.536761 -3.889643
v 5.147135 2.533488 -3.886261
v 5.148607 2.534382 -3.887194
v 5.149694 2.535531 -3.888382
v 5.195929 2.798087 -4.156744
v 5.198915 2.793438 -4.151824
v 5.197248 2.797247 -4.155818
v 5.198278 2.796067 -4.154558
v 5.198866 2.794730 -4.153156
v 5.125643 1.438360 -4.638426
v 5.130159 1.448195 -4.633027
v 5.127245 1.438957 -4.637840
v 5.128664 1.441037 -4.636610
v 5.129690 1.444280 -4.634918
v 5.110601 1.586161 -4.358695
v 5.115499 1.594220 -4.360553
v 5.112246 1.586990 -4.359073
v 5.113752 1.588813 -4.359560
v 5.114897 1.591350 -4.360080
v 5.180250 2.266672 -4.461308
v 5.183134 2.258194 -4.458489
v 5.181570 2.265537 -4.460541
v 5.182577 2.263526 -4.459735
v 5.183126 2.260950 -4.459016
v 5.027864 0.893792 -4.655907
v 5.028070 0.894256 -4.657570
v 5.027830 0.892629 -4.656574
v 4.989778 4.758632 -0.929554
v 4.989981 4.760348 -0.930075
v 4.989725 4.759331 -0.928404
v 5.163454 4.736547 -0.896786
v 5.167654 1.108883 -4.639332
v 1.013533 5.252586 -4.574747
v 1.000082 4.793417 -5.063136
v 4.691637 1.117712 -5.118132
v 0.026148 5.257947 -5.061938
vt 0.757132 0.733556
vt 0.752506 0.733510
vt 0.754280 0.730986
vt 0.886390 0.772512
vt 0.877609 0.764021
vt 0.887680 0.770496
vt 0.749512 0.731053
vt 0.744544 0.731235
vt 0.746388 0.728734
vt 0.870592 0.730758
vt 0.860394 0.725417
vt 0.861781 0.723540
vt 0.739912 0.724618
vt 0.738620 0.720459
vt 0.741791 0.722179
vt 0.896698 0.778578
vt 0.897962 0.776543
vt 0.910657 0.757571
vt 0.920912 0.765513
vt 0.909452 0.759571
vt 0.889971 0.744909
vt 0.878720 0.739866
vt 0.880040 0.737940
vt 0.745013 0.724120
vt 0.748215 0.726255
vt 0.741286 0.729057
vt 0.743159 0.726579
vt 0.852104 0.718039
vt 0.853531 0.716179
vt 0.832507 0.730177
vt 0.841726 0.735736
vt 0.840304 0.737666
vt 0.848469 0.744903
vt 0.858534 0.750071
vt 0.857166 0.752035
vt 0.843771 0.710006
vt 0.845218 0.708176
vt 0.833234 0.699034
vt 0.834677 0.697242
vt 0.817397 0.713721
vt 0.826399 0.720355
vt 0.824906 0.722245
vt 0.736722 0.722877
vt 0.735473 0.718946
vt 0.818715 0.683568
vt 0.820126 0.681775
vt 0.801509 0.665837
vt 0.802900 0.663936
vt 0.810032 0.704694
vt 0.818939 0.711862
vt 0.730270 0.719974
vt 0.728991 0.716442
vt 0.732289 0.717617
vt 0.907230 0.784255
vt 0.908471 0.782201
vt 0.918324 0.789704
vt 0.919540 0.787627
vt 0.938353 0.770662
vt 0.961431 0.782291
vt 0.937262 0.772698
vt 0.747697 0.733576
vt 0.930272 0.795041
vt 0.931461 0.792951
vt 0.942687 0.800232
vt 0.943857 0.798131
vt 0.962505 0.780269
vt 0.989872 0.793735
vt 0.758779 0.739686
vt 0.753761 0.738872
vt 0.755450 0.736200
vt 0.878919 0.762031
vt 0.888965 0.768485
vt 0.863874 0.741382
vt 0.851419 0.740746
vt 0.855110 0.734205
vt 0.869239 0.732661
vt 0.859004 0.727303
vt 0.850507 0.720178
vt 0.838857 0.719152
vt 0.842160 0.712120
vt 0.899223 0.774513
vt 0.909708 0.780151
vt 0.888686 0.746859
vt 0.897704 0.755424
vt 0.887397 0.748813
vt 0.877396 0.741798
vt 0.898956 0.753443
vt 0.908243 0.761579
vt 0.867834 0.757150
vt 0.849863 0.742957
vt 0.859899 0.748113
vt 0.851253 0.741017
vt 0.842317 0.711841
vt 0.858837 0.727573
vt 0.846888 0.726914
vt 0.833962 0.728265
vt 0.843145 0.733814
vt 0.835414 0.726361
vt 0.817306 0.685355
vt 0.829865 0.709660
vt 0.831670 0.701138
vt 0.827889 0.718474
vt 0.811711 0.702988
vt 0.820475 0.710016
vt 0.800241 0.667864
vt 0.899399 0.774251
vt 0.893309 0.761992
vt 0.903705 0.768085
vt 0.919757 0.767553
vt 0.936171 0.774741
vt 0.920750 0.785555
vt 0.932649 0.790865
vt 0.914698 0.773889
vt 0.920990 0.785323
vt 0.909894 0.779893
vt 0.960360 0.784315
vt 0.988609 0.795765
vt 0.945025 0.796029
vt 0.900203 0.751471
vt 0.767523 0.749427
vt 0.766197 0.742507
vt 0.768164 0.749265
vt 0.766928 0.742514
vt 0.768804 0.749102
vt 0.897530 0.755688
vt 0.908068 0.761843
vt 0.867883 0.734571
vt 0.887226 0.749078
vt 0.762809 0.744326
vt 0.757638 0.743033
vt 0.751311 0.728552
vt 0.935932 0.774971
vt 0.946594 0.787498
vt 0.928433 0.780152
vt 0.715995 0.715107
vt 0.709801 0.715105
vt 0.715895 0.714427
vt 0.709887 0.714382
vt 0.715797 0.713744
vt 0.843309 0.733541
vt 0.866491 0.759131
vt 0.889138 0.768222
vt 0.883134 0.755462
vt 0.869173 0.755175
vt 0.767412 0.749340
vt 0.763004 0.749199
vt 0.765394 0.742513
vt 0.762775 0.739439
vt 0.945103 0.795732
vt 0.933004 0.790682
vt 0.959995 0.784487
vt 0.966617 0.795898
vt 0.726348 0.718590
vt 0.725540 0.715407
vt 0.734802 0.725305
vt 0.733557 0.721346
vt 0.850672 0.719905
vt 0.820521 0.709606
vt 0.819058 0.697582
vt 0.738011 0.727074
vt 0.731620 0.723755
vt 0.873265 0.748526
vt 0.877227 0.742064
vt 0.922061 0.763483
vt 0.833162 0.866832
vt 0.791764 0.875765
vt 0.790988 0.874899
vt 0.919572 0.767811
vt 0.721461 0.717036
vt 0.722220 0.714532
vt 0.717287 0.718529
vt 0.716122 0.715178
vt 0.817281 0.685753
vt 0.806914 0.684932
vt 0.800567 0.668607
vt 0.813604 0.701168
vt 0.770094 0.756050
vt 0.769420 0.756347
vt 0.759948 0.736351
vt 0.770696 0.755693
vt 0.828013 0.718155
vt 0.876293 0.766019
vt 0.867715 0.734839
vt 0.835572 0.726080
vt 0.802666 0.686362
vt 0.728228 0.722335
vt 0.831787 0.700825
vt 0.804580 0.685501
vt 0.813357 0.701328
vt 0.860067 0.747845
vt 0.869342 0.754909
vt 0.879090 0.761766
vt 0.750718 0.736059
vt 0.723682 0.720711
vt 0.878237 0.828860
vt 0.812367 0.776866
vt 0.895708 0.833456
vt 0.729319 0.780727
vt 0.759256 0.822470
vt 0.758412 0.823120
vt 0.733092 0.782809
vt 0.760106 0.821822
vt 0.787730 0.852526
vt 0.798884 0.818715
vt 0.821484 0.835441
vt 0.736358 0.957321
vt 0.691143 0.886406
vt 0.696625 0.885335
vt 0.884011 0.862979
vt 0.833295 0.867824
vt 0.757155 0.909449
vt 0.736381 0.951903
vt 0.756168 0.909046
vt 0.804453 0.801833
vt 0.855206 0.818373
vt 0.768720 0.967084
vt 0.846059 0.936278
vt 0.755763 0.979947
vt 0.703455 0.804000
vt 0.741818 0.838150
vt 0.704411 0.806152
vt 0.791192 0.915253
vt 0.829192 0.917019
vt 0.789478 0.953253
vt 0.770870 0.869012
vt 0.741086 0.838927
vt 0.899090 0.850986
vt 0.850194 0.940767
vt 0.698268 0.785739
vt 0.685114 0.887580
vt 0.693640 0.767613
vt 0.738981 0.974888
vt 0.842081 0.931952
vt 0.882371 0.864210
vt 0.884123 0.863203
vt 0.778414 0.916213
vt 0.791635 0.875882
vt 0.779355 0.916444
vt 0.784852 0.861386
vt 0.746500 0.825710
vt 0.752670 0.824319
vt 0.814201 0.771051
vt 0.913548 0.838407
vt 0.790748 0.874768
vt 0.835034 0.861249
vt 0.833201 0.866641
vt 0.769307 0.966496
vt 0.841292 0.931080
vt 0.638140 0.976056
vt 0.683661 0.955591
vt 0.685668 0.985005
vt 0.777916 0.867615
vt 0.746311 0.825879
vt 0.783060 0.866534
vt 0.832756 0.850255
vt 0.828948 0.846133
vt 0.772653 0.917482
vt 0.778221 0.916232
vt 0.836966 0.855179
vt 0.913631 0.838784
vt 0.836914 0.854931
vt 0.758144 0.909848
vt 0.770907 0.869182
vt 0.772047 0.868939
vt 0.703231 0.804117
vt 0.698320 0.884971
vt 0.696955 0.885267
vt 0.711581 0.773758
vt 0.693927 0.767353
vt 0.736226 0.956482
vt 0.736198 0.954044
vt 0.736484 0.956493
vt 0.786839 0.870501
vt 0.766410 0.918759
vt 0.783269 0.866601
vt 0.703010 0.803312
vt 0.744319 0.831826
vt 0.742634 0.837198
vt 0.786636 0.855910
vt 0.742284 0.992981
vt 0.882253 0.864011
vt 0.833424 0.868818
vt 0.786996 0.854528
vt 0.786629 0.855636
vt 0.810596 0.782469
vt 0.874988 0.828401
vt 0.810166 0.783796
vt 0.706421 0.945358
vt 0.658893 0.936409
vt 0.679646 0.896762
vt 0.729457 0.780517
vt 0.731467 0.781675
vt 0.828834 0.845973
vt 0.787160 0.854582
vt 0.828533 0.844949
vt 0.766169 0.918681
vt 0.761980 0.914133
vt 0.742553 0.837375
vt 0.741921 0.992859
vt 0.733196 0.993955
vt 0.783222 0.866387
vt 0.787346 0.853463
vt 0.733199 0.782620
vt 0.809739 0.785108
vt 0.792388 0.876714
vt 0.780298 0.916673
vt 0.880890 0.865108
vt 0.770422 0.964947
vt 0.840511 0.930213
vt 0.704986 0.808070
vt 0.699672 0.884679
vt 0.769808 0.869416
vt 0.736172 0.951907
vt 0.884766 0.862688
vt 0.842306 0.932199
vt 0.769092 0.966357
vt 0.770233 0.964807
vt 0.771230 0.963513
vt 0.792512 0.876602
vt 0.772279 0.868797
vt 0.768106 0.869843
vt 0.734091 0.877988
vt 0.736569 0.850405
vt 0.717109 0.882054
vt 0.705062 0.830986
vt 0.758226 0.823182
vt 0.728685 0.780218
vt 0.770707 0.818894
vt 0.753700 0.785294
vt 0.787505 0.853515
vt 0.828229 0.843928
vt 0.830925 0.879001
vt 0.868905 0.880785
vt 0.792908 0.877216
vt 0.817109 0.903764
vt 0.758292 0.909977
vt 0.748621 0.901497
vt 0.729156 0.933121
vt 0.705186 0.807982
vt 0.810698 0.782148
vt 0.877405 0.828903
vt 0.874960 0.828650
vt 0.872835 0.828382
vt 0.736932 0.717212
vt 0.741545 0.717309
vt 0.739761 0.719815
vt 0.868636 0.799794
vt 0.860055 0.791540
vt 0.869896 0.797832
vt 0.744521 0.719758
vt 0.749443 0.719542
vt 0.747646 0.722042
vt 0.852625 0.758926
vt 0.842383 0.753927
vt 0.843695 0.752020
vt 0.754172 0.726002
vt 0.755588 0.730098
vt 0.752368 0.728489
vt 0.878627 0.805771
vt 0.879884 0.803802
vt 0.892608 0.785243
vt 0.902654 0.793245
vt 0.891395 0.787212
vt 0.872090 0.772644
vt 0.860866 0.767780
vt 0.862141 0.765850
vt 0.749094 0.726625
vt 0.745852 0.724538
vt 0.752699 0.721637
vt 0.750893 0.724133
vt 0.833929 0.746975
vt 0.835256 0.745098
vt 0.815138 0.759540
vt 0.824348 0.764677
vt 0.823017 0.766610
vt 0.831224 0.773441
vt 0.841202 0.778233
vt 0.839910 0.780187
vt 0.825471 0.739400
vt 0.826823 0.737556
vt 0.814760 0.729036
vt 0.816110 0.727226
vt 0.799780 0.743951
vt 0.808819 0.750134
vt 0.807422 0.752036
vt 0.757398 0.727632
vt 0.758771 0.731498
vt 0.799949 0.714427
vt 0.801261 0.712592
vt 0.782287 0.697885
vt 0.783438 0.696014
vt 0.792285 0.735375
vt 0.801225 0.742081
vt 0.763910 0.730298
vt 0.765305 0.733765
vt 0.761984 0.732712
vt 0.888794 0.811481
vt 0.890049 0.809500
vt 0.899489 0.817096
vt 0.900738 0.815091
vt 0.919687 0.798824
vt 0.941576 0.811330
vt 0.918543 0.800781
vt 0.746312 0.717253
vt 0.911049 0.822699
vt 0.912277 0.820650
vt 0.923282 0.827991
vt 0.924288 0.825912
vt 0.942741 0.809429
vt 0.968349 0.824433
vt 0.735387 0.711056
vt 0.740352 0.711987
vt 0.738643 0.714602
vt 0.861320 0.789588
vt 0.871156 0.795871
vt 0.846242 0.769581
vt 0.833994 0.769289
vt 0.837434 0.762758
vt 0.851332 0.760844
vt 0.841067 0.755837
vt 0.832442 0.749131
vt 0.820980 0.748528
vt 0.823968 0.741527
vt 0.881140 0.801833
vt 0.891302 0.807519
vt 0.870828 0.774588
vt 0.879784 0.783046
vt 0.869566 0.776533
vt 0.859587 0.769714
vt 0.881027 0.781089
vt 0.890178 0.789187
vt 0.850437 0.784951
vt 0.832533 0.771497
vt 0.842493 0.776283
vt 0.833840 0.769558
vt 0.824112 0.741248
vt 0.840912 0.756109
vt 0.829123 0.755863
vt 0.816497 0.757618
vt 0.825677 0.762748
vt 0.817855 0.755705
vt 0.798633 0.716262
vt 0.811841 0.739549
vt 0.813303 0.731153
vt 0.810212 0.748241
vt 0.793867 0.733657
vt 0.802662 0.740223
vt 0.781618 0.699886
vt 0.881315 0.801580
vt 0.875432 0.789514
vt 0.885617 0.795568
vt 0.901472 0.795238
vt 0.917404 0.802743
vt 0.901983 0.813087
vt 0.913491 0.818624
vt 0.896335 0.801436
vt 0.902224 0.812866
vt 0.891489 0.807271
vt 0.940426 0.813225
vt 0.966583 0.826400
vt 0.925275 0.823877
vt 0.882267 0.779136
vt 0.945722 0.829624
vt 0.945917 0.827622
vt 0.946116 0.825617
vt 0.879613 0.783307
vt 0.890003 0.789445
vt 0.850037 0.762765
vt 0.869399 0.776796
vt 0.731426 0.706246
vt 0.736592 0.707746
vt 0.742732 0.722259
vt 0.917162 0.802958
vt 0.927091 0.815666
vt 0.909658 0.807913
vt 0.778275 0.734638
vt 0.784376 0.734424
vt 0.778396 0.735300
vt 0.784286 0.735145
vt 0.778513 0.735964
vt 0.825829 0.762476
vt 0.849161 0.786903
vt 0.871326 0.795614
vt 0.865408 0.783120
vt 0.851713 0.783001
vt 0.727025 0.700828
vt 0.731384 0.701270
vt 0.728741 0.708016
vt 0.731400 0.711212
vt 0.925363 0.823599
vt 0.913840 0.818455
vt 0.940064 0.813368
vt 0.945732 0.825335
vt 0.767858 0.731537
vt 0.768773 0.734673
vt 0.759225 0.725156
vt 0.760595 0.729047
vt 0.832594 0.748858
vt 0.802693 0.739821
vt 0.800829 0.728135
vt 0.755987 0.723513
vt 0.762438 0.726588
vt 0.855620 0.776416
vt 0.859424 0.769981
vt 0.903835 0.791259
vt 0.721309 0.739146
vt 0.725901 0.739230
vt 0.724124 0.741723
vt 0.901285 0.795489
vt 0.772773 0.732912
vt 0.772104 0.735427
vt 0.776876 0.731282
vt 0.778146 0.734572
vt 0.798623 0.716649
vt 0.788630 0.716236
vt 0.781952 0.700599
vt 0.795652 0.731820
vt 0.966950 0.828632
vt 0.967377 0.830719
vt 0.734168 0.714363
vt 0.966533 0.826547
vt 0.810323 0.747925
vt 0.858786 0.793497
vt 0.849878 0.763034
vt 0.818000 0.755424
vt 0.784541 0.717762
vt 0.765857 0.727879
vt 0.813406 0.730843
vt 0.786377 0.716863
vt 0.795416 0.731984
vt 0.842650 0.776017
vt 0.851874 0.782738
vt 0.861486 0.789328
vt 0.743332 0.714798
vt 0.770435 0.729334
vt 0.911917 0.674709
vt 0.919998 0.683458
vt 0.910528 0.676582
vt 0.728858 0.741683
vt 0.733775 0.741509
vt 0.731953 0.743986
vt 0.926283 0.716223
vt 0.936262 0.721536
vt 0.934894 0.723378
vt 0.738397 0.748034
vt 0.739720 0.752153
vt 0.736551 0.750471
vt 0.902426 0.668015
vt 0.901014 0.669869
vt 0.887247 0.689318
vt 0.877220 0.681375
vt 0.888456 0.687361
vt 0.907429 0.702049
vt 0.918409 0.707175
vt 0.917085 0.709049
vt 0.733333 0.748562
vt 0.730141 0.746449
vt 0.737001 0.743650
vt 0.735161 0.746112
vt 0.944389 0.728745
vt 0.943001 0.730559
vt 0.963497 0.716906
vt 0.954499 0.711523
vt 0.955878 0.709652
vt 0.947990 0.702604
vt 0.938273 0.697486
vt 0.939629 0.695597
vt 0.952502 0.736586
vt 0.951089 0.738364
vt 0.962704 0.747308
vt 0.961301 0.749043
vt 0.978259 0.732927
vt 0.969465 0.726478
vt 0.970923 0.724630
vt 0.741584 0.749729
vt 0.742869 0.753626
vt 0.976669 0.762257
vt 0.975308 0.764002
vt 0.993637 0.779136
vt 0.992417 0.781271
vt 0.985354 0.741755
vt 0.976746 0.734753
vt 0.748051 0.752540
vt 0.749364 0.756059
vt 0.746058 0.754917
vt 0.892861 0.661450
vt 0.891425 0.663285
vt 0.882912 0.654790
vt 0.881440 0.656610
vt 0.859991 0.676118
vt 0.836917 0.664390
vt 0.861090 0.674097
vt 0.730662 0.739192
vt 0.872325 0.647758
vt 0.870817 0.649564
vt 0.861327 0.640413
vt 0.859798 0.642224
vt 0.835847 0.666425
vt 0.808106 0.653272
vt 0.719715 0.733018
vt 0.724699 0.733903
vt 0.722999 0.736534
vt 0.918627 0.685356
vt 0.909135 0.678459
vt 0.932970 0.705884
vt 0.945099 0.706619
vt 0.941469 0.712964
vt 0.927630 0.714366
vt 0.937633 0.719689
vt 0.945946 0.726659
vt 0.957304 0.727668
vt 0.954077 0.734535
vt 0.899598 0.671727
vt 0.889985 0.665125
vt 0.908721 0.700151
vt 0.899974 0.691593
vt 0.910018 0.698249
vt 0.919736 0.705296
vt 0.898714 0.693525
vt 0.889672 0.685396
vt 0.929346 0.690440
vt 0.946625 0.704482
vt 0.936920 0.699373
vt 0.945262 0.706358
vt 0.953923 0.734805
vt 0.937798 0.719425
vt 0.949473 0.720097
vt 0.962079 0.718775
vt 0.953121 0.713389
vt 0.960664 0.720636
vt 0.978022 0.760537
vt 0.966050 0.736924
vt 0.964225 0.745277
vt 0.968010 0.728317
vt 0.983757 0.743384
vt 0.975251 0.736554
vt 0.994693 0.776764
vt 0.898527 0.672995
vt 0.904397 0.685171
vt 0.894213 0.679032
vt 0.878383 0.679370
vt 0.862194 0.672069
vt 0.879964 0.658438
vt 0.869307 0.651378
vt 0.883427 0.673187
vt 0.877321 0.661852
vt 0.888221 0.667324
vt 0.837990 0.662350
vt 0.809238 0.651302
vt 0.858270 0.644037
vt 0.897461 0.695450
vt 0.711235 0.722909
vt 0.712130 0.729981
vt 0.710581 0.723034
vt 0.711395 0.729925
vt 0.709925 0.723158
vt 0.900148 0.691335
vt 0.889847 0.685138
vt 0.928979 0.712505
vt 0.910190 0.697991
vt 0.715705 0.728242
vt 0.720905 0.729688
vt 0.727064 0.744159
vt 0.862434 0.671842
vt 0.851934 0.659336
vt 0.869907 0.666847
vt 0.992555 0.759242
vt 0.997240 0.776739
vt 0.990715 0.760070
vt 0.994812 0.776675
vt 0.988883 0.760902
vt 0.952961 0.713655
vt 0.930696 0.688545
vt 0.908605 0.679070
vt 0.914329 0.691763
vt 0.927997 0.692335
vt 0.711339 0.723002
vt 0.715750 0.723330
vt 0.712939 0.730031
vt 0.715703 0.733226
vt 0.853532 0.651238
vt 0.865499 0.656430
vt 0.838356 0.662174
vt 0.831782 0.651288
vt 0.751997 0.753883
vt 0.752839 0.757089
vt 0.743461 0.747292
vt 0.744752 0.751214
vt 0.945784 0.726925
vt 0.975207 0.736953
vt 0.976514 0.748672
vt 0.740255 0.745584
vt 0.746651 0.748788
vt 0.923885 0.698761
vt 0.919906 0.705037
vt 0.876064 0.683369
vt 0.878568 0.679117
vt 0.756954 0.755396
vt 0.756243 0.757998
vt 0.761065 0.753735
vt 0.762327 0.757069
vt 0.978041 0.760156
vt 0.988496 0.760616
vt 0.994364 0.776085
vt 0.981958 0.745136
vt 0.709076 0.716171
vt 0.709779 0.715928
vt 0.718531 0.736339
vt 0.708453 0.716490
vt 0.967889 0.728628
vt 0.921367 0.681563
vt 0.929147 0.712244
vt 0.960510 0.720910
vt 0.750064 0.750144
vt 0.964111 0.745579
vt 0.982195 0.744980
vt 0.936754 0.699631
vt 0.927827 0.692591
vt 0.918451 0.685610
vt 0.727688 0.736721
vt 0.754645 0.751712
vt 0.709768 0.715829
vt 0.709778 0.715848
vt 0.709751 0.715831
vt 0.709806 0.715846
vt 0.709807 0.715867
vt 0.709763 0.715852
vt 0.709741 0.715834
vt 0.709788 0.715867
vt 0.709898 0.715907
vt 0.709900 0.715883
vt 0.709940 0.715901
vt 0.709844 0.715906
vt 0.709846 0.715887
vt 0.709851 0.715865
vt 0.709803 0.715881
vt 0.802965 0.663923
vt 0.803035 0.663985
vt 0.709769 0.715868
vt 0.709791 0.715892
vt 0.769396 0.756342
vt 0.769388 0.756312
vt 0.769425 0.756365
vt 0.769399 0.756359
vt 0.769366 0.756317
vt 0.769353 0.756272
vt 0.769373 0.756337
vt 0.991006 0.791684
vt 0.990988 0.791616
vt 0.991053 0.791715
vt 0.769345 0.756342
vt 0.769352 0.756325
vt 0.769380 0.756357
vt 0.769414 0.756378
vt 0.769319 0.756233
vt 0.769300 0.756242
vt 0.769288 0.756201
vt 0.769335 0.756282
vt 0.769320 0.756289
vt 0.709909 0.714358
vt 0.709939 0.714356
vt 0.800158 0.667833
vt 0.800191 0.667946
vt 0.800184 0.668006
vt 0.800193 0.668119
vt 0.800262 0.668154
vt 0.800321 0.668301
vt 0.800245 0.668072
vt 0.800245 0.667983
vt 0.800187 0.667838
vt 0.800325 0.668050
vt 0.800302 0.668135
vt 0.800448 0.668472
vt 0.800504 0.668446
vt 0.800372 0.668291
vt 0.800417 0.668253
vt 0.770709 0.755664
vt 0.770703 0.755708
vt 0.988375 0.795902
vt 0.988316 0.795850
vt 0.988484 0.795874
vt 0.770715 0.755682
vt 0.988401 0.795839
vt 0.988549 0.795851
vt 0.987946 0.795734
vt 0.987944 0.795796
vt 0.987769 0.795735
vt 0.988162 0.795743
vt 0.988144 0.795800
vt 0.988154 0.795850
vt 0.988320 0.795806
vt 0.988488 0.795810
vt 0.988390 0.795755
vt 0.988675 0.795823
vt 0.790947 0.874918
vt 0.790921 0.874871
vt 0.790910 0.874946
vt 0.790893 0.874885
vt 0.790845 0.874839
vt 0.790871 0.874904
vt 0.790845 0.874858
vt 0.790833 0.874951
vt 0.790878 0.874981
vt 0.790854 0.875019
vt 0.790809 0.874872
vt 0.790851 0.874924
vt 0.790809 0.874835
vt 0.790787 0.874804
vt 0.790780 0.874811
vt 0.703371 0.803982
vt 0.703301 0.803803
vt 0.703166 0.803648
vt 0.703137 0.803585
vt 0.703205 0.803806
vt 0.703268 0.804033
vt 0.703113 0.803554
vt 0.703187 0.803812
vt 0.884249 0.862912
vt 0.884089 0.863014
vt 0.884431 0.862869
vt 0.884284 0.862934
vt 0.884300 0.862957
vt 0.884130 0.863057
vt 0.884142 0.863115
vt 0.884335 0.862984
vt 0.884324 0.862970
vt 0.884464 0.862854
vt 0.884539 0.862824
vt 0.884402 0.862890
vt 0.769119 0.966441
vt 0.768997 0.966591
vt 0.768931 0.966785
vt 0.768891 0.966840
vt 0.769047 0.966674
vt 0.769215 0.966506
vt 0.769060 0.966687
vt 0.768919 0.966798
vt 0.877466 0.828836
vt 0.877664 0.828865
vt 0.877486 0.828779
vt 0.877685 0.828834
vt 0.877871 0.828827
vt 0.877931 0.828835
vt 0.877419 0.828643
vt 0.877708 0.828781
vt 0.877474 0.828719
vt 0.877711 0.828762
vt 0.877888 0.828831
vt 0.772079 0.868779
vt 0.772030 0.868802
vt 0.772008 0.868762
vt 0.772159 0.868798
vt 0.772093 0.868807
vt 0.772044 0.868847
vt 0.772135 0.868828
vt 0.772100 0.868835
vt 0.772169 0.868845
vt 0.772191 0.868816
vt 0.772229 0.868813
vt 0.772227 0.868803
vt 0.772050 0.868894
vt 0.772104 0.868895
vt 0.772105 0.868864
vt 0.736420 0.956748
vt 0.736413 0.956546
vt 0.736363 0.956948
vt 0.736388 0.956765
vt 0.736296 0.956544
vt 0.736314 0.956780
vt 0.736334 0.956780
vt 0.736353 0.957046
vt 0.786752 0.855745
vt 0.786756 0.855691
vt 0.786802 0.855692
vt 0.786696 0.855805
vt 0.786721 0.855743
vt 0.786693 0.855735
vt 0.786710 0.855681
vt 0.786647 0.855858
vt 0.786666 0.855781
vt 0.786664 0.855824
vt 0.786657 0.855861
vt 0.786667 0.855662
vt 0.786639 0.855708
vt 0.786666 0.855725
vt 0.786649 0.855790
vt 0.729142 0.780556
vt 0.729310 0.780642
vt 0.729012 0.780419
vt 0.729144 0.780514
vt 0.729156 0.780488
vt 0.729327 0.780585
vt 0.729370 0.780545
vt 0.729160 0.780444
vt 0.729154 0.780460
vt 0.728982 0.780397
vt 0.728917 0.780347
vt 0.729045 0.780432
vt 0.742308 0.993066
vt 0.742188 0.992962
vt 0.742296 0.993162
vt 0.742158 0.993087
vt 0.742097 0.992936
vt 0.742112 0.993172
vt 0.742052 0.993074
vt 0.741879 0.993606
vt 0.741997 0.993247
vt 0.742237 0.993302
vt 0.741768 0.993152
vt 0.741946 0.993119
vt 0.742032 0.993136
vt 0.742009 0.992900
vt 0.741850 0.992917
vt 0.741959 0.993022
vt 0.741803 0.993003
vt 0.913706 0.838463
vt 0.913581 0.838500
vt 0.913702 0.838304
vt 0.913612 0.838342
vt 0.913606 0.838592
vt 0.913803 0.838461
vt 0.913747 0.838561
vt 0.914298 0.838444
vt 0.913926 0.838524
vt 0.913853 0.838285
vt 0.913955 0.838771
vt 0.913839 0.838631
vt 0.913811 0.838548
vt 0.913622 0.838685
vt 0.913714 0.838817
vt 0.913750 0.838668
vt 0.913810 0.838815
vt 0.783212 0.866594
vt 0.783267 0.866545
vt 0.783160 0.866580
vt 0.783215 0.866543
vt 0.783259 0.866492
vt 0.783183 0.866508
vt 0.783213 0.866501
vt 0.783094 0.866489
vt 0.783110 0.866561
vt 0.783132 0.866450
vt 0.783137 0.866517
vt 0.783174 0.866536
vt 0.783244 0.866440
vt 0.783174 0.866417
vt 0.783198 0.866462
vt 0.783163 0.866485
vt 0.693553 0.767591
vt 0.693705 0.767538
vt 0.693476 0.767531
vt 0.693609 0.767447
vt 0.693772 0.767470
vt 0.693558 0.767364
vt 0.693675 0.767361
vt 0.693300 0.766947
vt 0.693552 0.767225
vt 0.693385 0.767410
vt 0.693752 0.767079
vt 0.693690 0.767246
vt 0.693631 0.767313
vt 0.693846 0.767409
vt 0.693914 0.767264
vt 0.693767 0.767306
vt 0.693863 0.767183
vt 0.880779 0.864921
vt 0.880791 0.865002
vt 0.880726 0.864983
vt 0.880871 0.864988
vt 0.880845 0.864961
vt 0.880738 0.865041
vt 0.880666 0.865043
vt 0.880773 0.865042
vt 0.880817 0.865050
vt 0.880883 0.865024
vt 0.880795 0.865116
vt 0.880753 0.865071
vt 0.880817 0.865019
vt 0.880600 0.865102
vt 0.880621 0.865143
vt 0.881860 0.865620
vt 0.880689 0.865084
vt 0.880708 0.865127
vt 0.792529 0.876642
vt 0.792475 0.876624
vt 0.792539 0.876682
vt 0.792493 0.876661
vt 0.792443 0.876650
vt 0.792482 0.876693
vt 0.792468 0.876678
vt 0.792504 0.876759
vt 0.792545 0.876722
vt 0.791289 0.875384
vt 0.792464 0.876749
vt 0.792505 0.876719
vt 0.792476 0.876714
vt 0.792503 0.876689
vt 0.792414 0.876679
vt 0.792426 0.876734
vt 0.792449 0.876701
vt 0.771310 0.963534
vt 0.771262 0.963584
vt 0.771297 0.963467
vt 0.771354 0.963485
vt 0.771287 0.963612
vt 0.771351 0.963520
vt 0.771323 0.963562
vt 0.771469 0.963379
vt 0.771430 0.963354
vt 0.771819 0.964636
vt 0.771443 0.963463
vt 0.771402 0.963440
vt 0.771364 0.963413
vt 0.771405 0.963644
vt 0.771354 0.963565
vt 0.771423 0.963550
vt 0.771321 0.963628
vt 0.771382 0.963503
vt 0.769790 0.869292
vt 0.769736 0.869276
vt 0.769773 0.869253
vt 0.769801 0.869332
vt 0.769754 0.869312
vt 0.769704 0.869301
vt 0.769765 0.869340
vt 0.769729 0.869329
vt 0.769765 0.869411
vt 0.769807 0.869373
vt 0.769726 0.869401
vt 0.769767 0.869370
vt 0.769744 0.869345
vt 0.769676 0.869331
vt 0.769688 0.869385
vt 0.771467 0.868969
vt 0.769710 0.869352
vt 0.769737 0.869365
vt 0.705128 0.808042
vt 0.705108 0.807976
vt 0.705193 0.808064
vt 0.705149 0.808105
vt 0.705072 0.807983
vt 0.705120 0.808085
vt 0.705097 0.808040
vt 0.705185 0.808257
vt 0.705225 0.808235
vt 0.703891 0.807946
vt 0.705123 0.808192
vt 0.705164 0.808169
vt 0.705207 0.808148
vt 0.705079 0.808065
vt 0.705059 0.808132
vt 0.705040 0.808005
vt 0.705119 0.808120
vt 0.736318 0.951854
vt 0.736365 0.951807
vt 0.736320 0.951931
vt 0.736280 0.951876
vt 0.736306 0.951789
vt 0.736346 0.951723
vt 0.736281 0.951820
vt 0.736241 0.951853
vt 0.736238 0.951933
vt 0.736196 0.951801
vt 0.736258 0.951787
vt 0.736324 0.951644
vt 0.736257 0.951640
vt 0.735394 0.952356
vt 0.736286 0.951721
vt 0.736225 0.951717
vt 0.872792 0.828315
vt 0.872868 0.828324
vt 0.872740 0.828358
vt 0.872728 0.828297
vt 0.872817 0.828279
vt 0.872879 0.828285
vt 0.872762 0.828275
vt 0.872585 0.828233
vt 0.872582 0.828300
vt 0.873404 0.827471
vt 0.872664 0.828209
vt 0.872662 0.828270
vt 0.872658 0.828330
vt 0.872731 0.828249
vt 0.872858 0.828175
vt 0.872798 0.828239
vt 0.872751 0.828189
vt 0.787462 0.853509
vt 0.787504 0.853471
vt 0.787422 0.853499
vt 0.787463 0.853469
vt 0.787498 0.853431
vt 0.787434 0.853463
vt 0.787462 0.853438
vt 0.787372 0.853428
vt 0.787384 0.853484
vt 0.787401 0.853399
vt 0.787407 0.853450
vt 0.787440 0.853443
vt 0.787486 0.853391
vt 0.787433 0.853374
vt 0.786882 0.855096
vt 0.787451 0.853410
vt 0.787426 0.853427
vt 0.733157 0.782758
vt 0.733173 0.782824
vt 0.733104 0.782696
vt 0.733093 0.782732
vt 0.733217 0.782785
vt 0.733254 0.782846
vt 0.733200 0.782754
vt 0.733185 0.782712
vt 0.733129 0.782667
vt 0.733253 0.782698
vt 0.733235 0.782757
vt 0.733158 0.782727
vt 0.733338 0.782874
vt 0.733364 0.782835
vt 0.733171 0.781541
vt 0.733279 0.782806
vt 0.733306 0.782768
vt 0.784459 0.733698
vt 0.784448 0.733678
vt 0.784477 0.733698
vt 0.784418 0.733682
vt 0.784415 0.733661
vt 0.784465 0.733673
vt 0.784486 0.733694
vt 0.784436 0.733660
vt 0.784321 0.733626
vt 0.784320 0.733649
vt 0.784280 0.733633
vt 0.784373 0.733625
vt 0.784373 0.733644
vt 0.784370 0.733666
vt 0.784418 0.733645
vt 0.783497 0.695996
vt 0.783568 0.696049
vt 0.783370 0.695976
vt 0.783453 0.695961
vt 0.783605 0.696016
vt 0.783714 0.696109
vt 0.783547 0.695979
vt 0.725189 0.693440
vt 0.725213 0.693445
vt 0.725220 0.693475
vt 0.725184 0.693424
vt 0.725211 0.693427
vt 0.725241 0.693471
vt 0.725254 0.693515
vt 0.725235 0.693451
vt 0.969540 0.822433
vt 0.969528 0.822366
vt 0.969582 0.822464
vt 0.969449 0.822319
vt 0.969462 0.822270
vt 0.969580 0.822393
vt 0.969520 0.822310
vt 0.725289 0.693556
vt 0.725311 0.693546
vt 0.725321 0.693591
vt 0.725273 0.693504
vt 0.725288 0.693497
vt 0.725254 0.693463
vt 0.781502 0.699937
vt 0.781567 0.700023
vt 0.781568 0.700129
vt 0.781545 0.699862
vt 0.781573 0.699968
vt 0.781639 0.700165
vt 0.781702 0.700308
vt 0.781624 0.700085
vt 0.781623 0.700001
vt 0.781570 0.699865
vt 0.781700 0.700063
vt 0.781679 0.700145
vt 0.781831 0.700471
vt 0.781885 0.700444
vt 0.781752 0.700297
vt 0.781795 0.700258
vt 0.966427 0.826479
vt 0.966605 0.826519
vt 0.966330 0.826485
vt 0.966283 0.826435
vt 0.966488 0.826466
vt 0.966358 0.826436
vt 0.965953 0.826307
vt 0.965947 0.826364
vt 0.965787 0.826297
vt 0.966151 0.826330
vt 0.966131 0.826380
vt 0.966137 0.826425
vt 0.966290 0.826397
vt 0.966443 0.826419
vt 0.966359 0.826357
vt 0.966638 0.826495
vt 0.768521 0.756118
vt 0.768494 0.756107
vt 0.768538 0.756101
vt 0.768465 0.756131
vt 0.768453 0.756106
vt 0.768505 0.756092
vt 0.768542 0.756087
vt 0.768473 0.756095
vt 0.768359 0.756079
vt 0.768358 0.756101
vt 0.768318 0.756085
vt 0.768408 0.756077
vt 0.768409 0.756095
vt 0.768407 0.756116
vt 0.768451 0.756090
vt 0.768510 0.756071
vt 0.768488 0.756084
vt 0.768459 0.756075
vt 0.709802 0.715936
vt 0.709807 0.715964
vt 0.709776 0.715910
vt 0.709802 0.715919
vt 0.709829 0.715961
vt 0.709839 0.716005
vt 0.709823 0.715942
vt 0.709807 0.715903
vt 0.709818 0.715924
vt 0.709789 0.715898
vt 0.709850 0.715936
vt 0.709843 0.715953
vt 0.709871 0.716045
vt 0.709890 0.716037
vt 0.709900 0.716078
vt 0.709857 0.715996
vt 0.709873 0.715990
vt 0.994720 0.776604
vt 0.994698 0.776516
vt 0.994797 0.776779
vt 0.994726 0.776660
vt 0.994638 0.776490
vt 0.994587 0.776362
vt 0.994660 0.776556
vt 0.994671 0.776635
vt 0.994760 0.776781
vt 0.994591 0.776581
vt 0.994606 0.776508
vt 0.994474 0.776210
vt 0.994424 0.776233
vt 0.994543 0.776371
vt 0.994504 0.776405
vt 0.708439 0.716518
vt 0.708447 0.716475
vt 0.708446 0.716546
vt 0.708433 0.716563
vt 0.708434 0.716500
vt 0.708430 0.716539
vt 0.809869 0.651303
vt 0.809870 0.651237
vt 0.810053 0.651299
vt 0.809650 0.651300
vt 0.809666 0.651243
vt 0.708428 0.716619
vt 0.708442 0.716613
vt 0.708439 0.716681
vt 0.809492 0.651247
vt 0.809492 0.651204
vt 0.809340 0.651256
vt 0.809431 0.651299
vt 0.809175 0.651253
vt 0.809285 0.651225
vt 0.809414 0.651223
vt 0.745026 0.724103
vt 0.748227 0.726238
vt 0.745036 0.724089
vt 0.748237 0.726224
vt 0.745045 0.724075
vt 0.748247 0.726210
vt 0.866455 0.759182
vt 0.876258 0.766071
vt 0.741803 0.722162
vt 0.741813 0.722148
vt 0.741822 0.722134
vt 0.857129 0.752086
vt 0.744531 0.731252
vt 0.747685 0.733594
vt 0.744520 0.731267
vt 0.747674 0.733608
vt 0.744510 0.731282
vt 0.890007 0.744856
vt 0.750706 0.736076
vt 0.750695 0.736091
vt 0.747663 0.733623
vt 0.900237 0.751416
vt 0.754292 0.730969
vt 0.751323 0.728536
vt 0.754302 0.730955
vt 0.751333 0.728522
vt 0.754313 0.730942
vt 0.896665 0.778632
vt 0.751344 0.728508
vt 0.886357 0.772565
vt 0.741273 0.729074
vt 0.737998 0.727090
vt 0.741262 0.729089
vt 0.737987 0.727105
vt 0.741252 0.729104
vt 0.737978 0.727121
vt 0.880078 0.737888
vt 0.870630 0.730706
vt 0.734788 0.725322
vt 0.731607 0.723772
vt 0.734777 0.725337
vt 0.731596 0.723787
vt 0.853615 0.716091
vt 0.861821 0.723489
vt 0.853573 0.716130
vt 0.734768 0.725352
vt 0.738633 0.720442
vt 0.738643 0.720428
vt 0.738652 0.720413
vt 0.848430 0.744953
vt 0.735486 0.718930
vt 0.735496 0.718916
vt 0.735504 0.718901
vt 0.840264 0.737715
vt 0.732303 0.717600
vt 0.732313 0.717586
vt 0.732321 0.717571
vt 0.832466 0.730225
vt 0.729009 0.716428
vt 0.729023 0.716415
vt 0.729033 0.716400
vt 0.824860 0.722290
vt 0.728214 0.722351
vt 0.723663 0.720726
vt 0.728202 0.722366
vt 0.723648 0.720739
vt 0.834774 0.697171
vt 0.845262 0.708128
vt 0.834722 0.697198
vt 0.845307 0.708093
vt 0.722217 0.714513
vt 0.716075 0.715162
vt 0.722213 0.714495
vt 0.716035 0.715145
vt 0.722209 0.714478
vt 0.716007 0.715127
vt 0.722200 0.714459
vt 0.725569 0.715396
vt 0.725592 0.715386
vt 0.725608 0.715372
vt 0.809993 0.704748
vt 0.817344 0.713759
vt 0.717257 0.718539
vt 0.717232 0.718549
vt 0.803179 0.664053
vt 0.820176 0.681736
vt 0.820242 0.681725
vt 0.753749 0.738890
vt 0.753739 0.738905
vt 0.750683 0.736105
vt 0.910689 0.757515
vt 0.757631 0.743056
vt 0.757624 0.743074
vt 0.753727 0.738919
vt 0.922091 0.763426
vt 0.759955 0.736330
vt 0.757143 0.733538
vt 0.759961 0.736312
vt 0.757153 0.733524
vt 0.759971 0.736297
vt 0.918298 0.789762
vt 0.757164 0.733510
vt 0.907199 0.784310
vt 0.767444 0.749375
vt 0.767475 0.749405
vt 0.767501 0.749424
vt 0.765412 0.742506
vt 0.765429 0.742501
vt 0.765446 0.742497
vt 0.765466 0.742497
vt 0.763006 0.749231
vt 0.763007 0.749258
vt 0.757614 0.743090
vt 0.962520 0.780206
vt 0.938376 0.770602
vt 0.763003 0.749279
vt 0.990902 0.791574
vt 0.762774 0.739409
vt 0.762774 0.739383
vt 0.942651 0.800287
vt 0.762779 0.739364
vt 0.930254 0.795102
vt 0.878960 0.761968
vt 0.869214 0.755113
vt 0.879005 0.761899
vt 0.869258 0.755044
vt 0.879049 0.761830
vt 0.869302 0.754973
vt 0.859941 0.748051
vt 0.859985 0.747982
vt 0.860028 0.747911
vt 0.897663 0.755487
vt 0.887356 0.748875
vt 0.897618 0.755555
vt 0.887312 0.748944
vt 0.897573 0.755624
vt 0.887267 0.749013
vt 0.908203 0.761643
vt 0.908158 0.761711
vt 0.908112 0.761780
vt 0.889006 0.768422
vt 0.899264 0.774450
vt 0.889051 0.768353
vt 0.899309 0.774382
vt 0.889096 0.768285
vt 0.899356 0.774314
vt 0.867841 0.734633
vt 0.877355 0.741860
vt 0.867797 0.734703
vt 0.877310 0.741929
vt 0.867754 0.734773
vt 0.877267 0.741999
vt 0.850629 0.719967
vt 0.858961 0.727365
vt 0.850585 0.720037
vt 0.858917 0.727434
vt 0.850544 0.720110
vt 0.858875 0.727505
vt 0.851295 0.740955
vt 0.851339 0.740884
vt 0.851381 0.740813
vt 0.843188 0.733752
vt 0.843231 0.733681
vt 0.843273 0.733608
vt 0.835457 0.726299
vt 0.835499 0.726226
vt 0.835538 0.726151
vt 0.827930 0.718409
vt 0.827965 0.718328
vt 0.827993 0.718240
vt 0.831747 0.700889
vt 0.842273 0.711903
vt 0.831714 0.700967
vt 0.842232 0.711974
vt 0.831688 0.701053
vt 0.842193 0.712049
vt 0.806579 0.684634
vt 0.813411 0.701280
vt 0.806676 0.684696
vt 0.813473 0.701234
vt 0.806790 0.684802
vt 0.813539 0.701196
vt 0.715805 0.713721
vt 0.820511 0.709944
vt 0.820529 0.709844
vt 0.820532 0.709726
vt 0.817274 0.685425
vt 0.817261 0.685522
vt 0.817265 0.685636
vt 0.919717 0.767617
vt 0.919671 0.767685
vt 0.919620 0.767751
vt 0.936129 0.774803
vt 0.936071 0.774864
vt 0.936002 0.774921
vt 0.909749 0.780087
vt 0.920794 0.785493
vt 0.909797 0.780020
vt 0.920854 0.785431
vt 0.909847 0.779953
vt 0.920922 0.785373
vt 0.770700 0.755636
vt 0.967010 0.796101
vt 0.966919 0.796034
vt 0.966780 0.795965
vt 0.967041 0.796168
vt 0.945052 0.795959
vt 0.945075 0.795882
vt 0.945092 0.795804
vt 0.960308 0.784372
vt 0.960223 0.784421
vt 0.960113 0.784459
vt 0.932702 0.790807
vt 0.932787 0.790755
vt 0.932892 0.790713
vt 0.989924 0.793760
vt 0.988657 0.795801
vt 0.770099 0.756077
vt 0.769424 0.756375
vt 0.770098 0.756068
vt 0.801464 0.665799
vt 0.802853 0.663905
vt 0.709783 0.715109
vt 0.709870 0.714381
vt 0.836979 0.855111
vt 0.836975 0.855047
vt 0.836953 0.854987
vt 0.746341 0.825817
vt 0.746435 0.825733
vt 0.746382 0.825768
vt 0.814355 0.770561
vt 0.814316 0.770684
vt 0.814239 0.770930
vt 0.814278 0.770806
vt 0.766221 0.918726
vt 0.766278 0.918754
vt 0.766341 0.918764
vt 0.850539 0.941146
vt 0.850454 0.941051
vt 0.850280 0.940860
vt 0.850368 0.940956
vt 0.684612 0.887679
vt 0.684737 0.887653
vt 0.684990 0.887604
vt 0.684863 0.887628
vt 0.833161 0.866786
vt 0.833169 0.866739
vt 0.884499 0.862833
vt 0.833183 0.866691
vt 0.884625 0.862756
vt 0.768803 0.966951
vt 0.778273 0.916219
vt 0.778321 0.916210
vt 0.778369 0.916207
vt 0.884653 0.862760
vt 0.842247 0.932135
vt 0.842191 0.932073
vt 0.842137 0.932014
vt 0.768803 0.966980
vt 0.768876 0.966878
vt 0.742581 0.837338
vt 0.742603 0.837295
vt 0.742619 0.837249
vt 0.703084 0.803452
vt 0.758185 0.909870
vt 0.758223 0.909900
vt 0.736364 0.957013
vt 0.758257 0.909936
vt 0.736369 0.957162
vt 0.736351 0.957180
vt 0.696711 0.885318
vt 0.696793 0.885301
vt 0.696873 0.885285
vt 0.703060 0.803439
vt 0.878079 0.828854
vt 0.828910 0.846094
vt 0.828878 0.846056
vt 0.828852 0.846016
vt 0.758279 0.823173
vt 0.758327 0.823161
vt 0.758372 0.823144
vt 0.728816 0.780306
vt 0.728947 0.780377
vt 0.728804 0.780280
vt 0.810672 0.782232
vt 0.810646 0.782311
vt 0.810621 0.782389
vt 0.878101 0.828839
vt 0.877969 0.828827
vt 0.833407 0.868955
vt 0.833419 0.868908
vt 0.833426 0.868862
vt 0.833096 0.872076
vt 0.780342 0.916679
vt 0.780389 0.916678
vt 0.780437 0.916670
vt 0.783514 0.916671
vt 0.840457 0.930153
vt 0.840403 0.930094
vt 0.840350 0.930034
vt 0.837562 0.926921
vt 0.739541 0.841757
vt 0.741019 0.839049
vt 0.741037 0.839003
vt 0.741058 0.838962
vt 0.756057 0.908962
vt 0.756092 0.908996
vt 0.756128 0.909025
vt 0.753570 0.907017
vt 0.699751 0.884661
vt 0.699829 0.884644
vt 0.699907 0.884627
vt 0.703981 0.883770
vt 0.828212 0.843886
vt 0.828188 0.843847
vt 0.828157 0.843809
vt 0.826507 0.841088
vt 0.760144 0.821798
vt 0.760187 0.821781
vt 0.760234 0.821768
vt 0.763055 0.820526
vt 0.809714 0.785185
vt 0.809690 0.785260
vt 0.809664 0.785337
vt 0.808415 0.789376
vt 0.791731 0.875794
vt 0.791699 0.875823
vt 0.791667 0.875852
vt 0.770366 0.964905
vt 0.770327 0.964876
vt 0.770289 0.964848
vt 0.704347 0.806180
vt 0.704303 0.806199
vt 0.704260 0.806218
vt 0.704197 0.806246
vt 0.736451 0.954040
vt 0.736325 0.954042
vt 0.736279 0.951938
vt 0.736375 0.954041
vt 0.736274 0.954043
vt 0.787078 0.854555
vt 0.787037 0.854541
vt 0.787119 0.854568
vt 0.872878 0.828243
vt 0.874969 0.828576
vt 0.874979 0.828476
vt 0.874974 0.828526
vt 0.882288 0.864069
vt 0.882336 0.864150
vt 0.882312 0.864109
vt 0.770898 0.869139
vt 0.770889 0.869097
vt 0.770880 0.869054
vt 0.731434 0.781735
vt 0.731388 0.781817
vt 0.731411 0.781776
vt 0.731355 0.781877
vt 0.749082 0.726642
vt 0.745840 0.724555
vt 0.749072 0.726656
vt 0.745830 0.724569
vt 0.858723 0.793591
vt 0.849127 0.786954
vt 0.858752 0.793548
vt 0.752356 0.728506
vt 0.752346 0.728520
vt 0.849096 0.786996
vt 0.839875 0.780237
vt 0.749456 0.719525
vt 0.882358 0.778984
vt 0.872156 0.772544
vt 0.872188 0.772497
vt 0.882330 0.779033
vt 0.872125 0.772591
vt 0.746325 0.717236
vt 0.892690 0.785087
vt 0.892666 0.785138
vt 0.882301 0.779082
vt 0.739749 0.719832
vt 0.742720 0.722275
vt 0.739738 0.719846
vt 0.868576 0.799891
vt 0.878595 0.805824
vt 0.878570 0.805870
vt 0.742710 0.722290
vt 0.868603 0.799846
vt 0.752711 0.721620
vt 0.755999 0.723495
vt 0.852737 0.758789
vt 0.862211 0.765752
vt 0.852698 0.758831
vt 0.862177 0.765797
vt 0.852662 0.758874
vt 0.862247 0.765708
vt 0.759238 0.725139
vt 0.762451 0.726570
vt 0.835379 0.744971
vt 0.843771 0.751927
vt 0.835335 0.745009
vt 0.843733 0.751969
vt 0.835295 0.745048
vt 0.843813 0.751888
vt 0.755576 0.730115
vt 0.755566 0.730130
vt 0.755558 0.730145
vt 0.752338 0.728535
vt 0.831187 0.773491
vt 0.758759 0.731515
vt 0.758749 0.731529
vt 0.758742 0.731545
vt 0.822980 0.766660
vt 0.761971 0.732728
vt 0.761961 0.732743
vt 0.761954 0.732758
vt 0.815099 0.759588
vt 0.765287 0.733780
vt 0.765274 0.733793
vt 0.765264 0.733809
vt 0.807379 0.752081
vt 0.765870 0.727862
vt 0.770453 0.729319
vt 0.765881 0.727847
vt 0.770468 0.729305
vt 0.816203 0.727153
vt 0.826864 0.737508
vt 0.816153 0.727181
vt 0.762461 0.726555
vt 0.826906 0.737472
vt 0.772107 0.735447
vt 0.778193 0.734587
vt 0.772112 0.735464
vt 0.778234 0.734602
vt 0.772117 0.735482
vt 0.778262 0.734619
vt 0.772127 0.735500
vt 0.768744 0.734685
vt 0.768721 0.734697
vt 0.768706 0.734710
vt 0.792249 0.735430
vt 0.799730 0.743990
vt 0.776906 0.731271
vt 0.776930 0.731261
vt 0.801309 0.712551
vt 0.801373 0.712537
vt 0.743344 0.714781
vt 0.903902 0.791096
vt 0.903886 0.791151
vt 0.892640 0.785188
vt 0.740364 0.711969
vt 0.919718 0.798649
vt 0.919721 0.798711
vt 0.903865 0.791203
vt 0.734160 0.714384
vt 0.736921 0.717229
vt 0.734153 0.714402
vt 0.888741 0.811582
vt 0.899462 0.817152
vt 0.899450 0.817205
vt 0.736911 0.717244
vt 0.888762 0.811534
vt 0.726994 0.700789
vt 0.726964 0.700757
vt 0.726938 0.700737
vt 0.726915 0.700732
vt 0.728722 0.708023
vt 0.728705 0.708027
vt 0.728687 0.708028
vt 0.945689 0.829686
vt 0.736600 0.707724
vt 0.942711 0.809228
vt 0.942747 0.809304
vt 0.919712 0.798767
vt 0.942760 0.809369
vt 0.731383 0.701238
vt 0.969221 0.822089
vt 0.969333 0.822201
vt 0.731400 0.711242
vt 0.911041 0.822822
vt 0.923253 0.828048
vt 0.923215 0.828089
vt 0.731400 0.711268
vt 0.911030 0.822759
vt 0.861360 0.789527
vt 0.851752 0.782939
vt 0.861403 0.789459
vt 0.851794 0.782871
vt 0.861446 0.789391
vt 0.851836 0.782801
vt 0.842532 0.776222
vt 0.842574 0.776152
vt 0.842614 0.776082
vt 0.879744 0.783108
vt 0.869526 0.776595
vt 0.879700 0.783176
vt 0.869483 0.776664
vt 0.879655 0.783244
vt 0.869439 0.776732
vt 0.890138 0.789249
vt 0.890093 0.789316
vt 0.890047 0.789383
vt 0.871196 0.795810
vt 0.881180 0.801772
vt 0.871240 0.795743
vt 0.881225 0.801706
vt 0.871285 0.795676
vt 0.881272 0.801640
vt 0.849997 0.762827
vt 0.859547 0.769777
vt 0.849956 0.762897
vt 0.859505 0.769846
vt 0.849915 0.762968
vt 0.859463 0.769915
vt 0.832554 0.748920
vt 0.841027 0.755900
vt 0.832514 0.748990
vt 0.840986 0.755970
vt 0.832476 0.749063
vt 0.840947 0.756042
vt 0.833879 0.769496
vt 0.833920 0.769426
vt 0.833959 0.769355
vt 0.825716 0.762686
vt 0.825756 0.762616
vt 0.825795 0.762543
vt 0.817894 0.755642
vt 0.817933 0.755570
vt 0.817969 0.755495
vt 0.810250 0.748176
vt 0.810282 0.748096
vt 0.810306 0.748009
vt 0.813369 0.730906
vt 0.824072 0.741310
vt 0.813339 0.730984
vt 0.824033 0.741382
vt 0.813318 0.731070
vt 0.823999 0.741456
vt 0.788295 0.715958
vt 0.795467 0.731935
vt 0.788391 0.716015
vt 0.795527 0.731889
vt 0.788506 0.716114
vt 0.795590 0.731849
vt 0.784235 0.735173
vt 0.778506 0.735986
vt 0.802694 0.740152
vt 0.802709 0.740053
vt 0.802707 0.739938
vt 0.798604 0.716331
vt 0.798595 0.716425
vt 0.798603 0.716536
vt 0.901432 0.795300
vt 0.901384 0.795366
vt 0.901333 0.795430
vt 0.917360 0.802802
vt 0.917301 0.802859
vt 0.917232 0.802912
vt 0.891343 0.807458
vt 0.902028 0.813028
vt 0.891391 0.807393
vt 0.902088 0.812968
vt 0.891442 0.807329
vt 0.902156 0.812913
vt 0.946091 0.825552
vt 0.946009 0.825482
vt 0.945882 0.825409
vt 0.925303 0.823812
vt 0.925329 0.823740
vt 0.925350 0.823667
vt 0.940373 0.813276
vt 0.940287 0.813318
vt 0.940179 0.813348
vt 0.913543 0.818568
vt 0.913627 0.818520
vt 0.913730 0.818482
vt 0.968401 0.824466
vt 0.966625 0.826458
vt 0.723789 0.693886
vt 0.724497 0.693669
vt 0.723793 0.693903
vt 0.724497 0.693642
vt 0.725184 0.693414
vt 0.724497 0.693651
vt 0.782241 0.697857
vt 0.783393 0.695990
vt 0.782187 0.697847
vt 0.783344 0.695968
vt 0.784394 0.734420
vt 0.784304 0.735146
vt 0.733321 0.748579
vt 0.730129 0.746465
vt 0.921466 0.681430
vt 0.930765 0.688455
vt 0.921434 0.681471
vt 0.930733 0.688496
vt 0.921403 0.681513
vt 0.736539 0.750488
vt 0.930800 0.688416
vt 0.939700 0.695509
vt 0.939666 0.695548
vt 0.733788 0.741492
vt 0.730674 0.739175
vt 0.733798 0.741477
vt 0.730685 0.739160
vt 0.733809 0.741463
vt 0.907393 0.702101
vt 0.727700 0.736704
vt 0.727711 0.736689
vt 0.730696 0.739146
vt 0.897426 0.695504
vt 0.724112 0.741740
vt 0.912012 0.674573
vt 0.902491 0.667922
vt 0.902518 0.667877
vt 0.911983 0.674617
vt 0.902462 0.667966
vt 0.727052 0.744175
vt 0.911953 0.674659
vt 0.737014 0.743633
vt 0.740268 0.745567
vt 0.737025 0.743618
vt 0.740278 0.745553
vt 0.737035 0.743603
vt 0.740288 0.745537
vt 0.917048 0.709100
vt 0.926245 0.716273
vt 0.743474 0.747275
vt 0.746664 0.748771
vt 0.743484 0.747260
vt 0.746675 0.748756
vt 0.743494 0.747244
vt 0.746683 0.748740
vt 0.934854 0.723427
vt 0.942960 0.730608
vt 0.739708 0.752170
vt 0.939737 0.695472
vt 0.948064 0.702518
vt 0.948028 0.702555
vt 0.742857 0.753642
vt 0.948104 0.702483
vt 0.955955 0.709568
vt 0.955917 0.709604
vt 0.746044 0.754933
vt 0.955997 0.709537
vt 0.963578 0.716825
vt 0.963537 0.716859
vt 0.749346 0.756074
vt 0.749332 0.756087
vt 0.746034 0.754947
vt 0.970967 0.724586
vt 0.750078 0.750127
vt 0.754664 0.751697
vt 0.750089 0.750112
vt 0.754678 0.751683
vt 0.750098 0.750096
vt 0.754689 0.751668
vt 0.754695 0.751649
vt 0.750104 0.750076
vt 0.756246 0.758018
vt 0.762375 0.757083
vt 0.756250 0.758036
vt 0.762415 0.757097
vt 0.756258 0.758053
vt 0.992602 0.759191
vt 0.985397 0.741708
vt 0.762443 0.757114
vt 0.999536 0.776525
vt 0.752809 0.757100
vt 0.752786 0.757111
vt 0.971016 0.724560
vt 0.978310 0.732890
vt 0.978374 0.732883
vt 0.761094 0.753724
vt 0.761119 0.753713
vt 0.761135 0.753700
vt 0.761143 0.753682
vt 0.724711 0.733886
vt 0.724721 0.733870
vt 0.727723 0.736675
vt 0.887215 0.689373
vt 0.720912 0.729666
vt 0.720920 0.729647
vt 0.724733 0.733857
vt 0.876034 0.683426
vt 0.718523 0.736360
vt 0.892946 0.661307
vt 0.882964 0.654687
vt 0.882972 0.654631
vt 0.892924 0.661355
vt 0.882946 0.654738
vt 0.721298 0.739163
vt 0.892897 0.661400
vt 0.711310 0.722965
vt 0.711282 0.722934
vt 0.711257 0.722914
vt 0.712920 0.730038
vt 0.712903 0.730041
vt 0.712885 0.730042
vt 0.712865 0.730040
vt 0.715749 0.723298
vt 0.715749 0.723271
vt 0.720930 0.729632
vt 0.835832 0.666488
vt 0.859967 0.676177
vt 0.715754 0.723250
vt 0.807106 0.655405
vt 0.872332 0.647563
vt 0.861416 0.640334
vt 0.861463 0.640304
vt 0.872352 0.647638
vt 0.861372 0.640368
vt 0.715704 0.733257
vt 0.872353 0.647701
vt 0.918585 0.685415
vt 0.927956 0.692395
vt 0.918538 0.685481
vt 0.927911 0.692461
vt 0.918493 0.685548
vt 0.927867 0.692529
vt 0.936879 0.699432
vt 0.936835 0.699500
vt 0.936792 0.699568
vt 0.900015 0.691531
vt 0.910059 0.698188
vt 0.900060 0.691464
vt 0.910104 0.698121
vt 0.900106 0.691397
vt 0.910149 0.698054
vt 0.889712 0.685333
vt 0.889757 0.685267
vt 0.889804 0.685200
vt 0.909091 0.678518
vt 0.899553 0.671785
vt 0.909042 0.678582
vt 0.899502 0.671847
vt 0.708515 0.745386
vt 0.707383 0.748932
vt 0.708491 0.745377
vt 0.898570 0.672934
vt 0.707407 0.748941
vt 0.706078 0.752436
vt 0.908647 0.679008
vt 0.929021 0.712445
vt 0.919777 0.705235
vt 0.929065 0.712377
vt 0.919822 0.705168
vt 0.929108 0.712308
vt 0.919865 0.705100
vt 0.945827 0.726865
vt 0.937675 0.719629
vt 0.945869 0.726797
vt 0.937719 0.719561
vt 0.945910 0.726726
vt 0.937760 0.719491
vt 0.945221 0.706418
vt 0.945178 0.706486
vt 0.945136 0.706555
vt 0.953079 0.713449
vt 0.953037 0.713518
vt 0.952997 0.713589
vt 0.960622 0.720696
vt 0.960581 0.720767
vt 0.960543 0.720841
vt 0.967970 0.728381
vt 0.967936 0.728459
vt 0.967909 0.728545
vt 0.964150 0.745518
vt 0.953965 0.734746
vt 0.964183 0.745442
vt 0.954006 0.734676
vt 0.964207 0.745359
vt 0.954044 0.734604
vt 0.988815 0.760898
vt 0.982143 0.745027
vt 0.988723 0.760839
vt 0.982084 0.745072
vt 0.988614 0.760739
vt 0.982020 0.745109
vt 0.975216 0.736624
vt 0.975198 0.736722
vt 0.975196 0.736836
vt 0.978052 0.760469
vt 0.978063 0.760376
vt 0.978058 0.760267
vt 0.878422 0.679308
vt 0.878469 0.679242
vt 0.878520 0.679177
vt 0.862237 0.672008
vt 0.862296 0.671947
vt 0.862364 0.671891
vt 0.889938 0.665181
vt 0.879912 0.658491
vt 0.889884 0.665241
vt 0.879846 0.658544
vt 0.710186 0.738017
vt 0.709410 0.741771
vt 0.710163 0.738002
vt 0.877389 0.661804
vt 0.709434 0.741781
vt 0.888268 0.667265
vt 0.709907 0.723172
vt 0.709892 0.723205
vt 0.709881 0.723252
vt 0.708431 0.716740
vt 0.711372 0.729924
vt 0.711347 0.729923
vt 0.853543 0.651166
vt 0.831616 0.651219
vt 0.838041 0.662292
vt 0.838128 0.662243
vt 0.838238 0.662203
vt 0.869246 0.651425
vt 0.858226 0.644096
vt 0.710803 0.734012
vt 0.710781 0.733984
vt 0.711322 0.729923
vt 0.710825 0.734033
vt 0.865610 0.656402
vt 0.808056 0.653249
vt 0.809193 0.651272
vt 0.806953 0.655264
vt 0.709073 0.716143
vt 0.709778 0.715899
vt 0.709074 0.716152
vt 0.993689 0.779170
vt 0.992471 0.781295
vt 0.769542 0.756637
vt 0.997258 0.776795
vt 0.999516 0.776652
vt 0.999523 0.776707
vt 0.994808 0.776742
vt 0.728890 0.780342
vt 0.736362 0.957077
vt 0.884557 0.862802
vt 0.703109 0.803526
vt 0.768854 0.966893
vt 0.877997 0.828839
vt 0.806506 0.684630
vt 0.788224 0.715956
vt 0.806999 0.655295
vt 0.790829 0.874873
vt 0.703262 0.803799
vt 0.703161 0.803632
vt 0.769014 0.966627
vt 0.772148 0.868814
vt 0.772152 0.868835
vt 0.736364 0.956964
vt 0.786687 0.855787
vt 0.781521 0.699876
vt 0.768531 0.756078
vt 0.861862 0.723449
vt 0.768822 0.749087
vt 0.839843 0.780278
vt 0.963624 0.716796
vt 0.746690 0.748720
vt 0.985424 0.741656
vt 0.706102 0.752445
vt 0.709871 0.723306
vt 0.710210 0.738030
vn 0.0821 -0.9942 -0.0691
vn 0.0003 -0.9999 -0.0152
vn 0.0783 -0.9942 -0.0737
vn 0.7129 0.3630 -0.6000
vn 0.6466 0.4536 -0.6133
vn 0.6828 0.4528 -0.5733
vn -0.0676 -0.9965 0.0498
vn -0.6134 0.2610 0.7454
vn -0.5534 0.3523 0.7547
vn -0.5720 0.2575 0.7788
vn 0.0582 -0.9938 -0.0944
vn 0.0620 -0.9940 -0.0900
vn 0.7474 0.3613 -0.5576
vn 0.7162 0.4508 -0.5327
vn -0.7729 0.2645 0.5768
vn -0.7911 0.3565 0.4971
vn -0.7471 0.3594 0.5592
vn -0.6939 0.2646 0.6697
vn -0.6314 0.3581 0.6878
vn -0.6533 0.2632 0.7099
vn 0.0656 -0.9942 -0.0858
vn 0.0699 -0.9942 -0.0820
vn -0.0637 -0.9965 0.0540
vn -0.5072 0.3474 0.7887
vn -0.5236 0.2529 0.8136
vn 0.4662 0.3501 -0.8125
vn 0.4918 0.4444 -0.7487
vn 0.5130 0.3551 -0.7815
vn 0.5574 0.3590 -0.7486
vn 0.5730 0.4515 -0.6840
vn 0.5981 0.3615 -0.7152
vn -0.4554 0.3408 0.8225
vn -0.4694 0.2478 0.8475
vn -0.4140 0.3348 0.8464
vn -0.4261 0.2425 0.8716
vn 0.3884 0.3420 -0.8557
vn 0.4042 0.4324 -0.8060
vn 0.4209 0.3447 -0.8391
vn 0.0536 -0.9938 -0.0974
vn -0.3945 0.3318 0.8569
vn -0.4062 0.2406 0.8815
vn -0.4314 0.3374 0.8367
vn -0.5237 0.0762 0.8485
vn 0.1790 0.2853 -0.9416
vn 0.3735 0.4273 -0.8234
vn 0.0452 -0.9932 -0.1072
vn 0.0489 -0.9936 -0.1021
vn 0.7794 0.3582 -0.5141
vn 0.7473 0.4476 -0.4912
vn 0.8064 0.3553 -0.4727
vn 0.7743 0.4435 -0.4514
vn -0.8547 0.2594 0.4496
vn -0.8441 0.3491 0.4069
vn -0.8274 0.3520 0.4375
vn -0.0712 -0.9964 0.0459
vn 0.8236 0.3544 -0.4428
vn 0.7919 0.4401 -0.4233
vn 0.9276 0.3031 -0.2185
vn 0.8911 0.3986 -0.2168
vn -0.8711 0.2586 0.4176
vn -0.8262 0.3522 0.4397
vn -0.0790 -0.9963 0.0348
vn 0.6183 0.5246 -0.5853
vn 0.6528 0.5243 -0.5468
vn -0.0003 0.9999 0.0152
vn 0.0481 0.9975 -0.0508
vn -0.5934 0.3557 0.7221
vn -0.5323 0.4328 0.7275
vn -0.0462 0.9953 0.0849
vn -0.0417 0.9952 0.0882
vn 0.6850 0.5220 -0.5082
vn 0.7153 0.5181 -0.4689
vn -0.6708 0.3597 0.6486
vn -0.6815 0.4407 0.5842
vn -0.6448 0.4398 0.6251
vn -0.6071 0.4385 0.6626
vn -0.7090 0.3601 0.6063
vn -0.7185 0.4397 0.5389
vn 0.6095 0.4531 -0.6505
vn 0.5343 0.4486 -0.7164
vn 0.5482 0.5228 -0.6529
vn 0.5116 0.5200 -0.6840
vn -0.4384 0.4206 0.7943
vn -0.0495 0.9955 0.0814
vn 0.4470 0.4388 -0.7795
vn 0.4716 0.5155 -0.7155
vn 0.4286 0.5102 -0.7457
vn -0.3807 0.4095 0.8291
vn -0.0389 0.9950 0.0920
vn 0.3884 0.5031 -0.7720
vn 0.1822 0.3807 -0.9065
vn 0.3595 0.4970 -0.7898
vn -0.3991 0.4496 0.7991
vn 0.0651 0.9973 -0.0340
vn -0.7613 0.4367 0.4794
vn -0.7978 0.4303 0.4223
vn 0.7412 0.5143 -0.4314
vn 0.7590 0.5098 -0.4051
vn 0.0722 0.9970 -0.0270
vn 0.0683 0.9972 -0.0302
vn -0.8148 0.4257 0.3936
vn -0.7836 0.4667 0.4100
vn 0.8545 0.4714 -0.2180
vn -0.7338 0.2651 0.6256
vn 0.9978 -0.0637 -0.0170
vn 0.9981 0.0386 -0.0471
vn 0.9883 0.1390 -0.0625
vn -0.0626 0.9957 0.0679
vn -0.0657 0.9958 0.0639
vn -0.5705 0.4361 0.6959
vn -0.0594 0.9956 0.0719
vn -0.0860 -0.9958 0.0309
vn 0.0744 -0.9942 -0.0776
vn -0.0751 0.9957 0.0549
vn -0.0051 -0.0534 -0.9986
vn -0.2797 -0.1506 -0.9482
vn 0.0288 0.0493 -0.9984
vn -0.1610 0.1651 -0.9730
vn 0.0475 0.1494 -0.9876
vn 0.0450 0.9975 -0.0550
vn 0.6365 0.3627 -0.6807
vn 0.0617 0.9974 -0.0375
vn 0.5830 0.5246 -0.6205
vn 0.0962 -0.9953 -0.0150
vn -0.0907 -0.9955 0.0288
vn 0.1076 -0.9932 -0.0445
vn 0.0904 -0.9939 -0.0631
vn 0.0901 0.9959 -0.0115
vn 0.0757 0.9968 -0.0255
vn -0.0790 0.9955 0.0531
vn 0.0949 0.9955 0.0087
vn 0.0429 -0.9928 -0.1117
vn -0.0563 -0.9965 0.0610
vn -0.4881 0.4278 0.7608
vn 0.0356 0.9972 -0.0663
vn -0.0004 0.9999 0.0153
vn -0.0602 -0.9965 0.0574
vn -0.0521 -0.9966 0.0646
vn -0.0560 0.9956 0.0752
vn -0.8181 0.2625 0.5116
vn 0.0006 0.0912 0.9958
vn -0.0970 -0.0135 0.9952
vn -0.0702 0.1167 0.9907
vn -0.0696 0.9958 0.0590
vn 0.0004 -0.9999 -0.0152
vn 0.0258 -0.9919 -0.1244
vn -0.0427 -0.9961 0.0775
vn -0.0017 -0.9939 -0.1103
vn -0.0379 0.9948 0.0950
vn 0.0043 0.9968 -0.0795
vn -0.0330 0.9995 -0.0003
vn 0.0229 0.9967 -0.0775
vn 0.9455 -0.2046 0.2532
vn 0.8935 -0.4415 0.0822
vn 0.0865 -0.9941 -0.0648
vn 0.9779 0.1437 0.1517
vn 0.0372 0.9974 -0.0620
vn 0.6751 0.3637 -0.6419
vn -0.0529 0.9955 0.0784
vn 0.0410 0.9974 -0.0585
vn -0.0474 -0.9965 0.0691
vn -0.3991 0.4135 0.8184
vn 0.1871 0.4559 -0.8702
vn 0.0517 0.9975 -0.0481
vn 0.0546 0.9975 -0.0440
vn 0.0581 0.9975 -0.0407
vn -0.0756 -0.9963 0.0413
vn -0.0441 -0.9963 0.0737
vn 0.0148 0.0100 -0.9998
vn 0.0007 0.0151 -0.9999
vn 0.0053 0.0141 -0.9999
vn -0.9900 0.0555 -0.1296
vn -1.0000 -0.0003 -0.0003
vn -0.9944 0.0013 -0.1054
vn -0.9869 0.0186 -0.1605
vn -0.9951 0.0013 -0.0985
vn -0.0967 -0.0817 -0.9920
vn 0.0003 0.0153 -0.9999
vn 0.0004 -0.0827 -0.9966
vn 0.9999 -0.0037 -0.0110
vn 1.0000 0.0048 -0.0032
vn 0.9924 0.0890 -0.0851
vn 0.0449 0.0827 0.9956
vn 0.0009 -0.0133 0.9999
vn 0.0003 -0.9999 -0.0136
vn 0.1596 -0.9803 -0.1166
vn 0.0987 -0.9950 -0.0134
vn 0.0697 0.0849 -0.9939
vn 0.0741 -0.0156 -0.9971
vn -0.0020 1.0000 0.0073
vn -0.0023 0.9998 0.0174
vn -0.0006 0.9998 0.0193
vn 0.0946 0.0912 0.9913
vn -0.0009 -0.0141 0.9999
vn -0.0009 0.0671 0.9977
vn -0.0984 0.9951 0.0134
vn 0.0690 0.9961 -0.0557
vn -0.0307 0.9977 -0.0608
vn -0.0009 -0.1120 0.9937
vn 0.0972 -0.0140 0.9952
vn -0.0006 0.9998 0.0179
vn -0.1516 0.9740 0.1682
vn 1.0000 0.0047 0.0012
vn 0.9676 -0.1805 0.1766
vn 0.9882 -0.1415 -0.0584
vn 1.0000 0.0011 0.0007
vn 0.7048 0.0884 -0.7038
vn 0.7624 0.0087 -0.6470
vn 0.7390 0.1120 -0.6644
vn -0.9944 0.1052 0.0010
vn -0.9953 -0.0016 0.0968
vn -1.0000 -0.0003 -0.0009
vn 0.0008 0.0148 -0.9999
vn 0.1021 0.0146 -0.9947
vn 0.0052 0.0150 -0.9999
vn -0.1846 -0.1726 -0.9675
vn -0.2159 0.2031 -0.9551
vn -0.0229 0.9991 0.0363
vn -0.0028 0.9998 0.0181
vn -0.0029 0.9940 0.1089
vn 0.6287 0.0816 -0.7733
vn 0.7072 0.0094 -0.7069
vn -0.4646 -0.4793 0.7446
vn -0.5768 -0.5876 0.5675
vn -0.5150 -0.6165 0.5956
vn 1.0000 0.0006 0.0014
vn 0.9956 0.0023 -0.0933
vn 0.9905 0.1000 -0.0947
vn 0.0007 0.0110 -0.9999
vn 0.0004 -0.0821 -0.9966
vn 0.0038 0.9998 0.0179
vn -0.0991 0.9949 0.0178
vn -0.0019 0.9968 -0.0801
vn -0.1979 0.9802 0.0012
vn 0.0010 0.1091 -0.9940
vn 0.1040 -0.9945 -0.0134
vn 0.0002 -0.9964 0.0849
vn 0.1309 -0.9897 0.0577
vn 0.0729 0.7841 -0.6163
vn 0.0004 0.7180 -0.6960
vn 0.0817 0.7157 -0.6937
vn 0.0014 0.0110 -0.9999
vn 0.0616 -0.1471 -0.9872
vn 0.0776 0.6390 -0.7652
vn -0.0013 0.5696 -0.8219
vn 0.0962 -0.9882 -0.1194
vn 0.0009 0.9999 0.0162
vn 0.1002 0.9948 0.0179
vn 0.0981 0.9918 -0.0823
vn 0.9999 0.0145 0.0058
vn 1.0000 0.0005 0.0055
vn 0.9952 -0.0011 0.0976
vn -0.0206 -0.0056 -0.9998
vn 0.0181 0.9752 0.2204
vn 0.0821 -0.0130 0.9965
vn 0.0009 0.0994 0.9950
vn -0.9951 -0.0984 -0.0018
vn -0.9889 -0.0691 -0.1314
vn 0.7034 0.7075 -0.0685
vn 0.7606 0.6491 0.0102
vn 0.7056 0.7085 0.0111
vn -0.6046 -0.6147 0.5065
vn -0.6045 -0.5286 0.5960
vn -0.7491 -0.4774 0.4592
vn 0.6684 0.7434 -0.0245
vn 0.6461 0.7632 0.0119
vn 0.0003 -0.9929 -0.1190
vn -0.0973 -0.9951 -0.0153
vn 0.0003 -0.9999 -0.0153
vn 0.9951 0.0991 0.0027
vn 1.0000 0.0004 0.0009
vn 0.1031 -0.0140 0.9946
vn 0.9870 0.0596 0.1491
vn -0.4630 -0.7622 0.4524
vn 0.0978 0.1113 -0.9890
vn -0.9905 -0.0955 -0.0986
vn 0.6848 0.7132 -0.1495
vn 0.7022 0.7066 -0.0873
vn -0.9907 0.0950 0.0971
vn -0.9937 0.1124 0.0006
vn 0.7095 0.1695 -0.6841
vn 0.6474 0.0100 -0.7620
vn 0.7038 0.1074 -0.7022
vn 0.1610 0.7199 -0.6751
vn 0.0985 0.7146 -0.6925
vn 0.0976 -0.9917 0.0841
vn 0.1596 0.6332 -0.7574
vn 0.0092 0.9997 0.0227
vn 0.0833 0.9941 -0.0687
vn -0.9899 0.0962 -0.1038
vn -0.9967 0.0007 -0.0816
vn -0.9884 0.1509 -0.0149
vn -0.0962 0.0835 0.9918
vn 0.9995 -0.0204 0.0225
vn 0.9905 -0.0981 0.0962
vn 1.0000 0.0003 0.0009
vn 0.9951 -0.0011 0.0988
vn 0.9952 0.0708 -0.0674
vn 0.9967 0.0739 0.0327
vn -0.0861 0.0152 -0.9962
vn -0.0038 0.0229 -0.9997
vn -0.0977 0.0152 -0.9951
vn -0.0304 0.0893 -0.9955
vn -0.0967 -0.9890 -0.1123
vn 0.0003 -0.9937 -0.1120
vn -0.0002 0.9937 0.1119
vn 0.0736 0.9963 0.0435
vn -0.0971 0.9892 0.1102
vn -0.0003 0.9999 0.0136
vn 0.9958 -0.0918 -0.0003
vn 0.9952 -0.0976 -0.0004
vn 0.9968 -0.0300 -0.0737
vn 0.1597 0.0024 0.9872
vn 0.0854 0.1006 -0.9913
vn 0.0537 -0.9883 -0.1429
vn 0.0810 -0.9966 -0.0152
vn 0.1038 -0.9792 -0.1742
vn 0.0623 0.0674 0.9958
vn 0.0105 -0.0154 0.9998
vn 0.0670 0.0636 0.9957
vn 0.5865 0.7313 -0.3481
vn 0.6015 0.6667 -0.4402
vn 0.5607 0.7020 -0.4391
vn -0.0533 -0.0847 0.9950
vn -0.7309 -0.6251 -0.2740
vn -0.7411 -0.5637 -0.3648
vn -0.7652 -0.5841 -0.2706
vn 0.0879 0.0441 0.9952
vn 0.0838 0.0480 0.9953
vn 0.5434 0.7648 -0.3463
vn 0.5194 0.7345 -0.4367
vn -0.5588 -0.7808 -0.2795
vn -0.4784 -0.7957 -0.3715
vn -0.5414 -0.7530 -0.3740
vn -0.6534 -0.7039 -0.2788
vn -0.6724 -0.6401 -0.3716
vn -0.6945 -0.6638 -0.2774
vn 0.0801 0.0518 0.9954
vn 0.0758 0.0558 0.9956
vn -0.0574 -0.0811 0.9951
vn -0.7761 -0.5182 -0.3594
vn -0.8010 -0.5366 -0.2655
vn 0.8044 0.4884 -0.3382
vn 0.7401 0.5147 -0.4328
vn 0.7722 0.5350 -0.3429
vn 0.7381 0.5789 -0.3465
vn 0.6737 0.5946 -0.4389
vn 0.7041 0.6188 -0.3483
vn -0.8110 -0.4673 -0.3521
vn -0.8361 -0.4834 -0.2592
vn -0.8358 -0.4265 -0.3456
vn -0.8611 -0.4407 -0.2535
vn 0.8485 0.4120 -0.3321
vn 0.7992 0.4281 -0.4219
vn 0.8312 0.4441 -0.3345
vn 0.0919 0.0398 0.9950
vn -0.8467 -0.4073 -0.3423
vn -0.8717 -0.4209 -0.2508
vn -0.8257 -0.4436 -0.3485
vn -0.8368 -0.5402 -0.0894
vn 0.9387 0.2034 -0.2783
vn 0.8172 0.3977 -0.4171
vn 0.1015 0.0314 0.9943
vn 0.0963 0.0352 0.9947
vn 0.4990 0.7956 -0.3436
vn 0.4772 0.7646 -0.4332
vn 0.4570 0.8218 -0.3402
vn 0.4368 0.7907 -0.4289
vn -0.4298 -0.8600 -0.2750
vn -0.3872 -0.8469 -0.3646
vn -0.4181 -0.8308 -0.3673
vn -0.0493 -0.0887 0.9948
vn 0.4268 0.8385 -0.3387
vn 0.4083 0.8077 -0.4253
vn 0.1999 0.9365 -0.2883
vn 0.1996 0.9018 -0.3833
vn -0.3977 -0.8756 -0.2740
vn -0.4206 -0.8295 -0.3674
vn -0.0379 -0.0960 0.9947
vn 0.5743 0.6390 -0.5118
vn 0.5354 0.6730 -0.5104
vn -0.0105 0.0154 -0.9998
vn 0.0549 0.0654 -0.9963
vn -0.7076 -0.6028 -0.3687
vn -0.7141 -0.5407 -0.4447
vn -0.0792 -0.0318 -0.9963
vn -0.0826 -0.0276 -0.9962
vn 0.4960 0.7040 -0.5083
vn 0.4557 0.7329 -0.5051
vn -0.6325 -0.6786 -0.3736
vn -0.5673 -0.6867 -0.4545
vn -0.6090 -0.6508 -0.4534
vn -0.6477 -0.6142 -0.4509
vn -0.5893 -0.7159 -0.3744
vn -0.5214 -0.7225 -0.4541
vn 0.6395 0.6304 -0.4401
vn 0.7069 0.5566 -0.4365
vn 0.6435 0.5703 -0.5106
vn 0.6757 0.5342 -0.5081
vn -0.7827 -0.4484 -0.4316
vn -0.0758 -0.0355 -0.9965
vn 0.7718 0.4705 -0.4277
vn 0.7076 0.4943 -0.5050
vn 0.7387 0.4525 -0.4996
vn -0.8192 -0.3917 -0.4189
vn -0.0105 0.0153 -0.9998
vn -0.0869 -0.0251 -0.9959
vn 0.7658 0.4127 -0.4932
vn 0.9042 0.2075 -0.3732
vn 0.7842 0.3842 -0.4874
vn -0.6169 -0.5776 -0.5346
vn 0.0373 0.0819 -0.9959
vn -0.4609 -0.7641 -0.4513
vn -0.4032 -0.7996 -0.4451
vn 0.4178 0.7584 -0.5003
vn 0.3913 0.7756 -0.4953
vn 0.0301 0.0886 -0.9956
vn 0.0335 0.0850 -0.9958
vn -0.3740 -0.8160 -0.4408
vn -0.5656 -0.6202 -0.5435
vn 0.2019 0.8666 -0.4564
vn -0.6087 -0.7425 -0.2795
vn -0.0046 0.9968 0.0797
vn 0.0260 0.9994 -0.0225
vn 0.0420 0.9916 -0.1224
vn -0.0620 -0.0480 -0.9969
vn -0.0579 -0.0512 -0.9970
vn -0.6815 -0.5783 -0.4485
vn -0.0659 -0.0449 -0.9968
vn -0.0336 -0.1021 0.9942
vn 0.0716 0.0600 0.9956
vn -0.0486 -0.0598 -0.9970
vn 0.9982 0.0153 0.0584
vn 0.9530 -0.2603 0.1547
vn 0.9977 0.0508 -0.0438
vn 0.9959 0.0276 0.0864
vn 0.9871 0.0708 -0.1435
vn 0.0585 0.0619 -0.9964
vn 0.6686 0.6565 -0.3493
vn 0.0408 0.0786 -0.9961
vn 0.6108 0.6043 -0.5117
vn 0.0086 0.0815 0.9966
vn -0.0312 -0.1067 0.9938
vn 0.0375 0.0925 0.9950
vn 0.0565 0.0758 0.9955
vn 0.0141 0.1060 -0.9943
vn 0.0285 0.0922 -0.9953
vn -0.0464 -0.0641 -0.9969
vn -0.0061 0.1100 -0.9939
vn 0.0105 -0.0153 0.9998
vn 0.1056 0.0292 0.9940
vn -0.0646 -0.0737 0.9952
vn -0.7483 -0.4971 -0.4392
vn 0.0699 0.0527 -0.9962
vn -0.0106 0.0153 -0.9998
vn -0.0615 -0.0778 0.9951
vn -0.0682 -0.0692 0.9953
vn -0.0693 -0.0417 -0.9967
vn -0.4929 -0.8244 -0.2782
vn -0.9737 0.1382 -0.1809
vn -0.9913 0.0863 -0.0996
vn -0.9739 0.1422 -0.1769
vn -0.0525 -0.0546 -0.9971
vn 0.0106 -0.0153 0.9998
vn 0.1197 0.0127 0.9927
vn -0.0804 -0.0601 0.9949
vn 0.1066 -0.0153 0.9942
vn -0.0900 -0.0240 -0.9957
vn 0.0843 0.0220 -0.9962
vn 0.0054 -0.0170 -0.9998
vn 0.0808 0.0404 -0.9959
vn -0.2724 0.9362 0.2222
vn -0.1037 0.8837 0.4564
vn 0.0587 0.0717 0.9957
vn 0.0033 0.9911 0.1327
vn 0.0664 0.0547 -0.9963
vn 0.6291 0.6941 -0.3499
vn -0.0725 -0.0385 -0.9966
vn 0.0623 0.0582 -0.9964
vn -0.0731 -0.0650 0.9952
vn -0.8078 -0.4098 -0.4238
vn 0.8682 0.2129 -0.4481
vn 0.0514 0.0686 -0.9963
vn 0.0482 0.0719 -0.9962
vn 0.0446 0.0752 -0.9962
vn -0.0444 -0.0922 0.9948
vn -0.0774 -0.0616 0.9951
vn 0.4736 0.5592 -0.6804
vn 0.5582 0.5671 -0.6057
vn 0.5581 0.5266 -0.6413
vn -0.9993 0.0224 -0.0309
vn 0.1446 -0.7502 0.6452
vn 0.2405 -0.7672 0.5946
vn 0.1431 -0.7841 0.6039
vn -0.9739 0.1635 -0.1575
vn -0.9740 0.1591 -0.1615
vn 0.4723 0.5162 -0.7145
vn 0.5564 0.4856 -0.6743
vn 0.1446 -0.5794 0.8021
vn 0.2401 -0.5061 0.8284
vn 0.2428 -0.5690 0.7857
vn 0.1462 -0.6734 0.7247
vn 0.2435 -0.6994 0.6720
vn 0.1457 -0.7144 0.6844
vn -0.9740 0.1552 -0.1648
vn -0.9739 0.1511 -0.1692
vn -0.9992 0.0179 -0.0344
vn 0.2378 -0.8017 0.5485
vn 0.1413 -0.8192 0.5558
vn 0.4517 0.7769 -0.4385
vn 0.5437 0.7057 -0.4542
vn 0.4594 0.7445 -0.4844
vn 0.4657 0.7102 -0.5279
vn 0.5540 0.6391 -0.5335
vn 0.4696 0.6762 -0.5677
vn 0.2339 -0.8358 0.4967
vn 0.1377 -0.8541 0.5016
vn 0.2302 -0.8601 0.4552
vn 0.1358 -0.8781 0.4587
vn 0.4404 0.8213 -0.3627
vn 0.5274 0.7653 -0.3689
vn 0.4445 0.8042 -0.3947
vn -0.9740 0.1671 -0.1530
vn 0.2283 -0.8707 0.4356
vn 0.1345 -0.8887 0.4384
vn 0.2318 -0.8505 0.4721
vn -0.0373 -0.8415 0.5390
vn 0.3695 0.9152 -0.1609
vn 0.5205 0.7836 -0.3391
vn -0.9736 0.1768 -0.1446
vn -0.9739 0.1715 -0.1484
vn 0.4695 0.4724 -0.7459
vn 0.5532 0.4438 -0.7050
vn 0.4666 0.4307 -0.7726
vn 0.5489 0.4039 -0.7318
vn 0.1411 -0.4503 0.8817
vn 0.2342 -0.4146 0.8793
vn 0.2365 -0.4456 0.8634
vn -0.9993 0.0265 -0.0269
vn 0.4646 0.4007 -0.7897
vn 0.5452 0.3758 -0.7494
vn 0.4082 0.1785 -0.8953
vn 0.4988 0.1709 -0.8497
vn 0.1409 -0.4184 0.8973
vn 0.2366 -0.4480 0.8621
vn -0.9991 0.0373 -0.0192
vn 0.6238 0.5345 -0.5702
vn 0.6238 0.4957 -0.6042
vn 0.9913 -0.0863 0.0996
vn 0.9985 -0.0211 0.0502
vn 0.2424 -0.7341 0.6343
vn 0.3245 -0.7463 0.5812
vn 0.9772 -0.1545 0.1454
vn 0.9773 -0.1581 0.1413
vn 0.6221 0.4567 -0.6360
vn 0.6189 0.4171 -0.6656
vn 0.2441 -0.6597 0.7108
vn 0.3281 -0.6010 0.7288
vn 0.3284 -0.6423 0.6926
vn 0.3273 -0.6807 0.6554
vn 0.2439 -0.6168 0.7484
vn 0.3270 -0.5550 0.7649
vn 0.5567 0.6049 -0.5693
vn 0.5498 0.6723 -0.4957
vn 0.6202 0.6034 -0.5013
vn 0.6161 0.6355 -0.4654
vn 0.3167 -0.8137 0.4874
vn 0.9772 -0.1512 0.1491
vn 0.5360 0.7377 -0.4105
vn 0.6103 0.6679 -0.4261
vn 0.6026 0.6991 -0.3848
vn 0.3087 -0.8488 0.4292
vn 0.9770 -0.1621 0.1386
vn 0.5937 0.7266 -0.3458
vn 0.4617 0.8735 -0.1544
vn 0.5859 0.7454 -0.3180
vn 0.3490 -0.8214 0.4512
vn 0.9987 -0.0386 0.0339
vn 0.3241 -0.4946 0.8064
vn 0.3182 -0.4366 0.8415
vn 0.6143 0.3796 -0.6918
vn 0.6097 0.3533 -0.7095
vn 0.9986 -0.0453 0.0265
vn 0.9987 -0.0420 0.0304
vn 0.3139 -0.4072 0.8577
vn 0.3563 -0.4270 0.8311
vn 0.5673 0.1676 -0.8063
vn 0.1457 -0.6288 0.7638
vn 0.0355 0.0025 -0.9994
vn 0.1396 0.0253 -0.9899
vn 0.2392 0.0337 -0.9704
vn 0.9771 -0.1377 0.1620
vn 0.9773 -0.1333 0.1648
vn 0.3262 -0.7143 0.6192
vn 0.9772 -0.1413 0.1587
vn -0.9990 0.0422 -0.0137
vn -0.9738 0.1471 -0.1735
vn 0.9769 -0.1243 0.1738
vn 0.0192 0.9997 -0.0121
vn -0.1078 0.9614 0.2532
vn 0.1243 0.9916 -0.0356
vn 0.2179 0.9620 0.1644
vn 0.2248 0.9734 -0.0442
vn 0.9984 -0.0174 0.0539
vn 0.4720 0.6409 -0.6054
vn 0.9987 -0.0345 0.0369
vn 0.6226 0.5706 -0.5355
vn -0.9773 0.0840 -0.1946
vn -0.9990 0.0439 -0.0084
vn -0.9722 0.1128 -0.2054
vn -0.9730 0.1321 -0.1893
vn 0.9981 -0.0611 0.0089
vn 0.9986 -0.0471 0.0232
vn 0.9763 -0.1226 0.1786
vn 0.9967 -0.0814 0.0046
vn -0.9733 0.1804 -0.1421
vn -0.9991 0.0108 -0.0417
vn 0.3212 -0.7800 0.5371
vn 0.9980 -0.0060 0.0629
vn 0.9913 -0.0864 0.0997
vn -0.9992 0.0144 -0.0379
vn -0.9989 0.0073 -0.0461
vn 0.9771 -0.1450 0.1556
vn 0.1435 -0.5135 0.8460
vn 0.9773 -0.1281 0.1685
vn -0.9913 0.0863 -0.0997
vn -0.9729 0.1943 -0.1256
vn -0.9985 -0.0050 -0.0554
vn -0.9785 0.1813 -0.0981
vn 0.9766 -0.1651 0.1375
vn 0.9956 0.0085 0.0936
vn 0.9887 -0.0709 0.1319
vn 0.9972 0.0055 0.0751
vn -0.1289 -0.2561 -0.9580
vn -0.3573 -0.0684 -0.9315
vn -0.9735 0.1340 -0.1853
vn 0.2276 -0.1799 -0.9570
vn 0.9981 -0.0090 0.0609
vn 0.4738 0.6015 -0.6432
vn 0.9772 -0.1479 0.1522
vn 0.9982 -0.0138 0.0576
vn -0.9987 0.0029 -0.0509
vn 0.3118 -0.8380 0.4479
vn 0.5338 0.8319 -0.1514
vn 0.9986 -0.0243 0.0469
vn 0.9987 -0.0277 0.0438
vn 0.9987 -0.0310 0.0402
vn -0.9992 0.0315 -0.0236
vn -0.9985 -0.0020 -0.0540
vn -0.1165 -0.4041 -0.9073
vn -0.1894 -0.7109 -0.6773
vn -0.5495 -0.6246 -0.5549
vn -0.0625 -0.5922 -0.8034
vn -0.1660 -0.9050 -0.3916
vn -0.3605 -0.6997 -0.6169
vn -0.8185 -0.5221 -0.2399
vn -0.2667 -0.8746 -0.4048
vn -0.1945 -0.9376 0.2881
vn -0.0563 -0.9625 -0.2655
vn -0.0463 -0.9989 -0.0107
vn -0.2437 -0.9157 0.3195
vn -0.1618 -0.9867 -0.0173
vn -0.0463 -0.8377 -0.5442
vn -0.2212 -0.9751 -0.0133
vn -0.5698 -0.4535 0.6854
vn -0.4673 -0.1736 0.8669
vn -0.6252 -0.2738 0.7309
vn -0.6323 -0.4111 0.6566
vn -0.4714 -0.4874 0.7350
vn -0.3985 -0.3287 0.8562
vn -0.5447 -0.7316 0.4099
vn 0.6565 -0.7392 0.1505
vn 0.7838 -0.6201 0.0327
vn 0.5304 -0.6779 0.5090
vn 0.6004 -0.7374 0.3095
vn 0.3715 -0.9187 0.1337
vn 0.5225 -0.8524 0.0200
vn 0.3864 -0.8935 0.2290
vn -0.8476 0.0939 0.5223
vn -0.6981 -0.4507 0.5563
vn -0.7446 -0.2661 0.6122
vn -0.8690 -0.1570 0.4692
vn -0.7501 -0.4739 0.4612
vn -0.6691 -0.4106 0.6195
vn -0.4200 -0.7436 0.5203
vn 0.2471 -0.9684 0.0343
vn -0.3035 -0.9354 0.1812
vn -0.0054 -0.9995 0.0298
vn -0.0005 -0.9900 0.1413
vn -0.3319 -0.9153 0.2283
vn 0.0001 -0.9806 0.1958
vn -0.1023 0.5035 -0.8579
vn 0.0161 0.2389 -0.9709
vn -0.3059 0.3894 -0.8688
vn -0.1773 0.0055 -0.9841
vn -0.0025 0.5171 -0.8559
vn 0.0053 0.7332 -0.6800
vn -0.1830 0.8427 -0.5064
vn -0.3469 0.7516 0.5611
vn -0.4311 0.4728 0.7685
vn -0.3391 0.6289 0.6996
vn -0.2363 0.9193 0.3146
vn -0.3715 0.7733 0.5138
vn -0.2970 0.9099 0.2897
vn -0.0257 0.9519 -0.3053
vn -0.1380 0.9643 0.2258
vn -0.1150 0.9929 -0.0292
vn -0.2340 0.8509 0.4704
vn -0.1409 0.9894 -0.0363
vn 0.8733 0.4781 0.0940
vn 0.8809 0.3696 0.2958
vn 0.9783 0.2050 -0.0288
vn 0.8729 0.4878 -0.0061
vn 0.9876 -0.0299 0.1543
vn 0.5269 0.8291 0.1870
vn 0.6344 0.7660 0.1042
vn -0.2101 0.9657 0.1524
vn 0.3231 0.9458 0.0336
vn 0.0151 0.9988 0.0466
vn -0.4534 0.8562 0.2479
vn 0.0459 0.9909 0.1263
vn 0.6980 0.7160 -0.0070
vn -0.2966 0.9219 0.2493
vn 0.0513 0.9869 0.1530
vn -0.5441 0.7580 0.3597
vn -0.6831 0.6401 0.3515
vn -0.7555 0.4833 0.4422
vn -0.5021 0.7744 0.3850
vn -0.2761 0.9093 0.3115
vn -0.3441 0.2313 0.9100
vn -0.1055 0.4969 0.8614
vn -0.5978 0.5269 0.6042
vn -0.3882 0.6366 0.6664
vn -0.1716 0.8488 0.5001
vn -0.6599 0.6390 0.3952
vn -0.4246 0.7979 0.4278
vn -0.8536 0.5086 0.1124
vn -0.9067 0.2379 0.3483
vn -0.9889 0.1298 0.0726
vn -0.5427 0.8219 0.1730
vn -0.1948 0.9487 0.2491
vn -0.1275 0.9793 0.1571
vn 0.6722 0.3279 0.6638
vn 0.7487 0.3858 0.5391
vn 0.6671 0.2756 0.6921
vn 0.9147 0.3385 0.2208
vn 0.9207 0.3446 0.1830
vn 0.7132 0.6518 -0.2578
vn 0.4312 -0.3373 0.8368
vn 0.6654 -0.2152 0.7148
vn 0.6987 -0.1932 0.6888
vn 0.4319 0.6324 0.6431
vn 0.2015 0.4829 0.8522
vn 0.1442 0.4397 0.8865
vn 0.3131 0.8766 0.3655
vn 0.2482 0.8982 0.3628
vn 0.2629 0.8615 0.4344
vn 0.5259 0.8177 0.2339
vn 0.5259 0.8178 0.2337
vn 0.7771 0.3003 -0.5531
vn 0.6417 0.4498 -0.6212
vn -0.1024 0.7086 0.6982
vn -0.1532 0.6610 0.7346
vn -0.6605 0.6779 -0.3227
vn -0.5274 0.7621 -0.3755
vn -0.6871 0.6727 -0.2746
vn 0.0021 0.9379 -0.3468
vn 0.0958 0.9310 -0.3523
vn 0.2636 0.7281 -0.6327
vn 0.2638 0.7280 -0.6328
vn 0.2637 0.7281 -0.6327
vn -0.6331 0.7708 0.0708
vn -0.6331 0.7709 0.0708
vn 0.1871 -0.8466 -0.4983
vn 0.1935 -0.7841 -0.5897
vn 0.5212 -0.2018 -0.8292
vn 0.5211 -0.2020 -0.8293
vn 0.3454 -0.2063 -0.9155
vn 0.3521 -0.1575 -0.9226
vn 0.7400 0.6720 -0.0272
vn 0.6223 0.6187 -0.4795
vn 0.7870 0.5722 -0.2306
vn -0.1785 -0.8063 -0.5640
vn -0.2621 -0.8432 -0.4693
vn -0.0406 -0.7194 -0.6934
vn 0.5060 -0.1184 0.8543
vn 0.2422 -0.3575 0.9020
vn 0.1280 -0.0848 0.9881
vn 0.8195 -0.1712 0.5469
vn 0.6447 -0.3987 0.6523
vn 0.5337 -0.6063 0.5895
vn 0.8030 -0.4294 0.4132
vn 0.6444 -0.6642 0.3790
vn 0.8543 -0.4938 0.1622
vn 0.9511 -0.2440 0.1893
vn 0.9818 -0.1453 0.1226
vn 0.2430 -0.9111 0.3328
vn 0.5089 -0.8556 0.0945
vn 0.7697 -0.4780 -0.4231
vn 0.6807 -0.6426 -0.3517
vn 0.6732 -0.6795 -0.2919
vn 0.9332 -0.2689 -0.2383
vn 0.8178 -0.4195 -0.3940
vn 0.7111 0.2795 -0.6452
vn 0.9395 -0.2537 -0.2301
vn -0.0953 -0.8717 -0.4807
vn -0.3451 -0.9025 -0.2576
vn -0.0708 -0.9867 -0.1460
vn -0.1936 -0.4525 -0.8705
vn -0.3874 -0.6478 -0.6559
vn -0.1610 -0.6419 -0.7497
vn -0.5969 -0.5894 -0.5444
vn 0.4932 -0.5706 -0.6566
vn -0.3033 -0.1255 -0.9446
vn -0.1286 -0.1166 -0.9848
vn -0.9062 -0.3418 -0.2491
vn -0.9375 -0.1009 -0.3330
vn -0.7161 -0.3761 -0.5880
vn -0.5630 -0.3082 -0.7668
vn -0.7952 0.1913 -0.5754
vn -0.8547 0.1924 -0.4821
vn -0.1977 0.3524 -0.9147
vn -0.5378 0.3349 -0.7737
vn -0.2146 0.5275 -0.8220
vn 0.5651 0.7929 -0.2282
vn 0.6107 0.6338 -0.4747
vn -0.8138 -0.1851 -0.5508
vn -0.8466 -0.2671 -0.4604
vn -0.8497 -0.2770 -0.4487
vn -0.7492 -0.0701 -0.6586
vn -0.2245 0.8270 0.5154
vn 0.3710 0.9178 0.1413
vn -0.2629 0.7363 0.6235
vn 0.2465 0.8931 0.3764
vn 0.6976 0.7035 0.1356
vn 0.4082 0.8066 0.4275
vn 0.6634 0.6641 0.3450
vn -0.2179 -0.2345 0.9474
vn -0.5815 -0.2056 0.7872
vn -0.1773 -0.5954 0.7836
vn -0.0730 -0.3167 0.9457
vn -0.3028 -0.0981 0.9480
vn -0.6593 -0.0219 0.7516
vn -0.0156 -0.0335 0.9993
vn 0.9175 0.3763 0.1289
vn 0.8695 -0.2229 0.4408
vn 0.8990 0.2500 0.3596
vn 0.7676 -0.2594 0.5861
vn 0.8113 0.4112 0.4155
vn -0.3415 0.3536 -0.8708
vn -0.1099 0.4725 -0.8745
vn -0.2869 -0.0015 -0.9579
vn -0.3614 -0.1306 -0.9232
vn -0.1230 0.7148 -0.6884
vn -0.4258 0.3094 -0.8503
vn -0.3343 0.6773 -0.6554
vn -0.9469 -0.2323 0.2221
vn -0.7705 -0.5180 0.3715
vn -0.7878 -0.2059 0.5805
vn -0.9466 -0.0983 0.3072
vn -0.9463 -0.2694 0.1788
vn -0.7087 -0.5546 0.4360
vn -0.9992 -0.0302 0.0253
vn -0.1235 0.9277 -0.3524
vn -0.4849 0.8312 0.2721
vn -0.3606 0.9036 -0.2311
vn -0.6096 0.7426 0.2775
vn -0.4134 0.8197 -0.3965
vn 0.3872 0.9155 -0.1098
vn 0.1247 0.9185 -0.3751
vn 0.7012 0.7065 -0.0961
vn 0.3621 0.8639 -0.3500
vn 0.1087 0.7123 -0.6934
vn 0.5752 0.5873 -0.5694
vn 0.3262 0.6782 -0.6585
vn 0.9131 0.1327 -0.3854
vn 0.9125 0.3916 -0.1181
vn 0.7016 0.1211 -0.7022
vn 0.8571 0.3712 -0.3572
vn 0.6668 0.6750 -0.3159
vn 0.1252 0.4001 -0.9079
vn 0.3861 0.1388 -0.9119
vn 0.3616 0.3761 -0.8531
vn 0.6666 0.3394 -0.6636
vn 0.8676 -0.4478 0.2161
vn 0.9226 -0.1127 -0.3689
vn 0.7641 -0.5973 0.2438
vn 0.9029 -0.3476 -0.2530
vn 0.7070 -0.1107 -0.6985
vn 0.8168 -0.3968 -0.4188
vn 0.6716 -0.3196 -0.6684
vn -0.2159 -0.9546 0.2051
vn -0.1841 -0.8015 0.5689
vn -0.5798 -0.7952 0.1773
vn -0.3023 -0.9507 0.0690
vn -0.0772 -0.9540 0.2897
vn -0.0004 -0.7619 0.6477
vn -0.0139 -0.9999 0.0049
vn 0.3802 -0.1112 -0.9182
vn -0.2266 -0.4524 -0.8626
vn 0.2546 -0.3477 -0.9024
vn -0.2567 -0.6000 -0.7577
vn 0.4181 -0.3996 -0.8158
vn 0.0251 0.1428 0.9894
vn 0.0325 0.3158 0.9483
vn 0.0633 0.5150 0.8548
vn 0.5608 0.6045 0.5658
vn 0.4383 0.7646 0.4726
vn 0.4734 0.5045 0.7221
vn 0.1176 0.7701 0.6270
vn 0.0969 0.7254 0.6815
vn -0.1936 0.6989 0.6885
vn 0.6729 0.4899 -0.5542
vn 0.8480 0.0909 -0.5222
vn 0.6413 0.4671 -0.6087
vn 0.5704 0.7016 -0.4271
vn 0.8408 0.5153 -0.1659
vn 0.6145 0.7792 -0.1236
vn 0.0675 0.9388 0.3379
vn 0.2773 0.9456 -0.1701
vn 0.1863 0.7986 0.5724
vn 0.3741 0.8951 -0.2425
vn 0.5006 0.7428 -0.4445
vn -0.0966 0.3656 0.9257
vn -0.3780 0.0848 0.9219
vn -0.0913 0.6945 0.7137
vn -0.3727 0.3616 0.8546
vn -0.7041 0.0822 0.7054
vn -0.3545 0.6524 0.6699
vn -0.6612 0.3454 0.6659
vn -0.3786 0.9190 0.1096
vn -0.0972 0.9154 0.3907
vn -0.7044 0.7026 0.1010
vn -0.3733 0.8443 0.3845
vn -0.6613 0.6563 0.3632
vn -0.9208 0.0920 0.3791
vn -0.9207 0.3768 0.1019
vn -0.8492 0.3683 0.3783
vn -0.9443 0.3279 -0.0275
vn -0.9906 0.1356 -0.0195
vn -0.8481 0.5269 -0.0560
vn -0.6164 0.7802 -0.1067
vn -0.4619 0.7768 -0.4280
vn -0.5590 0.6183 -0.5525
vn -0.7172 0.5184 -0.4656
vn -0.6787 0.7048 0.2063
vn -0.2766 0.6974 -0.6611
vn 0.1822 0.9468 -0.2652
vn -0.3253 0.9440 -0.0549
vn 0.4546 0.7435 -0.4905
vn 0.2547 0.8964 -0.3626
vn -0.5616 0.8085 -0.1757
vn -0.6716 0.7358 -0.0873
vn 0.6866 0.1697 -0.7070
vn 0.5611 0.4914 -0.6661
vn 0.6147 0.4675 -0.6353
vn 0.1739 0.5243 -0.8336
vn 0.4364 0.7033 -0.5611
vn 0.1363 0.7858 -0.6033
vn 0.0964 -0.3913 0.9152
vn 0.3775 -0.1104 0.9194
vn 0.0956 -0.1107 0.9892
vn 0.0913 -0.7139 0.6943
vn 0.3725 -0.3854 0.8442
vn 0.7036 -0.1017 0.7033
vn 0.3540 -0.6701 0.6525
vn 0.6609 -0.3643 0.6561
vn 0.3783 -0.9218 0.0851
vn 0.0971 -0.9255 0.3661
vn 0.7042 -0.7051 0.0828
vn 0.3728 -0.8545 0.3617
vn 0.6611 -0.6657 0.3462
vn 0.9201 -0.1024 0.3779
vn 0.9205 -0.3796 0.0927
vn 0.8494 -0.3779 0.3684
vn 0.3273 0.0184 0.9448
vn 0.1353 0.0072 0.9908
vn 0.5405 0.0505 0.8398
vn 0.7781 0.1090 0.6186
vn 0.7704 0.4321 0.4689
vn 0.6105 0.5529 0.5670
vn 0.5120 0.4624 0.7239
vn 0.7097 -0.2007 0.6753
vn 0.6879 0.6665 0.2874
vn 0.9434 0.2805 -0.1771
vn 0.9428 0.0629 0.3273
vn 0.7369 0.5080 -0.4460
vn 0.8917 0.3787 -0.2480
vn 0.8053 0.1779 0.5655
vn 0.7340 0.0871 0.6735
vn 0.4828 0.6819 -0.5496
vn 0.4594 0.6512 -0.6040
vn 0.5128 0.8435 -0.1595
vn 0.6960 0.5777 -0.4264
vn 0.7771 0.6170 -0.1243
vn 0.5488 -0.7834 -0.2917
vn 0.4238 -0.9010 -0.0928
vn 0.1904 -0.4700 -0.8619
vn 0.5181 -0.6432 -0.5638
vn 0.8292 -0.4944 -0.2608
vn 0.7662 -0.6381 -0.0756
vn 0.8070 -0.2177 -0.5490
vn 0.5490 0.3688 -0.7500
vn 0.2194 0.5370 -0.8146
vn 0.4242 0.5916 -0.6856
vn 0.8296 0.1804 -0.5284
vn 0.5961 0.2640 -0.7583
vn 0.9442 -0.3163 -0.0914
vn 0.9442 0.1672 -0.2839
vn 0.9618 -0.1012 -0.2542
vn 0.7666 0.4120 -0.4925
vn 0.2824 -0.7788 -0.5601
vn 0.1597 -0.9737 -0.1627
vn 0.0813 -0.8954 -0.4377
vn 0.2552 -0.4846 -0.8367
vn 0.8569 -0.4790 -0.1905
vn 0.5564 -0.6423 -0.5271
vn 0.9200 -0.3783 -0.1028
vn 0.5466 -0.2134 -0.8097
vn 0.2871 0.1773 -0.9413
vn 0.0884 -0.3034 -0.9487
vn 0.4988 0.4166 -0.7600
vn 0.2539 -0.0898 -0.9630
vn 0.0684 -0.6274 -0.7757
vn 0.5320 0.1853 -0.8262
vn 0.7663 0.6249 -0.1494
vn 0.7555 0.3675 -0.5424
vn 0.6941 0.5885 -0.4147
vn 0.8200 0.5317 -0.2119
vn 0.7621 0.2641 -0.5911
vn -0.3780 -0.9191 -0.1115
vn -0.0967 -0.9146 -0.3927
vn -0.7038 -0.7030 -0.1029
vn -0.3730 -0.8436 -0.3863
vn -0.0911 -0.6935 -0.7146
vn -0.6608 -0.6557 -0.3651
vn -0.3542 -0.6509 -0.6715
vn -0.9205 -0.0914 -0.3798
vn -0.9203 -0.3773 -0.1035
vn -0.7038 -0.0813 -0.7057
vn -0.8487 -0.3680 -0.3799
vn -0.6608 -0.3454 -0.6664
vn -0.0966 -0.3646 -0.9262
vn -0.3778 -0.0830 -0.9222
vn -0.3729 -0.3606 -0.8550
vn -0.9439 0.0364 -0.3283
vn -0.8386 0.0704 -0.5402
vn -0.5588 0.5701 -0.6023
vn -0.4631 0.4499 -0.7636
vn -0.7171 0.4799 -0.5054
vn -0.6165 0.1287 -0.7768
vn -0.6713 0.1075 -0.7333
vn -0.6788 -0.1839 -0.7109
vn 0.5594 0.6816 -0.4717
vn 0.5215 0.8502 -0.0712
vn 0.6134 0.6498 -0.4488
vn 0.4355 0.5824 -0.6864
vn 0.1707 0.8486 -0.5007
vn 0.1709 0.8486 -0.5007
vn 0.1708 0.8486 -0.5007
vn 0.1350 0.6279 -0.7665
vn -0.3250 0.0815 -0.9422
vn 0.1820 0.2922 -0.9389
vn -0.5619 0.1979 -0.8032
vn 0.2544 0.3882 -0.8858
vn 0.4537 0.5129 -0.7288
vn 0.9078 -0.1034 0.4065
vn 0.6781 -0.1860 0.7111
vn 0.5638 -0.5476 0.6182
vn 0.8022 -0.0546 0.5946
vn 0.3913 -0.1721 0.9040
vn 0.6213 -0.3585 0.6968
vn 0.2548 -0.8219 0.5095
vn 0.4062 -0.2722 0.8723
vn -0.2882 -0.2156 0.9330
vn 0.2627 -0.0660 0.9626
vn 0.0073 -0.0617 0.9981
vn -0.3181 -0.2649 0.9103
vn 0.0158 -0.1774 0.9840
vn 0.5413 -0.0482 0.8394
vn 0.0138 -0.2365 0.9715
vn -0.6747 -0.5916 0.4413
vn -0.8575 -0.4885 0.1613
vn -0.7185 -0.6451 0.2598
vn -0.6446 -0.6530 0.3976
vn -0.7264 -0.4946 0.4772
vn -0.8492 -0.4216 0.3179
vn -0.3997 -0.5646 0.7221
vn -0.1682 0.6404 0.7494
vn -0.0524 0.7728 0.6325
vn -0.5232 0.5086 0.6838
vn -0.3259 0.5817 0.7453
vn -0.1459 0.3536 0.9240
vn -0.0351 0.5076 0.8609
vn -0.2417 0.3666 0.8984
vn -0.5035 -0.8570 -0.1098
vn -0.5439 -0.7171 0.4358
vn -0.5966 -0.7621 0.2515
vn -0.4516 -0.8812 0.1400
vn -0.4476 -0.7674 0.4591
vn -0.6064 -0.6895 0.3961
vn -0.5152 -0.4423 0.7341
vn -0.0437 0.2308 0.9720
vn -0.1792 -0.3220 0.9296
vn -0.0344 -0.0225 0.9992
vn -0.1460 -0.0196 0.9891
vn -0.2253 -0.3510 0.9089
vn -0.2008 -0.0205 0.9794
vn 0.8607 -0.0504 -0.5067
vn 0.9715 0.0408 -0.2336
vn 0.9966 -0.0197 0.0802
vn 0.8306 -0.1157 -0.5447
vn 0.8586 0.0241 -0.5122
vn 0.6829 0.0315 -0.7298
vn 0.5156 -0.1582 -0.8421
vn -0.5434 -0.3715 -0.7528
vn -0.4771 -0.6939 -0.5393
vn -0.6892 -0.3440 -0.6377
vn -0.3045 -0.2280 -0.9248
vn -0.6982 -0.5365 -0.4740
vn -0.2786 -0.2886 -0.9160
vn -0.4025 -0.2869 -0.8693
vn 0.3101 -0.0043 -0.9507
vn -0.2184 -0.1274 -0.9675
vn 0.0365 -0.0985 -0.9945
vn -0.4619 -0.2299 -0.8566
vn 0.0456 -0.1238 -0.9913
vn -0.0871 0.8779 -0.4708
vn -0.0435 0.9896 0.1371
vn 0.0091 0.9818 -0.1898
vn -0.0101 0.8809 -0.4732
vn -0.1509 0.8536 -0.4986
vn -0.1939 0.5385 -0.8200
vn -0.1436 -0.1980 -0.9696
vn -0.0361 0.3366 -0.9410
vn -0.0424 0.0301 -0.9986
vn -0.2340 -0.4454 -0.8642
vn -0.1229 0.0584 -0.9907
vn -0.0044 0.7094 -0.7048
vn -0.2392 -0.2874 -0.9275
vn -0.1497 0.0631 -0.9867
vn -0.3670 -0.5340 -0.7617
vn -0.3338 -0.6804 -0.6524
vn -0.6855 -0.4939 -0.5349
vn -0.5137 -0.7014 -0.4941
vn -0.3007 -0.2684 -0.9152
vn -0.3464 0.9360 0.0632
vn -0.6747 0.7300 0.1091
vn -0.6334 0.6088 0.4777
vn -0.5350 0.8448 -0.0063
vn -0.8857 0.4588 0.0706
vn -0.6851 0.6720 0.2812
vn -0.5807 0.2918 0.7600
vn -0.8648 0.4711 0.1739
vn -0.9706 -0.2171 0.1039
vn -0.9412 0.3351 -0.0425
vn -0.9952 0.0818 -0.0535
vn -0.9561 -0.2485 0.1553
vn -0.9939 0.0908 0.0633
vn -0.7962 0.6035 -0.0432
vn -0.9885 0.0879 0.1233
vn -0.5571 -0.6389 0.5305
vn -0.2815 -0.8431 0.4583
vn -0.3867 -0.6967 0.6042
vn -0.5184 -0.6124 0.5968
vn -0.5846 -0.6884 0.4293
vn -0.4274 -0.8233 0.3736
vn -0.8099 -0.3454 0.4742
vn -0.6806 -0.1102 -0.7243
vn -0.5414 -0.0033 -0.8408
vn -0.6574 -0.4694 -0.5895
vn -0.6956 -0.2677 -0.6667
vn -0.8854 -0.0751 -0.4588
vn -0.7964 0.0307 -0.6040
vn -0.8656 -0.1723 -0.4701
vn -0.0277 -0.5115 0.8588
vn -0.5556 -0.5099 0.6568
vn -0.3812 -0.5775 0.7219
vn -0.2745 -0.4402 0.8549
vn -0.5771 -0.4118 0.7053
vn -0.5176 -0.5755 0.6332
vn -0.8171 -0.4583 0.3497
vn -0.9394 0.0299 -0.3416
vn -0.9715 -0.1083 0.2110
vn -0.9948 0.0415 -0.0932
vn -0.9928 -0.0708 -0.0967
vn -0.9579 -0.1562 0.2411
vn -0.9875 -0.1255 -0.0953
vn 0.5514 0.8222 0.1411
vn 0.3089 0.9511 -0.0043
vn 0.4186 0.8453 0.3319
vn 0.0615 0.9842 0.1661
vn 0.5748 0.8171 0.0434
vn 0.7781 0.6253 0.0593
vn 0.8544 0.4502 0.2593
vn 0.6708 -0.6072 0.4259
vn 0.3708 -0.7919 0.4853
vn 0.5400 -0.7360 0.4083
vn 0.8668 -0.3738 0.3300
vn 0.6924 -0.5624 0.4520
vn 0.8532 -0.3469 0.3895
vn 0.9644 0.2371 0.1168
vn 0.9272 -0.2911 0.2356
vn 0.9764 -0.0389 0.2126
vn 0.7876 -0.5254 0.3220
vn 0.9709 -0.0314 0.2375
vn 0.5526 -0.1445 -0.8208
vn 0.4316 -0.3385 -0.8362
vn 0.3013 -0.0043 -0.9535
vn 0.5696 -0.0453 -0.8207
vn 0.0559 -0.1710 -0.9837
vn 0.8611 -0.2554 -0.4396
vn 0.8145 -0.1711 -0.5543
vn 0.9268 -0.2169 0.3066
vn 0.9680 -0.1068 -0.2272
vn 0.9895 -0.1177 0.0843
vn 0.7871 -0.2994 0.5393
vn 0.9788 -0.1975 0.0541
vn 0.7794 -0.0570 -0.6239
vn 0.8676 -0.3090 0.3896
vn 0.9733 -0.2241 0.0493
vn 0.6729 -0.4022 0.6208
vn 0.5427 -0.3832 0.7474
vn 0.3732 -0.4604 0.8054
vn 0.6918 -0.4295 0.5804
vn 0.8532 -0.3697 0.3680
vn 0.2937 -0.8969 -0.3306
vn 0.3120 -0.8970 -0.3133
vn 0.4364 -0.7600 -0.4817
vn 0.4625 -0.7606 -0.4556
vn 0.6984 -0.2413 -0.6738
vn 0.6804 0.0143 -0.7327
vn 0.7218 0.0157 -0.6919
vn 0.2762 -0.8963 -0.3469
vn 0.4106 -0.7597 -0.5042
vn 0.6577 -0.2423 -0.7133
vn 0.6389 0.0141 -0.7691
vn -0.3003 -0.9136 0.2740
vn -0.3177 -0.9130 0.2558
vn -0.4509 -0.7872 0.4206
vn -0.7230 -0.3285 0.6077
vn -0.7195 -0.0845 0.6894
vn -0.6840 -0.3288 0.6512
vn -0.3343 -0.9128 0.2344
vn -0.4779 -0.7860 0.3922
vn -0.7607 -0.3284 0.5599
vn -0.7610 -0.0842 0.6433
vn 0.3469 -0.8968 -0.2746
vn 0.3306 -0.8970 -0.2935
vn 0.5125 -0.7604 -0.3989
vn 0.7377 -0.2428 -0.6299
vn 0.7986 0.0139 -0.6017
vn 0.7735 -0.2427 -0.5855
vn 0.4891 -0.7606 -0.4268
vn 0.7623 0.0148 -0.6470
vn -0.2831 -0.9135 0.2922
vn -0.2669 -0.9132 0.3079
vn -0.4244 -0.7869 0.4479
vn -0.3991 -0.7862 0.4719
vn -0.6048 -0.3306 0.7246
vn -0.6772 -0.0856 0.7308
vn -0.6354 -0.0869 0.7673
vn -0.6439 -0.3299 0.6903
vn -0.2492 -0.9128 0.3236
vn -0.2291 -0.9125 0.3388
vn -0.3718 -0.7849 0.4957
vn -0.3405 -0.7838 0.5193
vn -0.5162 -0.3302 0.7903
vn -0.5918 -0.0889 0.8012
vn -0.5405 -0.0906 0.8365
vn -0.5638 -0.3310 0.7566
vn 0.2580 -0.8950 -0.3639
vn 0.3836 -0.7578 -0.5278
vn 0.6171 -0.2419 -0.7488
vn 0.5951 0.0128 -0.8035
vn 0.2379 -0.8939 -0.3800
vn 0.3544 -0.7555 -0.5510
vn 0.5744 -0.2421 -0.7820
vn 0.5471 0.0116 -0.8370
vn 0.2165 -0.8922 -0.3964
vn 0.3234 -0.7531 -0.5730
vn 0.5270 -0.2410 -0.8150
vn 0.4961 0.0105 -0.8682
vn 0.1980 -0.8880 -0.4151
vn 0.2974 -0.7457 -0.5963
vn 0.4768 -0.2390 -0.8459
vn 0.4477 0.0109 -0.8941
vn -0.2077 -0.9109 0.3565
vn -0.1916 -0.9075 0.3737
vn -0.3062 -0.7798 0.5460
vn -0.2814 -0.7728 0.5688
vn -0.4223 -0.3256 0.8460
vn -0.4836 -0.0914 0.8705
vn -0.4386 -0.0910 0.8941
vn -0.4638 -0.3288 0.8227
vn 0.1056 -0.8807 -0.4618
vn -0.0080 -0.9197 -0.3926
vn 0.1785 -0.5265 -0.8312
vn -0.0151 -0.6941 -0.7197
vn 0.1907 -0.0494 -0.9804
vn -0.0194 -0.3521 -0.9358
vn 0.1868 -0.8821 -0.4324
vn 0.2786 -0.7353 -0.6178
vn 0.4281 -0.2313 -0.8736
vn 0.4127 0.0166 -0.9107
vn 0.3954 -0.2154 -0.8929
vn -0.1845 -0.9048 0.3837
vn -0.2707 -0.7685 0.5798
vn -0.4185 -0.0876 0.9040
vn -0.4018 -0.3199 0.8580
vn -0.3538 -0.9120 0.2076
vn -0.5029 -0.7861 0.3594
vn -0.8040 -0.3256 0.4976
vn -0.8013 -0.0843 0.5923
vn -0.3777 -0.9072 0.1854
vn -0.5368 -0.7814 0.3182
vn -0.8403 -0.3169 0.4398
vn -0.8479 -0.0834 0.5236
vn 0.3812 -0.8935 -0.2372
vn 0.3634 -0.8961 -0.2548
vn 0.5584 -0.7537 -0.3467
vn 0.8067 -0.2405 -0.5397
vn 0.8596 0.0152 -0.5107
vn 0.8378 -0.2327 -0.4939
vn 0.5357 -0.7588 -0.3704
vn 0.8318 0.0136 -0.5550
vn 0.3807 -0.9246 -0.0140
vn 0.7120 -0.7021 -0.0108
vn 0.9323 -0.3616 -0.0063
vn 0.4412 -0.8868 -0.1373
vn 0.8173 -0.5301 -0.2259
vn 0.9701 -0.0380 -0.2396
vn -0.3947 -0.9019 0.1755
vn -0.5704 -0.7723 0.2797
vn -0.8602 -0.3058 0.4082
vn -0.8851 -0.0778 0.4589
vn -0.9018 -0.0698 0.4265
vn -0.5901 -0.7623 0.2661
vn -0.8617 -0.3112 0.4008
vn 0.3970 -0.8893 -0.2270
vn 0.8587 -0.2180 -0.4638
vn 0.5787 -0.7455 -0.3306
vn 0.8779 0.0216 -0.4784
vn 0.5233 0.6958 -0.4919
vn 0.4933 0.6963 -0.5214
vn 0.3785 0.8566 -0.3505
vn 0.3572 0.8564 -0.3728
vn 0.2100 0.9597 -0.1869
vn 0.1984 0.9596 -0.1998
vn 0.4642 0.6948 -0.5494
vn 0.3362 0.8560 -0.3927
vn 0.1868 0.9593 -0.2116
vn -0.5824 0.6383 0.5033
vn -0.5512 0.6376 0.5382
vn -0.4225 0.8272 0.3704
vn -0.3996 0.8270 0.3955
vn -0.2318 0.9497 0.2105
vn -0.2193 0.9495 0.2245
vn -0.6144 0.6374 0.4649
vn -0.4456 0.8270 0.3429
vn -0.2440 0.9499 0.1955
vn 0.5527 0.6955 -0.4592
vn 0.5803 0.6935 -0.4269
vn 0.4004 0.8559 -0.3273
vn 0.4202 0.8550 -0.3040
vn 0.2225 0.9592 -0.1746
vn 0.2337 0.9588 -0.1617
vn -0.4883 0.6339 0.5997
vn -0.5192 0.6363 0.5706
vn -0.3551 0.8242 0.4412
vn -0.3768 0.8259 0.4194
vn -0.1958 0.9484 0.2494
vn -0.2069 0.9491 0.2373
vn -0.4192 0.6266 0.6570
vn -0.4562 0.6313 0.6272
vn -0.3057 0.8200 0.4839
vn -0.3324 0.8223 0.4619
vn -0.1687 0.9471 0.2731
vn -0.1827 0.9480 0.2608
vn 0.4336 0.6929 -0.5760
vn 0.3143 0.8549 -0.4128
vn 0.1747 0.9591 -0.2228
vn 0.4001 0.6887 -0.6046
vn 0.2903 0.8529 -0.4339
vn 0.1617 0.9585 -0.2350
vn 0.3648 0.6841 -0.6316
vn 0.2656 0.8497 -0.4555
vn 0.1480 0.9574 -0.2479
vn 0.3319 0.6774 -0.6565
vn 0.2428 0.8450 -0.4764
vn 0.1356 0.9558 -0.2609
vn -0.3453 0.6118 0.7116
vn -0.3776 0.6199 0.6879
vn -0.2547 0.8093 0.5292
vn -0.2767 0.8156 0.5082
vn -0.1418 0.9432 0.3005
vn -0.1529 0.9458 0.2865
vn 0.0440 0.4314 -0.9011
vn 0.1671 0.6463 -0.7446
vn 0.0335 0.7382 -0.6738
vn 0.1250 0.8296 -0.5442
vn 0.0179 0.9350 -0.3541
vn 0.0733 0.9503 -0.3027
vn 0.3088 0.6693 -0.6758
vn 0.2278 0.8385 -0.4951
vn 0.1282 0.9533 -0.2736
vn -0.3304 0.6062 0.7234
vn -0.2451 0.8048 0.5405
vn -0.1371 0.9414 0.3082
vn -0.6521 0.6347 0.4146
vn -0.4739 0.8252 0.3072
vn -0.2595 0.9495 0.1766
vn -0.6872 0.6266 0.3676
vn -0.5026 0.8196 0.2751
vn -0.2773 0.9473 0.1603
vn 0.6067 0.6906 -0.3937
vn 0.6305 0.6861 -0.3630
vn 0.4402 0.8531 -0.2801
vn 0.4601 0.8493 -0.2590
vn 0.2454 0.9580 -0.1486
vn 0.2578 0.9564 -0.1373
vn 0.9059 0.4200 -0.0534
vn 0.6843 0.7284 -0.0345
vn 0.3691 0.9293 -0.0106
vn 0.7307 0.6562 -0.1885
vn 0.5369 0.8329 -0.1345
vn 0.3070 0.9490 -0.0714
vn -0.7057 0.6188 0.3450
vn -0.5213 0.8126 0.2605
vn -0.2900 0.9447 0.1529
vn 0.6484 0.6800 -0.3423
vn 0.4761 0.8445 -0.2454
vn 0.2683 0.9545 -0.1304
vn -0.8028 0.3553 0.4789
vn 0.8809 -0.1403 0.4520
vn 0.8814 -0.1407 0.4510
vn -0.7994 0.3557 0.4842
vn 0.2682 0.1617 0.9497
vn 0.8556 -0.1206 0.5034
vn -0.4722 0.3430 0.8120
vn -0.4777 0.3434 0.8086
vn -0.9436 0.2108 -0.2552
vn -0.9436 0.2108 -0.2553
vn -0.5289 -0.0581 -0.8467
vn -0.1178 -0.1933 -0.9740
vn -0.4762 -0.0800 -0.8757
vn -0.0011 0.9303 -0.3668
vn -0.0003 0.7182 -0.6959
vn 0.0006 0.3952 -0.9186
vn 0.9251 0.0065 -0.3798
vn 0.3856 0.0137 -0.9226
vn 0.7090 0.0109 -0.7051
vn -0.6824 -0.6897 0.2422
vn -0.6577 -0.7533 -0.0032
vn -0.3574 -0.3480 -0.8667
vn -0.7044 -0.7091 0.0302
vn -0.3846 -0.3756 -0.8432
vn 0.9225 0.3858 0.0078
vn 0.7042 0.7099 0.0134
vn 0.3815 0.9242 0.0169
vn -0.6826 -0.2722 0.6782
vn -0.7509 -0.0241 0.6599
vn -0.2954 0.9036 0.3102
vn -0.7062 -0.0651 0.7050
vn -0.2454 -0.6969 0.6739
vn 0.0167 -0.6714 0.7409
vn 0.8697 -0.3537 0.3442
vn -0.0289 -0.7183 0.6951
vn -0.0004 0.3901 0.9208
vn -0.0004 0.4106 0.9118
vn -0.0017 0.7201 0.6939
vn -0.0021 0.8054 0.5928
vn -0.0027 0.9273 0.3743
vn 0.1252 0.9921 0.0105
vn -0.0453 0.9959 -0.0777
vn -0.3336 0.9426 0.0167
vn -0.5052 0.8629 0.0151
vn -0.6689 0.7432 0.0128
vn -0.8464 0.5325 0.0088
vn -0.9140 0.4057 0.0065
vn 0.2999 0.9100 -0.2863
vn 0.4248 0.8052 -0.4137
vn 0.5548 0.6403 -0.5313
vn 0.6746 0.3105 -0.6697
vn 0.4382 0.7916 -0.4260
vn 0.6567 0.3818 -0.6504
vn 0.4007 -0.0128 0.9161
vn 0.7259 -0.0095 0.6877
vn 0.9300 -0.0049 0.3676
vn 0.4212 -0.0126 0.9069
vn 0.8236 -0.0078 0.5671
vn 0.9914 0.1307 -0.0090
vn 0.4004 -0.9163 -0.0121
vn 0.5032 -0.8641 -0.0113
vn 0.7258 -0.6879 -0.0087
vn 0.8933 -0.4495 -0.0052
vn 0.9312 -0.3646 -0.0041
vn 0.9932 -0.0688 -0.0937
vn 0.8953 0.3202 -0.3097
vn 0.7959 0.4349 -0.4211
vn 0.6421 0.5508 -0.5332
vn 0.3419 0.6749 -0.6540
vn 0.3282 0.6785 -0.6572
vn 0.7843 0.4460 -0.4312
vn 0.4352 0.6464 -0.6267
vn 0.1199 0.0157 -0.9927
vn 0.0004 -0.3540 -0.9352
vn 0.0005 -0.5593 -0.8290
vn 0.0004 -0.6776 -0.7354
vn 0.0004 -0.9101 -0.4143
vn -0.3569 0.0142 -0.9340
vn -0.5181 0.0128 -0.8552
vn -0.8112 0.0087 -0.5846
vn -0.9140 0.0060 -0.4057
vn -0.0662 0.1079 -0.9920
vn -0.3756 0.0139 -0.9267
vn -0.5247 0.0128 -0.8512
vn 0.3169 0.3315 -0.8887
vn 0.5383 0.4548 -0.7095
vn 0.5442 0.5560 -0.6282
vn 0.6679 0.6755 -0.3125
vn 0.3410 0.3553 -0.8703
vn 0.0001 0.9184 0.3956
vn 0.0005 0.6978 0.7163
vn 0.0008 0.3830 0.9238
vn -0.9250 0.3798 -0.0085
vn -0.7071 0.7071 0.0089
vn -0.3831 0.9236 0.0122
vn 0.6534 0.3914 -0.6480
vn 0.5001 0.7139 -0.4901
vn 0.2704 0.9276 -0.2576
vn 0.9235 -0.0051 0.3835
vn 0.7065 -0.0098 0.7077
vn 0.3820 -0.0129 0.9241
vn 0.9241 -0.3821 -0.0043
vn 0.7072 -0.7069 -0.0089
vn 0.3833 -0.9236 -0.0122
vn 0.3829 0.6636 -0.6426
vn 0.7074 0.5081 -0.4915
vn 0.9240 0.2752 -0.2655
vn 0.0004 -0.9183 -0.3958
vn 0.0004 -0.6962 -0.7179
vn 0.0004 -0.3686 -0.9296
vn -0.9238 0.0057 -0.3829
vn -0.7068 0.0107 -0.7074
vn -0.3825 0.0140 -0.9238
vn 0.6520 0.6604 -0.3726
vn 0.4993 0.5120 -0.6990
vn 0.2707 0.2857 -0.9193
vn -0.3821 -0.0126 0.9240
vn -0.7069 -0.0098 0.7072
vn -0.7070 -0.0098 0.7072
vn -0.9241 -0.0054 0.3821
vn 0.5784 0.0102 -0.8157
vn 0.5239 0.0944 -0.8465
vn 0.2018 0.0009 -0.9794
vn -0.8243 -0.0054 -0.5661
vn -0.3868 0.0021 -0.9222
vn -0.8343 -0.0049 -0.5513
vn -0.9864 0.0015 -0.1641
vn -0.3818 0.0021 -0.9242
vn -0.3818 0.0236 -0.9239
vn -0.0011 0.1497 0.9887
vn -0.0084 0.3700 0.9290
vn 0.0091 0.9178 0.3970
vn -0.0083 0.9159 0.4014
vn -0.0083 0.9179 0.3967
vn -0.0000 0.8236 -0.5672
vn -0.0074 0.9298 -0.3680
vn -0.0108 0.5503 0.8349
vn -0.0095 0.9824 -0.1868
vn 0.0847 0.8559 -0.5102
vn 0.0004 0.7719 -0.6358
vn -0.0014 -0.9782 -0.2075
vn 0.1473 -0.9732 -0.1769
vn 0.0107 -0.3684 -0.9296
vn 0.1047 -0.3665 -0.9245
vn -0.0031 -0.9184 -0.3957
vn -0.0030 0.3974 -0.9176
vn -0.7071 -0.7070 -0.0111
vn -0.7068 -0.7073 -0.0110
vn -0.9238 -0.3828 -0.0062
vn -0.3820 -0.9240 -0.0143
vn 0.9246 -0.3808 -0.0055
vn 0.1612 -0.9868 -0.0150
vn 0.8107 0.5855 0.0092
vn 0.9244 -0.3813 -0.0055
vn 0.1614 -0.9868 -0.0150
vn 0.1602 -0.0129 0.9870
vn 0.0210 0.1229 0.9922
vn 0.9220 -0.0190 0.3867
vn 0.5645 -0.0220 0.8251
vn 0.5509 -0.0216 0.8343
vn 0.9795 -0.0078 -0.2015
vn 0.8134 0.0077 -0.5817
vn 0.1623 -0.0128 0.9867
vn 0.9241 -0.0047 0.3820
vn 0.9239 -0.0190 0.3821
vn -0.0001 -0.9290 0.3701
vn -0.0004 -0.7170 0.6971
vn -0.0004 -0.7172 0.6969
vn -0.0007 -0.3958 0.9183
vn 0.5812 0.8136 0.0128
vn -0.3841 0.9232 0.0140
vn -0.3879 0.9213 0.0265
vn -0.9872 0.1592 0.0022
vn -0.9869 0.1613 0.0021
vn 0.1999 0.9795 0.0245
vn -0.8275 0.5612 0.0182
vn -0.3838 0.9230 0.0265
vn -0.9967 0.0807 0.0009
vn 0.3200 0.2864 0.9031
vn 0.3025 0.3048 0.9031
vn 0.4675 0.4341 0.7701
vn 0.4423 0.4608 0.7695
vn 0.6572 0.7088 0.2562
vn 0.7182 0.6959 -0.0000
vn 0.6764 0.7366 -0.0011
vn 0.3375 0.2697 0.9019
vn 0.4926 0.4094 0.7679
vn 0.6979 0.6688 0.2561
vn 0.7552 0.6554 0.0004
vn -0.2723 -0.3208 0.9071
vn -0.2533 -0.3379 0.9065
vn -0.4150 -0.4724 0.7776
vn -0.5938 -0.7409 0.3139
vn -0.6740 -0.7355 0.0698
vn -0.6379 -0.7030 0.3145
vn -0.2317 -0.3540 0.9061
vn -0.3854 -0.4981 0.7768
vn -0.5451 -0.7773 0.3141
vn -0.6273 -0.7757 0.0690
vn 0.2625 0.3380 0.9038
vn 0.2821 0.3217 0.9038
vn 0.3843 0.5090 0.7702
vn 0.6128 0.7470 0.2579
vn 0.5848 0.8112 0.0018
vn 0.5681 0.7818 0.2572
vn 0.4120 0.4846 0.7716
vn 0.6306 0.7761 0.0014
vn -0.2905 -0.3041 0.9073
vn -0.3070 -0.2881 0.9071
vn -0.4425 -0.4464 0.7778
vn -0.4666 -0.4210 0.7778
vn -0.7131 -0.6254 0.3168
vn -0.7167 -0.6938 0.0712
vn -0.7539 -0.6530 0.0731
vn -0.6779 -0.6637 0.3162
vn -0.3221 -0.2706 0.9072
vn -0.3380 -0.2508 0.9071
vn -0.4907 -0.3947 0.7768
vn -0.5153 -0.3642 0.7758
vn -0.7801 -0.5383 0.3190
vn -0.7889 -0.6099 0.0754
vn -0.8250 -0.5597 0.0782
vn -0.7458 -0.5850 0.3187
vn 0.3533 0.2512 0.9011
vn 0.5154 0.3825 0.7669
vn 0.7338 0.6292 0.2562
vn 0.7908 0.6121 0.0009
vn 0.3705 0.2314 0.8995
vn 0.5395 0.3534 0.7642
vn 0.7685 0.5866 0.2556
vn 0.8253 0.5647 0.0017
vn 0.3882 0.2111 0.8971
vn 0.5638 0.3242 0.7596
vn 0.8023 0.5403 0.2536
vn 0.8577 0.5142 0.0029
vn 0.4071 0.1927 0.8928
vn 0.5868 0.2981 0.7528
vn 0.8342 0.4907 0.2516
vn 0.8843 0.4668 -0.0000
vn -0.3568 -0.2297 0.9055
vn -0.3737 -0.2139 0.9026
vn -0.5430 -0.3301 0.7721
vn -0.5656 -0.3051 0.7662
vn -0.8387 -0.4453 0.3135
vn -0.8603 -0.5035 0.0797
vn -0.8850 -0.4589 0.0793
vn -0.8142 -0.4862 0.3174
vn 0.4555 0.1017 0.8844
vn 0.3889 -0.0144 0.9212
vn 0.8246 0.1879 0.5335
vn 0.7164 -0.0109 0.6976
vn 0.9759 0.2107 0.0566
vn 0.9343 -0.0052 0.3565
vn 0.1928 0.0737 0.9785
vn 0.6084 0.2800 0.7426
vn 0.8631 0.4429 0.2425
vn 0.9018 0.4321 -0.0063
vn 0.6211 0.2752 0.7338
vn 0.8833 0.4107 0.2261
vn -0.3839 -0.2070 0.8998
vn -0.5773 -0.2956 0.7612
vn -0.8953 -0.4387 0.0768
vn -0.8509 -0.4251 0.3087
vn -0.2042 -0.3731 0.9050
vn -0.3532 -0.5236 0.7753
vn -0.4821 -0.8196 0.3096
vn -0.5753 -0.8150 0.0690
vn -0.1818 -0.3962 0.9000
vn -0.3100 -0.5561 0.7712
vn -0.4230 -0.8541 0.3027
vn -0.5060 -0.8599 0.0668
vn 0.2250 0.3722 0.9005
vn 0.2422 0.3541 0.9033
vn 0.3316 0.5535 0.7640
vn 0.5213 0.8140 0.2561
vn 0.4922 0.8705 0.0010
vn 0.4752 0.8437 0.2497
vn 0.3552 0.5311 0.7692
vn 0.5372 0.8434 0.0025
vn 0.0015 0.3664 0.9305
vn -0.0076 0.7004 0.7138
vn -0.0153 0.9262 0.3766
vn 0.1239 0.4299 0.8943
vn 0.2059 0.8130 0.5446
vn 0.2186 0.9743 0.0541
vn -0.1713 -0.4126 0.8947
vn -0.2713 -0.5888 0.7614
vn -0.3914 -0.8734 0.2899
vn -0.4400 -0.8958 0.0624
vn -0.4075 -0.9116 0.0539
vn -0.2569 -0.6083 0.7510
vn -0.3840 -0.8754 0.2937
vn 0.2142 0.3876 0.8966
vn 0.4447 0.8647 0.2335
vn 0.3143 0.5735 0.7566
vn 0.4597 0.8881 -0.0051
vn 0.4835 0.5448 -0.6852
vn 0.5145 0.5154 -0.6853
vn 0.3462 0.3996 -0.8488
vn 0.3686 0.3784 -0.8491
vn 0.1874 0.2296 -0.9551
vn 0.2001 0.2179 -0.9552
vn 0.5428 0.4869 -0.6843
vn 0.3896 0.3580 -0.8486
vn 0.2117 0.2064 -0.9553
vn -0.4879 -0.5831 -0.6496
vn -0.5233 -0.5523 -0.6489
vn -0.3577 -0.4173 -0.8354
vn -0.3832 -0.3948 -0.8350
vn -0.2010 -0.2206 -0.9544
vn -0.2152 -0.2088 -0.9540
vn -0.4485 -0.6136 -0.6499
vn -0.3294 -0.4397 -0.8355
vn -0.1858 -0.2329 -0.9546
vn 0.4506 0.5738 -0.6839
vn 0.4176 0.6003 -0.6821
vn 0.3221 0.4204 -0.8482
vn 0.2984 0.4403 -0.8468
vn 0.1740 0.2413 -0.9547
vn 0.1610 0.2527 -0.9541
vn -0.5860 -0.4908 -0.6448
vn -0.5567 -0.5213 -0.6468
vn -0.4295 -0.3512 -0.8320
vn -0.4075 -0.3725 -0.8338
vn -0.2408 -0.1853 -0.9527
vn -0.2285 -0.1966 -0.9535
vn -0.6448 -0.4227 -0.6368
vn -0.6145 -0.4593 -0.6414
vn -0.4733 -0.3028 -0.8272
vn -0.4506 -0.3286 -0.8300
vn -0.2652 -0.1592 -0.9510
vn -0.2524 -0.1731 -0.9520
vn 0.5705 0.4569 -0.6825
vn 0.4100 0.3365 -0.8478
vn 0.2235 0.1946 -0.9551
vn 0.5986 0.4237 -0.6798
vn 0.4316 0.3131 -0.8460
vn 0.2358 0.1818 -0.9546
vn 0.6267 0.3892 -0.6751
vn 0.4533 0.2888 -0.8433
vn 0.2488 0.1685 -0.9538
vn 0.6528 0.3566 -0.6683
vn 0.4754 0.2663 -0.8385
vn 0.2625 0.1563 -0.9522
vn -0.7012 -0.3505 -0.6209
vn -0.6766 -0.3822 -0.6293
vn -0.5195 -0.2529 -0.8162
vn -0.4984 -0.2744 -0.8224
vn -0.2927 -0.1332 -0.9469
vn -0.2793 -0.1439 -0.9494
vn 0.9022 0.0700 -0.4257
vn 0.7438 0.1933 -0.6399
vn 0.6763 0.0596 -0.7342
vn 0.5448 0.1498 -0.8251
vn 0.3584 0.0404 -0.9327
vn 0.3050 0.0949 -0.9476
vn 0.6720 0.3339 -0.6611
vn 0.4937 0.2517 -0.8324
vn 0.2745 0.1489 -0.9500
vn -0.7135 -0.3362 -0.6147
vn -0.5309 -0.2435 -0.8117
vn -0.3008 -0.1284 -0.9450
vn -0.3976 -0.6506 -0.6471
vn -0.2932 -0.4672 -0.8341
vn -0.1662 -0.2476 -0.9545
vn -0.3500 -0.6850 -0.6390
vn -0.2607 -0.4958 -0.8284
vn -0.1497 -0.2653 -0.9525
vn 0.3839 0.6256 -0.6791
vn 0.3527 0.6490 -0.6741
vn 0.2750 0.4599 -0.8443
vn 0.2531 0.4791 -0.8405
vn 0.1480 0.2640 -0.9531
vn 0.1361 0.2760 -0.9515
vn 0.0360 0.9134 -0.4054
vn 0.0233 0.6966 -0.7171
vn 0.0071 0.3838 -0.9234
vn 0.1759 0.7453 -0.6431
vn 0.1268 0.5528 -0.8236
vn 0.0690 0.3229 -0.9439
vn -0.3267 -0.7030 -0.6317
vn -0.2456 -0.5137 -0.8220
vn -0.1422 -0.2779 -0.9500
vn 0.3316 0.6663 -0.6679
vn 0.2392 0.4947 -0.8355
vn 0.1292 0.2867 -0.9493
vn -0.4644 -0.8044 -0.3706
vn -0.4654 -0.8038 -0.3706
vn -0.9544 0.2505 -0.1623
vn -0.9544 0.2504 -0.1624
vn -0.5217 0.8422 0.1359
vn -0.7977 -0.4872 -0.3554
vn -0.7965 -0.4890 -0.3555
vn 0.2763 -0.9345 -0.2243
vn 0.2766 -0.9344 -0.2243
vn 0.8570 -0.5120 0.0579
vn 0.9754 -0.1004 0.1961
vn -0.8373 0.3880 -0.3851
vn -0.8371 0.3696 -0.4033
vn -0.6768 0.5256 -0.5155
vn -0.6772 0.4985 -0.5412
vn -0.1229 0.6754 -0.7272
vn 0.1347 0.7168 -0.6841
vn 0.1361 0.6751 -0.7250
vn -0.8374 0.4044 -0.3678
vn -0.6773 0.5493 -0.4895
vn -0.1232 0.7163 -0.6869
vn 0.1326 0.7539 -0.6435
vn -0.9560 -0.2029 0.2119
vn -0.9560 -0.1839 0.2285
vn -0.8556 -0.3554 0.3763
vn -0.4413 -0.5692 0.6938
vn -0.2047 -0.6675 0.7159
vn -0.4415 -0.6126 0.6556
vn -0.9557 -0.1627 0.2451
vn -0.8561 -0.3258 0.4011
vn -0.4413 -0.5206 0.7309
vn -0.2049 -0.6211 0.7565
vn -0.8364 0.3306 -0.4371
vn -0.8366 0.3506 -0.4210
vn -0.6753 0.4421 -0.5903
vn -0.1219 0.6318 -0.7655
vn 0.1364 0.5839 -0.8003
vn -0.1214 0.5866 -0.8007
vn -0.6764 0.4706 -0.5666
vn 0.1364 0.6302 -0.7644
vn -0.9556 -0.2213 0.1948
vn -0.9549 -0.2371 0.1787
vn -0.8554 -0.3826 0.3493
vn -0.8542 -0.4064 0.3242
vn -0.4408 -0.6872 0.5774
vn -0.2044 -0.7102 0.6736
vn -0.2048 -0.7468 0.6328
vn -0.4405 -0.6532 0.6159
vn -0.9539 -0.2530 0.1612
vn -0.9528 -0.2686 0.1417
vn -0.8523 -0.4302 0.2975
vn -0.8493 -0.4552 0.2674
vn -0.4362 -0.7543 0.4906
vn -0.2041 -0.7815 0.5896
vn -0.2038 -0.8173 0.5390
vn -0.4385 -0.7205 0.5373
vn -0.8370 0.4209 -0.3497
vn -0.6773 0.5718 -0.4629
vn -0.1253 0.7520 -0.6471
vn 0.1298 0.7890 -0.6005
vn -0.8365 0.4377 -0.3296
vn -0.6759 0.5960 -0.4335
vn -0.1273 0.7861 -0.6048
vn 0.1257 0.8238 -0.5528
vn -0.8348 0.4555 -0.3091
vn -0.6723 0.6204 -0.4039
vn -0.1287 0.8201 -0.5576
vn 0.1213 0.8558 -0.5029
vn -0.8315 0.4738 -0.2900
vn -0.6673 0.6423 -0.3770
vn -0.1291 0.8513 -0.5085
vn 0.1203 0.8824 -0.4549
vn -0.9502 -0.2875 0.1204
vn -0.9467 -0.3045 0.1051
vn -0.8432 -0.4839 0.2341
vn -0.8366 -0.5063 0.2094
vn -0.4254 -0.8130 0.3976
vn -0.2019 -0.8524 0.4823
vn -0.1977 -0.8768 0.4382
vn -0.4314 -0.7884 0.4386
vn -0.8304 0.5209 -0.1980
vn -0.8850 0.4572 -0.0878
vn -0.4454 0.8627 -0.2396
vn -0.6384 0.7672 -0.0623
vn 0.0409 0.9776 -0.2064
vn -0.2833 0.9587 -0.0267
vn -0.9464 0.2659 -0.1835
vn -0.6567 0.6639 -0.3579
vn -0.1228 0.8798 -0.4592
vn 0.1233 0.8992 -0.4198
vn -0.6482 0.6753 -0.3518
vn -0.1114 0.8981 -0.4254
vn -0.9439 -0.3151 0.0988
vn -0.8313 -0.5183 0.2008
vn -0.1939 -0.8874 0.4182
vn -0.4190 -0.8255 0.3782
vn -0.9548 -0.1357 0.2646
vn -0.8550 -0.2936 0.4275
vn -0.4374 -0.4583 0.7737
vn -0.2055 -0.5694 0.7959
vn -0.9510 -0.1130 0.2879
vn -0.8517 -0.2510 0.4600
vn -0.4297 -0.3998 0.8096
vn -0.2033 -0.5009 0.8413
vn -0.8325 0.2924 -0.4705
vn -0.8352 0.3111 -0.4536
vn -0.6689 0.3886 -0.6337
vn -0.1208 0.5399 -0.8330
vn 0.1368 0.4920 -0.8598
vn -0.1139 0.4937 -0.8621
vn -0.6732 0.4135 -0.6130
vn 0.1352 0.5367 -0.8329
vn -0.8792 0.0725 -0.4709
vn -0.6262 0.0472 -0.7782
vn -0.2672 0.0144 -0.9635
vn -0.8270 0.1916 -0.5285
vn -0.4295 0.2474 -0.8685
vn 0.0753 0.2231 -0.9719
vn -0.9466 -0.1032 0.3054
vn -0.8422 -0.2136 0.4951
vn -0.4181 -0.3692 0.8300
vn -0.1977 -0.4350 0.8785
vn -0.1890 -0.4033 0.8953
vn -0.8333 -0.1999 0.5154
vn -0.4221 -0.3611 0.8316
vn -0.8267 0.2825 -0.4866
vn -0.0998 0.4621 -0.8812
vn -0.6584 0.3717 -0.6544
vn 0.1418 0.4588 -0.8771
vn 0.7777 0.4310 -0.4577
vn 0.7770 0.4614 -0.4282
vn 0.9128 0.2815 -0.2959
vn 0.9123 0.3036 -0.2748
vn 0.9866 0.1147 -0.1164
vn 0.9864 0.1271 -0.1045
vn 0.7751 0.4895 -0.3996
vn 0.9111 0.3244 -0.2543
vn 0.9859 0.1389 -0.0933
vn 0.5398 -0.5363 0.6489
vn 0.5399 -0.5715 0.6179
vn 0.7526 -0.4204 0.5068
vn 0.7526 -0.4459 0.4845
vn 0.9045 -0.2734 0.3273
vn 0.9045 -0.2872 0.3151
vn 0.5389 -0.4971 0.6801
vn 0.7522 -0.3922 0.5295
vn 0.9046 -0.2579 0.3393
vn 0.7777 0.3979 -0.4866
vn 0.7764 0.3651 -0.5138
vn 0.9128 0.2575 -0.3171
vn 0.9119 0.2339 -0.3372
vn 0.9865 0.1016 -0.1282
vn 0.9863 0.0883 -0.1395
vn 0.5375 -0.6340 0.5560
vn 0.5392 -0.6044 0.5864
vn 0.7513 -0.4918 0.4401
vn 0.7523 -0.4699 0.4618
vn 0.9044 -0.3122 0.2909
vn 0.9042 -0.3008 0.3032
vn 0.5329 -0.6920 0.4869
vn 0.5362 -0.6617 0.5240
vn 0.7488 -0.5350 0.3912
vn 0.7505 -0.5124 0.4174
vn 0.9037 -0.3365 0.2647
vn 0.9040 -0.3240 0.2788
vn 0.7718 0.5174 -0.3696
vn 0.9093 0.3450 -0.2329
vn 0.9853 0.1504 -0.0813
vn 0.7670 0.5461 -0.3370
vn 0.9064 0.3668 -0.2096
vn 0.9843 0.1630 -0.0683
vn 0.7607 0.5742 -0.3028
vn 0.9024 0.3889 -0.1855
vn 0.9828 0.1760 -0.0551
vn 0.7524 0.6003 -0.2710
vn 0.8971 0.4105 -0.1633
vn 0.9809 0.1897 -0.0432
vn 0.5213 -0.7469 0.4127
vn 0.5282 -0.7229 0.4455
vn 0.7399 -0.5804 0.3400
vn 0.7454 -0.5596 0.3623
vn 0.9005 -0.3637 0.2382
vn 0.9027 -0.3506 0.2494
vn 0.4981 0.8670 -0.0118
vn 0.7120 0.6933 -0.1111
vn 0.7850 0.6187 0.0319
vn 0.8753 0.4811 -0.0486
vn 0.9554 0.2868 0.0706
vn 0.9724 0.2327 0.0177
vn 0.7439 0.6202 -0.2490
vn 0.8908 0.4292 -0.1493
vn 0.9788 0.2018 -0.0361
vn 0.5166 -0.7584 0.3974
vn 0.7357 -0.5915 0.3298
vn 0.8985 -0.3719 0.2333
vn 0.5360 -0.4461 0.7167
vn 0.7504 -0.3560 0.5569
vn 0.9043 -0.2383 0.3541
vn 0.5277 -0.3980 0.7504
vn 0.7438 -0.3233 0.5850
vn 0.9014 -0.2220 0.3718
vn 0.7736 0.3321 -0.5396
vn 0.7690 0.3014 -0.5637
vn 0.9102 0.2105 -0.3567
vn 0.9069 0.1891 -0.3765
vn 0.9856 0.0757 -0.1514
vn 0.9845 0.0639 -0.1634
vn 0.5095 0.0062 -0.8604
vn 0.7927 -0.0305 -0.6088
vn 0.9594 -0.0625 -0.2751
vn 0.7365 0.1273 -0.6644
vn 0.8893 0.0644 -0.4528
vn 0.9773 -0.0023 -0.2118
vn 0.5201 -0.3743 0.7677
vn 0.7367 -0.3077 0.6022
vn 0.8977 -0.2147 0.3846
vn 0.7634 0.2806 -0.5818
vn 0.9025 0.1757 -0.3932
vn 0.9830 0.0572 -0.1742
vn 0.2391 -0.4880 0.8395
vn -0.0856 -0.4576 -0.8850
vn -0.0858 -0.4566 -0.8855
vn 0.2394 -0.4932 0.8364
vn 0.1180 -0.9639 -0.2387
vn 0.1183 -0.9639 -0.2387
vn -0.0725 -0.5100 -0.8571
vn 0.2352 -0.8256 0.5129
vn 0.2355 -0.8210 0.5200
vn 0.1356 0.2573 0.9568
vn -0.0478 0.8579 0.5116
vn -0.1329 0.9876 0.0836
vn -0.0625 0.8885 0.4545
vn 0.6794 0.4945 -0.5421
vn 0.5944 0.6596 -0.4601
vn 0.0611 -0.7827 -0.6193
vn 0.0611 -0.7828 -0.6193
vn -0.4830 -0.4438 0.7548
vn -0.4830 -0.4439 0.7548
vn 0.6974 0.5302 -0.4822
vn 0.0579 0.5968 0.8003
vn 0.0580 0.5968 0.8003
vn 0.2282 -0.5913 0.7735
vn -0.1016 0.7820 -0.6149
vn 0.8061 0.3786 0.4548
vn 0.0008 -0.4679 0.8838
vn 0.4737 0.6542 0.5896
vn -0.4601 0.8113 -0.3606
vn 0.3434 -0.5067 -0.7908
vn -0.2724 -0.8468 -0.4569
vn -0.1398 0.3608 -0.9221
vn -0.1238 0.8844 0.4500
vn 0.8972 -0.1200 0.4249
vn -0.4351 0.8895 0.1396
vn 0.8973 -0.4276 0.1101
vn -0.1172 -0.4237 -0.8982
vn 0.6696 0.6848 0.2877
vn -0.9904 0.0232 -0.1363
vn -0.2781 0.6814 -0.6770
vn -0.7810 0.2025 0.5908
vn -0.2946 -0.3901 -0.8724
vn -0.6199 -0.7339 -0.2777
vn 0.8113 0.5590 0.1713
vn 0.9663 -0.2412 0.0898
vn -0.4751 -0.0804 -0.8762
vn -0.8822 0.0071 -0.4708
vn 0.3825 0.0028 -0.9240
vn -0.9234 -0.0046 -0.3838
vn -0.0104 0.5382 0.8427
vn 0.0006 -0.9187 -0.3949
vn 0.0007 0.3972 -0.9177
vn 0.9242 -0.0047 0.3820
vn -0.8355 0.5492 0.0176
vn -0.1117 0.9602 0.2559
vn -0.1511 -0.0915 -0.9843
vn -0.0628 0.8891 0.4534
f 1222/1/1 1/2/2 202/3/3
f 1173/4/4 20/5/5 106/6/6
f 89/7/2 227/8/7 3/9/2
f 216/10/8 114/11/9 1183/12/10
f 4/13/2 1187/14/11 206/15/12
f 201/16/13 106/6/6 16/17/14
f 212/18/15 102/19/16 14/20/17
f 226/21/18 109/22/19 1178/23/20
f 3/9/2 1162/24/21 222/25/22
f 1177/26/23 4/13/2 88/27/2
f 1183/12/10 22/28/24 231/29/25
f 1193/30/26 19/31/27 237/32/28
f 1188/33/29 26/34/30 207/35/31
f 231/29/25 108/36/32 1198/37/33
f 1198/37/33 23/38/34 241/39/35
f 1208/40/36 18/41/37 247/42/38
f 90/43/2 236/44/39 1187/14/11
f 241/39/35 115/45/40 1213/46/41
f 1213/46/41 1325/47/42 253/48/43
f 269/49/44 113/50/45 1208/40/36
f 91/51/2 246/52/46 1192/53/47
f 1223/54/48 16/17/14 104/55/49
f 274/56/50 104/55/49 17/57/51
f 280/58/52 110/59/53 13/60/54
f 1/2/2 1167/61/55 89/7/2
f 1238/62/56 17/57/51 112/63/57
f 285/64/58 112/63/57 21/65/59
f 1233/66/60 1322/67/61 110/59/53
f 6/68/2 1217/69/62 93/70/2
f 106/6/6 328/71/63 1252/72/64
f 10/73/65 1268/74/66 97/75/65
f 24/76/67 1262/77/68 114/11/9
f 337/78/69 98/79/65 1278/80/70
f 104/55/49 308/81/71 1302/82/72
f 15/83/73 1247/84/74 333/85/75
f 15/83/73 1257/86/76 109/22/19
f 103/87/77 317/88/78 1247/84/74
f 116/89/79 328/71/63 20/5/5
f 117/90/80 312/91/81 26/34/30
f 19/31/27 1267/92/82 117/90/80
f 22/28/24 1277/93/83 108/36/32
f 1263/94/84 8/95/65 337/78/69
f 105/96/85 342/97/86 19/31/27
f 18/41/37 1272/98/87 105/96/85
f 23/38/34 1292/99/88 115/45/40
f 1278/80/70 11/100/65 347/101/89
f 113/50/45 352/102/90 18/41/37
f 25/103/91 1287/104/92 113/50/45
f 115/45/40 358/105/93 1325/47/42
f 307/106/94 96/107/65 7/108/65
f 14/20/17 1297/109/95 317/88/78
f 102/19/16 384/110/96 1297/109/95
f 112/63/57 380/111/97 1317/112/98
f 100/113/65 379/114/99 1303/115/100
f 13/60/54 1312/116/101 384/110/96
f 110/59/53 396/117/102 1312/116/101
f 21/65/59 1317/112/98 389/118/103
f 1168/119/104 14/20/17 103/87/77
f 1228/120/105 21/121/59 107/122/106
f 107/122/106 389/123/103 1307/124/107
f 7/108/65 1248/125/108 318/126/109
f 227/8/7 88/27/2 3/9/2
f 1178/23/20 24/76/67 216/10/8
f 109/22/19 323/127/110 24/76/67
f 96/107/65 332/128/111 1248/125/108
f 94/129/2 279/130/112 6/68/2
f 202/3/3 89/7/2 1172/131/113
f 16/17/14 1252/72/64 308/81/71
f 385/132/114 101/133/65 12/134/65
f 237/32/28 117/90/80 1188/33/29
f 1203/135/115 1326/136/116 111/137/117
f 111/137/117 357/138/118 1282/139/119
f 97/75/65 343/140/120 8/95/65
f 207/35/31 116/89/79 1163/141/121
f 226/21/18 103/87/77 15/83/73
f 1253/142/122 9/143/65 96/107/65
f 26/34/30 1242/144/123 116/89/79
f 1227/145/124 1232/146/125 94/129/2
f 284/147/126 94/129/2 1237/148/127
f 101/133/65 390/149/128 1318/150/129
f 1313/151/130 1308/152/131 101/133/65
f 5/153/2 1207/154/132 246/52/46
f 1182/155/133 2/156/2 90/43/2
f 114/11/9 338/157/134 22/28/24
f 11/100/65 1288/158/135 99/159/136
f 217/160/137 90/43/2 4/13/2
f 232/161/138 91/51/2 2/156/2
f 95/162/65 332/128/111 9/143/65
f 10/73/65 1258/163/139 95/162/65
f 1218/164/140 13/60/54 102/19/16
f 7/108/65 1303/115/100 307/106/94
f 1355/165/141 1445/166/142 411/167/143
f 1298/168/144 12/134/65 100/113/65
f 92/169/145 270/170/146 1207/154/132
f 1212/171/147 1202/172/148 92/169/145
f 1293/173/149 1283/174/150 359/175/151
f 99/159/136 374/176/152 1283/174/150
f 1228/120/105 1323/177/153 289/178/154
f 275/179/155 93/70/2 1222/1/1
f 17/57/51 1302/82/72 380/111/97
f 107/122/106 394/180/156 1323/177/153
f 247/42/38 105/96/85 1193/30/26
f 1237/148/127 6/68/2 275/179/155
f 12/134/65 1318/150/129 379/114/99
f 98/79/65 353/181/157 11/100/65
f 2/156/2 1192/53/47 236/44/39
f 1163/141/121 20/5/5 221/182/158
f 322/183/159 97/75/65 1263/94/84
f 8/95/65 1273/184/160 98/79/65
f 1203/185/115 25/103/91 269/49/44
f 1197/186/161 5/153/2 91/51/2
f 108/36/32 348/187/162 23/38/34
f 111/188/117 375/189/163 25/103/91
f 1172/131/113 3/9/2 222/25/22
f 88/27/2 206/15/12 1162/24/21
f 313/190/164 95/162/65 1243/191/165
f 1243/191/165 9/143/65 327/192/166
f 93/70/2 211/193/167 1/2/2
f 242/194/168 92/169/145 5/153/2
f 347/101/89 99/159/136 1293/173/149
f 318/126/109 100/113/65 7/108/65
f 457/195/169 130/196/170 34/197/171
f 503/198/172 136/199/173 1391/200/174
f 136/199/173 725/201/175 1435/202/176
f 709/203/177 131/204/178 1431/205/179
f 481/206/180 127/207/181 1380/208/182
f 435/209/183 137/210/184 1355/165/141
f 138/211/185 671/212/186 1421/213/187
f 1431/205/179 1441/214/188 690/215/189
f 447/216/190 124/217/191 29/218/192
f 426/219/193 135/220/194 1454/221/195
f 1406/222/196 1411/223/197 620/224/198
f 1475/225/199 1416/226/200 135/220/194
f 27/227/201 1348/228/202 124/217/191
f 31/229/203 1352/230/204 566/231/205
f 32/232/206 1352/230/204 127/207/181
f 1366/233/207 1471/234/208 437/235/209
f 1361/236/210 1446/237/211 120/238/212
f 33/239/213 1334/240/214 129/241/215
f 34/197/171 1339/242/216 200/243/217
f 413/244/218 122/245/219 1356/246/220
f 446/247/221 134/248/222 1366/233/207
f 514/249/223 121/250/224 1351/251/225
f 30/252/226 1333/253/227 548/254/228
f 457/195/169 128/255/229 1385/256/230
f 447/216/190 123/257/231 1360/258/232
f 27/227/201 1328/259/233 532/260/234
f 34/197/171 1329/261/235 128/255/229
f 1375/262/236 1474/263/237 467/264/238
f 427/265/239 119/266/240 1381/267/241
f 35/268/242 1339/242/216 130/196/170
f 35/268/242 1334/240/214 568/269/243
f 482/270/244 119/266/240 1459/271/245
f 480/272/246 138/211/185 1375/262/236
f 28/273/247 1343/274/248 547/275/249
f 29/218/192 1343/274/248 123/257/231
f 428/276/250 125/277/251 1371/278/252
f 490/279/253 128/255/229 33/239/213
f 29/218/192 1348/228/202 513/280/254
f 1470/281/255 1401/282/256 137/210/184
f 1391/200/174 1461/283/257 491/284/258
f 1396/285/259 1466/286/260 139/287/261
f 1338/288/262 1347/289/263 531/290/264
f 28/273/247 1328/259/233 122/245/219
f 505/291/265 139/287/261 1479/292/266
f 1386/293/267 1462/294/268 118/295/269
f 30/252/226 1342/296/270 126/297/271
f 31/229/203 1333/253/227 125/277/251
f 1370/298/272 1475/225/199 135/220/194
f 32/232/206 1342/296/270 515/299/273
f 1351/251/225 1338/288/262 567/300/274
f 33/239/213 1329/261/235 549/301/275
f 1461/283/257 1435/202/176 708/302/276
f 139/287/261 726/303/277 1479/292/266
f 1466/286/260 1440/304/278 139/287/261
f 120/238/212 603/305/279 1405/306/280
f 134/248/222 585/307/281 1471/234/208
f 1450/308/282 1410/309/283 134/248/222
f 119/266/240 656/310/284 1425/311/285
f 1474/263/237 1421/213/187 637/312/286
f 1459/271/245 1425/311/285 672/313/287
f 436/314/288 124/217/191 1365/315/289
f 445/316/290 120/238/212 1451/317/291
f 1451/317/291 1405/306/280 619/318/292
f 137/210/184 601/319/293 1445/166/142
f 428/276/250 127/207/181 31/229/203
f 466/320/294 125/277/251 30/252/226
f 638/321/295 133/322/296 1415/323/297
f 1415/323/297 1426/324/298 655/325/299
f 490/279/253 129/241/215 1390/326/300
f 504/327/301 129/241/215 35/268/242
f 1441/214/188 1436/328/302 727/329/303
f 118/295/269 707/330/304 1430/331/305
f 413/244/218 123/257/231 28/273/247
f 436/314/288 122/245/219 27/227/201
f 1411/223/197 1400/332/306 586/333/307
f 602/334/308 132/335/309 1406/222/196
f 466/320/294 126/297/271 1376/336/310
f 481/206/180 126/297/271 32/232/206
f 1426/324/298 1420/337/311 673/338/312
f 135/220/194 654/339/313 1454/221/195
f 504/327/301 130/196/170 1395/340/314
f 455/341/315 118/295/269 1467/342/316
f 118/295/269 689/343/317 1467/342/316
f 1543/344/318 36/345/319 743/346/320
f 1494/347/321 55/348/322 158/349/323
f 141/350/319 768/351/324 38/352/319
f 757/353/325 166/354/326 1504/355/327
f 39/356/319 1508/357/328 747/358/329
f 742/359/330 158/349/323 51/360/331
f 753/361/332 154/362/333 49/363/334
f 767/364/335 161/365/336 1499/366/337
f 38/352/319 1483/367/338 763/368/339
f 1498/369/340 39/356/319 140/370/319
f 1504/355/327 57/371/341 772/372/342
f 1514/373/343 54/374/344 778/375/345
f 1509/376/346 61/377/347 748/378/348
f 772/372/342 160/379/349 1519/380/350
f 1519/380/350 58/381/351 782/382/352
f 1529/383/353 53/384/354 788/385/355
f 142/386/319 777/387/356 1508/357/328
f 782/382/352 167/388/357 1534/389/358
f 1534/389/358 1646/390/359 794/391/360
f 810/392/361 165/393/362 1529/383/353
f 143/394/319 787/395/363 1513/396/364
f 1544/397/365 51/360/331 156/398/366
f 815/399/367 156/398/366 52/400/368
f 821/401/369 162/402/370 48/403/371
f 36/345/319 1488/404/372 141/350/319
f 1559/405/373 52/400/368 164/406/374
f 826/407/375 164/406/374 56/408/376
f 1554/409/377 1643/410/378 162/402/370
f 41/411/319 1538/412/379 145/413/319
f 158/349/323 869/414/380 1573/415/381
f 45/416/382 1589/417/383 149/418/382
f 59/419/384 1583/420/385 166/354/326
f 878/421/386 150/422/382 1599/423/387
f 156/398/366 849/424/388 1623/425/389
f 50/426/390 1568/427/391 874/428/392
f 50/426/390 1578/429/393 161/365/336
f 155/430/394 858/431/395 1568/427/391
f 168/432/396 869/414/380 55/348/322
f 169/433/397 853/434/398 61/377/347
f 54/374/344 1588/435/399 169/433/397
f 57/371/341 1598/436/400 160/379/349
f 1584/437/401 43/438/382 878/421/386
f 157/439/402 883/440/403 54/374/344
f 53/384/354 1593/441/404 157/439/402
f 58/381/351 1613/442/405 167/388/357
f 1599/423/387 46/443/406 888/444/407
f 165/393/362 893/445/408 53/384/354
f 60/446/409 1608/447/410 165/393/362
f 167/388/357 899/448/411 1646/390/359
f 848/449/412 148/450/382 42/451/382
f 49/363/334 1618/452/413 858/431/395
f 154/362/333 925/453/414 1618/452/413
f 164/406/374 921/454/415 1638/455/416
f 152/456/382 920/457/417 1624/458/418
f 48/403/371 1633/459/419 925/453/414
f 162/402/370 937/460/420 1633/459/419
f 56/408/376 1638/455/416 930/461/421
f 1489/462/422 49/363/334 155/430/394
f 1549/463/423 56/408/376 159/464/424
f 159/464/424 930/461/421 1628/465/425
f 42/451/382 1569/466/426 859/467/427
f 768/351/324 140/370/319 38/352/319
f 1499/366/337 59/419/384 757/353/325
f 161/365/336 864/468/428 59/419/384
f 148/450/382 873/469/429 1569/466/426
f 146/470/319 820/471/430 41/411/319
f 743/346/320 141/350/319 1493/472/431
f 51/360/331 1573/415/381 849/424/388
f 926/473/432 153/474/382 47/475/382
f 778/375/345 169/433/397 1509/376/346
f 1524/476/433 1647/477/434 163/478/435
f 163/478/435 898/479/436 1603/480/437
f 149/418/382 884/481/438 43/438/382
f 748/378/348 168/432/396 1484/482/439
f 767/364/335 155/430/394 50/426/390
f 1574/483/440 44/484/382 148/450/382
f 61/377/347 1563/485/441 168/432/396
f 1548/486/442 1553/487/443 146/470/319
f 825/488/444 146/470/319 1558/489/445
f 153/474/382 931/490/446 1639/491/447
f 1634/492/448 1629/493/449 153/474/382
f 40/494/450 1528/495/451 787/395/363
f 1503/496/452 37/497/319 142/386/319
f 166/354/326 879/498/453 57/371/341
f 46/443/406 1609/499/454 151/500/455
f 758/501/456 142/386/319 39/356/319
f 773/502/457 143/394/319 37/497/319
f 147/503/382 873/469/429 44/484/382
f 45/416/382 1579/504/458 147/503/382
f 1539/505/459 48/403/371 154/362/333
f 42/451/382 1624/458/418 848/449/412
f 1709/506/460 62/507/461 953/508/462
f 1619/509/463 47/475/382 152/456/382
f 144/510/464 811/511/465 1528/495/451
f 1533/512/466 1523/513/467 144/510/464
f 1614/514/468 1604/515/469 900/516/470
f 151/500/455 915/517/471 1604/515/469
f 1549/463/423 1644/518/472 830/519/473
f 816/520/474 145/413/319 1543/344/318
f 52/400/368 1623/425/389 921/454/415
f 159/464/424 935/521/475 1644/518/472
f 788/385/355 157/439/402 1514/373/343
f 1558/489/445 41/411/319 816/520/474
f 47/475/382 1639/491/447 920/457/417
f 150/422/382 894/522/476 46/443/406
f 37/497/319 1513/396/364 777/387/356
f 1484/482/439 55/348/322 762/523/477
f 863/524/478 149/418/382 1584/437/401
f 43/438/382 1594/525/479 150/422/382
f 1524/526/433 60/446/409 810/392/361
f 1518/527/480 40/494/450 143/394/319
f 160/379/349 889/528/481 58/381/351
f 163/529/435 916/530/482 60/446/409
f 1493/472/431 38/352/319 763/368/339
f 140/370/319 747/358/329 1483/367/338
f 854/531/483 147/503/382 1564/532/484
f 1564/532/484 44/484/382 868/533/485
f 145/413/319 752/534/486 36/345/319
f 783/535/487 144/510/464 40/494/450
f 888/444/407 151/500/455 1614/514/468
f 859/467/427 152/456/382 42/451/382
f 1660/536/488 81/537/489 188/538/490
f 171/539/461 978/540/491 64/541/461
f 967/542/492 196/543/493 1670/544/494
f 65/545/461 1674/546/495 957/547/496
f 952/548/497 188/538/490 77/549/498
f 963/550/499 184/551/500 75/552/501
f 977/553/502 191/554/503 1665/555/504
f 64/541/461 1649/556/505 973/557/506
f 1664/558/507 65/545/461 170/559/461
f 1670/544/494 83/560/508 982/561/509
f 1680/562/510 80/563/511 988/564/512
f 1675/565/513 87/566/514 958/567/515
f 982/561/509 190/568/516 1685/569/517
f 1685/569/517 84/570/518 992/571/519
f 1695/572/520 79/573/521 998/574/522
f 172/575/461 987/576/523 1674/546/495
f 992/571/519 197/577/524 1700/578/525
f 1700/578/525 1812/579/526 1004/580/527
f 1020/581/528 195/582/529 1695/572/520
f 173/583/461 997/584/530 1679/585/531
f 1710/586/532 77/549/498 186/587/533
f 1025/588/534 186/587/533 78/589/535
f 1031/590/536 192/591/537 74/592/538
f 62/507/461 1654/593/539 171/539/461
f 1725/594/540 78/589/535 194/595/541
f 1036/596/542 194/595/541 82/597/543
f 1720/598/544 1809/599/545 192/591/537
f 67/600/461 1704/601/546 175/602/461
f 188/538/490 1079/603/547 1739/604/548
f 71/605/549 1755/606/550 179/607/549
f 85/608/551 1749/609/552 196/543/493
f 1088/610/553 180/611/549 1765/612/554
f 186/587/533 1059/613/555 1789/614/556
f 76/615/557 1734/616/558 1084/617/559
f 76/615/557 1744/618/560 191/554/503
f 185/619/561 1068/620/562 1734/616/558
f 198/621/563 1079/603/547 81/537/489
f 199/622/564 1063/623/565 87/566/514
f 80/563/511 1754/624/566 199/622/564
f 83/560/508 1764/625/567 190/568/516
f 1750/626/568 69/627/549 1088/610/553
f 187/628/569 1093/629/570 80/563/511
f 79/573/521 1759/630/571 187/628/569
f 84/570/518 1779/631/572 197/577/524
f 1765/612/554 72/632/549 1098/633/573
f 195/582/529 1103/634/574 79/573/521
f 86/635/575 1774/636/576 195/582/529
f 197/577/524 1109/637/577 1812/579/526
f 1058/638/578 178/639/549 68/640/549
f 75/552/501 1784/641/579 1068/620/562
f 184/551/500 1135/642/580 1784/641/579
f 194/595/541 1131/643/581 1804/644/582
f 182/645/549 1130/646/583 1790/647/584
f 74/592/538 1799/648/585 1135/642/580
f 192/591/537 1147/649/586 1799/648/585
f 82/597/543 1804/644/582 1140/650/587
f 1655/651/588 75/552/501 185/619/561
f 1715/652/589 82/653/543 189/654/590
f 189/654/590 1140/655/587 1794/656/591
f 68/640/549 1735/657/592 1069/658/593
f 978/540/491 170/559/461 64/541/461
f 1665/555/504 85/608/551 967/542/492
f 191/554/503 1074/659/594 85/608/551
f 178/639/549 1083/660/595 1735/657/592
f 176/661/461 1030/662/596 67/600/461
f 953/508/462 171/539/461 1659/663/597
f 77/549/498 1739/604/548 1059/613/555
f 1136/664/598 183/665/549 73/666/549
f 988/564/512 199/622/564 1675/565/513
f 1690/667/599 1813/668/600 193/669/601
f 193/669/601 1108/670/602 1769/671/603
f 179/607/549 1094/672/604 69/627/549
f 958/567/515 198/621/563 1650/673/605
f 977/553/502 185/619/561 76/615/557
f 1740/674/606 70/675/549 178/639/549
f 87/566/514 1729/676/607 198/621/563
f 1714/677/608 1719/678/609 176/661/461
f 1035/679/610 176/661/461 1724/680/611
f 183/665/549 1141/681/612 1805/682/613
f 1800/683/614 1795/684/615 183/665/549
f 66/685/461 1694/686/616 997/584/530
f 1669/687/617 63/688/461 172/575/461
f 196/543/493 1089/689/618 83/560/508
f 72/632/549 1775/690/619 181/691/620
f 968/692/621 172/575/461 65/545/461
f 983/693/622 173/583/461 63/688/461
f 177/694/549 1083/660/595 70/675/549
f 71/605/549 1745/695/623 177/694/549
f 1705/696/624 74/592/538 184/551/500
f 68/640/549 1790/647/584 1058/638/578
f 1785/697/625 73/666/549 182/645/549
f 174/698/626 1021/699/627 1694/686/616
f 1699/700/628 1689/701/629 174/698/626
f 1780/702/630 1770/703/631 1110/704/632
f 181/691/620 1125/705/633 1770/703/631
f 1715/652/589 1810/706/634 1040/707/635
f 1026/708/636 175/602/461 1709/506/460
f 78/589/535 1789/614/556 1131/643/581
f 189/654/590 1145/709/637 1810/706/634
f 998/574/522 187/628/569 1680/562/510
f 1724/680/611 67/600/461 1026/708/636
f 73/666/549 1805/682/613 1130/646/583
f 180/611/549 1104/710/638 72/632/549
f 63/688/461 1679/585/531 987/576/523
f 1650/673/605 81/537/489 972/711/639
f 1073/712/640 179/607/549 1750/626/568
f 69/627/549 1760/713/641 180/611/549
f 1690/667/599 86/635/575 1020/581/528
f 1684/714/642 66/685/461 173/583/461
f 190/568/516 1099/715/643 84/570/518
f 193/669/601 1126/716/644 86/635/575
f 1659/663/597 64/541/461 973/557/506
f 170/559/461 957/547/496 1649/556/505
f 1064/717/645 177/694/549 1730/718/646
f 1730/718/646 70/675/549 1078/719/647
f 175/602/461 962/720/648 62/507/461
f 993/721/649 174/698/626 66/685/461
f 1098/633/573 181/691/620 1780/702/630
f 1069/658/593 182/645/549 68/640/549
f 251/722/650 257/723/651 256/724/652
f 254/725/653 258/726/654 257/723/651
f 256/724/652 268/727/655 265/728/656
f 257/723/651 259/729/657 268/727/655
f 260/730/658 262/731/659 252/732/660
f 261/733/661 263/734/662 260/730/658
f 263/734/662 255/735/663 262/731/659
f 264/736/664 258/726/654 263/734/662
f 253/48/43 267/737/665 266/738/666
f 265/728/667 268/727/668 267/739/665
f 266/740/666 264/736/669 261/733/670
f 267/739/665 259/729/671 264/736/669
f 289/178/154 294/741/672 293/742/673
f 292/743/674 295/744/675 294/741/672
f 293/742/673 306/745/676 303/746/677
f 294/741/672 296/747/678 306/745/676
f 290/748/679 300/749/680 299/750/681
f 297/751/682 301/752/683 300/753/680
f 299/754/681 300/753/680 295/744/684
f 300/753/680 296/747/685 295/744/684
f 302/755/686 304/756/687 291/757/688
f 303/746/677 305/758/689 302/755/686
f 305/758/689 298/759/690 304/756/687
f 306/745/676 301/752/691 305/758/689
f 357/138/118 361/760/692 360/761/693
f 366/762/694 362/763/695 361/764/692
f 360/765/693 373/766/696 370/767/697
f 361/764/692 363/768/698 373/766/696
f 358/105/93 367/769/699 366/770/700
f 364/771/701 368/772/702 367/769/699
f 366/770/700 367/769/699 362/763/703
f 367/769/699 363/768/704 362/763/703
f 369/773/705 371/774/706 359/175/151
f 370/767/697 372/775/707 369/773/705
f 372/775/707 365/776/708 371/774/706
f 373/766/709 368/772/702 372/775/707
f 394/180/156 399/777/710 407/778/711
f 397/779/712 400/780/713 399/781/710
f 407/778/711 399/777/710 410/782/714
f 399/781/710 401/783/715 410/784/716
f 402/785/717 404/786/718 395/787/719
f 403/788/720 405/789/721 402/785/717
f 405/789/721 398/790/722 404/786/718
f 406/791/723 400/780/724 405/789/721
f 396/117/102 409/792/725 408/793/726
f 407/794/727 410/784/728 409/792/725
f 408/793/726 406/791/723 403/788/720
f 409/792/725 401/783/729 406/791/723
f 414/795/730 416/796/731 411/167/143
f 415/797/732 417/798/733 414/795/730
f 417/798/733 424/799/734 416/796/731
f 417/798/733 422/800/735 418/801/736
f 419/802/737 421/803/738 412/804/739
f 420/805/740 422/806/735 419/802/737
f 421/803/738 422/800/735 415/797/732
f 424/799/734 425/807/741 423/808/742
f 425/807/741 420/805/740 423/809/742
f 429/810/743 430/811/744 426/219/745
f 430/811/744 431/812/746 1816/813/747
f 427/265/748 432/814/748 429/815/748
f 433/816/749 431/812/750 432/817/751
f 438/818/752 439/819/753 435/209/754
f 438/818/755 440/820/756 444/821/757
f 439/819/758 444/822/759 443/823/758
f 437/235/209 443/824/760 444/825/761
f 444/826/757 1817/827/762 442/828/763
f 444/822/757 440/829/756 1817/827/762
f 448/830/764 449/831/765 445/316/766
f 449/831/765 450/832/767 452/833/768
f 446/247/769 451/834/770 448/835/771
f 451/836/772 452/837/773 450/832/772
f 458/838/774 459/839/775 455/341/315
f 458/838/776 461/840/776 462/841/777
f 459/839/775 460/842/778 1818/843/779
f 456/844/780 462/845/781 461/846/782
f 462/847/783 1818/848/784 460/842/785
f 468/849/786 470/850/787 465/851/788
f 469/852/789 471/853/790 468/849/786
f 471/853/790 477/854/791 470/850/787
f 471/853/790 472/855/792 479/856/793
f 474/857/794 475/858/795 473/859/796
f 475/858/795 469/852/789 473/860/796
f 476/861/797 478/862/798 467/264/238
f 476/861/797 477/854/791 479/863/793
f 479/863/793 474/857/794 478/862/798
f 483/864/799 487/865/800 480/272/801
f 483/864/799 484/866/802 488/867/803
f 482/270/804 487/868/804 488/869/804
f 488/870/803 484/866/802 1815/871/805
f 492/872/806 494/873/807 489/874/808
f 493/875/809 495/876/810 492/872/811
f 494/873/807 495/877/810 500/878/812
f 496/879/813 498/880/813 497/881/813
f 497/881/814 493/875/809 496/882/815
f 499/883/816 501/884/817 491/284/258
f 500/878/812 502/885/818 499/883/816
f 501/884/817 502/885/818 498/886/819
f 502/885/818 495/877/810 498/880/819
f 506/887/820 507/888/821 503/198/172
f 506/887/820 508/889/822 512/890/823
f 507/888/824 512/891/824 511/892/824
f 505/291/265 511/893/825 512/894/826
f 512/895/827 1819/896/828 510/897/829
f 512/891/827 508/898/830 1819/896/828
f 516/899/831 518/900/832 513/280/254
f 517/901/833 519/902/834 516/899/831
f 519/902/834 528/903/835 518/900/832
f 519/902/834 520/904/836 521/905/837
f 514/906/223 525/907/838 524/908/839
f 522/909/840 526/910/841 525/907/838
f 524/908/839 520/904/842 517/901/843
f 525/907/838 521/911/844 520/904/842
f 527/912/845 529/913/846 515/299/273
f 528/903/835 530/914/847 527/912/845
f 530/914/847 523/915/848 529/913/846
f 530/914/847 521/911/837 526/910/849
f 200/243/217 535/916/850 534/917/851
f 1820/918/852 535/916/850 533/919/853
f 535/916/850 544/920/854 534/917/851
f 535/916/850 536/921/855 537/922/856
f 531/923/264 541/924/857 540/925/858
f 538/926/859 542/927/860 541/924/857
f 540/925/858 536/921/861 1820/918/862
f 541/924/857 537/928/863 536/921/861
f 543/929/864 545/930/865 532/260/234
f 544/920/854 546/931/866 543/929/864
f 546/931/866 539/932/867 545/930/865
f 546/931/866 537/928/856 542/927/868
f 550/933/869 552/934/870 547/275/249
f 551/935/871 553/936/872 550/933/869
f 553/936/872 562/937/873 552/934/870
f 553/936/872 555/938/874 565/939/875
f 556/940/876 558/941/877 548/254/228
f 557/942/878 559/943/879 556/940/876
f 559/943/879 551/935/871 558/941/877
f 559/943/879 555/938/874 554/944/880
f 561/945/881 563/946/882 549/301/275
f 562/937/873 564/947/883 561/945/881
f 564/947/883 557/942/878 563/946/882
f 564/947/883 555/938/874 560/948/884
f 569/949/885 571/950/886 566/231/205
f 570/951/887 572/952/888 569/949/885
f 572/952/888 581/953/889 571/950/886
f 572/952/888 573/954/890 574/955/891
f 567/956/274 578/957/892 577/958/893
f 575/959/894 579/960/895 578/957/892
f 577/958/893 573/954/896 570/951/897
f 578/957/892 574/961/898 573/954/896
f 580/962/899 582/963/900 568/269/243
f 581/953/889 583/964/901 580/962/899
f 583/964/901 576/965/902 582/963/900
f 583/964/901 574/961/891 579/960/903
f 584/966/904 590/967/905 589/968/906
f 588/969/907 590/967/908 587/970/909
f 589/968/906 596/971/910 598/972/911
f 590/967/908 591/973/912 596/971/910
f 585/307/281 595/974/913 594/975/914
f 592/976/915 596/977/916 595/974/913
f 594/975/917 595/978/917 588/969/917
f 595/974/913 596/977/916 591/973/918
f 597/979/919 599/980/920 586/981/307
f 598/972/911 600/982/921 597/979/919
f 600/982/922 593/983/923 599/980/920
f 604/984/924 606/985/925 601/319/293
f 605/986/926 607/987/927 604/984/924
f 607/987/927 615/988/928 606/985/925
f 607/987/927 608/989/929 618/990/930
f 609/991/931 611/992/932 602/993/308
f 610/994/933 612/995/934 609/991/931
f 612/995/934 605/986/926 611/992/932
f 612/995/934 613/996/935 608/997/929
f 614/998/936 616/999/937 603/305/279
f 615/988/928 617/1000/938 614/998/936
f 617/1000/938 610/994/933 616/999/937
f 618/990/930 613/996/935 617/1000/938
f 619/318/292 625/1001/939 624/1002/940
f 622/1003/941 631/1004/942 625/1001/943
f 625/1001/943 633/1005/944 624/1002/945
f 625/1001/943 626/1006/946 635/1007/947
f 627/1008/948 629/1009/949 620/1010/198
f 628/1011/950 630/1012/951 627/1008/948
f 630/1012/952 623/1013/953 629/1009/949
f 621/1014/954 635/1015/955 634/1016/956
f 632/1017/957 633/1005/957 635/1015/957
f 634/1016/956 631/1018/958 628/1011/950
f 635/1007/955 626/1006/959 631/1018/958
f 639/1019/960 641/1020/961 636/1021/962
f 640/1022/963 642/1023/964 639/1019/960
f 642/1023/964 650/1024/965 641/1020/961
f 643/1025/966 653/1026/967 642/1023/964
f 644/1027/968 646/1028/969 637/312/286
f 645/1029/970 647/1030/971 644/1027/968
f 647/1030/971 640/1022/963 646/1028/969
f 647/1030/971 648/1031/972 643/1025/966
f 649/1032/973 651/1033/974 638/1034/295
f 650/1024/965 652/1035/975 649/1032/973
f 652/1035/975 645/1029/970 651/1033/974
f 652/1035/975 653/1026/967 648/1036/972
f 654/339/313 660/1037/976 659/1038/977
f 657/1039/978 666/1040/979 660/1037/980
f 660/1037/980 668/1041/981 659/1038/982
f 660/1037/980 661/1042/983 670/1043/984
f 662/1044/985 664/1045/986 655/1046/299
f 663/1047/987 665/1048/988 662/1044/985
f 665/1048/989 658/1049/990 664/1045/986
f 656/310/284 670/1050/991 669/1051/992
f 667/1052/993 668/1041/993 670/1050/993
f 669/1051/992 666/1053/994 663/1047/987
f 670/1043/991 661/1042/995 666/1053/994
f 671/212/186 676/1054/996 675/1055/997
f 674/1056/998 677/1057/999 676/1054/996
f 675/1055/997 688/1058/1000 685/1059/1001
f 676/1054/996 678/1060/1002 688/1058/1000
f 672/313/287 682/1061/1003 681/1062/1004
f 679/1063/1005 683/1064/1006 682/1061/1003
f 681/1062/1004 682/1061/1003 677/1057/1007
f 682/1061/1003 678/1060/1002 677/1057/1007
f 684/1065/1008 686/1066/1009 673/1067/312
f 685/1059/1001 687/1068/1010 684/1065/1008
f 687/1068/1010 680/1069/1011 686/1066/1009
f 688/1058/1000 683/1064/1006 687/1068/1010
f 689/343/317 695/1070/1012 694/1071/1013
f 692/1072/1014 696/1073/1015 695/1070/1012
f 694/1071/1016 706/1074/1017 703/1075/1018
f 695/1070/1012 697/1076/1019 706/1074/1017
f 698/1077/1020 700/1078/1021 690/1079/189
f 699/1080/1022 701/1081/1023 698/1077/1020
f 701/1081/1023 693/1082/1024 700/1078/1021
f 702/1083/1025 696/1073/1015 701/1081/1023
f 691/1084/1026 705/1085/1027 704/1086/1028
f 703/1075/1029 706/1074/1030 705/1085/1027
f 704/1086/1028 702/1083/1025 699/1080/1022
f 705/1085/1027 697/1076/1019 702/1083/1025
f 710/1087/1031 712/1088/1032 707/330/304
f 711/1089/1033 713/1090/1034 710/1087/1031
f 713/1090/1034 721/1091/1035 712/1088/1032
f 714/1092/1036 724/1093/1037 713/1090/1034
f 715/1094/1038 717/1095/1039 708/302/276
f 716/1096/1040 718/1097/1041 715/1094/1038
f 718/1097/1041 711/1089/1033 717/1095/1039
f 718/1097/1041 719/1098/1042 714/1092/1036
f 720/1099/1043 722/1100/1044 709/1101/177
f 721/1091/1035 723/1102/1045 720/1099/1043
f 723/1102/1045 716/1096/1040 722/1100/1044
f 723/1102/1045 724/1093/1037 719/1103/1042
f 725/201/175 731/1104/1046 730/1105/1047
f 729/1106/1048 731/1104/1049 728/1107/1050
f 730/1105/1047 737/1108/1051 739/1109/1052
f 731/1104/1049 732/1110/1053 737/1108/1051
f 726/303/277 736/1111/1054 735/1112/1055
f 733/1113/1056 737/1114/1057 736/1111/1054
f 735/1112/1058 736/1115/1059 729/1106/1060
f 736/1111/1054 737/1114/1057 732/1110/1061
f 738/1116/1062 740/1117/1063 727/1118/303
f 739/1109/1052 741/1119/1064 738/1116/1062
f 741/1119/1065 734/1120/1066 740/1117/1063
f 792/1121/1067 798/1122/1068 797/1123/1069
f 795/1124/1070 799/1125/1071 798/1122/1068
f 797/1123/1069 809/1126/1072 806/1127/1073
f 798/1122/1068 800/1128/1074 809/1126/1072
f 801/1129/1075 803/1130/1076 793/1131/1077
f 802/1132/1078 804/1133/1079 801/1129/1075
f 804/1133/1079 796/1134/1080 803/1130/1076
f 805/1135/1081 799/1125/1071 804/1133/1079
f 794/391/360 808/1136/1082 807/1137/1083
f 806/1138/1084 809/1139/1085 808/1136/1082
f 807/1137/1083 805/1140/1086 802/1141/1087
f 808/1136/1082 800/1142/1088 805/1140/1086
f 830/1143/473 835/1144/1089 834/1145/1090
f 833/1146/1091 836/1147/1092 835/1144/1089
f 834/1145/1090 847/1148/1093 844/1149/1094
f 835/1144/1089 837/1150/1095 847/1148/1093
f 831/1151/1096 841/1152/1097 840/1153/1098
f 838/1154/1099 842/1155/1100 841/1152/1097
f 840/1153/1098 841/1152/1097 836/1156/1101
f 841/1152/1097 837/1157/1102 836/1156/1101
f 843/1158/1103 845/1159/1104 832/1160/1105
f 844/1149/1094 846/1161/1106 843/1158/1103
f 846/1161/1106 839/1162/1107 845/1159/1104
f 847/1148/1093 842/1163/1108 846/1161/1106
f 898/1164/436 903/1165/1109 902/1166/1110
f 901/1167/1111 904/1168/1112 903/1165/1109
f 902/1166/1110 914/1169/1113 911/1170/1114
f 903/1165/1109 905/1171/1115 914/1169/1113
f 899/448/411 908/1172/1116 901/1173/1117
f 906/1174/1118 909/1175/1119 908/1172/1116
f 901/1173/1117 908/1172/1116 904/1168/1120
f 908/1172/1116 905/1171/1121 904/1168/1122
f 910/1176/1123 912/1177/1124 900/516/470
f 911/1170/1114 913/1178/1125 910/1176/1123
f 913/1178/1125 907/1179/1126 912/1177/1124
f 914/1169/1127 909/1175/1119 913/1178/1125
f 935/521/475 941/1180/1128 940/1181/1129
f 938/1182/1130 942/1183/1131 941/1180/1128
f 940/1181/1129 941/1180/1128 951/1184/1132
f 941/1180/1128 943/1185/1133 951/1184/1132
f 944/1186/1134 946/1187/1135 936/1188/1136
f 945/1189/1137 947/1190/1138 944/1186/1134
f 947/1190/1138 939/1191/1139 946/1187/1135
f 948/1192/1140 942/1183/1141 947/1190/1138
f 937/460/420 950/1193/1142 949/1194/1143
f 940/1195/1144 951/1184/1145 950/1193/1142
f 949/1194/1143 948/1192/1140 945/1189/1137
f 950/1193/1142 943/1185/1146 948/1192/1140
f 1002/1196/1147 1008/1197/1148 1007/1198/1149
f 1005/1199/1150 1009/1200/1151 1008/1197/1148
f 1007/1198/1149 1019/1201/1152 1016/1202/1153
f 1008/1197/1148 1010/1203/1154 1019/1201/1152
f 1011/1204/1155 1013/1205/1156 1003/1206/1157
f 1012/1207/1158 1014/1208/1159 1011/1204/1155
f 1014/1208/1159 1006/1209/1160 1013/1205/1156
f 1015/1210/1161 1009/1200/1151 1014/1208/1159
f 1004/1211/527 1018/1212/1162 1017/1213/1163
f 1016/1202/1164 1019/1201/1165 1018/1212/1162
f 1017/1213/1163 1015/1210/1166 1012/1207/1167
f 1018/1212/1162 1010/1203/1168 1015/1210/1166
f 1040/707/635 1045/1214/1169 1044/1215/1170
f 1043/1216/1171 1046/1217/1172 1045/1214/1169
f 1044/1215/1170 1057/1218/1173 1054/1219/1174
f 1045/1214/1169 1047/1220/1175 1057/1218/1173
f 1041/1221/1176 1051/1222/1177 1050/1223/1178
f 1048/1224/1179 1052/1225/1180 1051/1222/1177
f 1050/1223/1178 1051/1222/1177 1046/1217/1181
f 1051/1222/1177 1047/1220/1182 1046/1217/1181
f 1053/1226/1183 1055/1227/1184 1042/1228/1185
f 1054/1219/1174 1056/1229/1186 1053/1226/1183
f 1056/1229/1186 1049/1230/1187 1055/1227/1184
f 1057/1218/1173 1052/1225/1188 1056/1229/1186
f 1108/670/602 1112/1231/1189 1111/1232/1190
f 1117/1233/1191 1113/1234/1192 1112/1231/1189
f 1111/1232/1190 1124/1235/1193 1121/1236/1194
f 1112/1231/1189 1114/1237/1195 1124/1235/1193
f 1109/637/577 1118/1238/1196 1117/1239/1197
f 1115/1240/1198 1119/1241/1199 1118/1238/1196
f 1117/1239/1197 1118/1238/1196 1113/1234/1200
f 1118/1238/1196 1114/1237/1201 1113/1234/1200
f 1120/1242/1202 1122/1243/1203 1110/704/632
f 1121/1236/1194 1123/1244/1204 1120/1242/1202
f 1123/1244/1204 1116/1245/1205 1122/1243/1203
f 1124/1235/1206 1119/1241/1199 1123/1244/1204
f 1145/709/637 1150/1246/1207 1158/1247/1208
f 1148/1248/1209 1151/1249/1210 1150/1246/1207
f 1158/1247/1208 1150/1246/1207 1161/1250/1211
f 1150/1246/1207 1152/1251/1212 1161/1250/1213
f 1153/1252/1214 1155/1253/1215 1146/1254/1216
f 1154/1255/1217 1156/1256/1218 1153/1252/1214
f 1156/1257/1218 1149/1258/1219 1155/1259/1215
f 1157/1260/1220 1151/1261/1221 1156/1256/1218
f 1147/649/586 1160/1262/1222 1159/1263/1223
f 1158/1264/1224 1161/1265/1225 1160/1262/1222
f 1159/1263/1223 1157/1260/1220 1154/1255/1217
f 1160/1262/1222 1152/1266/1226 1157/1260/1220
f 222/25/22 1164/1267/1227 225/1268/1228
f 225/1268/1228 1165/1269/1229 224/1270/1230
f 224/1270/1231 1166/1271/1232 223/1272/1233
f 1166/1273/1232 221/182/158 223/1274/1233
f 1162/24/21 208/1275/1234 1164/1267/1227
f 1164/1267/1227 209/1276/1235 1165/1269/1229
f 1165/1269/1236 210/1277/1237 1166/1271/1232
f 210/1278/1237 1163/141/121 1166/1273/1232
f 1167/61/55 230/1279/1238 227/8/7
f 1169/1280/1239 229/1281/1240 230/1279/1238
f 1170/1282/1241 228/1283/1242 229/1281/1243
f 228/1284/1242 1168/119/104 226/21/18
f 211/193/167 1169/1280/1239 1167/61/55
f 213/1285/1244 1170/1282/1245 1169/1280/1239
f 214/1286/1246 1171/1287/1247 1170/1282/1241
f 1171/1288/1247 212/18/15 1168/119/104
f 1172/131/113 205/1289/1248 202/3/3
f 1174/1290/1249 204/1291/1250 205/1289/1248
f 1175/1292/1251 203/1293/1252 204/1291/1253
f 203/1294/1252 1173/4/4 201/16/13
f 222/25/22 1174/1290/1249 1172/131/113
f 225/1268/1228 1175/1292/1254 1174/1290/1249
f 224/1270/1231 1176/1295/1255 1175/1292/1251
f 1176/1296/1255 221/182/158 1173/4/4
f 217/160/137 1179/1297/1256 220/1298/1257
f 220/1298/1257 1180/1299/1258 219/1300/1259
f 219/1300/1260 1181/1301/1261 218/1302/1262
f 1181/1303/1261 216/10/8 218/1304/1262
f 1177/26/23 230/1279/1238 1179/1297/1256
f 1179/1297/1256 229/1281/1240 1180/1299/1258
f 1180/1299/1263 228/1283/1242 1181/1301/1261
f 228/1284/1242 1178/23/20 1181/1303/1261
f 232/161/138 1184/1305/1264 235/1306/1265
f 235/1306/1265 1185/1307/1266 234/1308/1267
f 234/1309/1268 1186/1310/1269 233/1311/1270
f 1186/1310/1269 231/29/25 233/1311/1270
f 1182/155/133 220/1298/1257 1184/1305/1264
f 1184/1305/1264 219/1300/1259 1185/1307/1266
f 1185/1307/1271 218/1302/1262 1186/1312/1269
f 218/1304/1262 1183/12/10 1186/1310/1269
f 206/15/12 1189/1313/1272 208/1275/1234
f 208/1275/1234 1190/1314/1273 209/1276/1235
f 209/1276/1274 1191/1315/1275 210/1277/1237
f 1191/1316/1275 207/35/31 210/1278/1237
f 1187/14/11 238/1317/1276 1189/1313/1272
f 1189/1313/1272 239/1318/1277 1190/1314/1273
f 1190/1314/1278 240/1319/1279 1191/1315/1275
f 240/1320/1279 1188/33/29 1191/1316/1275
f 236/44/39 1194/1321/1280 238/1317/1276
f 238/1317/1276 1195/1322/1281 239/1318/1277
f 239/1318/1282 1196/1323/1283 240/1319/1279
f 1196/1324/1283 237/32/28 240/1320/1279
f 1192/53/47 248/1325/1284 1194/1321/1280
f 1194/1321/1280 249/1326/1285 1195/1322/1281
f 1195/1322/1286 250/1327/1287 1196/1323/1283
f 250/1328/1287 1193/30/26 1196/1324/1283
f 242/194/168 1199/1329/1288 245/1330/1289
f 245/1330/1289 1200/1331/1290 244/1332/1291
f 244/1333/1292 1201/1334/1293 243/1335/1294
f 1201/1334/1293 241/39/35 243/1335/1294
f 1197/186/161 235/1306/1265 1199/1329/1288
f 1199/1329/1288 234/1308/1267 1200/1331/1290
f 1200/1336/1295 233/1311/1270 1201/1334/1293
f 233/1311/1270 1198/37/33 1201/1334/1293
f 1202/172/148 273/1337/1296 270/170/146
f 1204/1338/1297 272/1339/1298 273/1337/1296
f 1205/1340/1299 271/1341/1300 272/1339/1298
f 1206/1342/1301 269/1343/44 271/1341/1300
f 252/732/660 1204/1338/1297 1202/172/148
f 262/731/659 1205/1340/1299 1204/1338/1297
f 255/735/663 1206/1342/1301 1205/1340/1299
f 254/725/653 1203/135/115 1206/1342/1301
f 246/52/46 1209/1344/1302 248/1325/1284
f 248/1325/1284 1210/1345/1303 249/1326/1285
f 249/1326/1304 1211/1346/1305 250/1327/1287
f 250/1328/1287 1208/40/36 247/42/38
f 1207/154/132 273/1337/1296 1209/1344/1302
f 1209/1344/1302 272/1339/1298 1210/1345/1303
f 1210/1345/1306 271/1341/1300 1211/1346/1305
f 271/1347/1300 1208/40/36 1211/1348/1305
f 252/732/660 1214/1349/1307 260/730/658
f 260/730/658 1215/1350/1308 261/733/661
f 261/1351/670 1216/1352/1309 266/738/666
f 266/738/666 1213/46/41 253/48/43
f 1212/171/147 245/1330/1289 1214/1349/1307
f 1214/1349/1307 244/1332/1291 1215/1350/1308
f 1215/1353/1310 243/1335/1294 1216/1352/1309
f 1216/1352/1309 241/39/35 1213/46/41
f 1217/69/62 213/1285/1244 211/193/167
f 1219/1354/1311 214/1286/1312 213/1285/1244
f 1220/1355/1313 215/1356/1314 214/1286/1246
f 215/1357/1314 1218/164/140 212/18/15
f 279/130/112 1219/1354/1311 1217/69/62
f 281/1358/1315 1220/1355/1316 1219/1354/1311
f 282/1359/1317 1221/1360/1318 1220/1355/1313
f 1221/1361/1318 280/58/52 1218/164/140
f 1222/1/1 278/1362/1319 275/179/155
f 1224/1363/1320 277/1364/1321 278/1362/1319
f 1225/1365/1322 276/1366/1323 277/1364/1324
f 276/1367/1323 1223/54/48 274/56/50
f 202/3/3 1224/1363/1320 1222/1/1
f 205/1289/1248 1225/1365/1325 1224/1363/1320
f 204/1291/1253 1226/1368/1326 1225/1365/1322
f 1226/1369/1326 201/16/13 1223/54/48
f 291/757/688 1229/1370/1327 302/755/686
f 302/755/686 1230/1371/1328 303/746/677
f 303/746/677 1231/1372/1329 293/742/673
f 293/742/673 1228/120/105 289/178/154
f 1227/145/124 286/1373/1330 1229/1370/1327
f 1229/1370/1327 287/1374/1331 1230/1371/1328
f 1230/1371/1328 288/1375/1332 1231/1372/1329
f 1231/1372/1329 285/1376/58 1228/120/105
f 1232/146/125 281/1358/1315 279/130/112
f 1234/1377/1333 282/1359/1334 281/1358/1315
f 1235/1378/1335 283/1379/1336 282/1359/1317
f 1236/1380/1337 280/58/52 283/1381/1336
f 291/757/688 1234/1377/1333 1232/146/125
f 304/756/687 1235/1378/1338 1234/1377/1333
f 298/759/1339 1236/1382/1337 1235/1378/1335
f 297/1383/682 1233/66/60 1236/1380/1337
f 1237/148/127 286/1373/1330 284/147/126
f 1239/1384/1340 287/1374/1331 286/1373/1330
f 1240/1385/1341 288/1375/1332 287/1374/1331
f 288/1386/1332 1238/62/56 285/64/58
f 275/179/155 1239/1384/1340 1237/148/127
f 278/1362/1319 1240/1385/1342 1239/1384/1340
f 277/1364/1324 1241/1387/1343 1240/1385/1341
f 276/1367/1323 1238/62/56 1241/1388/1343
f 1242/144/123 331/1389/1344 328/71/63
f 1244/1390/1345 330/1391/1346 331/1389/1344
f 1245/1392/1347 329/1393/1348 330/1391/1346
f 1246/1394/1349 327/192/166 329/1393/1348
f 312/91/81 1244/1390/1345 1242/144/123
f 314/1395/1350 1245/1392/1347 1244/1390/1345
f 315/1396/1351 1246/1394/1349 1245/1392/1347
f 316/1397/1352 1243/191/165 1246/1394/1349
f 333/85/75 1249/1398/1353 336/1399/1354
f 336/1399/1354 1250/1400/1355 335/1401/1356
f 335/1401/1356 1251/1402/1357 334/1403/1358
f 334/1403/1358 1248/125/108 332/128/111
f 1247/84/74 319/1404/1359 1249/1398/1353
f 1249/1398/1353 320/1405/1360 1250/1400/1355
f 1250/1400/1355 321/1406/1361 1251/1402/1357
f 1251/1402/1357 318/126/109 1248/125/108
f 308/81/71 1254/1407/1362 311/1408/1363
f 311/1408/1363 1255/1409/1364 310/1410/1365
f 310/1410/1365 1256/1411/1366 309/1412/1367
f 309/1412/1367 1253/142/122 307/106/94
f 1252/72/64 331/1389/1344 1254/1407/1362
f 1254/1407/1362 330/1391/1346 1255/1409/1364
f 1255/1409/1364 329/1393/1348 1256/1411/1366
f 1256/1411/1366 327/192/166 1253/142/122
f 1257/86/76 326/1413/1368 323/127/110
f 1259/1414/1369 325/1415/1370 326/1413/1368
f 1260/1416/1371 324/1417/1372 325/1415/1370
f 1261/1418/1373 322/183/159 324/1417/1372
f 333/85/75 1259/1414/1369 1257/86/76
f 336/1399/1354 1260/1416/1371 1259/1414/1369
f 335/1401/1356 1261/1418/1373 1260/1416/1371
f 334/1403/1358 1258/163/139 1261/1418/1373
f 1262/77/68 341/1419/1374 338/157/134
f 1264/1420/1375 340/1421/1376 341/1419/1374
f 1265/1422/1377 339/1423/1378 340/1421/1376
f 1266/1424/1379 337/78/69 339/1423/1378
f 323/127/110 1264/1420/1375 1262/77/68
f 326/1413/1368 1265/1422/1377 1264/1420/1375
f 325/1415/1370 1266/1424/1379 1265/1422/1377
f 324/1417/1372 1263/94/84 1266/1424/1379
f 1267/92/82 314/1395/1350 312/91/81
f 1269/1425/1380 315/1396/1351 314/1395/1350
f 1270/1426/1381 316/1397/1352 315/1396/1351
f 1271/1427/1382 313/190/164 316/1397/1352
f 342/97/86 1269/1425/1380 1267/92/82
f 344/1428/1383 1270/1426/1381 1269/1425/1380
f 345/1429/1384 1271/1427/1382 1270/1426/1381
f 346/1430/1385 1268/74/66 1271/1427/1382
f 1272/98/87 344/1428/1383 342/97/86
f 1274/1431/1386 345/1429/1384 344/1428/1383
f 1275/1432/1387 346/1430/1385 345/1429/1384
f 1276/1433/1388 343/140/120 346/1430/1385
f 352/102/90 1274/1431/1386 1272/98/87
f 354/1434/1389 1275/1432/1387 1274/1431/1386
f 355/1435/1390 1276/1433/1388 1275/1432/1387
f 356/1436/1391 1273/184/160 1276/1433/1388
f 1277/93/83 351/1437/1392 348/187/162
f 1279/1438/1393 350/1439/1394 351/1437/1392
f 1280/1440/1395 349/1441/1396 350/1439/1394
f 1281/1442/1397 347/101/89 349/1441/1396
f 338/157/134 1279/1438/1393 1277/93/83
f 341/1419/1374 1280/1440/1395 1279/1438/1393
f 340/1421/1376 1281/1442/1397 1280/1440/1395
f 339/1423/1378 1278/80/70 1281/1442/1397
f 375/189/163 1284/1443/1398 378/1444/1399
f 378/1444/1399 1285/1445/1400 377/1446/1401
f 377/1446/1401 1286/1447/1402 376/1448/1403
f 376/1448/1403 1283/174/150 374/176/152
f 1282/139/119 360/761/693 1284/1449/1398
f 1284/1443/1398 370/767/697 1285/1445/1400
f 1285/1445/1400 369/773/705 1286/1447/1402
f 1286/1447/1402 359/175/151 1283/174/150
f 1287/104/92 354/1434/1389 352/102/90
f 1289/1450/1404 355/1435/1390 354/1434/1389
f 1290/1451/1405 356/1436/1391 355/1435/1390
f 1291/1452/1406 353/181/157 356/1436/1391
f 375/189/163 1289/1450/1404 1287/104/92
f 378/1444/1399 1290/1451/1405 1289/1450/1404
f 377/1446/1401 1291/1452/1406 1290/1451/1405
f 376/1448/1403 1288/158/135 1291/1452/1406
f 1292/99/88 364/771/701 358/105/93
f 1294/1453/1407 365/776/708 364/771/701
f 1295/1454/1408 371/774/706 365/776/708
f 1296/1455/1409 359/175/151 371/774/706
f 348/187/162 1294/1453/1407 1292/99/88
f 351/1437/1392 1295/1454/1408 1294/1453/1407
f 350/1439/1394 1296/1455/1409 1295/1454/1408
f 349/1441/1396 1293/173/149 1296/1455/1409
f 317/88/78 1299/1456/1410 319/1404/1359
f 319/1404/1359 1300/1457/1411 320/1405/1360
f 320/1405/1360 1301/1458/1412 321/1406/1361
f 321/1406/1361 1298/168/144 318/126/109
f 1297/109/95 386/1459/1413 1299/1456/1410
f 1299/1456/1410 387/1460/1414 1300/1457/1411
f 1300/1457/1411 388/1461/1415 1301/1458/1412
f 1301/1458/1412 385/132/114 1298/168/144
f 380/111/97 1304/1462/1416 383/1463/1417
f 383/1463/1417 1305/1464/1418 382/1465/1419
f 382/1465/1419 1306/1466/1420 381/1467/1421
f 381/1467/1421 1303/115/100 379/114/99
f 1302/82/72 311/1408/1363 1304/1462/1416
f 1304/1462/1416 310/1410/1365 1305/1464/1418
f 1305/1464/1418 309/1412/1367 1306/1466/1420
f 1306/1466/1420 307/106/94 1303/115/100
f 1307/124/107 397/1468/712 394/180/156
f 1309/1469/1422 398/790/722 397/779/712
f 1310/1470/1423 404/786/718 398/790/722
f 1311/1471/1424 395/787/719 404/786/718
f 389/118/103 1309/1469/1422 1307/1472/107
f 391/1473/1425 1310/1470/1423 1309/1469/1422
f 392/1474/1426 1311/1471/1424 1310/1470/1423
f 393/1475/1427 1308/152/131 1311/1471/1424
f 384/110/96 1314/1476/1428 386/1459/1413
f 386/1459/1413 1315/1477/1429 387/1460/1414
f 387/1460/1414 1316/1478/1430 388/1461/1415
f 388/1461/1415 1313/151/130 385/132/114
f 1312/116/101 408/793/726 1314/1476/1428
f 1314/1476/1428 403/788/720 1315/1477/1429
f 1315/1477/1429 402/785/717 1316/1478/1430
f 1316/1478/1430 395/787/719 1313/151/130
f 389/118/103 1319/1479/1431 391/1473/1425
f 391/1473/1425 1320/1480/1432 392/1474/1426
f 392/1474/1426 1321/1481/1433 393/1475/1427
f 393/1475/1427 1318/150/129 390/149/128
f 1317/112/98 383/1463/1417 1319/1479/1431
f 1319/1479/1431 382/1465/1419 1320/1480/1432
f 1320/1480/1432 381/1467/1421 1321/1481/1433
f 1321/1481/1433 379/114/99 1318/150/129
f 396/117/102 1324/1482/1434 407/1483/727
f 407/778/1435 1323/177/153 394/180/1436
f 1322/67/61 299/750/1437 1324/1482/1434
f 1324/1484/1438 299/1485/1438 292/743/1438
f 1324/1486/1439 289/178/154 1323/177/153
f 253/48/43 1327/1487/1440 265/1488/1441
f 265/728/1442 1327/1489/1442 256/724/1443
f 1327/1489/1444 251/722/650 256/724/1445
f 1325/47/42 366/770/700 1327/1487/1440
f 366/1490/1446 1326/136/116 1327/1489/1444
f 532/260/234 1330/1491/1447 543/929/864
f 543/929/864 1331/1492/1448 544/920/854
f 1331/1492/1448 534/917/851 544/920/854
f 1332/1493/1449 200/243/217 534/917/851
f 1328/259/233 552/934/870 1330/1491/1447
f 1330/1491/1447 562/937/873 1331/1492/1448
f 562/937/873 1332/1493/1449 1331/1492/1448
f 561/945/881 1329/261/235 1332/1493/1449
f 1333/253/227 556/940/876 548/254/228
f 1335/1494/1450 557/942/878 556/940/876
f 557/942/878 1337/1495/1451 563/946/882
f 563/946/882 1334/240/214 549/301/275
f 566/231/205 1335/1494/1450 1333/253/227
f 571/950/886 1336/1496/1452 1335/1494/1450
f 1336/1496/1452 580/962/899 1337/1495/1451
f 1337/1495/1451 568/269/243 1334/240/214
f 1338/1497/262 575/959/894 567/956/274
f 1340/1498/1453 576/965/1454 575/959/894
f 576/965/902 1341/1499/1455 582/963/900
f 1341/1499/1455 568/269/243 582/963/900
f 1338/1497/262 540/925/858 1340/1498/1453
f 1340/1498/1453 1820/918/862 1341/1500/1456
f 1341/1500/1455 1820/918/852 533/919/853
f 1341/1499/1455 200/243/1457 1339/242/216
f 515/299/273 1344/1501/1458 527/912/845
f 527/912/845 1345/1502/1459 528/903/835
f 1345/1502/1459 518/900/832 528/903/835
f 1346/1503/1460 513/280/254 518/900/832
f 1342/296/270 558/941/877 1344/1501/1458
f 1344/1501/1458 551/935/871 1345/1502/1459
f 551/935/871 1346/1503/1460 1345/1502/1459
f 550/933/869 1343/274/248 1346/1503/1460
f 1347/1504/263 538/926/859 531/923/264
f 1349/1505/1461 539/932/1462 538/926/859
f 539/932/867 1350/1506/1463 545/930/865
f 1350/1506/1463 532/260/234 545/930/865
f 1347/1504/263 524/908/839 1349/1505/1461
f 1349/1505/1461 517/901/843 1350/1507/1464
f 1350/1507/1463 517/901/833 516/899/831
f 1350/1506/1463 513/280/254 1348/228/202
f 1351/1508/225 522/909/840 514/906/223
f 1353/1509/1465 523/915/1466 522/909/840
f 523/915/848 1354/1510/1467 529/913/846
f 1354/1510/1467 515/299/273 529/913/846
f 1351/1508/225 577/958/893 1353/1509/1465
f 1353/1509/1465 570/951/897 1354/1511/1468
f 1354/1511/1467 570/951/887 569/949/885
f 1354/1510/1467 566/231/205 1352/230/204
f 435/209/183 1357/1512/1469 438/818/1470
f 438/818/1470 1358/1513/1471 1817/1514/1472
f 1817/1514/1472 1359/1515/1473 441/1516/1474
f 441/1516/1474 1356/246/220 436/314/288
f 411/167/143 1357/1512/1469 1355/165/141
f 416/796/731 1358/1513/1471 1357/1512/1469
f 424/799/734 1359/1515/1473 1358/1513/1471
f 423/808/742 1356/246/220 1359/1515/1473
f 1360/258/232 453/1517/1475 447/216/190
f 1362/1518/1476 452/833/1477 453/1517/1475
f 1363/1519/1478 449/831/1479 452/833/1477
f 1364/1520/1480 445/316/290 449/831/1479
f 1360/258/232 423/809/742 1362/1518/1476
f 1362/1518/1476 420/805/740 1363/1519/1478
f 1363/1519/1478 419/802/737 1364/1520/1480
f 1364/1520/1480 412/804/739 1361/236/210
f 1365/315/289 441/1521/1474 436/314/288
f 1367/1522/1481 442/828/1482 441/1521/1474
f 1368/1523/1483 444/825/761 442/828/1482
f 1369/1524/1484 437/235/209 444/825/761
f 1365/315/289 453/1525/1475 1367/1522/1481
f 1367/1522/1481 452/1526/1485 1368/1523/1483
f 1368/1523/1483 451/836/1486 1369/1524/1484
f 1369/1524/1484 446/247/221 1366/233/207
f 465/851/788 1372/1527/1487 468/849/786
f 468/849/786 1373/1528/1488 469/852/789
f 469/852/789 1374/1529/1489 473/860/796
f 473/860/796 1371/278/252 466/320/294
f 426/219/193 1372/1527/1487 1370/298/272
f 430/811/1490 1373/1528/1488 1372/1527/1487
f 1816/813/1491 1374/1529/1489 1373/1528/1488
f 434/1530/1492 1371/278/252 1374/1529/1489
f 480/272/246 1377/1531/1493 483/864/1494
f 483/864/1494 1378/1532/1495 1815/1533/1496
f 1815/1533/1496 1379/1534/1497 485/1535/1498
f 485/1535/1498 1376/336/310 481/206/180
f 467/264/238 1377/1531/1493 1375/262/236
f 478/862/798 1378/1532/1495 1377/1531/1493
f 474/857/794 1379/1534/1497 1378/1532/1495
f 473/859/796 1376/336/310 1379/1534/1497
f 1380/208/182 485/1536/1498 481/206/180
f 1382/1537/1499 1815/871/1500 485/1536/1498
f 1383/1538/1501 488/869/1502 1815/871/1500
f 1384/1539/1503 482/270/244 488/869/1502
f 1380/208/182 434/1540/1492 1382/1537/1499
f 1382/1537/1499 433/816/1504 1383/1538/1501
f 1383/1538/1501 432/817/1505 1384/1539/1503
f 1384/1539/1503 427/265/239 1381/267/241
f 1385/256/230 463/1541/1506 457/195/169
f 1387/1542/1507 1818/843/1508 463/1541/1506
f 1388/1543/1509 459/839/775 1818/843/1508
f 1389/1544/1510 455/341/315 459/839/775
f 1385/256/230 496/882/815 1387/1542/1507
f 1387/1542/1507 493/875/809 1388/1543/1509
f 1388/1543/1509 492/872/806 1389/1544/1510
f 1389/1544/1510 489/874/808 1386/293/267
f 1390/326/300 496/879/815 490/279/253
f 1392/1545/1511 498/886/1512 496/879/815
f 1393/1546/1513 501/884/817 498/886/819
f 1394/1547/1514 491/284/258 501/884/817
f 1390/326/300 509/1548/1515 1392/1545/1511
f 1392/1545/1511 1819/1549/1516 1393/1546/1517
f 1393/1546/1513 506/887/820 1394/1547/1514
f 1394/1547/1514 503/198/172 1391/200/174
f 1395/340/314 509/1550/1515 504/327/301
f 1397/1551/1518 510/897/1519 509/1550/1515
f 1398/1552/1520 512/894/826 510/897/1519
f 1399/1553/1521 505/291/265 512/894/826
f 1395/340/314 463/1554/1506 1397/1551/1518
f 1397/1551/1518 464/1555/1522 1398/1552/1520
f 1398/1552/1520 462/847/781 1399/1553/1521
f 1399/1553/1521 456/844/780 1396/285/259
f 586/981/307 1402/1556/1523 597/979/919
f 597/979/919 1403/1557/1524 598/972/911
f 598/972/911 1404/1558/1525 589/968/906
f 589/968/906 1401/282/256 584/966/904
f 1400/1559/306 611/992/932 1402/1556/1523
f 1402/1556/1523 605/986/926 1403/1557/1524
f 1403/1557/1524 604/984/924 1404/1558/1525
f 1404/1558/1525 601/319/293 1401/282/256
f 1405/306/280 622/1003/941 619/318/292
f 1407/1560/1526 623/1013/953 622/1003/941
f 1408/1561/1527 629/1009/949 623/1013/953
f 1409/1562/1528 620/1010/198 629/1009/949
f 603/305/279 1407/1560/1526 1405/306/280
f 616/999/937 1408/1561/1527 1407/1560/1526
f 610/994/933 1409/1562/1528 1408/1561/1527
f 609/991/931 1406/1563/196 1409/1562/1528
f 1410/309/283 592/976/915 585/307/281
f 1412/1564/1529 593/983/923 592/976/915
f 1413/1565/1530 599/980/920 593/983/923
f 1414/1566/1531 586/981/307 599/980/920
f 1410/309/283 634/1016/956 1412/1564/1529
f 1412/1564/1529 628/1011/950 1413/1565/1530
f 1413/1565/1530 627/1008/948 1414/1566/1531
f 1414/1566/1531 620/1010/198 1411/1567/197
f 1415/1568/297 649/1032/973 638/1034/295
f 1417/1569/1532 650/1024/965 649/1032/973
f 1418/1570/1533 641/1020/961 650/1024/965
f 1419/1571/1534 636/1021/962 641/1020/961
f 655/1046/299 1417/1569/1532 1415/1568/297
f 664/1045/986 1418/1570/1533 1417/1569/1532
f 658/1049/990 1419/1571/1534 1418/1570/1533
f 657/1039/978 1416/226/200 1419/1571/1534
f 673/1067/312 1422/1572/1535 684/1065/1008
f 684/1065/1008 1423/1573/1536 685/1059/1001
f 685/1059/1001 1424/1574/1537 675/1055/997
f 675/1055/997 1421/213/187 671/212/186
f 1420/1575/311 651/1033/974 1422/1572/1535
f 1422/1572/1535 645/1029/970 1423/1573/1536
f 1423/1573/1536 644/1027/968 1424/1574/1537
f 1424/1574/1537 637/312/286 1421/213/187
f 1425/311/285 679/1063/1005 672/313/287
f 1427/1576/1538 680/1069/1011 679/1063/1005
f 1428/1577/1539 686/1066/1009 680/1069/1011
f 1429/1578/1540 673/1067/312 686/1066/1009
f 1425/311/285 669/1051/992 1427/1576/1538
f 1427/1576/1538 663/1047/987 1428/1577/1539
f 1428/1577/1539 662/1044/985 1429/1578/1540
f 1429/1578/1540 655/1046/299 1426/1579/298
f 1430/331/305 692/1072/1014 689/343/317
f 1432/1580/1541 693/1082/1024 692/1072/1014
f 1433/1581/1542 700/1078/1021 693/1082/1024
f 1434/1582/1543 690/1079/189 700/1078/1021
f 707/330/304 1432/1580/1541 1430/331/305
f 712/1088/1032 1433/1581/1542 1432/1580/1541
f 721/1091/1035 1434/1582/1543 1433/1581/1542
f 720/1099/1043 1431/1583/179 1434/1582/1543
f 708/302/276 1437/1584/1544 715/1094/1038
f 715/1094/1038 1438/1585/1545 716/1096/1040
f 716/1096/1040 1439/1586/1546 722/1100/1044
f 722/1100/1044 1436/1587/302 709/1101/177
f 1435/202/176 730/1105/1047 1437/1584/1544
f 1437/1584/1544 739/1109/1052 1438/1585/1545
f 1438/1585/1545 738/1116/1062 1439/1586/1546
f 1439/1586/1546 727/1118/303 1436/1587/302
f 1440/304/278 733/1113/1056 726/303/277
f 1442/1588/1547 734/1120/1066 733/1113/1056
f 1443/1589/1548 740/1117/1063 734/1120/1066
f 1444/1590/1549 727/1118/303 740/1117/1063
f 1440/304/278 704/1086/1028 1442/1588/1547
f 1442/1588/1547 699/1080/1022 1443/1589/1548
f 1443/1589/1548 698/1077/1020 1444/1590/1549
f 1444/1590/1549 690/1079/189 1441/1591/188
f 411/167/143 1447/1592/1550 414/795/730
f 1447/1592/1550 415/797/1551 414/795/730
f 1448/1593/1552 421/803/738 415/797/1551
f 1449/1594/1553 412/804/739 421/803/738
f 1445/166/142 606/985/925 1447/1592/1550
f 1447/1592/1550 615/988/928 1448/1593/1552
f 615/988/928 1449/1594/1553 1448/1593/1552
f 614/998/936 1446/237/211 1449/1594/1553
f 621/1014/954 1452/1595/1554 632/1017/1555
f 632/1017/1555 1452/1596/1554 633/1005/1556
f 633/1005/1557 1453/1597/1558 624/1002/1559
f 1453/1597/1560 619/318/292 624/1002/940
f 446/247/221 1452/1595/1554 1450/308/282
f 1452/1596/1561 448/830/1562 1453/1597/1558
f 1453/1597/1560 445/316/290 1451/317/291
f 426/219/193 1456/1598/1563 429/810/1564
f 429/810/1565 1456/1598/1566 1457/1599/1567
f 1457/1600/1568 427/265/239 429/815/1569
f 654/339/313 1456/1598/1563 1454/221/195
f 1456/1598/1566 668/1041/1570 1457/1599/1567
f 1457/1599/1568 668/1041/1571 667/1052/1572
f 1457/1600/1568 656/310/284 1455/1601/1573
f 1458/1602/1574 674/1056/1575 671/212/186
f 674/1056/998 1460/1603/1576 681/1604/1577
f 681/1062/1004 1459/271/245 672/313/287
f 480/272/246 1460/1605/1578 1458/1602/1574
f 1460/1606/1579 482/270/244 1459/271/245
f 1461/283/257 499/883/816 491/284/258
f 499/883/816 1464/1607/1580 500/878/1581
f 1464/1607/1580 494/873/807 500/878/1581
f 494/873/807 1462/294/268 489/874/808
f 708/302/276 1463/1608/1582 1461/283/257
f 1463/1608/1582 711/1089/1033 1464/1607/1580
f 711/1089/1033 1465/1609/1583 1464/1607/1580
f 1465/1609/1583 707/330/304 1462/294/268
f 1466/286/260 703/1610/1029 691/1084/1026
f 703/1075/1018 1469/1611/1584 694/1071/1016
f 1469/1611/1585 689/343/317 694/1071/1013
f 456/844/780 1468/1612/1586 1466/286/260
f 1468/1613/1584 458/838/1587 1469/1611/1584
f 458/838/1588 1467/342/316 1469/1611/1585
f 584/966/904 1472/1614/1589 587/970/1590
f 1472/1614/1591 588/969/1592 587/970/1593
f 588/969/1594 1473/1615/1595 594/975/914
f 1473/1615/1595 585/307/281 594/975/914
f 1470/281/255 439/819/1596 1472/1614/1589
f 1472/1614/1591 443/823/1597 1473/1616/1598
f 1473/1615/1595 437/235/209 1471/234/208
f 467/264/238 1476/1617/1599 476/861/797
f 1476/1617/1599 477/854/1600 476/861/797
f 1477/1618/1601 470/850/787 477/854/1600
f 470/850/787 1475/225/199 465/851/788
f 637/312/286 1476/1617/1599 1474/263/237
f 646/1028/969 1477/1618/1601 1476/1617/1599
f 640/1022/963 1478/1619/1602 1477/1618/1601
f 1478/1619/1602 636/1021/962 1475/225/199
f 505/291/265 1481/1620/1603 511/893/825
f 511/892/1604 1482/1621/1605 507/888/1604
f 1482/1621/1606 503/198/172 507/888/1607
f 726/303/277 1481/1620/1603 1479/292/266
f 1481/1620/1603 735/1112/1055 729/1106/1608
f 729/1106/1609 1482/1621/1605 1481/1622/1610
f 1482/1621/1606 725/201/175 1480/1623/1611
f 763/368/339 1485/1624/1612 766/1625/1613
f 766/1625/1613 1486/1626/1614 765/1627/1615
f 765/1628/1616 1487/1629/1617 764/1630/1618
f 1487/1629/1617 762/523/477 764/1630/1618
f 1483/367/338 749/1631/1619 1485/1624/1612
f 1485/1624/1612 750/1632/1620 1486/1626/1614
f 1486/1633/1621 751/1634/1622 1487/1629/1617
f 751/1634/1622 1484/482/439 1487/1629/1617
f 1488/404/372 771/1635/1623 768/351/324
f 1490/1636/1624 770/1637/1625 771/1638/1623
f 1491/1639/1626 769/1640/1627 770/1637/1628
f 769/1640/1627 1489/462/422 767/364/335
f 752/534/486 1490/1641/1624 1488/404/372
f 754/1642/1629 1491/1639/1630 1490/1636/1624
f 755/1643/1631 1492/1644/1632 1491/1639/1626
f 1492/1644/1632 753/361/332 1489/462/422
f 1493/472/431 746/1645/1633 743/346/320
f 1495/1646/1634 745/1647/1635 746/1645/1633
f 1496/1648/1636 744/1649/1637 745/1650/1638
f 744/1649/1637 1494/347/321 742/359/330
f 763/368/339 1495/1646/1634 1493/472/431
f 766/1625/1613 1496/1651/1639 1495/1646/1634
f 765/1628/1616 1497/1652/1640 1496/1648/1636
f 1497/1652/1640 762/523/477 1494/347/321
f 758/501/456 1500/1653/1641 761/1654/1642
f 761/1655/1642 1501/1656/1643 760/1657/1644
f 760/1657/1645 1502/1658/1646 759/1659/1647
f 1502/1658/1646 757/353/325 759/1659/1647
f 1498/369/340 771/1635/1623 1500/1653/1641
f 1500/1660/1641 770/1637/1625 1501/1656/1643
f 1501/1656/1648 769/1640/1627 1502/1658/1646
f 769/1640/1627 1499/366/337 1502/1658/1646
f 773/502/457 1505/1661/1649 776/1662/1650
f 776/1663/1650 1506/1664/1651 775/1665/1652
f 775/1665/1653 1507/1666/1654 774/1667/1655
f 1507/1666/1654 772/372/342 774/1667/1655
f 1503/496/452 761/1654/1642 1505/1661/1649
f 1505/1668/1649 760/1657/1644 1506/1664/1651
f 1506/1664/1656 759/1659/1647 1507/1666/1654
f 759/1659/1647 1504/355/327 1507/1666/1654
f 747/358/329 1510/1669/1657 749/1631/1619
f 749/1631/1619 1511/1670/1658 750/1632/1620
f 750/1632/1659 1512/1671/1660 751/1672/1622
f 1512/1673/1660 748/378/348 751/1634/1622
f 1508/357/328 779/1674/1661 1510/1669/1657
f 1510/1669/1657 780/1675/1662 1511/1670/1658
f 1511/1670/1663 781/1676/1664 1512/1671/1660
f 781/1677/1664 1509/376/346 1512/1673/1660
f 777/387/356 1515/1678/1665 779/1674/1661
f 779/1674/1661 1516/1679/1666 780/1675/1662
f 780/1675/1667 1517/1680/1668 781/1676/1664
f 1517/1681/1668 778/375/345 781/1677/1664
f 1513/396/364 789/1682/1669 1515/1678/1665
f 1515/1678/1665 790/1683/1670 1516/1679/1666
f 1516/1679/1671 791/1684/1672 1517/1680/1668
f 791/1685/1672 1514/373/343 1517/1681/1668
f 783/535/487 1520/1686/1673 786/1687/1674
f 786/1687/1674 1521/1688/1675 785/1689/1676
f 785/1690/1677 1522/1691/1678 784/1692/1679
f 1522/1691/1678 782/382/352 784/1692/1679
f 1518/527/480 776/1662/1650 1520/1686/1673
f 1520/1686/1673 775/1693/1652 1521/1688/1675
f 1521/1694/1680 774/1667/1655 1522/1691/1678
f 774/1667/1655 1519/380/350 1522/1691/1678
f 1523/513/467 814/1695/1681 811/511/465
f 1525/1696/1682 813/1697/1683 814/1695/1681
f 1526/1698/1684 812/1699/1685 813/1697/1683
f 1527/1700/1686 810/1701/361 812/1699/1685
f 793/1131/1077 1525/1696/1682 1523/513/467
f 803/1130/1076 1526/1698/1684 1525/1696/1682
f 796/1134/1080 1527/1700/1686 1526/1698/1684
f 795/1124/1070 1524/476/433 1527/1700/1686
f 787/395/363 1530/1702/1687 789/1682/1669
f 789/1682/1669 1531/1703/1688 790/1683/1670
f 790/1683/1689 1532/1704/1690 791/1684/1672
f 791/1685/1672 1529/383/353 788/385/355
f 1528/495/451 814/1695/1681 1530/1702/1687
f 1530/1702/1691 813/1697/1683 1531/1703/1688
f 1531/1703/1692 812/1699/1685 1532/1704/1690
f 812/1705/1685 1529/383/353 1532/1706/1690
f 793/1131/1077 1535/1707/1693 801/1129/1075
f 801/1129/1075 1536/1708/1694 802/1132/1078
f 802/1141/1087 1537/1709/1695 807/1137/1083
f 807/1137/1083 1534/389/358 794/391/360
f 1533/512/466 786/1687/1674 1535/1707/1693
f 1535/1707/1693 785/1689/1676 1536/1708/1694
f 1536/1710/1696 784/1692/1679 1537/1709/1695
f 1537/1709/1695 782/382/352 1534/389/358
f 1538/412/379 754/1711/1629 752/534/486
f 1540/1712/1697 755/1643/1698 754/1642/1629
f 1541/1713/1699 756/1714/1700 755/1643/1631
f 756/1714/1700 1539/505/459 753/361/332
f 820/471/430 1540/1715/1697 1538/412/379
f 822/1716/1701 1541/1713/1702 1540/1712/1697
f 823/1717/1703 1542/1718/1704 1541/1713/1699
f 1542/1718/1704 821/401/369 1539/505/459
f 1543/344/318 819/1719/1705 816/520/474
f 1545/1720/1706 818/1721/1707 819/1719/1705
f 1546/1722/1708 817/1723/1709 818/1724/1710
f 817/1723/1709 1544/397/365 815/399/367
f 743/346/320 1545/1720/1706 1543/344/318
f 746/1645/1633 1546/1725/1711 1545/1720/1706
f 745/1650/1638 1547/1726/1712 1546/1722/1708
f 1547/1726/1712 742/359/330 1544/397/365
f 832/1160/1105 1550/1727/1713 843/1158/1103
f 843/1158/1103 1551/1728/1714 844/1149/1094
f 844/1149/1094 1552/1729/1715 834/1145/1090
f 834/1145/1090 1549/1730/423 830/1143/473
f 1548/486/442 827/1731/1716 1550/1727/1713
f 1550/1727/1713 828/1732/1717 1551/1728/1714
f 1551/1728/1714 829/1733/1718 1552/1729/1715
f 1552/1734/1715 826/407/375 1549/463/423
f 1553/487/443 822/1735/1701 820/471/430
f 1555/1736/1719 823/1717/1720 822/1716/1701
f 1556/1737/1721 824/1738/1722 823/1717/1703
f 1557/1739/1723 821/401/369 824/1738/1722
f 832/1160/1105 1555/1740/1719 1553/487/443
f 845/1741/1104 1556/1737/1724 1555/1736/1719
f 839/1742/1725 1557/1739/1723 1556/1737/1721
f 838/1154/1099 1554/409/377 1557/1739/1723
f 1558/489/445 827/1731/1716 825/488/444
f 1560/1743/1726 828/1732/1717 827/1731/1716
f 1561/1744/1727 829/1745/1718 828/1746/1717
f 829/1745/1718 1559/405/373 826/407/375
f 816/520/474 1560/1743/1726 1558/489/445
f 819/1719/1705 1561/1747/1728 1560/1743/1726
f 818/1724/1710 1562/1748/1729 1561/1744/1727
f 817/1723/1709 1559/405/373 1562/1748/1729
f 1563/485/441 872/1749/1730 869/414/380
f 1565/1750/1731 871/1751/1732 872/1749/1730
f 1566/1752/1733 870/1753/1734 871/1751/1732
f 1567/1754/1735 868/533/485 870/1753/1734
f 853/434/398 1565/1750/1731 1563/485/441
f 855/1755/1736 1566/1752/1733 1565/1750/1731
f 856/1756/1737 1567/1754/1735 1566/1752/1733
f 857/1757/1738 1564/532/484 1567/1754/1735
f 874/428/392 1570/1758/1739 877/1759/1740
f 877/1759/1740 1571/1760/1741 876/1761/1742
f 876/1761/1742 1572/1762/1743 875/1763/1744
f 875/1763/1744 1569/466/426 873/469/429
f 1568/427/391 860/1764/1745 1570/1758/1739
f 1570/1758/1739 861/1765/1746 1571/1760/1741
f 1571/1760/1741 862/1766/1747 1572/1762/1743
f 1572/1762/1743 859/467/427 1569/466/426
f 849/424/388 1575/1767/1748 852/1768/1749
f 852/1768/1749 1576/1769/1750 851/1770/1751
f 851/1770/1751 1577/1771/1752 850/1772/1753
f 850/1772/1753 1574/483/440 848/449/412
f 1573/415/381 872/1749/1730 1575/1767/1748
f 1575/1767/1748 871/1751/1732 1576/1769/1750
f 1576/1769/1750 870/1753/1734 1577/1771/1752
f 1577/1771/1752 868/533/485 1574/483/440
f 1578/429/393 867/1773/1754 864/468/428
f 1580/1774/1755 866/1775/1756 867/1773/1754
f 1581/1776/1757 865/1777/1758 866/1775/1756
f 1582/1778/1759 863/524/478 865/1777/1758
f 874/428/392 1580/1774/1755 1578/429/393
f 877/1759/1740 1581/1776/1757 1580/1774/1755
f 876/1761/1742 1582/1778/1759 1581/1776/1757
f 875/1763/1744 1579/504/458 1582/1778/1759
f 1583/420/385 882/1779/1760 879/498/453
f 1585/1780/1761 881/1781/1762 882/1779/1760
f 1586/1782/1763 880/1783/1764 881/1781/1762
f 1587/1784/1765 878/421/386 880/1783/1764
f 864/468/428 1585/1780/1761 1583/420/385
f 867/1773/1754 1586/1782/1763 1585/1780/1761
f 866/1775/1756 1587/1784/1765 1586/1782/1763
f 865/1777/1758 1584/437/401 1587/1784/1765
f 1588/435/399 855/1755/1736 853/434/398
f 1590/1785/1766 856/1756/1737 855/1755/1736
f 1591/1786/1767 857/1757/1738 856/1756/1737
f 1592/1787/1768 854/531/483 857/1757/1738
f 883/440/403 1590/1785/1766 1588/435/399
f 885/1788/1769 1591/1786/1767 1590/1785/1766
f 886/1789/1770 1592/1787/1768 1591/1786/1767
f 887/1790/1771 1589/417/383 1592/1787/1768
f 1593/441/404 885/1788/1769 883/440/403
f 1595/1791/1772 886/1789/1770 885/1788/1769
f 1596/1792/1773 887/1790/1771 886/1789/1770
f 1597/1793/1774 884/481/438 887/1790/1771
f 893/445/408 1595/1791/1772 1593/441/404
f 895/1794/1775 1596/1792/1773 1595/1791/1772
f 896/1795/1776 1597/1793/1774 1596/1792/1773
f 897/1796/1777 1594/525/479 1597/1793/1774
f 1598/436/400 892/1797/1778 889/528/481
f 1600/1798/1779 891/1799/1780 892/1797/1778
f 1601/1800/1781 890/1801/1782 891/1799/1780
f 1602/1802/1783 888/444/407 890/1801/1782
f 879/498/453 1600/1798/1779 1598/436/400
f 882/1779/1760 1601/1800/1781 1600/1798/1779
f 881/1781/1762 1602/1802/1783 1601/1800/1781
f 880/1783/1764 1599/423/387 1602/1802/1783
f 916/530/482 1605/1803/1784 919/1804/1785
f 919/1804/1785 1606/1805/1786 918/1806/1787
f 918/1806/1787 1607/1807/1788 917/1808/1789
f 917/1808/1789 1604/515/469 915/517/471
f 1603/480/437 902/1809/1110 1605/1810/1784
f 1605/1803/1784 911/1170/1114 1606/1805/1786
f 1606/1805/1786 910/1176/1123 1607/1807/1788
f 1607/1807/1788 900/516/470 1604/515/469
f 1608/447/410 895/1794/1775 893/445/408
f 1610/1811/1790 896/1795/1776 895/1794/1775
f 1611/1812/1791 897/1796/1777 896/1795/1776
f 1612/1813/1792 894/522/476 897/1796/1777
f 916/530/482 1610/1811/1790 1608/447/410
f 919/1804/1785 1611/1812/1791 1610/1811/1790
f 918/1806/1787 1612/1813/1792 1611/1812/1791
f 917/1808/1789 1609/499/454 1612/1813/1792
f 1613/442/405 906/1174/1118 899/448/411
f 1615/1814/1793 907/1179/1126 906/1174/1118
f 1616/1815/1794 912/1177/1124 907/1179/1126
f 1617/1816/1795 900/516/470 912/1177/1124
f 889/528/481 1615/1814/1793 1613/442/405
f 892/1797/1778 1616/1815/1794 1615/1814/1793
f 891/1799/1780 1617/1816/1795 1616/1815/1794
f 890/1801/1782 1614/514/468 1617/1816/1795
f 858/431/395 1620/1817/1796 860/1764/1745
f 860/1764/1745 1621/1818/1797 861/1765/1746
f 861/1765/1746 1622/1819/1798 862/1766/1747
f 862/1766/1747 1619/509/463 859/467/427
f 1618/452/413 927/1820/1799 1620/1817/1796
f 1620/1817/1796 928/1821/1800 1621/1818/1797
f 1621/1818/1797 929/1822/1801 1622/1819/1798
f 1622/1819/1798 926/473/432 1619/509/463
f 921/454/415 1625/1823/1802 924/1824/1803
f 924/1824/1803 1626/1825/1804 923/1826/1805
f 923/1826/1805 1627/1827/1806 922/1828/1807
f 922/1828/1807 1624/458/418 920/457/417
f 1623/425/389 852/1768/1749 1625/1823/1802
f 1625/1823/1802 851/1770/1751 1626/1825/1804
f 1626/1825/1804 850/1772/1753 1627/1827/1806
f 1627/1827/1806 848/449/412 1624/458/418
f 1628/465/425 938/1182/1130 935/521/475
f 1630/1829/1808 939/1191/1139 938/1182/1130
f 1631/1830/1809 946/1187/1135 939/1191/1139
f 1632/1831/1810 936/1188/1136 946/1187/1135
f 930/461/421 1630/1829/1808 1628/465/425
f 932/1832/1811 1631/1830/1809 1630/1829/1808
f 933/1833/1812 1632/1831/1810 1631/1830/1809
f 934/1834/1813 1629/493/449 1632/1831/1810
f 925/453/414 1635/1835/1814 927/1820/1799
f 927/1820/1799 1636/1836/1815 928/1821/1800
f 928/1821/1800 1637/1837/1816 929/1822/1801
f 929/1822/1801 1634/492/448 926/473/432
f 1633/459/419 949/1194/1143 1635/1835/1814
f 1635/1835/1814 945/1189/1137 1636/1836/1815
f 1636/1836/1815 944/1186/1134 1637/1837/1816
f 1637/1837/1816 936/1188/1136 1634/492/448
f 930/461/421 1640/1838/1817 932/1832/1811
f 932/1832/1811 1641/1839/1818 933/1833/1812
f 933/1833/1812 1642/1840/1819 934/1834/1813
f 934/1834/1813 1639/491/447 931/490/446
f 1638/455/416 924/1824/1803 1640/1838/1817
f 1640/1838/1817 923/1826/1805 1641/1839/1818
f 1641/1839/1818 922/1828/1807 1642/1840/1819
f 1642/1840/1819 920/457/417 1639/491/447
f 937/460/420 1645/1841/1820 940/1842/1144
f 940/1843/1129 1644/1844/472 935/1845/475
f 1643/410/378 840/1153/1821 1645/1841/1820
f 1645/1846/1822 840/1847/1823 833/1146/1823
f 1645/1848/1824 830/1143/473 1644/1844/472
f 794/391/360 1648/1849/1825 806/1850/1826
f 806/1138/1827 1648/1851/1827 797/1852/1828
f 1648/1853/1829 792/1121/1067 797/1123/1830
f 899/448/411 1648/1849/1825 1646/390/359
f 901/1854/1111 1647/477/434 1648/1853/1829
f 973/557/506 1651/1855/1831 976/1856/1832
f 976/1857/1832 1652/1858/1833 975/1859/1834
f 975/1859/1835 1653/1860/1836 974/1861/1837
f 1653/1860/1836 972/711/639 974/1861/1837
f 1649/556/505 959/1862/1838 1651/1855/1831
f 1651/1863/1831 960/1864/1839 1652/1858/1833
f 1652/1858/1840 961/1865/1841 1653/1860/1836
f 961/1865/1841 1650/673/605 1653/1860/1836
f 1654/593/539 981/1866/1842 978/540/491
f 1656/1867/1843 980/1868/1844 981/1866/1842
f 1657/1869/1845 979/1870/1846 980/1868/1847
f 979/1871/1846 1655/651/588 977/553/502
f 962/720/648 1656/1867/1843 1654/593/539
f 964/1872/1848 1657/1869/1849 1656/1867/1843
f 965/1873/1850 1658/1874/1851 1657/1869/1845
f 1658/1875/1851 963/550/499 1655/651/588
f 1659/663/597 956/1876/1852 953/508/462
f 1661/1877/1853 955/1878/1854 956/1879/1852
f 1662/1880/1855 954/1881/1856 955/1878/1857
f 954/1881/1856 1660/536/488 952/548/497
f 973/557/506 1661/1882/1853 1659/663/597
f 976/1857/1832 1662/1880/1858 1661/1877/1853
f 975/1859/1835 1663/1883/1859 1662/1880/1855
f 1663/1883/1859 972/711/639 1660/536/488
f 968/692/621 1666/1884/1860 971/1885/1861
f 971/1885/1861 1667/1886/1862 970/1887/1863
f 970/1887/1864 1668/1888/1865 969/1889/1866
f 1668/1890/1865 967/542/492 969/1891/1866
f 1664/558/507 981/1866/1842 1666/1884/1860
f 1666/1884/1860 980/1868/1844 1667/1886/1862
f 1667/1886/1867 979/1870/1846 1668/1888/1865
f 979/1871/1846 1665/555/504 1668/1890/1865
f 983/693/622 1671/1892/1868 986/1893/1869
f 986/1893/1869 1672/1894/1870 985/1895/1871
f 985/1895/1872 1673/1896/1873 984/1897/1874
f 1673/1898/1873 982/561/509 984/1899/1874
f 1669/687/617 971/1885/1861 1671/1892/1868
f 1671/1892/1868 970/1887/1863 1672/1894/1870
f 1672/1894/1875 969/1889/1866 1673/1896/1873
f 969/1891/1866 1670/544/494 1673/1898/1873
f 957/547/496 1676/1900/1876 959/1862/1838
f 959/1901/1838 1677/1902/1877 960/1864/1839
f 960/1864/1878 1678/1903/1879 961/1865/1841
f 1678/1903/1879 958/567/515 961/1865/1841
f 1674/546/495 989/1904/1880 1676/1900/1876
f 1676/1905/1876 990/1906/1881 1677/1902/1877
f 1677/1902/1882 991/1907/1883 1678/1903/1879
f 991/1907/1883 1675/565/513 1678/1903/1879
f 987/576/523 1681/1908/1884 989/1904/1880
f 989/1909/1880 1682/1910/1885 990/1906/1881
f 990/1906/1886 1683/1911/1887 991/1907/1883
f 1683/1911/1887 988/564/512 991/1907/1883
f 1679/585/531 999/1912/1888 1681/1908/1884
f 1681/1908/1884 1000/1913/1889 1682/1914/1885
f 1682/1910/1890 1001/1915/1891 1683/1911/1887
f 1001/1915/1891 1680/562/510 1683/1911/1887
f 993/721/649 1686/1916/1892 996/1917/1893
f 996/1917/1893 1687/1918/1894 995/1919/1895
f 995/1919/1896 1688/1920/1897 994/1921/1898
f 1688/1920/1897 992/1922/519 994/1921/1898
f 1684/714/642 986/1893/1869 1686/1916/1892
f 1686/1916/1892 985/1895/1871 1687/1918/1894
f 1687/1918/1899 984/1897/1874 1688/1920/1897
f 984/1897/1874 1685/1923/517 1688/1920/1897
f 1689/701/629 1024/1924/1900 1021/699/627
f 1691/1925/1901 1023/1926/1902 1024/1924/1900
f 1692/1927/1903 1022/1928/1904 1023/1926/1902
f 1693/1929/1905 1020/581/528 1022/1930/1904
f 1003/1206/1157 1691/1925/1901 1689/701/629
f 1013/1205/1156 1692/1927/1903 1691/1925/1901
f 1006/1209/1160 1693/1931/1905 1692/1927/1903
f 1005/1932/1150 1690/667/599 1693/1929/1905
f 997/584/530 1696/1933/1906 999/1912/1888
f 999/1912/1888 1697/1934/1907 1000/1913/1889
f 1000/1935/1908 1698/1936/1909 1001/1915/1891
f 1001/1915/1891 1695/572/520 998/574/522
f 1694/686/616 1024/1924/1900 1696/1933/1906
f 1696/1933/1910 1023/1926/1902 1697/1934/1907
f 1697/1937/1911 1022/1930/1904 1698/1936/1909
f 1022/1930/1904 1695/572/520 1698/1936/1909
f 1003/1206/1157 1701/1938/1912 1011/1204/1155
f 1011/1204/1155 1702/1939/1913 1012/1207/1158
f 1012/1207/1167 1703/1940/1914 1017/1213/1163
f 1017/1213/1163 1700/1941/525 1004/1211/527
f 1699/700/628 996/1917/1893 1701/1938/1912
f 1701/1938/1912 995/1919/1895 1702/1939/1913
f 1702/1939/1915 994/1921/1898 1703/1940/1914
f 1703/1940/1914 992/1922/519 1700/1941/525
f 1704/601/546 964/1872/1848 962/720/648
f 1706/1942/1916 965/1873/1917 964/1872/1848
f 1707/1943/1918 966/1944/1919 965/1873/1850
f 966/1945/1919 1705/696/624 963/550/499
f 1030/662/596 1706/1942/1916 1704/601/546
f 1032/1946/1920 1707/1943/1921 1706/1942/1916
f 1033/1947/1922 1708/1948/1923 1707/1943/1918
f 1708/1949/1923 1031/590/536 1705/696/624
f 1709/506/460 1029/1950/1924 1026/708/636
f 1711/1951/1925 1028/1952/1926 1029/1953/1924
f 1712/1954/1927 1027/1955/1928 1028/1952/1929
f 1027/1955/1928 1710/586/532 1025/588/534
f 953/508/462 1711/1956/1925 1709/506/460
f 956/1879/1852 1712/1954/1930 1711/1951/1925
f 955/1878/1857 1713/1957/1931 1712/1954/1927
f 1713/1957/1931 952/548/497 1710/586/532
f 1042/1228/1185 1716/1958/1932 1053/1226/1183
f 1053/1226/1183 1717/1959/1933 1054/1219/1174
f 1054/1219/1174 1718/1960/1934 1044/1215/1170
f 1044/1215/1170 1715/652/589 1040/707/635
f 1714/677/608 1037/1961/1935 1716/1958/1932
f 1716/1958/1932 1038/1962/1936 1717/1959/1933
f 1717/1959/1933 1039/1963/1937 1718/1960/1934
f 1718/1960/1934 1036/1964/542 1715/652/589
f 1719/678/609 1032/1946/1920 1030/662/596
f 1721/1965/1938 1033/1947/1939 1032/1946/1920
f 1722/1966/1940 1034/1967/1941 1033/1947/1922
f 1723/1968/1942 1031/590/536 1034/1969/1941
f 1042/1228/1185 1721/1965/1938 1719/678/609
f 1055/1227/1184 1722/1966/1943 1721/1965/1938
f 1049/1230/1944 1723/1970/1942 1722/1966/1940
f 1048/1971/1179 1720/598/544 1723/1968/1942
f 1724/680/611 1037/1961/1935 1035/679/610
f 1726/1972/1945 1038/1973/1936 1037/1974/1935
f 1727/1975/1946 1039/1976/1937 1038/1973/1936
f 1039/1976/1937 1725/594/540 1036/596/542
f 1026/708/636 1726/1977/1945 1724/680/611
f 1029/1953/1924 1727/1975/1947 1726/1972/1945
f 1028/1952/1929 1728/1978/1948 1727/1975/1946
f 1027/1955/1928 1725/594/540 1728/1978/1948
f 1729/676/607 1082/1979/1949 1079/603/547
f 1731/1980/1950 1081/1981/1951 1082/1979/1949
f 1732/1982/1952 1080/1983/1953 1081/1981/1951
f 1733/1984/1954 1078/719/647 1080/1983/1953
f 1063/623/565 1731/1980/1950 1729/676/607
f 1065/1985/1955 1732/1982/1952 1731/1980/1950
f 1066/1986/1956 1733/1984/1954 1732/1982/1952
f 1067/1987/1957 1730/718/646 1733/1984/1954
f 1084/617/559 1736/1988/1958 1087/1989/1959
f 1087/1989/1959 1737/1990/1960 1086/1991/1961
f 1086/1991/1961 1738/1992/1962 1085/1993/1963
f 1085/1993/1963 1735/657/592 1083/660/595
f 1734/616/558 1070/1994/1964 1736/1988/1958
f 1736/1988/1958 1071/1995/1965 1737/1990/1960
f 1737/1990/1960 1072/1996/1966 1738/1992/1962
f 1738/1992/1962 1069/658/593 1735/657/592
f 1059/613/555 1741/1997/1967 1062/1998/1968
f 1062/1998/1968 1742/1999/1969 1061/2000/1970
f 1061/2001/1970 1743/2002/1971 1060/2003/1972
f 1060/2004/1972 1740/674/606 1058/638/578
f 1739/604/548 1082/1979/1949 1741/1997/1967
f 1741/1997/1967 1081/1981/1951 1742/1999/1969
f 1742/2005/1969 1080/2006/1953 1743/2002/1971
f 1743/2007/1971 1078/719/647 1740/674/606
f 1744/618/560 1077/2008/1973 1074/659/594
f 1746/2009/1974 1076/2010/1975 1077/2008/1973
f 1747/2011/1976 1075/2012/1977 1076/2010/1975
f 1748/2013/1978 1073/712/640 1075/2012/1977
f 1084/617/559 1746/2009/1974 1744/618/560
f 1087/1989/1959 1747/2011/1976 1746/2009/1974
f 1086/1991/1961 1748/2013/1978 1747/2011/1976
f 1085/1993/1963 1745/695/623 1748/2013/1978
f 1749/609/552 1092/2014/1979 1089/689/618
f 1751/2015/1980 1091/2016/1981 1092/2014/1979
f 1752/2017/1982 1090/2018/1983 1091/2016/1981
f 1753/2019/1984 1088/610/553 1090/2018/1983
f 1074/659/594 1751/2015/1980 1749/609/552
f 1077/2008/1973 1752/2017/1982 1751/2015/1980
f 1076/2010/1975 1753/2019/1984 1752/2017/1982
f 1075/2012/1977 1750/626/568 1753/2019/1984
f 1754/624/566 1065/1985/1955 1063/623/565
f 1756/2020/1985 1066/1986/1956 1065/1985/1955
f 1757/2021/1986 1067/1987/1957 1066/1986/1956
f 1758/2022/1987 1064/717/645 1067/1987/1957
f 1093/629/570 1756/2020/1985 1754/624/566
f 1095/2023/1988 1757/2021/1986 1756/2020/1985
f 1096/2024/1989 1758/2022/1987 1757/2021/1986
f 1097/2025/1990 1755/606/550 1758/2022/1987
f 1759/630/571 1095/2023/1988 1093/629/570
f 1761/2026/1991 1096/2024/1989 1095/2023/1988
f 1762/2027/1992 1097/2025/1990 1096/2024/1989
f 1763/2028/1993 1094/672/604 1097/2025/1990
f 1103/634/574 1761/2026/1991 1759/630/571
f 1105/2029/1994 1762/2027/1992 1761/2026/1991
f 1106/2030/1995 1763/2028/1993 1762/2027/1992
f 1107/2031/1996 1760/713/641 1763/2028/1993
f 1764/625/567 1102/2032/1997 1099/715/643
f 1766/2033/1998 1101/2034/1999 1102/2032/1997
f 1767/2035/2000 1100/2036/2001 1101/2034/1999
f 1768/2037/2002 1098/633/573 1100/2036/2001
f 1089/689/618 1766/2033/1998 1764/625/567
f 1092/2014/1979 1767/2035/2000 1766/2033/1998
f 1091/2016/1981 1768/2037/2002 1767/2035/2000
f 1090/2018/1983 1765/612/554 1768/2037/2002
f 1126/716/644 1771/2038/2003 1129/2039/2004
f 1129/2039/2004 1772/2040/2005 1128/2041/2006
f 1128/2041/2006 1773/2042/2007 1127/2043/2008
f 1127/2043/2008 1770/703/631 1125/705/633
f 1769/671/603 1111/1232/1190 1771/2038/2003
f 1771/2038/2003 1121/1236/1194 1772/2040/2005
f 1772/2040/2005 1120/1242/1202 1773/2042/2007
f 1773/2042/2007 1110/704/632 1770/703/631
f 1774/636/576 1105/2029/1994 1103/634/574
f 1776/2044/2009 1106/2030/1995 1105/2029/1994
f 1777/2045/2010 1107/2031/1996 1106/2030/1995
f 1778/2046/2011 1104/710/638 1107/2031/1996
f 1126/716/644 1776/2044/2009 1774/636/576
f 1129/2039/2004 1777/2045/2010 1776/2044/2009
f 1128/2041/2006 1778/2046/2011 1777/2045/2010
f 1127/2043/2008 1775/690/619 1778/2046/2011
f 1779/631/572 1115/1240/1198 1109/637/577
f 1781/2047/2012 1116/1245/1205 1115/1240/1198
f 1782/2048/2013 1122/1243/1203 1116/1245/1205
f 1783/2049/2014 1110/704/632 1122/1243/1203
f 1099/715/643 1781/2047/2012 1779/631/572
f 1102/2032/1997 1782/2048/2013 1781/2047/2012
f 1101/2034/1999 1783/2049/2014 1782/2048/2013
f 1100/2036/2001 1780/702/630 1783/2049/2014
f 1068/620/562 1786/2050/2015 1070/1994/1964
f 1070/1994/1964 1787/2051/2016 1071/1995/1965
f 1071/1995/1965 1788/2052/2017 1072/1996/1966
f 1072/1996/1966 1785/697/625 1069/658/593
f 1784/641/579 1137/2053/2018 1786/2050/2015
f 1786/2050/2015 1138/2054/2019 1787/2051/2016
f 1787/2051/2016 1139/2055/2020 1788/2052/2017
f 1788/2052/2017 1136/664/598 1785/697/625
f 1131/643/581 1791/2056/2021 1134/2057/2022
f 1134/2057/2022 1792/2058/2023 1133/2059/2024
f 1133/2060/2024 1793/2061/2025 1132/2062/2026
f 1132/2063/2026 1790/647/584 1130/646/583
f 1789/614/556 1062/1998/1968 1791/2056/2021
f 1791/2056/2021 1061/2000/1970 1792/2058/2023
f 1792/2064/2023 1060/2003/1972 1793/2061/2025
f 1793/2065/2025 1058/638/578 1790/647/584
f 1794/656/591 1148/1248/1209 1145/709/637
f 1796/2066/2027 1149/1258/1219 1148/1248/1209
f 1797/2067/2028 1155/1259/1215 1149/1258/1219
f 1798/2068/2029 1146/2069/1216 1155/1259/1215
f 1140/655/587 1796/2066/2027 1794/656/591
f 1142/2070/2030 1797/2067/2028 1796/2066/2027
f 1143/2071/2031 1798/2068/2029 1797/2067/2028
f 1144/2072/2032 1795/684/615 1798/2073/2029
f 1135/642/580 1801/2074/2033 1137/2053/2018
f 1137/2053/2018 1802/2075/2034 1138/2054/2019
f 1138/2054/2019 1803/2076/2035 1139/2055/2020
f 1139/2055/2020 1800/683/614 1136/664/598
f 1799/648/585 1159/1263/1223 1801/2074/2033
f 1801/2074/2033 1154/1255/1217 1802/2075/2034
f 1802/2075/2034 1153/1252/1214 1803/2076/2035
f 1803/2076/2035 1146/1254/1216 1800/683/614
f 1140/650/587 1806/2077/2036 1142/2078/2030
f 1142/2070/2030 1807/2079/2037 1143/2071/2031
f 1143/2071/2031 1808/2080/2038 1144/2081/2032
f 1144/2072/2032 1805/682/613 1141/681/612
f 1804/644/582 1134/2057/2022 1806/2077/2036
f 1806/2082/2036 1133/2060/2024 1807/2079/2037
f 1807/2079/2037 1132/2062/2026 1808/2080/2038
f 1808/2083/2038 1130/646/583 1805/682/613
f 1147/649/586 1811/2084/2039 1158/2085/1224
f 1158/1247/2040 1810/706/634 1145/709/2041
f 1809/599/545 1050/2086/2042 1811/2084/2039
f 1811/2087/2043 1050/2088/2043 1043/1216/2044
f 1811/2089/2045 1040/707/635 1810/706/634
f 1004/580/527 1814/2090/2046 1016/2091/2047
f 1016/1202/2048 1814/2092/2048 1007/1198/2048
f 1814/2093/2049 1002/2094/1147 1007/2095/2050
f 1812/579/526 1117/1239/1197 1814/2090/2046
f 1117/2096/2051 1813/668/600 1814/2093/2049
f 509/1548/1515 510/2097/1519 1819/1549/2052
f 485/1535/2053 486/2098/2053 1815/1533/2053
f 441/1516/2054 442/2099/2054 1817/1514/2055
f 434/1530/2056 1816/813/2057 433/2100/2056
f 453/1517/2058 452/833/2058 454/2101/2058
f 463/1541/2059 1818/843/2060 464/2102/2060
f 212/18/15 1218/164/140 102/19/16
f 231/29/25 22/28/24 108/36/32
f 1198/37/33 108/36/32 23/38/34
f 241/39/35 23/38/34 115/45/40
f 10/73/65 313/190/164 1268/74/66
f 24/76/67 323/127/110 1262/77/68
f 337/78/69 8/95/65 98/79/65
f 15/83/73 103/87/77 1247/84/74
f 15/83/73 333/85/75 1257/86/76
f 103/87/77 14/20/17 317/88/78
f 22/28/24 338/157/134 1277/93/83
f 1263/94/84 97/75/65 8/95/65
f 23/38/34 348/187/162 1292/99/88
f 1278/80/70 98/79/65 11/100/65
f 115/45/40 1292/99/88 358/105/93
f 307/106/94 1253/142/122 96/107/65
f 14/20/17 102/19/16 1297/109/95
f 102/19/16 13/60/54 384/110/96
f 100/113/65 12/134/65 379/114/99
f 13/60/54 110/59/53 1312/116/101
f 110/59/53 1322/67/61 396/117/102
f 7/108/65 96/107/65 1248/125/108
f 109/22/19 1257/86/76 323/127/110
f 96/107/65 9/143/65 332/128/111
f 385/132/114 1313/151/130 101/133/65
f 97/75/65 1268/74/66 343/140/120
f 226/21/18 1168/119/104 103/87/77
f 1253/142/122 327/192/166 9/143/65
f 101/133/65 1308/152/131 390/149/128
f 1313/151/130 395/787/719 1308/152/131
f 114/11/9 1262/77/68 338/157/134
f 11/100/65 353/181/157 1288/158/135
f 95/162/65 1258/163/139 332/128/111
f 10/73/65 322/183/159 1258/163/139
f 1218/164/140 280/58/52 13/60/54
f 7/108/65 100/113/65 1303/115/100
f 1355/165/141 137/210/184 1445/166/142
f 1298/168/144 385/132/114 12/134/65
f 1293/173/149 99/159/136 1283/174/150
f 99/159/136 1288/158/135 374/176/152
f 17/57/51 104/55/49 1302/82/72
f 12/134/65 101/133/65 1318/150/129
f 98/79/65 1273/184/160 353/181/157
f 322/183/159 10/73/65 97/75/65
f 8/95/65 343/140/120 1273/184/160
f 108/36/32 1277/93/83 348/187/162
f 313/190/164 10/73/65 95/162/65
f 1243/191/165 95/162/65 9/143/65
f 347/101/89 11/100/65 99/159/136
f 318/126/109 1298/168/144 100/113/65
f 435/209/183 1470/281/255 137/210/184
f 447/216/190 1365/315/289 124/217/191
f 1406/222/196 132/335/309 1411/223/197
f 27/227/201 532/260/234 1348/228/202
f 1361/236/210 412/804/739 1446/237/211
f 413/244/218 28/273/247 122/245/219
f 446/247/221 1450/308/282 134/248/222
f 514/249/223 1347/289/263 121/250/224
f 447/216/190 29/218/192 123/257/231
f 27/227/201 122/245/219 1328/259/233
f 28/273/247 123/257/231 1343/274/248
f 29/218/192 513/280/254 1343/274/248
f 29/218/192 124/217/191 1348/228/202
f 1470/281/255 584/966/904 1401/282/256
f 1338/288/262 121/250/224 1347/289/263
f 28/273/247 547/275/249 1328/259/233
f 30/252/226 548/254/228 1342/296/270
f 32/232/206 126/297/271 1342/296/270
f 33/239/213 128/255/229 1329/261/235
f 120/238/212 1446/237/211 603/305/279
f 436/314/288 27/227/201 124/217/191
f 445/316/290 1361/236/210 120/238/212
f 1451/317/291 120/238/212 1405/306/280
f 137/210/184 1401/282/256 601/319/293
f 413/244/218 1360/258/232 123/257/231
f 436/314/288 1356/246/220 122/245/219
f 1411/223/197 132/335/309 1400/332/306
f 602/334/308 1400/332/306 132/335/309
f 333/85/75 1247/84/74 1249/1398/1353
f 335/1401/1356 1250/1400/1355 1251/1402/1357
f 309/1412/1367 1256/1411/1366 1253/142/122
f 1264/1420/1375 1265/1422/1377 340/1421/1376
f 1281/1442/1397 1278/80/70 347/101/89
f 348/187/162 351/1437/1392 1294/1453/1407
f 349/1441/1396 347/101/89 1293/173/149
f 317/88/78 1297/109/95 1299/1456/1410
f 1301/1458/1412 388/1461/1415 385/132/114
f 387/1460/1414 1315/1477/1429 1316/1478/1430
f 1314/1476/1428 408/793/726 403/788/720
f 550/933/869 547/275/249 1343/274/248
f 1347/1504/263 1349/1505/1461 538/926/859
f 1349/1505/1461 1350/1507/1464 539/932/1462
f 1350/1506/1463 1348/228/202 532/260/234
f 1347/1504/263 514/906/223 524/908/839
f 1349/1505/1461 524/908/839 517/901/843
f 1350/1506/1463 516/899/831 513/280/254
f 435/209/183 1355/165/141 1357/1512/1469
f 1817/1514/1472 1358/1513/1471 1359/1515/1473
f 411/167/143 416/796/731 1357/1512/1469
f 424/799/734 423/808/742 1359/1515/1473
f 1360/258/232 1362/1518/1476 453/1517/1475
f 1362/1518/1476 1363/1519/1478 452/833/1477
f 1363/1519/1478 1364/1520/1480 449/831/1479
f 1364/1520/1480 1361/236/210 445/316/290
f 1360/258/232 413/244/218 423/809/742
f 1363/1519/1478 420/805/740 419/802/737
f 1367/1522/1481 1368/1523/1483 442/828/1482
f 1369/1524/1484 1366/233/207 437/235/209
f 1368/1523/1483 452/1526/1485 451/836/1486
f 589/968/906 1404/1558/1525 1401/282/256
f 1400/1559/306 602/993/308 611/992/932
f 1402/1556/1523 611/992/932 605/986/926
f 1403/1557/1524 605/986/926 604/984/924
f 1404/1558/1525 604/984/924 601/319/293
f 1405/306/280 1407/1560/1526 622/1003/941
f 603/305/279 616/999/937 1407/1560/1526
f 616/999/937 610/994/933 1408/1561/1527
f 1222/1/1 93/70/2 1/2/2
f 1173/4/4 221/182/158 20/5/5
f 89/7/2 1167/61/55 227/8/7
f 216/10/8 24/76/67 114/11/9
f 4/13/2 90/43/2 1187/14/11
f 201/16/13 1173/4/4 106/6/6
f 226/21/18 15/83/73 109/22/19
f 3/9/2 88/27/2 1162/24/21
f 1177/26/23 217/160/137 4/13/2
f 1183/12/10 114/11/9 22/28/24
f 1193/30/26 105/96/85 19/31/27
f 1188/33/29 117/90/80 26/34/30
f 1208/40/36 113/50/45 18/41/37
f 90/43/2 2/156/2 236/44/39
f 1213/46/41 115/45/40 1325/47/42
f 269/49/44 25/103/91 113/50/45
f 91/51/2 5/153/2 246/52/46
f 1223/54/48 201/16/13 16/17/14
f 274/56/50 1223/54/48 104/55/49
f 280/58/52 1233/66/60 110/59/53
f 1/2/2 211/193/167 1167/61/55
f 1238/62/56 274/56/50 17/57/51
f 285/64/58 1238/62/56 112/63/57
f 1233/66/60 290/748/679 1322/67/61
f 6/68/2 279/130/112 1217/69/62
f 106/6/6 20/5/5 328/71/63
f 104/55/49 16/17/14 308/81/71
f 116/89/79 1242/144/123 328/71/63
f 117/90/80 1267/92/82 312/91/81
f 19/31/27 342/97/86 1267/92/82
f 105/96/85 1272/98/87 342/97/86
f 18/41/37 352/102/90 1272/98/87
f 113/50/45 1287/104/92 352/102/90
f 25/103/91 375/189/163 1287/104/92
f 112/63/57 17/57/51 380/111/97
f 21/65/59 112/63/57 1317/112/98
f 1168/119/104 212/18/15 14/20/17
f 1228/120/105 285/1376/58 21/121/59
f 107/122/106 21/121/59 389/123/103
f 227/8/7 1177/26/23 88/27/2
f 1178/23/20 109/22/19 24/76/67
f 94/129/2 1232/146/125 279/130/112
f 202/3/3 1/2/2 89/7/2
f 16/17/14 106/6/6 1252/72/64
f 237/32/28 19/31/27 117/90/80
f 1203/135/115 251/722/650 1326/136/116
f 111/137/117 1326/136/116 357/138/118
f 207/35/31 26/34/30 116/89/79
f 26/34/30 312/91/81 1242/144/123
f 1227/145/124 291/757/688 1232/146/125
f 284/147/126 1227/145/124 94/129/2
f 5/153/2 92/169/145 1207/154/132
f 1182/155/133 232/161/138 2/156/2
f 217/160/137 1182/155/133 90/43/2
f 232/161/138 1197/186/161 91/51/2
f 92/169/145 1202/172/148 270/170/146
f 1212/171/147 252/732/660 1202/172/148
f 1228/120/105 107/122/106 1323/177/153
f 275/179/155 6/68/2 93/70/2
f 107/122/106 1307/124/107 394/180/156
f 247/42/38 18/41/37 105/96/85
f 1237/148/127 94/129/2 6/68/2
f 2/156/2 91/51/2 1192/53/47
f 1163/141/121 116/89/79 20/5/5
f 1203/185/115 111/188/117 25/103/91
f 1197/186/161 242/194/168 5/153/2
f 111/188/117 1282/2103/119 375/189/163
f 1172/131/113 89/7/2 3/9/2
f 88/27/2 4/13/2 206/15/12
f 93/70/2 1217/69/62 211/193/167
f 242/194/168 1212/171/147 92/169/145
f 457/195/169 1395/340/314 130/196/170
f 503/198/172 1480/1623/1611 136/199/173
f 136/199/173 1480/1623/1611 725/201/175
f 709/203/177 1436/328/302 131/204/178
f 481/206/180 32/232/206 127/207/181
f 138/211/185 1458/1602/1574 671/212/186
f 1431/205/179 131/204/178 1441/214/188
f 426/219/193 1370/298/272 135/220/194
f 1475/225/199 636/1021/962 1416/226/200
f 31/229/203 127/207/181 1352/230/204
f 32/232/206 515/299/273 1352/230/204
f 1366/233/207 134/248/222 1471/234/208
f 33/239/213 549/301/275 1334/240/214
f 34/197/171 130/196/170 1339/242/216
f 30/252/226 125/277/251 1333/253/227
f 457/195/169 34/197/171 128/255/229
f 34/197/171 200/243/217 1329/261/235
f 1375/262/236 138/211/185 1474/263/237
f 427/265/239 1455/1601/1573 119/266/240
f 35/268/242 568/269/243 1339/242/216
f 35/268/242 129/241/215 1334/240/214
f 482/270/244 1381/267/241 119/266/240
f 480/272/246 1458/1602/1574 138/211/185
f 428/276/250 31/229/203 125/277/251
f 490/279/253 1385/256/230 128/255/229
f 1391/200/174 136/199/173 1461/283/257
f 1396/285/259 456/844/780 1466/286/260
f 505/291/265 1396/285/259 139/287/261
f 1386/293/267 489/874/808 1462/294/268
f 31/229/203 566/231/205 1333/253/227
f 1370/298/272 465/851/788 1475/225/199
f 1351/251/225 121/250/224 1338/288/262
f 1461/283/257 136/199/173 1435/202/176
f 139/287/261 1440/304/278 726/303/277
f 1466/286/260 691/1084/1026 1440/304/278
f 134/248/222 1410/309/283 585/307/281
f 1450/308/282 621/1014/954 1410/309/283
f 119/266/240 1455/1601/1573 656/310/284
f 1474/263/237 138/211/185 1421/213/187
f 1459/271/245 119/266/240 1425/311/285
f 428/276/250 1380/208/182 127/207/181
f 466/320/294 1371/278/252 125/277/251
f 638/321/295 1420/337/311 133/322/296
f 1415/323/297 133/322/296 1426/324/298
f 490/279/253 33/239/213 129/241/215
f 504/327/301 1390/326/300 129/241/215
f 1441/214/188 131/204/178 1436/328/302
f 118/295/269 1462/294/268 707/330/304
f 466/320/294 30/252/226 126/297/271
f 481/206/180 1376/336/310 126/297/271
f 1426/324/298 133/322/296 1420/337/311
f 135/220/194 1416/226/200 654/339/313
f 504/327/301 35/268/242 130/196/170
f 455/341/315 1386/293/267 118/295/269
f 118/295/269 1430/331/305 689/343/317
f 1543/344/318 145/413/319 36/345/319
f 1494/347/321 762/523/477 55/348/322
f 141/350/319 1488/404/372 768/351/324
f 757/353/325 59/419/384 166/354/326
f 39/356/319 142/386/319 1508/357/328
f 742/359/330 1494/347/321 158/349/323
f 753/361/332 1539/505/459 154/362/333
f 767/364/335 50/426/390 161/365/336
f 38/352/319 140/370/319 1483/367/338
f 1498/369/340 758/501/456 39/356/319
f 1504/355/327 166/354/326 57/371/341
f 1514/373/343 157/439/402 54/374/344
f 1509/376/346 169/433/397 61/377/347
f 772/372/342 57/371/341 160/379/349
f 1519/380/350 160/379/349 58/381/351
f 1529/383/353 165/393/362 53/384/354
f 142/386/319 37/497/319 777/387/356
f 782/382/352 58/381/351 167/388/357
f 1534/389/358 167/388/357 1646/390/359
f 810/392/361 60/446/409 165/393/362
f 143/394/319 40/494/450 787/395/363
f 1544/397/365 742/359/330 51/360/331
f 815/399/367 1544/397/365 156/398/366
f 821/401/369 1554/409/377 162/402/370
f 36/345/319 752/534/486 1488/404/372
f 1559/405/373 815/399/367 52/400/368
f 826/407/375 1559/405/373 164/406/374
f 1554/409/377 831/1151/1096 1643/410/378
f 41/411/319 820/471/430 1538/412/379
f 158/349/323 55/348/322 869/414/380
f 45/416/382 854/531/483 1589/417/383
f 59/419/384 864/468/428 1583/420/385
f 878/421/386 43/438/382 150/422/382
f 156/398/366 51/360/331 849/424/388
f 50/426/390 155/430/394 1568/427/391
f 50/426/390 874/428/392 1578/429/393
f 155/430/394 49/363/334 858/431/395
f 168/432/396 1563/485/441 869/414/380
f 169/433/397 1588/435/399 853/434/398
f 54/374/344 883/440/403 1588/435/399
f 57/371/341 879/498/453 1598/436/400
f 1584/437/401 149/418/382 43/438/382
f 157/439/402 1593/441/404 883/440/403
f 53/384/354 893/445/408 1593/441/404
f 58/381/351 889/528/481 1613/442/405
f 1599/423/387 150/422/382 46/443/406
f 165/393/362 1608/447/410 893/445/408
f 60/446/409 916/530/482 1608/447/410
f 167/388/357 1613/442/405 899/448/411
f 848/449/412 1574/483/440 148/450/382
f 49/363/334 154/362/333 1618/452/413
f 154/362/333 48/403/371 925/453/414
f 164/406/374 52/400/368 921/454/415
f 152/456/382 47/475/382 920/457/417
f 48/403/371 162/402/370 1633/459/419
f 162/402/370 1643/410/378 937/460/420
f 56/408/376 164/406/374 1638/455/416
f 1489/462/422 753/361/332 49/363/334
f 1549/463/423 826/407/375 56/408/376
f 159/464/424 56/408/376 930/461/421
f 42/451/382 148/450/382 1569/466/426
f 768/351/324 1498/369/340 140/370/319
f 1499/366/337 161/365/336 59/419/384
f 161/365/336 1578/429/393 864/468/428
f 148/450/382 44/484/382 873/469/429
f 146/470/319 1553/487/443 820/471/430
f 743/346/320 36/345/319 141/350/319
f 51/360/331 158/349/323 1573/415/381
f 926/473/432 1634/492/448 153/474/382
f 778/375/345 54/374/344 169/433/397
f 1524/476/433 792/1121/1067 1647/477/434
f 163/478/435 1647/477/434 898/479/436
f 149/418/382 1589/417/383 884/481/438
f 748/378/348 61/377/347 168/432/396
f 767/364/335 1489/462/422 155/430/394
f 1574/483/440 868/533/485 44/484/382
f 61/377/347 853/434/398 1563/485/441
f 1548/486/442 832/1160/1105 1553/487/443
f 825/488/444 1548/486/442 146/470/319
f 153/474/382 1629/493/449 931/490/446
f 1634/492/448 936/1188/1136 1629/493/449
f 40/494/450 144/510/464 1528/495/451
f 1503/496/452 773/502/457 37/497/319
f 166/354/326 1583/420/385 879/498/453
f 46/443/406 894/522/476 1609/499/454
f 758/501/456 1503/496/452 142/386/319
f 773/502/457 1518/527/480 143/394/319
f 147/503/382 1579/504/458 873/469/429
f 45/416/382 863/524/478 1579/504/458
f 1539/505/459 821/401/369 48/403/371
f 42/451/382 152/456/382 1624/458/418
f 1709/506/460 175/602/461 62/507/461
f 1619/509/463 926/473/432 47/475/382
f 144/510/464 1523/513/467 811/511/465
f 1533/512/466 793/1131/1077 1523/513/467
f 1614/514/468 151/500/455 1604/515/469
f 151/500/455 1609/499/454 915/517/471
f 1549/463/423 159/464/424 1644/518/472
f 816/520/474 41/411/319 145/413/319
f 52/400/368 156/398/366 1623/425/389
f 159/464/424 1628/465/425 935/521/475
f 788/385/355 53/384/354 157/439/402
f 1558/489/445 146/470/319 41/411/319
f 47/475/382 153/474/382 1639/491/447
f 150/422/382 1594/525/479 894/522/476
f 37/497/319 143/394/319 1513/396/364
f 1484/482/439 168/432/396 55/348/322
f 863/524/478 45/416/382 149/418/382
f 43/438/382 884/481/438 1594/525/479
f 1524/526/433 163/529/435 60/446/409
f 1518/527/480 783/535/487 40/494/450
f 160/379/349 1598/436/400 889/528/481
f 163/529/435 1603/2104/437 916/530/482
f 1493/472/431 141/350/319 38/352/319
f 140/370/319 39/356/319 747/358/329
f 854/531/483 45/416/382 147/503/382
f 1564/532/484 147/503/382 44/484/382
f 145/413/319 1538/412/379 752/534/486
f 783/535/487 1533/512/466 144/510/464
f 888/444/407 46/443/406 151/500/455
f 859/467/427 1619/509/463 152/456/382
f 1660/536/488 972/711/639 81/537/489
f 171/539/461 1654/593/539 978/540/491
f 967/542/492 85/608/551 196/543/493
f 65/545/461 172/575/461 1674/546/495
f 952/548/497 1660/536/488 188/538/490
f 963/550/499 1705/696/624 184/551/500
f 977/553/502 76/615/557 191/554/503
f 64/541/461 170/559/461 1649/556/505
f 1664/558/507 968/692/621 65/545/461
f 1670/544/494 196/543/493 83/560/508
f 1680/562/510 187/628/569 80/563/511
f 1675/565/513 199/622/564 87/566/514
f 982/561/509 83/560/508 190/568/516
f 1685/569/517 190/568/516 84/570/518
f 1695/572/520 195/582/529 79/573/521
f 172/575/461 63/688/461 987/576/523
f 992/571/519 84/570/518 197/577/524
f 1700/578/525 197/577/524 1812/579/526
f 1020/581/528 86/635/575 195/582/529
f 173/583/461 66/685/461 997/584/530
f 1710/586/532 952/548/497 77/549/498
f 1025/588/534 1710/586/532 186/587/533
f 1031/590/536 1720/598/544 192/591/537
f 62/507/461 962/720/648 1654/593/539
f 1725/594/540 1025/588/534 78/589/535
f 1036/596/542 1725/594/540 194/595/541
f 1720/598/544 1041/2105/1176 1809/599/545
f 67/600/461 1030/662/596 1704/601/546
f 188/538/490 81/537/489 1079/603/547
f 71/605/549 1064/717/645 1755/606/550
f 85/608/551 1074/659/594 1749/609/552
f 1088/610/553 69/627/549 180/611/549
f 186/587/533 77/549/498 1059/613/555
f 76/615/557 185/619/561 1734/616/558
f 76/615/557 1084/617/559 1744/618/560
f 185/619/561 75/552/501 1068/620/562
f 198/621/563 1729/676/607 1079/603/547
f 199/622/564 1754/624/566 1063/623/565
f 80/563/511 1093/629/570 1754/624/566
f 83/560/508 1089/689/618 1764/625/567
f 1750/626/568 179/607/549 69/627/549
f 187/628/569 1759/630/571 1093/629/570
f 79/573/521 1103/634/574 1759/630/571
f 84/570/518 1099/715/643 1779/631/572
f 1765/612/554 180/611/549 72/632/549
f 195/582/529 1774/636/576 1103/634/574
f 86/635/575 1126/716/644 1774/636/576
f 197/577/524 1779/631/572 1109/637/577
f 1058/638/578 1740/674/606 178/639/549
f 75/552/501 184/551/500 1784/641/579
f 184/551/500 74/592/538 1135/642/580
f 194/595/541 78/589/535 1131/643/581
f 182/645/549 73/666/549 1130/646/583
f 74/592/538 192/591/537 1799/648/585
f 192/591/537 1809/599/545 1147/649/586
f 82/597/543 194/595/541 1804/644/582
f 1655/651/588 963/550/499 75/552/501
f 1715/652/589 1036/1964/542 82/653/543
f 189/654/590 82/653/543 1140/655/587
f 68/640/549 178/639/549 1735/657/592
f 978/540/491 1664/558/507 170/559/461
f 1665/555/504 191/554/503 85/608/551
f 191/554/503 1744/618/560 1074/659/594
f 178/639/549 70/675/549 1083/660/595
f 176/661/461 1719/678/609 1030/662/596
f 953/508/462 62/507/461 171/539/461
f 77/549/498 188/538/490 1739/604/548
f 1136/664/598 1800/683/614 183/665/549
f 988/564/512 80/563/511 199/622/564
f 1690/667/599 1002/2094/1147 1813/668/600
f 193/669/601 1813/668/600 1108/670/602
f 179/607/549 1755/606/550 1094/672/604
f 958/567/515 87/566/514 198/621/563
f 977/553/502 1655/651/588 185/619/561
f 1740/674/606 1078/719/647 70/675/549
f 87/566/514 1063/623/565 1729/676/607
f 1714/677/608 1042/1228/1185 1719/678/609
f 1035/679/610 1714/677/608 176/661/461
f 183/665/549 1795/684/615 1141/681/612
f 1800/683/614 1146/1254/1216 1795/684/615
f 66/685/461 174/698/626 1694/686/616
f 1669/687/617 983/693/622 63/688/461
f 196/543/493 1749/609/552 1089/689/618
f 72/632/549 1104/710/638 1775/690/619
f 968/692/621 1669/687/617 172/575/461
f 983/693/622 1684/714/642 173/583/461
f 177/694/549 1745/695/623 1083/660/595
f 71/605/549 1073/712/640 1745/695/623
f 1705/696/624 1031/590/536 74/592/538
f 68/640/549 182/645/549 1790/647/584
f 1785/697/625 1136/664/598 73/666/549
f 174/698/626 1689/701/629 1021/699/627
f 1699/700/628 1003/1206/1157 1689/701/629
f 1780/702/630 181/691/620 1770/703/631
f 181/691/620 1775/690/619 1125/705/633
f 1715/652/589 189/654/590 1810/706/634
f 1026/708/636 67/600/461 175/602/461
f 78/589/535 186/587/533 1789/614/556
f 189/654/590 1794/656/591 1145/709/637
f 998/574/522 79/573/521 187/628/569
f 1724/680/611 176/661/461 67/600/461
f 73/666/549 183/665/549 1805/682/613
f 180/611/549 1760/713/641 1104/710/638
f 63/688/461 173/583/461 1679/585/531
f 1650/673/605 198/621/563 81/537/489
f 1073/712/640 71/605/549 179/607/549
f 69/627/549 1094/672/604 1760/713/641
f 1690/667/599 193/669/601 86/635/575
f 1684/714/642 993/721/649 66/685/461
f 190/568/516 1764/625/567 1099/715/643
f 193/669/601 1769/671/603 1126/716/644
f 1659/663/597 171/539/461 64/541/461
f 170/559/461 65/545/461 957/547/496
f 1064/717/645 71/605/549 177/694/549
f 1730/718/646 177/694/549 70/675/549
f 175/602/461 1704/601/546 962/720/648
f 993/721/649 1699/700/628 174/698/626
f 1098/633/573 72/632/549 181/691/620
f 1069/658/593 1785/697/625 182/645/549
f 251/722/650 254/725/653 257/723/651
f 254/725/653 255/735/663 258/726/654
f 256/724/652 257/723/651 268/727/655
f 257/723/651 258/726/654 259/729/657
f 260/730/658 263/734/662 262/731/659
f 261/733/661 264/736/664 263/734/662
f 263/734/662 258/726/654 255/735/663
f 264/736/664 259/729/657 258/726/654
f 253/48/43 265/1488/667 267/737/665
f 266/740/666 267/739/665 264/736/669
f 267/739/665 268/727/668 259/729/671
f 289/178/154 292/743/674 294/741/672
f 292/743/674 299/1485/2061 295/744/675
f 293/742/673 294/741/672 306/745/676
f 294/741/672 295/744/675 296/747/678
f 290/748/679 297/1383/682 300/749/680
f 297/751/682 298/759/1339 301/752/683
f 300/753/680 301/752/683 296/747/685
f 302/755/686 305/758/689 304/756/687
f 303/746/677 306/745/676 305/758/689
f 305/758/689 301/752/691 298/759/690
f 306/745/676 296/747/678 301/752/691
f 357/138/118 366/1490/694 361/760/692
f 360/765/693 361/764/692 373/766/696
f 361/764/692 362/763/2062 363/768/698
f 358/105/93 364/771/701 367/769/699
f 364/771/701 365/776/708 368/772/702
f 367/769/699 368/772/702 363/768/704
f 369/773/705 372/775/707 371/774/706
f 370/767/697 373/766/709 372/775/707
f 372/775/707 368/772/702 365/776/708
f 373/766/709 363/768/704 368/772/702
f 394/180/156 397/1468/712 399/777/710
f 397/779/712 398/790/722 400/780/713
f 399/781/710 400/780/713 401/783/715
f 402/785/717 405/789/721 404/786/718
f 403/788/720 406/791/723 405/789/721
f 405/789/721 400/780/724 398/790/722
f 406/791/723 401/783/729 400/780/724
f 396/117/102 407/1483/727 409/792/725
f 408/793/726 409/792/725 406/791/723
f 409/792/725 410/784/728 401/783/729
f 414/795/730 417/798/733 416/796/731
f 415/797/732 422/800/735 417/798/733
f 417/798/733 418/801/736 424/799/734
f 419/802/737 422/806/735 421/803/738
f 420/805/740 418/2106/736 422/806/735
f 424/799/734 418/801/736 425/807/741
f 425/807/741 418/2106/736 420/805/740
f 429/810/743 432/2107/2063 430/811/744
f 430/811/744 432/2107/2063 431/812/746
f 433/816/749 1816/2108/2064 431/812/750
f 438/818/752 444/821/2065 439/819/753
f 438/818/755 1817/827/762 440/820/756
f 448/830/764 451/2109/2066 449/831/765
f 449/831/765 451/2109/2066 450/832/767
f 458/838/774 462/841/2067 459/839/775
f 459/839/775 462/841/2067 460/842/778
f 462/847/783 464/1555/2068 1818/848/784
f 468/849/786 471/853/790 470/850/787
f 469/852/789 472/2110/792 471/853/790
f 471/853/790 479/856/793 477/854/791
f 474/857/794 472/2111/792 475/858/795
f 475/858/795 472/2110/792 469/852/789
f 476/861/797 479/863/793 478/862/798
f 479/863/793 472/2111/792 474/857/794
f 483/864/799 488/867/803 487/865/800
f 483/864/799 1815/2112/805 484/866/802
f 492/872/806 495/876/810 494/873/807
f 493/875/809 498/2113/819 495/876/810
f 497/881/814 498/2113/819 493/875/809
f 499/883/816 502/885/818 501/884/817
f 500/878/812 495/877/810 502/885/818
f 506/887/820 512/890/823 507/888/821
f 506/887/820 1819/896/2069 508/889/822
f 516/899/831 519/902/834 518/900/832
f 517/901/833 520/904/2070 519/902/834
f 519/902/834 521/905/837 528/903/835
f 514/906/223 522/909/840 525/907/838
f 522/909/840 523/915/1466 526/910/841
f 524/908/839 525/907/838 520/904/842
f 525/907/838 526/910/841 521/911/844
f 527/912/845 530/914/847 529/913/846
f 528/903/835 521/905/837 530/914/847
f 530/914/847 526/910/2071 523/915/848
f 200/243/217 533/919/853 535/916/850
f 1820/918/852 536/921/855 535/916/850
f 535/916/850 537/922/856 544/920/854
f 531/923/264 538/926/859 541/924/857
f 538/926/859 539/932/1462 542/927/860
f 540/925/858 541/924/857 536/921/861
f 541/924/857 542/927/860 537/928/863
f 543/929/864 546/931/866 545/930/865
f 544/920/854 537/922/856 546/931/866
f 546/931/866 542/927/2072 539/932/867
f 550/933/869 553/936/872 552/934/870
f 551/935/871 554/944/880 553/936/872
f 553/936/872 565/939/875 562/937/873
f 553/936/872 554/944/880 555/938/874
f 556/940/876 559/943/879 558/941/877
f 557/942/878 560/948/884 559/943/879
f 559/943/879 554/944/880 551/935/871
f 559/943/879 560/948/884 555/938/874
f 561/945/881 564/947/883 563/946/882
f 562/937/873 565/939/875 564/947/883
f 564/947/883 560/948/884 557/942/878
f 564/947/883 565/939/875 555/938/874
f 569/949/885 572/952/888 571/950/886
f 570/951/887 573/954/2073 572/952/888
f 572/952/888 574/955/891 581/953/889
f 567/956/274 575/959/894 578/957/892
f 575/959/894 576/965/1454 579/960/895
f 577/958/893 578/957/892 573/954/896
f 578/957/892 579/960/895 574/961/898
f 580/962/899 583/964/901 582/963/900
f 581/953/889 574/955/891 583/964/901
f 583/964/901 579/960/2074 576/965/902
f 584/966/904 587/970/1590 590/967/905
f 588/969/907 595/978/2075 590/967/908
f 589/968/906 590/967/908 596/971/910
f 590/967/908 595/978/2075 591/973/912
f 585/307/281 592/976/915 595/974/913
f 592/976/915 593/983/923 596/977/916
f 597/979/919 600/982/922 599/980/920
f 598/972/911 596/971/910 600/982/921
f 600/982/922 596/977/916 593/983/923
f 604/984/924 607/987/927 606/985/925
f 605/986/926 608/997/929 607/987/927
f 607/987/927 618/990/930 615/988/928
f 609/991/931 612/995/934 611/992/932
f 610/994/933 613/996/935 612/995/934
f 612/995/934 608/997/929 605/986/926
f 614/998/936 617/1000/938 616/999/937
f 615/988/928 618/990/930 617/1000/938
f 617/1000/938 613/996/935 610/994/933
f 618/990/930 608/989/929 613/996/935
f 619/318/292 622/1003/941 625/1001/939
f 622/1003/941 623/1013/953 631/1004/942
f 625/1001/943 635/1007/947 633/1005/944
f 625/1001/943 631/1004/942 626/1006/946
f 627/1008/948 630/1012/951 629/1009/949
f 628/1011/950 631/1018/958 630/1012/951
f 630/1012/952 631/1004/942 623/1013/953
f 621/1014/954 632/1017/1555 635/1015/955
f 634/1016/956 635/1015/955 631/1018/958
f 639/1019/960 642/1023/964 641/1020/961
f 640/1022/963 643/1025/966 642/1023/964
f 642/1023/964 653/1026/967 650/1024/965
f 643/1025/966 648/1031/972 653/1026/967
f 644/1027/968 647/1030/971 646/1028/969
f 645/1029/970 648/1036/972 647/1030/971
f 647/1030/971 643/1025/966 640/1022/963
f 649/1032/973 652/1035/975 651/1033/974
f 650/1024/965 653/1026/967 652/1035/975
f 652/1035/975 648/1036/972 645/1029/970
f 654/339/313 657/1039/978 660/1037/976
f 657/1039/978 658/1049/990 666/1040/979
f 660/1037/980 670/1043/984 668/1041/981
f 660/1037/980 666/1040/979 661/1042/983
f 662/1044/985 665/1048/988 664/1045/986
f 663/1047/987 666/1053/994 665/1048/988
f 665/1048/989 666/1040/979 658/1049/990
f 656/310/284 667/1052/1572 670/1050/991
f 669/1051/992 670/1050/991 666/1053/994
f 671/212/186 674/1056/1575 676/1054/996
f 674/1056/998 681/1604/1577 677/1057/999
f 675/1055/997 676/1054/996 688/1058/1000
f 676/1054/996 677/1057/999 678/1060/1002
f 672/313/287 679/1063/1005 682/1061/1003
f 679/1063/1005 680/1069/1011 683/1064/1006
f 682/1061/1003 683/1064/1006 678/1060/1002
f 684/1065/1008 687/1068/1010 686/1066/1009
f 685/1059/1001 688/1058/1000 687/1068/1010
f 687/1068/1010 683/1064/1006 680/1069/1011
f 688/1058/1000 678/1060/1002 683/1064/1006
f 689/343/317 692/1072/1014 695/1070/1012
f 692/1072/1014 693/1082/1024 696/1073/1015
f 694/1071/1016 695/1070/1012 706/1074/1017
f 695/1070/1012 696/1073/1015 697/1076/1019
f 698/1077/1020 701/1081/1023 700/1078/1021
f 699/1080/1022 702/1083/1025 701/1081/1023
f 701/1081/1023 696/1073/1015 693/1082/1024
f 702/1083/1025 697/1076/1019 696/1073/1015
f 691/1084/1026 703/1610/1029 705/1085/1027
f 704/1086/1028 705/1085/1027 702/1083/1025
f 705/1085/1027 706/1074/1030 697/1076/1019
f 710/1087/1031 713/1090/1034 712/1088/1032
f 711/1089/1033 714/1092/1036 713/1090/1034
f 713/1090/1034 724/1093/1037 721/1091/1035
f 714/1092/1036 719/1098/1042 724/1093/1037
f 715/1094/1038 718/1097/1041 717/1095/1039
f 716/1096/1040 719/1103/1042 718/1097/1041
f 718/1097/1041 714/1092/1036 711/1089/1033
f 720/1099/1043 723/1102/1045 722/1100/1044
f 721/1091/1035 724/1093/1037 723/1102/1045
f 723/1102/1045 719/1103/1042 716/1096/1040
f 725/201/175 728/1107/2076 731/1104/1046
f 729/1106/1048 736/1115/2077 731/1104/1049
f 730/1105/1047 731/1104/1049 737/1108/1051
f 731/1104/1049 736/1115/2077 732/1110/1053
f 726/303/277 733/1113/1056 736/1111/1054
f 733/1113/1056 734/1120/1066 737/1114/1057
f 738/1116/1062 741/1119/1065 740/1117/1063
f 739/1109/1052 737/1108/1051 741/1119/1064
f 741/1119/1065 737/1114/1057 734/1120/1066
f 792/1121/1067 795/1124/1070 798/1122/1068
f 795/1124/1070 796/1134/1080 799/1125/1071
f 797/1123/1069 798/1122/1068 809/1126/1072
f 798/1122/1068 799/1125/1071 800/1128/1074
f 801/1129/1075 804/1133/1079 803/1130/1076
f 802/1132/1078 805/1135/1081 804/1133/1079
f 804/1133/1079 799/1125/1071 796/1134/1080
f 805/1135/1081 800/1128/1074 799/1125/1071
f 794/391/360 806/1850/1084 808/1136/1082
f 807/1137/1083 808/1136/1082 805/1140/1086
f 808/1136/1082 809/1139/1085 800/1142/1088
f 830/1143/473 833/1146/1091 835/1144/1089
f 833/1146/1091 840/1847/2078 836/1147/1092
f 834/1145/1090 835/1144/1089 847/1148/1093
f 835/1144/1089 836/1147/1092 837/1150/1095
f 831/1151/1096 838/1154/1099 841/1152/1097
f 838/1154/1099 839/1742/1725 842/1155/1100
f 841/1152/1097 842/1155/1100 837/1157/1102
f 843/1158/1103 846/1161/1106 845/1159/1104
f 844/1149/1094 847/1148/1093 846/1161/1106
f 846/1161/1106 842/1163/1108 839/1162/1107
f 847/1148/1093 837/1150/1095 842/1163/1108
f 898/1164/436 901/2114/1111 903/1165/1109
f 902/1166/1110 903/1165/1109 914/1169/1113
f 903/1165/1109 904/1168/1112 905/1171/1115
f 899/448/411 906/1174/1118 908/1172/1116
f 906/1174/1118 907/1179/1126 909/1175/1119
f 908/1172/1116 909/1175/1119 905/1171/1121
f 910/1176/1123 913/1178/1125 912/1177/1124
f 911/1170/1114 914/1169/1127 913/1178/1125
f 913/1178/1125 909/1175/1119 907/1179/1126
f 914/1169/1127 905/1171/1121 909/1175/1119
f 935/521/475 938/1182/1130 941/1180/1128
f 938/1182/1130 939/1191/1139 942/1183/1131
f 941/1180/1128 942/1183/1131 943/1185/1133
f 944/1186/1134 947/1190/1138 946/1187/1135
f 945/1189/1137 948/1192/1140 947/1190/1138
f 947/1190/1138 942/1183/1141 939/1191/1139
f 948/1192/1140 943/1185/1146 942/1183/1141
f 937/460/420 940/1842/1144 950/1193/1142
f 949/1194/1143 950/1193/1142 948/1192/1140
f 950/1193/1142 951/1184/2079 943/1185/1146
f 1002/1196/1147 1005/1199/1150 1008/1197/1148
f 1005/1199/1150 1006/1209/1160 1009/1200/1151
f 1007/1198/1149 1008/1197/1148 1019/1201/1152
f 1008/1197/1148 1009/1200/1151 1010/1203/1154
f 1011/1204/1155 1014/1208/1159 1013/1205/1156
f 1012/1207/1158 1015/1210/1161 1014/1208/1159
f 1014/1208/1159 1009/1200/1151 1006/1209/1160
f 1015/1210/1161 1010/1203/1154 1009/1200/1151
f 1004/1211/527 1016/2115/1164 1018/1212/1162
f 1017/1213/1163 1018/1212/1162 1015/1210/1166
f 1018/1212/1162 1019/1201/1165 1010/1203/1168
f 1040/707/635 1043/1216/1171 1045/1214/1169
f 1043/1216/1171 1050/2088/2080 1046/1217/1172
f 1044/1215/1170 1045/1214/1169 1057/1218/1173
f 1045/1214/1169 1046/1217/1172 1047/1220/1175
f 1041/1221/1176 1048/1224/1179 1051/1222/1177
f 1048/1224/1179 1049/1230/1944 1052/1225/1180
f 1051/1222/1177 1052/1225/1180 1047/1220/1182
f 1053/1226/1183 1056/1229/1186 1055/1227/1184
f 1054/1219/1174 1057/1218/1173 1056/1229/1186
f 1056/1229/1186 1052/1225/1188 1049/1230/1187
f 1057/1218/1173 1047/1220/1175 1052/1225/1188
f 1108/670/602 1117/2096/1191 1112/1231/1189
f 1111/1232/1190 1112/1231/1189 1124/1235/1193
f 1112/1231/1189 1113/1234/2081 1114/1237/1195
f 1109/637/577 1115/1240/1198 1118/1238/1196
f 1115/1240/1198 1116/1245/1205 1119/1241/1199
f 1118/1238/1196 1119/1241/1199 1114/1237/1201
f 1120/1242/1202 1123/1244/1204 1122/1243/1203
f 1121/1236/1194 1124/1235/1206 1123/1244/1204
f 1123/1244/1204 1119/1241/1199 1116/1245/1205
f 1124/1235/1206 1114/1237/1201 1119/1241/1199
f 1145/709/637 1148/1248/1209 1150/1246/1207
f 1148/1248/1209 1149/1258/1219 1151/1249/1210
f 1150/1246/1207 1151/1249/1210 1152/1251/1212
f 1153/1252/1214 1156/1256/1218 1155/1253/1215
f 1154/1255/1217 1157/1260/1220 1156/1256/1218
f 1156/1257/1218 1151/1249/1221 1149/1258/1219
f 1157/1260/1220 1152/1266/1226 1151/1261/1221
f 1147/649/586 1158/2085/1224 1160/1262/1222
f 1159/1263/1223 1160/1262/1222 1157/1260/1220
f 1160/1262/1222 1161/1265/1225 1152/1266/1226
f 222/25/22 1162/24/21 1164/1267/1227
f 225/1268/1228 1164/1267/1227 1165/1269/1229
f 224/1270/1231 1165/1269/1236 1166/1271/1232
f 1166/1273/1232 1163/141/121 221/182/158
f 1162/24/21 206/15/12 208/1275/1234
f 1164/1267/1227 208/1275/1234 209/1276/1235
f 1165/1269/1236 209/1276/1274 210/1277/1237
f 210/1278/1237 207/35/31 1163/141/121
f 1167/61/55 1169/1280/1239 230/1279/1238
f 1169/1280/1239 1170/1282/1245 229/1281/1240
f 1170/1282/1241 1171/1287/1247 228/1283/1242
f 228/1284/1242 1171/1288/1247 1168/119/104
f 211/193/167 213/1285/1244 1169/1280/1239
f 213/1285/1244 214/1286/1312 1170/1282/1245
f 214/1286/1246 215/1356/1314 1171/1287/1247
f 1171/1288/1247 215/1357/1314 212/18/15
f 1172/131/113 1174/1290/1249 205/1289/1248
f 1174/1290/1249 1175/1292/1254 204/1291/1250
f 1175/1292/1251 1176/1295/1255 203/1293/1252
f 203/1294/1252 1176/1296/1255 1173/4/4
f 222/25/22 225/1268/1228 1174/1290/1249
f 225/1268/1228 224/1270/1230 1175/1292/1254
f 224/1270/1231 223/1272/1233 1176/1295/1255
f 1176/1296/1255 223/1274/1233 221/182/158
f 217/160/137 1177/26/23 1179/1297/1256
f 220/1298/1257 1179/1297/1256 1180/1299/1258
f 219/1300/1260 1180/1299/1263 1181/1301/1261
f 1181/1303/1261 1178/23/20 216/10/8
f 1177/26/23 227/8/7 230/1279/1238
f 1179/1297/1256 230/1279/1238 229/1281/1240
f 1180/1299/1263 229/1281/1243 228/1283/1242
f 228/1284/1242 226/21/18 1178/23/20
f 232/161/138 1182/155/133 1184/1305/1264
f 235/1306/1265 1184/1305/1264 1185/1307/1266
f 234/1309/1268 1185/2116/1271 1186/1310/1269
f 1186/1310/1269 1183/12/10 231/29/25
f 1182/155/133 217/160/137 220/1298/1257
f 1184/1305/1264 220/1298/1257 219/1300/1259
f 1185/1307/1271 219/1300/1260 218/1302/1262
f 218/1304/1262 216/10/8 1183/12/10
f 206/15/12 1187/14/11 1189/1313/1272
f 208/1275/1234 1189/1313/1272 1190/1314/1273
f 209/1276/1274 1190/1314/1278 1191/1315/1275
f 1191/1316/1275 1188/33/29 207/35/31
f 1187/14/11 236/44/39 238/1317/1276
f 1189/1313/1272 238/1317/1276 239/1318/1277
f 1190/1314/1278 239/1318/1282 240/1319/1279
f 240/1320/1279 237/32/28 1188/33/29
f 236/44/39 1192/53/47 1194/1321/1280
f 238/1317/1276 1194/1321/1280 1195/1322/1281
f 239/1318/1282 1195/1322/1286 1196/1323/1283
f 1196/1324/1283 1193/30/26 237/32/28
f 1192/53/47 246/52/46 248/1325/1284
f 1194/1321/1280 248/1325/1284 249/1326/1285
f 1195/1322/1286 249/1326/1304 250/1327/1287
f 250/1328/1287 247/42/38 1193/30/26
f 242/194/168 1197/186/161 1199/1329/1288
f 245/1330/1289 1199/1329/1288 1200/1331/1290
f 244/1333/1292 1200/1336/1295 1201/1334/1293
f 1201/1334/1293 1198/37/33 241/39/35
f 1197/186/161 232/161/138 235/1306/1265
f 1199/1329/1288 235/1306/1265 234/1308/1267
f 1200/1336/1295 234/1309/1268 233/1311/1270
f 233/1311/1270 231/29/25 1198/37/33
f 1202/172/148 1204/1338/1297 273/1337/1296
f 1204/1338/1297 1205/1340/1299 272/1339/1298
f 1205/1340/1299 1206/1342/1301 271/1341/1300
f 1206/1342/1301 1203/135/115 269/1343/44
f 252/732/660 262/731/659 1204/1338/1297
f 262/731/659 255/735/663 1205/1340/1299
f 255/735/663 254/725/653 1206/1342/1301
f 254/725/653 251/722/650 1203/135/115
f 246/52/46 1207/154/132 1209/1344/1302
f 248/1325/1284 1209/1344/1302 1210/1345/1303
f 249/1326/1304 1210/1345/1306 1211/1346/1305
f 250/1328/1287 1211/1348/1305 1208/40/36
f 1207/154/132 270/170/146 273/1337/1296
f 1209/1344/1302 273/1337/1296 272/1339/1298
f 1210/1345/1306 272/1339/1298 271/1341/1300
f 271/1347/1300 269/49/44 1208/40/36
f 252/732/660 1212/171/147 1214/1349/1307
f 260/730/658 1214/1349/1307 1215/1350/1308
f 261/1351/670 1215/1353/1310 1216/1352/1309
f 266/738/666 1216/1352/1309 1213/46/41
f 1212/171/147 242/194/168 245/1330/1289
f 1214/1349/1307 245/1330/1289 244/1332/1291
f 1215/1353/1310 244/1333/1292 243/1335/1294
f 1216/1352/1309 243/1335/1294 241/39/35
f 1217/69/62 1219/1354/1311 213/1285/1244
f 1219/1354/1311 1220/1355/1316 214/1286/1312
f 1220/1355/1313 1221/1360/1318 215/1356/1314
f 215/1357/1314 1221/1361/1318 1218/164/140
f 279/130/112 281/1358/1315 1219/1354/1311
f 281/1358/1315 282/1359/1334 1220/1355/1316
f 282/1359/1317 283/1379/1336 1221/1360/1318
f 1221/1361/1318 283/1381/1336 280/58/52
f 1222/1/1 1224/1363/1320 278/1362/1319
f 1224/1363/1320 1225/1365/1325 277/1364/1321
f 1225/1365/1322 1226/1368/1326 276/1366/1323
f 276/1367/1323 1226/1369/1326 1223/54/48
f 202/3/3 205/1289/1248 1224/1363/1320
f 205/1289/1248 204/1291/1250 1225/1365/1325
f 204/1291/1253 203/1293/1252 1226/1368/1326
f 1226/1369/1326 203/1294/1252 201/16/13
f 291/757/688 1227/145/124 1229/1370/1327
f 302/755/686 1229/1370/1327 1230/1371/1328
f 303/746/677 1230/1371/1328 1231/1372/1329
f 293/742/673 1231/1372/1329 1228/120/105
f 1227/145/124 284/147/126 286/1373/1330
f 1229/1370/1327 286/1373/1330 287/1374/1331
f 1230/1371/1328 287/1374/1331 288/1375/1332
f 1231/1372/1329 288/1375/1332 285/1376/58
f 1232/146/125 1234/1377/1333 281/1358/1315
f 1234/1377/1333 1235/1378/1338 282/1359/1334
f 1235/1378/1335 1236/1382/1337 283/1379/1336
f 1236/1380/1337 1233/66/60 280/58/52
f 291/757/688 304/756/687 1234/1377/1333
f 304/756/687 298/759/690 1235/1378/1338
f 298/759/1339 297/751/682 1236/1382/1337
f 297/1383/682 290/748/679 1233/66/60
f 1237/148/127 1239/1384/1340 286/1373/1330
f 1239/1384/1340 1240/1385/1342 287/1374/1331
f 1240/1385/1341 1241/1387/1343 288/1375/1332
f 288/1386/1332 1241/1388/1343 1238/62/56
f 275/179/155 278/1362/1319 1239/1384/1340
f 278/1362/1319 277/1364/1321 1240/1385/1342
f 277/1364/1324 276/1366/1323 1241/1387/1343
f 276/1367/1323 274/56/50 1238/62/56
f 1242/144/123 1244/1390/1345 331/1389/1344
f 1244/1390/1345 1245/1392/1347 330/1391/1346
f 1245/1392/1347 1246/1394/1349 329/1393/1348
f 1246/1394/1349 1243/191/165 327/192/166
f 312/91/81 314/1395/1350 1244/1390/1345
f 314/1395/1350 315/1396/1351 1245/1392/1347
f 315/1396/1351 316/1397/1352 1246/1394/1349
f 316/1397/1352 313/190/164 1243/191/165
f 336/1399/1354 1249/1398/1353 1250/1400/1355
f 334/1403/1358 1251/1402/1357 1248/125/108
f 1247/84/74 317/88/78 319/1404/1359
f 1249/1398/1353 319/1404/1359 320/1405/1360
f 1250/1400/1355 320/1405/1360 321/1406/1361
f 1251/1402/1357 321/1406/1361 318/126/109
f 308/81/71 1252/72/64 1254/1407/1362
f 311/1408/1363 1254/1407/1362 1255/1409/1364
f 310/1410/1365 1255/1409/1364 1256/1411/1366
f 1252/72/64 328/71/63 331/1389/1344
f 1254/1407/1362 331/1389/1344 330/1391/1346
f 1255/1409/1364 330/1391/1346 329/1393/1348
f 1256/1411/1366 329/1393/1348 327/192/166
f 1257/86/76 1259/1414/1369 326/1413/1368
f 1259/1414/1369 1260/1416/1371 325/1415/1370
f 1260/1416/1371 1261/1418/1373 324/1417/1372
f 1261/1418/1373 1258/163/139 322/183/159
f 333/85/75 336/1399/1354 1259/1414/1369
f 336/1399/1354 335/1401/1356 1260/1416/1371
f 335/1401/1356 334/1403/1358 1261/1418/1373
f 334/1403/1358 332/128/111 1258/163/139
f 1262/77/68 1264/1420/1375 341/1419/1374
f 1265/1422/1377 1266/1424/1379 339/1423/1378
f 1266/1424/1379 1263/94/84 337/78/69
f 323/127/110 326/1413/1368 1264/1420/1375
f 326/1413/1368 325/1415/1370 1265/1422/1377
f 325/1415/1370 324/1417/1372 1266/1424/1379
f 324/1417/1372 322/183/159 1263/94/84
f 1267/92/82 1269/1425/1380 314/1395/1350
f 1269/1425/1380 1270/1426/1381 315/1396/1351
f 1270/1426/1381 1271/1427/1382 316/1397/1352
f 1271/1427/1382 1268/74/66 313/190/164
f 342/97/86 344/1428/1383 1269/1425/1380
f 344/1428/1383 345/1429/1384 1270/1426/1381
f 345/1429/1384 346/1430/1385 1271/1427/1382
f 346/1430/1385 343/140/120 1268/74/66
f 1272/98/87 1274/1431/1386 344/1428/1383
f 1274/1431/1386 1275/1432/1387 345/1429/1384
f 1275/1432/1387 1276/1433/1388 346/1430/1385
f 1276/1433/1388 1273/184/160 343/140/120
f 352/102/90 354/1434/1389 1274/1431/1386
f 354/1434/1389 355/1435/1390 1275/1432/1387
f 355/1435/1390 356/1436/1391 1276/1433/1388
f 356/1436/1391 353/181/157 1273/184/160
f 1277/93/83 1279/1438/1393 351/1437/1392
f 1279/1438/1393 1280/1440/1395 350/1439/1394
f 1280/1440/1395 1281/1442/1397 349/1441/1396
f 338/157/134 341/1419/1374 1279/1438/1393
f 341/1419/1374 340/1421/1376 1280/1440/1395
f 340/1421/1376 339/1423/1378 1281/1442/1397
f 339/1423/1378 337/78/69 1278/80/70
f 375/189/163 1282/2103/119 1284/1443/1398
f 378/1444/1399 1284/1443/1398 1285/1445/1400
f 377/1446/1401 1285/1445/1400 1286/1447/1402
f 376/1448/1403 1286/1447/1402 1283/174/150
f 1282/139/119 357/138/118 360/761/693
f 1284/1443/1398 360/765/693 370/767/697
f 1285/1445/1400 370/767/697 369/773/705
f 1286/1447/1402 369/773/705 359/175/151
f 1287/104/92 1289/1450/1404 354/1434/1389
f 1289/1450/1404 1290/1451/1405 355/1435/1390
f 1290/1451/1405 1291/1452/1406 356/1436/1391
f 1291/1452/1406 1288/158/135 353/181/157
f 375/189/163 378/1444/1399 1289/1450/1404
f 378/1444/1399 377/1446/1401 1290/1451/1405
f 377/1446/1401 376/1448/1403 1291/1452/1406
f 376/1448/1403 374/176/152 1288/158/135
f 1292/99/88 1294/1453/1407 364/771/701
f 1294/1453/1407 1295/1454/1408 365/776/708
f 1295/1454/1408 1296/1455/1409 371/774/706
f 1296/1455/1409 1293/173/149 359/175/151
f 351/1437/1392 350/1439/1394 1295/1454/1408
f 350/1439/1394 349/1441/1396 1296/1455/1409
f 319/1404/1359 1299/1456/1410 1300/1457/1411
f 320/1405/1360 1300/1457/1411 1301/1458/1412
f 321/1406/1361 1301/1458/1412 1298/168/144
f 1297/109/95 384/110/96 386/1459/1413
f 1299/1456/1410 386/1459/1413 387/1460/1414
f 1300/1457/1411 387/1460/1414 388/1461/1415
f 380/111/97 1302/82/72 1304/1462/1416
f 383/1463/1417 1304/1462/1416 1305/1464/1418
f 382/1465/1419 1305/1464/1418 1306/1466/1420
f 381/1467/1421 1306/1466/1420 1303/115/100
f 1302/82/72 308/81/71 311/1408/1363
f 1304/1462/1416 311/1408/1363 310/1410/1365
f 1305/1464/1418 310/1410/1365 309/1412/1367
f 1306/1466/1420 309/1412/1367 307/106/94
f 1307/124/107 1309/2117/1422 397/1468/712
f 1309/1469/1422 1310/1470/1423 398/790/722
f 1310/1470/1423 1311/1471/1424 404/786/718
f 1311/1471/1424 1308/152/131 395/787/719
f 389/118/103 391/1473/1425 1309/1469/1422
f 391/1473/1425 392/1474/1426 1310/1470/1423
f 392/1474/1426 393/1475/1427 1311/1471/1424
f 393/1475/1427 390/149/128 1308/152/131
f 384/110/96 1312/116/101 1314/1476/1428
f 386/1459/1413 1314/1476/1428 1315/1477/1429
f 388/1461/1415 1316/1478/1430 1313/151/130
f 1312/116/101 396/117/102 408/793/726
f 1315/1477/1429 403/788/720 402/785/717
f 1316/1478/1430 402/785/717 395/787/719
f 389/118/103 1317/112/98 1319/1479/1431
f 391/1473/1425 1319/1479/1431 1320/1480/1432
f 392/1474/1426 1320/1480/1432 1321/1481/1433
f 393/1475/1427 1321/1481/1433 1318/150/129
f 1317/112/98 380/111/97 383/1463/1417
f 1319/1479/1431 383/1463/1417 382/1465/1419
f 1320/1480/1432 382/1465/1419 381/1467/1421
f 1321/1481/1433 381/1467/1421 379/114/99
f 396/117/102 1322/67/61 1324/1482/1434
f 407/778/1435 1324/1486/1439 1323/177/153
f 1322/67/61 290/748/679 299/750/1437
f 1324/1486/1439 292/743/2082 289/178/154
f 253/48/43 1325/47/42 1327/1487/1440
f 1327/1489/1444 1326/136/116 251/722/650
f 1325/47/42 358/105/93 366/770/700
f 366/1490/1446 357/138/2083 1326/136/116
f 532/260/234 1328/259/233 1330/1491/1447
f 543/929/864 1330/1491/1447 1331/1492/1448
f 1331/1492/1448 1332/1493/1449 534/917/851
f 1332/1493/1449 1329/261/235 200/243/217
f 1328/259/233 547/275/249 552/934/870
f 1330/1491/1447 552/934/870 562/937/873
f 562/937/873 561/945/881 1332/1493/1449
f 561/945/881 549/301/275 1329/261/235
f 1333/253/227 1335/1494/1450 556/940/876
f 1335/1494/1450 1336/1496/1452 557/942/878
f 557/942/878 1336/1496/1452 1337/1495/1451
f 563/946/882 1337/1495/1451 1334/240/214
f 566/231/205 571/950/886 1335/1494/1450
f 571/950/886 581/953/889 1336/1496/1452
f 1336/1496/1452 581/953/889 580/962/899
f 1337/1495/1451 580/962/899 568/269/243
f 1338/1497/262 1340/1498/1453 575/959/894
f 1340/1498/1453 1341/1500/1456 576/965/1454
f 1341/1499/1455 1339/242/216 568/269/243
f 1338/1497/262 531/923/264 540/925/858
f 1340/1498/1453 540/925/858 1820/918/862
f 1341/1499/1455 533/919/853 200/243/1457
f 515/299/273 1342/296/270 1344/1501/1458
f 527/912/845 1344/1501/1458 1345/1502/1459
f 1345/1502/1459 1346/1503/1460 518/900/832
f 1346/1503/1460 1343/274/248 513/280/254
f 1342/296/270 548/254/228 558/941/877
f 1344/1501/1458 558/941/877 551/935/871
f 551/935/871 550/933/869 1346/1503/1460
f 1351/1508/225 1353/1509/1465 522/909/840
f 1353/1509/1465 1354/1511/1468 523/915/1466
f 1354/1510/1467 1352/230/204 515/299/273
f 1351/1508/225 567/956/274 577/958/893
f 1353/1509/1465 577/958/893 570/951/897
f 1354/1510/1467 569/949/885 566/231/205
f 438/818/1470 1357/1512/1469 1358/1513/1471
f 441/1516/1474 1359/1515/1473 1356/246/220
f 416/796/731 424/799/734 1358/1513/1471
f 423/808/742 413/244/218 1356/246/220
f 1362/1518/1476 423/809/742 420/805/740
f 1364/1520/1480 419/802/737 412/804/739
f 1365/315/289 1367/1522/1481 441/1521/1474
f 1368/1523/1483 1369/1524/1484 444/825/761
f 1365/315/289 447/216/190 453/1525/1475
f 1367/1522/1481 453/1525/1475 452/1526/1485
f 1369/1524/1484 451/836/1486 446/247/221
f 465/851/788 1370/298/272 1372/1527/1487
f 468/849/786 1372/1527/1487 1373/1528/1488
f 469/852/789 1373/1528/1488 1374/1529/1489
f 473/860/796 1374/1529/1489 1371/278/252
f 426/219/193 430/811/1490 1372/1527/1487
f 430/811/1490 1816/813/1491 1373/1528/1488
f 1816/813/1491 434/1530/1492 1374/1529/1489
f 434/1530/1492 428/276/250 1371/278/252
f 480/272/246 1375/262/236 1377/1531/1493
f 483/864/1494 1377/1531/1493 1378/1532/1495
f 1815/1533/1496 1378/1532/1495 1379/1534/1497
f 485/1535/1498 1379/1534/1497 1376/336/310
f 467/264/238 478/862/798 1377/1531/1493
f 478/862/798 474/857/794 1378/1532/1495
f 474/857/794 473/859/796 1379/1534/1497
f 473/859/796 466/320/294 1376/336/310
f 1380/208/182 1382/1537/1499 485/1536/1498
f 1382/1537/1499 1383/1538/1501 1815/871/1500
f 1383/1538/1501 1384/1539/1503 488/869/1502
f 1384/1539/1503 1381/267/241 482/270/244
f 1380/208/182 428/276/250 434/1540/1492
f 1382/1537/1499 434/1540/1492 433/816/1504
f 1383/1538/1501 433/816/1504 432/817/1505
f 1384/1539/1503 432/817/1505 427/265/239
f 1385/256/230 1387/1542/1507 463/1541/1506
f 1387/1542/1507 1388/1543/1509 1818/843/1508
f 1388/1543/1509 1389/1544/1510 459/839/775
f 1389/1544/1510 1386/293/267 455/341/315
f 1385/256/230 490/279/253 496/882/815
f 1387/1542/1507 496/882/815 493/875/809
f 1388/1543/1509 493/875/809 492/872/806
f 1389/1544/1510 492/872/806 489/874/808
f 1390/326/300 1392/1545/1511 496/879/815
f 1392/1545/1511 1393/1546/1517 498/886/1512
f 1393/1546/1513 1394/1547/1514 501/884/817
f 1394/1547/1514 1391/200/174 491/284/258
f 1390/326/300 504/327/301 509/1548/1515
f 1392/1545/1511 509/1548/1515 1819/1549/1516
f 1393/1546/1513 1819/1549/2084 506/887/820
f 1394/1547/1514 506/887/820 503/198/172
f 1395/340/314 1397/1551/1518 509/1550/1515
f 1397/1551/1518 1398/1552/1520 510/897/1519
f 1398/1552/1520 1399/1553/1521 512/894/826
f 1399/1553/1521 1396/285/259 505/291/265
f 1395/340/314 457/195/169 463/1554/1506
f 1397/1551/1518 463/1554/1506 464/1555/1522
f 1398/1552/1520 464/1555/1522 462/847/781
f 1399/1553/1521 462/847/781 456/844/780
f 586/981/307 1400/1559/306 1402/1556/1523
f 597/979/919 1402/1556/1523 1403/1557/1524
f 598/972/911 1403/1557/1524 1404/1558/1525
f 1407/1560/1526 1408/1561/1527 623/1013/953
f 1408/1561/1527 1409/1562/1528 629/1009/949
f 1409/1562/1528 1406/1563/196 620/1010/198
f 610/994/933 609/991/931 1409/1562/1528
f 609/991/931 602/993/308 1406/1563/196
f 1410/309/283 1412/1564/1529 592/976/915
f 1412/1564/1529 1413/1565/1530 593/983/923
f 1413/1565/1530 1414/1566/1531 599/980/920
f 1414/1566/1531 1411/1567/197 586/981/307
f 1410/309/283 621/1014/954 634/1016/956
f 1412/1564/1529 634/1016/956 628/1011/950
f 1413/1565/1530 628/1011/950 627/1008/948
f 1414/1566/1531 627/1008/948 620/1010/198
f 1415/1568/297 1417/1569/1532 649/1032/973
f 1417/1569/1532 1418/1570/1533 650/1024/965
f 1418/1570/1533 1419/1571/1534 641/1020/961
f 1419/1571/1534 1416/226/200 636/1021/962
f 655/1046/299 664/1045/986 1417/1569/1532
f 664/1045/986 658/1049/990 1418/1570/1533
f 658/1049/990 657/1039/978 1419/1571/1534
f 657/1039/978 654/339/313 1416/226/200
f 673/1067/312 1420/1575/311 1422/1572/1535
f 684/1065/1008 1422/1572/1535 1423/1573/1536
f 685/1059/1001 1423/1573/1536 1424/1574/1537
f 675/1055/997 1424/1574/1537 1421/213/187
f 1420/1575/311 638/1034/295 651/1033/974
f 1422/1572/1535 651/1033/974 645/1029/970
f 1423/1573/1536 645/1029/970 644/1027/968
f 1424/1574/1537 644/1027/968 637/312/286
f 1425/311/285 1427/1576/1538 679/1063/1005
f 1427/1576/1538 1428/1577/1539 680/1069/1011
f 1428/1577/1539 1429/1578/1540 686/1066/1009
f 1429/1578/1540 1426/1579/298 673/1067/312
f 1425/311/285 656/310/284 669/1051/992
f 1427/1576/1538 669/1051/992 663/1047/987
f 1428/1577/1539 663/1047/987 662/1044/985
f 1429/1578/1540 662/1044/985 655/1046/299
f 1430/331/305 1432/1580/1541 692/1072/1014
f 1432/1580/1541 1433/1581/1542 693/1082/1024
f 1433/1581/1542 1434/1582/1543 700/1078/1021
f 1434/1582/1543 1431/1583/179 690/1079/189
f 707/330/304 712/1088/1032 1432/1580/1541
f 712/1088/1032 721/1091/1035 1433/1581/1542
f 721/1091/1035 720/1099/1043 1434/1582/1543
f 720/1099/1043 709/1101/177 1431/1583/179
f 708/302/276 1435/202/176 1437/1584/1544
f 715/1094/1038 1437/1584/1544 1438/1585/1545
f 716/1096/1040 1438/1585/1545 1439/1586/1546
f 722/1100/1044 1439/1586/1546 1436/1587/302
f 1435/202/176 725/201/175 730/1105/1047
f 1437/1584/1544 730/1105/1047 739/1109/1052
f 1438/1585/1545 739/1109/1052 738/1116/1062
f 1439/1586/1546 738/1116/1062 727/1118/303
f 1440/304/278 1442/1588/1547 733/1113/1056
f 1442/1588/1547 1443/1589/1548 734/1120/1066
f 1443/1589/1548 1444/1590/1549 740/1117/1063
f 1444/1590/1549 1441/1591/188 727/1118/303
f 1440/304/278 691/1084/1026 704/1086/1028
f 1442/1588/1547 704/1086/1028 699/1080/1022
f 1443/1589/1548 699/1080/1022 698/1077/1020
f 1444/1590/1549 698/1077/1020 690/1079/189
f 411/167/143 1445/166/142 1447/1592/1550
f 1447/1592/1550 1448/1593/1552 415/797/1551
f 1448/1593/1552 1449/1594/1553 421/803/738
f 1449/1594/1553 1446/237/211 412/804/739
f 1445/166/142 601/319/293 606/985/925
f 1447/1592/1550 606/985/925 615/988/928
f 615/988/928 614/998/936 1449/1594/1553
f 614/998/936 603/305/279 1446/237/211
f 621/1014/954 1450/308/282 1452/1595/1554
f 633/1005/1557 1452/1596/1561 1453/1597/1558
f 1453/1597/1560 1451/317/291 619/318/292
f 446/247/221 448/835/2085 1452/1595/1554
f 1453/1597/1560 448/830/2086 445/316/290
f 426/219/193 1454/221/195 1456/1598/1563
f 1457/1600/1568 1455/1601/1573 427/265/239
f 654/339/313 659/1038/977 1456/1598/1563
f 1456/1598/1566 659/1038/2087 668/1041/1570
f 1457/1600/1568 667/1052/1572 656/310/284
f 1458/1602/1574 1460/1605/1578 674/1056/1575
f 681/1062/1004 1460/1606/1579 1459/271/245
f 480/272/246 487/865/2088 1460/1605/1578
f 1460/1606/1579 487/868/2089 482/270/244
f 1461/283/257 1463/1608/1582 499/883/816
f 499/883/816 1463/1608/1582 1464/1607/1580
f 1464/1607/1580 1465/1609/1583 494/873/807
f 494/873/807 1465/1609/1583 1462/294/268
f 708/302/276 717/1095/1039 1463/1608/1582
f 1463/1608/1582 717/1095/1039 711/1089/1033
f 711/1089/1033 710/1087/1031 1465/1609/1583
f 1465/1609/1583 710/1087/1031 707/330/304
f 1466/286/260 1468/1612/1586 703/1610/1029
f 703/1075/1018 1468/1613/1584 1469/1611/1584
f 1469/1611/1585 1467/342/316 689/343/317
f 456/844/780 461/846/782 1468/1612/1586
f 1468/1613/1584 461/840/1587 458/838/1587
f 458/838/1588 455/341/315 1467/342/316
f 584/966/904 1470/281/255 1472/1614/1589
f 1472/1614/1591 1473/1616/1598 588/969/1592
f 1473/1615/1595 1471/234/208 585/307/281
f 1470/281/255 435/209/183 439/819/1596
f 1472/1614/1591 439/819/2090 443/823/1597
f 1473/1615/1595 443/824/760 437/235/209
f 467/264/238 1474/263/237 1476/1617/1599
f 1476/1617/1599 1477/1618/1601 477/854/1600
f 1477/1618/1601 1478/1619/1602 470/850/787
f 470/850/787 1478/1619/1602 1475/225/199
f 637/312/286 646/1028/969 1476/1617/1599
f 646/1028/969 640/1022/963 1477/1618/1601
f 640/1022/963 639/1019/960 1478/1619/1602
f 1478/1619/1602 639/1019/960 636/1021/962
f 505/291/265 1479/292/266 1481/1620/1603
f 511/892/1604 1481/1622/1610 1482/1621/1605
f 1482/1621/1606 1480/1623/1611 503/198/172
f 726/303/277 735/1112/1055 1481/1620/1603
f 729/1106/1609 728/1107/2091 1482/1621/1605
f 1482/1621/1606 728/1107/2076 725/201/175
f 763/368/339 1483/367/338 1485/1624/1612
f 766/1625/1613 1485/1624/1612 1486/1626/1614
f 765/1628/1616 1486/1633/1621 1487/1629/1617
f 1487/1629/1617 1484/482/439 762/523/477
f 1483/367/338 747/358/329 749/1631/1619
f 1485/1624/1612 749/1631/1619 750/1632/1620
f 1486/1633/1621 750/2118/1659 751/1634/1622
f 751/1634/1622 748/378/348 1484/482/439
f 1488/404/372 1490/1641/1624 771/1635/1623
f 1490/1636/1624 1491/1639/1630 770/1637/1625
f 1491/1639/1626 1492/1644/1632 769/1640/1627
f 769/1640/1627 1492/1644/1632 1489/462/422
f 752/534/486 754/1711/1629 1490/1641/1624
f 754/1642/1629 755/1643/1698 1491/1639/1630
f 755/1643/1631 756/1714/1700 1492/1644/1632
f 1492/1644/1632 756/1714/1700 753/361/332
f 1493/472/431 1495/1646/1634 746/1645/1633
f 1495/1646/1634 1496/1651/1639 745/1647/1635
f 1496/1648/1636 1497/1652/1640 744/1649/1637
f 744/1649/1637 1497/1652/1640 1494/347/321
f 763/368/339 766/1625/1613 1495/1646/1634
f 766/1625/1613 765/1627/1615 1496/1651/1639
f 765/1628/1616 764/1630/1618 1497/1652/1640
f 1497/1652/1640 764/1630/1618 762/523/477
f 758/501/456 1498/369/340 1500/1653/1641
f 761/1655/1642 1500/1660/1641 1501/1656/1643
f 760/1657/1645 1501/1656/1648 1502/1658/1646
f 1502/1658/1646 1499/366/337 757/353/325
f 1498/369/340 768/351/324 771/1635/1623
f 1500/1660/1641 771/1638/1623 770/1637/1625
f 1501/1656/1648 770/1637/1628 769/1640/1627
f 769/1640/1627 767/364/335 1499/366/337
f 773/502/457 1503/496/452 1505/1661/1649
f 776/1663/1650 1505/1668/1649 1506/1664/1651
f 775/1665/1653 1506/1664/1656 1507/1666/1654
f 1507/1666/1654 1504/355/327 772/372/342
f 1503/496/452 758/501/456 761/1654/1642
f 1505/1668/1649 761/1655/1642 760/1657/1644
f 1506/1664/1656 760/1657/1645 759/1659/1647
f 759/1659/1647 757/353/325 1504/355/327
f 747/358/329 1508/357/328 1510/1669/1657
f 749/1631/1619 1510/1669/1657 1511/1670/1658
f 750/1632/1659 1511/1670/1663 1512/1671/1660
f 1512/1673/1660 1509/376/346 748/378/348
f 1508/357/328 777/387/356 779/1674/1661
f 1510/1669/1657 779/1674/1661 780/1675/1662
f 1511/1670/1663 780/1675/1667 781/1676/1664
f 781/1677/1664 778/375/345 1509/376/346
f 777/387/356 1513/396/364 1515/1678/1665
f 779/1674/1661 1515/1678/1665 1516/1679/1666
f 780/1675/1667 1516/1679/1671 1517/1680/1668
f 1517/1681/1668 1514/373/343 778/375/345
f 1513/396/364 787/395/363 789/1682/1669
f 1515/1678/1665 789/1682/1669 790/1683/1670
f 1516/1679/1671 790/1683/1689 791/1684/1672
f 791/1685/1672 788/385/355 1514/373/343
f 783/535/487 1518/527/480 1520/1686/1673
f 786/1687/1674 1520/1686/1673 1521/1688/1675
f 785/1690/1677 1521/1694/1680 1522/1691/1678
f 1522/1691/1678 1519/380/350 782/382/352
f 1518/527/480 773/502/457 776/1662/1650
f 1520/1686/1673 776/1662/1650 775/1693/1652
f 1521/1694/1680 775/1665/1653 774/1667/1655
f 774/1667/1655 772/372/342 1519/380/350
f 1523/513/467 1525/1696/1682 814/1695/1681
f 1525/1696/1682 1526/1698/1684 813/1697/1683
f 1526/1698/1684 1527/1700/1686 812/1699/1685
f 1527/1700/1686 1524/476/433 810/1701/361
f 793/1131/1077 803/1130/1076 1525/1696/1682
f 803/1130/1076 796/1134/1080 1526/1698/1684
f 796/1134/1080 795/1124/1070 1527/1700/1686
f 795/1124/1070 792/1121/1067 1524/476/433
f 787/395/363 1528/495/451 1530/1702/1687
f 789/1682/1669 1530/1702/1691 1531/1703/1688
f 790/1683/1689 1531/1703/1692 1532/1704/1690
f 791/1685/1672 1532/1706/1690 1529/383/353
f 1528/495/451 811/511/465 814/1695/1681
f 1530/1702/1691 814/1695/1681 813/1697/1683
f 1531/1703/1692 813/1697/1683 812/1699/1685
f 812/1705/1685 810/392/361 1529/383/353
f 793/1131/1077 1533/512/466 1535/1707/1693
f 801/1129/1075 1535/1707/1693 1536/1708/1694
f 802/1141/1087 1536/1710/1696 1537/1709/1695
f 807/1137/1083 1537/1709/1695 1534/389/358
f 1533/512/466 783/535/487 786/1687/1674
f 1535/1707/1693 786/1687/1674 785/1689/1676
f 1536/1710/1696 785/1690/1677 784/1692/1679
f 1537/1709/1695 784/1692/1679 782/382/352
f 1538/412/379 1540/1715/1697 754/1711/1629
f 1540/1712/1697 1541/1713/1702 755/1643/1698
f 1541/1713/1699 1542/1718/1704 756/1714/1700
f 756/1714/1700 1542/1718/1704 1539/505/459
f 820/471/430 822/1735/1701 1540/1715/1697
f 822/1716/1701 823/1717/1720 1541/1713/1702
f 823/1717/1703 824/1738/1722 1542/1718/1704
f 1542/1718/1704 824/1738/1722 821/401/369
f 1543/344/318 1545/1720/1706 819/1719/1705
f 1545/1720/1706 1546/1725/1711 818/1721/1707
f 1546/1722/1708 1547/1726/1712 817/1723/1709
f 817/1723/1709 1547/1726/1712 1544/397/365
f 743/346/320 746/1645/1633 1545/1720/1706
f 746/1645/1633 745/1647/1635 1546/1725/1711
f 745/1650/1638 744/1649/1637 1547/1726/1712
f 1547/1726/1712 744/1649/1637 742/359/330
f 832/1160/1105 1548/486/442 1550/1727/1713
f 843/1158/1103 1550/1727/1713 1551/1728/1714
f 844/1149/1094 1551/1728/1714 1552/1729/1715
f 834/1145/1090 1552/1729/1715 1549/1730/423
f 1548/486/442 825/488/444 827/1731/1716
f 1550/1727/1713 827/1731/1716 828/1732/1717
f 1551/1728/1714 828/1732/1717 829/1733/1718
f 1552/1734/1715 829/1745/1718 826/407/375
f 1553/487/443 1555/1740/1719 822/1735/1701
f 1555/1736/1719 1556/1737/1724 823/1717/1720
f 1556/1737/1721 1557/1739/1723 824/1738/1722
f 1557/1739/1723 1554/409/377 821/401/369
f 832/1160/1105 845/1159/1104 1555/1740/1719
f 845/1741/1104 839/1742/1107 1556/1737/1724
f 839/1742/1725 838/1154/1099 1557/1739/1723
f 838/1154/1099 831/1151/1096 1554/409/377
f 1558/489/445 1560/1743/1726 827/1731/1716
f 1560/1743/1726 1561/1747/1728 828/1732/1717
f 1561/1744/1727 1562/1748/1729 829/1745/1718
f 829/1745/1718 1562/1748/1729 1559/405/373
f 816/520/474 819/1719/1705 1560/1743/1726
f 819/1719/1705 818/1721/1707 1561/1747/1728
f 818/1724/1710 817/1723/1709 1562/1748/1729
f 817/1723/1709 815/399/367 1559/405/373
f 1563/485/441 1565/1750/1731 872/1749/1730
f 1565/1750/1731 1566/1752/1733 871/1751/1732
f 1566/1752/1733 1567/1754/1735 870/1753/1734
f 1567/1754/1735 1564/532/484 868/533/485
f 853/434/398 855/1755/1736 1565/1750/1731
f 855/1755/1736 856/1756/1737 1566/1752/1733
f 856/1756/1737 857/1757/1738 1567/1754/1735
f 857/1757/1738 854/531/483 1564/532/484
f 874/428/392 1568/427/391 1570/1758/1739
f 877/1759/1740 1570/1758/1739 1571/1760/1741
f 876/1761/1742 1571/1760/1741 1572/1762/1743
f 875/1763/1744 1572/1762/1743 1569/466/426
f 1568/427/391 858/431/395 860/1764/1745
f 1570/1758/1739 860/1764/1745 861/1765/1746
f 1571/1760/1741 861/1765/1746 862/1766/1747
f 1572/1762/1743 862/1766/1747 859/467/427
f 849/424/388 1573/415/381 1575/1767/1748
f 852/1768/1749 1575/1767/1748 1576/1769/1750
f 851/1770/1751 1576/1769/1750 1577/1771/1752
f 850/1772/1753 1577/1771/1752 1574/483/440
f 1573/415/381 869/414/380 872/1749/1730
f 1575/1767/1748 872/1749/1730 871/1751/1732
f 1576/1769/1750 871/1751/1732 870/1753/1734
f 1577/1771/1752 870/1753/1734 868/533/485
f 1578/429/393 1580/1774/1755 867/1773/1754
f 1580/1774/1755 1581/1776/1757 866/1775/1756
f 1581/1776/1757 1582/1778/1759 865/1777/1758
f 1582/1778/1759 1579/504/458 863/524/478
f 874/428/392 877/1759/1740 1580/1774/1755
f 877/1759/1740 876/1761/1742 1581/1776/1757
f 876/1761/1742 875/1763/1744 1582/1778/1759
f 875/1763/1744 873/469/429 1579/504/458
f 1583/420/385 1585/1780/1761 882/1779/1760
f 1585/1780/1761 1586/1782/1763 881/1781/1762
f 1586/1782/1763 1587/1784/1765 880/1783/1764
f 1587/1784/1765 1584/437/401 878/421/386
f 864/468/428 867/1773/1754 1585/1780/1761
f 867/1773/1754 866/1775/1756 1586/1782/1763
f 866/1775/1756 865/1777/1758 1587/1784/1765
f 865/1777/1758 863/524/478 1584/437/401
f 1588/435/399 1590/1785/1766 855/1755/1736
f 1590/1785/1766 1591/1786/1767 856/1756/1737
f 1591/1786/1767 1592/1787/1768 857/1757/1738
f 1592/1787/1768 1589/417/383 854/531/483
f 883/440/403 885/1788/1769 1590/1785/1766
f 885/1788/1769 886/1789/1770 1591/1786/1767
f 886/1789/1770 887/1790/1771 1592/1787/1768
f 887/1790/1771 884/481/438 1589/417/383
f 1593/441/404 1595/1791/1772 885/1788/1769
f 1595/1791/1772 1596/1792/1773 886/1789/1770
f 1596/1792/1773 1597/1793/1774 887/1790/1771
f 1597/1793/1774 1594/525/479 884/481/438
f 893/445/408 895/1794/1775 1595/1791/1772
f 895/1794/1775 896/1795/1776 1596/1792/1773
f 896/1795/1776 897/1796/1777 1597/1793/1774
f 897/1796/1777 894/522/476 1594/525/479
f 1598/436/400 1600/1798/1779 892/1797/1778
f 1600/1798/1779 1601/1800/1781 891/1799/1780
f 1601/1800/1781 1602/1802/1783 890/1801/1782
f 1602/1802/1783 1599/423/387 888/444/407
f 879/498/453 882/1779/1760 1600/1798/1779
f 882/1779/1760 881/1781/1762 1601/1800/1781
f 881/1781/1762 880/1783/1764 1602/1802/1783
f 880/1783/1764 878/421/386 1599/423/387
f 916/530/482 1603/2104/437 1605/1803/1784
f 919/1804/1785 1605/1803/1784 1606/1805/1786
f 918/1806/1787 1606/1805/1786 1607/1807/1788
f 917/1808/1789 1607/1807/1788 1604/515/469
f 1603/480/437 898/479/436 902/1809/1110
f 1605/1803/1784 902/1166/1110 911/1170/1114
f 1606/1805/1786 911/1170/1114 910/1176/1123
f 1607/1807/1788 910/1176/1123 900/516/470
f 1608/447/410 1610/1811/1790 895/1794/1775
f 1610/1811/1790 1611/1812/1791 896/1795/1776
f 1611/1812/1791 1612/1813/1792 897/1796/1777
f 1612/1813/1792 1609/499/454 894/522/476
f 916/530/482 919/1804/1785 1610/1811/1790
f 919/1804/1785 918/1806/1787 1611/1812/1791
f 918/1806/1787 917/1808/1789 1612/1813/1792
f 917/1808/1789 915/517/471 1609/499/454
f 1613/442/405 1615/1814/1793 906/1174/1118
f 1615/1814/1793 1616/1815/1794 907/1179/1126
f 1616/1815/1794 1617/1816/1795 912/1177/1124
f 1617/1816/1795 1614/514/468 900/516/470
f 889/528/481 892/1797/1778 1615/1814/1793
f 892/1797/1778 891/1799/1780 1616/1815/1794
f 891/1799/1780 890/1801/1782 1617/1816/1795
f 890/1801/1782 888/444/407 1614/514/468
f 858/431/395 1618/452/413 1620/1817/1796
f 860/1764/1745 1620/1817/1796 1621/1818/1797
f 861/1765/1746 1621/1818/1797 1622/1819/1798
f 862/1766/1747 1622/1819/1798 1619/509/463
f 1618/452/413 925/453/414 927/1820/1799
f 1620/1817/1796 927/1820/1799 928/1821/1800
f 1621/1818/1797 928/1821/1800 929/1822/1801
f 1622/1819/1798 929/1822/1801 926/473/432
f 921/454/415 1623/425/389 1625/1823/1802
f 924/1824/1803 1625/1823/1802 1626/1825/1804
f 923/1826/1805 1626/1825/1804 1627/1827/1806
f 922/1828/1807 1627/1827/1806 1624/458/418
f 1623/425/389 849/424/388 852/1768/1749
f 1625/1823/1802 852/1768/1749 851/1770/1751
f 1626/1825/1804 851/1770/1751 850/1772/1753
f 1627/1827/1806 850/1772/1753 848/449/412
f 1628/465/425 1630/1829/1808 938/1182/1130
f 1630/1829/1808 1631/1830/1809 939/1191/1139
f 1631/1830/1809 1632/1831/1810 946/1187/1135
f 1632/1831/1810 1629/493/449 936/1188/1136
f 930/461/421 932/1832/1811 1630/1829/1808
f 932/1832/1811 933/1833/1812 1631/1830/1809
f 933/1833/1812 934/1834/1813 1632/1831/1810
f 934/1834/1813 931/490/446 1629/493/449
f 925/453/414 1633/459/419 1635/1835/1814
f 927/1820/1799 1635/1835/1814 1636/1836/1815
f 928/1821/1800 1636/1836/1815 1637/1837/1816
f 929/1822/1801 1637/1837/1816 1634/492/448
f 1633/459/419 937/460/420 949/1194/1143
f 1635/1835/1814 949/1194/1143 945/1189/1137
f 1636/1836/1815 945/1189/1137 944/1186/1134
f 1637/1837/1816 944/1186/1134 936/1188/1136
f 930/461/421 1638/455/416 1640/1838/1817
f 932/1832/1811 1640/1838/1817 1641/1839/1818
f 933/1833/1812 1641/1839/1818 1642/1840/1819
f 934/1834/1813 1642/1840/1819 1639/491/447
f 1638/455/416 921/454/415 924/1824/1803
f 1640/1838/1817 924/1824/1803 923/1826/1805
f 1641/1839/1818 923/1826/1805 922/1828/1807
f 1642/1840/1819 922/1828/1807 920/457/417
f 937/460/420 1643/410/378 1645/1841/1820
f 940/1843/1129 1645/1848/1824 1644/1844/472
f 1643/410/378 831/1151/1096 840/1153/1821
f 1645/1848/1824 833/1146/2092 830/1143/473
f 794/391/360 1646/390/359 1648/1849/1825
f 1648/1853/1829 1647/477/434 792/1121/1067
f 899/448/411 901/1173/1117 1648/1849/1825
f 901/1854/1111 898/479/436 1647/477/434
f 973/557/506 1649/556/505 1651/1855/1831
f 976/1857/1832 1651/1863/1831 1652/1858/1833
f 975/1859/1835 1652/1858/1840 1653/1860/1836
f 1653/1860/1836 1650/673/605 972/711/639
f 1649/556/505 957/547/496 959/1862/1838
f 1651/1863/1831 959/1901/1838 960/1864/1839
f 1652/1858/1840 960/1864/1878 961/1865/1841
f 961/1865/1841 958/567/515 1650/673/605
f 1654/593/539 1656/1867/1843 981/1866/1842
f 1656/1867/1843 1657/1869/1849 980/1868/1844
f 1657/1869/1845 1658/1874/1851 979/1870/1846
f 979/1871/1846 1658/1875/1851 1655/651/588
f 962/720/648 964/1872/1848 1656/1867/1843
f 964/1872/1848 965/1873/1917 1657/1869/1849
f 965/1873/1850 966/1944/1919 1658/1874/1851
f 1658/1875/1851 966/1945/1919 963/550/499
f 1659/663/597 1661/1882/1853 956/1876/1852
f 1661/1877/1853 1662/1880/1858 955/1878/1854
f 1662/1880/1855 1663/1883/1859 954/1881/1856
f 954/1881/1856 1663/1883/1859 1660/536/488
f 973/557/506 976/1856/1832 1661/1882/1853
f 976/1857/1832 975/1859/1834 1662/1880/1858
f 975/1859/1835 974/1861/1837 1663/1883/1859
f 1663/1883/1859 974/1861/1837 972/711/639
f 968/692/621 1664/558/507 1666/1884/1860
f 971/1885/1861 1666/1884/1860 1667/1886/1862
f 970/1887/1864 1667/1886/1867 1668/1888/1865
f 1668/1890/1865 1665/555/504 967/542/492
f 1664/558/507 978/540/491 981/1866/1842
f 1666/1884/1860 981/1866/1842 980/1868/1844
f 1667/1886/1867 980/1868/1847 979/1870/1846
f 979/1871/1846 977/553/502 1665/555/504
f 983/693/622 1669/687/617 1671/1892/1868
f 986/1893/1869 1671/1892/1868 1672/1894/1870
f 985/1895/1872 1672/1894/1875 1673/1896/1873
f 1673/1898/1873 1670/544/494 982/561/509
f 1669/687/617 968/692/621 971/1885/1861
f 1671/1892/1868 971/1885/1861 970/1887/1863
f 1672/1894/1875 970/1887/1864 969/1889/1866
f 969/1891/1866 967/542/492 1670/544/494
f 957/547/496 1674/546/495 1676/1900/1876
f 959/1901/1838 1676/1905/1876 1677/1902/1877
f 960/1864/1878 1677/1902/1882 1678/1903/1879
f 1678/1903/1879 1675/565/513 958/567/515
f 1674/546/495 987/576/523 989/1904/1880
f 1676/1905/1876 989/1909/1880 990/1906/1881
f 1677/1902/1882 990/1906/1886 991/1907/1883
f 991/1907/1883 988/564/512 1675/565/513
f 987/576/523 1679/585/531 1681/1908/1884
f 989/1909/1880 1681/2119/1884 1682/1910/1885
f 990/1906/1886 1682/1910/1890 1683/1911/1887
f 1683/1911/1887 1680/562/510 988/564/512
f 1679/585/531 997/584/530 999/1912/1888
f 1681/1908/1884 999/1912/1888 1000/1913/1889
f 1682/1910/1890 1000/1935/1908 1001/1915/1891
f 1001/1915/1891 998/574/522 1680/562/510
f 993/721/649 1684/714/642 1686/1916/1892
f 996/1917/1893 1686/1916/1892 1687/1918/1894
f 995/1919/1896 1687/1918/1899 1688/1920/1897
f 1688/1920/1897 1685/1923/517 992/1922/519
f 1684/714/642 983/693/622 986/1893/1869
f 1686/1916/1892 986/1893/1869 985/1895/1871
f 1687/1918/1899 985/1895/1872 984/1897/1874
f 984/1897/1874 982/2120/509 1685/1923/517
f 1689/701/629 1691/1925/1901 1024/1924/1900
f 1691/1925/1901 1692/1927/1903 1023/1926/1902
f 1692/1927/1903 1693/1931/1905 1022/1928/1904
f 1693/1929/1905 1690/667/599 1020/581/528
f 1003/1206/1157 1013/1205/1156 1691/1925/1901
f 1013/1205/1156 1006/1209/1160 1692/1927/1903
f 1006/1209/1160 1005/1199/1150 1693/1931/1905
f 1005/1932/1150 1002/2094/1147 1690/667/599
f 997/584/530 1694/686/616 1696/1933/1906
f 999/1912/1888 1696/1933/1910 1697/1934/1907
f 1000/1935/1908 1697/1937/1911 1698/1936/1909
f 1001/1915/1891 1698/1936/1909 1695/572/520
f 1694/686/616 1021/699/627 1024/1924/1900
f 1696/1933/1910 1024/1924/1900 1023/1926/1902
f 1697/1937/1911 1023/2121/1902 1022/1930/1904
f 1022/1930/1904 1020/581/528 1695/572/520
f 1003/1206/1157 1699/700/628 1701/1938/1912
f 1011/1204/1155 1701/1938/1912 1702/1939/1913
f 1012/1207/1167 1702/1939/1915 1703/1940/1914
f 1017/1213/1163 1703/1940/1914 1700/1941/525
f 1699/700/628 993/721/649 996/1917/1893
f 1701/1938/1912 996/1917/1893 995/1919/1895
f 1702/1939/1915 995/1919/1896 994/1921/1898
f 1703/1940/1914 994/1921/1898 992/1922/519
f 1704/601/546 1706/1942/1916 964/1872/1848
f 1706/1942/1916 1707/1943/1921 965/1873/1917
f 1707/1943/1918 1708/1948/1923 966/1944/1919
f 966/1945/1919 1708/1949/1923 1705/696/624
f 1030/662/596 1032/1946/1920 1706/1942/1916
f 1032/1946/1920 1033/1947/1939 1707/1943/1921
f 1033/1947/1922 1034/1967/1941 1708/1948/1923
f 1708/1949/1923 1034/1969/1941 1031/590/536
f 1709/506/460 1711/1956/1925 1029/1950/1924
f 1711/1951/1925 1712/1954/1930 1028/1952/1926
f 1712/1954/1927 1713/1957/1931 1027/1955/1928
f 1027/1955/1928 1713/1957/1931 1710/586/532
f 953/508/462 956/1876/1852 1711/1956/1925
f 956/1879/1852 955/1878/1854 1712/1954/1930
f 955/1878/1857 954/1881/1856 1713/1957/1931
f 1713/1957/1931 954/1881/1856 952/548/497
f 1042/1228/1185 1714/677/608 1716/1958/1932
f 1053/1226/1183 1716/1958/1932 1717/1959/1933
f 1054/1219/1174 1717/1959/1933 1718/1960/1934
f 1044/1215/1170 1718/1960/1934 1715/652/589
f 1714/677/608 1035/679/610 1037/1961/1935
f 1716/1958/1932 1037/1961/1935 1038/1962/1936
f 1717/1959/1933 1038/1962/1936 1039/1963/1937
f 1718/1960/1934 1039/1963/1937 1036/1964/542
f 1719/678/609 1721/1965/1938 1032/1946/1920
f 1721/1965/1938 1722/1966/1943 1033/1947/1939
f 1722/1966/1940 1723/1970/1942 1034/1967/1941
f 1723/1968/1942 1720/598/544 1031/590/536
f 1042/1228/1185 1055/1227/1184 1721/1965/1938
f 1055/1227/1184 1049/1230/1187 1722/1966/1943
f 1049/1230/1944 1048/1224/1179 1723/1970/1942
f 1048/1971/1179 1041/2105/1176 1720/598/544
f 1724/680/611 1726/1977/1945 1037/1961/1935
f 1726/1972/1945 1727/1975/1947 1038/1973/1936
f 1727/1975/1946 1728/1978/1948 1039/1976/1937
f 1039/1976/1937 1728/1978/1948 1725/594/540
f 1026/708/636 1029/1950/1924 1726/1977/1945
f 1029/1953/1924 1028/1952/1926 1727/1975/1947
f 1028/1952/1929 1027/1955/1928 1728/1978/1948
f 1027/1955/1928 1025/588/534 1725/594/540
f 1729/676/607 1731/1980/1950 1082/1979/1949
f 1731/1980/1950 1732/1982/1952 1081/1981/1951
f 1732/1982/1952 1733/1984/1954 1080/1983/1953
f 1733/1984/1954 1730/718/646 1078/719/647
f 1063/623/565 1065/1985/1955 1731/1980/1950
f 1065/1985/1955 1066/1986/1956 1732/1982/1952
f 1066/1986/1956 1067/1987/1957 1733/1984/1954
f 1067/1987/1957 1064/717/645 1730/718/646
f 1084/617/559 1734/616/558 1736/1988/1958
f 1087/1989/1959 1736/1988/1958 1737/1990/1960
f 1086/1991/1961 1737/1990/1960 1738/1992/1962
f 1085/1993/1963 1738/1992/1962 1735/657/592
f 1734/616/558 1068/620/562 1070/1994/1964
f 1736/1988/1958 1070/1994/1964 1071/1995/1965
f 1737/1990/1960 1071/1995/1965 1072/1996/1966
f 1738/1992/1962 1072/1996/1966 1069/658/593
f 1059/613/555 1739/604/548 1741/1997/1967
f 1062/1998/1968 1741/1997/1967 1742/1999/1969
f 1061/2001/1970 1742/2005/1969 1743/2002/1971
f 1060/2004/1972 1743/2007/1971 1740/674/606
f 1739/604/548 1079/603/547 1082/1979/1949
f 1741/1997/1967 1082/1979/1949 1081/1981/1951
f 1742/2005/1969 1081/2122/1951 1080/2006/1953
f 1743/2007/1971 1080/1983/1953 1078/719/647
f 1744/618/560 1746/2009/1974 1077/2008/1973
f 1746/2009/1974 1747/2011/1976 1076/2010/1975
f 1747/2011/1976 1748/2013/1978 1075/2012/1977
f 1748/2013/1978 1745/695/623 1073/712/640
f 1084/617/559 1087/1989/1959 1746/2009/1974
f 1087/1989/1959 1086/1991/1961 1747/2011/1976
f 1086/1991/1961 1085/1993/1963 1748/2013/1978
f 1085/1993/1963 1083/660/595 1745/695/623
f 1749/609/552 1751/2015/1980 1092/2014/1979
f 1751/2015/1980 1752/2017/1982 1091/2016/1981
f 1752/2017/1982 1753/2019/1984 1090/2018/1983
f 1753/2019/1984 1750/626/568 1088/610/553
f 1074/659/594 1077/2008/1973 1751/2015/1980
f 1077/2008/1973 1076/2010/1975 1752/2017/1982
f 1076/2010/1975 1075/2012/1977 1753/2019/1984
f 1075/2012/1977 1073/712/640 1750/626/568
f 1754/624/566 1756/2020/1985 1065/1985/1955
f 1756/2020/1985 1757/2021/1986 1066/1986/1956
f 1757/2021/1986 1758/2022/1987 1067/1987/1957
f 1758/2022/1987 1755/606/550 1064/717/645
f 1093/629/570 1095/2023/1988 1756/2020/1985
f 1095/2023/1988 1096/2024/1989 1757/2021/1986
f 1096/2024/1989 1097/2025/1990 1758/2022/1987
f 1097/2025/1990 1094/672/604 1755/606/550
f 1759/630/571 1761/2026/1991 1095/2023/1988
f 1761/2026/1991 1762/2027/1992 1096/2024/1989
f 1762/2027/1992 1763/2028/1993 1097/2025/1990
f 1763/2028/1993 1760/713/641 1094/672/604
f 1103/634/574 1105/2029/1994 1761/2026/1991
f 1105/2029/1994 1106/2030/1995 1762/2027/1992
f 1106/2030/1995 1107/2031/1996 1763/2028/1993
f 1107/2031/1996 1104/710/638 1760/713/641
f 1764/625/567 1766/2033/1998 1102/2032/1997
f 1766/2033/1998 1767/2035/2000 1101/2034/1999
f 1767/2035/2000 1768/2037/2002 1100/2036/2001
f 1768/2037/2002 1765/612/554 1098/633/573
f 1089/689/618 1092/2014/1979 1766/2033/1998
f 1092/2014/1979 1091/2016/1981 1767/2035/2000
f 1091/2016/1981 1090/2018/1983 1768/2037/2002
f 1090/2018/1983 1088/610/553 1765/612/554
f 1126/716/644 1769/671/603 1771/2038/2003
f 1129/2039/2004 1771/2038/2003 1772/2040/2005
f 1128/2041/2006 1772/2040/2005 1773/2042/2007
f 1127/2043/2008 1773/2042/2007 1770/703/631
f 1769/671/603 1108/670/602 1111/1232/1190
f 1771/2038/2003 1111/1232/1190 1121/1236/1194
f 1772/2040/2005 1121/1236/1194 1120/1242/1202
f 1773/2042/2007 1120/1242/1202 1110/704/632
f 1774/636/576 1776/2044/2009 1105/2029/1994
f 1776/2044/2009 1777/2045/2010 1106/2030/1995
f 1777/2045/2010 1778/2046/2011 1107/2031/1996
f 1778/2046/2011 1775/690/619 1104/710/638
f 1126/716/644 1129/2039/2004 1776/2044/2009
f 1129/2039/2004 1128/2041/2006 1777/2045/2010
f 1128/2041/2006 1127/2043/2008 1778/2046/2011
f 1127/2043/2008 1125/705/633 1775/690/619
f 1779/631/572 1781/2047/2012 1115/1240/1198
f 1781/2047/2012 1782/2048/2013 1116/1245/1205
f 1782/2048/2013 1783/2049/2014 1122/1243/1203
f 1783/2049/2014 1780/702/630 1110/704/632
f 1099/715/643 1102/2032/1997 1781/2047/2012
f 1102/2032/1997 1101/2034/1999 1782/2048/2013
f 1101/2034/1999 1100/2036/2001 1783/2049/2014
f 1100/2036/2001 1098/633/573 1780/702/630
f 1068/620/562 1784/641/579 1786/2050/2015
f 1070/1994/1964 1786/2050/2015 1787/2051/2016
f 1071/1995/1965 1787/2051/2016 1788/2052/2017
f 1072/1996/1966 1788/2052/2017 1785/697/625
f 1784/641/579 1135/642/580 1137/2053/2018
f 1786/2050/2015 1137/2053/2018 1138/2054/2019
f 1787/2051/2016 1138/2054/2019 1139/2055/2020
f 1788/2052/2017 1139/2055/2020 1136/664/598
f 1131/643/581 1789/614/556 1791/2056/2021
f 1134/2057/2022 1791/2056/2021 1792/2058/2023
f 1133/2060/2024 1792/2064/2023 1793/2061/2025
f 1132/2063/2026 1793/2065/2025 1790/647/584
f 1789/614/556 1059/613/555 1062/1998/1968
f 1791/2056/2021 1062/1998/1968 1061/2000/1970
f 1792/2064/2023 1061/2001/1970 1060/2003/1972
f 1793/2065/2025 1060/2004/1972 1058/638/578
f 1794/656/591 1796/2066/2027 1148/1248/1209
f 1796/2066/2027 1797/2067/2028 1149/1258/1219
f 1797/2067/2028 1798/2068/2029 1155/1259/1215
f 1798/2068/2029 1795/2123/615 1146/2069/1216
f 1140/655/587 1142/2070/2030 1796/2066/2027
f 1142/2070/2030 1143/2071/2031 1797/2067/2028
f 1143/2071/2031 1144/2081/2032 1798/2068/2029
f 1144/2072/2032 1141/681/612 1795/684/615
f 1135/642/580 1799/648/585 1801/2074/2033
f 1137/2053/2018 1801/2074/2033 1802/2075/2034
f 1138/2054/2019 1802/2075/2034 1803/2076/2035
f 1139/2055/2020 1803/2076/2035 1800/683/614
f 1799/648/585 1147/649/586 1159/1263/1223
f 1801/2074/2033 1159/1263/1223 1154/1255/1217
f 1802/2075/2034 1154/1255/1217 1153/1252/1214
f 1803/2076/2035 1153/1252/1214 1146/1254/1216
f 1140/650/587 1804/644/582 1806/2077/2036
f 1142/2070/2030 1806/2082/2036 1807/2079/2037
f 1143/2071/2031 1807/2079/2037 1808/2080/2038
f 1144/2072/2032 1808/2083/2038 1805/682/613
f 1804/644/582 1131/643/581 1134/2057/2022
f 1806/2082/2036 1134/2124/2022 1133/2060/2024
f 1807/2079/2037 1133/2060/2024 1132/2062/2026
f 1808/2083/2038 1132/2063/2026 1130/646/583
f 1147/649/586 1809/599/545 1811/2084/2039
f 1158/1247/2040 1811/2089/2045 1810/706/634
f 1809/599/545 1041/2105/1176 1050/2086/2042
f 1811/2089/2045 1043/1216/2093 1040/707/635
f 1004/580/527 1812/579/526 1814/2090/2046
f 1814/2093/2049 1813/668/600 1002/2094/1147
f 1812/579/526 1109/637/577 1117/1239/1197
f 1117/2096/2051 1108/670/2094 1813/668/600
