mtllib Holocron.mtl
o HolocronEsquina2
usemtl Holocron_Main.001
v -3.886438 -3.032303 4.975234
v -2.658941 -4.184693 4.946269
v -3.511053 -3.475037 4.964337
v -3.090120 -3.865562 4.954509
v -2.141272 -4.469448 4.942434
v -4.244654 -2.474142 4.988687
v -3.882147 -3.031136 5.086972
v -2.654650 -4.183525 5.058006
v -3.506762 -3.473869 5.076074
v -3.085829 -3.864393 5.066246
v -2.136980 -4.468281 5.054170
v -4.240362 -2.472974 5.100425
v -4.111704 -2.261985 5.049030
v -3.728792 -2.889167 5.033949
v -3.353655 -3.332132 5.023046
v -4.039797 -3.174270 5.028256
v -4.373316 -2.685131 5.040082
v -2.355722 -4.586629 4.992326
v -2.812368 -4.326726 4.999290
v -3.664160 -3.616774 5.017363
v -2.501219 -4.041492 5.004985
v -1.922529 -4.351100 5.004278
v -2.932482 -3.722437 5.013223
v -1.854334 -4.812576 4.986022
v -3.243467 -4.007522 5.007531
v -0.488710 -5.031032 5.092612
v -4.916502 -5.021581 5.075712
v -4.934053 -0.609619 5.153005
v -5.159166 -5.017057 4.835950
v -5.176519 -4.920013 0.451926
v -5.168642 -0.596775 4.933408
v -4.920099 -5.255615 4.830544
v -0.517164 -5.266019 4.832136
v -4.934523 -5.162772 0.429469
v -2.856062 -5.092715 3.832606
v -4.036593 -5.077602 2.631887
v -3.307394 -5.089039 3.467460
v -3.707571 -5.083806 3.055605
v -4.332953 -5.069305 2.129752
v -2.289797 -5.094716 4.173854
v -2.851355 -5.204247 3.826002
v -4.031881 -5.189134 2.625283
v -3.302687 -5.200570 3.460856
v -3.702864 -5.195336 3.049001
v -4.328249 -5.180836 2.123147
v -2.285090 -5.206247 4.167250
v -2.078795 -5.145465 4.039124
v -2.714739 -5.143550 3.670645
v -3.166296 -5.139878 3.305754
v -2.992678 -5.153414 3.987964
v -2.496092 -5.155497 4.301980
v -4.443651 -5.130913 2.336804
v -4.173269 -5.138302 2.787319
v -3.443789 -5.149727 3.622562
v -1.927156 -5.156361 4.593653
v -3.895205 -5.128431 2.469852
v -4.217550 -5.119228 1.916095
v -3.566256 -5.134641 2.893652
v -4.681105 -5.122179 1.840800
v -3.844179 -5.144504 3.210954
v -5.064161 -3.985676 2.769855
v -5.041369 -2.820744 3.985593
v -5.064924 -3.633704 3.231550
v -5.056711 -3.234009 3.643820
v -5.023924 -2.322915 4.300254
v -5.051409 -4.311023 2.194447
v -5.174181 -3.969969 2.757432
v -5.151388 -2.805037 3.973170
v -5.174944 -3.617997 3.219128
v -5.166727 -3.218300 3.631398
v -5.133944 -2.307208 4.287831
v -5.161428 -4.295317 2.182023
v -5.075766 -4.167273 1.984702
v -5.091578 -3.816570 2.630430
v -5.092382 -3.464859 3.092339
v -5.146765 -4.139075 2.896858
v -5.137068 -4.439067 2.391767
v -5.101053 -2.533016 4.406514
v -5.123983 -2.974219 4.112657
v -5.147482 -3.786844 3.358339
v -5.119089 -4.715043 1.815334
v -5.068773 -2.651564 3.846105
v -5.056810 -2.097108 4.181570
v -5.084127 -3.064910 3.504402
v -5.139311 -3.387396 3.770816
v -3.303755 -3.678422 4.959247
v -3.705774 -3.258814 4.969685
v -2.875757 -4.033844 4.950195
v -2.428309 -4.323746 4.943055
v -1.764727 -4.637481 4.945888
v -4.057787 -2.787388 4.981174
v -4.468142 -2.052972 4.998711
v -3.299463 -3.677253 5.070983
v -3.701483 -3.257646 5.081423
v -2.871466 -4.032676 5.061931
v -2.424017 -4.322579 5.054792
v -1.760431 -4.636313 5.057625
v -4.053495 -2.786220 5.092911
v -4.463846 -2.051803 5.110450
v -3.903166 -2.635569 5.040094
v -3.548281 -3.115822 5.028397
v -4.208120 -2.938041 5.033991
v -2.589365 -4.462672 4.995685
v -3.858976 -3.400638 5.022711
v -4.712168 -1.566862 5.066107
v -2.262960 -4.183651 5.002163
v -3.146265 -3.535435 5.017958
v -4.387838 -1.694307 5.062511
v -1.332628 -4.819075 5.007642
v -4.544149 -2.410468 5.046652
v -2.108847 -4.701849 4.989132
v -2.718046 -3.890654 5.008910
v -1.416311 -4.571944 5.014381
v -3.456949 -3.820241 5.012272
v -3.029177 -4.175867 5.003216
v -2.837324 -5.205847 4.587195
v -5.118567 -2.887088 2.822125
v -4.679285 -2.946633 5.072227
v -3.462698 -3.510374 3.394108
v -2.702604 -5.026306 5.084162
v -4.925276 -2.815599 5.114360
v -2.711382 -2.820325 5.122809
v -5.167841 -4.968535 2.643938
v -5.163904 -2.806917 4.884678
v -5.172583 -2.758394 2.692666
v -2.718634 -5.260817 4.831340
v -4.927309 -5.209192 2.630007
v -2.725843 -5.214395 2.630802
v -3.454844 -5.128493 3.365269
v -3.449705 -3.556505 5.012118
v -5.065023 -3.515769 3.406222
v -2.827814 -2.948121 5.075438
v -5.117498 -4.730168 2.772914
v -4.685610 -5.162654 2.754891
v -2.822699 -4.782705 5.036410
v -5.112703 -2.930313 4.650512
v -2.841726 -5.165801 2.750408
v -3.515532 -5.086577 3.264883
v -3.086710 -5.091086 3.657174
v -3.880770 -5.080821 2.845170
v -4.180903 -5.073973 2.405632
v -4.509058 -5.063115 1.775922
v -2.607237 -5.093936 3.997794
v -1.863718 -5.095063 4.378919
v -3.510824 -5.198108 3.258278
v -3.082003 -5.202617 3.650569
v -3.876062 -5.192352 2.838566
v -4.176191 -5.185505 2.399027
v -4.504351 -5.174647 1.769318
v -2.602530 -5.205466 3.991191
v -1.859011 -5.206595 4.372313
v -2.457148 -5.144756 3.839173
v -2.945528 -5.141925 3.495371
v -2.752619 -5.154646 4.149812
v -4.314333 -5.134788 2.567516
v -3.223188 -5.151779 3.812373
v -1.370482 -5.150938 4.598809
v -4.042761 -5.124690 2.237143
v -3.374353 -5.137417 3.103085
v -1.504805 -5.145640 4.302237
v -4.697977 -5.111793 1.372338
v -2.217924 -5.156019 4.448995
v -4.564535 -5.126656 2.092670
v -3.739389 -5.131653 2.683145
v -4.448870 -5.111107 1.452569
v -3.652006 -5.147269 3.420077
v -4.017439 -5.141523 3.000591
v -5.061827 -3.437388 3.445594
v -5.065680 -3.816916 3.005430
v -5.049910 -3.029007 3.823314
v -5.031630 -2.598573 4.137185
v -5.021017 -1.963124 4.493397
v -5.060095 -4.143794 2.516509
v -5.036593 -4.504405 1.763193
v -5.171846 -3.421679 3.433171
v -5.175695 -3.801209 2.993007
v -5.159925 -3.013300 3.810891
v -5.141645 -2.582866 4.124762
v -5.131037 -1.947419 4.480974
v -5.170115 -4.128087 2.504086
v -5.146612 -4.488698 1.750769
v -5.087114 -3.977794 2.368240
v -5.093123 -3.647970 2.866138
v -5.143091 -4.294089 2.652355
v -5.113558 -2.759124 4.261648
v -5.148253 -3.970154 3.132300
v -5.073217 -4.706353 1.260568
v -5.059717 -2.422314 4.000297
v -5.089270 -3.268448 3.306305
v -5.054483 -4.414717 1.404175
v -5.076094 -1.545335 4.699108
v -5.128725 -4.578386 2.109787
v -5.086489 -2.293559 4.555450
v -5.077311 -2.859837 3.683836
v -5.065561 -1.616985 4.418926
v -5.144403 -3.590621 3.572459
v -5.132521 -3.182470 3.950372
v -4.058928 -3.190518 4.975909
v -4.057142 -3.188785 4.972110
v -4.059221 -3.190752 4.974438
v -4.058989 -3.190507 4.973199
v -4.058256 -3.189817 4.972382
v -3.260782 -4.022009 4.951386
v -3.262590 -4.023765 4.955200
v -3.261908 -4.023049 4.951659
v -3.262648 -4.023749 4.952479
v -3.262888 -4.023999 4.953722
v -3.715773 -2.875851 4.978359
v -3.713697 -2.874047 4.982365
v -3.714624 -2.874806 4.978682
v -3.713827 -2.874096 4.979557
v -3.713503 -2.873830 4.980850
v -2.917391 -3.707317 4.961640
v -2.919474 -3.709129 4.957632
v -2.917192 -3.707099 4.960124
v -2.917521 -3.707366 4.958831
v -2.918322 -3.708079 4.957955
v -3.683287 -3.633019 4.965021
v -3.681498 -3.631287 4.961217
v -3.683584 -3.633256 4.963547
v -3.683348 -3.633009 4.962307
v -3.682615 -3.632316 4.961489
v -3.338564 -3.317010 4.971462
v -3.340632 -3.318808 4.967456
v -3.338366 -3.316793 4.969947
v -3.338690 -3.317056 4.968654
v -3.339483 -3.317766 4.967779
v -2.486128 -4.026374 4.953406
v -2.488253 -4.028224 4.949394
v -2.485937 -4.026161 4.951889
v -2.486273 -4.026436 4.950594
v -2.487085 -4.027161 4.949717
v -2.829641 -4.341177 4.943144
v -2.831484 -4.342965 4.946977
v -2.830782 -4.342230 4.943418
v -2.831533 -4.342942 4.944243
v -2.831781 -4.343197 4.945493
v -1.907438 -4.335982 4.952704
v -1.910681 -4.337343 4.948629
v -1.907331 -4.335732 4.951180
v -1.907911 -4.335901 4.949871
v -1.909086 -4.336468 4.948975
v -2.371920 -4.601586 4.936238
v -2.374830 -4.602857 4.940042
v -2.373472 -4.602446 4.936492
v -2.374571 -4.602990 4.937304
v -2.375048 -4.603134 4.938551
v -0.800200 -4.810527 4.977454
v -0.814337 -4.805416 4.973085
v -0.799791 -4.808799 4.977589
v -0.803343 -4.809833 4.975826
v -0.807131 -4.808618 4.974424
v -0.798891 -4.810439 4.977750
v -0.801077 -4.809600 4.976091
v -0.803553 -4.808606 4.974768
v -0.802000 -4.808477 4.975238
v -0.810827 -4.805344 4.973536
v -0.806829 -4.805963 4.974551
v -0.810991 -4.807068 4.973462
v -0.806845 -4.807166 4.974071
v -0.803427 -4.807482 4.974822
v -0.802954 -4.807176 4.975973
v -0.800890 -4.808356 4.976161
v -0.799746 -4.809250 4.976255
v -1.873426 -4.828793 4.933776
v -1.874685 -4.825784 4.930317
v -1.873968 -4.828939 4.932298
v -1.874395 -4.828421 4.931123
v -1.874647 -4.827312 4.930426
v -4.392447 -2.701378 4.987733
v -4.391298 -2.698662 4.983959
v -4.392794 -2.701539 4.986264
v -4.392694 -2.701079 4.985030
v -4.392172 -2.700070 4.984222
v -4.098101 -2.249757 4.993413
v -4.096609 -2.246865 4.997448
v -4.097178 -2.248296 4.993746
v -4.096567 -2.247234 4.994630
v -4.096369 -2.246733 4.995930
v -4.737947 -2.134868 5.001445
v -4.735312 -2.139597 4.997311
v -4.735991 -2.143060 5.001066
v -4.738211 -2.135900 4.999882
v -4.737803 -2.137162 4.998548
v -4.737818 -2.136828 5.001498
v -4.737967 -2.137770 4.999927
v -4.737886 -2.138646 4.998683
v -4.737722 -2.139648 4.999024
v -4.736269 -2.140853 4.997576
v -4.736734 -2.141955 4.998383
v -4.736788 -2.138460 4.997646
v -4.737196 -2.139715 4.998046
v -4.737417 -2.140727 4.998609
v -4.736757 -2.141264 5.001294
v -4.737398 -2.139074 5.001447
v -4.736635 -2.142729 4.999608
v -4.737204 -2.141075 4.999793
v -4.690393 -0.999890 5.027159
v -4.688356 -0.999331 5.027038
v -4.685503 -1.011532 5.022782
v -4.690241 -0.998557 5.027393
v -4.689749 -1.002525 5.025528
v -4.689432 -1.000360 5.025716
v -4.689013 -0.999077 5.025814
v -4.688292 -1.000988 5.024809
v -4.686876 -1.001860 5.025458
v -4.685816 -1.005068 5.024092
v -4.689138 -0.998255 5.027327
v -4.688082 -1.000044 5.025680
v -4.687300 -1.002150 5.024369
v -4.687101 -1.008825 5.023158
v -4.688593 -1.005663 5.024122
v -4.685331 -1.008464 5.023154
v -4.687086 -1.005148 5.023683
v -4.688478 -1.002402 5.024383
v -4.016062 -3.153895 5.084520
v -4.020666 -3.158023 5.080605
v -4.017389 -3.155107 5.084204
v -4.018732 -3.156318 5.083349
v -4.019884 -3.157340 5.082085
v -3.224344 -3.991277 5.059864
v -3.219698 -3.987116 5.063796
v -3.223555 -3.990593 5.061351
v -3.222399 -3.989560 5.062619
v -3.221045 -3.988341 5.063478
v -3.743883 -2.904287 5.085534
v -3.748270 -2.908411 5.089422
v -3.744574 -2.904956 5.087040
v -3.745646 -2.905975 5.088308
v -3.746946 -2.907188 5.089144
v -2.951971 -3.741688 5.068696
v -2.947573 -3.737556 5.064807
v -2.950644 -3.740459 5.068419
v -2.949339 -3.739246 5.067582
v -2.948259 -3.738224 5.066315
v -3.640417 -3.596393 5.073627
v -3.645029 -3.600526 5.069707
v -3.641748 -3.597605 5.073310
v -3.643095 -3.598817 5.072454
v -3.644247 -3.599844 5.071189
v -3.373129 -3.351365 5.078520
v -3.368750 -3.347253 5.074633
v -3.371805 -3.350148 5.078242
v -3.370508 -3.348936 5.077406
v -3.369436 -3.347921 5.076138
v -2.520754 -4.060784 5.060457
v -2.516310 -4.056613 5.056564
v -2.519407 -4.059543 5.060179
v -2.518091 -4.058314 5.059342
v -2.517000 -4.057285 5.058072
v -2.793253 -4.310488 5.051605
v -2.788557 -4.306283 5.055555
v -2.792460 -4.309798 5.053099
v -2.791288 -4.308756 5.054374
v -2.789919 -4.307521 5.055237
v -1.943464 -4.369764 5.059678
v -1.937620 -4.366218 5.055855
v -1.941580 -4.368762 5.059427
v -1.939810 -4.367736 5.058613
v -1.938417 -4.366845 5.057359
v -2.336615 -4.570400 5.044615
v -2.330568 -4.566835 5.048662
v -2.335714 -4.569755 5.046122
v -2.334250 -4.568850 5.047422
v -2.332441 -4.567825 5.048313
v -0.830385 -4.840507 5.080706
v -0.829969 -4.839035 5.080737
v -0.850229 -4.836524 5.084020
v -0.828539 -4.840238 5.081064
v -0.834864 -4.840435 5.082044
v -0.832518 -4.840342 5.082186
v -0.831106 -4.840099 5.082263
v -0.834234 -4.839645 5.082929
v -0.834616 -4.838048 5.082133
v -0.840094 -4.837224 5.083247
v -0.832396 -4.839224 5.082227
v -0.836126 -4.838801 5.083207
v -0.845606 -4.838278 5.083837
v -0.840208 -4.839651 5.083143
v -0.845579 -4.836690 5.083910
v -0.840506 -4.838506 5.083605
v -0.836180 -4.839829 5.083164
v -1.833666 -4.790915 5.042825
v -1.835241 -4.796356 5.038276
v -1.833826 -4.792620 5.042295
v -1.834181 -4.794254 5.041244
v -1.834677 -4.795567 5.039833
v -4.350378 -2.663529 5.096375
v -4.354185 -2.668882 5.092431
v -4.351404 -2.665212 5.096048
v -4.352488 -2.666818 5.095183
v -4.353464 -2.668107 5.093913
v -4.126795 -2.277105 5.100612
v -4.130446 -2.282591 5.104470
v -4.127428 -2.277877 5.102116
v -4.128344 -2.279190 5.103378
v -4.129404 -2.280847 5.104204
v -4.700106 -2.102507 5.105789
v -4.697729 -2.110562 5.105764
v -4.694304 -2.104607 5.109724
v -4.699839 -2.104438 5.105912
v -4.699293 -2.106649 5.105949
v -4.699198 -2.103012 5.107303
v -4.698877 -2.104648 5.107298
v -4.698565 -2.106219 5.107278
v -4.697935 -2.105935 5.108073
v -4.697248 -2.109392 5.107256
v -4.696432 -2.107850 5.108532
v -4.698553 -2.108800 5.105898
v -4.697935 -2.107746 5.107274
v -4.697310 -2.106741 5.108394
v -4.696058 -2.104149 5.109432
v -4.697779 -2.103588 5.108584
v -4.695398 -2.106168 5.109399
v -4.696714 -2.105483 5.108978
v -4.697897 -2.104883 5.108416
v -4.720217 -1.030040 5.130084
v -4.716818 -1.046570 5.133786
v -4.718538 -1.029569 5.130200
v -4.720278 -1.033868 5.131562
v -4.719648 -1.038352 5.132783
v -4.720106 -1.031681 5.131673
v -4.719698 -1.034779 5.132725
v -4.719442 -1.033044 5.132448
v -4.716822 -1.042594 5.133572
v -4.717150 -1.037966 5.132818
v -4.718435 -1.042812 5.133563
v -4.718496 -1.038386 5.133222
v -4.718637 -1.034615 5.132742
v -4.719278 -1.028474 5.130422
v -4.717752 -1.033394 5.131633
v -4.718924 -1.031455 5.131707
v -4.719801 -1.030363 5.131729
v -4.669806 -4.782279 5.076707
v -4.674097 -4.778011 5.076760
v -4.678434 -4.786695 5.080847
v -4.671438 -4.781953 5.076705
v -4.672827 -4.781026 5.076714
v -4.671766 -4.782645 5.078320
v -4.673513 -4.781745 5.078230
v -4.674086 -4.782329 5.079134
v -4.674414 -4.779964 5.078353
v -4.675352 -4.782301 5.079690
v -4.673761 -4.779641 5.076733
v -4.674097 -4.783611 5.079674
v -4.676764 -4.784665 5.080565
v -4.675413 -4.783663 5.080118
v -5.169771 -4.687264 0.964945
v -5.169897 -4.684128 0.963644
v -5.174089 -4.691597 0.952231
v -5.170157 -4.686996 0.963595
v -5.170321 -4.686304 0.962874
v -5.171595 -4.687020 0.961694
v -5.172354 -4.687760 0.960459
v -5.170229 -4.685297 0.962891
v -5.172812 -4.688470 0.958840
v -5.173758 -4.690727 0.954969
v -5.173281 -4.689131 0.957621
v -0.943789 -4.789608 5.098254
v -0.927698 -4.794789 5.102340
v -0.942110 -4.786400 5.098533
v -0.940367 -4.790127 5.099877
v -0.936106 -4.791293 5.101224
v -0.942457 -4.789317 5.097756
v -0.937258 -4.790347 5.100582
v -0.930594 -4.793588 5.102099
v -0.934347 -4.791573 5.101291
v -0.931658 -4.792930 5.102089
v -0.941549 -4.787584 5.097906
v -0.941671 -4.788607 5.097634
v -0.938395 -4.789048 5.100039
v -0.939169 -4.789530 5.099486
v -4.698183 -1.117172 5.144310
v -4.694994 -1.115997 5.144201
v -4.703939 -1.104235 5.148401
v -4.697870 -1.115772 5.144138
v -4.697157 -1.115058 5.144058
v -4.699141 -1.114129 5.145864
v -4.699522 -1.112270 5.146572
v -4.696146 -1.115136 5.144081
v -4.698267 -1.113378 5.145687
v -4.702253 -1.107126 5.148080
v -4.700575 -1.110613 5.147219
v -4.701265 -1.109441 5.147605
v -0.997740 -5.255716 4.581689
v -0.996504 -5.255655 4.578678
v -0.984442 -5.260101 4.586338
v -0.996336 -5.255712 4.581455
v -0.994925 -5.257360 4.582011
v -0.992727 -5.258190 4.582236
v -0.990206 -5.258786 4.583626
v -0.995668 -5.255679 4.579829
v -0.993734 -5.257292 4.581391
v -0.987726 -5.259733 4.584526
v -0.991400 -5.258790 4.582974
v -0.987009 -5.259752 4.585409
v -5.155146 -4.773232 4.597145
v -5.159384 -4.777762 4.605683
v -5.155138 -4.769075 4.601530
v -5.156771 -4.773607 4.599100
v -5.158144 -4.774599 4.601409
v -5.155146 -4.772947 4.598786
v -5.156710 -4.773308 4.600117
v -5.157583 -4.773335 4.601433
v -5.159063 -4.775710 4.604059
v -5.158144 -4.773340 4.602700
v -5.158594 -4.774679 4.602730
v -5.155138 -4.770697 4.601158
v -5.155142 -4.772056 4.600195
v -5.156763 -4.771008 4.601813
v -5.156710 -4.772021 4.601460
v -5.164824 -1.091579 4.708282
v -5.169027 -1.077699 4.713523
v -5.164808 -1.090293 4.705307
v -5.166437 -1.088318 4.708963
v -5.167803 -1.084537 4.710199
v -5.164740 -1.090174 4.708080
v -5.168707 -1.080917 4.712269
v -5.168245 -1.083439 4.710781
v -5.167612 -1.085699 4.709642
v -5.164732 -1.089480 4.706468
v -5.166426 -1.087732 4.707824
v -4.676989 -5.246196 4.590690
v -4.685827 -5.250542 4.595201
v -4.681257 -5.246093 4.586441
v -4.678919 -5.247829 4.591007
v -4.681276 -5.249231 4.591975
v -4.678618 -5.246187 4.590370
v -4.679953 -5.247764 4.590692
v -4.681292 -5.248640 4.590687
v -4.682592 -5.249197 4.590666
v -4.683702 -5.250183 4.593448
v -4.682657 -5.249680 4.592037
v -4.680929 -5.246133 4.588071
v -4.680002 -5.246165 4.589450
v -4.681604 -5.247765 4.588335
v -4.681284 -5.247731 4.589370
v -4.690043 -5.168527 0.921348
v -4.694578 -5.172511 0.907974
v -4.687025 -5.168507 0.920088
v -4.690393 -5.170095 0.918377
v -4.689817 -5.168497 0.919947
v -4.690580 -5.170871 0.916289
v -4.693602 -5.172240 0.910686
v -4.691824 -5.171383 0.913940
v -4.688185 -5.168487 0.919264
v -4.689711 -5.170018 0.917367
v -5.164000 -0.115358 5.157608
v -5.164793 -0.113135 5.154108
v -5.168261 -0.115831 5.153301
v -5.163435 -0.114331 5.157339
v -5.163385 -0.113548 5.156581
v -5.165625 -0.115479 5.157257
v -5.165361 -0.113588 5.156881
v -5.165278 -0.112359 5.156284
v -5.166121 -0.113120 5.153184
v -5.167246 -0.113627 5.152706
v -5.163866 -0.113128 5.155445
v -5.165606 -0.112464 5.154947
v -5.166933 -0.112394 5.154626
v -5.167925 -0.115733 5.154926
v -5.167002 -0.115611 5.156317
v -5.167997 -0.114576 5.152748
v -5.167536 -0.113712 5.154691
v -5.166822 -0.113246 5.156166
v -0.049933 -5.271936 5.077909
v -0.047804 -5.268474 5.079252
v -0.049761 -5.267257 5.082885
v -0.049032 -5.271660 5.077428
v -0.048311 -5.270906 5.077514
v -0.049898 -5.271609 5.079747
v -0.048124 -5.271199 5.079551
v -0.046995 -5.270585 5.079544
v -0.047838 -5.267442 5.080611
v -0.048224 -5.266849 5.081778
v -0.047880 -5.269786 5.078155
v -0.047140 -5.269225 5.079979
v -0.046953 -5.268847 5.081373
v -0.049803 -5.269077 5.082438
v -0.049852 -5.270606 5.081335
v -0.048899 -5.266784 5.082577
v -0.048059 -5.268871 5.082009
v -0.047655 -5.270447 5.081174
v -5.154455 -5.256356 5.070582
v -5.158953 -5.256279 5.066147
v -5.154375 -5.260689 5.065892
v -5.156176 -5.256350 5.070236
v -5.157637 -5.256333 5.069273
v -5.154440 -5.258047 5.070198
v -5.156103 -5.257977 5.069700
v -5.157434 -5.257922 5.069041
v -5.157026 -5.258868 5.068608
v -5.158606 -5.257968 5.066077
v -5.157618 -5.259397 5.066005
v -5.158609 -5.256308 5.067837
v -5.158106 -5.257939 5.067721
v -5.157427 -5.259244 5.067630
v -5.154398 -5.260391 5.067662
v -5.154421 -5.259464 5.069172
v -5.156130 -5.260354 5.065941
v -5.156080 -5.259901 5.067635
v -5.156050 -5.259274 5.068995
v -5.178946 -5.148404 -0.048321
v -5.175512 -5.149514 -0.051052
v -5.174414 -5.153034 -0.048926
v -5.178694 -5.147871 -0.049468
v -5.177954 -5.147895 -0.050390
v -5.178602 -5.150179 -0.048474
v -5.178213 -5.149914 -0.050445
v -5.177614 -5.149853 -0.051732
v -5.174494 -5.150850 -0.051032
v -5.173925 -5.151991 -0.050621
v -5.176836 -5.148471 -0.050947
v -5.176268 -5.150247 -0.051673
v -5.175890 -5.151609 -0.051834
v -5.176149 -5.152686 -0.048801
v -5.177622 -5.151683 -0.048642
v -5.173899 -5.152757 -0.049882
v -5.175928 -5.152246 -0.050648
v -5.177465 -5.151469 -0.050981
v -1.008402 -4.778767 4.980952
v -1.006922 -4.775485 4.980810
v -1.016153 -4.774118 4.976830
v -1.006487 -4.778665 4.980900
v -1.005533 -4.778006 4.980854
v -1.010019 -4.778142 4.979377
v -1.007307 -4.777462 4.979330
v -1.008806 -4.776946 4.978496
v -1.008654 -4.775110 4.979246
v -1.011015 -4.774719 4.977941
v -1.005686 -4.776889 4.980824
v -1.009508 -4.776143 4.978159
v -1.014215 -4.775625 4.977146
v -1.012060 -4.777039 4.978040
v -1.013651 -4.774371 4.977093
v -1.011560 -4.775934 4.977473
v -1.009928 -4.777074 4.978199
v -4.670012 -4.780164 4.989706
v -4.670015 -4.775803 4.985550
v -4.674269 -4.775908 4.989818
v -4.670015 -4.779800 4.988085
v -4.670019 -4.778845 4.986725
v -4.671644 -4.779842 4.989718
v -4.671686 -4.779410 4.988056
v -4.671602 -4.778635 4.986950
v -4.671648 -4.775812 4.985878
v -4.673029 -4.775834 4.986805
v -4.670019 -4.777440 4.985834
v -4.671690 -4.777491 4.986229
v -4.672812 -4.777426 4.986983
v -4.673944 -4.777536 4.989779
v -4.673025 -4.778918 4.989743
v -4.673948 -4.775868 4.988189
v -4.673559 -4.777537 4.988107
v -4.672812 -4.778664 4.988161
v -4.670591 -1.115441 5.078022
v -4.664701 -1.121358 5.073933
v -4.667521 -1.114318 5.078194
v -4.669458 -1.116302 5.076469
v -4.667940 -1.117727 5.075148
v -4.670538 -1.113608 5.078100
v -4.669333 -1.114499 5.076513
v -4.668085 -1.115770 5.075433
v -4.665094 -1.119074 5.074324
v -4.665770 -1.116933 5.075270
v -4.666269 -1.119504 5.074259
v -4.666739 -1.117100 5.074714
v -4.668875 -1.112999 5.078194
v -4.669935 -1.112751 5.078161
v -4.666620 -1.115264 5.076630
v -4.667978 -1.114005 5.076588
v -5.068148 -4.773356 4.596936
v -5.068132 -4.769197 4.601298
v -5.063879 -4.769101 4.597028
v -5.068140 -4.773070 4.598572
v -5.068136 -4.772178 4.599977
v -5.066515 -4.773033 4.596939
v -5.066469 -4.772681 4.598619
v -5.066553 -4.771957 4.599762
v -5.066500 -4.769189 4.600970
v -5.065123 -4.769169 4.600043
v -5.068132 -4.770817 4.600933
v -5.066462 -4.770852 4.600537
v -5.065340 -4.770752 4.599788
v -5.064207 -4.770729 4.596989
v -5.065134 -4.772110 4.596957
v -5.064199 -4.769139 4.598658
v -5.064592 -4.770810 4.598659
v -5.065344 -4.771932 4.598549
v -5.076925 -4.686834 0.933109
v -5.072649 -4.682691 0.937513
v -5.076807 -4.683705 0.931732
v -5.075293 -4.686538 0.934102
v -5.073904 -4.685647 0.935288
v -5.077257 -4.686566 0.931740
v -5.075495 -4.686133 0.932298
v -5.074118 -4.685466 0.933007
v -5.074549 -4.685095 0.932034
v -5.072966 -4.682341 0.935628
v -5.073870 -4.682414 0.933869
v -5.072977 -4.684299 0.936486
v -5.073442 -4.684115 0.934172
v -5.074102 -4.684086 0.932402
v -5.077192 -4.684870 0.930995
v -5.077353 -4.685876 0.930998
v -5.075216 -4.682890 0.932500
v -5.075457 -4.684403 0.931538
v -5.075598 -4.685571 0.931160
v -5.062723 -1.091404 4.690939
v -5.062758 -1.090109 4.687946
v -5.058542 -1.097345 4.685819
v -5.062651 -1.089999 4.690729
v -5.061117 -1.092779 4.690307
v -5.061144 -1.091078 4.689997
v -5.061171 -1.089985 4.689523
v -5.060297 -1.091140 4.688868
v -5.061144 -1.091242 4.686951
v -5.059774 -1.093014 4.686199
v -5.062670 -1.089299 4.689111
v -5.061155 -1.090349 4.688402
v -5.059935 -1.091612 4.687849
v -5.058855 -1.095997 4.687538
v -5.059759 -1.094393 4.689113
v -5.058859 -1.095157 4.685802
v -5.059320 -1.093568 4.687635
v -5.059931 -1.092199 4.689094
v -0.997660 -5.162262 4.583756
v -1.003717 -5.157902 4.579605
v -0.996424 -5.162194 4.580747
v -0.999048 -5.160625 4.583472
v -1.000689 -5.159220 4.582582
v -0.996260 -5.162258 4.583524
v -0.997355 -5.160674 4.583112
v -0.998499 -5.159397 4.582468
v -0.997454 -5.159773 4.582136
v -1.001585 -5.158225 4.579418
v -0.999449 -5.159152 4.579570
v -1.002329 -5.158264 4.581225
v -0.999922 -5.158735 4.581146
v -0.997969 -5.159371 4.581182
v -0.995592 -5.162222 4.581896
v -0.997637 -5.160547 4.580036
v -0.996683 -5.160639 4.581481
v -0.996275 -5.160703 4.582600
v -4.676909 -5.159217 4.592643
v -4.681181 -5.159120 4.588393
v -4.676916 -5.154864 4.588478
v -4.678541 -5.159209 4.592322
v -4.679926 -5.159187 4.591402
v -4.676909 -5.157581 4.592355
v -4.678579 -5.157530 4.591968
v -4.679709 -5.157597 4.591220
v -4.680853 -5.157489 4.588428
v -4.679930 -5.156109 4.588457
v -4.680853 -5.159156 4.590021
v -4.680460 -5.157486 4.590100
v -4.679709 -5.156359 4.590039
v -4.676912 -5.155224 4.590101
v -4.676909 -5.156178 4.591461
v -4.678545 -5.155186 4.588475
v -4.678583 -5.155614 4.590137
v -4.678495 -5.156388 4.591244
v -4.689962 -5.076872 0.923384
v -4.686949 -5.076846 0.922123
v -4.685686 -5.072751 0.929467
v -4.689928 -5.076831 0.921524
v -4.689344 -5.076812 0.920631
v -4.689447 -5.075263 0.924333
v -4.689356 -5.075182 0.922505
v -4.688425 -5.074402 0.922879
v -4.686659 -5.075241 0.923169
v -4.686319 -5.073898 0.924932
v -4.688295 -5.076818 0.920841
v -4.688028 -5.075172 0.921951
v -4.687128 -5.073035 0.927625
v -4.688452 -5.073916 0.925823
v -4.685976 -5.073023 0.927143
v -4.687471 -5.073370 0.925179
v -4.688532 -5.074087 0.923828
v -3.010176 -5.102035 4.008512
v -3.008600 -5.098128 4.006756
v -3.010450 -5.100572 4.008845
v -3.010248 -5.099315 4.008628
v -3.009600 -5.098457 4.007894
v -3.860083 -5.089220 3.229727
v -3.861673 -5.093128 3.231501
v -3.861090 -5.089549 3.230872
v -3.861746 -5.090408 3.231612
v -3.861948 -5.091664 3.231833
v -2.703539 -5.087303 3.658472
v -2.701658 -5.091206 3.656279
v -2.702513 -5.087568 3.657296
v -2.701796 -5.088405 3.656467
v -2.701494 -5.089682 3.656110
v -3.553171 -5.082298 2.879288
v -3.555059 -5.078394 2.881486
v -3.553011 -5.080773 2.879118
v -3.553309 -5.079495 2.879476
v -3.554029 -5.078661 2.880308
v -3.461287 -5.098347 3.643111
v -3.459711 -5.094444 3.641355
v -3.461561 -5.096884 3.643444
v -3.461359 -5.095628 3.643227
v -3.460711 -5.094773 3.642494
v -3.153215 -5.087536 3.291388
v -3.155088 -5.083633 3.293572
v -3.153048 -5.086010 3.291218
v -3.153349 -5.084733 3.291573
v -3.154062 -5.083898 3.292399
v -3.882120 -5.076095 2.455489
v -3.884039 -5.072187 2.457722
v -3.881960 -5.074569 2.455321
v -3.882269 -5.073290 2.455687
v -3.882998 -5.072454 2.456530
v -4.189138 -5.083016 2.806052
v -4.190763 -5.086939 2.807860
v -4.190161 -5.083345 2.807213
v -4.190825 -5.084207 2.807964
v -4.191038 -5.085468 2.808191
v -4.204474 -5.066896 1.901733
v -4.205904 -5.062997 1.904946
v -4.204271 -5.065368 1.901640
v -4.204474 -5.064091 1.902218
v -4.205050 -5.063258 1.903379
v -4.460001 -5.075610 2.354559
v -4.461134 -5.079572 2.357337
v -4.460836 -5.075947 2.356093
v -4.461344 -5.076821 2.357160
v -4.461447 -5.078093 2.357596
v -4.701777 -5.049201 0.893955
v -4.696489 -5.045423 0.906582
v -4.699896 -5.049149 0.893389
v -4.701059 -5.047725 0.896823
v -4.699804 -5.046487 0.900230
v -4.701696 -5.049430 0.892625
v -4.700857 -5.047842 0.894597
v -4.699846 -5.046609 0.896821
v -4.699720 -5.046978 0.895328
v -4.696463 -5.045654 0.903310
v -4.697096 -5.046443 0.899655
v -4.698202 -5.045679 0.903658
v -4.698351 -5.046036 0.899763
v -4.698698 -5.046590 0.896575
v -4.700682 -5.049401 0.892318
v -4.698301 -5.047670 0.896170
v -4.699560 -5.047814 0.894287
v -4.700510 -5.047903 0.893275
v -4.698576 -5.070869 1.861320
v -4.695635 -5.066946 1.862551
v -4.698755 -5.069383 1.861889
v -4.698259 -5.068114 1.862322
v -4.697165 -5.067260 1.862555
v -2.513582 -5.104132 4.322522
v -2.510916 -5.100217 4.321401
v -2.513781 -5.102664 4.322905
v -2.513342 -5.101404 4.322826
v -2.512339 -5.100544 4.322299
v -2.068758 -5.089217 4.026362
v -2.065714 -5.093124 4.024760
v -2.067286 -5.089484 4.025412
v -2.066191 -5.090320 4.024774
v -2.065638 -5.091598 4.024544
v -1.945341 -5.101078 4.611446
v -1.944639 -5.105023 4.614185
v -1.945475 -5.101407 4.612966
v -1.945387 -5.102273 4.614020
v -1.945097 -5.103543 4.614448
v -0.805124 -5.093237 4.589709
v -0.804651 -5.093177 4.587885
v -0.818632 -5.089270 4.584689
v -0.803797 -5.093443 4.589600
v -0.808176 -5.091726 4.589044
v -0.805929 -5.091852 4.588789
v -0.804598 -5.091914 4.588419
v -0.806780 -5.090974 4.587670
v -0.807653 -5.091648 4.586324
v -0.811361 -5.090371 4.585170
v -0.803541 -5.093411 4.588613
v -0.805677 -5.091814 4.587514
v -0.808123 -5.090567 4.586681
v -0.815489 -5.089579 4.586327
v -0.811819 -5.090442 4.587856
v -0.815218 -5.089535 4.584594
v -0.811449 -5.089978 4.586395
v -0.808317 -5.090598 4.587819
v -2.971010 -5.208493 3.962613
v -2.975184 -5.204794 3.967416
v -2.972208 -5.208244 3.963985
v -2.973425 -5.207454 3.965379
v -2.974466 -5.206243 3.966584
v -3.826681 -5.195884 3.190406
v -3.822496 -5.199585 3.185585
v -3.825968 -5.197331 3.189573
v -3.824919 -5.198542 3.188364
v -3.823702 -5.199335 3.186964
v -2.727823 -5.195895 3.685009
v -2.731710 -5.200000 3.689406
v -2.728426 -5.197435 3.685681
v -2.729376 -5.198756 3.686753
v -2.730532 -5.199656 3.688061
v -3.583231 -5.191093 2.912419
v -3.579340 -5.186981 2.908017
v -3.582048 -5.190747 2.911071
v -3.580893 -5.189844 2.909762
v -3.579943 -5.188521 2.908690
v -3.422121 -5.204808 3.597213
v -3.426291 -5.201111 3.602012
v -3.423323 -5.204558 3.598584
v -3.424536 -5.203770 3.599977
v -3.425577 -5.202558 3.601181
v -3.183260 -5.196332 3.324505
v -3.179380 -5.192223 3.320119
v -3.182081 -5.195988 3.323164
v -3.180933 -5.195086 3.321859
v -3.179983 -5.193764 3.320790
v -3.912210 -5.184884 2.488654
v -3.908285 -5.180769 2.484215
v -3.911016 -5.184538 2.487293
v -3.909849 -5.183634 2.485971
v -3.908892 -5.182310 2.484890
v -4.155779 -5.189669 2.766776
v -4.151552 -5.193380 2.761909
v -4.155058 -5.191121 2.765938
v -4.154001 -5.192338 2.764719
v -4.152773 -5.193130 2.763304
v -4.233942 -5.175700 1.936131
v -4.230631 -5.171557 1.930456
v -4.232981 -5.175346 1.934297
v -4.232016 -5.174435 1.932575
v -4.231192 -5.173104 1.931226
v -4.426165 -5.182259 2.316270
v -4.422556 -5.185970 2.310166
v -4.425489 -5.183718 2.315335
v -4.424566 -5.184935 2.313847
v -4.423536 -5.185726 2.312032
v -4.727602 -5.153813 0.922630
v -4.726053 -5.153804 0.922110
v -4.723078 -5.158180 0.940738
v -4.727366 -5.154115 0.920751
v -4.727388 -5.155435 0.926741
v -4.727350 -5.155445 0.924474
v -4.727137 -5.155435 0.923097
v -4.726591 -5.156256 0.925977
v -4.724966 -5.155410 0.926277
v -4.724020 -5.156808 0.931281
v -4.726217 -5.155434 0.924251
v -4.725695 -5.156602 0.927673
v -4.724939 -5.157798 0.936541
v -4.726454 -5.156835 0.931624
v -4.723356 -5.157780 0.936358
v -4.725290 -5.157253 0.931756
v -4.726725 -5.156613 0.927821
v -4.658060 -5.177311 1.818463
v -4.663630 -5.173499 1.820275
v -4.659788 -5.177038 1.818683
v -4.661451 -5.176217 1.819104
v -4.662802 -5.174974 1.819663
v -2.473055 -5.210581 4.277421
v -2.478601 -5.206866 4.281435
v -2.474779 -5.210329 4.278489
v -2.476439 -5.209534 4.279628
v -2.477778 -5.208318 4.280662
v -2.091875 -5.197806 4.053489
v -2.097231 -5.201914 4.057140
v -2.092592 -5.199346 4.054105
v -2.093863 -5.200669 4.055014
v -2.095491 -5.201571 4.056080
v -1.909674 -5.207711 4.573117
v -1.907736 -5.211441 4.567348
v -1.909124 -5.209170 4.572207
v -1.908564 -5.210391 4.570792
v -1.908075 -5.211189 4.569085
v -0.831259 -5.197881 4.618132
v -0.850012 -5.201967 4.614187
v -0.830816 -5.197856 4.616613
v -0.835508 -5.199448 4.618059
v -0.840563 -5.200775 4.617283
v -0.829939 -5.198083 4.618136
v -0.833197 -5.199467 4.617957
v -0.836657 -5.200595 4.617444
v -0.834772 -5.200252 4.617256
v -0.845537 -5.201622 4.614332
v -0.840319 -5.200721 4.614845
v -0.845655 -5.201660 4.615923
v -0.840746 -5.201175 4.616133
v -0.836550 -5.200573 4.616412
v -0.835150 -5.199396 4.615646
v -0.833021 -5.199443 4.616827
v -0.831800 -5.199459 4.617705
v -5.098581 -4.164148 2.917314
v -5.094450 -4.162676 2.916080
v -5.097178 -4.164604 2.917684
v -5.095896 -4.164484 2.917580
v -5.094938 -4.163807 2.917016
v -5.086996 -3.410991 3.790032
v -5.091124 -3.412474 3.791275
v -5.087484 -3.412125 3.790971
v -5.088442 -3.412807 3.791537
v -5.089716 -3.412927 3.791643
v -5.033876 -3.808699 2.623650
v -5.037443 -3.806148 2.621562
v -5.033976 -3.807480 2.622643
v -5.034685 -3.806564 2.621893
v -5.035906 -3.806098 2.621514
v -5.029993 -3.054487 3.495535
v -5.026430 -3.057049 3.497632
v -5.028456 -3.054438 3.495487
v -5.027239 -3.054908 3.495868
v -5.026526 -3.055826 3.496621
v -5.099295 -3.811918 3.378798
v -5.095171 -3.810451 3.377566
v -5.097891 -3.812375 3.379167
v -5.096613 -3.812257 3.379062
v -5.095655 -3.811581 3.378500
v -5.038252 -3.454434 3.083472
v -5.034685 -3.456979 3.085554
v -5.036711 -3.454384 3.083423
v -5.035494 -3.454852 3.083802
v -5.034781 -3.455761 3.084550
v -5.014643 -2.641140 3.837238
v -5.011084 -2.643744 3.839369
v -5.013102 -2.641094 3.837192
v -5.011885 -2.641574 3.837581
v -5.011175 -2.642503 3.838346
v -5.071665 -2.997789 4.131851
v -5.075800 -2.999294 4.133116
v -5.072157 -2.998933 4.132799
v -5.073114 -2.999620 4.133372
v -5.074392 -2.999747 4.133483
v -5.002684 -2.086687 4.172704
v -4.999006 -2.090247 4.174383
v -5.001131 -2.086712 4.172623
v -4.999887 -2.087397 4.172915
v -4.999144 -2.088638 4.173533
v -5.048857 -2.555728 4.426202
v -5.052870 -2.558090 4.426970
v -5.049299 -2.557201 4.426960
v -5.050219 -2.558165 4.427372
v -5.051474 -2.558479 4.427376
v -5.027319 -1.038171 4.682006
v -5.022871 -1.049771 4.677634
v -5.027166 -1.037684 4.679962
v -5.025682 -1.040804 4.681555
v -5.024263 -1.043934 4.680566
v -5.025805 -1.038705 4.681216
v -5.024466 -1.040784 4.680424
v -5.024859 -1.039396 4.680184
v -5.023191 -1.046777 4.677426
v -5.024122 -1.043430 4.677796
v -5.023275 -1.047082 4.679188
v -5.023748 -1.043505 4.679116
v -5.024405 -1.040568 4.679250
v -5.027498 -1.036276 4.681361
v -5.025518 -1.040237 4.678686
v -5.025724 -1.038435 4.679867
v -5.025858 -1.037467 4.680781
v -5.023024 -2.066519 4.727619
v -5.022837 -2.075153 4.725760
v -5.019476 -2.072390 4.725237
v -5.023138 -2.068567 4.727487
v -5.023146 -2.070928 4.727088
v -5.021536 -2.067820 4.727966
v -5.021639 -2.069827 4.727727
v -5.021681 -2.071642 4.727495
v -5.021460 -2.075050 4.726468
v -5.020338 -2.074488 4.726619
v -5.023039 -2.073242 4.726482
v -5.021597 -2.073322 4.727001
v -5.020472 -2.073185 4.727276
v -5.019617 -2.071000 4.726674
v -5.020342 -2.069394 4.727632
v -5.019640 -2.073554 4.726186
v -5.019960 -2.072236 4.727073
v -5.020475 -2.070974 4.727718
v -5.088903 -4.464132 2.412216
v -5.084726 -4.463267 2.409876
v -5.087488 -4.464636 2.412503
v -5.086199 -4.464650 2.412160
v -5.085230 -4.464168 2.411237
v -5.018103 -4.158843 1.979105
v -5.021635 -4.156851 1.975836
v -5.018183 -4.157837 1.977646
v -5.018885 -4.157104 1.976512
v -5.020098 -4.156758 1.975877
v -5.066866 -4.737704 1.836848
v -5.070948 -4.740096 1.835773
v -5.067324 -4.739195 1.836905
v -5.068258 -4.740172 1.836721
v -5.069532 -4.740489 1.836324
v -4.973608 -4.687458 0.701319
v -4.973372 -4.685635 0.700908
v -4.970263 -4.683122 0.715227
v -4.973707 -4.687299 0.699983
v -4.972281 -4.686994 0.704494
v -4.972219 -4.686675 0.702247
v -4.972155 -4.686267 0.700928
v -4.971323 -4.685652 0.703193
v -4.971952 -4.684280 0.704056
v -4.970861 -4.683328 0.707881
v -4.973578 -4.686313 0.699761
v -4.972063 -4.685401 0.702039
v -4.970942 -4.684734 0.704592
v -4.970469 -4.684650 0.712021
v -4.971178 -4.686009 0.708250
v -4.970270 -4.682922 0.711804
v -4.970575 -4.684582 0.707960
v -4.971071 -4.685872 0.704750
v -5.197939 -4.108819 2.872139
v -5.194948 -4.114000 2.876402
v -5.197886 -4.110232 2.873307
v -5.197298 -4.111715 2.874527
v -5.196268 -4.113039 2.875613
v -5.187502 -3.362320 3.750356
v -5.190485 -3.357135 3.746093
v -5.188818 -3.361358 3.749570
v -5.189848 -3.360036 3.748483
v -5.190435 -3.358554 3.747263
v -5.145708 -3.826992 2.639297
v -5.150423 -3.831142 2.642746
v -5.147337 -3.827553 2.639767
v -5.148806 -3.828538 2.640588
v -5.149889 -3.829798 2.641634
v -5.142977 -3.079492 3.516726
v -5.138262 -3.075334 3.513270
v -5.142443 -3.078145 3.515611
v -5.141356 -3.076881 3.514562
v -5.139887 -3.075893 3.513740
v -5.198660 -3.756594 3.333627
v -5.195673 -3.761766 3.337880
v -5.198607 -3.758007 3.334791
v -5.198019 -3.759486 3.336009
v -5.196989 -3.760806 3.337093
v -5.151232 -3.479423 3.104648
v -5.146521 -3.475281 3.101207
v -5.150698 -3.478082 3.103539
v -5.149614 -3.476824 3.102496
v -5.148146 -3.475840 3.101677
v -5.127626 -2.666188 3.858463
v -5.122904 -2.661986 3.854972
v -5.127089 -2.664826 3.857335
v -5.126001 -2.663548 3.856276
v -5.124533 -2.662551 3.855446
v -5.172171 -2.949141 4.092201
v -5.175154 -2.943931 4.087914
v -5.173491 -2.948177 4.091411
v -5.174521 -2.946850 4.090320
v -5.175104 -2.945357 4.089092
v -5.115522 -2.112924 4.193352
v -5.110941 -2.107530 4.190438
v -5.115038 -2.111103 4.192445
v -5.113997 -2.109440 4.191571
v -5.112558 -2.108184 4.190868
v -5.149237 -2.507943 4.386058
v -5.152376 -2.501661 4.382394
v -5.150568 -2.506895 4.385316
v -5.151632 -2.505335 4.384359
v -5.152266 -2.503498 4.383333
v -5.135408 -1.058980 4.699455
v -5.135428 -1.058529 4.697696
v -5.139246 -1.074421 4.695658
v -5.135595 -1.057654 4.699366
v -5.136950 -1.062545 4.699343
v -5.137003 -1.060391 4.699139
v -5.137018 -1.059099 4.698810
v -5.137804 -1.061628 4.698378
v -5.136930 -1.062088 4.696750
v -5.138182 -1.066356 4.696031
v -5.136992 -1.060170 4.697922
v -5.138109 -1.063117 4.697533
v -5.139025 -1.070902 4.697288
v -5.138216 -1.066734 4.698582
v -5.138994 -1.070687 4.695647
v -5.138639 -1.066692 4.697358
v -5.138124 -1.063278 4.698614
v -5.118673 -2.016802 4.687331
v -5.123121 -2.018443 4.681381
v -5.119200 -2.025009 4.684849
v -5.120203 -2.017193 4.686353
v -5.121588 -2.017641 4.684879
v -5.118937 -2.018752 4.687014
v -5.120306 -2.018809 4.686010
v -5.121447 -2.018917 4.684987
v -5.121161 -2.020003 4.685023
v -5.122694 -2.020071 4.682438
v -5.121798 -2.021892 4.683468
v -5.122614 -2.018081 4.683131
v -5.122122 -2.019451 4.683781
v -5.121538 -2.020775 4.684375
v -5.119223 -2.023194 4.685672
v -5.119127 -2.020996 4.686432
v -5.120569 -2.023626 4.684315
v -5.120485 -2.021937 4.685023
v -5.120382 -2.020384 4.685672
v -5.188211 -4.409562 2.365655
v -5.185240 -4.414001 2.371315
v -5.188170 -4.410690 2.367357
v -5.187593 -4.411931 2.369030
v -5.186564 -4.413094 2.370420
v -5.129892 -4.177694 1.993570
v -5.134657 -4.181138 1.998502
v -5.131525 -4.178201 1.994153
v -5.133005 -4.179033 1.995296
v -5.134104 -4.180066 1.996822
v -5.167242 -4.689986 1.794890
v -5.170355 -4.683887 1.792892
v -5.168581 -4.688951 1.794271
v -5.169642 -4.687426 1.793674
v -5.170267 -4.685649 1.793189
v -5.081804 -4.707999 0.719032
v -5.086931 -4.704218 0.737567
v -5.081625 -4.706478 0.718640
v -5.083670 -4.707908 0.723163
v -5.085299 -4.707159 0.728132
v -5.083509 -4.707745 0.720856
v -5.084845 -4.707232 0.724243
v -5.084353 -4.707024 0.722396
v -5.086275 -4.704278 0.733126
v -5.085035 -4.704725 0.727971
v -5.086443 -4.705862 0.733192
v -5.085619 -4.705985 0.728322
v -5.084734 -4.706202 0.724172
v -5.081911 -4.707647 0.717159
v -5.083403 -4.705499 0.722884
v -5.083384 -4.706617 0.720721
v -5.083380 -4.707460 0.719474
v -3.474279 -3.834743 4.956126
v -3.476076 -3.836488 4.959934
v -3.475401 -3.835779 4.956398
v -3.476137 -3.836475 4.957217
v -3.476374 -3.836722 4.958459
v -3.535257 -3.102497 4.972807
v -3.533190 -3.100701 4.976812
v -3.534113 -3.101457 4.973130
v -3.533316 -3.100747 4.974005
v -3.532991 -3.100484 4.975297
v -3.876318 -3.415153 4.966564
v -3.878103 -3.416886 4.970365
v -3.877436 -3.416183 4.966835
v -3.878164 -3.416873 4.967654
v -3.878401 -3.417120 4.968893
v -3.133249 -3.522117 4.962367
v -3.131174 -3.520314 4.966374
v -3.132101 -3.521072 4.962690
v -3.131304 -3.520363 4.963566
v -3.130980 -3.520095 4.964859
v -2.705057 -3.877363 4.953319
v -2.702955 -3.875533 4.957330
v -2.703898 -3.876308 4.953642
v -2.703093 -3.875590 4.954519
v -2.702761 -3.875317 4.955812
v -3.046469 -4.190339 4.947070
v -3.048296 -4.192107 4.950893
v -3.047606 -4.191386 4.947343
v -3.048349 -4.192089 4.948165
v -3.048594 -4.192343 4.949412
v -2.606489 -4.477175 4.939547
v -2.608480 -4.478905 4.943386
v -2.607687 -4.478210 4.939820
v -2.608484 -4.478899 4.940645
v -2.608763 -4.479146 4.941897
v -2.250151 -4.170334 4.946563
v -2.247870 -4.168533 4.950586
v -2.248922 -4.169289 4.946889
v -2.248060 -4.168582 4.947768
v -2.247690 -4.168314 4.949067
v -1.344378 -4.815591 4.951641
v -1.334616 -4.819618 4.955880
v -1.340693 -4.817145 4.952004
v -1.337542 -4.818456 4.952937
v -1.335405 -4.819323 4.954298
v -2.122824 -4.717821 4.933161
v -2.127947 -4.718071 4.936866
v -2.125227 -4.718292 4.933371
v -2.127043 -4.718504 4.934149
v -2.128000 -4.718426 4.935376
v -1.406824 -4.557184 4.958609
v -1.401220 -4.556828 4.962806
v -1.404326 -4.556691 4.959002
v -1.402384 -4.556450 4.959938
v -1.401293 -4.556498 4.961274
v -3.890070 -2.622393 4.984499
v -3.888071 -2.620448 4.988510
v -3.888952 -2.621293 4.984824
v -3.888178 -2.620539 4.985700
v -3.887873 -2.620243 4.986995
v -4.225554 -2.952428 4.977848
v -4.227251 -2.954290 4.981643
v -4.226633 -2.953507 4.978117
v -4.227335 -2.954239 4.978934
v -4.227552 -2.954512 4.980171
v -4.710390 -1.575183 5.010054
v -4.714151 -1.567401 5.014498
v -4.711878 -1.572220 5.010449
v -4.713118 -1.569698 5.011431
v -4.713915 -1.568008 5.012853
v -4.373198 -1.684259 5.006841
v -4.372747 -1.679186 5.010929
v -4.372671 -1.681964 5.007194
v -4.372400 -1.680194 5.008096
v -4.372431 -1.679218 5.009406
v -4.563227 -2.422236 4.990571
v -4.563280 -2.426719 4.994302
v -4.563677 -2.424317 4.990816
v -4.563845 -2.425901 4.991611
v -4.563704 -2.426742 4.992835
v -3.437822 -3.803996 5.064612
v -3.433199 -3.799850 5.068536
v -3.437037 -3.803313 5.066095
v -3.435885 -3.802286 5.067362
v -3.434534 -3.801067 5.068218
v -3.563375 -3.130942 5.079984
v -3.567755 -3.135057 5.083871
v -3.564062 -3.131610 5.081490
v -3.565134 -3.132625 5.082757
v -3.566431 -3.133836 5.083593
v -3.839846 -3.384390 5.075057
v -3.835238 -3.380258 5.078975
v -3.839064 -3.383708 5.076538
v -3.837912 -3.382684 5.077803
v -3.836569 -3.381474 5.078658
v -3.161360 -3.550555 5.069544
v -3.165747 -3.554675 5.073431
v -3.162046 -3.551224 5.071049
v -3.163122 -3.552241 5.072317
v -3.164423 -3.553453 5.073154
v -2.733137 -3.905774 5.060493
v -2.737555 -3.909922 5.064383
v -2.733828 -3.906443 5.062000
v -2.734911 -3.907465 5.063269
v -2.736219 -3.908689 5.064105
v -3.010054 -4.159628 5.055541
v -3.005388 -4.155445 5.059480
v -3.009264 -4.158940 5.057030
v -3.008101 -4.157904 5.058302
v -3.006739 -4.156677 5.059162
v -2.570253 -4.446439 5.047988
v -2.565371 -4.442300 5.051960
v -2.569445 -4.445752 5.049487
v -2.568232 -4.444725 5.050769
v -2.566801 -4.443512 5.051636
v -2.278051 -4.198772 5.053740
v -2.282682 -4.202871 5.057626
v -2.278757 -4.199438 5.055249
v -2.279886 -4.200452 5.056516
v -2.281263 -4.201658 5.057351
v -1.330641 -4.818536 5.059384
v -1.341753 -4.813716 5.063356
v -1.331438 -4.818155 5.060951
v -1.333834 -4.817104 5.062256
v -1.337454 -4.815545 5.063100
v -2.089747 -4.685624 5.041405
v -2.080935 -4.683323 5.045614
v -2.088633 -4.685075 5.042931
v -2.086565 -4.684444 5.044266
v -2.083864 -4.683829 5.045209
v -1.431402 -4.587062 5.065956
v -1.440203 -4.589345 5.069627
v -1.432425 -4.587591 5.067448
v -1.434458 -4.588210 5.068670
v -1.437189 -4.588826 5.069435
v -3.918257 -2.650689 5.091677
v -3.922545 -2.654987 5.095562
v -3.918940 -2.651370 5.093183
v -3.919992 -2.652427 5.094450
v -3.921259 -2.653696 5.095286
v -4.188990 -2.921791 5.086341
v -4.184496 -2.917503 5.090260
v -4.188215 -2.921097 5.087821
v -4.187090 -2.920037 5.089086
v -4.185782 -2.918776 5.089943
v -4.710184 -1.566322 5.117717
v -4.705572 -1.575051 5.121766
v -4.709784 -1.566974 5.119331
v -4.708765 -1.568860 5.120668
v -4.707285 -1.571699 5.121523
v -4.402933 -1.709427 5.114093
v -4.405314 -1.717575 5.117888
v -4.403467 -1.710401 5.115593
v -4.404108 -1.712293 5.116841
v -4.404757 -1.714811 5.117646
v -4.525019 -2.394220 5.099001
v -4.522512 -2.386763 5.102996
v -4.524393 -2.393284 5.100487
v -4.523699 -2.391539 5.101768
v -4.523039 -2.389248 5.102649
v -4.716860 -2.126813 5.053415
v -4.719027 -2.118689 5.053602
v -4.717707 -2.125074 5.053456
v -4.718416 -2.122920 5.053506
v -4.718878 -2.120678 5.053559
v -4.703447 -1.014450 5.078620
v -4.705305 -1.014965 5.078613
v -4.704142 -1.013298 5.078647
v -4.705149 -1.013576 5.078644
v -0.814882 -4.823919 5.029163
v -0.815294 -4.825522 5.029079
v -0.813360 -4.825073 5.029178
v -2.601866 -5.261820 5.076731
v -2.602160 -5.266312 5.071918
v -2.601286 -5.263570 5.076320
v -2.601137 -5.265039 5.075260
v -2.601442 -5.266002 5.073715
v -5.168947 -5.202350 2.508796
v -5.164408 -5.206863 2.508551
v -5.168608 -5.204064 2.507986
v -5.167627 -5.205523 2.507654
v -5.166151 -5.206505 2.507854
v -2.611654 -5.208993 2.514106
v -2.612143 -5.212487 2.514585
v -2.611158 -5.210319 2.513593
v -2.611425 -5.212209 2.513853
v -5.163607 -2.685849 5.109730
v -5.159231 -2.685924 5.114094
v -5.163271 -2.685136 5.111398
v -5.162321 -2.684900 5.112814
v -5.160906 -2.685177 5.113760
v -2.606298 -2.690806 5.116680
v -2.606600 -2.691650 5.120241
v -2.605783 -2.690358 5.118028
v -2.605948 -2.690815 5.119955
v -5.170153 -2.631321 2.551530
v -5.173601 -2.632042 2.552597
v -5.171480 -2.630829 2.551085
v -5.172602 -2.630792 2.551132
v -5.173346 -2.631219 2.551663
v -2.806650 -4.785924 5.087480
v -2.803373 -4.790730 5.091597
v -2.805990 -4.786371 5.089099
v -2.805136 -4.787442 5.090451
v -2.804216 -4.788972 5.091327
v -4.691191 -2.945347 5.114627
v -4.686197 -2.947590 5.110440
v -4.689512 -2.946237 5.114310
v -4.687975 -2.946977 5.113404
v -4.686811 -2.947451 5.112044
v -2.816214 -2.949061 5.125379
v -2.819025 -2.951225 5.121189
v -2.817041 -2.949976 5.125075
v -2.817865 -2.950710 5.124172
v -2.818563 -2.951148 5.122809
v -5.162458 -4.730245 2.780905
v -5.166739 -4.734674 2.779106
v -5.164087 -4.730584 2.781000
v -5.165476 -4.731544 2.780691
v -5.166407 -4.732982 2.780026
v -5.159967 -2.930325 4.654876
v -5.164206 -2.927998 4.659596
v -5.161593 -2.930149 4.655356
v -5.162970 -2.929644 4.656421
v -5.163885 -2.928891 4.657910
v -5.171560 -2.884751 2.832739
v -5.167345 -2.887240 2.834454
v -5.171232 -2.885707 2.833719
v -5.170317 -2.886516 2.834390
v -5.168951 -2.887055 2.834648
v -2.835112 -5.255321 4.590754
v -2.837362 -5.250957 4.586190
v -2.835974 -5.254958 4.588979
v -2.836706 -5.254001 4.587487
v -2.837194 -5.252595 4.586508
v -4.690191 -5.211525 2.751475
v -4.685648 -5.207311 2.753895
v -4.688456 -5.211216 2.752372
v -4.686983 -5.210308 2.753147
v -4.685995 -5.208936 2.753681
v -2.839567 -5.216304 2.747039
v -2.841764 -5.212081 2.749383
v -2.840410 -5.215995 2.747907
v -2.841124 -5.215082 2.748657
v -2.841600 -5.213710 2.749177
v -2.842207 -4.774959 4.981189
v -2.838747 -4.779486 4.985329
v -2.841291 -4.776612 4.981470
v -2.840315 -4.778051 4.982355
v -2.839422 -4.779059 4.983711
v -4.672373 -2.945676 5.034016
v -4.667357 -2.947702 5.029764
v -4.671759 -2.945798 5.032408
v -4.670591 -2.946226 5.031034
v -4.669046 -2.946895 5.030106
v -2.836603 -2.945013 5.029679
v -2.840426 -2.947735 5.025381
v -2.837141 -2.945130 5.028054
v -2.838057 -2.945690 5.026667
v -2.839212 -2.946605 5.025728
v -5.068266 -4.725876 2.766393
v -5.072535 -4.730092 2.764924
v -5.068594 -4.727486 2.765599
v -5.069521 -4.728852 2.765041
v -5.070906 -4.729767 2.764804
v -5.061209 -2.932335 4.641445
v -5.065439 -2.930299 4.646147
v -5.061525 -2.931555 4.643125
v -5.062441 -2.930895 4.644608
v -5.063814 -2.930456 4.645668
v -5.069792 -2.886936 2.809799
v -5.065596 -2.890011 2.811674
v -5.068186 -2.887167 2.809617
v -5.066824 -2.887832 2.809909
v -5.065916 -2.888829 2.810631
v -2.837286 -5.160740 4.588199
v -2.839430 -5.156384 4.584040
v -2.837446 -5.159099 4.587911
v -2.837912 -5.157699 4.587020
v -2.838610 -5.156744 4.585660
v -4.685572 -5.117996 2.755888
v -4.681303 -5.113788 2.758095
v -4.685247 -5.116370 2.756085
v -4.684320 -5.114999 2.756574
v -4.682936 -5.114092 2.757279
v -2.841688 -5.119520 2.751436
v -2.844694 -5.115328 2.754544
v -2.841917 -5.117895 2.751701
v -2.842566 -5.116528 2.752384
v -2.843546 -5.115626 2.753383
v -4.669909 -4.781220 5.033207
v -4.674181 -4.776961 5.033290
v -4.671541 -4.780896 5.033211
v -4.672926 -4.779973 5.033228
v -4.673853 -4.778589 5.033255
v -4.681253 -1.115158 5.111195
v -4.684389 -1.116305 5.111166
v -4.682459 -1.114291 5.111212
v -4.684153 -1.114915 5.111195
v -5.123346 -4.687051 0.949026
v -5.123354 -4.683914 0.947688
v -5.123350 -4.686779 0.947546
v -5.123354 -4.686088 0.946772
v -5.123354 -4.685082 0.946821
v -5.113771 -1.091490 4.699610
v -5.113783 -1.090202 4.696626
v -5.113775 -1.090087 4.699419
v -5.113779 -1.089389 4.697803
v -4.681219 -5.202608 4.587417
v -4.676950 -5.202707 4.591666
v -4.680891 -5.202644 4.589047
v -4.679964 -5.202676 4.590426
v -4.678579 -5.202696 4.591347
v -0.996466 -5.208925 4.579714
v -0.997698 -5.208989 4.582723
v -0.995630 -5.208953 4.580862
v -0.996298 -5.208987 4.582491
v -0.976091 -4.784188 5.039612
v -0.974512 -4.780944 5.039685
v -0.974478 -4.783942 5.039620
v -0.973612 -4.783238 5.039637
v -0.973623 -4.782185 5.039659
v -5.111635 -4.769136 4.601414
v -5.111647 -4.773295 4.597040
v -5.111635 -4.770758 4.601045
v -5.111635 -4.772119 4.600086
v -5.111643 -4.773010 4.598679
v -4.686987 -5.122677 0.921106
v -4.690004 -5.122698 0.922366
v -4.688147 -5.122658 0.920282
v -4.689775 -5.122670 0.920964
v -3.667921 -5.091985 3.438862
v -3.669500 -5.095890 3.440625
v -3.668924 -5.092316 3.440003
v -3.669577 -5.093174 3.440738
v -3.669779 -5.094429 3.440957
v -2.934320 -5.085678 3.483191
v -2.932444 -5.089581 3.481006
v -2.933294 -5.085944 3.482018
v -2.932581 -5.086780 3.481190
v -2.932280 -5.088058 3.480835
v -3.239111 -5.096494 3.831167
v -3.240686 -5.100399 3.832922
v -3.240110 -5.096825 3.832305
v -3.240759 -5.097681 3.833038
v -3.240961 -5.098938 3.833254
v -3.363150 -5.081169 3.090908
v -3.361269 -5.085072 3.088719
v -3.362124 -5.081435 3.089733
v -3.361406 -5.082269 3.088905
v -3.361105 -5.083547 3.088549
v -3.728209 -5.075408 2.670994
v -3.726309 -5.079314 2.668780
v -3.727175 -5.075673 2.669810
v -3.726450 -5.076509 2.668973
v -3.726145 -5.077789 2.668612
v -4.033327 -5.086239 3.019346
v -4.034933 -5.090152 3.021136
v -4.034342 -5.086568 3.020498
v -4.035002 -5.087424 3.021243
v -4.035208 -5.088685 3.021467
v -4.330252 -5.079499 2.586112
v -4.331820 -5.083436 2.588053
v -4.331251 -5.079831 2.587324
v -4.331900 -5.080695 2.588119
v -4.332102 -5.081963 2.588375
v -4.031546 -5.068450 2.225147
v -4.029680 -5.072359 2.222781
v -4.030527 -5.068712 2.223904
v -4.029810 -5.069549 2.223018
v -4.029516 -5.070828 2.222623
v -4.696062 -5.056185 1.384572
v -4.700159 -5.060157 1.375395
v -4.697683 -5.056440 1.381135
v -4.699030 -5.057283 1.378185
v -4.699900 -5.058589 1.376169
v -4.581911 -5.071313 2.108295
v -4.582014 -5.075328 2.113197
v -4.582354 -5.071666 2.110643
v -4.582529 -5.072556 2.112399
v -4.582407 -5.073840 2.113296
v -4.436193 -5.054917 1.443531
v -4.435793 -5.058777 1.438208
v -4.435732 -5.055162 1.441155
v -4.435492 -5.055981 1.439311
v -4.435514 -5.057252 1.438275
v -2.446096 -5.088511 3.826924
v -2.444067 -5.092415 3.824807
v -2.445013 -5.088775 3.825777
v -2.444246 -5.089612 3.824972
v -2.443914 -5.090890 3.824631
v -2.768396 -5.099362 4.168686
v -2.770113 -5.103273 4.170357
v -2.769449 -5.099692 4.169792
v -2.770147 -5.100552 4.170499
v -2.770380 -5.101810 4.170697
v -1.381743 -5.095171 4.598063
v -1.372660 -5.099317 4.601866
v -1.378321 -5.095485 4.599593
v -1.375391 -5.096385 4.600854
v -1.373404 -5.097730 4.601651
v -1.497210 -5.089393 4.288375
v -1.491720 -5.093300 4.287872
v -1.494803 -5.089658 4.287845
v -1.492914 -5.090495 4.287564
v -1.491835 -5.091773 4.287573
v -2.230577 -5.100741 4.469548
v -2.235415 -5.104665 4.469533
v -2.232828 -5.101070 4.470012
v -2.234537 -5.101929 4.470172
v -2.235445 -5.103193 4.470003
v -3.634508 -5.198653 3.399527
v -3.630335 -5.202350 3.394720
v -3.633791 -5.200100 3.398696
v -3.632750 -5.201311 3.397490
v -3.631533 -5.202101 3.396094
v -2.958609 -5.194270 3.509736
v -2.962492 -5.198375 3.514124
v -2.959211 -5.195810 3.510408
v -2.960161 -5.197131 3.511477
v -2.961313 -5.198032 3.512782
v -3.205690 -5.203162 3.791824
v -3.201525 -5.206859 3.787026
v -3.204977 -5.204608 3.790992
v -3.203936 -5.205820 3.789789
v -3.202723 -5.206610 3.788395
v -3.387434 -5.189757 3.117450
v -3.391321 -5.193867 3.121840
v -3.388037 -5.191299 3.118121
v -3.388987 -5.192619 3.119191
v -3.390142 -5.193523 3.120498
v -3.752470 -5.183992 2.697508
v -3.756380 -5.188106 2.701926
v -3.753077 -5.185533 2.698182
v -3.754030 -5.186857 2.699258
v -3.755190 -5.187761 2.700573
v -3.999945 -5.192896 2.980045
v -3.995741 -5.196602 2.975204
v -3.999228 -5.194346 2.979210
v -3.998179 -5.195559 2.977996
v -3.996954 -5.196351 2.976590
v -4.296843 -5.186145 2.546977
v -4.292681 -5.189863 2.541939
v -4.296125 -5.187599 2.546124
v -4.295084 -5.188817 2.544868
v -4.293875 -5.189612 2.543398
v -4.055841 -5.177024 2.251506
v -4.059702 -5.181148 2.256110
v -4.056440 -5.178569 2.252194
v -4.057386 -5.179895 2.253311
v -4.058531 -5.180800 2.254686
v -4.695799 -5.163410 1.369281
v -4.690569 -5.167745 1.379615
v -4.695349 -5.165010 1.369991
v -4.694197 -5.166399 1.372204
v -4.692518 -5.167358 1.375584
v -4.547052 -5.177986 2.072140
v -4.544745 -5.181663 2.063332
v -4.546476 -5.179447 2.070999
v -4.545836 -5.180658 2.068923
v -4.545229 -5.181435 2.066232
v -4.461950 -5.163436 1.466930
v -4.463949 -5.167629 1.475278
v -4.462408 -5.164986 1.467903
v -4.462954 -5.166329 1.469831
v -4.463491 -5.167255 1.472421
v -2.470232 -5.197100 3.853538
v -2.474306 -5.201208 3.857835
v -2.470850 -5.198642 3.854202
v -2.471838 -5.199963 3.855252
v -2.473055 -5.200865 3.856527
v -2.735125 -5.206022 4.129266
v -2.730772 -5.209727 4.124566
v -2.734396 -5.207469 4.128442
v -2.733313 -5.208683 4.127259
v -2.732039 -5.209476 4.125898
v -1.368303 -5.202543 4.595753
v -1.378515 -5.206701 4.590784
v -1.369028 -5.204134 4.595299
v -1.371222 -5.205485 4.594196
v -1.374556 -5.206384 4.592610
v -1.517885 -5.197980 4.316601
v -1.526270 -5.202089 4.318886
v -1.518831 -5.199523 4.317112
v -1.520758 -5.200844 4.317725
v -1.523367 -5.201746 4.318349
v -2.200434 -5.207380 4.428455
v -2.192232 -5.211107 4.425819
v -2.199411 -5.208835 4.427786
v -2.197496 -5.210055 4.427050
v -2.194975 -5.210853 4.426359
v -0.817736 -5.145516 4.602250
v -0.818193 -5.145559 4.603925
v -0.816813 -5.145543 4.603810
v -4.712973 -5.101474 0.907750
v -4.714693 -5.101505 0.908296
v -4.714609 -5.101473 0.906899
v -5.092089 -3.614224 3.591683
v -5.096212 -3.615697 3.592919
v -5.092577 -3.615354 3.592618
v -5.093531 -3.616032 3.593181
v -5.094809 -3.616152 3.593287
v -5.035421 -3.640093 2.859353
v -5.038988 -3.637549 2.857270
v -5.035517 -3.638876 2.858348
v -5.036230 -3.637965 2.857600
v -5.037447 -3.637498 2.857221
v -5.095942 -3.993761 3.151526
v -5.100069 -3.995229 3.152758
v -5.096430 -3.994889 3.152461
v -5.097384 -3.995567 3.153023
v -5.098661 -3.995685 3.153127
v -5.031572 -3.260574 3.299526
v -5.035139 -3.258025 3.297439
v -5.031668 -3.259354 3.298520
v -5.032377 -3.258443 3.297770
v -5.033598 -3.257976 3.297390
v -5.019617 -2.851995 3.677080
v -5.023180 -2.849415 3.674968
v -5.019712 -2.850762 3.676064
v -5.020422 -2.849841 3.675306
v -5.021639 -2.849367 3.674922
v -5.080202 -3.206053 3.969578
v -5.084333 -3.207546 3.970830
v -5.080694 -3.207193 3.970520
v -5.081652 -3.207875 3.971089
v -5.082930 -3.207999 3.971198
v -5.061255 -2.782571 4.280901
v -5.065374 -2.784197 4.282106
v -5.061739 -2.783760 4.281825
v -5.062693 -2.784488 4.282379
v -5.063971 -2.784643 4.282477
v -5.002016 -2.414630 3.993514
v -5.005587 -2.411892 3.991430
v -5.002111 -2.413338 3.992509
v -5.002825 -2.412363 3.991760
v -5.004046 -2.411855 3.991380
v -5.021082 -1.560757 4.701408
v -5.025324 -1.552584 4.704840
v -5.021406 -1.557815 4.702869
v -5.022326 -1.555226 4.704035
v -5.023703 -1.553392 4.704726
v -5.034525 -2.314732 4.576066
v -5.038309 -2.318631 4.575905
v -5.034880 -2.316793 4.576468
v -5.035723 -2.318257 4.576579
v -5.036928 -2.318903 4.576381
v -5.007528 -1.612018 4.410852
v -5.011435 -1.606563 4.410060
v -5.007753 -1.609687 4.410341
v -5.008574 -1.607832 4.410011
v -5.009867 -1.606734 4.409911
v -5.029421 -3.969849 2.361612
v -5.032988 -3.967372 2.359373
v -5.029516 -3.968655 2.360546
v -5.030226 -3.967768 2.359747
v -5.031446 -3.967314 2.359335
v -5.090773 -4.317768 2.671432
v -5.094915 -4.319158 2.672808
v -5.091265 -4.318869 2.672423
v -5.092222 -4.319520 2.673033
v -5.093508 -4.319622 2.673168
v -5.018541 -4.710400 1.275786
v -5.022295 -4.713623 1.266319
v -5.018724 -4.711812 1.272305
v -5.019503 -4.712921 1.269284
v -5.020754 -4.713557 1.267182
v -4.996912 -4.405254 1.401047
v -5.000353 -4.404296 1.395309
v -4.996958 -4.404643 1.398643
v -4.997629 -4.404246 1.396708
v -4.998819 -4.404124 1.395537
v -5.076315 -4.603654 2.125698
v -5.080565 -4.603445 2.130233
v -5.076841 -4.604146 2.127901
v -5.077837 -4.604280 2.129536
v -5.079145 -4.604033 2.130355
v -5.192591 -3.565543 3.552000
v -5.195578 -3.560367 3.547744
v -5.193911 -3.564581 3.551213
v -5.194941 -3.563261 3.550128
v -5.195524 -3.561780 3.548910
v -5.147257 -3.658396 2.875006
v -5.151968 -3.662538 2.878447
v -5.148882 -3.658954 2.875475
v -5.150351 -3.659939 2.876294
v -5.151434 -3.661197 2.877338
v -5.196444 -3.945078 3.111842
v -5.199430 -3.939903 3.107587
v -5.197760 -3.944116 3.111056
v -5.198790 -3.942794 3.109970
v -5.199377 -3.941316 3.108752
v -5.143404 -3.278870 3.315173
v -5.148119 -3.283018 3.318619
v -5.145033 -3.279432 3.315644
v -5.146502 -3.280417 3.316464
v -5.147585 -3.281677 3.317508
v -5.131445 -2.870258 3.692703
v -5.136164 -2.874438 3.696174
v -5.133074 -2.870820 3.693175
v -5.134542 -2.871813 3.694000
v -5.135626 -2.873083 3.695053
v -5.180712 -3.157394 3.929912
v -5.183695 -3.152199 3.925638
v -5.182028 -3.156432 3.929124
v -5.183058 -3.155106 3.928035
v -5.183641 -3.153619 3.926810
v -5.161745 -2.734050 4.241192
v -5.164747 -2.728689 4.236981
v -5.163065 -2.733074 4.240409
v -5.164099 -2.731712 4.239332
v -5.164690 -2.730172 4.238129
v -5.113848 -2.432735 4.009164
v -5.118555 -2.437103 4.012590
v -5.115477 -2.433312 4.009632
v -5.116941 -2.434345 4.010448
v -5.118025 -2.435676 4.011487
v -5.126860 -1.538088 4.693375
v -5.131102 -1.545967 4.688510
v -5.128481 -1.538501 4.692858
v -5.129858 -1.540145 4.691753
v -5.130777 -1.542766 4.690225
v -5.134672 -2.268484 4.534993
v -5.138094 -2.260364 4.532450
v -5.136023 -2.267297 4.534336
v -5.137148 -2.265340 4.533623
v -5.137877 -2.262904 4.532960
v -5.119692 -1.627407 4.427794
v -5.123991 -1.635126 4.429611
v -5.121290 -1.628240 4.428139
v -5.122667 -1.629999 4.428606
v -5.123617 -1.632418 4.429123
v -5.141249 -3.988216 2.377107
v -5.145968 -3.992274 2.380745
v -5.142878 -3.988769 2.377593
v -5.144346 -3.989735 2.378454
v -5.145433 -3.990965 2.379562
v -5.191271 -4.269019 2.631900
v -5.194262 -4.263931 2.627453
v -5.192591 -4.268062 2.631098
v -5.193625 -4.266760 2.629971
v -5.194208 -4.265309 2.628691
v -5.124125 -4.699086 1.254820
v -5.128614 -4.694059 1.264863
v -5.125723 -4.698527 1.255439
v -5.127138 -4.697373 1.257566
v -5.128153 -4.695806 1.260876
v -5.108610 -4.425139 1.413041
v -5.113489 -4.427300 1.421038
v -5.110250 -4.425548 1.413860
v -5.111753 -4.426102 1.415666
v -5.112894 -4.426716 1.418187
v -5.176886 -4.553322 2.089339
v -5.179781 -4.550186 2.080991
v -5.178206 -4.552512 2.088238
v -5.179216 -4.551631 2.086264
v -5.179773 -4.550816 2.083720
v -5.027498 -4.696057 0.709774
v -5.027704 -4.697733 0.710178
v -5.027578 -4.697585 0.708806
v -5.081297 -1.048106 4.688830
v -5.081358 -1.048577 4.690734
v -5.081331 -1.046959 4.689535
v -5.081366 -1.047214 4.690566
v -5.071016 -2.050083 4.705303
v -5.070837 -2.041663 4.707474
v -5.070932 -2.048319 4.706159
v -5.070868 -2.046101 4.706873
v -5.070833 -2.043764 4.707334
v -4.700087 -1.111468 5.146999
v -4.691050 -5.171274 0.915365
vt 0.676839 0.644729
vt 0.676839 0.644666
vt 0.676839 0.644607
vt 0.535864 0.437685
vt 0.534050 0.441630
vt 0.532560 0.439158
vt 0.803955 0.514879
vt 0.804019 0.526801
vt 0.801743 0.515356
vt 0.530835 0.443277
vt 0.529196 0.447590
vt 0.527710 0.445119
vt 0.782168 0.554935
vt 0.784441 0.567632
vt 0.781776 0.567695
vt 0.521891 0.449289
vt 0.517816 0.449012
vt 0.520405 0.446815
vt 0.801079 0.504280
vt 0.799023 0.504785
vt 0.779408 0.507397
vt 0.779396 0.496757
vt 0.781396 0.507168
vt 0.781614 0.529796
vt 0.784558 0.542041
vt 0.782114 0.542181
vt 0.523224 0.444674
vt 0.526224 0.442650
vt 0.526195 0.449618
vt 0.524709 0.447146
vt 0.783626 0.580468
vt 0.780874 0.580467
vt 0.809543 0.589383
vt 0.807382 0.576712
vt 0.810193 0.576479
vt 0.810168 0.563794
vt 0.806896 0.551517
vt 0.809506 0.551170
vt 0.782047 0.594302
vt 0.779215 0.594213
vt 0.778835 0.613582
vt 0.775938 0.613418
vt 0.806132 0.616718
vt 0.805224 0.602828
vt 0.808190 0.602730
vt 0.519301 0.451487
vt 0.515433 0.451282
vt 0.773483 0.642113
vt 0.770527 0.641938
vt 0.767278 0.676461
vt 0.764290 0.676328
vt 0.803238 0.631136
vt 0.803105 0.616722
vt 0.514643 0.456224
vt 0.511112 0.456216
vt 0.513215 0.453666
vt 0.797895 0.494560
vt 0.795997 0.495069
vt 0.794520 0.485313
vt 0.792765 0.485805
vt 0.774155 0.484295
vt 0.769908 0.467530
vt 0.775757 0.483961
vt 0.532322 0.445748
vt 0.791031 0.476156
vt 0.789386 0.476647
vt 0.787340 0.467255
vt 0.785809 0.467843
vt 0.768527 0.467807
vt 0.764811 0.451492
vt 0.541756 0.438631
vt 0.539070 0.442599
vt 0.537467 0.440142
vt 0.801669 0.527211
vt 0.799538 0.515804
vt 0.795861 0.553376
vt 0.804391 0.564418
vt 0.796001 0.566045
vt 0.784730 0.554829
vt 0.787114 0.567548
vt 0.786768 0.580408
vt 0.794428 0.592087
vt 0.785311 0.594323
vt 0.796973 0.505258
vt 0.794099 0.495548
vt 0.783923 0.529626
vt 0.785007 0.517720
vt 0.786239 0.529428
vt 0.787008 0.541876
vt 0.782843 0.517947
vt 0.783394 0.506907
vt 0.805748 0.538972
vt 0.807452 0.564088
vt 0.804295 0.551839
vt 0.804746 0.564359
vt 0.784896 0.594378
vt 0.787467 0.567505
vt 0.795570 0.578762
vt 0.806650 0.589550
vt 0.804583 0.576924
vt 0.803768 0.589697
vt 0.776437 0.642284
vt 0.792067 0.608313
vt 0.782141 0.613612
vt 0.802269 0.602910
vt 0.800213 0.630899
vt 0.800102 0.616711
vt 0.770260 0.676592
vt 0.796705 0.505302
vt 0.792309 0.516915
vt 0.790202 0.506241
vt 0.781209 0.496442
vt 0.777365 0.483604
vt 0.791007 0.486272
vt 0.787747 0.477122
vt 0.787640 0.496147
vt 0.790735 0.486269
vt 0.793839 0.495580
vt 0.771284 0.467229
vt 0.765435 0.451605
vt 0.784320 0.468409
vt 0.780684 0.518143
vt 0.775310 0.457232
vt 0.785669 0.467644
vt 0.774539 0.458217
vt 0.784321 0.468386
vt 0.773752 0.459185
vt 0.785292 0.517694
vt 0.783660 0.506879
vt 0.787299 0.554700
vt 0.786552 0.529397
vt 0.547453 0.436937
vt 0.544138 0.440974
vt 0.529347 0.440807
vt 0.777621 0.483627
vt 0.779207 0.472325
vt 0.784056 0.485085
vt 0.505753 0.468183
vt 0.503761 0.474425
vt 0.505111 0.468099
vt 0.786568 0.654751
vt 0.770451 0.676644
vt 0.784079 0.653561
vt 0.804218 0.576985
vt 0.808238 0.538580
vt 0.799252 0.515854
vt 0.794007 0.528458
vt 0.803265 0.539339
vt 0.553879 0.435154
vt 0.551720 0.439004
vt 0.547054 0.433459
vt 0.543175 0.434866
vt 0.784265 0.468493
vt 0.787453 0.477095
vt 0.771608 0.467430
vt 0.773891 0.459643
vt 0.512149 0.459358
vt 0.509082 0.458963
vt 0.520786 0.453962
vt 0.516917 0.453757
vt 0.786394 0.580450
vt 0.799587 0.616961
vt 0.788246 0.629338
vt 0.523377 0.451763
vt 0.518401 0.456232
vt 0.795196 0.540730
vt 0.787337 0.541841
vt 0.777596 0.497040
vt 0.643460 0.553072
vt 0.675450 0.522769
vt 0.644616 0.553378
vt 0.781477 0.496413
vt 0.509163 0.463485
vt 0.507192 0.461678
vt 0.509165 0.468035
vt 0.505855 0.468080
vt 0.776872 0.641972
vt 0.783994 0.652842
vt 0.770757 0.675542
vt 0.797053 0.630613
vt 0.764829 0.451503
vt 0.764649 0.450839
vt 0.539373 0.436286
vt 0.764883 0.452073
vt 0.801840 0.603043
vt 0.806377 0.526364
vt 0.787640 0.554660
vt 0.803387 0.589774
vt 0.789054 0.655918
vt 0.516068 0.458783
vt 0.781738 0.613738
vt 0.797247 0.630656
vt 0.803951 0.551897
vt 0.802939 0.539396
vt 0.801364 0.527265
vt 0.535540 0.444103
vt 0.513172 0.462501
vt 0.689125 0.463210
vt 0.605553 0.460959
vt 0.707104 0.457047
vt 0.586453 0.527941
vt 0.540595 0.507567
vt 0.586818 0.526888
vt 0.542691 0.507429
vt 0.587185 0.525838
vt 0.626673 0.535333
vt 0.615669 0.502067
vt 0.643339 0.502040
vt 0.644881 0.655468
vt 0.564970 0.618630
vt 0.569248 0.614687
vt 0.674892 0.521551
vt 0.714232 0.490585
vt 0.634385 0.601876
vt 0.641207 0.650126
vt 0.633215 0.602116
vt 0.610174 0.485458
vt 0.659990 0.468778
vt 0.676831 0.644978
vt 0.720926 0.574270
vt 0.673916 0.664693
vt 0.530287 0.543748
vt 0.581304 0.549905
vt 0.532645 0.545285
vt 0.667082 0.585662
vt 0.698918 0.566080
vt 0.686706 0.617470
vt 0.622178 0.560312
vt 0.580946 0.550968
vt 0.721253 0.469503
vt 0.726269 0.576057
vt 0.514568 0.530269
vt 0.560135 0.623006
vt 0.499190 0.516335
vt 0.657055 0.670252
vt 0.715645 0.572606
vt 0.714455 0.490667
vt 0.715985 0.487669
vt 0.656007 0.595474
vt 0.644571 0.553551
vt 0.656933 0.595139
vt 0.630452 0.545132
vt 0.577957 0.536834
vt 0.582343 0.532174
vt 0.604007 0.455769
vt 0.726030 0.450761
vt 0.643181 0.553098
vt 0.672866 0.515916
vt 0.674831 0.521346
vt 0.677124 0.642080
vt 0.714150 0.572481
vt 0.677908 0.398121
vt 0.617999 0.403266
vt 0.645166 0.354058
vt 0.628166 0.554336
vt 0.577897 0.537086
vt 0.631906 0.550518
vt 0.664223 0.508171
vt 0.658644 0.506708
vt 0.651933 0.600024
vt 0.655851 0.595599
vt 0.670632 0.510100
vt 0.726356 0.450998
vt 0.670437 0.509930
vt 0.623942 0.558759
vt 0.623106 0.559610
vt 0.530173 0.543998
vt 0.570396 0.613093
vt 0.569469 0.614424
vt 0.518692 0.511588
vt 0.499322 0.515973
vt 0.642547 0.652364
vt 0.644264 0.654784
vt 0.635557 0.601632
vt 0.642770 0.652236
vt 0.637394 0.551718
vt 0.647451 0.604916
vt 0.632120 0.550457
vt 0.529540 0.543436
vt 0.579863 0.543308
vt 0.581651 0.548653
vt 0.628807 0.539486
vt 0.670517 0.685508
vt 0.712921 0.493247
vt 0.676007 0.523991
vt 0.628644 0.539258
vt 0.628309 0.538111
vt 0.607034 0.465935
vt 0.685975 0.464875
vt 0.607443 0.467332
vt 0.650741 0.447329
vt 0.710649 0.442184
vt 0.538126 0.507425
vt 0.540582 0.507334
vt 0.628821 0.539206
vt 0.657575 0.505942
vt 0.658457 0.506638
vt 0.647197 0.604988
vt 0.641154 0.603285
vt 0.581667 0.548844
vt 0.622978 0.559486
vt 0.670148 0.685599
vt 0.590832 0.452474
vt 0.648883 0.416238
vt 0.631959 0.550301
vt 0.627988 0.537004
vt 0.607848 0.468717
vt 0.542679 0.507210
vt 0.683956 0.466022
vt 0.645683 0.553837
vt 0.657856 0.594802
vt 0.713113 0.493337
vt 0.677254 0.640437
vt 0.712666 0.572352
vt 0.532526 0.545507
vt 0.571321 0.611772
vt 0.622302 0.560431
vt 0.641025 0.650239
vt 0.716283 0.486836
vt 0.715982 0.572667
vt 0.676744 0.644145
vt 0.676880 0.642123
vt 0.677039 0.640445
vt 0.645726 0.553672
vt 0.624059 0.558508
vt 0.621327 0.561177
vt 0.596553 0.586486
vt 0.583817 0.561504
vt 0.584184 0.599122
vt 0.546343 0.561830
vt 0.586330 0.528098
vt 0.537303 0.507591
vt 0.593500 0.518727
vt 0.560358 0.502137
vt 0.628479 0.538061
vt 0.656693 0.505250
vt 0.679300 0.534247
vt 0.711130 0.514690
vt 0.647438 0.553823
vt 0.681775 0.561998
vt 0.635760 0.601660
vt 0.621676 0.598813
vt 0.622025 0.636412
vt 0.534638 0.546655
vt 0.606940 0.465616
vt 0.686100 0.465095
vt 0.688398 0.463755
vt 0.684060 0.466206
vt 0.544038 0.449411
vt 0.542370 0.453432
vt 0.540800 0.450989
vt 0.465580 0.545636
vt 0.467732 0.533572
vt 0.467978 0.545578
vt 0.539155 0.455169
vt 0.537520 0.459580
vt 0.535997 0.457058
vt 0.491477 0.509193
vt 0.490231 0.497753
vt 0.492562 0.497857
vt 0.530039 0.461231
vt 0.525924 0.460842
vt 0.528588 0.458695
vt 0.466320 0.557610
vt 0.468719 0.557519
vt 0.491580 0.557422
vt 0.490734 0.570391
vt 0.489245 0.557543
vt 0.490526 0.533177
vt 0.488441 0.521019
vt 0.490776 0.521043
vt 0.531461 0.456581
vt 0.534493 0.454559
vt 0.534428 0.461643
vt 0.532939 0.459100
vt 0.491720 0.486785
vt 0.494044 0.486935
vt 0.470796 0.477221
vt 0.471280 0.487982
vt 0.468884 0.487870
vt 0.467404 0.498687
vt 0.468712 0.509932
vt 0.466318 0.509889
vt 0.493784 0.475472
vt 0.496087 0.475667
vt 0.497130 0.460783
vt 0.499391 0.461002
vt 0.476197 0.455519
vt 0.475613 0.466697
vt 0.473209 0.466491
vt 0.527347 0.463392
vt 0.523445 0.463041
vt 0.501953 0.440459
vt 0.504234 0.440621
vt 0.506639 0.416232
vt 0.509148 0.415864
vt 0.479854 0.444613
vt 0.478611 0.455806
vt 0.522421 0.467980
vt 0.518849 0.467784
vt 0.521104 0.465335
vt 0.467521 0.569546
vt 0.469922 0.569424
vt 0.469226 0.581815
vt 0.471633 0.581662
vt 0.496276 0.587803
vt 0.499762 0.613723
vt 0.493960 0.588049
vt 0.540711 0.457663
vt 0.471472 0.594736
vt 0.473883 0.594557
vt 0.474055 0.608040
vt 0.476467 0.607851
vt 0.502064 0.613451
vt 0.506855 0.643956
vt 0.549946 0.450114
vt 0.547506 0.454227
vt 0.545755 0.451808
vt 0.470121 0.533552
vt 0.470371 0.545521
vt 0.478908 0.509531
vt 0.472502 0.498827
vt 0.479992 0.498256
vt 0.489143 0.509130
vt 0.487890 0.497649
vt 0.489068 0.486647
vt 0.483488 0.476418
vt 0.491154 0.475294
vt 0.471113 0.557427
vt 0.472319 0.569300
vt 0.488190 0.533197
vt 0.486114 0.545470
vt 0.485848 0.533218
vt 0.486097 0.520997
vt 0.488459 0.545403
vt 0.486900 0.557664
vt 0.468007 0.521606
vt 0.469798 0.498763
vt 0.471100 0.509977
vt 0.472185 0.498840
vt 0.491470 0.475271
vt 0.487573 0.497661
vt 0.481478 0.487379
vt 0.473195 0.477374
vt 0.473667 0.488095
vt 0.475585 0.477530
vt 0.499693 0.440294
vt 0.486446 0.463746
vt 0.494547 0.460632
vt 0.478005 0.466904
vt 0.482118 0.445071
vt 0.480990 0.456086
vt 0.504263 0.417171
vt 0.471429 0.557426
vt 0.478200 0.545496
vt 0.478961 0.557545
vt 0.488389 0.570577
vt 0.491636 0.588296
vt 0.474035 0.581506
vt 0.476292 0.594378
vt 0.480307 0.569931
vt 0.474363 0.581576
vt 0.472637 0.569311
vt 0.497455 0.613996
vt 0.504572 0.644146
vt 0.478881 0.607660
vt 0.490794 0.545335
vt 0.561290 0.445655
vt 0.554835 0.444726
vt 0.561345 0.445044
vt 0.555060 0.444086
vt 0.561399 0.444431
vt 0.485798 0.545474
vt 0.486583 0.557666
vt 0.486800 0.509068
vt 0.485532 0.533223
vt 0.555316 0.448199
vt 0.552480 0.452260
vt 0.537623 0.452703
vt 0.491308 0.588227
vt 0.486905 0.604195
vt 0.482814 0.584877
vt 0.490714 0.428801
vt 0.502779 0.415437
vt 0.492414 0.429895
vt 0.504112 0.417106
vt 0.494118 0.430986
vt 0.473985 0.488080
vt 0.465614 0.521592
vt 0.470687 0.545517
vt 0.477941 0.533389
vt 0.470395 0.521619
vt 0.561179 0.445726
vt 0.559642 0.449565
vt 0.554603 0.445432
vt 0.551103 0.446559
vt 0.479177 0.607566
vt 0.476643 0.594571
vt 0.497100 0.613792
vt 0.491674 0.625661
vt 0.519748 0.470899
vt 0.516650 0.470418
vt 0.528778 0.465970
vt 0.524841 0.465605
vt 0.489385 0.486633
vt 0.481355 0.455902
vt 0.490566 0.448249
vt 0.531498 0.463791
vt 0.526243 0.468199
vt 0.478203 0.521315
vt 0.485782 0.521005
vt 0.493067 0.570206
vt 0.549935 0.459504
vt 0.548250 0.463561
vt 0.546652 0.461107
vt 0.488071 0.570568
vt 0.516570 0.474589
vt 0.514648 0.472992
vt 0.516357 0.478780
vt 0.512967 0.478516
vt 0.499359 0.440490
vt 0.494092 0.431474
vt 0.503850 0.417849
vt 0.484597 0.445630
vt 0.567941 0.445433
vt 0.567999 0.446123
vt 0.547447 0.447933
vt 0.567804 0.444787
vt 0.478339 0.466833
vt 0.465333 0.533592
vt 0.486484 0.509078
vt 0.475906 0.477507
vt 0.523736 0.470652
vt 0.494868 0.460558
vt 0.484333 0.445515
vt 0.471416 0.509966
vt 0.470710 0.521612
vt 0.470436 0.533546
vt 0.543968 0.455903
vt 0.520618 0.474026
vt 0.769734 0.550597
vt 0.767754 0.562480
vt 0.767374 0.550670
vt 0.545033 0.465338
vt 0.543468 0.469782
vt 0.541898 0.467290
vt 0.744795 0.587251
vt 0.746437 0.598664
vt 0.744094 0.598646
vt 0.536032 0.471612
vt 0.531896 0.471344
vt 0.534507 0.469111
vt 0.768985 0.538830
vt 0.766620 0.538913
vt 0.743874 0.538988
vt 0.744737 0.526055
vt 0.746205 0.538865
vt 0.745142 0.563234
vt 0.747487 0.575345
vt 0.745153 0.575381
vt 0.537338 0.466915
vt 0.540339 0.464814
vt 0.540429 0.471908
vt 0.538879 0.469404
vt 0.745369 0.609766
vt 0.743011 0.609703
vt 0.766891 0.618138
vt 0.765723 0.607539
vt 0.768089 0.607519
vt 0.769046 0.596814
vt 0.767359 0.585791
vt 0.769718 0.585759
vt 0.743784 0.621412
vt 0.741408 0.621284
vt 0.741207 0.637090
vt 0.738839 0.636894
vt 0.764337 0.640718
vt 0.763202 0.629154
vt 0.765598 0.629099
vt 0.533402 0.473855
vt 0.529479 0.473631
vt 0.737232 0.659544
vt 0.734874 0.659313
vt 0.732561 0.685748
vt 0.730315 0.685360
vt 0.763128 0.652569
vt 0.761928 0.640797
vt 0.528636 0.478618
vt 0.524959 0.478547
vt 0.527198 0.476014
vt 0.767889 0.527064
vt 0.765513 0.527160
vt 0.766377 0.514901
vt 0.763984 0.515027
vt 0.739538 0.508726
vt 0.737246 0.483386
vt 0.741819 0.508543
vt 0.546622 0.467817
vt 0.764296 0.502072
vt 0.761891 0.502243
vt 0.761596 0.488894
vt 0.759295 0.489263
vt 0.734999 0.483520
vt 0.732620 0.453666
vt 0.555944 0.460238
vt 0.553402 0.464348
vt 0.551664 0.461921
vt 0.765401 0.562538
vt 0.765016 0.550742
vt 0.757298 0.586514
vt 0.764016 0.596884
vt 0.756626 0.597759
vt 0.747130 0.587240
vt 0.748786 0.598680
vt 0.748058 0.609796
vt 0.754248 0.619849
vt 0.746498 0.621499
vt 0.764257 0.538998
vt 0.763141 0.527260
vt 0.747479 0.563174
vt 0.749397 0.550897
vt 0.749817 0.563115
vt 0.749827 0.575309
vt 0.747059 0.550983
vt 0.748543 0.538741
vt 0.767732 0.574268
vt 0.766685 0.596838
vt 0.765002 0.585822
vt 0.764327 0.596859
vt 0.746175 0.621539
vt 0.749103 0.598655
vt 0.755635 0.608681
vt 0.764512 0.618168
vt 0.763357 0.607557
vt 0.762128 0.618196
vt 0.739596 0.659776
vt 0.752226 0.633188
vt 0.743912 0.637196
vt 0.760798 0.629206
vt 0.760716 0.652660
vt 0.759514 0.640875
vt 0.734892 0.686035
vt 0.763945 0.538999
vt 0.757270 0.550818
vt 0.756467 0.538870
vt 0.747072 0.525887
vt 0.744101 0.508354
vt 0.761597 0.515156
vt 0.759514 0.502412
vt 0.755178 0.526581
vt 0.761274 0.515084
vt 0.762827 0.527247
vt 0.739477 0.483243
vt 0.735267 0.453992
vt 0.757041 0.489623
vt 0.744727 0.551070
vt 0.749983 0.469387
vt 0.748215 0.470383
vt 0.746441 0.471376
vt 0.749712 0.550890
vt 0.748858 0.538738
vt 0.749470 0.587227
vt 0.750131 0.563104
vt 0.561596 0.458355
vt 0.558482 0.462452
vt 0.543454 0.462874
vt 0.744419 0.508430
vt 0.749199 0.492867
vt 0.752861 0.511784
vt 0.519434 0.489610
vt 0.517642 0.495204
vt 0.518839 0.489577
vt 0.517069 0.494939
vt 0.518243 0.489543
vt 0.763044 0.607588
vt 0.770091 0.574224
vt 0.764706 0.550748
vt 0.757674 0.562822
vt 0.765376 0.574312
vt 0.567945 0.456285
vt 0.566053 0.460026
vt 0.560936 0.455350
vt 0.557172 0.456627
vt 0.756760 0.489712
vt 0.759172 0.502221
vt 0.739805 0.483461
vt 0.746429 0.471856
vt 0.526075 0.481679
vt 0.522745 0.481253
vt 0.534913 0.476385
vt 0.530969 0.476151
vt 0.747737 0.609824
vt 0.759173 0.641064
vt 0.749482 0.650223
vt 0.537562 0.474130
vt 0.532458 0.478690
vt 0.757663 0.574801
vt 0.750141 0.575293
vt 0.742411 0.526220
vt 0.747387 0.525899
vt 0.523039 0.485558
vt 0.520739 0.483934
vt 0.523013 0.489763
vt 0.519524 0.489536
vt 0.739938 0.659575
vt 0.746657 0.669133
vt 0.735295 0.685455
vt 0.757962 0.652868
vt 0.736902 0.452398
vt 0.738382 0.450839
vt 0.553414 0.458015
vt 0.735418 0.453948
vt 0.760473 0.629301
vt 0.770113 0.562421
vt 0.749786 0.587207
vt 0.761812 0.618241
vt 0.520033 0.484074
vt 0.520667 0.483981
vt 0.530054 0.481237
vt 0.743584 0.637287
vt 0.519405 0.484206
vt 0.764692 0.585842
vt 0.765067 0.574327
vt 0.765091 0.562548
vt 0.549858 0.466028
vt 0.527096 0.484798
vt 0.504394 0.474669
vt 0.504416 0.474663
vt 0.504389 0.474685
vt 0.504422 0.474635
vt 0.504442 0.474637
vt 0.504414 0.474680
vt 0.504436 0.474656
vt 0.504506 0.474559
vt 0.504485 0.474552
vt 0.504515 0.474516
vt 0.764206 0.675892
vt 0.764138 0.675906
vt 0.764173 0.675671
vt 0.504471 0.474602
vt 0.504454 0.474595
vt 0.504455 0.474643
vt 0.764219 0.676247
vt 0.764240 0.676121
vt 0.764286 0.676482
vt 0.764200 0.676336
vt 0.764177 0.676090
vt 0.764167 0.676185
vt 0.787140 0.466874
vt 0.787103 0.466970
vt 0.787043 0.466883
vt 0.787232 0.466890
vt 0.787196 0.466959
vt 0.787177 0.467069
vt 0.787270 0.466958
vt 0.787251 0.467034
vt 0.787460 0.466924
vt 0.787344 0.466987
vt 0.787321 0.466898
vt 0.787430 0.467041
vt 0.787345 0.467054
vt 0.787292 0.467015
vt 0.787259 0.467169
vt 0.787377 0.467178
vt 0.787311 0.467108
vt 0.787402 0.467108
vt 0.764449 0.450974
vt 0.764427 0.450910
vt 0.764469 0.451131
vt 0.764384 0.451082
vt 0.764351 0.450982
vt 0.764368 0.450943
vt 0.764337 0.451030
vt 0.764126 0.451268
vt 0.764267 0.451120
vt 0.764336 0.451203
vt 0.764233 0.451080
vt 0.764299 0.451023
vt 0.560696 0.436831
vt 0.560696 0.436854
vt 0.560659 0.436844
vt 0.764304 0.450972
vt 0.764422 0.450920
vt 0.764271 0.451036
vt 0.764242 0.451099
vt 0.770450 0.676497
vt 0.770524 0.676397
vt 0.770301 0.676702
vt 0.770389 0.676554
vt 0.770509 0.676301
vt 0.770617 0.676110
vt 0.770453 0.676389
vt 0.770376 0.676470
vt 0.770279 0.676668
vt 0.770371 0.676334
vt 0.770464 0.676278
vt 0.770704 0.675813
vt 0.770632 0.675770
vt 0.770571 0.676062
vt 0.770499 0.676048
vt 0.784317 0.468403
vt 0.784298 0.468399
vt 0.784317 0.468415
vt 0.784304 0.468414
vt 0.784280 0.468424
vt 0.784301 0.468431
vt 0.784292 0.468430
vt 0.784324 0.468427
vt 0.784319 0.468419
vt 0.784314 0.468448
vt 0.784314 0.468428
vt 0.784304 0.468439
vt 0.784308 0.468423
vt 0.784268 0.468457
vt 0.784293 0.468470
vt 0.784289 0.468449
vt 0.765032 0.451870
vt 0.765086 0.451996
vt 0.764988 0.451835
vt 0.765055 0.451761
vt 0.765140 0.451836
vt 0.765092 0.451773
vt 0.765067 0.451703
vt 0.765055 0.451711
vt 0.765052 0.451692
vt 0.765091 0.451696
vt 0.765064 0.451719
vt 0.765038 0.451741
vt 0.765097 0.451727
vt 0.765197 0.451731
vt 0.765182 0.451667
vt 0.765226 0.451907
vt 0.643436 0.553112
vt 0.643386 0.553087
vt 0.643419 0.553158
vt 0.643371 0.553115
vt 0.643303 0.553103
vt 0.643363 0.553143
vt 0.643327 0.553135
vt 0.643315 0.553120
vt 0.643357 0.553206
vt 0.643412 0.553206
vt 0.643414 0.553252
vt 0.643309 0.553142
vt 0.643357 0.553173
vt 0.643234 0.553106
vt 0.643271 0.553120
vt 0.643232 0.553116
vt 0.643292 0.553152
vt 0.530181 0.543766
vt 0.530035 0.543674
vt 0.530131 0.543812
vt 0.530004 0.543688
vt 0.529867 0.543632
vt 0.529809 0.543590
vt 0.529962 0.543725
vt 0.530119 0.543882
vt 0.529988 0.543710
vt 0.529652 0.543515
vt 0.529754 0.543563
vt 0.529768 0.543588
vt 0.715765 0.487588
vt 0.715950 0.487408
vt 0.715835 0.487592
vt 0.715888 0.487602
vt 0.716053 0.487278
vt 0.715987 0.487414
vt 0.716218 0.486958
vt 0.716187 0.486998
vt 0.716143 0.487086
vt 0.716073 0.487184
vt 0.715935 0.487624
vt 0.716055 0.487396
vt 0.716023 0.487400
vt 0.716095 0.487205
vt 0.716140 0.487121
vt 0.676817 0.644174
vt 0.676794 0.644392
vt 0.676876 0.644168
vt 0.676832 0.644397
vt 0.676864 0.644388
vt 0.676846 0.644534
vt 0.676841 0.644596
vt 0.677008 0.644065
vt 0.676889 0.644396
vt 0.676934 0.644133
vt 0.676910 0.644394
vt 0.676848 0.644690
vt 0.688406 0.463668
vt 0.688575 0.463591
vt 0.688566 0.463513
vt 0.688686 0.463458
vt 0.688722 0.463445
vt 0.688251 0.463540
vt 0.688573 0.463481
vt 0.688343 0.463567
vt 0.688575 0.463463
vt 0.688835 0.463362
vt 0.688745 0.463423
vt 0.688388 0.463609
vt 0.688976 0.463316
vt 0.689002 0.463274
vt 0.623879 0.558604
vt 0.623850 0.558652
vt 0.623809 0.558630
vt 0.623957 0.558595
vt 0.623907 0.558620
vt 0.623929 0.558640
vt 0.623888 0.558682
vt 0.623954 0.558614
vt 0.623993 0.558610
vt 0.623995 0.558573
vt 0.624025 0.558550
vt 0.624018 0.558542
vt 0.623958 0.558576
vt 0.623919 0.558719
vt 0.623966 0.558689
vt 0.623949 0.558662
vt 0.623973 0.558611
vt 0.644498 0.654667
vt 0.644573 0.654957
vt 0.644464 0.654745
vt 0.644595 0.654933
vt 0.644706 0.655191
vt 0.644662 0.655134
vt 0.644696 0.655201
vt 0.644732 0.655243
vt 0.644785 0.655339
vt 0.644359 0.654796
vt 0.644500 0.654992
vt 0.644420 0.654783
vt 0.644526 0.654985
vt 0.644545 0.654965
vt 0.628810 0.539279
vt 0.628782 0.539231
vt 0.628779 0.539353
vt 0.628782 0.539296
vt 0.628754 0.539305
vt 0.628737 0.539250
vt 0.628764 0.539340
vt 0.628786 0.539436
vt 0.628758 0.539359
vt 0.628781 0.539397
vt 0.628797 0.539432
vt 0.628797 0.539363
vt 0.628690 0.539258
vt 0.628692 0.539314
vt 0.628725 0.539313
vt 0.628749 0.539377
vt 0.538122 0.507676
vt 0.537859 0.507592
vt 0.538068 0.507610
vt 0.537617 0.507585
vt 0.537696 0.507584
vt 0.537880 0.507629
vt 0.538067 0.507496
vt 0.537833 0.507525
vt 0.537855 0.507564
vt 0.537838 0.507542
vt 0.537657 0.507583
vt 0.537574 0.507574
vt 0.537731 0.507577
vt 0.670474 0.685660
vt 0.670425 0.685539
vt 0.670637 0.685648
vt 0.670587 0.685564
vt 0.670334 0.685564
vt 0.670487 0.685761
vt 0.670378 0.685704
vt 0.645164 0.354036
vt 0.645192 0.354051
vt 0.645139 0.354056
vt 0.645144 0.354027
vt 0.645183 0.354023
vt 0.645210 0.354046
vt 0.645163 0.354019
vt 0.670242 0.685583
vt 0.670128 0.685703
vt 0.670274 0.685711
vt 0.670159 0.685781
vt 0.670395 0.685765
vt 0.670316 0.685800
vt 0.726034 0.450685
vt 0.726123 0.450810
vt 0.726074 0.450615
vt 0.726184 0.450711
vt 0.726209 0.450862
vt 0.726241 0.450651
vt 0.726286 0.450750
vt 0.710666 0.442187
vt 0.710637 0.442206
vt 0.710663 0.442160
vt 0.710683 0.442170
vt 0.726159 0.450520
vt 0.726345 0.450604
vt 0.726313 0.450697
vt 0.726287 0.450923
vt 0.726438 0.450983
vt 0.726374 0.450826
vt 0.726517 0.450925
vt 0.726419 0.450727
vt 0.632069 0.550483
vt 0.632087 0.550410
vt 0.632017 0.550501
vt 0.632042 0.550438
vt 0.632049 0.550369
vt 0.631995 0.550426
vt 0.632017 0.550404
vt 0.631909 0.550461
vt 0.631964 0.550513
vt 0.631919 0.550407
vt 0.631962 0.550461
vt 0.632004 0.550456
vt 0.632007 0.550333
vt 0.631935 0.550354
vt 0.631982 0.550380
vt 0.631965 0.550419
vt 0.499086 0.516353
vt 0.499213 0.516240
vt 0.499011 0.516312
vt 0.499090 0.516194
vt 0.499243 0.516150
vt 0.499003 0.516131
vt 0.499120 0.516090
vt 0.590816 0.452480
vt 0.590816 0.452452
vt 0.499088 0.515840
vt 0.499098 0.515988
vt 0.498995 0.516007
vt 0.590798 0.452465
vt 0.590807 0.452431
vt 0.499068 0.516059
vt 0.499178 0.516009
vt 0.499276 0.515911
vt 0.499280 0.516062
vt 0.499207 0.515873
vt 0.712964 0.493312
vt 0.712898 0.493340
vt 0.713000 0.493228
vt 0.713044 0.493231
vt 0.712933 0.493389
vt 0.712871 0.493434
vt 0.713002 0.493308
vt 0.712968 0.493366
vt 0.713021 0.493340
vt 0.713076 0.493261
vt 0.713033 0.493411
vt 0.712966 0.493407
vt 0.712842 0.493528
vt 0.712886 0.493551
vt 0.714266 0.493697
vt 0.712911 0.493461
vt 0.712957 0.493481
vt 0.645762 0.553697
vt 0.645707 0.553712
vt 0.645794 0.553725
vt 0.645742 0.553733
vt 0.645694 0.553752
vt 0.645767 0.553751
vt 0.645730 0.553761
vt 0.645807 0.553811
vt 0.645821 0.553756
vt 0.643709 0.553388
vt 0.645768 0.553825
vt 0.645786 0.553776
vt 0.645758 0.553788
vt 0.645686 0.553793
vt 0.645727 0.553833
vt 0.645727 0.553792
vt 0.645752 0.553767
vt 0.677125 0.640410
vt 0.677106 0.640487
vt 0.677074 0.640361
vt 0.677140 0.640335
vt 0.677154 0.640423
vt 0.677144 0.640493
vt 0.677178 0.640169
vt 0.677130 0.640174
vt 0.678057 0.640603
vt 0.677199 0.640257
vt 0.677158 0.640263
vt 0.677105 0.640269
vt 0.677181 0.640403
vt 0.677223 0.640345
vt 0.677181 0.640480
vt 0.677174 0.640330
vt 0.622216 0.560337
vt 0.622160 0.560353
vt 0.622248 0.560364
vt 0.622196 0.560373
vt 0.622148 0.560393
vt 0.622206 0.560407
vt 0.622184 0.560402
vt 0.622262 0.560451
vt 0.622276 0.560395
vt 0.622222 0.560465
vt 0.622240 0.560416
vt 0.622212 0.560428
vt 0.622221 0.560391
vt 0.622140 0.560434
vt 0.622181 0.560473
vt 0.623592 0.559000
vt 0.622181 0.560432
vt 0.534640 0.546740
vt 0.534580 0.546695
vt 0.534709 0.546716
vt 0.534681 0.546782
vt 0.534604 0.546766
vt 0.534554 0.546730
vt 0.534645 0.546790
vt 0.534303 0.546804
vt 0.534805 0.546831
vt 0.533636 0.547229
vt 0.534701 0.546890
vt 0.534722 0.546831
vt 0.534761 0.546774
vt 0.534659 0.546826
vt 0.534531 0.546845
vt 0.534603 0.546810
vt 0.534626 0.546876
vt 0.534539 0.546771
vt 0.641119 0.650117
vt 0.641136 0.650050
vt 0.641135 0.650209
vt 0.641097 0.650157
vt 0.641069 0.650067
vt 0.641068 0.649987
vt 0.641065 0.650109
vt 0.641052 0.650157
vt 0.641096 0.650226
vt 0.640987 0.650135
vt 0.641026 0.650091
vt 0.641002 0.649930
vt 0.640943 0.649964
vt 0.640323 0.650780
vt 0.641012 0.650018
vt 0.640962 0.650048
vt 0.683985 0.466176
vt 0.684054 0.466139
vt 0.683968 0.466242
vt 0.683922 0.466199
vt 0.683985 0.466132
vt 0.683937 0.466161
vt 0.683768 0.466232
vt 0.683805 0.466288
vt 0.683980 0.465251
vt 0.683819 0.466165
vt 0.683853 0.466216
vt 0.683885 0.466267
vt 0.683896 0.466158
vt 0.683945 0.466110
vt 0.683877 0.466097
vt 0.684013 0.466066
vt 0.628113 0.536977
vt 0.628126 0.536921
vt 0.628153 0.536956
vt 0.628073 0.536991
vt 0.628091 0.536942
vt 0.628098 0.536890
vt 0.628056 0.536933
vt 0.628072 0.536918
vt 0.627991 0.536960
vt 0.628032 0.537000
vt 0.627998 0.536919
vt 0.628032 0.536959
vt 0.628035 0.536928
vt 0.628063 0.536955
vt 0.628065 0.536864
vt 0.628011 0.536880
vt 0.628550 0.538654
vt 0.628047 0.536900
vt 0.542718 0.507350
vt 0.542768 0.507398
vt 0.542650 0.507362
vt 0.542640 0.507326
vt 0.542784 0.507340
vt 0.542849 0.507372
vt 0.542702 0.507324
vt 0.542753 0.507323
vt 0.542717 0.507296
vt 0.542645 0.507288
vt 0.542768 0.507246
vt 0.542784 0.507306
vt 0.542935 0.507349
vt 0.542936 0.507303
vt 0.542165 0.506525
vt 0.542848 0.507324
vt 0.542851 0.507277
vt 0.511243 0.484253
vt 0.511269 0.484247
vt 0.511239 0.484274
vt 0.511275 0.484217
vt 0.511297 0.484222
vt 0.511268 0.484266
vt 0.511291 0.484242
vt 0.511361 0.484154
vt 0.511342 0.484144
vt 0.511372 0.484116
vt 0.511342 0.484197
vt 0.511327 0.484191
vt 0.511309 0.484180
vt 0.511311 0.484230
vt 0.509198 0.415909
vt 0.509188 0.416005
vt 0.511255 0.484288
vt 0.511287 0.484262
vt 0.511319 0.484246
vt 0.567987 0.446143
vt 0.567958 0.446141
vt 0.568025 0.446129
vt 0.568003 0.446147
vt 0.567955 0.446162
vt 0.567912 0.446159
vt 0.567975 0.446162
vt 0.509152 0.643685
vt 0.509198 0.643630
vt 0.509155 0.643740
vt 0.567971 0.446189
vt 0.567958 0.446177
vt 0.567995 0.446163
vt 0.568025 0.446139
vt 0.567866 0.446177
vt 0.567868 0.446198
vt 0.567828 0.446195
vt 0.567915 0.446178
vt 0.567916 0.446194
vt 0.504100 0.417237
vt 0.504032 0.417309
vt 0.504223 0.417081
vt 0.504149 0.417199
vt 0.504044 0.417378
vt 0.503962 0.417498
vt 0.504091 0.417319
vt 0.504158 0.417263
vt 0.504242 0.417107
vt 0.504155 0.417368
vt 0.504079 0.417397
vt 0.503894 0.417684
vt 0.503943 0.417714
vt 0.503995 0.417532
vt 0.504047 0.417547
vt 0.567783 0.444767
vt 0.567820 0.444786
vt 0.567756 0.444766
vt 0.567743 0.444750
vt 0.567800 0.444767
vt 0.567766 0.444753
vt 0.504209 0.643599
vt 0.504154 0.643634
vt 0.504103 0.643449
vt 0.504331 0.643790
vt 0.504271 0.643809
vt 0.504234 0.643849
vt 0.504377 0.643960
vt 0.504340 0.643986
vt 0.504475 0.644086
vt 0.504458 0.643984
vt 0.504567 0.644226
vt 0.504481 0.644150
vt 0.504403 0.644042
vt 0.518235 0.495431
vt 0.518256 0.495430
vt 0.518231 0.495446
vt 0.518261 0.495406
vt 0.518279 0.495411
vt 0.518254 0.495446
vt 0.518274 0.495427
vt 0.518335 0.495354
vt 0.518316 0.495345
vt 0.518342 0.495320
vt 0.730234 0.685087
vt 0.730177 0.685100
vt 0.730199 0.684945
vt 0.518305 0.495386
vt 0.518288 0.495376
vt 0.518291 0.495419
vt 0.730260 0.685322
vt 0.730270 0.685233
vt 0.730309 0.685443
vt 0.730252 0.685378
vt 0.730216 0.685223
vt 0.730215 0.685290
vt 0.520672 0.483959
vt 0.520687 0.483972
vt 0.520678 0.483933
vt 0.520691 0.483951
vt 0.520703 0.483959
vt 0.520707 0.483932
vt 0.520706 0.483943
vt 0.520715 0.483894
vt 0.520688 0.483907
vt 0.520697 0.483883
vt 0.520723 0.483907
vt 0.520704 0.483914
vt 0.520697 0.483932
vt 0.520715 0.483921
vt 0.520718 0.483932
vt 0.520730 0.483919
vt 0.520720 0.483946
vt 0.575173 0.457181
vt 0.575160 0.457201
vt 0.575132 0.457197
vt 0.575198 0.457186
vt 0.575178 0.457206
vt 0.575128 0.457218
vt 0.575084 0.457214
vt 0.575148 0.457219
vt 0.730277 0.453836
vt 0.730228 0.453885
vt 0.730279 0.453783
vt 0.730235 0.453977
vt 0.730188 0.453995
vt 0.730222 0.453826
vt 0.730278 0.453755
vt 0.730187 0.453924
vt 0.575035 0.457231
vt 0.575037 0.457254
vt 0.574993 0.457248
vt 0.575087 0.457234
vt 0.575088 0.457251
vt 0.575130 0.457232
vt 0.517054 0.494920
vt 0.517060 0.494896
vt 0.517061 0.494960
vt 0.517049 0.494934
vt 0.517046 0.494885
vt 0.517052 0.494846
vt 0.517043 0.494904
vt 0.734979 0.685994
vt 0.734890 0.686092
vt 0.734991 0.685899
vt 0.735064 0.685889
vt 0.517053 0.494960
vt 0.517034 0.494929
vt 0.735044 0.685960
vt 0.734978 0.686053
vt 0.735263 0.685618
vt 0.735201 0.685583
vt 0.517037 0.494844
vt 0.517045 0.494795
vt 0.735155 0.685764
vt 0.735097 0.685741
vt 0.517034 0.494886
vt 0.519386 0.484198
vt 0.519406 0.484184
vt 0.519365 0.484187
vt 0.519387 0.484179
vt 0.519406 0.484158
vt 0.519377 0.484162
vt 0.519389 0.484161
vt 0.758041 0.652841
vt 0.758015 0.652925
vt 0.758135 0.652871
vt 0.758075 0.652898
vt 0.519357 0.484163
vt 0.519344 0.484176
vt 0.519371 0.484173
vt 0.519408 0.484132
vt 0.519389 0.484120
vt 0.519409 0.484109
vt 0.519388 0.484141
vt 0.758203 0.652853
vt 0.758131 0.652810
vt 0.758221 0.652779
vt 0.519371 0.484151
vt 0.735423 0.454075
vt 0.735353 0.453904
vt 0.735484 0.454152
vt 0.735470 0.454219
vt 0.735377 0.454031
vt 0.735427 0.454157
vt 0.735554 0.454566
vt 0.735605 0.454538
vt 0.735642 0.454709
vt 0.735459 0.454389
vt 0.735512 0.454377
vt 0.735546 0.454345
vt 0.735434 0.454236
vt 0.735364 0.454096
vt 0.735362 0.454201
vt 0.735314 0.453891
vt 0.523214 0.444658
vt 0.526214 0.442633
vt 0.806545 0.526335
vt 0.808360 0.538564
vt 0.806492 0.526343
vt 0.808304 0.538570
vt 0.806439 0.526352
vt 0.520395 0.446799
vt 0.808416 0.538561
vt 0.809633 0.551160
vt 0.809575 0.551163
vt 0.529206 0.447607
vt 0.780519 0.518162
vt 0.781494 0.529803
vt 0.781437 0.529806
vt 0.780572 0.518155
vt 0.781550 0.529800
vt 0.532333 0.445765
vt 0.779257 0.507424
vt 0.779305 0.507413
vt 0.780625 0.518149
vt 0.532550 0.439142
vt 0.804111 0.514840
vt 0.801177 0.504251
vt 0.801222 0.504235
vt 0.804062 0.514853
vt 0.801133 0.504266
vt 0.529337 0.440790
vt 0.804013 0.514865
vt 0.526205 0.449635
vt 0.523387 0.451780
vt 0.781972 0.554924
vt 0.781987 0.542183
vt 0.782035 0.554932
vt 0.782047 0.542183
vt 0.782098 0.554936
vt 0.781927 0.542181
vt 0.780592 0.580404
vt 0.781574 0.567673
vt 0.780666 0.580431
vt 0.781638 0.567686
vt 0.780732 0.580451
vt 0.781703 0.567693
vt 0.780798 0.580463
vt 0.520796 0.453979
vt 0.517806 0.448995
vt 0.809693 0.551162
vt 0.810301 0.563790
vt 0.810240 0.563788
vt 0.515423 0.451265
vt 0.810363 0.563797
vt 0.810331 0.576482
vt 0.810268 0.576476
vt 0.513205 0.453648
vt 0.810394 0.576496
vt 0.809684 0.589395
vt 0.809620 0.589383
vt 0.511105 0.456195
vt 0.809747 0.589418
vt 0.808332 0.602764
vt 0.808269 0.602736
vt 0.775666 0.613242
vt 0.779005 0.594154
vt 0.775733 0.613311
vt 0.779070 0.594185
vt 0.775793 0.613366
vt 0.779137 0.594204
vt 0.775859 0.613403
vt 0.778933 0.594114
vt 0.507173 0.461675
vt 0.505826 0.468120
vt 0.507157 0.461674
vt 0.505799 0.468154
vt 0.507141 0.461676
vt 0.789149 0.655921
vt 0.803321 0.631138
vt 0.505774 0.468177
vt 0.509082 0.458932
vt 0.808391 0.602810
vt 0.806267 0.616796
vt 0.806210 0.616738
vt 0.509081 0.458908
vt 0.764126 0.675488
vt 0.770334 0.641741
vt 0.770387 0.641844
vt 0.770449 0.641912
vt 0.770278 0.641617
vt 0.535550 0.444120
vt 0.777463 0.497080
vt 0.777504 0.497063
vt 0.779353 0.507404
vt 0.539081 0.442616
vt 0.774046 0.484362
vt 0.774078 0.484331
vt 0.777547 0.497050
vt 0.539358 0.436271
vt 0.798024 0.494508
vt 0.794599 0.485273
vt 0.794631 0.485242
vt 0.797984 0.494528
vt 0.794565 0.485296
vt 0.535853 0.437669
vt 0.797944 0.494545
vt 0.553919 0.435143
vt 0.775402 0.457198
vt 0.775345 0.457207
vt 0.547071 0.433443
vt 0.775475 0.457200
vt 0.544154 0.440989
vt 0.768444 0.467901
vt 0.768465 0.467855
vt 0.774112 0.484309
vt 0.768491 0.467823
vt 0.551747 0.439016
vt 0.547040 0.433444
vt 0.791120 0.476051
vt 0.791098 0.476099
vt 0.791071 0.476134
vt 0.543151 0.434855
vt 0.801597 0.527223
vt 0.803188 0.539351
vt 0.801517 0.527238
vt 0.803103 0.539366
vt 0.801437 0.527252
vt 0.803017 0.539382
vt 0.804213 0.551850
vt 0.804123 0.551865
vt 0.804033 0.551881
vt 0.785074 0.517713
vt 0.786313 0.529422
vt 0.785148 0.517706
vt 0.786394 0.529414
vt 0.785223 0.517699
vt 0.786476 0.529405
vt 0.783457 0.506898
vt 0.783526 0.506891
vt 0.783595 0.506884
vt 0.799471 0.515816
vt 0.796910 0.505270
vt 0.799396 0.515830
vt 0.796840 0.505282
vt 0.799321 0.515843
vt 0.796770 0.505293
vt 0.787380 0.554694
vt 0.787086 0.541870
vt 0.787468 0.554684
vt 0.787172 0.541861
vt 0.787558 0.554672
vt 0.787257 0.541850
vt 0.786483 0.580446
vt 0.787198 0.567542
vt 0.786580 0.580436
vt 0.787290 0.567532
vt 0.786678 0.580423
vt 0.787382 0.567519
vt 0.804661 0.564369
vt 0.804568 0.564384
vt 0.804476 0.564401
vt 0.804496 0.576933
vt 0.804401 0.576948
vt 0.804305 0.576967
vt 0.803678 0.589707
vt 0.803578 0.589725
vt 0.803479 0.589749
vt 0.802168 0.602921
vt 0.802057 0.602952
vt 0.801944 0.602995
vt 0.781832 0.613732
vt 0.784994 0.594375
vt 0.781936 0.613705
vt 0.785102 0.594363
vt 0.782041 0.613662
vt 0.785210 0.594344
vt 0.784005 0.653475
vt 0.797197 0.630661
vt 0.783973 0.653314
vt 0.797142 0.630654
vt 0.783973 0.653094
vt 0.797091 0.630637
vt 0.799984 0.616724
vt 0.799851 0.616778
vt 0.799715 0.616862
vt 0.776534 0.642262
vt 0.776645 0.642194
vt 0.776761 0.642092
vt 0.781273 0.496431
vt 0.781342 0.496423
vt 0.781412 0.496417
vt 0.777423 0.483599
vt 0.777489 0.483603
vt 0.777557 0.483613
vt 0.794038 0.495558
vt 0.790945 0.486281
vt 0.793970 0.495568
vt 0.790875 0.486282
vt 0.793902 0.495575
vt 0.790803 0.486278
vt 0.773759 0.459273
vt 0.773788 0.459383
vt 0.773834 0.459508
vt 0.771354 0.467257
vt 0.771436 0.467303
vt 0.771522 0.467362
vt 0.787683 0.477136
vt 0.787609 0.477134
vt 0.787529 0.477118
vt 0.785780 0.467794
vt 0.785743 0.467740
vt 0.785704 0.467688
vt 0.764816 0.451489
vt 0.765334 0.451789
vt 0.764818 0.451493
vt 0.764820 0.451498
vt 0.764290 0.676425
vt 0.503759 0.474442
vt 0.767268 0.676532
vt 0.503106 0.474190
vt 0.670599 0.510040
vt 0.670556 0.509992
vt 0.670501 0.509956
vt 0.577886 0.537016
vt 0.577916 0.536891
vt 0.577892 0.536951
vt 0.590845 0.452493
vt 0.603896 0.455401
vt 0.603970 0.455648
vt 0.650742 0.447349
vt 0.603933 0.455523
vt 0.647269 0.604998
vt 0.647335 0.604989
vt 0.647395 0.604962
vt 0.677929 0.398107
vt 0.710670 0.442138
vt 0.726392 0.576101
vt 0.677942 0.398095
vt 0.726517 0.576145
vt 0.617977 0.403255
vt 0.645120 0.354055
vt 0.617963 0.403244
vt 0.645111 0.354055
vt 0.560036 0.623092
vt 0.590807 0.452414
vt 0.617959 0.403234
vt 0.674874 0.521502
vt 0.715896 0.487409
vt 0.674860 0.521450
vt 0.674846 0.521398
vt 0.676826 0.644816
vt 0.655888 0.595558
vt 0.655924 0.595523
vt 0.655964 0.595495
vt 0.715897 0.572642
vt 0.715814 0.572625
vt 0.715731 0.572614
vt 0.676843 0.644831
vt 0.581677 0.548798
vt 0.581676 0.548752
vt 0.581667 0.548704
vt 0.529684 0.543508
vt 0.635605 0.601628
vt 0.635655 0.601632
vt 0.635706 0.601644
vt 0.644798 0.655326
vt 0.569313 0.614624
vt 0.569369 0.614561
vt 0.569419 0.614494
vt 0.529948 0.543739
vt 0.658591 0.506696
vt 0.658542 0.506682
vt 0.688774 0.463417
vt 0.658497 0.506664
vt 0.586370 0.528060
vt 0.586404 0.528023
vt 0.586432 0.527983
vt 0.537467 0.507596
vt 0.537440 0.507579
vt 0.606965 0.465699
vt 0.606988 0.465779
vt 0.607011 0.465855
vt 0.676047 0.524138
vt 0.676036 0.524086
vt 0.676023 0.524037
vt 0.676891 0.527041
vt 0.657897 0.594782
vt 0.657937 0.594755
vt 0.657974 0.594723
vt 0.660083 0.593052
vt 0.712585 0.572345
vt 0.712504 0.572335
vt 0.712425 0.572323
vt 0.709965 0.571026
vt 0.581444 0.554243
vt 0.580942 0.551103
vt 0.580935 0.551057
vt 0.580936 0.551012
vt 0.633073 0.602110
vt 0.633122 0.602119
vt 0.633169 0.602121
vt 0.630320 0.601382
vt 0.571368 0.611704
vt 0.571416 0.611638
vt 0.573758 0.609774
vt 0.584148 0.599161
vt 0.656654 0.505225
vt 0.656611 0.505207
vt 0.656563 0.505193
vt 0.653664 0.503985
vt 0.587204 0.525796
vt 0.587231 0.525758
vt 0.587263 0.525721
vt 0.588793 0.523142
vt 0.607870 0.468792
vt 0.607892 0.468868
vt 0.607914 0.468944
vt 0.609142 0.472417
vt 0.644605 0.553421
vt 0.644593 0.553464
vt 0.644582 0.553508
vt 0.677050 0.642098
vt 0.676951 0.642124
vt 0.676999 0.642114
vt 0.532625 0.545360
vt 0.532607 0.545410
vt 0.532577 0.545454
vt 0.642708 0.652279
vt 0.641168 0.650182
vt 0.642616 0.652328
vt 0.642664 0.652304
vt 0.628352 0.538098
vt 0.628394 0.538086
vt 0.628437 0.538073
vt 0.686037 0.464983
vt 0.684039 0.466100
vt 0.686012 0.464939
vt 0.686063 0.465029
vt 0.714310 0.490583
vt 0.714405 0.490615
vt 0.714362 0.490590
vt 0.623074 0.559579
vt 0.623042 0.559548
vt 0.623010 0.559517
vt 0.540586 0.507402
vt 0.538052 0.507553
vt 0.540591 0.507497
vt 0.540588 0.507449
vt 0.531451 0.456565
vt 0.534483 0.454543
vt 0.531443 0.456551
vt 0.534475 0.454529
vt 0.531434 0.456537
vt 0.534466 0.454515
vt 0.465551 0.521590
vt 0.465270 0.533591
vt 0.528578 0.458678
vt 0.528570 0.458664
vt 0.528560 0.458651
vt 0.466255 0.509886
vt 0.537530 0.459598
vt 0.540722 0.457680
vt 0.537539 0.459613
vt 0.540731 0.457695
vt 0.537548 0.459627
vt 0.490591 0.533177
vt 0.543979 0.455920
vt 0.543988 0.455935
vt 0.540740 0.457710
vt 0.490858 0.545333
vt 0.540790 0.450972
vt 0.537613 0.452686
vt 0.540781 0.450958
vt 0.537604 0.452673
vt 0.540773 0.450944
vt 0.537587 0.452642
vt 0.540765 0.450927
vt 0.537596 0.452658
vt 0.534457 0.454498
vt 0.534438 0.461660
vt 0.531508 0.463809
vt 0.534447 0.461675
vt 0.531517 0.463824
vt 0.534457 0.461690
vt 0.531527 0.463838
vt 0.490840 0.521044
vt 0.491541 0.509196
vt 0.528788 0.465988
vt 0.526253 0.468217
vt 0.528797 0.466003
vt 0.526262 0.468232
vt 0.528807 0.466017
vt 0.526273 0.468246
vt 0.492627 0.497862
vt 0.494108 0.486942
vt 0.525914 0.460825
vt 0.525906 0.460810
vt 0.525896 0.460798
vt 0.467341 0.498683
vt 0.523435 0.463023
vt 0.523427 0.463009
vt 0.523416 0.462997
vt 0.468821 0.487864
vt 0.521095 0.465317
vt 0.521087 0.465303
vt 0.521076 0.465290
vt 0.470733 0.477213
vt 0.518843 0.467763
vt 0.518836 0.467745
vt 0.518827 0.467731
vt 0.473146 0.466478
vt 0.523745 0.470670
vt 0.520624 0.474048
vt 0.523753 0.470686
vt 0.520630 0.474066
vt 0.523764 0.470700
vt 0.520639 0.474081
vt 0.496150 0.475677
vt 0.499453 0.461015
vt 0.514630 0.472987
vt 0.512936 0.478550
vt 0.514613 0.472984
vt 0.512906 0.478579
vt 0.514596 0.472982
vt 0.490645 0.428789
vt 0.479790 0.444603
vt 0.512881 0.478597
vt 0.512859 0.478600
vt 0.516651 0.470388
vt 0.516651 0.470364
vt 0.516645 0.470345
vt 0.476137 0.455496
vt 0.516354 0.478810
vt 0.516354 0.478835
vt 0.516358 0.478854
vt 0.504295 0.440641
vt 0.547518 0.454243
vt 0.547528 0.454258
vt 0.543997 0.455950
vt 0.491644 0.557418
vt 0.552497 0.452273
vt 0.552511 0.452286
vt 0.547536 0.454273
vt 0.493131 0.570198
vt 0.547430 0.447919
vt 0.544027 0.449395
vt 0.547417 0.447907
vt 0.544017 0.449382
vt 0.547407 0.447894
vt 0.544002 0.449350
vt 0.547400 0.447876
vt 0.544010 0.449367
vt 0.561220 0.445709
vt 0.561256 0.445691
vt 0.561280 0.445674
vt 0.554603 0.445414
vt 0.554604 0.445398
vt 0.554606 0.445382
vt 0.554607 0.445364
vt 0.559671 0.449573
vt 0.559695 0.449581
vt 0.552522 0.452300
vt 0.502124 0.613427
vt 0.496339 0.587789
vt 0.559712 0.449591
vt 0.509183 0.643535
vt 0.551077 0.446549
vt 0.551055 0.446540
vt 0.551031 0.446512
vt 0.551040 0.446529
vt 0.470196 0.533551
vt 0.470470 0.521619
vt 0.470278 0.533549
vt 0.470552 0.521617
vt 0.470361 0.533548
vt 0.470635 0.521615
vt 0.471175 0.509977
vt 0.471257 0.509974
vt 0.471340 0.509971
vt 0.486039 0.545471
vt 0.485773 0.533219
vt 0.485957 0.545473
vt 0.485691 0.533220
vt 0.485875 0.545473
vt 0.485609 0.533222
vt 0.486825 0.557666
vt 0.486743 0.557667
vt 0.486660 0.557667
vt 0.470446 0.545519
vt 0.471188 0.557425
vt 0.470529 0.545518
vt 0.471270 0.557425
vt 0.470611 0.545517
vt 0.471353 0.557425
vt 0.486725 0.509067
vt 0.486022 0.520997
vt 0.486643 0.509069
vt 0.485941 0.520999
vt 0.486561 0.509073
vt 0.485858 0.521002
vt 0.489310 0.486631
vt 0.487815 0.497648
vt 0.489228 0.486634
vt 0.487733 0.497651
vt 0.489145 0.486640
vt 0.487650 0.497655
vt 0.472260 0.498840
vt 0.472343 0.498837
vt 0.472426 0.498833
vt 0.473742 0.488096
vt 0.473825 0.488093
vt 0.473909 0.488087
vt 0.475661 0.477531
vt 0.475744 0.477527
vt 0.475829 0.477518
vt 0.478082 0.466903
vt 0.478168 0.466888
vt 0.478257 0.466863
vt 0.494794 0.460560
vt 0.491396 0.475269
vt 0.494712 0.460575
vt 0.491314 0.475273
vt 0.494627 0.460601
vt 0.491231 0.475283
vt 0.494153 0.431047
vt 0.484402 0.445533
vt 0.494155 0.431157
vt 0.484472 0.445559
vt 0.494131 0.431306
vt 0.484539 0.445592
vt 0.481069 0.456077
vt 0.481162 0.456038
vt 0.481261 0.455976
vt 0.499619 0.440306
vt 0.499534 0.440348
vt 0.499444 0.440414
vt 0.488314 0.570580
vt 0.488231 0.570579
vt 0.488148 0.570574
vt 0.491560 0.588296
vt 0.491475 0.588282
vt 0.491389 0.588257
vt 0.472394 0.569299
vt 0.474111 0.581509
vt 0.472477 0.569301
vt 0.474196 0.581523
vt 0.472560 0.569305
vt 0.474283 0.581547
vt 0.561391 0.444412
vt 0.567696 0.444746
vt 0.491736 0.625993
vt 0.491713 0.625838
vt 0.555066 0.444066
vt 0.561366 0.444390
vt 0.479034 0.607629
vt 0.479110 0.607599
vt 0.497378 0.613986
vt 0.497287 0.613943
vt 0.497192 0.613874
vt 0.476370 0.594389
vt 0.478956 0.607649
vt 0.476461 0.594430
vt 0.476555 0.594494
vt 0.506865 0.644010
vt 0.504573 0.644200
vt 0.509151 0.643768
vt 0.567958 0.445435
vt 0.509143 0.415805
vt 0.506619 0.416141
vt 0.509130 0.415775
vt 0.510380 0.484006
vt 0.506629 0.416169
vt 0.509513 0.483736
vt 0.510380 0.483984
vt 0.537327 0.466899
vt 0.540328 0.464798
vt 0.537318 0.466885
vt 0.540320 0.464784
vt 0.537309 0.466872
vt 0.540311 0.464770
vt 0.770153 0.574223
vt 0.770175 0.562420
vt 0.534497 0.469095
vt 0.534488 0.469081
vt 0.534478 0.469068
vt 0.769780 0.585759
vt 0.543479 0.469799
vt 0.744549 0.551081
vt 0.745021 0.563236
vt 0.744964 0.563236
vt 0.744606 0.551076
vt 0.745078 0.563236
vt 0.546633 0.467834
vt 0.743698 0.539009
vt 0.743754 0.538999
vt 0.744663 0.551073
vt 0.546642 0.461090
vt 0.543444 0.462858
vt 0.546633 0.461077
vt 0.543435 0.462844
vt 0.546625 0.461062
vt 0.769047 0.538827
vt 0.543427 0.462830
vt 0.769796 0.550595
vt 0.540440 0.471926
vt 0.537573 0.474148
vt 0.744617 0.587236
vt 0.745033 0.575379
vt 0.744674 0.587245
vt 0.745089 0.575381
vt 0.744730 0.587250
vt 0.744975 0.575375
vt 0.534923 0.476402
vt 0.532469 0.478708
vt 0.742835 0.609668
vt 0.743973 0.598635
vt 0.742890 0.609686
vt 0.744030 0.598643
vt 0.742947 0.609698
vt 0.743917 0.598621
vt 0.531886 0.471327
vt 0.531877 0.471314
vt 0.531866 0.471301
vt 0.769108 0.596816
vt 0.529468 0.473614
vt 0.529459 0.473600
vt 0.529449 0.473588
vt 0.768150 0.607521
vt 0.527189 0.475997
vt 0.527180 0.475983
vt 0.527169 0.475971
vt 0.766953 0.618141
vt 0.524952 0.478526
vt 0.524945 0.478510
vt 0.524936 0.478497
vt 0.765660 0.629104
vt 0.530063 0.481255
vt 0.527102 0.484819
vt 0.738671 0.636806
vt 0.741288 0.621258
vt 0.738721 0.636850
vt 0.741344 0.621275
vt 0.738775 0.636880
vt 0.741234 0.621232
vt 0.519499 0.489564
vt 0.519476 0.489589
vt 0.519454 0.489605
vt 0.522743 0.481227
vt 0.522741 0.481207
vt 0.522735 0.481191
vt 0.764398 0.640728
vt 0.523012 0.489791
vt 0.734760 0.659240
vt 0.734811 0.659291
vt 0.734715 0.659166
vt 0.549869 0.466044
vt 0.742237 0.526258
vt 0.742292 0.526240
vt 0.743810 0.538992
vt 0.553414 0.464365
vt 0.739375 0.508801
vt 0.739424 0.508763
vt 0.742347 0.526227
vt 0.553398 0.458001
vt 0.549924 0.459488
vt 0.553384 0.457988
vt 0.549915 0.459474
vt 0.553374 0.457975
vt 0.766440 0.514891
vt 0.549907 0.459460
vt 0.767951 0.527059
vt 0.567990 0.456270
vt 0.568029 0.456255
vt 0.568056 0.456238
vt 0.568068 0.456219
vt 0.560937 0.455331
vt 0.560939 0.455314
vt 0.560944 0.455297
vt 0.750054 0.469379
vt 0.558499 0.462467
vt 0.734850 0.483661
vt 0.734892 0.483588
vt 0.739476 0.508738
vt 0.734939 0.483540
vt 0.566083 0.460036
vt 0.730177 0.454299
vt 0.730206 0.454142
vt 0.557144 0.456617
vt 0.764403 0.502007
vt 0.761660 0.488885
vt 0.761716 0.488893
vt 0.557122 0.456608
vt 0.766490 0.514868
vt 0.764357 0.502053
vt 0.765327 0.562540
vt 0.765303 0.574314
vt 0.765246 0.562543
vt 0.765222 0.574318
vt 0.765165 0.562546
vt 0.765141 0.574322
vt 0.764928 0.585825
vt 0.764847 0.585830
vt 0.764766 0.585836
vt 0.749472 0.550894
vt 0.749891 0.563113
vt 0.749553 0.550893
vt 0.749973 0.563110
vt 0.749635 0.550891
vt 0.750055 0.563107
vt 0.748618 0.538738
vt 0.748699 0.538737
vt 0.748782 0.538737
vt 0.764943 0.550744
vt 0.764183 0.539000
vt 0.764862 0.550746
vt 0.764102 0.539001
vt 0.764780 0.550747
vt 0.764020 0.539000
vt 0.749545 0.587225
vt 0.749901 0.575307
vt 0.749627 0.587221
vt 0.749983 0.575303
vt 0.749709 0.587214
vt 0.750065 0.575298
vt 0.747813 0.609823
vt 0.748861 0.598678
vt 0.747896 0.609816
vt 0.748943 0.598672
vt 0.747980 0.609807
vt 0.749026 0.598664
vt 0.764253 0.596862
vt 0.764172 0.596868
vt 0.764090 0.596876
vt 0.763282 0.607560
vt 0.763201 0.607567
vt 0.763119 0.607577
vt 0.762053 0.618201
vt 0.761971 0.618211
vt 0.761888 0.618226
vt 0.760722 0.629215
vt 0.760637 0.629236
vt 0.760552 0.629267
vt 0.743661 0.637284
vt 0.746251 0.621538
vt 0.743745 0.637265
vt 0.746335 0.621529
vt 0.743832 0.637234
vt 0.746420 0.621516
vt 0.518225 0.489535
vt 0.518209 0.489512
vt 0.518195 0.489478
vt 0.746639 0.669286
vt 0.759436 0.640891
vt 0.759347 0.640933
vt 0.759256 0.640994
vt 0.758301 0.652753
vt 0.739674 0.659766
vt 0.739761 0.659723
vt 0.739851 0.659655
vt 0.747146 0.525885
vt 0.747228 0.525887
vt 0.747310 0.525892
vt 0.744174 0.508356
vt 0.744257 0.508372
vt 0.744340 0.508399
vt 0.763066 0.527261
vt 0.761522 0.515153
vt 0.762984 0.527258
vt 0.761437 0.515137
vt 0.762902 0.527253
vt 0.761352 0.515113
vt 0.746402 0.471434
vt 0.746392 0.471542
vt 0.746404 0.471689
vt 0.756971 0.489638
vt 0.756897 0.489658
vt 0.756824 0.489683
vt 0.739551 0.483258
vt 0.739635 0.483305
vt 0.739722 0.483377
vt 0.759437 0.502401
vt 0.759349 0.502360
vt 0.759257 0.502297
vt 0.732617 0.453604
vt 0.735291 0.453922
vt 0.575256 0.455778
vt 0.575206 0.456485
vt 0.575239 0.455776
vt 0.575223 0.456491
vt 0.730313 0.685414
vt 0.732550 0.685804
vt 0.732548 0.685833
vt 0.517639 0.495220
vt 0.734891 0.686120
vt 0.517064 0.494953
vt 0.520046 0.483999
vt 0.520043 0.484025
vt 0.520038 0.484051
vt 0.520047 0.483977
vt 0.688869 0.463366
vt 0.546290 0.561852
vt 0.772621 0.678698
vt 0.501452 0.413759
vt 0.764563 0.451026
vt 0.560742 0.436840
vt 0.770359 0.676695
vt 0.716064 0.487232
vt 0.511243 0.484286
vt 0.568016 0.446125
vt 0.504188 0.417069
vt 0.575190 0.457183
vt 0.781499 0.567651
vt 0.806318 0.616886
vt 0.803391 0.631121
vt 0.503111 0.474174
vt 0.576103 0.607912
vt 0.555073 0.444044
vt 0.509518 0.483715
vt 0.763187 0.652597
vn -0.8592 -0.4398 -0.2616
vn -0.8591 -0.4398 -0.2617
vn -0.8591 -0.4399 -0.2617
vn -0.0827 -0.0320 -0.9961
vn -0.0024 0.0226 -0.9997
vn -0.0804 -0.0360 -0.9961
vn -0.7124 -0.6131 0.3415
vn -0.6460 -0.6297 0.4315
vn -0.6822 -0.5897 0.4323
vn 0.0655 0.0875 -0.9940
vn 0.6145 0.7347 0.2874
vn 0.5546 0.7406 0.3794
vn 0.5730 0.7684 0.2850
vn -0.0602 -0.0563 -0.9966
vn -0.0644 -0.0524 -0.9965
vn -0.7462 -0.5717 0.3411
vn -0.7148 -0.5500 0.4319
vn 0.7738 0.5659 0.2844
vn 0.7921 0.4829 0.3733
vn 0.7482 0.5449 0.3786
vn 0.6951 0.6588 0.2877
vn 0.6326 0.6734 0.3825
vn 0.6542 0.6993 0.2881
vn -0.0679 -0.0485 -0.9965
vn -0.0726 -0.0446 -0.9964
vn 0.0619 0.0916 -0.9939
vn 0.5063 0.7762 0.3757
vn 0.5227 0.8047 0.2814
vn -0.4654 -0.8250 0.3205
vn -0.4913 -0.7647 0.4169
vn -0.5130 -0.7939 0.3265
vn -0.5570 -0.7612 0.3320
vn -0.5724 -0.7003 0.4266
vn -0.5978 -0.7281 0.3353
vn 0.4442 0.8163 0.3693
vn 0.4585 0.8447 0.2763
vn 0.3883 0.8475 0.3620
vn 0.4012 0.8752 0.2705
vn -0.3881 -0.8671 0.3122
vn -0.4038 -0.8215 0.4025
vn -0.4205 -0.8508 0.3151
vn -0.0561 -0.0605 -0.9966
vn 0.3604 0.8614 0.3579
vn 0.3730 0.8880 0.2690
vn 0.4610 0.8073 0.3685
vn 0.5727 0.7378 0.3571
vn -0.1832 -0.9501 0.2524
vn -0.3731 -0.8387 0.3967
vn 0.0026 0.0220 -0.9998
vn -0.0390 -0.0583 -0.9975
vn -0.0503 -0.0638 -0.9967
vn -0.7729 -0.5358 0.3399
vn -0.7406 -0.5158 0.4307
vn -0.7889 -0.5115 0.3406
vn -0.7568 -0.4927 0.4295
vn 0.8557 0.4390 0.2739
vn 0.8451 0.3930 0.3625
vn 0.8284 0.4235 0.3665
vn 0.0693 0.0834 -0.9941
vn -0.7973 -0.4990 0.3395
vn -0.7648 -0.4809 0.4288
vn -0.8197 -0.4577 0.3443
vn -0.7898 -0.4417 0.4256
vn 0.8720 0.4074 0.2714
vn 0.8246 0.4302 0.3673
vn -0.0023 0.0226 -0.9997
vn 0.0775 0.0727 -0.9943
vn -0.6176 -0.6043 0.5035
vn -0.6522 -0.5660 0.5042
vn 0.0024 -0.0226 0.9997
vn -0.0463 -0.0888 0.9950
vn 0.5945 0.7078 0.3814
vn 0.5337 0.7106 0.4585
vn 0.0466 0.0476 0.9978
vn -0.0042 -0.0234 0.9997
vn 0.0346 0.0541 0.9979
vn -0.6835 -0.5282 0.5039
vn -0.7082 -0.4956 0.5027
vn 0.6719 0.6342 0.3825
vn 0.6829 0.5668 0.4608
vn 0.6460 0.6075 0.4623
vn 0.6082 0.6452 0.4624
vn 0.7101 0.5919 0.3813
vn 0.7195 0.5216 0.4584
vn -0.6089 -0.6669 0.4295
vn -0.5338 -0.7325 0.4224
vn -0.5476 -0.6720 0.4986
vn -0.5107 -0.7031 0.4949
vn 0.4270 0.7856 0.4478
vn 0.0516 0.0436 0.9977
vn 0.0018 -0.0224 0.9997
vn -0.4465 -0.7953 0.4100
vn -0.4705 -0.7344 0.4892
vn -0.4280 -0.7643 0.4824
vn 0.3454 0.8320 0.4343
vn -0.0166 -0.0309 0.9994
vn 0.0167 0.0575 0.9982
vn -0.3880 -0.7904 0.4740
vn -0.1885 -0.9180 0.3489
vn -0.3597 -0.8092 0.4645
vn 0.4167 0.7536 0.5084
vn -0.0630 -0.0717 0.9954
vn 0.7626 0.4620 0.4529
vn 0.7988 0.4053 0.4446
vn -0.7240 -0.4739 0.5013
vn -0.7319 -0.4627 0.5003
vn -0.0671 -0.0663 0.9955
vn -0.0653 -0.0684 0.9955
vn 0.8159 0.3768 0.4385
vn 0.7805 0.3966 0.4832
vn -0.7553 -0.4331 0.4919
vn 0.7346 0.6149 0.2867
vn -0.9977 0.0295 -0.0604
vn -0.9383 -0.0288 0.3447
vn -0.9993 -0.0031 0.0385
vn -0.9061 -0.0474 0.4204
vn -0.9905 -0.0219 0.1357
vn 0.0648 0.0304 0.9974
vn 0.0679 0.0262 0.9973
vn 0.5721 0.6788 0.4603
vn 0.0615 0.0340 0.9975
vn -0.0022 0.0226 -0.9997
vn 0.0830 0.0681 -0.9942
vn -0.0762 -0.0400 -0.9963
vn 0.0769 0.0173 0.9969
vn 0.0022 -0.0226 0.9997
vn 0.0023 -0.0226 0.9997
vn 0.0071 -0.9957 -0.0928
vn 0.1234 -0.9631 -0.2393
vn -0.0276 -0.9996 0.0116
vn 0.0783 -0.9963 -0.0353
vn -0.0486 -0.9925 0.1118
vn -0.0426 -0.0922 0.9948
vn -0.6361 -0.6935 0.3383
vn -0.0601 -0.0754 0.9953
vn -0.5822 -0.6398 0.5017
vn -0.1007 0.0269 -0.9946
vn 0.0882 0.0661 -0.9939
vn -0.1547 -0.0107 -0.9879
vn -0.0854 -0.0286 -0.9959
vn -0.0956 -0.0496 0.9942
vn -0.0686 -0.0658 0.9955
vn 0.0814 0.0155 0.9966
vn -0.0951 -0.0246 0.9952
vn 0.0141 0.0266 -0.9995
vn -0.0232 -0.0369 -0.9991
vn 0.0542 0.0985 -0.9937
vn -0.0018 0.0223 -0.9997
vn 0.4872 0.7454 0.4550
vn -0.0590 -0.1452 0.9876
vn -0.0318 -0.0507 0.9982
vn 0.0582 0.0951 -0.9938
vn 0.0506 0.1009 -0.9936
vn 0.0579 0.0373 0.9976
vn 0.8188 0.5014 0.2796
vn 0.0711 0.9840 0.1635
vn 0.0007 0.9981 0.0616
vn 0.0983 0.9946 0.0344
vn 0.0714 0.0211 0.9972
vn 0.0291 0.0415 -0.9987
vn 0.0083 -0.0116 -0.9999
vn 0.0716 0.1215 -0.9900
vn 0.0395 -0.0461 -0.9982
vn 0.0011 0.0481 0.9988
vn -0.0458 -0.1543 0.9870
vn -0.0125 -0.0576 0.9983
vn -0.0647 -0.1964 0.9784
vn -0.9657 0.0767 -0.2481
vn -0.8992 0.1362 -0.4159
vn -0.0849 -0.0299 -0.9959
vn -0.9581 0.2792 0.0643
vn -0.0466 -0.1142 0.9924
vn -0.6746 -0.6549 0.3406
vn 0.0547 0.0403 0.9977
vn -0.0416 -0.0982 0.9943
vn 0.0520 0.1018 -0.9934
vn 0.3724 0.8175 0.4394
vn -0.1941 -0.8875 0.4179
vn -0.0498 -0.0856 0.9951
vn -0.0534 -0.0826 0.9951
vn -0.0566 -0.0791 0.9953
vn 0.0729 0.0786 -0.9942
vn 0.0612 0.1072 -0.9924
vn -0.0150 -0.9997 -0.0217
vn -0.0036 -0.9998 -0.0200
vn -0.0021 -0.9998 -0.0210
vn 0.9945 -0.1046 -0.0046
vn 0.9969 -0.0026 0.0785
vn 1.0000 -0.0008 -0.0024
vn 0.9868 -0.1616 0.0103
vn 0.9951 -0.0988 -0.0046
vn 0.0957 -0.9882 -0.1192
vn -0.0009 -0.9997 -0.0224
vn -0.0011 -0.9928 -0.1199
vn -0.9999 -0.0125 0.0017
vn -1.0000 -0.0031 0.0045
vn -0.9926 -0.0867 0.0849
vn 0.0008 0.9866 0.1630
vn -0.0742 0.9895 0.1244
vn -0.0919 0.0265 -0.9954
vn -0.3070 -0.0714 -0.9490
vn -0.1869 0.0247 -0.9821
vn -0.0719 -0.9962 0.0493
vn -0.0752 -0.9958 -0.0526
vn 0.0048 -0.0185 0.9998
vn 0.0188 0.0053 0.9998
vn -0.0003 -0.0089 1.0000
vn -0.0224 0.9971 0.0725
vn 0.0025 0.9997 0.0236
vn 0.0304 0.9943 0.1023
vn 0.0952 -0.0242 0.9952
vn -0.0652 -0.0916 0.9937
vn 0.0011 -0.1062 0.9943
vn -0.0960 0.9927 -0.0734
vn -0.0961 0.9951 0.0237
vn 0.0107 -0.0148 0.9998
vn 0.1090 0.0942 0.9896
vn -1.0000 -0.0011 0.0050
vn -0.9950 0.0728 -0.0683
vn -0.9901 -0.0530 -0.1299
vn -1.0000 -0.0017 0.0039
vn -0.6950 -0.7102 0.1122
vn -0.7239 -0.6263 0.2894
vn -0.6851 -0.6422 0.3439
vn 0.9632 0.0003 0.2690
vn 0.9948 0.1017 0.0011
vn 0.9840 -0.0011 0.1779
vn -0.0008 -0.9998 -0.0220
vn -0.0966 -0.9951 -0.0206
vn 0.0010 -0.9998 -0.0211
vn 0.0864 -0.9902 -0.1093
vn 0.1729 -0.9844 0.0327
vn 0.0156 0.0025 0.9999
vn -0.0041 -0.0334 0.9994
vn -0.0051 0.0540 0.9985
vn -0.6395 -0.7495 -0.1714
vn -0.7009 -0.7101 0.0673
vn 0.6069 0.6098 -0.5097
vn 0.5164 0.6150 -0.5960
vn 0.4712 0.7492 -0.4656
vn -1.0000 0.0003 0.0023
vn -0.9953 -0.0963 0.0019
vn -0.9898 -0.1023 0.0988
vn -0.0022 -0.9998 -0.0218
vn -0.0028 -0.9939 -0.1100
vn -0.0111 -0.0180 0.9998
vn 0.0808 -0.0175 0.9966
vn -0.0030 -0.1337 0.9910
vn 0.2097 -0.0787 0.9746
vn -0.0024 -0.9972 0.0745
vn -0.1296 0.0990 -0.9866
vn -0.0028 0.1243 -0.9922
vn 0.2171 -0.6682 0.7116
vn 0.1888 -0.7093 0.6791
vn 0.1541 -0.7130 0.6840
vn -0.0019 -0.9998 -0.0197
vn -0.0485 -0.9848 -0.1666
vn 0.1084 -0.7702 0.6285
vn -0.0021 -0.7564 0.6541
vn -0.1874 0.0275 -0.9819
vn -0.1669 -0.0530 -0.9846
vn -0.0055 -0.0215 0.9998
vn -0.1075 -0.0173 0.9941
vn -0.1005 -0.1200 0.9877
vn -0.9998 -0.0009 0.0175
vn -1.0000 0.0024 0.0040
vn -0.9940 0.1095 0.0065
vn 0.0224 -0.9989 -0.0422
vn -0.0497 0.1370 0.9893
vn -0.0545 0.9482 0.3130
vn 0.0002 0.9880 0.1542
vn 0.9885 -0.1307 -0.0766
vn 0.9950 0.0014 -0.1003
vn -0.7037 -0.0535 0.7085
vn -0.7593 -0.0138 0.6506
vn -0.7041 -0.0152 0.7099
vn 0.6059 0.5300 -0.5933
vn 0.7355 0.4838 -0.4742
vn -0.6660 -0.0761 0.7421
vn -0.6441 -0.0164 0.7648
vn 0.0683 -0.1092 -0.9917
vn -0.0024 0.0223 -0.9997
vn -0.0027 -0.0849 -0.9964
vn -0.9948 -0.0036 0.1017
vn -1.0000 -0.0024 0.0027
vn -0.0599 0.9979 0.0239
vn 0.0012 0.9972 -0.0742
vn -0.9895 0.1285 0.0654
vn 0.4649 0.4837 -0.7415
vn 0.5806 0.5845 -0.5668
vn -0.0935 -0.9931 0.0713
vn 0.9902 -0.0958 -0.1015
vn -0.6998 -0.1267 0.7030
vn -0.6848 -0.1667 0.7095
vn -0.7651 -0.1727 0.6203
vn 0.9907 0.0945 0.0981
vn 0.9630 -0.0065 0.2694
vn -0.6669 -0.5826 0.4647
vn -0.6974 -0.7139 -0.0626
vn -0.6944 -0.7005 0.1647
vn 0.2365 -0.6433 0.7282
vn 0.0898 -0.7198 0.6884
vn -0.0993 0.1215 -0.9876
vn -0.0538 -0.7853 0.6168
vn -0.0003 -0.0128 0.9999
vn -0.0775 -0.0921 0.9927
vn 0.8958 -0.0465 0.4420
vn 0.9210 -0.0848 0.3803
vn 0.8653 -0.0355 0.5001
vn 0.0966 0.9867 0.1308
vn -0.9995 0.0249 -0.0187
vn -0.9907 0.1005 -0.0922
vn -1.0000 0.0014 0.0024
vn -0.9950 0.0993 0.0047
vn -0.9949 -0.0711 0.0712
vn -0.9957 0.0327 0.0868
vn 0.0903 -0.9957 -0.0213
vn 0.0031 -1.0000 -0.0065
vn 0.0970 -0.9950 -0.0226
vn 0.0345 -0.9983 0.0475
vn 0.0952 0.0223 -0.9952
vn -0.0025 -0.0758 -0.9971
vn 0.0023 0.0728 0.9973
vn -0.0542 0.0309 0.9980
vn 0.0993 0.0727 0.9924
vn 0.0024 -0.0242 0.9997
vn -0.9946 0.0006 -0.1038
vn -0.9956 0.0037 -0.0932
vn -0.9971 -0.0719 -0.0245
vn -0.1326 0.9797 0.1502
vn -0.0963 -0.9926 0.0736
vn -0.0828 0.0220 -0.9963
vn -0.0570 -0.1113 -0.9921
vn -0.1058 -0.1372 -0.9849
vn -0.0621 0.9925 0.1055
vn -0.0099 0.9997 0.0224
vn -0.0664 0.9926 0.1014
vn -0.5852 -0.3755 0.7187
vn -0.6003 -0.4647 0.6508
vn -0.5595 -0.4649 0.6861
vn 0.0535 0.9975 -0.0470
vn 0.7293 -0.2510 -0.6365
vn 0.7397 -0.3437 -0.5786
vn 0.7638 -0.2488 -0.5956
vn -0.0870 0.9929 0.0817
vn -0.0832 0.9928 0.0857
vn -0.5419 -0.3748 0.7523
vn -0.5181 -0.4638 0.7186
vn 0.5571 -0.2500 -0.7919
vn 0.4765 -0.3414 -0.8101
vn 0.5396 -0.3456 -0.7677
vn 0.6517 -0.2525 -0.7152
vn 0.6709 -0.3475 -0.6551
vn 0.6931 -0.2520 -0.6753
vn -0.0799 0.9927 0.0901
vn -0.0753 0.9928 0.0937
vn 0.0579 0.9974 -0.0436
vn 0.7748 -0.3399 -0.5331
vn 0.7996 -0.2457 -0.5480
vn -0.8034 -0.3562 0.4771
vn -0.7393 -0.4515 0.4996
vn -0.7713 -0.3623 0.5233
vn -0.7372 -0.3674 0.5671
vn -0.6727 -0.4606 0.5790
vn -0.7029 -0.3713 0.6067
vn 0.8098 -0.3347 -0.4819
vn 0.8350 -0.2412 -0.4945
vn 0.8348 -0.3297 -0.4410
vn 0.8600 -0.2373 -0.4518
vn -0.8479 -0.3467 0.4010
vn -0.7985 -0.4373 0.4136
vn -0.8306 -0.3502 0.4330
vn -0.0910 0.9929 0.0772
vn 0.8457 -0.3271 -0.4217
vn 0.8705 -0.2359 -0.4319
vn 0.6717 -0.3503 -0.6528
vn 0.8355 -0.0695 -0.5451
vn -0.9385 -0.2852 0.1948
vn -0.8166 -0.4314 0.3834
vn -0.1002 0.9926 0.0688
vn -0.0958 0.9927 0.0730
vn -0.4976 -0.3729 0.7831
vn -0.4758 -0.4615 0.7487
vn -0.4553 -0.3709 0.8094
vn -0.4354 -0.4582 0.7749
vn 0.4278 -0.2429 -0.8706
vn 0.3852 -0.3325 -0.8608
vn 0.4161 -0.3359 -0.8450
vn 0.0495 0.9975 -0.0511
vn -0.4252 -0.3698 0.8261
vn -0.4069 -0.4553 0.7919
vn -0.1982 -0.3223 0.9257
vn -0.2022 -0.3874 0.8995
vn 0.3957 -0.2413 -0.8861
vn 0.6173 -0.3508 -0.7042
vn 0.0382 0.9976 -0.0581
vn -0.5732 -0.5352 0.6204
vn -0.5341 -0.5357 0.6541
vn 0.0099 -0.9997 -0.0224
vn -0.0553 -0.9981 0.0279
vn 0.7061 -0.3460 -0.6178
vn 0.7126 -0.4246 -0.5585
vn 0.0786 -0.9945 -0.0696
vn 0.0825 -0.9944 -0.0657
vn -0.4948 -0.5342 0.6854
vn -0.4546 -0.5320 0.7144
vn 0.6308 -0.3480 -0.6935
vn 0.5657 -0.4285 -0.7045
vn 0.6073 -0.4289 -0.6687
vn 0.6460 -0.4282 -0.6319
vn 0.5876 -0.3474 -0.7308
vn 0.5196 -0.4268 -0.7402
vn -0.6384 -0.4632 0.6147
vn -0.7060 -0.4569 0.5412
vn -0.6425 -0.5316 0.5519
vn -0.6748 -0.5276 0.5161
vn 0.7816 -0.4145 -0.4662
vn 0.0752 -0.9945 -0.0733
vn -0.7711 -0.4448 0.4556
vn -0.7070 -0.5226 0.4765
vn -0.7378 -0.5163 0.4348
vn 0.8178 -0.4049 -0.4090
vn 0.0100 -0.9997 -0.0224
vn 0.0864 -0.9943 -0.0629
vn -0.7651 -0.5082 0.3954
vn -0.9136 -0.3539 0.2003
vn -0.7837 -0.5009 0.3673
vn 0.7344 -0.4703 -0.4894
vn -0.0374 -0.9983 0.0439
vn 0.4590 -0.4222 -0.7817
vn 0.4011 -0.4155 -0.8164
vn -0.4166 -0.5282 0.7399
vn -0.3899 -0.5242 0.7571
vn -0.0304 -0.9982 0.0510
vn -0.0340 -0.9983 0.0479
vn 0.3721 -0.4095 -0.8330
vn 0.5675 -0.5174 -0.6405
vn -0.2067 -0.4522 0.8676
vn 0.6069 -0.2520 -0.7538
vn 0.0068 0.0424 0.9991
vn -0.0197 -0.0979 0.9950
vn -0.0353 -0.2010 0.9790
vn 0.0612 -0.9944 -0.0856
vn 0.0572 -0.9944 -0.0889
vn 0.6800 -0.4269 -0.5961
vn 0.0651 -0.9945 -0.0826
vn 0.0340 0.9973 -0.0646
vn -0.0713 0.9926 0.0981
vn 0.0479 -0.9941 -0.0975
vn -0.9981 0.0583 0.0196
vn -0.9731 0.2297 -0.0152
vn -0.9958 -0.0786 0.0464
vn -0.9985 0.0214 -0.0501
vn -0.9812 -0.1828 0.0618
vn -0.0586 -0.9980 0.0242
vn -0.6674 -0.3736 0.6442
vn -0.0411 -0.9983 0.0408
vn -0.6097 -0.5338 0.5860
vn -0.0076 0.9930 0.1178
vn 0.0315 0.9971 -0.0689
vn -0.0365 0.9910 0.1291
vn -0.0560 0.9919 0.1136
vn -0.0144 -0.9976 0.0681
vn -0.0286 -0.9981 0.0541
vn 0.0461 -0.9937 -0.1019
vn 0.0057 -0.9973 0.0731
vn -0.0100 0.9997 0.0224
vn -0.1047 0.9923 0.0667
vn 0.0649 0.9972 -0.0361
vn 0.7469 -0.4206 -0.5150
vn -0.0708 -0.9974 0.0155
vn 0.0100 -0.9997 -0.0225
vn 0.0619 0.9973 -0.0403
vn 0.0692 0.9971 -0.0322
vn 0.0688 -0.9945 -0.0795
vn 0.4910 -0.2471 -0.8354
vn 0.9739 -0.1865 0.1291
vn 0.9914 -0.1033 0.0804
vn 0.9740 -0.1829 0.1336
vn 0.0518 -0.9944 -0.0922
vn -0.0100 0.9997 0.0225
vn -0.1187 0.9917 0.0503
vn 0.0810 0.9965 -0.0227
vn -0.1061 0.9941 0.0225
vn 0.0897 -0.9940 -0.0620
vn -0.0798 -0.9967 -0.0158
vn -0.0064 -0.9985 -0.0547
vn -0.0838 -0.9965 0.0031
vn 0.0414 0.2480 0.9679
vn 0.1036 0.4268 0.8984
vn -0.0576 0.9924 0.1090
vn -0.0020 0.0951 0.9955
vn -0.0668 -0.9976 0.0172
vn -0.6278 -0.3754 0.6819
vn 0.0723 -0.9944 -0.0767
vn -0.0628 -0.9978 0.0207
vn 0.0724 0.9970 -0.0269
vn 0.8065 -0.4088 -0.4271
vn -0.8834 -0.4215 0.2048
vn -0.0517 -0.9982 0.0311
vn -0.0483 -0.9982 0.0341
vn -0.0450 -0.9983 0.0377
vn 0.0444 0.9975 -0.0544
vn 0.0783 0.9966 -0.0244
vn -0.4729 -0.7008 0.5341
vn -0.5573 -0.6264 0.5450
vn -0.5573 -0.6605 0.5032
vn 0.9993 -0.0320 0.0190
vn -0.1453 0.6732 -0.7250
vn -0.2418 0.6232 -0.7437
vn -0.1435 0.6332 -0.7606
vn 0.9742 -0.1640 0.1552
vn 0.9742 -0.1677 0.1508
vn -0.4716 -0.7331 0.4900
vn -0.5557 -0.6919 0.4610
vn -0.1453 0.8235 -0.5484
vn -0.2407 0.8470 -0.4739
vn -0.2435 0.8067 -0.5385
vn -0.1465 0.7497 -0.6453
vn -0.2446 0.6980 -0.6730
vn -0.1460 0.7111 -0.6878
vn 0.9741 -0.1717 0.1471
vn 0.9742 -0.1751 0.1425
vn 0.9993 -0.0357 0.0148
vn -0.2390 0.5760 -0.7818
vn -0.1413 0.5841 -0.7993
vn -0.4533 -0.4781 0.7523
vn -0.5427 -0.4815 0.6882
vn -0.4588 -0.5131 0.7254
vn -0.4643 -0.5542 0.6909
vn -0.5529 -0.5570 0.6197
vn -0.4682 -0.5926 0.6554
vn -0.2340 0.5125 -0.8262
vn -0.1372 0.5195 -0.8434
vn -0.2283 0.4520 -0.8623
vn -0.1332 0.4596 -0.8781
vn -0.4521 -0.4490 0.7707
vn -0.5330 -0.4293 0.7291
vn -0.4513 -0.4577 0.7661
vn 0.9742 -0.1601 0.1592
vn -0.2250 0.4206 -0.8789
vn -0.1319 0.4291 -0.8936
vn -0.2275 0.4600 -0.8582
vn 0.0211 0.6135 -0.7894
vn -0.4531 -0.4093 0.7920
vn -0.5314 -0.4216 0.7348
vn 0.9924 -0.0917 0.0815
vn 0.9818 -0.1347 0.1338
vn 0.9754 -0.1542 0.1576
vn -0.4689 -0.7631 0.4448
vn -0.5527 -0.7210 0.4180
vn -0.4658 -0.7881 0.4023
vn -0.5485 -0.7463 0.3772
vn -0.1414 0.8981 -0.4165
vn -0.2346 0.8945 -0.3807
vn -0.2369 0.8797 -0.4122
vn 0.9993 -0.0285 0.0232
vn -0.4643 -0.8040 0.3715
vn -0.5448 -0.7628 0.3484
vn -0.4081 -0.9013 0.1454
vn -0.4989 -0.8553 0.1398
vn -0.1412 0.9125 -0.3839
vn -0.2481 0.7457 -0.6183
vn 0.9992 -0.0216 0.0346
vn -0.6229 -0.5897 0.5140
vn -0.6227 -0.6226 0.4740
vn -0.9914 0.1033 -0.0804
vn -0.9985 0.0513 -0.0168
vn -0.2436 0.6616 -0.7092
vn -0.3257 0.6091 -0.7231
vn -0.9777 0.1485 -0.1486
vn -0.9931 0.0872 -0.0780
vn -0.9791 0.1261 -0.1597
vn -0.6212 -0.6526 0.4338
vn -0.6186 -0.6805 0.3928
vn -0.2451 0.7353 -0.6319
vn -0.3285 0.7513 -0.5724
vn -0.3292 0.7164 -0.6151
vn -0.3292 0.6806 -0.6545
vn -0.2448 0.7712 -0.5876
vn -0.3278 0.7854 -0.5251
vn -0.5558 -0.5914 0.5842
vn -0.5486 -0.5204 0.6543
vn -0.6187 -0.5237 0.5856
vn -0.6145 -0.4890 0.6191
vn -0.3160 0.5009 -0.8057
vn -0.9775 0.1549 -0.1432
vn -0.9916 0.1011 -0.0805
vn -0.5368 -0.4484 0.7147
vn -0.6090 -0.4520 0.6518
vn -0.6030 -0.4206 0.6779
vn -0.3066 0.4086 -0.8597
vn -0.9966 0.0556 -0.0601
vn -0.9832 0.0868 -0.1603
vn -0.5977 -0.4030 0.6931
vn -0.5236 -0.3871 0.7589
vn -0.5914 -0.3976 0.7015
vn -0.4324 0.6277 -0.6473
vn -0.9988 0.0356 -0.0349
vn -0.3247 0.8247 -0.4631
vn -0.3190 0.8574 -0.4038
vn -0.6136 -0.7055 0.3547
vn -0.6093 -0.7221 0.3276
vn -0.9987 0.0289 -0.0422
vn -0.9987 0.0324 -0.0386
vn -0.3146 0.8725 -0.3738
vn -0.3812 0.8018 -0.4601
vn -0.5672 -0.8119 0.1384
vn -0.1464 0.7870 -0.5993
vn -0.0362 -0.9987 -0.0351
vn -0.1401 -0.9901 -0.0118
vn -0.2391 -0.9710 -0.0024
vn -0.9774 0.1674 -0.1292
vn -0.9775 0.1702 -0.1250
vn -0.3271 0.6459 -0.6897
vn -0.9775 0.1641 -0.1329
vn 0.9991 -0.0156 0.0394
vn 0.9740 -0.1794 0.1383
vn -0.9771 0.1788 -0.1155
vn -0.0088 0.0314 0.9995
vn 0.1405 0.0768 0.9871
vn -0.1121 0.0015 0.9937
vn -0.0240 0.0421 0.9988
vn -0.2077 -0.0163 0.9781
vn -0.9984 0.0543 -0.0129
vn -0.4713 -0.6287 0.6185
vn -0.9988 0.0387 -0.0311
vn -0.6218 -0.5561 0.5514
vn 0.9773 -0.1983 0.0745
vn 0.9991 -0.0104 0.0415
vn 0.9721 -0.2108 0.1031
vn 0.9732 -0.1943 0.1227
vn -0.9982 0.0118 -0.0586
vn -0.9987 0.0253 -0.0440
vn -0.9765 0.1830 -0.1135
vn -0.9968 0.0085 -0.0790
vn 0.9956 -0.0628 0.0702
vn 0.9921 -0.0972 0.0788
vn 0.9990 -0.0431 0.0075
vn 0.9915 -0.1020 0.0809
vn -0.3231 0.5634 -0.7604
vn -0.9964 -0.0077 0.0839
vn -0.9997 0.0163 -0.0175
vn 0.9992 -0.0389 0.0109
vn 0.9990 -0.0446 0.0059
vn -0.9774 0.1612 -0.1367
vn -0.1442 0.8649 -0.4808
vn -0.9775 0.1738 -0.1196
vn 0.9991 -0.0240 0.0362
vn 0.9957 -0.0377 0.0842
vn 0.9993 0.0281 -0.0250
vn 0.9933 0.0041 0.1158
vn -0.9900 0.0485 -0.1325
vn -0.9946 -0.0113 0.1033
vn -0.9997 0.0243 -0.0091
vn -0.9834 -0.0329 0.1785
vn 0.1720 -0.9836 -0.0543
vn 0.3609 -0.9271 -0.1011
vn 0.9736 -0.1911 0.1247
vn -0.0448 -0.9930 -0.1097
vn -0.9992 0.0305 0.0255
vn -0.4730 -0.6653 0.5776
vn -0.9774 0.1582 -0.1400
vn -0.9987 0.0509 -0.0047
vn -0.3914 -0.0162 0.9201
vn -0.3014 0.0046 0.9535
vn 0.9994 -0.0335 0.0104
vn -0.3092 0.4403 -0.8429
vn -0.4583 -0.0336 0.8881
vn -0.9986 0.0480 -0.0201
vn -0.9987 0.0450 -0.0235
vn -0.9988 0.0419 -0.0272
vn 0.9993 -0.0247 0.0281
vn 1.0000 -0.0040 0.0048
vn 0.1260 -0.8850 -0.4482
vn 0.2059 -0.6317 -0.7474
vn 0.1675 -0.8902 -0.4236
vn 0.0838 -0.7754 -0.6259
vn 0.1918 -0.3320 -0.9236
vn 0.2561 -0.6277 -0.7351
vn 0.2880 -0.3422 -0.8944
vn 0.2187 0.3475 -0.9118
vn 0.0922 -0.2110 -0.9731
vn 0.0832 0.0452 -0.9955
vn 0.2633 0.3851 -0.8845
vn 0.1926 0.0514 -0.9799
vn 0.0776 -0.4981 -0.8636
vn 0.2462 0.0586 -0.9674
vn 0.7606 0.4807 -0.4363
vn 0.5509 0.7088 -0.4406
vn 0.4366 0.8904 -0.1290
vn 0.5767 0.7675 0.2800
vn 0.4442 0.7856 -0.4308
vn 0.3800 0.8802 -0.2842
vn 0.5270 0.4867 -0.6967
vn -0.9976 -0.0249 -0.0643
vn -0.9505 -0.1244 0.2846
vn -0.9673 -0.0050 0.2535
vn -0.8567 0.0025 -0.5158
vn -0.9894 -0.1314 0.0617
vn -0.9246 -0.2343 0.3005
vn -0.9236 -0.0927 -0.3719
vn -0.9686 -0.2260 -0.1039
vn -0.6634 -0.1248 -0.7378
vn -0.4509 -0.0271 -0.8922
vn -0.4402 -0.1373 -0.8874
vn -0.7407 -0.1932 -0.6435
vn -0.8777 -0.3436 0.3341
vn -0.8949 -0.4458 0.0209
vn -0.9353 -0.3306 0.1260
vn -0.8935 -0.4291 -0.1322
vn -0.9180 -0.3932 0.0523
vn -0.6737 0.2196 -0.7056
vn -0.7935 0.0923 -0.6015
vn -0.8860 0.1935 -0.4215
vn -0.6562 0.2697 -0.7047
vn -0.3905 0.1985 -0.8989
vn -0.5378 0.0784 -0.8394
vn -0.4000 0.2990 -0.8664
vn 0.8421 0.5266 0.1166
vn 0.6738 0.6000 -0.4312
vn 0.7756 0.6094 -0.1645
vn 0.8640 0.4817 -0.1465
vn 0.7269 0.4990 -0.4718
vn -0.0515 0.8763 -0.4790
vn 0.4993 0.7451 -0.4422
vn -0.2576 0.8407 -0.4763
vn 0.3878 0.5780 -0.7180
vn -0.2594 0.0867 -0.9619
vn 0.2959 0.2220 -0.9291
vn 0.0009 0.0721 -0.9974
vn -0.0175 0.1924 -0.9812
vn 0.3200 0.2716 -0.9076
vn -0.0159 0.2516 -0.9677
vn 0.0620 -0.8711 0.4871
vn -0.0211 -0.9775 0.2099
vn 0.1665 -0.9824 -0.0847
vn 0.1348 -0.9090 0.3945
vn -0.0184 -0.8743 0.4850
vn -0.0352 -0.7096 0.7037
vn 0.1430 -0.5353 0.8324
vn 0.3063 0.5534 0.7745
vn 0.4872 0.7109 0.5072
vn 0.2976 0.6954 0.6541
vn 0.1883 0.2878 0.9390
vn 0.3518 0.5483 0.7587
vn 0.2509 0.2734 0.9286
vn -0.0156 -0.3545 0.9349
vn 0.0905 0.1831 0.9789
vn 0.0685 -0.0737 0.9949
vn 0.1881 0.4453 0.8754
vn 0.0953 -0.0776 0.9924
vn -0.8774 -0.1538 0.4545
vn -0.7793 -0.0797 0.6216
vn -0.8448 -0.2527 0.4716
vn -0.7816 -0.1502 0.6054
vn -0.5804 -0.0537 0.8125
vn -0.6682 -0.2089 0.7140
vn -0.6282 -0.1230 0.7683
vn -0.6584 -0.3572 0.6625
vn -0.8012 -0.3424 0.4907
vn -0.4833 -0.2848 0.8278
vn -0.7121 -0.3086 0.6306
vn -0.5674 -0.2571 0.7823
vn -0.7736 -0.2363 0.5879
vn -0.3194 -0.0599 0.9457
vn -0.2765 -0.1568 0.9481
vn -0.4418 -0.1535 0.8839
vn -0.8730 0.1362 0.4684
vn -0.8770 0.4787 0.0402
vn -0.9786 0.0109 0.2054
vn -0.8697 0.0267 0.4929
vn -0.9719 0.2271 -0.0618
vn -0.5470 0.1971 0.8136
vn -0.6447 0.1166 0.7555
vn 0.2068 0.1208 0.9709
vn -0.3299 0.0171 0.9439
vn -0.0157 0.0134 0.9998
vn 0.4504 0.2179 0.8658
vn -0.0578 0.1025 0.9931
vn -0.7051 0.0022 0.7091
vn 0.2829 0.2258 0.9322
vn -0.0714 0.1295 0.9890
vn 0.5306 0.3428 0.7752
vn 0.6798 0.3297 0.6552
vn 0.7453 0.4305 0.5091
vn 0.4783 0.3689 0.7969
vn 0.2503 0.2917 0.9232
vn 0.3518 0.9016 0.2515
vn 0.1542 0.8200 0.5512
vn 0.5935 0.5891 0.5483
vn 0.5290 0.5198 0.6707
vn 0.0423 0.6056 0.7947
vn 0.7308 0.2601 0.6310
vn 0.5078 0.4739 0.7194
vn 0.4021 0.2695 0.8750
vn 0.8394 0.1406 0.5250
vn 0.9047 0.3549 0.2359
vn 0.9894 0.1004 0.1053
vn 0.5990 0.0370 0.7999
vn 0.2988 0.7042 0.6441
vn 0.2950 0.3737 0.8794
vn 0.1878 0.1762 0.9663
vn 0.2361 0.1684 0.9570
vn -0.2317 0.9393 0.2531
vn -0.1322 0.9874 0.0870
vn -0.7327 0.4025 0.5489
vn -0.7261 0.2227 0.6506
vn -0.7279 0.2421 0.6415
vn 0.4200 -0.8686 0.2630
vn 0.1585 -0.6756 0.7201
vn 0.0400 -0.5488 0.8350
vn -0.6923 0.0500 0.7199
vn 0.2376 0.8123 -0.5326
vn 0.2376 0.8123 -0.5327
vn -0.0470 0.9703 0.2372
vn -0.0907 0.7741 0.6265
vn -0.3146 0.8510 0.4205
vn -0.4742 0.6841 0.5543
vn -0.1689 0.4415 0.8812
vn -0.1372 0.7206 0.6797
vn 0.2375 0.3689 -0.8986
vn 0.4958 0.7944 -0.3508
vn 0.2159 0.3339 -0.9176
vn -0.0023 0.1984 0.9801
vn 0.0625 0.5856 0.8082
vn 0.0076 0.5078 0.8614
vn -0.6877 -0.5663 0.4543
vn -0.5884 -0.6028 0.5389
vn -0.7573 -0.0732 0.6490
vn -0.5651 -0.0615 0.8227
vn -0.5450 -0.0908 0.8335
vn 0.0472 0.5029 0.8630
vn -0.5836 -0.1816 0.7915
vn -0.5910 -0.1919 0.7835
vn 0.7638 -0.2136 0.6091
vn 0.6179 -0.1644 0.7689
vn 0.1959 -0.6143 0.7644
vn -0.5394 -0.4868 0.6871
vn 0.4087 -0.1914 0.8924
vn 0.3712 -0.2172 0.9028
vn -0.6596 -0.7464 -0.0885
vn -0.6587 -0.6882 0.3041
vn -0.5955 -0.8024 -0.0388
vn 0.7073 0.2111 0.6746
vn 0.7073 0.2110 0.6746
vn 0.4206 -0.3707 0.8281
vn -0.0718 -0.7189 0.6914
vn -0.1581 -0.2454 -0.9564
vn -0.0181 -0.5044 -0.8633
vn -0.3358 -0.9298 -0.1506
vn -0.7380 -0.0711 0.6710
vn -0.6410 -0.4479 0.6233
vn -0.7876 -0.2437 0.5660
vn 0.4720 -0.1773 -0.8636
vn -0.5432 -0.7446 -0.3880
vn -0.3517 -0.7931 -0.4974
vn -0.6754 -0.6775 -0.2912
vn -0.2224 -0.7941 -0.5657
vn 0.1437 -0.5882 -0.7959
vn 0.4090 0.8570 -0.3135
vn 0.2177 0.9635 -0.1560
vn 0.1769 0.9765 -0.1226
vn -0.4979 0.8631 -0.0840
vn -0.2405 0.9153 -0.3230
vn -0.1254 0.9910 -0.0468
vn -0.8330 0.5316 -0.1532
vn -0.6403 0.6692 -0.3772
vn -0.5293 0.6153 -0.5841
vn -0.7989 0.4325 -0.4180
vn -0.8480 0.1846 -0.4968
vn -0.9488 0.2022 -0.2427
vn -0.9809 0.1311 -0.1436
vn -0.2419 0.3718 -0.8963
vn -0.5012 0.1323 -0.8551
vn -0.6392 0.4091 -0.6512
vn -0.2794 -0.0216 -0.9599
vn -0.5933 0.0118 -0.8049
vn -0.3849 -0.1093 -0.9165
vn -0.5537 -0.4323 0.7117
vn -0.1757 0.4018 -0.8987
vn 0.2118 0.5227 -0.8258
vn 0.2243 0.5254 -0.8208
vn -0.1756 -0.8009 0.5724
vn -0.3819 -0.6726 0.6338
vn -0.7812 -0.5665 -0.2624
vn -0.8431 -0.4786 -0.2450
vn -0.7851 -0.5674 -0.2482
vn -0.6871 0.2186 -0.6929
vn -0.6872 0.2186 -0.6928
vn -0.8445 -0.4723 -0.2525
vn -0.9132 -0.3584 -0.1941
vn 0.0999 -0.4916 -0.8651
vn 0.3426 -0.2246 -0.9123
vn 0.1814 -0.8514 -0.4922
vn 0.3842 -0.6334 -0.6718
vn 0.5942 -0.5244 -0.6098
vn 0.4254 -0.7865 -0.4478
vn 0.1868 -0.9608 -0.2050
vn 0.5300 -0.8245 -0.1982
vn 0.1780 -0.9516 -0.2505
vn 0.9050 -0.2378 -0.3528
vn 0.8521 -0.5099 -0.1181
vn 0.6546 -0.6400 -0.4024
vn 0.9905 -0.1290 0.0487
vn 0.7747 -0.6323 -0.0014
vn 0.9507 -0.2728 0.1476
vn -0.6077 -0.6457 0.4623
vn -0.3540 -0.8572 0.3741
vn -0.3085 -0.8823 0.3556
vn -0.5643 -0.2504 0.7867
vn -0.6252 -0.4564 0.6331
vn 0.3478 -0.7716 0.5326
vn 0.4467 -0.8183 0.3616
vn 0.4991 -0.8276 0.2568
vn 0.8677 -0.1974 -0.4562
vn 0.8677 -0.1973 -0.4562
vn 0.7246 -0.6879 -0.0419
vn 0.7568 -0.6457 -0.1012
vn -0.2035 0.3519 0.9136
vn -0.4004 0.1081 0.9100
vn 0.2745 0.6101 0.7433
vn 0.2419 0.4697 0.8490
vn -0.7122 0.0801 0.6974
vn -0.0963 0.4399 0.8929
vn -0.3871 0.2184 0.8958
vn 0.3111 0.8977 -0.3120
vn 0.5811 0.7920 -0.1872
vn 0.1553 0.8032 -0.5751
vn 0.0443 0.9023 -0.4288
vn 0.4382 0.8951 -0.0821
vn 0.6552 0.7554 0.0041
vn -0.3024 0.9104 0.2824
vn -0.3021 0.9104 0.2827
vn -0.5009 0.8638 0.0552
vn -0.9219 0.1098 0.3715
vn -0.8891 0.4157 -0.1916
vn -0.9274 0.3231 0.1884
vn -0.7965 0.5560 -0.2377
vn -0.9037 0.2225 0.3658
vn -0.9034 0.4181 0.0948
vn 0.3937 -0.9172 -0.0617
vn 0.1294 -0.9291 0.3464
vn 0.6642 -0.7288 -0.1665
vn 0.3693 -0.9165 0.1536
vn 0.0887 -0.7270 0.6809
vn 0.4762 -0.8764 0.0717
vn 0.2277 -0.9071 0.3540
vn 0.8647 0.3562 -0.3541
vn 0.7736 0.2443 -0.5847
vn 0.7738 0.5865 -0.2395
vn 0.8719 0.4636 -0.1573
vn 0.8709 0.1572 -0.4656
vn 0.7365 -0.0638 -0.6734
vn 0.9572 -0.2180 0.1904
vn 0.9571 -0.2207 0.1877
vn 0.9258 -0.0220 0.3773
vn 0.1397 -0.4052 0.9035
vn 0.4372 0.0275 0.8989
vn 0.3899 -0.2009 0.8987
vn 0.7013 0.1370 0.6995
vn 0.2336 -0.4076 0.8828
vn 0.4971 -0.1136 0.8602
vn -0.3860 -0.1485 0.9105
vn -0.1264 -0.4167 0.9002
vn -0.6989 -0.1292 0.7034
vn -0.3587 -0.3925 0.8469
vn -0.1075 -0.7288 0.6763
vn -0.5673 -0.6035 0.5603
vn -0.3196 -0.6932 0.6460
vn -0.9089 -0.3999 0.1187
vn -0.9105 -0.1393 0.3893
vn -0.6922 -0.7158 0.0921
vn -0.8512 -0.3843 0.3573
vn -0.6620 -0.3530 0.6612
vn -0.1221 -0.9267 0.3554
vn -0.3764 -0.9208 0.1020
vn -0.3509 -0.8744 0.3350
vn -0.6573 -0.6869 0.3100
vn -0.8780 0.2252 -0.4225
vn -0.9252 -0.3602 -0.1196
vn -0.7805 0.2594 -0.5687
vn -0.9279 -0.1745 -0.3294
vn -0.7141 -0.6930 -0.0986
vn -0.9010 -0.0902 -0.4244
vn -0.9060 -0.3599 -0.2227
vn 0.3146 0.3457 -0.8840
vn 0.1745 0.6007 -0.7802
vn 0.5789 0.2258 -0.7835
vn 0.4381 0.1336 -0.8889
vn 0.0714 0.4618 -0.8841
vn -0.0186 0.6760 -0.7367
vn -0.2932 -0.2367 -0.9263
vn -0.2940 -0.2358 -0.9262
vn -0.0851 -0.4261 -0.9007
vn -0.2078 -0.9010 -0.3808
vn 0.0434 -0.9096 -0.4132
vn -0.3956 -0.9077 -0.1398
vn 0.1046 -0.7506 -0.6524
vn -0.3965 -0.8866 -0.2380
vn -0.1157 -0.8734 -0.4731
vn -0.1834 0.7559 0.6285
vn -0.0732 0.8416 0.5352
vn -0.2452 0.8647 0.4384
vn -0.4829 0.7310 0.4822
vn -0.1848 0.5014 0.8452
vn -0.0261 0.6418 0.7664
vn -0.3892 0.2213 0.8942
vn -0.6070 -0.3118 0.7310
vn -0.7365 -0.3540 0.5765
vn -0.5862 -0.4704 0.6597
vn -0.4296 -0.1292 0.8937
vn -0.8007 -0.0924 0.5919
vn -0.0450 0.3174 0.9472
vn -0.2169 -0.1366 0.9666
vn -0.2040 0.1431 0.9685
vn -0.4095 -0.3616 0.8376
vn 0.1033 0.9086 0.4046
vn 0.3782 0.9181 0.1187
vn 0.0961 0.6842 0.7230
vn 0.3738 0.8402 0.3929
vn 0.7050 0.7011 0.1072
vn 0.3560 0.6446 0.6765
vn 0.6626 0.6517 0.3691
vn 0.3806 0.0744 0.9217
vn 0.0993 0.3540 0.9300
vn 0.7061 0.0738 0.7043
vn 0.3754 0.3521 0.8574
vn 0.6630 0.3381 0.6679
vn 0.9212 0.3749 0.1045
vn 0.9215 0.0870 0.3785
vn 0.8508 0.3629 0.3802
vn 0.7205 -0.1135 0.6841
vn 0.7994 -0.3205 0.5081
vn 0.7190 -0.0432 0.6936
vn 0.5673 -0.0748 0.8201
vn 0.7003 -0.5272 0.4813
vn -0.2362 -0.3351 0.9121
vn 0.2330 -0.0969 0.9676
vn -0.4824 -0.6169 0.6218
vn -0.3223 -0.5916 0.7390
vn 0.3276 -0.1166 0.9376
vn 0.5208 -0.0587 0.8517
vn -0.6871 -0.7244 0.0554
vn -0.6096 -0.7072 0.3582
vn -0.0571 -0.7373 0.6732
vn 0.1369 -0.6695 0.7301
vn 0.2042 -0.6667 0.7168
vn -0.3622 -0.6036 0.7103
vn 0.1547 -0.5479 0.8221
vn -0.0970 0.9293 -0.3564
vn -0.3778 0.9229 -0.0746
vn -0.0926 0.7206 -0.6871
vn -0.3733 0.8582 -0.3524
vn -0.7036 0.7068 -0.0733
vn -0.3555 0.6769 -0.6445
vn -0.6611 0.6702 -0.3372
vn -0.3805 0.1201 -0.9170
vn -0.0990 0.4005 -0.9109
vn -0.7057 0.1098 -0.7000
vn -0.3747 0.3942 -0.8392
vn -0.6620 0.3716 -0.6509
vn -0.9203 0.3818 -0.0860
vn -0.9213 0.1076 -0.3737
vn -0.8497 0.3830 -0.3623
vn -0.4527 0.8206 0.3489
vn -0.0531 0.8805 0.4711
vn -0.4082 0.9061 0.1113
vn -0.5749 0.7646 0.2912
vn -0.4371 0.7620 0.4777
vn 0.0093 0.7329 0.6803
vn -0.5963 0.6590 0.4584
vn -0.9311 -0.1830 0.3155
vn -0.9382 0.3297 0.1051
vn -0.6998 -0.4483 0.5561
vn -0.9514 0.1205 0.2833
vn -0.7512 0.6539 0.0903
vn -0.9198 0.0770 0.3847
vn -0.9181 0.2452 0.3113
vn 0.0646 -0.6214 0.7808
vn -0.3424 -0.3480 0.8727
vn -0.2575 -0.6184 0.7425
vn 0.0891 -0.2936 0.9518
vn -0.3215 -0.1927 0.9271
vn -0.4826 -0.3773 0.7904
vn -0.5448 -0.1211 0.8298
vn -0.6372 -0.2332 -0.7345
vn -0.5370 -0.0512 -0.8420
vn -0.3700 -0.1678 -0.9137
vn -0.6797 -0.3062 -0.6665
vn -0.8609 -0.2202 -0.4587
vn -0.8104 -0.0447 -0.5842
vn -0.8322 -0.3527 -0.4278
vn -0.5079 -0.7826 0.3600
vn -0.0436 -0.8185 0.5728
vn -0.3409 -0.7330 0.5887
vn -0.6022 -0.6992 0.3854
vn -0.2381 -0.9328 -0.2704
vn -0.5108 -0.8574 0.0624
vn -0.1496 -0.9082 -0.3909
vn -0.7077 -0.6961 0.1213
vn -0.9530 -0.0753 -0.2934
vn -0.9397 -0.2982 0.1677
vn -0.9644 -0.2446 -0.1000
vn -0.7366 -0.5334 0.4158
vn -0.9463 -0.3175 -0.0603
vn -0.2844 -0.5299 -0.7989
vn -0.2104 -0.1988 -0.9572
vn -0.0833 -0.4031 -0.9114
vn -0.2561 -0.8178 -0.5154
vn -0.3625 -0.5784 -0.7307
vn -0.5480 -0.8008 -0.2416
vn -0.2871 -0.9472 0.1426
vn -0.0897 -0.9365 -0.3389
vn -0.4988 -0.7746 0.3888
vn -0.2543 -0.9589 -0.1256
vn -0.0694 -0.7514 -0.6562
vn -0.5320 -0.8322 0.1562
vn -0.7551 -0.5554 0.3484
vn -0.6932 -0.4364 0.5737
vn -0.9479 -0.1769 -0.2649
vn -0.8534 -0.5180 0.0588
vn 0.3760 -0.0770 -0.9234
vn 0.0950 -0.3580 -0.9289
vn 0.0948 -0.0750 -0.9927
vn 0.7023 -0.0768 -0.7078
vn 0.3709 -0.3547 -0.8583
vn 0.0895 -0.6883 -0.7199
vn 0.6590 -0.3405 -0.6707
vn 0.3522 -0.6464 -0.6769
vn 0.9198 -0.3772 -0.1077
vn 0.9197 -0.0894 -0.3823
vn 0.7033 -0.7025 -0.1090
vn 0.8482 -0.3654 -0.3834
vn 0.6596 -0.6538 -0.3708
vn 0.0954 -0.9120 -0.3990
vn 0.3773 -0.9185 -0.1186
vn 0.3715 -0.8412 -0.3930
vn 0.8721 -0.4848 0.0667
vn 0.8879 -0.4601 0.0066
vn 0.7182 -0.5226 0.4594
vn 0.7183 -0.5227 0.4591
vn 0.7113 -0.6986 0.0777
vn 0.6748 -0.7379 0.0144
vn 0.5298 -0.7849 0.3214
vn -0.6427 -0.3427 0.6852
vn -0.6832 -0.1514 0.7144
vn -0.5539 -0.5381 0.6353
vn -0.3515 -0.7895 0.5032
vn -0.0163 -0.7846 0.6198
vn 0.0041 -0.6287 0.7777
vn -0.1696 -0.5313 0.8300
vn -0.6148 -0.7168 0.3290
vn 0.2789 -0.7029 0.6543
vn 0.3250 -0.9447 0.0451
vn -0.1775 -0.9511 0.2529
vn 0.4442 -0.8937 0.0631
vn -0.2643 -0.8172 0.5122
vn -0.4010 -0.7477 0.5293
vn -0.9058 0.4152 -0.0848
vn -0.6772 0.7186 -0.1581
vn -0.9027 0.4081 -0.1366
vn -0.8019 0.5967 -0.0306
vn -0.3907 0.9102 -0.1376
vn -0.6708 0.7117 -0.2086
vn -0.4049 0.8825 -0.2392
vn 0.2891 0.9400 -0.1812
vn -0.2618 0.9647 -0.0294
vn -0.0052 0.9997 -0.0244
vn 0.3182 0.9194 -0.2313
vn -0.0149 0.9900 -0.1406
vn -0.5407 0.8410 -0.0157
vn -0.0134 0.9796 -0.2004
vn 0.6729 0.4645 -0.5757
vn 0.8566 0.1795 -0.4838
vn -0.0515 0.5418 -0.8389
vn 0.5173 0.4739 -0.7126
vn 0.7260 0.4946 -0.4778
vn 0.8484 0.3335 -0.4111
vn 0.3963 0.7445 -0.5372
vn 0.1694 0.7237 0.6690
vn 0.0545 0.6032 0.7958
vn 0.1519 0.4189 0.8952
vn 0.2176 0.7177 0.6615
vn 0.1473 0.9095 0.3887
vn 0.0364 0.8405 0.5406
vn 0.2431 0.8831 0.4014
vn 0.5019 -0.0780 -0.8614
vn 0.5422 0.4629 -0.7012
vn 0.5663 0.2087 -0.7973
vn 0.4497 0.1737 -0.8761
vn 0.4461 0.4883 -0.7501
vn 0.8144 0.5795 0.0293
vn 0.6752 0.4774 -0.5623
vn 0.7823 0.5819 0.2221
vn 0.5148 0.7508 -0.4138
vn 0.0450 0.9624 0.2678
vn 0.1789 0.9411 -0.2870
vn 0.0347 0.9993 0.0161
vn 0.1463 0.9891 0.0184
vn 0.2252 0.9211 -0.3175
vn 0.2010 0.9794 0.0182
vn -0.8622 -0.5013 -0.0733
vn -0.9715 -0.2347 0.0337
vn -0.9887 0.0569 -0.1386
vn -0.8994 -0.4130 -0.1434
vn -0.8585 -0.5128 0.0063
vn -0.6832 -0.7302 0.0054
vn -0.5182 -0.8342 -0.1887
vn 0.5483 -0.7439 -0.3821
vn 0.6817 -0.4724 -0.5587
vn 0.6881 -0.6247 -0.3690
vn 0.3036 -0.9157 -0.2633
vn 0.5348 -0.7300 -0.4255
vn 0.2786 -0.9042 -0.3238
vn -0.3107 -0.9497 -0.0394
vn 0.2177 -0.9621 -0.1645
vn -0.0371 -0.9900 -0.1359
vn 0.4610 -0.8475 -0.2632
vn -0.0457 -0.9859 -0.1607
vn 0.0888 -0.5041 0.8591
vn 0.0380 0.1005 0.9942
vn -0.0070 -0.2268 0.9739
vn 0.0120 -0.5073 0.8617
vn 0.1533 -0.5316 0.8330
vn 0.1944 -0.8409 0.5051
vn 0.1426 -0.9615 -0.2349
vn 0.0363 -0.9529 0.3012
vn 0.0419 -0.9991 -0.0079
vn 0.2328 -0.8467 -0.4784
vn 0.1225 -0.9922 0.0210
vn 0.0057 -0.7313 0.6821
vn 0.2379 -0.9161 -0.3228
vn 0.1493 -0.9884 0.0263
vn 0.3653 -0.7412 -0.5632
vn 0.3319 -0.6266 -0.7052
vn 0.6885 -0.5102 -0.5154
vn 0.5117 -0.4687 -0.7201
vn 0.2994 -0.9050 -0.3023
vn 0.3099 0.2223 0.9244
vn 0.6432 0.2339 0.7291
vn 0.2790 0.3306 0.9016
vn 0.5223 0.0884 0.8481
vn 0.8763 0.1928 0.4414
vn 0.5895 0.2909 0.7536
vn 0.8479 0.3008 0.4365
vn 0.9456 0.2090 -0.2493
vn 0.9477 0.0755 0.3101
vn 0.9974 0.0577 0.0435
vn 0.7190 0.3599 -0.5945
vn 0.9812 0.1836 0.0588
vn 0.7998 0.0699 0.5961
vn 0.9689 0.2435 0.0440
vn 0.4926 0.5888 -0.6408
vn 0.2581 0.4755 -0.8410
vn 0.2954 0.6960 -0.6545
vn 0.2529 0.6822 -0.6861
vn 0.5481 0.4818 -0.6837
vn 0.7495 0.5541 -0.3622
vn -0.3496 -0.1033 0.9312
vn 0.0260 -0.0170 0.9995
vn -0.4014 -0.1935 0.8952
vn -0.1266 -0.0975 0.9872
vn 0.1385 -0.0213 0.9901
vn -0.1809 -0.2145 0.9598
vn 0.0008 -0.2056 0.9786
vn -0.1290 -0.4338 0.8917
vn -0.4339 -0.3046 0.8479
vn 0.0240 -0.4192 0.9076
vn -0.2388 -0.3190 0.9172
vn -0.0362 -0.2519 0.9671
vn 0.8831 -0.1099 0.4561
vn 0.9151 -0.1613 0.3696
vn 0.9271 -0.0348 0.3732
vn 0.7709 -0.0233 0.6365
vn 0.7265 -0.2517 0.6394
vn 0.7712 -0.3204 0.5502
vn 0.1953 -0.1246 0.9728
vn 0.6795 -0.7205 -0.1383
vn 0.5408 -0.8404 -0.0359
vn 0.3571 -0.9220 -0.1498
vn 0.6783 -0.7104 -0.1878
vn 0.8845 -0.4569 -0.0941
vn 0.7960 -0.6053 0.0064
vn 0.8649 -0.4637 -0.1924
vn 0.0269 0.8777 -0.4785
vn 0.5554 0.6749 -0.4858
vn 0.3116 0.7928 -0.5239
vn 0.2745 0.8706 -0.4084
vn 0.5765 0.7200 -0.3863
vn 0.6341 -0.0559 -0.7712
vn 0.5685 0.5390 -0.6215
vn 0.6189 -0.2488 -0.7450
vn 0.8164 0.3667 -0.4461
vn 0.9391 -0.3432 0.0155
vn 0.9715 0.2139 -0.1022
vn 0.9948 -0.0957 0.0360
vn 0.9926 -0.0942 -0.0760
vn 0.9577 0.2463 -0.1487
vn 0.9872 -0.0906 -0.1312
vn -0.5541 0.1256 0.8230
vn -0.3125 0.0210 0.9497
vn -0.0372 0.0920 0.9951
vn -0.5835 0.1930 0.7889
vn -0.5773 0.0456 0.8152
vn -0.7517 0.0127 0.6594
vn -0.8299 0.2208 0.5123
vn -0.6963 0.4283 -0.5760
vn -0.4096 0.7666 -0.4944
vn -0.5635 0.3704 -0.7385
vn -0.9056 0.2641 -0.3318
vn -0.3229 0.6000 -0.7319
vn -0.8952 0.3372 -0.2916
vn -0.8406 0.3329 -0.4273
vn -0.9541 0.0286 0.2980
vn -0.9583 0.1427 -0.2475
vn -0.9922 0.1221 0.0229
vn -0.8237 0.2523 -0.5078
vn -0.9870 0.1528 0.0495
vn -0.6316 -0.0608 0.7729
vn -0.5044 -0.1268 0.8541
vn -0.7920 -0.0395 0.6092
vn -0.6312 -0.1215 0.7661
vn -0.5345 -0.2153 0.8173
vn -0.7266 -0.1714 0.6653
vn -0.6292 -0.1971 0.7518
vn -0.9252 -0.1294 0.3567
vn -0.9140 -0.0489 0.4027
vn -0.7864 -0.2095 0.5811
vn -0.8623 -0.1241 0.4909
vn -0.7628 -0.0958 0.6395
vn -0.5642 -0.2930 0.7719
vn -0.7038 -0.2995 0.6442
vn -0.5762 -0.3739 0.7268
vn -0.6729 -0.2571 0.6936
vn -0.8281 -0.2335 0.5097
vn -0.5598 -0.8137 -0.1566
vn 0.0107 -0.9816 -0.1907
vn -0.3033 -0.9521 -0.0401
vn -0.5708 -0.8176 -0.0751
vn -0.4579 -0.8612 -0.2207
vn -0.8612 -0.4310 -0.2694
vn -0.8153 -0.5471 -0.1896
vn -0.9273 0.3144 -0.2030
vn -0.9684 -0.2224 -0.1132
vn -0.9897 0.0890 -0.1124
vn -0.7874 0.5506 -0.2773
vn -0.9792 0.0617 -0.1932
vn -0.7798 -0.6210 -0.0789
vn -0.8677 0.4022 -0.2921
vn -0.9738 0.0582 -0.2200
vn -0.6710 0.6352 -0.3825
vn -0.5428 0.7619 -0.3534
vn -0.3769 0.7586 -0.5314
vn -0.6525 0.6267 -0.4259
vn -0.8535 0.3830 -0.3534
vn -0.2957 -0.2964 -0.9081
vn -0.3150 -0.2790 -0.9072
vn -0.4379 -0.4516 -0.7774
vn -0.4651 -0.4259 -0.7761
vn -0.6994 -0.6636 -0.2653
vn -0.6807 -0.7324 -0.0107
vn -0.7222 -0.6916 -0.0091
vn -0.2783 -0.3128 -0.9081
vn -0.4123 -0.4752 -0.7773
vn -0.6589 -0.7037 -0.2657
vn -0.6394 -0.7687 -0.0135
vn 0.2981 0.3080 -0.9035
vn 0.3150 0.2895 -0.9039
vn 0.4488 0.4495 -0.7724
vn 0.7224 0.6195 -0.3072
vn 0.7199 0.6914 -0.0606
vn 0.6837 0.6626 -0.3057
vn 0.3322 0.2684 -0.9042
vn 0.4747 0.4207 -0.7731
vn 0.7605 0.5716 -0.3083
vn 0.7611 0.6457 -0.0617
vn -0.3491 -0.2408 -0.9056
vn -0.3329 -0.2601 -0.9064
vn -0.5148 -0.3706 -0.7731
vn -0.7385 -0.6203 -0.2643
vn -0.7979 -0.6028 -0.0068
vn -0.7737 -0.5771 -0.2614
vn -0.4919 -0.3989 -0.7739
vn -0.7624 -0.6470 -0.0082
vn 0.2812 0.3261 -0.9026
vn 0.2647 0.3417 -0.9017
vn 0.4227 0.4770 -0.7706
vn 0.3969 0.5002 -0.7696
vn 0.6044 0.7357 -0.3057
vn 0.6773 0.7332 -0.0606
vn 0.6358 0.7695 -0.0602
vn 0.6432 0.7016 -0.3067
vn 0.2470 0.3564 -0.9011
vn 0.2268 0.3707 -0.9006
vn 0.3697 0.5228 -0.7681
vn 0.3380 0.5468 -0.7660
vn 0.5146 0.8017 -0.3039
vn 0.5919 0.8037 -0.0619
vn 0.5392 0.8399 -0.0626
vn 0.5629 0.7677 -0.3061
vn -0.2603 -0.3296 -0.9076
vn -0.3858 -0.4987 -0.7762
vn -0.6183 -0.7388 -0.2681
vn -0.5954 -0.8033 -0.0157
vn -0.2406 -0.3464 -0.9067
vn -0.3567 -0.5222 -0.7747
vn -0.5751 -0.7723 -0.2700
vn -0.5473 -0.8368 -0.0184
vn -0.2191 -0.3631 -0.9056
vn -0.3262 -0.5457 -0.7718
vn -0.5281 -0.8054 -0.2693
vn -0.4963 -0.8679 -0.0218
vn -0.1940 -0.3697 -0.9087
vn -0.2952 -0.5592 -0.7747
vn -0.4776 -0.8358 -0.2709
vn -0.4483 -0.8937 -0.0210
vn 0.2086 0.3850 -0.8991
vn 0.2010 0.4031 -0.8928
vn 0.3047 0.5732 -0.7607
vn 0.2832 0.5980 -0.7498
vn 0.4092 0.8643 -0.2925
vn 0.4743 0.8781 -0.0640
vn 0.4187 0.9062 -0.0594
vn 0.4570 0.8365 -0.3024
vn -0.0755 -0.3502 -0.9336
vn 0.0444 -0.3248 -0.9447
vn -0.1656 -0.7861 -0.5955
vn 0.0423 -0.6752 -0.7364
vn -0.1871 -0.9777 -0.0955
vn 0.0324 -0.9177 -0.3959
vn -0.0644 -0.1135 -0.9914
vn -0.2689 -0.5634 -0.7812
vn -0.4289 -0.8640 -0.2637
vn -0.4131 -0.9105 -0.0172
vn -0.2639 -0.5765 -0.7733
vn -0.3957 -0.8832 -0.2518
vn 0.2018 0.4231 -0.8833
vn 0.2783 0.6168 -0.7363
vn 0.3926 0.9182 -0.0522
vn 0.3848 0.8787 -0.2823
vn 0.3525 0.2417 -0.9041
vn 0.5018 0.3888 -0.7727
vn 0.8037 0.5094 -0.3076
vn 0.8016 0.5945 -0.0634
vn 0.3754 0.2194 -0.9005
vn 0.5352 0.3466 -0.7704
vn 0.8399 0.4508 -0.3021
vn 0.8479 0.5261 -0.0654
vn -0.3703 -0.2135 -0.9040
vn -0.3614 -0.2243 -0.9050
vn -0.5466 -0.3321 -0.7687
vn -0.8010 -0.5398 -0.2590
vn -0.8428 -0.5382 -0.0045
vn -0.8186 -0.5138 -0.2567
vn -0.5340 -0.3475 -0.7708
vn -0.8257 -0.5640 -0.0065
vn -0.3896 0.0379 -0.9202
vn -0.7204 0.0469 -0.6920
vn -0.9348 0.0479 -0.3520
vn 0.3926 0.2089 -0.8957
vn 0.5688 0.3088 -0.7623
vn 0.8594 0.4189 -0.2933
vn 0.8852 0.4609 -0.0630
vn 0.9017 0.4286 -0.0569
vn 0.5886 0.2938 -0.7531
vn 0.8593 0.4127 -0.3022
vn -0.3756 -0.2088 -0.9029
vn -0.5981 -0.2941 -0.7455
vn -0.8281 -0.5018 -0.2497
vn -0.8514 -0.5246 -0.0022
vn -0.5551 -0.3249 -0.7657
vn -0.5223 -0.5172 0.6780
vn -0.4924 -0.5476 0.6765
vn -0.3771 -0.3824 0.8435
vn -0.3556 -0.4043 0.8427
vn -0.2087 -0.2239 0.9520
vn -0.1968 -0.2360 0.9516
vn -0.4630 -0.5746 0.6748
vn -0.3344 -0.4246 0.8414
vn -0.1851 -0.2477 0.9510
vn 0.5842 0.4785 0.6555
vn 0.5527 0.5133 0.6565
vn 0.4244 0.3386 0.8398
vn 0.4015 0.3638 0.8405
vn 0.2338 0.1744 0.9565
vn 0.2211 0.1880 0.9570
vn 0.6159 0.4402 0.6534
vn 0.4473 0.3110 0.8385
vn 0.2459 0.1592 0.9561
vn -0.5518 -0.4851 0.6784
vn -0.5787 -0.4532 0.6781
vn -0.3988 -0.3593 0.8437
vn -0.4187 -0.3364 0.8435
vn -0.2210 -0.2109 0.9522
vn -0.2321 -0.1981 0.9523
vn 0.4900 0.5748 0.6554
vn 0.5206 0.5457 0.6566
vn 0.3564 0.4086 0.8402
vn 0.3789 0.3877 0.8403
vn 0.1968 0.2127 0.9571
vn 0.2087 0.2010 0.9571
vn 0.4184 0.6338 0.6506
vn 0.4577 0.6028 0.6536
vn 0.3050 0.4531 0.8377
vn 0.3332 0.4290 0.8396
vn 0.1681 0.2374 0.9567
vn 0.1841 0.2237 0.9571
vn -0.4326 -0.6023 0.6710
vn -0.3127 -0.4451 0.8391
vn -0.1727 -0.2590 0.9503
vn -0.3993 -0.6299 0.6662
vn -0.2893 -0.4661 0.8361
vn -0.1599 -0.2712 0.9491
vn -0.3643 -0.6575 0.6595
vn -0.2650 -0.4884 0.8314
vn -0.1471 -0.2853 0.9471
vn -0.3324 -0.6844 0.6489
vn -0.2456 -0.5164 0.8204
vn -0.1411 -0.3111 0.9398
vn 0.3177 0.7053 0.6337
vn 0.3659 0.6721 0.6437
vn 0.2274 0.5142 0.8269
vn 0.2658 0.4853 0.8330
vn 0.1167 0.2768 0.9538
vn 0.1440 0.2589 0.9551
vn -0.0577 -0.9190 0.3901
vn -0.1816 -0.7820 0.5962
vn -0.0618 -0.7163 0.6950
vn -0.1509 -0.6171 0.7723
vn -0.0575 -0.4263 0.9028
vn -0.1110 -0.4181 0.9016
vn -0.3122 -0.7089 0.6324
vn -0.2378 -0.5503 0.8004
vn -0.1465 -0.3519 0.9245
vn 0.2930 0.7195 0.6297
vn 0.2072 0.5266 0.8245
vn 0.0993 0.2807 0.9547
vn 0.6538 0.3898 0.6485
vn 0.4760 0.2755 0.8352
vn 0.2613 0.1401 0.9550
vn 0.6886 0.3433 0.6387
vn 0.5047 0.2438 0.8282
vn 0.2791 0.1240 0.9522
vn -0.6001 -0.4259 0.6771
vn -0.6141 -0.4079 0.6756
vn -0.4349 -0.3171 0.8428
vn -0.4458 -0.3042 0.8418
vn -0.2410 -0.1873 0.9523
vn -0.2472 -0.1801 0.9521
vn -0.9104 -0.0273 0.4128
vn -0.6916 -0.0304 0.7216
vn -0.3741 -0.0288 0.9269
vn 0.7070 0.3207 0.6304
vn 0.5223 0.2289 0.8215
vn 0.2918 0.1168 0.9493
vn -0.6216 -0.3989 0.6742
vn -0.4521 -0.2983 0.8406
vn -0.2517 -0.1773 0.9514
vn -0.8396 -0.3502 0.4153
vn -0.8840 -0.2449 0.3983
vn -0.9167 -0.1360 0.3757
vn 0.7983 0.4734 0.3723
vn -0.2618 0.9441 0.2005
vn -0.2618 0.9440 0.2007
vn -0.2622 0.9440 0.2003
vn 0.7953 0.4781 0.3727
vn -0.2467 0.9471 0.2054
vn -0.9641 0.1155 -0.2392
vn 0.7943 0.4798 0.3727
vn 0.2306 -0.9503 -0.2093
vn 0.5586 0.7404 0.3740
vn -0.0031 -0.4167 0.9090
vn -0.0032 -0.7305 0.6829
vn -0.0023 -0.9341 0.3570
vn -0.9236 -0.3833 -0.0045
vn -0.3803 -0.9247 -0.0180
vn -0.7058 -0.7083 -0.0122
vn 0.6918 -0.1925 -0.6959
vn 0.6636 -0.1045 -0.7408
vn 0.6918 -0.1926 -0.6959
vn 0.5825 -0.5538 -0.5950
vn 0.1747 -0.9647 -0.1973
vn 0.6284 0.4736 -0.6171
vn 0.6036 -0.5072 -0.6151
vn -0.9223 -0.0082 0.3864
vn -0.7065 -0.0133 0.7076
vn -0.3873 -0.0163 0.9218
vn 0.6937 0.6853 0.2216
vn 0.7414 0.6682 0.0630
vn 0.6262 0.6147 0.4795
vn 0.1955 0.1802 0.9640
vn 0.6304 0.6324 -0.4503
vn 0.5672 0.5543 0.6091
vn 0.2282 0.6995 -0.6772
vn -0.0685 0.7603 -0.6459
vn -0.6757 0.5304 -0.5119
vn -0.9790 0.1477 -0.1406
vn -0.0053 0.7186 -0.6954
vn -0.6762 0.5301 -0.5116
vn -0.0008 0.8926 0.4509
vn -0.0029 0.6665 0.7455
vn -0.0047 0.3315 0.9434
vn 0.1385 0.0983 0.9855
vn -0.0001 -0.1216 0.9926
vn 0.3459 -0.0162 0.9381
vn 0.4740 -0.0129 0.8804
vn 0.6398 -0.0098 0.7685
vn 0.8552 -0.0038 0.5183
vn -0.1810 -0.1975 0.9634
vn -0.3069 -0.3252 0.8945
vn -0.4379 -0.4575 0.7739
vn -0.5147 -0.5347 0.6702
vn -0.6494 -0.6686 0.3622
vn -0.2922 -0.3101 0.9047
vn -0.3907 0.9202 0.0234
vn -0.7499 0.6613 0.0187
vn -0.9354 0.3534 0.0121
vn -0.6923 0.7213 0.0200
vn -0.8674 0.4974 0.0152
vn -0.9934 0.0509 0.1031
vn -0.4516 0.0247 -0.8919
vn -0.7399 0.0176 -0.6725
vn -0.8663 0.0124 -0.4993
vn -0.8846 0.0114 -0.4663
vn -0.9290 0.0084 -0.3699
vn -0.9948 -0.0915 -0.0439
vn -0.8870 -0.3323 0.3207
vn -0.7574 -0.4705 0.4528
vn -0.6069 -0.5727 0.5511
vn -0.1836 -0.7089 0.6810
vn -0.7189 -0.5008 0.4822
vn -0.5033 -0.6229 0.5989
vn -0.0031 -0.9683 -0.2498
vn -0.0033 -0.9286 -0.3711
vn -0.0035 -0.7205 -0.6934
vn -0.0034 -0.8178 -0.5756
vn -0.0010 -0.3903 -0.9207
vn 0.1191 -0.9800 -0.1592
vn 0.3576 -0.9331 -0.0387
vn 0.6809 -0.7322 -0.0171
vn 0.9155 -0.4021 -0.0107
vn 0.0807 -0.9927 0.0901
vn 0.5261 -0.8502 -0.0194
vn -0.3412 -0.8828 0.3230
vn -0.4933 -0.7252 0.4804
vn -0.5526 -0.6329 0.5423
vn -0.6743 -0.3042 0.6729
vn -0.2262 -0.9521 0.2055
vn -0.4999 -0.7161 0.4871
vn 0.0021 0.3565 0.9343
vn 0.0014 0.6783 0.7348
vn 0.0006 0.9012 0.4335
vn 0.8591 -0.0134 0.5116
vn 0.6422 -0.0194 0.7663
vn 0.3530 -0.0231 0.9354
vn -0.6278 -0.6391 0.4444
vn -0.4723 -0.4913 0.7319
vn -0.2562 -0.2806 0.9250
vn -0.9232 0.3841 0.0113
vn -0.7056 0.7083 0.0184
vn -0.3811 0.9243 0.0227
vn -0.9308 0.0102 -0.3653
vn -0.7394 0.0174 -0.6731
vn -0.4516 0.0223 -0.8920
vn -0.2296 -0.7028 0.6733
vn -0.6361 -0.5563 0.5348
vn -0.9118 -0.2950 0.2856
vn -0.0026 -0.3622 -0.9321
vn -0.0023 -0.6914 -0.7225
vn -0.0017 -0.9152 -0.4029
vn 0.9237 -0.3831 -0.0108
vn 0.7068 -0.7072 -0.0175
vn 0.3818 -0.9240 -0.0216
vn -0.6460 -0.4129 0.6420
vn -0.4979 -0.7187 0.4855
vn -0.2739 -0.9274 0.2546
vn 0.3823 0.9238 0.0214
vn 0.7047 0.7094 0.0156
vn 0.7061 0.7079 0.0156
vn 0.9231 0.3846 0.0074
vn -0.6846 -0.7058 -0.1819
vn 0.3371 -0.9365 0.0964
vn -0.2101 -0.9697 -0.1247
vn -0.2228 -0.9662 -0.1294
vn 0.9124 -0.1632 0.3753
vn -0.5664 -0.7824 -0.2589
vn -0.0672 -0.9973 -0.0312
vn 0.3385 -0.9351 0.1048
vn 0.6954 -0.6652 0.2719
vn 0.2193 0.7283 0.6493
vn 0.2193 0.7280 0.6495
vn 0.3242 -0.0462 0.9449
vn 0.3241 -0.0456 0.9449
vn 0.0572 0.9819 0.1803
vn 0.2191 0.7286 0.6489
vn 0.1519 -0.0214 0.9882
vn 0.2678 -0.5745 0.7734
vn -0.1658 -0.1330 -0.9771
vn -0.0657 -0.9162 -0.3954
vn -0.0656 -0.9162 -0.3952
vn 0.0976 -0.8189 0.5656
vn 0.9230 0.0078 -0.3848
vn 0.7054 0.0153 -0.7086
vn 0.7054 0.0153 -0.7087
vn 0.3802 0.0204 -0.9247
vn -0.8009 -0.1604 0.5769
vn -0.9252 0.0092 -0.3793
vn -0.9208 -0.0882 -0.3798
vn -0.8095 -0.0123 0.5869
vn -0.9251 0.0092 -0.3796
vn -0.1633 0.0219 -0.9863
vn -0.5865 0.7128 0.3847
vn -0.8780 -0.0196 0.4783
vn -0.1494 0.9739 0.1711
vn -0.5864 0.7121 0.3861
vn -0.7706 -0.0775 0.6326
vn -0.8779 -0.0191 0.4785
vn -0.7546 -0.5463 0.3636
vn -0.0018 0.4065 -0.9136
vn -0.0007 0.7254 -0.6883
vn -0.0007 0.7243 -0.6895
vn 0.0004 0.9330 -0.3600
vn 0.3820 -0.0090 0.9241
vn 0.3859 -0.0208 0.9223
vn 0.9871 -0.0043 0.1602
vn -0.5809 -0.0175 0.8138
vn -0.1839 -0.0123 0.9829
vn 0.3858 -0.0089 0.9225
vn 0.8367 -0.0039 0.5476
vn 0.9702 -0.0906 0.2247
vn -0.3197 0.8912 0.3218
vn -0.3007 0.8915 0.3388
vn -0.4669 0.7525 0.4644
vn -0.4395 0.7532 0.4894
vn -0.6557 0.2298 0.7192
vn -0.7167 -0.0260 0.6969
vn -0.6748 -0.0278 0.7375
vn -0.3358 0.8916 0.3039
vn -0.4907 0.7528 0.4387
vn -0.6964 0.2311 0.6794
vn -0.7539 -0.0245 0.6565
vn 0.2721 0.9185 -0.2869
vn 0.2531 0.9185 -0.3039
vn 0.4147 0.7944 -0.4438
vn 0.5927 0.3410 -0.7297
vn 0.6724 0.0975 -0.7337
vn 0.6363 0.3415 -0.6918
vn 0.2317 0.9186 -0.3203
vn 0.3852 0.7946 -0.4693
vn 0.5435 0.3425 -0.7663
vn 0.6258 0.0974 -0.7739
vn -0.2615 0.8903 0.3727
vn -0.2813 0.8909 0.3565
vn -0.3826 0.7507 0.5385
vn -0.6115 0.2284 0.7576
vn -0.5830 -0.0287 0.8120
vn -0.5661 0.2278 0.7922
vn -0.4109 0.7527 0.5144
vn -0.6294 -0.0285 0.7765
vn 0.2903 0.9180 -0.2702
vn 0.3065 0.9173 -0.2540
vn 0.4418 0.7941 -0.4174
vn 0.4661 0.7930 -0.3922
vn 0.7120 0.3398 -0.6145
vn 0.7152 0.0969 -0.6921
vn 0.7526 0.0969 -0.6514
vn 0.6767 0.3408 -0.6526
vn 0.3220 0.9166 -0.2369
vn 0.3390 0.9153 -0.2175
vn 0.4897 0.7913 -0.3660
vn 0.5154 0.7886 -0.3355
vn 0.7792 0.3387 -0.5275
vn 0.7877 0.0976 -0.6083
vn 0.8239 0.0985 -0.5581
vn 0.7452 0.3391 -0.5742
vn -0.3513 0.8919 0.2849
vn -0.5127 0.7538 0.4111
vn -0.7326 0.2322 0.6398
vn -0.7894 -0.0220 0.6135
vn -0.3695 0.8903 0.2660
vn -0.5388 0.7500 0.3837
vn -0.7672 0.2329 0.5977
vn -0.8242 -0.0191 0.5660
vn -0.3870 0.8888 0.2455
vn -0.5620 0.7478 0.3534
vn -0.8011 0.2337 0.5511
vn -0.8565 -0.0167 0.5159
vn -0.4059 0.8853 0.2269
vn -0.5862 0.7409 0.3279
vn -0.8330 0.2330 0.5018
vn -0.8834 -0.0169 0.4684
vn 0.3562 0.9137 -0.1957
vn 0.3743 0.9095 -0.1808
vn 0.5434 0.7831 -0.3023
vn 0.5654 0.7769 -0.2772
vn 0.8380 0.3295 -0.4348
vn 0.8593 0.0986 -0.5019
vn 0.8840 0.0959 -0.4575
vn 0.8130 0.3358 -0.4757
vn -0.4540 0.8806 0.1357
vn -0.3883 0.9213 0.0212
vn -0.8239 0.5267 0.2094
vn -0.7160 0.6979 0.0169
vn -0.9754 0.0493 0.2150
vn -0.9341 0.3569 0.0103
vn -0.1920 0.9751 0.1108
vn -0.6089 0.7302 0.3098
vn -0.8621 0.2256 0.4537
vn -0.9009 -0.0209 0.4335
vn -0.6208 0.7224 0.3044
vn -0.8820 0.2126 0.4207
vn 0.3840 0.9069 -0.1737
vn 0.5765 0.7720 -0.2677
vn 0.8945 0.0922 -0.4374
vn 0.8502 0.3242 -0.4148
vn 0.2040 0.9184 -0.3390
vn 0.3529 0.7936 -0.4956
vn 0.4804 0.3408 -0.8081
vn 0.5736 0.0993 -0.8131
vn 0.1815 0.9142 -0.3623
vn 0.3095 0.7911 -0.5276
vn 0.4214 0.3340 -0.8432
vn 0.5042 0.0994 -0.8578
vn -0.2232 0.8862 0.4060
vn -0.2418 0.8889 0.3892
vn -0.3299 0.7425 0.5830
vn -0.5193 0.2258 0.8242
vn -0.4904 -0.0317 0.8709
vn -0.4733 0.2177 0.8536
vn -0.3542 0.7481 0.5611
vn -0.5354 -0.0290 0.8441
vn -0.0002 0.9162 0.4007
vn 0.0095 0.6862 0.7274
vn 0.0174 0.3412 0.9398
vn -0.1221 0.8780 0.4629
vn -0.2038 0.5128 0.8339
vn -0.2165 0.0175 0.9761
vn 0.1708 0.9096 -0.3788
vn 0.2708 0.7827 -0.5604
vn 0.3897 0.3232 -0.8624
vn 0.4381 0.0953 -0.8938
vn 0.4056 0.0883 -0.9098
vn 0.2562 0.7728 -0.5807
vn 0.3819 0.3284 -0.8639
vn -0.2131 0.8813 0.4218
vn -0.4428 0.2006 0.8739
vn -0.3127 0.7345 0.6023
vn -0.4577 -0.0386 0.8882
vn -0.4829 -0.7047 0.5197
vn -0.5138 -0.7038 0.4905
vn -0.3458 -0.8632 0.3680
vn -0.3683 -0.8625 0.3470
vn -0.1873 -0.9631 0.1935
vn -0.1998 -0.9628 0.1818
vn -0.5418 -0.7023 0.4618
vn -0.3890 -0.8615 0.3264
vn -0.2120 -0.9622 0.1709
vn 0.4861 -0.6277 -0.6080
vn 0.5217 -0.6279 -0.5775
vn 0.3562 -0.8195 -0.4490
vn 0.3820 -0.8196 -0.4270
vn 0.2000 -0.9455 -0.2569
vn 0.2143 -0.9455 -0.2451
vn 0.4468 -0.6265 -0.6386
vn 0.3277 -0.8190 -0.4711
vn 0.1845 -0.9453 -0.2689
vn -0.4498 -0.7050 0.5483
vn -0.4166 -0.7041 0.5750
vn -0.3222 -0.8630 0.3892
vn -0.2981 -0.8627 0.4086
vn -0.1741 -0.9631 0.2054
vn -0.1608 -0.9630 0.2164
vn 0.5846 -0.6259 -0.5161
vn 0.5550 -0.6275 -0.5462
vn 0.4284 -0.8182 -0.3834
vn 0.4063 -0.8192 -0.4046
vn 0.2402 -0.9450 -0.2219
vn 0.2279 -0.9453 -0.2333
vn 0.6437 -0.6205 -0.4479
vn 0.6132 -0.6240 -0.4845
vn 0.4724 -0.8153 -0.3348
vn 0.4497 -0.8171 -0.3608
vn 0.2644 -0.9444 -0.1955
vn 0.2517 -0.9448 -0.2095
vn -0.5699 -0.6990 0.4320
vn -0.4098 -0.8596 0.3051
vn -0.2238 -0.9616 0.1590
vn -0.5985 -0.6946 0.3993
vn -0.4316 -0.8569 0.2820
vn -0.2357 -0.9608 0.1458
vn -0.6261 -0.6893 0.3646
vn -0.4536 -0.8531 0.2578
vn -0.2494 -0.9592 0.1330
vn -0.6520 -0.6814 0.3325
vn -0.4755 -0.8476 0.2357
vn -0.2627 -0.9573 0.1205
vn 0.7000 -0.6077 -0.3751
vn 0.6755 -0.6148 -0.4072
vn 0.5184 -0.8064 -0.2845
vn 0.4972 -0.8118 -0.3062
vn 0.2925 -0.9411 -0.1696
vn 0.2786 -0.9432 -0.1808
vn -0.9025 -0.4271 0.0559
vn -0.7438 -0.6463 0.1705
vn -0.6769 -0.7354 0.0333
vn -0.5451 -0.8298 0.1197
vn -0.3580 -0.9337 0.0059
vn -0.3077 -0.9496 0.0599
vn -0.6716 -0.6728 0.3102
vn -0.4934 -0.8413 0.2210
vn -0.2749 -0.9547 0.1138
vn 0.7122 -0.6023 -0.3606
vn 0.5300 -0.8021 -0.2750
vn 0.3004 -0.9395 -0.1648
vn 0.3958 -0.6223 -0.6754
vn 0.2916 -0.8162 -0.4988
vn 0.1650 -0.9446 -0.2837
vn 0.3480 -0.6133 -0.7090
vn 0.2593 -0.8091 -0.5274
vn 0.1487 -0.9418 -0.3014
vn -0.3830 -0.7020 0.6005
vn -0.3519 -0.6976 0.6241
vn -0.2744 -0.8610 0.4283
vn -0.2526 -0.8579 0.4475
vn -0.1480 -0.9623 0.2282
vn -0.1359 -0.9613 0.2398
vn -0.0343 -0.4389 0.8979
vn -0.0222 -0.7432 0.6686
vn -0.0068 -0.9374 0.3482
vn -0.1746 -0.6712 0.7204
vn -0.1260 -0.8440 0.5214
vn -0.0688 -0.9554 0.2871
vn 0.3248 -0.6048 -0.7271
vn 0.2441 -0.8020 -0.5452
vn 0.1412 -0.9388 -0.3141
vn -0.3306 -0.6922 0.6415
vn -0.2387 -0.8533 0.4635
vn -0.1289 -0.9596 0.2503
vn 0.8074 -0.3397 -0.4823
vn 0.4722 -0.3411 -0.8128
vn 0.9548 -0.1726 0.2422
vn 0.9548 -0.1725 0.2420
vn 0.0786 0.2436 0.9667
vn 0.7896 -0.3383 -0.5119
vn -0.2788 -0.1893 -0.9415
vn -0.9731 0.2244 -0.0523
vn 0.4367 -0.3430 -0.8317
vn 0.8374 -0.4005 0.3719
vn 0.8374 -0.4175 0.3528
vn 0.6772 -0.5354 0.5047
vn 0.6769 -0.5605 0.4771
vn 0.1230 -0.7518 0.6479
vn -0.1340 -0.7107 0.6906
vn -0.1357 -0.7497 0.6477
vn 0.8378 -0.3835 0.3886
vn 0.6775 -0.5109 0.5292
vn 0.1244 -0.7138 0.6892
vn -0.1327 -0.6713 0.7292
vn 0.9558 0.2185 -0.1966
vn 0.9559 0.2344 -0.1770
vn 0.8558 0.3879 -0.3422
vn 0.4424 0.7137 -0.5430
vn 0.2056 0.7401 -0.6403
vn 0.4425 0.6773 -0.5877
vn 0.9557 0.2501 -0.1550
vn 0.8559 0.4124 -0.3120
vn 0.4403 0.7500 -0.4935
vn 0.2053 0.7790 -0.5925
vn 0.8366 -0.4501 0.3123
vn 0.8373 -0.4341 0.3324
vn 0.6756 -0.6073 0.4180
vn 0.1217 -0.7891 0.6021
vn -0.1355 -0.8216 0.5537
vn 0.1222 -0.8223 0.5558
vn 0.6776 -0.5839 0.4471
vn -0.1362 -0.7876 0.6009
vn 0.9554 0.2023 -0.2153
vn 0.9548 0.1865 -0.2316
vn 0.8550 0.3628 -0.3706
vn 0.8543 0.3380 -0.3948
vn 0.4406 0.6024 -0.6655
vn 0.2049 0.6999 -0.6843
vn 0.2046 0.6603 -0.7226
vn 0.4407 0.6399 -0.6295
vn 0.9540 0.1693 -0.2474
vn 0.9532 0.1522 -0.2612
vn 0.8523 0.3123 -0.4195
vn 0.8499 0.2843 -0.4436
vn 0.4389 0.5169 -0.7350
vn 0.2050 0.6180 -0.7590
vn 0.2057 0.5676 -0.7972
vn 0.4397 0.5629 -0.6999
vn 0.8370 -0.3663 0.4066
vn 0.6761 -0.4854 0.5543
vn 0.1233 -0.6754 0.7271
vn -0.1293 -0.6296 0.7661
vn 0.8365 -0.3477 0.4234
vn 0.6749 -0.4580 0.5785
vn 0.1265 -0.6341 0.7629
vn -0.1258 -0.5849 0.8013
vn 0.8393 -0.3303 0.4318
vn 0.6762 -0.4340 0.5953
vn 0.1282 -0.5903 0.7969
vn -0.1220 -0.5468 0.8283
vn 0.8571 -0.3088 0.4123
vn 0.6961 -0.4123 0.5878
vn 0.1302 -0.5536 0.8225
vn -0.1188 -0.5255 0.8424
vn 0.9527 0.1442 -0.2677
vn 0.9460 0.1566 -0.2839
vn 0.8461 0.2620 -0.4642
vn 0.8341 0.2586 -0.4873
vn 0.4228 0.4265 -0.7996
vn 0.2053 0.5064 -0.8375
vn 0.1991 0.4553 -0.8678
vn 0.4331 0.4664 -0.7713
vn 0.9190 0.0215 0.3936
vn 0.8101 0.0153 0.5861
vn 0.6700 0.0365 0.7415
vn 0.2987 0.0442 0.9533
vn 0.9804 -0.1431 0.1356
vn 0.7414 -0.3860 0.5489
vn 0.1359 -0.5335 0.8348
vn -0.1159 -0.5177 0.8477
vn 0.7413 -0.3856 0.5493
vn 0.1446 -0.5265 0.8378
vn 0.9323 0.1758 -0.3161
vn 0.6340 0.3494 -0.6899
vn 0.1898 0.4309 -0.8822
vn 0.9547 0.2689 -0.1276
vn 0.8557 0.4365 -0.2781
vn 0.4390 0.7895 -0.4290
vn 0.2047 0.8168 -0.5393
vn 0.9511 0.2910 -0.1041
vn 0.8507 0.4697 -0.2358
vn 0.4287 0.8243 -0.3698
vn 0.2037 0.8596 -0.4686
vn 0.8323 -0.4823 0.2733
vn 0.8356 -0.4654 0.2919
vn 0.6687 -0.6488 0.3632
vn 0.1213 -0.8527 0.5081
vn -0.1363 -0.8778 0.4592
vn 0.1129 -0.8804 0.4606
vn 0.6739 -0.6284 0.3887
vn -0.1346 -0.8524 0.5052
vn 0.8792 -0.4734 0.0528
vn 0.6263 -0.7794 0.0166
vn 0.2669 -0.9635 -0.0226
vn 0.8270 -0.5359 0.1700
vn 0.4296 -0.8774 0.2137
vn -0.0753 -0.9796 0.1863
vn 0.9466 0.3084 -0.0936
vn 0.8424 0.5017 -0.1965
vn 0.4187 0.8427 -0.3383
vn 0.1974 0.8942 -0.4019
vn 0.1892 0.9097 -0.3695
vn 0.8337 0.5215 -0.1816
vn 0.4220 0.8443 -0.3303
vn 0.8272 -0.4970 0.2621
vn 0.0985 -0.8983 0.4281
vn 0.6585 -0.6687 0.3453
vn -0.1423 -0.8936 0.4256
vn -0.7768 -0.4735 0.4151
vn -0.7760 -0.4452 0.4469
vn -0.9122 -0.3063 0.2722
vn -0.9117 -0.2859 0.2952
vn -0.9863 -0.1203 0.1126
vn -0.9861 -0.1089 0.1255
vn -0.7737 -0.4178 0.4763
vn -0.9103 -0.2663 0.3169
vn -0.9856 -0.0983 0.1378
vn -0.5401 0.6692 -0.5103
vn -0.5412 0.6390 -0.5466
vn -0.7534 0.5226 -0.3991
vn -0.7539 0.5008 -0.4252
vn -0.9051 0.3375 -0.2585
vn -0.9053 0.3257 -0.2728
vn -0.5395 0.6986 -0.4700
vn -0.7532 0.5438 -0.3702
vn -0.9052 0.3487 -0.2429
vn -0.7770 -0.5011 0.3810
vn -0.7758 -0.5269 0.3473
vn -0.9124 -0.3262 0.2473
vn -0.9117 -0.3450 0.2231
vn -0.9863 -0.1318 0.0989
vn -0.9861 -0.1424 0.0853
vn -0.5390 0.5796 -0.6112
vn -0.5405 0.6090 -0.5805
vn -0.7529 0.4581 -0.4725
vn -0.7532 0.4795 -0.4503
vn -0.9051 0.3026 -0.2987
vn -0.9051 0.3142 -0.2865
vn -0.5352 0.5093 -0.6739
vn -0.5382 0.5485 -0.6399
vn -0.7500 0.4076 -0.5209
vn -0.7522 0.4364 -0.4938
vn -0.9044 0.2739 -0.3272
vn -0.9050 0.2906 -0.3107
vn -0.7703 -0.3890 0.5053
vn -0.9084 -0.2457 0.3384
vn -0.9849 -0.0868 0.1500
vn -0.7655 -0.3585 0.5343
vn -0.9053 -0.2242 0.3609
vn -0.9838 -0.0747 0.1627
vn -0.7602 -0.3324 0.5582
vn -0.9012 -0.2068 0.3809
vn -0.9819 -0.0670 0.1773
vn -0.7500 -0.3216 0.5779
vn -0.8890 -0.2066 0.4087
vn -0.9740 -0.0780 0.2126
vn -0.5195 0.3941 -0.7581
vn -0.5295 0.4519 -0.7179
vn -0.7456 0.3066 -0.5916
vn -0.7453 0.3625 -0.5597
vn -0.9064 0.1934 -0.3756
vn -0.9031 0.2405 -0.3559
vn -0.4622 -0.0201 0.8866
vn -0.7354 -0.0225 0.6773
vn -0.9211 -0.0216 0.3886
vn -0.7329 -0.3248 0.5978
vn -0.8653 -0.2242 0.4483
vn -0.9552 -0.1113 0.2743
vn -0.5208 0.3617 -0.7732
vn -0.7474 0.2754 -0.6046
vn -0.9119 0.1623 -0.3771
vn -0.5370 0.7330 -0.4175
vn -0.7509 0.5702 -0.3332
vn -0.9047 0.3632 -0.2228
vn -0.5284 0.7649 -0.3683
vn -0.7443 0.5970 -0.2993
vn -0.9018 0.3800 -0.2057
vn -0.7731 -0.5516 0.3131
vn -0.7682 -0.5749 0.2818
vn -0.9098 -0.3643 0.1988
vn -0.9067 -0.3830 0.1767
vn -0.9856 -0.1533 0.0719
vn -0.9845 -0.1649 0.0596
vn -0.5192 -0.8543 -0.0260
vn -0.8200 -0.5698 -0.0543
vn -0.9598 -0.2718 -0.0709
vn -0.7214 -0.6846 0.1047
vn -0.8859 -0.4572 0.0786
vn -0.9774 -0.2112 -0.0083
vn -0.5205 0.7815 -0.3439
vn -0.7367 0.6141 -0.2831
vn -0.8983 0.3924 -0.1977
vn -0.7631 -0.5916 0.2601
vn -0.9023 -0.3993 0.1628
vn -0.9830 -0.1761 0.0528
vn -0.2406 0.5315 -0.8122
vn -0.2407 0.8496 -0.4693
vn -0.1204 -0.2030 -0.9718
vn 0.1700 -0.9813 -0.0904
vn -0.2431 0.6518 -0.7183
vn -0.1552 0.9601 0.2328
vn -0.1519 0.9607 0.2326
vn -0.1505 0.9607 0.2331
vn 0.1352 0.1241 0.9830
vn -0.2305 0.5090 -0.8293
vn -0.1473 0.9613 0.2328
vn -0.5020 -0.3050 0.8093
vn -0.4720 -0.2106 0.8561
vn -0.4362 -0.1136 0.8926
vn -0.5945 -0.0891 -0.7992
vn -0.0035 -0.8506 -0.5258
vn 0.7858 0.3825 -0.4860
vn 0.4927 0.5612 -0.6651
vn 0.0687 -0.6431 0.7627
vn 0.5011 0.8036 -0.3212
vn 0.2174 -0.5286 -0.8205
vn 0.4413 0.8303 -0.3403
vn -0.1932 0.3946 -0.8983
vn -0.8724 -0.0880 0.4809
vn 0.2706 -0.7226 0.6361
vn -0.0731 0.8713 0.4853
vn 0.9166 -0.3995 -0.0127
vn -0.4774 -0.0289 -0.8782
vn -0.1878 -0.7072 0.6816
vn -0.4565 -0.4684 0.7564
vn -0.8608 0.2137 0.4620
vn 0.7608 0.2202 -0.6105
vn -0.2564 0.5408 -0.8011
vn -0.6252 -0.7737 -0.1026
vn 0.2929 -0.8577 -0.4226
vn 0.7358 0.5157 -0.4389
vn -0.2466 0.9471 0.2055
vn -0.6505 -0.6702 0.3574
vn -0.0774 -0.9964 -0.0349
vn -0.1974 -0.0126 0.9802
f 484/1/1 483/2/2 1895/3/3
f 1286/4/4 1/5/5 199/6/6
f 1237/7/7 20/8/8 104/9/9
f 87/10/5 224/11/10 3/12/5
f 213/13/11 112/14/12 1247/15/13
f 4/16/5 1251/17/14 203/18/15
f 198/19/16 104/9/9 16/20/17
f 209/21/18 100/22/19 14/23/20
f 223/24/21 107/25/22 1242/26/23
f 3/12/5 1226/27/24 219/28/25
f 1241/29/26 4/16/5 86/30/5
f 1247/15/13 21/31/27 228/32/28
f 1257/33/29 19/34/30 234/35/31
f 1252/36/32 25/37/33 204/38/34
f 228/32/28 106/39/35 1262/40/36
f 1262/40/36 22/41/37 238/42/38
f 1272/43/39 18/44/40 244/45/41
f 88/46/5 233/47/42 1251/17/14
f 238/42/38 113/48/43 1277/49/44
f 1277/49/44 1395/50/45 250/51/46
f 265/52/47 111/53/48 1272/43/39
f 89/54/49 243/55/50 1256/56/51
f 1287/57/52 16/20/17 102/58/53
f 270/59/54 102/58/53 17/60/55
f 276/61/56 108/62/57 13/63/58
f 1/5/5 1231/64/59 87/10/5
f 1302/65/60 17/60/55 110/66/61
f 282/67/62 110/66/61 1386/68/63
f 1297/69/64 1391/70/65 108/62/57
f 6/71/66 1281/72/67 91/73/5
f 104/9/9 337/74/68 1316/75/69
f 10/76/70 1332/77/71 95/78/70
f 23/79/72 1326/80/73 112/14/12
f 346/81/74 96/82/75 1342/83/76
f 102/58/53 317/84/77 1366/85/78
f 15/86/79 1311/87/80 342/88/81
f 15/86/79 1321/89/82 107/25/22
f 101/90/83 326/91/84 1311/87/80
f 114/92/85 337/74/68 20/8/8
f 115/93/86 321/94/87 25/37/33
f 19/34/30 1331/95/88 115/93/86
f 21/31/27 1341/96/89 106/39/35
f 1327/97/90 8/98/91 346/81/74
f 103/99/92 351/100/93 19/34/30
f 18/44/40 1336/101/94 103/99/92
f 22/41/37 1356/102/95 113/48/43
f 1342/83/76 11/103/96 356/104/97
f 111/53/48 361/105/98 18/44/40
f 24/106/99 1351/107/100 111/53/48
f 113/48/43 367/108/101 1395/50/45
f 316/109/102 94/110/70 7/111/70
f 14/23/20 1361/112/103 326/91/84
f 100/22/19 393/113/104 1361/112/103
f 110/66/61 389/114/105 1381/115/106
f 98/116/70 388/117/107 1367/118/108
f 13/63/58 1376/119/109 393/113/104
f 108/62/57 419/120/110 1376/119/109
f 1386/68/63 1381/115/106 399/121/111
f 1232/122/112 14/23/20 101/90/83
f 1292/123/113 1387/124/114 105/125/115
f 105/125/115 398/126/116 1371/127/117
f 7/111/70 1312/128/118 327/129/119
f 224/11/10 86/30/5 3/12/5
f 1242/26/23 23/79/72 213/13/11
f 107/25/22 332/130/120 23/79/72
f 94/110/70 341/131/121 1312/128/118
f 92/132/122 275/133/123 6/71/66
f 199/6/6 87/10/5 1236/134/124
f 16/20/17 1316/75/69 317/84/77
f 394/135/125 99/136/126 12/137/127
f 234/35/31 115/93/86 1252/36/32
f 1267/138/128 1396/139/129 109/140/130
f 109/141/130 366/142/131 1346/143/132
f 95/78/70 352/144/133 8/98/91
f 204/38/34 114/92/85 1227/145/134
f 223/24/21 101/90/83 15/86/79
f 1317/146/135 9/147/70 94/110/70
f 25/37/33 1306/148/136 114/92/85
f 1291/149/137 1296/150/138 92/132/122
f 281/151/139 92/132/122 1301/152/140
f 99/136/126 400/153/141 1382/154/142
f 1377/155/143 1372/156/144 99/136/126
f 5/157/145 1271/158/146 243/55/50
f 1246/159/147 2/160/148 88/46/5
f 112/14/12 347/161/149 21/31/27
f 11/103/96 1352/162/150 97/163/151
f 214/164/152 88/46/5 4/16/5
f 229/165/153 89/54/49 2/160/148
f 93/166/70 341/131/121 9/147/70
f 10/76/70 1322/167/154 93/166/70
f 1282/168/155 13/63/58 100/22/19
f 7/111/70 1367/118/108 316/109/102
f 434/169/156 135/170/157 1516/171/158
f 1362/172/159 12/137/127 98/116/70
f 90/173/160 266/174/161 1271/158/146
f 1276/175/162 1266/176/163 90/173/160
f 1357/177/164 1347/178/165 368/179/166
f 97/163/151 383/180/167 1347/178/165
f 1292/123/113 1392/181/168 298/182/169
f 271/183/170 91/73/5 1286/4/4
f 17/60/55 1366/85/78 389/114/105
f 105/125/115 417/184/171 1392/181/168
f 244/45/41 103/99/92 1257/33/29
f 1301/152/140 6/71/66 271/183/170
f 12/137/127 1382/154/142 388/117/107
f 96/82/75 362/185/172 11/103/96
f 2/160/148 1256/56/51 233/47/42
f 1227/145/134 20/8/8 218/186/173
f 331/187/174 95/78/70 1327/97/90
f 8/98/91 1337/188/175 96/82/75
f 1267/189/128 24/106/99 265/52/47
f 1261/190/176 5/157/145 89/54/49
f 106/39/35 357/191/177 22/41/37
f 109/141/130 384/192/178 24/106/99
f 1236/134/124 3/12/5 219/28/25
f 86/30/5 203/18/15 1226/27/24
f 322/193/179 93/166/70 1307/194/180
f 1307/194/180 9/147/70 336/195/181
f 91/73/5 208/196/182 1/5/5
f 239/197/183 90/173/160 5/157/145
f 356/104/97 97/163/151 1357/177/164
f 327/129/119 98/116/70 7/111/70
f 487/198/184 128/199/185 33/200/186
f 1462/201/187 1554/202/188 134/203/189
f 134/203/189 763/204/190 1506/205/191
f 747/206/192 129/207/193 1502/208/194
f 513/209/195 125/210/196 1451/211/197
f 1426/212/198 1543/213/199 135/170/157
f 136/214/200 709/215/201 1492/216/202
f 1502/208/194 1512/217/203 728/218/204
f 475/219/205 122/220/206 28/221/207
f 448/222/208 133/223/209 1525/224/210
f 1477/225/211 1482/226/212 657/227/213
f 133/223/209 672/228/214 1487/229/215
f 26/230/216 1418/231/217 122/220/206
f 30/232/218 1422/233/219 603/234/220
f 31/235/221 1422/233/219 125/210/196
f 1437/236/222 1544/237/223 461/238/224
f 1432/239/225 1517/240/226 118/241/227
f 32/242/228 1404/243/229 127/244/230
f 33/200/186 1409/245/231 566/246/232
f 436/247/233 120/248/234 1427/249/235
f 1437/236/222 1521/250/236 132/251/237
f 1417/252/238 1421/253/239 549/254/240
f 29/255/241 1403/256/242 585/257/243
f 487/198/184 126/258/244 1456/259/245
f 475/219/205 121/260/246 1431/261/247
f 26/230/216 1398/262/248 568/263/249
f 33/200/186 1399/264/250 126/258/244
f 499/265/251 136/214/200 1548/266/252
f 449/267/253 117/268/254 1452/269/255
f 34/270/256 1409/245/231 128/199/185
f 34/270/256 1404/243/229 605/271/257
f 1452/269/255 1531/272/258 514/273/259
f 1446/274/260 1530/275/261 136/214/200
f 27/276/262 1413/277/263 584/278/264
f 28/221/207 1413/277/263 121/260/246
f 450/279/265 123/280/266 1442/281/267
f 524/282/268 126/258/244 32/242/228
f 28/221/207 1418/231/217 548/283/269
f 135/170/157 621/284/270 1472/285/271
f 525/286/272 134/203/189 1534/287/273
f 1467/288/274 1539/289/275 137/290/276
f 1408/291/277 1417/252/238 567/292/278
f 27/276/262 1398/262/248 120/248/234
f 540/293/279 137/290/276 1553/294/280
f 523/295/281 116/296/282 1457/297/283
f 29/255/241 1412/298/284 124/299/285
f 30/232/218 1403/256/242 123/280/266
f 1441/300/286 1549/301/287 133/223/209
f 31/235/221 1412/298/284 550/302/288
f 604/303/289 119/304/290 1408/291/277
f 32/242/228 1399/264/250 586/305/291
f 1534/287/273 1506/205/191 746/306/292
f 1553/294/280 1511/307/293 764/308/294
f 137/290/276 729/309/295 1511/307/293
f 118/241/227 640/310/296 1476/311/297
f 132/251/237 622/312/298 1544/237/223
f 132/251/237 658/313/299 1481/314/300
f 1526/315/301 1496/316/302 117/268/254
f 1548/266/252 1492/216/202 673/317/303
f 117/268/254 710/318/304 1531/272/258
f 460/319/305 122/220/206 1436/320/306
f 473/321/307 118/241/227 1522/322/308
f 1522/322/308 1476/311/297 656/323/309
f 1516/171/158 1472/285/271 638/324/310
f 450/279/265 125/210/196 30/232/218
f 498/325/311 123/280/266 29/255/241
f 674/326/312 131/327/313 1486/328/314
f 1486/328/314 1497/329/315 691/330/316
f 524/282/268 127/244/230 1461/331/317
f 539/332/318 127/244/230 34/270/256
f 1512/217/203 1507/333/319 765/334/320
f 1535/335/321 1501/336/322 116/296/282
f 436/247/233 121/260/246 27/276/262
f 460/319/305 120/248/234 26/230/216
f 1482/226/212 1471/337/323 623/338/324
f 639/339/325 130/340/326 1477/225/211
f 498/325/311 124/299/285 1447/341/327
f 513/209/195 124/299/285 31/235/221
f 1497/329/315 1491/342/328 711/343/329
f 1525/224/210 1487/229/215 690/344/330
f 539/332/318 128/199/185 1466/345/331
f 1457/297/283 1540/346/332 485/347/333
f 116/296/282 727/348/334 1540/346/332
f 1617/349/335 35/350/336 781/351/337
f 1568/352/338 54/353/339 156/354/340
f 139/355/336 806/356/341 37/357/336
f 795/358/342 164/359/343 1578/360/344
f 38/361/336 1582/362/345 785/363/346
f 780/364/347 156/354/340 50/365/348
f 791/366/349 152/367/350 48/368/351
f 805/369/352 159/370/353 1573/371/354
f 37/357/336 1557/372/355 801/373/356
f 1572/374/357 38/361/336 138/375/336
f 1578/360/344 56/376/358 810/377/359
f 1588/378/360 53/379/361 816/380/362
f 1583/381/363 60/382/364 786/383/365
f 810/377/359 158/384/366 1593/385/367
f 1593/385/367 57/386/368 820/387/369
f 1603/388/370 52/389/371 826/390/372
f 140/391/336 815/392/373 1582/362/345
f 820/387/369 165/393/374 1608/394/375
f 1608/394/375 1720/395/376 832/396/377
f 848/397/378 163/398/379 1603/388/370
f 141/399/336 825/400/380 1587/401/381
f 1618/402/382 50/365/348 154/403/383
f 853/404/384 154/403/383 51/405/385
f 859/406/386 160/407/387 47/408/388
f 35/350/336 1562/409/389 139/355/336
f 1633/410/390 51/405/385 162/411/391
f 864/412/392 162/411/391 55/413/393
f 1628/414/394 1717/415/395 160/407/387
f 40/416/336 1612/417/396 143/418/336
f 156/354/340 907/419/397 1647/420/398
f 44/421/399 1663/422/400 147/423/399
f 58/424/401 1657/425/402 164/359/343
f 916/426/403 148/427/399 1673/428/404
f 154/403/383 887/429/405 1697/430/406
f 49/431/407 1642/432/408 912/433/409
f 49/431/407 1652/434/410 159/370/353
f 153/435/411 896/436/412 1642/432/408
f 166/437/413 907/419/397 54/353/339
f 167/438/414 891/439/415 60/382/364
f 53/379/361 1662/440/416 167/438/414
f 56/376/358 1672/441/417 158/384/366
f 1658/442/418 42/443/399 916/426/403
f 155/444/419 921/445/420 53/379/361
f 52/389/371 1667/446/421 155/444/419
f 57/386/368 1687/447/422 165/393/374
f 1673/428/404 45/448/423 926/449/424
f 163/398/379 931/450/425 52/389/371
f 59/451/426 1682/452/427 163/398/379
f 165/393/374 937/453/428 1720/395/376
f 886/454/429 146/455/399 41/456/399
f 48/368/351 1692/457/430 896/436/412
f 152/367/350 963/458/431 1692/457/430
f 162/411/391 959/459/432 1712/460/433
f 150/461/399 958/462/434 1698/463/435
f 47/408/388 1707/464/436 963/458/431
f 160/407/387 975/465/437 1707/464/436
f 55/413/393 1712/460/433 968/466/438
f 1563/467/439 48/368/351 153/435/411
f 1623/468/440 55/469/393 157/470/441
f 157/470/441 968/471/438 1702/472/442
f 41/456/399 1643/473/443 897/474/444
f 806/356/341 138/375/336 37/357/336
f 1573/371/354 58/424/401 795/358/342
f 159/370/353 902/475/445 58/424/401
f 146/455/399 911/476/446 1643/473/443
f 144/477/336 858/478/447 40/416/336
f 781/351/337 139/355/336 1567/479/448
f 50/365/348 1647/420/398 887/429/405
f 964/480/449 151/481/399 46/482/399
f 816/380/362 167/438/414 1583/381/363
f 1598/483/450 1721/484/451 161/485/452
f 161/485/452 936/486/453 1677/487/454
f 147/423/399 922/488/455 42/443/399
f 786/383/365 166/437/413 1558/489/456
f 805/369/352 153/435/411 49/431/407
f 1648/490/457 43/491/399 146/455/399
f 60/382/364 1637/492/458 166/437/413
f 1622/493/459 1627/494/460 144/477/336
f 863/495/461 144/477/336 1632/496/462
f 151/481/399 969/497/463 1713/498/464
f 1708/499/465 1703/500/466 151/481/399
f 39/501/467 1602/502/468 825/400/380
f 1577/503/469 36/504/336 140/391/336
f 164/359/343 917/505/470 56/376/358
f 45/448/423 1683/506/471 149/507/472
f 796/508/473 140/391/336 38/361/336
f 811/509/474 141/399/336 36/504/336
f 145/510/399 911/476/446 43/491/399
f 44/421/399 1653/511/475 145/510/399
f 1613/512/476 47/408/388 152/367/350
f 41/456/399 1698/463/435 886/454/429
f 1783/513/477 61/514/478 991/515/479
f 1693/516/480 46/482/399 150/461/399
f 142/517/481 849/518/482 1602/502/468
f 1607/519/483 1597/520/484 142/517/481
f 1688/521/485 1678/522/486 938/523/487
f 149/507/472 953/524/488 1678/522/486
f 1623/468/440 1718/525/489 868/526/490
f 854/527/491 143/418/336 1617/349/335
f 51/405/385 1697/430/406 959/459/432
f 157/470/441 973/528/492 1718/525/489
f 826/390/372 155/444/419 1588/378/360
f 1632/496/462 40/416/336 854/527/491
f 46/482/399 1713/498/464 958/462/434
f 148/427/399 932/529/493 45/448/423
f 36/504/336 1587/401/381 815/392/373
f 1558/489/456 54/353/339 800/530/494
f 901/531/495 147/423/399 1658/442/418
f 42/443/399 1668/532/496 148/427/399
f 1598/483/450 59/451/426 848/397/378
f 1592/533/497 39/501/467 141/399/336
f 158/384/366 927/534/498 57/386/368
f 161/485/452 954/535/499 59/451/426
f 1567/479/448 37/357/336 801/373/356
f 138/375/336 785/363/346 1557/372/355
f 892/536/500 145/510/399 1638/537/501
f 1638/537/501 43/491/399 906/538/502
f 143/418/336 790/539/503 35/350/336
f 821/540/504 142/517/481 39/501/467
f 926/449/424 149/507/472 1688/521/485
f 897/474/444 150/461/399 41/456/399
f 1734/541/505 80/542/506 186/543/507
f 169/544/478 1016/545/508 63/546/478
f 1005/547/509 194/548/510 1744/549/511
f 64/550/478 1748/551/512 995/552/513
f 990/553/514 186/543/507 76/554/515
f 1001/555/516 182/556/517 74/557/518
f 1015/558/519 189/559/520 1739/560/521
f 63/546/478 1723/561/522 1011/562/523
f 1738/563/524 64/550/478 168/564/478
f 1744/549/511 82/565/525 1020/566/526
f 1754/567/527 79/568/528 1026/569/529
f 1749/570/530 85/571/531 996/572/532
f 1020/566/526 188/573/533 1759/574/534
f 1759/574/534 83/575/535 1030/576/536
f 1769/577/537 78/578/538 1036/579/539
f 170/580/478 1025/581/540 1748/551/512
f 1030/576/536 195/582/541 1774/583/542
f 1774/583/542 1886/584/543 1042/585/544
f 1058/586/545 193/587/546 1769/577/537
f 171/588/547 1035/589/548 1753/590/549
f 1784/591/550 76/554/515 184/592/551
f 1075/593/552 184/592/551 77/594/553
f 1081/595/554 190/596/555 73/597/556
f 61/514/478 1728/598/557 169/544/478
f 1799/599/558 77/594/553 192/600/559
f 1086/601/560 192/600/559 81/602/561
f 1794/603/562 1883/604/563 190/596/555
f 66/605/478 1778/606/564 173/607/478
f 186/543/507 1129/608/565 1813/609/566
f 70/610/567 1829/611/568 177/612/567
f 84/613/569 1823/614/570 194/548/510
f 1138/615/571 178/616/572 1839/617/573
f 184/592/551 1109/618/574 1863/619/575
f 75/620/576 1808/621/577 1134/622/578
f 75/620/576 1818/623/579 189/559/520
f 183/624/580 1118/625/581 1808/621/577
f 196/626/582 1129/608/565 80/542/506
f 197/627/583 1113/628/584 85/571/531
f 79/568/528 1828/629/585 197/627/583
f 82/565/525 1838/630/586 188/573/533
f 1824/631/587 68/632/588 1138/615/571
f 185/633/589 1143/634/590 79/568/528
f 78/578/538 1833/635/591 185/633/589
f 83/575/535 1853/636/592 195/582/541
f 1839/617/573 71/637/593 1148/638/594
f 193/587/546 1153/639/595 78/578/538
f 1890/640/596 1848/641/597 193/587/546
f 195/582/541 1159/642/598 1886/584/543
f 1108/643/599 176/644/567 67/645/567
f 74/557/518 1858/646/600 1118/625/581
f 182/556/517 1199/647/601 1858/646/600
f 192/600/559 1195/648/602 1878/649/603
f 180/650/567 1194/651/604 1864/652/605
f 73/597/556 1873/653/606 1199/647/601
f 190/596/555 1211/654/607 1873/653/606
f 81/602/561 1878/649/603 1204/655/608
f 1729/656/609 74/557/518 183/624/580
f 1789/657/610 81/602/561 187/658/611
f 187/658/611 1204/655/608 1868/659/612
f 67/645/567 1809/660/613 1119/661/614
f 1016/545/508 168/564/478 63/546/478
f 1739/560/521 84/613/569 1005/547/509
f 189/559/520 1124/662/615 84/613/569
f 176/644/567 1133/663/616 1809/660/613
f 174/664/478 1080/665/617 66/605/478
f 991/515/479 169/544/478 1733/666/618
f 76/554/515 1813/609/566 1109/618/574
f 1200/667/619 181/668/567 72/669/567
f 1026/569/529 197/627/583 1749/570/530
f 1764/670/620 1887/671/621 191/672/622
f 191/672/622 1158/673/623 1843/674/624
f 177/612/567 1144/675/625 68/632/588
f 996/572/532 196/626/582 1724/676/626
f 1015/558/519 183/624/580 75/620/576
f 1814/677/627 69/678/567 176/644/567
f 85/571/531 1803/679/628 196/626/582
f 1788/680/629 1793/681/630 174/664/478
f 1085/682/631 174/664/478 1798/683/632
f 181/668/567 1205/684/633 1879/685/634
f 1874/686/635 1869/687/636 181/668/567
f 65/688/637 1768/689/638 1035/589/548
f 1743/690/639 62/691/640 170/580/478
f 194/548/510 1139/692/641 82/565/525
f 71/637/593 1849/693/642 179/694/643
f 1006/695/644 170/580/478 64/550/478
f 1021/696/645 171/588/547 62/691/640
f 175/697/567 1133/663/616 69/678/567
f 70/610/567 1819/698/646 175/697/567
f 1779/699/647 73/597/556 182/556/517
f 67/645/567 1864/652/605 1108/643/599
f 1859/700/648 72/669/567 180/650/567
f 172/701/649 1059/702/650 1768/689/638
f 1773/703/651 1763/704/652 172/701/649
f 1854/705/653 1844/706/654 1160/707/655
f 179/694/643 1176/708/656 1844/706/654
f 1789/657/610 1884/709/657 1090/710/658
f 1076/711/659 173/607/478 1783/513/477
f 77/594/553 1863/619/575 1195/648/602
f 187/658/611 1209/712/660 1884/709/657
f 1036/579/539 185/633/589 1754/567/527
f 1798/683/632 66/605/478 1076/711/659
f 72/669/567 1879/685/634 1194/651/604
f 178/616/572 1154/713/661 71/637/593
f 62/691/640 1753/590/549 1025/581/540
f 1724/676/626 80/542/506 1010/714/662
f 1123/715/663 177/612/567 1824/631/587
f 68/632/588 1834/716/664 178/616/572
f 1764/670/620 1891/717/665 1057/718/666
f 1758/719/667 65/688/637 171/588/547
f 188/573/533 1149/720/668 83/575/535
f 191/672/622 1175/721/669 1891/717/665
f 1733/666/618 63/546/478 1011/562/523
f 168/564/478 995/552/513 1723/561/522
f 1114/722/670 175/697/567 1804/723/671
f 1804/723/671 69/678/567 1128/724/672
f 173/607/478 1000/725/673 61/514/478
f 1031/726/674 172/701/649 65/688/637
f 1148/638/594 179/694/643 1854/705/653
f 1119/661/614 180/650/567 67/645/567
f 248/727/675 254/728/676 253/729/677
f 251/730/678 255/731/679 254/728/676
f 253/729/677 254/728/676 264/732/680
f 254/728/676 256/733/681 264/732/680
f 257/734/682 259/735/683 249/736/684
f 258/737/685 260/738/686 257/739/682
f 260/740/686 252/741/687 259/735/683
f 261/742/688 255/731/679 260/740/686
f 250/51/689 263/743/690 262/744/691
f 253/745/692 264/746/692 263/743/692
f 262/744/691 261/747/693 258/737/694
f 263/743/690 256/748/695 261/747/693
f 283/749/696 285/750/697 280/751/698
f 284/752/699 286/753/700 283/749/696
f 286/753/700 295/754/701 285/750/697
f 286/753/700 287/755/702 288/756/703
f 281/757/139 292/758/704 291/759/705
f 289/760/706 293/761/707 292/758/704
f 291/759/705 287/755/702 284/752/699
f 292/758/704 288/762/703 287/755/702
f 294/763/708 296/764/709 282/67/62
f 295/754/701 297/765/710 294/763/708
f 297/765/710 290/766/711 296/764/709
f 297/765/710 288/762/703 293/761/712
f 298/182/169 303/767/713 302/768/714
f 301/769/715 304/770/716 303/767/713
f 302/768/714 315/771/717 312/772/718
f 303/767/713 305/773/719 315/771/717
f 299/774/720 309/775/721 308/776/722
f 306/777/723 310/778/724 309/775/721
f 308/776/725 304/770/726 301/769/727
f 309/775/721 305/773/728 304/770/726
f 311/779/729 313/780/730 300/781/731
f 312/772/718 314/782/732 311/783/729
f 314/782/732 307/784/733 313/785/730
f 315/771/717 310/778/734 314/782/732
f 366/142/131 371/786/735 370/787/736
f 369/788/737 372/789/738 371/786/735
f 370/787/736 382/790/739 379/791/740
f 371/786/735 373/792/741 382/790/739
f 367/108/101 376/793/742 369/794/743
f 374/795/744 377/796/745 376/793/742
f 369/794/743 376/793/742 372/789/746
f 376/793/742 373/792/747 372/789/746
f 378/797/748 380/798/749 368/179/166
f 379/791/740 381/799/750 378/797/748
f 381/799/750 375/800/751 380/798/749
f 382/790/752 377/796/745 381/799/750
f 401/801/753 403/802/754 398/126/116
f 402/803/755 404/804/756 401/801/753
f 404/804/756 413/805/757 403/802/754
f 404/804/756 406/806/758 416/807/759
f 407/808/760 409/809/761 399/121/111
f 408/810/762 410/811/763 407/808/760
f 410/811/763 402/803/755 409/809/761
f 411/812/764 405/813/765 410/811/763
f 412/814/766 414/815/767 400/153/141
f 413/805/757 415/816/768 412/814/766
f 414/815/767 411/812/764 408/810/762
f 415/816/768 406/806/758 411/812/764
f 417/184/171 422/817/769 430/818/770
f 420/819/771 423/820/772 422/817/769
f 430/818/770 422/817/769 433/821/773
f 422/817/769 424/822/774 433/821/775
f 425/823/776 427/824/777 418/825/778
f 426/826/779 428/827/780 425/823/776
f 428/827/780 421/828/781 427/824/777
f 429/829/782 423/820/783 428/827/780
f 419/120/110 432/830/784 431/831/785
f 430/832/786 433/821/787 432/830/784
f 431/831/785 429/829/782 426/826/779
f 432/830/784 424/822/788 429/829/782
f 437/833/789 439/834/790 434/169/156
f 437/833/789 438/835/791 440/836/792
f 439/834/790 440/836/792 445/837/793
f 440/838/794 441/839/795 445/840/796
f 442/841/797 444/842/798 435/843/799
f 442/841/797 443/844/800 440/845/792
f 444/842/798 440/838/792 438/835/791
f 440/845/801 443/844/802 441/839/795
f 446/846/803 445/840/796 447/847/804
f 446/848/803 447/847/804 443/849/802
f 445/840/796 443/844/802 447/847/804
f 448/222/208 451/850/805 453/851/806
f 451/850/807 452/852/808 453/853/809
f 453/853/810 454/854/810 456/855/810
f 449/267/253 453/856/811 455/857/812
f 455/857/813 453/858/809 452/852/808
f 457/859/814 458/860/814 456/861/815
f 459/862/816 462/863/817 464/864/818
f 462/863/817 470/865/819 464/864/818
f 462/863/817 465/866/820 472/867/821
f 466/868/822 468/869/823 460/319/824
f 468/869/825 467/870/826 463/871/827
f 461/238/224 469/872/828 471/873/829
f 469/872/830 472/867/831 471/874/832
f 471/874/833 463/875/827 467/876/826
f 471/874/832 465/866/834 463/875/835
f 473/321/307 476/877/836 478/878/837
f 476/877/836 477/879/838 478/880/837
f 478/880/839 1895/3/839 483/2/839
f 478/881/837 479/882/840 1895/883/841
f 474/884/842 481/885/843 480/886/844
f 481/887/845 484/888/846 1895/883/846
f 481/885/847 477/879/838 480/886/848
f 485/347/333 488/889/849 489/890/850
f 489/891/851 490/892/851 495/893/851
f 486/894/852 493/895/853 492/896/854
f 493/897/855 491/898/855 495/899/855
f 492/896/856 489/891/857 488/900/858
f 493/895/859 490/892/860 489/891/857
f 494/901/861 496/902/862 487/198/863
f 500/903/864 502/904/865 497/905/866
f 500/903/864 501/906/867 503/907/868
f 502/904/865 503/908/868 509/909/869
f 503/907/868 501/906/867 504/910/870
f 506/911/871 507/912/872 505/913/873
f 505/914/873 507/912/872 501/915/867
f 507/912/872 504/910/870 501/906/867
f 508/916/874 510/917/875 499/265/251
f 509/909/869 511/918/876 508/916/874
f 511/918/876 506/911/871 510/917/875
f 511/918/876 503/908/868 504/919/870
f 512/920/877 515/921/878 517/922/879
f 515/923/880 516/924/880 520/925/880
f 516/926/881 519/927/882 518/928/883
f 514/273/259 521/929/884 522/930/885
f 517/931/886 522/932/887 521/929/888
f 522/932/889 520/925/889 516/926/890
f 522/932/887 515/933/891 520/925/892
f 526/934/893 528/935/894 523/295/281
f 526/934/893 527/936/895 529/937/896
f 528/935/894 529/938/896 535/939/897
f 529/937/896 527/936/895 530/940/898
f 532/941/899 531/942/900 533/943/901
f 532/944/899 533/943/901 527/945/895
f 531/942/900 527/936/895 533/943/901
f 534/946/902 536/947/903 525/286/272
f 535/939/897 537/948/904 534/946/902
f 536/947/903 537/948/904 531/949/900
f 537/948/904 530/940/898 531/942/900
f 538/950/905 541/951/906 542/952/907
f 545/953/908 543/954/909 541/955/910
f 540/293/279 546/956/911 547/957/912
f 546/956/913 541/958/914 547/959/915
f 547/959/916 1896/960/917 545/961/917
f 547/959/915 543/962/918 1896/960/919
f 548/283/269 554/963/920 553/964/921
f 552/965/922 554/963/920 551/966/923
f 554/963/920 562/967/924 553/964/921
f 554/963/920 555/968/925 565/969/926
f 549/254/240 559/970/927 558/971/928
f 556/972/929 560/973/930 559/970/927
f 558/971/928 555/974/931 552/975/932
f 559/970/933 565/976/934 555/974/935
f 561/977/936 563/978/937 550/302/288
f 562/967/924 564/979/938 561/977/936
f 564/979/938 557/980/939 563/978/937
f 564/979/938 565/981/940 560/982/941
f 569/983/942 571/984/943 566/246/232
f 570/985/944 572/986/945 569/983/942
f 572/986/945 580/987/946 571/984/943
f 572/986/945 573/988/947 583/989/948
f 567/292/278 577/990/949 576/991/950
f 574/992/951 578/993/952 577/990/949
f 576/994/950 573/988/953 570/985/954
f 577/995/955 583/996/956 573/988/957
f 579/997/958 581/998/959 568/263/249
f 580/987/946 582/999/960 579/997/958
f 582/999/960 575/1000/961 581/998/959
f 582/999/960 583/996/962 578/1001/963
f 587/1002/964 589/1003/965 584/278/264
f 588/1004/966 590/1005/967 587/1002/964
f 590/1005/967 599/1006/968 589/1003/965
f 590/1005/967 592/1007/969 602/1008/970
f 593/1009/971 595/1010/972 585/257/243
f 594/1011/973 596/1012/974 593/1009/971
f 596/1012/974 588/1004/966 595/1010/972
f 596/1012/974 592/1007/969 591/1013/975
f 598/1014/976 600/1015/977 586/305/291
f 599/1006/968 601/1016/978 598/1014/976
f 601/1016/978 594/1011/973 600/1015/977
f 601/1016/978 592/1007/969 597/1017/979
f 606/1018/980 608/1019/981 603/234/220
f 607/1020/982 609/1021/983 606/1018/980
f 609/1021/983 617/1022/984 608/1019/981
f 609/1021/983 610/1023/985 620/1024/986
f 604/303/289 614/1025/987 613/1026/988
f 611/1027/989 615/1028/990 614/1029/987
f 613/1026/988 610/1030/991 607/1031/992
f 614/1029/993 620/1032/994 610/1023/995
f 605/271/257 619/1033/996 618/1034/997
f 617/1022/984 619/1033/996 616/1035/998
f 619/1033/996 612/1036/999 618/1034/997
f 619/1033/996 620/1032/1000 615/1028/1001
f 621/284/270 627/1037/1002 626/1038/1003
f 624/1039/1004 625/1040/1005 627/1037/1002
f 626/1038/1003 637/1041/1006 634/1042/1007
f 627/1043/1002 628/1044/1008 637/1041/1006
f 622/312/298 627/1045/1009 631/1046/1010
f 629/1047/1011 632/1048/1012 627/1045/1009
f 631/1046/1010 627/1043/1009 625/1040/1013
f 627/1045/1009 632/1048/1012 628/1044/1008
f 633/1049/1014 635/1050/1015 623/1051/324
f 634/1042/1007 636/1052/1016 633/1049/1014
f 636/1052/1016 630/1053/1017 635/1050/1015
f 637/1041/1006 632/1048/1012 636/1052/1016
f 641/1054/1018 643/1055/1019 638/324/310
f 642/1056/1020 644/1057/1021 641/1054/1018
f 644/1057/1021 652/1058/1022 643/1055/1019
f 644/1057/1021 645/1059/1023 655/1060/1024
f 646/1061/1025 648/1062/1026 639/1063/325
f 647/1064/1027 649/1065/1028 646/1061/1025
f 649/1065/1028 642/1056/1020 648/1062/1026
f 650/1066/1029 645/1059/1023 649/1065/1028
f 651/1067/1030 653/1068/1031 640/310/296
f 652/1058/1022 654/1069/1032 651/1067/1030
f 654/1069/1032 647/1064/1027 653/1068/1031
f 654/1069/1032 655/1070/1024 650/1066/1029
f 656/323/309 662/1071/1033 661/1072/1034
f 659/1073/1035 663/1074/1036 662/1071/1033
f 661/1072/1034 662/1075/1033 669/1076/1037
f 664/1077/1038 666/1078/1039 657/1079/213
f 665/1080/1040 667/1081/1041 664/1077/1038
f 667/1081/1042 660/1082/1043 666/1078/1039
f 658/313/299 671/1083/1044 670/1084/1045
f 668/1085/1046 662/1075/1047 671/1083/1048
f 670/1084/1045 663/1086/1049 665/1080/1040
f 671/1083/1048 662/1075/1047 663/1086/1050
f 675/1087/1051 677/1088/1052 672/228/214
f 676/1089/1053 678/1090/1054 675/1087/1051
f 678/1090/1054 686/1091/1055 677/1088/1052
f 678/1090/1054 679/1092/1056 689/1093/1057
f 680/1094/1058 682/1095/1059 673/317/303
f 681/1096/1060 683/1097/1061 680/1094/1058
f 683/1097/1061 676/1089/1053 682/1095/1059
f 683/1097/1061 684/1098/1062 679/1099/1056
f 685/1100/1063 687/1101/1064 674/1102/312
f 686/1091/1055 688/1103/1065 685/1100/1063
f 688/1103/1065 681/1096/1060 687/1101/1064
f 689/1093/1057 684/1098/1062 688/1103/1065
f 690/344/330 696/1104/1066 695/1105/1067
f 693/1106/1068 697/1107/1069 696/1104/1066
f 695/1105/1067 708/1108/1070 705/1109/1071
f 696/1104/1066 698/1110/1072 708/1108/1070
f 699/1111/1073 701/1112/1074 691/1113/316
f 700/1114/1075 702/1115/1076 699/1111/1073
f 702/1115/1076 694/1116/1077 701/1112/1074
f 703/1117/1078 697/1107/1079 702/1115/1076
f 692/1118/1080 707/1119/1081 706/1120/1082
f 704/1121/1083 708/1108/1084 707/1119/1081
f 706/1120/1082 703/1117/1085 700/1114/1075
f 707/1119/1081 698/1110/1086 703/1117/1085
f 709/215/201 714/1122/1087 713/1123/1088
f 712/1124/1089 715/1125/1090 714/1122/1087
f 713/1123/1088 726/1126/1091 723/1127/1092
f 714/1122/1087 716/1128/1093 726/1126/1091
f 710/318/304 720/1129/1094 719/1130/1095
f 717/1131/1096 721/1132/1097 720/1129/1094
f 719/1130/1098 715/1125/1099 712/1124/1100
f 720/1129/1094 716/1128/1101 715/1125/1099
f 722/1133/1102 724/1134/1103 711/1135/329
f 723/1127/1092 725/1136/1104 722/1133/1102
f 725/1136/1104 718/1137/1105 724/1134/1103
f 726/1126/1091 721/1132/1106 725/1136/1104
f 727/348/334 733/1138/1107 732/1139/1108
f 730/1140/1109 734/1141/1110 733/1138/1107
f 732/1139/1108 733/1138/1107 744/1142/1111
f 733/1138/1107 735/1143/1112 744/1142/1111
f 736/1144/1113 738/1145/1114 728/1146/204
f 737/1147/1115 739/1148/1116 736/1144/1113
f 739/1148/1116 731/1149/1117 738/1145/1114
f 740/1150/1118 734/1141/1110 739/1148/1116
f 729/309/295 743/1151/1119 742/1152/1120
f 741/1153/1121 744/1142/1122 743/1151/1119
f 742/1152/1120 740/1150/1118 737/1147/1115
f 743/1151/1119 735/1143/1112 740/1150/1118
f 748/1154/1123 750/1155/1124 745/1156/1125
f 749/1157/1126 751/1158/1127 748/1154/1123
f 751/1158/1127 759/1159/1128 750/1155/1124
f 751/1158/1127 752/1160/1129 762/1161/1130
f 753/1162/1131 755/1163/1132 746/306/292
f 754/1164/1133 756/1165/1134 753/1162/1131
f 756/1165/1134 749/1157/1126 755/1163/1132
f 756/1165/1134 757/1166/1135 752/1167/1129
f 758/1168/1136 760/1169/1137 747/1170/192
f 759/1159/1128 761/1171/1138 758/1168/1136
f 761/1171/1138 754/1164/1133 760/1169/1137
f 762/1161/1130 757/1166/1135 761/1171/1138
f 763/204/190 769/1172/1139 768/1173/1140
f 766/1174/1141 767/1175/1142 769/1172/1141
f 768/1173/1140 779/1176/1143 776/1177/1144
f 769/1178/1139 770/1179/1145 779/1176/1143
f 764/308/294 774/1180/1146 773/1181/1147
f 771/1182/1148 779/1183/1149 774/1180/1150
f 774/1180/1150 767/1175/1151 773/1181/1152
f 774/1180/1150 770/1179/1153 769/1178/1154
f 775/1184/1155 777/1185/1156 765/1186/320
f 776/1177/1144 778/1187/1157 775/1184/1155
f 778/1187/1158 772/1188/1159 777/1185/1156
f 830/1189/1160 836/1190/1161 835/1191/1162
f 833/1192/1163 837/1193/1164 836/1190/1161
f 835/1191/1162 836/1190/1161 847/1194/1165
f 836/1190/1161 838/1195/1166 847/1194/1165
f 839/1196/1167 841/1197/1168 831/1198/1169
f 840/1199/1170 842/1200/1171 839/1196/1167
f 842/1200/1171 834/1201/1172 841/1197/1168
f 843/1202/1173 837/1193/1164 842/1200/1171
f 832/396/377 846/1203/1174 845/1204/1175
f 844/1205/1176 847/1194/1177 846/1206/1174
f 845/1207/1175 843/1202/1178 840/1199/1179
f 846/1206/1174 838/1195/1180 843/1202/1178
f 868/526/490 873/1208/1181 872/1209/1182
f 871/1210/1183 874/1211/1184 873/1208/1181
f 872/1209/1182 885/1212/1185 882/1213/1186
f 873/1208/1181 875/1214/1187 885/1212/1185
f 869/1215/1188 879/1216/1189 878/1217/1190
f 876/1218/1191 880/1219/1192 879/1220/1189
f 878/1221/1193 874/1211/1194 871/1210/1195
f 879/1220/1189 875/1214/1196 874/1211/1194
f 881/1222/1197 883/1223/1198 870/1224/1199
f 882/1213/1186 884/1225/1200 881/1222/1197
f 884/1225/1200 877/1226/1201 883/1223/1198
f 885/1212/1185 880/1219/1202 884/1225/1200
f 936/486/453 941/1227/1203 940/1228/1204
f 939/1229/1205 942/1230/1206 941/1227/1203
f 940/1228/1204 952/1231/1207 949/1232/1208
f 941/1227/1203 943/1233/1209 952/1231/1207
f 937/453/428 946/1234/1210 939/1235/1211
f 944/1236/1212 947/1237/1213 946/1234/1210
f 939/1235/1211 946/1234/1210 942/1230/1214
f 946/1234/1210 943/1233/1215 942/1230/1214
f 948/1238/1216 950/1239/1217 938/523/487
f 949/1232/1208 951/1240/1218 948/1238/1216
f 951/1240/1218 945/1241/1219 950/1239/1217
f 952/1231/1220 947/1237/1213 951/1240/1218
f 973/528/492 979/1242/1221 978/1243/1222
f 976/1244/1223 980/1245/1224 979/1242/1221
f 978/1243/1222 979/1242/1221 989/1246/1225
f 979/1242/1221 981/1247/1226 989/1246/1225
f 982/1248/1227 984/1249/1228 974/1250/1229
f 983/1251/1230 985/1252/1231 982/1248/1227
f 985/1252/1231 977/1253/1232 984/1249/1228
f 986/1254/1233 980/1255/1234 985/1252/1231
f 975/465/437 988/1256/1235 987/1257/1236
f 978/1258/1237 989/1259/1238 988/1256/1235
f 987/1257/1236 986/1254/1233 983/1251/1230
f 988/1256/1235 981/1260/1239 986/1254/1233
f 1040/1261/1240 1045/1262/1241 1053/1263/1242
f 1043/1264/1243 1046/1265/1244 1045/1262/1241
f 1053/1263/1242 1045/1262/1241 1056/1266/1245
f 1045/1262/1241 1047/1267/1246 1056/1266/1245
f 1048/1268/1247 1050/1269/1248 1041/1270/1249
f 1049/1271/1250 1051/1272/1251 1048/1273/1247
f 1051/1274/1251 1044/1275/1252 1050/1269/1248
f 1052/1276/1253 1046/1265/1244 1051/1274/1251
f 1042/585/544 1055/1277/1254 1054/1278/1255
f 1053/1279/1256 1056/1280/1257 1055/1277/1254
f 1054/1278/1255 1052/1281/1258 1049/1271/1250
f 1055/1277/1254 1047/1282/1259 1052/1281/1258
f 1060/1283/1260 1062/1284/1261 1057/718/666
f 1061/1285/1262 1063/1286/1263 1060/1283/1260
f 1063/1286/1263 1071/1287/1264 1062/1284/1261
f 1063/1286/1263 1064/1288/1265 1074/1289/1266
f 1065/1290/1267 1067/1291/1268 1058/1292/545
f 1066/1293/1269 1068/1294/1270 1065/1290/1267
f 1067/1291/1268 1064/1295/1265 1061/1285/1262
f 1068/1294/1270 1069/1296/1271 1064/1295/1265
f 1059/702/650 1073/1297/1272 1072/1298/1273
f 1070/1299/1274 1074/1289/1275 1073/1297/1272
f 1072/1298/1273 1069/1296/1276 1066/1293/1277
f 1073/1297/1278 1064/1288/1265 1069/1296/1271
f 1090/1300/658 1095/1301/1279 1094/1302/1280
f 1093/1303/1281 1096/1304/1282 1095/1301/1279
f 1094/1302/1280 1107/1305/1283 1104/1306/1284
f 1095/1301/1279 1097/1307/1285 1107/1305/1283
f 1091/1308/1286 1101/1309/1287 1100/1310/1288
f 1098/1311/1289 1102/1312/1290 1101/1309/1287
f 1100/1310/1291 1096/1313/1292 1093/1314/1293
f 1101/1309/1287 1097/1315/1294 1096/1313/1292
f 1103/1316/1295 1105/1317/1296 1092/1318/1297
f 1104/1306/1284 1106/1319/1298 1103/1316/1295
f 1106/1319/1298 1099/1320/1299 1105/1317/1296
f 1107/1305/1283 1102/1321/1300 1106/1319/1298
f 1158/673/623 1163/1322/1301 1162/1323/1302
f 1161/1324/1303 1164/1325/1304 1163/1322/1301
f 1162/1323/1302 1174/1326/1305 1171/1327/1306
f 1163/1322/1301 1165/1328/1307 1174/1326/1305
f 1159/642/598 1168/1329/1308 1161/1330/1309
f 1166/1331/1310 1169/1332/1311 1168/1329/1308
f 1161/1333/1309 1168/1334/1308 1164/1325/1312
f 1168/1329/1308 1165/1335/1313 1164/1336/1314
f 1170/1337/1315 1172/1338/1316 1160/707/655
f 1171/1327/1306 1173/1339/1317 1170/1340/1315
f 1173/1341/1317 1167/1342/1318 1172/1338/1316
f 1174/1326/1319 1169/1343/1311 1173/1339/1317
f 1178/1344/1320 1180/1345/1321 1175/721/669
f 1179/1346/1322 1181/1347/1323 1178/1344/1320
f 1181/1347/1323 1190/1348/1324 1180/1345/1321
f 1181/1347/1323 1183/1349/1325 1193/1350/1326
f 1184/1351/1327 1186/1352/1328 1176/708/656
f 1184/1351/1327 1188/1353/1329 1187/1354/1330
f 1187/1355/1330 1179/1346/1322 1186/1356/1328
f 1187/1355/1330 1183/1349/1325 1182/1357/1331
f 1189/1358/1332 1191/1359/1333 1177/1360/1334
f 1190/1348/1324 1192/1361/1335 1189/1358/1332
f 1192/1362/1335 1185/1363/1336 1191/1364/1333
f 1193/1350/1326 1188/1365/1329 1192/1361/1335
f 1209/712/660 1214/1366/1337 1222/1367/1338
f 1212/1368/1339 1215/1369/1340 1214/1366/1337
f 1222/1367/1338 1214/1366/1337 1225/1370/1341
f 1214/1366/1337 1216/1371/1342 1225/1370/1343
f 1217/1372/1344 1219/1373/1345 1210/1374/1346
f 1218/1375/1347 1220/1376/1348 1217/1372/1344
f 1220/1376/1348 1213/1377/1349 1219/1373/1345
f 1221/1378/1350 1215/1369/1351 1220/1376/1348
f 1211/654/607 1224/1379/1352 1223/1380/1353
f 1222/1381/1354 1225/1370/1355 1224/1379/1352
f 1223/1380/1353 1221/1378/1350 1218/1375/1347
f 1224/1379/1352 1216/1371/1356 1221/1378/1350
f 219/28/25 1228/1382/1357 222/1383/1358
f 222/1384/1358 1229/1385/1359 221/1386/1360
f 221/1386/1361 1230/1387/1362 220/1388/1363
f 1230/1387/1362 218/186/173 220/1388/1363
f 1226/27/24 205/1389/1364 1228/1382/1357
f 1228/1390/1357 206/1391/1365 1229/1385/1359
f 1229/1385/1366 207/1392/1367 1230/1387/1362
f 207/1392/1367 1227/145/134 1230/1387/1362
f 1231/64/59 227/1393/1368 224/11/10
f 1233/1394/1369 226/1395/1370 227/1396/1368
f 1234/1397/1371 225/1398/1372 226/1395/1373
f 225/1398/1372 1232/122/112 223/24/21
f 208/196/182 1233/1399/1369 1231/64/59
f 210/1400/1374 1234/1397/1375 1233/1394/1369
f 211/1401/1376 1235/1402/1377 1234/1397/1371
f 1235/1402/1377 209/21/18 1232/122/112
f 1236/134/124 202/1403/1378 199/6/6
f 1238/1404/1379 201/1405/1380 202/1406/1378
f 1239/1407/1381 200/1408/1382 201/1405/1383
f 200/1408/1382 1237/7/7 198/19/16
f 219/28/25 1238/1409/1379 1236/134/124
f 222/1384/1358 1239/1407/1384 1238/1404/1379
f 221/1386/1361 1240/1410/1385 1239/1407/1381
f 1240/1410/1385 218/186/173 1237/7/7
f 214/164/152 1243/1411/1386 217/1412/1387
f 217/1413/1387 1244/1414/1388 216/1415/1389
f 216/1415/1390 1245/1416/1391 215/1417/1392
f 1245/1416/1391 213/13/11 215/1417/1392
f 1241/29/26 227/1393/1368 1243/1411/1386
f 1243/1418/1386 226/1395/1370 1244/1414/1388
f 1244/1414/1393 225/1398/1372 1245/1416/1391
f 225/1398/1372 1242/26/23 1245/1416/1391
f 229/1419/153 1248/1420/1394 232/1421/1395
f 232/1421/1395 1249/1422/1396 231/1423/1397
f 231/1423/1398 1250/1424/1399 230/1425/1400
f 1250/1424/1399 228/32/28 230/1425/1400
f 1246/159/147 217/1412/1387 1248/1426/1394
f 1248/1420/1394 216/1415/1389 1249/1422/1396
f 1249/1422/1401 215/1417/1392 1250/1424/1399
f 215/1417/1392 1247/15/13 1250/1424/1399
f 203/18/15 1253/1427/1402 205/1389/1364
f 205/1428/1364 1254/1429/1403 206/1391/1365
f 206/1391/1404 1255/1430/1405 207/1392/1367
f 1255/1430/1405 204/38/34 207/1392/1367
f 1251/17/14 235/1431/1406 1253/1427/1402
f 1253/1432/1402 236/1433/1407 1254/1429/1403
f 1254/1429/1408 237/1434/1409 1255/1430/1405
f 237/1434/1409 1252/36/32 1255/1430/1405
f 233/47/42 1258/1435/1410 235/1431/1406
f 235/1436/1406 1259/1437/1411 236/1433/1407
f 236/1433/1412 1260/1438/1413 237/1434/1409
f 1260/1438/1413 234/35/31 237/1434/1409
f 1256/56/51 245/1439/1414 1258/1435/1410
f 1258/1440/1410 246/1441/1415 1259/1437/1411
f 1259/1437/1416 247/1442/1417 1260/1438/1413
f 247/1442/1417 1257/33/29 1260/1438/1413
f 239/1443/183 1263/1444/1418 242/1445/1419
f 242/1445/1419 1264/1446/1420 241/1447/1421
f 241/1447/1422 1265/1448/1423 240/1449/1424
f 1265/1448/1423 238/42/38 240/1449/1424
f 1261/1450/176 232/1421/1395 1263/1444/1418
f 1263/1444/1418 231/1423/1397 1264/1446/1420
f 1264/1446/1425 230/1425/1400 1265/1448/1423
f 230/1425/1400 1262/40/36 1265/1448/1423
f 1266/176/163 269/1451/1426 266/174/161
f 1268/1452/1427 268/1453/1428 269/1451/1426
f 1269/1454/1429 267/1455/1430 268/1453/1428
f 1270/1456/1431 265/52/47 267/1457/1430
f 249/736/684 1268/1452/1427 1266/176/163
f 259/735/683 1269/1454/1429 1268/1452/1427
f 252/741/687 1270/1458/1431 1269/1454/1429
f 251/730/678 1267/138/128 1270/1458/1431
f 243/55/50 1273/1459/1432 245/1439/1414
f 245/1460/1414 1274/1461/1433 246/1441/1415
f 246/1441/1434 1275/1462/1435 247/1442/1417
f 247/1442/1417 1272/43/39 244/45/41
f 1271/158/146 269/1451/1426 1273/1459/1432
f 1273/1459/1436 268/1453/1428 1274/1463/1433
f 1274/1461/1437 267/1457/1430 1275/1462/1435
f 267/1457/1430 1272/43/39 1275/1462/1435
f 249/1464/684 1278/1465/1438 257/739/682
f 257/739/682 1279/1466/1439 258/737/685
f 258/737/694 1280/1467/1440 262/744/691
f 262/744/691 1277/49/44 250/51/46
f 1276/1468/162 242/1445/1419 1278/1465/1438
f 1278/1465/1438 241/1447/1421 1279/1466/1439
f 1279/1466/1441 240/1449/1424 1280/1467/1440
f 1280/1467/1440 238/42/38 1277/49/44
f 1281/72/67 210/1469/1374 208/196/182
f 1283/1470/1442 211/1401/1443 210/1400/1374
f 1284/1471/1444 212/1472/1445 211/1401/1376
f 212/1472/1445 1282/168/155 209/21/18
f 275/133/123 1283/1473/1442 1281/72/67
f 277/1474/1446 1284/1471/1447 1283/1470/1442
f 278/1475/1448 1285/1476/1449 1284/1471/1444
f 1285/1476/1449 276/61/56 1282/168/155
f 1286/4/4 274/1477/1450 271/183/170
f 1288/1478/1451 273/1479/1452 274/1480/1450
f 1289/1481/1453 272/1482/1454 273/1479/1455
f 272/1482/1454 1287/57/52 270/59/54
f 199/6/6 1288/1483/1451 1286/4/4
f 202/1406/1378 1289/1481/1456 1288/1478/1451
f 201/1405/1383 1290/1484/1457 1289/1481/1453
f 1290/1484/1457 198/19/16 1287/57/52
f 300/781/731 1293/1485/1458 311/779/729
f 311/783/729 1294/1486/1459 312/772/718
f 312/772/718 1295/1487/1460 302/768/714
f 302/768/714 1292/123/113 298/182/169
f 1291/149/137 291/1488/705 1293/1485/1458
f 1293/1489/1458 284/752/699 1294/1486/1459
f 1294/1486/1459 283/749/696 1295/1487/1460
f 1295/1487/1460 280/751/698 1292/123/113
f 1296/150/138 277/1490/1446 275/133/123
f 1298/1491/1461 278/1475/1462 277/1474/1446
f 1299/1492/1463 279/1493/1464 278/1475/1448
f 1300/1494/1465 276/61/56 279/1493/1464
f 300/781/731 1298/1495/1461 1296/150/138
f 313/785/730 1299/1492/1466 1298/1491/1461
f 307/784/1467 1300/1494/1465 1299/1492/1463
f 306/777/723 1297/69/64 1300/1494/1465
f 1301/152/140 289/1496/706 281/151/139
f 1303/1497/1468 290/766/1469 289/760/706
f 1304/1498/1470 296/764/709 290/766/711
f 1305/1499/1471 282/67/62 296/764/709
f 271/183/170 1303/1500/1468 1301/152/140
f 274/1480/1450 1304/1498/1472 1303/1497/1468
f 273/1479/1455 1305/1499/1471 1304/1498/1470
f 272/1482/1454 1302/65/60 1305/1499/1471
f 1306/148/136 340/1501/1473 337/74/68
f 1308/1502/1474 339/1503/1475 340/1501/1473
f 1309/1504/1476 338/1505/1477 339/1503/1475
f 1310/1506/1478 336/195/181 338/1505/1477
f 321/94/87 1308/1502/1474 1306/148/136
f 323/1507/1479 1309/1504/1476 1308/1502/1474
f 324/1508/1480 1310/1506/1478 1309/1504/1476
f 325/1509/1481 1307/194/180 1310/1506/1478
f 342/88/81 1313/1510/1482 345/1511/1483
f 345/1511/1483 1314/1512/1484 344/1513/1485
f 344/1513/1485 1315/1514/1486 343/1515/1487
f 343/1515/1487 1312/128/118 341/131/121
f 1311/87/80 328/1516/1488 1313/1510/1482
f 1313/1510/1482 329/1517/1489 1314/1512/1484
f 1314/1512/1484 330/1518/1490 1315/1514/1486
f 1315/1514/1486 327/129/119 1312/128/118
f 317/84/77 1318/1519/1491 320/1520/1492
f 320/1520/1492 1319/1521/1493 319/1522/1494
f 319/1522/1494 1320/1523/1495 318/1524/1496
f 318/1524/1496 1317/146/135 316/109/102
f 1316/75/69 340/1501/1473 1318/1519/1491
f 1318/1519/1491 339/1503/1475 1319/1521/1493
f 1319/1521/1493 338/1505/1477 1320/1523/1495
f 1320/1523/1495 336/195/181 1317/146/135
f 1321/89/82 335/1525/1497 332/130/120
f 1323/1526/1498 334/1527/1499 335/1525/1497
f 1324/1528/1500 333/1529/1501 334/1527/1499
f 1325/1530/1502 331/187/174 333/1529/1501
f 342/88/81 1323/1526/1498 1321/89/82
f 345/1511/1483 1324/1528/1500 1323/1526/1498
f 344/1513/1485 1325/1530/1502 1324/1528/1500
f 343/1515/1487 1322/167/154 1325/1530/1502
f 1326/80/73 350/1531/1503 347/161/149
f 1328/1532/1504 349/1533/1505 350/1531/1503
f 1329/1534/1506 348/1535/1507 349/1533/1505
f 1330/1536/1508 346/81/74 348/1535/1507
f 332/130/120 1328/1532/1504 1326/80/73
f 335/1525/1497 1329/1534/1506 1328/1532/1504
f 334/1527/1499 1330/1536/1508 1329/1534/1506
f 333/1529/1501 1327/97/90 1330/1536/1508
f 1331/95/88 323/1507/1479 321/94/87
f 1333/1537/1509 324/1508/1480 323/1507/1479
f 1334/1538/1510 325/1509/1481 324/1508/1480
f 1335/1539/1511 322/193/179 325/1509/1481
f 351/100/93 1333/1537/1509 1331/95/88
f 353/1540/1512 1334/1538/1510 1333/1537/1509
f 354/1541/1513 1335/1539/1511 1334/1538/1510
f 355/1542/1514 1332/77/71 1335/1539/1511
f 1336/101/94 353/1540/1512 351/100/93
f 1338/1543/1515 354/1541/1513 353/1540/1512
f 1339/1544/1516 355/1542/1514 354/1541/1513
f 1340/1545/1517 352/144/133 355/1542/1514
f 361/105/98 1338/1543/1515 1336/101/94
f 363/1546/1518 1339/1544/1516 1338/1543/1515
f 364/1547/1519 1340/1545/1517 1339/1544/1516
f 365/1548/1520 1337/188/175 1340/1545/1517
f 1341/96/89 360/1549/1521 357/191/177
f 1343/1550/1522 359/1551/1523 360/1549/1521
f 1344/1552/1524 358/1553/1525 359/1551/1523
f 1345/1554/1526 356/104/97 358/1553/1525
f 347/161/149 1343/1550/1522 1341/96/89
f 350/1531/1503 1344/1552/1524 1343/1550/1522
f 349/1533/1505 1345/1554/1526 1344/1552/1524
f 348/1535/1507 1342/83/76 1345/1554/1526
f 384/192/178 1348/1555/1527 387/1556/1528
f 387/1556/1528 1349/1557/1529 386/1558/1530
f 386/1558/1530 1350/1559/1531 385/1560/1532
f 385/1560/1532 1347/178/165 383/180/167
f 1346/143/132 370/787/736 1348/1555/1527
f 1348/1555/1527 379/791/740 1349/1557/1529
f 1349/1557/1529 378/797/748 1350/1559/1531
f 1350/1559/1531 368/179/166 1347/178/165
f 1351/107/100 363/1546/1518 361/105/98
f 1353/1561/1533 364/1547/1519 363/1546/1518
f 1354/1562/1534 365/1548/1520 364/1547/1519
f 1355/1563/1535 362/185/172 365/1548/1520
f 384/192/178 1353/1561/1533 1351/107/100
f 387/1556/1528 1354/1562/1534 1353/1561/1533
f 386/1558/1530 1355/1563/1535 1354/1562/1534
f 385/1560/1532 1352/162/150 1355/1563/1535
f 1356/102/95 374/795/744 367/108/101
f 1358/1564/1536 375/800/751 374/795/744
f 1359/1565/1537 380/798/749 375/800/751
f 1360/1566/1538 368/179/166 380/798/749
f 357/191/177 1358/1564/1536 1356/102/95
f 360/1549/1521 1359/1565/1537 1358/1564/1536
f 359/1551/1523 1360/1566/1538 1359/1565/1537
f 358/1553/1525 1357/177/164 1360/1566/1538
f 326/91/84 1363/1567/1539 328/1516/1488
f 328/1516/1488 1364/1568/1540 329/1517/1489
f 329/1517/1489 1365/1569/1541 330/1518/1490
f 330/1518/1490 1362/172/159 327/129/119
f 1361/112/103 395/1570/1542 1363/1567/1539
f 1363/1567/1539 396/1571/1543 1364/1568/1540
f 1364/1568/1540 397/1572/1544 1365/1569/1541
f 1365/1569/1541 394/135/125 1362/172/159
f 389/114/105 1368/1573/1545 392/1574/1546
f 392/1574/1546 1369/1575/1547 391/1576/1548
f 391/1576/1548 1370/1577/1549 390/1578/1550
f 390/1578/1550 1367/118/108 388/117/107
f 1366/85/78 320/1520/1492 1368/1573/1545
f 1368/1573/1545 319/1522/1494 1369/1575/1547
f 1369/1575/1547 318/1524/1496 1370/1577/1549
f 1370/1577/1549 316/109/102 1367/118/108
f 1371/127/117 420/819/771 417/184/171
f 1373/1579/1551 421/828/781 420/819/771
f 1374/1580/1552 427/824/777 421/828/781
f 1375/1581/1553 418/825/778 427/824/777
f 398/126/116 1373/1579/1551 1371/127/117
f 403/802/754 1374/1580/1552 1373/1579/1551
f 413/805/757 1375/1581/1553 1374/1580/1552
f 412/814/766 1372/156/144 1375/1581/1553
f 393/113/104 1378/1582/1554 395/1570/1542
f 395/1570/1542 1379/1583/1555 396/1571/1543
f 396/1571/1543 1380/1584/1556 397/1572/1544
f 397/1572/1544 1377/155/143 394/135/125
f 1376/119/109 431/831/785 1378/1582/1554
f 1378/1582/1554 426/826/779 1379/1583/1555
f 1379/1583/1555 425/823/776 1380/1584/1556
f 1380/1584/1556 418/825/778 1377/155/143
f 399/121/111 1383/1585/1557 407/808/760
f 407/808/760 1384/1586/1558 408/810/762
f 408/810/762 1385/1587/1559 414/815/767
f 414/815/767 1382/154/142 400/153/141
f 1381/115/106 392/1574/1546 1383/1585/1557
f 1383/1585/1557 391/1576/1548 1384/1586/1558
f 1384/1586/1558 390/1578/1550 1385/1587/1559
f 1385/1587/1559 388/117/107 1382/154/142
f 1386/68/63 294/763/708 282/67/62
f 1388/1588/1560 295/754/701 294/763/708
f 1389/1589/1561 285/750/697 295/754/701
f 1390/1590/1562 280/751/698 285/750/697
f 399/121/111 1388/1588/1560 1386/68/63
f 409/809/761 1389/1589/1561 1388/1588/1560
f 402/803/755 1390/1590/1562 1389/1589/1561
f 401/801/753 1387/124/114 1390/1590/1562
f 419/120/110 1393/1591/1563 430/1592/786
f 430/1592/1564 1393/1591/1565 1394/1593/1566
f 430/818/770 1392/181/168 417/184/171
f 1391/70/65 308/776/1567 1393/1591/1563
f 1393/1591/1565 301/769/1568 1394/1593/1566
f 1394/1594/1569 298/182/169 1392/181/168
f 1395/50/45 253/1595/1570 250/51/46
f 1397/1596/1571 248/727/675 253/729/677
f 367/108/101 1397/1597/1572 1395/50/45
f 369/1598/737 1396/139/129 1397/1596/1571
f 568/263/249 1400/1599/1573 579/997/958
f 579/997/958 1401/1600/1574 580/987/946
f 1401/1600/1574 571/984/943 580/987/946
f 1402/1601/1575 566/246/232 571/984/943
f 1398/262/248 589/1003/965 1400/1599/1573
f 1400/1599/1573 599/1006/968 1401/1600/1574
f 599/1006/968 1402/1601/1575 1401/1600/1574
f 598/1014/976 1399/264/250 1402/1601/1575
f 1403/256/242 593/1009/971 585/257/243
f 1405/1602/1576 594/1011/973 593/1009/971
f 594/1011/973 1407/1603/1577 600/1015/977
f 600/1015/977 1404/243/229 586/305/291
f 603/234/220 1405/1602/1576 1403/256/242
f 608/1019/981 1406/1604/1578 1405/1602/1576
f 1406/1604/1578 616/1035/998 1407/1603/1577
f 1407/1603/1577 605/271/257 1404/243/229
f 1408/291/277 611/1605/989 604/303/289
f 1410/1606/1579 612/1036/1580 611/1027/989
f 612/1036/1580 1411/1607/1581 618/1034/1582
f 1411/1607/1583 605/271/257 618/1034/997
f 1408/291/277 576/991/950 1410/1608/1584
f 1410/1606/1579 570/985/954 1411/1609/1581
f 1411/1609/1581 570/985/954 569/983/1585
f 1411/1607/1583 566/246/232 1409/245/231
f 550/302/288 1414/1610/1586 561/977/936
f 561/977/936 1415/1611/1587 562/967/924
f 1415/1611/1587 553/964/921 562/967/924
f 1416/1612/1588 548/283/269 553/964/921
f 1412/298/284 595/1010/972 1414/1610/1586
f 1414/1610/1586 588/1004/966 1415/1611/1587
f 588/1004/966 1416/1612/1588 1415/1611/1587
f 587/1002/964 1413/277/263 1416/1612/1588
f 1417/252/238 574/992/951 567/292/278
f 1419/1613/1589 575/1614/1590 574/992/951
f 575/1000/1590 1420/1615/1589 581/998/1591
f 1420/1615/1592 568/263/249 581/998/959
f 1417/252/238 558/971/928 1419/1613/1593
f 1419/1613/1589 552/975/932 1420/1616/1589
f 1420/1617/1594 552/965/922 551/966/923
f 1420/1615/1592 548/283/269 1418/231/217
f 1421/253/239 556/972/929 549/254/240
f 1423/1618/1595 557/1619/1596 556/972/929
f 1424/1620/1597 563/1621/937 557/1619/939
f 1425/1622/1598 550/302/288 563/978/937
f 1421/253/239 613/1026/988 1423/1618/1595
f 1423/1618/1595 607/1031/992 1424/1620/1599
f 1424/1620/1597 606/1623/980 1425/1624/1600
f 1425/1622/1598 603/234/220 1422/233/219
f 459/862/816 1428/1625/1601 462/1626/817
f 462/1626/817 1429/1627/1602 463/871/827
f 463/871/827 1430/1628/1603 468/869/825
f 468/869/825 1427/249/235 460/319/305
f 434/169/156 1428/1625/1601 1426/212/198
f 439/834/790 1429/1627/1602 1428/1625/1601
f 445/837/793 1430/1628/1603 1429/1627/1602
f 446/846/1604 1427/249/235 1430/1628/1603
f 1431/261/247 482/1629/1605 475/219/205
f 1433/1630/1606 483/2/1607 482/1629/1605
f 1434/1631/1608 478/878/837 483/2/1607
f 1435/1632/1609 473/321/307 478/878/837
f 1431/261/247 446/848/1604 1433/1630/1606
f 1433/1630/1606 443/849/800 1434/1631/1608
f 1434/1631/1608 442/841/797 1435/1632/1609
f 1435/1632/1609 435/843/799 1432/239/225
f 1436/320/306 466/868/1610 460/319/305
f 1438/1633/1611 467/876/1612 466/868/1610
f 1439/1634/1613 471/873/829 467/876/1612
f 1440/1635/1614 461/238/224 471/873/829
f 1436/320/306 482/1636/1605 1438/1633/1611
f 1438/1633/1611 484/888/1615 1439/1634/1613
f 1439/1634/1613 481/887/843 1440/1635/1614
f 1440/1635/1614 474/884/842 1437/236/222
f 497/905/866 1443/1637/1616 500/903/864
f 500/903/864 1444/1638/1617 501/915/867
f 501/915/867 1445/1639/1618 505/914/873
f 505/914/873 1442/281/267 498/325/311
f 448/222/208 1443/1637/1616 1441/300/286
f 453/851/1619 1444/1638/1617 1443/1637/1616
f 456/855/1620 1445/1639/1618 1444/1638/1617
f 457/1640/1621 1442/281/267 1445/1639/1618
f 512/920/877 1448/1641/1622 515/923/878
f 515/923/878 1449/1642/1623 516/924/1624
f 516/924/1625 1450/1643/1626 518/1644/1627
f 518/1644/1627 1447/341/327 513/209/195
f 499/265/251 1448/1641/1622 1446/274/260
f 510/917/875 1449/1642/1623 1448/1641/1622
f 506/911/871 1450/1643/1626 1449/1642/1623
f 505/913/873 1447/341/327 1450/1643/1626
f 1451/211/197 518/928/1627 513/209/195
f 1453/1645/1628 516/926/1629 518/928/1627
f 1454/1646/1630 522/930/885 516/926/1629
f 1455/1647/1631 514/273/259 522/930/885
f 1451/211/197 457/859/1621 1453/1645/1628
f 1453/1645/1628 456/861/1632 1454/1646/1630
f 1454/1646/1630 453/1648/1633 1455/1647/1631
f 1455/1647/1631 449/267/253 1452/269/255
f 1456/259/245 494/901/1634 487/198/184
f 1458/1649/1635 1459/1650/1636 495/1651/1637
f 1459/1650/1636 489/890/850 495/1651/1637
f 1460/1652/1638 485/347/333 489/890/850
f 1456/259/245 532/944/1639 1458/1649/1635
f 1458/1649/1635 527/945/895 1459/1650/1636
f 1459/1650/1636 526/934/893 1460/1652/1638
f 1460/1652/1638 523/295/281 1457/297/283
f 1461/331/317 532/941/1639 524/282/268
f 1463/1653/1640 531/949/900 532/941/1639
f 1464/1654/1641 536/947/903 531/949/900
f 1465/1655/1642 525/286/272 536/947/903
f 1461/331/317 544/1656/1643 1463/1653/1640
f 1463/1653/1640 545/953/1644 1464/1654/1641
f 1464/1654/1641 541/955/906 1465/1655/1642
f 1465/1655/1642 538/950/905 1462/201/187
f 1466/345/331 544/1657/1643 539/332/318
f 1468/1658/1645 545/961/1646 544/1657/1643
f 1469/1659/1647 547/957/912 545/961/1646
f 1470/1660/1648 540/293/279 547/957/912
f 1466/345/331 496/902/1649 1468/1658/1645
f 1468/1658/1645 491/898/1650 1469/1659/1647
f 1469/1659/1647 493/897/853 1470/1660/1648
f 1470/1660/1648 486/894/852 1467/288/274
f 623/1051/324 1473/1661/1651 633/1049/1014
f 633/1049/1014 1474/1662/1652 634/1042/1007
f 634/1042/1007 1475/1663/1653 626/1038/1003
f 626/1038/1003 1472/285/271 621/284/270
f 1471/1664/323 648/1062/1026 1473/1661/1651
f 1473/1661/1651 642/1056/1020 1474/1662/1652
f 1474/1662/1652 641/1054/1018 1475/1663/1653
f 1475/1663/1653 638/324/310 1472/285/271
f 1476/311/297 659/1073/1035 656/323/309
f 1478/1665/1654 660/1082/1043 659/1073/1035
f 1479/1666/1655 666/1078/1039 660/1082/1043
f 1480/1667/1656 657/1079/213 666/1078/1039
f 640/310/296 1478/1665/1654 1476/311/297
f 653/1068/1031 1479/1666/1655 1478/1665/1654
f 647/1064/1027 1480/1667/1656 1479/1666/1655
f 646/1061/1025 1477/1668/211 1480/1667/1656
f 1481/314/300 629/1047/1011 622/312/298
f 1483/1669/1657 630/1053/1017 629/1047/1011
f 1484/1670/1658 635/1050/1015 630/1053/1017
f 1485/1671/1659 623/1051/324 635/1050/1015
f 1481/314/300 670/1084/1045 1483/1669/1657
f 1483/1669/1657 665/1080/1040 1484/1670/1658
f 1484/1670/1658 664/1077/1038 1485/1671/1659
f 1485/1671/1659 657/1079/213 1482/1672/212
f 1486/1673/314 685/1100/1063 674/1102/312
f 1488/1674/1660 686/1091/1055 685/1100/1063
f 1489/1675/1661 677/1088/1052 686/1091/1055
f 677/1088/1052 1487/229/215 672/228/214
f 691/1113/316 1488/1674/1660 1486/1673/314
f 701/1112/1074 1489/1675/1661 1488/1674/1660
f 694/1116/1077 1490/1676/1662 1489/1675/1661
f 693/1106/1068 1487/229/215 1490/1676/1662
f 711/1135/329 1493/1677/1663 722/1133/1102
f 722/1133/1102 1494/1678/1664 723/1127/1092
f 723/1127/1092 1495/1679/1665 713/1123/1088
f 713/1123/1088 1492/216/202 709/215/201
f 1491/1680/328 687/1101/1064 1493/1677/1663
f 1493/1677/1663 681/1096/1060 1494/1678/1664
f 1494/1678/1664 680/1094/1058 1495/1679/1665
f 1495/1679/1665 673/317/303 1492/216/202
f 1496/316/302 717/1131/1096 710/318/304
f 1498/1681/1666 718/1137/1105 717/1131/1096
f 1499/1682/1667 724/1134/1103 718/1137/1105
f 1500/1683/1668 711/1135/329 724/1134/1103
f 1496/316/302 706/1120/1082 1498/1681/1666
f 1498/1681/1666 700/1114/1075 1499/1682/1667
f 1499/1682/1667 699/1111/1073 1500/1683/1668
f 1500/1684/1668 691/330/316 1497/329/315
f 1501/336/322 730/1140/1109 727/348/334
f 1503/1685/1669 731/1149/1117 730/1140/1109
f 1504/1686/1670 738/1145/1114 731/1149/1117
f 1505/1687/1671 728/1146/204 738/1145/1114
f 745/1156/1125 1503/1685/1669 1501/336/322
f 750/1155/1124 1504/1686/1670 1503/1685/1669
f 759/1159/1128 1505/1687/1671 1504/1686/1670
f 758/1168/1136 1502/1688/194 1505/1687/1671
f 746/306/292 1508/1689/1672 753/1162/1131
f 753/1162/1131 1509/1690/1673 754/1164/1133
f 754/1164/1133 1510/1691/1674 760/1169/1137
f 760/1169/1137 1507/1692/319 747/1170/192
f 1506/205/191 768/1173/1140 1508/1689/1672
f 1508/1689/1672 776/1177/1144 1509/1690/1673
f 1509/1690/1673 775/1184/1155 1510/1691/1674
f 1510/1691/1674 765/1186/320 1507/1692/319
f 1511/307/293 771/1182/1148 764/308/294
f 1513/1693/1675 772/1188/1159 771/1182/1148
f 1514/1694/1676 777/1185/1156 772/1188/1159
f 1515/1695/1677 765/1186/320 777/1185/1156
f 1511/307/293 742/1152/1120 1513/1693/1675
f 1513/1693/1675 737/1147/1115 1514/1694/1676
f 1514/1694/1676 736/1144/1113 1515/1695/1677
f 1515/1695/1677 728/1146/204 1512/1696/203
f 1516/171/158 437/833/789 434/169/156
f 1518/1697/1678 438/835/1679 437/833/789
f 1519/1698/1680 444/842/798 438/835/1679
f 1520/1699/1681 435/843/799 444/842/798
f 638/324/310 1518/1697/1678 1516/171/158
f 643/1055/1019 1519/1698/1680 1518/1697/1678
f 652/1058/1022 1520/1699/1681 1519/1698/1680
f 651/1067/1030 1517/240/226 1520/1699/1681
f 1521/250/236 668/1085/1682 658/313/299
f 1523/1700/1683 669/1076/1684 668/1085/1685
f 669/1076/1037 1524/1701/1686 661/1072/1034
f 1524/1701/1686 656/323/309 661/1072/1034
f 474/884/842 1523/1700/1687 1521/250/236
f 480/886/1688 1524/1702/1689 1523/1700/1683
f 1524/1702/1690 477/879/1690 476/877/1690
f 476/877/836 1522/322/308 1524/1701/1686
f 1525/224/210 451/850/805 448/222/208
f 1527/1703/1691 452/852/1692 451/850/1692
f 1528/1704/1693 455/857/1694 452/852/1694
f 455/857/812 1526/315/301 449/267/253
f 690/344/330 1527/1703/1695 1525/224/210
f 695/1105/1067 1528/1704/1696 1527/1703/1691
f 705/1109/1697 1529/1705/1693 1528/1704/1693
f 1529/1705/1698 692/1118/1080 1526/315/301
f 709/215/201 1532/1706/1699 712/1707/1089
f 712/1124/1100 1533/1708/1700 719/1130/1098
f 719/1130/1095 1531/272/258 710/318/304
f 1530/275/261 517/922/879 1532/1706/1699
f 1532/1709/1700 521/929/1701 1533/1708/1700
f 1533/1708/1702 514/273/259 1531/272/258
f 525/286/272 1536/1710/1703 534/946/902
f 534/946/902 1537/1711/1704 535/939/1705
f 1537/1711/1704 528/935/894 535/939/1705
f 528/935/894 1535/335/321 523/295/281
f 746/306/292 1536/1710/1703 1534/287/273
f 755/1163/1132 1537/1711/1704 1536/1710/1703
f 749/1157/1126 1538/1712/1706 1537/1711/1704
f 1538/1712/1706 745/1156/1125 1535/335/321
f 1539/289/275 741/1153/1707 729/309/295
f 741/1153/1121 1542/1713/1708 732/1714/1709
f 732/1139/1108 1540/346/332 727/348/334
f 1539/289/275 492/896/854 1541/1715/1710
f 1541/1715/1708 488/900/1711 1542/1713/1708
f 1542/1716/1712 485/347/333 1540/346/332
f 1543/213/199 624/1039/1004 621/284/270
f 1545/1717/1713 625/1040/1005 624/1039/1004
f 625/1040/1013 1547/1718/1714 631/1046/1010
f 631/1046/1010 1544/237/223 622/312/298
f 459/862/816 1545/1717/1715 1543/213/199
f 464/864/818 1546/1719/1716 1545/1717/1713
f 470/865/1717 1547/1718/1714 1546/1719/1718
f 1547/1718/1719 461/238/224 1544/237/223
f 1548/266/252 508/916/874 499/265/251
f 1550/1720/1720 509/909/1721 508/916/874
f 1551/1721/1722 502/904/865 509/909/1721
f 1552/1722/1723 497/905/866 502/904/865
f 673/317/303 1550/1720/1720 1548/266/252
f 682/1095/1059 1551/1721/1722 1550/1720/1720
f 676/1089/1053 1552/1722/1723 1551/1721/1722
f 1552/1722/1723 672/228/214 1549/301/287
f 1553/294/280 546/956/911 540/293/279
f 1555/1723/1724 542/1724/1725 546/956/1725
f 1556/1725/1726 538/950/905 542/952/907
f 764/308/294 1555/1723/1727 1553/294/280
f 1555/1723/1724 767/1175/1728 1556/1726/1729
f 1556/1726/1726 767/1175/1730 766/1174/1731
f 1556/1725/1726 763/204/190 1554/202/188
f 801/373/356 1559/1727/1732 804/1728/1733
f 804/1728/1733 1560/1729/1734 803/1730/1735
f 803/1730/1736 1561/1731/1737 802/1732/1738
f 1561/1733/1737 800/530/494 802/1734/1738
f 1557/372/355 787/1735/1739 1559/1727/1732
f 1559/1727/1732 788/1736/1740 1560/1729/1734
f 1560/1729/1741 789/1737/1742 1561/1731/1737
f 789/1738/1742 1558/489/456 1561/1733/1737
f 1562/409/389 809/1739/1743 806/356/341
f 1564/1740/1744 808/1741/1745 809/1739/1743
f 1565/1742/1746 807/1743/1747 808/1741/1748
f 807/1744/1747 1563/467/439 805/369/352
f 790/539/503 1564/1740/1744 1562/409/389
f 792/1745/1749 1565/1742/1750 1564/1740/1744
f 793/1746/1751 1566/1747/1752 1565/1742/1746
f 1566/1748/1752 791/366/349 1563/467/439
f 1567/479/448 784/1749/1753 781/351/337
f 1569/1750/1754 783/1751/1755 784/1749/1753
f 1570/1752/1756 782/1753/1757 783/1751/1758
f 782/1753/1757 1568/1754/338 780/1755/347
f 801/373/356 1569/1750/1754 1567/479/448
f 804/1728/1733 1570/1752/1759 1569/1750/1754
f 803/1730/1736 1571/1756/1760 1570/1752/1756
f 1571/1756/1760 800/1757/494 1568/1754/338
f 796/508/473 1574/1758/1761 799/1759/1762
f 799/1759/1762 1575/1760/1763 798/1761/1764
f 798/1761/1765 1576/1762/1766 797/1763/1767
f 1576/1764/1766 795/358/342 797/1765/1767
f 1572/374/357 809/1739/1743 1574/1758/1761
f 1574/1758/1761 808/1741/1745 1575/1760/1763
f 1575/1760/1768 807/1743/1747 1576/1762/1766
f 807/1744/1747 1573/371/354 1576/1764/1766
f 811/509/474 1579/1766/1769 814/1767/1770
f 814/1767/1770 1580/1768/1771 813/1769/1772
f 813/1769/1773 1581/1770/1774 812/1771/1775
f 1581/1772/1774 810/377/359 812/1773/1775
f 1577/503/469 799/1759/1762 1579/1766/1769
f 1579/1766/1769 798/1761/1764 1580/1768/1771
f 1580/1768/1776 797/1763/1767 1581/1770/1774
f 797/1765/1767 1578/360/344 1581/1772/1774
f 785/363/346 1584/1774/1777 787/1735/1739
f 787/1735/1739 1585/1775/1778 788/1736/1740
f 788/1736/1779 1586/1776/1780 789/1737/1742
f 1586/1777/1780 786/383/365 789/1738/1742
f 1582/362/345 817/1778/1781 1584/1774/1777
f 1584/1774/1777 818/1779/1782 1585/1775/1778
f 1585/1775/1783 819/1780/1784 1586/1776/1780
f 819/1781/1784 1583/381/363 1586/1777/1780
f 815/392/373 1589/1782/1785 817/1778/1781
f 817/1778/1781 1590/1783/1786 818/1779/1782
f 818/1779/1787 1591/1784/1788 819/1780/1784
f 1591/1785/1788 816/380/362 819/1781/1784
f 1587/401/381 827/1786/1789 1589/1782/1785
f 1589/1782/1785 828/1787/1790 1590/1783/1786
f 1590/1783/1791 829/1788/1792 1591/1784/1788
f 829/1789/1792 1588/378/360 1591/1785/1788
f 821/540/504 1594/1790/1793 824/1791/1794
f 824/1791/1794 1595/1792/1795 823/1793/1796
f 823/1793/1797 1596/1794/1798 822/1795/1799
f 1596/1796/1798 820/387/369 822/1797/1799
f 1592/533/497 814/1767/1770 1594/1790/1793
f 1594/1790/1793 813/1769/1772 1595/1792/1795
f 1595/1792/1800 812/1771/1775 1596/1794/1798
f 812/1773/1775 1593/385/367 1596/1796/1798
f 1597/520/484 852/1798/1801 849/518/482
f 1599/1799/1802 851/1800/1803 852/1798/1801
f 1600/1801/1804 850/1802/1805 851/1800/1803
f 1601/1803/1806 848/397/378 850/1804/1805
f 831/1198/1169 1599/1799/1802 1597/520/484
f 841/1197/1168 1600/1801/1804 1599/1799/1802
f 834/1201/1172 1601/1805/1806 1600/1801/1804
f 833/1192/1163 1598/1806/450 1601/1805/1806
f 825/400/380 1604/1807/1807 827/1786/1789
f 827/1786/1789 1605/1808/1808 828/1787/1790
f 828/1787/1809 1606/1809/1810 829/1788/1792
f 829/1789/1792 1603/388/370 826/390/372
f 1602/502/468 852/1798/1801 1604/1807/1807
f 1604/1807/1811 851/1800/1803 1605/1808/1808
f 1605/1808/1812 850/1802/1805 1606/1809/1810
f 850/1804/1805 1603/388/370 1606/1810/1810
f 831/1198/1169 1609/1811/1813 839/1196/1167
f 839/1196/1167 1610/1812/1814 840/1199/1170
f 840/1199/1179 1611/1813/1815 845/1207/1175
f 845/1204/1175 1608/394/375 832/396/377
f 1607/519/483 824/1791/1794 1609/1811/1813
f 1609/1811/1813 823/1793/1796 1610/1812/1814
f 1610/1812/1816 822/1795/1799 1611/1813/1815
f 1611/1814/1815 820/387/369 1608/394/375
f 1612/417/396 792/1745/1749 790/539/503
f 1614/1815/1817 793/1746/1818 792/1745/1749
f 1615/1816/1819 794/1817/1820 793/1746/1751
f 794/1818/1820 1613/512/476 791/366/349
f 858/478/447 1614/1815/1817 1612/417/396
f 860/1819/1821 1615/1816/1822 1614/1815/1817
f 861/1820/1823 1616/1821/1824 1615/1816/1819
f 1616/1822/1824 859/406/386 1613/512/476
f 1617/349/335 857/1823/1825 854/527/491
f 1619/1824/1826 856/1825/1827 857/1823/1825
f 1620/1826/1828 855/1827/1829 856/1825/1830
f 855/1827/1829 1618/1828/382 853/1829/384
f 781/351/337 1619/1824/1826 1617/349/335
f 784/1749/1753 1620/1826/1831 1619/1824/1826
f 783/1751/1758 1621/1830/1832 1620/1826/1828
f 1621/1830/1832 780/1755/347 1618/1828/382
f 870/1224/1199 1624/1831/1833 881/1222/1197
f 881/1222/1197 1625/1832/1834 882/1213/1186
f 882/1213/1186 1626/1833/1835 872/1209/1182
f 872/1209/1182 1623/468/440 868/526/490
f 1622/493/459 865/1834/1836 1624/1831/1833
f 1624/1831/1833 866/1835/1837 1625/1832/1834
f 1625/1832/1834 867/1836/1838 1626/1833/1835
f 1626/1833/1835 864/1837/392 1623/468/440
f 1627/494/460 860/1819/1821 858/478/447
f 1629/1838/1839 861/1820/1840 860/1819/1821
f 1630/1839/1841 862/1840/1842 861/1820/1823
f 1631/1841/1843 859/406/386 862/1842/1842
f 870/1224/1199 1629/1838/1839 1627/494/460
f 883/1223/1198 1630/1839/1844 1629/1838/1839
f 877/1226/1845 1631/1843/1843 1630/1839/1841
f 876/1844/1191 1628/414/394 1631/1841/1843
f 1632/496/462 865/1834/1836 863/495/461
f 1634/1845/1846 866/1835/1837 865/1834/1836
f 1635/1846/1847 867/1836/1838 866/1835/1837
f 867/1836/1838 1633/1847/390 864/1837/392
f 854/527/491 1634/1845/1846 1632/496/462
f 857/1823/1825 1635/1846/1848 1634/1845/1846
f 856/1825/1830 1636/1848/1849 1635/1846/1847
f 855/1827/1829 1633/1847/390 1636/1848/1849
f 1637/492/458 910/1849/1850 907/419/397
f 1639/1850/1851 909/1851/1852 910/1849/1850
f 1640/1852/1853 908/1853/1854 909/1851/1852
f 1641/1854/1855 906/538/502 908/1853/1854
f 891/439/415 1639/1850/1851 1637/492/458
f 893/1855/1856 1640/1852/1853 1639/1850/1851
f 894/1856/1857 1641/1854/1855 1640/1852/1853
f 895/1857/1858 1638/537/501 1641/1854/1855
f 912/433/409 1644/1858/1859 915/1859/1860
f 915/1859/1860 1645/1860/1861 914/1861/1862
f 914/1861/1862 1646/1862/1863 913/1863/1864
f 913/1863/1864 1643/473/443 911/476/446
f 1642/432/408 898/1864/1865 1644/1858/1859
f 1644/1858/1859 899/1865/1866 1645/1860/1861
f 1645/1860/1861 900/1866/1867 1646/1862/1863
f 1646/1862/1863 897/474/444 1643/473/443
f 887/429/405 1649/1867/1868 890/1868/1869
f 890/1868/1869 1650/1869/1870 889/1870/1871
f 889/1870/1871 1651/1871/1872 888/1872/1873
f 888/1872/1873 1648/490/457 886/454/429
f 1647/420/398 910/1849/1850 1649/1867/1868
f 1649/1867/1868 909/1851/1852 1650/1869/1870
f 1650/1869/1870 908/1853/1854 1651/1871/1872
f 1651/1871/1872 906/538/502 1648/490/457
f 1652/434/410 905/1873/1874 902/475/445
f 1654/1874/1875 904/1875/1876 905/1873/1874
f 1655/1876/1877 903/1877/1878 904/1875/1876
f 1656/1878/1879 901/531/495 903/1877/1878
f 912/433/409 1654/1874/1875 1652/434/410
f 915/1859/1860 1655/1876/1877 1654/1874/1875
f 914/1861/1862 1656/1878/1879 1655/1876/1877
f 913/1863/1864 1653/511/475 1656/1878/1879
f 1657/425/402 920/1879/1880 917/505/470
f 1659/1880/1881 919/1881/1882 920/1879/1880
f 1660/1882/1883 918/1883/1884 919/1881/1882
f 1661/1884/1885 916/426/403 918/1883/1884
f 902/475/445 1659/1880/1881 1657/425/402
f 905/1873/1874 1660/1882/1883 1659/1880/1881
f 904/1875/1876 1661/1884/1885 1660/1882/1883
f 903/1877/1878 1658/442/418 1661/1884/1885
f 1662/440/416 893/1855/1856 891/439/415
f 1664/1885/1886 894/1856/1857 893/1855/1856
f 1665/1886/1887 895/1857/1858 894/1856/1857
f 1666/1887/1888 892/536/500 895/1857/1858
f 921/445/420 1664/1885/1886 1662/440/416
f 923/1888/1889 1665/1886/1887 1664/1885/1886
f 924/1889/1890 1666/1887/1888 1665/1886/1887
f 925/1890/1891 1663/422/400 1666/1887/1888
f 1667/446/421 923/1888/1889 921/445/420
f 1669/1891/1892 924/1889/1890 923/1888/1889
f 1670/1892/1893 925/1890/1891 924/1889/1890
f 1671/1893/1894 922/488/455 925/1890/1891
f 931/450/425 1669/1891/1892 1667/446/421
f 933/1894/1895 1670/1892/1893 1669/1891/1892
f 934/1895/1896 1671/1893/1894 1670/1892/1893
f 935/1896/1897 1668/532/496 1671/1893/1894
f 1672/441/417 930/1897/1898 927/534/498
f 1674/1898/1899 929/1899/1900 930/1897/1898
f 1675/1900/1901 928/1901/1902 929/1899/1900
f 1676/1902/1903 926/449/424 928/1901/1902
f 917/505/470 1674/1898/1899 1672/441/417
f 920/1879/1880 1675/1900/1901 1674/1898/1899
f 919/1881/1882 1676/1902/1903 1675/1900/1901
f 918/1883/1884 1673/428/404 1676/1902/1903
f 954/535/499 1679/1903/1904 957/1904/1905
f 957/1904/1905 1680/1905/1906 956/1906/1907
f 956/1906/1907 1681/1907/1908 955/1908/1909
f 955/1908/1909 1678/522/486 953/524/488
f 1677/487/454 940/1228/1204 1679/1903/1904
f 1679/1903/1904 949/1232/1208 1680/1905/1906
f 1680/1905/1906 948/1238/1216 1681/1907/1908
f 1681/1907/1908 938/523/487 1678/522/486
f 1682/452/427 933/1894/1895 931/450/425
f 1684/1909/1910 934/1895/1896 933/1894/1895
f 1685/1910/1911 935/1896/1897 934/1895/1896
f 1686/1911/1912 932/529/493 935/1896/1897
f 954/535/499 1684/1909/1910 1682/452/427
f 957/1904/1905 1685/1910/1911 1684/1909/1910
f 956/1906/1907 1686/1911/1912 1685/1910/1911
f 955/1908/1909 1683/506/471 1686/1911/1912
f 1687/447/422 944/1236/1212 937/453/428
f 1689/1912/1913 945/1241/1219 944/1236/1212
f 1690/1913/1914 950/1239/1217 945/1241/1219
f 1691/1914/1915 938/523/487 950/1239/1217
f 927/534/498 1689/1912/1913 1687/447/422
f 930/1897/1898 1690/1913/1914 1689/1912/1913
f 929/1899/1900 1691/1914/1915 1690/1913/1914
f 928/1901/1902 1688/521/485 1691/1914/1915
f 896/436/412 1694/1915/1916 898/1864/1865
f 898/1864/1865 1695/1916/1917 899/1865/1866
f 899/1865/1866 1696/1917/1918 900/1866/1867
f 900/1866/1867 1693/516/480 897/474/444
f 1692/457/430 965/1918/1919 1694/1915/1916
f 1694/1915/1916 966/1919/1920 1695/1916/1917
f 1695/1916/1917 967/1920/1921 1696/1917/1918
f 1696/1917/1918 964/480/449 1693/516/480
f 959/459/432 1699/1921/1922 962/1922/1923
f 962/1922/1923 1700/1923/1924 961/1924/1925
f 961/1924/1925 1701/1925/1926 960/1926/1927
f 960/1926/1927 1698/463/435 958/462/434
f 1697/430/406 890/1868/1869 1699/1921/1922
f 1699/1921/1922 889/1870/1871 1700/1923/1924
f 1700/1923/1924 888/1872/1873 1701/1925/1926
f 1701/1925/1926 886/454/429 1698/463/435
f 1702/472/442 976/1244/1223 973/528/492
f 1704/1927/1928 977/1928/1232 976/1244/1223
f 1705/1929/1929 984/1249/1228 977/1253/1232
f 1706/1930/1930 974/1250/1229 984/1249/1228
f 968/471/438 1704/1927/1928 1702/472/442
f 970/1931/1931 1705/1932/1929 1704/1927/1928
f 971/1933/1932 1706/1930/1930 1705/1929/1929
f 972/1934/1933 1703/500/466 1706/1930/1930
f 963/458/431 1709/1935/1934 965/1918/1919
f 965/1918/1919 1710/1936/1935 966/1919/1920
f 966/1919/1920 1711/1937/1936 967/1920/1921
f 967/1920/1921 1708/499/465 964/480/449
f 1707/464/436 987/1257/1236 1709/1935/1934
f 1709/1935/1934 983/1251/1230 1710/1936/1935
f 1710/1936/1935 982/1248/1227 1711/1937/1936
f 1711/1937/1936 974/1250/1229 1708/499/465
f 968/466/438 1714/1938/1937 970/1939/1931
f 970/1939/1931 1715/1940/1938 971/1933/1932
f 971/1933/1932 1716/1941/1939 972/1934/1933
f 972/1934/1933 1713/498/464 969/497/463
f 1712/460/433 962/1922/1923 1714/1938/1937
f 1714/1938/1937 961/1924/1925 1715/1940/1938
f 1715/1940/1938 960/1926/1927 1716/1941/1939
f 1716/1941/1939 958/462/434 1713/498/464
f 975/465/437 1719/1942/1940 978/1943/1237
f 978/1243/1222 1718/525/489 973/528/492
f 1717/415/395 878/1217/1941 1719/1942/1940
f 1719/1942/1942 878/1217/1942 871/1944/1943
f 1719/1945/1944 868/526/490 1718/525/489
f 1720/395/376 844/1946/1945 832/396/377
f 844/1946/1946 1722/1947/1946 835/1948/1946
f 1722/1949/1947 830/1189/1160 835/1191/1162
f 937/453/428 1722/1950/1948 1720/395/376
f 939/1951/1205 1721/1952/451 1722/1949/1947
f 1011/562/523 1725/1953/1949 1014/1954/1950
f 1014/1954/1950 1726/1955/1951 1013/1956/1952
f 1013/1956/1953 1727/1957/1954 1012/1958/1955
f 1727/1959/1954 1010/714/662 1012/1960/1955
f 1723/561/522 997/1961/1956 1725/1953/1949
f 1725/1953/1949 998/1962/1957 1726/1955/1951
f 1726/1955/1958 999/1963/1959 1727/1957/1954
f 999/1964/1959 1724/676/626 1727/1959/1954
f 1728/598/557 1019/1965/1960 1016/545/508
f 1730/1966/1961 1018/1967/1962 1019/1968/1960
f 1731/1969/1963 1017/1970/1964 1018/1967/1965
f 1017/1970/1964 1729/656/609 1015/558/519
f 1000/725/673 1730/1971/1961 1728/598/557
f 1002/1972/1966 1731/1969/1967 1730/1966/1961
f 1003/1973/1968 1732/1974/1969 1731/1969/1963
f 1732/1974/1969 1001/555/516 1729/656/609
f 1733/666/618 994/1975/1970 991/515/479
f 1735/1976/1971 993/1977/1972 994/1975/1970
f 1736/1978/1973 992/1979/1974 993/1977/1975
f 992/1980/1974 1734/541/505 990/553/514
f 1011/562/523 1735/1976/1971 1733/666/618
f 1014/1954/1950 1736/1978/1976 1735/1976/1971
f 1013/1956/1953 1737/1981/1977 1736/1978/1973
f 1737/1982/1977 1010/714/662 1734/541/505
f 1006/695/644 1740/1983/1978 1009/1984/1979
f 1009/1985/1979 1741/1986/1980 1008/1987/1981
f 1008/1987/1982 1742/1988/1983 1007/1989/1984
f 1742/1988/1983 1005/547/509 1007/1989/1984
f 1738/563/524 1019/1965/1960 1740/1983/1978
f 1740/1990/1978 1018/1967/1962 1741/1986/1980
f 1741/1986/1985 1017/1970/1964 1742/1988/1983
f 1017/1970/1964 1739/560/521 1742/1988/1983
f 1021/696/645 1745/1991/1986 1024/1992/1987
f 1024/1993/1987 1746/1994/1988 1023/1995/1989
f 1023/1995/1990 1747/1996/1991 1022/1997/1992
f 1747/1996/1991 1020/566/526 1022/1997/1992
f 1743/690/639 1009/1984/1979 1745/1991/1986
f 1745/1998/1986 1008/1987/1981 1746/1994/1988
f 1746/1994/1993 1007/1989/1984 1747/1996/1991
f 1007/1989/1984 1744/549/511 1747/1996/1991
f 995/552/513 1750/1999/1994 997/1961/1956
f 997/1961/1956 1751/2000/1995 998/1962/1957
f 998/1962/1996 1752/2001/1997 999/1963/1959
f 1752/2002/1997 996/572/532 999/1964/1959
f 1748/551/512 1027/2003/1998 1750/1999/1994
f 1750/1999/1994 1028/2004/1999 1751/2000/1995
f 1751/2000/2000 1029/2005/2001 1752/2001/1997
f 1029/2006/2001 1749/570/530 1752/2002/1997
f 1025/581/540 1755/2007/2002 1027/2003/1998
f 1027/2003/1998 1756/2008/2003 1028/2004/1999
f 1028/2004/2004 1757/2009/2005 1029/2005/2001
f 1757/2010/2005 1026/569/529 1029/2006/2001
f 1753/590/549 1037/2011/2006 1755/2007/2002
f 1755/2007/2002 1038/2012/2007 1756/2008/2003
f 1756/2008/2008 1039/2013/2009 1757/2009/2005
f 1039/2014/2009 1754/567/527 1757/2010/2005
f 1031/726/674 1760/2015/2010 1034/2016/2011
f 1034/2017/2011 1761/2018/2012 1033/2019/2013
f 1033/2019/2014 1762/2020/2015 1032/2021/2016
f 1032/2021/2016 1759/574/534 1030/576/536
f 1758/719/667 1024/1992/1987 1760/2015/2010
f 1760/2022/2010 1023/1995/1989 1761/2018/2012
f 1761/2018/2017 1022/1997/1992 1762/2020/2015
f 1022/1997/1992 1759/574/534 1762/2020/2015
f 1763/704/652 1070/1299/1274 1059/702/650
f 1765/2023/2018 1071/1287/2019 1070/1299/1274
f 1766/2024/2020 1062/1284/1261 1071/1287/1264
f 1767/2025/2021 1057/718/666 1062/1284/1261
f 1041/1270/1249 1765/2023/2018 1763/704/652
f 1050/1269/1248 1766/2024/2020 1765/2023/2018
f 1044/1275/1252 1767/2025/2021 1766/2024/2020
f 1043/1264/1243 1764/670/620 1767/2025/2021
f 1035/589/548 1770/2026/2022 1037/2011/2006
f 1037/2011/2006 1771/2027/2023 1038/2012/2007
f 1038/2012/2024 1772/2028/2025 1039/2013/2009
f 1039/2014/2009 1769/577/537 1036/579/539
f 1768/689/638 1072/1298/1273 1770/2026/2022
f 1770/2026/2026 1066/1293/1277 1771/2027/2023
f 1771/2027/2027 1065/1290/1267 1772/2028/2025
f 1772/2029/2025 1058/586/545 1769/577/537
f 1041/1270/1249 1775/2030/2028 1048/1268/1247
f 1048/1273/1247 1776/2031/2029 1049/1271/1250
f 1049/1271/1250 1777/2032/2030 1054/1278/1255
f 1054/1278/1255 1774/583/542 1042/585/544
f 1773/703/651 1034/2016/2011 1775/2030/2028
f 1775/2033/2028 1033/2019/2013 1776/2031/2029
f 1776/2031/2029 1032/2021/2016 1777/2032/2030
f 1777/2032/2030 1030/576/536 1774/583/542
f 1778/606/564 1002/2034/1966 1000/725/673
f 1780/2035/2031 1003/1973/2032 1002/1972/1966
f 1781/2036/2033 1004/2037/2034 1003/1973/1968
f 1004/2037/2034 1779/699/647 1001/555/516
f 1080/665/617 1780/2038/2031 1778/606/564
f 1082/2039/2035 1781/2036/2036 1780/2035/2031
f 1083/2040/2037 1782/2041/2038 1781/2036/2033
f 1782/2041/2038 1081/595/554 1779/699/647
f 1783/513/477 1079/2042/2039 1076/711/659
f 1785/2043/2040 1078/2044/2041 1079/2042/2039
f 1786/2045/2042 1077/2046/2043 1078/2044/2044
f 1077/2047/2043 1784/591/550 1075/593/552
f 991/515/479 1785/2043/2040 1783/513/477
f 994/1975/1970 1786/2045/2045 1785/2043/2040
f 993/1977/1975 1787/2048/2046 1786/2045/2042
f 1787/2049/2046 990/553/514 1784/591/550
f 1092/1318/1297 1790/2050/2047 1103/1316/1295
f 1103/1316/1295 1791/2051/2048 1104/1306/1284
f 1104/1306/1284 1792/2052/2049 1094/1302/1280
f 1094/1302/1280 1789/2053/610 1090/1300/658
f 1788/680/629 1087/2054/2050 1790/2050/2047
f 1790/2050/2047 1088/2055/2051 1791/2051/2048
f 1791/2051/2048 1089/2056/2052 1792/2052/2049
f 1792/2057/2049 1086/601/560 1789/657/610
f 1793/681/630 1082/2058/2035 1080/665/617
f 1795/2059/2053 1083/2040/2054 1082/2039/2035
f 1796/2060/2055 1084/2061/2056 1083/2040/2037
f 1797/2062/2057 1081/595/554 1084/2061/2056
f 1092/1318/1297 1795/2063/2053 1793/681/630
f 1105/2064/1296 1796/2060/2058 1795/2059/2053
f 1099/2065/2059 1797/2062/2057 1796/2060/2055
f 1098/1311/1289 1794/603/562 1797/2062/2057
f 1798/683/632 1087/2054/2050 1085/682/631
f 1800/2066/2060 1088/2055/2051 1087/2054/2050
f 1801/2067/2061 1089/2068/2052 1088/2069/2051
f 1089/2068/2052 1799/599/558 1086/601/560
f 1076/711/659 1800/2066/2060 1798/683/632
f 1079/2042/2039 1801/2070/2062 1800/2066/2060
f 1078/2071/2044 1802/2072/2063 1801/2067/2061
f 1077/2047/2043 1799/599/558 1802/2072/2063
f 1803/679/628 1132/2073/2064 1129/608/565
f 1805/2074/2065 1131/2075/2066 1132/2073/2064
f 1806/2076/2067 1130/2077/2068 1131/2075/2066
f 1807/2078/2069 1128/724/672 1130/2077/2068
f 1113/628/584 1805/2074/2065 1803/679/628
f 1115/2079/2070 1806/2076/2067 1805/2074/2065
f 1116/2080/2071 1807/2078/2069 1806/2076/2067
f 1117/2081/2072 1804/723/671 1807/2078/2069
f 1134/622/578 1810/2082/2073 1137/2083/2074
f 1137/2083/2074 1811/2084/2075 1136/2085/2076
f 1136/2085/2076 1812/2086/2077 1135/2087/2078
f 1135/2087/2078 1809/660/613 1133/663/616
f 1808/621/577 1120/2088/2079 1810/2082/2073
f 1810/2082/2073 1121/2089/2080 1811/2084/2075
f 1811/2084/2075 1122/2090/2081 1812/2086/2077
f 1812/2086/2077 1119/661/614 1809/660/613
f 1109/618/574 1815/2091/2082 1112/2092/2083
f 1112/2092/2083 1816/2093/2084 1111/2094/2085
f 1111/2094/2085 1817/2095/2086 1110/2096/2087
f 1110/2096/2087 1814/677/627 1108/643/599
f 1813/609/566 1132/2073/2064 1815/2091/2082
f 1815/2091/2082 1131/2075/2066 1816/2093/2084
f 1816/2093/2084 1130/2077/2068 1817/2095/2086
f 1817/2095/2086 1128/724/672 1814/677/627
f 1818/623/579 1127/2097/2088 1124/662/615
f 1820/2098/2089 1126/2099/2090 1127/2097/2088
f 1821/2100/2091 1125/2101/2092 1126/2099/2090
f 1822/2102/2093 1123/715/663 1125/2101/2092
f 1134/622/578 1820/2098/2089 1818/623/579
f 1137/2083/2074 1821/2100/2091 1820/2098/2089
f 1136/2085/2076 1822/2102/2093 1821/2100/2091
f 1135/2087/2078 1819/698/646 1822/2102/2093
f 1823/614/570 1142/2103/2094 1139/692/641
f 1825/2104/2095 1141/2105/2096 1142/2103/2094
f 1826/2106/2097 1140/2107/2098 1141/2105/2096
f 1827/2108/2099 1138/615/571 1140/2107/2098
f 1124/662/615 1825/2104/2095 1823/614/570
f 1127/2097/2088 1826/2106/2097 1825/2104/2095
f 1126/2099/2090 1827/2108/2099 1826/2106/2097
f 1125/2101/2092 1824/631/587 1827/2108/2099
f 1828/629/585 1115/2079/2070 1113/628/584
f 1830/2109/2100 1116/2080/2071 1115/2079/2070
f 1831/2110/2101 1117/2081/2072 1116/2080/2071
f 1832/2111/2102 1114/722/670 1117/2081/2072
f 1143/634/590 1830/2109/2100 1828/629/585
f 1145/2112/2103 1831/2110/2101 1830/2109/2100
f 1146/2113/2104 1832/2111/2102 1831/2110/2101
f 1147/2114/2105 1829/611/568 1832/2111/2102
f 1833/635/591 1145/2112/2103 1143/634/590
f 1835/2115/2106 1146/2113/2104 1145/2112/2103
f 1836/2116/2107 1147/2114/2105 1146/2113/2104
f 1837/2117/2108 1144/675/625 1147/2114/2105
f 1153/639/595 1835/2115/2106 1833/635/591
f 1155/2118/2109 1836/2116/2107 1835/2115/2106
f 1156/2119/2110 1837/2117/2108 1836/2116/2107
f 1157/2120/2111 1834/716/664 1837/2117/2108
f 1838/630/586 1152/2121/2112 1149/720/668
f 1840/2122/2113 1151/2123/2114 1152/2121/2112
f 1841/2124/2115 1150/2125/2116 1151/2123/2114
f 1842/2126/2117 1148/638/594 1150/2125/2116
f 1139/692/641 1840/2122/2113 1838/630/586
f 1142/2103/2094 1841/2124/2115 1840/2122/2113
f 1141/2105/2096 1842/2126/2117 1841/2124/2115
f 1140/2107/2098 1839/617/573 1842/2126/2117
f 1175/721/669 1845/2127/2118 1178/1344/1320
f 1178/1344/1320 1846/2128/2119 1179/1346/1322
f 1179/1346/1322 1847/2129/2120 1186/1356/1328
f 1186/1352/1328 1844/706/654 1176/708/656
f 1843/674/624 1162/1323/1302 1845/2127/2118
f 1845/2127/2118 1171/1327/1306 1846/2128/2119
f 1846/2128/2119 1170/1340/1315 1847/2129/2120
f 1847/2130/2120 1160/707/655 1844/706/654
f 1848/641/597 1155/2118/2109 1153/639/595
f 1850/2131/2121 1156/2119/2110 1155/2118/2109
f 1851/2132/2122 1157/2120/2111 1156/2119/2110
f 1852/2133/2123 1154/713/661 1157/2120/2111
f 1177/2134/1334 1850/2131/2121 1848/641/597
f 1191/1364/1333 1851/2132/2122 1850/2131/2121
f 1185/1363/1336 1852/2133/2123 1851/2132/2122
f 1184/1351/1327 1849/693/642 1852/2133/2123
f 1853/636/592 1166/1331/1310 1159/642/598
f 1855/2135/2124 1167/1342/1318 1166/1331/1310
f 1856/2136/2125 1172/1338/1316 1167/1342/1318
f 1857/2137/2126 1160/707/655 1172/1338/1316
f 1149/720/668 1855/2135/2124 1853/636/592
f 1152/2121/2112 1856/2136/2125 1855/2135/2124
f 1151/2123/2114 1857/2137/2126 1856/2136/2125
f 1150/2125/2116 1854/705/653 1857/2137/2126
f 1118/625/581 1860/2138/2127 1120/2088/2079
f 1120/2088/2079 1861/2139/2128 1121/2089/2080
f 1121/2089/2080 1862/2140/2129 1122/2090/2081
f 1122/2090/2081 1859/700/648 1119/661/614
f 1858/646/600 1201/2141/2130 1860/2138/2127
f 1860/2138/2127 1202/2142/2131 1861/2139/2128
f 1861/2139/2128 1203/2143/2132 1862/2140/2129
f 1862/2140/2129 1200/667/619 1859/700/648
f 1195/648/602 1865/2144/2133 1198/2145/2134
f 1198/2145/2134 1866/2146/2135 1197/2147/2136
f 1197/2147/2136 1867/2148/2137 1196/2149/2138
f 1196/2149/2138 1864/652/605 1194/651/604
f 1863/619/575 1112/2092/2083 1865/2144/2133
f 1865/2144/2133 1111/2094/2085 1866/2146/2135
f 1866/2146/2135 1110/2096/2087 1867/2148/2137
f 1867/2148/2137 1108/643/599 1864/652/605
f 1868/659/612 1212/1368/1339 1209/712/660
f 1870/2150/2139 1213/1377/1349 1212/1368/1339
f 1871/2151/2140 1219/1373/1345 1213/1377/1349
f 1872/2152/2141 1210/1374/1346 1219/1373/1345
f 1204/655/608 1870/2150/2139 1868/659/612
f 1206/2153/2142 1871/2151/2140 1870/2150/2139
f 1207/2154/2143 1872/2152/2141 1871/2151/2140
f 1208/2155/2144 1869/687/636 1872/2152/2141
f 1199/647/601 1875/2156/2145 1201/2141/2130
f 1201/2141/2130 1876/2157/2146 1202/2142/2131
f 1202/2142/2131 1877/2158/2147 1203/2143/2132
f 1203/2143/2132 1874/686/635 1200/667/619
f 1873/653/606 1223/1380/1353 1875/2156/2145
f 1875/2156/2145 1218/1375/1347 1876/2157/2146
f 1876/2157/2146 1217/1372/1344 1877/2158/2147
f 1877/2158/2147 1210/1374/1346 1874/686/635
f 1204/655/608 1880/2159/2148 1206/2153/2142
f 1206/2153/2142 1881/2160/2149 1207/2154/2143
f 1207/2154/2143 1882/2161/2150 1208/2155/2144
f 1208/2155/2144 1879/685/634 1205/684/633
f 1878/649/603 1198/2145/2134 1880/2159/2148
f 1880/2159/2148 1197/2147/2136 1881/2160/2149
f 1881/2160/2149 1196/2149/2138 1882/2161/2150
f 1882/2161/2150 1194/651/604 1879/685/634
f 1211/654/607 1885/2162/2151 1222/2163/1354
f 1222/2164/1338 1884/2165/657 1209/2166/660
f 1883/604/563 1100/1310/2152 1885/2162/2151
f 1885/2162/2153 1100/1310/2153 1093/1314/2153
f 1885/2167/2154 1090/1300/658 1884/2165/657
f 1886/584/543 1053/2168/2155 1042/585/544
f 1053/2168/2156 1888/2169/2157 1889/2170/2158
f 1889/2171/2159 1040/1261/1240 1053/1263/1242
f 1159/642/598 1888/2169/2160 1886/584/543
f 1888/2169/2157 1161/2172/2161 1889/2170/2158
f 1161/2173/1303 1887/671/621 1889/2171/2159
f 1177/1360/1334 1892/2174/2162 1189/1358/1332
f 1189/1358/1332 1893/2175/2163 1190/1348/1324
f 1190/1348/1324 1894/2176/2164 1180/1345/1321
f 1180/1345/1321 1891/717/665 1175/721/669
f 1890/2177/596 1067/1291/1268 1892/2174/2162
f 1892/2174/2162 1061/1285/1262 1893/2175/2163
f 1893/2175/2163 1060/1283/1260 1894/2176/2164
f 1894/2176/2164 1057/718/666 1891/717/665
f 481/885/847 479/882/840 478/881/837
f 482/1629/2165 483/2/2165 484/1/2165
f 1237/7/7 218/186/173 20/8/8
f 1262/40/36 106/39/35 22/41/37
f 238/42/38 22/41/37 113/48/43
f 1277/49/44 113/48/43 1395/50/45
f 104/9/9 20/8/8 337/74/68
f 10/76/70 322/193/179 1332/77/71
f 23/79/72 332/130/120 1326/80/73
f 346/81/74 8/98/91 96/82/75
f 102/58/53 16/20/17 317/84/77
f 15/86/79 101/90/83 1311/87/80
f 15/86/79 342/88/81 1321/89/82
f 101/90/83 14/23/20 326/91/84
f 114/92/85 1306/148/136 337/74/68
f 115/93/86 1331/95/88 321/94/87
f 21/31/27 347/161/149 1341/96/89
f 1327/97/90 95/78/70 8/98/91
f 22/41/37 357/191/177 1356/102/95
f 1342/83/76 96/82/75 11/103/96
f 113/48/43 1356/102/95 367/108/101
f 316/109/102 1317/146/135 94/110/70
f 14/23/20 100/22/19 1361/112/103
f 110/66/61 17/60/55 389/114/105
f 98/116/70 12/137/127 388/117/107
f 13/63/58 108/62/57 1376/119/109
f 108/62/57 1391/70/65 419/120/110
f 1386/68/63 110/66/61 1381/115/106
f 7/111/70 94/110/70 1312/128/118
f 107/25/22 1321/89/82 332/130/120
f 94/110/70 9/147/70 341/131/121
f 16/20/17 104/9/9 1316/75/69
f 394/135/125 1377/155/143 99/136/126
f 95/78/70 1332/77/71 352/144/133
f 223/24/21 1232/122/112 101/90/83
f 1317/146/135 336/195/181 9/147/70
f 25/37/33 321/94/87 1306/148/136
f 99/136/126 1372/156/144 400/153/141
f 1377/155/143 418/825/778 1372/156/144
f 112/14/12 1326/80/73 347/161/149
f 11/103/96 362/185/172 1352/162/150
f 93/166/70 1322/167/154 341/131/121
f 10/76/70 331/187/174 1322/167/154
f 7/111/70 98/116/70 1367/118/108
f 434/169/156 1426/212/198 135/170/157
f 1362/172/159 394/135/125 12/137/127
f 1357/177/164 97/163/151 1347/178/165
f 97/163/151 1352/162/150 383/180/167
f 17/60/55 102/58/53 1366/85/78
f 12/137/127 99/136/126 1382/154/142
f 96/82/75 1337/188/175 362/185/172
f 331/187/174 10/76/70 95/78/70
f 8/98/91 352/144/133 1337/188/175
f 106/39/35 1341/96/89 357/191/177
f 322/193/179 10/76/70 93/166/70
f 1307/194/180 93/166/70 9/147/70
f 356/104/97 11/103/96 97/163/151
f 327/129/119 1362/172/159 98/116/70
f 487/198/184 1466/345/331 128/199/185
f 747/206/192 1507/333/319 129/207/193
f 513/209/195 31/235/221 125/210/196
f 1426/212/198 459/862/816 1543/213/199
f 1502/208/194 129/207/193 1512/217/203
f 475/219/205 1436/320/306 122/220/206
f 448/222/208 1441/300/286 133/223/209
f 1477/225/211 130/340/326 1482/226/212
f 133/223/209 1549/301/287 672/228/214
f 26/230/216 568/263/249 1418/231/217
f 30/232/218 125/210/196 1422/233/219
f 31/235/221 550/302/288 1422/233/219
f 1437/236/222 132/251/237 1544/237/223
f 32/242/228 586/305/291 1404/243/229
f 33/200/186 128/199/185 1409/245/231
f 436/247/233 27/276/262 120/248/234
f 1437/236/222 474/884/842 1521/250/236
f 29/255/241 123/280/266 1403/256/242
f 487/198/184 33/200/186 126/258/244
f 475/219/205 28/221/207 121/260/246
f 26/230/216 120/248/234 1398/262/248
f 33/200/186 566/246/232 1399/264/250
f 449/267/253 1526/315/301 117/268/254
f 34/270/256 605/271/257 1409/245/231
f 34/270/256 127/244/230 1404/243/229
f 27/276/262 121/260/246 1413/277/263
f 28/221/207 548/283/269 1413/277/263
f 450/279/265 30/232/218 123/280/266
f 524/282/268 1456/259/245 126/258/244
f 28/221/207 122/220/206 1418/231/217
f 135/170/157 1543/213/199 621/284/270
f 1467/288/274 486/894/852 1539/289/275
f 1408/291/277 119/304/290 1417/252/238
f 27/276/262 584/278/264 1398/262/248
f 540/293/279 1467/288/274 137/290/276
f 29/255/241 585/257/243 1412/298/284
f 30/232/218 603/234/220 1403/256/242
f 1441/300/286 497/905/866 1549/301/287
f 31/235/221 124/299/285 1412/298/284
f 604/303/289 1421/253/239 119/304/290
f 32/242/228 126/258/244 1399/264/250
f 1553/294/280 137/290/276 1511/307/293
f 137/290/276 1539/289/275 729/309/295
f 132/251/237 1481/314/300 622/312/298
f 132/251/237 1521/250/236 658/313/299
f 1526/315/301 692/1118/1080 1496/316/302
f 460/319/305 26/230/216 122/220/206
f 1516/171/158 135/170/157 1472/285/271
f 450/279/265 1451/211/197 125/210/196
f 498/325/311 1442/281/267 123/280/266
f 674/326/312 1491/342/328 131/327/313
f 1486/328/314 131/327/313 1497/329/315
f 524/282/268 32/242/228 127/244/230
f 539/332/318 1461/331/317 127/244/230
f 1512/217/203 129/207/193 1507/333/319
f 436/247/233 1431/261/247 121/260/246
f 460/319/305 1427/249/235 120/248/234
f 1482/226/212 130/340/326 1471/337/323
f 639/339/325 1471/337/323 130/340/326
f 498/325/311 29/255/241 124/299/285
f 513/209/195 1447/341/327 124/299/285
f 1497/329/315 131/327/313 1491/342/328
f 1525/224/210 133/223/209 1487/229/215
f 539/332/318 34/270/256 128/199/185
f 1568/352/338 800/530/494 54/353/339
f 780/364/347 1568/352/338 156/354/340
f 1588/378/360 155/444/419 53/379/361
f 1583/381/363 167/438/414 60/382/364
f 1603/388/370 163/398/379 52/389/371
f 848/397/378 59/451/426 163/398/379
f 1618/402/382 780/364/347 50/365/348
f 853/404/384 1618/402/382 154/403/383
f 864/412/392 1633/410/390 162/411/391
f 156/354/340 54/353/339 907/419/397
f 44/421/399 892/536/500 1663/422/400
f 916/426/403 42/443/399 148/427/399
f 154/403/383 50/365/348 887/429/405
f 166/437/413 1637/492/458 907/419/397
f 167/438/414 1662/440/416 891/439/415
f 53/379/361 921/445/420 1662/440/416
f 1658/442/418 147/423/399 42/443/399
f 155/444/419 1667/446/421 921/445/420
f 52/389/371 931/450/425 1667/446/421
f 1673/428/404 148/427/399 45/448/423
f 163/398/379 1682/452/427 931/450/425
f 59/451/426 954/535/499 1682/452/427
f 886/454/429 1648/490/457 146/455/399
f 162/411/391 51/405/385 959/459/432
f 150/461/399 46/482/399 958/462/434
f 55/413/393 162/411/391 1712/460/433
f 157/470/441 55/469/393 968/471/438
f 41/456/399 146/455/399 1643/473/443
f 146/455/399 43/491/399 911/476/446
f 50/365/348 156/354/340 1647/420/398
f 964/480/449 1708/499/465 151/481/399
f 816/380/362 53/379/361 167/438/414
f 147/423/399 1663/422/400 922/488/455
f 786/383/365 60/382/364 166/437/413
f 1648/490/457 906/538/502 43/491/399
f 60/382/364 891/439/415 1637/492/458
f 151/481/399 1703/500/466 969/497/463
f 1708/499/465 974/1250/1229 1703/500/466
f 45/448/423 932/529/493 1683/506/471
f 145/510/399 1653/511/475 911/476/446
f 44/421/399 901/531/495 1653/511/475
f 41/456/399 150/461/399 1698/463/435
f 1693/516/480 964/480/449 46/482/399
f 1688/521/485 149/507/472 1678/522/486
f 149/507/472 1683/506/471 953/524/488
f 51/405/385 154/403/383 1697/430/406
f 826/390/372 52/389/371 155/444/419
f 46/482/399 151/481/399 1713/498/464
f 148/427/399 1668/532/496 932/529/493
f 1558/489/456 166/437/413 54/353/339
f 901/531/495 44/421/399 147/423/399
f 42/443/399 922/488/455 1668/532/496
f 161/485/452 1677/487/454 954/535/499
f 892/536/500 44/421/399 145/510/399
f 1638/537/501 145/510/399 43/491/399
f 926/449/424 45/448/423 149/507/472
f 897/474/444 1693/516/480 150/461/399
f 1001/555/516 1779/699/647 182/556/517
f 1015/558/519 75/620/576 189/559/520
f 1754/567/527 185/633/589 79/568/528
f 1749/570/530 197/627/583 85/571/531
f 1769/577/537 193/587/546 78/578/538
f 1784/591/550 990/553/514 76/554/515
f 1075/593/552 1784/591/550 184/592/551
f 1799/599/558 1075/593/552 77/594/553
f 1086/601/560 1799/599/558 192/600/559
f 70/610/567 1114/722/670 1829/611/568
f 84/613/569 1124/662/615 1823/614/570
f 1138/615/571 68/632/588 178/616/572
f 184/592/551 76/554/515 1109/618/574
f 75/620/576 183/624/580 1808/621/577
f 75/620/576 1134/622/578 1818/623/579
f 183/624/580 74/557/518 1118/625/581
f 196/626/582 1803/679/628 1129/608/565
f 197/627/583 1828/629/585 1113/628/584
f 79/568/528 1143/634/590 1828/629/585
f 1824/631/587 177/612/567 68/632/588
f 185/633/589 1833/635/591 1143/634/590
f 78/578/538 1153/639/595 1833/635/591
f 1839/617/573 178/616/572 71/637/593
f 193/587/546 1848/641/597 1153/639/595
f 1890/640/596 1177/2134/1334 1848/641/597
f 1108/643/599 1814/677/627 176/644/567
f 74/557/518 182/556/517 1858/646/600
f 182/556/517 73/597/556 1199/647/601
f 192/600/559 77/594/553 1195/648/602
f 180/650/567 72/669/567 1194/651/604
f 73/597/556 190/596/555 1873/653/606
f 190/596/555 1883/604/563 1211/654/607
f 81/602/561 192/600/559 1878/649/603
f 67/645/567 176/644/567 1809/660/613
f 1739/560/521 189/559/520 84/613/569
f 189/559/520 1818/623/579 1124/662/615
f 176/644/567 69/678/567 1133/663/616
f 1200/667/619 1874/686/635 181/668/567
f 1026/569/529 79/568/528 197/627/583
f 177/612/567 1829/611/568 1144/675/625
f 996/572/532 85/571/531 196/626/582
f 1814/677/627 1128/724/672 69/678/567
f 85/571/531 1113/628/584 1803/679/628
f 181/668/567 1869/687/636 1205/684/633
f 1874/686/635 1210/1374/1346 1869/687/636
f 194/548/510 1823/614/570 1139/692/641
f 71/637/593 1154/713/661 1849/693/642
f 175/697/567 1819/698/646 1133/663/616
f 70/610/567 1123/715/663 1819/698/646
f 1779/699/647 1081/595/554 73/597/556
f 67/645/567 180/650/567 1864/652/605
f 1859/700/648 1200/667/619 72/669/567
f 1854/705/653 179/694/643 1844/706/654
f 179/694/643 1849/693/642 1176/708/656
f 77/594/553 184/592/551 1863/619/575
f 1036/579/539 78/578/538 185/633/589
f 72/669/567 181/668/567 1879/685/634
f 178/616/572 1834/716/664 1154/713/661
f 1724/676/626 196/626/582 80/542/506
f 1123/715/663 70/610/567 177/612/567
f 68/632/588 1144/675/625 1834/716/664
f 1114/722/670 70/610/567 175/697/567
f 1804/723/671 175/697/567 69/678/567
f 1148/638/594 71/637/593 179/694/643
f 1119/661/614 1859/700/648 180/650/567
f 1306/148/136 1308/1502/1474 340/1501/1473
f 1309/1504/1476 1310/1506/1478 338/1505/1477
f 324/1508/1480 325/1509/1481 1310/1506/1478
f 343/1515/1487 1315/1514/1486 1312/128/118
f 344/1513/1485 343/1515/1487 1325/1530/1502
f 1331/95/88 1333/1537/1509 323/1507/1479
f 1341/96/89 1343/1550/1522 360/1549/1521
f 349/1533/1505 348/1535/1507 1345/1554/1526
f 1358/1564/1536 1359/1565/1537 375/800/751
f 357/191/177 360/1549/1521 1358/1564/1536
f 1365/1569/1541 397/1572/1544 394/135/125
f 1369/1575/1547 319/1522/1494 318/1524/1496
f 393/113/104 1376/119/109 1378/1582/1554
f 1379/1583/1555 426/826/779 425/823/776
f 399/121/111 1381/115/106 1383/1585/1557
f 568/263/249 1398/262/248 1400/1599/1573
f 579/997/958 1400/1599/1573 1401/1600/1574
f 1401/1600/1574 1402/1601/1575 571/984/943
f 1400/1599/1573 589/1003/965 599/1006/968
f 599/1006/968 598/1014/976 1402/1601/1575
f 598/1014/976 586/305/291 1399/264/250
f 1403/256/242 1405/1602/1576 593/1009/971
f 1405/1602/1576 1406/1604/1578 594/1011/973
f 594/1011/973 1406/1604/1578 1407/1603/1577
f 600/1015/977 1407/1603/1577 1404/243/229
f 603/234/220 608/1019/981 1405/1602/1576
f 608/1019/981 617/1022/984 1406/1604/1578
f 1406/1604/1578 617/1022/984 616/1035/998
f 1407/1603/1577 616/1035/998 605/271/257
f 1408/291/277 1410/1608/1584 611/1605/989
f 1411/1607/1583 1409/245/231 605/271/257
f 1408/291/277 567/292/278 576/991/950
f 1411/1607/1583 569/983/942 566/246/232
f 550/302/288 1412/298/284 1414/1610/1586
f 1415/1611/1587 1416/1612/1588 553/964/921
f 1416/1612/1588 1413/277/263 548/283/269
f 1414/1610/1586 595/1010/972 588/1004/966
f 588/1004/966 587/1002/964 1416/1612/1588
f 587/1002/964 584/278/264 1413/277/263
f 1420/1615/1592 1418/231/217 568/263/249
f 1420/1615/1592 551/966/923 548/283/269
f 1424/1620/1597 1425/1624/1600 563/1621/937
f 1421/253/239 604/303/289 613/1026/988
f 1425/1622/1598 606/1018/980 603/234/220
f 459/862/816 1426/212/198 1428/1625/1601
f 462/1626/817 1428/1625/1601 1429/1627/1602
f 463/871/827 1429/1627/1602 1430/1628/1603
f 468/869/825 1430/1628/1603 1427/249/235
f 434/169/156 439/834/790 1428/1625/1601
f 439/834/790 445/837/793 1429/1627/1602
f 445/837/793 446/846/1604 1430/1628/1603
f 446/846/1604 436/247/233 1427/249/235
f 1431/261/247 1433/1630/1606 482/1629/1605
f 1435/1632/1609 1432/239/225 473/321/307
f 1435/1632/1609 442/841/797 435/843/799
f 1438/1633/1611 1439/1634/1613 467/876/1612
f 1439/1634/1613 1440/1635/1614 471/873/829
f 1440/1635/1614 1437/236/222 461/238/224
f 1436/320/306 475/219/205 482/1636/1605
f 1440/1635/1614 481/887/843 474/884/842
f 497/905/866 1441/300/286 1443/1637/1616
f 500/903/864 1443/1637/1616 1444/1638/1617
f 501/915/867 1444/1638/1617 1445/1639/1618
f 505/914/873 1445/1639/1618 1442/281/267
f 448/222/208 453/851/806 1443/1637/1616
f 453/851/1619 456/855/1620 1444/1638/1617
f 456/855/1620 457/1640/1621 1445/1639/1618
f 457/1640/1621 450/279/265 1442/281/267
f 518/1644/1627 1450/1643/1626 1447/341/327
f 1451/211/197 450/279/265 457/859/1621
f 1453/1645/1628 457/859/1621 456/861/1632
f 1454/1646/1630 456/861/1632 453/1648/1633
f 1455/1647/1631 453/1648/811 449/267/253
f 1456/259/245 1458/1649/1635 494/901/1634
f 491/2178/2166 494/901/1634 495/1651/1637
f 494/901/1634 1458/1649/1635 495/1651/1637
f 1459/1650/1636 1460/1652/1638 489/890/850
f 1458/1649/1635 532/944/1639 527/945/895
f 1459/1650/1636 527/945/895 526/934/893
f 1461/331/317 1463/1653/1640 532/941/1639
f 1463/1653/1640 544/1656/1643 545/953/1644
f 1465/1655/1642 541/955/906 538/950/905
f 1466/345/331 1468/1658/1645 544/1657/1643
f 1468/1658/1645 1469/1659/1647 545/961/1646
f 1469/1659/1647 1470/1660/1648 547/957/912
f 1470/1660/1648 1467/288/274 540/293/279
f 1466/345/331 487/198/184 496/902/1649
f 1468/1658/1645 496/902/1649 491/898/1650
f 1469/1659/1647 491/898/1650 493/897/853
f 1470/1660/1648 493/897/853 486/894/852
f 633/1049/1014 1473/1661/1651 1474/1662/1652
f 634/1042/1007 1474/1662/1652 1475/1663/1653
f 1471/1664/323 639/1063/325 648/1062/1026
f 1473/1661/1651 648/1062/1026 642/1056/1020
f 1474/1662/1652 642/1056/1020 641/1054/1018
f 1475/1663/1653 641/1054/1018 638/324/310
f 1486/1673/314 1488/1674/1660 685/1100/1063
f 1488/1674/1660 1489/1675/1661 686/1091/1055
f 1489/1675/1661 1490/1676/1662 677/1088/1052
f 677/1088/1052 1490/1676/1662 1487/229/215
f 701/1112/1074 694/1116/1077 1489/1675/1661
f 694/1116/1077 693/1106/1068 1490/1676/1662
f 693/1106/1068 690/344/330 1487/229/215
f 1496/316/302 692/1118/1080 706/1120/1082
f 1498/1681/1666 706/1120/1082 700/1114/1075
f 1499/1682/1667 700/1114/1075 699/1111/1073
f 1500/1684/1668 699/2179/1073 691/330/316
f 1511/307/293 1513/1693/1675 771/1182/1148
f 1513/1693/1675 1514/1694/1676 772/1188/1159
f 1514/1694/1676 1515/1695/1677 777/1185/1156
f 1515/1695/1677 1512/1696/203 765/1186/320
f 1511/307/293 729/309/295 742/1152/1120
f 1513/1693/1675 742/1152/1120 737/1147/1115
f 1514/1694/1676 737/1147/1115 736/1144/1113
f 1515/1695/1677 736/1144/1113 728/1146/204
f 1639/1850/1851 1640/1852/1853 909/1851/1852
f 887/429/405 1647/420/398 1649/1867/1868
f 890/1868/1869 1649/1867/1868 1650/1869/1870
f 889/1870/1871 1650/1869/1870 1651/1871/1872
f 1650/1869/1870 909/1851/1852 908/1853/1854
f 914/1861/1862 913/1863/1864 1656/1878/1879
f 1665/1886/1887 1666/1887/1888 895/1857/1858
f 924/1889/1890 925/1890/1891 1666/1887/1888
f 1669/1891/1892 1670/1892/1893 924/1889/1890
f 934/1895/1896 935/1896/1897 1671/1893/1894
f 1675/1900/1901 1676/1902/1903 928/1901/1902
f 955/1908/1909 1681/1907/1908 1678/522/486
f 1690/1913/1914 1691/1914/1915 950/1239/1217
f 1694/1915/1916 965/1918/1919 966/1919/1920
f 1697/430/406 887/429/405 890/1868/1869
f 965/1918/1919 1709/1935/1934 1710/1936/1935
f 1711/1937/1936 982/1248/1227 974/1250/1229
f 971/1933/1932 1715/1940/1938 1716/1941/1939
f 1714/1938/1937 962/1922/1923 961/1924/1925
f 1820/2098/2089 1821/2100/2091 1126/2099/2090
f 1825/2104/2095 1826/2106/2097 1141/2105/2096
f 1147/2114/2105 1144/675/625 1829/611/568
f 1840/2122/2113 1841/2124/2115 1151/2123/2114
f 1151/2123/2114 1150/2125/2116 1857/2137/2126
f 1120/2088/2079 1860/2138/2127 1861/2139/2128
f 1122/2090/2081 1862/2140/2129 1859/700/648
f 1197/2147/2136 1866/2146/2135 1867/2148/2137
f 1865/2144/2133 1112/2092/2083 1111/2094/2085
f 1866/2146/2135 1111/2094/2085 1110/2096/2087
f 1206/2153/2142 1207/2154/2143 1871/2151/2140
f 1199/647/601 1873/653/606 1875/2156/2145
f 1201/2141/2130 1875/2156/2145 1876/2157/2146
f 1873/653/606 1211/654/607 1223/1380/1353
f 1878/649/603 1195/648/602 1198/2145/2134
f 1881/2160/2149 1197/2147/2136 1196/2149/2138
f 1286/4/4 91/73/5 1/5/5
f 87/10/5 1231/64/59 224/11/10
f 213/13/11 23/79/72 112/14/12
f 4/16/5 88/46/5 1251/17/14
f 198/19/16 1237/7/7 104/9/9
f 209/21/18 1282/168/155 100/22/19
f 223/24/21 15/86/79 107/25/22
f 3/12/5 86/30/5 1226/27/24
f 1241/29/26 214/164/152 4/16/5
f 1247/15/13 112/14/12 21/31/27
f 1257/33/29 103/99/92 19/34/30
f 1252/36/32 115/93/86 25/37/33
f 228/32/28 21/31/27 106/39/35
f 1272/43/39 111/53/48 18/44/40
f 88/46/5 2/160/148 233/47/42
f 265/52/47 24/106/99 111/53/48
f 89/54/49 5/157/145 243/55/50
f 1287/57/52 198/19/16 16/20/17
f 270/59/54 1287/57/52 102/58/53
f 276/61/56 1297/69/64 108/62/57
f 1/5/5 208/196/182 1231/64/59
f 1302/65/60 270/59/54 17/60/55
f 282/67/62 1302/65/60 110/66/61
f 1297/69/64 299/774/720 1391/70/65
f 6/71/66 275/133/123 1281/72/67
f 19/34/30 351/100/93 1331/95/88
f 103/99/92 1336/101/94 351/100/93
f 18/44/40 361/105/98 1336/101/94
f 111/53/48 1351/107/100 361/105/98
f 24/106/99 384/192/178 1351/107/100
f 100/22/19 13/63/58 393/113/104
f 1232/122/112 209/21/18 14/23/20
f 1292/123/113 280/751/698 1387/124/114
f 105/125/115 1387/124/114 398/126/116
f 224/11/10 1241/29/26 86/30/5
f 1242/26/23 107/25/22 23/79/72
f 92/132/122 1296/150/138 275/133/123
f 199/6/6 1/5/5 87/10/5
f 234/35/31 19/34/30 115/93/86
f 1267/138/128 248/727/675 1396/139/129
f 109/141/130 1396/2180/129 366/142/131
f 204/38/34 25/37/33 114/92/85
f 1291/149/137 300/781/731 1296/150/138
f 281/151/139 1291/149/137 92/132/122
f 5/157/145 90/173/160 1271/158/146
f 1246/159/147 229/165/153 2/160/148
f 214/164/152 1246/159/147 88/46/5
f 229/165/153 1261/190/176 89/54/49
f 1282/168/155 276/61/56 13/63/58
f 90/173/160 1266/176/163 266/174/161
f 1276/175/162 249/736/684 1266/176/163
f 1292/123/113 105/125/115 1392/181/168
f 271/183/170 6/71/66 91/73/5
f 105/125/115 1371/127/117 417/184/171
f 244/45/41 18/44/40 103/99/92
f 1301/152/140 92/132/122 6/71/66
f 2/160/148 89/54/49 1256/56/51
f 1227/145/134 114/92/85 20/8/8
f 1267/189/128 109/141/130 24/106/99
f 1261/190/176 239/197/183 5/157/145
f 109/141/130 1346/143/132 384/192/178
f 1236/134/124 87/10/5 3/12/5
f 86/30/5 4/16/5 203/18/15
f 91/73/5 1281/72/67 208/196/182
f 239/197/183 1276/175/162 90/173/160
f 1462/201/187 538/950/905 1554/202/188
f 134/203/189 1554/202/188 763/204/190
f 136/214/200 1530/275/261 709/215/201
f 1432/239/225 435/843/799 1517/240/226
f 1417/252/238 119/304/290 1421/253/239
f 499/265/251 1446/274/260 136/214/200
f 1452/269/255 117/268/254 1531/272/258
f 1446/274/260 512/920/877 1530/275/261
f 525/286/272 1462/201/187 134/203/189
f 523/295/281 1535/335/321 116/296/282
f 1534/287/273 134/203/189 1506/205/191
f 118/241/227 1517/240/226 640/310/296
f 1548/266/252 136/214/200 1492/216/202
f 117/268/254 1496/316/302 710/318/304
f 473/321/307 1432/239/225 118/241/227
f 1522/322/308 118/241/227 1476/311/297
f 1535/335/321 745/1156/1125 1501/336/322
f 1457/297/283 116/296/282 1540/346/332
f 116/296/282 1501/336/322 727/348/334
f 1617/349/335 143/418/336 35/350/336
f 139/355/336 1562/409/389 806/356/341
f 795/358/342 58/424/401 164/359/343
f 38/361/336 140/391/336 1582/362/345
f 791/366/349 1613/512/476 152/367/350
f 805/369/352 49/431/407 159/370/353
f 37/357/336 138/375/336 1557/372/355
f 1572/374/357 796/508/473 38/361/336
f 1578/360/344 164/359/343 56/376/358
f 810/377/359 56/376/358 158/384/366
f 1593/385/367 158/384/366 57/386/368
f 140/391/336 36/504/336 815/392/373
f 820/387/369 57/386/368 165/393/374
f 1608/394/375 165/393/374 1720/395/376
f 141/399/336 39/501/467 825/400/380
f 859/406/386 1628/414/394 160/407/387
f 35/350/336 790/539/503 1562/409/389
f 1633/410/390 853/404/384 51/405/385
f 1628/414/394 869/1215/1188 1717/415/395
f 40/416/336 858/478/447 1612/417/396
f 58/424/401 902/475/445 1657/425/402
f 49/431/407 153/435/411 1642/432/408
f 49/431/407 912/433/409 1652/434/410
f 153/435/411 48/368/351 896/436/412
f 56/376/358 917/505/470 1672/441/417
f 57/386/368 927/534/498 1687/447/422
f 165/393/374 1687/447/422 937/453/428
f 48/368/351 152/367/350 1692/457/430
f 152/367/350 47/408/388 963/458/431
f 47/408/388 160/407/387 1707/464/436
f 160/407/387 1717/415/395 975/465/437
f 1563/467/439 791/366/349 48/368/351
f 1623/468/440 864/1837/392 55/469/393
f 806/356/341 1572/374/357 138/375/336
f 1573/371/354 159/370/353 58/424/401
f 159/370/353 1652/434/410 902/475/445
f 144/477/336 1627/494/460 858/478/447
f 781/351/337 35/350/336 139/355/336
f 1598/483/450 830/2181/1160 1721/484/451
f 161/485/452 1721/484/451 936/486/453
f 805/369/352 1563/467/439 153/435/411
f 1622/493/459 870/1224/1199 1627/494/460
f 863/495/461 1622/493/459 144/477/336
f 39/501/467 142/517/481 1602/502/468
f 1577/503/469 811/509/474 36/504/336
f 164/359/343 1657/425/402 917/505/470
f 796/508/473 1577/503/469 140/391/336
f 811/509/474 1592/533/497 141/399/336
f 1613/512/476 859/406/386 47/408/388
f 1783/513/477 173/607/478 61/514/478
f 142/517/481 1597/520/484 849/518/482
f 1607/519/483 831/1198/1169 1597/520/484
f 1623/468/440 157/470/441 1718/525/489
f 854/527/491 40/416/336 143/418/336
f 157/470/441 1702/472/442 973/528/492
f 1632/496/462 144/477/336 40/416/336
f 36/504/336 141/399/336 1587/401/381
f 1598/483/450 161/485/452 59/451/426
f 1592/533/497 821/540/504 39/501/467
f 158/384/366 1672/441/417 927/534/498
f 1567/479/448 139/355/336 37/357/336
f 138/375/336 38/361/336 785/363/346
f 143/418/336 1612/417/396 790/539/503
f 821/540/504 1607/519/483 142/517/481
f 1734/541/505 1010/714/662 80/542/506
f 169/544/478 1728/598/557 1016/545/508
f 1005/547/509 84/613/569 194/548/510
f 64/550/478 170/580/478 1748/551/512
f 990/553/514 1734/541/505 186/543/507
f 63/546/478 168/564/478 1723/561/522
f 1738/563/524 1006/695/644 64/550/478
f 1744/549/511 194/548/510 82/565/525
f 1020/566/526 82/565/525 188/573/533
f 1759/574/534 188/573/533 83/575/535
f 170/580/478 62/691/640 1025/581/540
f 1030/576/536 83/575/535 195/582/541
f 1774/583/542 195/582/541 1886/584/543
f 1058/586/545 1890/640/596 193/587/546
f 171/588/547 65/688/637 1035/589/548
f 1081/595/554 1794/603/562 190/596/555
f 61/514/478 1000/725/673 1728/598/557
f 1794/603/562 1091/1308/1286 1883/604/563
f 66/605/478 1080/665/617 1778/606/564
f 186/543/507 80/542/506 1129/608/565
f 82/565/525 1139/692/641 1838/630/586
f 83/575/535 1149/720/668 1853/636/592
f 195/582/541 1853/636/592 1159/642/598
f 1729/656/609 1001/555/516 74/557/518
f 1789/657/610 1086/601/560 81/602/561
f 187/658/611 81/602/561 1204/655/608
f 1016/545/508 1738/563/524 168/564/478
f 174/664/478 1793/681/630 1080/665/617
f 991/515/479 61/514/478 169/544/478
f 76/554/515 186/543/507 1813/609/566
f 1764/670/620 1040/1261/1240 1887/671/621
f 191/672/622 1887/671/621 1158/673/623
f 1015/558/519 1729/656/609 183/624/580
f 1788/680/629 1092/1318/1297 1793/681/630
f 1085/682/631 1788/680/629 174/664/478
f 65/688/637 172/701/649 1768/689/638
f 1743/690/639 1021/696/645 62/691/640
f 1006/695/644 1743/690/639 170/580/478
f 1021/696/645 1758/719/667 171/588/547
f 172/701/649 1763/704/652 1059/702/650
f 1773/703/651 1041/1270/1249 1763/704/652
f 1789/657/610 187/658/611 1884/709/657
f 1076/711/659 66/605/478 173/607/478
f 187/658/611 1868/659/612 1209/712/660
f 1798/683/632 174/664/478 66/605/478
f 62/691/640 171/588/547 1753/590/549
f 1764/670/620 191/672/622 1891/717/665
f 1758/719/667 1031/726/674 65/688/637
f 188/573/533 1838/630/586 1149/720/668
f 191/672/622 1843/674/624 1175/721/669
f 1733/666/618 169/544/478 63/546/478
f 168/564/478 64/550/478 995/552/513
f 173/607/478 1778/606/564 1000/725/673
f 1031/726/674 1773/703/651 172/701/649
f 248/727/675 251/730/678 254/728/676
f 251/730/678 252/741/687 255/731/679
f 254/728/676 255/731/679 256/733/681
f 257/734/682 260/740/686 259/735/683
f 258/737/685 261/747/688 260/738/686
f 260/740/686 255/731/679 252/741/687
f 261/742/688 256/733/681 255/731/679
f 250/51/689 253/1595/2167 263/743/690
f 262/744/691 263/743/690 261/747/693
f 263/743/690 264/746/2168 256/748/695
f 283/749/696 286/753/700 285/750/697
f 284/752/699 287/755/702 286/753/700
f 286/753/700 288/756/703 295/754/701
f 281/757/139 289/760/706 292/758/704
f 289/760/706 290/766/1469 293/761/707
f 291/759/705 292/758/704 287/755/702
f 292/758/704 293/761/707 288/762/703
f 294/763/708 297/765/710 296/764/709
f 295/754/701 288/756/703 297/765/710
f 297/765/710 293/761/712 290/766/711
f 298/182/169 301/2182/715 303/767/713
f 302/768/714 303/767/713 315/771/717
f 303/767/713 304/770/716 305/773/719
f 299/774/720 306/777/723 309/775/721
f 306/777/723 307/784/1467 310/778/724
f 308/776/725 309/775/721 304/770/726
f 309/775/721 310/778/724 305/773/728
f 311/779/729 314/2183/732 313/780/730
f 312/772/718 315/771/717 314/782/732
f 314/782/732 310/778/734 307/784/733
f 315/771/717 305/773/719 310/778/734
f 366/142/131 369/2184/737 371/786/735
f 370/787/736 371/786/735 382/790/739
f 371/786/735 372/789/2169 373/792/741
f 367/108/101 374/795/744 376/793/742
f 374/795/744 375/800/751 377/796/745
f 376/793/742 377/796/745 373/792/747
f 378/797/748 381/799/750 380/798/749
f 379/791/740 382/790/752 381/799/750
f 381/799/750 377/796/745 375/800/751
f 382/790/752 373/792/747 377/796/745
f 401/801/753 404/804/756 403/802/754
f 402/803/755 405/813/765 404/804/756
f 404/804/756 416/807/759 413/805/757
f 404/804/756 405/813/765 406/806/758
f 407/808/760 410/811/763 409/809/761
f 408/810/762 411/812/764 410/811/763
f 410/811/763 405/813/765 402/803/755
f 411/812/764 406/806/758 405/813/765
f 412/814/766 415/816/768 414/815/767
f 413/805/757 416/807/759 415/816/768
f 414/815/767 415/816/768 411/812/764
f 415/816/768 416/807/759 406/806/758
f 417/184/171 420/819/771 422/817/769
f 420/819/771 421/828/781 423/820/772
f 422/817/769 423/820/772 424/822/774
f 425/823/776 428/827/780 427/824/777
f 426/826/779 429/829/782 428/827/780
f 428/827/780 423/820/783 421/828/781
f 429/829/782 424/822/788 423/820/783
f 419/120/110 430/1592/786 432/830/784
f 431/831/785 432/830/784 429/829/782
f 432/830/784 433/821/787 424/822/788
f 437/833/789 440/836/792 439/834/790
f 442/841/797 440/845/792 444/842/798
f 445/840/796 441/839/795 443/844/802
f 462/863/817 472/867/821 470/865/819
f 462/863/817 463/2185/827 465/866/820
f 466/868/822 467/870/2170 468/869/823
f 469/872/830 470/865/1717 472/867/831
f 471/874/832 472/867/831 465/866/834
f 481/885/847 478/881/837 477/879/838
f 492/896/856 493/895/859 489/891/857
f 493/895/859 495/899/2171 490/892/860
f 494/901/861 491/2178/2172 496/902/862
f 500/903/864 503/907/868 502/904/865
f 506/911/871 504/919/870 507/912/872
f 508/916/874 511/918/876 510/917/875
f 509/909/869 503/908/868 511/918/876
f 511/918/876 504/919/870 506/911/871
f 516/926/881 520/925/2173 519/927/882
f 517/931/886 515/933/891 522/932/887
f 526/934/893 529/937/896 528/935/894
f 531/942/900 530/940/898 527/936/895
f 534/946/902 537/948/904 536/947/903
f 535/939/897 529/938/896 537/948/904
f 537/948/904 529/938/896 530/940/898
f 545/953/908 1896/960/2174 543/954/909
f 546/956/913 542/1724/2175 541/958/914
f 547/959/915 541/958/914 543/962/918
f 548/283/269 551/966/923 554/963/920
f 552/965/922 555/968/925 554/963/920
f 554/963/920 565/969/926 562/967/924
f 549/254/240 556/972/929 559/970/927
f 556/972/929 557/1619/1596 560/973/930
f 558/971/928 559/970/927 555/974/931
f 559/970/933 560/973/2176 565/976/934
f 561/977/936 564/979/938 563/978/937
f 562/967/924 565/969/940 564/979/938
f 564/979/938 560/982/941 557/980/939
f 569/983/942 572/986/945 571/984/943
f 570/985/944 573/988/947 572/986/945
f 572/986/945 583/989/948 580/987/946
f 567/292/278 574/992/951 577/990/949
f 574/992/951 575/1614/1590 578/993/952
f 576/994/950 577/995/949 573/988/953
f 577/995/955 578/1001/2177 583/996/956
f 579/997/958 582/999/960 581/998/959
f 580/987/946 583/989/962 582/999/960
f 582/999/960 578/1001/963 575/1000/961
f 587/1002/964 590/1005/967 589/1003/965
f 588/1004/966 591/1013/975 590/1005/967
f 590/1005/967 602/1008/970 599/1006/968
f 590/1005/967 591/1013/975 592/1007/969
f 593/1009/971 596/1012/974 595/1010/972
f 594/1011/973 597/1017/979 596/1012/974
f 596/1012/974 591/1013/975 588/1004/966
f 596/1012/974 597/1017/979 592/1007/969
f 598/1014/976 601/1016/978 600/1015/977
f 599/1006/968 602/1008/970 601/1016/978
f 601/1016/978 597/1017/979 594/1011/973
f 601/1016/978 602/1008/970 592/1007/969
f 606/1018/980 609/1021/983 608/1019/981
f 607/1020/982 610/1023/985 609/1021/983
f 609/1021/983 620/1024/986 617/1022/984
f 604/303/289 611/1605/989 614/1025/987
f 611/1027/989 612/1036/1580 615/1028/990
f 613/1026/988 614/1025/987 610/1030/991
f 614/1029/993 615/1028/2178 620/1032/994
f 605/271/257 616/1035/998 619/1033/996
f 617/1022/984 620/1024/1000 619/1033/996
f 619/1033/996 615/1028/1001 612/1036/999
f 621/284/270 624/1039/1004 627/1037/1002
f 626/1038/1003 627/1037/1002 637/1041/1006
f 622/312/298 629/1047/1011 627/1045/1009
f 629/1047/1011 630/1053/1017 632/1048/1012
f 633/1049/1014 636/1052/1016 635/1050/1015
f 634/1042/1007 637/1041/1006 636/1052/1016
f 636/1052/1016 632/1048/1012 630/1053/1017
f 637/1041/1006 628/1044/1008 632/1048/1012
f 641/1054/1018 644/1057/1021 643/1055/1019
f 642/1056/1020 645/1059/1023 644/1057/1021
f 644/1057/1021 655/1060/1024 652/1058/1022
f 646/1061/1025 649/1065/1028 648/1062/1026
f 647/1064/1027 650/1066/1029 649/1065/1028
f 649/1065/1028 645/1059/1023 642/1056/1020
f 650/1066/1029 655/1070/1024 645/1059/1023
f 651/1067/1030 654/1069/1032 653/1068/1031
f 652/1058/1022 655/1060/1024 654/1069/1032
f 654/1069/1032 650/1066/1029 647/1064/1027
f 656/323/309 659/1073/1035 662/1071/1033
f 659/1073/1035 660/1082/1043 663/1074/1036
f 664/1077/1038 667/1081/1042 666/1078/1039
f 665/1080/1040 663/1086/1049 667/1081/1041
f 667/1081/1042 663/1074/1036 660/1082/1043
f 658/313/299 668/1085/1682 671/1083/1044
f 668/1085/1046 669/1076/2179 662/1075/1047
f 670/1084/1045 671/1083/2180 663/1086/1049
f 675/1087/1051 678/1090/1054 677/1088/1052
f 676/1089/1053 679/1099/1056 678/1090/1054
f 678/1090/1054 689/1093/1057 686/1091/1055
f 680/1094/1058 683/1097/1061 682/1095/1059
f 681/1096/1060 684/1098/1062 683/1097/1061
f 683/1097/1061 679/1099/1056 676/1089/1053
f 685/1100/1063 688/1103/1065 687/1101/1064
f 686/1091/1055 689/1093/1057 688/1103/1065
f 688/1103/1065 684/1098/1062 681/1096/1060
f 689/1093/1057 679/1092/1056 684/1098/1062
f 690/344/330 693/1106/1068 696/1104/1066
f 693/1106/1068 694/1116/1077 697/1107/1069
f 695/1105/1067 696/1104/1066 708/1108/1070
f 696/1104/1066 697/1107/1069 698/1110/1072
f 699/1111/1073 702/1115/1076 701/1112/1074
f 700/1114/1075 703/1117/1078 702/1115/1076
f 702/1115/1076 697/1107/1079 694/1116/1077
f 703/1117/1078 698/1110/2181 697/1107/1079
f 692/1118/1080 704/1121/1083 707/1119/1081
f 704/1121/1083 705/1109/1697 708/1108/1084
f 706/1120/1082 707/1119/1081 703/1117/1085
f 707/1119/1081 708/1108/1084 698/1110/1086
f 709/215/201 712/1707/1089 714/1122/1087
f 713/1123/1088 714/1122/1087 726/1126/1091
f 714/1122/1087 715/1125/1090 716/1128/1093
f 710/318/304 717/1131/1096 720/1129/1094
f 717/1131/1096 718/1137/1105 721/1132/1097
f 719/1130/1098 720/1129/1094 715/1125/1099
f 720/1129/1094 721/1132/1097 716/1128/1101
f 722/1133/1102 725/1136/1104 724/1134/1103
f 723/1127/1092 726/1126/1091 725/1136/1104
f 725/1136/1104 721/1132/1106 718/1137/1105
f 726/1126/1091 716/1128/1093 721/1132/1106
f 727/348/334 730/1140/1109 733/1138/1107
f 730/1140/1109 731/1149/1117 734/1141/1110
f 733/1138/1107 734/1141/1110 735/1143/1112
f 736/1144/1113 739/1148/1116 738/1145/1114
f 737/1147/1115 740/1150/1118 739/1148/1116
f 739/1148/1116 734/1141/1110 731/1149/1117
f 740/1150/1118 735/1143/1112 734/1141/1110
f 729/309/295 741/1153/1707 743/1151/1119
f 741/1153/1121 732/1714/1709 744/1142/1122
f 742/1152/1120 743/1151/1119 740/1150/1118
f 743/1151/1119 744/1142/1122 735/1143/1112
f 748/1154/1123 751/1158/1127 750/1155/1124
f 749/1157/1126 752/1167/1129 751/1158/1127
f 751/1158/1127 762/1161/1130 759/1159/1128
f 753/1162/1131 756/1165/1134 755/1163/1132
f 754/1164/1133 757/1166/1135 756/1165/1134
f 756/1165/1134 752/1167/1129 749/1157/1126
f 758/1168/1136 761/1171/1138 760/1169/1137
f 759/1159/1128 762/1161/1130 761/1171/1138
f 761/1171/1138 757/1166/1135 754/1164/1133
f 762/1161/1130 752/1160/1129 757/1166/1135
f 763/204/190 766/1174/1731 769/1172/1139
f 768/1173/1140 769/1172/1139 779/1176/1143
f 764/308/294 771/1182/1148 774/1180/1146
f 771/1182/1148 772/1188/1159 779/1183/1149
f 774/1180/1150 769/1178/1154 767/1175/1151
f 774/1180/1150 779/1183/1149 770/1179/1153
f 775/1184/1155 778/1187/1157 777/1185/1156
f 776/1177/1144 779/1176/1143 778/1187/1157
f 778/1187/1158 779/1183/1149 772/1188/1159
f 830/1189/1160 833/1192/1163 836/1190/1161
f 833/1192/1163 834/1201/1172 837/1193/1164
f 836/1190/1161 837/1193/1164 838/1195/1166
f 839/1196/1167 842/1200/1171 841/1197/1168
f 840/1199/1170 843/1202/1173 842/1200/1171
f 842/1200/1171 837/1193/1164 834/1201/1172
f 843/1202/1173 838/1195/1166 837/1193/1164
f 832/396/377 844/1946/2182 846/1203/1174
f 844/1205/1176 835/2186/2183 847/1194/1177
f 845/1207/1175 846/1206/1174 843/1202/1178
f 846/1206/1174 847/1194/1177 838/1195/1180
f 868/526/490 871/2187/1183 873/1208/1181
f 872/1209/1182 873/1208/1181 885/1212/1185
f 873/1208/1181 874/1211/1184 875/1214/1187
f 869/1215/1188 876/1844/1191 879/1216/1189
f 876/1218/1191 877/1226/1845 880/1219/1192
f 878/1221/1193 879/1220/1189 874/1211/1194
f 879/1220/1189 880/1219/1192 875/1214/1196
f 881/1222/1197 884/1225/1200 883/1223/1198
f 882/1213/1186 885/1212/1185 884/1225/1200
f 884/1225/1200 880/1219/1202 877/1226/1201
f 885/1212/1185 875/1214/1187 880/1219/1202
f 936/486/453 939/2188/1205 941/1227/1203
f 940/1228/1204 941/1227/1203 952/1231/1207
f 941/1227/1203 942/1230/2184 943/1233/1209
f 937/453/428 944/1236/1212 946/1234/1210
f 944/1236/1212 945/1241/1219 947/1237/1213
f 946/1234/1210 947/1237/1213 943/1233/1215
f 948/1238/1216 951/1240/1218 950/1239/1217
f 949/1232/1208 952/1231/1220 951/1240/1218
f 951/1240/1218 947/1237/1213 945/1241/1219
f 952/1231/1220 943/1233/1215 947/1237/1213
f 973/528/492 976/1244/1223 979/1242/1221
f 976/1244/1223 977/1928/1232 980/1245/1224
f 979/1242/1221 980/1245/1224 981/1247/1226
f 982/1248/1227 985/1252/1231 984/1249/1228
f 983/1251/1230 986/1254/1233 985/1252/1231
f 985/1252/1231 980/1255/1234 977/1253/1232
f 986/1254/1233 981/1260/1239 980/1255/1234
f 975/465/437 978/1943/1237 988/1256/1235
f 987/1257/1236 988/1256/1235 986/1254/1233
f 988/1256/1235 989/1259/2185 981/1260/1239
f 1040/1261/1240 1043/1264/1243 1045/1262/1241
f 1043/1264/1243 1044/1275/1252 1046/1265/1244
f 1045/1262/1241 1046/1265/1244 1047/1267/1246
f 1048/1268/1247 1051/1274/1251 1050/1269/1248
f 1049/1271/1250 1052/1281/1253 1051/1272/1251
f 1051/1274/1251 1046/1265/1244 1044/1275/1252
f 1052/1276/1253 1047/1267/1246 1046/1265/1244
f 1042/585/544 1053/2168/1256 1055/1277/1254
f 1054/1278/1255 1055/1277/1254 1052/1281/1258
f 1055/1277/1254 1056/1280/2186 1047/1282/1259
f 1060/1283/1260 1063/1286/1263 1062/1284/1261
f 1061/1285/1262 1064/1295/1265 1063/1286/1263
f 1063/1286/1263 1074/1289/1266 1071/1287/1264
f 1065/1290/1267 1068/1294/1270 1067/1291/1268
f 1066/1293/1269 1069/1296/1271 1068/1294/1270
f 1067/1291/1268 1068/1294/1270 1064/1295/1265
f 1059/702/650 1070/1299/1274 1073/1297/1272
f 1070/1299/1274 1071/1287/2019 1074/1289/1275
f 1072/1298/1273 1073/1297/1272 1069/1296/1276
f 1073/1297/1278 1074/1289/1266 1064/1288/1265
f 1090/1300/658 1093/2189/1281 1095/1301/1279
f 1094/1302/1280 1095/1301/1279 1107/1305/1283
f 1095/1301/1279 1096/1304/1282 1097/1307/1285
f 1091/1308/1286 1098/1311/1289 1101/1309/1287
f 1098/1311/1289 1099/2065/2059 1102/1312/1290
f 1100/1310/1291 1101/1309/1287 1096/1313/1292
f 1101/1309/1287 1102/1312/1290 1097/1315/1294
f 1103/1316/1295 1106/1319/1298 1105/1317/1296
f 1104/1306/1284 1107/1305/1283 1106/1319/1298
f 1106/1319/1298 1102/1321/1300 1099/1320/1299
f 1107/1305/1283 1097/1307/1285 1102/1321/1300
f 1158/673/623 1161/2173/1303 1163/1322/1301
f 1162/1323/1302 1163/1322/1301 1174/1326/1305
f 1163/1322/1301 1164/1325/1304 1165/1328/1307
f 1159/642/598 1166/1331/1310 1168/1329/1308
f 1166/1331/1310 1167/1342/1318 1169/1332/1311
f 1168/1329/1308 1169/1332/1311 1165/1335/1313
f 1170/1337/1315 1173/1341/1317 1172/1338/1316
f 1171/1327/1306 1174/1326/1319 1173/1339/1317
f 1173/1341/1317 1169/1332/1311 1167/1342/1318
f 1174/1326/1319 1165/1328/1313 1169/1343/1311
f 1178/1344/1320 1181/1347/1323 1180/1345/1321
f 1179/1346/1322 1182/1357/1331 1181/1347/1323
f 1181/1347/1323 1193/1350/1326 1190/1348/1324
f 1181/1347/1323 1182/1357/1331 1183/1349/1325
f 1184/1351/1327 1187/1354/1330 1186/1352/1328
f 1184/1351/1327 1185/1363/1336 1188/1353/1329
f 1187/1355/1330 1182/1357/1331 1179/1346/1322
f 1187/1355/1330 1188/1365/1329 1183/1349/1325
f 1189/1358/1332 1192/1361/1335 1191/1359/1333
f 1190/1348/1324 1193/1350/1326 1192/1361/1335
f 1192/1362/1335 1188/1353/1329 1185/1363/1336
f 1193/1350/1326 1183/1349/1325 1188/1365/1329
f 1209/712/660 1212/1368/1339 1214/1366/1337
f 1212/1368/1339 1213/1377/1349 1215/1369/1340
f 1214/1366/1337 1215/1369/1340 1216/1371/1342
f 1217/1372/1344 1220/1376/1348 1219/1373/1345
f 1218/1375/1347 1221/1378/1350 1220/1376/1348
f 1220/1376/1348 1215/1369/1351 1213/1377/1349
f 1221/1378/1350 1216/1371/1356 1215/1369/1351
f 1211/654/607 1222/2163/1354 1224/1379/1352
f 1223/1380/1353 1224/1379/1352 1221/1378/1350
f 1224/1379/1352 1225/1370/1355 1216/1371/1356
f 219/28/25 1226/27/24 1228/1382/1357
f 222/1384/1358 1228/1390/1357 1229/1385/1359
f 221/1386/1361 1229/1385/1366 1230/1387/1362
f 1230/1387/1362 1227/145/134 218/186/173
f 1226/27/24 203/18/15 205/1389/1364
f 1228/1390/1357 205/1428/1364 206/1391/1365
f 1229/1385/1366 206/1391/1404 207/1392/1367
f 207/1392/1367 204/38/34 1227/145/134
f 1231/64/59 1233/1399/1369 227/1393/1368
f 1233/1394/1369 1234/1397/1375 226/1395/1370
f 1234/1397/1371 1235/1402/1377 225/1398/1372
f 225/1398/1372 1235/1402/1377 1232/122/112
f 208/196/182 210/1469/1374 1233/1399/1369
f 210/1400/1374 211/1401/1443 1234/1397/1375
f 211/1401/1376 212/1472/1445 1235/1402/1377
f 1235/1402/1377 212/1472/1445 209/21/18
f 1236/134/124 1238/1409/1379 202/1403/1378
f 1238/1404/1379 1239/1407/1384 201/1405/1380
f 1239/1407/1381 1240/1410/1385 200/1408/1382
f 200/1408/1382 1240/1410/1385 1237/7/7
f 219/28/25 222/1383/1358 1238/1409/1379
f 222/1384/1358 221/1386/1360 1239/1407/1384
f 221/1386/1361 220/1388/1363 1240/1410/1385
f 1240/1410/1385 220/1388/1363 218/186/173
f 214/164/152 1241/29/26 1243/1411/1386
f 217/1413/1387 1243/1418/1386 1244/1414/1388
f 216/1415/1390 1244/1414/1393 1245/1416/1391
f 1245/1416/1391 1242/26/23 213/13/11
f 1241/29/26 224/11/10 227/1393/1368
f 1243/1418/1386 227/1396/1368 226/1395/1370
f 1244/1414/1393 226/1395/1373 225/1398/1372
f 225/1398/1372 223/24/21 1242/26/23
f 229/1419/153 1246/2190/147 1248/1420/1394
f 232/1421/1395 1248/1420/1394 1249/1422/1396
f 231/1423/1398 1249/1422/1401 1250/1424/1399
f 1250/1424/1399 1247/15/13 228/32/28
f 1246/159/147 214/164/152 217/1412/1387
f 1248/1420/1394 217/1413/1387 216/1415/1389
f 1249/1422/1401 216/1415/1390 215/1417/1392
f 215/1417/1392 213/13/11 1247/15/13
f 203/18/15 1251/17/14 1253/1427/1402
f 205/1428/1364 1253/1432/1402 1254/1429/1403
f 206/1391/1404 1254/1429/1408 1255/1430/1405
f 1255/1430/1405 1252/36/32 204/38/34
f 1251/17/14 233/47/42 235/1431/1406
f 1253/1432/1402 235/1436/1406 236/1433/1407
f 1254/1429/1408 236/1433/1412 237/1434/1409
f 237/1434/1409 234/35/31 1252/36/32
f 233/47/42 1256/56/51 1258/1435/1410
f 235/1436/1406 1258/1440/1410 1259/1437/1411
f 236/1433/1412 1259/1437/1416 1260/1438/1413
f 1260/1438/1413 1257/33/29 234/35/31
f 1256/56/51 243/55/50 245/1439/1414
f 1258/1440/1410 245/1460/1414 246/1441/1415
f 1259/1437/1416 246/1441/1434 247/1442/1417
f 247/1442/1417 244/45/41 1257/33/29
f 239/1443/183 1261/1450/176 1263/1444/1418
f 242/1445/1419 1263/1444/1418 1264/1446/1420
f 241/1447/1422 1264/1446/1425 1265/1448/1423
f 1265/1448/1423 1262/40/36 238/42/38
f 1261/1450/176 229/1419/153 232/1421/1395
f 1263/1444/1418 232/1421/1395 231/1423/1397
f 1264/1446/1425 231/1423/1398 230/1425/1400
f 230/1425/1400 228/32/28 1262/40/36
f 1266/176/163 1268/1452/1427 269/1451/1426
f 1268/1452/1427 1269/1454/1429 268/1453/1428
f 1269/1454/1429 1270/1458/1431 267/1455/1430
f 1270/1456/1431 1267/189/128 265/52/47
f 249/736/684 259/735/683 1268/1452/1427
f 259/735/683 252/741/687 1269/1454/1429
f 252/741/687 251/730/678 1270/1458/1431
f 251/730/678 248/727/675 1267/138/128
f 243/55/50 1271/158/146 1273/1459/1432
f 245/1460/1414 1273/2191/1436 1274/1461/1433
f 246/1441/1434 1274/1461/1437 1275/1462/1435
f 247/1442/1417 1275/1462/1435 1272/43/39
f 1271/158/146 266/174/161 269/1451/1426
f 1273/1459/1436 269/1451/1426 268/1453/1428
f 1274/1461/1437 268/2192/1428 267/1457/1430
f 267/1457/1430 265/52/47 1272/43/39
f 249/1464/684 1276/1468/162 1278/1465/1438
f 257/739/682 1278/1465/1438 1279/1466/1439
f 258/737/694 1279/1466/1441 1280/1467/1440
f 262/744/691 1280/1467/1440 1277/49/44
f 1276/1468/162 239/1443/183 242/1445/1419
f 1278/1465/1438 242/1445/1419 241/1447/1421
f 1279/1466/1441 241/1447/1422 240/1449/1424
f 1280/1467/1440 240/1449/1424 238/42/38
f 1281/72/67 1283/1473/1442 210/1469/1374
f 1283/1470/1442 1284/1471/1447 211/1401/1443
f 1284/1471/1444 1285/1476/1449 212/1472/1445
f 212/1472/1445 1285/1476/1449 1282/168/155
f 275/133/123 277/1490/1446 1283/1473/1442
f 277/1474/1446 278/1475/1462 1284/1471/1447
f 278/1475/1448 279/1493/1464 1285/1476/1449
f 1285/1476/1449 279/1493/1464 276/61/56
f 1286/4/4 1288/1483/1451 274/1477/1450
f 1288/1478/1451 1289/1481/1456 273/1479/1452
f 1289/1481/1453 1290/1484/1457 272/1482/1454
f 272/1482/1454 1290/1484/1457 1287/57/52
f 199/6/6 202/1403/1378 1288/1483/1451
f 202/1406/1378 201/1405/1380 1289/1481/1456
f 201/1405/1383 200/1408/1382 1290/1484/1457
f 1290/1484/1457 200/1408/1382 198/19/16
f 300/781/731 1291/149/137 1293/1485/1458
f 311/783/729 1293/1489/1458 1294/1486/1459
f 312/772/718 1294/1486/1459 1295/1487/1460
f 302/768/714 1295/1487/1460 1292/123/113
f 1291/149/137 281/151/139 291/1488/705
f 1293/1489/1458 291/759/705 284/752/699
f 1294/1486/1459 284/752/699 283/749/696
f 1295/1487/1460 283/749/696 280/751/698
f 1296/150/138 1298/1495/1461 277/1490/1446
f 1298/1491/1461 1299/1492/1466 278/1475/1462
f 1299/1492/1463 1300/1494/1465 279/1493/1464
f 1300/1494/1465 1297/69/64 276/61/56
f 300/781/731 313/780/730 1298/1495/1461
f 313/785/730 307/784/733 1299/1492/1466
f 307/784/1467 306/777/723 1300/1494/1465
f 306/777/723 299/774/720 1297/69/64
f 1301/152/140 1303/1500/1468 289/1496/706
f 1303/1497/1468 1304/1498/1472 290/766/1469
f 1304/1498/1470 1305/1499/1471 296/764/709
f 1305/1499/1471 1302/65/60 282/67/62
f 271/183/170 274/1477/1450 1303/1500/1468
f 274/1480/1450 273/1479/1452 1304/1498/1472
f 273/1479/1455 272/1482/1454 1305/1499/1471
f 272/1482/1454 270/59/54 1302/65/60
f 1308/1502/1474 1309/1504/1476 339/1503/1475
f 1310/1506/1478 1307/194/180 336/195/181
f 321/94/87 323/1507/1479 1308/1502/1474
f 323/1507/1479 324/1508/1480 1309/1504/1476
f 325/1509/1481 322/193/179 1307/194/180
f 342/88/81 1311/87/80 1313/1510/1482
f 345/1511/1483 1313/1510/1482 1314/1512/1484
f 344/1513/1485 1314/1512/1484 1315/1514/1486
f 1311/87/80 326/91/84 328/1516/1488
f 1313/1510/1482 328/1516/1488 329/1517/1489
f 1314/1512/1484 329/1517/1489 330/1518/1490
f 1315/1514/1486 330/1518/1490 327/129/119
f 317/84/77 1316/75/69 1318/1519/1491
f 320/1520/1492 1318/1519/1491 1319/1521/1493
f 319/1522/1494 1319/1521/1493 1320/1523/1495
f 318/1524/1496 1320/1523/1495 1317/146/135
f 1316/75/69 337/74/68 340/1501/1473
f 1318/1519/1491 340/1501/1473 339/1503/1475
f 1319/1521/1493 339/1503/1475 338/1505/1477
f 1320/1523/1495 338/1505/1477 336/195/181
f 1321/89/82 1323/1526/1498 335/1525/1497
f 1323/1526/1498 1324/1528/1500 334/1527/1499
f 1324/1528/1500 1325/1530/1502 333/1529/1501
f 1325/1530/1502 1322/167/154 331/187/174
f 342/88/81 345/1511/1483 1323/1526/1498
f 345/1511/1483 344/1513/1485 1324/1528/1500
f 343/1515/1487 341/131/121 1322/167/154
f 1326/80/73 1328/1532/1504 350/1531/1503
f 1328/1532/1504 1329/1534/1506 349/1533/1505
f 1329/1534/1506 1330/1536/1508 348/1535/1507
f 1330/1536/1508 1327/97/90 346/81/74
f 332/130/120 335/1525/1497 1328/1532/1504
f 335/1525/1497 334/1527/1499 1329/1534/1506
f 334/1527/1499 333/1529/1501 1330/1536/1508
f 333/1529/1501 331/187/174 1327/97/90
f 1333/1537/1509 1334/1538/1510 324/1508/1480
f 1334/1538/1510 1335/1539/1511 325/1509/1481
f 1335/1539/1511 1332/77/71 322/193/179
f 351/100/93 353/1540/1512 1333/1537/1509
f 353/1540/1512 354/1541/1513 1334/1538/1510
f 354/1541/1513 355/1542/1514 1335/1539/1511
f 355/1542/1514 352/144/133 1332/77/71
f 1336/101/94 1338/1543/1515 353/1540/1512
f 1338/1543/1515 1339/1544/1516 354/1541/1513
f 1339/1544/1516 1340/1545/1517 355/1542/1514
f 1340/1545/1517 1337/188/175 352/144/133
f 361/105/98 363/1546/1518 1338/1543/1515
f 363/1546/1518 364/1547/1519 1339/1544/1516
f 364/1547/1519 365/1548/1520 1340/1545/1517
f 365/1548/1520 362/185/172 1337/188/175
f 1343/1550/1522 1344/1552/1524 359/1551/1523
f 1344/1552/1524 1345/1554/1526 358/1553/1525
f 1345/1554/1526 1342/83/76 356/104/97
f 347/161/149 350/1531/1503 1343/1550/1522
f 350/1531/1503 349/1533/1505 1344/1552/1524
f 348/1535/1507 346/81/74 1342/83/76
f 384/192/178 1346/143/132 1348/1555/1527
f 387/1556/1528 1348/1555/1527 1349/1557/1529
f 386/1558/1530 1349/1557/1529 1350/1559/1531
f 385/1560/1532 1350/1559/1531 1347/178/165
f 1346/143/132 366/142/131 370/787/736
f 1348/1555/1527 370/787/736 379/791/740
f 1349/1557/1529 379/791/740 378/797/748
f 1350/1559/1531 378/797/748 368/179/166
f 1351/107/100 1353/1561/1533 363/1546/1518
f 1353/1561/1533 1354/1562/1534 364/1547/1519
f 1354/1562/1534 1355/1563/1535 365/1548/1520
f 1355/1563/1535 1352/162/150 362/185/172
f 384/192/178 387/1556/1528 1353/1561/1533
f 387/1556/1528 386/1558/1530 1354/1562/1534
f 386/1558/1530 385/1560/1532 1355/1563/1535
f 385/1560/1532 383/180/167 1352/162/150
f 1356/102/95 1358/1564/1536 374/795/744
f 1359/1565/1537 1360/1566/1538 380/798/749
f 1360/1566/1538 1357/177/164 368/179/166
f 360/1549/1521 359/1551/1523 1359/1565/1537
f 359/1551/1523 358/1553/1525 1360/1566/1538
f 358/1553/1525 356/104/97 1357/177/164
f 326/91/84 1361/112/103 1363/1567/1539
f 328/1516/1488 1363/1567/1539 1364/1568/1540
f 329/1517/1489 1364/1568/1540 1365/1569/1541
f 330/1518/1490 1365/1569/1541 1362/172/159
f 1361/112/103 393/113/104 395/1570/1542
f 1363/1567/1539 395/1570/1542 396/1571/1543
f 1364/1568/1540 396/1571/1543 397/1572/1544
f 389/114/105 1366/85/78 1368/1573/1545
f 392/1574/1546 1368/1573/1545 1369/1575/1547
f 391/1576/1548 1369/1575/1547 1370/1577/1549
f 390/1578/1550 1370/1577/1549 1367/118/108
f 1366/85/78 317/84/77 320/1520/1492
f 1368/1573/1545 320/1520/1492 319/1522/1494
f 1370/1577/1549 318/1524/1496 316/109/102
f 1371/127/117 1373/1579/1551 420/819/771
f 1373/1579/1551 1374/1580/1552 421/828/781
f 1374/1580/1552 1375/1581/1553 427/824/777
f 1375/1581/1553 1372/156/144 418/825/778
f 398/126/116 403/802/754 1373/1579/1551
f 403/802/754 413/805/757 1374/1580/1552
f 413/805/757 412/814/766 1375/1581/1553
f 412/814/766 400/153/141 1372/156/144
f 395/1570/1542 1378/1582/1554 1379/1583/1555
f 396/1571/1543 1379/1583/1555 1380/1584/1556
f 397/1572/1544 1380/1584/1556 1377/155/143
f 1376/119/109 419/120/110 431/831/785
f 1378/1582/1554 431/831/785 426/826/779
f 1380/1584/1556 425/823/776 418/825/778
f 407/808/760 1383/1585/1557 1384/1586/1558
f 408/810/762 1384/1586/1558 1385/1587/1559
f 414/815/767 1385/1587/1559 1382/154/142
f 1381/115/106 389/114/105 392/1574/1546
f 1383/1585/1557 392/1574/1546 391/1576/1548
f 1384/1586/1558 391/1576/1548 390/1578/1550
f 1385/1587/1559 390/1578/1550 388/117/107
f 1386/68/63 1388/1588/1560 294/763/708
f 1388/1588/1560 1389/1589/1561 295/754/701
f 1389/1589/1561 1390/1590/1562 285/750/697
f 1390/1590/1562 1387/124/114 280/751/698
f 399/121/111 409/809/761 1388/1588/1560
f 409/809/761 402/803/755 1389/1589/1561
f 402/803/755 401/801/753 1390/1590/1562
f 401/801/753 398/126/116 1387/124/114
f 419/120/110 1391/70/65 1393/1591/1563
f 430/818/770 1394/1594/1569 1392/181/168
f 1391/70/65 299/774/720 308/776/1567
f 1393/1591/1565 308/776/2187 301/769/1568
f 1394/1594/1569 301/2182/715 298/182/169
f 1395/50/45 1397/1597/1572 253/1595/1570
f 1397/1596/1571 1396/139/129 248/727/675
f 367/108/101 369/794/743 1397/1597/1572
f 369/1598/737 366/2193/131 1396/139/129
f 1402/1601/1575 1399/264/250 566/246/232
f 1398/262/248 584/278/264 589/1003/965
f 1410/1606/1579 1411/1609/1581 612/1036/1580
f 1410/1606/1579 576/994/950 570/985/954
f 561/977/936 1414/1610/1586 1415/1611/1587
f 1412/298/284 585/257/243 595/1010/972
f 1417/252/238 1419/1613/1593 574/992/951
f 1419/1613/1589 1420/1616/1589 575/1614/1590
f 1417/252/238 549/254/240 558/971/928
f 1419/1613/1589 558/971/928 552/975/932
f 1421/253/239 1423/1618/1595 556/972/929
f 1423/1618/1595 1424/1620/1599 557/1619/1596
f 1425/1622/1598 1422/233/219 550/302/288
f 1423/1618/1595 613/1026/988 607/1031/992
f 1424/1620/1597 607/1031/982 606/1623/980
f 1433/1630/1606 1434/1631/1608 483/2/1607
f 1434/1631/1608 1435/1632/1609 478/878/837
f 1431/261/247 436/247/233 446/848/1604
f 1433/1630/1606 446/848/1604 443/849/800
f 1434/1631/1608 443/849/800 442/841/797
f 1436/320/306 1438/1633/1611 466/868/1610
f 1438/1633/1611 482/1636/1605 484/888/1615
f 1439/1634/1613 484/888/2188 481/887/843
f 512/920/877 1446/274/260 1448/1641/1622
f 515/923/878 1448/1641/1622 1449/1642/1623
f 516/924/1625 1449/1642/1623 1450/1643/1626
f 499/265/251 510/917/875 1448/1641/1622
f 510/917/875 506/911/871 1449/1642/1623
f 506/911/871 505/913/873 1450/1643/1626
f 505/913/873 498/325/311 1447/341/327
f 1451/211/197 1453/1645/1628 518/928/1627
f 1453/1645/1628 1454/1646/1630 516/926/1629
f 1454/1646/1630 1455/1647/1631 522/930/885
f 1455/1647/1631 1452/269/255 514/273/259
f 1460/1652/1638 1457/297/283 485/347/333
f 1456/259/245 524/282/268 532/944/1639
f 1460/1652/1638 526/934/893 523/295/281
f 1463/1653/1640 1464/1654/1641 531/949/900
f 1464/1654/1641 1465/1655/1642 536/947/903
f 1465/1655/1642 1462/201/187 525/286/272
f 1461/331/317 539/332/318 544/1656/1643
f 1464/1654/1641 545/953/1644 541/955/906
f 623/1051/324 1471/1664/323 1473/1661/1651
f 626/1038/1003 1475/1663/1653 1472/285/271
f 1476/311/297 1478/1665/1654 659/1073/1035
f 1478/1665/1654 1479/1666/1655 660/1082/1043
f 1479/1666/1655 1480/1667/1656 666/1078/1039
f 1480/1667/1656 1477/1668/211 657/1079/213
f 640/310/296 653/1068/1031 1478/1665/1654
f 653/1068/1031 647/1064/1027 1479/1666/1655
f 647/1064/1027 646/1061/1025 1480/1667/1656
f 646/1061/1025 639/1063/325 1477/1668/211
f 1481/314/300 1483/1669/1657 629/1047/1011
f 1483/1669/1657 1484/1670/1658 630/1053/1017
f 1484/1670/1658 1485/1671/1659 635/1050/1015
f 1485/1671/1659 1482/1672/212 623/1051/324
f 1481/314/300 658/313/299 670/1084/1045
f 1483/1669/1657 670/1084/1045 665/1080/1040
f 1484/1670/1658 665/1080/1040 664/1077/1038
f 1485/1671/1659 664/1077/1038 657/1079/213
f 691/1113/316 701/1112/1074 1488/1674/1660
f 711/1135/329 1491/1680/328 1493/1677/1663
f 722/1133/1102 1493/1677/1663 1494/1678/1664
f 723/1127/1092 1494/1678/1664 1495/1679/1665
f 713/1123/1088 1495/1679/1665 1492/216/202
f 1491/1680/328 674/1102/312 687/1101/1064
f 1493/1677/1663 687/1101/1064 681/1096/1060
f 1494/1678/1664 681/1096/1060 680/1094/1058
f 1495/1679/1665 680/1094/1058 673/317/303
f 1496/316/302 1498/1681/1666 717/1131/1096
f 1498/1681/1666 1499/1682/1667 718/1137/1105
f 1499/1682/1667 1500/1683/1668 724/1134/1103
f 1500/1683/1668 1497/2194/315 711/1135/329
f 1501/336/322 1503/1685/1669 730/1140/1109
f 1503/1685/1669 1504/1686/1670 731/1149/1117
f 1504/1686/1670 1505/1687/1671 738/1145/1114
f 1505/1687/1671 1502/1688/194 728/1146/204
f 745/1156/1125 750/1155/1124 1503/1685/1669
f 750/1155/1124 759/1159/1128 1504/1686/1670
f 759/1159/1128 758/1168/1136 1505/1687/1671
f 758/1168/1136 747/1170/192 1502/1688/194
f 746/306/292 1506/205/191 1508/1689/1672
f 753/1162/1131 1508/1689/1672 1509/1690/1673
f 754/1164/1133 1509/1690/1673 1510/1691/1674
f 760/1169/1137 1510/1691/1674 1507/1692/319
f 1506/205/191 763/204/190 768/1173/1140
f 1508/1689/1672 768/1173/1140 776/1177/1144
f 1509/1690/1673 776/1177/1144 775/1184/1155
f 1510/1691/1674 775/1184/1155 765/1186/320
f 1516/171/158 1518/1697/1678 437/833/789
f 1518/1697/1678 1519/1698/1680 438/835/1679
f 1519/1698/1680 1520/1699/1681 444/842/798
f 1520/1699/1681 1517/240/226 435/843/799
f 638/324/310 643/1055/1019 1518/1697/1678
f 643/1055/1019 652/1058/1022 1519/1698/1680
f 652/1058/1022 651/1067/1030 1520/1699/1681
f 651/1067/1030 640/310/296 1517/240/226
f 1521/250/236 1523/1700/1687 668/1085/1682
f 1523/1700/1683 1524/1702/1689 669/1076/1684
f 1524/1701/1686 1522/322/308 656/323/309
f 474/884/842 480/886/844 1523/1700/1687
f 480/886/1688 477/879/2189 1524/1702/1689
f 476/877/836 473/321/307 1522/322/308
f 1525/224/210 1527/1703/1695 451/850/805
f 1527/1703/1691 1528/1704/1696 452/852/1692
f 1528/1704/1693 1529/1705/1693 455/857/1694
f 455/857/812 1529/1705/1698 1526/315/301
f 690/344/330 695/1105/1067 1527/1703/1695
f 695/1105/1067 705/1109/1071 1528/1704/1696
f 705/1109/1697 704/1121/1083 1529/1705/1693
f 1529/1705/1698 704/1121/1083 692/1118/1080
f 709/215/201 1530/275/261 1532/1706/1699
f 712/1124/1100 1532/1709/1700 1533/1708/1700
f 719/1130/1095 1533/1708/1702 1531/272/258
f 1530/275/261 512/920/877 517/922/879
f 1532/1709/1700 517/931/1701 521/929/1701
f 1533/1708/1702 521/929/884 514/273/259
f 525/286/272 1534/287/273 1536/1710/1703
f 534/946/902 1536/1710/1703 1537/1711/1704
f 1537/1711/1704 1538/1712/1706 528/935/894
f 528/935/894 1538/1712/1706 1535/335/321
f 746/306/292 755/1163/1132 1536/1710/1703
f 755/1163/1132 749/1157/1126 1537/1711/1704
f 749/1157/1126 748/1154/1123 1538/1712/1706
f 1538/1712/1706 748/1154/1123 745/1156/1125
f 1539/289/275 1541/1715/1710 741/1153/1707
f 741/1153/1121 1541/1715/1708 1542/1713/1708
f 732/1139/1108 1542/1716/1712 1540/346/332
f 1539/289/275 486/894/852 492/896/854
f 1541/1715/1708 492/896/1711 488/900/1711
f 1542/1716/1712 488/889/849 485/347/333
f 1543/213/199 1545/1717/1715 624/1039/1004
f 1545/1717/1713 1546/1719/1716 625/1040/1005
f 625/1040/1013 1546/1719/1718 1547/1718/1714
f 631/1046/1010 1547/1718/1719 1544/237/223
f 459/862/816 464/864/818 1545/1717/1715
f 464/864/818 470/865/819 1546/1719/1716
f 470/865/1717 469/872/830 1547/1718/1714
f 1547/1718/1719 469/872/828 461/238/224
f 1548/266/252 1550/1720/1720 508/916/874
f 1550/1720/1720 1551/1721/1722 509/909/1721
f 1551/1721/1722 1552/1722/1723 502/904/865
f 1552/1722/1723 1549/301/287 497/905/866
f 673/317/303 682/1095/1059 1550/1720/1720
f 682/1095/1059 676/1089/1053 1551/1721/1722
f 676/1089/1053 675/1087/1051 1552/1722/1723
f 1552/1722/1723 675/1087/1051 672/228/214
f 1553/294/280 1555/1723/1727 546/956/911
f 1555/1723/1724 1556/1726/1729 542/1724/1725
f 1556/1725/1726 1554/202/188 538/950/905
f 764/308/294 773/1181/1147 1555/1723/1727
f 1555/1723/1724 773/1181/2190 767/1175/1728
f 1556/1725/1726 766/1174/1731 763/204/190
f 801/373/356 1557/372/355 1559/1727/1732
f 804/1728/1733 1559/1727/1732 1560/1729/1734
f 803/1730/1736 1560/1729/1741 1561/1731/1737
f 1561/1733/1737 1558/489/456 800/530/494
f 1557/372/355 785/363/346 787/1735/1739
f 1559/1727/1732 787/1735/1739 788/1736/1740
f 1560/1729/1741 788/1736/1779 789/1737/1742
f 789/1738/1742 786/383/365 1558/489/456
f 1562/409/389 1564/1740/1744 809/1739/1743
f 1564/1740/1744 1565/1742/1750 808/1741/1745
f 1565/1742/1746 1566/1747/1752 807/1743/1747
f 807/1744/1747 1566/1748/1752 1563/467/439
f 790/539/503 792/1745/1749 1564/1740/1744
f 792/1745/1749 793/1746/1818 1565/1742/1750
f 793/1746/1751 794/1817/1820 1566/1747/1752
f 1566/1748/1752 794/1818/1820 791/366/349
f 1567/479/448 1569/1750/1754 784/1749/1753
f 1569/1750/1754 1570/1752/1759 783/1751/1755
f 1570/1752/1756 1571/1756/1760 782/1753/1757
f 782/1753/1757 1571/1756/1760 1568/1754/338
f 801/373/356 804/1728/1733 1569/1750/1754
f 804/1728/1733 803/1730/1735 1570/1752/1759
f 803/1730/1736 802/1732/1738 1571/1756/1760
f 1571/1756/1760 802/1732/1738 800/1757/494
f 796/508/473 1572/374/357 1574/1758/1761
f 799/1759/1762 1574/1758/1761 1575/1760/1763
f 798/1761/1765 1575/1760/1768 1576/1762/1766
f 1576/1764/1766 1573/371/354 795/358/342
f 1572/374/357 806/356/341 809/1739/1743
f 1574/1758/1761 809/1739/1743 808/1741/1745
f 1575/1760/1768 808/1741/1748 807/1743/1747
f 807/1744/1747 805/369/352 1573/371/354
f 811/509/474 1577/503/469 1579/1766/1769
f 814/1767/1770 1579/1766/1769 1580/1768/1771
f 813/1769/1773 1580/1768/1776 1581/1770/1774
f 1581/1772/1774 1578/360/344 810/377/359
f 1577/503/469 796/508/473 799/1759/1762
f 1579/1766/1769 799/1759/1762 798/1761/1764
f 1580/1768/1776 798/1761/1765 797/1763/1767
f 797/1765/1767 795/358/342 1578/360/344
f 785/363/346 1582/362/345 1584/1774/1777
f 787/1735/1739 1584/1774/1777 1585/1775/1778
f 788/1736/1779 1585/1775/1783 1586/1776/1780
f 1586/1777/1780 1583/381/363 786/383/365
f 1582/362/345 815/392/373 817/1778/1781
f 1584/1774/1777 817/1778/1781 818/1779/1782
f 1585/1775/1783 818/1779/1787 819/1780/1784
f 819/1781/1784 816/380/362 1583/381/363
f 815/392/373 1587/401/381 1589/1782/1785
f 817/1778/1781 1589/1782/1785 1590/1783/1786
f 818/1779/1787 1590/1783/1791 1591/1784/1788
f 1591/1785/1788 1588/378/360 816/380/362
f 1587/401/381 825/400/380 827/1786/1789
f 1589/1782/1785 827/1786/1789 828/1787/1790
f 1590/1783/1791 828/1787/1809 829/1788/1792
f 829/1789/1792 826/390/372 1588/378/360
f 821/540/504 1592/533/497 1594/1790/1793
f 824/1791/1794 1594/1790/1793 1595/1792/1795
f 823/1793/1797 1595/1792/1800 1596/1794/1798
f 1596/1796/1798 1593/385/367 820/387/369
f 1592/533/497 811/509/474 814/1767/1770
f 1594/1790/1793 814/1767/1770 813/1769/1772
f 1595/1792/1800 813/1769/1773 812/1771/1775
f 812/1773/1775 810/377/359 1593/385/367
f 1597/520/484 1599/1799/1802 852/1798/1801
f 1599/1799/1802 1600/1801/1804 851/1800/1803
f 1600/1801/1804 1601/1805/1806 850/1802/1805
f 1601/1803/1806 1598/483/450 848/397/378
f 831/1198/1169 841/1197/1168 1599/1799/1802
f 841/1197/1168 834/1201/1172 1600/1801/1804
f 834/1201/1172 833/1192/1163 1601/1805/1806
f 833/1192/1163 830/1189/1160 1598/1806/450
f 825/400/380 1602/502/468 1604/1807/1807
f 827/1786/1789 1604/1807/1811 1605/1808/1808
f 828/1787/1809 1605/1808/1812 1606/1809/1810
f 829/1789/1792 1606/1810/1810 1603/388/370
f 1602/502/468 849/518/482 852/1798/1801
f 1604/1807/1811 852/1798/1801 851/1800/1803
f 1605/1808/1812 851/1800/1803 850/1802/1805
f 850/1804/1805 848/397/378 1603/388/370
f 831/1198/1169 1607/519/483 1609/1811/1813
f 839/1196/1167 1609/1811/1813 1610/1812/1814
f 840/1199/1179 1610/1812/1816 1611/1813/1815
f 845/1204/1175 1611/1814/1815 1608/394/375
f 1607/519/483 821/540/504 824/1791/1794
f 1609/1811/1813 824/1791/1794 823/1793/1796
f 1610/1812/1816 823/1793/1797 822/1795/1799
f 1611/1814/1815 822/1797/1799 820/387/369
f 1612/417/396 1614/1815/1817 792/1745/1749
f 1614/1815/1817 1615/1816/1822 793/1746/1818
f 1615/1816/1819 1616/1821/1824 794/1817/1820
f 794/1818/1820 1616/1822/1824 1613/512/476
f 858/478/447 860/1819/1821 1614/1815/1817
f 860/1819/1821 861/1820/1840 1615/1816/1822
f 861/1820/1823 862/1840/1842 1616/1821/1824
f 1616/1822/1824 862/1842/1842 859/406/386
f 1617/349/335 1619/1824/1826 857/1823/1825
f 1619/1824/1826 1620/1826/1831 856/1825/1827
f 1620/1826/1828 1621/1830/1832 855/1827/1829
f 855/1827/1829 1621/1830/1832 1618/1828/382
f 781/351/337 784/1749/1753 1619/1824/1826
f 784/1749/1753 783/1751/1755 1620/1826/1831
f 783/1751/1758 782/1753/1757 1621/1830/1832
f 1621/1830/1832 782/1753/1757 780/1755/347
f 870/1224/1199 1622/493/459 1624/1831/1833
f 881/1222/1197 1624/1831/1833 1625/1832/1834
f 882/1213/1186 1625/1832/1834 1626/1833/1835
f 872/1209/1182 1626/1833/1835 1623/468/440
f 1622/493/459 863/495/461 865/1834/1836
f 1624/1831/1833 865/1834/1836 866/1835/1837
f 1625/1832/1834 866/1835/1837 867/1836/1838
f 1626/1833/1835 867/1836/1838 864/1837/392
f 1627/494/460 1629/1838/1839 860/1819/1821
f 1629/1838/1839 1630/1839/1844 861/1820/1840
f 1630/1839/1841 1631/1843/1843 862/1840/1842
f 1631/1841/1843 1628/414/394 859/406/386
f 870/1224/1199 883/1223/1198 1629/1838/1839
f 883/1223/1198 877/1226/1201 1630/1839/1844
f 877/1226/1845 876/1218/1191 1631/1843/1843
f 876/1844/1191 869/1215/1188 1628/414/394
f 1632/496/462 1634/1845/1846 865/1834/1836
f 1634/1845/1846 1635/1846/1848 866/1835/1837
f 1635/1846/1847 1636/1848/1849 867/1836/1838
f 867/1836/1838 1636/1848/1849 1633/1847/390
f 854/527/491 857/1823/1825 1634/1845/1846
f 857/1823/1825 856/1825/1827 1635/1846/1848
f 856/1825/1830 855/1827/1829 1636/1848/1849
f 855/1827/1829 853/1829/384 1633/1847/390
f 1637/492/458 1639/1850/1851 910/1849/1850
f 1640/1852/1853 1641/1854/1855 908/1853/1854
f 1641/1854/1855 1638/537/501 906/538/502
f 891/439/415 893/1855/1856 1639/1850/1851
f 893/1855/1856 894/1856/1857 1640/1852/1853
f 894/1856/1857 895/1857/1858 1641/1854/1855
f 895/1857/1858 892/536/500 1638/537/501
f 912/433/409 1642/432/408 1644/1858/1859
f 915/1859/1860 1644/1858/1859 1645/1860/1861
f 914/1861/1862 1645/1860/1861 1646/1862/1863
f 913/1863/1864 1646/1862/1863 1643/473/443
f 1642/432/408 896/436/412 898/1864/1865
f 1644/1858/1859 898/1864/1865 899/1865/1866
f 1645/1860/1861 899/1865/1866 900/1866/1867
f 1646/1862/1863 900/1866/1867 897/474/444
f 888/1872/1873 1651/1871/1872 1648/490/457
f 1647/420/398 907/419/397 910/1849/1850
f 1649/1867/1868 910/1849/1850 909/1851/1852
f 1651/1871/1872 908/1853/1854 906/538/502
f 1652/434/410 1654/1874/1875 905/1873/1874
f 1654/1874/1875 1655/1876/1877 904/1875/1876
f 1655/1876/1877 1656/1878/1879 903/1877/1878
f 1656/1878/1879 1653/511/475 901/531/495
f 912/433/409 915/1859/1860 1654/1874/1875
f 915/1859/1860 914/1861/1862 1655/1876/1877
f 913/1863/1864 911/476/446 1653/511/475
f 1657/425/402 1659/1880/1881 920/1879/1880
f 1659/1880/1881 1660/1882/1883 919/1881/1882
f 1660/1882/1883 1661/1884/1885 918/1883/1884
f 1661/1884/1885 1658/442/418 916/426/403
f 902/475/445 905/1873/1874 1659/1880/1881
f 905/1873/1874 904/1875/1876 1660/1882/1883
f 904/1875/1876 903/1877/1878 1661/1884/1885
f 903/1877/1878 901/531/495 1658/442/418
f 1662/440/416 1664/1885/1886 893/1855/1856
f 1664/1885/1886 1665/1886/1887 894/1856/1857
f 1666/1887/1888 1663/422/400 892/536/500
f 921/445/420 923/1888/1889 1664/1885/1886
f 923/1888/1889 924/1889/1890 1665/1886/1887
f 925/1890/1891 922/488/455 1663/422/400
f 1667/446/421 1669/1891/1892 923/1888/1889
f 1670/1892/1893 1671/1893/1894 925/1890/1891
f 1671/1893/1894 1668/532/496 922/488/455
f 931/450/425 933/1894/1895 1669/1891/1892
f 933/1894/1895 934/1895/1896 1670/1892/1893
f 935/1896/1897 932/529/493 1668/532/496
f 1672/441/417 1674/1898/1899 930/1897/1898
f 1674/1898/1899 1675/1900/1901 929/1899/1900
f 1676/1902/1903 1673/428/404 926/449/424
f 917/505/470 920/1879/1880 1674/1898/1899
f 920/1879/1880 919/1881/1882 1675/1900/1901
f 919/1881/1882 918/1883/1884 1676/1902/1903
f 918/1883/1884 916/426/403 1673/428/404
f 954/535/499 1677/487/454 1679/1903/1904
f 957/1904/1905 1679/1903/1904 1680/1905/1906
f 956/1906/1907 1680/1905/1906 1681/1907/1908
f 1677/487/454 936/486/453 940/1228/1204
f 1679/1903/1904 940/1228/1204 949/1232/1208
f 1680/1905/1906 949/1232/1208 948/1238/1216
f 1681/1907/1908 948/1238/1216 938/523/487
f 1682/452/427 1684/1909/1910 933/1894/1895
f 1684/1909/1910 1685/1910/1911 934/1895/1896
f 1685/1910/1911 1686/1911/1912 935/1896/1897
f 1686/1911/1912 1683/506/471 932/529/493
f 954/535/499 957/1904/1905 1684/1909/1910
f 957/1904/1905 956/1906/1907 1685/1910/1911
f 956/1906/1907 955/1908/1909 1686/1911/1912
f 955/1908/1909 953/524/488 1683/506/471
f 1687/447/422 1689/1912/1913 944/1236/1212
f 1689/1912/1913 1690/1913/1914 945/1241/1219
f 1691/1914/1915 1688/521/485 938/523/487
f 927/534/498 930/1897/1898 1689/1912/1913
f 930/1897/1898 929/1899/1900 1690/1913/1914
f 929/1899/1900 928/1901/1902 1691/1914/1915
f 928/1901/1902 926/449/424 1688/521/485
f 896/436/412 1692/457/430 1694/1915/1916
f 898/1864/1865 1694/1915/1916 1695/1916/1917
f 899/1865/1866 1695/1916/1917 1696/1917/1918
f 900/1866/1867 1696/1917/1918 1693/516/480
f 1692/457/430 963/458/431 965/1918/1919
f 1695/1916/1917 966/1919/1920 967/1920/1921
f 1696/1917/1918 967/1920/1921 964/480/449
f 959/459/432 1697/430/406 1699/1921/1922
f 962/1922/1923 1699/1921/1922 1700/1923/1924
f 961/1924/1925 1700/1923/1924 1701/1925/1926
f 960/1926/1927 1701/1925/1926 1698/463/435
f 1699/1921/1922 890/1868/1869 889/1870/1871
f 1700/1923/1924 889/1870/1871 888/1872/1873
f 1701/1925/1926 888/1872/1873 886/454/429
f 1702/472/442 1704/1927/1928 976/1244/1223
f 1704/1927/1928 1705/1932/1929 977/1928/1232
f 1705/1929/1929 1706/1930/1930 984/1249/1228
f 1706/1930/1930 1703/500/466 974/1250/1229
f 968/471/438 970/1931/1931 1704/1927/1928
f 970/1931/1931 971/2195/1932 1705/1932/1929
f 971/1933/1932 972/1934/1933 1706/1930/1930
f 972/1934/1933 969/497/463 1703/500/466
f 963/458/431 1707/464/436 1709/1935/1934
f 966/1919/1920 1710/1936/1935 1711/1937/1936
f 967/1920/1921 1711/1937/1936 1708/499/465
f 1707/464/436 975/465/437 987/1257/1236
f 1709/1935/1934 987/1257/1236 983/1251/1230
f 1710/1936/1935 983/1251/1230 982/1248/1227
f 968/466/438 1712/460/433 1714/1938/1937
f 970/1939/1931 1714/1938/1937 1715/1940/1938
f 972/1934/1933 1716/1941/1939 1713/498/464
f 1712/460/433 959/459/432 962/1922/1923
f 1715/1940/1938 961/1924/1925 960/1926/1927
f 1716/1941/1939 960/1926/1927 958/462/434
f 975/465/437 1717/415/395 1719/1942/1940
f 978/1243/1222 1719/1945/1944 1718/525/489
f 1717/415/395 869/1215/1188 878/1217/1941
f 1719/1945/1944 871/2187/1183 868/526/490
f 1720/395/376 1722/1950/1948 844/1946/1945
f 1722/1949/1947 1721/1952/451 830/1189/1160
f 937/453/428 939/1235/1211 1722/1950/1948
f 939/1951/1205 936/2196/453 1721/1952/451
f 1011/562/523 1723/561/522 1725/1953/1949
f 1014/1954/1950 1725/1953/1949 1726/1955/1951
f 1013/1956/1953 1726/1955/1958 1727/1957/1954
f 1727/1959/1954 1724/676/626 1010/714/662
f 1723/561/522 995/552/513 997/1961/1956
f 1725/1953/1949 997/1961/1956 998/1962/1957
f 1726/1955/1958 998/1962/1996 999/1963/1959
f 999/1964/1959 996/572/532 1724/676/626
f 1728/598/557 1730/1971/1961 1019/1965/1960
f 1730/1966/1961 1731/1969/1967 1018/1967/1962
f 1731/1969/1963 1732/1974/1969 1017/1970/1964
f 1017/1970/1964 1732/1974/1969 1729/656/609
f 1000/725/673 1002/2034/1966 1730/1971/1961
f 1002/1972/1966 1003/1973/2032 1731/1969/1967
f 1003/1973/1968 1004/2037/2034 1732/1974/1969
f 1732/1974/1969 1004/2037/2034 1001/555/516
f 1733/666/618 1735/1976/1971 994/1975/1970
f 1735/1976/1971 1736/1978/1976 993/1977/1972
f 1736/1978/1973 1737/1981/1977 992/1979/1974
f 992/1980/1974 1737/1982/1977 1734/541/505
f 1011/562/523 1014/1954/1950 1735/1976/1971
f 1014/1954/1950 1013/1956/1952 1736/1978/1976
f 1013/1956/1953 1012/1958/1955 1737/1981/1977
f 1737/1982/1977 1012/1960/1955 1010/714/662
f 1006/695/644 1738/563/524 1740/1983/1978
f 1009/1985/1979 1740/1990/1978 1741/1986/1980
f 1008/1987/1982 1741/1986/1985 1742/1988/1983
f 1742/1988/1983 1739/560/521 1005/547/509
f 1738/563/524 1016/545/508 1019/1965/1960
f 1740/1990/1978 1019/1968/1960 1018/1967/1962
f 1741/1986/1985 1018/1967/1965 1017/1970/1964
f 1017/1970/1964 1015/558/519 1739/560/521
f 1021/696/645 1743/690/639 1745/1991/1986
f 1024/1993/1987 1745/1998/1986 1746/1994/1988
f 1023/1995/1990 1746/1994/1993 1747/1996/1991
f 1747/1996/1991 1744/549/511 1020/566/526
f 1743/690/639 1006/695/644 1009/1984/1979
f 1745/1998/1986 1009/1985/1979 1008/1987/1981
f 1746/1994/1993 1008/1987/1982 1007/1989/1984
f 1007/1989/1984 1005/547/509 1744/549/511
f 995/552/513 1748/551/512 1750/1999/1994
f 997/1961/1956 1750/1999/1994 1751/2000/1995
f 998/1962/1996 1751/2000/2000 1752/2001/1997
f 1752/2002/1997 1749/570/530 996/572/532
f 1748/551/512 1025/581/540 1027/2003/1998
f 1750/1999/1994 1027/2003/1998 1028/2004/1999
f 1751/2000/2000 1028/2004/2004 1029/2005/2001
f 1029/2006/2001 1026/569/529 1749/570/530
f 1025/581/540 1753/590/549 1755/2007/2002
f 1027/2003/1998 1755/2007/2002 1756/2008/2003
f 1028/2004/2004 1756/2008/2008 1757/2009/2005
f 1757/2010/2005 1754/567/527 1026/569/529
f 1753/590/549 1035/589/548 1037/2011/2006
f 1755/2007/2002 1037/2011/2006 1038/2012/2007
f 1756/2008/2008 1038/2012/2024 1039/2013/2009
f 1039/2014/2009 1036/579/539 1754/567/527
f 1031/726/674 1758/719/667 1760/2015/2010
f 1034/2017/2011 1760/2022/2010 1761/2018/2012
f 1033/2019/2014 1761/2018/2017 1762/2020/2015
f 1032/2021/2016 1762/2020/2015 1759/574/534
f 1758/719/667 1021/696/645 1024/1992/1987
f 1760/2022/2010 1024/1993/1987 1023/1995/1989
f 1761/2018/2017 1023/1995/1990 1022/1997/1992
f 1022/1997/1992 1020/566/526 1759/574/534
f 1763/704/652 1765/2023/2018 1070/1299/1274
f 1765/2023/2018 1766/2024/2020 1071/1287/2019
f 1766/2024/2020 1767/2025/2021 1062/1284/1261
f 1767/2025/2021 1764/670/620 1057/718/666
f 1041/1270/1249 1050/1269/1248 1765/2023/2018
f 1050/1269/1248 1044/1275/1252 1766/2024/2020
f 1044/1275/1252 1043/1264/1243 1767/2025/2021
f 1043/1264/1243 1040/1261/1240 1764/670/620
f 1035/589/548 1768/689/638 1770/2026/2022
f 1037/2011/2006 1770/2026/2026 1771/2027/2023
f 1038/2012/2024 1771/2027/2027 1772/2028/2025
f 1039/2014/2009 1772/2029/2025 1769/577/537
f 1768/689/638 1059/702/650 1072/1298/1273
f 1770/2026/2026 1072/1298/1273 1066/1293/1277
f 1771/2027/2027 1066/1293/1269 1065/1290/1267
f 1772/2029/2025 1065/2197/1267 1058/586/545
f 1041/1270/1249 1773/703/651 1775/2030/2028
f 1048/1273/1247 1775/2033/2028 1776/2031/2029
f 1049/1271/1250 1776/2031/2029 1777/2032/2030
f 1054/1278/1255 1777/2032/2030 1774/583/542
f 1773/703/651 1031/726/674 1034/2016/2011
f 1775/2033/2028 1034/2017/2011 1033/2019/2013
f 1776/2031/2029 1033/2019/2014 1032/2021/2016
f 1777/2032/2030 1032/2021/2016 1030/576/536
f 1778/606/564 1780/2038/2031 1002/2034/1966
f 1780/2035/2031 1781/2036/2036 1003/1973/2032
f 1781/2036/2033 1782/2041/2038 1004/2037/2034
f 1004/2037/2034 1782/2041/2038 1779/699/647
f 1080/665/617 1082/2058/2035 1780/2038/2031
f 1082/2039/2035 1083/2040/2054 1781/2036/2036
f 1083/2040/2037 1084/2061/2056 1782/2041/2038
f 1782/2041/2038 1084/2061/2056 1081/595/554
f 1783/513/477 1785/2043/2040 1079/2042/2039
f 1785/2043/2040 1786/2045/2045 1078/2044/2041
f 1786/2045/2042 1787/2048/2046 1077/2046/2043
f 1077/2047/2043 1787/2049/2046 1784/591/550
f 991/515/479 994/1975/1970 1785/2043/2040
f 994/1975/1970 993/1977/1972 1786/2045/2045
f 993/1977/1975 992/1979/1974 1787/2048/2046
f 1787/2049/2046 992/1980/1974 990/553/514
f 1092/1318/1297 1788/680/629 1790/2050/2047
f 1103/1316/1295 1790/2050/2047 1791/2051/2048
f 1104/1306/1284 1791/2051/2048 1792/2052/2049
f 1094/1302/1280 1792/2052/2049 1789/2053/610
f 1788/680/629 1085/682/631 1087/2054/2050
f 1790/2050/2047 1087/2054/2050 1088/2055/2051
f 1791/2051/2048 1088/2055/2051 1089/2056/2052
f 1792/2057/2049 1089/2068/2052 1086/601/560
f 1793/681/630 1795/2063/2053 1082/2058/2035
f 1795/2059/2053 1796/2060/2058 1083/2040/2054
f 1796/2060/2055 1797/2062/2057 1084/2061/2056
f 1797/2062/2057 1794/603/562 1081/595/554
f 1092/1318/1297 1105/1317/1296 1795/2063/2053
f 1105/2064/1296 1099/2065/1299 1796/2060/2058
f 1099/2065/2059 1098/1311/1289 1797/2062/2057
f 1098/1311/1289 1091/1308/1286 1794/603/562
f 1798/683/632 1800/2066/2060 1087/2054/2050
f 1800/2066/2060 1801/2070/2062 1088/2055/2051
f 1801/2067/2061 1802/2072/2063 1089/2068/2052
f 1089/2068/2052 1802/2072/2063 1799/599/558
f 1076/711/659 1079/2042/2039 1800/2066/2060
f 1079/2042/2039 1078/2044/2041 1801/2070/2062
f 1078/2071/2044 1077/2047/2043 1802/2072/2063
f 1077/2047/2043 1075/593/552 1799/599/558
f 1803/679/628 1805/2074/2065 1132/2073/2064
f 1805/2074/2065 1806/2076/2067 1131/2075/2066
f 1806/2076/2067 1807/2078/2069 1130/2077/2068
f 1807/2078/2069 1804/723/671 1128/724/672
f 1113/628/584 1115/2079/2070 1805/2074/2065
f 1115/2079/2070 1116/2080/2071 1806/2076/2067
f 1116/2080/2071 1117/2081/2072 1807/2078/2069
f 1117/2081/2072 1114/722/670 1804/723/671
f 1134/622/578 1808/621/577 1810/2082/2073
f 1137/2083/2074 1810/2082/2073 1811/2084/2075
f 1136/2085/2076 1811/2084/2075 1812/2086/2077
f 1135/2087/2078 1812/2086/2077 1809/660/613
f 1808/621/577 1118/625/581 1120/2088/2079
f 1810/2082/2073 1120/2088/2079 1121/2089/2080
f 1811/2084/2075 1121/2089/2080 1122/2090/2081
f 1812/2086/2077 1122/2090/2081 1119/661/614
f 1109/618/574 1813/609/566 1815/2091/2082
f 1112/2092/2083 1815/2091/2082 1816/2093/2084
f 1111/2094/2085 1816/2093/2084 1817/2095/2086
f 1110/2096/2087 1817/2095/2086 1814/677/627
f 1813/609/566 1129/608/565 1132/2073/2064
f 1815/2091/2082 1132/2073/2064 1131/2075/2066
f 1816/2093/2084 1131/2075/2066 1130/2077/2068
f 1817/2095/2086 1130/2077/2068 1128/724/672
f 1818/623/579 1820/2098/2089 1127/2097/2088
f 1821/2100/2091 1822/2102/2093 1125/2101/2092
f 1822/2102/2093 1819/698/646 1123/715/663
f 1134/622/578 1137/2083/2074 1820/2098/2089
f 1137/2083/2074 1136/2085/2076 1821/2100/2091
f 1136/2085/2076 1135/2087/2078 1822/2102/2093
f 1135/2087/2078 1133/663/616 1819/698/646
f 1823/614/570 1825/2104/2095 1142/2103/2094
f 1826/2106/2097 1827/2108/2099 1140/2107/2098
f 1827/2108/2099 1824/631/587 1138/615/571
f 1124/662/615 1127/2097/2088 1825/2104/2095
f 1127/2097/2088 1126/2099/2090 1826/2106/2097
f 1126/2099/2090 1125/2101/2092 1827/2108/2099
f 1125/2101/2092 1123/715/663 1824/631/587
f 1828/629/585 1830/2109/2100 1115/2079/2070
f 1830/2109/2100 1831/2110/2101 1116/2080/2071
f 1831/2110/2101 1832/2111/2102 1117/2081/2072
f 1832/2111/2102 1829/611/568 1114/722/670
f 1143/634/590 1145/2112/2103 1830/2109/2100
f 1145/2112/2103 1146/2113/2104 1831/2110/2101
f 1146/2113/2104 1147/2114/2105 1832/2111/2102
f 1833/635/591 1835/2115/2106 1145/2112/2103
f 1835/2115/2106 1836/2116/2107 1146/2113/2104
f 1836/2116/2107 1837/2117/2108 1147/2114/2105
f 1837/2117/2108 1834/716/664 1144/675/625
f 1153/639/595 1155/2118/2109 1835/2115/2106
f 1155/2118/2109 1156/2119/2110 1836/2116/2107
f 1156/2119/2110 1157/2120/2111 1837/2117/2108
f 1157/2120/2111 1154/713/661 1834/716/664
f 1838/630/586 1840/2122/2113 1152/2121/2112
f 1841/2124/2115 1842/2126/2117 1150/2125/2116
f 1842/2126/2117 1839/617/573 1148/638/594
f 1139/692/641 1142/2103/2094 1840/2122/2113
f 1142/2103/2094 1141/2105/2096 1841/2124/2115
f 1141/2105/2096 1140/2107/2098 1842/2126/2117
f 1140/2107/2098 1138/615/571 1839/617/573
f 1175/721/669 1843/674/624 1845/2127/2118
f 1178/1344/1320 1845/2127/2118 1846/2128/2119
f 1179/1346/1322 1846/2128/2119 1847/2129/2120
f 1186/1352/1328 1847/2130/2120 1844/706/654
f 1843/674/624 1158/673/623 1162/1323/1302
f 1845/2127/2118 1162/1323/1302 1171/1327/1306
f 1846/2128/2119 1171/1327/1306 1170/1340/1315
f 1847/2130/2120 1170/1337/1315 1160/707/655
f 1848/641/597 1850/2131/2121 1155/2118/2109
f 1850/2131/2121 1851/2132/2122 1156/2119/2110
f 1851/2132/2122 1852/2133/2123 1157/2120/2111
f 1852/2133/2123 1849/693/642 1154/713/661
f 1177/2134/1334 1191/1364/1333 1850/2131/2121
f 1191/1364/1333 1185/1363/1336 1851/2132/2122
f 1185/1363/1336 1184/1351/1327 1852/2133/2123
f 1184/1351/1327 1176/708/656 1849/693/642
f 1853/636/592 1855/2135/2124 1166/1331/1310
f 1855/2135/2124 1856/2136/2125 1167/1342/1318
f 1856/2136/2125 1857/2137/2126 1172/1338/1316
f 1857/2137/2126 1854/705/653 1160/707/655
f 1149/720/668 1152/2121/2112 1855/2135/2124
f 1152/2121/2112 1151/2123/2114 1856/2136/2125
f 1150/2125/2116 1148/638/594 1854/705/653
f 1118/625/581 1858/646/600 1860/2138/2127
f 1121/2089/2080 1861/2139/2128 1862/2140/2129
f 1858/646/600 1199/647/601 1201/2141/2130
f 1860/2138/2127 1201/2141/2130 1202/2142/2131
f 1861/2139/2128 1202/2142/2131 1203/2143/2132
f 1862/2140/2129 1203/2143/2132 1200/667/619
f 1195/648/602 1863/619/575 1865/2144/2133
f 1198/2145/2134 1865/2144/2133 1866/2146/2135
f 1196/2149/2138 1867/2148/2137 1864/652/605
f 1863/619/575 1109/618/574 1112/2092/2083
f 1867/2148/2137 1110/2096/2087 1108/643/599
f 1868/659/612 1870/2150/2139 1212/1368/1339
f 1870/2150/2139 1871/2151/2140 1213/1377/1349
f 1871/2151/2140 1872/2152/2141 1219/1373/1345
f 1872/2152/2141 1869/687/636 1210/1374/1346
f 1204/655/608 1206/2153/2142 1870/2150/2139
f 1207/2154/2143 1208/2155/2144 1872/2152/2141
f 1208/2155/2144 1205/684/633 1869/687/636
f 1202/2142/2131 1876/2157/2146 1877/2158/2147
f 1203/2143/2132 1877/2158/2147 1874/686/635
f 1875/2156/2145 1223/1380/1353 1218/1375/1347
f 1876/2157/2146 1218/1375/1347 1217/1372/1344
f 1877/2158/2147 1217/1372/1344 1210/1374/1346
f 1204/655/608 1878/649/603 1880/2159/2148
f 1206/2153/2142 1880/2159/2148 1881/2160/2149
f 1207/2154/2143 1881/2160/2149 1882/2161/2150
f 1208/2155/2144 1882/2161/2150 1879/685/634
f 1880/2159/2148 1198/2145/2134 1197/2147/2136
f 1882/2161/2150 1196/2149/2138 1194/651/604
f 1211/654/607 1883/604/563 1885/2162/2151
f 1222/2164/1338 1885/2167/2154 1884/2165/657
f 1883/604/563 1091/1308/1286 1100/1310/2152
f 1885/2167/2154 1093/2189/1281 1090/1300/658
f 1886/584/543 1888/2169/2160 1053/2168/2155
f 1889/2171/2159 1887/671/621 1040/1261/1240
f 1159/642/598 1161/1330/1309 1888/2169/2160
f 1161/2173/1303 1158/673/623 1887/671/621
f 1177/1360/1334 1890/2177/596 1892/2174/2162
f 1189/1358/1332 1892/2174/2162 1893/2175/2163
f 1190/1348/1324 1893/2175/2163 1894/2176/2164
f 1180/1345/1321 1894/2176/2164 1891/717/665
f 1890/2177/596 1058/1292/545 1067/1291/1268
f 1892/2174/2162 1067/1291/1268 1061/1285/1262
f 1893/2175/2163 1061/1285/1262 1060/1283/1260
f 1894/2176/2164 1060/1283/1260 1057/718/666
f 481/885/847 1895/883/841 479/882/840
