mtllib Holocron.mtl
o HolocronEsquina6
usemtl Holocron_Main.001
v 5.000250 -2.990113 3.784635
v 4.993242 -4.118575 2.534785
v 4.998651 -3.425533 3.400638
v 4.996222 -3.807853 2.972132
v 4.989161 -4.393334 2.020460
v 5.002932 -2.438110 4.151349
v 5.111868 -2.985646 3.779427
v 5.104856 -4.114108 2.529577
v 5.110266 -3.421066 3.395430
v 5.107836 -3.803385 2.966924
v 5.100775 -4.388868 2.015251
v 5.114550 -2.433643 4.146141
v 5.058042 -2.221028 4.024545
v 5.053431 -2.842286 3.629371
v 5.051836 -3.277938 3.245620
v 5.058687 -3.133474 3.934692
v 5.059435 -2.650726 4.272946
v 5.048052 -4.512996 2.223271
v 5.051680 -4.262004 2.684912
v 5.057085 -3.568659 3.550448
v 5.046419 -3.970679 2.379450
v 5.041880 -4.269207 1.812439
v 5.049398 -3.660032 2.816877
v 5.043714 -4.729160 1.717567
v 5.054655 -3.951206 3.122180
v 5.182249 -4.924041 0.393683
v 5.166838 -4.995484 4.774119
v 5.144217 -0.597366 4.858949
v 4.929232 -5.002621 5.018835
v 0.519602 -5.028757 5.069392
v 4.906569 -0.595905 5.108019
v 4.928507 -5.236503 4.775131
v 4.913134 -5.178842 0.374064
v 0.510946 -5.264774 4.824841
v 3.907824 -5.061958 2.723204
v 2.717813 -5.104549 3.913859
v 3.546789 -5.077637 3.177577
v 3.138563 -5.092106 3.581228
v 2.218328 -5.116516 4.214545
v 4.243891 -5.043037 2.154160
v 3.904371 -5.173519 2.716339
v 2.714357 -5.216109 3.906995
v 3.543337 -5.189198 3.170712
v 3.135111 -5.203668 3.574363
v 2.214872 -5.228077 4.207679
v 4.240438 -5.154598 2.147295
v 4.108778 -5.093496 1.943332
v 3.746119 -5.114652 2.582267
v 3.385344 -5.130338 3.036862
v 4.066076 -5.120828 2.857276
v 4.375547 -5.104139 2.358123
v 2.428041 -5.174299 4.322249
v 2.876139 -5.163417 4.047997
v 3.704782 -5.136501 3.311428
v 4.662008 -5.085457 1.786849
v 2.556036 -5.157239 3.772859
v 2.005156 -5.170295 4.099974
v 2.976870 -5.144799 3.440299
v 1.934141 -5.184499 4.563994
v 3.296804 -5.150975 3.715292
v 2.833712 -4.029459 4.961710
v 4.015375 -2.829801 4.951823
v 3.285135 -3.664428 4.965576
v 3.685713 -3.252951 4.961832
v 4.315020 -2.321545 4.942852
v 2.267752 -4.370917 4.947341
v 2.821833 -4.016276 5.072118
v 4.003496 -2.816618 5.062232
v 3.273256 -3.651248 5.075985
v 3.673834 -3.239766 5.072241
v 4.303141 -2.308360 5.053261
v 2.255873 -4.357736 5.057750
v 2.054209 -4.233768 4.976311
v 2.689756 -3.865006 4.993649
v 3.141405 -3.500230 4.997553
v 2.965788 -4.180729 5.040179
v 2.469416 -4.494886 5.028780
v 4.428202 -2.531414 5.013747
v 4.147512 -2.981146 5.030303
v 3.416990 -3.815447 5.044009
v 1.900976 -4.786929 5.010175
v 3.871355 -2.665275 4.983753
v 4.189955 -2.098493 4.982363
v 3.541769 -3.088504 4.993772
v 3.817781 -3.404210 5.040300
v 4.997519 -3.624878 3.189392
v 4.999559 -3.213104 3.599561
v 4.994799 -3.971953 2.754513
v 4.991468 -4.253142 2.302580
v 4.986074 -4.554243 1.659426
v 5.000967 -2.748432 3.960459
v 5.007132 -2.019559 4.377988
v 5.109137 -3.620411 3.184183
v 5.111177 -3.208637 3.594353
v 5.106413 -3.967488 2.749305
v 5.103083 -4.248675 2.297372
v 5.097689 -4.549778 1.654218
v 5.112585 -2.743967 3.955251
v 5.118746 -2.015091 4.372780
v 5.054388 -2.591890 3.808691
v 5.052744 -3.065422 3.444450
v 5.059164 -2.900510 4.107019
v 5.049963 -4.393600 2.459293
v 5.057997 -3.356320 3.749465
v 5.068487 -1.534247 4.624181
v 5.044588 -4.108217 2.140660
v 5.050703 -3.477199 3.034285
v 5.066355 -1.655472 4.311833
v 5.038340 -4.726102 1.248728
v 5.059523 -2.379177 4.438935
v 5.045938 -4.623399 1.974193
v 5.047976 -3.824068 2.599188
v 5.037825 -4.480621 1.339451
v 5.055956 -3.768089 3.339290
v 5.053236 -4.115374 2.904630
v 4.665094 -5.157088 2.690403
v 2.845823 -2.931192 5.034876
v 5.107138 -2.917031 4.570353
v 3.444426 -3.518385 3.367720
v 5.174543 -4.959763 2.583901
v 5.155527 -2.796425 4.816532
v 5.163233 -2.760703 2.626314
v 2.724417 -5.015689 5.044113
v 4.917898 -2.799264 5.063429
v 2.713083 -2.812332 5.088705
v 4.920820 -5.207674 2.574599
v 2.719728 -5.250640 4.799986
v 2.712042 -5.221808 2.599453
v 3.447096 -5.122901 3.325070
v 5.048193 -3.504373 3.337284
v 3.456354 -3.541541 4.966547
v 5.101591 -2.880327 2.736578
v 2.854021 -4.774533 4.999241
v 2.849009 -5.197560 4.560030
v 5.109743 -4.715036 2.703202
v 4.679094 -2.921585 5.013758
v 2.828016 -5.168838 2.711077
v 3.346102 -5.085088 3.387419
v 3.734495 -5.069902 2.955308
v 2.929693 -5.098575 3.756215
v 2.492849 -5.110262 4.060113
v 1.866060 -5.123964 4.393706
v 4.070738 -5.053547 2.473023
v 4.445047 -5.029131 1.726447
v 3.342649 -5.196650 3.380554
v 3.731039 -5.181462 2.948442
v 2.926237 -5.210136 3.749350
v 2.489397 -5.221825 4.053247
v 1.862608 -5.235527 4.386840
v 4.067286 -5.165108 2.466157
v 4.441595 -5.140692 1.719582
v 3.912294 -5.105960 2.323294
v 3.572950 -5.122597 2.814508
v 4.225729 -5.112696 2.615886
v 2.657598 -5.168997 4.190943
v 3.892584 -5.128765 3.089242
v 4.662008 -5.068973 1.230366
v 2.324648 -5.163090 3.922414
v 3.184561 -5.137785 3.246624
v 4.366621 -5.074846 1.367257
v 1.465746 -5.187930 4.585012
v 4.520018 -5.094977 2.078772
v 2.184980 -5.179439 4.445244
v 2.767923 -5.151265 3.615223
v 1.543684 -5.180053 4.335301
v 3.504187 -5.143953 3.521349
v 3.088007 -5.157445 3.890342
v 3.493441 -3.462011 4.964576
v 3.064367 -3.854051 4.964596
v 3.859201 -3.042776 4.957590
v 4.160395 -2.603046 4.945374
v 4.496748 -1.953528 4.948087
v 2.584963 -4.194693 4.956638
v 1.842092 -4.576302 4.932318
v 3.481562 -3.448828 5.074984
v 3.052488 -3.840868 5.075003
v 3.847322 -3.029591 5.067998
v 4.148516 -2.589862 5.055783
v 4.484869 -1.940344 5.058495
v 2.573084 -4.181510 5.067045
v 1.830214 -4.563117 5.042728
v 2.432257 -4.033590 4.988195
v 2.920549 -3.689757 4.996559
v 2.725794 -4.342613 5.035487
v 4.290163 -2.761705 5.022906
v 3.196302 -4.005165 5.043041
v 1.345800 -4.793309 4.969154
v 4.018743 -2.431200 4.978251
v 3.349630 -3.297722 4.996539
v 1.480829 -4.497350 4.955004
v 4.689535 -1.527321 5.013263
v 2.191473 -4.642068 5.020042
v 4.569651 -2.287763 5.002867
v 3.715193 -2.878259 4.989520
v 4.411962 -1.606110 5.003713
v 3.625372 -3.613119 5.043022
v 3.991331 -3.194110 5.036068
v 5.140791 -0.119627 5.111061
v 5.141909 -0.121228 5.110418
v 5.139162 -0.118909 5.111933
v 5.140039 -0.119632 5.110319
v 5.006998 -3.151594 3.953936
v 5.003138 -3.149928 3.952208
v 5.005537 -3.151877 3.954240
v 5.004290 -3.151660 3.954017
v 5.003447 -3.150976 3.953304
v 4.999105 -3.967638 3.139672
v 5.002981 -3.969321 3.141418
v 4.999418 -3.968692 3.140776
v 5.000265 -3.969383 3.141496
v 5.001516 -3.969603 3.141721
v 4.997366 -2.830318 3.617086
v 5.001299 -2.828361 3.615016
v 4.997648 -2.829243 3.615957
v 4.998495 -2.828493 3.615168
v 4.999777 -2.828184 3.614837
v 4.997271 -3.646112 2.802523
v 4.993338 -3.648071 2.804598
v 4.995748 -3.645933 2.802343
v 4.994467 -3.646244 2.802675
v 4.993620 -3.646994 2.803466
v 5.005400 -3.586778 3.569690
v 5.001532 -3.585113 3.567962
v 5.003939 -3.587059 3.569993
v 5.002687 -3.586842 3.569772
v 5.001844 -3.586158 3.569058
v 4.999704 -3.264017 3.231265
v 4.995771 -3.265965 3.233326
v 4.998182 -3.263839 3.231085
v 4.996901 -3.264146 3.231413
v 4.996054 -3.264892 3.232201
v 4.994299 -3.956758 2.365097
v 4.990355 -3.958751 2.367205
v 4.992773 -3.956584 2.364920
v 4.991487 -3.956899 2.365259
v 4.990641 -3.957660 2.366061
v 4.996126 -4.278398 2.702365
v 5.000021 -4.280111 2.704145
v 4.996443 -4.279466 2.703484
v 4.997290 -4.280165 2.704215
v 4.998548 -4.280393 2.704447
v 4.989763 -4.255288 1.798088
v 4.985826 -4.256840 1.801196
v 4.988237 -4.255078 1.797987
v 4.986952 -4.255300 1.798542
v 4.986105 -4.255918 1.799669
v 4.992495 -4.529832 2.239726
v 4.996420 -4.531098 2.242495
v 4.992811 -4.530732 2.241227
v 4.993669 -4.531286 2.242279
v 4.994936 -4.531417 2.242725
v 4.980928 -4.709315 0.769974
v 4.977041 -4.704556 0.782774
v 4.980894 -4.707414 0.769488
v 4.979425 -4.708717 0.772853
v 4.978159 -4.707602 0.776297
v 4.981173 -4.709186 0.768651
v 4.979567 -4.708421 0.770639
v 4.978315 -4.707501 0.772891
v 4.978701 -4.707315 0.771408
v 4.977304 -4.704388 0.779507
v 4.978128 -4.704872 0.775835
v 4.977324 -4.706143 0.779780
v 4.977716 -4.706126 0.775887
v 4.978304 -4.706341 0.772693
v 4.981153 -4.708155 0.768388
v 4.979391 -4.705934 0.772316
v 4.979551 -4.707113 0.770384
v 4.979647 -4.708018 0.769334
v 4.992109 -4.747250 1.736780
v 4.988188 -4.744344 1.738095
v 4.990618 -4.747448 1.737324
v 4.989347 -4.746964 1.737765
v 4.988493 -4.745875 1.738036
v 5.007750 -2.668847 4.292190
v 5.003920 -2.666148 4.291135
v 5.006289 -2.669048 4.292545
v 5.005049 -2.668609 4.292468
v 5.004217 -2.667589 4.291973
v 5.001944 -2.210185 4.011634
v 5.005915 -2.207106 4.010189
v 5.002241 -2.208680 4.010743
v 5.003099 -2.207566 4.010157
v 5.004393 -2.207014 4.009962
v 5.008093 -2.108527 4.624846
v 5.004137 -2.113502 4.622078
v 5.007822 -2.116795 4.622751
v 5.006556 -2.109660 4.625092
v 5.005266 -2.111003 4.624654
v 5.008162 -2.110500 4.624645
v 5.006620 -2.111522 4.624785
v 5.005407 -2.112461 4.624689
v 5.005754 -2.113439 4.624504
v 5.004381 -2.114711 4.623040
v 5.005167 -2.115761 4.623506
v 5.004415 -2.112353 4.623595
v 5.004808 -2.113558 4.623986
v 5.005362 -2.114530 4.624191
v 5.008017 -2.114973 4.623512
v 5.008135 -2.112763 4.624175
v 5.006376 -2.116494 4.623406
v 5.006533 -2.114831 4.623966
v 5.025373 -0.963998 4.628354
v 5.025274 -0.963439 4.626462
v 5.021067 -0.976669 4.622957
v 5.025579 -0.962662 4.628265
v 5.023756 -0.966896 4.627597
v 5.023924 -0.964664 4.627386
v 5.024012 -0.963337 4.627037
v 5.023024 -0.965399 4.626231
v 5.023699 -0.966217 4.624841
v 5.022345 -0.969706 4.623605
v 5.025526 -0.962361 4.627239
v 5.023893 -0.964341 4.626093
v 5.022596 -0.966642 4.625203
v 5.021425 -0.973754 4.624676
v 5.022371 -0.970320 4.626304
v 5.021418 -0.973376 4.622944
v 5.021929 -0.969842 4.624840
v 5.022612 -0.966903 4.626349
v 5.114130 -3.111014 3.910880
v 5.110357 -3.115359 3.915455
v 5.113859 -3.112267 3.912195
v 5.113047 -3.113533 3.913525
v 5.111818 -3.114619 3.914670
v 5.106329 -3.933091 3.102943
v 5.110098 -3.928726 3.098346
v 5.107786 -3.932349 3.102156
v 5.109014 -3.931256 3.101006
v 5.109827 -3.929985 3.099669
v 5.105558 -2.856208 3.643727
v 5.109602 -2.860300 3.647997
v 5.107092 -2.856847 3.644388
v 5.108397 -2.857848 3.645432
v 5.109278 -2.859060 3.646699
v 5.105574 -3.678051 2.835506
v 5.101526 -3.673957 2.831230
v 5.105246 -3.676809 2.834207
v 5.104364 -3.675597 2.832937
v 5.103056 -3.674594 2.831893
v 5.112524 -3.546200 3.526636
v 5.108759 -3.550544 3.531210
v 5.112257 -3.547452 3.527950
v 5.111444 -3.548715 3.529280
v 5.110216 -3.549803 3.530424
v 5.108007 -3.295943 3.264235
v 5.103968 -3.291862 3.259974
v 5.107683 -3.294707 3.262942
v 5.106802 -3.293498 3.261678
v 5.105497 -3.292500 3.260636
v 5.102591 -3.988731 2.398115
v 5.098539 -3.984599 2.393802
v 5.102266 -3.987477 2.396802
v 5.101381 -3.986251 2.395521
v 5.100073 -3.985241 2.394468
v 5.103334 -4.243895 2.665680
v 5.107119 -4.239485 2.661038
v 5.104803 -4.243147 2.664888
v 5.106035 -4.242044 2.663728
v 5.106848 -4.240760 2.662376
v 5.098062 -4.286693 1.832363
v 5.093996 -4.283126 1.826790
v 5.097734 -4.285656 1.830568
v 5.096846 -4.284614 1.828879
v 5.095530 -4.283724 1.827552
v 5.099691 -4.494894 2.204047
v 5.103483 -4.491047 2.198144
v 5.101164 -4.494186 2.203157
v 5.102400 -4.493208 2.201723
v 5.103216 -4.492105 2.199962
v 5.085115 -4.736820 0.798641
v 5.085119 -4.735253 0.798188
v 5.089304 -4.733092 0.816970
v 5.085356 -4.736813 0.797326
v 5.086695 -4.736789 0.802776
v 5.086729 -4.736656 0.800512
v 5.086737 -4.736385 0.799145
v 5.087526 -4.735968 0.802054
v 5.086687 -4.734351 0.802416
v 5.088034 -4.733625 0.807469
v 5.086729 -4.735514 0.800337
v 5.087858 -4.735142 0.803791
v 5.088964 -4.734773 0.812694
v 5.088045 -4.736071 0.807710
v 5.088953 -4.733182 0.812581
v 5.088469 -4.734918 0.807895
v 5.087866 -4.736178 0.803896
v 5.099180 -4.705444 1.696823
v 5.095324 -4.711066 1.698352
v 5.098894 -4.707179 1.696965
v 5.098062 -4.708856 1.697305
v 5.096807 -4.710221 1.697793
v 5.114923 -2.626979 4.249978
v 5.111093 -2.632618 4.253714
v 5.114634 -2.628724 4.250969
v 5.113806 -2.630407 4.252027
v 5.112562 -2.631776 4.252991
v 5.110174 -2.234951 4.038900
v 5.114172 -2.240450 4.042380
v 5.111700 -2.235696 4.039501
v 5.112997 -2.237003 4.040374
v 5.113867 -2.238672 4.041384
v 5.111143 -2.076883 4.586453
v 5.115164 -2.074532 4.580813
v 5.112635 -2.076289 4.585582
v 5.113920 -2.075632 4.584203
v 5.114809 -2.075015 4.582529
v 5.129541 -0.991789 4.656751
v 5.133234 -1.009485 4.652456
v 5.129530 -0.991283 4.655170
v 5.130999 -0.995816 4.656601
v 5.132212 -1.000595 4.655731
v 5.129755 -0.990468 4.656774
v 5.131071 -0.993570 4.656537
v 5.132128 -0.996853 4.655963
v 5.131834 -0.995043 4.655803
v 5.133001 -1.005232 4.652673
v 5.132215 -1.000281 4.653266
v 5.132997 -1.005395 4.654276
v 5.132635 -1.000713 4.654570
v 5.132132 -0.996718 4.654918
v 5.130999 -0.995381 4.654143
v 5.131067 -0.993361 4.655386
v 5.131094 -0.992211 4.656304
v 5.158808 -4.751452 4.532221
v 5.158766 -4.747278 4.536560
v 5.163118 -4.756172 4.540970
v 5.158808 -4.751160 4.533860
v 5.158800 -4.750265 4.535258
v 5.160437 -4.751833 4.534155
v 5.160376 -4.751534 4.535185
v 5.161253 -4.751561 4.536509
v 5.160410 -4.749194 4.536858
v 5.161814 -4.751557 4.537802
v 5.158785 -4.748902 4.536207
v 5.160364 -4.750229 4.536522
v 5.162767 -4.754386 4.538889
v 5.161825 -4.752862 4.536495
v 5.162279 -4.752947 4.537853
v 1.033087 -4.784922 5.064604
v 1.031778 -4.781885 5.064711
v 1.020159 -4.789503 5.068915
v 1.030962 -4.784047 5.064913
v 1.029669 -4.784792 5.066313
v 1.026754 -4.786319 5.067707
v 1.022978 -4.788510 5.068583
v 1.025545 -4.786945 5.068115
v 5.178297 -4.678153 0.873081
v 5.182577 -4.682660 0.859889
v 5.178293 -4.675112 0.871891
v 5.179941 -4.678457 0.870307
v 5.178289 -4.677898 0.871685
v 5.181147 -4.678949 0.867613
v 5.182264 -4.681810 0.862350
v 5.181341 -4.680075 0.865496
v 5.182257 -4.680897 0.863168
v 5.178286 -4.676252 0.871040
v 5.179880 -4.677833 0.869070
v 5.142500 -1.086381 4.603163
v 5.142508 -1.085076 4.600170
v 5.146696 -1.073248 4.607862
v 5.142500 -1.084974 4.602957
v 5.144026 -1.082751 4.603050
v 5.144930 -1.081386 4.603761
v 5.145475 -1.079044 4.605062
v 5.142508 -1.084269 4.601339
v 5.146379 -1.075874 4.606870
v 4.644381 -5.183458 0.834736
v 4.641340 -5.183499 0.833481
v 4.649015 -5.187501 0.821641
v 4.644133 -5.183245 0.833352
v 4.644514 -5.184898 0.831296
v 4.644979 -5.185784 0.829426
v 4.644079 -5.185054 0.830102
v 4.642488 -5.183268 0.832672
v 4.647230 -5.187236 0.824865
v 4.645723 -5.186377 0.828486
v 4.648233 -5.187220 0.823694
v 4.646498 -5.186813 0.826588
v 4.683523 -4.765737 5.021658
v 4.692396 -4.770269 5.025736
v 4.687765 -4.761458 5.021696
v 4.685488 -4.766099 5.023260
v 4.687864 -4.767086 5.024596
v 4.685156 -4.765405 5.021649
v 4.686514 -4.765773 5.023197
v 4.687853 -4.765787 5.024061
v 4.689150 -4.765770 5.024609
v 4.690290 -4.768551 5.025465
v 4.689234 -4.767149 5.025032
v 4.687448 -4.763088 5.021668
v 4.686533 -4.764475 5.021652
v 4.688139 -4.763408 5.023283
v 4.687826 -4.764443 5.023211
v 4.671415 -1.083364 5.096987
v 4.676092 -1.069624 5.101465
v 4.668409 -1.082142 5.097048
v 4.671774 -1.080434 5.098673
v 4.671179 -1.081966 5.097017
v 4.671980 -1.078319 5.099533
v 4.674307 -1.072998 5.101097
v 4.673449 -1.075314 5.100590
v 4.669554 -1.081304 5.097049
v 4.670897 -1.079291 5.098707
v 4.686308 -5.229245 4.534281
v 4.690718 -5.233609 4.542696
v 4.682096 -5.229324 4.538588
v 4.686666 -5.230900 4.536204
v 4.687632 -5.232309 4.538477
v 4.686003 -5.229272 4.535916
v 4.686354 -5.230858 4.537211
v 4.686377 -5.231753 4.538500
v 4.688726 -5.233268 4.541085
v 4.686392 -5.232333 4.539738
v 4.687704 -5.232781 4.539774
v 4.683722 -5.229314 4.538246
v 4.685095 -5.229296 4.537306
v 4.684065 -5.230950 4.538862
v 4.685064 -5.230883 4.538529
v 1.016458 -5.252772 4.579836
v 1.004225 -5.257181 4.583716
v 1.015165 -5.252741 4.576824
v 1.013445 -5.254427 4.580130
v 1.006632 -5.256821 4.582897
v 1.008951 -5.256314 4.581503
v 1.014315 -5.252777 4.578974
v 1.012648 -5.254367 4.579403
v 5.138262 -0.119527 5.111160
v 5.137083 -0.122108 5.114574
v 5.140985 -0.120488 5.109491
v 5.140722 -0.120222 5.109520
v 5.141386 -0.121739 5.111709
v 5.137209 -0.119703 5.112488
v 5.136602 -0.120346 5.113758
v 5.137995 -0.119485 5.113512
v 5.138864 -0.122004 5.114206
v 5.140379 -0.121874 5.113199
v 5.136572 -0.121031 5.114336
v 5.138636 -0.120090 5.113844
v 5.139955 -0.119312 5.112413
v 5.177042 -5.170190 -0.073157
v 5.178404 -5.166668 -0.074424
v 5.181925 -5.165385 -0.072451
v 5.176733 -5.169147 -0.074233
v 5.178904 -5.169813 -0.073002
v 5.178732 -5.169382 -0.074537
v 5.178736 -5.168751 -0.075473
v 5.179731 -5.165595 -0.074357
v 5.180868 -5.164974 -0.073958
v 5.177359 -5.168008 -0.074461
v 5.179144 -5.167383 -0.075183
v 5.180510 -5.166964 -0.075351
v 5.181543 -5.167214 -0.072619
v 5.180483 -5.168767 -0.072813
v 5.181639 -5.164901 -0.073289
v 5.181128 -5.166990 -0.074298
v 5.180334 -5.168579 -0.074861
v 5.170557 -5.234800 5.007273
v 5.166063 -5.234967 5.011935
v 5.166162 -5.239396 5.007437
v 5.170229 -5.234848 5.009043
v 5.169260 -5.234897 5.010552
v 5.170248 -5.236555 5.007303
v 5.169756 -5.236535 5.008993
v 5.169088 -5.236529 5.010350
v 5.168699 -5.237502 5.009945
v 5.166098 -5.236687 5.011568
v 5.166128 -5.238131 5.010584
v 5.167795 -5.234939 5.011566
v 5.167761 -5.236598 5.011044
v 5.167738 -5.237923 5.010363
v 5.167871 -5.239044 5.007391
v 5.169306 -5.238046 5.007345
v 5.166155 -5.239082 5.009133
v 5.167799 -5.238569 5.009039
v 5.169111 -5.237886 5.008967
v 0.019163 -5.267952 5.069868
v 0.016649 -5.268922 5.066424
v 0.018232 -5.272359 5.065689
v 0.018053 -5.267414 5.069626
v 0.017183 -5.267410 5.068886
v 0.018949 -5.269661 5.069521
v 0.017054 -5.269422 5.069155
v 0.015829 -5.269364 5.068569
v 0.016539 -5.270240 5.065525
v 0.016691 -5.267938 5.067763
v 0.015898 -5.269712 5.067259
v 0.015657 -5.271054 5.066935
v 0.018446 -5.272046 5.067261
v 0.018698 -5.271097 5.068606
v 0.017397 -5.272101 5.065129
v 0.016733 -5.271655 5.067011
v 0.016474 -5.270936 5.068445
v 5.030111 -4.678682 0.874295
v 5.030085 -4.675641 0.873104
v 5.025900 -4.674557 0.880421
v 5.030096 -4.678426 0.872898
v 5.028494 -4.678392 0.875695
v 5.028532 -4.678003 0.874007
v 5.028559 -4.677471 0.872937
v 5.027651 -4.677012 0.874127
v 5.028463 -4.674925 0.874336
v 5.027101 -4.674466 0.876159
v 5.030081 -4.676781 0.872254
v 5.028517 -4.676356 0.873361
v 5.027269 -4.676057 0.874658
v 5.026216 -4.676160 0.879010
v 5.027128 -4.677505 0.877350
v 5.026197 -4.674337 0.878296
v 5.026659 -4.676046 0.876608
v 5.027285 -4.677356 0.875166
v 5.071749 -4.751858 4.533205
v 5.067472 -4.747618 4.533331
v 5.071779 -4.747684 4.537543
v 5.070120 -4.751542 4.533228
v 5.068731 -4.750623 4.533261
v 5.071768 -4.751567 4.534840
v 5.070097 -4.751182 4.534909
v 5.069311 -4.750117 4.535723
v 5.067816 -4.747650 4.534956
v 5.068754 -4.747672 4.536328
v 5.067800 -4.749247 4.533297
v 5.068212 -4.749318 4.534964
v 5.071783 -4.749307 4.537188
v 5.071779 -4.750669 4.536238
v 5.070147 -4.747684 4.537236
v 5.070108 -4.749346 4.536814
v 5.055513 -1.086785 4.604143
v 5.051229 -1.092741 4.599823
v 5.055471 -1.085480 4.601152
v 5.053884 -1.088165 4.603811
v 5.052500 -1.089783 4.602875
v 5.055506 -1.085380 4.603939
v 5.053930 -1.086466 4.603487
v 5.052668 -1.087597 4.602808
v 5.053045 -1.086546 4.602501
v 5.051542 -1.090607 4.599684
v 5.052462 -1.088480 4.599886
v 5.051569 -1.091391 4.601473
v 5.052031 -1.088987 4.601450
v 5.052652 -1.087041 4.601530
v 5.055483 -1.084674 4.602321
v 5.053839 -1.086679 4.600401
v 5.053911 -1.085758 4.601869
v 5.053961 -1.085377 4.602999
v 4.682535 -4.764158 4.934685
v 4.686777 -4.759878 4.934716
v 4.682466 -4.759823 4.930502
v 4.684164 -4.763826 4.934672
v 4.685545 -4.762895 4.934674
v 4.682516 -4.763805 4.933060
v 4.684187 -4.763404 4.933008
v 4.685308 -4.762652 4.933092
v 4.686434 -4.759850 4.933089
v 4.685495 -4.759830 4.931717
v 4.686460 -4.761511 4.934687
v 4.686048 -4.761523 4.933020
v 4.685289 -4.761420 4.931906
v 4.682478 -4.761458 4.930796
v 4.682497 -4.762859 4.931696
v 4.684103 -4.759822 4.930807
v 4.684156 -4.761499 4.931170
v 4.684084 -4.762637 4.931898
v 1.017054 -4.783315 4.976012
v 1.022207 -4.778949 4.971771
v 1.015741 -4.780282 4.976052
v 1.018232 -4.782955 4.974375
v 1.019625 -4.781997 4.972994
v 1.015661 -4.783096 4.976210
v 1.016481 -4.782610 4.974537
v 1.017401 -4.781899 4.973219
v 1.016390 -4.781580 4.973646
v 1.020197 -4.778730 4.972121
v 1.018263 -4.778906 4.973057
v 1.021021 -4.780591 4.972080
v 1.018667 -4.780519 4.972576
v 1.016817 -4.780579 4.973246
v 1.014952 -4.781453 4.976233
v 1.016699 -4.779453 4.974436
v 1.015757 -4.780947 4.974566
v 1.015375 -4.782097 4.974634
v 4.670420 -1.081639 5.001636
v 4.667406 -1.080412 5.001694
v 4.666140 -1.087635 4.997314
v 4.670183 -1.080239 5.001665
v 4.670084 -1.082999 4.999985
v 4.669722 -1.081306 5.000078
v 4.669210 -1.080230 5.000143
v 4.668718 -1.081394 4.999210
v 4.666643 -1.081598 5.000049
v 4.666136 -1.083388 4.998640
v 4.668554 -1.079575 5.001695
v 4.668089 -1.080640 5.000108
v 4.667749 -1.081906 4.998829
v 4.667768 -1.086243 4.997646
v 4.669153 -1.084616 4.998583
v 4.665960 -1.085507 4.997679
v 4.667700 -1.083844 4.998161
v 4.669039 -1.082431 4.998804
v 4.643930 -5.073402 0.856831
v 4.639719 -5.069298 0.863712
v 4.640882 -5.073364 0.855585
v 4.643423 -5.071805 0.858068
v 4.642443 -5.070462 0.859810
v 4.643866 -5.073361 0.854958
v 4.643301 -5.071722 0.856233
v 4.642496 -5.070633 0.857763
v 4.642370 -5.070943 0.856749
v 4.639978 -5.069569 0.861315
v 4.640287 -5.070435 0.858928
v 4.641142 -5.069583 0.861791
v 4.641447 -5.069916 0.859258
v 4.642218 -5.073340 0.854283
v 4.643267 -5.073338 0.854063
v 4.640608 -5.071768 0.856916
v 4.641962 -5.071705 0.855685
v 4.685770 -5.142243 4.535916
v 4.681559 -5.142348 4.540222
v 4.681482 -5.138011 4.536043
v 4.685461 -5.142275 4.537548
v 4.684553 -5.142307 4.538941
v 4.685434 -5.140615 4.535948
v 4.685060 -5.140608 4.537625
v 4.684324 -5.140717 4.538758
v 4.681543 -5.140715 4.539929
v 4.681524 -5.139314 4.539032
v 4.683184 -5.142333 4.539881
v 4.683210 -5.140654 4.539521
v 4.683111 -5.139516 4.538794
v 4.683115 -5.138323 4.536019
v 4.684504 -5.139238 4.535984
v 4.681501 -5.138365 4.537667
v 4.683176 -5.138747 4.537682
v 4.684305 -5.139487 4.537569
v 1.015921 -5.165795 4.581469
v 1.014635 -5.165746 4.578469
v 1.021845 -5.161417 4.577223
v 1.014063 -5.165804 4.581452
v 1.013163 -5.165799 4.580876
v 1.016821 -5.164148 4.580977
v 1.014227 -5.164199 4.580445
v 1.015333 -5.163310 4.579985
v 1.015631 -5.164103 4.578203
v 1.017351 -5.162704 4.577873
v 1.013365 -5.165779 4.579827
v 1.020025 -5.161780 4.578678
v 1.018263 -5.162738 4.579996
v 1.019533 -5.161760 4.577528
v 1.017595 -5.162190 4.579035
v 1.016275 -5.162968 4.580092
v 4.085299 -5.069233 2.875615
v 4.083418 -5.065348 2.874132
v 4.085592 -5.067766 2.875919
v 4.085340 -5.066513 2.875743
v 4.084574 -5.065663 2.875116
v 3.314131 -5.095493 3.732133
v 3.316030 -5.099381 3.733630
v 3.315294 -5.095808 3.733122
v 3.316061 -5.096659 3.733754
v 3.316320 -5.097913 3.733933
v 3.732244 -5.058571 2.572289
v 3.730146 -5.062497 2.570347
v 3.731066 -5.058849 2.571266
v 3.730253 -5.059694 2.570538
v 3.729933 -5.060974 2.570216
v 2.960894 -5.092646 3.428380
v 2.962999 -5.088718 3.430326
v 2.960680 -5.091122 3.428248
v 2.961004 -5.089840 3.428572
v 2.961821 -5.088996 3.429301
v 3.724009 -5.084902 3.329768
v 3.722128 -5.081023 3.328286
v 3.724302 -5.083437 3.330071
v 3.724047 -5.082184 3.329896
v 3.723284 -5.081338 3.329269
v 3.369368 -5.078182 3.024942
v 3.371458 -5.074256 3.026875
v 3.369154 -5.076660 3.024809
v 3.369474 -5.075378 3.025131
v 3.370283 -5.074534 3.025856
v 2.540064 -5.105092 3.760940
v 2.542200 -5.101158 3.762916
v 2.539850 -5.103567 3.760810
v 2.540182 -5.102284 3.761140
v 2.541006 -5.101438 3.761879
v 2.893423 -5.107939 4.064801
v 2.895357 -5.111838 4.066329
v 2.894602 -5.108254 4.065804
v 2.895384 -5.109108 4.066447
v 2.895651 -5.110366 4.066631
v 1.989187 -5.118154 4.088057
v 1.992300 -5.114193 4.089542
v 1.989050 -5.116625 4.087889
v 1.989592 -5.115333 4.088113
v 1.990736 -5.114479 4.088693
v 2.444353 -5.118839 4.339547
v 2.447252 -5.122741 4.340575
v 2.445906 -5.119149 4.340362
v 2.447000 -5.119998 4.340843
v 2.447473 -5.121260 4.340918
v 0.985823 -5.139218 4.594075
v 0.998289 -5.134976 4.588761
v 0.985235 -5.139144 4.592201
v 0.988642 -5.137645 4.593366
v 0.991999 -5.136286 4.592107
v 0.984499 -5.139482 4.594005
v 0.986418 -5.137821 4.593179
v 0.988596 -5.136507 4.592174
v 0.987112 -5.136914 4.592055
v 0.995024 -5.135298 4.588753
v 0.991396 -5.136204 4.589405
v 0.995390 -5.135348 4.590491
v 0.991507 -5.135820 4.590665
v 0.988337 -5.136471 4.591028
v 0.984182 -5.139444 4.592991
v 0.987963 -5.137555 4.590616
v 0.986093 -5.137779 4.591888
v 0.985094 -5.137914 4.592842
v 1.953344 -5.132973 4.582309
v 1.954435 -5.128959 4.579436
v 1.953871 -5.131473 4.582514
v 1.954264 -5.130185 4.582040
v 1.954462 -5.129302 4.580959
v 4.394770 -5.052558 2.376457
v 4.393515 -5.048623 2.373878
v 4.395113 -5.051083 2.376679
v 4.394995 -5.049817 2.376267
v 4.394434 -5.048953 2.375283
v 4.094324 -5.037452 1.934524
v 4.092806 -5.041342 1.931413
v 4.093367 -5.037716 1.933054
v 4.092741 -5.038550 1.931946
v 4.092546 -5.039824 1.931370
v 4.678377 -5.030050 1.805976
v 4.681219 -5.033899 1.805175
v 4.679907 -5.030340 1.806090
v 4.680983 -5.031173 1.805977
v 4.681444 -5.032423 1.805656
v 4.646185 -5.000486 0.666364
v 4.644354 -5.000468 0.665908
v 4.641172 -4.996929 0.679989
v 4.646070 -5.000669 0.665033
v 4.645502 -4.999056 0.669453
v 4.645231 -4.999143 0.667202
v 4.644854 -4.999192 0.665875
v 4.644094 -4.998315 0.668080
v 4.642778 -4.999047 0.668950
v 4.641623 -4.997876 0.672694
v 4.645079 -5.000661 0.664786
v 4.643953 -4.999139 0.666963
v 4.643106 -4.997965 0.669440
v 4.642794 -4.997130 0.676826
v 4.644312 -4.997876 0.673126
v 4.641058 -4.997131 0.676571
v 4.642836 -4.997450 0.672779
v 4.644247 -4.997966 0.669625
v 4.042116 -5.176177 2.834734
v 4.046846 -5.172424 2.838937
v 4.043489 -5.175912 2.835927
v 4.044874 -5.175105 2.837144
v 4.046049 -5.173880 2.838201
v 3.277578 -5.202569 3.696953
v 3.272829 -5.206326 3.692735
v 3.276781 -5.204027 3.696216
v 3.275598 -5.205253 3.695155
v 3.274210 -5.206059 3.693933
v 3.762094 -5.166809 2.594187
v 3.766642 -5.170861 2.597957
v 3.762815 -5.168341 2.594754
v 3.763933 -5.169648 2.595669
v 3.765276 -5.170534 2.596794
v 2.997393 -5.201011 3.455992
v 2.992842 -5.196952 3.452218
v 2.996027 -5.200682 3.454828
v 2.994680 -5.199794 3.453701
v 2.993563 -5.198485 3.452785
v 3.680826 -5.191853 3.288888
v 3.685553 -5.188103 3.293087
v 3.682199 -5.191587 3.290079
v 3.683580 -5.190780 3.291296
v 3.684759 -5.189557 3.292351
v 3.405851 -5.186547 3.052542
v 3.401316 -5.182492 3.048782
v 3.404493 -5.186220 3.051383
v 3.403151 -5.185332 3.050261
v 3.402037 -5.184025 3.049348
v 2.576597 -5.213452 3.788584
v 2.572004 -5.209386 3.784776
v 2.575212 -5.213122 3.787407
v 2.573858 -5.212234 3.786270
v 2.572729 -5.210922 3.785346
v 2.856916 -5.215000 4.029661
v 2.852118 -5.218768 4.025404
v 2.856115 -5.216464 4.028920
v 2.854921 -5.217692 4.027850
v 2.853518 -5.218503 4.026615
v 2.026945 -5.226479 4.115070
v 2.021128 -5.222435 4.111891
v 2.025095 -5.226157 4.114134
v 2.023340 -5.225279 4.113202
v 2.021944 -5.223970 4.112414
v 2.408831 -5.225861 4.303921
v 2.402800 -5.229674 4.300289
v 2.407930 -5.227333 4.303225
v 2.406469 -5.228572 4.302290
v 2.404669 -5.229397 4.301259
v 1.017710 -5.243446 4.617576
v 1.017176 -5.243423 4.616033
v 1.035891 -5.247201 4.612817
v 1.015837 -5.243800 4.617355
v 1.021856 -5.244944 4.617298
v 1.019594 -5.245020 4.617279
v 1.018217 -5.245045 4.617076
v 1.021112 -5.245772 4.616493
v 1.021376 -5.244888 4.614880
v 1.026407 -5.246123 4.613863
v 1.019361 -5.244994 4.616147
v 1.022810 -5.246051 4.615572
v 1.031698 -5.246977 4.614722
v 1.026773 -5.246186 4.616296
v 1.031507 -5.246936 4.613138
v 1.026907 -5.246577 4.615124
v 1.022966 -5.246079 4.616602
v 1.913187 -5.239788 4.540050
v 1.914938 -5.236037 4.545676
v 1.913412 -5.239542 4.541781
v 1.913828 -5.238743 4.543458
v 1.914362 -5.237512 4.544826
v 4.352369 -5.159444 2.334202
v 4.356329 -5.155724 2.339787
v 4.353445 -5.159195 2.335922
v 4.354578 -5.158400 2.337587
v 4.355589 -5.157180 2.338944
v 4.124754 -5.145649 1.955251
v 4.128565 -5.149754 1.960491
v 4.125418 -5.147186 1.955931
v 4.126375 -5.148505 1.957165
v 4.127481 -5.149407 1.958766
v 4.642794 -5.137021 1.768520
v 4.637117 -5.140880 1.766560
v 4.641920 -5.138497 1.767951
v 4.640535 -5.139748 1.767379
v 4.638849 -5.140585 1.766891
v 4.677824 -5.104761 0.690174
v 4.674162 -5.109327 0.708876
v 4.676298 -5.104769 0.689745
v 4.677832 -5.106412 0.694391
v 4.677141 -5.107860 0.699425
v 4.677710 -5.106387 0.692080
v 4.677259 -5.107599 0.695522
v 4.677046 -5.107226 0.693648
v 4.674261 -5.108890 0.704409
v 4.674700 -5.107872 0.699205
v 4.675852 -5.108884 0.704512
v 4.676004 -5.108297 0.699610
v 4.676229 -5.107604 0.695426
v 4.676996 -5.104942 0.688618
v 4.675417 -5.106424 0.694056
v 4.676580 -5.106394 0.691918
v 4.677446 -5.106361 0.690688
v 2.986517 -4.204254 4.991339
v 2.985205 -4.202737 4.987247
v 2.986887 -4.204672 4.989920
v 2.986769 -4.204531 4.988644
v 2.986177 -4.203853 4.987705
v 3.837194 -3.426213 4.987367
v 3.838514 -3.427740 4.991452
v 3.838171 -3.427331 4.987824
v 3.838762 -3.428012 4.988763
v 3.838884 -3.428156 4.990035
v 2.682238 -3.856204 4.936176
v 2.680109 -3.853784 4.939811
v 2.681196 -3.855014 4.936305
v 2.680426 -3.854138 4.937041
v 2.680044 -3.853704 4.938272
v 3.532122 -3.077283 4.939933
v 3.534258 -3.079714 4.936301
v 3.532057 -3.077205 4.938394
v 3.532442 -3.077639 4.937164
v 3.533216 -3.078520 4.936428
v 3.437723 -3.838974 4.995161
v 3.436415 -3.837461 4.991077
v 3.438093 -3.839389 4.993745
v 3.437971 -3.839249 4.992471
v 3.437384 -3.838573 4.991534
v 3.131758 -3.489005 4.943714
v 3.133879 -3.491421 4.940079
v 3.131693 -3.488930 4.942176
v 3.132074 -3.489359 4.940944
v 3.132841 -3.490235 4.940209
v 3.861708 -2.654053 4.929916
v 3.863882 -2.656526 4.926287
v 3.861647 -2.653978 4.928376
v 3.862040 -2.654421 4.927147
v 3.862825 -2.655316 4.926412
v 4.166903 -3.003122 4.977366
v 4.168245 -3.004672 4.981459
v 4.167887 -3.004247 4.977826
v 4.168486 -3.004937 4.978766
v 4.168612 -3.005087 4.980041
v 4.180307 -2.087270 4.928528
v 4.182058 -2.090732 4.924745
v 4.180216 -2.087273 4.926976
v 4.180517 -2.087930 4.925713
v 4.181162 -2.089143 4.924929
v 4.448069 -2.552509 4.960968
v 4.448935 -2.554938 4.964906
v 4.448870 -2.553971 4.961369
v 4.449316 -2.554948 4.962257
v 4.449339 -2.555288 4.963500
v 4.655886 -1.011339 4.981550
v 4.651850 -1.023189 4.976762
v 4.653856 -1.010932 4.981442
v 4.655504 -1.013992 4.979831
v 4.654604 -1.017175 4.978318
v 4.655657 -1.010018 4.981738
v 4.655104 -1.011901 4.980017
v 4.654371 -1.014012 4.978624
v 4.654093 -1.012632 4.979066
v 4.651556 -1.020174 4.977185
v 4.651834 -1.016787 4.978224
v 4.653318 -1.020405 4.977238
v 4.653143 -1.016807 4.977834
v 4.653192 -1.013847 4.978584
v 4.654558 -1.009795 4.981681
v 4.652639 -1.013541 4.979718
v 4.653757 -1.011686 4.979965
v 4.654634 -1.010676 4.980118
v 4.734060 -2.054936 4.942804
v 4.732470 -2.063657 4.942372
v 4.731844 -2.060856 4.939162
v 4.733992 -2.056999 4.942858
v 4.733664 -2.059380 4.942796
v 4.734434 -2.056200 4.941278
v 4.734259 -2.058226 4.941320
v 4.734083 -2.060059 4.941310
v 4.733168 -2.063506 4.940997
v 4.733290 -2.062920 4.939904
v 4.733129 -2.061717 4.942625
v 4.733644 -2.061762 4.941181
v 4.733908 -2.061595 4.940067
v 4.733232 -2.059405 4.939307
v 4.734144 -2.057769 4.940050
v 4.732824 -2.061988 4.939259
v 4.733671 -2.060640 4.939596
v 4.734278 -2.059359 4.940131
v 2.490141 -4.518402 4.979954
v 2.487738 -4.517521 4.975817
v 2.490431 -4.518869 4.978528
v 2.490072 -4.518866 4.977241
v 2.489130 -4.518393 4.976289
v 2.047857 -4.224376 4.918876
v 2.044561 -4.222546 4.922475
v 2.046370 -4.223411 4.918990
v 2.045221 -4.222726 4.919714
v 2.044584 -4.222424 4.920938
v 1.922659 -4.807933 4.957330
v 1.921690 -4.810434 4.961374
v 1.922762 -4.809428 4.957758
v 1.922617 -4.810431 4.958678
v 1.922239 -4.810783 4.959947
v 0.785364 -4.788566 4.874649
v 0.784903 -4.786750 4.874451
v 0.799116 -4.783768 4.871273
v 0.784025 -4.788446 4.874762
v 0.788511 -4.787985 4.873302
v 0.786261 -4.787729 4.873266
v 0.784929 -4.787358 4.873223
v 0.787168 -4.786663 4.872382
v 0.787992 -4.785279 4.873032
v 0.791780 -4.784196 4.871930
v 0.783773 -4.787463 4.874655
v 0.786013 -4.786460 4.873139
v 0.788534 -4.785698 4.872007
v 0.795954 -4.785390 4.871475
v 0.792231 -4.786871 4.872187
v 0.795687 -4.783666 4.871312
v 0.791895 -4.785442 4.871618
v 0.788729 -4.786832 4.872115
v 2.940672 -4.152205 5.092151
v 2.945055 -4.157203 5.089022
v 2.941881 -4.153586 5.092060
v 2.943136 -4.155018 5.091434
v 2.944250 -4.156289 5.090368
v 3.797049 -3.380684 5.089149
v 3.792665 -3.375682 5.092272
v 3.796244 -3.379771 5.090492
v 3.795130 -3.378500 5.091557
v 3.793871 -3.377064 5.092181
v 2.699404 -3.876228 5.047488
v 2.703012 -3.880368 5.052089
v 2.699903 -3.876807 5.049100
v 2.700766 -3.877797 5.050541
v 2.701857 -3.879048 5.051590
v 3.555033 -3.103877 5.052213
v 3.551416 -3.099727 5.047611
v 3.553873 -3.102553 5.051714
v 3.552782 -3.101298 5.050664
v 3.551916 -3.100309 5.049223
v 3.391882 -3.786929 5.095982
v 3.396254 -3.791917 5.092858
v 3.393087 -3.788306 5.095892
v 3.394339 -3.789737 5.095266
v 3.395452 -3.791006 5.094200
v 3.154654 -3.515586 5.055993
v 3.151052 -3.511454 5.051394
v 3.153501 -3.514269 5.055494
v 3.152410 -3.513018 5.054446
v 3.151552 -3.512031 5.053005
v 3.884657 -2.680692 5.042200
v 3.881002 -2.676496 5.037589
v 3.883486 -2.679350 5.041698
v 3.882380 -2.678080 5.040645
v 3.881506 -2.677077 5.039202
v 4.126780 -2.957621 5.079149
v 4.122374 -2.952591 5.082271
v 4.125975 -2.956704 5.080492
v 4.124853 -2.955427 5.081558
v 4.123590 -2.953982 5.082182
v 4.202711 -2.115137 5.040618
v 4.199602 -2.109714 5.036199
v 4.201750 -2.113325 5.040190
v 4.200819 -2.111659 5.039201
v 4.200067 -2.110392 5.037800
v 4.407473 -2.507889 5.062589
v 4.403662 -2.501767 5.065914
v 4.406710 -2.506889 5.063950
v 4.405722 -2.505375 5.065059
v 4.404650 -2.503575 5.065749
v 4.674902 -1.033755 5.089070
v 4.673151 -1.033374 5.089115
v 4.671633 -1.049593 5.092436
v 4.674917 -1.037409 5.090490
v 4.674646 -1.035247 5.090612
v 4.674280 -1.033960 5.090674
v 4.673933 -1.036550 5.091381
v 4.672323 -1.037055 5.090513
v 4.671743 -1.041430 5.091635
v 4.673826 -1.032231 5.089312
v 4.673429 -1.035076 5.090624
v 4.673140 -1.038097 5.091651
v 4.673147 -1.045982 5.092312
v 4.674303 -1.041701 5.091628
v 4.671499 -1.045832 5.092310
v 4.673082 -1.041721 5.092067
v 4.674223 -1.038214 5.091647
v 4.693243 -2.008305 5.039709
v 4.687399 -2.010240 5.044233
v 4.691008 -2.016609 5.040052
v 4.692289 -2.008768 5.041240
v 4.690844 -2.009298 5.042639
v 4.692987 -2.010274 5.039925
v 4.691999 -2.010397 5.041304
v 4.690992 -2.010564 5.042456
v 4.691053 -2.011641 5.042139
v 4.688494 -2.011825 5.043726
v 4.689566 -2.013593 5.042753
v 4.689127 -2.009817 5.043689
v 4.689810 -2.011150 5.043143
v 4.690432 -2.012440 5.042507
v 4.691774 -2.014767 5.040111
v 4.692472 -2.012541 5.040066
v 4.690447 -2.015273 5.041463
v 4.691103 -2.013558 5.041414
v 4.691706 -2.011980 5.041343
v 2.442930 -4.467151 5.080714
v 2.448690 -4.471366 5.077611
v 2.444662 -4.468229 5.080637
v 2.446363 -4.469409 5.080020
v 2.447779 -4.470510 5.078957
v 2.063856 -4.244990 5.030145
v 2.068930 -4.248385 5.034799
v 2.064470 -4.245513 5.031764
v 2.065649 -4.246339 5.033216
v 2.067213 -4.247349 5.034282
v 1.880255 -4.763418 5.058986
v 1.878111 -4.757442 5.062237
v 1.879618 -4.762426 5.060351
v 1.878988 -4.760942 5.061447
v 1.878458 -4.759193 5.062109
v 0.804628 -4.810707 4.982261
v 0.823095 -4.806495 4.987307
v 0.804193 -4.809194 4.982116
v 0.808767 -4.810533 4.984092
v 0.813730 -4.809672 4.985693
v 0.803301 -4.810700 4.982378
v 0.806459 -4.810435 4.983955
v 0.809843 -4.809852 4.985272
v 0.807985 -4.809687 4.984798
v 0.818651 -4.806667 4.986686
v 0.813501 -4.807242 4.985480
v 0.818762 -4.808255 4.986822
v 0.813890 -4.808501 4.986035
v 0.809744 -4.808822 4.985183
v 0.808424 -4.808129 4.983876
v 0.806292 -4.809308 4.983854
v 0.805071 -4.810185 4.983843
v 5.000402 -3.784533 3.356796
v 5.004274 -3.786204 3.358531
v 5.000715 -3.785582 3.357895
v 5.001562 -3.786270 3.358610
v 5.002809 -3.786488 3.358834
v 4.996679 -3.053449 3.432157
v 5.000612 -3.051497 3.430095
v 4.996962 -3.052376 3.431031
v 4.997808 -3.051628 3.430244
v 4.999090 -3.051319 3.429915
v 5.002447 -3.372775 3.766982
v 5.006308 -3.374438 3.768708
v 5.002756 -3.373821 3.768078
v 5.003599 -3.374505 3.768791
v 5.004847 -3.374722 3.769012
v 4.994638 -3.465230 3.021997
v 4.998571 -3.463278 3.019931
v 4.994921 -3.464157 3.020870
v 4.995768 -3.463407 3.020081
v 4.997053 -3.463100 3.019752
v 4.991911 -3.812121 2.586924
v 4.995851 -3.810146 2.584835
v 4.992193 -3.811038 2.585788
v 4.993044 -3.810282 2.584991
v 4.994326 -3.809969 2.584657
v 4.997683 -4.131789 2.922105
v 5.001570 -4.133487 2.923866
v 4.997995 -4.132850 2.923216
v 4.998846 -4.133546 2.923941
v 5.000097 -4.133769 2.924170
v 4.994410 -4.410037 2.476608
v 4.998316 -4.411705 2.478521
v 4.994722 -4.411089 2.477780
v 4.995577 -4.411776 2.478555
v 4.996839 -4.411990 2.478815
v 4.988527 -4.096244 2.128551
v 4.992472 -4.094297 2.126308
v 4.988810 -4.095170 2.127355
v 4.989656 -4.094425 2.126508
v 4.990942 -4.094119 2.126141
v 4.982614 -4.724451 1.260438
v 4.986666 -4.728170 1.251139
v 4.982901 -4.725927 1.256937
v 4.983767 -4.727149 1.253941
v 4.985090 -4.727937 1.251905
v 4.990362 -4.641168 1.988477
v 4.994318 -4.641494 1.993412
v 4.990686 -4.641710 1.990808
v 4.991552 -4.641962 1.992565
v 4.992830 -4.641886 1.993478
v 4.981791 -4.467315 1.330360
v 4.985712 -4.466702 1.325101
v 4.982061 -4.466751 1.328008
v 4.982904 -4.466437 1.326183
v 4.984182 -4.466421 1.325161
v 4.998320 -2.580068 3.796324
v 5.002256 -2.577968 3.794336
v 4.998606 -2.578939 3.795226
v 4.999453 -2.578141 3.794462
v 5.000738 -2.577800 3.794150
v 5.003618 -2.916828 4.124624
v 5.007475 -2.918627 4.126262
v 5.003927 -2.917927 4.125687
v 5.004770 -2.918655 4.126371
v 5.006014 -2.918901 4.126573
v 5.012587 -1.544764 4.622517
v 5.016939 -1.536310 4.626586
v 5.012945 -1.541581 4.624136
v 5.013899 -1.538856 4.625477
v 5.015303 -1.537007 4.626336
v 5.010183 -1.646941 4.297769
v 5.014227 -1.641550 4.297478
v 5.010508 -1.644550 4.297322
v 5.011389 -1.642687 4.297108
v 5.012693 -1.641633 4.297164
v 5.004076 -2.392640 4.458307
v 5.007833 -2.397294 4.458179
v 5.004347 -2.394833 4.458693
v 5.005156 -2.396485 4.458804
v 5.006384 -2.397353 4.458623
v 5.107630 -3.749974 3.320052
v 5.111395 -3.745621 3.315470
v 5.109087 -3.749231 3.319267
v 5.110315 -3.748143 3.318121
v 5.111128 -3.746876 3.316788
v 5.104876 -3.079346 3.458805
v 5.108915 -3.083427 3.463067
v 5.106405 -3.079984 3.459466
v 5.107710 -3.080982 3.460508
v 5.108591 -3.082191 3.461773
v 5.109671 -3.338205 3.730227
v 5.113440 -3.333863 3.725656
v 5.111128 -3.337464 3.729442
v 5.112356 -3.336378 3.728298
v 5.113169 -3.335114 3.726969
v 5.102835 -3.491124 3.048640
v 5.106874 -3.495208 3.052905
v 5.104364 -3.491761 3.049302
v 5.105669 -3.492760 3.050344
v 5.106550 -3.493972 3.051610
v 5.100100 -3.837989 2.613541
v 5.104147 -3.842099 2.617833
v 5.101633 -3.838630 2.614206
v 5.102941 -3.839635 2.615254
v 5.103823 -3.840855 2.616528
v 5.104898 -4.097261 2.885396
v 5.108679 -4.092877 2.880779
v 5.106363 -4.096517 2.884607
v 5.107595 -4.095421 2.883452
v 5.108404 -4.094142 2.882108
v 5.101610 -4.375495 2.440064
v 5.105402 -4.371141 2.435249
v 5.103079 -4.374750 2.439259
v 5.104315 -4.373660 2.438061
v 5.105131 -4.372394 2.436653
v 5.096704 -4.122137 2.155011
v 5.100763 -4.126207 2.159491
v 5.098242 -4.122774 2.155689
v 5.099550 -4.123771 2.156779
v 5.100439 -4.124976 2.158114
v 5.089998 -4.724036 1.246317
v 5.094244 -4.719268 1.256909
v 5.091593 -4.723622 1.247065
v 5.092958 -4.722570 1.249339
v 5.093893 -4.721042 1.252795
v 5.097567 -4.605301 1.954973
v 5.101347 -4.602637 1.946313
v 5.099039 -4.604683 1.953872
v 5.100275 -4.603959 1.951840
v 5.101088 -4.603241 1.949185
v 5.089941 -4.494538 1.353801
v 5.094034 -4.496912 1.362101
v 5.091478 -4.495047 1.354770
v 5.092794 -4.495676 1.356687
v 5.093695 -4.496331 1.359261
v 5.106520 -2.605813 3.823046
v 5.110556 -2.610084 3.827211
v 5.108049 -2.606465 3.823699
v 5.109354 -2.607505 3.824721
v 5.110235 -2.608776 3.825954
v 5.110830 -2.882398 4.087785
v 5.114614 -2.877880 4.083322
v 5.112291 -2.881642 4.087008
v 5.113523 -2.880519 4.085886
v 5.114340 -2.879198 4.084593
v 5.120150 -1.532179 4.621770
v 5.124186 -1.541549 4.616665
v 5.121729 -1.532841 4.621321
v 5.123049 -1.534854 4.620195
v 5.123915 -1.537911 4.618560
v 5.118483 -1.669396 4.326186
v 5.122396 -1.677740 4.328246
v 5.120005 -1.670359 4.326680
v 5.121283 -1.672281 4.327245
v 5.122122 -1.674873 4.327796
v 5.111170 -2.361071 4.419707
v 5.115091 -2.353068 4.417395
v 5.112650 -2.360048 4.419091
v 5.113913 -2.358169 4.418436
v 5.114771 -2.355718 4.417840
v 5.059584 -2.090496 4.605823
v 5.059511 -2.098677 4.603509
v 5.063303 -2.093654 4.604264
v 5.059553 -2.092495 4.605602
v 5.059530 -2.094750 4.605084
v 5.059515 -2.096922 4.604347
v 5.077406 -0.977361 4.640816
v 5.077394 -0.977880 4.642541
v 5.077417 -0.976501 4.642452
v 5.033007 -4.721335 0.783838
v 5.033022 -4.723076 0.784311
v 5.033007 -4.722933 0.782919
v 5.176241 -5.200109 2.467436
v 5.171617 -5.204794 2.467184
v 5.175898 -5.201886 2.466728
v 5.174902 -5.203399 2.466433
v 5.173399 -5.204421 2.466593
v 2.592665 -5.251468 5.040901
v 2.592451 -5.255875 5.036560
v 2.591879 -5.253183 5.040552
v 2.591562 -5.254624 5.039604
v 2.591764 -5.255568 5.038203
v 2.597521 -5.217796 2.496006
v 2.597017 -5.219121 2.495468
v 2.597208 -5.221004 2.495528
v 5.151587 -2.678408 5.063257
v 5.156149 -2.678296 5.058628
v 5.153334 -2.677673 5.062905
v 5.154818 -2.677394 5.061899
v 5.155806 -2.677614 5.060398
v 5.158335 -2.643103 2.518362
v 5.161833 -2.643598 2.518726
v 5.159666 -2.642597 2.517862
v 5.161558 -2.642866 2.518061
v 2.577444 -2.694235 5.088793
v 2.578325 -2.694867 5.092222
v 2.576971 -2.693770 5.090126
v 2.576971 -2.693726 5.091246
v 5.168554 -4.714801 2.702650
v 5.172846 -4.719401 2.700373
v 5.170187 -4.715147 2.702465
v 5.171576 -4.716142 2.701967
v 5.172510 -4.717634 2.701233
v 5.154905 -2.914568 4.574406
v 5.150633 -2.916830 4.569861
v 5.154577 -2.915428 4.572653
v 5.153646 -2.916160 4.571173
v 5.152266 -2.916652 4.570193
v 5.164637 -2.877835 2.733927
v 5.160402 -2.880094 2.736029
v 5.164320 -2.878694 2.734720
v 5.163404 -2.879425 2.735397
v 5.162031 -2.879916 2.735855
v 2.858274 -4.775330 5.043133
v 2.856184 -4.779878 5.047327
v 2.858240 -4.775700 5.044756
v 2.857832 -4.776694 5.046124
v 2.857111 -4.778162 5.047026
v 4.679590 -2.922411 5.059342
v 4.684233 -2.920109 5.063597
v 4.679956 -2.922258 5.060972
v 4.680967 -2.921766 5.062353
v 4.682470 -2.921014 5.063275
v 2.847849 -2.929802 5.085188
v 2.850096 -2.932025 5.080870
v 2.848829 -2.930674 5.084841
v 2.849600 -2.931404 5.083895
v 2.850042 -2.931879 5.082503
v 4.669855 -5.210555 2.682081
v 4.665342 -5.206351 2.684513
v 4.668135 -5.210252 2.682856
v 4.666674 -5.209345 2.683590
v 4.665693 -5.207976 2.684172
v 2.847105 -5.245397 4.563217
v 2.849279 -5.241048 4.559214
v 2.847944 -5.245042 4.561659
v 2.848654 -5.244087 4.560353
v 2.849119 -5.242685 4.559492
v 2.826319 -5.222345 2.702896
v 2.828268 -5.218112 2.705183
v 2.827070 -5.222026 2.703615
v 2.827703 -5.221111 2.704304
v 2.828123 -5.219735 2.704855
v 5.046675 -4.711069 2.705998
v 5.050932 -4.715271 2.703751
v 5.046999 -4.712681 2.705149
v 5.047918 -4.714046 2.704426
v 5.049299 -4.714954 2.703936
v 5.063646 -2.917234 4.570843
v 5.059347 -2.919300 4.566593
v 5.062014 -2.917397 4.570534
v 5.060621 -2.917848 4.569618
v 5.059687 -2.918516 4.568234
v 5.042776 -2.880560 2.737129
v 5.038565 -2.883649 2.740122
v 5.041151 -2.880801 2.737370
v 5.039782 -2.881472 2.738024
v 5.038874 -2.882471 2.738989
v 2.851458 -4.769390 4.951147
v 2.849768 -4.773736 4.955349
v 2.850687 -4.771028 4.951451
v 2.850092 -4.772431 4.952355
v 2.849771 -4.773382 4.953724
v 4.674299 -2.922841 4.963925
v 4.678598 -2.920757 4.968176
v 4.675932 -2.922021 4.964247
v 4.677320 -2.921337 4.965166
v 4.678255 -2.920894 4.966545
v 2.841555 -2.930360 4.988880
v 2.844183 -2.933283 4.984543
v 2.841635 -2.930559 4.987250
v 2.842161 -2.931184 4.985852
v 2.843054 -2.932140 4.984902
v 4.664850 -5.107821 2.696295
v 4.660593 -5.103637 2.698990
v 4.664518 -5.106201 2.696656
v 4.663591 -5.104836 2.697294
v 4.662214 -5.103934 2.698115
v 2.848742 -5.154071 4.560847
v 2.850786 -5.149720 4.556643
v 2.848886 -5.152434 4.560551
v 2.849329 -5.151032 4.559649
v 2.849997 -5.150079 4.558277
v 2.827768 -5.119559 2.716971
v 2.830790 -5.115357 2.720459
v 2.827993 -5.117942 2.717390
v 2.828646 -5.116574 2.718203
v 2.829626 -5.115666 2.719280
v 5.115278 -4.751655 4.532713
v 5.115271 -4.747481 4.537051
v 5.115282 -4.751363 4.534352
v 5.115282 -4.750468 4.535750
v 5.115278 -4.749106 4.536698
v 5.098989 -1.085278 4.600662
v 5.099009 -1.086582 4.603653
v 5.098989 -1.084471 4.601831
v 5.098997 -1.085178 4.603449
v 1.025068 -4.784118 5.020308
v 1.023760 -4.781085 5.020380
v 1.023645 -4.783894 5.020327
v 1.022940 -4.782254 5.020369
v 4.670916 -1.082503 5.049310
v 4.667910 -1.081277 5.049371
v 4.670683 -1.081103 5.049341
v 4.669054 -1.080440 5.049371
v 4.681826 -5.185838 4.539404
v 4.686041 -5.185746 4.535097
v 4.683454 -5.185823 4.539063
v 4.684828 -5.185799 4.538122
v 4.685736 -5.185773 4.536730
v 4.641111 -5.128432 0.844533
v 4.644155 -5.128431 0.845783
v 4.642263 -5.128411 0.843683
v 4.643908 -5.128411 0.844360
v 5.104204 -4.678417 0.873688
v 5.104189 -4.675379 0.872497
v 5.104200 -4.678160 0.872291
v 5.104193 -4.676516 0.871647
v 4.687273 -4.760668 4.978205
v 4.683031 -4.764948 4.978173
v 4.686953 -4.762298 4.978176
v 4.686037 -4.763685 4.978161
v 4.684660 -4.764615 4.978159
v 1.014898 -5.209243 4.577647
v 1.016191 -5.209282 4.580654
v 1.014048 -5.209282 4.579794
v 3.521524 -5.088474 3.538200
v 3.523413 -5.092355 3.539688
v 3.522684 -5.088791 3.539186
v 3.523451 -5.089637 3.539815
v 3.523706 -5.090892 3.539992
v 3.559069 -5.066514 2.804523
v 3.556978 -5.070440 2.802588
v 3.557894 -5.066794 2.803503
v 3.557081 -5.067639 2.802777
v 3.556761 -5.068919 2.802456
v 3.909933 -5.073284 3.106101
v 3.911814 -5.077167 3.107582
v 3.911089 -5.073599 3.107084
v 3.911852 -5.074447 3.107710
v 3.912104 -5.075700 3.107885
v 3.170683 -5.081701 3.236642
v 3.168589 -5.085630 3.234705
v 3.169508 -5.081983 3.235621
v 3.168695 -5.082827 3.234894
v 3.168371 -5.084109 3.234572
v 2.754068 -5.095186 3.605263
v 2.751951 -5.099116 3.603304
v 2.752882 -5.095466 3.604234
v 2.752066 -5.096310 3.603500
v 2.751738 -5.097593 3.603174
v 3.105314 -5.101963 3.907167
v 3.107229 -5.105857 3.908678
v 3.106485 -5.102282 3.908162
v 3.107260 -5.103132 3.908799
v 3.107519 -5.104387 3.908980
v 2.674749 -5.113517 4.207800
v 2.676817 -5.117427 4.209274
v 2.675981 -5.113836 4.208783
v 2.676805 -5.114690 4.209409
v 2.677099 -5.115952 4.209581
v 2.310949 -5.107007 3.912421
v 2.308680 -5.110945 3.910498
v 2.309706 -5.107287 3.911405
v 2.308836 -5.108135 3.910682
v 2.308474 -5.109419 3.910363
v 1.476366 -5.131966 4.584099
v 1.467344 -5.136281 4.588190
v 1.472956 -5.132350 4.585742
v 1.470041 -5.133305 4.587097
v 1.468069 -5.134685 4.587957
v 2.199171 -5.124022 4.463587
v 2.204187 -5.127894 4.463565
v 2.201536 -5.124315 4.464001
v 2.203318 -5.125155 4.464142
v 2.204248 -5.126413 4.463989
v 1.532930 -5.123907 4.323820
v 1.527716 -5.127912 4.323385
v 1.530558 -5.124212 4.323373
v 1.528734 -5.125080 4.323133
v 1.527739 -5.126381 4.323137
v 3.898344 -5.049881 2.313465
v 3.896322 -5.053805 2.311375
v 3.897192 -5.050159 2.312385
v 3.896406 -5.051002 2.311609
v 3.896101 -5.052284 2.311254
v 4.243154 -5.057210 2.632599
v 4.244955 -5.061107 2.634223
v 4.244280 -5.057530 2.633637
v 4.245016 -5.058381 2.634310
v 4.245253 -5.059636 2.634516
v 4.659765 -5.013482 1.242736
v 4.663607 -5.017337 1.233544
v 4.661276 -5.013688 1.239296
v 4.662535 -5.014491 1.236341
v 4.663351 -5.015773 1.234321
v 4.351091 -5.018881 1.360900
v 4.350653 -5.022695 1.355338
v 4.350546 -5.019116 1.358492
v 4.350271 -5.019924 1.356589
v 4.350309 -5.021179 1.355482
v 4.539091 -5.039388 2.092346
v 4.539232 -5.043405 2.097102
v 4.539587 -5.039746 2.094584
v 4.539785 -5.040636 2.096275
v 4.539659 -5.041920 2.097158
v 3.484961 -5.195552 3.503008
v 3.480223 -5.199305 3.498803
v 3.484163 -5.197008 3.502272
v 3.482985 -5.198233 3.501215
v 3.481600 -5.199040 3.499996
v 3.588926 -5.174750 2.826428
v 3.593462 -5.178807 2.830190
v 3.589647 -5.176283 2.826994
v 3.590761 -5.177592 2.827908
v 3.592100 -5.178477 2.829030
v 3.873358 -5.180363 3.070901
v 3.868631 -5.184117 3.066703
v 3.872560 -5.181820 3.070166
v 3.871386 -5.183043 3.069110
v 3.870005 -5.183849 3.067894
v 3.200537 -5.189940 3.258544
v 3.205076 -5.193994 3.262308
v 3.201258 -5.191474 3.259110
v 3.202372 -5.192781 3.260024
v 3.203714 -5.193669 3.261147
v 2.783895 -5.203416 3.627142
v 2.788465 -5.207476 3.630930
v 2.784620 -5.204950 3.627711
v 2.785742 -5.206262 3.628630
v 2.787092 -5.207148 3.629761
v 3.068785 -5.209036 3.872005
v 3.064013 -5.212796 3.867769
v 3.067984 -5.210494 3.871266
v 3.066797 -5.211721 3.870201
v 3.065401 -5.212529 3.868974
v 2.638380 -5.220570 4.172613
v 2.633413 -5.224351 4.168420
v 2.637564 -5.222036 4.171875
v 2.636335 -5.223269 4.170819
v 2.634878 -5.224081 4.169606
v 2.340620 -5.215234 3.934332
v 2.345373 -5.219298 3.938070
v 2.341356 -5.216770 3.934897
v 2.342520 -5.218081 3.935805
v 2.343927 -5.218971 3.936919
v 1.464148 -5.239562 4.581835
v 1.474554 -5.243494 4.576432
v 1.464903 -5.241134 4.581345
v 1.467142 -5.242434 4.580146
v 1.470533 -5.243262 4.578421
v 2.165773 -5.230988 4.426921
v 2.157053 -5.234870 4.424614
v 2.164667 -5.232469 4.426325
v 2.162622 -5.233727 4.425677
v 2.159945 -5.234569 4.425076
v 1.559652 -5.232191 4.347217
v 1.568136 -5.236181 4.349064
v 1.560675 -5.233724 4.347639
v 1.562647 -5.235021 4.348138
v 1.565268 -5.235884 4.348638
v 3.928266 -5.158113 2.335214
v 3.932718 -5.162174 2.339171
v 3.928980 -5.159647 2.335794
v 3.930078 -5.160957 2.336751
v 3.931391 -5.161846 2.337936
v 4.206503 -5.164289 2.597548
v 4.201872 -5.168040 2.593164
v 4.205717 -5.165744 2.596798
v 4.204557 -5.166971 2.595701
v 4.203207 -5.167776 2.594425
v 4.660410 -5.120592 1.227190
v 4.655653 -5.125093 1.237360
v 4.660009 -5.122210 1.227885
v 4.658964 -5.123635 1.230062
v 4.657434 -5.124647 1.233389
v 4.382597 -5.126998 1.379176
v 4.385073 -5.131203 1.387456
v 4.383162 -5.128543 1.380087
v 4.383829 -5.129885 1.381980
v 4.384500 -5.130819 1.384568
v 4.500795 -5.146554 2.060439
v 4.498194 -5.150194 2.052189
v 4.500158 -5.148008 2.059394
v 4.499441 -5.149211 2.057459
v 4.498754 -5.149979 2.054929
v 4.660330 -5.052620 0.677826
v 4.662008 -5.052622 0.678272
v 4.661879 -5.052581 0.676893
v 1.001207 -5.191281 4.604118
v 1.001768 -5.191330 4.605831
v 0.999773 -5.191330 4.605412
v 3.644793 -3.635129 4.990090
v 3.646109 -3.636647 4.994173
v 3.645765 -3.636243 4.990548
v 3.646357 -3.636923 4.991484
v 3.646479 -3.637063 4.992758
v 2.913027 -3.680948 4.939085
v 2.910902 -3.678534 4.942719
v 2.911985 -3.679760 4.939214
v 2.911219 -3.678885 4.939950
v 2.910837 -3.678455 4.941181
v 3.215727 -4.027179 4.990111
v 3.217035 -4.028690 4.994198
v 3.216696 -4.028289 4.990569
v 3.217287 -4.028968 4.991507
v 3.217405 -4.029109 4.992781
v 3.342112 -3.288919 4.939067
v 3.339983 -3.286497 4.942700
v 3.341070 -3.287728 4.939195
v 3.340300 -3.286853 4.939930
v 3.339918 -3.286420 4.941161
v 3.707701 -2.869486 4.932051
v 3.705545 -2.867036 4.935682
v 3.706652 -2.868286 4.932178
v 3.705873 -2.867397 4.932913
v 3.705484 -2.866959 4.934143
v 4.010736 -3.216098 4.983134
v 4.012068 -3.217636 4.987222
v 4.011713 -3.217219 4.983592
v 4.012312 -3.217904 4.984531
v 4.012434 -3.218051 4.985805
v 4.309610 -2.783555 4.969989
v 4.310896 -2.785230 4.974064
v 4.310572 -2.784730 4.970442
v 4.311155 -2.785459 4.971375
v 4.311270 -2.785633 4.972646
v 4.011229 -2.422594 4.920769
v 4.009100 -2.419979 4.924415
v 4.010191 -2.421329 4.920902
v 4.009417 -2.420389 4.921641
v 4.009035 -2.419916 4.922875
v 4.691801 -1.541670 4.957875
v 4.695017 -1.533404 4.962322
v 4.693171 -1.538664 4.958268
v 4.694265 -1.536037 4.959254
v 4.694914 -1.534191 4.960676
v 4.590399 -2.307301 4.950379
v 4.590380 -2.311286 4.954028
v 4.590860 -2.309359 4.950667
v 4.591021 -2.310841 4.951463
v 4.590853 -2.311516 4.952643
v 4.403238 -1.600294 4.945799
v 4.402319 -1.594888 4.949878
v 4.402658 -1.597963 4.946098
v 4.402281 -1.596115 4.946977
v 4.402163 -1.595035 4.948304
v 2.424887 -4.024709 4.930728
v 2.422609 -4.022368 4.934359
v 2.423788 -4.023550 4.930854
v 2.422972 -4.022697 4.931589
v 2.422556 -4.022284 4.932820
v 2.745069 -4.364702 4.982550
v 2.746523 -4.366135 4.986653
v 2.746096 -4.365787 4.983011
v 2.746733 -4.366439 4.983952
v 2.746881 -4.366562 4.985231
v 1.360636 -4.795847 4.914282
v 1.351297 -4.799413 4.918049
v 1.357199 -4.797361 4.914466
v 1.354216 -4.798568 4.915247
v 1.352144 -4.799290 4.916506
v 1.476915 -4.486855 4.897662
v 1.471182 -4.486130 4.901171
v 1.474497 -4.486315 4.897741
v 1.472555 -4.485987 4.898435
v 1.471392 -4.485921 4.899640
v 2.207628 -4.665836 4.967010
v 2.212194 -4.665579 4.971227
v 2.209848 -4.666276 4.967508
v 2.211496 -4.666383 4.968485
v 2.212320 -4.666138 4.969791
v 3.604639 -3.589590 5.091871
v 3.600264 -3.584597 5.094994
v 3.603838 -3.588678 5.093214
v 3.602724 -3.587409 5.094278
v 3.601469 -3.585978 5.094904
v 2.930197 -3.700979 5.050398
v 2.933798 -3.705114 5.054997
v 2.930696 -3.701556 5.052010
v 2.931559 -3.702546 5.053450
v 2.932646 -3.703794 5.054499
v 3.175570 -3.981638 5.091889
v 3.171194 -3.976647 5.095015
v 3.174768 -3.980723 5.093232
v 3.173655 -3.979455 5.094298
v 3.172399 -3.978025 5.094924
v 3.359278 -3.308943 5.050380
v 3.362883 -3.313084 5.054980
v 3.359777 -3.309522 5.051993
v 3.360640 -3.310511 5.053433
v 3.361731 -3.311762 5.054482
v 3.724840 -2.889480 5.043359
v 3.728476 -2.893650 5.047964
v 3.725344 -2.890060 5.044972
v 3.726210 -2.891058 5.046414
v 3.727308 -2.892317 5.047465
v 3.970598 -3.170582 5.084916
v 3.966204 -3.165570 5.088039
v 3.969797 -3.169668 5.086259
v 3.968679 -3.168394 5.087324
v 3.967417 -3.166953 5.087949
v 4.269434 -2.738177 5.071750
v 4.265097 -2.732995 5.074900
v 4.268633 -2.737250 5.073096
v 4.267527 -2.735939 5.074168
v 4.266287 -2.734445 5.074800
v 4.028391 -2.442423 5.032089
v 4.031988 -2.446789 5.036677
v 4.028891 -2.443020 5.033700
v 4.029753 -2.444060 5.035138
v 4.030836 -2.445383 5.036183
v 4.684053 -1.521238 5.064200
v 4.679483 -1.529414 5.068260
v 4.683569 -1.521705 5.065817
v 4.682528 -1.523420 5.067158
v 4.681093 -1.526127 5.068014
v 4.548918 -2.264237 5.051708
v 4.546175 -2.256261 5.055382
v 4.548239 -2.263097 5.053095
v 4.547480 -2.261181 5.054281
v 4.546755 -2.258781 5.055084
v 4.421614 -1.617331 5.057552
v 4.423696 -1.625137 5.061602
v 4.421995 -1.618189 5.059123
v 4.422529 -1.619975 5.060445
v 4.423124 -1.622414 5.061314
v 2.441904 -4.044811 5.042032
v 2.445700 -4.048854 5.046641
v 2.442419 -4.045380 5.043646
v 2.443319 -4.046351 5.045089
v 2.444471 -4.047568 5.046140
v 2.705065 -4.319091 5.084325
v 2.700499 -4.314196 5.087455
v 2.704245 -4.318185 5.085671
v 2.703093 -4.316936 5.086738
v 2.701776 -4.315532 5.087365
v 1.340303 -4.787210 5.020240
v 1.350237 -4.781987 5.024746
v 1.340925 -4.786660 5.021845
v 1.343031 -4.785475 5.023266
v 1.346300 -4.783834 5.024284
v 1.490477 -4.508572 5.008838
v 1.498575 -4.510597 5.013606
v 1.491320 -4.508989 5.010464
v 1.493154 -4.509521 5.011943
v 1.495703 -4.510086 5.013046
v 2.170752 -4.618553 5.068864
v 2.162344 -4.615716 5.071893
v 2.169638 -4.617800 5.070208
v 2.167650 -4.616998 5.071255
v 2.165091 -4.616266 5.071847
v 0.794546 -4.797972 4.928284
v 0.795000 -4.799640 4.928455
v 0.793055 -4.799174 4.928271
v 4.663504 -1.022153 5.035279
v 4.665400 -1.022546 5.035301
v 4.664164 -1.020981 5.035344
v 4.665190 -1.021196 5.035358
v 4.711740 -2.040134 4.991212
v 4.713652 -2.031623 4.991246
v 4.712542 -2.038344 4.991161
v 4.713186 -2.036096 4.991150
v 4.713575 -2.033737 4.991178
v 1.010992 -5.255580 4.580529
v 1.027754 -4.785815 5.067436
v 5.145494 -1.079933 4.604530
v 4.672453 -1.077379 5.099968
v 1.010073 -5.255881 4.580969
vt 0.448686 0.293482
vt 0.454072 0.294569
vt 0.451449 0.297118
vt 0.523929 0.015985
vt 0.536304 0.017580
vt 0.524099 0.018425
vt 0.457023 0.298085
vt 0.462844 0.298939
vt 0.460166 0.301459
vt 0.562555 0.040464
vt 0.574199 0.038477
vt 0.574241 0.040873
vt 0.466863 0.307618
vt 0.467517 0.312749
vt 0.464161 0.310081
vt 0.511783 0.017259
vt 0.511973 0.019701
vt 0.513048 0.043112
vt 0.499709 0.042817
vt 0.512818 0.040723
vt 0.537893 0.040857
vt 0.550255 0.038049
vt 0.550365 0.040445
vt 0.460796 0.307137
vt 0.457505 0.303962
vt 0.466178 0.302157
vt 0.463477 0.304654
vt 0.585544 0.039277
vt 0.585549 0.041677
vt 0.593867 0.017287
vt 0.582958 0.018503
vt 0.582915 0.016058
vt 0.571816 0.015237
vt 0.560442 0.017247
vt 0.560345 0.014805
vt 0.597336 0.040589
vt 0.597301 0.042988
vt 0.612860 0.042953
vt 0.612793 0.045342
vt 0.616313 0.021052
vt 0.604916 0.021406
vt 0.604933 0.018950
vt 0.470237 0.310307
vt 0.470893 0.315165
vt 0.634705 0.046797
vt 0.634622 0.049184
vt 0.660102 0.051375
vt 0.659872 0.053685
vt 0.627898 0.023424
vt 0.616272 0.023515
vt 0.477200 0.315025
vt 0.477976 0.319424
vt 0.474352 0.317375
vt 0.499660 0.018921
vt 0.499867 0.021369
vt 0.487111 0.020994
vt 0.487340 0.023454
vt 0.482118 0.049087
vt 0.456097 0.052946
vt 0.481784 0.046757
vt 0.459680 0.295543
vt 0.473771 0.023563
vt 0.474048 0.026028
vt 0.460246 0.026685
vt 0.460728 0.029068
vt 0.456386 0.055239
vt 0.425786 0.059150
vt 0.448118 0.285932
vt 0.453798 0.288060
vt 0.451237 0.290779
vt 0.536450 0.020011
vt 0.524269 0.020859
vt 0.561455 0.027624
vt 0.571988 0.020437
vt 0.573039 0.028039
vt 0.562478 0.038069
vt 0.574155 0.036072
vt 0.585503 0.036545
vt 0.595604 0.030132
vt 0.597323 0.037858
vt 0.512164 0.022138
vt 0.500075 0.023814
vt 0.537749 0.038460
vt 0.525055 0.036946
vt 0.537606 0.036059
vt 0.550144 0.035646
vt 0.525236 0.039347
vt 0.512587 0.038325
vt 0.548505 0.017200
vt 0.571886 0.017679
vt 0.560537 0.019683
vt 0.571956 0.020115
vt 0.597371 0.038183
vt 0.574123 0.035749
vt 0.584248 0.028847
vt 0.593880 0.019736
vt 0.582999 0.020941
vt 0.593891 0.022178
vt 0.634788 0.044406
vt 0.608876 0.032187
vt 0.612827 0.040227
vt 0.604896 0.023856
vt 0.627847 0.025896
vt 0.616228 0.025977
vt 0.660159 0.049075
vt 0.512177 0.022460
vt 0.524658 0.028848
vt 0.512372 0.030172
vt 0.499415 0.040424
vt 0.481444 0.044424
vt 0.487570 0.025907
vt 0.474321 0.028476
vt 0.499749 0.032055
vt 0.487512 0.026244
vt 0.500076 0.024139
vt 0.455799 0.050670
vt 0.425969 0.056433
vt 0.461028 0.031425
vt 0.525418 0.041739
vt 0.440686 0.040199
vt 0.460400 0.029212
vt 0.441790 0.042005
vt 0.460595 0.029295
vt 0.525036 0.036622
vt 0.512570 0.038000
vt 0.562400 0.035667
vt 0.537583 0.035735
vt 0.444378 0.279435
vt 0.450246 0.282272
vt 0.454382 0.300611
vt 0.481502 0.044094
vt 0.465121 0.039871
vt 0.484536 0.035152
vt 0.492938 0.323621
vt 0.500085 0.324848
vt 0.492921 0.324421
vt 0.499776 0.325634
vt 0.492902 0.325221
vt 0.583035 0.021264
vt 0.548384 0.014759
vt 0.524287 0.021180
vt 0.537021 0.027978
vt 0.548625 0.019635
vt 0.440269 0.272161
vt 0.445478 0.273557
vt 0.440577 0.281010
vt 0.443248 0.285326
vt 0.461127 0.031719
vt 0.474152 0.028835
vt 0.455994 0.050329
vt 0.443368 0.043829
vt 0.481512 0.317448
vt 0.481808 0.321341
vt 0.472979 0.307855
vt 0.473629 0.312746
vt 0.585539 0.036870
vt 0.616454 0.026338
vt 0.625480 0.035193
vt 0.469585 0.305142
vt 0.476390 0.310318
vt 0.549374 0.027588
vt 0.550119 0.035323
vt 0.500001 0.045199
vt 0.589948 0.193340
vt 0.633707 0.183044
vt 0.590817 0.194208
vt 0.499410 0.040099
vt 0.486919 0.320264
vt 0.485518 0.323041
vt 0.492113 0.319370
vt 0.492804 0.323513
vt 0.634562 0.044053
vt 0.643614 0.038658
vt 0.659455 0.048634
vt 0.627699 0.028666
vt 0.440163 0.272032
vt 0.439062 0.263354
vt 0.439897 0.263176
vt 0.445985 0.289580
vt 0.439358 0.272016
vt 0.438218 0.263557
vt 0.604996 0.024191
vt 0.536158 0.015140
vt 0.562371 0.035344
vt 0.593938 0.022504
vt 0.485763 0.323981
vt 0.485527 0.323131
vt 0.480074 0.312676
vt 0.612927 0.040559
vt 0.485995 0.324833
vt 0.560566 0.020004
vt 0.548651 0.019956
vt 0.536471 0.020332
vt 0.456710 0.292004
vt 0.485069 0.315507
vt 0.676552 0.134225
vt 0.601727 0.092739
vt 0.695698 0.138552
vt 0.519680 0.103003
vt 0.552985 0.142417
vt 0.552184 0.143148
vt 0.523652 0.104804
vt 0.553788 0.141689
vt 0.584668 0.170079
vt 0.591523 0.134208
vt 0.616731 0.148219
vt 0.535285 0.281588
vt 0.489729 0.210577
vt 0.494937 0.209480
vt 0.633433 0.181582
vt 0.683050 0.175694
vt 0.556387 0.231062
vt 0.535241 0.275572
vt 0.555301 0.230654
vt 0.594946 0.116298
vt 0.648763 0.126381
vt 0.571088 0.290181
vt 0.650126 0.252673
vt 0.557384 0.304836
vt 0.495727 0.129052
vt 0.536977 0.159626
vt 0.496941 0.131336
vt 0.592979 0.234507
vt 0.630529 0.234052
vt 0.593485 0.272055
vt 0.567510 0.188905
vt 0.536229 0.160418
vt 0.701368 0.158760
vt 0.654101 0.256774
vt 0.488494 0.110445
vt 0.483910 0.211794
vt 0.481814 0.091853
vt 0.538635 0.300359
vt 0.646291 0.248725
vt 0.683194 0.175907
vt 0.686716 0.173581
vt 0.578958 0.237287
vt 0.590689 0.194338
vt 0.580043 0.237494
vt 0.582522 0.179678
vt 0.540331 0.146498
vt 0.546523 0.144707
vt 0.602618 0.087591
vt 0.715871 0.143211
vt 0.589691 0.193221
vt 0.634693 0.175538
vt 0.633453 0.181379
vt 0.571738 0.289459
vt 0.644882 0.247359
vt 0.476043 0.096570
vt 0.455374 0.146625
vt 0.443365 0.111236
vt 0.575851 0.186678
vt 0.540157 0.146691
vt 0.581154 0.185190
vt 0.631246 0.163670
vt 0.626973 0.159219
vt 0.573080 0.238835
vt 0.578756 0.237314
vt 0.635958 0.168963
vt 0.715982 0.143585
vt 0.635885 0.168707
vt 0.569838 0.188450
vt 0.568677 0.188765
vt 0.495501 0.129204
vt 0.496639 0.208947
vt 0.495258 0.209394
vt 0.500813 0.096992
vt 0.482039 0.091538
vt 0.535090 0.277993
vt 0.535134 0.280725
vt 0.557475 0.231468
vt 0.535347 0.277986
vt 0.585338 0.189045
vt 0.566619 0.240439
vt 0.581377 0.185246
vt 0.495222 0.128407
vt 0.538852 0.153044
vt 0.537799 0.158654
vt 0.583840 0.173830
vt 0.542686 0.320105
vt 0.680040 0.177794
vt 0.633977 0.184494
vt 0.583805 0.173548
vt 0.584062 0.172365
vt 0.600845 0.097694
vt 0.672726 0.134256
vt 0.600420 0.099223
vt 0.445040 0.171652
vt 0.477719 0.156987
vt 0.479394 0.217403
vt 0.519799 0.102776
vt 0.521923 0.103785
vt 0.583989 0.173588
vt 0.626215 0.157948
vt 0.626834 0.159064
vt 0.566364 0.240366
vt 0.561718 0.235774
vt 0.537728 0.158836
vt 0.568629 0.188592
vt 0.542327 0.319928
vt 0.410687 0.125901
vt 0.581309 0.185029
vt 0.584312 0.171226
vt 0.600003 0.100737
vt 0.523743 0.104605
vt 0.670180 0.134319
vt 0.581128 0.237697
vt 0.680158 0.177969
vt 0.573137 0.287267
vt 0.643502 0.246009
vt 0.496724 0.131463
vt 0.498009 0.208506
vt 0.567557 0.189072
vt 0.535025 0.275579
vt 0.687423 0.172928
vt 0.646540 0.248975
vt 0.571497 0.289321
vt 0.572914 0.287121
vt 0.574182 0.285235
vt 0.591654 0.195044
vt 0.570071 0.188290
vt 0.566397 0.189665
vt 0.531152 0.198962
vt 0.533076 0.170164
vt 0.513554 0.203603
vt 0.499786 0.150683
vt 0.552001 0.143226
vt 0.519003 0.102537
vt 0.562887 0.138132
vt 0.541128 0.106216
vt 0.584238 0.172403
vt 0.625595 0.156834
vt 0.630040 0.196486
vt 0.667572 0.196049
vt 0.592472 0.196923
vt 0.617856 0.221688
vt 0.557634 0.231597
vt 0.546851 0.223110
vt 0.527323 0.256523
vt 0.497943 0.133329
vt 0.600923 0.097365
vt 0.672722 0.134495
vt 0.675709 0.134365
vt 0.670182 0.134538
vt 0.477066 0.262927
vt 0.481773 0.265699
vt 0.478478 0.267251
vt 0.504415 0.053371
vt 0.516811 0.053521
vt 0.504867 0.055700
vt 0.483421 0.269956
vt 0.488626 0.272602
vt 0.485313 0.274133
vt 0.545630 0.075713
vt 0.558314 0.073224
vt 0.558421 0.075879
vt 0.489735 0.282041
vt 0.488779 0.287116
vt 0.486411 0.283545
vt 0.493138 0.056115
vt 0.493617 0.058325
vt 0.496280 0.079483
vt 0.484587 0.079596
vt 0.496007 0.077330
vt 0.519957 0.076744
vt 0.532511 0.073506
vt 0.532696 0.076000
vt 0.484128 0.279704
vt 0.482010 0.275658
vt 0.490764 0.276668
vt 0.487443 0.278188
vt 0.571057 0.073826
vt 0.571111 0.076546
vt 0.579658 0.048254
vt 0.567169 0.050372
vt 0.566944 0.047591
vt 0.554347 0.047572
vt 0.542027 0.050795
vt 0.541694 0.048164
vt 0.584591 0.075096
vt 0.584589 0.077871
vt 0.602769 0.077607
vt 0.602739 0.080425
vt 0.606365 0.051612
vt 0.592822 0.052490
vt 0.592727 0.049590
vt 0.492113 0.285630
vt 0.491249 0.290451
vt 0.628800 0.081554
vt 0.628789 0.084409
vt 0.659651 0.085970
vt 0.659657 0.088844
vt 0.620366 0.054513
vt 0.606359 0.054558
vt 0.497302 0.292251
vt 0.496695 0.296690
vt 0.493866 0.293616
vt 0.482565 0.059213
vt 0.483057 0.061302
vt 0.472374 0.062660
vt 0.472871 0.064637
vt 0.470432 0.085460
vt 0.450717 0.089897
vt 0.470076 0.083614
vt 0.486728 0.268412
vt 0.462261 0.066461
vt 0.462782 0.068338
vt 0.452380 0.070704
vt 0.453041 0.072423
vt 0.451003 0.091551
vt 0.430748 0.095368
vt 0.479027 0.255674
vt 0.483628 0.259505
vt 0.480344 0.261221
vt 0.517207 0.055953
vt 0.505297 0.058023
vt 0.543902 0.061921
vt 0.554956 0.053339
vt 0.556605 0.061706
vt 0.545481 0.073132
vt 0.558191 0.070560
vt 0.570942 0.070721
vt 0.582304 0.063051
vt 0.584522 0.071921
vt 0.494072 0.060530
vt 0.483527 0.063389
vt 0.519742 0.074349
vt 0.507257 0.073361
vt 0.519506 0.071948
vt 0.532309 0.071005
vt 0.507522 0.075649
vt 0.495709 0.075169
vt 0.529312 0.051877
vt 0.554630 0.050283
vt 0.542342 0.053418
vt 0.554897 0.052984
vt 0.584584 0.072312
vt 0.558145 0.070202
vt 0.569231 0.062047
vt 0.579820 0.051097
vt 0.567379 0.053141
vt 0.579967 0.053927
vt 0.628807 0.078703
vt 0.597831 0.065053
vt 0.602670 0.074409
vt 0.592903 0.055377
vt 0.620089 0.057439
vt 0.606340 0.057477
vt 0.659645 0.083095
vt 0.494116 0.060822
vt 0.506392 0.065647
vt 0.495012 0.067817
vt 0.484242 0.077577
vt 0.469700 0.081764
vt 0.473348 0.066613
vt 0.463287 0.070206
vt 0.484008 0.070473
vt 0.473339 0.066916
vt 0.483559 0.063673
vt 0.450409 0.088248
vt 0.430868 0.094517
vt 0.453677 0.074101
vt 0.507765 0.077931
vt 0.439377 0.083057
vt 0.440427 0.084137
vt 0.441461 0.085227
vt 0.507227 0.073059
vt 0.495679 0.074879
vt 0.545314 0.070545
vt 0.519470 0.071623
vt 0.477712 0.248428
vt 0.482188 0.252951
vt 0.480123 0.271494
vt 0.469734 0.081477
vt 0.457022 0.079523
vt 0.471659 0.074286
vt 0.642181 0.066621
vt 0.661766 0.080868
vt 0.640960 0.068990
vt 0.659719 0.082891
vt 0.639734 0.071353
vt 0.567441 0.053503
vt 0.528936 0.049336
vt 0.505346 0.058327
vt 0.518457 0.063894
vt 0.529668 0.054411
vt 0.476284 0.240354
vt 0.480549 0.243302
vt 0.473908 0.248697
vt 0.474810 0.253530
vt 0.453739 0.074184
vt 0.463236 0.070560
vt 0.450643 0.087897
vt 0.442023 0.085135
vt 0.500694 0.295889
vt 0.499779 0.299741
vt 0.495468 0.284138
vt 0.494594 0.288987
vt 0.570990 0.071096
vt 0.606567 0.057981
vt 0.617424 0.068153
vt 0.493076 0.280529
vt 0.497961 0.287519
vt 0.531075 0.062649
vt 0.532268 0.070670
vt 0.484908 0.081604
vt 0.459050 0.279989
vt 0.464411 0.281227
vt 0.461703 0.283704
vt 0.484215 0.077281
vt 0.505100 0.300266
vt 0.502891 0.302660
vt 0.510371 0.300743
vt 0.509885 0.304948
vt 0.628516 0.078303
vt 0.639057 0.071461
vt 0.658706 0.082645
vt 0.619783 0.060432
vt 0.430505 0.094978
vt 0.429471 0.094758
vt 0.475855 0.258387
vt 0.431299 0.095121
vt 0.593027 0.055797
vt 0.516395 0.051080
vt 0.545270 0.070200
vt 0.580043 0.054302
vt 0.500760 0.290884
vt 0.602794 0.074789
vt 0.619809 0.060294
vt 0.542400 0.053765
vt 0.529724 0.054744
vt 0.517260 0.056271
vt 0.485077 0.264142
vt 0.504701 0.295087
vt 0.573171 0.364001
vt 0.561093 0.362348
vt 0.573019 0.361617
vt 0.467258 0.284848
vt 0.473074 0.285908
vt 0.470291 0.288341
vt 0.535798 0.339721
vt 0.524382 0.341415
vt 0.524395 0.339066
vt 0.476757 0.294774
vt 0.477202 0.299931
vt 0.473955 0.297127
vt 0.585044 0.362800
vt 0.584862 0.360416
vt 0.583887 0.337663
vt 0.596836 0.338018
vt 0.584097 0.339985
vt 0.559764 0.339675
vt 0.547728 0.342258
vt 0.547654 0.339928
vt 0.470707 0.294051
vt 0.467535 0.290752
vt 0.476297 0.289272
vt 0.473489 0.291669
vt 0.513255 0.340357
vt 0.513323 0.338000
vt 0.504767 0.362039
vt 0.515498 0.360870
vt 0.515521 0.363266
vt 0.526367 0.364195
vt 0.537510 0.362386
vt 0.537572 0.364775
vt 0.501627 0.338696
vt 0.501784 0.336339
vt 0.486101 0.335877
vt 0.486345 0.333569
vt 0.481919 0.359176
vt 0.493644 0.358220
vt 0.493672 0.360651
vt 0.480020 0.297603
vt 0.480479 0.302488
vt 0.464285 0.331672
vt 0.464531 0.329411
vt 0.438971 0.327507
vt 0.439009 0.325076
vt 0.469994 0.357423
vt 0.481915 0.356730
vt 0.486813 0.302610
vt 0.487415 0.307202
vt 0.483853 0.304866
vt 0.596865 0.361154
vt 0.596653 0.358769
vt 0.608999 0.359001
vt 0.608756 0.356615
vt 0.613972 0.331879
vt 0.639655 0.327567
vt 0.614296 0.334176
vt 0.470012 0.282382
vt 0.621753 0.356285
vt 0.621485 0.353898
vt 0.634851 0.353212
vt 0.634569 0.350824
vt 0.639312 0.325283
vt 0.669598 0.319581
vt 0.458709 0.272446
vt 0.464328 0.274678
vt 0.461681 0.277349
vt 0.560973 0.359973
vt 0.572866 0.359240
vt 0.536663 0.352245
vt 0.526264 0.359107
vt 0.525338 0.351655
vt 0.535829 0.342054
vt 0.524374 0.343774
vt 0.513216 0.343050
vt 0.503107 0.349231
vt 0.501503 0.341394
vt 0.584679 0.358039
vt 0.596440 0.356391
vt 0.559880 0.342003
vt 0.572192 0.343576
vt 0.559996 0.344337
vt 0.547803 0.344596
vt 0.572032 0.341242
vt 0.584307 0.342316
vt 0.549172 0.362588
vt 0.526329 0.361805
vt 0.537450 0.360004
vt 0.526291 0.359421
vt 0.501468 0.341072
vt 0.524399 0.344092
vt 0.514338 0.350678
vt 0.504746 0.359629
vt 0.515478 0.358477
vt 0.504728 0.357217
vt 0.464028 0.333919
vt 0.489761 0.347005
vt 0.485932 0.338517
vt 0.493621 0.355787
vt 0.470155 0.355052
vt 0.481910 0.354295
vt 0.439331 0.330111
vt 0.584666 0.357725
vt 0.572532 0.351454
vt 0.584493 0.350226
vt 0.597108 0.340346
vt 0.614622 0.336480
vt 0.608512 0.354234
vt 0.621217 0.351515
vt 0.596767 0.348418
vt 0.608569 0.353906
vt 0.596439 0.356075
vt 0.639998 0.329856
vt 0.669842 0.321861
vt 0.634284 0.348435
vt 0.571872 0.338918
vt 0.451066 0.258912
vt 0.450819 0.267268
vt 0.450283 0.258934
vt 0.449973 0.267072
vt 0.449499 0.258958
vt 0.572208 0.343890
vt 0.584321 0.342631
vt 0.535864 0.344396
vt 0.560015 0.344651
vt 0.455223 0.266028
vt 0.460895 0.268852
vt 0.464528 0.287291
vt 0.614564 0.336808
vt 0.630585 0.340627
vt 0.611539 0.345376
vt 0.452323 0.345371
vt 0.437227 0.331705
vt 0.453218 0.343516
vt 0.439271 0.330257
vt 0.454106 0.341666
vt 0.515446 0.358162
vt 0.549261 0.364975
vt 0.572851 0.358927
vt 0.560489 0.352202
vt 0.549083 0.360208
vt 0.451172 0.259041
vt 0.456259 0.260329
vt 0.451750 0.267468
vt 0.454001 0.271708
vt 0.634176 0.348147
vt 0.621396 0.351159
vt 0.639806 0.330216
vt 0.651768 0.335272
vt 0.491159 0.305236
vt 0.491210 0.309603
vt 0.482860 0.295266
vt 0.483313 0.300181
vt 0.513189 0.342728
vt 0.481730 0.353950
vt 0.473000 0.343864
vt 0.479582 0.292413
vt 0.486166 0.297865
vt 0.548449 0.352447
vt 0.547824 0.344911
vt 0.596566 0.335702
vt 0.597111 0.340663
vt 0.496828 0.308336
vt 0.494998 0.311958
vt 0.502426 0.307095
vt 0.503114 0.311723
vt 0.464221 0.334240
vt 0.454513 0.341625
vt 0.439896 0.330453
vt 0.470212 0.352379
vt 0.449790 0.250598
vt 0.450665 0.250442
vt 0.456495 0.276020
vt 0.448997 0.250860
vt 0.493528 0.355457
vt 0.561213 0.364734
vt 0.535887 0.344712
vt 0.504684 0.356898
vt 0.469824 0.354916
vt 0.469663 0.357262
vt 0.489778 0.300352
vt 0.485848 0.338194
vt 0.469983 0.352597
vt 0.537426 0.359691
vt 0.549062 0.359895
vt 0.560955 0.359661
vt 0.467140 0.278725
vt 0.494892 0.303274
vt 0.500343 0.324033
vt 0.500335 0.324007
vt 0.500363 0.324037
vt 0.500300 0.324004
vt 0.500303 0.323979
vt 0.500358 0.324006
vt 0.500326 0.323983
vt 0.500202 0.323916
vt 0.500195 0.323942
vt 0.500152 0.323913
vt 0.500263 0.323927
vt 0.500258 0.323949
vt 0.500249 0.323973
vt 0.500310 0.323961
vt 0.659827 0.053736
vt 0.659731 0.053727
vt 0.659926 0.053682
vt 0.659888 0.053742
vt 0.659717 0.053776
vt 0.659570 0.053757
vt 0.500348 0.323985
vt 0.459928 0.026762
vt 0.459995 0.026805
vt 0.459922 0.026843
vt 0.440531 0.280973
vt 0.440510 0.280982
vt 0.440509 0.280953
vt 0.460002 0.026726
vt 0.460083 0.026762
vt 0.460018 0.026660
vt 0.460071 0.026695
vt 0.440545 0.281013
vt 0.440552 0.280993
vt 0.440562 0.281030
vt 0.440538 0.281029
vt 0.440529 0.280996
vt 0.440528 0.281013
vt 0.460171 0.026720
vt 0.460205 0.026629
vt 0.460136 0.026663
vt 0.460156 0.026591
vt 0.460063 0.026656
vt 0.460102 0.026622
vt 0.439925 0.263186
vt 0.439926 0.263221
vt 0.439897 0.263144
vt 0.439927 0.263163
vt 0.439953 0.263220
vt 0.439957 0.263275
vt 0.439949 0.263196
vt 0.426079 0.061536
vt 0.426128 0.061587
vt 0.426024 0.061536
vt 0.426221 0.061574
vt 0.426239 0.061622
vt 0.426066 0.061594
vt 0.425995 0.061538
vt 0.439947 0.263174
vt 0.439987 0.263330
vt 0.440013 0.263323
vt 0.440015 0.263374
vt 0.439982 0.263266
vt 0.440003 0.263261
vt 0.439970 0.263213
vt 0.499747 0.325657
vt 0.499712 0.325653
vt 0.499805 0.325642
vt 0.499768 0.325660
vt 0.499695 0.325672
vt 0.499637 0.325671
vt 0.499723 0.325672
vt 0.660098 0.048981
vt 0.660214 0.049072
vt 0.659998 0.048969
vt 0.659972 0.048889
vt 0.660161 0.048983
vt 0.660052 0.048912
vt 0.659648 0.048677
vt 0.659613 0.048736
vt 0.499633 0.325690
vt 0.499558 0.325688
vt 0.659821 0.048793
vt 0.659805 0.048852
vt 0.499697 0.325688
vt 0.425914 0.056279
vt 0.426035 0.056271
vt 0.425874 0.056349
vt 0.426107 0.056204
vt 0.426174 0.056217
vt 0.425996 0.056320
vt 0.426116 0.056264
vt 0.426491 0.056111
vt 0.426465 0.056070
vt 0.426623 0.056034
vt 0.407536 0.225281
vt 0.407524 0.225221
vt 0.407731 0.225192
vt 0.426326 0.056168
vt 0.426292 0.056134
vt 0.426193 0.056253
vt 0.426061 0.056330
vt 0.426167 0.056328
vt 0.425864 0.056390
vt 0.426346 0.056221
vt 0.589907 0.193364
vt 0.589877 0.193316
vt 0.589869 0.193395
vt 0.589849 0.193333
vt 0.589795 0.193288
vt 0.589827 0.193354
vt 0.589797 0.193309
vt 0.589790 0.193405
vt 0.589839 0.193434
vt 0.589816 0.193476
vt 0.589761 0.193325
vt 0.589807 0.193376
vt 0.589758 0.193287
vt 0.589734 0.193255
vt 0.589727 0.193263
vt 0.495630 0.129028
vt 0.495538 0.128858
vt 0.495505 0.128856
vt 0.495401 0.128722
vt 0.495370 0.128665
vt 0.495450 0.128872
vt 0.495523 0.129095
vt 0.495344 0.128641
vt 0.495434 0.128882
vt 0.686589 0.173355
vt 0.686856 0.173289
vt 0.686671 0.173387
vt 0.687307 0.173013
vt 0.687250 0.173021
vt 0.686733 0.173488
vt 0.686933 0.173323
vt 0.686881 0.173312
vt 0.686915 0.173318
vt 0.687047 0.173185
vt 0.687148 0.173129
vt 0.571530 0.289410
vt 0.571409 0.289575
vt 0.571432 0.289616
vt 0.571350 0.289770
vt 0.571305 0.289841
vt 0.571467 0.289666
vt 0.571638 0.289476
vt 0.571479 0.289681
vt 0.571282 0.289902
vt 0.571328 0.289809
vt 0.571456 0.289637
vt 0.571575 0.289457
vt 0.675744 0.134297
vt 0.675915 0.134320
vt 0.675755 0.134243
vt 0.675951 0.134239
vt 0.675939 0.134274
vt 0.676085 0.134249
vt 0.676119 0.134260
vt 0.675696 0.134126
vt 0.675980 0.134216
vt 0.675742 0.134190
vt 0.676002 0.134204
vt 0.676260 0.134237
vt 0.676159 0.134247
vt 0.676355 0.134253
vt 0.676418 0.134227
vt 0.569862 0.188283
vt 0.569813 0.188310
vt 0.569789 0.188271
vt 0.569936 0.188315
vt 0.569879 0.188311
vt 0.569888 0.188340
vt 0.569831 0.188355
vt 0.569923 0.188330
vt 0.569960 0.188346
vt 0.569981 0.188314
vt 0.570020 0.188309
vt 0.570017 0.188299
vt 0.569947 0.188298
vt 0.569839 0.188403
vt 0.569895 0.188402
vt 0.569895 0.188369
vt 0.569942 0.188337
vt 0.535341 0.280990
vt 0.535326 0.280790
vt 0.535397 0.280736
vt 0.535288 0.281182
vt 0.535302 0.281011
vt 0.535206 0.280789
vt 0.535231 0.281037
vt 0.535266 0.280806
vt 0.535248 0.281033
vt 0.535286 0.281223
vt 0.535275 0.281308
vt 0.535272 0.281015
vt 0.535282 0.281146
vt 0.583942 0.173648
vt 0.583941 0.173592
vt 0.583880 0.173699
vt 0.583910 0.173649
vt 0.583893 0.173586
vt 0.583872 0.173680
vt 0.583880 0.173644
vt 0.583846 0.173775
vt 0.583858 0.173694
vt 0.583860 0.173738
vt 0.583856 0.173778
vt 0.583890 0.173716
vt 0.583846 0.173571
vt 0.583822 0.173622
vt 0.583851 0.173637
vt 0.583841 0.173705
vt 0.519481 0.102802
vt 0.519662 0.102917
vt 0.519479 0.102835
vt 0.519319 0.102695
vt 0.519332 0.102702
vt 0.519714 0.102814
vt 0.519500 0.102728
vt 0.519674 0.102859
vt 0.519494 0.102775
vt 0.519493 0.102747
vt 0.519248 0.102649
vt 0.542557 0.320196
vt 0.542593 0.320075
vt 0.476090 0.096608
vt 0.476081 0.096604
vt 0.476093 0.096571
vt 0.542447 0.320171
vt 0.542502 0.320038
vt 0.476061 0.096558
vt 0.476062 0.096589
vt 0.542171 0.320163
vt 0.542315 0.320198
vt 0.542273 0.320375
vt 0.476077 0.096562
vt 0.476072 0.096543
vt 0.542415 0.319988
vt 0.542257 0.319979
vt 0.542352 0.320104
vt 0.542222 0.320038
vt 0.542424 0.320229
vt 0.715901 0.143162
vt 0.716001 0.143267
vt 0.715911 0.143305
vt 0.715961 0.143128
vt 0.715940 0.143396
vt 0.716075 0.143259
vt 0.716045 0.143358
vt 0.479407 0.217422
vt 0.479382 0.217412
vt 0.479412 0.217397
vt 0.479427 0.217424
vt 0.479404 0.217436
vt 0.479377 0.217415
vt 0.479422 0.217433
vt 0.715961 0.143489
vt 0.716058 0.143605
vt 0.716057 0.143459
vt 0.716114 0.143572
vt 0.716089 0.143344
vt 0.716121 0.143418
vt 0.581317 0.185242
vt 0.581370 0.185187
vt 0.581261 0.185231
vt 0.581316 0.185188
vt 0.581357 0.185133
vt 0.581280 0.185153
vt 0.581310 0.185145
vt 0.581186 0.185141
vt 0.581207 0.185214
vt 0.581222 0.185100
vt 0.581232 0.185167
vt 0.581273 0.185184
vt 0.581291 0.185107
vt 0.581262 0.185063
vt 0.581337 0.185081
vt 0.581257 0.185132
vt 0.481716 0.091834
vt 0.481867 0.091766
vt 0.481628 0.091774
vt 0.481773 0.091681
vt 0.481921 0.091688
vt 0.481727 0.091602
vt 0.481829 0.091593
vt 0.481589 0.091384
vt 0.481721 0.091496
vt 0.481519 0.091638
vt 0.481831 0.091266
vt 0.481828 0.091491
vt 0.481789 0.091554
vt 0.481899 0.091529
vt 0.482026 0.091455
vt 0.481978 0.091612
vt 0.680033 0.177874
vt 0.679968 0.177859
vt 0.680125 0.177860
vt 0.680073 0.177894
vt 0.679985 0.177919
vt 0.679908 0.177922
vt 0.680026 0.177923
vt 0.680075 0.177939
vt 0.680144 0.177898
vt 0.680056 0.178006
vt 0.680010 0.177961
vt 0.679854 0.177983
vt 0.679887 0.178041
vt 0.681105 0.178458
vt 0.679939 0.177974
vt 0.679969 0.178027
vt 0.591673 0.195085
vt 0.591616 0.195070
vt 0.591687 0.195126
vt 0.591637 0.195107
vt 0.591584 0.195099
vt 0.591654 0.195210
vt 0.591695 0.195168
vt 0.590260 0.193769
vt 0.591612 0.195201
vt 0.591653 0.195167
vt 0.591555 0.195131
vt 0.591571 0.195188
vt 0.591530 0.195169
vt 0.591593 0.195151
vt 0.574266 0.285227
vt 0.574221 0.285294
vt 0.574250 0.285159
vt 0.574313 0.285176
vt 0.574288 0.285268
vt 0.574317 0.285218
vt 0.574438 0.285073
vt 0.574377 0.285039
vt 0.574996 0.286178
vt 0.574424 0.285158
vt 0.574369 0.285128
vt 0.574314 0.285096
vt 0.574356 0.285201
vt 0.574367 0.285356
vt 0.574335 0.285269
vt 0.574404 0.285249
vt 0.574293 0.285342
vt 0.567530 0.188945
vt 0.567474 0.188931
vt 0.567544 0.188985
vt 0.567495 0.188967
vt 0.567443 0.188959
vt 0.567507 0.188995
vt 0.567470 0.188986
vt 0.567512 0.189068
vt 0.567553 0.189027
vt 0.567471 0.189060
vt 0.567511 0.189026
vt 0.567480 0.189023
vt 0.567416 0.188991
vt 0.567431 0.189046
vt 0.569145 0.188665
vt 0.567452 0.189011
vt 0.567486 0.189001
vt 0.497908 0.133402
vt 0.497874 0.133334
vt 0.497976 0.133419
vt 0.497927 0.133462
vt 0.497864 0.133404
vt 0.497890 0.133449
vt 0.497952 0.133611
vt 0.498011 0.133574
vt 0.497010 0.133239
vt 0.497890 0.133565
vt 0.497940 0.133529
vt 0.497996 0.133498
vt 0.497885 0.133489
vt 0.497758 0.133434
vt 0.497841 0.133443
vt 0.497828 0.133511
vt 0.497802 0.133376
vt 0.535175 0.275522
vt 0.535223 0.275473
vt 0.535178 0.275602
vt 0.535136 0.275546
vt 0.535162 0.275455
vt 0.535201 0.275387
vt 0.535137 0.275488
vt 0.535096 0.275522
vt 0.535094 0.275605
vt 0.535049 0.275470
vt 0.535112 0.275454
vt 0.535178 0.275306
vt 0.535109 0.275303
vt 0.534517 0.275917
vt 0.535140 0.275386
vt 0.535077 0.275383
vt 0.670147 0.134465
vt 0.670226 0.134469
vt 0.670096 0.134514
vt 0.670072 0.134460
vt 0.670163 0.134435
vt 0.670236 0.134430
vt 0.670105 0.134439
vt 0.669908 0.134434
vt 0.669911 0.134482
vt 0.670528 0.133600
vt 0.669998 0.134400
vt 0.670001 0.134449
vt 0.670005 0.134496
vt 0.670145 0.134406
vt 0.670087 0.134362
vt 0.670226 0.134391
vt 0.670069 0.134425
vt 0.584436 0.171262
vt 0.584475 0.171219
vt 0.584481 0.171263
vt 0.584394 0.171256
vt 0.584433 0.171221
vt 0.584464 0.171178
vt 0.584407 0.171196
vt 0.584428 0.171190
vt 0.584335 0.171189
vt 0.584353 0.171244
vt 0.584362 0.171156
vt 0.584373 0.171207
vt 0.584390 0.171182
vt 0.584402 0.171218
vt 0.584449 0.171139
vt 0.584392 0.171127
vt 0.584143 0.172992
vt 0.584414 0.171162
vt 0.523712 0.104747
vt 0.523733 0.104812
vt 0.523646 0.104726
vt 0.523655 0.104689
vt 0.523774 0.104769
vt 0.523817 0.104827
vt 0.523711 0.104716
vt 0.523755 0.104739
vt 0.523737 0.104699
vt 0.523677 0.104659
vt 0.523804 0.104679
vt 0.523790 0.104739
vt 0.523903 0.104848
vt 0.523925 0.104807
vt 0.523517 0.103594
vt 0.523838 0.104785
vt 0.523862 0.104745
vt 0.516899 0.307286
vt 0.516895 0.307253
vt 0.516924 0.307293
vt 0.516856 0.307244
vt 0.516863 0.307218
vt 0.516921 0.307255
vt 0.516888 0.307225
vt 0.516782 0.307137
vt 0.516769 0.307160
vt 0.516735 0.307122
vt 0.516834 0.307162
vt 0.516825 0.307180
vt 0.516811 0.307201
vt 0.516873 0.307201
vt 0.659603 0.088909
vt 0.659484 0.088901
vt 0.659725 0.088837
vt 0.659676 0.088914
vt 0.516892 0.307191
vt 0.516912 0.307229
vt 0.478671 0.231811
vt 0.478686 0.231835
vt 0.478669 0.231867
vt 0.478682 0.231792
vt 0.478698 0.231819
vt 0.478694 0.231879
vt 0.478680 0.231933
vt 0.478703 0.231856
vt 0.430642 0.096466
vt 0.430665 0.096609
vt 0.430362 0.096127
vt 0.478728 0.231869
vt 0.478713 0.231881
vt 0.478711 0.231835
vt 0.478702 0.231792
vt 0.478691 0.231997
vt 0.478718 0.232000
vt 0.478703 0.232050
vt 0.478706 0.231933
vt 0.478728 0.231936
vt 0.659573 0.082903
vt 0.659482 0.082832
vt 0.659772 0.083053
vt 0.659630 0.082964
vt 0.659393 0.082852
vt 0.659219 0.082756
vt 0.659473 0.082905
vt 0.659546 0.082980
vt 0.659730 0.083075
vt 0.659420 0.082990
vt 0.659373 0.082899
vt 0.658951 0.082684
vt 0.658915 0.082757
vt 0.659177 0.082803
vt 0.659165 0.082876
vt 0.431130 0.094932
vt 0.431226 0.094914
vt 0.431112 0.094949
vt 0.431059 0.094871
vt 0.431094 0.094830
vt 0.431056 0.094853
vt 0.431114 0.094816
vt 0.431111 0.094812
vt 0.431149 0.094795
vt 0.431055 0.094826
vt 0.431069 0.094839
vt 0.431079 0.094858
vt 0.431035 0.094837
vt 0.431007 0.094760
vt 0.430974 0.094764
vt 0.431144 0.094765
vt 0.511363 0.311545
vt 0.511351 0.311519
vt 0.511385 0.311543
vt 0.511319 0.311520
vt 0.511319 0.311494
vt 0.511370 0.311515
vt 0.511396 0.311536
vt 0.511342 0.311496
vt 0.511220 0.311440
vt 0.511215 0.311467
vt 0.511172 0.311442
vt 0.511278 0.311445
vt 0.511274 0.311468
vt 0.511267 0.311493
vt 0.511325 0.311476
vt 0.439050 0.325022
vt 0.439138 0.325032
vt 0.511364 0.311497
vt 0.439150 0.324981
vt 0.439283 0.324997
vt 0.469739 0.357299
vt 0.469677 0.357344
vt 0.469828 0.357344
vt 0.469755 0.357381
vt 0.469714 0.357421
vt 0.469822 0.357452
vt 0.469777 0.357447
vt 0.469961 0.357479
vt 0.469918 0.357387
vt 0.469921 0.357514
vt 0.469892 0.357446
vt 0.469825 0.357414
vt 0.469865 0.357487
vt 0.495000 0.311987
vt 0.494980 0.311972
vt 0.495020 0.311980
vt 0.495019 0.312001
vt 0.494984 0.311994
vt 0.494964 0.311982
vt 0.495002 0.312003
vt 0.450691 0.250455
vt 0.450692 0.250490
vt 0.450669 0.250407
vt 0.450693 0.250436
vt 0.450718 0.250490
vt 0.450722 0.250544
vt 0.450714 0.250466
vt 0.450703 0.250418
vt 0.450712 0.250443
vt 0.450683 0.250408
vt 0.450748 0.250464
vt 0.450736 0.250484
vt 0.450751 0.250598
vt 0.450776 0.250592
vt 0.450779 0.250642
vt 0.450745 0.250537
vt 0.450764 0.250533
vt 0.439377 0.330255
vt 0.439440 0.330319
vt 0.439231 0.330153
vt 0.439346 0.330210
vt 0.439496 0.330297
vt 0.439598 0.330372
vt 0.439447 0.330255
vt 0.439403 0.330198
vt 0.439264 0.330132
vt 0.439496 0.330197
vt 0.439513 0.330261
vt 0.439755 0.330422
vt 0.439783 0.330371
vt 0.439626 0.330334
vt 0.439644 0.330284
vt 0.470035 0.352544
vt 0.470058 0.352625
vt 0.470095 0.352487
vt 0.470096 0.352569
vt 0.470146 0.352657
vt 0.470164 0.352552
vt 0.470155 0.352594
vt 0.470237 0.352456
vt 0.470156 0.352430
vt 0.470206 0.352546
vt 0.470182 0.352489
vt 0.470133 0.352521
vt 0.470234 0.352687
vt 0.470290 0.352632
vt 0.470311 0.352711
vt 0.470220 0.352612
vt 0.470264 0.352544
vt 0.448975 0.250890
vt 0.448993 0.250841
vt 0.448978 0.250924
vt 0.448959 0.250942
vt 0.448972 0.250868
vt 0.448960 0.250913
vt 0.669307 0.322240
vt 0.669344 0.322294
vt 0.669160 0.322351
vt 0.669494 0.322112
vt 0.669515 0.322172
vt 0.669556 0.322208
vt 0.669662 0.322062
vt 0.669689 0.322098
vt 0.669785 0.321960
vt 0.669683 0.321980
vt 0.669922 0.321864
vt 0.669849 0.321953
vt 0.669743 0.322033
vt 0.460475 0.029173
vt 0.460562 0.029132
vt 0.460651 0.029095
vt 0.460778 0.307154
vt 0.457488 0.303979
vt 0.460763 0.307168
vt 0.457473 0.303993
vt 0.460749 0.307183
vt 0.457458 0.304007
vt 0.548382 0.014695
vt 0.536155 0.015076
vt 0.464143 0.310097
vt 0.464128 0.310112
vt 0.464114 0.310127
vt 0.560345 0.014741
vt 0.462863 0.298922
vt 0.459698 0.295526
vt 0.462878 0.298907
vt 0.525429 0.041863
vt 0.537896 0.040923
vt 0.537899 0.040981
vt 0.456728 0.291986
vt 0.459714 0.295511
vt 0.513065 0.043235
vt 0.525423 0.041805
vt 0.451431 0.297135
vt 0.454365 0.300628
vt 0.451416 0.297149
vt 0.454350 0.300642
vt 0.451401 0.297162
vt 0.511777 0.017195
vt 0.454335 0.300655
vt 0.523924 0.015921
vt 0.466196 0.302140
vt 0.469603 0.305125
vt 0.466212 0.302125
vt 0.469619 0.305110
vt 0.562551 0.040588
vt 0.550367 0.040511
vt 0.562555 0.040530
vt 0.550366 0.040569
vt 0.472998 0.307838
vt 0.476409 0.310301
vt 0.473014 0.307823
vt 0.476425 0.310286
vt 0.585536 0.041800
vt 0.574240 0.040940
vt 0.585546 0.041743
vt 0.574233 0.040998
vt 0.467499 0.312765
vt 0.467484 0.312780
vt 0.467471 0.312795
vt 0.571816 0.015172
vt 0.470875 0.315182
vt 0.470860 0.315197
vt 0.470848 0.315213
vt 0.582917 0.015994
vt 0.474333 0.317391
vt 0.474317 0.317405
vt 0.474305 0.317422
vt 0.593871 0.017222
vt 0.477952 0.319438
vt 0.477932 0.319450
vt 0.477918 0.319465
vt 0.604941 0.018886
vt 0.480094 0.312659
vt 0.485094 0.315494
vt 0.480111 0.312644
vt 0.485115 0.315482
vt 0.612756 0.045461
vt 0.597296 0.043053
vt 0.612783 0.045407
vt 0.597281 0.043110
vt 0.485518 0.323065
vt 0.492855 0.323542
vt 0.485519 0.323086
vt 0.492899 0.323570
vt 0.485521 0.323108
vt 0.492928 0.323596
vt 0.481772 0.321348
vt 0.481742 0.321355
vt 0.481721 0.321368
vt 0.627894 0.023356
vt 0.616330 0.020989
vt 0.492150 0.319364
vt 0.492181 0.319358
vt 0.634604 0.049248
vt 0.634555 0.049297
vt 0.453815 0.288041
vt 0.456744 0.291972
vt 0.500028 0.045319
vt 0.513056 0.043178
vt 0.450260 0.282248
vt 0.453831 0.288026
vt 0.482164 0.049201
vt 0.500012 0.045263
vt 0.482134 0.049150
vt 0.445972 0.289604
vt 0.448669 0.293500
vt 0.445960 0.289623
vt 0.448655 0.293514
vt 0.445946 0.289638
vt 0.487099 0.020931
vt 0.448639 0.293527
vt 0.499653 0.018857
vt 0.440242 0.272112
vt 0.440215 0.272071
vt 0.440189 0.272042
vt 0.440672 0.040127
vt 0.445484 0.273519
vt 0.450273 0.282227
vt 0.456462 0.055345
vt 0.456410 0.055299
vt 0.445491 0.273487
vt 0.426382 0.061599
vt 0.443242 0.285361
vt 0.440551 0.281048
vt 0.443237 0.285390
vt 0.440540 0.281068
vt 0.473750 0.023501
vt 0.443227 0.285412
vt 0.536454 0.020087
vt 0.548630 0.019712
vt 0.536460 0.020171
vt 0.548636 0.019795
vt 0.536466 0.020255
vt 0.548644 0.019879
vt 0.560542 0.019759
vt 0.560549 0.019843
vt 0.560558 0.019927
vt 0.525050 0.036869
vt 0.537601 0.035982
vt 0.525045 0.036785
vt 0.537595 0.035898
vt 0.525040 0.036701
vt 0.537589 0.035813
vt 0.512581 0.038248
vt 0.512576 0.038164
vt 0.512573 0.038079
vt 0.524274 0.020935
vt 0.512169 0.022215
vt 0.524279 0.021019
vt 0.512173 0.022299
vt 0.524283 0.021103
vt 0.512175 0.022383
vt 0.562396 0.035590
vt 0.550140 0.035569
vt 0.562389 0.035507
vt 0.550134 0.035486
vt 0.562380 0.035422
vt 0.550126 0.035402
vt 0.585535 0.036792
vt 0.574151 0.035996
vt 0.585527 0.036708
vt 0.574144 0.035911
vt 0.585515 0.036624
vt 0.574133 0.035827
vt 0.571960 0.020192
vt 0.571968 0.020276
vt 0.571978 0.020360
vt 0.583003 0.021017
vt 0.583012 0.021102
vt 0.583023 0.021187
vt 0.593895 0.022255
vt 0.593906 0.022341
vt 0.593921 0.022426
vt 0.604904 0.023934
vt 0.604926 0.024021
vt 0.604959 0.024110
vt 0.612921 0.040481
vt 0.597367 0.038106
vt 0.612898 0.040396
vt 0.597357 0.038021
vt 0.612865 0.040309
vt 0.597341 0.037936
vt 0.492889 0.325246
vt 0.486002 0.324860
vt 0.492852 0.325269
vt 0.486006 0.324889
vt 0.492796 0.325292
vt 0.486009 0.324918
vt 0.627735 0.028600
vt 0.643803 0.038692
vt 0.616245 0.026058
vt 0.616294 0.026150
vt 0.616368 0.026247
vt 0.627793 0.028369
vt 0.627785 0.028446
vt 0.627765 0.028525
vt 0.634772 0.044327
vt 0.634723 0.044237
vt 0.634648 0.044143
vt 0.499408 0.040347
vt 0.499406 0.040263
vt 0.499407 0.040178
vt 0.481441 0.044348
vt 0.481452 0.044263
vt 0.484103 0.222718
vt 0.465984 0.222401
vt 0.484124 0.222636
vt 0.466029 0.222327
vt 0.484146 0.222561
vt 0.500080 0.023890
vt 0.487570 0.025985
vt 0.500081 0.023975
vt 0.487559 0.026073
vt 0.500079 0.024061
vt 0.487538 0.026162
vt 0.442904 0.043831
vt 0.442963 0.043870
vt 0.443069 0.043877
vt 0.443210 0.043860
vt 0.461045 0.031498
vt 0.461069 0.031576
vt 0.461097 0.031652
vt 0.455809 0.050594
vt 0.455850 0.050507
vt 0.465944 0.222482
vt 0.439214 0.223442
vt 0.439310 0.223365
vt 0.439130 0.223525
vt 0.407892 0.225112
vt 0.474313 0.028555
vt 0.474278 0.028648
vt 0.474220 0.028744
vt 0.425723 0.059156
vt 0.425897 0.056412
vt 0.438215 0.263536
vt 0.439062 0.263332
vt 0.660186 0.051384
vt 0.659955 0.053684
vt 0.500107 0.324849
vt 0.660158 0.051385
vt 0.499796 0.325639
vt 0.635962 0.168892
vt 0.635952 0.168826
vt 0.635926 0.168765
vt 0.540180 0.146623
vt 0.540266 0.146526
vt 0.540216 0.146568
vt 0.410687 0.125925
vt 0.602687 0.087205
vt 0.481974 0.091373
vt 0.445035 0.171670
vt 0.602662 0.087331
vt 0.566420 0.240410
vt 0.566482 0.240437
vt 0.566548 0.240446
vt 0.477737 0.156993
vt 0.479430 0.217388
vt 0.477771 0.156995
vt 0.479445 0.217378
vt 0.654194 0.256871
vt 0.477756 0.156997
vt 0.542701 0.320200
vt 0.476031 0.096547
vt 0.483535 0.211873
vt 0.483786 0.211818
vt 0.410688 0.125873
vt 0.443360 0.111210
vt 0.483659 0.211844
vt 0.633428 0.181534
vt 0.686811 0.173267
vt 0.633432 0.181484
vt 0.687060 0.173163
vt 0.633441 0.181433
vt 0.687155 0.173096
vt 0.571173 0.290019
vt 0.578810 0.237299
vt 0.578860 0.237288
vt 0.578910 0.237283
vt 0.646476 0.248908
vt 0.646414 0.248846
vt 0.646354 0.248786
vt 0.571174 0.290060
vt 0.537756 0.158799
vt 0.537776 0.158756
vt 0.537789 0.158708
vt 0.495308 0.128538
vt 0.557518 0.231490
vt 0.557558 0.231520
vt 0.535287 0.281264
vt 0.557596 0.231556
vt 0.535294 0.281420
vt 0.535277 0.281446
vt 0.495022 0.209461
vt 0.495102 0.209441
vt 0.495178 0.209419
vt 0.495282 0.128532
vt 0.626933 0.159181
vt 0.626896 0.159144
vt 0.676161 0.134269
vt 0.626862 0.159105
vt 0.552055 0.143213
vt 0.552103 0.143197
vt 0.552146 0.143176
vt 0.519142 0.102618
vt 0.519272 0.102673
vt 0.519136 0.102592
vt 0.600906 0.097451
vt 0.600887 0.097533
vt 0.600867 0.097613
vt 0.633968 0.184634
vt 0.633978 0.184586
vt 0.633982 0.184539
vt 0.633170 0.187976
vt 0.581175 0.237701
vt 0.581222 0.237698
vt 0.581271 0.237688
vt 0.584473 0.236845
vt 0.643443 0.245951
vt 0.643385 0.245893
vt 0.643326 0.245835
vt 0.640448 0.243237
vt 0.534682 0.163435
vt 0.536166 0.160539
vt 0.536181 0.160494
vt 0.536202 0.160453
vt 0.555184 0.230570
vt 0.555220 0.230605
vt 0.555260 0.230633
vt 0.552650 0.228981
vt 0.498085 0.208481
vt 0.498160 0.208458
vt 0.498235 0.208435
vt 0.502034 0.207303
vt 0.625568 0.156795
vt 0.625534 0.156758
vt 0.625495 0.156724
vt 0.623754 0.154355
vt 0.553824 0.141662
vt 0.553866 0.141640
vt 0.553912 0.141624
vt 0.556683 0.140019
vt 0.599982 0.100814
vt 0.599962 0.100892
vt 0.599943 0.100969
vt 0.599080 0.104568
vt 0.590786 0.194241
vt 0.590754 0.194273
vt 0.590722 0.194305
vt 0.573072 0.287225
vt 0.573028 0.287196
vt 0.574253 0.285323
vt 0.572982 0.287165
vt 0.495567 0.129044
vt 0.496839 0.131411
vt 0.496792 0.131435
vt 0.496881 0.131381
vt 0.497835 0.133349
vt 0.535269 0.277988
vt 0.535137 0.275610
vt 0.535165 0.277991
vt 0.535216 0.277990
vt 0.584106 0.172374
vt 0.584150 0.172384
vt 0.584194 0.172393
vt 0.672737 0.134374
vt 0.672732 0.134424
vt 0.672736 0.134326
vt 0.680097 0.177830
vt 0.683151 0.175844
vt 0.683093 0.175758
vt 0.686715 0.173429
vt 0.683123 0.175801
vt 0.568665 0.188722
vt 0.568653 0.188679
vt 0.568641 0.188636
vt 0.521854 0.103935
vt 0.521894 0.103847
vt 0.521875 0.103891
vt 0.521825 0.103999
vt 0.484106 0.279715
vt 0.481988 0.275668
vt 0.484087 0.279723
vt 0.481969 0.275677
vt 0.516375 0.050962
vt 0.528927 0.049269
vt 0.516384 0.051016
vt 0.486388 0.283555
vt 0.528921 0.049153
vt 0.541685 0.048035
vt 0.528921 0.049212
vt 0.541687 0.048095
vt 0.488649 0.272591
vt 0.486750 0.268402
vt 0.488668 0.272582
vt 0.507778 0.078049
vt 0.519963 0.076810
vt 0.519967 0.076868
vt 0.485099 0.264131
vt 0.486770 0.268393
vt 0.496298 0.079594
vt 0.507771 0.077994
vt 0.478456 0.267261
vt 0.480100 0.271504
vt 0.478437 0.267270
vt 0.504390 0.053258
vt 0.493124 0.056057
vt 0.493110 0.056009
vt 0.480082 0.271513
vt 0.504402 0.053310
vt 0.490787 0.276657
vt 0.493099 0.280519
vt 0.490806 0.276648
vt 0.493119 0.280509
vt 0.490825 0.276637
vt 0.493137 0.280498
vt 0.532699 0.076069
vt 0.545632 0.075784
vt 0.532702 0.076129
vt 0.495491 0.284128
vt 0.497985 0.287508
vt 0.495510 0.284118
vt 0.498004 0.287498
vt 0.495529 0.284107
vt 0.498022 0.287486
vt 0.558422 0.075952
vt 0.571109 0.076621
vt 0.488756 0.287126
vt 0.541687 0.047976
vt 0.554343 0.047440
vt 0.554341 0.047501
vt 0.491226 0.290461
vt 0.554351 0.047378
vt 0.566947 0.047455
vt 0.566941 0.047517
vt 0.493843 0.293625
vt 0.566961 0.047392
vt 0.579670 0.048116
vt 0.579659 0.048179
vt 0.496668 0.296695
vt 0.579693 0.048054
vt 0.592760 0.049451
vt 0.592734 0.049514
vt 0.500784 0.290875
vt 0.504729 0.295082
vt 0.500804 0.290865
vt 0.504752 0.295076
vt 0.500822 0.290853
vt 0.504772 0.295065
vt 0.584584 0.077947
vt 0.602729 0.080503
vt 0.502883 0.302682
vt 0.509927 0.304987
vt 0.502880 0.302704
vt 0.509962 0.305025
vt 0.502879 0.302726
vt 0.642188 0.066531
vt 0.620371 0.054431
vt 0.509983 0.305057
vt 0.509987 0.305084
vt 0.499741 0.299737
vt 0.592803 0.049392
vt 0.606440 0.051478
vt 0.606384 0.051536
vt 0.606528 0.051428
vt 0.620355 0.054359
vt 0.510408 0.300748
vt 0.510439 0.300750
vt 0.510464 0.300746
vt 0.628769 0.084486
vt 0.483650 0.259493
vt 0.485119 0.264122
vt 0.484934 0.081705
vt 0.496288 0.079543
vt 0.482209 0.252933
vt 0.483670 0.259484
vt 0.470473 0.085550
vt 0.484919 0.081658
vt 0.475835 0.258405
vt 0.477044 0.262939
vt 0.475818 0.258419
vt 0.482532 0.059114
vt 0.472355 0.062609
vt 0.472329 0.062570
vt 0.477026 0.262947
vt 0.482549 0.059159
vt 0.476273 0.240296
vt 0.476262 0.240247
vt 0.476246 0.240211
vt 0.429488 0.094666
vt 0.473884 0.248693
vt 0.473864 0.248687
vt 0.473845 0.248677
vt 0.439357 0.083009
vt 0.480567 0.243268
vt 0.482227 0.252918
vt 0.451061 0.091625
vt 0.470447 0.085510
vt 0.451022 0.091594
vt 0.480583 0.243240
vt 0.430873 0.096538
vt 0.430759 0.096527
vt 0.474793 0.253562
vt 0.462192 0.066386
vt 0.452363 0.070656
vt 0.452360 0.070611
vt 0.474778 0.253588
vt 0.462236 0.066415
vt 0.517219 0.056028
vt 0.529680 0.054490
vt 0.517233 0.056111
vt 0.529694 0.054577
vt 0.517247 0.056194
vt 0.529710 0.054664
vt 0.542353 0.053501
vt 0.542367 0.053591
vt 0.542384 0.053682
vt 0.507249 0.073290
vt 0.519498 0.071870
vt 0.507242 0.073211
vt 0.519489 0.071786
vt 0.507234 0.073132
vt 0.519479 0.071702
vt 0.495700 0.075100
vt 0.495692 0.075025
vt 0.495685 0.074949
vt 0.505309 0.058095
vt 0.494084 0.060599
vt 0.505322 0.058174
vt 0.494095 0.060675
vt 0.505335 0.058254
vt 0.494106 0.060752
vt 0.545307 0.070462
vt 0.532301 0.070926
vt 0.545296 0.070373
vt 0.532291 0.070839
vt 0.545283 0.070283
vt 0.532279 0.070751
vt 0.570985 0.071006
vt 0.558185 0.070474
vt 0.570973 0.070909
vt 0.558173 0.070382
vt 0.570958 0.070812
vt 0.558159 0.070289
vt 0.554907 0.053068
vt 0.554922 0.053161
vt 0.554939 0.053254
vt 0.567389 0.053227
vt 0.567404 0.053322
vt 0.567423 0.053416
vt 0.579977 0.054016
vt 0.579995 0.054114
vt 0.580019 0.054212
vt 0.592914 0.055476
vt 0.592942 0.055584
vt 0.592982 0.055695
vt 0.602784 0.074700
vt 0.584578 0.072219
vt 0.602757 0.074601
vt 0.584564 0.072118
vt 0.602716 0.074502
vt 0.584544 0.072016
vt 0.639650 0.071427
vt 0.619817 0.060330
vt 0.639497 0.071463
vt 0.619814 0.060370
vt 0.639292 0.071470
vt 0.619802 0.060407
vt 0.606350 0.057593
vt 0.606398 0.057722
vt 0.606476 0.057855
vt 0.628783 0.078613
vt 0.628719 0.078510
vt 0.628625 0.078404
vt 0.484231 0.077507
vt 0.484223 0.077431
vt 0.484218 0.077353
vt 0.469696 0.081698
vt 0.469701 0.081625
vt 0.469715 0.081549
vt 0.483538 0.063455
vt 0.473357 0.066682
vt 0.483547 0.063529
vt 0.473358 0.066760
vt 0.483554 0.063604
vt 0.473351 0.066840
vt 0.441560 0.085239
vt 0.441693 0.085224
vt 0.441851 0.085186
vt 0.453686 0.074123
vt 0.453701 0.074147
vt 0.453720 0.074169
vt 0.450439 0.088172
vt 0.450491 0.088084
vt 0.450562 0.087990
vt 0.463302 0.070282
vt 0.463295 0.070372
vt 0.463271 0.070467
vt 0.430678 0.095270
vt 0.431036 0.094642
vt 0.430618 0.095175
vt 0.430036 0.095684
vt 0.429746 0.095231
vt 0.430561 0.095080
vt 0.659754 0.085975
vt 0.659760 0.088833
vt 0.516583 0.308287
vt 0.659720 0.085978
vt 0.516231 0.309313
vt 0.516557 0.308286
vt 0.470689 0.294066
vt 0.467517 0.290768
vt 0.470674 0.294080
vt 0.467502 0.290782
vt 0.470659 0.294094
vt 0.467487 0.290796
vt 0.549263 0.365037
vt 0.561216 0.364796
vt 0.473937 0.297143
vt 0.473921 0.297157
vt 0.473907 0.297171
vt 0.537572 0.364837
vt 0.473093 0.285892
vt 0.470031 0.282365
vt 0.473110 0.285877
vt 0.470047 0.282350
vt 0.473126 0.285863
vt 0.559761 0.339611
vt 0.467159 0.278708
vt 0.467175 0.278693
vt 0.470064 0.282336
vt 0.571867 0.338854
vt 0.461685 0.283720
vt 0.464510 0.287307
vt 0.461670 0.283734
vt 0.464494 0.287321
vt 0.461653 0.283746
vt 0.585050 0.362863
vt 0.464479 0.287334
vt 0.573175 0.364063
vt 0.476316 0.289256
vt 0.479601 0.292397
vt 0.476333 0.289241
vt 0.479618 0.292382
vt 0.476349 0.289226
vt 0.479633 0.292367
vt 0.547653 0.339863
vt 0.535799 0.339657
vt 0.482880 0.295250
vt 0.486185 0.297849
vt 0.482897 0.295235
vt 0.486202 0.297834
vt 0.513340 0.337879
vt 0.524397 0.339001
vt 0.513328 0.337935
vt 0.524405 0.338944
vt 0.477183 0.299947
vt 0.477168 0.299960
vt 0.477154 0.299976
vt 0.526366 0.364258
vt 0.480460 0.302504
vt 0.480444 0.302518
vt 0.480431 0.302533
vt 0.515519 0.363328
vt 0.483833 0.304881
vt 0.483817 0.304895
vt 0.483804 0.304911
vt 0.504764 0.362102
vt 0.487391 0.307214
vt 0.487372 0.307225
vt 0.487357 0.307239
vt 0.493666 0.360713
vt 0.489798 0.300336
vt 0.494918 0.303261
vt 0.489816 0.300322
vt 0.494939 0.303249
vt 0.486390 0.333455
vt 0.501793 0.336275
vt 0.486360 0.333506
vt 0.501811 0.336221
vt 0.503160 0.311747
vt 0.495045 0.311999
vt 0.503201 0.311770
vt 0.495070 0.312018
vt 0.452314 0.345444
vt 0.503230 0.311794
vt 0.503244 0.311818
vt 0.491177 0.309610
vt 0.491151 0.309615
vt 0.491131 0.309624
vt 0.494947 0.311991
vt 0.481906 0.359237
vt 0.502463 0.307087
vt 0.502495 0.307079
vt 0.464553 0.329350
vt 0.464603 0.329301
vt 0.464346 0.274660
vt 0.464362 0.274644
vt 0.467192 0.278680
vt 0.583880 0.337599
vt 0.460909 0.268828
vt 0.460922 0.268808
vt 0.464379 0.274631
vt 0.596556 0.335638
vt 0.456481 0.276043
vt 0.459032 0.280006
vt 0.456469 0.276062
vt 0.459017 0.280020
vt 0.456454 0.276077
vt 0.609011 0.359063
vt 0.459001 0.280033
vt 0.596873 0.361216
vt 0.451144 0.258992
vt 0.451117 0.258949
vt 0.451091 0.258921
vt 0.451727 0.267471
vt 0.451706 0.267472
vt 0.451686 0.267473
vt 0.451663 0.267468
vt 0.456264 0.260291
vt 0.456270 0.260260
vt 0.460937 0.268792
vt 0.639287 0.325223
vt 0.613956 0.331817
vt 0.456281 0.260237
vt 0.669150 0.317253
vt 0.453995 0.271743
vt 0.453988 0.271773
vt 0.634854 0.353277
vt 0.453978 0.271794
vt 0.621774 0.356345
vt 0.560969 0.359899
vt 0.549080 0.360134
vt 0.560964 0.359818
vt 0.549075 0.360052
vt 0.560959 0.359736
vt 0.549069 0.359970
vt 0.537446 0.359930
vt 0.537441 0.359848
vt 0.537433 0.359766
vt 0.572197 0.343650
vt 0.560000 0.344411
vt 0.572201 0.343732
vt 0.560005 0.344493
vt 0.572205 0.343814
vt 0.560010 0.344575
vt 0.584312 0.342391
vt 0.584316 0.342472
vt 0.584319 0.342555
vt 0.572862 0.359166
vt 0.584674 0.357965
vt 0.572858 0.359084
vt 0.584670 0.357883
vt 0.572854 0.359002
vt 0.584667 0.357800
vt 0.535866 0.344471
vt 0.547806 0.344671
vt 0.535872 0.344553
vt 0.547812 0.344753
vt 0.535879 0.344635
vt 0.547818 0.344835
vt 0.513190 0.342804
vt 0.524376 0.343849
vt 0.513196 0.342887
vt 0.524382 0.343932
vt 0.513205 0.342971
vt 0.524390 0.344015
vt 0.526288 0.359346
vt 0.526282 0.359264
vt 0.526273 0.359182
vt 0.515474 0.358402
vt 0.515467 0.358320
vt 0.515456 0.358237
vt 0.504724 0.357141
vt 0.504714 0.357058
vt 0.504699 0.356974
vt 0.493613 0.355710
vt 0.493592 0.355624
vt 0.493562 0.355537
vt 0.485850 0.338269
vt 0.501468 0.341148
vt 0.485867 0.338352
vt 0.501475 0.341231
vt 0.485897 0.338437
vt 0.501488 0.341316
vt 0.454157 0.341620
vt 0.454249 0.341601
vt 0.454373 0.341605
vt 0.481896 0.354217
vt 0.481856 0.354127
vt 0.481798 0.354034
vt 0.464038 0.333992
vt 0.464079 0.334074
vt 0.464144 0.334159
vt 0.597113 0.340421
vt 0.597115 0.340503
vt 0.597114 0.340586
vt 0.614624 0.336555
vt 0.614613 0.336640
vt 0.614592 0.336726
vt 0.596436 0.356316
vt 0.608512 0.354158
vt 0.596435 0.356234
vt 0.608523 0.354073
vt 0.596436 0.356151
vt 0.608543 0.353986
vt 0.449475 0.258971
vt 0.448961 0.251002
vt 0.652097 0.335201
vt 0.651943 0.335228
vt 0.634270 0.348362
vt 0.652213 0.335201
vt 0.634243 0.348286
vt 0.634211 0.348212
vt 0.639991 0.329933
vt 0.639951 0.330024
vt 0.639885 0.330122
vt 0.621226 0.351437
vt 0.621263 0.351345
vt 0.621323 0.351249
vt 0.669653 0.319570
vt 0.669897 0.321859
vt 0.669358 0.317277
vt 0.669386 0.317281
vt 0.449791 0.250576
vt 0.438952 0.325076
vt 0.438910 0.327508
vt 0.438879 0.327513
vt 0.511752 0.312471
vt 0.437182 0.331666
vt 0.435456 0.333205
vt 0.435416 0.333166
vt 0.439238 0.330195
vt 0.470078 0.355031
vt 0.469989 0.354997
vt 0.469900 0.354957
vt 0.535286 0.281334
vt 0.495339 0.128613
vt 0.519218 0.102645
vt 0.476053 0.096531
vt 0.716077 0.143044
vt 0.676269 0.134259
vt 0.438550 0.272004
vt 0.663822 0.078855
vt 0.669302 0.317278
vt 0.439895 0.263155
vt 0.407370 0.225296
vt 0.589781 0.193325
vt 0.495395 0.128709
vt 0.591650 0.195136
vt 0.591612 0.195126
vt 0.591622 0.195164
vt 0.478692 0.231785
vt 0.659784 0.082990
vt 0.450665 0.250419
vt 0.571246 0.289923
vt 0.620335 0.054289
vt 0.516206 0.309307
vt 0.535805 0.339600
vt 0.449452 0.259006
vt 0.449947 0.267066
vn -0.9940 -0.0611 0.0902
vn -0.9999 -0.0060 0.0114
vn -0.9939 -0.0663 0.0877
vn 0.3654 -0.6168 0.6972
vn 0.4551 -0.6296 0.6297
vn 0.4551 -0.5902 0.6667
vn -0.9999 -0.0063 0.0113
vn -0.9966 0.0606 -0.0558
vn 0.2612 0.7545 -0.6021
vn 0.3530 0.7619 -0.5430
vn 0.2584 0.7872 -0.5599
vn -0.9999 -0.0063 0.0112
vn -0.9941 -0.0856 0.0672
vn -0.9940 -0.0825 0.0717
vn 0.3645 -0.5754 0.7321
vn 0.4539 -0.5507 0.7005
vn 0.2608 0.5887 -0.7651
vn 0.3520 0.5067 -0.7870
vn 0.3561 0.5697 -0.7407
vn 0.2631 0.6803 -0.6841
vn 0.3574 0.6964 -0.6223
vn 0.2623 0.7200 -0.6425
vn -0.9941 -0.0785 0.0755
vn -0.9941 -0.0742 0.0795
vn -0.9966 0.0644 -0.0521
vn 0.3489 0.7951 -0.4960
vn 0.2545 0.8210 -0.5110
vn 0.3474 -0.8247 0.4464
vn 0.4430 -0.7619 0.4725
vn 0.3533 -0.7945 0.4938
vn 0.3582 -0.7623 0.5391
vn 0.4515 -0.6988 0.5548
vn 0.3612 -0.7298 0.5804
vn 0.3433 0.8279 -0.4435
vn 0.2495 0.8543 -0.4560
vn 0.3379 0.8512 -0.4016
vn 0.2458 0.8772 -0.4123
vn 0.3388 -0.8658 0.3683
vn 0.4295 -0.8174 0.3840
vn 0.3421 -0.8498 0.4011
vn -0.9939 -0.0905 0.0630
vn 0.3352 0.8613 -0.3819
vn 0.2441 0.8870 -0.3919
vn 0.3602 0.6970 -0.6200
vn 0.0787 0.8576 -0.5083
vn 0.2792 -0.9472 0.1578
vn 0.4238 -0.8341 0.3530
vn -0.9936 -0.0987 0.0542
vn -0.9939 -0.0936 0.0581
vn 0.3625 -0.5357 0.7626
vn 0.4516 -0.5128 0.7302
vn 0.3603 -0.5021 0.7862
vn 0.4489 -0.4805 0.7534
vn 0.2534 0.4593 -0.8514
vn 0.3427 0.4135 -0.8435
vn 0.3463 0.4453 -0.8257
vn -0.9966 0.0565 -0.0598
vn 0.3610 -0.4798 0.7997
vn 0.4469 -0.4597 0.7674
vn 0.3637 -0.4387 0.8218
vn 0.4354 -0.4303 0.7907
vn 0.2517 0.4266 -0.8687
vn 0.3611 0.6443 -0.6741
vn -1.0000 0.0021 0.0087
vn -0.9966 0.0496 -0.0659
vn -0.9999 -0.0038 0.0114
vn 0.5261 -0.6016 0.6011
vn 0.5262 -0.5638 0.6365
vn 0.9999 0.0063 -0.0113
vn 0.9975 -0.0612 0.0363
vn 0.3557 0.7300 -0.5836
vn 0.4337 0.7336 -0.5231
vn 0.9955 0.0767 -0.0554
vn 0.9955 0.0798 -0.0512
vn 0.5246 -0.5263 0.6692
vn 0.5223 -0.4903 0.6977
vn 0.3581 0.6580 -0.6624
vn 0.4384 0.5931 -0.6753
vn 0.4390 0.6331 -0.6376
vn 0.4379 0.6702 -0.5993
vn 0.3578 0.6164 -0.7014
vn 0.4366 0.5482 -0.7134
vn 0.4539 -0.6660 0.5920
vn 0.4480 -0.7304 0.5156
vn 0.5227 -0.6679 0.5299
vn 0.5192 -0.6984 0.4926
vn 0.4228 0.7987 -0.4281
vn 0.9955 0.0735 -0.0593
vn 0.4366 -0.7918 0.4272
vn 0.5144 -0.7290 0.4517
vn 0.5079 -0.7583 0.4087
vn 0.4128 0.8325 -0.3696
vn 0.9953 0.0843 -0.0485
vn 0.5005 -0.7836 0.3681
vn 0.3745 -0.9132 0.1607
vn 0.4936 -0.8009 0.3389
vn 0.5191 0.6370 -0.5698
vn 0.9976 -0.0443 0.0534
vn 0.9999 0.0060 -0.0113
vn 0.4323 0.4873 -0.7587
vn 0.4250 0.4279 -0.7977
vn 0.5189 -0.4601 0.7204
vn 0.5149 -0.4409 0.7352
vn 0.9999 0.0037 -0.0111
vn 0.9969 -0.0434 0.0658
vn 0.9975 -0.0416 0.0572
vn 0.4200 0.3978 -0.8157
vn 0.5251 0.5920 -0.6115
vn 0.4777 -0.2453 0.8435
vn 0.2627 0.6372 -0.7246
vn -0.0520 -0.0162 0.9985
vn 0.3486 -0.0531 0.9358
vn 0.0486 -0.0486 0.9976
vn 0.3845 -0.2591 0.8860
vn 0.9955 0.0603 -0.0724
vn 0.9956 0.0556 -0.0760
vn 0.4358 0.7028 -0.5622
vn 0.9956 0.0637 -0.0690
vn -1.0000 0.0097 0.0015
vn -0.9961 0.0513 -0.0723
vn -0.9940 -0.0702 0.0837
vn 0.9957 0.0363 -0.0851
vn 0.9999 -0.0117 0.0026
vn 1.0000 -0.0029 -0.0070
vn -0.0627 -0.9978 -0.0234
vn -0.2350 -0.9702 -0.0588
vn 0.0405 -0.9991 0.0093
vn -0.0900 -0.9959 -0.0098
vn 0.1411 -0.9896 0.0271
vn 0.9974 -0.0645 0.0324
vn 0.3640 -0.6958 0.6192
vn 0.9976 -0.0477 0.0501
vn 0.5249 -0.6364 0.5652
vn -0.9953 0.0140 0.0963
vn -0.9950 0.0559 -0.0833
vn -0.9912 -0.0212 0.1309
vn -0.9958 -0.0449 0.0802
vn 0.9928 -0.0441 0.1118
vn 0.9955 -0.0504 0.0803
vn 0.9961 0.0279 -0.0832
vn 0.9946 -0.0231 0.1011
vn -0.9933 -0.1032 0.0517
vn -0.9965 0.0712 -0.0442
vn 0.4292 0.7662 -0.4782
vn 0.9969 -0.0754 0.0230
vn 0.9999 0.0064 -0.0114
vn -0.9965 0.0678 -0.0480
vn -0.9964 0.0752 -0.0399
vn 0.9956 0.0672 -0.0656
vn 0.2579 0.5231 -0.8123
vn 0.1262 0.9907 -0.0505
vn -0.0038 0.9998 0.0200
vn -0.0055 0.9969 -0.0781
vn 0.9956 0.0471 -0.0811
vn -0.9999 -0.0063 0.0114
vn -0.9926 -0.1161 0.0347
vn -0.9959 0.0856 -0.0297
vn -0.9947 -0.1025 0.0073
vn 0.9951 0.0874 -0.0472
vn 0.9960 -0.0885 -0.0084
vn 0.9990 -0.0081 -0.0443
vn 0.9962 -0.0861 0.0102
vn -0.2521 0.0265 0.9673
vn -0.4197 0.0888 0.9033
vn -0.9946 -0.0539 0.0888
vn -0.0926 -0.0173 0.9956
vn 0.9971 -0.0718 0.0249
vn 0.3646 -0.6581 0.6588
vn 0.9955 0.0707 -0.0627
vn 0.9973 -0.0680 0.0285
vn -0.9962 0.0792 -0.0350
vn 0.4163 0.8222 -0.3881
vn 0.4493 -0.8779 0.1655
vn 0.9975 -0.0578 0.0395
vn 0.9976 -0.0546 0.0429
vn 0.9976 -0.0515 0.0465
vn -0.9967 0.0521 -0.0629
vn -0.9960 0.0834 -0.0314
vn 0.0075 -1.0000 0.0017
vn 0.0060 -0.9999 -0.0131
vn 0.0057 -0.9999 -0.0147
vn 0.0957 -0.0623 -0.9935
vn -0.0114 0.0187 -0.9998
vn -0.0107 -0.0744 -0.9972
vn 0.0383 -0.1891 -0.9812
vn -0.0107 -0.0795 -0.9968
vn -0.0913 -0.9892 -0.1143
vn 0.0062 -0.9998 -0.0188
vn -0.0938 -0.9954 -0.0176
vn 0.0069 -0.0291 0.9996
vn 0.0099 -0.0185 0.9998
vn 0.0949 -0.1019 0.9903
vn 0.1034 0.9944 0.0205
vn -0.0027 0.9949 0.1008
vn -0.9999 -0.0047 0.0108
vn -0.9796 -0.1110 0.1677
vn -0.9940 -0.0064 0.1089
vn 0.0754 -0.9960 0.0487
vn -0.0229 -0.9984 0.0513
vn 0.9999 -0.0101 -0.0019
vn 0.9999 0.0107 -0.0013
vn 1.0000 0.0036 0.0024
vn 0.0941 0.9953 0.0226
vn -0.0050 0.9998 0.0186
vn 0.0772 0.9970 0.0009
vn 0.9940 0.0064 -0.1095
vn 0.9962 -0.0657 0.0567
vn 0.9967 -0.0692 -0.0435
vn -0.1005 0.9882 0.1157
vn -0.0039 0.9932 0.1163
vn 1.0000 0.0066 -0.0039
vn 0.9902 0.1038 -0.0930
vn 0.0107 -0.0198 0.9997
vn -0.1368 0.1275 0.9824
vn -0.1684 -0.0231 0.9855
vn 0.0114 -0.0194 0.9997
vn 0.0803 -0.7176 0.6918
vn 0.0085 -0.6616 0.7498
vn 0.0279 -0.6841 0.7289
vn 0.0935 0.0185 -0.9955
vn -0.0117 0.1157 -0.9932
vn -0.0114 0.0181 -0.9998
vn 0.0045 -0.9999 -0.0160
vn 0.0073 -0.9964 0.0846
vn 0.0055 -0.9999 -0.0138
vn 0.1547 -0.9846 -0.0820
vn 0.9992 0.0326 -0.0238
vn 1.0000 0.0049 0.0044
vn 0.9955 0.0944 0.0072
vn -0.0735 -0.7532 0.6537
vn 0.0093 -0.7203 0.6936
vn -0.4216 0.7729 -0.4742
vn -0.5798 0.5816 -0.5706
vn -0.6091 0.6102 -0.5067
vn 0.0108 -0.0195 0.9998
vn 0.0120 -0.1135 0.9935
vn 0.1092 -0.1115 0.9877
vn 0.0060 -0.9999 -0.0128
vn -0.0830 -0.9965 -0.0116
vn 1.0000 0.0049 -0.0050
vn 0.9953 0.0063 -0.0964
vn 0.9957 -0.0924 0.0016
vn 0.9813 -0.0379 -0.1888
vn 0.1039 -0.9945 -0.0131
vn -0.9877 0.0640 0.1428
vn -0.9955 0.0937 0.0130
vn 0.7763 -0.6160 -0.1339
vn 0.7105 -0.6992 -0.0786
vn 0.7124 -0.7000 -0.0497
vn 0.0075 -0.9999 -0.0148
vn -0.1585 -0.9864 0.0435
vn 0.6532 -0.7563 -0.0350
vn 0.6743 -0.7346 0.0751
vn -0.9932 -0.0068 0.1161
vn -0.9963 -0.0853 0.0089
vn 0.9999 0.0118 -0.0035
vn 0.9941 0.0032 0.1086
vn 0.9928 -0.0817 0.0876
vn 0.0232 -0.0153 0.9996
vn 0.0117 -0.0202 0.9997
vn 0.0113 0.0739 0.9972
vn -0.0195 -0.9991 -0.0372
vn 0.9362 0.3508 0.0206
vn 0.1565 0.9802 0.1214
vn 0.0954 0.9953 0.0187
vn -0.0814 -0.1066 -0.9910
vn -0.1089 0.0180 -0.9939
vn 0.7139 -0.1155 0.6906
vn 0.6537 -0.1449 0.7428
vn 0.7159 -0.0794 0.6937
vn -0.6017 0.5345 -0.5935
vn -0.5267 0.6071 -0.5949
vn -0.4916 0.5106 -0.7054
vn 0.7859 -0.0534 0.6161
vn 0.8382 -0.0015 0.5454
vn -0.9894 -0.1314 -0.0613
vn -0.9999 -0.0064 0.0113
vn -0.9940 -0.1086 0.0099
vn 0.1086 -0.0194 0.9939
vn 0.0112 -0.0203 0.9997
vn -0.0042 0.9965 0.0829
vn -0.1030 0.9945 0.0192
vn 0.0234 0.1704 0.9851
vn -0.7274 0.4989 -0.4711
vn 0.1177 -0.9883 0.0970
vn -0.1073 -0.0793 -0.9911
vn 0.7076 -0.1752 0.6845
vn 0.7347 -0.2161 0.6430
vn 0.6771 -0.2885 0.6770
vn 0.0868 0.0185 -0.9961
vn 0.1679 -0.6343 0.7547
vn 0.0107 -0.7743 0.6327
vn 0.1077 -0.7166 0.6891
vn 0.7621 -0.6330 -0.1362
vn 0.7117 -0.7022 0.0197
vn -0.9898 0.0906 0.1096
vn 0.6286 -0.7665 0.1317
vn 0.9999 0.0065 0.0101
vn 0.9919 -0.0867 0.0928
vn -0.0381 -0.0337 -0.9987
vn -0.0110 -0.0630 -0.9980
vn 0.1486 -0.0852 -0.9852
vn 0.0914 0.9927 -0.0782
vn -0.0112 0.0012 0.9999
vn -0.0858 0.0783 0.9932
vn 0.0114 -0.0181 0.9998
vn 0.0108 0.0800 0.9967
vn 0.0819 -0.0878 0.9928
vn 0.0901 0.0139 0.9958
vn 0.0050 -0.9927 -0.1201
vn 0.0235 -0.9995 -0.0195
vn 0.0050 -0.9932 -0.1163
vn 0.0794 -0.9956 -0.0505
vn -0.9962 -0.0045 -0.0867
vn -0.9928 -0.1198 0.0091
vn 0.9947 0.1023 -0.0093
vn 0.9974 0.0336 0.0637
vn 0.9889 0.1038 -0.1062
vn 0.9999 0.0046 -0.0113
vn -0.0788 -0.0207 0.9967
vn -0.0871 -0.0185 0.9960
vn -0.0197 -0.0921 0.9956
vn 0.1142 0.9792 0.1675
vn 0.1122 -0.9896 0.0902
vn -0.9957 -0.0209 0.0905
vn -0.9937 -0.0941 0.0610
vn -0.9864 -0.1630 0.0234
vn 0.0779 0.9936 0.0812
vn -0.0062 0.9995 0.0296
vn 0.0733 0.9937 0.0851
vn 0.7344 -0.3659 0.5716
vn 0.6692 -0.4575 0.5855
vn 0.7042 -0.4559 0.5444
vn -0.0759 0.9966 -0.0332
vn -0.6356 -0.2546 -0.7288
vn -0.5752 -0.3456 -0.7415
vn -0.5951 -0.2506 -0.7636
vn 0.0547 0.9928 0.1070
vn 0.0579 0.9931 0.1021
vn 0.7676 -0.3634 0.5280
vn 0.7362 -0.4530 0.5027
vn -0.7893 -0.2624 -0.5551
vn -0.8043 -0.3552 -0.4764
vn -0.7623 -0.3569 -0.5399
vn -0.7135 -0.2604 -0.6505
vn -0.6509 -0.3530 -0.6721
vn -0.6740 -0.2580 -0.6922
vn 0.0622 0.9932 0.0987
vn 0.0658 0.9934 0.0942
vn -0.0733 0.9966 -0.0383
vn -0.5301 -0.3399 -0.7769
vn -0.5479 -0.2455 -0.7997
vn 0.4942 -0.3582 0.7921
vn 0.5189 -0.4514 0.7259
vn 0.5403 -0.3624 0.7594
vn 0.5839 -0.3653 0.7250
vn 0.5980 -0.4569 0.6585
vn 0.6234 -0.3674 0.6902
vn -0.4794 -0.3324 -0.8122
vn -0.4949 -0.2391 -0.8354
vn -0.4389 -0.3258 -0.8374
vn -0.4526 -0.2332 -0.8607
vn 0.4183 -0.3518 0.8374
vn 0.4331 -0.4408 0.7862
vn 0.4503 -0.3539 0.8198
vn 0.0495 0.9927 0.1100
vn -0.4198 -0.3225 -0.8484
vn -0.4328 -0.2311 -0.8714
vn -0.5218 -0.3396 -0.7826
vn -0.5508 -0.0678 -0.8319
vn 0.2114 -0.2975 0.9310
vn 0.4029 -0.4361 0.8046
vn -0.0061 0.9995 0.0296
vn 0.0414 0.9920 0.1196
vn 0.0458 0.9923 0.1155
vn 0.7980 -0.3596 0.4836
vn 0.7659 -0.4490 0.4603
vn 0.8238 -0.3560 0.4411
vn 0.7916 -0.4441 0.4197
vn -0.8671 -0.2594 -0.4252
vn -0.8544 -0.3495 -0.3845
vn -0.8387 -0.3519 -0.4156
vn -0.0801 0.9964 -0.0293
vn 0.8402 -0.3540 0.4109
vn 0.8083 -0.4402 0.3911
vn 0.9362 -0.2993 0.1840
vn 0.9004 -0.3951 0.1822
vn -0.8823 -0.2592 -0.3930
vn -0.6990 -0.3588 -0.6185
vn -0.0876 0.9960 -0.0182
vn 0.6405 -0.5285 0.5572
vn 0.6741 -0.5266 0.5180
vn 0.0062 -0.9995 -0.0296
vn 0.0570 -0.9978 0.0353
vn 0.0061 -0.9995 -0.0296
vn -0.6140 -0.3498 -0.7076
vn -0.5526 -0.4263 -0.7162
vn -0.0418 -0.9943 -0.0977
vn -0.0376 -0.9942 -0.1010
vn 0.7047 -0.5241 0.4782
vn 0.7333 -0.5202 0.4378
vn -0.6889 -0.3554 -0.6317
vn -0.6971 -0.4372 -0.5682
vn -0.6617 -0.4358 -0.6101
vn -0.6253 -0.4332 -0.6491
vn -0.7258 -0.3567 -0.5882
vn -0.7324 -0.4375 -0.5217
vn 0.6334 -0.4578 0.6239
vn 0.5604 -0.4548 0.6922
vn 0.5728 -0.5276 0.6274
vn 0.5369 -0.5259 0.6597
vn -0.4610 -0.4126 -0.7856
vn -0.0452 -0.9945 -0.0941
vn 0.4751 -0.4465 0.7582
vn 0.4977 -0.5220 0.6926
vn 0.4562 -0.5174 0.7240
vn -0.4048 -0.3999 -0.8223
vn -0.0355 -0.9937 -0.1061
vn 0.4167 -0.5114 0.7516
vn 0.2243 -0.3668 0.9029
vn 0.3885 -0.5054 0.7705
vn -0.4798 -0.4719 -0.7397
vn 0.0728 -0.9972 0.0172
vn -0.7734 -0.4354 -0.4607
vn -0.8080 -0.4302 -0.4025
vn 0.7583 -0.5150 0.3997
vn 0.7754 -0.5095 0.3731
vn 0.0798 -0.9968 0.0102
vn 0.0762 -0.9970 0.0136
vn -0.8241 -0.4262 -0.3730
vn -0.7933 -0.4633 -0.3951
vn 0.8646 -0.4678 0.1835
vn -0.7517 -0.2614 -0.6055
vn 0.9974 0.0710 -0.0143
vn 0.9994 -0.0319 0.0143
vn 0.9908 -0.1323 0.0285
vn -0.0583 -0.9950 -0.0807
vn -0.0607 -0.9953 -0.0760
vn -0.5898 -0.4303 -0.6834
vn -0.0545 -0.9950 -0.0839
vn -0.0930 0.9956 -0.0134
vn 0.0697 0.9935 0.0897
vn -0.0696 -0.9953 -0.0669
vn 0.0269 0.0387 0.9989
vn -0.0894 0.1884 0.9780
vn 0.0575 -0.0968 0.9936
vn -0.0408 0.0019 0.9992
vn 0.0759 -0.2005 0.9767
vn 0.0531 -0.9979 0.0384
vn 0.6605 -0.3684 0.6542
vn 0.0703 -0.9973 0.0215
vn 0.6064 -0.5288 0.5939
vn 0.0903 0.9956 0.0263
vn -0.0983 0.9951 -0.0114
vn 0.1017 0.9933 0.0556
vn 0.0853 0.9936 0.0745
vn 0.0968 -0.9953 -0.0060
vn 0.0827 -0.9965 0.0082
vn -0.0743 -0.9951 -0.0651
vn 0.1013 -0.9945 -0.0262
vn 0.0391 0.9916 0.1235
vn -0.0655 0.9968 -0.0451
vn -0.5095 -0.4203 -0.7508
vn 0.0446 -0.9977 0.0507
vn 0.0060 -0.9995 -0.0297
vn -0.0689 0.9968 -0.0412
vn -0.0611 0.9969 -0.0489
vn -0.0510 -0.9949 -0.0872
vn -0.8323 -0.2613 -0.4888
vn 0.1255 -0.1635 -0.9785
vn 0.0744 -0.0815 -0.9939
vn 0.1300 -0.1595 -0.9786
vn -0.0638 -0.9955 -0.0705
vn -0.0060 0.9995 0.0297
vn 0.0229 0.9902 0.1378
vn -0.0520 0.9968 -0.0613
vn -0.0050 0.9921 0.1253
vn -0.0339 -0.9936 -0.1080
vn 0.0138 -0.9978 0.0646
vn -0.0257 -0.9996 -0.0123
vn 0.0322 -0.9976 0.0614
vn 0.9612 0.2721 -0.0462
vn 0.8850 0.4543 -0.1023
vn 0.0815 0.9937 0.0766
vn 0.9635 -0.0662 -0.2593
vn 0.0461 -0.9979 0.0465
vn 0.6980 -0.3677 0.6145
vn -0.0487 -0.9946 -0.0912
vn 0.0496 -0.9979 0.0426
vn -0.0564 0.9970 -0.0530
vn -0.4225 -0.4049 -0.8109
vn 0.2247 -0.4325 0.8732
vn 0.0603 -0.9977 0.0319
vn 0.0631 -0.9976 0.0282
vn 0.0667 -0.9975 0.0250
vn -0.0831 0.9963 -0.0240
vn -0.0531 0.9969 -0.0574
vn 0.5581 -0.6941 0.4548
vn 0.5677 -0.6212 0.5402
vn 0.5268 -0.6565 0.5398
vn 0.0108 -0.0118 -0.9999
vn -0.7428 0.6490 0.1646
vn -0.7590 0.5967 0.2604
vn -0.7770 0.6082 0.1624
vn 0.1507 -0.1401 -0.9786
vn 0.1466 -0.1438 -0.9787
vn 0.5150 -0.7279 0.4527
vn 0.4855 -0.6891 0.5380
vn -0.5703 0.8044 0.1663
vn -0.4958 0.8281 0.2615
vn -0.5591 0.7859 0.2640
vn -0.6652 0.7280 0.1661
vn -0.6905 0.6734 0.2641
vn -0.7065 0.6879 0.1662
vn 0.1430 -0.1480 -0.9786
vn 0.1388 -0.1520 -0.9786
vn 0.0071 -0.0159 -0.9998
vn -0.7961 0.5480 0.2569
vn -0.8147 0.5575 0.1595
vn 0.7699 -0.4652 0.4368
vn 0.7065 -0.4720 0.5273
vn 0.7440 -0.5010 0.4421
vn 0.7107 -0.5431 0.4472
vn 0.6403 -0.5497 0.5365
vn 0.6761 -0.5826 0.4512
vn -0.8402 0.4808 0.2508
vn -0.8584 0.4894 0.1536
vn -0.8762 0.4158 0.2437
vn -0.8929 0.4251 0.1485
vn 0.7873 -0.4346 0.4373
vn 0.7461 -0.4182 0.5181
vn 0.7832 -0.4438 0.4354
vn 0.1549 -0.1363 -0.9785
vn -0.8927 0.3818 0.2395
vn -0.9081 0.3924 0.1465
vn -0.8741 0.4199 0.2441
vn -0.8738 0.4857 0.0234
vn 0.8072 -0.3935 0.4399
vn 0.7516 -0.4101 0.5166
vn 0.0755 -0.0681 -0.9948
vn 0.1259 -0.1085 -0.9861
vn 0.1531 -0.1299 -0.9796
vn 0.4706 -0.7588 0.4502
vn 0.4434 -0.7193 0.5347
vn 0.4288 -0.7855 0.4462
vn 0.4033 -0.7457 0.5303
vn -0.4408 0.8828 0.1622
vn -0.4040 0.8784 0.2555
vn -0.4351 0.8627 0.2578
vn 0.0152 -0.0082 -0.9999
vn 0.3985 -0.8016 0.4457
vn 0.3749 -0.7630 0.5266
vn 0.1749 -0.9046 0.3888
vn 0.1687 -0.8605 0.4806
vn -0.4085 0.8981 0.1626
vn -0.5044 0.8225 0.2628
vn 0.0744 -0.0814 -0.9939
vn 0.0263 -0.0009 -0.9997
vn 0.5362 -0.5869 0.6066
vn 0.4969 -0.6202 0.6070
vn -0.0744 0.0815 0.9939
vn -0.0090 0.0311 0.9995
vn -0.7256 0.6361 0.2626
vn -0.7373 0.5815 0.3438
vn -0.1443 0.1245 0.9817
vn -0.0715 0.0632 0.9954
vn -0.1531 0.0977 0.9834
vn 0.4580 -0.6520 0.6043
vn 0.4178 -0.6810 0.6014
vn -0.6504 0.7119 0.2649
vn -0.5906 0.7278 0.3486
vn -0.6323 0.6919 0.3485
vn -0.6708 0.6551 0.3477
vn -0.6072 0.7491 0.2650
vn -0.5445 0.7632 0.3480
vn 0.6058 -0.5852 0.5390
vn 0.6739 -0.5121 0.5327
vn 0.6059 -0.5186 0.6033
vn 0.6382 -0.4829 0.5996
vn -0.8186 0.4679 0.3331
vn -0.1384 0.1313 0.9816
vn -0.0745 0.0790 0.9941
vn 0.7321 -0.4380 0.5217
vn 0.6698 -0.4447 0.5947
vn 0.6951 -0.4125 0.5888
vn -0.8727 0.3682 0.3205
vn -0.0509 0.0280 0.9983
vn -0.1605 0.0578 0.9853
vn 0.7100 -0.3946 0.5833
vn 0.7745 -0.3751 0.5093
vn 0.7187 -0.3886 0.5766
vn -0.8356 0.3938 0.3831
vn -0.0271 0.0149 0.9995
vn -0.4834 0.8047 0.3447
vn -0.4253 0.8389 0.3398
vn 0.3799 -0.7067 0.5969
vn 0.3536 -0.7242 0.5921
vn -0.0341 0.0081 0.9994
vn -0.0305 0.0115 0.9995
vn -0.3958 0.8551 0.3348
vn -0.5952 0.6703 0.4432
vn 0.1665 -0.8185 0.5498
vn -0.6203 0.7664 0.1668
vn -0.0062 -0.9999 0.0161
vn 0.0178 -0.9926 0.1205
vn 0.0274 -0.9750 0.2207
vn -0.1251 0.1443 0.9816
vn -0.1211 0.1475 0.9816
vn -0.7046 0.6191 0.3468
vn -0.1289 0.1412 0.9815
vn 0.0307 0.0052 -0.9995
vn 0.1346 -0.1561 -0.9785
vn -0.1117 0.1560 0.9814
vn 0.9981 0.0621 0.0004
vn 0.9834 0.1140 -0.1415
vn 0.9942 0.0292 0.1036
vn 0.9305 0.3283 0.1626
vn 0.9801 0.0082 0.1982
vn -0.0055 0.0340 0.9994
vn 0.6404 -0.6198 0.4536
vn -0.0232 0.0182 0.9996
vn 0.5728 -0.5523 0.6056
vn 0.0714 -0.1768 -0.9817
vn 0.0327 0.0103 -0.9994
vn 0.1004 -0.1885 -0.9769
vn 0.1193 -0.1715 -0.9779
vn -0.0498 -0.0124 0.9987
vn -0.0358 0.0047 0.9993
vn -0.1098 0.1602 0.9810
vn -0.0705 -0.0086 0.9975
vn 0.0624 -0.0357 -0.9974
vn 0.0639 -0.0680 -0.9956
vn -0.0000 -0.0232 -0.9997
vn 0.0749 -0.0800 -0.9940
vn -0.7738 0.5346 0.3397
vn 0.1027 -0.0329 0.9942
vn -0.0032 -0.0140 0.9999
vn 0.0035 -0.0195 -0.9998
vn -0.0012 -0.0248 -0.9997
vn -0.0744 0.0814 0.9939
vn -0.1323 0.1379 0.9816
vn -0.5041 0.8478 0.1645
vn -0.1157 0.1510 0.9817
vn 0.0242 0.0065 -0.9997
vn 0.0607 -0.0043 -0.9981
vn -0.0361 0.0570 -0.9977
vn 0.1010 0.0387 -0.9941
vn -0.1233 0.0132 0.9923
vn 0.1198 -0.0399 0.9920
vn 0.0032 -0.0091 1.0000
vn 0.2031 -0.0579 0.9774
vn -0.1029 -0.9784 -0.1795
vn -0.0791 -0.9227 -0.3772
vn 0.1217 -0.1682 -0.9782
vn 0.0050 -0.9994 -0.0353
vn 0.0370 0.0079 0.9993
vn 0.6010 -0.6576 0.4542
vn -0.1356 0.1348 0.9816
vn 0.0038 0.0300 0.9995
vn 0.9232 -0.0002 0.3844
vn 0.9553 0.0245 0.2946
vn 0.0038 -0.0110 -0.9999
vn -0.8558 0.4024 0.3252
vn 0.8927 -0.0200 0.4502
vn -0.0125 0.0278 0.9995
vn -0.0159 0.0252 0.9996
vn -0.0196 0.0216 0.9996
vn 0.0200 -0.0047 -0.9998
vn -0.0020 0.0222 -0.9998
vn -0.4177 -0.8998 -0.1259
vn -0.7190 -0.6674 -0.1941
vn -0.4105 -0.8945 -0.1771
vn -0.5997 -0.7971 -0.0707
vn -0.9101 -0.3811 -0.1628
vn -0.7125 -0.6575 -0.2451
vn -0.8813 -0.3920 -0.2641
vn -0.9371 0.2998 -0.1789
vn -0.9652 -0.2566 -0.0505
vn -0.9994 -0.0010 -0.0350
vn -0.9158 0.3313 -0.2272
vn -0.9885 -0.0053 -0.1513
vn -0.8433 -0.5354 -0.0473
vn -0.9776 -0.0015 -0.2104
vn -0.4551 0.6991 -0.5515
vn -0.1709 0.8770 -0.4491
vn -0.5324 -0.0122 -0.8464
vn -0.4635 0.5495 -0.6951
vn -0.4876 0.7471 -0.4518
vn -0.3259 0.8664 -0.3783
vn -0.7357 0.4246 -0.5276
vn -0.0503 -0.0642 0.9967
vn 0.3015 -0.1474 0.9420
vn 0.2706 -0.0418 0.9618
vn -0.5190 -0.0331 0.8542
vn 0.0763 -0.1567 0.9847
vn 0.3160 -0.2426 0.9172
vn 0.0033 -0.1051 0.9945
vn 0.1501 -0.2428 0.9584
vn -0.7465 -0.1436 0.6497
vn -0.9035 -0.0479 0.4259
vn -0.8958 -0.1448 0.4202
vn -0.6496 -0.2091 0.7309
vn -0.6729 -0.1164 0.7305
vn -0.4484 -0.2191 0.8666
vn 0.3501 -0.3366 0.8741
vn 0.0403 -0.4356 0.8993
vn 0.1448 -0.3313 0.9323
vn -0.1130 -0.4246 0.8983
vn 0.0738 -0.3974 0.9147
vn -0.7155 0.1726 0.6770
vn -0.6011 0.0498 0.7976
vn -0.4208 0.1413 0.8961
vn -0.7123 0.2225 0.6657
vn -0.9050 0.1635 0.3927
vn -0.8408 0.0452 0.5394
vn -0.8756 0.2598 0.4072
vn 0.0949 0.5347 -0.8397
vn -0.4495 0.5868 -0.6735
vn -0.1863 0.6036 -0.7752
vn -0.1614 0.4895 -0.8569
vn -0.4782 0.4916 -0.7278
vn -0.5468 0.8345 0.0680
vn -0.4674 0.7175 -0.5165
vn -0.5469 0.7956 0.2606
vn -0.7356 0.5548 -0.3887
vn -0.9635 0.0650 0.2599
vn -0.9315 0.2160 -0.2928
vn -0.9981 0.0618 -0.0001
vn -0.9844 0.1751 0.0170
vn -0.9111 0.2630 -0.3174
vn -0.9729 0.2303 0.0183
vn 0.5001 -0.8604 -0.0981
vn 0.2302 -0.9731 -0.0048
vn -0.0873 -0.9949 -0.0505
vn 0.5363 -0.8281 -0.1629
vn 0.5088 -0.8605 -0.0244
vn 0.7268 -0.6867 -0.0159
vn 0.8343 -0.5133 -0.2013
vn 0.7450 0.5555 -0.3694
vn 0.5165 0.5036 -0.6925
vn 0.6312 0.7006 -0.3328
vn 0.9196 0.3105 -0.2405
vn 0.4641 0.7172 -0.5199
vn 0.9092 0.2866 -0.3021
vn 0.8627 0.4118 -0.2937
vn 0.9487 -0.3133 -0.0427
vn 0.9646 0.2206 -0.1447
vn 0.9913 -0.0359 -0.1269
vn 0.8523 0.4677 -0.2342
vn 0.9874 -0.0430 -0.1523
vn 0.5034 0.0660 0.8615
vn -0.0949 0.0261 0.9951
vn 0.2251 -0.0321 0.9738
vn 0.5097 -0.0141 0.8603
vn 0.5349 0.1329 0.8344
vn 0.8357 0.1723 0.5214
vn 0.9691 0.1288 -0.2104
vn 0.9472 0.0057 0.3207
vn 0.9997 0.0163 0.0169
vn 0.8585 0.2331 -0.4567
vn 0.9939 0.1014 0.0435
vn 0.7223 -0.0275 0.6910
vn 0.9255 0.2340 -0.2979
vn 0.9901 0.1301 0.0531
vn 0.7530 0.3806 -0.5367
vn 0.6395 0.3486 -0.6852
vn 0.5163 0.7110 -0.4774
vn 0.4643 0.5463 -0.6971
vn 0.9145 0.2983 -0.2733
vn 0.2397 0.9143 -0.3266
vn 0.5056 0.8583 -0.0875
vn 0.5317 0.6112 -0.5863
vn 0.6447 0.6658 -0.3756
vn 0.8517 0.4994 -0.1586
vn 0.6423 0.4034 -0.6517
vn 0.8016 0.4286 -0.4168
vn 0.5036 0.1241 -0.8550
vn 0.2340 0.3651 -0.9011
vn 0.1199 0.0900 -0.9887
vn 0.8208 0.1755 -0.5436
vn 0.9500 0.2464 -0.1918
vn 0.9803 0.1566 -0.1206
vn 0.3627 0.6415 0.6760
vn 0.3624 0.6417 0.6759
vn 0.4293 -0.8992 -0.0847
vn 0.4294 -0.8991 -0.0848
vn 0.7738 -0.2380 0.5870
vn -0.4463 0.8941 0.0372
vn -0.4362 0.8969 0.0722
vn -0.4359 0.8970 0.0734
vn 0.1304 0.9887 0.0742
vn 0.6007 0.7780 0.1839
vn 0.2568 0.9510 0.1720
vn -0.9601 0.1796 -0.2143
vn -0.8266 0.3707 -0.4234
vn -0.9743 0.1432 -0.1741
vn 0.2330 -0.5833 0.7781
vn 0.4559 -0.6327 0.6260
vn 0.7457 0.3769 0.5494
vn 0.7964 0.5549 0.2405
vn 0.2590 0.8621 -0.4356
vn 0.2589 0.8622 -0.4355
vn 0.9455 0.3227 0.0428
vn 0.1604 -0.1431 -0.9766
vn 0.0161 -0.0377 -0.9992
vn 0.0259 -0.4746 0.8798
vn -0.0791 -0.7552 0.6507
vn 0.1137 -0.8174 0.5648
vn -0.1158 0.5074 -0.8539
vn 0.8068 -0.5425 -0.2341
vn 0.8069 -0.5425 -0.2337
vn -0.9562 -0.2516 0.1498
vn -0.7712 -0.6115 0.1771
vn -0.5523 -0.7950 0.2510
vn -0.4728 -0.8621 0.1826
vn -0.6192 -0.7842 -0.0398
vn 0.6696 -0.2142 0.7111
vn 0.6699 -0.3563 0.6513
vn 0.5864 -0.3439 0.7334
vn -0.5580 -0.8296 -0.0195
vn -0.1865 -0.8571 0.4803
vn -0.4596 0.8009 -0.3839
vn -0.3064 0.9182 -0.2512
vn -0.2931 0.9256 -0.2395
vn -0.1046 0.8454 0.5238
vn -0.3469 0.9000 0.2639
vn -0.0743 0.9862 0.1478
vn -0.1634 0.4736 0.8654
vn -0.3852 0.6430 0.6619
vn -0.5948 0.5838 0.5527
vn -0.4169 0.4006 0.8159
vn -0.5394 0.1748 0.8237
vn -0.1868 0.2178 0.9580
vn -0.1094 0.1246 0.9862
vn -0.9052 0.3365 0.2597
vn -0.8496 0.0913 0.5195
vn -0.6535 0.3715 0.6595
vn -0.6413 -0.4344 0.6325
vn -0.8412 -0.2106 0.4980
vn -0.8745 -0.1557 0.4593
vn -0.3498 -0.3241 0.8790
vn -0.3450 -0.2568 0.9028
vn -0.4217 -0.2730 0.8646
vn 0.5690 -0.7759 0.2725
vn 0.6420 -0.6476 0.4106
vn -0.2028 -0.5384 0.8179
vn -0.6879 0.0971 0.7193
vn -0.7248 0.1478 0.6730
vn -0.8607 -0.4989 -0.1009
vn -0.9097 -0.2393 -0.3395
vn -0.5442 -0.8169 -0.1911
vn -0.6639 -0.6341 -0.3964
vn -0.6053 -0.5206 -0.6021
vn -0.4367 -0.7826 -0.4436
vn -0.3993 -0.6277 -0.6682
vn -0.1963 -0.9592 -0.2033
vn -0.1928 -0.8414 -0.5048
vn -0.1919 -0.9488 -0.2507
vn -0.3558 -0.2249 -0.9071
vn -0.1171 -0.4803 -0.8692
vn 0.2860 -0.6466 -0.7072
vn 0.3930 -0.7234 -0.5676
vn 0.3290 -0.6522 -0.6829
vn 0.4446 -0.8163 0.3688
vn 0.6999 -0.6632 0.2652
vn 0.3935 -0.7754 -0.4939
vn -0.2397 -0.4664 -0.8515
vn -0.1961 -0.5409 -0.8179
vn -0.2419 -0.4624 -0.8530
vn 0.6680 0.7435 0.0315
vn 0.8775 0.1561 0.4534
vn 0.6865 0.5896 -0.4256
vn 0.2787 0.7764 -0.5653
vn 0.5571 0.6918 0.4594
vn 0.6979 0.1372 0.7029
vn 0.0004 0.9996 -0.0266
vn 0.0220 0.8585 -0.5123
vn -0.5767 0.8081 -0.1203
vn -0.4188 0.8989 0.1288
vn 0.3717 0.1060 0.9223
vn -0.2528 0.4609 0.8507
vn 0.2915 0.4348 0.8520
vn -0.2562 0.5974 0.7599
vn 0.0898 0.5959 0.7980
vn 0.1675 -0.8804 -0.4436
vn 0.3914 -0.9079 -0.1502
vn -0.3138 -0.7393 -0.5958
vn -0.3997 -0.7128 -0.5763
vn 0.7078 -0.6991 -0.1014
vn 0.0890 -0.8259 -0.5567
vn 0.3921 -0.8851 -0.2507
vn -0.3786 0.4134 -0.8281
vn -0.5886 0.2896 -0.7547
vn -0.2637 0.6079 -0.7490
vn -0.1836 0.5077 -0.8417
vn -0.4791 0.2564 -0.8395
vn -0.6595 0.0626 -0.7491
vn 0.1654 -0.0990 -0.9813
vn 0.1649 -0.0995 -0.9813
vn 0.3467 0.0946 -0.9332
vn 0.9199 -0.3648 -0.1439
vn 0.9048 0.0775 -0.4188
vn 0.9070 -0.1470 -0.3945
vn 0.6899 0.2051 -0.6942
vn 0.8994 -0.3623 -0.2444
vn 0.8606 -0.0590 -0.5058
vn 0.9209 -0.1183 0.3713
vn 0.9239 -0.3646 0.1162
vn 0.7153 -0.1118 0.6898
vn 0.8702 -0.3463 0.3505
vn 0.7296 -0.6784 0.0858
vn 0.5953 -0.5699 0.5664
vn 0.6934 -0.6390 0.3330
vn 0.1407 -0.3947 0.9080
vn 0.4020 -0.1359 0.9055
vn 0.1246 -0.7055 0.6976
vn 0.3821 -0.3648 0.8491
vn 0.6828 -0.3215 0.6561
vn 0.3538 -0.8640 0.3582
vn 0.1529 -0.9173 0.3677
vn 0.3786 -0.9182 0.1166
vn 0.3468 -0.6678 0.6586
vn -0.4675 0.2140 0.8577
vn -0.1079 -0.3571 0.9278
vn -0.5833 0.2763 0.7638
vn -0.3313 -0.1581 0.9302
vn -0.0632 -0.6723 0.7375
vn -0.4325 -0.0679 0.8991
vn -0.2267 -0.3407 0.9124
vn -0.8674 0.3776 -0.3241
vn -0.7771 0.6013 -0.1860
vn -0.7785 0.1510 -0.6092
vn -0.8619 0.0587 -0.5037
vn -0.8727 0.4810 -0.0837
vn -0.7462 0.6656 0.0127
vn -0.9448 -0.1779 0.2751
vn -0.9445 -0.1748 0.2781
vn -0.9222 -0.3830 0.0525
vn -0.3880 -0.8936 0.2259
vn -0.2977 -0.9540 -0.0361
vn -0.0989 -0.9184 0.3832
vn -0.2895 -0.8506 0.4391
vn -0.4889 -0.8477 0.2056
vn 0.5469 0.7844 0.2925
vn 0.4211 0.9021 0.0946
vn 0.2186 0.9497 0.2244
vn 0.5956 0.7133 0.3693
vn 0.8290 0.4972 0.2562
vn 0.7641 0.6411 0.0722
vn 0.8097 0.2206 0.5438
vn 0.5557 -0.3687 0.7452
vn 0.1566 -0.5910 0.7913
vn 0.4321 -0.5919 0.6804
vn 0.8347 -0.1777 0.5212
vn 0.1897 0.2467 0.9503
vn 0.5235 -0.0799 0.8483
vn 0.1024 0.3637 0.9259
vn 0.9434 0.3207 0.0842
vn 0.9476 -0.1639 0.2743
vn 0.9636 0.1050 0.2459
vn 0.7722 -0.4107 0.4847
vn 0.3734 0.9239 -0.0833
vn 0.0891 0.9280 -0.3617
vn 0.6978 0.7078 -0.1103
vn 0.3923 0.8335 -0.3890
vn 0.1054 0.7160 -0.6901
vn 0.9158 0.1084 -0.3868
vn 0.9175 0.3848 -0.1002
vn 0.6938 0.1322 -0.7079
vn 0.8181 0.4114 -0.4019
vn 0.0854 0.3964 -0.9141
vn 0.3677 0.1159 -0.9227
vn 0.0862 0.1156 -0.9896
vn 0.3891 0.4173 -0.8212
vn 0.5397 -0.2656 -0.7989
vn 0.2101 -0.1902 -0.9590
vn 0.4137 -0.0627 -0.9083
vn 0.8239 -0.2422 -0.5123
vn 0.5877 -0.3442 -0.7322
vn 0.8051 -0.5398 -0.2458
vn 0.9468 -0.2865 0.1462
vn 0.9405 -0.0784 -0.3306
vn 0.7727 -0.5040 0.3859
vn 0.9613 -0.2476 -0.1209
vn 0.7588 -0.0525 -0.6492
vn 0.8331 -0.5318 0.1523
vn 0.1696 -0.7785 0.6043
vn 0.5551 -0.7609 0.3359
vn 0.4331 -0.7042 0.5626
vn 0.1838 -0.9409 -0.2844
vn 0.5204 -0.8528 0.0438
vn -0.3816 0.9167 0.1182
vn -0.0976 0.9133 0.3955
vn -0.7062 0.6990 0.1126
vn -0.3733 0.8407 0.3924
vn -0.0876 0.6908 0.7177
vn -0.6598 0.6516 0.3743
vn -0.3507 0.6473 0.6767
vn -0.9167 0.0860 0.3903
vn -0.9211 0.3721 0.1143
vn -0.6967 0.0758 0.7134
vn -0.8464 0.3626 0.3900
vn -0.6551 0.3390 0.6752
vn -0.0889 0.3611 0.9283
vn -0.3688 0.0792 0.9261
vn -0.3660 0.3564 0.8597
vn 0.3111 0.7964 0.5187
vn 0.2252 0.9523 0.2057
vn 0.0867 0.8965 0.4344
vn 0.2463 0.7398 0.6262
vn 0.3888 0.7346 0.5561
vn 0.4254 0.6131 0.6657
vn 0.3159 -0.1853 0.9305
vn 0.1009 0.3065 0.9465
vn 0.5459 -0.4346 0.7163
vn 0.2775 0.0965 0.9559
vn 0.0764 0.6314 0.7717
vn 0.3690 0.0505 0.9280
vn 0.3004 0.2051 0.9315
vn 0.7883 -0.6146 0.0285
vn 0.8097 -0.3693 0.4562
vn 0.7366 -0.5974 0.3170
vn 0.9613 0.2740 0.0291
vn 0.9680 0.0131 0.2506
vn 0.8958 -0.2764 0.3482
vn 0.7430 -0.3767 0.5532
vn 0.7698 -0.1331 0.6242
vn -0.7799 -0.2958 0.5516
vn -0.8972 -0.0927 0.4319
vn -0.4760 -0.8622 0.1733
vn -0.6416 -0.5690 0.5143
vn -0.4874 -0.2723 0.8297
vn -0.6304 -0.0845 0.7717
vn -0.2143 -0.5625 0.7985
vn 0.3681 -0.7634 0.5307
vn 0.5345 -0.8212 0.1999
vn 0.5900 -0.6987 0.4047
vn 0.1846 -0.5460 0.8172
vn 0.2641 -0.7713 0.5791
vn -0.3072 -0.1066 0.9457
vn 0.1750 -0.3031 0.9367
vn -0.0925 -0.2714 0.9580
vn 0.4161 -0.5110 0.7521
vn -0.9076 -0.4185 0.0335
vn -0.9908 -0.1318 0.0318
vn -0.8861 -0.4621 0.0371
vn -0.7391 -0.6727 0.0349
vn -0.4767 -0.7497 0.4590
vn -0.3308 -0.7147 0.6163
vn -0.5386 -0.7698 0.3425
vn -0.3228 -0.7108 0.6249
vn -0.4275 -0.7954 0.4296
vn 0.1726 -0.9558 0.2381
vn -0.3210 -0.9458 0.0489
vn 0.3845 -0.7849 0.4859
vn -0.1077 -0.9518 0.2874
vn -0.6701 -0.7419 0.0248
vn 0.5573 -0.4807 0.6770
vn 0.5254 -0.6246 0.5778
vn 0.4231 -0.3716 0.8264
vn 0.1920 -0.3572 0.9141
vn 0.2692 -0.8284 0.4912
vn 0.8391 -0.5402 0.0643
vn 0.8391 -0.5402 0.0642
vn -0.9242 -0.0961 -0.3697
vn -0.9194 -0.3821 -0.0938
vn -0.9909 -0.1018 -0.0878
vn -0.7118 -0.0830 -0.6974
vn -0.8513 -0.3716 -0.3704
vn -0.7012 -0.7063 -0.0974
vn -0.6667 -0.3467 -0.6598
vn -0.6610 -0.6586 -0.3595
vn -0.1049 -0.3613 -0.9265
vn -0.3883 -0.0824 -0.9179
vn -0.0954 -0.6913 -0.7163
vn -0.3805 -0.3596 -0.8520
vn -0.3583 -0.6513 -0.6689
vn -0.3735 -0.9210 -0.1106
vn -0.0958 -0.9140 -0.3942
vn -0.3724 -0.8444 -0.3851
vn 0.1944 -0.4929 -0.8481
vn 0.0699 -0.4426 -0.8940
vn 0.2743 -0.2522 -0.9280
vn 0.4643 -0.5049 -0.7277
vn 0.1012 -0.6283 -0.7714
vn 0.0296 -0.7234 -0.6898
vn 0.3289 -0.7248 -0.6054
vn 0.3289 -0.7247 -0.6055
vn 0.3290 -0.7248 -0.6054
vn 0.6934 -0.6013 0.3971
vn 0.8587 -0.2738 0.4331
vn 0.6817 -0.5430 0.4903
vn 0.5873 -0.7686 0.2537
vn 0.8416 -0.5185 0.1513
vn 0.0688 -0.9365 -0.3438
vn 0.2855 -0.9448 0.1610
vn 0.0846 -0.8822 -0.4632
vn 0.5376 -0.8070 0.2445
vn 0.5534 -0.7381 0.3860
vn -0.0880 0.3926 0.9155
vn -0.1723 0.6998 0.6933
vn -0.1384 0.3828 0.9134
vn -0.0407 0.5797 0.8138
vn -0.1596 0.8977 0.4106
vn -0.2235 0.6921 0.6863
vn -0.2598 0.8672 0.4249
vn -0.2105 0.9400 -0.2687
vn -0.0545 0.9580 0.2814
vn -0.0525 0.9983 0.0258
vn -0.2601 0.9186 -0.2974
vn -0.1685 0.9850 0.0365
vn -0.0349 0.8295 0.5574
vn -0.2274 0.9731 0.0357
vn -0.5946 0.4604 -0.6591
vn -0.4965 0.1823 -0.8487
vn -0.8536 0.5164 0.0688
vn -0.7303 0.4628 -0.5024
vn -0.4984 0.4945 -0.7121
vn -0.4282 0.3375 -0.8383
vn -0.5625 0.7350 -0.3785
vn 0.6462 0.7461 -0.1606
vn 0.7781 0.6263 -0.0489
vn 0.7485 0.5476 -0.3741
vn 0.5851 0.7461 -0.3178
vn 0.3616 0.9229 -0.1321
vn 0.5158 0.8563 -0.0245
vn 0.3731 0.8991 -0.2289
vn -0.8632 -0.0926 -0.4963
vn -0.7187 0.4532 -0.5274
vn -0.7656 0.2691 -0.5843
vn -0.8849 0.1564 -0.4387
vn -0.7683 0.4742 -0.4299
vn -0.6920 0.4140 -0.5914
vn -0.4402 0.7485 -0.4960
vn 0.2397 0.9704 -0.0284
vn -0.3157 0.9356 -0.1582
vn -0.0131 0.9998 -0.0152
vn -0.0116 0.9918 -0.1270
vn -0.3453 0.9160 -0.2042
vn -0.0122 0.9833 -0.1814
vn -0.0515 -0.5202 0.8525
vn 0.0493 -0.2520 0.9665
vn -0.1324 0.0340 0.9906
vn -0.1235 -0.4349 0.8920
vn 0.0292 -0.5277 0.8489
vn 0.0324 -0.7430 0.6685
vn -0.1599 -0.8500 0.5019
vn -0.3656 -0.7444 -0.5587
vn -0.5484 -0.4804 -0.6845
vn -0.3572 -0.6216 -0.6972
vn -0.2398 -0.9169 -0.3190
vn -0.4091 -0.7319 -0.5449
vn -0.3004 -0.9075 -0.2935
vn -0.0095 -0.9561 0.2929
vn -0.1386 -0.9622 -0.2346
vn -0.1072 -0.9940 0.0192
vn -0.2431 -0.8458 -0.4750
vn -0.1324 -0.9908 0.0265
vn 0.8740 -0.4686 -0.1289
vn 0.8738 -0.3576 -0.3295
vn 0.9799 -0.1992 -0.0059
vn 0.8761 -0.4812 -0.0293
vn 0.9818 0.0401 -0.1854
vn 0.5296 -0.8207 -0.2146
vn 0.6378 -0.7581 -0.1360
vn -0.2087 -0.9648 -0.1598
vn 0.3279 -0.9430 -0.0577
vn 0.0204 -0.9979 -0.0617
vn -0.4561 -0.8554 -0.2456
vn 0.0481 -0.9886 -0.1425
vn 0.7026 -0.7111 -0.0259
vn -0.2987 -0.9201 -0.2532
vn 0.0513 -0.9842 -0.1692
vn -0.5507 -0.7565 -0.3527
vn -0.6898 -0.6400 -0.3385
vn -0.7690 -0.4745 -0.4283
vn -0.5097 -0.7719 -0.3799
vn -0.2823 -0.9062 -0.3148
vn 0.9324 0.1690 -0.3196
vn 0.7103 0.2595 -0.6543
vn 0.7866 0.4594 -0.4126
vn 0.8399 0.1305 -0.5269
vn 0.4236 0.2319 -0.8757
vn 0.6184 0.4388 -0.6519
vn 0.1986 0.8581 -0.4735
vn 0.4154 0.3379 -0.8445
vn -0.2690 0.2289 -0.9356
vn 0.2961 0.1149 -0.9482
vn 0.0293 0.0903 -0.9955
vn -0.6146 0.3585 -0.7027
vn 0.0395 0.2147 -0.9759
vn 0.5851 0.1132 -0.8030
vn 0.0222 0.2724 -0.9619
vn -0.6745 0.5601 -0.4810
vn -0.8604 0.4501 -0.2389
vn -0.8427 0.5365 0.0435
vn -0.6311 0.6189 -0.4676
vn -0.7093 0.4684 -0.5268
vn -0.3925 0.5572 -0.7317
vn 0.9361 -0.0847 0.3414
vn 0.9993 0.0154 -0.0341
vn 0.9032 -0.1760 0.3915
vn 0.9905 -0.0699 0.1184
vn 0.9893 0.0134 -0.1450
vn 0.9669 -0.1890 0.1714
vn 0.9847 -0.1741 -0.0099
vn 0.9055 -0.4088 0.1138
vn 0.8593 -0.2880 0.4226
vn 0.9206 -0.3887 -0.0385
vn 0.9278 -0.2947 0.2289
vn 0.9746 -0.2224 0.0272
vn 0.4346 -0.0675 -0.8981
vn 0.3515 -0.1213 -0.9283
vn 0.3504 0.0064 -0.9366
vn 0.6192 0.0212 -0.7850
vn 0.6325 -0.2084 -0.7460
vn 0.5410 -0.2800 -0.7931
vn 0.9749 -0.0844 -0.2062
vn -0.1238 -0.7107 -0.6925
vn -0.0168 -0.8304 -0.5569
vn -0.1271 -0.9200 -0.3708
vn -0.1734 -0.7023 -0.6905
vn -0.0889 -0.4417 -0.8928
vn 0.0167 -0.5892 -0.8078
vn -0.1867 -0.4520 -0.8723
vn -0.5033 0.8641 -0.0057
vn -0.5098 0.6709 -0.5385
vn -0.5490 0.7833 -0.2915
vn -0.4356 0.8634 -0.2544
vn -0.4120 0.7189 -0.5599
vn -0.7750 -0.0651 -0.6286
vn -0.6415 0.5314 -0.5533
vn -0.7435 -0.2576 -0.6172
vn -0.4636 0.3681 -0.8060
vn 0.0165 -0.3241 -0.9459
vn -0.1173 0.2300 -0.9661
vn 0.0296 -0.0750 -0.9967
vn -0.0821 -0.0770 -0.9936
vn -0.1643 0.2605 -0.9514
vn -0.1376 -0.0744 -0.9877
vn 0.8251 0.1689 0.5392
vn 0.9513 0.0413 0.3055
vn 0.8412 0.5272 0.1202
vn 0.9616 0.2730 0.0269
vn 0.8195 0.0522 0.5706
vn 0.6671 0.0089 0.7449
vn 0.5150 0.2089 0.8313
vn -0.5948 0.3493 0.7240
vn -0.8036 0.4344 0.4068
vn -0.7481 0.3265 0.5777
vn -0.3323 0.2228 0.9165
vn -0.5456 0.3831 0.7453
vn -0.2959 0.2986 0.9073
vn 0.3090 0.0064 0.9510
vn -0.2507 0.1065 0.9622
vn 0.0308 0.0896 0.9955
vn -0.5044 0.2077 0.8381
vn 0.0564 0.1217 0.9910
vn 0.7825 -0.0554 0.6202
vn 0.8620 -0.1140 0.4938
vn 0.6244 -0.0448 0.7799
vn 0.7769 -0.1150 0.6191
vn 0.8282 -0.2039 0.5220
vn 0.6802 -0.1709 0.7129
vn 0.7645 -0.1904 0.6159
vn 0.3823 -0.1457 0.9125
vn 0.4260 -0.0647 0.9024
vn 0.6004 -0.2125 0.7710
vn 0.5121 -0.1342 0.8484
vn 0.6546 -0.0980 0.7496
vn 0.7856 -0.2828 0.5504
vn 0.6625 -0.2971 0.6876
vn 0.7435 -0.3643 0.5608
vn 0.7095 -0.2526 0.6579
vn 0.5325 -0.2393 0.8119
vn -0.1228 -0.8281 0.5469
vn -0.0378 -0.9983 -0.0435
vn -0.0095 -0.9589 0.2837
vn -0.0458 -0.8312 0.5540
vn -0.1897 -0.7996 0.5698
vn -0.2494 -0.4549 0.8549
vn -0.2037 0.2906 0.9349
vn -0.0981 -0.2451 0.9645
vn -0.1059 0.0660 0.9922
vn -0.2858 0.5269 0.8004
vn -0.1860 0.0368 0.9819
vn -0.0540 -0.6379 0.7682
vn -0.2956 0.3758 0.8783
vn -0.2128 0.0330 0.9765
vn -0.4110 0.6060 0.6811
vn -0.3701 0.7406 0.5609
vn -0.7154 0.5438 0.4387
vn -0.5390 0.7466 0.3899
vn -0.3567 0.3549 0.8642
vn 0.3405 -0.1513 0.9280
vn 0.3470 -0.2584 0.9016
vn 0.3875 -0.3564 0.8502
vn -0.8967 -0.3279 0.2974
vn -0.8965 -0.3104 0.3161
vn -0.7606 -0.4817 0.4353
vn -0.7601 -0.4566 0.4624
vn -0.2406 -0.6844 0.6882
vn 0.0156 -0.7458 0.6660
vn 0.0160 -0.7056 0.7084
vn -0.8963 -0.3442 0.2796
vn -0.7601 -0.5050 0.4089
vn -0.2421 -0.7234 0.6466
vn 0.0136 -0.7812 0.6241
vn -0.9141 0.2885 -0.2850
vn -0.9142 0.2698 -0.3025
vn -0.7881 0.4365 -0.4340
vn -0.3322 0.6242 -0.7071
vn -0.0862 0.7034 -0.7056
vn -0.3310 0.6666 -0.6679
vn -0.9143 0.2496 -0.3191
vn -0.7887 0.4075 -0.4603
vn -0.3318 0.5773 -0.7461
vn -0.0873 0.6585 -0.7475
vn -0.8957 -0.2728 0.3510
vn -0.8965 -0.2913 0.3338
vn -0.7590 -0.4012 0.5128
vn -0.2404 -0.6417 0.7283
vn 0.0166 -0.6175 0.7864
vn -0.2408 -0.5983 0.7642
vn -0.7604 -0.4285 0.4880
vn 0.0171 -0.6618 0.7495
vn -0.9138 0.3057 -0.2675
vn -0.9131 0.3217 -0.2507
vn -0.7880 0.4625 -0.4064
vn -0.7865 0.4862 -0.3809
vn -0.3312 0.7386 -0.5872
vn -0.0860 0.7446 -0.6619
vn -0.0869 0.7799 -0.6198
vn -0.3296 0.7059 -0.6269
vn -0.9127 0.3358 -0.2328
vn -0.9115 0.3521 -0.2125
vn -0.7856 0.5080 -0.3533
vn -0.7825 0.5332 -0.3215
vn -0.3282 0.8027 -0.4980
vn -0.0878 0.8132 -0.5753
vn -0.0888 0.8471 -0.5239
vn -0.3300 0.7703 -0.5457
vn -0.8961 -0.3594 0.2606
vn -0.7589 -0.5276 0.3816
vn -0.2416 -0.7580 0.6059
vn 0.0119 -0.8147 0.5797
vn -0.8942 -0.3773 0.2409
vn -0.7564 -0.5511 0.3523
vn -0.2431 -0.7904 0.5622
vn 0.0089 -0.8476 0.5306
vn -0.8933 -0.3923 0.2193
vn -0.7542 -0.5727 0.3213
vn -0.2436 -0.8224 0.5140
vn 0.0080 -0.8776 0.4792
vn -0.8891 -0.4117 0.2002
vn -0.7464 -0.5966 0.2949
vn -0.2399 -0.8530 0.4636
vn 0.0070 -0.9025 0.4307
vn -0.9096 0.3692 -0.1906
vn -0.9061 0.3856 -0.1743
vn -0.7778 0.5592 -0.2870
vn -0.7713 0.5803 -0.2613
vn -0.3220 0.8570 -0.4022
vn -0.0892 0.8803 -0.4659
vn -0.0873 0.9031 -0.4205
vn -0.3255 0.8345 -0.4446
vn -0.8840 -0.4551 0.1069
vn -0.9229 -0.3850 -0.0051
vn -0.5330 -0.8291 0.1686
vn -0.7007 -0.7132 -0.0210
vn -0.0561 -0.9834 0.1728
vn -0.3609 -0.9320 -0.0332
vn -0.9769 -0.1924 0.0927
vn -0.7372 -0.6170 0.2754
vn -0.2367 -0.8789 0.4142
vn 0.0136 -0.9186 0.3949
vn -0.7288 -0.6294 0.2696
vn -0.2192 -0.8982 0.3809
vn -0.9035 0.3949 -0.1668
vn -0.7663 0.5913 -0.2514
vn -0.0835 0.9127 -0.4000
vn -0.3156 0.8686 -0.3820
vn -0.9140 0.2258 -0.3372
vn -0.7876 0.3771 -0.4873
vn -0.3288 0.5166 -0.7906
vn -0.0883 0.6079 -0.7891
vn -0.9088 0.2097 -0.3607
vn -0.7852 0.3372 -0.5193
vn -0.3215 0.4601 -0.8276
vn -0.0881 0.5405 -0.8367
vn -0.0837 0.4754 -0.8758
vn -0.8968 -0.2360 0.3741
vn -0.8958 -0.2537 0.3650
vn -0.7582 -0.3528 0.5484
vn -0.2385 -0.5566 0.7958
vn 0.0167 -0.5386 0.8424
vn -0.2352 -0.5196 0.8214
vn -0.7581 -0.3748 0.5337
vn 0.0167 -0.5748 0.8182
vn -0.9228 0.0133 0.3851
vn -0.6920 0.0092 0.7219
vn -0.3469 0.0031 0.9379
vn -0.9011 0.2050 -0.3820
vn -0.7743 0.3054 -0.5542
vn -0.3109 0.4296 -0.8478
vn -0.0765 0.4432 -0.8932
vn -0.7620 0.2948 -0.5766
vn -0.3144 0.4230 -0.8498
vn -0.9007 -0.2222 0.3733
vn -0.7493 -0.2987 0.5910
vn -0.2283 -0.4974 0.8369
vn 0.0204 -0.5150 0.8570
vn -0.7612 -0.3358 0.5548
vn 0.6972 -0.5078 0.5060
vn 0.6965 -0.5372 0.4757
vn 0.8572 -0.3655 0.3626
vn 0.8570 -0.3869 0.3405
vn 0.9598 -0.2006 0.1965
vn 0.9597 -0.2123 0.1839
vn 0.6946 -0.5645 0.4460
vn 0.8558 -0.4071 0.3191
vn 0.9593 -0.2238 0.1720
vn 0.6362 0.5086 -0.5802
vn 0.6365 0.5428 -0.5480
vn 0.8257 0.3711 -0.4248
vn 0.8257 0.3960 -0.4017
vn 0.9490 0.2064 -0.2382
vn 0.9491 0.2198 -0.2255
vn 0.6346 0.4704 -0.6132
vn 0.8249 0.3433 -0.4490
vn 0.9489 0.1909 -0.2514
vn 0.6971 -0.4759 0.5362
vn 0.6954 -0.4446 0.5646
vn 0.8571 -0.3427 0.3847
vn 0.8562 -0.3201 0.4055
vn 0.9597 -0.1877 0.2089
vn 0.9596 -0.1751 0.2204
vn 0.6338 0.6032 -0.4842
vn 0.6353 0.5750 -0.5156
vn 0.8243 0.4403 -0.3559
vn 0.8252 0.4195 -0.3782
vn 0.9485 0.2448 -0.2012
vn 0.9491 0.2326 -0.2126
vn 0.6278 0.6594 -0.4135
vn 0.6317 0.6304 -0.4513
vn 0.8209 0.4824 -0.3057
vn 0.8230 0.4605 -0.3325
vn 0.9477 0.2677 -0.1737
vn 0.9483 0.2556 -0.1882
vn 0.6917 -0.5910 0.4150
vn 0.8545 -0.4264 0.2968
vn 0.9589 -0.2347 0.1596
vn 0.6880 -0.6178 0.3807
vn 0.8518 -0.4474 0.2726
vn 0.9579 -0.2469 0.1465
vn 0.6821 -0.6447 0.3451
vn 0.8484 -0.4680 0.2474
vn 0.9567 -0.2593 0.1325
vn 0.6747 -0.6689 0.3120
vn 0.8429 -0.4890 0.2243
vn 0.9548 -0.2720 0.1198
vn 0.6146 0.7125 -0.3386
vn 0.6222 0.6891 -0.3715
vn 0.8118 0.5260 -0.2536
vn 0.8170 0.5061 -0.2763
vn 0.9444 0.2944 -0.1467
vn 0.9466 0.2811 -0.1582
vn 0.4236 -0.9056 0.0221
vn 0.6412 -0.7534 0.1457
vn 0.7323 -0.6809 0.0124
vn 0.8261 -0.5536 0.1053
vn 0.9316 -0.3636 0.0007
vn 0.9482 -0.3125 0.0569
vn 0.6668 -0.6872 0.2885
vn 0.8366 -0.5065 0.2089
vn 0.9522 -0.2841 0.1121
vn 0.6093 0.7239 -0.3237
vn 0.8070 0.5378 -0.2438
vn 0.9424 0.3029 -0.1418
vn 0.6311 0.4179 -0.6535
vn 0.8227 0.3049 -0.4798
vn 0.9482 0.1684 -0.2693
vn 0.6224 0.3674 -0.6911
vn 0.8167 0.2681 -0.5110
vn 0.9464 0.1462 -0.2882
vn 0.6934 -0.4145 0.5894
vn 0.6884 -0.3905 0.6113
vn 0.8545 -0.2990 0.4248
vn 0.8495 -0.2838 0.4446
vn 0.9587 -0.1640 0.2324
vn 0.9559 -0.1579 0.2476
vn 0.1484 -0.0667 0.9867
vn 0.4261 -0.0665 0.9022
vn 0.7284 -0.0576 0.6827
vn 0.9263 -0.0408 0.3745
vn 0.6555 -0.2184 0.7229
vn 0.8255 -0.1672 0.5391
vn 0.9399 -0.1061 0.3245
vn 0.6156 0.3424 -0.7098
vn 0.8121 0.2495 -0.5275
vn 0.9453 0.1338 -0.2976
vn 0.6811 -0.3766 0.6279
vn 0.8413 -0.2778 0.4638
vn 0.9502 -0.1598 0.2676
vn 0.3477 0.8286 -0.4388
vn 0.3516 0.5005 -0.7911
vn 0.1786 0.9463 0.2697
vn 0.1786 0.9463 0.2696
vn -0.2466 0.0659 0.9669
vn 0.3469 0.8093 -0.4739
vn 0.1984 -0.2387 -0.9506
vn -0.2295 -0.9684 -0.0972
vn 0.3536 0.4667 -0.8107
vn 0.9263 -0.3768 -0.0031
vn 0.7110 -0.7031 -0.0080
vn 0.3890 -0.9211 -0.0127
vn 0.0115 -0.3853 0.9227
vn 0.0102 -0.9242 0.3818
vn 0.0096 -0.7032 0.7109
vn -0.6896 0.2266 -0.6878
vn -0.7177 -0.1571 -0.6784
vn -0.7044 -0.0471 -0.7082
vn -0.5055 -0.6875 -0.5213
vn 0.3903 -0.0163 0.9205
vn 0.7123 -0.0101 0.7018
vn 0.9164 -0.0029 0.4002
vn -0.1584 0.7070 -0.6893
vn 0.0401 0.6875 -0.7251
vn 0.6718 0.5334 -0.5140
vn 0.4736 0.6334 -0.6120
vn -0.6887 0.6870 -0.2320
vn -0.6553 0.7534 0.0540
vn -0.2775 0.2680 0.9226
vn -0.7092 0.7049 -0.0123
vn 0.4065 0.9134 0.0204
vn 0.7326 0.6804 0.0175
vn 0.9327 0.3604 0.0122
vn 0.9656 0.2597 0.0103
vn 0.7629 0.6462 0.0169
vn 0.9917 -0.1026 -0.0778
vn 0.9296 0.0109 -0.3684
vn 0.7232 0.0157 -0.6905
vn 0.8712 0.0445 -0.4889
vn 0.6936 0.0162 -0.7202
vn 0.3942 0.0184 -0.9188
vn 0.9488 -0.2229 0.2238
vn 0.8762 -0.3432 0.3384
vn 0.6978 -0.5122 0.5006
vn 0.5978 -0.5748 0.5588
vn 0.2980 -0.6862 0.6636
vn 0.7306 -0.4880 0.4775
vn 0.6534 -0.5421 0.5285
vn -0.0003 0.9259 0.3776
vn 0.0054 0.6635 0.7482
vn 0.0094 0.3191 0.9477
vn 0.0052 0.6688 0.7434
vn 0.0079 0.4774 0.8786
vn 0.1070 0.0673 0.9920
vn -0.9929 -0.0509 0.1072
vn -0.9138 -0.0124 0.4061
vn -0.8657 -0.0141 0.5003
vn -0.6968 -0.0178 0.7171
vn -0.5529 -0.0195 0.8330
vn -0.3534 -0.0207 0.9353
vn 0.0122 -0.1328 0.9911
vn 0.3341 -0.3360 0.8806
vn 0.3625 -0.3633 0.8583
vn 0.5519 -0.5477 0.6288
vn 0.6895 -0.6798 0.2500
vn 0.4886 -0.5876 0.6451
vn 0.5967 -0.5910 0.5428
vn -0.2259 -0.9741 -0.0095
vn -0.3518 -0.9360 -0.0076
vn -0.6760 -0.7369 -0.0015
vn -0.9138 -0.4060 0.0072
vn -0.1240 -0.9794 -0.1596
vn 0.0012 -0.9103 -0.4140
vn -0.0039 -0.6771 -0.7359
vn -0.0083 -0.3504 -0.9365
vn 0.1212 -0.9857 -0.1172
vn -0.0004 -0.8582 -0.5133
vn -0.0073 -0.4399 -0.8980
vn 0.3767 -0.8595 0.3454
vn 0.4921 -0.6716 0.5539
vn 0.5865 -0.5875 0.5576
vn 0.6338 -0.4820 0.6050
vn 0.6872 -0.3038 0.6600
vn 0.2607 -0.9364 0.2350
vn 0.4216 -0.8171 0.3933
vn 0.9224 0.3863 -0.0028
vn 0.7040 0.7102 0.0062
vn 0.3795 0.9251 0.0142
vn 0.3720 0.0185 -0.9281
vn 0.6990 0.0161 -0.7150
vn 0.9196 0.0111 -0.3927
vn 0.3920 -0.6641 0.6366
vn 0.7143 -0.5065 0.4829
vn 0.9280 -0.2715 0.2553
vn 0.0086 0.3655 0.9308
vn 0.0045 0.6938 0.7202
vn -0.0003 0.9167 0.3995
vn -0.3727 -0.0185 0.9278
vn -0.6990 -0.0161 0.7150
vn -0.9196 -0.0112 0.3927
vn 0.6737 -0.6671 0.3181
vn 0.5254 -0.5233 0.6709
vn 0.2894 -0.2921 0.9115
vn -0.9228 -0.3849 0.0148
vn -0.7031 -0.7111 -0.0053
vn -0.3811 -0.9244 -0.0129
vn -0.0081 -0.3653 -0.9308
vn -0.0036 -0.6937 -0.7203
vn 0.0014 -0.9167 -0.3996
vn 0.6474 -0.4437 0.6197
vn 0.4929 -0.7374 0.4619
vn 0.2717 -0.9316 0.2416
vn -0.0085 0.9312 -0.3643
vn -0.0112 0.7218 -0.6920
vn -0.0112 0.7206 -0.6933
vn -0.0122 0.4000 -0.9165
vn 0.0102 -0.8233 0.5676
vn 0.1584 -0.8133 0.5599
vn -0.0002 -0.9167 -0.3996
vn 0.0961 -0.9117 -0.3996
vn -0.0003 -0.9165 -0.4000
vn -0.0105 -0.1438 -0.9896
vn 0.3697 0.9278 -0.0503
vn 0.9066 0.3955 -0.1474
vn 0.9060 0.3950 -0.1519
vn 0.9060 0.3950 -0.1523
vn 0.9140 -0.3674 -0.1722
vn 0.1551 0.9878 -0.0155
vn 0.9153 0.3972 -0.0662
vn 0.8076 -0.5670 -0.1620
vn -0.9737 -0.1670 0.1552
vn -0.3771 -0.9261 -0.0128
vn -0.3747 -0.9233 0.0847
vn 0.5898 -0.8073 -0.0208
vn -0.9862 -0.1653 0.0073
vn -0.3770 -0.9261 -0.0128
vn -0.3931 0.0148 -0.9194
vn -0.7153 0.0087 -0.6987
vn -0.7154 0.0087 -0.6987
vn -0.9282 0.0012 -0.3721
vn 0.5873 -0.1547 0.7944
vn -0.8204 -0.1084 0.5614
vn -0.3771 -0.1740 0.9097
vn -0.8262 -0.1070 0.5531
vn -0.3739 -0.1751 0.9108
vn -0.3733 -0.1841 0.9093
vn -0.9848 -0.0360 0.1697
vn 0.0063 0.3646 0.9311
vn -0.0020 0.9835 0.1809
vn 0.0063 0.3651 0.9309
vn 0.0087 -0.5986 0.8010
vn -0.9256 0.3781 0.0174
vn -0.7103 0.7036 0.0209
vn -0.7107 0.7032 0.0209
vn -0.3871 0.9218 0.0211
vn 0.9302 -0.0013 0.3670
vn 0.3737 0.0275 -0.9271
vn 0.3732 0.0198 -0.9275
vn 0.9301 0.0066 0.3672
vn 0.9820 0.0153 0.1884
vn 0.5399 0.0319 -0.8411
vn 0.1816 0.0234 -0.9831
vn 0.2982 0.8942 0.3339
vn 0.3156 0.8950 0.3152
vn 0.4457 0.7577 0.4767
vn 0.4712 0.7586 0.4499
vn 0.7183 0.2368 0.6542
vn 0.7038 -0.0210 0.7101
vn 0.7440 -0.0201 0.6679
vn 0.2815 0.8930 0.3512
vn 0.4222 0.7544 0.5026
vn 0.6789 0.2361 0.6952
vn 0.6637 -0.0200 0.7478
vn -0.3152 0.9152 -0.2511
vn -0.3323 0.9141 -0.2323
vn -0.4698 0.7896 -0.3948
vn -0.7443 0.3322 -0.5794
vn -0.7423 0.0891 -0.6642
vn -0.7070 0.3336 -0.6236
vn -0.3479 0.9136 -0.2103
vn -0.4954 0.7880 -0.3655
vn -0.7807 0.3308 -0.5302
vn -0.7819 0.0880 -0.6172
vn 0.3494 0.8954 0.2759
vn 0.3332 0.8953 0.2958
vn 0.5208 0.7577 0.3932
vn 0.7562 0.2383 0.6095
vn 0.8177 -0.0165 0.5755
vn 0.7904 0.2396 0.5638
vn 0.4970 0.7582 0.4220
vn 0.7827 -0.0182 0.6222
vn -0.2995 0.9150 -0.2703
vn -0.2827 0.9156 -0.2858
vn -0.4439 0.7902 -0.4225
vn -0.4191 0.7903 -0.4470
vn -0.6302 0.3365 -0.6997
vn -0.7010 0.0907 -0.7074
vn -0.6606 0.0935 -0.7449
vn -0.6683 0.3346 -0.6644
vn -0.2658 0.9156 -0.3017
vn -0.2463 0.9155 -0.3182
vn -0.3926 0.7902 -0.4706
vn -0.3629 0.7881 -0.4972
vn -0.5440 0.3383 -0.7679
vn -0.6179 0.0955 -0.7804
vn -0.5681 0.0986 -0.8170
vn -0.5904 0.3368 -0.7335
vn 0.2637 0.8916 0.3681
vn 0.3949 0.7537 0.5253
vn 0.6394 0.2369 0.7315
vn 0.6209 -0.0198 0.7836
vn 0.2436 0.8903 0.3847
vn 0.3667 0.7503 0.5501
vn 0.5976 0.2351 0.7666
vn 0.5737 -0.0195 0.8188
vn 0.2238 0.8874 0.4031
vn 0.3371 0.7463 0.5739
vn 0.5514 0.2333 0.8010
vn 0.5238 -0.0191 0.8516
vn 0.2048 0.8837 0.4209
vn 0.3111 0.7397 0.5968
vn 0.5024 0.2302 0.8334
vn 0.4766 -0.0207 0.8789
vn -0.2252 0.9143 -0.3367
vn -0.2097 0.9115 -0.3538
vn -0.3293 0.7849 -0.5249
vn -0.3045 0.7792 -0.5478
vn -0.4516 0.3333 -0.8276
vn -0.5122 0.1005 -0.8530
vn -0.4680 0.0998 -0.8781
vn -0.4924 0.3375 -0.8023
vn 0.1145 0.8751 0.4701
vn -0.0017 0.9137 0.4063
vn 0.2017 0.5164 0.8323
vn 0.0034 0.6838 0.7297
vn 0.2221 0.0368 0.9743
vn 0.0084 0.3383 0.9410
vn 0.0841 0.9741 0.2097
vn 0.2939 0.7276 0.6199
vn 0.4547 0.2219 0.8625
vn 0.4420 -0.0272 0.8966
vn 0.2889 0.7191 0.6320
vn 0.4225 0.2057 0.8827
vn -0.2031 0.9087 -0.3648
vn -0.2950 0.7748 -0.5592
vn -0.4479 0.0969 -0.8888
vn -0.4316 0.3283 -0.8402
vn -0.3672 0.9120 -0.1830
vn -0.5206 0.7864 -0.3324
vn -0.8220 0.3261 -0.4669
vn -0.8207 0.0869 -0.5646
vn -0.3899 0.9068 -0.1602
vn -0.5521 0.7821 -0.2889
vn -0.8564 0.3166 -0.4077
vn -0.8648 0.0840 -0.4950
vn 0.3826 0.8929 0.2375
vn 0.3656 0.8949 0.2560
vn 0.5639 0.7529 0.3394
vn 0.8219 0.2400 0.5167
vn 0.8758 -0.0165 0.4823
vn 0.8515 0.2318 0.4704
vn 0.5421 0.7575 0.3639
vn 0.8493 -0.0144 0.5277
vn 0.3746 0.9271 0.0150
vn 0.7067 0.7075 -0.0020
vn 0.9294 0.3686 -0.0186
vn 0.4392 0.8881 0.1358
vn 0.8207 0.5326 0.2070
vn 0.9771 0.0414 0.2086
vn -0.4067 0.9012 -0.1497
vn -0.5854 0.7710 -0.2507
vn -0.8743 0.3074 -0.3757
vn -0.9002 0.0775 -0.4286
vn -0.9155 0.0705 -0.3961
vn -0.6048 0.7606 -0.2359
vn -0.8763 0.3107 -0.3681
vn 0.3984 0.8887 0.2270
vn 0.8715 0.2181 0.4393
vn 0.5849 0.7442 0.3226
vn 0.8931 -0.0215 0.4494
vn 0.5436 -0.6993 0.4641
vn 0.5150 -0.6994 0.4955
vn 0.3957 -0.8588 0.3255
vn 0.3750 -0.8591 0.3484
vn 0.2231 -0.9604 0.1669
vn 0.2112 -0.9609 0.1793
vn 0.4868 -0.6987 0.5242
vn 0.3544 -0.8592 0.3690
vn 0.2001 -0.9609 0.1912
vn -0.5944 -0.6349 -0.4935
vn -0.5639 -0.6341 -0.5292
vn -0.4286 -0.8249 -0.3686
vn -0.4068 -0.8239 -0.3946
vn -0.2321 -0.9482 -0.2170
vn -0.2199 -0.9478 -0.2309
vn -0.6245 -0.6357 -0.4538
vn -0.4505 -0.8255 -0.3400
vn -0.2434 -0.9489 -0.2009
vn 0.5723 -0.6976 0.4311
vn 0.5987 -0.6953 0.3977
vn 0.4163 -0.8578 0.3014
vn 0.4360 -0.8560 0.2776
vn 0.2350 -0.9598 0.1537
vn 0.2455 -0.9593 0.1399
vn -0.5033 -0.6289 -0.5926
vn -0.5330 -0.6318 -0.5627
vn -0.3635 -0.8205 -0.4412
vn -0.3847 -0.8224 -0.4191
vn -0.1968 -0.9462 -0.2569
vn -0.2077 -0.9473 -0.2441
vn -0.4358 -0.6202 -0.6522
vn -0.4721 -0.6251 -0.6216
vn -0.3156 -0.8151 -0.4858
vn -0.3412 -0.8183 -0.4625
vn -0.1708 -0.9443 -0.2814
vn -0.1841 -0.9457 -0.2680
vn 0.4568 -0.6975 0.5521
vn 0.3333 -0.8583 0.3901
vn 0.1884 -0.9608 0.2033
vn 0.4243 -0.6945 0.5811
vn 0.3102 -0.8567 0.4121
vn 0.1756 -0.9605 0.2157
vn 0.3900 -0.6901 0.6096
vn 0.2860 -0.8542 0.4342
vn 0.1626 -0.9597 0.2290
vn 0.3576 -0.6844 0.6354
vn 0.2640 -0.8498 0.4563
vn 0.1506 -0.9583 0.2428
vn -0.3639 -0.6042 -0.7089
vn -0.3954 -0.6130 -0.6840
vn -0.2659 -0.8040 -0.5318
vn -0.2877 -0.8099 -0.5112
vn -0.1450 -0.9399 -0.3092
vn -0.1559 -0.9425 -0.2957
vn 0.0762 -0.4435 0.8930
vn 0.1956 -0.6555 0.7294
vn 0.0602 -0.7499 0.6588
vn 0.1488 -0.8309 0.5362
vn 0.0343 -0.9473 0.3186
vn 0.0906 -0.9503 0.2979
vn 0.3354 -0.6767 0.6555
vn 0.2496 -0.8438 0.4751
vn 0.1431 -0.9564 0.2545
vn -0.3497 -0.5982 -0.7210
vn -0.2568 -0.7989 -0.5439
vn -0.1402 -0.9380 -0.3171
vn -0.6608 -0.6336 -0.4023
vn -0.4778 -0.8244 -0.3035
vn -0.2573 -0.9492 -0.1809
vn -0.6942 -0.6267 -0.3541
vn -0.5060 -0.8190 -0.2707
vn -0.2758 -0.9470 -0.1648
vn 0.6238 -0.6916 0.3640
vn 0.6468 -0.6863 0.3327
vn 0.4551 -0.8535 0.2536
vn 0.4743 -0.8493 0.2319
vn 0.2565 -0.9582 0.1266
vn 0.2686 -0.9564 0.1148
vn 0.9103 -0.4135 0.0181
vn 0.6901 -0.7237 0.0019
vn 0.3752 -0.9268 -0.0147
vn 0.7412 -0.6531 0.1553
vn 0.5465 -0.8309 0.1049
vn 0.3150 -0.9479 0.0474
vn -0.7123 -0.6191 -0.3306
vn -0.5240 -0.8126 -0.2553
vn -0.2884 -0.9445 -0.1572
vn 0.6642 -0.6796 0.3115
vn 0.4900 -0.8440 0.2179
vn 0.2785 -0.9544 0.1076
vn -0.4817 -0.3378 -0.8086
vn 0.8676 0.1552 -0.4724
vn -0.8072 -0.3552 -0.4714
vn 0.2385 -0.1467 -0.9600
vn 0.9602 0.2671 -0.0812
vn -0.5040 -0.3363 -0.7955
vn -0.9349 -0.2132 0.2836
vn -0.2022 0.1569 0.9667
vn -0.6207 -0.3522 -0.7005
vn 0.3751 -0.3727 -0.8487
vn 0.3573 -0.3910 -0.8482
vn 0.5131 -0.5069 -0.6927
vn 0.4872 -0.5333 -0.6915
vn 0.6676 -0.7306 -0.1432
vn 0.7119 -0.6928 0.1150
vn 0.6701 -0.7333 0.1147
vn 0.3926 -0.3560 -0.8480
vn 0.5389 -0.4830 -0.6901
vn 0.7087 -0.6910 -0.1427
vn 0.7492 -0.6527 0.1123
vn -0.2114 0.2313 -0.9496
vn -0.1921 0.2480 -0.9495
vn -0.3601 0.3938 -0.8458
vn -0.5673 0.7068 -0.4226
vn -0.6629 0.7255 -0.1850
vn -0.6114 0.6693 -0.4222
vn -0.1710 0.2644 -0.9491
vn -0.3312 0.4200 -0.8449
vn -0.5182 0.7436 -0.4226
vn -0.6164 0.7655 -0.1847
vn 0.3177 -0.4245 -0.8479
vn 0.3374 -0.4081 -0.8483
vn 0.4294 -0.5820 -0.6906
vn 0.6233 -0.7688 -0.1429
vn 0.5781 -0.8079 0.1145
vn 0.5779 -0.8035 -0.1427
vn 0.4579 -0.5580 -0.6921
vn 0.6246 -0.7724 0.1155
vn -0.2291 0.2142 -0.9495
vn -0.2453 0.1979 -0.9490
vn -0.3880 0.3682 -0.8449
vn -0.4120 0.3431 -0.8441
vn -0.6866 0.5912 -0.4231
vn -0.7059 0.6837 -0.1852
vn -0.7431 0.6429 -0.1859
vn -0.6513 0.6295 -0.4237
vn -0.2604 0.1807 -0.9484
vn -0.2733 0.1631 -0.9480
vn -0.4350 0.3161 -0.8431
vn -0.4590 0.2880 -0.8405
vn -0.7535 0.5041 -0.4222
vn -0.7779 0.6000 -0.1868
vn -0.8151 0.5480 -0.1880
vn -0.7191 0.5510 -0.4234
vn 0.4089 -0.3379 -0.8477
vn 0.5616 -0.4562 -0.6903
vn 0.7446 -0.6515 -0.1453
vn 0.7850 -0.6096 0.1100
vn 0.4262 -0.3191 -0.8465
vn 0.5860 -0.4280 -0.6881
vn 0.7797 -0.6090 -0.1456
vn 0.8188 -0.5640 0.1069
vn 0.4333 -0.3008 -0.8496
vn 0.6010 -0.4027 -0.6904
vn 0.8122 -0.5647 -0.1468
vn 0.8449 -0.5247 0.1040
vn 0.4098 -0.2771 -0.8691
vn 0.5901 -0.3790 -0.7128
vn 0.8374 -0.5263 -0.1473
vn 0.8584 -0.5029 0.1007
vn -0.2784 0.1567 -0.9476
vn -0.2950 0.1717 -0.9399
vn -0.4780 0.2658 -0.8372
vn -0.5019 0.2639 -0.8237
vn -0.8162 0.4095 -0.4075
vn -0.8543 0.4842 -0.1890
vn -0.8841 0.4298 -0.1833
vn -0.7886 0.4517 -0.4172
vn 0.3780 0.0628 -0.9237
vn 0.5660 0.0590 -0.8223
vn 0.7308 0.0806 -0.6779
vn 0.9478 0.0831 -0.3079
vn 0.1184 -0.1116 -0.9867
vn 0.5464 -0.3501 -0.7608
vn 0.8486 -0.5061 -0.1538
vn 0.8637 -0.4943 0.0985
vn 0.5470 -0.3498 -0.7606
vn 0.8516 -0.4980 -0.1640
vn -0.3297 0.1917 -0.9244
vn -0.7067 0.3426 -0.6191
vn -0.8984 0.4036 -0.1732
vn -0.1431 0.2832 -0.9483
vn -0.2991 0.4461 -0.8435
vn -0.4559 0.7863 -0.4171
vn -0.5641 0.8048 -0.1846
vn -0.1211 0.3067 -0.9441
vn -0.2557 0.4781 -0.8403
vn -0.3972 0.8215 -0.4091
vn -0.4948 0.8497 -0.1822
vn 0.2794 -0.4582 -0.8438
vn 0.2976 -0.4404 -0.8470
vn 0.3757 -0.6253 -0.6839
vn 0.5311 -0.8352 -0.1426
vn 0.4854 -0.8668 0.1142
vn 0.4846 -0.8641 -0.1361
vn 0.4006 -0.6039 -0.6891
vn 0.5305 -0.8400 0.1137
vn 0.0584 -0.4549 -0.8886
vn 0.0332 -0.7665 -0.6414
vn 0.0027 -0.9581 -0.2866
vn 0.1776 -0.5144 -0.8390
vn 0.2349 -0.8625 -0.4482
vn 0.2149 -0.9751 0.0546
vn -0.1107 0.3238 -0.9396
vn -0.2183 0.5121 -0.8307
vn -0.3660 0.8405 -0.3995
vn -0.4291 0.8859 -0.1763
vn -0.3971 0.9023 -0.1680
vn -0.2038 0.5321 -0.8218
vn -0.3579 0.8422 -0.4032
vn 0.2687 -0.4729 -0.8392
vn 0.4527 -0.8836 -0.1200
vn 0.3586 -0.6449 -0.6748
vn 0.4523 -0.8836 0.1216
vn 0.4350 -0.4762 0.7642
vn 0.4665 -0.4472 0.7632
vn 0.2888 -0.3162 0.9036
vn 0.3115 -0.2952 0.9032
vn 0.1248 -0.1364 0.9828
vn 0.1373 -0.1248 0.9826
vn 0.4949 -0.4190 0.7613
vn 0.3323 -0.2746 0.9023
vn 0.1491 -0.1135 0.9823
vn -0.5241 0.6432 0.5582
vn -0.5598 0.6127 0.5578
vn -0.4072 0.4959 0.7670
vn -0.4327 0.4735 0.7672
vn -0.2601 0.3121 0.9138
vn -0.2740 0.2996 0.9139
vn -0.4850 0.6737 0.5576
vn -0.3788 0.5182 0.7668
vn -0.2446 0.3242 0.9138
vn 0.4021 -0.5047 0.7639
vn 0.3692 -0.5319 0.7621
vn 0.2653 -0.3371 0.9033
vn 0.2410 -0.3565 0.9027
vn 0.1116 -0.1482 0.9826
vn 0.0981 -0.1594 0.9823
vn -0.6222 0.5509 0.5563
vn -0.5929 0.5812 0.5574
vn -0.4785 0.4296 0.7658
vn -0.4569 0.4510 0.7668
vn -0.2990 0.2762 0.9134
vn -0.2870 0.2877 0.9137
vn -0.6839 0.4786 0.5506
vn -0.6507 0.5191 0.5542
vn -0.5258 0.3770 0.7625
vn -0.4993 0.4068 0.7650
vn -0.3271 0.2463 0.9123
vn -0.3103 0.2636 0.9134
vn 0.5230 -0.3893 0.7582
vn 0.3536 -0.2536 0.9003
vn 0.1614 -0.1020 0.9816
vn 0.5510 -0.3577 0.7539
vn 0.3751 -0.2314 0.8976
vn 0.1734 -0.0893 0.9808
vn 0.5747 -0.3313 0.7483
vn 0.3951 -0.2136 0.8935
vn 0.1884 -0.0814 0.9787
vn 0.5947 -0.3199 0.7375
vn 0.4248 -0.2136 0.8797
vn 0.2272 -0.0936 0.9693
vn -0.7659 0.3524 0.5378
vn -0.7288 0.4173 0.5428
vn -0.5993 0.2671 0.7546
vn -0.5661 0.3264 0.7569
vn -0.3811 0.1589 0.9108
vn -0.3526 0.2066 0.9127
vn 0.8922 -0.0069 0.4516
vn 0.6881 -0.0248 0.7252
vn 0.4043 -0.0393 0.9138
vn 0.6160 -0.3229 0.7185
vn 0.4682 -0.2316 0.8527
vn 0.2956 -0.1281 0.9467
vn -0.7831 0.3181 0.5344
vn -0.6040 0.2289 0.7634
vn -0.3707 0.1207 0.9209
vn -0.4334 0.7104 0.5546
vn -0.3423 0.5454 0.7651
vn -0.2247 0.3385 0.9138
vn -0.3850 0.7431 0.5473
vn -0.3096 0.5736 0.7583
vn -0.2083 0.3561 0.9109
vn 0.3357 -0.5573 0.7595
vn 0.3047 -0.5811 0.7546
vn 0.2173 -0.3760 0.9008
vn 0.1958 -0.3956 0.8973
vn 0.0853 -0.1708 0.9816
vn 0.0732 -0.1825 0.9805
vn 0.0039 -0.8699 0.4932
vn -0.0272 -0.6236 0.7813
vn -0.0545 -0.2915 0.9550
vn 0.1295 -0.6796 0.7221
vn 0.0703 -0.4702 0.8797
vn 0.0067 -0.2327 0.9725
vn -0.3617 0.7610 0.5385
vn -0.2940 0.5908 0.7513
vn -0.2004 0.3684 0.9078
vn 0.2839 -0.5990 0.7488
vn 0.1824 -0.4123 0.8926
vn 0.0665 -0.1936 0.9788
vn -0.6080 0.7477 0.2668
vn -0.4849 0.8347 0.2610
vn -0.9653 -0.2342 0.1158
vn -0.2150 -0.9631 -0.1617
vn 0.1863 0.9679 0.1687
vn 0.1996 0.9658 0.1656
vn 0.1995 0.9658 0.1656
vn 0.1861 0.9679 0.1688
vn 0.9787 0.1561 -0.1335
vn -0.8494 0.4654 0.2490
vn 0.8221 -0.2916 0.4891
vn 0.8656 -0.1960 0.4608
vn 0.8988 -0.0987 0.4270
vn 0.3272 -0.8429 -0.4272
vn 0.5914 -0.0411 -0.8053
vn 0.5915 -0.0412 -0.8053
vn 0.5291 -0.7304 0.4320
vn 0.5229 -0.5109 0.6823
vn -0.0043 0.9977 0.0674
vn 0.7086 -0.6953 -0.1202
vn -0.2115 0.7869 -0.5798
vn -0.5330 -0.2189 -0.8173
vn 0.8690 0.2955 -0.3968
vn 0.3989 -0.8975 -0.1882
vn -0.7970 0.3986 -0.4537
vn 0.6693 0.2726 0.6911
vn -0.4717 0.7887 -0.3942
vn -0.5916 -0.4746 0.6517
vn 0.4405 -0.0229 0.8975
vn -0.0301 -0.2874 -0.9573
vn -0.8805 0.0434 0.4721
vn 0.5683 0.5909 -0.5726
vn 0.4300 0.1715 0.8864
vn 0.8284 -0.5601 -0.0073
vn 0.7336 -0.2042 0.6482
vn -0.5046 -0.8067 0.3077
vn 0.3612 -0.8633 0.3525
vn -0.6241 0.2190 -0.7500
vn -0.8133 0.5132 0.2743
vn 0.1978 0.6034 -0.7725
vn -0.0755 -0.7898 0.6086
vn 0.6039 0.1346 0.7856
vn -0.3462 0.4721 0.8107
vn -0.0768 0.5121 -0.8555
vn -0.9861 -0.1657 0.0073
vn 0.0063 0.3652 0.9309
f 1258/1/1 1/2/2 203/3/3
f 1209/4/4 20/5/5 104/6/6
f 87/7/7 228/8/8 3/9/7
f 217/10/9 112/11/10 1219/12/11
f 4/13/12 1223/14/13 207/15/14
f 202/16/15 104/6/6 16/17/16
f 213/18/17 100/19/18 14/20/19
f 227/21/20 107/22/21 1214/23/22
f 3/9/7 1198/24/23 223/25/24
f 1213/26/25 4/13/12 86/27/7
f 1219/12/11 21/28/26 232/29/27
f 1229/30/28 19/31/29 238/32/30
f 1224/33/31 25/34/32 208/35/33
f 232/29/27 106/36/34 1234/37/35
f 1234/37/35 22/38/36 242/39/37
f 1244/40/38 18/41/39 248/42/40
f 88/43/7 237/44/41 1223/14/13
f 242/39/37 113/45/42 1249/46/43
f 1249/46/43 1367/47/44 254/48/45
f 270/49/46 111/50/47 1244/40/38
f 89/51/7 247/52/48 1228/53/49
f 1259/54/50 16/17/16 102/55/51
f 275/56/52 102/55/51 17/57/53
f 281/58/54 108/59/55 13/60/56
f 1/2/2 1203/61/57 87/7/7
f 1274/62/58 17/57/53 110/63/59
f 287/64/60 110/63/59 1359/65/61
f 1269/66/62 1364/67/63 108/59/55
f 6/68/64 1253/69/65 91/70/66
f 104/6/6 342/71/67 1288/72/68
f 10/73/69 1304/74/70 95/75/69
f 23/76/71 1298/77/72 112/11/10
f 351/78/73 96/79/69 1314/80/74
f 102/55/51 322/81/75 1338/82/76
f 15/83/77 1283/84/78 347/85/79
f 15/83/77 1293/86/80 107/22/21
f 101/87/81 331/88/82 1283/84/78
f 114/89/83 342/71/67 20/5/5
f 115/90/84 326/91/85 25/34/32
f 19/31/29 1303/92/86 115/90/84
f 21/28/26 1313/93/87 106/36/34
f 1299/94/88 8/95/69 351/78/73
f 103/96/89 356/97/90 19/31/29
f 18/41/39 1308/98/91 103/96/89
f 22/38/36 1328/99/92 113/45/42
f 1314/80/74 11/100/69 361/101/93
f 111/50/47 366/102/94 18/41/39
f 24/103/95 1323/104/96 111/50/47
f 113/45/42 372/105/97 1367/47/44
f 321/106/98 94/107/69 7/108/99
f 14/20/19 1333/109/100 331/88/82
f 100/19/18 398/110/101 1333/109/100
f 110/63/59 394/111/102 1353/112/103
f 98/113/104 393/114/105 1339/115/106
f 13/60/56 1348/116/107 398/110/101
f 108/59/55 410/117/108 1348/116/107
f 1359/65/61 1353/112/103 403/118/109
f 1204/119/110 14/20/19 101/87/81
f 1264/120/111 1358/121/112 105/122/113
f 1358/121/112 1360/123/114 403/118/109
f 7/108/99 1284/124/115 332/125/116
f 228/8/8 86/27/7 3/9/7
f 1214/23/22 23/76/71 217/10/9
f 107/22/21 337/126/117 23/76/71
f 94/107/69 346/127/118 1284/124/115
f 92/128/119 280/129/120 6/68/64
f 203/3/3 87/7/7 1208/130/121
f 16/17/16 1288/72/68 322/81/75
f 399/131/122 99/132/123 12/133/124
f 238/32/30 115/90/84 1224/33/31
f 1239/134/125 1368/135/126 109/136/127
f 109/136/127 371/137/128 1318/138/129
f 95/75/69 357/139/130 8/95/69
f 208/35/33 114/89/83 1199/140/131
f 227/21/20 101/87/81 15/83/77
f 1289/141/132 9/142/69 94/107/69
f 25/34/32 1278/143/133 114/89/83
f 1263/144/134 1268/145/135 92/128/119
f 286/146/136 92/128/119 1273/147/137
f 99/132/123 404/148/138 1354/149/139
f 1349/150/140 1344/151/141 99/132/123
f 5/152/7 1243/153/142 247/52/48
f 1218/154/143 2/155/7 88/43/7
f 112/11/10 352/156/144 21/28/26
f 11/100/69 1324/157/145 97/158/146
f 218/159/147 88/43/7 4/13/12
f 233/160/148 89/51/7 2/155/7
f 93/161/69 346/127/118 9/142/69
f 10/73/69 1294/162/149 93/161/69
f 1254/163/150 13/60/56 100/19/18
f 7/108/99 1339/115/106 321/106/98
f 425/164/151 135/165/152 1486/166/153
f 1334/167/154 12/133/124 98/113/104
f 90/168/155 271/169/156 1243/153/142
f 1248/170/157 1238/171/158 90/168/155
f 1329/172/159 1319/173/160 373/174/161
f 97/158/146 388/175/162 1319/173/160
f 1264/176/111 1365/177/163 303/178/164
f 276/179/165 91/70/66 1258/1/1
f 17/57/53 1338/82/76 394/111/102
f 105/180/113 408/181/166 1365/177/163
f 248/42/40 103/96/89 1229/30/28
f 1273/147/137 6/68/64 276/179/165
f 12/133/124 1354/149/139 393/114/105
f 96/79/69 367/182/167 11/100/69
f 2/155/7 1228/53/49 237/44/41
f 1199/140/131 20/5/5 222/183/168
f 336/184/169 95/75/69 1299/94/88
f 8/95/69 1309/185/170 96/79/69
f 1239/134/125 24/186/95 270/187/46
f 1233/188/171 5/152/7 89/51/7
f 106/36/34 362/189/172 22/38/36
f 109/136/127 389/190/173 24/186/95
f 1208/130/121 3/9/7 223/25/24
f 86/27/7 207/15/14 1198/24/23
f 327/191/174 93/161/69 1279/192/175
f 1279/192/175 9/142/69 341/193/176
f 91/70/66 212/194/177 1/2/2
f 243/195/178 90/168/155 5/152/7
f 361/101/93 97/158/146 1329/172/159
f 332/125/116 98/113/104 7/108/99
f 470/196/179 128/197/180 33/198/181
f 520/199/182 134/200/183 1432/201/184
f 134/200/183 735/202/185 1476/203/186
f 719/204/187 129/205/188 1472/206/189
f 496/207/190 125/208/191 1421/209/192
f 1396/210/193 1512/211/194 135/165/152
f 136/212/195 682/213/196 1462/214/197
f 1472/206/189 1482/215/198 701/216/199
f 461/217/200 122/218/201 28/219/202
f 440/220/203 133/221/204 1495/222/205
f 1447/223/206 1452/224/207 629/225/208
f 133/221/204 646/226/209 1457/227/210
f 26/228/211 1389/229/212 122/218/201
f 30/230/213 1393/231/214 577/232/215
f 31/233/216 1393/231/214 125/208/191
f 1407/234/217 1513/235/218 450/236/219
f 1402/237/220 1487/238/221 118/239/222
f 32/240/223 1376/241/224 127/242/188
f 33/198/181 1382/243/225 541/244/226
f 427/245/227 120/246/228 1397/247/229
f 460/248/230 132/249/231 1407/234/217
f 528/250/232 119/251/233 1392/252/234
f 29/253/235 1375/254/236 559/255/237
f 470/196/179 126/256/238 1426/257/239
f 461/217/200 121/258/240 1401/259/241
f 26/228/211 1370/260/242 543/261/243
f 33/198/181 1371/262/244 126/256/238
f 482/263/245 136/212/195 1516/264/246
f 441/265/247 117/266/248 1422/267/249
f 34/268/250 1382/243/225 128/197/180
f 34/268/250 1376/241/224 579/269/251
f 1422/267/249 1500/270/252 497/271/253
f 1416/272/254 1499/273/255 136/212/195
f 27/274/256 1384/275/257 558/276/258
f 28/219/202 1384/275/257 121/258/240
f 442/277/259 123/278/260 1412/279/261
f 506/280/262 126/256/238 32/240/223
f 28/219/202 1389/229/212 199/281/263
f 135/165/152 594/282/264 1442/283/265
f 507/284/266 134/200/183 1503/285/267
f 1437/286/268 1508/287/269 137/288/270
f 1380/289/271 1388/290/272 542/291/273
f 27/274/256 1370/260/242 120/246/228
f 522/292/274 137/288/270 1521/293/275
f 505/294/276 116/295/277 1427/296/278
f 29/253/235 1383/297/279 124/298/280
f 30/230/213 1375/254/236 123/278/260
f 1411/299/281 1517/300/282 133/221/204
f 31/233/216 1383/297/279 529/301/283
f 1392/252/234 1380/289/271 578/302/284
f 32/240/223 1371/262/244 560/303/285
f 1503/285/267 1476/203/186 718/304/286
f 1521/293/275 1481/305/287 736/306/288
f 137/288/270 702/307/289 1481/305/287
f 1487/238/221 1446/308/290 118/239/222
f 132/249/231 595/309/291 1513/235/218
f 1491/310/292 1451/311/293 132/249/231
f 1496/312/294 1466/313/295 117/266/248
f 1516/264/246 1462/214/197 647/314/296
f 117/266/248 683/315/297 1500/270/252
f 449/316/298 122/218/201 1406/317/299
f 459/318/300 118/239/222 1492/319/301
f 118/239/222 628/320/302 1492/319/301
f 1486/166/153 1442/283/265 612/321/303
f 442/277/259 125/208/191 30/230/213
f 481/322/304 123/278/260 29/253/235
f 648/323/305 131/324/306 1456/325/307
f 1456/325/307 1467/326/308 665/327/309
f 506/280/262 127/242/188 1431/328/310
f 521/329/311 127/242/188 34/268/250
f 1482/215/198 1477/330/312 737/331/313
f 1504/332/314 1471/333/315 116/295/277
f 427/245/227 121/258/240 27/274/256
f 449/316/298 120/246/228 26/228/211
f 1452/224/207 1441/334/316 596/335/317
f 613/336/318 130/337/319 1447/223/206
f 481/322/304 124/298/280 1417/338/320
f 496/207/190 124/298/280 31/233/216
f 1467/326/308 1461/339/321 684/340/322
f 1495/222/205 1457/227/210 664/341/323
f 521/329/311 128/197/180 1436/342/324
f 1427/296/278 1509/343/325 468/344/326
f 116/295/277 700/345/327 1509/343/325
f 1584/346/328 35/347/329 752/348/330
f 1535/349/331 54/350/332 156/351/333
f 139/352/329 777/353/334 37/354/329
f 766/355/335 164/356/336 1545/357/337
f 38/358/329 1549/359/338 756/360/339
f 751/361/340 156/351/333 50/362/341
f 762/363/342 152/364/343 48/365/344
f 776/366/345 159/367/346 1540/368/347
f 37/354/329 1524/369/348 772/370/349
f 1539/371/350 38/358/329 138/372/329
f 1545/357/337 56/373/351 781/374/352
f 1555/375/353 53/376/354 787/377/355
f 1550/378/356 60/379/357 757/380/358
f 781/374/352 158/381/359 1560/382/360
f 1560/382/360 57/383/361 791/384/362
f 1570/385/363 52/386/364 797/387/365
f 140/388/329 786/389/366 1549/359/338
f 791/384/362 165/390/367 1575/391/368
f 1575/391/368 1687/392/369 803/393/370
f 819/394/371 163/395/372 1570/385/363
f 141/396/373 796/397/374 1554/398/375
f 1585/399/376 50/362/341 154/400/377
f 824/401/378 154/400/377 51/402/379
f 830/403/380 160/404/381 47/405/382
f 35/347/329 1529/406/383 139/352/329
f 1600/407/384 51/402/379 162/408/385
f 835/409/386 162/408/385 55/410/387
f 1595/411/388 1684/412/389 160/404/381
f 40/413/329 1579/414/390 143/415/329
f 156/351/333 878/416/391 1614/417/392
f 44/418/393 1630/419/394 147/420/395
f 58/421/396 1624/422/397 164/356/336
f 887/423/398 148/424/395 1640/425/399
f 154/400/377 858/426/400 1664/427/401
f 49/428/402 1609/429/403 883/430/404
f 49/428/402 1619/431/405 159/367/346
f 153/432/406 867/433/407 1609/429/403
f 166/434/408 878/416/391 54/350/332
f 167/435/409 862/436/410 60/379/357
f 53/376/354 1629/437/411 167/435/409
f 56/373/351 1639/438/412 158/381/359
f 1625/439/413 42/440/393 887/423/398
f 155/441/414 892/442/415 53/376/354
f 52/386/364 1634/443/416 155/441/414
f 57/383/361 1654/444/417 165/390/367
f 1640/425/399 45/445/395 897/446/418
f 163/395/372 902/447/419 52/386/364
f 59/448/420 1649/449/421 163/395/372
f 165/390/367 908/450/422 1687/392/369
f 857/451/423 146/452/393 41/453/393
f 48/365/344 1659/454/424 867/433/407
f 152/364/343 934/455/425 1659/454/424
f 162/408/385 930/456/426 1679/457/427
f 150/458/393 929/459/428 1665/460/429
f 47/405/382 1674/461/430 934/455/425
f 160/404/381 946/462/431 1674/461/430
f 55/410/387 1679/457/427 939/463/432
f 1530/464/433 48/365/344 153/432/406
f 1590/465/434 55/410/387 157/466/435
f 157/466/435 939/463/432 1669/467/436
f 41/453/393 1610/468/437 868/469/438
f 777/353/334 138/372/329 37/354/329
f 1540/368/347 58/421/396 766/355/335
f 159/367/346 873/470/439 58/421/396
f 146/452/393 882/471/440 1610/468/437
f 144/472/329 829/473/441 40/413/329
f 752/348/330 139/352/329 1534/474/442
f 50/362/341 1614/417/392 858/426/400
f 935/475/443 151/476/393 46/477/393
f 787/377/355 167/435/409 1550/378/356
f 1565/478/444 1688/479/445 161/480/446
f 161/480/446 907/481/447 1644/482/448
f 147/420/395 893/483/449 42/440/393
f 757/380/358 166/434/408 1525/484/450
f 776/366/345 153/432/406 49/428/402
f 1615/485/451 43/486/393 146/452/393
f 60/379/357 1604/487/452 166/434/408
f 1589/488/453 1594/489/454 144/472/329
f 834/490/455 144/472/329 1599/491/456
f 151/476/393 940/492/457 1680/493/458
f 1675/494/459 1670/495/460 151/476/393
f 39/496/373 1569/497/461 796/397/374
f 1544/498/462 36/499/373 140/388/329
f 164/356/336 888/500/463 56/373/351
f 45/445/395 1650/501/464 149/502/465
f 767/503/466 140/388/329 38/358/329
f 782/504/467 141/396/373 36/499/373
f 145/505/393 882/471/440 43/486/393
f 44/418/393 1620/506/468 145/505/393
f 1580/507/469 47/405/382 152/364/343
f 41/453/393 1665/460/429 857/451/423
f 1750/508/470 61/509/471 962/510/472
f 1660/511/473 46/477/393 150/458/393
f 142/512/474 820/513/475 1569/497/461
f 1574/514/476 1564/515/477 142/512/474
f 1655/516/478 1645/517/479 909/518/480
f 149/502/465 924/519/481 1645/517/479
f 1590/465/434 1685/520/482 839/521/483
f 825/522/484 143/415/329 1584/346/328
f 51/402/379 1664/427/401 930/456/426
f 157/466/435 944/523/485 1685/520/482
f 797/387/365 155/441/414 1555/375/353
f 1599/491/456 40/413/329 825/522/484
f 46/477/393 1680/493/458 929/459/428
f 148/424/395 903/524/486 45/445/395
f 36/499/373 1554/398/375 786/389/366
f 1525/484/450 54/350/332 771/525/487
f 872/526/488 147/420/395 1625/439/413
f 42/440/393 1635/527/489 148/424/395
f 1565/478/444 59/448/420 819/394/371
f 1559/528/490 39/496/373 141/396/373
f 158/381/359 898/529/491 57/383/361
f 161/480/446 925/530/492 59/448/420
f 1534/474/442 37/354/329 772/370/349
f 138/372/329 756/360/339 1524/369/348
f 863/531/493 145/505/393 1605/532/494
f 1605/532/494 43/486/393 877/533/495
f 143/415/329 761/534/496 35/347/329
f 792/535/497 142/512/474 39/496/373
f 897/446/418 149/502/465 1655/516/478
f 868/469/438 150/458/393 41/453/393
f 1701/536/498 80/537/499 186/538/500
f 169/539/471 987/540/501 63/541/471
f 976/542/502 194/543/503 1711/544/504
f 64/545/471 1715/546/505 966/547/506
f 961/548/507 186/538/500 76/549/508
f 972/550/509 182/551/510 74/552/511
f 986/553/512 189/554/513 1706/555/514
f 63/541/471 1690/556/515 982/557/516
f 1705/558/517 64/545/471 168/559/471
f 1711/544/504 82/560/518 991/561/519
f 1721/562/520 79/563/521 997/564/522
f 1716/565/523 85/566/524 967/567/525
f 991/561/519 188/568/526 1726/569/527
f 1726/569/527 83/570/528 1001/571/529
f 1736/572/530 78/573/531 1007/574/532
f 170/575/471 996/576/533 1715/546/505
f 1001/571/529 195/577/534 1741/578/535
f 1741/578/535 1853/579/536 1013/580/537
f 1030/581/538 193/582/539 1736/572/530
f 171/583/540 1006/584/541 1720/585/542
f 1751/586/543 76/549/508 184/587/544
f 1047/588/545 184/587/544 77/589/546
f 1053/590/547 190/591/548 73/592/549
f 61/509/471 1695/593/550 169/539/471
f 1766/594/551 77/589/546 192/595/552
f 1058/596/553 192/595/552 81/597/554
f 1761/598/555 1850/599/556 190/591/548
f 66/600/557 1745/601/558 173/602/471
f 186/538/500 1101/603/559 1780/604/560
f 70/605/561 1796/606/562 177/607/561
f 84/608/563 1790/609/564 194/543/503
f 1110/610/565 178/611/566 1806/612/567
f 184/587/544 1081/613/568 1830/614/569
f 75/615/570 1775/616/571 1106/617/572
f 75/615/570 1785/618/573 189/554/513
f 183/619/574 1090/620/575 1775/616/571
f 196/621/576 1101/603/559 80/537/499
f 197/622/577 1085/623/578 85/566/524
f 79/563/521 1795/624/579 197/622/577
f 82/560/518 1805/625/580 188/568/526
f 1791/626/581 68/627/582 1110/610/565
f 185/628/583 1115/629/584 79/563/521
f 78/573/531 1800/630/585 185/628/583
f 83/570/528 1820/631/586 195/577/534
f 1806/612/567 71/632/587 1120/633/588
f 193/582/539 1125/634/589 78/573/531
f 1857/635/590 1815/636/591 193/582/539
f 195/577/534 1131/637/592 1853/579/536
f 1080/638/593 176/639/561 67/640/561
f 74/552/511 1825/641/594 1090/620/575
f 182/551/510 1171/642/595 1825/641/594
f 192/595/552 1167/643/596 1845/644/597
f 180/645/561 1166/646/598 1831/647/599
f 73/592/549 1840/648/600 1171/642/595
f 190/591/548 1183/649/601 1840/648/600
f 81/597/554 1845/644/597 1176/650/602
f 1696/651/603 74/552/511 183/619/574
f 1756/652/604 81/653/554 187/654/605
f 187/654/605 1176/655/602 1835/656/606
f 67/640/561 1776/657/607 1091/658/608
f 987/540/501 168/559/471 63/541/471
f 1706/555/514 84/608/563 976/542/502
f 189/554/513 1096/659/609 84/608/563
f 176/639/561 1105/660/610 1776/657/607
f 174/661/471 1052/662/611 66/600/557
f 962/510/472 169/539/471 1700/663/612
f 76/549/508 1780/604/560 1081/613/568
f 1172/664/613 181/665/561 72/666/561
f 997/564/522 197/622/577 1716/565/523
f 1731/667/614 1854/668/615 191/669/616
f 191/669/616 1130/670/617 1810/671/618
f 177/607/561 1116/672/619 68/627/582
f 967/567/525 196/621/576 1691/673/620
f 986/553/512 183/619/574 75/615/570
f 1781/674/621 69/675/561 176/639/561
f 85/566/524 1770/676/622 196/621/576
f 1755/677/623 1760/678/624 174/661/471
f 1057/679/625 174/661/471 1765/680/626
f 181/665/561 1177/681/627 1846/682/628
f 1841/683/629 1836/684/630 181/665/561
f 65/685/631 1735/686/632 1006/584/541
f 1710/687/633 62/688/634 170/575/471
f 194/543/503 1111/689/635 82/560/518
f 71/632/587 1816/690/636 179/691/637
f 977/692/638 170/575/471 64/545/471
f 992/693/639 171/583/540 62/688/634
f 175/694/640 1105/660/610 69/675/561
f 70/605/561 1786/695/641 175/694/640
f 1746/696/642 73/592/549 182/551/510
f 67/640/561 1831/647/599 1080/638/593
f 1826/697/643 72/666/561 180/645/561
f 172/698/644 1031/699/645 1735/686/632
f 1740/700/646 1730/701/647 172/698/644
f 1821/702/648 1811/703/649 1132/704/650
f 179/691/637 1148/705/651 1811/703/649
f 1756/652/604 1851/706/652 1062/707/653
f 1048/708/654 173/602/471 1750/508/470
f 77/589/546 1830/614/569 1167/643/596
f 187/654/605 1181/709/655 1851/706/652
f 1007/574/532 185/628/583 1721/562/520
f 1765/680/626 66/600/557 1048/708/654
f 72/666/561 1846/682/628 1166/646/598
f 178/611/566 1126/710/656 71/632/587
f 62/688/634 1720/585/542 996/576/533
f 1691/673/620 80/537/499 981/711/657
f 1095/712/658 177/607/561 1791/626/581
f 68/627/582 1801/713/659 178/611/566
f 1731/667/614 1858/714/660 1029/715/661
f 1725/716/662 65/685/631 171/583/540
f 188/568/526 1121/717/663 83/570/528
f 191/669/616 1147/718/664 1858/714/660
f 1700/663/612 63/541/471 982/557/516
f 168/559/471 966/547/506 1690/556/515
f 1086/719/665 175/694/640 1771/720/666
f 1771/720/666 69/675/561 1100/721/667
f 173/602/471 971/722/668 61/509/471
f 1002/723/669 172/698/644 65/685/631
f 1120/633/588 179/691/637 1821/702/648
f 1091/658/608 180/645/561 67/640/561
f 252/724/670 258/725/671 257/726/672
f 255/727/673 259/728/674 258/725/671
f 257/726/672 258/725/671 269/729/675
f 258/725/671 260/730/676 269/729/675
f 261/731/677 263/732/678 253/733/679
f 262/734/680 264/735/681 261/731/677
f 264/735/681 256/736/682 263/732/678
f 265/737/683 259/728/674 264/735/681
f 254/48/45 268/738/684 267/739/685
f 266/740/686 269/741/687 268/738/684
f 267/739/685 265/742/688 262/743/689
f 268/744/684 260/730/690 265/737/688
f 288/745/691 290/746/692 285/747/693
f 289/748/694 291/749/695 288/750/691
f 291/751/695 300/752/696 290/746/692
f 291/751/695 292/753/697 293/754/698
f 286/146/136 297/755/699 296/756/700
f 294/757/701 298/758/702 297/755/699
f 296/756/700 292/759/703 289/748/694
f 297/755/699 293/760/704 292/759/703
f 299/761/705 301/762/706 287/64/60
f 300/752/696 302/763/707 299/761/705
f 302/763/707 295/764/708 301/762/706
f 302/763/707 293/765/698 298/766/709
f 303/178/164 308/767/710 307/768/711
f 306/769/712 309/770/713 308/767/710
f 307/768/711 320/771/714 317/772/715
f 308/767/710 310/773/716 320/771/714
f 304/774/717 314/775/718 313/776/719
f 311/777/720 315/778/721 314/775/718
f 313/776/722 309/779/723 306/780/724
f 314/781/718 310/773/725 309/770/723
f 316/782/726 318/783/727 305/784/728
f 317/772/715 319/785/729 316/782/726
f 319/785/729 312/786/730 318/783/727
f 320/771/714 315/787/731 319/785/729
f 371/137/128 376/788/732 375/789/733
f 374/790/734 377/791/735 376/788/732
f 375/789/733 387/792/736 384/793/737
f 376/788/732 378/794/738 387/792/736
f 372/105/97 381/795/739 374/796/740
f 379/797/741 382/798/742 381/795/739
f 374/796/740 381/795/739 377/799/743
f 381/795/739 378/800/744 377/799/745
f 383/801/746 385/802/747 373/174/161
f 384/793/737 386/803/748 383/804/746
f 386/805/748 380/806/749 385/802/747
f 387/792/750 382/807/742 386/803/748
f 408/808/166 414/809/751 413/810/752
f 411/811/753 415/812/754 414/809/751
f 413/810/752 414/809/751 424/813/755
f 414/809/751 416/814/756 424/813/755
f 417/815/757 419/816/758 409/817/759
f 418/818/760 420/819/761 417/820/757
f 420/821/761 412/822/762 419/816/758
f 421/823/763 415/812/764 420/821/761
f 410/117/108 423/824/765 422/825/766
f 413/826/767 424/813/768 423/824/765
f 422/825/766 421/823/763 418/827/760
f 423/824/765 416/814/769 421/823/763
f 428/828/770 430/829/771 425/164/151
f 429/830/772 431/831/773 428/828/770
f 431/831/773 438/832/774 430/829/771
f 431/831/773 436/833/775 432/834/776
f 433/835/777 435/836/778 426/837/779
f 434/838/780 436/839/775 433/835/777
f 435/836/778 436/833/775 429/830/772
f 438/832/774 439/840/781 437/841/782
f 439/840/781 434/838/780 437/842/782
f 440/220/783 443/843/784 444/844/783
f 444/845/785 1863/846/786 445/847/786
f 441/265/787 444/848/787 443/849/787
f 447/850/788 1863/846/789 444/851/790
f 448/852/791 451/853/792 452/854/793
f 454/855/794 456/856/795 449/316/796
f 450/236/219 457/857/797 458/858/798
f 457/857/799 451/859/792 458/860/800
f 458/860/801 453/861/802 455/862/801
f 458/860/800 451/859/792 453/861/803
f 459/318/300 462/863/804 463/864/805
f 463/865/806 464/866/806 1864/867/806
f 460/248/230 463/868/807 466/869/808
f 463/870/809 465/871/809 1864/872/809
f 466/869/810 463/873/811 462/874/810
f 468/344/326 471/875/812 472/876/813
f 471/877/812 474/878/814 472/879/813
f 472/879/813 473/880/815 477/881/816
f 469/882/817 474/883/818 475/884/819
f 474/885/814 479/886/820 477/887/816
f 475/884/821 474/878/821 471/877/821
f 474/883/814 477/887/816 473/880/815
f 476/888/822 478/889/823 470/196/824
f 483/890/825 485/891/826 480/892/827
f 483/890/825 484/893/828 486/894/829
f 485/891/826 486/895/829 492/896/830
f 486/894/829 484/893/828 487/897/831
f 488/898/832 490/899/833 489/900/834
f 489/901/834 490/899/833 484/902/828
f 490/899/833 487/897/831 484/893/828
f 491/903/835 493/904/836 482/263/245
f 492/896/830 494/905/837 491/903/835
f 494/905/837 488/898/832 493/904/836
f 494/905/837 486/895/829 487/906/831
f 498/907/838 499/908/839 495/909/840
f 498/907/841 500/910/842 504/911/843
f 497/271/253 503/912/844 504/913/845
f 503/912/846 499/914/846 504/915/846
f 504/915/843 1865/916/847 502/917/848
f 504/918/843 500/919/842 1865/916/847
f 508/920/849 510/921/850 505/294/276
f 508/920/849 509/922/851 511/923/852
f 511/923/852 517/924/853 510/921/850
f 511/923/852 512/925/854 519/926/855
f 513/927/856 514/928/857 515/929/858
f 513/930/856 515/929/858 509/931/851
f 514/928/857 509/922/851 515/929/858
f 516/932/859 518/933/860 507/284/266
f 516/932/859 517/924/853 519/934/855
f 518/933/860 519/934/855 514/935/857
f 519/926/855 512/925/854 514/928/857
f 520/199/861 523/936/862 526/937/863
f 523/938/864 1866/939/864 1862/940/864
f 522/292/865 526/941/865 527/942/865
f 526/943/863 523/944/862 527/945/866
f 1862/940/867 525/946/868 527/945/869
f 199/281/263 198/947/870 532/948/871
f 530/949/872 531/950/873 198/951/870
f 532/948/871 540/952/874 537/953/875
f 528/250/232 200/954/876 201/955/877
f 533/956/878 535/957/879 200/958/876
f 201/955/877 198/959/870 531/950/873
f 200/954/876 540/960/874 198/959/870
f 536/961/880 538/962/881 529/301/283
f 537/953/875 539/963/882 536/961/880
f 539/963/882 534/964/883 538/962/881
f 539/963/882 540/965/874 535/957/884
f 541/966/226 546/967/885 545/968/886
f 544/969/887 546/967/885 541/966/888
f 546/967/885 554/970/889 545/968/886
f 546/967/885 547/971/890 557/972/891
f 542/291/273 551/973/892 550/974/893
f 548/975/894 552/976/895 551/973/892
f 550/974/893 547/977/896 544/978/897
f 551/973/898 557/979/899 547/977/900
f 553/980/901 555/981/902 543/261/243
f 554/970/889 556/982/903 553/980/901
f 556/982/903 549/983/904 555/981/902
f 556/982/903 557/984/905 552/985/906
f 561/986/907 563/987/908 558/276/258
f 562/988/909 564/989/910 561/986/907
f 564/989/910 573/990/911 563/987/908
f 564/989/910 566/991/912 576/992/913
f 567/993/914 569/994/915 559/255/237
f 568/995/916 570/996/917 567/993/914
f 570/996/917 562/988/909 569/994/915
f 570/996/917 566/991/912 565/997/918
f 560/303/285 575/998/919 574/999/920
f 572/1000/921 576/992/913 575/998/919
f 575/998/919 568/995/916 574/999/920
f 575/998/919 566/991/912 571/1001/922
f 580/1002/923 582/1003/924 577/232/215
f 581/1004/925 583/1005/926 580/1002/923
f 583/1005/926 590/1006/927 582/1003/924
f 583/1005/926 584/1007/928 593/1008/929
f 578/1009/284 587/1010/930 586/1011/931
f 585/1012/932 588/1013/933 587/1010/930
f 586/1011/931 584/1007/934 581/1004/935
f 587/1010/936 593/1014/937 584/1007/938
f 579/269/251 592/1015/939 591/1016/940
f 589/1017/941 593/1008/942 592/1015/939
f 591/1016/940 592/1015/939 588/1013/943
f 592/1015/939 593/1014/942 588/1013/943
f 594/282/264 599/1018/944 598/1019/945
f 597/1020/946 600/1021/947 599/1018/944
f 598/1019/945 611/1022/948 608/1023/949
f 599/1018/944 601/1024/950 611/1022/948
f 595/309/291 605/1025/951 604/1026/952
f 602/1027/953 606/1028/954 605/1025/951
f 604/1026/955 600/1021/956 597/1020/957
f 605/1025/951 601/1024/950 600/1021/956
f 607/1029/958 609/1030/959 596/1031/317
f 608/1023/949 610/1032/960 607/1029/958
f 610/1032/960 603/1033/961 609/1030/959
f 611/1022/948 606/1028/954 610/1032/960
f 615/1034/962 617/1035/963 612/321/303
f 616/1036/964 618/1037/965 615/1034/962
f 618/1037/965 625/1038/966 617/1035/963
f 620/1039/967 622/1040/968 613/1041/318
f 621/1042/969 623/1043/970 620/1039/967
f 623/1043/970 616/1036/964 622/1040/968
f 624/1044/971 626/1045/972 614/1046/973
f 625/1038/966 627/1047/974 624/1044/971
f 627/1047/974 621/1042/969 626/1045/972
f 628/320/302 634/1048/975 633/1049/976
f 631/1050/977 635/1051/978 634/1048/975
f 633/1049/976 634/1048/975 645/1052/979
f 634/1048/975 636/1053/980 645/1052/979
f 637/1054/981 639/1055/982 629/1056/208
f 638/1057/983 640/1058/984 637/1054/981
f 640/1058/984 632/1059/985 639/1055/982
f 641/1060/986 635/1051/978 640/1058/984
f 630/1061/987 644/1062/988 643/1063/989
f 642/1064/990 645/1052/991 644/1062/988
f 643/1063/989 641/1060/986 638/1057/983
f 644/1062/988 636/1053/980 641/1060/986
f 649/1065/992 651/1066/993 646/226/209
f 650/1067/994 652/1068/995 649/1065/992
f 652/1068/995 660/1069/996 651/1066/993
f 652/1068/995 653/1070/997 663/1071/998
f 654/1072/999 656/1073/1000 647/314/296
f 655/1074/1001 657/1075/1002 654/1072/999
f 657/1075/1002 650/1067/994 656/1073/1000
f 658/1076/1003 653/1070/997 657/1075/1002
f 659/1077/1004 661/1078/1005 648/1079/305
f 660/1069/996 662/1080/1006 659/1077/1004
f 662/1080/1006 655/1074/1001 661/1078/1005
f 662/1080/1006 663/1081/998 658/1076/1003
f 664/341/323 670/1082/1007 669/1083/1008
f 667/1084/1009 671/1085/1010 670/1082/1007
f 669/1083/1008 670/1082/1007 681/1086/1011
f 670/1082/1007 672/1087/1012 681/1086/1011
f 673/1088/1013 675/1089/1014 665/1090/309
f 674/1091/1015 676/1092/1016 673/1088/1013
f 676/1092/1016 668/1093/1017 675/1089/1014
f 677/1094/1018 671/1085/1019 676/1092/1016
f 666/1095/1020 680/1096/1021 679/1097/1022
f 678/1098/1023 681/1086/1024 680/1096/1025
f 679/1097/1022 677/1094/1026 674/1091/1015
f 680/1096/1021 672/1087/1027 677/1094/1026
f 682/213/196 687/1099/1028 686/1100/1029
f 685/1101/1030 688/1102/1031 687/1099/1028
f 686/1100/1029 699/1103/1032 696/1104/1033
f 687/1099/1028 689/1105/1034 699/1103/1032
f 683/315/297 693/1106/1035 692/1107/1036
f 690/1108/1037 694/1109/1038 693/1106/1035
f 692/1107/1036 693/1106/1035 688/1102/1039
f 693/1106/1035 689/1105/1034 688/1102/1039
f 695/1110/1040 697/1111/1041 684/1112/322
f 696/1104/1033 698/1113/1042 695/1110/1040
f 698/1113/1042 691/1114/1043 697/1111/1041
f 699/1103/1032 694/1109/1038 698/1113/1042
f 700/345/327 706/1115/1044 705/1116/1045
f 703/1117/1046 707/1118/1047 706/1115/1044
f 705/1116/1048 716/1119/1049 714/1120/1050
f 706/1115/1051 708/1121/1052 716/1119/1049
f 709/1122/1053 711/1123/1054 701/1124/199
f 710/1125/1055 712/1126/1056 709/1122/1053
f 712/1126/1056 704/1127/1057 711/1123/1054
f 702/307/289 716/1128/1058 715/1129/1059
f 713/1130/1060 714/1120/1061 716/1128/1058
f 715/1129/1059 707/1131/1062 710/1125/1055
f 716/1119/1063 708/1121/1064 707/1131/1063
f 720/1132/1065 722/1133/1066 717/1134/1067
f 721/1135/1068 723/1136/1069 720/1132/1065
f 723/1136/1069 731/1137/1070 722/1133/1066
f 723/1136/1069 724/1138/1071 734/1139/1072
f 725/1140/1073 727/1141/1074 718/304/286
f 726/1142/1075 728/1143/1076 725/1140/1073
f 728/1143/1076 721/1135/1068 727/1141/1074
f 728/1143/1076 729/1144/1077 724/1145/1071
f 730/1146/1078 732/1147/1079 719/1148/187
f 731/1137/1070 733/1149/1080 730/1146/1078
f 733/1149/1080 726/1142/1075 732/1147/1079
f 734/1139/1072 729/1144/1077 733/1149/1080
f 735/202/185 741/1150/1081 740/1151/1082
f 738/1152/1083 739/1153/1084 741/1150/1081
f 740/1151/1082 750/1154/1085 747/1155/1086
f 741/1156/1087 742/1157/1088 750/1154/1089
f 736/306/288 741/1158/1090 745/1159/1091
f 743/1160/1092 750/1161/1093 741/1158/1090
f 745/1159/1091 741/1156/1090 739/1153/1094
f 746/1162/1095 748/1163/1096 737/1164/313
f 747/1155/1086 749/1165/1097 746/1162/1095
f 749/1165/1098 744/1166/1099 748/1163/1096
f 801/1167/1100 807/1168/1101 806/1169/1102
f 804/1170/1103 808/1171/1104 807/1168/1101
f 806/1169/1102 807/1168/1101 818/1172/1105
f 807/1168/1101 809/1173/1106 818/1172/1105
f 810/1174/1107 812/1175/1108 802/1176/1109
f 811/1177/1110 813/1178/1111 810/1174/1107
f 813/1178/1111 805/1179/1112 812/1175/1108
f 814/1180/1113 808/1171/1104 813/1178/1111
f 803/393/370 817/1181/1114 816/1182/1115
f 815/1183/1116 818/1184/1117 817/1181/1114
f 816/1185/1115 814/1180/1118 811/1177/1119
f 817/1186/1114 809/1173/1120 814/1180/1118
f 839/1187/483 844/1188/1121 843/1189/1122
f 842/1190/1123 845/1191/1124 844/1188/1121
f 843/1189/1122 856/1192/1125 853/1193/1126
f 844/1188/1121 846/1194/1127 856/1192/1125
f 840/1195/1128 850/1196/1129 849/1197/1130
f 847/1198/1131 851/1199/1132 850/1200/1129
f 849/1201/1130 850/1200/1129 845/1191/1133
f 850/1200/1129 846/1194/1134 845/1191/1133
f 852/1202/1135 854/1203/1136 841/1204/1137
f 853/1193/1126 855/1205/1138 852/1202/1135
f 855/1205/1138 848/1206/1139 854/1203/1136
f 856/1192/1125 851/1199/1140 855/1205/1138
f 907/481/447 912/1207/1141 911/1208/1142
f 910/1209/1143 913/1210/1144 912/1207/1141
f 911/1208/1142 923/1211/1145 920/1212/1146
f 912/1207/1141 914/1213/1147 923/1211/1145
f 908/450/422 917/1214/1148 910/1215/1149
f 915/1216/1150 918/1217/1151 917/1214/1148
f 910/1215/1149 917/1214/1148 913/1210/1152
f 917/1214/1148 914/1213/1153 913/1210/1152
f 919/1218/1154 921/1219/1155 909/518/480
f 920/1212/1146 922/1220/1156 919/1218/1154
f 922/1220/1156 916/1221/1157 921/1219/1155
f 923/1211/1158 918/1217/1151 922/1220/1156
f 944/523/485 949/1222/1159 957/1223/1160
f 947/1224/1161 950/1225/1162 949/1222/1159
f 957/1223/1160 949/1222/1159 960/1226/1163
f 949/1222/1159 951/1227/1164 960/1226/1165
f 952/1228/1166 954/1229/1167 945/1230/1168
f 953/1231/1169 955/1232/1170 952/1228/1166
f 955/1232/1170 948/1233/1171 954/1229/1167
f 956/1234/1172 950/1225/1173 955/1232/1170
f 946/462/431 959/1235/1174 958/1236/1175
f 957/1237/1176 960/1226/1177 959/1235/1174
f 958/1236/1175 956/1234/1172 953/1231/1169
f 959/1235/1174 951/1227/1178 956/1234/1172
f 1011/1238/1179 1017/1239/1180 1016/1240/1181
f 1014/1241/1182 1018/1242/1183 1017/1239/1180
f 1016/1240/1181 1028/1243/1184 1025/1244/1185
f 1017/1239/1180 1019/1245/1186 1028/1243/1184
f 1020/1246/1187 1022/1247/1188 1012/1248/1189
f 1021/1249/1190 1023/1250/1191 1020/1246/1187
f 1023/1250/1191 1015/1251/1192 1022/1247/1188
f 1024/1252/1193 1018/1242/1183 1023/1250/1191
f 1013/580/537 1027/1253/1194 1026/1254/1195
f 1025/1244/1196 1028/1243/1197 1027/1255/1194
f 1026/1254/1195 1024/1256/1198 1021/1257/1190
f 1027/1255/1194 1019/1245/1199 1024/1252/1198
f 1032/1258/1200 1034/1259/1201 1029/715/661
f 1033/1260/1202 1035/1261/1203 1032/1258/1200
f 1035/1261/1203 1043/1262/1204 1034/1259/1201
f 1035/1261/1203 1036/1263/1205 1046/1264/1206
f 1037/1265/1207 1039/1266/1208 1030/581/538
f 1038/1267/1209 1040/1268/1210 1037/1265/1207
f 1039/1266/1208 1036/1269/1205 1033/1260/1202
f 1040/1268/1210 1041/1270/1211 1036/1269/1205
f 1031/699/645 1045/1271/1212 1044/1272/1213
f 1042/1273/1214 1046/1274/1215 1045/1271/1212
f 1044/1272/1213 1041/1275/1216 1038/1276/1217
f 1045/1271/1218 1036/1277/1205 1041/1275/1211
f 1062/707/653 1067/1278/1219 1066/1279/1220
f 1065/1280/1221 1068/1281/1222 1067/1278/1219
f 1066/1279/1220 1079/1282/1223 1076/1283/1224
f 1067/1278/1219 1069/1284/1225 1079/1282/1223
f 1063/1285/1226 1073/1286/1227 1072/1287/1228
f 1070/1288/1229 1074/1289/1230 1073/1286/1227
f 1072/1287/1231 1068/1281/1232 1065/1280/1233
f 1073/1286/1227 1069/1284/1234 1068/1281/1232
f 1075/1290/1235 1077/1291/1236 1064/1292/1237
f 1076/1283/1224 1078/1293/1238 1075/1290/1235
f 1078/1293/1238 1071/1294/1239 1077/1291/1236
f 1079/1282/1223 1074/1289/1240 1078/1293/1238
f 1130/670/617 1134/1295/1241 1133/1296/1242
f 1139/1297/1243 1135/1298/1244 1134/1295/1241
f 1133/1296/1242 1146/1299/1245 1143/1300/1246
f 1134/1295/1241 1136/1301/1247 1146/1299/1245
f 1131/637/592 1140/1302/1248 1139/1303/1249
f 1137/1304/1250 1141/1305/1251 1140/1302/1248
f 1139/1303/1249 1140/1302/1248 1135/1298/1252
f 1140/1302/1248 1136/1301/1253 1135/1298/1252
f 1142/1306/1254 1144/1307/1255 1132/704/650
f 1143/1300/1246 1145/1308/1256 1142/1306/1254
f 1145/1308/1256 1138/1309/1257 1144/1307/1255
f 1146/1299/1258 1141/1305/1251 1145/1308/1256
f 1150/1310/1259 1152/1311/1260 1147/718/664
f 1151/1312/1261 1153/1313/1262 1150/1310/1259
f 1153/1313/1262 1162/1314/1263 1152/1311/1260
f 1153/1313/1262 1155/1315/1264 1165/1316/1265
f 1156/1317/1266 1158/1318/1267 1148/705/651
f 1156/1317/1266 1160/1319/1268 1159/1320/1269
f 1159/1320/1269 1151/1312/1261 1158/1318/1267
f 1159/1320/1269 1155/1315/1264 1154/1321/1270
f 1161/1322/1271 1163/1323/1272 1149/1324/1273
f 1162/1314/1263 1164/1325/1274 1161/1322/1271
f 1164/1325/1274 1157/1326/1275 1163/1323/1272
f 1165/1316/1265 1160/1319/1268 1164/1325/1274
f 1181/709/655 1187/1327/1276 1186/1328/1277
f 1184/1329/1278 1188/1330/1279 1187/1327/1276
f 1186/1328/1277 1187/1327/1276 1197/1331/1280
f 1187/1327/1276 1189/1332/1281 1197/1331/1280
f 1190/1333/1282 1192/1334/1283 1182/1335/1284
f 1191/1336/1285 1193/1337/1286 1190/1333/1282
f 1193/1337/1286 1185/1338/1287 1192/1334/1283
f 1194/1339/1288 1188/1340/1289 1193/1337/1286
f 1183/649/601 1196/1341/1290 1195/1342/1291
f 1186/1343/1292 1197/1344/1293 1196/1341/1290
f 1195/1342/1291 1194/1339/1288 1191/1336/1285
f 1196/1341/1290 1189/1345/1294 1194/1339/1288
f 1358/121/112 1361/1346/1295 1360/123/114
f 1361/1346/1295 1362/1347/1296 1360/123/114
f 1362/1347/1296 1363/1348/1297 1360/123/114
f 1363/1348/1297 1359/65/61 1360/123/114
f 223/25/24 1200/1349/1298 226/1350/1299
f 226/1350/1299 1201/1351/1300 225/1352/1301
f 225/1352/1302 1202/1353/1303 224/1354/1304
f 1202/1355/1303 222/183/168 224/1356/1304
f 1198/24/23 209/1357/1305 1200/1349/1298
f 1200/1349/1298 210/1358/1306 1201/1351/1300
f 1201/1351/1307 211/1359/1308 1202/1353/1303
f 211/1360/1308 1199/140/131 1202/1355/1303
f 1203/61/57 231/1361/1309 228/8/8
f 1205/1362/1310 230/1363/1311 231/1361/1309
f 1206/1364/1312 229/1365/1313 230/1366/1314
f 229/1365/1313 1204/119/110 227/21/20
f 212/194/177 1205/1362/1310 1203/61/57
f 214/1367/1315 1206/1368/1316 1205/1362/1310
f 215/1369/1317 1207/1370/1318 1206/1364/1312
f 1207/1370/1318 213/18/17 1204/119/110
f 1208/130/121 206/1371/1319 203/3/3
f 1210/1372/1320 205/1373/1321 206/1371/1319
f 1211/1374/1322 204/1375/1323 205/1373/1324
f 204/1376/1323 1209/4/4 202/16/15
f 223/25/24 1210/1372/1320 1208/130/121
f 226/1350/1299 1211/1374/1325 1210/1372/1320
f 225/1352/1302 1212/1377/1326 1211/1374/1322
f 1212/1378/1326 222/183/168 1209/4/4
f 218/159/147 1215/1379/1327 221/1380/1328
f 221/1380/1328 1216/1381/1329 220/1382/1330
f 220/1383/1331 1217/1384/1332 219/1385/1333
f 1217/1384/1332 217/10/9 219/1385/1333
f 1213/26/25 231/1361/1309 1215/1379/1327
f 1215/1379/1327 230/1363/1311 1216/1381/1329
f 1216/1386/1334 229/1365/1313 1217/1384/1332
f 229/1365/1313 1214/23/22 1217/1384/1332
f 233/160/148 1220/1387/1335 236/1388/1336
f 236/1388/1336 1221/1389/1337 235/1390/1338
f 235/1391/1339 1222/1392/1340 234/1393/1341
f 1222/1392/1340 232/29/27 234/1393/1341
f 1218/154/143 221/1380/1328 1220/1387/1335
f 1220/1387/1335 220/1382/1330 1221/1389/1337
f 1221/1394/1342 219/1385/1333 1222/1392/1340
f 219/1385/1333 1219/12/11 1222/1392/1340
f 207/15/14 1225/1395/1343 209/1357/1305
f 209/1357/1305 1226/1396/1344 210/1358/1306
f 210/1358/1345 1227/1397/1346 211/1359/1308
f 1227/1398/1346 208/35/33 211/1360/1308
f 1223/14/13 239/1399/1347 1225/1395/1343
f 1225/1395/1343 240/1400/1348 1226/1396/1344
f 1226/1396/1349 241/1401/1350 1227/1397/1346
f 241/1402/1350 1224/33/31 1227/1398/1346
f 237/44/41 1230/1403/1351 239/1399/1347
f 239/1399/1347 1231/1404/1352 240/1400/1348
f 240/1400/1353 1232/1405/1354 241/1401/1350
f 1232/1406/1354 238/32/30 241/1402/1350
f 1228/53/49 249/1407/1355 1230/1403/1351
f 1230/1403/1351 250/1408/1356 1231/1404/1352
f 1231/1404/1357 251/1409/1358 1232/1405/1354
f 251/1410/1358 1229/30/28 1232/1406/1354
f 243/195/178 1235/1411/1359 246/1412/1360
f 246/1412/1360 1236/1413/1361 245/1414/1362
f 245/1415/1363 1237/1416/1364 244/1417/1365
f 1237/1416/1364 242/39/37 244/1417/1365
f 1233/188/171 236/1388/1336 1235/1411/1359
f 1235/1411/1359 235/1390/1338 1236/1413/1361
f 1236/1418/1366 234/1393/1341 1237/1416/1364
f 234/1393/1341 1234/37/35 1237/1416/1364
f 1238/171/158 274/1419/1367 271/169/156
f 1240/1420/1368 273/1421/1369 274/1419/1367
f 1241/1422/1370 272/1423/1371 273/1421/1369
f 1242/1424/1372 270/187/46 272/1423/1371
f 253/733/679 1240/1420/1368 1238/171/158
f 263/732/678 1241/1422/1370 1240/1420/1368
f 256/736/682 1242/1424/1372 1241/1422/1370
f 255/727/673 1239/134/125 1242/1424/1372
f 247/52/48 1245/1425/1373 249/1407/1355
f 249/1407/1355 1246/1426/1374 250/1408/1356
f 250/1408/1375 1247/1427/1376 251/1409/1358
f 251/1410/1358 1244/40/38 248/42/40
f 1243/153/142 274/1419/1367 1245/1425/1373
f 1245/1425/1377 273/1421/1369 1246/1426/1374
f 1246/1426/1378 272/1423/1371 1247/1427/1376
f 272/1428/1371 1244/40/38 1247/1429/1376
f 253/733/679 1250/1430/1379 261/731/677
f 261/731/677 1251/1431/1380 262/734/680
f 262/743/689 1252/1432/1381 267/739/685
f 267/739/685 1249/46/43 254/48/45
f 1248/170/157 246/1412/1360 1250/1430/1379
f 1250/1430/1379 245/1414/1362 1251/1431/1380
f 1251/1433/1382 244/1417/1365 1252/1432/1381
f 1252/1432/1381 242/39/37 1249/46/43
f 1253/69/65 214/1367/1315 212/194/177
f 1255/1434/1383 215/1435/1384 214/1367/1315
f 1256/1436/1385 216/1437/1386 215/1369/1317
f 216/1437/1386 1254/163/150 213/18/17
f 280/129/120 1255/1434/1383 1253/69/65
f 282/1438/1387 1256/1439/1388 1255/1434/1383
f 283/1440/1389 1257/1441/1390 1256/1436/1385
f 284/1442/1391 1254/163/150 1257/1441/1390
f 1258/1/1 279/1443/1392 276/179/165
f 1260/1444/1393 278/1445/1394 279/1443/1392
f 1261/1446/1395 277/1447/1396 278/1445/1397
f 277/1448/1396 1259/54/50 275/56/52
f 203/3/3 1260/1444/1393 1258/1/1
f 206/1371/1319 1261/1446/1398 1260/1444/1393
f 205/1373/1324 1262/1449/1399 1261/1446/1395
f 1262/1450/1399 202/16/15 1259/54/50
f 305/784/728 1265/1451/1400 316/782/726
f 316/782/726 1266/1452/1401 317/772/715
f 317/772/715 1267/1453/1402 307/768/711
f 307/768/711 1264/176/111 303/178/164
f 1263/144/134 296/756/700 1265/1451/1400
f 1265/1451/1400 289/748/694 1266/1452/1401
f 1266/1452/1401 288/750/691 1267/1453/1402
f 1267/1454/1402 285/747/693 1264/120/111
f 1268/145/135 282/1438/1387 280/129/120
f 1270/1455/1403 283/1456/1404 282/1438/1387
f 1271/1457/1405 284/1442/1391 283/1440/1389
f 1272/1458/1406 281/58/54 284/1442/1391
f 305/784/728 1270/1455/1403 1268/145/135
f 318/783/727 1271/1459/1407 1270/1455/1403
f 312/1460/1408 1272/1458/1406 1271/1457/1405
f 311/777/720 1269/66/62 1272/1458/1406
f 1273/147/137 294/757/701 286/146/136
f 1275/1461/1409 295/1462/1410 294/757/701
f 1276/1463/1411 301/1464/706 295/1462/708
f 1277/1465/1412 287/64/60 301/762/706
f 276/179/165 1275/1461/1409 1273/147/137
f 279/1443/1392 1276/1463/1413 1275/1461/1409
f 278/1445/1397 1277/1466/1412 1276/1463/1411
f 277/1448/1396 1274/62/58 1277/1465/1412
f 1278/143/133 345/1467/1414 342/71/67
f 1280/1468/1415 344/1469/1416 345/1467/1414
f 1281/1470/1417 343/1471/1418 344/1469/1416
f 1282/1472/1419 341/193/176 343/1471/1418
f 326/91/85 1280/1468/1415 1278/143/133
f 328/1473/1420 1281/1470/1417 1280/1468/1415
f 329/1474/1421 1282/1472/1419 1281/1470/1417
f 330/1475/1422 1279/192/175 1282/1472/1419
f 347/85/79 1285/1476/1423 350/1477/1424
f 350/1477/1424 1286/1478/1425 349/1479/1426
f 349/1479/1426 1287/1480/1427 348/1481/1428
f 348/1481/1428 1284/124/115 346/127/118
f 1283/84/78 333/1482/1429 1285/1476/1423
f 1285/1476/1423 334/1483/1430 1286/1478/1425
f 1286/1478/1425 335/1484/1431 1287/1480/1427
f 1287/1480/1427 332/125/116 1284/124/115
f 322/81/75 1290/1485/1432 325/1486/1433
f 325/1486/1433 1291/1487/1434 324/1488/1435
f 324/1488/1435 1292/1489/1436 323/1490/1437
f 323/1490/1437 1289/141/132 321/106/98
f 1288/72/68 345/1467/1414 1290/1485/1432
f 1290/1485/1432 344/1469/1416 1291/1487/1434
f 1291/1487/1434 343/1471/1418 1292/1489/1436
f 1292/1489/1436 341/193/176 1289/141/132
f 1293/86/80 340/1491/1438 337/126/117
f 1295/1492/1439 339/1493/1440 340/1491/1438
f 1296/1494/1441 338/1495/1442 339/1493/1440
f 1297/1496/1443 336/184/169 338/1495/1442
f 347/85/79 1295/1492/1439 1293/86/80
f 350/1477/1424 1296/1494/1441 1295/1492/1439
f 349/1479/1426 1297/1496/1443 1296/1494/1441
f 348/1481/1428 1294/162/149 1297/1496/1443
f 1298/77/72 355/1497/1444 352/156/144
f 1300/1498/1445 354/1499/1446 355/1497/1444
f 1301/1500/1447 353/1501/1448 354/1499/1446
f 1302/1502/1449 351/78/73 353/1501/1448
f 337/126/117 1300/1498/1445 1298/77/72
f 340/1491/1438 1301/1500/1447 1300/1498/1445
f 339/1493/1440 1302/1502/1449 1301/1500/1447
f 338/1495/1442 1299/94/88 1302/1502/1449
f 1303/92/86 328/1473/1420 326/91/85
f 1305/1503/1450 329/1474/1421 328/1473/1420
f 1306/1504/1451 330/1475/1422 329/1474/1421
f 1307/1505/1452 327/191/174 330/1475/1422
f 356/97/90 1305/1503/1450 1303/92/86
f 358/1506/1453 1306/1504/1451 1305/1503/1450
f 359/1507/1454 1307/1505/1452 1306/1504/1451
f 360/1508/1455 1304/74/70 1307/1505/1452
f 1308/98/91 358/1506/1453 356/97/90
f 1310/1509/1456 359/1507/1454 358/1506/1453
f 1311/1510/1457 360/1508/1455 359/1507/1454
f 1312/1511/1458 357/139/130 360/1508/1455
f 366/102/94 1310/1509/1456 1308/98/91
f 368/1512/1459 1311/1510/1457 1310/1509/1456
f 369/1513/1460 1312/1511/1458 1311/1510/1457
f 370/1514/1461 1309/185/170 1312/1511/1458
f 1313/93/87 365/1515/1462 362/189/172
f 1315/1516/1463 364/1517/1464 365/1515/1462
f 1316/1518/1465 363/1519/1466 364/1517/1464
f 1317/1520/1467 361/101/93 363/1519/1466
f 352/156/144 1315/1516/1463 1313/93/87
f 355/1497/1444 1316/1518/1465 1315/1516/1463
f 354/1499/1446 1317/1520/1467 1316/1518/1465
f 353/1501/1448 1314/80/74 1317/1520/1467
f 389/190/173 1320/1521/1468 392/1522/1469
f 392/1522/1469 1321/1523/1470 391/1524/1471
f 391/1524/1471 1322/1525/1472 390/1526/1473
f 390/1527/1473 1319/173/160 388/175/162
f 1318/138/129 375/789/733 1320/1521/1468
f 1320/1521/1468 384/793/737 1321/1523/1470
f 1321/1523/1470 383/804/746 1322/1525/1472
f 1322/1528/1472 373/174/161 1319/173/160
f 1323/104/96 368/1512/1459 366/102/94
f 1325/1529/1474 369/1513/1460 368/1512/1459
f 1326/1530/1475 370/1514/1461 369/1513/1460
f 1327/1531/1476 367/182/167 370/1514/1461
f 389/1532/173 1325/1529/1474 1323/104/96
f 392/1533/1469 1326/1530/1475 1325/1529/1474
f 391/1534/1471 1327/1531/1476 1326/1530/1475
f 390/1527/1473 1324/157/145 1327/1531/1476
f 1328/99/92 379/797/741 372/105/97
f 1330/1535/1477 380/806/749 379/797/741
f 1331/1536/1478 385/802/747 380/806/749
f 1332/1537/1479 373/174/161 385/802/747
f 362/189/172 1330/1535/1477 1328/99/92
f 365/1515/1462 1331/1536/1478 1330/1535/1477
f 364/1517/1464 1332/1537/1479 1331/1536/1478
f 363/1519/1466 1329/172/159 1332/1537/1479
f 331/88/82 1335/1538/1480 333/1482/1429
f 333/1482/1429 1336/1539/1481 334/1483/1430
f 334/1483/1430 1337/1540/1482 335/1484/1431
f 335/1484/1431 1334/167/154 332/125/116
f 1333/109/100 400/1541/1483 1335/1538/1480
f 1335/1538/1480 401/1542/1484 1336/1539/1481
f 1336/1543/1481 402/1544/1485 1337/1545/1482
f 1337/1545/1482 399/1546/122 1334/1547/154
f 394/111/102 1340/1548/1486 397/1549/1487
f 397/1549/1487 1341/1550/1488 396/1551/1489
f 396/1551/1489 1342/1552/1490 395/1553/1491
f 395/1553/1491 1339/115/106 393/114/105
f 1338/82/76 325/1486/1433 1340/1548/1486
f 1340/1548/1486 324/1488/1435 1341/1550/1488
f 1341/1550/1488 323/1490/1437 1342/1552/1490
f 1342/1552/1490 321/106/98 1339/115/106
f 1343/1554/1492 411/811/753 408/808/166
f 1345/1555/1493 412/822/762 411/811/753
f 1346/1556/1494 419/816/758 412/822/762
f 1347/1557/1495 409/817/759 419/816/758
f 403/118/109 1345/1555/1493 1343/1554/1492
f 405/1558/1496 1346/1556/1494 1345/1555/1493
f 406/1559/1497 1347/1557/1495 1346/1556/1494
f 407/1560/1498 1344/151/141 1347/1557/1495
f 398/110/101 1350/1561/1499 400/1541/1483
f 400/1541/1483 1351/1562/1500 401/1542/1484
f 401/1563/1484 1352/1564/1501 402/1544/1485
f 402/1544/1485 1349/1565/140 399/1546/122
f 1348/116/107 422/825/766 1350/1561/1499
f 1350/1561/1499 418/827/760 1351/1562/1500
f 1351/1566/1500 417/820/757 1352/1564/1501
f 1352/1564/1501 409/1567/759 1349/1565/140
f 403/118/109 1355/1568/1502 405/1558/1496
f 405/1558/1496 1356/1569/1503 406/1559/1497
f 406/1559/1497 1357/1570/1504 407/1560/1498
f 407/1560/1498 1354/149/139 404/148/138
f 1353/112/103 397/1549/1487 1355/1568/1502
f 1355/1568/1502 396/1551/1489 1356/1569/1503
f 1356/1569/1503 395/1553/1491 1357/1570/1504
f 1357/1570/1504 393/114/105 1354/149/139
f 1359/65/61 299/761/705 287/64/60
f 1363/1348/1297 300/752/696 299/761/705
f 1362/1347/1296 290/746/692 300/752/696
f 1361/1346/1295 285/747/693 290/746/692
f 410/117/108 1366/1571/1505 413/1572/767
f 413/1573/752 1365/177/163 408/181/166
f 1364/67/63 313/776/1506 1366/1571/1505
f 1366/1571/1507 313/776/1508 306/780/1507
f 1366/1574/1509 303/178/164 1365/177/163
f 1367/47/44 266/740/1510 254/48/45
f 266/740/1511 1369/1575/1511 257/1576/1511
f 1369/1577/1512 252/724/670 257/726/672
f 372/105/97 1369/1578/1513 1367/47/44
f 374/1579/734 1368/135/126 1369/1577/1512
f 543/261/243 1372/1580/1514 553/980/901
f 553/980/901 1373/1581/1515 554/970/889
f 1373/1581/1515 545/968/886 554/970/889
f 1374/1582/1516 541/244/226 545/968/886
f 1370/260/242 563/987/908 1372/1580/1514
f 1372/1580/1514 573/990/911 1373/1581/1515
f 573/990/911 1374/1582/1516 1373/1581/1515
f 572/1000/921 1371/262/244 1374/1582/1516
f 1375/254/236 567/993/914 559/255/237
f 1377/1583/1517 568/995/916 567/993/914
f 568/995/916 1379/1584/1518 574/999/920
f 574/999/920 1376/241/224 560/303/285
f 577/232/215 1377/1583/1517 1375/254/236
f 582/1003/924 1378/1585/1519 1377/1583/1517
f 590/1006/927 1379/1584/1518 1378/1585/1519
f 1379/1584/1518 579/269/251 1376/241/224
f 1380/289/271 585/1586/932 578/302/284
f 1381/1587/1520 591/1588/1521 585/1012/932
f 591/1016/940 1382/243/225 579/269/251
f 1380/289/271 550/974/893 1381/1589/1520
f 1381/1587/1520 544/969/897 1382/1590/1522
f 1382/1590/1523 544/969/887 541/966/888
f 529/301/283 1385/1591/1524 536/961/880
f 536/961/880 1386/1592/1525 537/953/875
f 1386/1592/1525 532/948/871 537/953/875
f 1387/1593/1526 199/281/263 532/948/871
f 1383/297/279 569/994/915 1385/1591/1524
f 1385/1591/1524 562/988/909 1386/1592/1525
f 562/988/909 1387/1593/1526 1386/1592/1525
f 561/986/907 1384/275/257 1387/1593/1526
f 1388/290/272 548/975/894 542/291/273
f 1390/1594/1527 549/1595/1528 548/975/894
f 549/1595/1528 1391/1596/1529 555/1597/1530
f 1391/1598/1529 543/261/243 555/981/902
f 1388/290/272 201/955/877 1390/1594/1527
f 1390/1594/1527 531/950/873 1391/1599/1529
f 1391/1599/1529 531/950/873 530/949/872
f 530/1600/872 1389/229/212 1391/1598/1529
f 1392/252/234 533/1601/878 528/250/232
f 1394/1602/1531 534/964/1532 533/956/878
f 534/964/883 1395/1603/1533 538/962/881
f 1395/1603/1533 529/301/283 538/962/881
f 1392/252/234 586/1604/931 1394/1605/1531
f 1394/1602/1531 581/1004/935 1395/1606/1534
f 1395/1606/1533 581/1004/925 580/1002/923
f 1395/1603/1533 577/232/215 1393/231/214
f 448/852/791 1398/1607/1535 451/1608/792
f 451/1608/792 1399/1609/1536 453/1610/803
f 1400/1611/1537 456/856/1538 455/1612/1539
f 456/856/1538 1397/247/229 449/316/298
f 425/164/151 1398/1607/1535 1396/210/193
f 430/829/771 1399/1609/1536 1398/1607/1535
f 438/832/774 1400/1611/1537 1399/1609/1536
f 437/841/782 1397/247/229 1400/1611/1537
f 1401/259/241 467/1613/1540 461/217/200
f 1403/1614/1541 1404/1615/1542 1864/867/1543
f 1404/1615/1542 463/864/1544 1864/867/1543
f 1405/1616/1545 459/318/300 463/864/805
f 1401/259/241 437/842/782 1403/1614/1541
f 1403/1614/1541 434/838/780 1404/1615/1542
f 1404/1615/1542 433/835/777 1405/1616/1545
f 1405/1616/1545 426/837/779 1402/237/220
f 1406/317/299 454/855/1546 449/316/298
f 1408/1617/1547 455/862/1548 454/855/1546
f 1409/1618/1549 458/858/798 455/862/1548
f 1410/1619/1550 450/236/219 458/858/798
f 1406/317/299 467/1620/1540 1408/1617/1547
f 1408/1617/1547 465/871/1551 1409/1618/1549
f 1409/1618/1549 463/870/1552 1410/1619/1550
f 1410/1619/1550 460/248/230 1407/234/217
f 480/892/827 1413/1621/1553 483/890/825
f 483/890/825 1414/1622/1554 484/902/828
f 484/902/828 1415/1623/1555 489/901/834
f 489/901/834 1412/279/261 481/322/304
f 440/220/203 1413/1621/1553 1411/299/281
f 444/844/1556 1414/1622/1554 1413/1621/1553
f 445/847/1557 1415/1623/1555 1414/1622/1554
f 446/1624/1558 1412/279/261 1415/1623/1555
f 495/909/1559 1418/1625/1560 498/907/1561
f 498/907/1561 1419/1626/1562 1865/1627/1563
f 1865/1627/1563 1420/1628/1564 501/1629/1565
f 501/1629/1565 1417/338/320 496/207/190
f 482/263/245 1418/1625/1560 1416/272/254
f 493/904/836 1419/1626/1562 1418/1625/1560
f 488/898/832 1420/1628/1564 1419/1626/1562
f 489/900/834 1417/338/320 1420/1628/1564
f 1421/209/192 501/1630/1565 496/207/190
f 1423/1631/1566 502/917/1567 501/1630/1565
f 1424/1632/1568 504/913/845 502/917/1567
f 1425/1633/1569 497/271/253 504/913/845
f 1421/209/192 446/1634/1558 1423/1631/1566
f 1423/1631/1566 447/850/1570 1424/1632/1568
f 1424/1632/1568 444/851/1571 1425/1633/1569
f 1425/1633/1569 441/265/247 1422/267/249
f 1426/257/239 476/888/1572 470/196/179
f 1428/1635/1573 1429/1636/1574 477/1637/816
f 1429/1636/1574 472/876/813 477/1637/816
f 1430/1638/1575 468/344/326 472/876/813
f 1426/257/239 513/930/1576 1428/1635/1573
f 1428/1635/1573 509/931/851 1429/1636/1574
f 1429/1636/1574 508/920/849 1430/1638/1575
f 1430/1638/1575 505/294/276 1427/296/278
f 1431/328/310 513/927/1576 506/280/262
f 1433/1639/1577 514/935/857 513/927/1576
f 1434/1640/1578 518/933/860 514/935/857
f 1435/1641/1579 507/284/266 518/933/860
f 1431/328/310 524/1642/1580 1433/1639/1577
f 1433/1639/1577 1866/1643/1581 1434/1640/1578
f 1434/1640/1578 523/938/1582 1435/1641/1579
f 1435/1641/1579 520/199/182 1432/201/184
f 1436/342/324 524/1644/1580 521/329/311
f 1438/1645/1583 525/946/1584 524/1644/1580
f 1439/1646/1585 527/942/1586 525/946/1584
f 1440/1647/1587 522/292/274 527/942/1586
f 1436/342/324 478/889/1588 1438/1645/1583
f 1438/1645/1583 479/886/1589 1439/1646/1585
f 1439/1646/1585 474/885/818 1440/1647/1587
f 1440/1647/1587 469/882/817 1437/286/268
f 596/1031/317 1443/1648/1590 607/1029/958
f 607/1029/958 1444/1649/1591 608/1023/949
f 608/1023/949 1445/1650/1592 598/1019/945
f 598/1019/945 1442/283/265 594/282/264
f 1441/1651/316 622/1040/968 1443/1648/1590
f 1443/1648/1590 616/1036/964 1444/1649/1591
f 1444/1649/1591 615/1034/962 1445/1650/1592
f 1445/1650/1592 612/321/303 1442/283/265
f 1446/308/290 631/1050/977 628/320/302
f 1448/1652/1593 632/1059/985 631/1050/977
f 1449/1653/1594 639/1055/982 632/1059/985
f 1450/1654/1595 629/1056/208 639/1055/982
f 614/1046/973 1448/1652/1593 1446/308/290
f 626/1045/972 1449/1653/1594 1448/1652/1593
f 621/1042/969 1450/1654/1595 1449/1653/1594
f 620/1039/967 1447/1655/206 1450/1654/1595
f 1451/311/293 602/1027/953 595/309/291
f 1453/1656/1596 603/1033/961 602/1027/953
f 1454/1657/1597 609/1030/959 603/1033/961
f 1455/1658/1598 596/1031/317 609/1030/959
f 1451/311/293 643/1063/989 1453/1656/1596
f 1453/1656/1596 638/1057/983 1454/1657/1597
f 1454/1657/1597 637/1054/981 1455/1658/1598
f 1455/1658/1598 629/1056/208 1452/1659/207
f 1456/1660/307 659/1077/1004 648/1079/305
f 1458/1661/1599 660/1069/996 659/1077/1004
f 1459/1662/1600 651/1066/993 660/1069/996
f 1460/1663/1601 646/226/209 651/1066/993
f 665/1090/309 1458/1661/1599 1456/1660/307
f 675/1089/1014 1459/1662/1600 1458/1661/1599
f 668/1093/1017 1460/1663/1601 1459/1662/1600
f 667/1084/1009 1457/227/210 1460/1663/1601
f 684/1112/322 1463/1664/1602 695/1110/1040
f 695/1110/1040 1464/1665/1603 696/1104/1033
f 696/1104/1033 1465/1666/1604 686/1100/1029
f 686/1100/1029 1462/214/197 682/213/196
f 1461/1667/321 661/1078/1005 1463/1664/1602
f 1463/1664/1602 655/1074/1001 1464/1665/1603
f 1464/1665/1603 654/1072/999 1465/1666/1604
f 1465/1666/1604 647/314/296 1462/214/197
f 1466/313/295 690/1108/1037 683/315/297
f 1468/1668/1605 691/1114/1043 690/1108/1037
f 1469/1669/1606 697/1111/1041 691/1114/1043
f 1470/1670/1607 684/1112/322 697/1111/1041
f 1466/313/295 679/1097/1022 1468/1668/1605
f 1468/1668/1605 674/1091/1015 1469/1669/1606
f 1469/1669/1606 673/1088/1013 1470/1670/1607
f 1470/1670/1607 665/1090/309 1467/1671/308
f 1471/333/315 703/1117/1046 700/345/327
f 1473/1672/1608 704/1127/1057 703/1117/1046
f 1474/1673/1609 711/1123/1054 704/1127/1057
f 1475/1674/1610 701/1124/199 711/1123/1054
f 717/1134/1067 1473/1672/1608 1471/333/315
f 722/1133/1066 1474/1673/1609 1473/1672/1608
f 731/1137/1070 1475/1674/1610 1474/1673/1609
f 730/1146/1078 1472/1675/189 1475/1674/1610
f 718/304/286 1478/1676/1611 725/1140/1073
f 725/1140/1073 1479/1677/1612 726/1142/1075
f 726/1142/1075 1480/1678/1613 732/1147/1079
f 732/1147/1079 1477/1679/312 719/1148/187
f 1476/203/186 740/1151/1082 1478/1676/1611
f 1478/1676/1611 747/1155/1086 1479/1677/1612
f 1479/1677/1612 746/1162/1095 1480/1678/1613
f 1480/1678/1613 737/1164/313 1477/1679/312
f 1481/305/287 743/1160/1092 736/306/288
f 1483/1680/1614 744/1166/1099 743/1160/1092
f 1484/1681/1615 748/1163/1096 744/1166/1099
f 1485/1682/1616 737/1164/313 748/1163/1096
f 1481/305/287 715/1129/1059 1483/1680/1614
f 1483/1680/1614 710/1125/1055 1484/1681/1615
f 1484/1681/1615 709/1122/1053 1485/1682/1616
f 1485/1682/1616 701/1124/199 1482/1683/198
f 1486/166/153 428/828/770 425/164/151
f 1488/1684/1617 429/830/1618 428/828/770
f 1489/1685/1619 435/836/778 429/830/1618
f 1490/1686/1620 426/837/779 435/836/778
f 612/321/303 1488/1684/1617 1486/166/153
f 617/1035/963 1489/1685/1619 1488/1684/1617
f 625/1038/966 1490/1686/1620 1489/1685/1619
f 624/1044/971 1487/238/221 1490/1686/1620
f 630/1061/987 1493/1687/1621 642/1064/1622
f 642/1064/990 1494/1688/1623 633/1689/1624
f 633/1049/976 1492/319/301 628/320/302
f 1491/310/292 466/869/808 1493/1687/1621
f 1493/1687/1623 462/874/1625 1494/1688/1623
f 1494/1690/1626 459/318/300 1492/319/301
f 1495/222/205 443/843/1627 440/220/203
f 443/1691/1628 1497/1692/1629 1498/1693/1630
f 443/849/1631 1496/312/294 441/265/247
f 664/341/323 1497/1694/1632 1495/222/205
f 669/1695/1633 1498/1693/1630 1497/1692/1629
f 1498/1693/1634 666/1095/1020 1496/312/294
f 1499/273/255 685/1101/1635 682/213/196
f 1501/1696/1636 692/1697/1637 685/1101/1030
f 1502/1698/1638 683/315/297 692/1107/1036
f 495/909/1559 1501/1696/1639 1499/273/255
f 1501/1696/1636 499/914/1636 1502/1699/1640
f 1502/1699/1640 499/914/1636 503/912/1636
f 503/912/844 1500/270/252 1502/1698/1638
f 507/284/266 1505/1700/1641 516/932/859
f 516/932/859 1506/1701/1642 517/924/1643
f 517/924/1643 1507/1702/1644 510/921/850
f 510/921/850 1504/332/314 505/294/276
f 1503/285/267 727/1141/1074 1505/1700/1641
f 1505/1700/1641 721/1135/1068 1506/1701/1642
f 1506/1701/1642 720/1132/1065 1507/1702/1644
f 1507/1702/1644 717/1134/1067 1504/332/314
f 1508/287/269 713/1130/1060 702/307/289
f 713/1130/1060 1510/1703/1645 714/1120/1061
f 714/1120/1646 1511/1704/1647 705/1116/1648
f 705/1116/1045 1509/343/325 700/345/327
f 469/882/817 1510/1705/1645 1508/287/269
f 1510/1705/1649 475/884/1650 471/877/1650
f 1510/1703/1649 471/875/1650 1511/1704/1647
f 1511/1704/1651 468/344/326 1509/343/325
f 1512/211/194 597/1706/946 594/282/264
f 597/1020/957 1515/1707/1652 604/1026/955
f 604/1026/952 1513/235/218 595/309/291
f 448/852/791 1514/1708/1653 1512/211/194
f 452/1709/1654 1515/1707/1652 1514/1710/1652
f 1515/1707/1655 450/236/219 1513/235/218
f 1516/264/246 491/903/835 482/263/245
f 1518/1711/1656 492/896/1657 491/903/835
f 1519/1712/1658 485/891/826 492/896/1657
f 1520/1713/1659 480/892/827 485/891/826
f 647/314/296 1518/1711/1656 1516/264/246
f 1518/1711/1656 650/1067/994 1519/1712/1658
f 650/1067/994 1520/1713/1659 1519/1712/1658
f 1520/1713/1659 646/226/209 1517/300/282
f 1521/293/275 526/941/1660 522/292/274
f 1523/1714/1661 520/199/182 526/937/1662
f 1521/293/275 745/1159/1091 1523/1715/1663
f 1523/1715/1663 745/1159/1091 739/1153/1664
f 1523/1716/1661 739/1153/1665 738/1152/1083
f 738/1152/1083 1522/1717/1666 1523/1714/1661
f 772/370/349 1526/1718/1667 775/1719/1668
f 775/1719/1668 1527/1720/1669 774/1721/1670
f 774/1722/1671 1528/1723/1672 773/1724/1673
f 1528/1723/1672 771/525/487 773/1724/1673
f 1524/369/348 758/1725/1674 1526/1718/1667
f 1526/1726/1667 759/1727/1675 1527/1728/1669
f 1527/1728/1676 760/1729/1677 1528/1723/1672
f 760/1729/1677 1525/484/450 1528/1723/1672
f 1529/406/383 780/1730/1678 777/353/334
f 1531/1731/1679 779/1732/1680 780/1730/1678
f 1532/1733/1681 778/1734/1682 779/1735/1683
f 778/1734/1682 1530/464/433 776/366/345
f 761/534/496 1531/1731/1679 1529/406/383
f 763/1736/1684 1532/1737/1685 1531/1731/1679
f 764/1738/1686 1533/1739/1687 1532/1733/1681
f 1533/1739/1687 762/363/342 1530/464/433
f 1534/474/442 755/1740/1688 752/348/330
f 1536/1741/1689 754/1742/1690 755/1740/1688
f 1537/1743/1691 753/1744/1692 754/1745/1693
f 753/1744/1692 1535/349/331 751/361/340
f 772/370/349 1536/1741/1689 1534/474/442
f 775/1719/1668 1537/1746/1694 1536/1741/1689
f 774/1722/1671 1538/1747/1695 1537/1743/1691
f 1538/1747/1695 771/525/487 1535/349/331
f 767/503/466 1541/1748/1696 770/1749/1697
f 770/1749/1697 1542/1750/1698 769/1751/1699
f 769/1751/1700 1543/1752/1701 768/1753/1702
f 1543/1754/1701 766/355/335 768/1755/1702
f 1539/371/350 780/1730/1678 1541/1748/1696
f 1541/1748/1696 779/1732/1680 1542/1750/1698
f 1542/1756/1703 778/1734/1682 1543/1754/1701
f 778/1734/1682 1540/368/347 1543/1754/1701
f 782/504/467 1546/1757/1704 785/1758/1705
f 785/1758/1705 1547/1759/1706 784/1760/1707
f 784/1760/1708 1548/1761/1709 783/1762/1710
f 1548/1763/1709 781/374/352 783/1764/1710
f 1544/498/462 770/1749/1697 1546/1757/1704
f 1546/1757/1704 769/1751/1699 1547/1759/1706
f 1547/1759/1711 768/1753/1702 1548/1761/1709
f 768/1755/1702 1545/357/337 1548/1763/1709
f 756/360/339 1551/1765/1712 758/1725/1674
f 758/1766/1674 1552/1767/1713 759/1727/1675
f 759/1727/1714 1553/1768/1715 760/1729/1677
f 1553/1768/1715 757/380/358 760/1729/1677
f 1549/359/338 788/1769/1716 1551/1765/1712
f 1551/1770/1712 789/1771/1717 1552/1767/1713
f 1552/1767/1718 790/1772/1719 1553/1768/1715
f 790/1772/1719 1550/378/356 1553/1768/1715
f 786/389/366 1556/1773/1720 788/1769/1716
f 788/1774/1716 1557/1775/1721 789/1771/1717
f 789/1771/1722 1558/1776/1723 790/1772/1719
f 1558/1776/1723 787/377/355 790/1772/1719
f 1554/398/375 798/1777/1724 1556/1773/1720
f 1556/1778/1720 799/1779/1725 1557/1775/1721
f 1557/1775/1726 800/1780/1727 1558/1776/1723
f 800/1780/1727 1555/375/353 1558/1776/1723
f 792/535/497 1561/1781/1728 795/1782/1729
f 795/1782/1729 1562/1783/1730 794/1784/1731
f 794/1784/1732 1563/1785/1733 793/1786/1734
f 1563/1787/1733 791/384/362 793/1788/1734
f 1559/528/490 785/1758/1705 1561/1781/1728
f 1561/1781/1728 784/1760/1707 1562/1783/1730
f 1562/1783/1735 783/1762/1710 1563/1785/1733
f 783/1764/1710 1560/382/360 1563/1787/1733
f 1564/515/477 823/1789/1736 820/513/475
f 1566/1790/1737 822/1791/1738 823/1789/1736
f 1567/1792/1739 821/1793/1740 822/1791/1738
f 1568/1794/1741 819/394/371 821/1795/1740
f 802/1176/1109 1566/1790/1737 1564/515/477
f 812/1175/1108 1567/1792/1739 1566/1790/1737
f 805/1179/1112 1568/1796/1741 1567/1792/1739
f 804/1170/1103 1565/1797/444 1568/1796/1741
f 796/397/374 1571/1798/1742 798/1777/1724
f 798/1799/1724 1572/1800/1743 799/1779/1725
f 799/1779/1744 1573/1801/1745 800/1780/1727
f 800/1780/1727 1570/385/363 797/387/365
f 1569/497/461 823/1789/1736 1571/1798/1742
f 1571/1802/1746 822/1803/1738 1572/1800/1743
f 1572/1800/1747 821/1795/1740 1573/1801/1745
f 821/1795/1740 1570/385/363 1573/1801/1745
f 802/1176/1109 1576/1804/1748 810/1174/1107
f 810/1174/1107 1577/1805/1749 811/1177/1110
f 811/1177/1119 1578/1806/1750 816/1185/1115
f 816/1182/1115 1575/391/368 803/393/370
f 1574/514/476 795/1782/1729 1576/1804/1748
f 1576/1804/1748 794/1784/1731 1577/1805/1749
f 1577/1805/1751 793/1786/1734 1578/1806/1750
f 1578/1807/1750 791/384/362 1575/391/368
f 1579/414/390 763/1736/1684 761/534/496
f 1581/1808/1752 764/1809/1753 763/1736/1684
f 1582/1810/1754 765/1811/1755 764/1738/1686
f 765/1811/1755 1580/507/469 762/363/342
f 829/473/441 1581/1808/1752 1579/414/390
f 831/1812/1756 1582/1813/1757 1581/1808/1752
f 832/1814/1758 1583/1815/1759 1582/1810/1754
f 1583/1815/1759 830/403/380 1580/507/469
f 1584/346/328 828/1816/1760 825/522/484
f 1586/1817/1761 827/1818/1762 828/1816/1760
f 1587/1819/1763 826/1820/1764 827/1821/1765
f 826/1820/1764 1585/399/376 824/401/378
f 752/348/330 1586/1817/1761 1584/346/328
f 755/1740/1688 1587/1822/1766 1586/1817/1761
f 754/1745/1693 1588/1823/1767 1587/1819/1763
f 1588/1823/1767 751/361/340 1585/399/376
f 841/1204/1137 1591/1824/1768 852/1202/1135
f 852/1202/1135 1592/1825/1769 853/1193/1126
f 853/1193/1126 1593/1826/1770 843/1189/1122
f 843/1827/1122 1590/465/434 839/521/483
f 1589/488/453 836/1828/1771 1591/1824/1768
f 1591/1824/1768 837/1829/1772 1592/1825/1769
f 1592/1825/1769 838/1830/1773 1593/1826/1770
f 1593/1831/1770 835/409/386 1590/465/434
f 1594/489/454 831/1812/1756 829/473/441
f 1596/1832/1774 832/1833/1775 831/1812/1756
f 1597/1834/1776 833/1835/1777 832/1814/1758
f 1598/1836/1778 830/403/380 833/1835/1777
f 841/1204/1137 1596/1832/1774 1594/489/454
f 854/1203/1136 1597/1837/1779 1596/1832/1774
f 848/1838/1780 1598/1836/1778 1597/1834/1776
f 847/1839/1131 1595/411/388 1598/1836/1778
f 1599/491/456 836/1828/1771 834/490/455
f 1601/1840/1781 837/1829/1772 836/1828/1771
f 1602/1841/1782 838/1842/1773 837/1843/1772
f 838/1842/1773 1600/407/384 835/409/386
f 825/522/484 1601/1840/1781 1599/491/456
f 828/1816/1760 1602/1844/1783 1601/1840/1781
f 827/1821/1765 1603/1845/1784 1602/1841/1782
f 826/1820/1764 1600/407/384 1603/1845/1784
f 1604/487/452 881/1846/1785 878/416/391
f 1606/1847/1786 880/1848/1787 881/1846/1785
f 1607/1849/1788 879/1850/1789 880/1848/1787
f 1608/1851/1790 877/533/495 879/1850/1789
f 862/436/410 1606/1847/1786 1604/487/452
f 864/1852/1791 1607/1849/1788 1606/1847/1786
f 865/1853/1792 1608/1851/1790 1607/1849/1788
f 866/1854/1793 1605/532/494 1608/1851/1790
f 883/430/404 1611/1855/1794 886/1856/1795
f 886/1856/1795 1612/1857/1796 885/1858/1797
f 885/1858/1797 1613/1859/1798 884/1860/1799
f 884/1860/1799 1610/468/437 882/471/440
f 1609/429/403 869/1861/1800 1611/1855/1794
f 1611/1855/1794 870/1862/1801 1612/1857/1796
f 1612/1857/1796 871/1863/1802 1613/1859/1798
f 1613/1859/1798 868/469/438 1610/468/437
f 858/426/400 1616/1864/1803 861/1865/1804
f 861/1865/1804 1617/1866/1805 860/1867/1806
f 860/1867/1806 1618/1868/1807 859/1869/1808
f 859/1869/1808 1615/485/451 857/451/423
f 1614/417/392 881/1846/1785 1616/1864/1803
f 1616/1864/1803 880/1848/1787 1617/1866/1805
f 1617/1866/1805 879/1850/1789 1618/1868/1807
f 1618/1868/1807 877/533/495 1615/485/451
f 1619/431/405 876/1870/1809 873/470/439
f 1621/1871/1810 875/1872/1811 876/1870/1809
f 1622/1873/1812 874/1874/1813 875/1872/1811
f 1623/1875/1814 872/526/488 874/1874/1813
f 883/430/404 1621/1871/1810 1619/431/405
f 886/1856/1795 1622/1873/1812 1621/1871/1810
f 885/1858/1797 1623/1875/1814 1622/1873/1812
f 884/1860/1799 1620/506/468 1623/1875/1814
f 1624/422/397 891/1876/1815 888/500/463
f 1626/1877/1816 890/1878/1817 891/1876/1815
f 1627/1879/1818 889/1880/1819 890/1878/1817
f 1628/1881/1820 887/423/398 889/1880/1819
f 873/470/439 1626/1877/1816 1624/422/397
f 876/1870/1809 1627/1879/1818 1626/1877/1816
f 875/1872/1811 1628/1881/1820 1627/1879/1818
f 874/1874/1813 1625/439/413 1628/1881/1820
f 1629/437/411 864/1852/1791 862/436/410
f 1631/1882/1821 865/1853/1792 864/1852/1791
f 1632/1883/1822 866/1854/1793 865/1853/1792
f 1633/1884/1823 863/531/493 866/1854/1793
f 892/442/415 1631/1882/1821 1629/437/411
f 894/1885/1824 1632/1883/1822 1631/1882/1821
f 895/1886/1825 1633/1884/1823 1632/1883/1822
f 896/1887/1826 1630/419/394 1633/1884/1823
f 1634/443/416 894/1885/1824 892/442/415
f 1636/1888/1827 895/1886/1825 894/1885/1824
f 1637/1889/1828 896/1887/1826 895/1886/1825
f 1638/1890/1829 893/483/449 896/1887/1826
f 902/447/419 1636/1888/1827 1634/443/416
f 904/1891/1830 1637/1889/1828 1636/1888/1827
f 905/1892/1831 1638/1890/1829 1637/1889/1828
f 906/1893/1832 1635/527/489 1638/1890/1829
f 1639/438/412 901/1894/1833 898/529/491
f 1641/1895/1834 900/1896/1835 901/1894/1833
f 1642/1897/1836 899/1898/1837 900/1896/1835
f 1643/1899/1838 897/446/418 899/1898/1837
f 888/500/463 1641/1895/1834 1639/438/412
f 891/1876/1815 1642/1897/1836 1641/1895/1834
f 890/1878/1817 1643/1899/1838 1642/1897/1836
f 889/1880/1819 1640/425/399 1643/1899/1838
f 925/530/492 1646/1900/1839 928/1901/1840
f 928/1901/1840 1647/1902/1841 927/1903/1842
f 927/1903/1842 1648/1904/1843 926/1905/1844
f 926/1905/1844 1645/517/479 924/519/481
f 1644/482/448 911/1208/1142 1646/1900/1839
f 1646/1900/1839 920/1212/1146 1647/1902/1841
f 1647/1902/1841 919/1218/1154 1648/1904/1843
f 1648/1904/1843 909/518/480 1645/517/479
f 1649/449/421 904/1891/1830 902/447/419
f 1651/1906/1845 905/1892/1831 904/1891/1830
f 1652/1907/1846 906/1893/1832 905/1892/1831
f 1653/1908/1847 903/524/486 906/1893/1832
f 925/530/492 1651/1906/1845 1649/449/421
f 928/1901/1840 1652/1907/1846 1651/1906/1845
f 927/1903/1842 1653/1908/1847 1652/1907/1846
f 926/1905/1844 1650/501/464 1653/1908/1847
f 1654/444/417 915/1216/1150 908/450/422
f 1656/1909/1848 916/1221/1157 915/1216/1150
f 1657/1910/1849 921/1219/1155 916/1221/1157
f 1658/1911/1850 909/518/480 921/1219/1155
f 898/529/491 1656/1909/1848 1654/444/417
f 901/1894/1833 1657/1910/1849 1656/1909/1848
f 900/1896/1835 1658/1911/1850 1657/1910/1849
f 899/1898/1837 1655/516/478 1658/1911/1850
f 867/433/407 1661/1912/1851 869/1861/1800
f 869/1861/1800 1662/1913/1852 870/1862/1801
f 870/1862/1801 1663/1914/1853 871/1863/1802
f 871/1863/1802 1660/511/473 868/469/438
f 1659/454/424 936/1915/1854 1661/1912/1851
f 1661/1912/1851 937/1916/1855 1662/1913/1852
f 1662/1913/1852 938/1917/1856 1663/1914/1853
f 1663/1914/1853 935/475/443 1660/511/473
f 930/456/426 1666/1918/1857 933/1919/1858
f 933/1919/1858 1667/1920/1859 932/1921/1860
f 932/1921/1860 1668/1922/1861 931/1923/1862
f 931/1923/1862 1665/460/429 929/459/428
f 1664/427/401 861/1865/1804 1666/1918/1857
f 1666/1918/1857 860/1867/1806 1667/1920/1859
f 1667/1920/1859 859/1869/1808 1668/1922/1861
f 1668/1922/1861 857/451/423 1665/460/429
f 1669/467/436 947/1224/1161 944/523/485
f 1671/1924/1863 948/1233/1171 947/1224/1161
f 1672/1925/1864 954/1229/1167 948/1233/1171
f 1673/1926/1865 945/1230/1168 954/1229/1167
f 939/463/432 1671/1924/1863 1669/467/436
f 941/1927/1866 1672/1925/1864 1671/1924/1863
f 942/1928/1867 1673/1926/1865 1672/1925/1864
f 943/1929/1868 1670/495/460 1673/1926/1865
f 934/455/425 1676/1930/1869 936/1915/1854
f 936/1915/1854 1677/1931/1870 937/1916/1855
f 937/1916/1855 1678/1932/1871 938/1917/1856
f 938/1917/1856 1675/494/459 935/475/443
f 1674/461/430 958/1236/1175 1676/1930/1869
f 1676/1930/1869 953/1231/1169 1677/1931/1870
f 1677/1931/1870 952/1228/1166 1678/1932/1871
f 1678/1932/1871 945/1230/1168 1675/494/459
f 939/463/432 1681/1933/1872 941/1927/1866
f 941/1927/1866 1682/1934/1873 942/1928/1867
f 942/1928/1867 1683/1935/1874 943/1929/1868
f 943/1929/1868 1680/493/458 940/492/457
f 1679/457/427 933/1919/1858 1681/1933/1872
f 1681/1933/1872 932/1921/1860 1682/1934/1873
f 1682/1934/1873 931/1923/1862 1683/1935/1874
f 1683/1935/1874 929/459/428 1680/493/458
f 946/462/431 1686/1936/1875 957/1937/1176
f 957/1223/1876 1685/520/482 944/523/485
f 1684/412/389 849/1197/1877 1686/1936/1875
f 1686/1938/1878 849/1939/1878 842/1940/1878
f 1686/1941/1879 839/521/483 1685/520/482
f 1687/392/369 815/1183/1880 803/393/370
f 815/1183/1881 1689/1942/1881 806/1943/1881
f 1689/1944/1882 801/1167/1100 806/1169/1102
f 908/450/422 1689/1945/1883 1687/392/369
f 910/1946/1143 1688/1947/445 1689/1944/1882
f 982/557/516 1692/1948/1884 985/1949/1885
f 985/1949/1885 1693/1950/1886 984/1951/1887
f 984/1951/1888 1694/1952/1889 983/1953/1890
f 1694/1954/1889 981/711/657 983/1955/1890
f 1690/556/515 968/1956/1891 1692/1948/1884
f 1692/1948/1884 969/1957/1892 1693/1950/1886
f 1693/1950/1893 970/1958/1894 1694/1952/1889
f 970/1959/1894 1691/673/620 1694/1954/1889
f 1695/593/550 990/1960/1895 987/540/501
f 1697/1961/1896 989/1962/1897 990/1960/1895
f 1698/1963/1898 988/1964/1899 989/1962/1900
f 988/1965/1899 1696/651/603 986/553/512
f 971/722/668 1697/1961/1896 1695/593/550
f 973/1966/1901 1698/1963/1902 1697/1961/1896
f 974/1967/1903 1699/1968/1904 1698/1963/1898
f 1699/1969/1904 972/550/509 1696/651/603
f 1700/663/612 965/1970/1905 962/510/472
f 1702/1971/1906 964/1972/1907 965/1970/1905
f 1703/1973/1908 963/1974/1909 964/1972/1910
f 963/1975/1909 1701/536/498 961/548/507
f 982/557/516 1702/1971/1906 1700/663/612
f 985/1949/1885 1703/1973/1911 1702/1971/1906
f 984/1951/1888 1704/1976/1912 1703/1973/1908
f 1704/1977/1912 981/711/657 1701/536/498
f 977/692/638 1707/1978/1913 980/1979/1914
f 980/1979/1914 1708/1980/1915 979/1981/1916
f 979/1981/1917 1709/1982/1918 978/1983/1919
f 1709/1984/1918 976/542/502 978/1985/1919
f 1705/558/517 990/1960/1895 1707/1978/1913
f 1707/1978/1913 989/1962/1897 1708/1980/1915
f 1708/1980/1920 988/1964/1899 1709/1982/1918
f 988/1965/1899 1706/555/514 1709/1984/1918
f 992/693/639 1712/1986/1921 995/1987/1922
f 995/1987/1922 1713/1988/1923 994/1989/1924
f 994/1990/1925 1714/1991/1926 993/1992/1927
f 1714/1991/1926 991/561/519 993/1992/1927
f 1710/687/633 980/1979/1914 1712/1986/1921
f 1712/1986/1921 979/1981/1916 1713/1988/1923
f 1713/1993/1928 978/1985/1919 1714/1991/1926
f 978/1985/1919 1711/544/504 1714/1991/1926
f 966/547/506 1717/1994/1929 968/1956/1891
f 968/1956/1891 1718/1995/1930 969/1957/1892
f 969/1957/1931 1719/1996/1932 970/1958/1894
f 1719/1997/1932 967/567/525 970/1959/1894
f 1715/546/505 998/1998/1933 1717/1994/1929
f 1717/1994/1929 999/1999/1934 1718/1995/1930
f 1718/1995/1935 1000/2000/1936 1719/1996/1932
f 1000/2001/1936 1716/565/523 1719/1997/1932
f 996/576/533 1722/2002/1937 998/1998/1933
f 998/1998/1933 1723/2003/1938 999/1999/1934
f 999/1999/1939 1724/2004/1940 1000/2000/1936
f 1724/2005/1940 997/564/522 1000/2001/1936
f 1720/585/542 1008/2006/1941 1722/2002/1937
f 1722/2002/1937 1009/2007/1942 1723/2003/1938
f 1723/2003/1943 1010/2008/1944 1724/2004/1940
f 1010/2009/1944 1721/562/520 1724/2005/1940
f 1002/723/669 1727/2010/1945 1005/2011/1946
f 1005/2011/1946 1728/2012/1947 1004/2013/1948
f 1004/2014/1949 1729/2015/1950 1003/2016/1951
f 1003/2016/1951 1726/569/527 1001/571/529
f 1725/716/662 995/1987/1922 1727/2010/1945
f 1727/2010/1945 994/1989/1924 1728/2012/1947
f 1728/2017/1952 993/1992/1927 1729/2015/1950
f 993/1992/1927 1726/569/527 1729/2015/1950
f 1730/701/647 1042/1273/1214 1031/699/645
f 1732/2018/1953 1043/2019/1954 1042/1273/1214
f 1733/2020/1955 1034/2021/1201 1043/2019/1204
f 1734/2022/1956 1029/715/661 1034/1259/1201
f 1012/1248/1189 1732/2018/1953 1730/701/647
f 1022/1247/1188 1733/2020/1955 1732/2018/1953
f 1015/1251/1192 1734/2023/1956 1733/2020/1955
f 1014/1241/1182 1731/2024/614 1734/2023/1956
f 1006/584/541 1737/2025/1957 1008/2006/1941
f 1008/2006/1941 1738/2026/1958 1009/2007/1942
f 1009/2007/1959 1739/2027/1960 1010/2008/1944
f 1010/2009/1944 1736/572/530 1007/574/532
f 1735/686/632 1044/1272/1213 1737/2025/1957
f 1737/2025/1961 1038/1276/1217 1738/2026/1958
f 1738/2026/1962 1037/2028/1207 1739/2027/1960
f 1739/2029/1960 1030/581/538 1736/572/530
f 1012/1248/1189 1742/2030/1963 1020/1246/1187
f 1020/1246/1187 1743/2031/1964 1021/1249/1190
f 1021/1257/1190 1744/2032/1965 1026/1254/1195
f 1026/1254/1195 1741/578/535 1013/580/537
f 1740/700/646 1005/2011/1946 1742/2030/1963
f 1742/2030/1963 1004/2013/1948 1743/2031/1964
f 1743/2033/1964 1003/2016/1951 1744/2032/1965
f 1744/2032/1965 1001/571/529 1741/578/535
f 1745/601/558 973/1966/1901 971/722/668
f 1747/2034/1966 974/1967/1967 973/1966/1901
f 1748/2035/1968 975/2036/1969 974/1967/1903
f 975/2037/1969 1746/696/642 972/550/509
f 1052/662/611 1747/2034/1966 1745/601/558
f 1054/2038/1970 1748/2035/1971 1747/2034/1966
f 1055/2039/1972 1749/2040/1973 1748/2035/1968
f 1749/2041/1973 1053/590/547 1746/696/642
f 1750/508/470 1051/2042/1974 1048/708/654
f 1752/2043/1975 1050/2044/1976 1051/2042/1974
f 1753/2045/1977 1049/2046/1978 1050/2044/1979
f 1049/2047/1978 1751/586/543 1047/588/545
f 962/510/472 1752/2043/1975 1750/508/470
f 965/1970/1905 1753/2045/1980 1752/2043/1975
f 964/1972/1910 1754/2048/1981 1753/2045/1977
f 1754/2049/1981 961/548/507 1751/586/543
f 1064/1292/1237 1757/2050/1982 1075/1290/1235
f 1075/1290/1235 1758/2051/1983 1076/1283/1224
f 1076/1283/1224 1759/2052/1984 1066/1279/1220
f 1066/1279/1220 1756/652/604 1062/707/653
f 1755/677/623 1059/2053/1985 1757/2050/1982
f 1757/2050/1982 1060/2054/1986 1758/2051/1983
f 1758/2051/1983 1061/2055/1987 1759/2052/1984
f 1759/2052/1984 1058/2056/553 1756/652/604
f 1760/678/624 1054/2038/1970 1052/662/611
f 1762/2057/1988 1055/2039/1989 1054/2038/1970
f 1763/2058/1990 1056/2059/1991 1055/2039/1972
f 1764/2060/1992 1053/590/547 1056/2061/1991
f 1064/1292/1237 1762/2057/1988 1760/678/624
f 1077/1291/1236 1763/2058/1993 1762/2057/1988
f 1071/1294/1994 1764/2062/1992 1763/2058/1990
f 1070/2063/1229 1761/598/555 1764/2060/1992
f 1765/680/626 1059/2053/1985 1057/679/625
f 1767/2064/1995 1060/2054/1986 1059/2053/1985
f 1768/2065/1996 1061/2055/1987 1060/2054/1986
f 1061/2066/1987 1766/594/551 1058/596/553
f 1048/708/654 1767/2064/1995 1765/680/626
f 1051/2042/1974 1768/2065/1997 1767/2064/1995
f 1050/2044/1979 1769/2067/1998 1768/2065/1996
f 1049/2047/1978 1766/594/551 1769/2068/1998
f 1770/676/622 1104/2069/1999 1101/603/559
f 1772/2070/2000 1103/2071/2001 1104/2069/1999
f 1773/2072/2002 1102/2073/2003 1103/2071/2001
f 1774/2074/2004 1100/721/667 1102/2073/2003
f 1085/623/578 1772/2070/2000 1770/676/622
f 1087/2075/2005 1773/2072/2002 1772/2070/2000
f 1088/2076/2006 1774/2074/2004 1773/2072/2002
f 1089/2077/2007 1771/720/666 1774/2074/2004
f 1106/617/572 1777/2078/2008 1109/2079/2009
f 1109/2079/2009 1778/2080/2010 1108/2081/2011
f 1108/2081/2011 1779/2082/2012 1107/2083/2013
f 1107/2083/2013 1776/657/607 1105/660/610
f 1775/616/571 1092/2084/2014 1777/2078/2008
f 1777/2078/2008 1093/2085/2015 1778/2080/2010
f 1778/2080/2010 1094/2086/2016 1779/2082/2012
f 1779/2082/2012 1091/658/608 1776/657/607
f 1081/613/568 1782/2087/2017 1084/2088/2018
f 1084/2088/2018 1783/2089/2019 1083/2090/2020
f 1083/2090/2020 1784/2091/2021 1082/2092/2022
f 1082/2092/2022 1781/674/621 1080/638/593
f 1780/604/560 1104/2069/1999 1782/2087/2017
f 1782/2087/2017 1103/2071/2001 1783/2089/2019
f 1783/2089/2019 1102/2073/2003 1784/2091/2021
f 1784/2091/2021 1100/721/667 1781/674/621
f 1785/618/573 1099/2093/2023 1096/659/609
f 1787/2094/2024 1098/2095/2025 1099/2093/2023
f 1788/2096/2026 1097/2097/2027 1098/2095/2025
f 1789/2098/2028 1095/712/658 1097/2097/2027
f 1106/617/572 1787/2094/2024 1785/618/573
f 1109/2079/2009 1788/2096/2026 1787/2094/2024
f 1108/2081/2011 1789/2098/2028 1788/2096/2026
f 1107/2083/2013 1786/695/641 1789/2098/2028
f 1790/609/564 1114/2099/2029 1111/689/635
f 1792/2100/2030 1113/2101/2031 1114/2099/2029
f 1793/2102/2032 1112/2103/2033 1113/2101/2031
f 1794/2104/2034 1110/610/565 1112/2103/2033
f 1096/659/609 1792/2100/2030 1790/609/564
f 1099/2093/2023 1793/2102/2032 1792/2100/2030
f 1098/2095/2025 1794/2104/2034 1793/2102/2032
f 1097/2097/2027 1791/626/581 1794/2104/2034
f 1795/624/579 1087/2075/2005 1085/623/578
f 1797/2105/2035 1088/2076/2006 1087/2075/2005
f 1798/2106/2036 1089/2077/2007 1088/2076/2006
f 1799/2107/2037 1086/719/665 1089/2077/2007
f 1115/629/584 1797/2105/2035 1795/624/579
f 1117/2108/2038 1798/2106/2036 1797/2105/2035
f 1118/2109/2039 1799/2107/2037 1798/2106/2036
f 1119/2110/2040 1796/606/562 1799/2107/2037
f 1800/630/585 1117/2108/2038 1115/629/584
f 1802/2111/2041 1118/2109/2039 1117/2108/2038
f 1803/2112/2042 1119/2110/2040 1118/2109/2039
f 1804/2113/2043 1116/672/619 1119/2110/2040
f 1125/634/589 1802/2111/2041 1800/630/585
f 1127/2114/2044 1803/2112/2042 1802/2111/2041
f 1128/2115/2045 1804/2113/2043 1803/2112/2042
f 1129/2116/2046 1801/713/659 1804/2113/2043
f 1805/625/580 1124/2117/2047 1121/717/663
f 1807/2118/2048 1123/2119/2049 1124/2117/2047
f 1808/2120/2050 1122/2121/2051 1123/2119/2049
f 1809/2122/2052 1120/633/588 1122/2121/2051
f 1111/689/635 1807/2118/2048 1805/625/580
f 1114/2099/2029 1808/2120/2050 1807/2118/2048
f 1113/2101/2031 1809/2122/2052 1808/2120/2050
f 1112/2103/2033 1806/612/567 1809/2122/2052
f 1147/718/664 1812/2123/2053 1150/1310/1259
f 1150/1310/1259 1813/2124/2054 1151/1312/1261
f 1151/1312/1261 1814/2125/2055 1158/1318/1267
f 1158/1318/1267 1811/703/649 1148/705/651
f 1810/671/618 1133/1296/1242 1812/2123/2053
f 1812/2123/2053 1143/1300/1246 1813/2124/2054
f 1813/2124/2054 1142/1306/1254 1814/2125/2055
f 1814/2125/2055 1132/704/650 1811/703/649
f 1815/636/591 1127/2114/2044 1125/634/589
f 1817/2126/2056 1128/2115/2045 1127/2114/2044
f 1818/2127/2057 1129/2116/2046 1128/2115/2045
f 1819/2128/2058 1126/710/656 1129/2116/2046
f 1149/1324/1273 1817/2126/2056 1815/636/591
f 1163/1323/1272 1818/2127/2057 1817/2126/2056
f 1157/1326/1275 1819/2128/2058 1818/2127/2057
f 1156/1317/1266 1816/690/636 1819/2128/2058
f 1820/631/586 1137/1304/1250 1131/637/592
f 1822/2129/2059 1138/1309/1257 1137/1304/1250
f 1823/2130/2060 1144/1307/1255 1138/1309/1257
f 1824/2131/2061 1132/704/650 1144/1307/1255
f 1121/717/663 1822/2129/2059 1820/631/586
f 1124/2117/2047 1823/2130/2060 1822/2129/2059
f 1123/2119/2049 1824/2131/2061 1823/2130/2060
f 1122/2121/2051 1821/702/648 1824/2131/2061
f 1090/620/575 1827/2132/2062 1092/2084/2014
f 1092/2084/2014 1828/2133/2063 1093/2085/2015
f 1093/2085/2015 1829/2134/2064 1094/2086/2016
f 1094/2086/2016 1826/697/643 1091/658/608
f 1825/641/594 1173/2135/2065 1827/2132/2062
f 1827/2132/2062 1174/2136/2066 1828/2133/2063
f 1828/2133/2063 1175/2137/2067 1829/2134/2064
f 1829/2134/2064 1172/664/613 1826/697/643
f 1167/643/596 1832/2138/2068 1170/2139/2069
f 1170/2139/2069 1833/2140/2070 1169/2141/2071
f 1169/2141/2071 1834/2142/2072 1168/2143/2073
f 1168/2143/2073 1831/647/599 1166/646/598
f 1830/614/569 1084/2088/2018 1832/2138/2068
f 1832/2138/2068 1083/2090/2020 1833/2140/2070
f 1833/2140/2070 1082/2092/2022 1834/2142/2072
f 1834/2142/2072 1080/638/593 1831/647/599
f 1835/656/606 1184/1329/1278 1181/709/655
f 1837/2144/2074 1185/2145/1287 1184/1329/1278
f 1838/2146/2075 1192/1334/1283 1185/1338/1287
f 1839/2147/2076 1182/1335/1284 1192/1334/1283
f 1176/655/602 1837/2144/2074 1835/656/606
f 1178/2148/2077 1838/2146/2075 1837/2149/2074
f 1179/2150/2078 1839/2147/2076 1838/2146/2075
f 1180/2151/2079 1836/684/630 1839/2147/2076
f 1171/642/595 1842/2152/2080 1173/2135/2065
f 1173/2135/2065 1843/2153/2081 1174/2136/2066
f 1174/2136/2066 1844/2154/2082 1175/2137/2067
f 1175/2137/2067 1841/683/629 1172/664/613
f 1840/648/600 1195/1342/1291 1842/2152/2080
f 1842/2152/2080 1191/1336/1285 1843/2153/2081
f 1843/2153/2081 1190/1333/1282 1844/2154/2082
f 1844/2154/2082 1182/1335/1284 1841/683/629
f 1176/650/602 1847/2155/2083 1178/2148/2077
f 1178/2148/2077 1848/2156/2084 1179/2150/2078
f 1179/2150/2078 1849/2157/2085 1180/2151/2079
f 1180/2151/2079 1846/682/628 1177/681/627
f 1845/644/597 1170/2139/2069 1847/2155/2083
f 1847/2155/2083 1169/2141/2071 1848/2156/2084
f 1848/2156/2084 1168/2143/2073 1849/2157/2085
f 1849/2157/2085 1166/646/598 1846/682/628
f 1183/649/601 1852/2158/2086 1186/2159/1292
f 1186/1328/1277 1851/706/652 1181/709/655
f 1850/599/556 1072/2160/2087 1852/2158/2086
f 1852/2158/2088 1072/2160/2088 1065/2161/2088
f 1852/2162/2089 1062/707/653 1851/706/652
f 1853/579/536 1025/2163/1196 1013/580/537
f 1025/2163/2090 1855/2164/2091 1856/2165/2092
f 1025/1244/2090 1856/2166/2092 1016/1240/2093
f 1856/2167/2094 1011/2168/1179 1016/2169/1181
f 1131/637/592 1855/2164/2095 1853/579/536
f 1855/2164/2091 1139/1297/2092 1856/2165/2092
f 1139/2170/1243 1854/668/615 1856/2167/2094
f 1149/1324/1273 1859/2171/2096 1161/1322/1271
f 1161/1322/1271 1860/2172/2097 1162/1314/1263
f 1162/1314/1263 1861/2173/2098 1152/1311/1260
f 1152/1311/1260 1858/714/660 1147/718/664
f 1857/635/590 1039/1266/1208 1859/2171/2096
f 1859/2171/2096 1033/1260/1202 1860/2172/2097
f 1860/2172/2097 1032/1258/1200 1861/2173/2098
f 1861/2173/2098 1029/715/661 1858/714/660
f 527/945/866 523/944/862 1862/940/2099
f 501/1629/2100 502/2174/2100 1865/1627/2101
f 446/1624/1558 445/847/2102 447/2175/1570
f 524/1642/1580 525/2176/1584 1866/1643/2103
f 200/954/876 528/250/232 533/1601/878
f 540/960/874 200/954/876 535/2177/884
f 470/196/179 1436/342/324 128/197/180
f 719/204/187 1477/330/312 129/205/188
f 496/207/190 31/233/216 125/208/191
f 136/212/195 1499/273/255 682/213/196
f 1472/206/189 129/205/188 1482/215/198
f 440/220/203 1411/299/281 133/221/204
f 133/221/204 1517/300/282 646/226/209
f 30/230/213 125/208/191 1393/231/214
f 31/233/216 529/301/283 1393/231/214
f 32/240/223 560/303/285 1376/241/224
f 33/198/181 128/197/180 1382/243/225
f 528/250/232 1388/290/272 119/251/233
f 29/253/235 123/278/260 1375/254/236
f 470/196/179 33/198/181 126/256/238
f 33/198/181 541/244/226 1371/262/244
f 482/263/245 1416/272/254 136/212/195
f 441/265/247 1496/312/294 117/266/248
f 34/268/250 579/269/251 1382/243/225
f 34/268/250 127/242/188 1376/241/224
f 1422/267/249 117/266/248 1500/270/252
f 1416/272/254 495/909/1559 1499/273/255
f 442/277/259 30/230/213 123/278/260
f 506/280/262 1426/257/239 126/256/238
f 505/294/276 1504/332/314 116/295/277
f 29/253/235 559/255/237 1383/297/279
f 30/230/213 577/232/215 1375/254/236
f 1411/299/281 480/892/827 1517/300/282
f 31/233/216 124/298/280 1383/297/279
f 1392/252/234 119/251/233 1380/289/271
f 32/240/223 126/256/238 1371/262/244
f 1496/312/294 666/1095/1020 1466/313/295
f 1516/264/246 136/212/195 1462/214/197
f 117/266/248 1466/313/295 683/315/297
f 442/277/259 1421/209/192 125/208/191
f 481/322/304 1412/279/261 123/278/260
f 648/323/305 1461/339/321 131/324/306
f 1456/325/307 131/324/306 1467/326/308
f 506/280/262 32/240/223 127/242/188
f 521/329/311 1431/328/310 127/242/188
f 1482/215/198 129/205/188 1477/330/312
f 1504/332/314 717/1134/1067 1471/333/315
f 481/322/304 29/253/235 124/298/280
f 496/207/190 1417/338/320 124/298/280
f 1467/326/308 131/324/306 1461/339/321
f 1495/222/205 133/221/204 1457/227/210
f 521/329/311 34/268/250 128/197/180
f 1427/296/278 116/295/277 1509/343/325
f 116/295/277 1471/333/315 700/345/327
f 766/355/335 58/421/396 164/356/336
f 762/363/342 1580/507/469 152/364/343
f 776/366/345 49/428/402 159/367/346
f 1545/357/337 164/356/336 56/373/351
f 781/374/352 56/373/351 158/381/359
f 1560/382/360 158/381/359 57/383/361
f 791/384/362 57/383/361 165/390/367
f 1575/391/368 165/390/367 1687/392/369
f 44/418/393 863/531/493 1630/419/394
f 58/421/396 873/470/439 1624/422/397
f 887/423/398 42/440/393 148/424/395
f 49/428/402 153/432/406 1609/429/403
f 49/428/402 883/430/404 1619/431/405
f 153/432/406 48/365/344 867/433/407
f 167/435/409 1629/437/411 862/436/410
f 56/373/351 888/500/463 1639/438/412
f 1625/439/413 147/420/395 42/440/393
f 57/383/361 898/529/491 1654/444/417
f 1640/425/399 148/424/395 45/445/395
f 163/395/372 1649/449/421 902/447/419
f 59/448/420 925/530/492 1649/449/421
f 165/390/367 1654/444/417 908/450/422
f 857/451/423 1615/485/451 146/452/393
f 48/365/344 152/364/343 1659/454/424
f 152/364/343 47/405/382 934/455/425
f 150/458/393 46/477/393 929/459/428
f 47/405/382 160/404/381 1674/461/430
f 160/404/381 1684/412/389 946/462/431
f 1530/464/433 762/363/342 48/365/344
f 41/453/393 146/452/393 1610/468/437
f 1540/368/347 159/367/346 58/421/396
f 159/367/346 1619/431/405 873/470/439
f 146/452/393 43/486/393 882/471/440
f 935/475/443 1675/494/459 151/476/393
f 147/420/395 1630/419/394 893/483/449
f 776/366/345 1530/464/433 153/432/406
f 1615/485/451 877/533/495 43/486/393
f 151/476/393 1670/495/460 940/492/457
f 1675/494/459 945/1230/1168 1670/495/460
f 164/356/336 1624/422/397 888/500/463
f 45/445/395 903/524/486 1650/501/464
f 145/505/393 1620/506/468 882/471/440
f 44/418/393 872/526/488 1620/506/468
f 1580/507/469 830/403/380 47/405/382
f 41/453/393 150/458/393 1665/460/429
f 1660/511/473 935/475/443 46/477/393
f 1655/516/478 149/502/465 1645/517/479
f 149/502/465 1650/501/464 924/519/481
f 797/387/365 52/386/364 155/441/414
f 46/477/393 151/476/393 1680/493/458
f 148/424/395 1635/527/489 903/524/486
f 872/526/488 44/418/393 147/420/395
f 42/440/393 893/483/449 1635/527/489
f 158/381/359 1639/438/412 898/529/491
f 161/480/446 1644/482/448 925/530/492
f 863/531/493 44/418/393 145/505/393
f 1605/532/494 145/505/393 43/486/393
f 897/446/418 45/445/395 149/502/465
f 868/469/438 1660/511/473 150/458/393
f 976/542/502 84/608/563 194/543/503
f 961/548/507 1701/536/498 186/538/500
f 972/550/509 1746/696/642 182/551/510
f 986/553/512 75/615/570 189/554/513
f 1711/544/504 194/543/503 82/560/518
f 991/561/519 82/560/518 188/568/526
f 1726/569/527 188/568/526 83/570/528
f 1001/571/529 83/570/528 195/577/534
f 1053/590/547 1761/598/555 190/591/548
f 186/538/500 80/537/499 1101/603/559
f 70/605/561 1086/719/665 1796/606/562
f 84/608/563 1096/659/609 1790/609/564
f 1110/610/565 68/627/582 178/611/566
f 184/587/544 76/549/508 1081/613/568
f 75/615/570 183/619/574 1775/616/571
f 75/615/570 1106/617/572 1785/618/573
f 183/619/574 74/552/511 1090/620/575
f 82/560/518 1111/689/635 1805/625/580
f 1791/626/581 177/607/561 68/627/582
f 83/570/528 1121/717/663 1820/631/586
f 1806/612/567 178/611/566 71/632/587
f 195/577/534 1820/631/586 1131/637/592
f 1080/638/593 1781/674/621 176/639/561
f 74/552/511 182/551/510 1825/641/594
f 182/551/510 73/592/549 1171/642/595
f 192/595/552 77/589/546 1167/643/596
f 180/645/561 72/666/561 1166/646/598
f 73/592/549 190/591/548 1840/648/600
f 190/591/548 1850/599/556 1183/649/601
f 81/597/554 192/595/552 1845/644/597
f 1696/651/603 972/550/509 74/552/511
f 67/640/561 176/639/561 1776/657/607
f 1706/555/514 189/554/513 84/608/563
f 189/554/513 1785/618/573 1096/659/609
f 176/639/561 69/675/561 1105/660/610
f 76/549/508 186/538/500 1780/604/560
f 1172/664/613 1841/683/629 181/665/561
f 177/607/561 1796/606/562 1116/672/619
f 967/567/525 85/566/524 196/621/576
f 986/553/512 1696/651/603 183/619/574
f 1781/674/621 1100/721/667 69/675/561
f 85/566/524 1085/623/578 1770/676/622
f 181/665/561 1836/684/630 1177/681/627
f 1841/683/629 1182/1335/1284 1836/684/630
f 194/543/503 1790/609/564 1111/689/635
f 71/632/587 1126/710/656 1816/690/636
f 175/694/640 1786/695/641 1105/660/610
f 70/605/561 1095/712/658 1786/695/641
f 1746/696/642 1053/590/547 73/592/549
f 67/640/561 180/645/561 1831/647/599
f 1826/697/643 1172/664/613 72/666/561
f 1821/702/648 179/691/637 1811/703/649
f 179/691/637 1816/690/636 1148/705/651
f 77/589/546 184/587/544 1830/614/569
f 72/666/561 181/665/561 1846/682/628
f 178/611/566 1801/713/659 1126/710/656
f 1691/673/620 196/621/576 80/537/499
f 1095/712/658 70/605/561 177/607/561
f 68/627/582 1116/672/619 1801/713/659
f 188/568/526 1805/625/580 1121/717/663
f 1086/719/665 70/605/561 175/694/640
f 1771/720/666 175/694/640 69/675/561
f 1120/633/588 71/632/587 179/691/637
f 1091/658/608 1826/697/643 180/645/561
f 1373/1581/1515 1374/1582/1516 545/968/886
f 572/1000/921 560/303/285 1371/262/244
f 1375/254/236 1377/1583/1517 567/993/914
f 568/995/916 1378/1585/1519 1379/1584/1518
f 574/999/920 1379/1584/1518 1376/241/224
f 582/1003/924 590/1006/927 1378/1585/1519
f 590/1006/927 589/1017/941 1379/1584/1518
f 1379/1584/1518 589/1017/941 579/269/251
f 1381/1587/1520 1382/1590/1522 591/1588/1521
f 1381/1587/1520 550/2178/893 544/969/897
f 536/961/880 1385/1591/1524 1386/1592/1525
f 1387/1593/1526 1384/275/257 199/281/263
f 562/988/909 561/986/907 1387/1593/1526
f 1392/252/234 1394/1605/1531 533/1601/878
f 1394/1602/1531 1395/1606/1534 534/964/1532
f 1395/1603/1533 1393/231/214 529/301/283
f 1392/252/234 578/302/284 586/1604/931
f 1394/1602/1531 586/1011/931 581/1004/935
f 1395/1603/1533 580/1002/923 577/232/215
f 480/892/827 1411/299/281 1413/1621/1553
f 484/902/828 1414/1622/1554 1415/1623/1555
f 440/220/203 444/844/2104 1413/1621/1553
f 445/847/1557 446/1624/1558 1415/1623/1555
f 495/909/1559 1416/272/254 1418/1625/1560
f 498/907/1561 1418/1625/1560 1419/1626/1562
f 1865/1627/1563 1419/1626/1562 1420/1628/1564
f 501/1629/1565 1420/1628/1564 1417/338/320
f 482/263/245 493/904/836 1418/1625/1560
f 488/898/832 489/900/834 1420/1628/1564
f 1424/1632/1568 1425/1633/1569 504/913/845
f 1421/209/192 442/277/259 446/1634/1558
f 1424/1632/1568 447/850/1570 444/851/1571
f 1425/1633/1569 444/851/2105 441/265/247
f 1426/257/239 1428/1635/1573 476/888/1572
f 479/2179/820 476/888/1572 477/1637/816
f 476/888/1572 1428/1635/1573 477/1637/816
f 1429/1636/1574 1430/1638/1575 472/876/813
f 1426/257/239 506/280/262 513/930/1576
f 1429/1636/1574 509/931/851 508/920/849
f 1430/1638/1575 508/920/849 505/294/276
f 1436/342/324 1438/1645/1583 524/1644/1580
f 1440/1647/1587 1437/286/268 522/292/274
f 1458/1661/1599 1459/1662/1600 660/1069/996
f 1459/1662/1600 1460/1663/1601 651/1066/993
f 665/1090/309 675/1089/1014 1458/1661/1599
f 667/1084/1009 664/341/323 1457/227/210
f 686/1100/1029 1465/1666/1604 1462/214/197
f 1463/1664/1602 661/1078/1005 655/1074/1001
f 1464/1665/1603 655/1074/1001 654/1072/999
f 1465/1666/1604 654/1072/999 647/314/296
f 1471/333/315 1473/1672/1608 703/1117/1046
f 1475/1674/1610 1472/1675/189 701/1124/199
f 722/1133/1066 731/1137/1070 1474/1673/1609
f 731/1137/1070 730/1146/1078 1475/1674/1610
f 730/1146/1078 719/1148/187 1472/1675/189
f 865/1853/1792 866/1854/1793 1608/1851/1790
f 876/1870/1809 875/1872/1811 1627/1879/1818
f 1636/1888/1827 1637/1889/1828 895/1886/1825
f 927/1903/1842 1647/1902/1841 1648/1904/1843
f 1652/1907/1846 1653/1908/1847 906/1893/1832
f 1658/1911/1850 1655/516/478 909/518/480
f 900/1896/1835 899/1898/1837 1658/1911/1850
f 1659/454/424 934/455/425 936/1915/1854
f 1662/1913/1852 937/1916/1855 938/1917/1856
f 932/1921/1860 1667/1920/1859 1668/1922/1861
f 938/1917/1856 1678/1932/1871 1675/494/459
f 1676/1930/1869 958/1236/1175 953/1231/1169
f 1772/2070/2000 1773/2072/2002 1103/2071/2001
f 1775/616/571 1090/620/575 1092/2084/2014
f 1785/618/573 1787/2094/2024 1099/2093/2023
f 1788/2096/2026 1789/2098/2028 1097/2097/2027
f 1108/2081/2011 1107/2083/2013 1789/2098/2028
f 1790/609/564 1792/2100/2030 1114/2099/2029
f 1793/2102/2032 1794/2104/2034 1112/2103/2033
f 1098/2095/2025 1097/2097/2027 1794/2104/2034
f 1809/2122/2052 1806/612/567 1120/633/588
f 1822/2129/2059 1823/2130/2060 1138/1309/1257
f 1823/2130/2060 1824/2131/2061 1144/1307/1255
f 1121/717/663 1124/2117/2047 1822/2129/2059
f 1124/2117/2047 1123/2119/2049 1823/2130/2060
f 1090/620/575 1825/641/594 1827/2132/2062
f 1828/2133/2063 1174/2136/2066 1175/2137/2067
f 1180/2151/2079 1177/681/627 1836/684/630
f 1173/2135/2065 1842/2152/2080 1843/2153/2081
f 1258/1/1 91/70/66 1/2/2
f 1209/4/4 222/183/168 20/5/5
f 87/7/7 1203/61/57 228/8/8
f 217/10/9 23/76/71 112/11/10
f 4/13/12 88/43/7 1223/14/13
f 202/16/15 1209/4/4 104/6/6
f 213/18/17 1254/163/150 100/19/18
f 227/21/20 15/83/77 107/22/21
f 3/9/7 86/27/7 1198/24/23
f 1213/26/25 218/159/147 4/13/12
f 1219/12/11 112/11/10 21/28/26
f 1229/30/28 103/96/89 19/31/29
f 1224/33/31 115/90/84 25/34/32
f 232/29/27 21/28/26 106/36/34
f 1234/37/35 106/36/34 22/38/36
f 1244/40/38 111/50/47 18/41/39
f 88/43/7 2/155/7 237/44/41
f 242/39/37 22/38/36 113/45/42
f 1249/46/43 113/45/42 1367/47/44
f 270/49/46 24/103/95 111/50/47
f 89/51/7 5/152/7 247/52/48
f 1259/54/50 202/16/15 16/17/16
f 275/56/52 1259/54/50 102/55/51
f 281/58/54 1269/66/62 108/59/55
f 1/2/2 212/194/177 1203/61/57
f 1274/62/58 275/56/52 17/57/53
f 287/64/60 1274/62/58 110/63/59
f 1269/66/62 304/774/717 1364/67/63
f 6/68/64 280/129/120 1253/69/65
f 104/6/6 20/5/5 342/71/67
f 10/73/69 327/191/174 1304/74/70
f 23/76/71 337/126/117 1298/77/72
f 351/78/73 8/95/69 96/79/69
f 102/55/51 16/17/16 322/81/75
f 15/83/77 101/87/81 1283/84/78
f 15/83/77 347/85/79 1293/86/80
f 101/87/81 14/20/19 331/88/82
f 114/89/83 1278/143/133 342/71/67
f 115/90/84 1303/92/86 326/91/85
f 19/31/29 356/97/90 1303/92/86
f 21/28/26 352/156/144 1313/93/87
f 1299/94/88 95/75/69 8/95/69
f 103/96/89 1308/98/91 356/97/90
f 18/41/39 366/102/94 1308/98/91
f 22/38/36 362/189/172 1328/99/92
f 1314/80/74 96/79/69 11/100/69
f 111/50/47 1323/104/96 366/102/94
f 24/103/95 389/1532/173 1323/104/96
f 113/45/42 1328/99/92 372/105/97
f 321/106/98 1289/141/132 94/107/69
f 14/20/19 100/19/18 1333/109/100
f 100/19/18 13/60/56 398/110/101
f 110/63/59 17/57/53 394/111/102
f 98/113/104 12/133/124 393/114/105
f 13/60/56 108/59/55 1348/116/107
f 108/59/55 1364/67/63 410/117/108
f 403/118/109 1360/123/114 1359/65/61
f 1359/65/61 110/63/59 1353/112/103
f 1204/119/110 213/18/17 14/20/19
f 1264/120/111 285/747/693 1358/121/112
f 1343/1554/1492 105/122/113 403/118/109
f 105/122/113 1358/121/112 403/118/109
f 7/108/99 94/107/69 1284/124/115
f 228/8/8 1213/26/25 86/27/7
f 1214/23/22 107/22/21 23/76/71
f 107/22/21 1293/86/80 337/126/117
f 94/107/69 9/142/69 346/127/118
f 92/128/119 1268/145/135 280/129/120
f 203/3/3 1/2/2 87/7/7
f 16/17/16 104/6/6 1288/72/68
f 399/131/122 1349/150/140 99/132/123
f 238/32/30 19/31/29 115/90/84
f 1239/134/125 252/724/670 1368/135/126
f 109/136/127 1368/135/126 371/137/128
f 95/75/69 1304/74/70 357/139/130
f 208/35/33 25/34/32 114/89/83
f 227/21/20 1204/119/110 101/87/81
f 1289/141/132 341/193/176 9/142/69
f 25/34/32 326/91/85 1278/143/133
f 1263/144/134 305/784/728 1268/145/135
f 286/146/136 1263/144/134 92/128/119
f 99/132/123 1344/151/141 404/148/138
f 1349/150/140 409/817/759 1344/151/141
f 5/152/7 90/168/155 1243/153/142
f 1218/154/143 233/160/148 2/155/7
f 112/11/10 1298/77/72 352/156/144
f 11/100/69 367/182/167 1324/157/145
f 218/159/147 1218/154/143 88/43/7
f 233/160/148 1233/188/171 89/51/7
f 93/161/69 1294/162/149 346/127/118
f 10/73/69 336/184/169 1294/162/149
f 1254/163/150 281/58/54 13/60/56
f 7/108/99 98/113/104 1339/115/106
f 425/164/151 1396/210/193 135/165/152
f 1334/167/154 399/131/122 12/133/124
f 90/168/155 1238/171/158 271/169/156
f 1248/170/157 253/733/679 1238/171/158
f 1329/172/159 97/158/146 1319/173/160
f 97/158/146 1324/157/145 388/175/162
f 1264/176/111 105/180/113 1365/177/163
f 276/179/165 6/68/64 91/70/66
f 17/57/53 102/55/51 1338/82/76
f 105/180/113 1343/2180/1492 408/181/166
f 248/42/40 18/41/39 103/96/89
f 1273/147/137 92/128/119 6/68/64
f 12/133/124 99/132/123 1354/149/139
f 96/79/69 1309/185/170 367/182/167
f 2/155/7 89/51/7 1228/53/49
f 1199/140/131 114/89/83 20/5/5
f 336/184/169 10/73/69 95/75/69
f 8/95/69 357/139/130 1309/185/170
f 1239/134/125 109/136/127 24/186/95
f 1233/188/171 243/195/178 5/152/7
f 106/36/34 1313/93/87 362/189/172
f 109/136/127 1318/138/129 389/190/173
f 1208/130/121 87/7/7 3/9/7
f 86/27/7 4/13/12 207/15/14
f 327/191/174 10/73/69 93/161/69
f 1279/192/175 93/161/69 9/142/69
f 91/70/66 1253/69/65 212/194/177
f 243/195/178 1248/170/157 90/168/155
f 361/101/93 11/100/69 97/158/146
f 332/125/116 1334/167/154 98/113/104
f 520/199/182 1522/1717/1666 134/200/183
f 134/200/183 1522/1717/1666 735/202/185
f 1396/210/193 448/852/791 1512/211/194
f 461/217/200 1406/317/299 122/218/201
f 1447/223/206 130/337/319 1452/224/207
f 26/228/211 543/261/243 1389/229/212
f 1407/234/217 132/249/231 1513/235/218
f 1402/237/220 426/837/779 1487/238/221
f 427/245/227 27/274/256 120/246/228
f 460/248/230 1491/310/292 132/249/231
f 461/217/200 28/219/202 121/258/240
f 26/228/211 120/246/228 1370/260/242
f 27/274/256 121/258/240 1384/275/257
f 28/219/202 199/281/263 1384/275/257
f 28/219/202 122/218/201 1389/229/212
f 135/165/152 1512/211/194 594/282/264
f 507/284/266 1432/201/184 134/200/183
f 1437/286/268 469/882/817 1508/287/269
f 1380/289/271 119/251/233 1388/290/272
f 27/274/256 558/276/258 1370/260/242
f 522/292/274 1437/286/268 137/288/270
f 1503/285/267 134/200/183 1476/203/186
f 1521/293/275 137/288/270 1481/305/287
f 137/288/270 1508/287/269 702/307/289
f 1487/238/221 614/1046/973 1446/308/290
f 132/249/231 1451/311/293 595/309/291
f 1491/310/292 630/1061/987 1451/311/293
f 449/316/298 26/228/211 122/218/201
f 459/318/300 1402/237/220 118/239/222
f 118/239/222 1446/308/290 628/320/302
f 1486/166/153 135/165/152 1442/283/265
f 427/245/227 1401/259/241 121/258/240
f 449/316/298 1397/247/229 120/246/228
f 1452/224/207 130/337/319 1441/334/316
f 613/336/318 1441/334/316 130/337/319
f 1584/346/328 143/415/329 35/347/329
f 1535/349/331 771/525/487 54/350/332
f 139/352/329 1529/406/383 777/353/334
f 38/358/329 140/388/329 1549/359/338
f 751/361/340 1535/349/331 156/351/333
f 37/354/329 138/372/329 1524/369/348
f 1539/371/350 767/503/466 38/358/329
f 1555/375/353 155/441/414 53/376/354
f 1550/378/356 167/435/409 60/379/357
f 1570/385/363 163/395/372 52/386/364
f 140/388/329 36/499/373 786/389/366
f 819/394/371 59/448/420 163/395/372
f 141/396/373 39/496/373 796/397/374
f 1585/399/376 751/361/340 50/362/341
f 824/401/378 1585/399/376 154/400/377
f 830/403/380 1595/411/388 160/404/381
f 35/347/329 761/534/496 1529/406/383
f 1600/407/384 824/401/378 51/402/379
f 835/409/386 1600/407/384 162/408/385
f 1595/411/388 840/1195/1128 1684/412/389
f 40/413/329 829/473/441 1579/414/390
f 156/351/333 54/350/332 878/416/391
f 154/400/377 50/362/341 858/426/400
f 166/434/408 1604/487/452 878/416/391
f 53/376/354 892/442/415 1629/437/411
f 155/441/414 1634/443/416 892/442/415
f 52/386/364 902/447/419 1634/443/416
f 162/408/385 51/402/379 930/456/426
f 55/410/387 162/408/385 1679/457/427
f 1590/465/434 835/409/386 55/410/387
f 157/466/435 55/410/387 939/463/432
f 777/353/334 1539/371/350 138/372/329
f 144/472/329 1594/489/454 829/473/441
f 752/348/330 35/347/329 139/352/329
f 50/362/341 156/351/333 1614/417/392
f 787/377/355 53/376/354 167/435/409
f 1565/478/444 801/2181/1100 1688/479/445
f 161/480/446 1688/479/445 907/481/447
f 757/380/358 60/379/357 166/434/408
f 60/379/357 862/436/410 1604/487/452
f 1589/488/453 841/1204/1137 1594/489/454
f 834/490/455 1589/488/453 144/472/329
f 39/496/373 142/512/474 1569/497/461
f 1544/498/462 782/504/467 36/499/373
f 767/503/466 1544/498/462 140/388/329
f 782/504/467 1559/528/490 141/396/373
f 1750/508/470 173/602/471 61/509/471
f 142/512/474 1564/515/477 820/513/475
f 1574/514/476 802/1176/1109 1564/515/477
f 1590/465/434 157/466/435 1685/520/482
f 825/522/484 40/413/329 143/415/329
f 51/402/379 154/400/377 1664/427/401
f 157/466/435 1669/467/436 944/523/485
f 1599/491/456 144/472/329 40/413/329
f 36/499/373 141/396/373 1554/398/375
f 1525/484/450 166/434/408 54/350/332
f 1565/478/444 161/480/446 59/448/420
f 1559/528/490 792/535/497 39/496/373
f 1534/474/442 139/352/329 37/354/329
f 138/372/329 38/358/329 756/360/339
f 143/415/329 1579/414/390 761/534/496
f 792/535/497 1574/514/476 142/512/474
f 1701/536/498 981/711/657 80/537/499
f 169/539/471 1695/593/550 987/540/501
f 64/545/471 170/575/471 1715/546/505
f 63/541/471 168/559/471 1690/556/515
f 1705/558/517 977/692/638 64/545/471
f 1721/562/520 185/628/583 79/563/521
f 1716/565/523 197/622/577 85/566/524
f 1736/572/530 193/582/539 78/573/531
f 170/575/471 62/688/634 996/576/533
f 1741/578/535 195/577/534 1853/579/536
f 1030/581/538 1857/635/590 193/582/539
f 171/583/540 65/685/631 1006/584/541
f 1751/586/543 961/548/507 76/549/508
f 1047/588/545 1751/586/543 184/587/544
f 61/509/471 971/722/668 1695/593/550
f 1766/594/551 1047/588/545 77/589/546
f 1058/596/553 1766/594/551 192/595/552
f 1761/598/555 1063/2182/1226 1850/599/556
f 66/600/557 1052/662/611 1745/601/558
f 196/621/576 1770/676/622 1101/603/559
f 197/622/577 1795/624/579 1085/623/578
f 79/563/521 1115/629/584 1795/624/579
f 185/628/583 1800/630/585 1115/629/584
f 78/573/531 1125/634/589 1800/630/585
f 193/582/539 1815/636/591 1125/634/589
f 1857/635/590 1149/1324/1273 1815/636/591
f 1756/652/604 1058/2056/553 81/653/554
f 187/654/605 81/653/554 1176/655/602
f 987/540/501 1705/558/517 168/559/471
f 174/661/471 1760/678/624 1052/662/611
f 962/510/472 61/509/471 169/539/471
f 997/564/522 79/563/521 197/622/577
f 1731/667/614 1011/2168/1179 1854/668/615
f 191/669/616 1854/668/615 1130/670/617
f 1755/677/623 1064/1292/1237 1760/678/624
f 1057/679/625 1755/677/623 174/661/471
f 65/685/631 172/698/644 1735/686/632
f 1710/687/633 992/693/639 62/688/634
f 977/692/638 1710/687/633 170/575/471
f 992/693/639 1725/716/662 171/583/540
f 172/698/644 1730/701/647 1031/699/645
f 1740/700/646 1012/1248/1189 1730/701/647
f 1756/652/604 187/654/605 1851/706/652
f 1048/708/654 66/600/557 173/602/471
f 187/654/605 1835/656/606 1181/709/655
f 1007/574/532 78/573/531 185/628/583
f 1765/680/626 174/661/471 66/600/557
f 62/688/634 171/583/540 1720/585/542
f 1731/667/614 191/669/616 1858/714/660
f 1725/716/662 1002/723/669 65/685/631
f 191/669/616 1810/671/618 1147/718/664
f 1700/663/612 169/539/471 63/541/471
f 168/559/471 64/545/471 966/547/506
f 173/602/471 1745/601/558 971/722/668
f 1002/723/669 1740/700/646 172/698/644
f 252/724/670 255/727/673 258/725/671
f 255/727/673 256/736/682 259/728/674
f 258/725/671 259/728/674 260/730/676
f 261/731/677 264/735/681 263/732/678
f 262/734/680 265/737/683 264/735/681
f 264/735/681 259/728/674 256/736/682
f 265/737/683 260/730/676 259/728/674
f 254/48/45 266/740/2106 268/738/684
f 266/740/686 257/1576/2107 269/741/687
f 267/739/685 268/738/684 265/742/688
f 268/744/684 269/729/687 260/730/690
f 288/745/691 291/751/695 290/746/692
f 289/748/694 292/759/697 291/749/695
f 291/751/695 293/754/698 300/752/696
f 286/146/136 294/757/701 297/755/699
f 294/757/701 295/1462/1410 298/758/702
f 296/756/700 297/755/699 292/759/703
f 297/755/699 298/758/702 293/760/704
f 299/761/705 302/763/707 301/762/706
f 300/752/696 293/754/698 302/763/707
f 302/763/707 298/766/709 295/764/708
f 303/178/164 306/2183/712 308/767/710
f 307/768/711 308/767/710 320/771/714
f 308/767/710 309/770/713 310/773/716
f 304/774/717 311/777/720 314/775/718
f 311/777/720 312/1460/1408 315/778/721
f 313/776/722 314/775/718 309/779/723
f 314/781/718 315/787/721 310/773/725
f 316/782/726 319/785/729 318/783/727
f 317/772/715 320/771/714 319/785/729
f 319/785/729 315/787/731 312/786/730
f 320/771/714 310/773/716 315/787/731
f 371/137/128 374/1579/734 376/788/732
f 375/789/733 376/788/732 387/792/736
f 376/788/732 377/791/735 378/794/738
f 372/105/97 379/797/741 381/795/739
f 379/797/741 380/806/749 382/798/742
f 381/795/739 382/798/742 378/800/744
f 383/801/746 386/805/748 385/802/747
f 384/793/737 387/792/750 386/803/748
f 386/805/748 382/798/742 380/806/749
f 387/792/750 378/794/744 382/807/742
f 408/808/166 411/811/753 414/809/751
f 411/811/753 412/822/762 415/812/754
f 414/809/751 415/812/754 416/814/756
f 417/815/757 420/821/761 419/816/758
f 418/818/760 421/2184/763 420/819/761
f 420/821/761 415/812/764 412/822/762
f 421/823/763 416/814/769 415/812/764
f 410/117/108 413/1572/767 423/824/765
f 422/825/766 423/824/765 421/823/763
f 423/824/765 424/813/2108 416/814/769
f 428/828/770 431/831/773 430/829/771
f 429/830/772 436/833/775 431/831/773
f 431/831/773 432/834/776 438/832/774
f 433/835/777 436/839/775 435/836/778
f 434/838/780 432/2185/776 436/839/775
f 438/832/774 432/834/776 439/840/781
f 439/840/781 432/2185/776 434/838/780
f 447/850/788 445/2186/2109 1863/846/789
f 454/855/794 455/1612/2110 456/856/795
f 457/857/799 452/1709/2111 451/859/792
f 472/879/813 474/878/814 473/880/815
f 476/888/822 479/2179/2112 478/889/823
f 483/890/825 486/894/829 485/891/826
f 488/898/832 487/906/831 490/899/833
f 491/903/835 494/905/837 493/904/836
f 492/896/830 486/895/829 494/905/837
f 494/905/837 487/906/831 488/898/832
f 498/907/838 504/911/2113 499/908/839
f 498/907/841 1865/916/847 500/910/842
f 508/920/849 511/923/852 510/921/850
f 511/923/852 519/926/855 517/924/853
f 511/923/852 509/922/851 512/925/854
f 514/928/857 512/925/854 509/922/851
f 516/932/859 519/934/855 518/933/860
f 1862/940/867 1866/939/2114 525/946/868
f 199/281/263 530/1600/872 198/947/870
f 532/948/871 198/947/870 540/952/874
f 533/956/878 534/964/1532 535/957/879
f 201/955/877 200/954/876 198/959/870
f 536/961/880 539/963/882 538/962/881
f 537/953/875 540/952/874 539/963/882
f 539/963/882 535/957/884 534/964/883
f 544/969/887 547/971/890 546/967/885
f 546/967/885 557/972/891 554/970/889
f 542/291/273 548/975/894 551/973/892
f 548/975/894 549/1595/1528 552/976/895
f 550/974/893 551/973/892 547/977/896
f 551/973/898 552/976/2115 557/979/899
f 553/980/901 556/982/903 555/981/902
f 554/970/889 557/972/905 556/982/903
f 556/982/903 552/985/906 549/983/904
f 561/986/907 564/989/910 563/987/908
f 562/988/909 565/997/918 564/989/910
f 564/989/910 576/992/913 573/990/911
f 564/989/910 565/997/918 566/991/912
f 567/993/914 570/996/917 569/994/915
f 568/995/916 571/1001/922 570/996/917
f 570/996/917 565/997/918 562/988/909
f 570/996/917 571/1001/922 566/991/912
f 560/303/285 572/1000/921 575/998/919
f 572/1000/921 573/990/911 576/992/913
f 575/998/919 571/1001/922 568/995/916
f 575/998/919 576/992/913 566/991/912
f 580/1002/923 583/1005/926 582/1003/924
f 581/1004/925 584/1007/928 583/1005/926
f 583/1005/926 593/1008/929 590/1006/927
f 578/1009/284 585/1012/932 587/1010/930
f 585/1012/932 591/1588/1521 588/1013/933
f 586/1011/931 587/1010/930 584/1007/934
f 587/1010/936 588/1013/2116 593/1014/937
f 579/269/251 589/1017/941 592/1015/939
f 589/1017/941 590/1006/927 593/1008/942
f 594/282/264 597/1706/946 599/1018/944
f 598/1019/945 599/1018/944 611/1022/948
f 599/1018/944 600/1021/947 601/1024/950
f 595/309/291 602/1027/953 605/1025/951
f 602/1027/953 603/1033/961 606/1028/954
f 604/1026/955 605/1025/951 600/1021/956
f 605/1025/951 606/1028/954 601/1024/950
f 607/1029/958 610/1032/960 609/1030/959
f 608/1023/949 611/1022/948 610/1032/960
f 610/1032/960 606/1028/954 603/1033/961
f 611/1022/948 601/1024/950 606/1028/954
f 615/1034/962 618/1037/965 617/1035/963
f 616/1036/964 619/2187/2117 618/1037/965
f 618/1037/965 619/2188/2117 625/1038/966
f 620/1039/967 623/1043/970 622/1040/968
f 621/1042/969 619/2189/2117 623/1043/970
f 623/1043/970 619/2187/2117 616/1036/964
f 624/1044/971 627/1047/974 626/1045/972
f 625/1038/966 619/2188/2117 627/1047/974
f 627/1047/974 619/2189/2117 621/1042/969
f 628/320/302 631/1050/977 634/1048/975
f 631/1050/977 632/1059/985 635/1051/978
f 634/1048/975 635/1051/978 636/1053/980
f 637/1054/981 640/1058/984 639/1055/982
f 638/1057/983 641/1060/986 640/1058/984
f 640/1058/984 635/1051/978 632/1059/985
f 641/1060/986 636/1053/980 635/1051/978
f 630/1061/987 642/1064/1622 644/1062/988
f 642/1064/990 633/1689/1624 645/1052/991
f 643/1063/989 644/1062/988 641/1060/986
f 644/1062/988 645/1052/991 636/1053/980
f 649/1065/992 652/1068/995 651/1066/993
f 650/1067/994 653/1070/997 652/1068/995
f 652/1068/995 663/1071/998 660/1069/996
f 654/1072/999 657/1075/1002 656/1073/1000
f 655/1074/1001 658/1076/1003 657/1075/1002
f 657/1075/1002 653/1070/997 650/1067/994
f 658/1076/1003 663/1081/998 653/1070/997
f 659/1077/1004 662/1080/1006 661/1078/1005
f 660/1069/996 663/1071/998 662/1080/1006
f 662/1080/1006 658/1076/1003 655/1074/1001
f 664/341/323 667/1084/1009 670/1082/1007
f 667/1084/1009 668/1093/1017 671/1085/1010
f 670/1082/1007 671/1085/1010 672/1087/1012
f 673/1088/1013 676/1092/1016 675/1089/1014
f 674/1091/1015 677/1094/1018 676/1092/1016
f 676/1092/1016 671/1085/1019 668/1093/1017
f 677/1094/1018 672/1087/2118 671/1085/1019
f 666/1095/1020 678/1098/2119 680/1096/1021
f 678/1098/1023 669/1695/1633 681/1086/1024
f 679/1097/1022 680/1096/1021 677/1094/1026
f 680/1096/1021 681/1086/2120 672/1087/1027
f 682/213/196 685/1101/1635 687/1099/1028
f 685/1101/1030 692/1697/1637 688/1102/1031
f 686/1100/1029 687/1099/1028 699/1103/1032
f 687/1099/1028 688/1102/1031 689/1105/1034
f 683/315/297 690/1108/1037 693/1106/1035
f 690/1108/1037 691/1114/1043 694/1109/1038
f 693/1106/1035 694/1109/1038 689/1105/1034
f 695/1110/1040 698/1113/1042 697/1111/1041
f 696/1104/1033 699/1103/1032 698/1113/1042
f 698/1113/1042 694/1109/1038 691/1114/1043
f 699/1103/1032 689/1105/1034 694/1109/1038
f 700/345/327 703/1117/1046 706/1115/1044
f 703/1117/1046 704/1127/1057 707/1118/1047
f 705/1116/1048 706/1115/1051 716/1119/1049
f 706/1115/1051 707/1118/2121 708/1121/1052
f 709/1122/1053 712/1126/1056 711/1123/1054
f 710/1125/1055 707/1131/1062 712/1126/1056
f 712/1126/1056 707/1118/1047 704/1127/1057
f 702/307/289 713/1130/1060 716/1128/1058
f 715/1129/1059 716/1128/2122 707/1131/1062
f 720/1132/1065 723/1136/1069 722/1133/1066
f 721/1135/1068 724/1145/1071 723/1136/1069
f 723/1136/1069 734/1139/1072 731/1137/1070
f 725/1140/1073 728/1143/1076 727/1141/1074
f 726/1142/1075 729/1144/1077 728/1143/1076
f 728/1143/1076 724/1145/1071 721/1135/1068
f 730/1146/1078 733/1149/1080 732/1147/1079
f 731/1137/1070 734/1139/1072 733/1149/1080
f 733/1149/1080 729/1144/1077 726/1142/1075
f 734/1139/1072 724/1138/1071 729/1144/1077
f 735/202/185 738/1152/1083 741/1150/1081
f 740/1151/1082 741/1150/1081 750/1154/1085
f 736/306/288 743/1160/1092 741/1158/1090
f 743/1160/1092 744/1166/1099 750/1161/1093
f 746/1162/1095 749/1165/1097 748/1163/1096
f 747/1155/1086 750/1154/1085 749/1165/1097
f 749/1165/1098 750/1161/1093 744/1166/1099
f 801/1167/1100 804/1170/1103 807/1168/1101
f 804/1170/1103 805/1179/1112 808/1171/1104
f 807/1168/1101 808/1171/1104 809/1173/1106
f 810/1174/1107 813/1178/1111 812/1175/1108
f 811/1177/1110 814/1180/1113 813/1178/1111
f 813/1178/1111 808/1171/1104 805/1179/1112
f 814/1180/1113 809/1173/1106 808/1171/1104
f 803/393/370 815/1183/2123 817/1181/1114
f 815/1183/1116 806/1943/2124 818/1184/1117
f 816/1185/1115 817/1186/1114 814/1180/1118
f 817/1186/1114 818/1172/1117 809/1173/1120
f 839/1187/483 842/1190/1123 844/1188/1121
f 842/1190/1123 849/2190/2125 845/1191/1124
f 843/1189/1122 844/1188/1121 856/1192/1125
f 844/1188/1121 845/1191/1124 846/1194/1127
f 840/1195/1128 847/1839/1131 850/1196/1129
f 847/1198/1131 848/1206/1780 851/1199/1132
f 850/1200/1129 851/1199/1132 846/1194/1134
f 852/1202/1135 855/1205/1138 854/1203/1136
f 853/1193/1126 856/1192/1125 855/1205/1138
f 855/1205/1138 851/1199/1140 848/1206/1139
f 856/1192/1125 846/1194/1127 851/1199/1140
f 907/481/447 910/2191/1143 912/1207/1141
f 911/1208/1142 912/1207/1141 923/1211/1145
f 912/1207/1141 913/1210/2126 914/1213/1147
f 908/450/422 915/1216/1150 917/1214/1148
f 915/1216/1150 916/1221/1157 918/1217/1151
f 917/1214/1148 918/1217/1151 914/1213/1153
f 919/1218/1154 922/1220/1156 921/1219/1155
f 920/1212/1146 923/1211/1158 922/1220/1156
f 922/1220/1156 918/1217/1151 916/1221/1157
f 923/1211/1158 914/1213/1153 918/1217/1151
f 944/523/485 947/1224/1161 949/1222/1159
f 947/1224/1161 948/1233/1171 950/1225/1162
f 949/1222/1159 950/1225/1162 951/1227/1164
f 952/1228/1166 955/1232/1170 954/1229/1167
f 953/1231/1169 956/1234/1172 955/1232/1170
f 955/1232/1170 950/1225/1173 948/1233/1171
f 956/1234/1172 951/1227/1178 950/1225/1173
f 946/462/431 957/1937/1176 959/1235/1174
f 958/1236/1175 959/1235/1174 956/1234/1172
f 959/1235/1174 960/1226/1177 951/1227/1178
f 1011/1238/1179 1014/1241/1182 1017/1239/1180
f 1014/1241/1182 1015/1251/1192 1018/1242/1183
f 1016/1240/1181 1017/1239/1180 1028/1243/1184
f 1017/1239/1180 1018/1242/1183 1019/1245/1186
f 1020/1246/1187 1023/1250/1191 1022/1247/1188
f 1021/1249/1190 1024/1252/1193 1023/1250/1191
f 1023/1250/1191 1018/1242/1183 1015/1251/1192
f 1024/1252/1193 1019/1245/1186 1018/1242/1183
f 1013/580/537 1025/2163/1196 1027/1253/1194
f 1026/1254/1195 1027/1253/1194 1024/1256/1198
f 1027/1255/1194 1028/1243/1197 1019/1245/1199
f 1032/1258/1200 1035/1261/1203 1034/1259/1201
f 1033/1260/1202 1036/1269/1205 1035/1261/1203
f 1035/1261/1203 1046/1264/1206 1043/1262/1204
f 1037/1265/1207 1040/1268/1210 1039/1266/1208
f 1038/1267/1209 1041/1270/1211 1040/1268/1210
f 1039/1266/1208 1040/1268/1210 1036/1269/1205
f 1031/699/645 1042/1273/1214 1045/1271/1212
f 1042/1273/1214 1043/2019/1954 1046/1274/1215
f 1044/1272/1213 1045/1271/1212 1041/1275/1216
f 1045/1271/1218 1046/1274/1206 1036/1277/1205
f 1062/707/653 1065/2192/1221 1067/1278/1219
f 1066/1279/1220 1067/1278/1219 1079/1282/1223
f 1067/1278/1219 1068/1281/1222 1069/1284/1225
f 1063/1285/1226 1070/1288/1229 1073/1286/1227
f 1070/1288/1229 1071/1294/1994 1074/1289/1230
f 1072/1287/1231 1073/1286/1227 1068/1281/1232
f 1073/1286/1227 1074/1289/1230 1069/1284/1234
f 1075/1290/1235 1078/1293/1238 1077/1291/1236
f 1076/1283/1224 1079/1282/1223 1078/1293/1238
f 1078/1293/1238 1074/1289/1240 1071/1294/1239
f 1079/1282/1223 1069/1284/1225 1074/1289/1240
f 1130/670/617 1139/2170/1243 1134/1295/1241
f 1133/1296/1242 1134/1295/1241 1146/1299/1245
f 1134/1295/1241 1135/1298/2127 1136/1301/1247
f 1131/637/592 1137/1304/1250 1140/1302/1248
f 1137/1304/1250 1138/1309/1257 1141/1305/1251
f 1140/1302/1248 1141/1305/1251 1136/1301/1253
f 1142/1306/1254 1145/1308/1256 1144/1307/1255
f 1143/1300/1246 1146/1299/1258 1145/1308/1256
f 1145/1308/1256 1141/1305/1251 1138/1309/1257
f 1146/1299/1258 1136/1301/1253 1141/1305/1251
f 1150/1310/1259 1153/1313/1262 1152/1311/1260
f 1151/1312/1261 1154/1321/1270 1153/1313/1262
f 1153/1313/1262 1165/1316/1265 1162/1314/1263
f 1153/1313/1262 1154/1321/1270 1155/1315/1264
f 1156/1317/1266 1159/1320/1269 1158/1318/1267
f 1156/1317/1266 1157/1326/1275 1160/1319/1268
f 1159/1320/1269 1154/1321/1270 1151/1312/1261
f 1159/1320/1269 1160/1319/1268 1155/1315/1264
f 1161/1322/1271 1164/1325/1274 1163/1323/1272
f 1162/1314/1263 1165/1316/1265 1164/1325/1274
f 1164/1325/1274 1160/1319/1268 1157/1326/1275
f 1165/1316/1265 1155/1315/1264 1160/1319/1268
f 1181/709/655 1184/1329/1278 1187/1327/1276
f 1184/1329/1278 1185/2145/1287 1188/1330/1279
f 1187/1327/1276 1188/1330/1279 1189/1332/1281
f 1190/1333/1282 1193/1337/1286 1192/1334/1283
f 1191/1336/1285 1194/1339/1288 1193/1337/1286
f 1193/1337/1286 1188/1340/1289 1185/1338/1287
f 1194/1339/1288 1189/1345/1294 1188/1340/1289
f 1183/649/601 1186/2159/1292 1196/1341/1290
f 1195/1342/1291 1196/1341/1290 1194/1339/1288
f 1196/1341/1290 1197/1344/2128 1189/1345/1294
f 223/25/24 1198/24/23 1200/1349/1298
f 226/1350/1299 1200/1349/1298 1201/1351/1300
f 225/1352/1302 1201/1351/1307 1202/1353/1303
f 1202/1355/1303 1199/140/131 222/183/168
f 1198/24/23 207/15/14 209/1357/1305
f 1200/1349/1298 209/1357/1305 210/1358/1306
f 1201/1351/1307 210/1358/1345 211/1359/1308
f 211/1360/1308 208/35/33 1199/140/131
f 1203/61/57 1205/1362/1310 231/1361/1309
f 1205/1362/1310 1206/1368/1316 230/1363/1311
f 1206/1364/1312 1207/1370/1318 229/1365/1313
f 229/1365/1313 1207/1370/1318 1204/119/110
f 212/194/177 214/1367/1315 1205/1362/1310
f 214/1367/1315 215/1435/1384 1206/1368/1316
f 215/1369/1317 216/1437/1386 1207/1370/1318
f 1207/1370/1318 216/1437/1386 213/18/17
f 1208/130/121 1210/1372/1320 206/1371/1319
f 1210/1372/1320 1211/1374/1325 205/1373/1321
f 1211/1374/1322 1212/1377/1326 204/1375/1323
f 204/1376/1323 1212/1378/1326 1209/4/4
f 223/25/24 226/1350/1299 1210/1372/1320
f 226/1350/1299 225/1352/1301 1211/1374/1325
f 225/1352/1302 224/1354/1304 1212/1377/1326
f 1212/1378/1326 224/1356/1304 222/183/168
f 218/159/147 1213/26/25 1215/1379/1327
f 221/1380/1328 1215/1379/1327 1216/1381/1329
f 220/1383/1331 1216/1386/1334 1217/1384/1332
f 1217/1384/1332 1214/23/22 217/10/9
f 1213/26/25 228/8/8 231/1361/1309
f 1215/1379/1327 231/1361/1309 230/1363/1311
f 1216/1386/1334 230/1366/1314 229/1365/1313
f 229/1365/1313 227/21/20 1214/23/22
f 233/160/148 1218/154/143 1220/1387/1335
f 236/1388/1336 1220/1387/1335 1221/1389/1337
f 235/1391/1339 1221/1394/1342 1222/1392/1340
f 1222/1392/1340 1219/12/11 232/29/27
f 1218/154/143 218/159/147 221/1380/1328
f 1220/1387/1335 221/1380/1328 220/1382/1330
f 1221/1394/1342 220/1383/1331 219/1385/1333
f 219/1385/1333 217/10/9 1219/12/11
f 207/15/14 1223/14/13 1225/1395/1343
f 209/1357/1305 1225/1395/1343 1226/1396/1344
f 210/1358/1345 1226/1396/1349 1227/1397/1346
f 1227/1398/1346 1224/33/31 208/35/33
f 1223/14/13 237/44/41 239/1399/1347
f 1225/1395/1343 239/1399/1347 240/1400/1348
f 1226/1396/1349 240/1400/1353 241/1401/1350
f 241/1402/1350 238/32/30 1224/33/31
f 237/44/41 1228/53/49 1230/1403/1351
f 239/1399/1347 1230/1403/1351 1231/1404/1352
f 240/1400/1353 1231/1404/1357 1232/1405/1354
f 1232/1406/1354 1229/30/28 238/32/30
f 1228/53/49 247/52/48 249/1407/1355
f 1230/1403/1351 249/1407/1355 250/1408/1356
f 1231/1404/1357 250/1408/1375 251/1409/1358
f 251/1410/1358 248/42/40 1229/30/28
f 243/195/178 1233/188/171 1235/1411/1359
f 246/1412/1360 1235/1411/1359 1236/1413/1361
f 245/1415/1363 1236/1418/1366 1237/1416/1364
f 1237/1416/1364 1234/37/35 242/39/37
f 1233/188/171 233/160/148 236/1388/1336
f 1235/1411/1359 236/1388/1336 235/1390/1338
f 1236/1418/1366 235/1391/1339 234/1393/1341
f 234/1393/1341 232/29/27 1234/37/35
f 1238/171/158 1240/1420/1368 274/1419/1367
f 1240/1420/1368 1241/1422/1370 273/1421/1369
f 1241/1422/1370 1242/1424/1372 272/1423/1371
f 1242/1424/1372 1239/134/125 270/187/46
f 253/733/679 263/732/678 1240/1420/1368
f 263/732/678 256/736/682 1241/1422/1370
f 256/736/682 255/727/673 1242/1424/1372
f 255/727/673 252/724/670 1239/134/125
f 247/52/48 1243/153/142 1245/1425/1373
f 249/1407/1355 1245/1425/1377 1246/1426/1374
f 250/1408/1375 1246/1426/1378 1247/1427/1376
f 251/1410/1358 1247/1429/1376 1244/40/38
f 1243/153/142 271/169/156 274/1419/1367
f 1245/1425/1377 274/1419/1367 273/1421/1369
f 1246/1426/1378 273/1421/1369 272/1423/1371
f 272/1428/1371 270/49/46 1244/40/38
f 253/733/679 1248/170/157 1250/1430/1379
f 261/731/677 1250/1430/1379 1251/1431/1380
f 262/743/689 1251/1433/1382 1252/1432/1381
f 267/739/685 1252/1432/1381 1249/46/43
f 1248/170/157 243/195/178 246/1412/1360
f 1250/1430/1379 246/1412/1360 245/1414/1362
f 1251/1433/1382 245/1415/1363 244/1417/1365
f 1252/1432/1381 244/1417/1365 242/39/37
f 1253/69/65 1255/1434/1383 214/1367/1315
f 1255/1434/1383 1256/1439/1388 215/1435/1384
f 1256/1436/1385 1257/1441/1390 216/1437/1386
f 216/1437/1386 1257/1441/1390 1254/163/150
f 280/129/120 282/1438/1387 1255/1434/1383
f 282/1438/1387 283/1456/1404 1256/1439/1388
f 283/1440/1389 284/1442/1391 1257/1441/1390
f 284/1442/1391 281/58/54 1254/163/150
f 1258/1/1 1260/1444/1393 279/1443/1392
f 1260/1444/1393 1261/1446/1398 278/1445/1394
f 1261/1446/1395 1262/1449/1399 277/1447/1396
f 277/1448/1396 1262/1450/1399 1259/54/50
f 203/3/3 206/1371/1319 1260/1444/1393
f 206/1371/1319 205/1373/1321 1261/1446/1398
f 205/1373/1324 204/1375/1323 1262/1449/1399
f 1262/1450/1399 204/1376/1323 202/16/15
f 305/784/728 1263/144/134 1265/1451/1400
f 316/782/726 1265/1451/1400 1266/1452/1401
f 317/772/715 1266/1452/1401 1267/1453/1402
f 307/768/711 1267/1453/1402 1264/176/111
f 1263/144/134 286/146/136 296/756/700
f 1265/1451/1400 296/756/700 289/748/694
f 1266/1452/1401 289/748/694 288/750/691
f 1267/1454/1402 288/745/691 285/747/693
f 1268/145/135 1270/1455/1403 282/1438/1387
f 1270/1455/1403 1271/1459/1407 283/1456/1404
f 1271/1457/1405 1272/1458/1406 284/1442/1391
f 1272/1458/1406 1269/66/62 281/58/54
f 305/784/728 318/783/727 1270/1455/1403
f 318/783/727 312/786/730 1271/1459/1407
f 312/1460/1408 311/777/720 1272/1458/1406
f 311/777/720 304/774/717 1269/66/62
f 1273/147/137 1275/1461/1409 294/757/701
f 1275/1461/1409 1276/1463/1413 295/1462/1410
f 1276/1463/1411 1277/1466/1412 301/1464/706
f 1277/1465/1412 1274/62/58 287/64/60
f 276/179/165 279/1443/1392 1275/1461/1409
f 279/1443/1392 278/1445/1394 1276/1463/1413
f 278/1445/1397 277/1447/1396 1277/1466/1412
f 277/1448/1396 275/56/52 1274/62/58
f 1278/143/133 1280/1468/1415 345/1467/1414
f 1280/1468/1415 1281/1470/1417 344/1469/1416
f 1281/1470/1417 1282/1472/1419 343/1471/1418
f 1282/1472/1419 1279/192/175 341/193/176
f 326/91/85 328/1473/1420 1280/1468/1415
f 328/1473/1420 329/1474/1421 1281/1470/1417
f 329/1474/1421 330/1475/1422 1282/1472/1419
f 330/1475/1422 327/191/174 1279/192/175
f 347/85/79 1283/84/78 1285/1476/1423
f 350/1477/1424 1285/1476/1423 1286/1478/1425
f 349/1479/1426 1286/1478/1425 1287/1480/1427
f 348/1481/1428 1287/1480/1427 1284/124/115
f 1283/84/78 331/88/82 333/1482/1429
f 1285/1476/1423 333/1482/1429 334/1483/1430
f 1286/1478/1425 334/1483/1430 335/1484/1431
f 1287/1480/1427 335/1484/1431 332/125/116
f 322/81/75 1288/72/68 1290/1485/1432
f 325/1486/1433 1290/1485/1432 1291/1487/1434
f 324/1488/1435 1291/1487/1434 1292/1489/1436
f 323/1490/1437 1292/1489/1436 1289/141/132
f 1288/72/68 342/71/67 345/1467/1414
f 1290/1485/1432 345/1467/1414 344/1469/1416
f 1291/1487/1434 344/1469/1416 343/1471/1418
f 1292/1489/1436 343/1471/1418 341/193/176
f 1293/86/80 1295/1492/1439 340/1491/1438
f 1295/1492/1439 1296/1494/1441 339/1493/1440
f 1296/1494/1441 1297/1496/1443 338/1495/1442
f 1297/1496/1443 1294/162/149 336/184/169
f 347/85/79 350/1477/1424 1295/1492/1439
f 350/1477/1424 349/1479/1426 1296/1494/1441
f 349/1479/1426 348/1481/1428 1297/1496/1443
f 348/1481/1428 346/127/118 1294/162/149
f 1298/77/72 1300/1498/1445 355/1497/1444
f 1300/1498/1445 1301/1500/1447 354/1499/1446
f 1301/1500/1447 1302/1502/1449 353/1501/1448
f 1302/1502/1449 1299/94/88 351/78/73
f 337/126/117 340/1491/1438 1300/1498/1445
f 340/1491/1438 339/1493/1440 1301/1500/1447
f 339/1493/1440 338/1495/1442 1302/1502/1449
f 338/1495/1442 336/184/169 1299/94/88
f 1303/92/86 1305/1503/1450 328/1473/1420
f 1305/1503/1450 1306/1504/1451 329/1474/1421
f 1306/1504/1451 1307/1505/1452 330/1475/1422
f 1307/1505/1452 1304/74/70 327/191/174
f 356/97/90 358/1506/1453 1305/1503/1450
f 358/1506/1453 359/1507/1454 1306/1504/1451
f 359/1507/1454 360/1508/1455 1307/1505/1452
f 360/1508/1455 357/139/130 1304/74/70
f 1308/98/91 1310/1509/1456 358/1506/1453
f 1310/1509/1456 1311/1510/1457 359/1507/1454
f 1311/1510/1457 1312/1511/1458 360/1508/1455
f 1312/1511/1458 1309/185/170 357/139/130
f 366/102/94 368/1512/1459 1310/1509/1456
f 368/1512/1459 369/1513/1460 1311/1510/1457
f 369/1513/1460 370/1514/1461 1312/1511/1458
f 370/1514/1461 367/182/167 1309/185/170
f 1313/93/87 1315/1516/1463 365/1515/1462
f 1315/1516/1463 1316/1518/1465 364/1517/1464
f 1316/1518/1465 1317/1520/1467 363/1519/1466
f 1317/1520/1467 1314/80/74 361/101/93
f 352/156/144 355/1497/1444 1315/1516/1463
f 355/1497/1444 354/1499/1446 1316/1518/1465
f 354/1499/1446 353/1501/1448 1317/1520/1467
f 353/1501/1448 351/78/73 1314/80/74
f 389/190/173 1318/138/129 1320/1521/1468
f 392/1522/1469 1320/1521/1468 1321/1523/1470
f 391/1524/1471 1321/1523/1470 1322/1525/1472
f 390/1527/1473 1322/1528/1472 1319/173/160
f 1318/138/129 371/137/128 375/789/733
f 1320/1521/1468 375/789/733 384/793/737
f 1321/1523/1470 384/793/737 383/804/746
f 1322/1528/1472 383/801/746 373/174/161
f 1323/104/96 1325/1529/1474 368/1512/1459
f 1325/1529/1474 1326/1530/1475 369/1513/1460
f 1326/1530/1475 1327/1531/1476 370/1514/1461
f 1327/1531/1476 1324/157/145 367/182/167
f 389/1532/173 392/1533/1469 1325/1529/1474
f 392/1533/1469 391/1534/1471 1326/1530/1475
f 391/1534/1471 390/1527/1473 1327/1531/1476
f 390/1527/1473 388/175/162 1324/157/145
f 1328/99/92 1330/1535/1477 379/797/741
f 1330/1535/1477 1331/1536/1478 380/806/749
f 1331/1536/1478 1332/1537/1479 385/802/747
f 1332/1537/1479 1329/172/159 373/174/161
f 362/189/172 365/1515/1462 1330/1535/1477
f 365/1515/1462 364/1517/1464 1331/1536/1478
f 364/1517/1464 363/1519/1466 1332/1537/1479
f 363/1519/1466 361/101/93 1329/172/159
f 331/88/82 1333/109/100 1335/1538/1480
f 333/1482/1429 1335/1538/1480 1336/1539/1481
f 334/1483/1430 1336/1539/1481 1337/1540/1482
f 335/1484/1431 1337/1540/1482 1334/167/154
f 1333/109/100 398/110/101 400/1541/1483
f 1335/1538/1480 400/1541/1483 401/1542/1484
f 1336/1543/1481 401/1563/1484 402/1544/1485
f 1337/1545/1482 402/1544/1485 399/1546/122
f 394/111/102 1338/82/76 1340/1548/1486
f 397/1549/1487 1340/1548/1486 1341/1550/1488
f 396/1551/1489 1341/1550/1488 1342/1552/1490
f 395/1553/1491 1342/1552/1490 1339/115/106
f 1338/82/76 322/81/75 325/1486/1433
f 1340/1548/1486 325/1486/1433 324/1488/1435
f 1341/1550/1488 324/1488/1435 323/1490/1437
f 1342/1552/1490 323/1490/1437 321/106/98
f 1343/1554/1492 1345/1555/1493 411/811/753
f 1345/1555/1493 1346/1556/1494 412/822/762
f 1346/1556/1494 1347/1557/1495 419/816/758
f 1347/1557/1495 1344/151/141 409/817/759
f 403/118/109 405/1558/1496 1345/1555/1493
f 405/1558/1496 406/1559/1497 1346/1556/1494
f 406/1559/1497 407/1560/1498 1347/1557/1495
f 407/1560/1498 404/148/138 1344/151/141
f 398/110/101 1348/116/107 1350/1561/1499
f 400/1541/1483 1350/1561/1499 1351/1562/1500
f 401/1563/1484 1351/1566/1500 1352/1564/1501
f 402/1544/1485 1352/1564/1501 1349/1565/140
f 1348/116/107 410/117/108 422/825/766
f 1350/1561/1499 422/825/766 418/827/760
f 1351/1566/1500 418/818/760 417/820/757
f 1352/1564/1501 417/820/757 409/1567/759
f 403/118/109 1353/112/103 1355/1568/1502
f 405/1558/1496 1355/1568/1502 1356/1569/1503
f 406/1559/1497 1356/1569/1503 1357/1570/1504
f 407/1560/1498 1357/1570/1504 1354/149/139
f 1353/112/103 394/111/102 397/1549/1487
f 1355/1568/1502 397/1549/1487 396/1551/1489
f 1356/1569/1503 396/1551/1489 395/1553/1491
f 1357/1570/1504 395/1553/1491 393/114/105
f 1359/65/61 1363/1348/1297 299/761/705
f 1363/1348/1297 1362/1347/1296 300/752/696
f 1362/1347/1296 1361/1346/1295 290/746/692
f 1361/1346/1295 1358/121/112 285/747/693
f 410/117/108 1364/67/63 1366/1571/1505
f 413/1573/752 1366/1574/1509 1365/177/163
f 1364/67/63 304/774/717 313/776/1506
f 1366/1574/1509 306/2183/712 303/178/164
f 1367/47/44 1369/1578/1513 266/740/1510
f 1369/1577/1512 1368/135/126 252/724/670
f 372/105/97 374/796/740 1369/1578/1513
f 374/1579/734 371/137/128 1368/135/126
f 543/261/243 1370/260/242 1372/1580/1514
f 553/980/901 1372/1580/1514 1373/1581/1515
f 1374/1582/1516 1371/262/244 541/244/226
f 1370/260/242 558/276/258 563/987/908
f 1372/1580/1514 563/987/908 573/990/911
f 573/990/911 572/1000/921 1374/1582/1516
f 1377/1583/1517 1378/1585/1519 568/995/916
f 577/232/215 582/1003/924 1377/1583/1517
f 1380/289/271 1381/1589/1520 585/1586/932
f 1380/289/271 542/291/273 550/974/893
f 529/301/283 1383/297/279 1385/1591/1524
f 1386/1592/1525 1387/1593/1526 532/948/871
f 1383/297/279 559/255/237 569/994/915
f 1385/1591/1524 569/994/915 562/988/909
f 561/986/907 558/276/258 1384/275/257
f 1388/290/272 1390/1594/1527 548/975/894
f 1390/1594/1527 1391/1599/1529 549/1595/1528
f 1391/1598/1529 1389/229/212 543/261/243
f 1388/290/272 528/250/232 201/955/877
f 1390/1594/1527 201/955/877 531/950/873
f 530/1600/872 199/281/263 1389/229/212
f 448/852/791 1396/210/193 1398/1607/1535
f 451/1608/792 1398/1607/1535 1399/1609/1536
f 455/1612/1539 453/1610/803 1400/1611/1537
f 453/1610/803 1399/1609/1536 1400/1611/1537
f 456/856/1538 1400/1611/1537 1397/247/229
f 425/164/151 430/829/771 1398/1607/1535
f 430/829/771 438/832/774 1399/1609/1536
f 438/832/774 437/841/782 1400/1611/1537
f 437/841/782 427/245/227 1397/247/229
f 1401/259/241 1403/1614/1541 467/1613/1540
f 465/2193/2129 467/1613/1540 1864/867/1543
f 467/1613/1540 1403/1614/1541 1864/867/1543
f 1404/1615/1542 1405/1616/1545 463/864/1544
f 1405/1616/1545 1402/237/220 459/318/300
f 1401/259/241 427/245/227 437/842/782
f 1403/1614/1541 437/842/782 434/838/780
f 1404/1615/1542 434/838/780 433/835/777
f 1405/1616/1545 433/835/777 426/837/779
f 1406/317/299 1408/1617/1547 454/855/1546
f 1408/1617/1547 1409/1618/1549 455/862/1548
f 1409/1618/1549 1410/1619/1550 458/858/798
f 1410/1619/1550 1407/234/217 450/236/219
f 1406/317/299 461/217/200 467/1620/1540
f 1408/1617/1547 467/1620/1540 465/871/1551
f 1409/1618/1549 465/871/1551 463/870/1552
f 1410/1619/1550 463/870/807 460/248/230
f 483/890/825 1413/1621/1553 1414/1622/1554
f 489/901/834 1415/1623/1555 1412/279/261
f 444/844/1556 445/847/1557 1414/1622/1554
f 446/1624/1558 442/277/259 1412/279/261
f 493/904/836 488/898/832 1419/1626/1562
f 489/900/834 481/322/304 1417/338/320
f 1421/209/192 1423/1631/1566 501/1630/1565
f 1423/1631/1566 1424/1632/1568 502/917/1567
f 1425/1633/1569 1422/267/249 497/271/253
f 1423/1631/1566 446/1634/1558 447/850/1570
f 1430/1638/1575 1427/296/278 468/344/326
f 1428/1635/1573 513/930/1576 509/931/851
f 1431/328/310 1433/1639/1577 513/927/1576
f 1433/1639/1577 1434/1640/1578 514/935/857
f 1434/1640/1578 1435/1641/1579 518/933/860
f 1435/1641/1579 1432/201/184 507/284/266
f 1431/328/310 521/329/311 524/1642/1580
f 1433/1639/1577 524/1642/1580 1866/1643/1581
f 1434/1640/1578 1866/1643/1581 523/938/1582
f 1435/1641/1579 523/938/1582 520/199/182
f 1438/1645/1583 1439/1646/1585 525/946/1584
f 1439/1646/1585 1440/1647/1587 527/942/1586
f 1436/342/324 470/196/179 478/889/1588
f 1438/1645/1583 478/889/1588 479/886/1589
f 1439/1646/1585 479/886/1589 474/885/818
f 1440/1647/1587 474/885/818 469/882/817
f 596/1031/317 1441/1651/316 1443/1648/1590
f 607/1029/958 1443/1648/1590 1444/1649/1591
f 608/1023/949 1444/1649/1591 1445/1650/1592
f 598/1019/945 1445/1650/1592 1442/283/265
f 1441/1651/316 613/1041/318 622/1040/968
f 1443/1648/1590 622/1040/968 616/1036/964
f 1444/1649/1591 616/1036/964 615/1034/962
f 1445/1650/1592 615/1034/962 612/321/303
f 1446/308/290 1448/1652/1593 631/1050/977
f 1448/1652/1593 1449/1653/1594 632/1059/985
f 1449/1653/1594 1450/1654/1595 639/1055/982
f 1450/1654/1595 1447/1655/206 629/1056/208
f 614/1046/973 626/1045/972 1448/1652/1593
f 626/1045/972 621/1042/969 1449/1653/1594
f 621/1042/969 620/1039/967 1450/1654/1595
f 620/1039/967 613/1041/318 1447/1655/206
f 1451/311/293 1453/1656/1596 602/1027/953
f 1453/1656/1596 1454/1657/1597 603/1033/961
f 1454/1657/1597 1455/1658/1598 609/1030/959
f 1455/1658/1598 1452/1659/207 596/1031/317
f 1451/311/293 630/1061/987 643/1063/989
f 1453/1656/1596 643/1063/989 638/1057/983
f 1454/1657/1597 638/1057/983 637/1054/981
f 1455/1658/1598 637/1054/981 629/1056/208
f 1456/1660/307 1458/1661/1599 659/1077/1004
f 1460/1663/1601 1457/227/210 646/226/209
f 675/1089/1014 668/1093/1017 1459/1662/1600
f 668/1093/1017 667/1084/1009 1460/1663/1601
f 684/1112/322 1461/1667/321 1463/1664/1602
f 695/1110/1040 1463/1664/1602 1464/1665/1603
f 696/1104/1033 1464/1665/1603 1465/1666/1604
f 1461/1667/321 648/1079/305 661/1078/1005
f 1466/313/295 1468/1668/1605 690/1108/1037
f 1468/1668/1605 1469/1669/1606 691/1114/1043
f 1469/1669/1606 1470/1670/1607 697/1111/1041
f 1470/1670/1607 1467/1671/308 684/1112/322
f 1466/313/295 666/1095/1020 679/1097/1022
f 1468/1668/1605 679/1097/1022 674/1091/1015
f 1469/1669/1606 674/1091/1015 673/1088/1013
f 1470/1670/1607 673/1088/1013 665/1090/309
f 1473/1672/1608 1474/1673/1609 704/1127/1057
f 1474/1673/1609 1475/1674/1610 711/1123/1054
f 717/1134/1067 722/1133/1066 1473/1672/1608
f 718/304/286 1476/203/186 1478/1676/1611
f 725/1140/1073 1478/1676/1611 1479/1677/1612
f 726/1142/1075 1479/1677/1612 1480/1678/1613
f 732/1147/1079 1480/1678/1613 1477/1679/312
f 1476/203/186 735/202/185 740/1151/1082
f 1478/1676/1611 740/1151/1082 747/1155/1086
f 1479/1677/1612 747/1155/1086 746/1162/1095
f 1480/1678/1613 746/1162/1095 737/1164/313
f 1481/305/287 1483/1680/1614 743/1160/1092
f 1483/1680/1614 1484/1681/1615 744/1166/1099
f 1484/1681/1615 1485/1682/1616 748/1163/1096
f 1485/1682/1616 1482/1683/198 737/1164/313
f 1481/305/287 702/307/289 715/1129/1059
f 1483/1680/1614 715/1129/1059 710/1125/1055
f 1484/1681/1615 710/1125/1055 709/1122/1053
f 1485/1682/1616 709/1122/1053 701/1124/199
f 1486/166/153 1488/1684/1617 428/828/770
f 1488/1684/1617 1489/1685/1619 429/830/1618
f 1489/1685/1619 1490/1686/1620 435/836/778
f 1490/1686/1620 1487/238/221 426/837/779
f 612/321/303 617/1035/963 1488/1684/1617
f 617/1035/963 625/1038/966 1489/1685/1619
f 625/1038/966 624/1044/971 1490/1686/1620
f 624/1044/971 614/1046/973 1487/238/221
f 630/1061/987 1491/310/292 1493/1687/1621
f 642/1064/990 1493/1687/1623 1494/1688/1623
f 633/1049/976 1494/1690/1626 1492/319/301
f 1491/310/292 460/248/230 466/869/808
f 1493/1687/1623 466/869/1625 462/874/1625
f 1494/1690/1626 462/863/804 459/318/300
f 1495/222/205 1497/1694/1632 443/843/1627
f 443/849/1631 1498/1693/1634 1496/312/294
f 664/341/323 669/1083/1008 1497/1694/1632
f 669/1695/1633 678/1098/1023 1498/1693/1630
f 1498/1693/1634 678/1098/2119 666/1095/1020
f 1499/273/255 1501/1696/1639 685/1101/1635
f 1501/1696/1636 1502/1699/1640 692/1697/1637
f 1502/1698/1638 1500/270/252 683/315/297
f 495/909/1559 499/908/2130 1501/1696/1639
f 503/912/844 497/271/253 1500/270/252
f 507/284/266 1503/285/267 1505/1700/1641
f 516/932/859 1505/1700/1641 1506/1701/1642
f 517/924/1643 1506/1701/1642 1507/1702/1644
f 510/921/850 1507/1702/1644 1504/332/314
f 1503/285/267 718/304/286 727/1141/1074
f 1505/1700/1641 727/1141/1074 721/1135/1068
f 1506/1701/1642 721/1135/1068 720/1132/1065
f 1507/1702/1644 720/1132/1065 717/1134/1067
f 1508/287/269 1510/1705/1645 713/1130/1060
f 714/1120/1646 1510/1703/1649 1511/1704/1647
f 705/1116/1045 1511/1704/1651 1509/343/325
f 469/882/817 475/884/819 1510/1705/1645
f 1511/1704/1651 471/875/812 468/344/326
f 1512/211/194 1514/1708/1653 597/1706/946
f 597/1020/957 1514/1710/1652 1515/1707/1652
f 604/1026/952 1515/1707/1655 1513/235/218
f 448/852/791 452/854/793 1514/1708/1653
f 452/1709/1654 457/857/2131 1515/1707/1652
f 1515/1707/1655 457/857/797 450/236/219
f 1516/264/246 1518/1711/1656 491/903/835
f 1518/1711/1656 1519/1712/1658 492/896/1657
f 1519/1712/1658 1520/1713/1659 485/891/826
f 1520/1713/1659 1517/300/282 480/892/827
f 647/314/296 656/1073/1000 1518/1711/1656
f 1518/1711/1656 656/1073/1000 650/1067/994
f 650/1067/994 649/1065/992 1520/1713/1659
f 1520/1713/1659 649/1065/992 646/226/209
f 1521/293/275 1523/1715/1663 526/941/1660
f 1523/1714/1661 1522/1717/1666 520/199/182
f 1521/293/275 736/306/288 745/1159/1091
f 738/1152/1083 735/202/185 1522/1717/1666
f 772/370/349 1524/369/348 1526/1718/1667
f 775/1719/1668 1526/1718/1667 1527/1720/1669
f 774/1722/1671 1527/1728/1676 1528/1723/1672
f 1528/1723/1672 1525/484/450 771/525/487
f 1524/369/348 756/360/339 758/1725/1674
f 1526/1726/1667 758/1766/1674 759/1727/1675
f 1527/1728/1676 759/1727/1714 760/1729/1677
f 760/1729/1677 757/380/358 1525/484/450
f 1529/406/383 1531/1731/1679 780/1730/1678
f 1531/1731/1679 1532/1737/1685 779/1732/1680
f 1532/1733/1681 1533/1739/1687 778/1734/1682
f 778/1734/1682 1533/1739/1687 1530/464/433
f 761/534/496 763/1736/1684 1531/1731/1679
f 763/1736/1684 764/1809/1753 1532/1737/1685
f 764/1738/1686 765/1811/1755 1533/1739/1687
f 1533/1739/1687 765/1811/1755 762/363/342
f 1534/474/442 1536/1741/1689 755/1740/1688
f 1536/1741/1689 1537/1746/1694 754/1742/1690
f 1537/1743/1691 1538/1747/1695 753/1744/1692
f 753/1744/1692 1538/1747/1695 1535/349/331
f 772/370/349 775/1719/1668 1536/1741/1689
f 775/1719/1668 774/1721/1670 1537/1746/1694
f 774/1722/1671 773/1724/1673 1538/1747/1695
f 1538/1747/1695 773/1724/1673 771/525/487
f 767/503/466 1539/371/350 1541/1748/1696
f 770/1749/1697 1541/1748/1696 1542/1750/1698
f 769/1751/1700 1542/1750/1703 1543/1752/1701
f 1543/1754/1701 1540/368/347 766/355/335
f 1539/371/350 777/353/334 780/1730/1678
f 1541/1748/1696 780/1730/1678 779/1732/1680
f 1542/1756/1703 779/1735/1683 778/1734/1682
f 778/1734/1682 776/366/345 1540/368/347
f 782/504/467 1544/498/462 1546/1757/1704
f 785/1758/1705 1546/1757/1704 1547/1759/1706
f 784/1760/1708 1547/1759/1711 1548/1761/1709
f 1548/1763/1709 1545/357/337 781/374/352
f 1544/498/462 767/503/466 770/1749/1697
f 1546/1757/1704 770/1749/1697 769/1751/1699
f 1547/1759/1711 769/1751/1700 768/1753/1702
f 768/1755/1702 766/355/335 1545/357/337
f 756/360/339 1549/359/338 1551/1765/1712
f 758/1766/1674 1551/1770/1712 1552/1767/1713
f 759/1727/1714 1552/1767/1718 1553/1768/1715
f 1553/1768/1715 1550/378/356 757/380/358
f 1549/359/338 786/389/366 788/1769/1716
f 1551/1770/1712 788/1774/1716 789/1771/1717
f 1552/1767/1718 789/1771/1722 790/1772/1719
f 790/1772/1719 787/377/355 1550/378/356
f 786/389/366 1554/398/375 1556/1773/1720
f 788/1774/1716 1556/1778/1720 1557/1775/1721
f 789/1771/1722 1557/1775/1726 1558/1776/1723
f 1558/1776/1723 1555/375/353 787/377/355
f 1554/398/375 796/397/374 798/1777/1724
f 1556/1778/1720 798/1799/1724 799/1779/1725
f 1557/1775/1726 799/1779/1744 800/1780/1727
f 800/1780/1727 797/387/365 1555/375/353
f 792/535/497 1559/528/490 1561/1781/1728
f 795/1782/1729 1561/1781/1728 1562/1783/1730
f 794/1784/1732 1562/1783/1735 1563/1785/1733
f 1563/1787/1733 1560/382/360 791/384/362
f 1559/528/490 782/504/467 785/1758/1705
f 1561/1781/1728 785/1758/1705 784/1760/1707
f 1562/1783/1735 784/1760/1708 783/1762/1710
f 783/1764/1710 781/374/352 1560/382/360
f 1564/515/477 1566/1790/1737 823/1789/1736
f 1566/1790/1737 1567/1792/1739 822/1791/1738
f 1567/1792/1739 1568/1796/1741 821/1793/1740
f 1568/1794/1741 1565/478/444 819/394/371
f 802/1176/1109 812/1175/1108 1566/1790/1737
f 812/1175/1108 805/1179/1112 1567/1792/1739
f 805/1179/1112 804/1170/1103 1568/1796/1741
f 804/1170/1103 801/1167/1100 1565/1797/444
f 796/397/374 1569/497/461 1571/1798/1742
f 798/1799/1724 1571/1802/1746 1572/1800/1743
f 799/1779/1744 1572/1800/1747 1573/1801/1745
f 800/1780/1727 1573/1801/1745 1570/385/363
f 1569/497/461 820/513/475 823/1789/1736
f 1571/1802/1746 823/2194/1736 822/1803/1738
f 1572/1800/1747 822/1803/1738 821/1795/1740
f 821/1795/1740 819/394/371 1570/385/363
f 802/1176/1109 1574/514/476 1576/1804/1748
f 810/1174/1107 1576/1804/1748 1577/1805/1749
f 811/1177/1119 1577/1805/1751 1578/1806/1750
f 816/1182/1115 1578/1807/1750 1575/391/368
f 1574/514/476 792/535/497 795/1782/1729
f 1576/1804/1748 795/1782/1729 794/1784/1731
f 1577/1805/1751 794/1784/1732 793/1786/1734
f 1578/1807/1750 793/1788/1734 791/384/362
f 1579/414/390 1581/1808/1752 763/1736/1684
f 1581/1808/1752 1582/1813/1757 764/1809/1753
f 1582/1810/1754 1583/1815/1759 765/1811/1755
f 765/1811/1755 1583/1815/1759 1580/507/469
f 829/473/441 831/1812/1756 1581/1808/1752
f 831/1812/1756 832/1833/1775 1582/1813/1757
f 832/1814/1758 833/1835/1777 1583/1815/1759
f 1583/1815/1759 833/1835/1777 830/403/380
f 1584/346/328 1586/1817/1761 828/1816/1760
f 1586/1817/1761 1587/1822/1766 827/1818/1762
f 1587/1819/1763 1588/1823/1767 826/1820/1764
f 826/1820/1764 1588/1823/1767 1585/399/376
f 752/348/330 755/1740/1688 1586/1817/1761
f 755/1740/1688 754/1742/1690 1587/1822/1766
f 754/1745/1693 753/1744/1692 1588/1823/1767
f 1588/1823/1767 753/1744/1692 751/361/340
f 841/1204/1137 1589/488/453 1591/1824/1768
f 852/1202/1135 1591/1824/1768 1592/1825/1769
f 853/1193/1126 1592/1825/1769 1593/1826/1770
f 843/1827/1122 1593/1831/1770 1590/465/434
f 1589/488/453 834/490/455 836/1828/1771
f 1591/1824/1768 836/1828/1771 837/1829/1772
f 1592/1825/1769 837/1829/1772 838/1830/1773
f 1593/1831/1770 838/1842/1773 835/409/386
f 1594/489/454 1596/1832/1774 831/1812/1756
f 1596/1832/1774 1597/1837/1779 832/1833/1775
f 1597/1834/1776 1598/1836/1778 833/1835/1777
f 1598/1836/1778 1595/411/388 830/403/380
f 841/1204/1137 854/1203/1136 1596/1832/1774
f 854/1203/1136 848/1206/1139 1597/1837/1779
f 848/1838/1780 847/1839/1131 1598/1836/1778
f 847/1839/1131 840/1195/1128 1595/411/388
f 1599/491/456 1601/1840/1781 836/1828/1771
f 1601/1840/1781 1602/1844/1783 837/1829/1772
f 1602/1841/1782 1603/1845/1784 838/1842/1773
f 838/1842/1773 1603/1845/1784 1600/407/384
f 825/522/484 828/1816/1760 1601/1840/1781
f 828/1816/1760 827/1818/1762 1602/1844/1783
f 827/1821/1765 826/1820/1764 1603/1845/1784
f 826/1820/1764 824/401/378 1600/407/384
f 1604/487/452 1606/1847/1786 881/1846/1785
f 1606/1847/1786 1607/1849/1788 880/1848/1787
f 1607/1849/1788 1608/1851/1790 879/1850/1789
f 1608/1851/1790 1605/532/494 877/533/495
f 862/436/410 864/1852/1791 1606/1847/1786
f 864/1852/1791 865/1853/1792 1607/1849/1788
f 866/1854/1793 863/531/493 1605/532/494
f 883/430/404 1609/429/403 1611/1855/1794
f 886/1856/1795 1611/1855/1794 1612/1857/1796
f 885/1858/1797 1612/1857/1796 1613/1859/1798
f 884/1860/1799 1613/1859/1798 1610/468/437
f 1609/429/403 867/433/407 869/1861/1800
f 1611/1855/1794 869/1861/1800 870/1862/1801
f 1612/1857/1796 870/1862/1801 871/1863/1802
f 1613/1859/1798 871/1863/1802 868/469/438
f 858/426/400 1614/417/392 1616/1864/1803
f 861/1865/1804 1616/1864/1803 1617/1866/1805
f 860/1867/1806 1617/1866/1805 1618/1868/1807
f 859/1869/1808 1618/1868/1807 1615/485/451
f 1614/417/392 878/416/391 881/1846/1785
f 1616/1864/1803 881/1846/1785 880/1848/1787
f 1617/1866/1805 880/1848/1787 879/1850/1789
f 1618/1868/1807 879/1850/1789 877/533/495
f 1619/431/405 1621/1871/1810 876/1870/1809
f 1621/1871/1810 1622/1873/1812 875/1872/1811
f 1622/1873/1812 1623/1875/1814 874/1874/1813
f 1623/1875/1814 1620/506/468 872/526/488
f 883/430/404 886/1856/1795 1621/1871/1810
f 886/1856/1795 885/1858/1797 1622/1873/1812
f 885/1858/1797 884/1860/1799 1623/1875/1814
f 884/1860/1799 882/471/440 1620/506/468
f 1624/422/397 1626/1877/1816 891/1876/1815
f 1626/1877/1816 1627/1879/1818 890/1878/1817
f 1627/1879/1818 1628/1881/1820 889/1880/1819
f 1628/1881/1820 1625/439/413 887/423/398
f 873/470/439 876/1870/1809 1626/1877/1816
f 875/1872/1811 874/1874/1813 1628/1881/1820
f 874/1874/1813 872/526/488 1625/439/413
f 1629/437/411 1631/1882/1821 864/1852/1791
f 1631/1882/1821 1632/1883/1822 865/1853/1792
f 1632/1883/1822 1633/1884/1823 866/1854/1793
f 1633/1884/1823 1630/419/394 863/531/493
f 892/442/415 894/1885/1824 1631/1882/1821
f 894/1885/1824 895/1886/1825 1632/1883/1822
f 895/1886/1825 896/1887/1826 1633/1884/1823
f 896/1887/1826 893/483/449 1630/419/394
f 1634/443/416 1636/1888/1827 894/1885/1824
f 1637/1889/1828 1638/1890/1829 896/1887/1826
f 1638/1890/1829 1635/527/489 893/483/449
f 902/447/419 904/1891/1830 1636/1888/1827
f 904/1891/1830 905/1892/1831 1637/1889/1828
f 905/1892/1831 906/1893/1832 1638/1890/1829
f 906/1893/1832 903/524/486 1635/527/489
f 1639/438/412 1641/1895/1834 901/1894/1833
f 1641/1895/1834 1642/1897/1836 900/1896/1835
f 1642/1897/1836 1643/1899/1838 899/1898/1837
f 1643/1899/1838 1640/425/399 897/446/418
f 888/500/463 891/1876/1815 1641/1895/1834
f 891/1876/1815 890/1878/1817 1642/1897/1836
f 890/1878/1817 889/1880/1819 1643/1899/1838
f 889/1880/1819 887/423/398 1640/425/399
f 925/530/492 1644/482/448 1646/1900/1839
f 928/1901/1840 1646/1900/1839 1647/1902/1841
f 926/1905/1844 1648/1904/1843 1645/517/479
f 1644/482/448 907/481/447 911/1208/1142
f 1646/1900/1839 911/1208/1142 920/1212/1146
f 1647/1902/1841 920/1212/1146 919/1218/1154
f 1648/1904/1843 919/1218/1154 909/518/480
f 1649/449/421 1651/1906/1845 904/1891/1830
f 1651/1906/1845 1652/1907/1846 905/1892/1831
f 1653/1908/1847 1650/501/464 903/524/486
f 925/530/492 928/1901/1840 1651/1906/1845
f 928/1901/1840 927/1903/1842 1652/1907/1846
f 927/1903/1842 926/1905/1844 1653/1908/1847
f 926/1905/1844 924/519/481 1650/501/464
f 1654/444/417 1656/1909/1848 915/1216/1150
f 1656/1909/1848 1657/1910/1849 916/1221/1157
f 1657/1910/1849 1658/1911/1850 921/1219/1155
f 898/529/491 901/1894/1833 1656/1909/1848
f 901/1894/1833 900/1896/1835 1657/1910/1849
f 899/1898/1837 897/446/418 1655/516/478
f 867/433/407 1659/454/424 1661/1912/1851
f 869/1861/1800 1661/1912/1851 1662/1913/1852
f 870/1862/1801 1662/1913/1852 1663/1914/1853
f 871/1863/1802 1663/1914/1853 1660/511/473
f 1661/1912/1851 936/1915/1854 937/1916/1855
f 1663/1914/1853 938/1917/1856 935/475/443
f 930/456/426 1664/427/401 1666/1918/1857
f 933/1919/1858 1666/1918/1857 1667/1920/1859
f 931/1923/1862 1668/1922/1861 1665/460/429
f 1664/427/401 858/426/400 861/1865/1804
f 1666/1918/1857 861/1865/1804 860/1867/1806
f 1667/1920/1859 860/1867/1806 859/1869/1808
f 1668/1922/1861 859/1869/1808 857/451/423
f 1669/467/436 1671/1924/1863 947/1224/1161
f 1671/1924/1863 1672/1925/1864 948/1233/1171
f 1672/1925/1864 1673/1926/1865 954/1229/1167
f 1673/1926/1865 1670/495/460 945/1230/1168
f 939/463/432 941/1927/1866 1671/1924/1863
f 941/1927/1866 942/1928/1867 1672/1925/1864
f 942/1928/1867 943/1929/1868 1673/1926/1865
f 943/1929/1868 940/492/457 1670/495/460
f 934/455/425 1674/461/430 1676/1930/1869
f 936/1915/1854 1676/1930/1869 1677/1931/1870
f 937/1916/1855 1677/1931/1870 1678/1932/1871
f 1674/461/430 946/462/431 958/1236/1175
f 1677/1931/1870 953/1231/1169 952/1228/1166
f 1678/1932/1871 952/1228/1166 945/1230/1168
f 939/463/432 1679/457/427 1681/1933/1872
f 941/1927/1866 1681/1933/1872 1682/1934/1873
f 942/1928/1867 1682/1934/1873 1683/1935/1874
f 943/1929/1868 1683/1935/1874 1680/493/458
f 1679/457/427 930/456/426 933/1919/1858
f 1681/1933/1872 933/1919/1858 932/1921/1860
f 1682/1934/1873 932/1921/1860 931/1923/1862
f 1683/1935/1874 931/1923/1862 929/459/428
f 946/462/431 1684/412/389 1686/1936/1875
f 957/1223/1876 1686/1941/1879 1685/520/482
f 1684/412/389 840/1195/1128 849/1197/1877
f 1686/1941/1879 842/1940/1123 839/521/483
f 1687/392/369 1689/1945/1883 815/1183/1880
f 1689/1944/1882 1688/1947/445 801/1167/1100
f 908/450/422 910/1215/1149 1689/1945/1883
f 910/1946/1143 907/2195/447 1688/1947/445
f 982/557/516 1690/556/515 1692/1948/1884
f 985/1949/1885 1692/1948/1884 1693/1950/1886
f 984/1951/1888 1693/1950/1893 1694/1952/1889
f 1694/1954/1889 1691/673/620 981/711/657
f 1690/556/515 966/547/506 968/1956/1891
f 1692/1948/1884 968/1956/1891 969/1957/1892
f 1693/1950/1893 969/1957/1931 970/1958/1894
f 970/1959/1894 967/567/525 1691/673/620
f 1695/593/550 1697/1961/1896 990/1960/1895
f 1697/1961/1896 1698/1963/1902 989/1962/1897
f 1698/1963/1898 1699/1968/1904 988/1964/1899
f 988/1965/1899 1699/1969/1904 1696/651/603
f 971/722/668 973/1966/1901 1697/1961/1896
f 973/1966/1901 974/1967/1967 1698/1963/1902
f 974/1967/1903 975/2036/1969 1699/1968/1904
f 1699/1969/1904 975/2037/1969 972/550/509
f 1700/663/612 1702/1971/1906 965/1970/1905
f 1702/1971/1906 1703/1973/1911 964/1972/1907
f 1703/1973/1908 1704/1976/1912 963/1974/1909
f 963/1975/1909 1704/1977/1912 1701/536/498
f 982/557/516 985/1949/1885 1702/1971/1906
f 985/1949/1885 984/1951/1887 1703/1973/1911
f 984/1951/1888 983/1953/1890 1704/1976/1912
f 1704/1977/1912 983/1955/1890 981/711/657
f 977/692/638 1705/558/517 1707/1978/1913
f 980/1979/1914 1707/1978/1913 1708/1980/1915
f 979/1981/1917 1708/1980/1920 1709/1982/1918
f 1709/1984/1918 1706/555/514 976/542/502
f 1705/558/517 987/540/501 990/1960/1895
f 1707/1978/1913 990/1960/1895 989/1962/1897
f 1708/1980/1920 989/1962/1900 988/1964/1899
f 988/1965/1899 986/553/512 1706/555/514
f 992/693/639 1710/687/633 1712/1986/1921
f 995/1987/1922 1712/1986/1921 1713/1988/1923
f 994/1990/1925 1713/1993/1928 1714/1991/1926
f 1714/1991/1926 1711/544/504 991/561/519
f 1710/687/633 977/692/638 980/1979/1914
f 1712/1986/1921 980/1979/1914 979/1981/1916
f 1713/1993/1928 979/2196/1917 978/1985/1919
f 978/1985/1919 976/542/502 1711/544/504
f 966/547/506 1715/546/505 1717/1994/1929
f 968/1956/1891 1717/1994/1929 1718/1995/1930
f 969/1957/1931 1718/1995/1935 1719/1996/1932
f 1719/1997/1932 1716/565/523 967/567/525
f 1715/546/505 996/576/533 998/1998/1933
f 1717/1994/1929 998/1998/1933 999/1999/1934
f 1718/1995/1935 999/1999/1939 1000/2000/1936
f 1000/2001/1936 997/564/522 1716/565/523
f 996/576/533 1720/585/542 1722/2002/1937
f 998/1998/1933 1722/2002/1937 1723/2003/1938
f 999/1999/1939 1723/2003/1943 1724/2004/1940
f 1724/2005/1940 1721/562/520 997/564/522
f 1720/585/542 1006/584/541 1008/2006/1941
f 1722/2002/1937 1008/2006/1941 1009/2007/1942
f 1723/2003/1943 1009/2007/1959 1010/2008/1944
f 1010/2009/1944 1007/574/532 1721/562/520
f 1002/723/669 1725/716/662 1727/2010/1945
f 1005/2011/1946 1727/2010/1945 1728/2012/1947
f 1004/2014/1949 1728/2017/1952 1729/2015/1950
f 1003/2016/1951 1729/2015/1950 1726/569/527
f 1725/716/662 992/693/639 995/1987/1922
f 1727/2010/1945 995/1987/1922 994/1989/1924
f 1728/2017/1952 994/1990/1925 993/1992/1927
f 993/1992/1927 991/561/519 1726/569/527
f 1730/701/647 1732/2018/1953 1042/1273/1214
f 1732/2018/1953 1733/2020/1955 1043/2019/1954
f 1733/2020/1955 1734/2023/1956 1034/2021/1201
f 1734/2022/1956 1731/667/614 1029/715/661
f 1012/1248/1189 1022/1247/1188 1732/2018/1953
f 1022/1247/1188 1015/1251/1192 1733/2020/1955
f 1015/1251/1192 1014/1241/1182 1734/2023/1956
f 1014/1241/1182 1011/1238/1179 1731/2024/614
f 1006/584/541 1735/686/632 1737/2025/1957
f 1008/2006/1941 1737/2025/1961 1738/2026/1958
f 1009/2007/1959 1738/2026/1962 1739/2027/1960
f 1010/2009/1944 1739/2029/1960 1736/572/530
f 1735/686/632 1031/699/645 1044/1272/1213
f 1737/2025/1961 1044/1272/1213 1038/1276/1217
f 1738/2026/1962 1038/1276/1209 1037/2028/1207
f 1739/2029/1960 1037/1265/1207 1030/581/538
f 1012/1248/1189 1740/700/646 1742/2030/1963
f 1020/1246/1187 1742/2030/1963 1743/2031/1964
f 1021/1257/1190 1743/2033/1964 1744/2032/1965
f 1026/1254/1195 1744/2032/1965 1741/578/535
f 1740/700/646 1002/723/669 1005/2011/1946
f 1742/2030/1963 1005/2011/1946 1004/2013/1948
f 1743/2033/1964 1004/2014/1949 1003/2016/1951
f 1744/2032/1965 1003/2016/1951 1001/571/529
f 1745/601/558 1747/2034/1966 973/1966/1901
f 1747/2034/1966 1748/2035/1971 974/1967/1967
f 1748/2035/1968 1749/2040/1973 975/2036/1969
f 975/2037/1969 1749/2041/1973 1746/696/642
f 1052/662/611 1054/2038/1970 1747/2034/1966
f 1054/2038/1970 1055/2039/1989 1748/2035/1971
f 1055/2039/1972 1056/2059/1991 1749/2040/1973
f 1749/2041/1973 1056/2061/1991 1053/590/547
f 1750/508/470 1752/2043/1975 1051/2042/1974
f 1752/2043/1975 1753/2045/1980 1050/2044/1976
f 1753/2045/1977 1754/2048/1981 1049/2046/1978
f 1049/2047/1978 1754/2049/1981 1751/586/543
f 962/510/472 965/1970/1905 1752/2043/1975
f 965/1970/1905 964/1972/1907 1753/2045/1980
f 964/1972/1910 963/1974/1909 1754/2048/1981
f 1754/2049/1981 963/1975/1909 961/548/507
f 1064/1292/1237 1755/677/623 1757/2050/1982
f 1075/1290/1235 1757/2050/1982 1758/2051/1983
f 1076/1283/1224 1758/2051/1983 1759/2052/1984
f 1066/1279/1220 1759/2052/1984 1756/652/604
f 1755/677/623 1057/679/625 1059/2053/1985
f 1757/2050/1982 1059/2053/1985 1060/2054/1986
f 1758/2051/1983 1060/2054/1986 1061/2055/1987
f 1759/2052/1984 1061/2055/1987 1058/2056/553
f 1760/678/624 1762/2057/1988 1054/2038/1970
f 1762/2057/1988 1763/2058/1993 1055/2039/1989
f 1763/2058/1990 1764/2062/1992 1056/2059/1991
f 1764/2060/1992 1761/598/555 1053/590/547
f 1064/1292/1237 1077/1291/1236 1762/2057/1988
f 1077/1291/1236 1071/1294/1239 1763/2058/1993
f 1071/1294/1994 1070/1288/1229 1764/2062/1992
f 1070/2063/1229 1063/2182/1226 1761/598/555
f 1765/680/626 1767/2064/1995 1059/2053/1985
f 1767/2064/1995 1768/2065/1997 1060/2054/1986
f 1768/2065/1996 1769/2067/1998 1061/2055/1987
f 1061/2066/1987 1769/2068/1998 1766/594/551
f 1048/708/654 1051/2042/1974 1767/2064/1995
f 1051/2042/1974 1050/2044/1976 1768/2065/1997
f 1050/2044/1979 1049/2046/1978 1769/2067/1998
f 1049/2047/1978 1047/588/545 1766/594/551
f 1770/676/622 1772/2070/2000 1104/2069/1999
f 1773/2072/2002 1774/2074/2004 1102/2073/2003
f 1774/2074/2004 1771/720/666 1100/721/667
f 1085/623/578 1087/2075/2005 1772/2070/2000
f 1087/2075/2005 1088/2076/2006 1773/2072/2002
f 1088/2076/2006 1089/2077/2007 1774/2074/2004
f 1089/2077/2007 1086/719/665 1771/720/666
f 1106/617/572 1775/616/571 1777/2078/2008
f 1109/2079/2009 1777/2078/2008 1778/2080/2010
f 1108/2081/2011 1778/2080/2010 1779/2082/2012
f 1107/2083/2013 1779/2082/2012 1776/657/607
f 1777/2078/2008 1092/2084/2014 1093/2085/2015
f 1778/2080/2010 1093/2085/2015 1094/2086/2016
f 1779/2082/2012 1094/2086/2016 1091/658/608
f 1081/613/568 1780/604/560 1782/2087/2017
f 1084/2088/2018 1782/2087/2017 1783/2089/2019
f 1083/2090/2020 1783/2089/2019 1784/2091/2021
f 1082/2092/2022 1784/2091/2021 1781/674/621
f 1780/604/560 1101/603/559 1104/2069/1999
f 1782/2087/2017 1104/2069/1999 1103/2071/2001
f 1783/2089/2019 1103/2071/2001 1102/2073/2003
f 1784/2091/2021 1102/2073/2003 1100/721/667
f 1787/2094/2024 1788/2096/2026 1098/2095/2025
f 1789/2098/2028 1786/695/641 1095/712/658
f 1106/617/572 1109/2079/2009 1787/2094/2024
f 1109/2079/2009 1108/2081/2011 1788/2096/2026
f 1107/2083/2013 1105/660/610 1786/695/641
f 1792/2100/2030 1793/2102/2032 1113/2101/2031
f 1794/2104/2034 1791/626/581 1110/610/565
f 1096/659/609 1099/2093/2023 1792/2100/2030
f 1099/2093/2023 1098/2095/2025 1793/2102/2032
f 1097/2097/2027 1095/712/658 1791/626/581
f 1795/624/579 1797/2105/2035 1087/2075/2005
f 1797/2105/2035 1798/2106/2036 1088/2076/2006
f 1798/2106/2036 1799/2107/2037 1089/2077/2007
f 1799/2107/2037 1796/606/562 1086/719/665
f 1115/629/584 1117/2108/2038 1797/2105/2035
f 1117/2108/2038 1118/2109/2039 1798/2106/2036
f 1118/2109/2039 1119/2110/2040 1799/2107/2037
f 1119/2110/2040 1116/672/619 1796/606/562
f 1800/630/585 1802/2111/2041 1117/2108/2038
f 1802/2111/2041 1803/2112/2042 1118/2109/2039
f 1803/2112/2042 1804/2113/2043 1119/2110/2040
f 1804/2113/2043 1801/713/659 1116/672/619
f 1125/634/589 1127/2114/2044 1802/2111/2041
f 1127/2114/2044 1128/2115/2045 1803/2112/2042
f 1128/2115/2045 1129/2116/2046 1804/2113/2043
f 1129/2116/2046 1126/710/656 1801/713/659
f 1805/625/580 1807/2118/2048 1124/2117/2047
f 1807/2118/2048 1808/2120/2050 1123/2119/2049
f 1808/2120/2050 1809/2122/2052 1122/2121/2051
f 1111/689/635 1114/2099/2029 1807/2118/2048
f 1114/2099/2029 1113/2101/2031 1808/2120/2050
f 1113/2101/2031 1112/2103/2033 1809/2122/2052
f 1112/2103/2033 1110/610/565 1806/612/567
f 1147/718/664 1810/671/618 1812/2123/2053
f 1150/1310/1259 1812/2123/2053 1813/2124/2054
f 1151/1312/1261 1813/2124/2054 1814/2125/2055
f 1158/1318/1267 1814/2125/2055 1811/703/649
f 1810/671/618 1130/670/617 1133/1296/1242
f 1812/2123/2053 1133/1296/1242 1143/1300/1246
f 1813/2124/2054 1143/1300/1246 1142/1306/1254
f 1814/2125/2055 1142/1306/1254 1132/704/650
f 1815/636/591 1817/2126/2056 1127/2114/2044
f 1817/2126/2056 1818/2127/2057 1128/2115/2045
f 1818/2127/2057 1819/2128/2058 1129/2116/2046
f 1819/2128/2058 1816/690/636 1126/710/656
f 1149/1324/1273 1163/1323/1272 1817/2126/2056
f 1163/1323/1272 1157/1326/1275 1818/2127/2057
f 1157/1326/1275 1156/1317/1266 1819/2128/2058
f 1156/1317/1266 1148/705/651 1816/690/636
f 1820/631/586 1822/2129/2059 1137/1304/1250
f 1824/2131/2061 1821/702/648 1132/704/650
f 1123/2119/2049 1122/2121/2051 1824/2131/2061
f 1122/2121/2051 1120/633/588 1821/702/648
f 1092/2084/2014 1827/2132/2062 1828/2133/2063
f 1093/2085/2015 1828/2133/2063 1829/2134/2064
f 1094/2086/2016 1829/2134/2064 1826/697/643
f 1825/641/594 1171/642/595 1173/2135/2065
f 1827/2132/2062 1173/2135/2065 1174/2136/2066
f 1829/2134/2064 1175/2137/2067 1172/664/613
f 1167/643/596 1830/614/569 1832/2138/2068
f 1170/2139/2069 1832/2138/2068 1833/2140/2070
f 1169/2141/2071 1833/2140/2070 1834/2142/2072
f 1168/2143/2073 1834/2142/2072 1831/647/599
f 1830/614/569 1081/613/568 1084/2088/2018
f 1832/2138/2068 1084/2088/2018 1083/2090/2020
f 1833/2140/2070 1083/2090/2020 1082/2092/2022
f 1834/2142/2072 1082/2092/2022 1080/638/593
f 1835/656/606 1837/2144/2074 1184/1329/1278
f 1837/2144/2074 1838/2197/2075 1185/2145/1287
f 1838/2146/2075 1839/2147/2076 1192/1334/1283
f 1839/2147/2076 1836/684/630 1182/1335/1284
f 1176/655/602 1178/2198/2077 1837/2144/2074
f 1178/2148/2077 1179/2150/2078 1838/2146/2075
f 1179/2150/2078 1180/2151/2079 1839/2147/2076
f 1171/642/595 1840/648/600 1842/2152/2080
f 1174/2136/2066 1843/2153/2081 1844/2154/2082
f 1175/2137/2067 1844/2154/2082 1841/683/629
f 1840/648/600 1183/649/601 1195/1342/1291
f 1842/2152/2080 1195/1342/1291 1191/1336/1285
f 1843/2153/2081 1191/1336/1285 1190/1333/1282
f 1844/2154/2082 1190/1333/1282 1182/1335/1284
f 1176/650/602 1845/644/597 1847/2155/2083
f 1178/2148/2077 1847/2155/2083 1848/2156/2084
f 1179/2150/2078 1848/2156/2084 1849/2157/2085
f 1180/2151/2079 1849/2157/2085 1846/682/628
f 1845/644/597 1167/643/596 1170/2139/2069
f 1847/2155/2083 1170/2139/2069 1169/2141/2071
f 1848/2156/2084 1169/2141/2071 1168/2143/2073
f 1849/2157/2085 1168/2143/2073 1166/646/598
f 1183/649/601 1850/599/556 1852/2158/2086
f 1186/1328/1277 1852/2162/2089 1851/706/652
f 1850/599/556 1063/2182/1226 1072/2160/2087
f 1852/2162/2089 1065/2192/1221 1062/707/653
f 1853/579/536 1855/2164/2095 1025/2163/1196
f 1856/2167/2094 1854/668/615 1011/2168/1179
f 1131/637/592 1139/1303/1249 1855/2164/2095
f 1139/2170/1243 1130/670/617 1854/668/615
f 1149/1324/1273 1857/635/590 1859/2171/2096
f 1161/1322/1271 1859/2171/2096 1860/2172/2097
f 1162/1314/1263 1860/2172/2097 1861/2173/2098
f 1152/1311/1260 1861/2173/2098 1858/714/660
f 1857/635/590 1030/581/538 1039/1266/1208
f 1859/2171/2096 1039/1266/1208 1033/1260/1202
f 1860/2172/2097 1033/1260/1202 1032/1258/1200
f 1861/2173/2098 1032/1258/1200 1029/715/661
