# Pieza del RoverModificado
mtllib Rover.mtl
o RuedaDI
v 0.899166 0.000151 0.519999
v 0.881882 -0.175336 0.519999
v 0.830694 -0.344079 0.519999
v 0.747570 -0.499593 0.519999
v 0.635704 -0.635903 0.519999
v 0.499394 -0.747769 0.519999
v 0.343880 -0.830893 0.519999
v 0.175136 -0.882081 0.519999
v -0.000350 -0.899365 0.520000
v -0.175837 -0.882081 0.520000
v -0.344580 -0.830894 0.520000
v -0.500095 -0.747769 0.520000
v -0.636404 -0.635903 0.520000
v -0.748271 -0.499593 0.520001
v -0.831394 -0.344079 0.520001
v -0.882582 -0.175336 0.520001
v -0.899866 0.000151 0.520001
v -0.882582 0.175638 0.520001
v -0.831395 0.344381 0.520001
v -0.748270 0.499895 0.520000
v -0.636404 0.636205 0.520000
v -0.500095 0.748071 0.520000
v -0.344580 0.831195 0.520000
v -0.175837 0.882383 0.520000
v -0.000350 0.899667 0.520000
v 0.175136 0.882383 0.519999
v 0.343880 0.831195 0.519999
v 0.499394 0.748071 0.519999
v 0.635704 0.636205 0.519999
v 0.747570 0.499895 0.519999
v 0.830694 0.344381 0.519999
v 0.881882 0.175638 0.519999
v 0.899165 0.000151 -0.520001
v 0.881880 -0.175336 -0.520001
v 0.830693 -0.344079 -0.520001
v 0.747569 -0.499593 -0.520001
v 0.635702 -0.635903 -0.520001
v 0.499393 -0.747769 -0.520001
v 0.343879 -0.830893 -0.520001
v 0.175135 -0.882081 -0.520000
v -0.000352 -0.899365 -0.520000
v -0.175838 -0.882081 -0.520000
v -0.344581 -0.830893 -0.520000
v -0.500096 -0.747769 -0.520000
v -0.636405 -0.635903 -0.520000
v -0.748272 -0.499593 -0.519999
v -0.831396 -0.344079 -0.519999
v -0.882583 -0.175336 -0.519999
v -0.899867 0.000151 -0.519999
v -0.882583 0.175638 -0.519999
v -0.831396 0.344381 -0.519999
v -0.748272 0.499895 -0.519999
v -0.636405 0.636205 -0.519999
v -0.500096 0.748071 -0.520000
v -0.344581 0.831195 -0.520000
v -0.175839 0.882383 -0.520000
v -0.000352 0.899667 -0.520000
v 0.175135 0.882383 -0.520000
v 0.343879 0.831195 -0.520001
v 0.499392 0.748071 -0.520001
v 0.635702 0.636205 -0.520001
v 0.747569 0.499895 -0.520001
v 0.830693 0.344381 -0.520001
v 0.881880 0.175638 -0.520001
v 1.003894 -0.200992 -0.520001
v 1.023488 -0.002057 -0.520001
v 0.945867 -0.392283 -0.520001
v 0.851637 -0.568577 -0.520001
v 0.724822 -0.723100 -0.520001
v 0.570299 -0.849914 -0.520001
v 0.394005 -0.944146 -0.520001
v 0.202714 -1.002173 -0.520001
v 0.003779 -1.021766 -0.520000
v -0.195157 -1.002173 -0.520000
v -0.386447 -0.944146 -0.520000
v -0.562741 -0.849914 -0.520000
v -0.717265 -0.723100 -0.519999
v -0.844079 -0.568577 -0.519999
v -0.938310 -0.392283 -0.519999
v -0.996337 -0.200992 -0.519999
v -1.015931 -0.002057 -0.519999
v -0.996337 0.196879 -0.519999
v -0.938310 0.388169 -0.519999
v -0.844078 0.564463 -0.519999
v -0.717265 0.718987 -0.519999
v -0.562741 0.845801 -0.520000
v -0.386447 0.940032 -0.520000
v -0.195157 0.998060 -0.520000
v 0.003779 1.017653 -0.520000
v 0.202714 0.998060 -0.520001
v 0.394005 0.940032 -0.520001
v 0.570299 0.845801 -0.520001
v 0.724822 0.718987 -0.520001
v 0.851637 0.564463 -0.520001
v 0.945867 0.388169 -0.520001
v 1.003894 0.196879 -0.520001
v 1.028201 0.000151 0.519998
v 1.008438 -0.200510 0.519999
v 0.949908 -0.393459 0.519999
v 0.854859 -0.571282 0.519999
v 0.726946 -0.727145 0.519999
v 0.571083 -0.855058 0.519999
v 0.393260 -0.950107 0.519999
v 0.200311 -1.008637 0.519999
v -0.000350 -1.028401 0.520000
v -0.201011 -1.008637 0.520000
v -0.393960 -0.950107 0.520000
v -0.571783 -0.855059 0.520000
v -0.727646 -0.727145 0.520000
v -0.855560 -0.571282 0.520001
v -0.950608 -0.393459 0.520001
v -1.009138 -0.200510 0.520001
v -1.028902 0.000151 0.520001
v -1.009138 0.200811 0.520001
v -0.950608 0.393760 0.520001
v -0.855560 0.571584 0.520001
v -0.727646 0.727447 0.520001
v -0.571783 0.855360 0.520000
v -0.393960 0.950408 0.520000
v -0.201011 1.008939 0.520000
v -0.000350 1.028703 0.520000
v 0.200311 1.008939 0.519999
v 0.393260 0.950408 0.519999
v 0.571082 0.855360 0.519999
v 0.726946 0.727447 0.519999
v 0.854859 0.571584 0.519999
v 0.949908 0.393760 0.519999
v 1.008438 0.200811 0.519998
v -0.000351 0.096623 0.459998
v -0.048587 0.083698 0.459998
v -0.083898 0.048387 0.459998
v -0.096823 0.000151 0.459998
v -0.083898 -0.048085 0.459998
v -0.048587 -0.083397 0.459998
v -0.000351 -0.096322 0.459998
v 0.047886 -0.083397 0.459998
v 0.083197 -0.048085 0.459998
v 0.096122 0.000151 0.459998
v 0.083197 0.048387 0.459998
v 0.047886 0.083698 0.459998
v -0.000351 0.200151 0.336664
v -0.000351 0.200151 0.183331
v -0.100351 0.173356 0.183331
v -0.100351 0.173356 0.336664
v -0.173556 0.100151 0.183331
v -0.173556 0.100151 0.336665
v -0.200351 0.000151 0.183331
v -0.200351 0.000151 0.336665
v -0.173556 -0.099849 0.183331
v -0.173556 -0.099849 0.336665
v -0.100351 -0.173054 0.183331
v -0.100351 -0.173054 0.336665
v -0.000351 -0.199849 0.183331
v -0.000351 -0.199849 0.336664
v 0.099649 -0.173054 0.183331
v 0.099649 -0.173054 0.336664
v 0.172854 -0.099849 0.183331
v 0.172854 -0.099849 0.336664
v 0.199649 0.000151 0.183331
v 0.199649 0.000151 0.336664
v 0.172854 0.100151 0.183331
v 0.172854 0.100151 0.336664
v 0.099649 0.173356 0.183331
v 0.099649 0.173356 0.336664
v -0.181524 0.876299 -0.163336
v -0.181525 0.876299 -0.416669
v -0.281525 0.849504 -0.416669
v -0.281524 0.849504 -0.163335
v -0.849704 0.281324 -0.416668
v -0.849704 0.281324 -0.163335
v -0.876499 0.181324 -0.416668
v -0.876499 0.181324 -0.163335
v -0.668531 -0.594824 -0.416668
v -0.668531 -0.594824 -0.163335
v -0.595326 -0.668029 -0.416668
v -0.595326 -0.668029 -0.163335
v 0.180822 -0.875997 -0.416669
v 0.180822 -0.875997 -0.163336
v 0.280822 -0.849202 -0.416669
v 0.280823 -0.849202 -0.163336
v 0.849002 -0.281023 -0.416670
v 0.849002 -0.281023 -0.163337
v 0.875796 -0.181023 -0.416670
v 0.875797 -0.181023 -0.163337
v 0.667828 0.595125 -0.416670
v 0.667828 0.595125 -0.163336
v 0.594623 0.668330 -0.416669
v 0.594623 0.668330 -0.163336
v -0.000351 0.200151 0.459998
v -0.100351 0.173356 0.459998
v -0.173556 0.100151 0.459998
v -0.200350 0.000151 0.459998
v -0.173556 -0.099849 0.459998
v -0.100351 -0.173054 0.459998
v -0.000351 -0.199849 0.459998
v 0.099649 -0.173054 0.459998
v 0.172854 -0.099849 0.459998
v 0.199649 0.000151 0.459998
v 0.172854 0.100151 0.459998
v 0.099649 0.173356 0.459998
v -0.000351 0.096623 0.359998
v -0.048587 0.083698 0.359998
v -0.083898 0.048387 0.359998
v -0.096823 0.000151 0.359998
v -0.083898 -0.048085 0.359998
v -0.048587 -0.083397 0.359998
v -0.000351 -0.096322 0.359998
v 0.047885 -0.083397 0.359998
v 0.083197 -0.048085 0.359998
v 0.096122 0.000151 0.359998
v 0.083197 0.048387 0.359998
v 0.047885 0.083698 0.359998
v 0.221933 1.101950 -0.190667
v 0.221051 1.105939 0.190666
v 0.432960 1.037935 -0.190667
v 0.432687 1.041740 0.190666
v 0.937810 0.623616 -0.190668
v 0.938992 0.626226 0.190665
v 1.041764 0.429132 -0.190668
v 1.043245 0.431182 0.190665
v 0.797911 0.794083 -0.190668
v 0.798690 0.797185 0.190666
v 0.627445 0.933981 -0.190668
v 0.627732 0.937487 0.190666
v 0.002471 1.123565 -0.190667
v 0.000957 1.127616 0.190666
v -0.428018 1.037935 -0.190667
v -0.430773 1.041740 0.190667
v -0.216990 1.101950 -0.190667
v -0.219137 1.105939 0.190667
v -0.792969 0.794083 -0.190666
v -0.796776 0.797185 0.190667
v -0.622503 0.933981 -0.190666
v -0.625817 0.937486 0.190667
v -1.036822 0.429132 -0.190666
v -1.041331 0.431182 0.190668
v -0.932867 0.623616 -0.190666
v -0.937077 0.626226 0.190667
v -1.122452 -0.001358 -0.190666
v -1.127207 -0.000548 0.190668
v -1.100836 0.218104 -0.190666
v -1.105530 0.219546 0.190668
v -1.036822 -0.431847 -0.190666
v -1.041331 -0.432278 0.190668
v -1.100836 -0.220819 -0.190666
v -1.105530 -0.220642 0.190668
v -0.792969 -0.796798 -0.190666
v -0.796776 -0.798281 0.190667
v -0.932868 -0.626331 -0.190666
v -0.937077 -0.627323 0.190668
v -0.428018 -1.040651 -0.190667
v -0.430773 -1.042837 0.190667
v -0.622502 -0.936697 -0.190666
v -0.625817 -0.938583 0.190667
v 0.002471 -1.126280 -0.190667
v 0.000957 -1.128713 0.190666
v -0.216990 -1.104665 -0.190667
v -0.219137 -1.107036 0.190667
v 0.432960 -1.040651 -0.190667
v 0.432687 -1.042836 0.190666
v 0.221933 -1.104665 -0.190667
v 0.221051 -1.107036 0.190666
v 0.797911 -0.796798 -0.190668
v 0.798690 -0.798281 0.190665
v 0.627445 -0.936697 -0.190668
v 0.627732 -0.938583 0.190666
v 1.041764 -0.431847 -0.190668
v 1.043245 -0.432278 0.190665
v 0.937810 -0.626331 -0.190668
v 0.938992 -0.627323 0.190665
v 1.105777 0.218104 -0.190668
v 1.107444 0.219546 0.190665
v 1.127393 -0.001358 -0.190668
v 1.129121 -0.000548 0.190665
v 1.105777 -0.220819 -0.190668
v 1.107444 -0.220642 0.190665
v -0.000352 0.200151 -0.254447
v -0.000352 0.200151 -0.352224
v -0.100352 0.173356 -0.352224
v -0.100352 0.173356 -0.254447
v -0.173557 0.100151 -0.352224
v -0.173557 0.100151 -0.254446
v -0.200351 0.000151 -0.352224
v -0.200351 0.000151 -0.254446
v -0.173557 -0.099849 -0.352224
v -0.173557 -0.099849 -0.254446
v -0.100352 -0.173054 -0.352224
v -0.100352 -0.173054 -0.254446
v -0.000352 -0.199849 -0.352224
v -0.000351 -0.199849 -0.254447
v 0.099648 -0.173054 -0.352224
v 0.099649 -0.173054 -0.254447
v 0.172854 -0.099849 -0.352225
v 0.172854 -0.099849 -0.254447
v 0.199649 0.000151 -0.352225
v 0.199649 0.000151 -0.254447
v 0.172854 0.100151 -0.352225
v 0.172854 0.100151 -0.254447
v 0.099648 0.173356 -0.352225
v 0.099649 0.173356 -0.254447
v -0.595327 0.668330 -0.352224
v -0.595327 0.668330 -0.254446
v -0.668532 0.595125 -0.352224
v -0.668532 0.595125 -0.254446
v -0.281525 -0.849202 -0.352224
v -0.281525 -0.849202 -0.254446
v -0.181525 -0.875997 -0.352224
v -0.181525 -0.875997 -0.254446
v 0.875796 0.181324 -0.352225
v 0.875796 0.181324 -0.254448
v 0.849002 0.281324 -0.352225
v 0.849002 0.281324 -0.254448
v 0.988353 0.405679 -0.514801
v 1.048993 0.205781 -0.514801
v 0.757361 0.751384 -0.514801
v 0.889882 0.589907 -0.514801
v 0.411658 0.982376 -0.514800
v 0.595885 0.883904 -0.514800
v 0.003872 1.063490 -0.514800
v 0.211759 1.043015 -0.514800
v -0.403915 0.982376 -0.514799
v -0.204016 1.043015 -0.514800
v -0.749619 0.751384 -0.514799
v -0.588142 0.883904 -0.514799
v -0.980611 0.405679 -0.514799
v -0.882139 0.589907 -0.514799
v -1.061724 -0.002106 -0.514799
v -1.041249 0.205781 -0.514799
v -0.980611 -0.409893 -0.514799
v -1.041249 -0.209994 -0.514799
v -0.749619 -0.755597 -0.514799
v -0.882139 -0.594120 -0.514799
v -0.403914 -0.986589 -0.514799
v -0.588142 -0.888117 -0.514799
v 0.003872 -1.067702 -0.514800
v -0.204016 -1.047227 -0.514800
v 0.411657 -0.986589 -0.514800
v 0.211759 -1.047227 -0.514800
v 0.757361 -0.755597 -0.514801
v 0.595885 -0.888117 -0.514801
v 0.988353 -0.409892 -0.514801
v 0.889882 -0.594120 -0.514801
v 1.069467 -0.002106 -0.514801
v 1.048993 -0.209994 -0.514801
v 1.053740 -0.209490 0.514799
v 1.074393 0.000201 0.514799
v 0.893250 -0.596946 0.514799
v 0.992575 -0.411121 0.514799
v 0.596703 -0.893493 0.514799
v 0.759580 -0.759823 0.514799
v 0.209247 -1.053983 0.514800
v 0.410879 -0.992819 0.514800
v -0.210133 -1.053983 0.514800
v -0.000443 -1.074635 0.514800
v -0.597590 -0.893493 0.514801
v -0.411765 -0.992819 0.514800
v -0.894137 -0.596946 0.514801
v -0.760467 -0.759824 0.514801
v -1.054627 -0.209490 0.514801
v -0.993462 -0.411122 0.514801
v -1.054627 0.209891 0.514801
v -1.075279 0.000201 0.514801
v -0.894137 0.597348 0.514801
v -0.993462 0.411522 0.514801
v -0.597591 0.893894 0.514801
v -0.760467 0.760224 0.514801
v -0.210133 1.054384 0.514800
v -0.411765 0.993219 0.514800
v 0.209247 1.054384 0.514800
v -0.000443 1.075037 0.514800
v 0.596703 0.893894 0.514799
v 0.410879 0.993219 0.514800
v 0.893250 0.597348 0.514799
v 0.759580 0.760225 0.514799
v 1.053740 0.209891 0.514799
v 0.992575 0.411522 0.514799
v 0.242985 1.216628 0.188760
v 0.475784 1.146009 0.188760
v 1.032719 0.688944 0.188759
v 1.147398 0.474395 0.188759
v 0.878387 0.876998 0.188759
v 0.690333 1.031330 0.188759
v 0.000881 1.240473 0.188760
v -0.474022 1.146009 0.188761
v -0.241222 1.216628 0.188760
v -0.876625 0.876998 0.188761
v -0.688571 1.031330 0.188761
v -1.145636 0.474395 0.188761
v -1.030956 0.688944 0.188761
v -1.240100 -0.000508 0.188761
v -1.216254 0.241596 0.188761
v -1.145635 -0.475411 0.188761
v -1.216254 -0.242611 0.188761
v -0.876624 -0.878014 0.188761
v -1.030956 -0.689960 0.188761
v -0.474021 -1.147024 0.188760
v -0.688571 -1.032346 0.188761
v 0.000881 -1.241489 0.188760
v -0.241222 -1.217644 0.188760
v 0.475784 -1.147024 0.188759
v 0.242985 -1.217644 0.188760
v 0.878387 -0.878014 0.188759
v 0.690333 -1.032346 0.188759
v 1.147398 -0.475411 0.188759
v 1.032719 -0.689960 0.188759
v 1.218017 0.241596 0.188759
v 1.241862 -0.000508 0.188759
v 1.218017 -0.242611 0.188759
v 0.243954 1.212240 -0.188760
v 0.476085 1.141824 -0.188760
v 1.031419 0.686073 -0.188761
v 1.145769 0.472140 -0.188761
v 0.877531 0.873586 -0.188761
v 0.690018 1.027475 -0.188761
v 0.002547 1.236016 -0.188760
v -0.470991 1.141824 -0.188759
v -0.238861 1.212240 -0.188760
v -0.872438 0.873586 -0.188759
v -0.684924 1.027474 -0.188759
v -1.140675 0.472140 -0.188759
v -1.026325 0.686073 -0.188759
v -1.234868 -0.001398 -0.188759
v -1.211091 0.240010 -0.188759
v -1.140675 -0.474936 -0.188759
v -1.211091 -0.242806 -0.188759
v -0.872437 -0.876382 -0.188759
v -1.026326 -0.688869 -0.188759
v -0.470991 -1.144620 -0.188759
v -0.684924 -1.030271 -0.188759
v 0.002547 -1.238813 -0.188760
v -0.238861 -1.215036 -0.188760
v 0.476085 -1.144620 -0.188760
v 0.243954 -1.215036 -0.188760
v 0.877531 -0.876382 -0.188761
v 0.690018 -1.030271 -0.188761
v 1.145769 -0.474936 -0.188761
v 1.031419 -0.688869 -0.188761
v 1.216184 0.240009 -0.188761
v 1.239961 -0.001398 -0.188761
v 1.216184 -0.242806 -0.188761
v -0.130874 0.687270 0.156016
v -0.103644 0.585646 0.294584
v -0.078231 0.490804 0.378745
v -0.039570 0.346518 0.401606
v -0.203644 0.558851 0.294584
v -0.230874 0.660475 0.156016
v -0.139570 0.319723 0.401606
v -0.178231 0.464009 0.378745
v -0.346718 0.039370 0.401606
v -0.491004 0.078031 0.378745
v -0.585846 0.103444 0.294584
v -0.687470 0.130674 0.156016
v -0.464209 0.178031 0.378745
v -0.319923 0.139370 0.401606
v -0.660675 0.230674 0.156016
v -0.559051 0.203444 0.294584
v 0.206798 0.280504 0.401606
v 0.312422 0.386128 0.378745
v 0.381851 0.455558 0.294583
v 0.456245 0.529952 0.156015
v 0.385626 0.312923 0.378745
v 0.280003 0.207299 0.401606
v 0.529450 0.456747 0.156015
v 0.455056 0.382353 0.294583
v 0.463507 -0.177729 0.378745
v 0.319222 -0.139068 0.401606
v 0.659973 -0.230372 0.156015
v 0.558349 -0.203142 0.294583
v 0.585145 -0.103142 0.294583
v 0.686768 -0.130373 0.156015
v 0.346017 -0.039068 0.401606
v 0.490302 -0.077729 0.378745
v 0.138869 -0.319422 0.401606
v 0.177530 -0.463707 0.378745
v 0.202943 -0.558549 0.294584
v 0.230172 -0.660173 0.156015
v 0.077530 -0.490502 0.378745
v 0.038868 -0.346217 0.401606
v 0.130173 -0.686968 0.156016
v 0.102942 -0.585344 0.294584
v -0.386328 -0.312622 0.378745
v -0.280704 -0.206998 0.401606
v -0.530152 -0.456445 0.156016
v -0.455758 -0.382051 0.294584
v -0.382553 -0.455256 0.294584
v -0.456947 -0.529650 0.156016
v -0.207499 -0.280203 0.401606
v -0.313123 -0.385827 0.378745
v -0.000352 0.200151 -0.872669
v -0.100352 0.173356 -0.872669
v -0.173557 0.100151 -0.872669
v -0.200352 0.000151 -0.872669
v -0.173557 -0.099849 -0.872669
v -0.100352 -0.173054 -0.872669
v -0.000352 -0.199849 -0.872669
v 0.099648 -0.173054 -0.872669
v 0.172853 -0.099849 -0.872669
v 0.199648 0.000151 -0.872669
v 0.172853 0.100151 -0.872669
v 0.099648 0.173356 -0.872669
v -0.130352 0.225317 -1.154248
v -0.000352 0.260151 -1.154248
v -0.000352 0.260151 -0.872715
v -0.225519 0.130151 -1.154248
v -0.260352 0.000151 -1.154248
v -0.225519 -0.129849 -1.154248
v -0.130352 -0.225016 -1.154248
v -0.000352 -0.259849 -1.154248
v 0.129648 -0.225016 -1.154248
v 0.224814 -0.129849 -1.154249
v 0.259648 0.000151 -1.154249
v 0.224814 0.130151 -1.154249
v 0.129648 0.225317 -1.154249
v -0.130352 0.225317 -0.872715
v -0.225518 0.130151 -0.872715
v -0.260352 0.000151 -0.872715
v -0.225518 -0.129849 -0.872715
v -0.130352 -0.225016 -0.872715
v -0.000352 -0.259849 -0.872715
v 0.129648 -0.225016 -0.872715
v 0.224815 -0.129849 -0.872715
v 0.259648 0.000151 -0.872715
v 0.224815 0.130151 -0.872715
v 0.129648 0.225317 -0.872715
v -0.369270 0.890802 0.520000
v -0.188424 0.945661 0.520000
v -0.188424 -0.945359 0.520000
v -0.369270 -0.890500 0.520000
v -0.000350 0.964185 0.520000
v -0.535938 -0.801414 0.520000
v 0.187723 0.945661 0.519999
v -0.682025 -0.681524 0.520000
v 0.368569 0.890802 0.519999
v -0.801915 -0.535438 0.520001
v 0.535238 0.801716 0.519999
v -0.891001 -0.368769 0.520001
v 0.963684 0.000151 0.519999
v 0.945160 -0.187923 0.519999
v 0.681325 0.681826 0.519999
v -0.945860 -0.187923 0.520001
v 0.890300 -0.368769 0.519999
v 0.801214 0.535739 0.519999
v -0.964384 0.000151 0.520001
v 0.801215 -0.535438 0.519999
v 0.890300 0.369071 0.519999
v -0.945861 0.188225 0.520001
v 0.681325 -0.681524 0.519999
v 0.945160 0.188225 0.519999
v -0.891001 0.369071 0.520001
v 0.535238 -0.801414 0.519999
v -0.801915 0.535739 0.520000
v 0.368569 -0.890500 0.519999
v -0.682025 0.681826 0.520000
v 0.187723 -0.945359 0.519999
v -0.535939 0.801716 0.520000
v -0.000350 -0.963883 0.520000
v 0.942888 -0.188164 -0.520001
v 0.888280 -0.368181 -0.520001
v 0.799602 -0.534085 -0.520001
v 0.680262 -0.679502 -0.520001
v 0.534846 -0.798842 -0.520001
v 0.368941 -0.887520 -0.520001
v 0.188925 -0.942127 -0.520000
v 0.001714 -0.960566 -0.520000
v -0.185497 -0.942127 -0.520000
v -0.365514 -0.887520 -0.520000
v -0.531419 -0.798842 -0.520000
v -0.676835 -0.679502 -0.520000
v -0.796175 -0.534085 -0.519999
v -0.884853 -0.368181 -0.519999
v -0.939460 -0.188164 -0.519999
v -0.957899 -0.000953 -0.519999
v -0.939460 0.186258 -0.519999
v -0.884853 0.366275 -0.519999
v -0.796175 0.532179 -0.519999
v -0.676835 0.677596 -0.519999
v -0.531419 0.796936 -0.520000
v -0.365514 0.885614 -0.520000
v -0.185497 0.940221 -0.520000
v 0.001714 0.958660 -0.520000
v 0.188925 0.940221 -0.520000
v 0.368942 0.885614 -0.520001
v 0.534846 0.796936 -0.520001
v 0.680262 0.677596 -0.520001
v 0.799602 0.532179 -0.520001
v 0.888281 0.366275 -0.520001
v 0.942888 0.186258 -0.520001
v 0.961326 -0.000953 -0.520001
v -0.030352 0.312117 0.233010
v -0.085845 0.519221 0.200195
v -0.096030 0.557229 0.166467
v -0.135115 0.703097 -0.032430
v -0.185846 0.492426 0.200195
v -0.130352 0.285322 0.233010
v -0.235115 0.676302 -0.032430
v -0.196030 0.530434 0.166467
v -0.703298 0.134915 -0.032430
v -0.557429 0.095830 0.166468
v -0.519421 0.085645 0.200195
v -0.312317 0.030152 0.233010
v -0.285522 0.130152 0.233010
v -0.492626 0.185645 0.200195
v -0.530634 0.195829 0.166468
v -0.676503 0.234915 -0.032430
v 0.467831 0.541538 -0.032431
v 0.361049 0.434755 0.166467
v 0.333225 0.406931 0.200195
v 0.181614 0.255321 0.233009
v 0.434252 0.361550 0.166467
v 0.541036 0.468333 -0.032431
v 0.254819 0.182116 0.233009
v 0.406429 0.333726 0.200195
v 0.518719 -0.085344 0.200195
v 0.311615 -0.029851 0.233009
v 0.702596 -0.134613 -0.032431
v 0.556727 -0.095528 0.166467
v 0.529933 -0.195528 0.166467
v 0.675800 -0.234613 -0.032431
v 0.284820 -0.129851 0.233009
v 0.491924 -0.185344 0.200195
v 0.234413 -0.676001 -0.032430
v 0.195328 -0.530133 0.166467
v 0.185144 -0.492124 0.200195
v 0.129650 -0.285021 0.233010
v 0.095328 -0.556927 0.166467
v 0.134413 -0.702796 -0.032430
v 0.029650 -0.311816 0.233010
v 0.085144 -0.518919 0.200195
v -0.255521 -0.181814 0.233010
v -0.407131 -0.333425 0.200195
v -0.434955 -0.361249 0.166468
v -0.541739 -0.468032 -0.032430
v -0.333926 -0.406630 0.200195
v -0.182316 -0.255019 0.233010
v -0.468534 -0.541237 -0.032430
v -0.361750 -0.434454 0.166468
vt 0.463198 0.188097
vt 0.370971 0.188097
vt 0.463198 0.172459
vt 0.463198 0.203734
vt 0.370971 0.172460
vt 0.370971 0.203734
vt 0.463198 0.156822
vt 0.463198 0.219372
vt 0.370971 0.156822
vt 0.370971 0.219372
vt 0.463198 0.235009
vt 0.370971 0.235009
vt 0.463198 0.141185
vt 0.370971 0.141185
vt 0.463198 0.250647
vt 0.370971 0.250647
vt 0.463198 0.125547
vt 0.370971 0.125547
vt 0.463198 0.109910
vt 0.463198 0.266284
vt 0.370971 0.109910
vt 0.370971 0.266284
vt 0.463198 0.281921
vt 0.463197 0.094272
vt 0.370971 0.094272
vt 0.370971 0.281921
vt 0.463198 0.078635
vt 0.370971 0.297559
vt 0.370971 0.078635
vt 0.463198 0.297559
vt 0.463197 0.062998
vt 0.370971 0.062998
vt 0.463198 0.313196
vt 0.370971 0.313196
vt 0.463198 0.328834
vt 0.463197 0.047360
vt 0.370971 0.047360
vt 0.370971 0.328834
vt 0.463198 0.344471
vt 0.370971 0.344471
vt 0.463197 0.031723
vt 0.370971 0.547757
vt 0.370971 0.532120
vt 0.463197 0.532120
vt 0.463197 0.516482
vt 0.463198 0.360108
vt 0.370971 0.516482
vt 0.370971 0.360108
vt 0.463197 0.500845
vt 0.463198 0.375746
vt 0.370971 0.375746
vt 0.370971 0.500845
vt 0.463198 0.391383
vt 0.463198 0.485208
vt 0.370971 0.391383
vt 0.370971 0.485208
vt 0.463198 0.407021
vt 0.463198 0.469570
vt 0.370971 0.407021
vt 0.370971 0.469570
vt 0.463198 0.422658
vt 0.463198 0.453933
vt 0.370971 0.453933
vt 0.370971 0.422658
vt 0.463198 0.438295
vt 0.370971 0.438295
vt 0.053261 0.802122
vt 0.035664 0.793556
vt 0.055556 0.793556
vt 0.037959 0.859227
vt 0.018438 0.857847
vt 0.024708 0.851577
vt 0.017057 0.823024
vt 0.008492 0.840620
vt 0.008492 0.820729
vt 0.074163 0.838325
vt 0.072783 0.857847
vt 0.066512 0.851576
vt 0.072783 0.803502
vt 0.066512 0.809773
vt 0.017057 0.838325
vt 0.759651 0.236742
vt 0.751085 0.219145
vt 0.759651 0.221440
vt 0.055556 0.867793
vt 0.053261 0.859227
vt 0.074163 0.823024
vt 0.082729 0.820729
vt 0.024708 0.809773
vt 0.037959 0.802122
vt 0.035664 0.867793
vt 0.082729 0.840620
vt 0.915727 0.083729
vt 0.938390 0.068427
vt 0.938390 0.083729
vt 0.915727 0.114331
vt 0.938390 0.099030
vt 0.938390 0.114331
vt 0.915727 0.144934
vt 0.938390 0.129633
vt 0.938390 0.144934
vt 0.385927 0.944544
vt 0.411633 0.913230
vt 0.411633 0.944544
vt 0.915727 0.175537
vt 0.938390 0.160235
vt 0.938390 0.175537
vt 0.915727 0.206139
vt 0.938390 0.190838
vt 0.938390 0.206139
vt 0.915727 0.236742
vt 0.938390 0.221440
vt 0.938390 0.236742
vt 0.392729 0.626002
vt 0.367023 0.587929
vt 0.392729 0.587929
vt 0.392739 0.626370
vt 0.367033 0.588297
vt 0.392739 0.588297
vt 0.392570 0.626370
vt 0.366864 0.588297
vt 0.392570 0.588297
vt 0.392065 0.586984
vt 0.366359 0.625057
vt 0.366358 0.586984
vt 0.392475 0.625222
vt 0.366769 0.587149
vt 0.392475 0.587149
vt 0.098480 0.984914
vt 0.128781 0.934861
vt 0.131181 0.983294
vt 0.324552 0.774464
vt 0.350258 0.659558
vt 0.350258 0.774464
vt 0.325226 0.775777
vt 0.350932 0.660871
vt 0.350932 0.775777
vt 0.411623 0.944176
vt 0.385917 0.912862
vt 0.411623 0.912862
vt 0.367033 0.731655
vt 0.367033 0.626370
vt 0.385758 0.944544
vt 0.411464 0.913230
vt 0.411464 0.944544
vt 0.385663 0.943396
vt 0.411369 0.912082
vt 0.411369 0.943396
vt 0.350258 0.928233
vt 0.324552 0.887298
vt 0.350258 0.887298
vt 0.325226 0.929546
vt 0.350932 0.888611
vt 0.350932 0.929546
vt 0.308861 0.730507
vt 0.324962 0.659723
vt 0.324962 0.774630
vt 0.203015 0.712239
vt 0.172547 0.742163
vt 0.169824 0.687207
vt 0.206741 0.688296
vt 0.167800 0.646359
vt 0.366769 0.730507
vt 0.392475 0.730507
vt 0.089444 0.802547
vt 0.096080 0.936481
vt 0.173330 0.559910
vt 0.134555 0.601420
vt 0.143669 0.554187
vt 0.137123 0.688827
vt 0.135099 0.647979
vt 0.350668 0.659723
vt 0.366769 0.625222
vt 0.375723 0.796911
vt 0.350668 0.774630
vt 0.375723 0.734902
vt 0.299907 0.796911
vt 0.324962 0.817830
vt 0.367023 0.731287
vt 0.392729 0.731287
vt 0.379575 0.815542
vt 0.405282 0.802674
vt 0.405282 0.815542
vt 0.352735 0.927365
vt 0.327029 0.886430
vt 0.352735 0.886430
vt 0.350668 0.849941
vt 0.350668 0.817830
vt 0.309115 0.731287
vt 0.325216 0.660503
vt 0.325216 0.775409
vt 0.282497 0.890651
vt 0.325216 0.850721
vt 0.325216 0.888243
vt 0.393641 0.890651
vt 0.350922 0.850721
vt 0.393641 0.836793
vt 0.375977 0.797691
vt 0.350922 0.775409
vt 0.375977 0.735682
vt 0.405536 0.816322
vt 0.379829 0.803453
vt 0.405536 0.803453
vt 0.350922 0.660503
vt 0.325216 0.929178
vt 0.350922 0.888243
vt 0.350922 0.929178
vt 0.350922 0.818610
vt 0.379839 0.816690
vt 0.405545 0.803821
vt 0.405545 0.816690
vt 0.325226 0.851088
vt 0.350932 0.818978
vt 0.350932 0.851088
vt 0.375987 0.798059
vt 0.375987 0.736050
vt 0.392739 0.731655
vt 0.366864 0.731655
vt 0.392570 0.731655
vt 0.300171 0.798059
vt 0.325226 0.818978
vt 0.308957 0.731655
vt 0.325057 0.660871
vt 0.325057 0.775777
vt 0.300003 0.798059
vt 0.325057 0.818978
vt 0.350764 0.660871
vt 0.366864 0.626370
vt 0.375818 0.798059
vt 0.350764 0.775777
vt 0.375818 0.736050
vt 0.379671 0.816690
vt 0.405377 0.803821
vt 0.405377 0.816690
vt 0.350764 0.929546
vt 0.325057 0.888611
vt 0.350764 0.888611
vt 0.350764 0.851089
vt 0.350764 0.818978
vt 0.308451 0.730342
vt 0.324552 0.659558
vt 0.299497 0.796746
vt 0.324552 0.817665
vt 0.324552 0.849775
vt 0.350258 0.817665
vt 0.350258 0.849775
vt 0.392065 0.730342
vt 0.392065 0.625057
vt 0.385253 0.943231
vt 0.410959 0.911917
vt 0.410959 0.943231
vt 0.404872 0.815377
vt 0.379166 0.802508
vt 0.404872 0.802508
vt 0.851024 0.083729
vt 0.915727 0.068427
vt 0.052560 0.968036
vt 0.067012 0.952734
vt 0.067012 0.968036
vt 0.851024 0.099030
vt 0.915727 0.099030
vt 0.052560 0.983337
vt 0.067012 0.983337
vt 0.851024 0.114331
vt 0.948007 0.533596
vt 0.557964 0.479113
vt 0.948007 0.479114
vt 0.851024 0.129633
vt 0.915727 0.129633
vt 0.021310 0.952709
vt 0.035762 0.937407
vt 0.035762 0.952709
vt 0.851024 0.144934
vt 0.021310 0.968010
vt 0.035762 0.968010
vt 0.851024 0.160235
vt 0.915727 0.160235
vt 0.021310 0.983311
vt 0.035762 0.983311
vt 0.851024 0.175537
vt 0.488059 0.282086
vt 0.520375 0.063579
vt 0.520375 0.282086
vt 0.915727 0.190838
vt 0.051522 0.897372
vt 0.066823 0.882920
vt 0.066823 0.897372
vt 0.851024 0.206139
vt 0.036221 0.897372
vt 0.051522 0.882920
vt 0.851024 0.221440
vt 0.915727 0.221440
vt 0.020919 0.882920
vt 0.020919 0.897372
vt 0.851024 0.236742
vt 0.589753 0.276734
vt 0.620275 0.058228
vt 0.620275 0.276734
vt 0.851024 0.068427
vt 0.915727 0.053126
vt 0.836572 0.068427
vt 0.851024 0.053126
vt 0.526915 0.058228
vt 0.494599 0.027706
vt 0.526916 0.027706
vt 0.557964 0.309259
vt 0.503482 0.366945
vt 0.503482 0.309259
vt 0.488059 0.033057
vt 0.520375 0.033058
vt 0.557437 0.058228
vt 0.589753 0.058228
vt 0.583213 0.282086
vt 0.613735 0.063579
vt 0.613735 0.282086
vt 0.526915 0.276734
vt 0.494599 0.058228
vt 0.948007 0.421428
vt 0.557964 0.421427
vt 0.557437 0.276734
vt 0.557964 0.366945
vt 0.948007 0.366945
vt 0.948007 0.309259
vt 0.550897 0.063579
vt 0.550897 0.282086
vt 0.583213 0.063579
vt 0.209319 0.591439
vt 0.163364 0.604294
vt 0.379575 0.802674
vt 0.393387 0.889871
vt 0.393387 0.836013
vt 0.296055 0.815542
vt 0.324962 0.849941
vt 0.282243 0.889871
vt 0.324962 0.887463
vt 0.379829 0.816322
vt 0.296309 0.816322
vt 0.325216 0.818610
vt 0.300161 0.797691
vt 0.296319 0.816690
vt 0.282507 0.891019
vt 0.325226 0.888611
vt 0.379839 0.803821
vt 0.393651 0.891019
vt 0.393651 0.837161
vt 0.379671 0.803821
vt 0.393483 0.891019
vt 0.393483 0.837161
vt 0.296150 0.816690
vt 0.325057 0.851089
vt 0.282338 0.891019
vt 0.295645 0.815377
vt 0.281833 0.889706
vt 0.139846 0.743783
vt 0.147088 0.889956
vt 0.759651 0.083729
vt 0.836572 0.083729
vt 0.759651 0.099030
vt 0.836572 0.099030
vt 0.759651 0.114331
vt 0.836572 0.114331
vt 0.759651 0.129633
vt 0.836572 0.129633
vt 0.759651 0.144934
vt 0.836572 0.144934
vt 0.759651 0.160235
vt 0.836572 0.160235
vt 0.759651 0.175536
vt 0.836572 0.175537
vt 0.836572 0.190838
vt 0.759651 0.206139
vt 0.836572 0.206139
vt 0.836572 0.221441
vt 0.836572 0.236742
vt 0.759651 0.068427
vt 0.836573 0.053126
vt 0.904258 0.728522
vt 0.918833 0.703896
vt 0.913384 0.731290
vt 0.674265 0.605589
vt 0.686645 0.579788
vt 0.692694 0.587160
vt 0.894285 0.752601
vt 0.902695 0.757096
vt 0.709869 0.564270
vt 0.714364 0.572680
vt 0.879805 0.774271
vt 0.887177 0.780320
vt 0.735674 0.553581
vt 0.738442 0.562707
vt 0.861377 0.792700
vt 0.867426 0.800071
vt 0.764004 0.557622
vt 0.763069 0.548132
vt 0.714364 0.807179
vt 0.735675 0.826278
vt 0.709869 0.815589
vt 0.839707 0.807179
vt 0.844202 0.815589
vt 0.791001 0.548132
vt 0.790067 0.557622
vt 0.692694 0.792700
vt 0.686645 0.800071
vt 0.815628 0.817153
vt 0.818396 0.826278
vt 0.818396 0.553581
vt 0.815628 0.562706
vt 0.666894 0.780321
vt 0.674265 0.774271
vt 0.790066 0.822237
vt 0.791001 0.831727
vt 0.844202 0.564270
vt 0.839706 0.572680
vt 0.651376 0.757096
vt 0.659786 0.752601
vt 0.764004 0.822237
vt 0.763070 0.831727
vt 0.867426 0.579788
vt 0.861377 0.587160
vt 0.640687 0.731291
vt 0.649812 0.728523
vt 0.738443 0.817153
vt 0.879805 0.605589
vt 0.887177 0.599539
vt 0.635238 0.703896
vt 0.644728 0.702961
vt 0.894285 0.627259
vt 0.902695 0.622764
vt 0.635238 0.675964
vt 0.644728 0.676899
vt 0.904258 0.651337
vt 0.913384 0.648569
vt 0.640687 0.648569
vt 0.649812 0.651337
vt 0.909343 0.676899
vt 0.918833 0.675964
vt 0.651376 0.622764
vt 0.659786 0.627259
vt 0.909343 0.702961
vt 0.666894 0.599539
vt 0.838989 0.809207
vt 0.866361 0.801933
vt 0.843243 0.817380
vt 0.814910 0.819181
vt 0.817556 0.828020
vt 0.790287 0.833444
vt 0.789349 0.824265
vt 0.762483 0.833444
vt 0.763286 0.824265
vt 0.735214 0.828020
vt 0.737725 0.819181
vt 0.709527 0.817380
vt 0.713646 0.809207
vt 0.686409 0.801933
vt 0.691976 0.794728
vt 0.666749 0.782273
vt 0.673547 0.776299
vt 0.651302 0.759155
vt 0.659068 0.754629
vt 0.640662 0.733468
vt 0.649094 0.730550
vt 0.635238 0.706199
vt 0.644010 0.704989
vt 0.635238 0.678395
vt 0.644010 0.678926
vt 0.640662 0.651126
vt 0.649094 0.653365
vt 0.651302 0.625439
vt 0.659068 0.629286
vt 0.666749 0.602321
vt 0.673547 0.607616
vt 0.686409 0.582661
vt 0.691976 0.589188
vt 0.709527 0.567214
vt 0.713646 0.574708
vt 0.735214 0.556574
vt 0.737725 0.564735
vt 0.762483 0.551150
vt 0.763286 0.559650
vt 0.789349 0.559650
vt 0.790287 0.551150
vt 0.814910 0.564735
vt 0.817556 0.556574
vt 0.838989 0.574708
vt 0.843243 0.567214
vt 0.860659 0.589188
vt 0.866361 0.582661
vt 0.879088 0.607616
vt 0.886021 0.602321
vt 0.893567 0.629287
vt 0.901468 0.625439
vt 0.903541 0.653365
vt 0.912108 0.651126
vt 0.908625 0.678927
vt 0.917532 0.678395
vt 0.908625 0.704989
vt 0.917532 0.706199
vt 0.903541 0.730551
vt 0.912108 0.733468
vt 0.893567 0.754629
vt 0.901468 0.759155
vt 0.879087 0.776299
vt 0.886021 0.782273
vt 0.860659 0.794728
vt 0.220160 0.554180
vt 0.099658 0.565221
vt 0.106630 0.529090
vt 0.350668 0.928398
vt 0.385663 0.912082
vt 0.324962 0.928398
vt 0.289967 0.912082
vt 0.195810 0.797276
vt 0.179790 0.888336
vt 0.385917 0.944176
vt 0.290221 0.912862
vt 0.385927 0.913230
vt 0.290231 0.913230
vt 0.385758 0.913230
vt 0.325057 0.929546
vt 0.290063 0.913230
vt 0.324552 0.928233
vt 0.289557 0.911916
vt 0.385253 0.911917
vt 0.077776 0.797520
vt 0.106569 0.717018
vt 0.110477 0.795900
vt 0.419094 0.836013
vt 0.401429 0.734902
vt 0.419347 0.836793
vt 0.401683 0.735682
vt 0.419357 0.891019
vt 0.401693 0.736050
vt 0.419189 0.837161
vt 0.401525 0.798059
vt 0.392977 0.835848
vt 0.418684 0.889706
vt 0.392977 0.889706
vt 0.375313 0.734737
vt 0.401019 0.796746
vt 0.375313 0.796746
vt 0.069997 0.559498
vt 0.076970 0.523366
vt 0.367023 0.626002
vt 0.081512 0.599051
vt 0.082293 0.665881
vt 0.100494 0.693560
vt 0.101305 0.709930
vt 0.122145 0.800926
vt 0.309125 0.731655
vt 0.325226 0.660871
vt 0.050395 0.666254
vt 0.049614 0.599424
vt 0.068604 0.711550
vt 0.379166 0.815377
vt 0.366359 0.730342
vt 0.751085 0.239037
vt 0.018437 0.803502
vt 0.308861 0.625222
vt 0.206923 0.791121
vt 0.207553 0.704666
vt 0.299907 0.734902
vt 0.327029 0.927365
vt 0.309116 0.626002
vt 0.282497 0.836793
vt 0.300171 0.736050
vt 0.308957 0.626370
vt 0.300002 0.736050
vt 0.308451 0.625057
vt 0.299497 0.734737
vt 0.052560 0.952734
vt 0.557964 0.533595
vt 0.021310 0.937407
vt 0.488059 0.063579
vt 0.851024 0.190838
vt 0.036221 0.882920
vt 0.494599 0.276734
vt 0.220160 0.653917
vt 0.350668 0.887463
vt 0.296055 0.802674
vt 0.282243 0.836013
vt 0.296309 0.803453
vt 0.300161 0.735682
vt 0.296319 0.803821
vt 0.282507 0.837160
vt 0.296150 0.803821
vt 0.282338 0.837161
vt 0.295645 0.802508
vt 0.281833 0.835848
vt 0.759651 0.190838
vt 0.759651 0.053126
vt 0.289967 0.943396
vt 0.202446 0.931211
vt 0.290221 0.944176
vt 0.290231 0.944544
vt 0.290063 0.944544
vt 0.289557 0.943231
vt 0.073868 0.718638
vt 0.419094 0.889871
vt 0.401429 0.796911
vt 0.419347 0.890651
vt 0.401683 0.797691
vt 0.419357 0.837161
vt 0.401693 0.798059
vt 0.419189 0.891019
vt 0.401525 0.736050
vt 0.418684 0.835848
vt 0.401019 0.734737
vt 0.309125 0.626370
vt 0.067793 0.695180
vt 0.228492 0.766132
vt 0.243272 0.773513
vt 0.228492 0.773513
vt 0.956618 0.068427
vt 0.956618 0.083729
vt 0.956618 0.099030
vt 0.956618 0.114331
vt 0.956618 0.129633
vt 0.956618 0.144934
vt 0.956618 0.160235
vt 0.956618 0.175537
vt 0.956618 0.190838
vt 0.956618 0.206139
vt 0.956618 0.221440
vt 0.956618 0.236742
vt 0.956618 0.053126
vt 0.256616 0.587695
vt 0.249486 0.570483
vt 0.260306 0.581303
vt 0.262738 0.562833
vt 0.266698 0.577613
vt 0.278039 0.562833
vt 0.274079 0.577613
vt 0.280471 0.581303
vt 0.291290 0.570483
vt 0.298941 0.583735
vt 0.284161 0.587695
vt 0.284161 0.595076
vt 0.298941 0.599036
vt 0.291290 0.612287
vt 0.280471 0.601468
vt 0.274079 0.605158
vt 0.278039 0.619938
vt 0.262738 0.619938
vt 0.266698 0.605158
vt 0.249486 0.612287
vt 0.260306 0.601468
vt 0.241836 0.599036
vt 0.256616 0.595076
vt 0.241836 0.583735
vt 0.150003 0.911632
vt 0.173858 0.918024
vt 0.156395 0.935487
vt 0.228492 0.788274
vt 0.243272 0.795655
vt 0.228492 0.795655
vt 0.228492 0.736609
vt 0.243272 0.743989
vt 0.228492 0.743989
vt 0.228492 0.721847
vt 0.243272 0.729228
vt 0.228492 0.729228
vt 0.228492 0.758751
vt 0.243272 0.766132
vt 0.243272 0.780893
vt 0.243272 0.788274
vt 0.243272 0.736609
vt 0.228492 0.803036
vt 0.243272 0.810416
vt 0.228492 0.810416
vt 0.228492 0.751370
vt 0.243272 0.758751
vt 0.228492 0.780893
vt 0.243272 0.803036
vt 0.243272 0.751370
vt 0.709475 0.020228
vt 0.751086 0.000337
vt 0.751086 0.020228
vt 0.709475 0.239037
vt 0.709475 0.219145
vt 0.751085 0.199254
vt 0.709475 0.199253
vt 0.751085 0.179362
vt 0.709475 0.159470
vt 0.751085 0.159470
vt 0.751085 0.139578
vt 0.709475 0.139578
vt 0.751085 0.119687
vt 0.709475 0.119687
vt 0.751085 0.099795
vt 0.709475 0.099795
vt 0.751085 0.079903
vt 0.709475 0.079903
vt 0.751085 0.060012
vt 0.662410 0.266209
vt 0.645184 0.201918
vt 0.709475 0.060012
vt 0.751085 0.040120
vt 0.709475 0.040120
vt 0.938390 0.053126
vt 0.150003 0.931796
vt 0.146312 0.925404
vt 0.146312 0.918024
vt 0.156395 0.907941
vt 0.163775 0.907941
vt 0.170167 0.911632
vt 0.173858 0.925404
vt 0.170167 0.931796
vt 0.163775 0.935487
vt 0.243272 0.721847
vt 0.709475 0.000336
vt 0.709475 0.179362
vt 0.699529 0.256264
vt 0.682302 0.266209
vt 0.645184 0.256264
vt 0.635238 0.239037
vt 0.635238 0.219145
vt 0.662410 0.191973
vt 0.682302 0.191973
vt 0.699529 0.201918
vt 0.049333 0.393103
vt 0.056719 0.367919
vt 0.057243 0.393467
vt 0.049014 0.367742
vt 0.058216 0.341468
vt 0.050214 0.341489
vt 0.056363 0.315434
vt 0.048549 0.315527
vt 0.056812 0.288256
vt 0.048704 0.288517
vt 0.053956 0.261559
vt 0.046032 0.261886
vt 0.053463 0.233539
vt 0.045241 0.234071
vt 0.049528 0.206077
vt 0.041484 0.206725
vt 0.047846 0.177070
vt 0.039481 0.178037
vt 0.042244 0.148682
vt 0.034042 0.149940
vt 0.038224 0.118329
vt 0.029619 0.120286
vt 0.028899 0.088586
vt 0.020130 0.091446
vt 0.018582 0.057989
vt 0.180339 0.484432
vt 0.200389 0.463003
vt 0.186607 0.488547
vt 0.199605 0.432092
vt 0.192339 0.459952
vt 0.206428 0.405494
vt 0.207244 0.434157
vt 0.209195 0.377809
vt 0.214289 0.406953
vt 0.213208 0.351192
vt 0.216807 0.378743
vt 0.214126 0.323709
vt 0.221057 0.351885
vt 0.216784 0.297118
vt 0.221776 0.324113
vt 0.216582 0.269747
vt 0.224696 0.297386
vt 0.218218 0.243158
vt 0.224315 0.269797
vt 0.216997 0.215890
vt 0.226228 0.243098
vt 0.217544 0.189326
vt 0.224825 0.215629
vt 0.215034 0.162241
vt 0.225652 0.188924
vt 0.213874 0.135800
vt 0.222937 0.161574
vt 0.208829 0.109207
vt 0.222050 0.134794
vt 0.203469 0.083531
vt 0.216702 0.107579
vt 0.191969 0.059762
vt 0.211380 0.080836
vt 0.038478 0.467473
vt 0.033685 0.493445
vt 0.026911 0.489005
vt 0.051199 0.444065
vt 0.046291 0.470494
vt 0.044019 0.442955
vt 0.053886 0.419402
vt 0.046359 0.418638
vt 0.167973 0.137966
vt 0.160215 0.105757
vt 0.169987 0.106548
vt 0.340828 0.188084
vt 0.330506 0.216454
vt 0.331876 0.187947
vt 0.169529 0.167784
vt 0.158204 0.137724
vt 0.339704 0.216743
vt 0.331817 0.245671
vt 0.168727 0.198273
vt 0.160191 0.167626
vt 0.340723 0.245998
vt 0.329767 0.274029
vt 0.170397 0.227292
vt 0.159283 0.198221
vt 0.338930 0.274543
vt 0.330324 0.303213
vt 0.169276 0.256968
vt 0.161321 0.227102
vt 0.339206 0.303762
vt 0.327577 0.331501
vt 0.165183 0.423701
vt 0.158650 0.395956
vt 0.167011 0.396460
vt 0.170358 0.285248
vt 0.160090 0.256773
vt 0.336719 0.332214
vt 0.327561 0.360707
vt 0.167260 0.449749
vt 0.156610 0.423578
vt 0.168619 0.314106
vt 0.161530 0.284878
vt 0.333693 0.389740
vt 0.336426 0.361379
vt 0.172467 0.476584
vt 0.158775 0.450670
vt 0.169061 0.341645
vt 0.159683 0.313716
vt 0.333784 0.418815
vt 0.324539 0.389054
vt 0.179868 0.501131
vt 0.164290 0.478478
vt 0.166835 0.369685
vt 0.160476 0.341108
vt 0.332774 0.447174
vt 0.324877 0.418477
vt 0.345704 0.039273
vt 0.332481 0.068820
vt 0.335382 0.037141
vt 0.158135 0.369184
vt 0.337202 0.475910
vt 0.323464 0.447492
vt 0.342453 0.069975
vt 0.329673 0.099297
vt 0.345704 0.502226
vt 0.328339 0.477886
vt 0.339303 0.099868
vt 0.331184 0.129587
vt 0.171549 0.075379
vt 0.169558 0.040345
vt 0.179868 0.044214
vt 0.340279 0.129776
vt 0.329987 0.158530
vt 0.160811 0.073588
vt 0.339275 0.158705
vt 0.122208 0.205692
vt 0.123136 0.223048
vt 0.124394 0.319278
vt 0.124473 0.335667
vt 0.094039 0.345321
vt 0.091575 0.336125
vt 0.124016 0.263348
vt 0.124518 0.280135
vt 0.090791 0.373249
vt 0.063041 0.365019
vt 0.093187 0.364097
vt 0.063050 0.344329
vt 0.025431 0.058675
vt 0.034882 0.082805
vt 0.124579 0.492912
vt 0.085944 0.477883
vt 0.120880 0.479912
vt 0.153167 0.366055
vt 0.153654 0.344209
vt 0.284971 0.491514
vt 0.338011 0.505703
vt 0.287163 0.521942
vt 0.116481 0.077424
vt 0.117514 0.099246
vt 0.119269 0.145264
vt 0.120497 0.163674
vt 0.093423 0.310040
vt 0.121824 0.309192
vt 0.080586 0.488869
vt 0.051830 0.469042
vt 0.288529 0.380899
vt 0.289873 0.363722
vt 0.284891 0.441480
vt 0.286154 0.422659
vt 0.091310 0.319398
vt 0.062713 0.312212
vt 0.044384 0.120545
vt 0.048767 0.144216
vt 0.293958 0.267009
vt 0.294468 0.250204
vt 0.291912 0.323620
vt 0.292899 0.306779
vt 0.122046 0.446629
vt 0.088026 0.455485
vt 0.086741 0.445265
vt 0.154532 0.310599
vt 0.154589 0.288215
vt 0.091636 0.235013
vt 0.088395 0.225482
vt 0.056788 0.448240
vt 0.127463 0.519765
vt 0.290543 0.092519
vt 0.289969 0.072326
vt 0.293109 0.153048
vt 0.292641 0.135540
vt 0.294368 0.210380
vt 0.294372 0.193449
vt 0.123454 0.374054
vt 0.123234 0.390341
vt 0.058784 0.236201
vt 0.121990 0.429225
vt 0.053480 0.179609
vt 0.056025 0.202191
vt 0.250092 0.064169
vt 0.286956 0.059755
vt 0.154724 0.253691
vt 0.154260 0.230697
vt 0.087978 0.427577
vt 0.088710 0.197639
vt 0.119002 0.195084
vt 0.249599 0.076052
vt 0.215524 0.076103
vt 0.090475 0.389861
vt 0.260283 0.193386
vt 0.260363 0.210602
vt 0.257423 0.136875
vt 0.258379 0.154564
vt 0.252556 0.095964
vt 0.073669 0.514976
vt 0.087042 0.207742
vt 0.060377 0.258030
vt 0.290913 0.015179
vt 0.242449 0.037870
vt 0.233582 0.024876
vt 0.153709 0.195132
vt 0.152942 0.171416
vt 0.151679 0.420572
vt 0.206209 0.055415
vt 0.198494 0.055508
vt 0.151994 0.398978
vt 0.120788 0.400249
vt 0.061882 0.291009
vt 0.259016 0.304525
vt 0.257893 0.321723
vt 0.260625 0.248994
vt 0.260078 0.266126
vt 0.259234 0.126821
vt 0.289845 0.124798
vt 0.152470 0.134410
vt 0.152454 0.109459
vt 0.226673 0.131285
vt 0.249583 0.418440
vt 0.246670 0.437584
vt 0.255515 0.360497
vt 0.253752 0.378056
vt 0.156992 0.476279
vt 0.256458 0.106076
vt 0.154813 0.069077
vt 0.160326 0.042484
vt 0.084004 0.167127
vt 0.081912 0.148324
vt 0.076492 0.104098
vt 0.072573 0.082226
vt 0.228403 0.513091
vt 0.237048 0.485294
vt 0.154006 0.454103
vt 0.119490 0.457566
vt 0.223724 0.109676
vt 0.325461 0.064592
vt 0.262623 0.183804
vt 0.291940 0.183036
vt 0.320481 0.475142
vt 0.318195 0.450976
vt 0.328964 0.039509
vt 0.286007 0.032051
vt 0.230527 0.185808
vt 0.324007 0.126238
vt 0.261221 0.164157
vt 0.319072 0.391933
vt 0.090849 0.281573
vt 0.090055 0.264429
vt 0.324113 0.102592
vt 0.288101 0.104167
vt 0.229639 0.164336
vt 0.122432 0.290433
vt 0.121263 0.233731
vt 0.121125 0.253054
vt 0.118734 0.174918
vt 0.115433 0.111831
vt 0.115812 0.133974
vt 0.114624 0.033729
vt 0.113107 0.063815
vt 0.281567 0.453098
vt 0.281768 0.477292
vt 0.284511 0.411384
vt 0.285166 0.391303
vt 0.322123 0.334359
vt 0.288321 0.353069
vt 0.288744 0.333824
vt 0.324378 0.277004
vt 0.291124 0.296305
vt 0.291055 0.277240
vt 0.325185 0.219577
vt 0.292381 0.239804
vt 0.291744 0.220726
vt 0.324675 0.161791
vt 0.290718 0.163688
vt 0.119608 0.418936
vt 0.122168 0.345666
vt 0.121138 0.364064
vt 0.061812 0.396549
vt 0.090939 0.418227
vt 0.060365 0.416966
vt 0.092547 0.399152
vt 0.262736 0.220137
vt 0.231244 0.240199
vt 0.231384 0.218722
vt 0.263338 0.239578
vt 0.262125 0.275717
vt 0.229832 0.294663
vt 0.230768 0.273137
vt 0.262067 0.295184
vt 0.259650 0.331438
vt 0.226341 0.349346
vt 0.228128 0.327705
vt 0.258942 0.351124
vt 0.255193 0.388103
vt 0.219866 0.404702
vt 0.223033 0.382717
vt 0.253669 0.408668
vt 0.213167 0.439072
vt 0.243700 0.473532
vt 0.206531 0.461756
vt 0.247497 0.448884
vt 0.072950 0.069125
vt 0.066559 0.039417
vt 0.083272 0.137458
vt 0.081278 0.114892
vt 0.087754 0.177017
vt 0.091945 0.254751
vt 0.093689 0.290894
vt 0.056664 0.025195
vt 0.119881 0.015179
vt 0.317968 0.414800
vt 0.320769 0.356954
vt 0.323472 0.299592
vt 0.324868 0.242232
vt 0.324821 0.184658
vt 0.009813 0.061933
vt 0.172648 0.504207
vn -0.0000 -0.0000 1.0000
vn 0.7071 0.7071 -0.0000
vn 0.9659 0.2588 -0.0000
vn -0.2588 0.9659 -0.0000
vn 0.2588 0.9659 -0.0000
vn -0.9659 0.2588 -0.0000
vn -0.7071 0.7071 -0.0000
vn 0.9659 -0.2588 -0.0000
vn 0.7071 -0.7071 -0.0000
vn -0.7071 -0.7071 -0.0000
vn -0.9659 -0.2588 -0.0000
vn 0.2588 -0.9659 -0.0000
vn -0.2588 -0.9659 -0.0000
vn -0.0000 1.0000 -0.0000
vn 1.0000 -0.0000 -0.0000
vn -0.0000 -1.0000 -0.0000
vn -0.0000 -0.0000 -1.0000
vn -1.0000 -0.0000 -0.0000
vn 0.5000 0.8660 -0.0000
vn 0.5000 -0.8660 -0.0000
vn -0.5000 0.8660 -0.0000
vn -0.5000 -0.8660 -0.0000
vn -0.9239 -0.3827 -0.0000
vn -0.9808 -0.1951 -0.0000
vn 0.9239 -0.3827 -0.0000
vn 0.9239 0.3827 -0.0000
vn 0.3827 0.9239 -0.0000
vn -0.3827 0.9239 -0.0000
vn -0.8315 0.5556 -0.0000
vn -0.9239 0.3827 -0.0000
vn 0.3827 -0.9239 -0.0000
vn -0.8315 -0.5556 -0.0000
vn -0.9808 0.1951 -0.0000
vn 0.9808 -0.1951 -0.0000
vn -0.3827 -0.9239 -0.0000
vn 0.8315 -0.5556 -0.0000
vn 0.9808 0.1951 -0.0000
vn -0.1951 -0.9808 -0.0000
vn 0.1951 -0.9808 -0.0000
vn 0.5556 -0.8315 -0.0000
vn -0.5556 -0.8315 -0.0000
vn 0.8315 0.5556 -0.0000
vn 0.5556 0.8315 -0.0000
vn -0.5556 0.8315 -0.0000
vn 0.1951 0.9808 -0.0000
vn -0.1951 0.9808 -0.0000
vn -0.4210 0.9071 -0.0000
vn -0.9071 0.4210 -0.0000
vn -0.5751 -0.8181 -0.0000
vn 0.0890 -0.9960 -0.0000
vn 0.9960 -0.0890 -0.0000
vn 0.8181 0.5751 -0.0000
vn -0.8181 0.5751 -0.0000
vn -0.9960 -0.0890 -0.0000
vn -0.8660 -0.5000 -0.0000
vn -0.0890 -0.9960 -0.0000
vn 0.5751 -0.8181 -0.0000
vn 0.8660 -0.5000 -0.0000
vn 0.9071 0.4210 -0.0000
vn 0.4210 0.9071 -0.0000
vn -0.8660 0.5000 -0.0000
vn 0.8660 0.5000 -0.0000
vn -0.0007 -0.0004 1.0000
vn -0.0008 -0.0000 1.0000
vn 0.0007 0.0004 1.0000
vn 0.0004 0.0007 1.0000
vn -0.0004 0.0007 1.0000
vn -0.0000 0.0008 1.0000
vn 0.0004 -0.0007 1.0000
vn 0.0007 -0.0004 1.0000
vn -0.0004 -0.0007 1.0000
vn -0.0007 0.0004 1.0000
vn 0.0008 -0.0000 1.0000
vn -0.0000 -0.0008 1.0000
vn 0.0890 0.9960 -0.0000
vn 0.9960 0.0890 -0.0000
vn 0.8181 -0.5751 -0.0000
vn 0.3805 -0.1020 -0.9191
vn 0.1219 -0.0327 -0.9920
vn -0.4210 -0.9071 -0.0000
vn -0.9071 -0.4210 -0.0000
vn -0.5751 0.8181 -0.0000
vn 0.6806 0.6806 0.2714
vn 0.9297 -0.2491 0.2714
vn 0.2491 -0.9297 0.2714
vn -0.6806 -0.6806 0.2714
vn -0.9297 0.2491 0.2714
vn -0.2491 0.9297 0.2714
vn -0.5838 -0.5838 0.5643
vn 0.7974 -0.2137 0.5643
vn 0.2785 0.2785 -0.9191
vn 0.0892 0.0892 -0.9920
vn 0.1020 -0.3805 -0.9191
vn 0.0327 -0.1219 -0.9920
vn -0.3805 0.1020 -0.9191
vn -0.1219 0.0327 -0.9920
vn 0.2785 0.2785 0.9191
vn 0.0892 0.0892 0.9920
vn -0.3805 0.1020 0.9191
vn -0.1219 0.0327 0.9920
vn 0.8270 -0.2216 -0.5167
vn 0.8753 -0.2345 -0.4229
vn 0.2216 -0.8270 -0.5167
vn 0.2345 -0.8753 -0.4229
vn 0.1020 -0.3805 0.9191
vn 0.0327 -0.1219 0.9920
vn -0.1080 0.4029 0.9089
vn -0.1884 0.7029 0.6859
vn -0.6054 -0.6054 -0.5167
vn -0.6408 -0.6408 -0.4229
vn 0.4029 -0.1080 -0.9089
vn 0.7029 -0.1884 -0.6859
vn -0.7974 0.2137 0.5643
vn 0.3805 -0.1020 0.9191
vn 0.1219 -0.0327 0.9920
vn -0.4029 0.1080 0.9089
vn -0.7029 0.1883 0.6859
vn -0.2949 -0.2949 -0.9089
vn -0.5146 -0.5146 -0.6859
vn 0.5838 0.5838 0.5643
vn -0.2785 -0.2785 0.9191
vn -0.0892 -0.0892 0.9920
vn 0.2949 0.2949 0.9089
vn 0.5146 0.5146 0.6859
vn -0.4029 0.1079 -0.9089
vn -0.7029 0.1884 -0.6859
vn -0.4029 0.1080 -0.9089
vn 0.4029 -0.1080 0.9089
vn 0.7029 -0.1884 0.6859
vn -0.8270 0.2216 -0.5167
vn -0.8753 0.2345 -0.4229
vn -0.2216 0.8270 -0.5167
vn -0.2345 0.8753 -0.4229
vn -0.1079 0.4029 -0.9089
vn -0.1883 0.7029 -0.6859
vn -0.1080 0.4029 -0.9089
vn 0.2137 -0.7974 0.5643
vn -0.1020 0.3805 0.9191
vn -0.0327 0.1219 0.9920
vn 0.1080 -0.4029 0.9089
vn 0.1883 -0.7029 0.6859
vn 0.1884 -0.7029 0.6859
vn -0.2949 -0.2949 0.9089
vn -0.5146 -0.5146 0.6859
vn 0.6054 0.6054 -0.5167
vn 0.6408 0.6408 -0.4229
vn -0.2785 -0.2785 -0.9191
vn -0.0892 -0.0892 -0.9920
vn 0.2949 0.2949 -0.9089
vn 0.5146 0.5146 -0.6859
vn -0.2137 0.7974 0.5643
vn -0.4029 0.1079 0.9089
vn 0.1884 -0.7029 -0.6859
vn -0.7029 0.1883 -0.6859
vn -0.1020 0.3805 -0.9191
vn -0.0327 0.1219 -0.9920
vn 0.1079 -0.4029 -0.9089
vn 0.1080 -0.4029 -0.9089
vn -1.0000 -0.0007 -0.0044
vn -1.0000 0.0006 -0.0042
vn -1.0000 0.0008 -0.0043
vn -1.0000 0.0026 -0.0048
vn 1.0000 0.0008 0.0043
vn 1.0000 -0.0007 0.0044
vn 1.0000 0.0006 0.0042
vn 1.0000 -0.0023 0.0047
vn 1.0000 -0.0008 0.0044
vn -1.0000 -0.0023 -0.0047
vn -1.0000 -0.0008 -0.0044
vn 1.0000 -0.0025 0.0047
vn 0.0392 0.0119 -0.9992
vn 0.0407 -0.0040 -0.9992
vn 0.0391 0.0119 -0.9992
vn 0.0317 0.0260 -0.9992
vn 0.0316 0.0259 -0.9992
vn 0.0193 0.0362 -0.9992
vn 0.0193 0.0361 -0.9992
vn 0.0040 0.0408 -0.9992
vn -0.0119 0.0393 -0.9992
vn -0.0261 0.0318 -0.9992
vn -0.0260 0.0317 -0.9992
vn -0.0362 0.0194 -0.9992
vn -0.0409 0.0040 -0.9992
vn -0.0393 -0.0119 -0.9992
vn -0.0317 -0.0260 -0.9992
vn -0.0193 -0.0361 -0.9992
vn -0.0193 -0.0362 -0.9992
vn -0.0040 -0.0407 -0.9992
vn -0.0040 -0.0408 -0.9992
vn 0.0119 -0.0391 -0.9992
vn 0.0119 -0.0392 -0.9992
vn 0.0259 -0.0316 -0.9992
vn 0.0361 -0.0193 -0.9992
vn 0.0360 -0.0193 -0.9992
vn -0.0118 0.0388 0.9992
vn -0.0191 -0.0358 0.9992
vn -0.0040 -0.0405 0.9992
vn -0.0192 -0.0359 0.9992
vn 0.0040 0.0404 0.9992
vn -0.0313 -0.0257 0.9992
vn -0.0314 -0.0258 0.9992
vn 0.0192 0.0359 0.9992
vn -0.0388 -0.0118 0.9992
vn 0.0405 -0.0040 0.9992
vn 0.0191 0.0358 0.9992
vn 0.0315 0.0258 0.9992
vn 0.0359 -0.0192 0.9992
vn 0.0314 0.0258 0.9992
vn -0.0403 0.0040 0.9992
vn 0.0390 0.0118 0.9992
vn -0.0404 0.0040 0.9992
vn 0.0258 -0.0315 0.9992
vn 0.0389 0.0118 0.9992
vn -0.0357 0.0191 0.9992
vn 0.0118 -0.0389 0.9992
vn 0.0118 -0.0390 0.9992
vn -0.0257 0.0313 0.9992
vn -0.0040 -0.0404 0.9992
vn 0.2874 0.9476 0.1397
vn 0.2780 0.9165 0.2875
vn 0.2875 0.9477 0.1389
vn 0.8729 0.4666 0.1429
vn 0.8439 0.4511 0.2904
vn 0.8730 0.4666 0.1422
vn -0.3832 0.9236 -0.0039
vn -0.3822 0.9241 -0.0037
vn -0.3820 0.9241 -0.0037
vn 0.6280 0.7652 0.1414
vn 0.6073 0.7400 0.2890
vn 0.6281 0.7653 0.1406
vn 0.1945 -0.9809 0.0031
vn 0.1934 -0.9811 0.0034
vn 0.1947 -0.9809 0.0030
vn -0.3808 0.9246 -0.0042
vn -0.3806 0.9247 -0.0042
vn -0.0719 0.0876 -0.9936
vn -0.0719 0.0877 -0.9935
vn -0.5556 -0.8314 -0.0005
vn -0.5555 -0.8315 -0.0005
vn 0.1075 0.0326 0.9937
vn -0.7658 0.6285 0.1360
vn -0.7411 0.6082 0.2844
vn -0.7658 0.6285 0.1359
vn -0.4670 0.8736 0.1368
vn -0.4519 0.8454 0.2849
vn -0.4670 0.8737 0.1364
vn -0.0971 0.9856 0.1381
vn -0.0939 0.9536 0.2860
vn -0.0971 0.9857 0.1374
vn 0.5561 -0.8311 0.0044
vn 0.5551 -0.8318 0.0042
vn 0.5562 -0.8310 0.0044
vn -0.5554 -0.8316 -0.0005
vn -0.9539 -0.0940 0.2849
vn -0.9858 -0.0971 0.1368
vn -0.9859 -0.0971 0.1364
vn -0.9174 0.2783 0.2844
vn -0.9480 0.2876 0.1360
vn -0.9481 0.2876 0.1359
vn 0.5549 -0.8319 0.0043
vn 0.5537 -0.8327 0.0047
vn -0.0329 0.1085 -0.9936
vn -0.0329 0.1084 -0.9936
vn -0.6076 -0.7404 0.2875
vn -0.6282 -0.7654 0.1397
vn -0.6282 -0.7655 0.1389
vn -0.8451 -0.4517 0.2860
vn -0.8735 -0.4669 0.1381
vn -0.8736 -0.4669 0.1374
vn 0.3826 0.9239 -0.0005
vn 0.3827 0.9239 -0.0005
vn 0.3828 0.9238 -0.0005
vn 0.0868 0.0712 0.9937
vn -0.9242 0.3820 -0.0050
vn -0.9236 0.3833 -0.0048
vn -0.9235 0.3835 -0.0048
vn 0.3829 0.9238 -0.0005
vn 0.7393 -0.6067 0.2921
vn 0.7649 -0.6277 0.1444
vn 0.7649 -0.6278 0.1443
vn 0.4509 -0.8436 0.2915
vn 0.4665 -0.8727 0.1439
vn 0.4665 -0.8728 0.1435
vn 0.0938 -0.9523 0.2904
vn 0.0970 -0.9850 0.1429
vn 0.0970 -0.9851 0.1422
vn -0.2779 -0.9161 0.2890
vn -0.2874 -0.9473 0.1414
vn -0.2874 -0.9474 0.1406
vn 0.9848 0.0970 0.1439
vn 0.9520 0.0938 0.2915
vn 0.9849 0.0970 0.1435
vn -0.9229 0.3851 -0.0054
vn -0.9228 0.3853 -0.0054
vn 0.9469 -0.2872 0.1444
vn 0.9152 -0.2776 0.2921
vn 0.9469 -0.2872 0.1443
vn 0.0111 0.1127 -0.9936
vn -0.8317 -0.5553 -0.0024
vn -0.8313 -0.5558 -0.0023
vn -0.8317 -0.5552 -0.0024
vn 0.0529 0.0989 0.9937
vn 0.9131 -0.2770 -0.2992
vn 0.9458 -0.2869 -0.1519
vn 0.9459 -0.2869 -0.1518
vn 0.9809 -0.1944 0.0048
vn 0.9807 -0.1957 0.0046
vn 0.9809 -0.1943 0.0048
vn -0.8312 -0.5559 -0.0023
vn -0.8308 -0.5566 -0.0025
vn 0.9494 0.0935 -0.2997
vn 0.9835 0.0969 -0.1527
vn 0.9836 0.0969 -0.1523
vn -0.2867 -0.9453 -0.1556
vn -0.2767 -0.9122 -0.3022
vn -0.2868 -0.9454 -0.1548
vn 0.0968 -0.9833 -0.1540
vn 0.0935 -0.9491 -0.3008
vn 0.0969 -0.9834 -0.1533
vn 0.4659 -0.8716 -0.1527
vn 0.4497 -0.8414 -0.2997
vn 0.4659 -0.8716 -0.1523
vn 0.7640 -0.6270 -0.1519
vn 0.7376 -0.6053 -0.2992
vn 0.7641 -0.6270 -0.1518
vn 0.9806 -0.1959 0.0046
vn 0.9803 -0.1975 0.0051
vn 0.0533 0.0998 -0.9936
vn 0.7073 0.7069 0.0015
vn 0.7070 0.7072 0.0014
vn 0.7069 0.7073 0.0014
vn 0.0110 0.1115 0.9937
vn -0.1949 -0.9808 0.0014
vn -0.1943 -0.9809 0.0015
vn -0.1943 -0.9809 0.0016
vn 0.7066 0.7076 0.0016
vn 0.7065 0.7077 0.0016
vn -0.0004 1.0000 -0.0024
vn -0.0012 1.0000 -0.0025
vn 0.0874 0.0717 -0.9936
vn -0.8707 -0.4654 -0.1587
vn -0.8399 -0.4489 -0.3052
vn -0.8708 -0.4655 -0.1580
vn -0.6265 -0.7634 -0.1573
vn -0.6044 -0.7365 -0.3037
vn -0.6266 -0.7635 -0.1564
vn -0.9809 -0.1945 -0.0039
vn -0.9807 -0.1956 -0.0037
vn -0.0325 0.1072 0.9937
vn 0.1956 -0.9807 0.0032
vn 0.1967 -0.9805 0.0034
vn 0.1969 -0.9804 0.0034
vn -0.9806 -0.1958 -0.0037
vn -0.9804 -0.1971 -0.0041
vn -0.9446 0.2865 -0.1603
vn -0.9108 0.2763 -0.3068
vn -0.9446 0.2865 -0.1601
vn -0.9824 -0.0968 -0.1598
vn -0.9474 -0.0933 -0.3062
vn -0.9825 -0.0968 -0.1593
vn -0.5558 -0.8313 -0.0005
vn 0.1081 0.0328 -0.9936
vn 0.9241 0.3822 0.0032
vn 0.9237 0.3831 0.0030
vn 0.9237 0.3832 0.0031
vn -0.0710 0.0865 0.9937
vn -0.0933 0.9477 -0.3052
vn -0.0968 0.9826 -0.1587
vn -0.0968 0.9827 -0.1580
vn -0.4487 0.8396 -0.3062
vn -0.4653 0.8706 -0.1598
vn -0.4654 0.8707 -0.1593
vn -0.7357 0.6038 -0.3068
vn -0.7630 0.6262 -0.1603
vn -0.7630 0.6262 -0.1601
vn 0.3824 0.9240 -0.0005
vn 0.9232 0.3842 0.0034
vn 0.9232 0.3844 0.0034
vn -0.8322 -0.5545 -0.0025
vn -0.8322 -0.5544 -0.0025
vn -0.9806 0.1958 -0.0048
vn -0.9809 0.1945 -0.0046
vn -0.9806 0.1959 -0.0048
vn -0.0987 0.0528 0.9937
vn 0.7076 0.7066 0.0016
vn -0.9809 0.1942 -0.0046
vn -0.9813 0.1926 -0.0051
vn -0.9812 -0.1931 -0.0041
vn -0.9812 -0.1929 -0.0042
vn -0.1114 0.0110 0.9937
vn 0.6047 0.7369 -0.3022
vn 0.6267 0.7636 -0.1556
vn 0.6267 0.7637 -0.1548
vn 0.9245 0.3811 0.0034
vn 1.0000 0.0023 0.0047
vn 1.0000 0.0025 0.0048
vn 0.8411 0.4496 -0.3008
vn 0.8714 0.4658 -0.1540
vn 0.8715 0.4658 -0.1533
vn 0.2766 0.9117 -0.3037
vn 0.2867 0.9450 -0.1573
vn 0.2867 0.9452 -0.1564
vn 0.7529 0.6179 0.2269
vn 0.6889 0.5654 0.4535
vn 0.7531 0.6180 0.2256
vn 0.4593 0.8592 0.2253
vn 0.4204 0.7866 0.4523
vn 0.4594 0.8595 0.2239
vn 0.0955 0.9700 0.2236
vn 0.0875 0.8882 0.4510
vn 0.0956 0.9703 0.2223
vn -0.2830 0.9330 0.2221
vn -0.2592 0.8546 0.4500
vn -0.2831 0.9333 0.2211
vn -0.6187 0.7539 0.2209
vn -0.5668 0.6906 0.4493
vn -0.6188 0.7540 0.2204
vn -0.8602 0.4598 0.2204
vn -0.7880 0.4212 0.4490
vn -0.8891 0.0876 0.4493
vn -0.9706 0.0956 0.2209
vn -0.9707 0.0956 0.2204
vn -0.8546 -0.2592 0.4500
vn -0.9330 -0.2830 0.2221
vn -0.9333 -0.2831 0.2211
vn -0.6899 -0.5662 0.4510
vn -0.7534 -0.6183 0.2236
vn -0.7537 -0.6185 0.2223
vn -0.4204 -0.7866 0.4523
vn -0.4593 -0.8592 0.2253
vn -0.4594 -0.8595 0.2239
vn -0.0874 -0.8869 0.4535
vn -0.0955 -0.9692 0.2269
vn -0.0955 -0.9695 0.2256
vn 0.2586 -0.8523 0.4546
vn 0.2826 -0.9317 0.2281
vn 0.2827 -0.9319 0.2271
vn 0.5648 -0.6882 0.4553
vn 0.6176 -0.7525 0.2288
vn 0.6176 -0.7526 0.2282
vn 0.7851 -0.4196 0.4556
vn 0.8585 -0.4589 0.2288
vn 0.9688 -0.0954 0.2288
vn 0.8860 -0.0873 0.4553
vn 0.9689 -0.0954 0.2282
vn 0.9317 0.2826 0.2281
vn 0.8523 0.2586 0.4546
vn 0.9319 0.2827 0.2271
vn 0.8486 0.2574 -0.4622
vn 0.9295 0.2820 -0.2377
vn 0.9297 0.2820 -0.2367
vn 0.8829 -0.0870 -0.4615
vn 0.9669 -0.0952 -0.2366
vn 0.8829 -0.0869 -0.4615
vn 0.9671 -0.0953 -0.2361
vn 0.8570 -0.4581 -0.2360
vn 0.7825 -0.4183 -0.4612
vn 0.6164 -0.7511 -0.2366
vn 0.5628 -0.6858 -0.4615
vn 0.6165 -0.7512 -0.2361
vn 0.2820 -0.9295 -0.2377
vn 0.2574 -0.8486 -0.4622
vn 0.2820 -0.9297 -0.2367
vn -0.0952 -0.9663 -0.2392
vn -0.0869 -0.8820 -0.4632
vn -0.0952 -0.9666 -0.2380
vn -0.4575 -0.8560 -0.2409
vn -0.4175 -0.7810 -0.4645
vn -0.4175 -0.7810 -0.4644
vn -0.4577 -0.8563 -0.2395
vn -0.7499 -0.6155 -0.2424
vn -0.6841 -0.5614 -0.4657
vn -0.7502 -0.6157 -0.2412
vn -0.9281 -0.2815 -0.2436
vn -0.8463 -0.2567 -0.4667
vn -0.9283 -0.2816 -0.2427
vn -0.9650 0.0950 -0.2443
vn -0.8798 0.0867 -0.4674
vn -0.9652 0.0951 -0.2438
vn -0.7795 0.4167 -0.4676
vn -0.8552 0.4571 -0.2444
vn -0.5608 0.6834 -0.4674
vn -0.6152 0.7496 -0.2443
vn -0.6152 0.7497 -0.2438
vn -0.2567 0.8463 -0.4667
vn -0.2815 0.9281 -0.2436
vn -0.2816 0.9283 -0.2427
vn 0.0867 0.8807 -0.4657
vn 0.0951 0.9655 -0.2424
vn 0.0951 0.9658 -0.2412
vn 0.4175 0.7810 -0.4645
vn 0.4575 0.8560 -0.2409
vn 0.4577 0.8563 -0.2395
vn 0.6851 0.5622 -0.4632
vn 0.7506 0.6160 -0.2392
vn 0.7508 0.6162 -0.2380
vn -0.1000 0.0535 -0.9936
vn -0.7065 0.7077 -0.0046
vn -0.7053 0.7089 -0.0051
vn -0.7051 0.7091 -0.0052
vn 0.0004 1.0000 -0.0023
vn 0.0012 1.0000 -0.0025
vn 0.0014 1.0000 -0.0026
vn -0.7076 0.7066 -0.0048
vn -0.7066 0.7076 -0.0046
vn 0.0003 1.0000 -0.0023
vn -0.1128 0.0111 -0.9936
vn 0.8310 -0.5563 0.0048
vn 0.8300 -0.5577 0.0054
vn 0.8311 -0.5561 0.0048
vn -0.1954 -0.9807 0.0014
vn -0.1958 -0.9806 0.0016
vn -0.1953 -0.9807 0.0014
vn 0.8319 -0.5549 0.0050
vn -0.1949 -0.9808 0.0015
vn -0.1084 -0.0329 -0.9936
vn -1.0000 0.0023 -0.0048
vn -0.0875 -0.0718 -0.9936
vn -0.9241 -0.3821 -0.0031
vn -0.9245 -0.3812 -0.0034
vn -0.9246 -0.3810 -0.0034
vn -0.9237 -0.3831 -0.0032
vn -0.9240 -0.3823 -0.0030
vn -0.0533 -0.0998 -0.9936
vn 0.9809 0.1944 0.0037
vn 0.9812 0.1931 0.0042
vn 0.9809 0.1946 0.0037
vn 0.9807 0.1957 0.0039
vn 0.9806 0.1957 0.0039
vn -0.0111 -0.1125 -0.9936
vn -0.7073 -0.7069 -0.0014
vn -0.7076 -0.7066 -0.0016
vn -0.7077 -0.7065 -0.0016
vn -0.7069 -0.7073 -0.0014
vn -0.7072 -0.7070 -0.0014
vn 0.9813 -0.1926 0.0051
vn 0.9813 -0.1924 0.0051
vn 0.0328 -0.1081 -0.9936
vn 0.8317 0.5552 0.0023
vn 0.8321 0.5545 0.0025
vn 0.8316 0.5553 0.0023
vn -0.9249 0.3803 -0.0053
vn -0.9242 0.3819 -0.0050
vn 0.8313 0.5559 0.0024
vn 0.8312 0.5559 0.0024
vn 0.5575 -0.8302 0.0047
vn 0.5577 -0.8300 0.0047
vn 0.0716 -0.0873 -0.9936
vn -0.3826 -0.9239 0.0005
vn -0.3824 -0.9240 0.0005
vn -0.3845 0.9231 -0.0041
vn -0.3833 0.9236 -0.0039
vn -0.3828 -0.9239 0.0005
vn -0.7089 0.7053 -0.0051
vn -0.7077 0.7065 -0.0048
vn 0.0996 -0.0532 -0.9936
vn 0.0995 -0.0532 -0.9936
vn 0.5556 0.8314 0.0005
vn 0.5558 0.8313 0.0005
vn 0.8329 -0.5534 0.0053
vn 0.8331 -0.5532 0.0054
vn 0.5555 0.8315 0.0005
vn 0.1124 -0.0111 -0.9936
vn 0.0004 -1.0000 0.0023
vn 0.0012 -1.0000 0.0025
vn 0.0014 -1.0000 0.0026
vn -0.9232 -0.3842 -0.0034
vn -0.9237 -0.3832 -0.0032
vn 0.1119 -0.0110 0.9937
vn 0.1118 -0.0110 0.9937
vn -0.0004 -1.0000 0.0024
vn 0.0003 -1.0000 0.0023
vn 0.9804 0.1970 0.0041
vn 0.9803 0.1972 0.0041
vn 0.1948 0.9808 -0.0014
vn 0.1943 0.9809 -0.0016
vn 0.1949 0.9808 -0.0014
vn -0.7066 -0.7076 -0.0015
vn -0.7069 -0.7073 -0.0015
vn 0.0992 -0.0530 0.9937
vn 0.1953 0.9807 -0.0014
vn 0.1953 0.9807 -0.0015
vn 0.8308 0.5566 0.0025
vn 0.8307 0.5567 0.0025
vn 0.3833 -0.9236 0.0037
vn 0.3846 -0.9231 0.0042
vn 0.3848 -0.9230 0.0042
vn -0.3829 -0.9238 0.0005
vn -0.3828 -0.9238 0.0005
vn 0.0713 -0.0869 0.9937
vn 0.3821 -0.9241 0.0039
vn 0.3832 -0.9237 0.0037
vn 0.5554 0.8316 0.0005
vn 0.5553 0.8316 0.0005
vn -0.1957 0.9807 -0.0031
vn -0.1967 0.9805 -0.0034
vn -0.1955 0.9807 -0.0030
vn -0.0012 -1.0000 0.0025
vn 0.0326 -0.1075 0.9937
vn -0.1946 0.9809 -0.0032
vn 0.1958 0.9806 -0.0015
vn 0.1959 0.9806 -0.0016
vn 0.7077 -0.7065 0.0046
vn 0.7089 -0.7053 0.0052
vn 0.7091 -0.7051 0.0052
vn 0.3808 -0.9246 0.0041
vn -0.0110 -0.1117 0.9937
vn 0.7066 -0.7076 0.0048
vn 0.7075 -0.7067 0.0046
vn -0.1935 0.9811 -0.0034
vn -0.1933 0.9811 -0.0034
vn -0.5562 0.8310 -0.0043
vn -0.5575 0.8302 -0.0048
vn -0.5561 0.8311 -0.0042
vn 0.7054 -0.7088 0.0051
vn 0.7065 -0.7077 0.0048
vn -0.0529 -0.0989 0.9937
vn -0.5550 0.8318 -0.0044
vn -0.5549 0.8319 -0.0044
vn -0.5536 0.8327 -0.0047
vn -0.5534 0.8329 -0.0047
vn 0.9242 -0.3818 0.0048
vn 0.9249 -0.3803 0.0054
vn 0.9250 -0.3800 0.0054
vn 0.9236 -0.3834 0.0050
vn 0.9229 -0.3851 0.0053
vn 0.9235 -0.3835 0.0050
vn -0.0866 -0.0711 0.9937
vn 0.9241 -0.3821 0.0048
vn -0.8310 0.5562 -0.0050
vn -0.8300 0.5577 -0.0053
vn -0.8299 0.5580 -0.0053
vn -0.8320 0.5548 -0.0048
vn -0.8329 0.5534 -0.0054
vn -0.8318 0.5550 -0.0048
vn -0.1072 -0.0325 0.9937
vn -0.8310 0.5563 -0.0050
vn -0.9803 0.1975 -0.0051
vn -0.9802 0.1978 -0.0051
vn 0.1933 -0.9811 0.0034
vn 0.5535 -0.8329 0.0048
vn -0.8307 -0.5567 -0.0026
vn 0.9802 -0.1978 0.0052
vn -0.0014 1.0000 -0.0025
vn -0.9803 -0.1973 -0.0042
vn 0.7077 0.7065 0.0016
vn -0.9813 0.1923 -0.0052
vn 0.9246 0.3810 0.0034
vn -0.1000 0.0535 -0.9935
vn 0.8298 -0.5580 0.0054
vn -0.1959 -0.9806 0.0016
vn -0.1085 -0.0329 -0.9936
vn 0.9812 0.1929 0.0042
vn 0.8322 0.5544 0.0026
vn -0.9250 0.3800 -0.0053
vn -0.3847 0.9230 -0.0042
vn -0.7090 0.7051 -0.0052
vn -1.0000 -0.0025 -0.0047
vn -0.9232 -0.3844 -0.0034
vn 0.1942 0.9810 -0.0016
vn -0.7065 -0.7077 -0.0016
vn 0.0991 -0.0530 0.9937
vn -0.1969 0.9804 -0.0035
vn -0.0014 -1.0000 0.0025
vn 0.3806 -0.9247 0.0041
vn -0.5577 0.8300 -0.0048
vn 0.7052 -0.7090 0.0051
vn 0.9228 -0.3853 0.0053
vn -0.8331 0.5532 -0.0054
usemtl SpacialRoverExploreralumGray
f 57/1/16 25/2/16 56/3/39
f 25/2/16 57/1/16 58/4/38
f 25/2/16 24/5/39 56/3/39
f 58/4/38 26/6/38 25/2/16
f 24/5/39 55/7/31 56/3/39
f 58/4/38 59/8/35 26/6/38
f 24/5/39 23/9/31 55/7/31
f 59/8/35 27/10/35 26/6/38
f 59/8/35 60/11/41 27/10/35
f 60/11/41 28/12/41 27/10/35
f 23/9/31 54/13/40 55/7/31
f 54/13/40 23/9/31 22/14/40
f 60/11/41 61/15/10 28/12/41
f 61/15/10 29/16/10 28/12/41
f 54/13/40 22/14/40 53/17/9
f 22/14/40 21/18/9 53/17/9
f 21/18/9 52/19/36 53/17/9
f 61/15/10 62/20/32 29/16/10
f 21/18/9 20/21/36 52/19/36
f 62/20/32 30/22/32 29/16/10
f 62/20/32 63/23/23 30/22/32
f 52/19/36 20/21/36 51/24/25
f 20/21/36 19/25/25 51/24/25
f 30/22/32 63/23/23 31/26/23
f 19/25/25 50/27/34 51/24/25
f 31/26/23 63/23/23 32/28/24
f 19/25/25 18/29/34 50/27/34
f 32/28/24 63/23/23 64/30/24
f 18/29/34 49/31/15 50/27/34
f 49/31/15 18/29/34 17/32/15
f 32/28/24 64/30/24 33/33/18
f 33/33/18 1/34/18 32/28/24
f 33/33/18 34/35/33 1/34/18
f 49/31/15 17/32/15 48/36/37
f 48/36/37 17/32/15 16/37/37
f 1/34/18 34/35/33 2/38/33
f 2/38/33 34/35/33 35/39/30
f 2/38/33 35/39/30 3/40/30
f 48/36/37 16/37/37 47/41/26
f 16/42/37 15/43/26 47/44/26
f 15/43/26 46/45/42 47/44/26
f 3/40/30 35/39/30 36/46/29
f 15/43/26 14/47/42 46/45/42
f 3/40/30 36/46/29 4/48/29
f 46/45/42 14/47/42 45/49/2
f 4/48/29 36/46/29 37/50/7
f 4/48/29 37/50/7 5/51/7
f 45/49/2 14/47/42 13/52/2
f 5/51/7 37/50/7 38/53/44
f 45/49/2 13/52/2 44/54/43
f 5/51/7 38/53/44 6/55/44
f 44/54/43 13/52/2 12/56/43
f 6/55/44 38/53/44 39/57/28
f 44/54/43 12/56/43 43/58/27
f 6/55/44 39/57/28 7/59/28
f 43/58/27 12/56/43 11/60/27
f 7/59/28 39/57/28 40/61/46
f 43/58/27 11/60/27 42/62/45
f 42/62/45 11/60/27 10/63/45
f 7/59/28 40/61/46 8/64/46
f 42/62/45 10/63/45 41/65/14
f 8/64/46 40/61/46 41/65/14
f 41/65/14 10/63/45 9/66/14
f 8/64/46 41/65/14 9/66/14
f 493/67/63 516/68/64 517/69/63
f 499/70/65 524/71/66 500/72/66
f 490/73/67 503/74/68 514/75/67
f 496/76/69 521/77/70 497/78/70
f 493/67/63 518/79/71 494/80/71
f 489/81/68 524/71/66 503/74/68
f 490/82/67 515/83/72 491/84/72
f 497/78/70 522/85/73 498/86/73
f 495/87/74 518/79/71 519/88/74
f 491/89/72 516/68/64 492/90/64
f 498/86/73 523/91/65 499/70/65
f 495/87/74 520/92/69 496/76/69
f 163/93/60 141/94/75 164/95/60
f 159/96/76 162/97/59 160/98/76
f 155/99/57 158/100/77 156/101/57
f 159/102/78 619/103/79 157/104/78
f 151/105/80 154/106/56 152/107/80
f 147/108/54 150/109/81 148/110/54
f 143/111/82 146/112/53 144/113/82
f 185/114/2 188/115/83 186/116/83
f 181/117/8 184/118/84 182/119/84
f 177/120/12 180/121/85 178/122/85
f 174/123/86 175/124/10 176/125/86
f 169/126/6 172/127/87 170/128/87
f 165/129/88 167/130/4 168/131/88
f 483/132/89 176/133/86 486/134/89
f 467/135/90 184/136/84 470/137/90
f 161/138/91 608/139/92 611/140/92
f 615/141/5 184/136/5 183/142/5
f 155/143/93 627/144/94 153/145/93
f 147/146/95 601/147/96 145/148/95
f 152/149/97 482/150/98 487/151/98
f 158/152/99 471/153/100 160/154/99
f 604/155/5 170/156/5 455/157/5
f 591/158/3 441/159/3 442/160/3
f 590/161/3 442/160/3 443/162/3
f 597/163/101 169/126/102 604/164/101
f 592/165/103 167/130/104 166/166/104
f 141/167/105 447/168/106 144/169/105
f 443/162/107 445/170/108 448/171/107
f 597/163/13 172/172/13 171/173/13
f 598/174/13 452/175/13 597/176/13
f 603/177/5 455/157/5 456/178/5
f 605/179/109 185/114/110 610/180/109
f 599/181/111 603/182/112 602/183/111
f 455/157/113 172/172/87 452/175/113
f 148/184/114 454/185/115 449/186/115
f 450/187/116 456/178/117 451/188/117
f 610/189/9 186/190/9 463/191/9
f 611/192/9 461/193/9 462/194/9
f 608/195/7 458/196/7 607/197/7
f 606/198/7 460/199/7 605/200/7
f 612/201/118 606/202/119 609/203/119
f 463/191/120 188/204/83 460/199/120
f 162/205/121 457/206/122 164/207/121
f 461/193/123 459/208/124 458/196/123
f 613/209/125 617/210/126 620/211/127
f 465/212/128 469/213/129 472/214/128
f 616/215/5 470/137/5 615/216/5
f 615/141/130 181/117/131 618/217/130
f 621/218/132 177/120/133 626/219/132
f 617/220/13 467/135/13 468/221/13
f 626/222/11 178/223/11 479/224/11
f 625/225/11 479/224/11 480/226/11
f 621/218/3 180/227/3 179/228/3
f 622/229/3 476/230/3 621/231/3
f 623/232/134 625/233/135 628/234/136
f 479/224/137 180/227/85 476/230/137
f 156/235/138 478/236/139 473/237/139
f 474/238/140 480/226/141 475/239/142
f 632/240/7 174/241/7 483/132/7
f 631/242/7 483/132/7 484/243/7
f 481/244/143 485/245/144 488/246/143
f 632/247/145 175/124/146 173/248/146
f 151/249/147 629/250/148 149/251/147
f 630/252/149 636/253/150 631/254/150
f 300/255/19 142/256/75 163/93/60
f 299/257/19 277/258/14 300/259/19
f 298/260/52 163/93/60 161/261/59
f 297/262/52 300/259/19 298/263/52
f 296/264/51 161/261/59 159/96/76
f 287/265/6 306/266/6 288/267/6
f 294/268/58 159/96/76 157/269/77
f 293/270/58 296/271/51 294/272/58
f 292/273/20 157/269/77 155/99/57
f 291/274/20 294/272/58 292/275/20
f 290/276/50 155/99/57 153/277/56
f 289/278/50 292/275/20 290/279/50
f 288/280/49 153/277/56 151/105/80
f 281/281/17 301/282/17 279/283/17
f 149/284/81 288/280/49 151/105/80
f 286/285/55 287/286/49 288/287/49
f 284/288/18 149/284/81 147/108/54
f 284/289/18 285/290/55 286/285/55
f 282/291/48 147/108/54 145/292/53
f 281/293/48 284/289/18 282/294/48
f 280/295/47 145/292/53 143/111/82
f 298/296/4 311/297/4 297/298/4
f 277/299/14 143/300/82 142/256/75
f 278/301/14 280/302/47 277/299/14
f 309/303/3 312/304/3 310/305/3
f 305/306/13 308/307/13 306/308/13
f 301/282/7 304/309/7 302/310/7
f 298/296/1 310/311/1 312/312/1
f 282/313/10 303/314/10 281/315/10
f 295/316/17 311/317/17 309/303/17
f 290/318/1 306/266/1 308/319/1
f 295/316/12 310/311/12 296/320/12
f 290/318/8 307/321/8 289/322/8
f 289/322/17 305/306/17 287/323/17
f 279/283/2 302/324/2 280/325/2
f 280/325/1 304/326/1 282/313/1
f 589/327/3 443/162/3 444/328/3
f 599/181/13 451/188/13 598/329/13
f 600/330/13 450/187/13 599/331/13
f 602/332/5 456/178/5 453/333/5
f 601/334/5 453/333/5 454/335/5
f 607/336/7 459/208/7 606/202/7
f 612/337/9 464/338/9 461/193/9
f 609/339/9 463/191/9 464/338/9
f 620/340/13 468/221/13 465/212/13
f 619/341/13 465/212/13 466/342/13
f 613/209/5 469/213/5 616/343/5
f 614/344/5 472/214/5 613/345/5
f 623/232/3 475/239/3 622/346/3
f 624/347/3 474/238/3 623/348/3
f 628/349/11 480/226/11 477/350/11
f 627/351/11 477/350/11 478/236/11
f 630/352/7 484/243/7 481/244/7
f 629/353/7 481/244/7 482/150/7
f 443/162/107 447/168/106 444/328/106
f 446/354/151 442/160/108 441/159/151
f 450/187/116 454/335/115 453/333/152
f 452/175/113 456/178/117 455/157/113
f 458/196/123 462/194/122 461/193/123
f 460/199/120 464/338/124 463/191/120
f 472/214/128 466/342/100 465/212/128
f 470/137/90 468/221/129 467/135/90
f 474/238/140 478/236/139 477/350/140
f 479/224/137 475/239/142 480/226/141
f 488/246/143 482/150/98 481/244/143
f 486/134/89 484/243/144 483/132/89
f 441/159/151 168/355/88 446/354/151
f 500/356/19 278/301/14 299/357/19
f 499/358/62 299/357/19 297/359/52
f 498/360/15 297/359/52 295/361/51
f 497/362/58 295/361/51 293/363/58
f 496/364/20 293/363/58 291/365/20
f 495/366/16 291/365/20 289/367/50
f 494/368/22 289/367/50 287/369/49
f 285/370/55 494/368/22 287/369/49
f 492/371/18 285/370/55 283/372/18
f 491/84/61 283/372/18 281/373/48
f 490/82/21 281/373/48 279/374/47
f 489/375/14 279/376/47 278/301/14
f 9/377/1 527/378/1 556/379/1
f 23/380/1 555/381/1 22/382/1
f 8/383/1 556/379/1 554/384/1
f 22/382/1 553/385/1 21/386/1
f 7/387/1 554/384/1 552/388/1
f 21/386/1 551/389/1 20/390/1
f 6/391/1 552/388/1 550/392/1
f 19/393/1 551/389/1 549/394/1
f 32/395/1 537/396/1 548/397/1
f 5/398/1 550/392/1 547/399/1
f 19/393/1 546/400/1 18/401/1
f 31/402/1 548/397/1 545/403/1
f 4/404/1 547/399/1 544/405/1
f 18/401/1 543/406/1 17/407/1
f 31/402/1 542/408/1 30/409/1
f 3/410/1 544/405/1 541/411/1
f 17/407/1 540/412/1 16/413/1
f 30/409/1 539/414/1 29/415/1
f 2/416/1 541/411/1 538/417/1
f 16/413/1 536/418/1 15/419/1
f 29/415/1 535/420/1 28/421/1
f 2/416/1 537/396/1 1/422/1
f 14/423/1 536/418/1 534/424/1
f 28/421/1 533/425/1 27/426/1
f 13/427/1 534/424/1 532/428/1
f 27/426/1 531/429/1 26/430/1
f 12/431/1 532/428/1 530/432/1
f 26/430/1 529/433/1 25/434/1
f 11/435/1 530/432/1 528/436/1
f 25/434/1 526/437/1 24/438/1
f 10/439/1 528/436/1 527/378/1
f 24/438/1 525/440/1 23/380/1
f 34/441/17 588/442/17 557/443/17
f 35/444/17 557/443/17 558/445/17
f 35/444/17 559/446/17 36/447/17
f 36/447/17 560/448/17 37/449/17
f 37/449/17 561/450/17 38/451/17
f 38/451/17 562/452/17 39/453/17
f 39/453/17 563/454/17 40/455/17
f 40/455/17 564/456/17 41/457/17
f 41/457/17 565/458/17 42/459/17
f 42/459/17 566/460/17 43/461/17
f 43/461/17 567/462/17 44/463/17
f 44/463/17 568/464/17 45/465/17
f 45/465/17 569/466/17 46/467/17
f 46/467/17 570/468/17 47/469/17
f 47/469/17 571/470/17 48/471/17
f 48/471/17 572/472/17 49/473/17
f 49/473/17 573/474/17 50/475/17
f 50/475/17 574/476/17 51/477/17
f 51/477/17 575/478/17 52/479/17
f 53/480/17 575/478/17 576/481/17
f 54/482/17 576/481/17 577/483/17
f 55/484/17 577/483/17 578/485/17
f 56/486/17 578/485/17 579/487/17
f 57/488/17 579/487/17 580/489/17
f 58/490/17 580/489/17 581/491/17
f 59/492/17 581/491/17 582/493/17
f 60/494/17 582/493/17 583/495/17
f 61/496/17 583/495/17 584/497/17
f 62/498/17 584/497/17 585/499/17
f 63/500/17 585/499/17 586/501/17
f 64/502/17 586/501/17 587/503/17
f 33/504/17 587/503/17 588/442/17
f 589/327/3 141/167/3 142/505/3
f 144/169/11 594/506/11 143/507/11
f 148/508/13 600/509/13 147/146/13
f 146/510/5 601/511/5 454/335/5
f 592/512/3 165/513/3 441/159/3
f 164/207/7 608/139/7 163/514/7
f 162/205/9 611/515/9 462/194/9
f 160/154/5 614/516/5 159/102/5
f 158/152/13 619/517/13 466/342/13
f 156/235/3 624/518/3 155/143/3
f 154/519/11 627/520/11 478/236/11
f 150/521/7 629/522/7 482/150/7
f 152/149/9 634/523/9 151/249/9
f 592/524/103 596/525/153 595/526/103
f 602/527/111 600/330/96 599/331/111
f 604/528/101 598/174/112 597/176/101
f 612/529/118 608/195/92 607/197/118
f 610/530/109 606/198/119 605/200/109
f 613/345/125 619/531/79 614/344/79
f 618/532/130 616/215/154 615/216/130
f 628/533/136 624/347/94 623/348/134
f 621/231/132 625/534/135 622/229/135
f 633/535/149 629/536/148 634/537/148
f 635/538/145 631/539/150 636/540/150
f 143/507/155 589/541/156 142/542/155
f 605/179/7 188/204/7 187/543/7
f 594/544/11 448/171/11 593/545/11
f 593/546/11 445/170/11 596/547/11
f 596/525/11 446/354/11 595/526/11
f 595/548/11 168/355/11 167/130/11
f 618/549/13 182/550/13 467/135/13
f 594/544/156 590/551/157 589/552/156
f 591/553/153 593/546/158 596/547/153
f 634/537/9 488/246/9 633/535/9
f 633/554/9 485/245/9 636/253/9
f 636/540/9 486/134/9 635/538/9
f 635/555/9 176/133/9 175/124/9
f 493/67/63 492/90/64 516/68/64
f 499/70/65 523/91/65 524/71/66
f 490/73/67 489/81/68 503/74/68
f 496/76/69 520/92/69 521/77/70
f 493/67/63 517/69/63 518/79/71
f 489/81/68 500/72/66 524/71/66
f 490/82/67 514/556/67 515/83/72
f 497/78/70 521/77/70 522/85/73
f 495/87/74 494/80/71 518/79/71
f 491/89/72 515/557/72 516/68/64
f 498/86/73 522/85/73 523/91/65
f 495/87/74 519/88/74 520/92/69
f 163/93/60 142/256/75 141/94/75
f 159/96/76 161/261/59 162/97/59
f 155/99/57 157/269/77 158/100/77
f 159/102/78 614/516/79 619/103/79
f 151/105/80 153/277/56 154/106/56
f 147/108/54 149/284/81 150/109/81
f 143/111/82 145/292/53 146/112/53
f 185/114/2 187/543/2 188/115/83
f 181/117/8 183/142/8 184/118/84
f 177/120/12 179/228/12 180/121/85
f 174/123/86 173/248/10 175/124/10
f 169/126/6 171/173/6 172/127/87
f 165/129/88 166/166/4 167/130/4
f 483/132/89 174/241/86 176/133/86
f 467/135/90 182/550/84 184/136/84
f 161/138/91 163/514/91 608/139/92
f 615/141/5 470/137/5 184/136/5
f 155/143/93 624/518/94 627/144/94
f 147/146/95 600/509/96 601/147/96
f 152/149/97 150/521/97 482/150/98
f 158/152/99 466/342/100 471/153/100
f 604/155/5 169/558/5 170/156/5
f 591/158/3 592/559/3 441/159/3
f 590/161/3 591/560/3 442/160/3
f 597/163/101 171/173/102 169/126/102
f 592/165/103 595/548/103 167/130/104
f 141/167/105 444/328/106 447/168/106
f 443/162/107 442/160/108 445/170/108
f 597/163/13 452/175/13 172/172/13
f 598/174/13 451/188/13 452/175/13
f 603/177/5 604/561/5 455/157/5
f 605/179/109 187/543/110 185/114/110
f 599/181/111 598/329/112 603/182/112
f 455/157/113 170/156/87 172/172/87
f 148/184/114 146/562/114 454/185/115
f 450/187/116 453/333/152 456/178/117
f 610/189/9 185/563/9 186/190/9
f 611/192/9 612/564/9 461/193/9
f 608/195/7 457/206/7 458/196/7
f 606/198/7 459/208/7 460/199/7
f 612/201/118 607/336/118 606/202/119
f 463/191/120 186/190/83 188/204/83
f 162/205/121 462/194/122 457/206/122
f 461/193/123 464/338/124 459/208/124
f 613/209/125 616/343/154 617/210/126
f 465/212/128 468/221/129 469/213/129
f 616/215/5 469/213/5 470/137/5
f 615/141/130 183/142/131 181/117/131
f 621/218/132 179/228/133 177/120/133
f 617/220/13 618/565/13 467/135/13
f 626/222/11 177/566/11 178/223/11
f 625/225/11 626/567/11 479/224/11
f 621/218/3 476/230/3 180/227/3
f 622/229/3 475/239/3 476/230/3
f 623/232/134 622/346/135 625/233/135
f 479/224/137 178/223/85 180/227/85
f 156/235/138 154/519/138 478/236/139
f 474/238/140 477/350/140 480/226/141
f 632/240/7 173/568/7 174/241/7
f 631/242/7 632/569/7 483/132/7
f 481/244/143 484/243/144 485/245/144
f 632/247/145 635/555/145 175/124/146
f 151/249/147 634/523/148 629/250/148
f 630/252/149 633/554/149 636/253/150
f 300/255/19 277/299/14 142/256/75
f 299/257/19 278/570/14 277/258/14
f 298/260/52 300/255/19 163/93/60
f 297/262/52 299/257/19 300/259/19
f 296/264/51 298/260/52 161/261/59
f 287/265/6 305/571/6 306/266/6
f 294/268/58 296/264/51 159/96/76
f 293/270/58 295/572/51 296/271/51
f 292/273/20 294/268/58 157/269/77
f 291/274/20 293/270/58 294/272/58
f 290/276/50 292/273/20 155/99/57
f 289/278/50 291/274/20 292/275/20
f 288/280/49 290/276/50 153/277/56
f 281/281/17 303/573/17 301/282/17
f 149/284/81 286/574/55 288/280/49
f 286/285/55 285/290/55 287/286/49
f 284/288/18 286/574/55 149/284/81
f 284/289/18 283/575/18 285/290/55
f 282/291/48 284/288/18 147/108/54
f 281/293/48 283/575/18 284/289/18
f 280/295/47 282/291/48 145/292/53
f 298/296/4 312/312/4 311/297/4
f 277/299/14 280/302/47 143/300/82
f 278/301/14 279/376/47 280/302/47
f 309/303/3 311/317/3 312/304/3
f 305/306/13 307/321/13 308/307/13
f 301/282/7 303/573/7 304/309/7
f 298/296/1 296/320/1 310/311/1
f 282/313/10 304/326/10 303/314/10
f 295/316/17 297/576/17 311/317/17
f 290/318/1 288/267/1 306/266/1
f 295/316/12 309/303/12 310/311/12
f 290/318/8 308/319/8 307/321/8
f 289/322/17 307/321/17 305/306/17
f 279/283/2 301/282/2 302/324/2
f 280/325/1 302/324/1 304/326/1
f 589/327/3 590/577/3 443/162/3
f 599/181/13 450/187/13 451/188/13
f 600/330/13 449/578/13 450/187/13
f 602/332/5 603/579/5 456/178/5
f 601/334/5 602/580/5 453/333/5
f 607/336/7 458/196/7 459/208/7
f 612/337/9 609/581/9 464/338/9
f 609/339/9 610/582/9 463/191/9
f 620/340/13 617/583/13 468/221/13
f 619/341/13 620/584/13 465/212/13
f 613/209/5 472/214/5 469/213/5
f 614/344/5 471/153/5 472/214/5
f 623/232/3 474/238/3 475/239/3
f 624/347/3 473/237/3 474/238/3
f 628/349/11 625/585/11 480/226/11
f 627/351/11 628/586/11 477/350/11
f 630/352/7 631/587/7 484/243/7
f 629/353/7 630/588/7 481/244/7
f 443/162/107 448/171/107 447/168/106
f 446/354/151 445/170/108 442/160/108
f 450/187/116 449/578/115 454/335/115
f 452/175/113 451/188/117 456/178/117
f 458/196/123 457/206/122 462/194/122
f 460/199/120 459/208/124 464/338/124
f 472/214/128 471/153/100 466/342/100
f 470/137/90 469/213/129 468/221/129
f 474/238/140 473/237/139 478/236/139
f 479/224/137 476/230/137 475/239/142
f 488/246/143 487/151/98 482/150/98
f 486/134/89 485/245/144 484/243/144
f 441/159/151 165/513/88 168/355/88
f 500/356/19 489/375/14 278/301/14
f 499/358/62 500/356/19 299/357/19
f 498/360/15 499/358/62 297/359/52
f 497/362/58 498/360/15 295/361/51
f 496/364/20 497/362/58 293/363/58
f 495/366/16 496/364/20 291/365/20
f 494/368/22 495/366/16 289/367/50
f 285/370/55 493/589/55 494/368/22
f 492/371/18 493/589/55 285/370/55
f 491/84/61 492/371/18 283/372/18
f 490/82/21 491/84/61 281/373/48
f 489/375/14 490/590/21 279/376/47
f 9/377/1 10/439/1 527/378/1
f 23/380/1 525/440/1 555/381/1
f 8/383/1 9/377/1 556/379/1
f 22/382/1 555/381/1 553/385/1
f 7/387/1 8/383/1 554/384/1
f 21/386/1 553/385/1 551/389/1
f 6/391/1 7/387/1 552/388/1
f 19/393/1 20/390/1 551/389/1
f 32/395/1 1/422/1 537/396/1
f 5/398/1 6/391/1 550/392/1
f 19/393/1 549/394/1 546/400/1
f 31/402/1 32/395/1 548/397/1
f 4/404/1 5/398/1 547/399/1
f 18/401/1 546/400/1 543/406/1
f 31/402/1 545/403/1 542/408/1
f 3/410/1 4/404/1 544/405/1
f 17/407/1 543/406/1 540/412/1
f 30/409/1 542/408/1 539/414/1
f 2/416/1 3/410/1 541/411/1
f 16/413/1 540/412/1 536/418/1
f 29/415/1 539/414/1 535/420/1
f 2/416/1 538/417/1 537/396/1
f 14/423/1 15/419/1 536/418/1
f 28/421/1 535/420/1 533/425/1
f 13/427/1 14/423/1 534/424/1
f 27/426/1 533/425/1 531/429/1
f 12/431/1 13/427/1 532/428/1
f 26/430/1 531/429/1 529/433/1
f 11/435/1 12/431/1 530/432/1
f 25/434/1 529/433/1 526/437/1
f 10/439/1 11/435/1 528/436/1
f 24/438/1 526/437/1 525/440/1
f 34/441/17 33/504/17 588/442/17
f 35/444/17 34/441/17 557/443/17
f 35/444/17 558/445/17 559/446/17
f 36/447/17 559/446/17 560/448/17
f 37/449/17 560/448/17 561/450/17
f 38/451/17 561/450/17 562/452/17
f 39/453/17 562/452/17 563/454/17
f 40/455/17 563/454/17 564/456/17
f 41/457/17 564/456/17 565/458/17
f 42/459/17 565/458/17 566/460/17
f 43/461/17 566/460/17 567/462/17
f 44/463/17 567/462/17 568/464/17
f 45/465/17 568/464/17 569/466/17
f 46/467/17 569/466/17 570/468/17
f 47/469/17 570/468/17 571/470/17
f 48/471/17 571/470/17 572/472/17
f 49/473/17 572/472/17 573/474/17
f 50/475/17 573/474/17 574/476/17
f 51/477/17 574/476/17 575/478/17
f 53/480/17 52/479/17 575/478/17
f 54/482/17 53/480/17 576/481/17
f 55/484/17 54/482/17 577/483/17
f 56/486/17 55/484/17 578/485/17
f 57/488/17 56/486/17 579/487/17
f 58/490/17 57/488/17 580/489/17
f 59/492/17 58/490/17 581/491/17
f 60/494/17 59/492/17 582/493/17
f 61/496/17 60/494/17 583/495/17
f 62/498/17 61/496/17 584/497/17
f 63/500/17 62/498/17 585/499/17
f 64/502/17 63/500/17 586/501/17
f 33/504/17 64/502/17 587/503/17
f 589/327/3 444/328/3 141/167/3
f 144/169/11 447/168/11 594/506/11
f 148/508/13 449/578/13 600/509/13
f 146/510/5 145/591/5 601/511/5
f 592/512/3 166/592/3 165/513/3
f 164/207/7 457/206/7 608/139/7
f 162/205/9 161/593/9 611/515/9
f 160/154/5 471/153/5 614/516/5
f 158/152/13 157/594/13 619/517/13
f 156/235/3 473/237/3 624/518/3
f 154/519/11 153/595/11 627/520/11
f 150/521/7 149/596/7 629/522/7
f 152/149/9 487/151/9 634/523/9
f 592/524/103 591/597/153 596/525/153
f 602/527/111 601/598/96 600/330/96
f 604/528/101 603/599/112 598/174/112
f 612/529/118 611/600/92 608/195/92
f 610/530/109 609/601/119 606/198/119
f 613/345/125 620/602/127 619/531/79
f 618/532/130 617/603/126 616/215/154
f 628/533/136 627/604/94 624/347/94
f 621/231/132 626/605/132 625/534/135
f 633/535/149 630/606/149 629/536/148
f 635/538/145 632/607/145 631/539/150
f 143/507/155 594/506/156 589/541/156
f 605/179/7 460/199/7 188/204/7
f 594/544/11 447/168/11 448/171/11
f 593/546/11 448/171/11 445/170/11
f 596/525/11 445/170/11 446/354/11
f 595/548/11 446/354/11 168/355/11
f 618/549/13 181/608/13 182/550/13
f 594/544/156 593/545/158 590/551/157
f 591/553/153 590/609/157 593/546/158
f 634/537/9 487/151/9 488/246/9
f 633/554/9 488/246/9 485/245/9
f 636/540/9 485/245/9 486/134/9
f 635/555/9 486/134/9 176/133/9
usemtl SpacialRoverExploreralumGrayDeep
f 136/610/21 207/611/14 135/612/14
f 164/95/60 189/613/14 200/614/19
f 199/615/62 164/95/60 200/614/19
f 160/98/76 199/615/62 198/616/15
f 158/100/77 198/616/15 197/617/58
f 156/101/57 197/617/58 196/618/20
f 154/106/56 196/618/20 195/619/16
f 152/107/80 195/619/16 194/620/22
f 193/621/55 152/107/80 194/620/22
f 192/622/18 150/109/81 193/621/55
f 146/112/53 192/622/18 191/623/61
f 144/113/82 191/623/61 190/624/21
f 141/94/75 190/625/21 189/613/14
f 129/626/1 190/627/1 130/628/1
f 130/628/1 191/629/1 131/630/1
f 131/630/1 192/631/1 132/632/1
f 133/633/1 192/631/1 193/634/1
f 133/633/1 194/635/1 134/636/1
f 135/637/1 194/635/1 195/638/1
f 135/637/1 196/639/1 136/640/1
f 137/641/1 196/639/1 197/642/1
f 137/641/1 198/643/1 138/644/1
f 138/644/1 199/645/1 139/646/1
f 139/646/1 200/647/1 140/648/1
f 129/626/1 200/647/1 189/649/1
f 204/650/1 208/651/1 212/652/1
f 133/653/62 204/654/15 132/655/15
f 140/656/22 211/657/55 139/658/55
f 130/659/20 201/660/16 129/661/16
f 137/662/61 208/663/21 136/610/21
f 133/653/62 206/664/19 205/665/62
f 129/661/16 212/666/22 140/656/22
f 131/667/58 202/668/20 130/669/20
f 138/670/18 209/671/61 137/662/61
f 135/612/14 206/664/19 134/672/19
f 132/655/15 203/673/58 131/667/58
f 139/658/55 210/674/18 138/670/18
f 502/675/14 514/676/21 503/677/14
f 501/678/21 515/83/61 514/556/21
f 504/679/61 516/680/18 515/83/61
f 505/681/18 517/682/55 516/680/18
f 517/682/55 507/683/22 518/684/22
f 507/683/22 519/685/16 518/684/22
f 508/686/16 520/687/20 519/685/16
f 509/688/20 521/689/58 520/687/20
f 510/690/58 522/691/15 521/689/58
f 511/692/15 523/693/62 522/691/15
f 512/694/17 508/695/17 504/679/17
f 512/696/62 524/697/19 523/693/62
f 513/698/19 503/677/14 524/697/19
f 136/610/21 208/663/21 207/611/14
f 164/95/60 141/94/75 189/613/14
f 199/615/62 162/97/59 164/95/60
f 160/98/76 162/97/59 199/615/62
f 158/100/77 160/98/76 198/616/15
f 156/101/57 158/100/77 197/617/58
f 154/106/56 156/101/57 196/618/20
f 152/107/80 154/106/56 195/619/16
f 193/621/55 150/109/81 152/107/80
f 192/622/18 148/110/54 150/109/81
f 146/112/53 148/110/54 192/622/18
f 144/113/82 146/112/53 191/623/61
f 141/94/75 144/699/82 190/625/21
f 129/626/1 189/649/1 190/627/1
f 130/628/1 190/627/1 191/629/1
f 131/630/1 191/629/1 192/631/1
f 133/633/1 132/632/1 192/631/1
f 133/633/1 193/634/1 194/635/1
f 135/637/1 134/636/1 194/635/1
f 135/637/1 195/638/1 196/639/1
f 137/641/1 136/640/1 196/639/1
f 137/641/1 197/642/1 198/643/1
f 138/644/1 198/643/1 199/645/1
f 139/646/1 199/645/1 200/647/1
f 129/626/1 140/648/1 200/647/1
f 212/652/1 201/700/1 202/701/1
f 202/701/1 203/702/1 204/650/1
f 204/650/1 205/703/1 206/704/1
f 206/704/1 207/705/1 208/651/1
f 208/651/1 209/706/1 210/707/1
f 210/707/1 211/708/1 212/652/1
f 212/652/1 202/701/1 204/650/1
f 204/650/1 206/704/1 208/651/1
f 208/651/1 210/707/1 212/652/1
f 133/653/62 205/665/62 204/654/15
f 140/656/22 212/666/22 211/657/55
f 130/659/20 202/709/20 201/660/16
f 137/662/61 209/671/61 208/663/21
f 133/653/62 134/672/19 206/664/19
f 129/661/16 201/660/16 212/666/22
f 131/667/58 203/673/58 202/668/20
f 138/670/18 210/674/18 209/671/61
f 135/612/14 207/611/14 206/664/19
f 132/655/15 204/654/15 203/673/58
f 139/658/55 211/657/55 210/674/18
f 502/675/14 501/710/21 514/676/21
f 501/678/21 504/679/61 515/83/61
f 504/679/61 505/681/18 516/680/18
f 505/681/18 506/711/55 517/682/55
f 517/682/55 506/711/55 507/683/22
f 507/683/22 508/686/16 519/685/16
f 508/686/16 509/688/20 520/687/20
f 509/688/20 510/690/58 521/689/58
f 510/690/58 511/692/15 522/691/15
f 511/692/15 512/696/62 523/693/62
f 504/679/17 501/678/17 502/712/17
f 502/712/17 513/713/17 512/694/17
f 512/694/17 511/714/17 510/715/17
f 510/715/17 509/716/17 508/695/17
f 508/695/17 507/717/17 506/718/17
f 506/718/17 505/719/17 504/679/17
f 504/679/17 502/712/17 512/694/17
f 512/694/17 510/715/17 508/695/17
f 508/695/17 506/718/17 504/679/17
f 512/696/62 513/698/19 524/697/19
f 513/698/19 502/675/14 503/677/14
usemtl SpacialRoverExplorerwheels
f 588/720/17 96/721/171 66/722/172
f 587/723/17 95/724/173 96/721/171
f 586/725/17 94/726/174 95/724/173
f 585/727/17 93/728/175 94/726/174
f 584/729/17 92/730/176 93/728/175
f 583/731/17 91/732/177 92/730/176
f 582/733/17 90/734/178 91/732/177
f 581/735/17 89/736/178 90/734/178
f 580/737/17 88/738/179 89/736/178
f 579/739/17 87/740/179 88/738/179
f 578/741/17 86/742/180 87/740/179
f 577/743/17 85/744/181 86/742/180
f 576/745/17 84/746/182 85/747/181
f 574/748/17 84/746/182 575/749/17
f 573/750/17 83/751/182 574/748/17
f 572/752/17 82/753/183 573/750/17
f 571/754/17 81/755/183 572/752/17
f 570/756/17 80/757/184 571/754/17
f 569/758/17 79/759/184 570/756/17
f 568/760/17 78/761/185 569/758/17
f 567/762/17 77/763/185 568/760/17
f 566/764/17 76/765/186 567/762/17
f 565/766/17 75/767/187 566/764/17
f 564/768/17 74/769/188 565/766/17
f 563/770/17 73/771/189 564/768/17
f 562/772/17 72/773/190 563/770/17
f 561/774/17 71/775/191 562/772/17
f 560/776/17 70/777/192 561/774/17
f 559/778/17 69/779/192 560/780/17
f 559/778/17 67/781/193 68/782/194
f 558/783/17 65/784/172 67/781/193
f 557/785/17 66/722/172 65/784/172
f 526/786/1 119/787/195 525/788/1
f 527/789/1 107/790/196 106/791/197
f 529/792/1 120/793/195 526/786/1
f 528/794/1 108/795/198 107/790/196
f 531/796/1 121/797/199 529/792/1
f 530/798/1 109/799/200 108/795/198
f 533/800/1 122/801/199 531/796/1
f 532/802/1 110/803/201 109/799/200
f 535/804/1 123/805/202 533/800/1
f 534/806/1 111/807/203 110/803/201
f 538/808/1 97/809/204 537/810/1
f 539/811/1 124/812/205 535/804/1
f 536/813/1 112/814/203 111/807/203
f 541/815/1 98/816/204 538/808/1
f 542/817/1 125/818/206 539/811/1
f 543/819/1 112/814/203 540/820/1
f 544/821/1 99/822/207 541/815/1
f 545/823/1 126/824/208 542/817/1
f 546/825/1 113/826/209 543/819/1
f 547/827/1 100/828/207 544/821/1
f 548/829/1 127/830/210 545/823/1
f 549/831/1 114/832/211 546/825/1
f 547/833/1 102/834/212 101/835/212
f 537/810/1 128/836/213 548/829/1
f 551/837/1 115/838/214 549/831/1
f 550/839/1 103/840/215 102/834/212
f 553/841/1 116/842/214 551/837/1
f 552/843/1 104/844/216 103/840/215
f 555/845/1 117/846/217 553/847/1
f 554/848/1 105/849/218 104/844/216
f 525/788/1 118/850/217 555/845/1
f 556/851/1 106/791/197 105/849/218
f 214/852/219 123/805/220 216/853/221
f 218/854/222 127/830/223 220/855/224
f 220/855/225 412/856/226 219/857/227
f 224/858/228 125/818/229 222/859/230
f 271/860/231 314/861/232 438/862/233
f 219/857/227 313/863/234 95/724/235
f 86/742/180 323/864/236 324/865/237
f 270/866/238 437/867/239 405/868/238
f 127/830/210 375/869/240 376/870/240
f 238/871/241 117/872/242 232/873/243
f 234/874/244 119/787/245 228/875/246
f 230/876/247 121/797/248 226/877/249
f 218/854/250 411/878/251 379/879/252
f 269/880/239 342/881/253 437/867/239
f 112/814/254 240/882/255 246/883/256
f 114/832/257 236/884/258 242/885/259
f 217/886/260 316/887/261 411/878/251
f 88/738/179 321/888/262 322/889/263
f 108/795/264 248/890/265 254/891/266
f 110/803/267 244/892/268 250/893/269
f 268/894/270 436/895/271 267/896/272
f 125/818/206 373/897/273 374/898/273
f 216/853/274 410/899/275 215/900/276
f 267/896/272 341/901/277 67/781/277
f 100/828/278 264/902/279 270/866/280
f 102/834/281 260/903/282 266/904/283
f 104/844/284 256/905/285 262/906/286
f 106/791/287 252/907/288 258/908/289
f 272/909/290 97/809/291 274/910/292
f 215/900/276 317/911/293 91/732/294
f 276/912/295 99/822/296 268/894/297
f 90/734/178 319/913/298 320/914/298
f 266/904/299 435/915/300 403/916/301
f 123/805/202 371/917/302 372/918/302
f 65/784/303 267/896/304 67/781/303
f 275/919/305 268/894/297 267/896/304
f 214/852/306 409/920/307 377/921/308
f 265/922/309 340/923/310 435/915/300
f 96/721/311 273/924/312 66/722/311
f 271/860/313 274/910/292 273/924/312
f 257/925/314 75/767/315 74/769/315
f 258/908/289 251/926/316 257/925/314
f 261/927/317 73/771/318 72/773/318
f 262/906/286 255/928/319 261/927/317
f 265/922/320 71/775/321 70/777/321
f 266/904/283 259/929/322 265/922/320
f 269/880/323 69/779/324 68/782/324
f 270/866/280 263/930/325 269/880/323
f 213/931/326 320/914/327 409/920/307
f 92/730/176 317/911/328 318/932/328
f 264/933/329 434/934/330 263/935/331
f 121/797/199 369/936/332 370/937/332
f 276/912/333 345/938/334 98/816/335
f 263/935/331 339/939/336 69/940/337
f 274/910/338 346/941/339 407/942/338
f 94/726/174 315/943/340 316/887/340
f 249/944/341 79/759/342 78/761/342
f 250/893/269 243/945/343 249/944/341
f 253/946/344 77/763/345 76/765/345
f 254/891/266 247/947/346 253/946/344
f 262/906/347 433/948/348 401/949/347
f 119/787/195 367/950/349 368/951/349
f 272/909/350 375/869/351 128/836/352
f 261/927/353 338/952/354 433/948/348
f 241/953/355 83/751/356 82/753/356
f 242/885/259 235/954/357 241/953/355
f 245/955/358 81/755/359 80/757/359
f 246/883/256 239/956/360 245/955/358
f 270/866/238 347/957/361 100/828/361
f 96/721/171 313/863/362 314/861/362
f 260/903/363 432/958/364 259/929/365
f 117/846/217 365/959/366 366/960/366
f 88/738/367 225/961/368 89/736/367
f 229/962/369 226/877/249 225/961/368
f 86/742/370 227/963/371 87/740/370
f 233/964/372 228/875/246 227/963/371
f 84/746/373 231/965/374 85/747/373
f 237/966/375 232/873/243 231/965/374
f 268/894/270 348/967/376 404/968/270
f 259/929/365 337/969/377 71/775/378
f 266/904/299 349/970/379 102/834/380
f 258/908/381 431/971/382 399/972/383
f 115/838/214 363/973/384 364/974/384
f 264/933/329 350/975/385 402/976/329
f 257/925/386 336/977/387 431/971/382
f 262/906/347 351/978/388 104/844/389
f 256/905/164 430/979/165 255/928/163
f 114/832/211 362/980/390 113/826/209
f 92/730/391 221/981/392 93/728/391
f 223/982/393 222/859/230 221/981/392
f 260/903/363 352/983/394 400/984/363
f 255/928/163 335/985/395 73/771/396
f 94/726/397 219/857/398 95/724/397
f 217/886/399 220/855/224 219/857/398
f 90/734/400 215/900/401 91/732/400
f 213/931/402 216/853/221 215/900/401
f 381/986/403 373/897/404 379/879/405
f 378/987/406 371/917/407 382/988/408
f 383/989/409 369/936/410 377/921/411
f 384/990/412 367/950/413 385/991/414
f 386/992/415 365/959/416 387/993/417
f 388/994/418 363/973/419 389/995/418
f 362/980/420 391/996/421 390/997/422
f 360/998/423 393/999/424 392/1000/425
f 358/1001/426 395/1002/427 394/1003/428
f 356/1004/429 397/1005/430 396/1006/431
f 354/1007/432 399/972/433 398/1008/434
f 352/983/435 401/949/436 400/984/437
f 350/975/438 403/916/439 402/976/440
f 348/967/441 405/868/442 404/968/442
f 407/942/443 345/938/444 408/1009/445
f 380/1010/446 375/869/447 406/1011/448
f 313/863/449 438/862/450 314/861/449
f 412/856/451 406/1011/448 438/862/450
f 343/1012/452 440/1013/453 344/1014/454
f 439/1015/455 408/1009/445 440/1013/453
f 436/895/456 342/881/457 341/901/457
f 404/968/442 437/867/456 436/895/456
f 434/934/458 340/923/459 339/939/459
f 402/976/440 435/915/460 434/934/458
f 432/958/461 338/952/462 337/969/462
f 400/984/437 433/948/463 432/958/461
f 430/979/464 336/977/465 335/985/465
f 398/1008/434 431/971/466 430/979/464
f 428/1016/467 334/1017/468 333/1018/469
f 396/1006/431 429/1019/470 428/1016/467
f 426/1020/471 332/1021/472 331/1022/472
f 394/1003/428 427/1023/473 426/1020/471
f 424/1024/474 330/1025/475 329/1026/475
f 392/1000/425 425/1027/476 424/1024/474
f 422/1028/477 328/1029/478 327/1030/478
f 390/997/422 423/1031/479 422/1028/477
f 325/1032/480 421/1033/481 326/1034/480
f 388/994/418 421/1033/481 420/1035/481
f 323/864/482 419/1036/483 324/865/482
f 418/1037/484 387/993/417 419/1036/483
f 321/888/485 417/1038/486 322/889/485
f 416/1039/487 385/991/414 417/1038/486
f 319/913/488 409/920/489 320/914/488
f 415/1040/490 377/921/411 409/920/489
f 317/911/491 414/1041/492 318/932/491
f 410/899/493 382/988/408 414/1041/492
f 315/943/494 411/878/495 316/887/494
f 413/1042/496 379/879/405 411/878/495
f 272/909/350 438/862/233 406/1011/350
f 83/751/182 326/1034/497 84/746/182
f 221/981/498 315/943/499 93/728/500
f 273/924/501 343/1012/502 66/722/503
f 222/859/504 413/1042/505 221/981/498
f 274/910/338 439/1015/506 273/924/501
f 81/755/183 328/1029/507 82/753/183
f 223/982/508 318/932/509 414/1041/510
f 275/919/511 344/1014/512 440/1013/513
f 224/858/514 414/1041/510 382/988/514
f 276/912/333 440/1013/513 408/1009/515
f 79/759/184 330/1025/516 80/757/184
f 225/961/161 319/913/517 89/736/162
f 226/877/159 415/1040/160 225/961/161
f 77/763/185 332/1021/518 78/761/185
f 227/963/519 321/888/520 87/740/521
f 228/875/522 416/1039/523 227/963/519
f 75/767/187 334/1017/524 76/765/186
f 229/962/525 322/889/526 417/1038/527
f 230/876/528 417/1038/527 385/991/529
f 73/771/189 336/977/530 74/769/188
f 231/1043/531 323/864/532 85/744/533
f 232/1044/534 418/1037/535 231/1043/531
f 214/852/306 369/936/536 122/801/537
f 71/775/191 338/952/538 72/773/190
f 233/964/539 324/865/540 419/1036/541
f 216/853/274 372/918/542 378/987/543
f 234/874/544 419/1036/541 387/993/545
f 218/854/250 373/897/546 126/824/547
f 69/940/192 340/923/548 70/777/192
f 235/954/549 325/1032/550 83/751/550
f 220/855/225 376/870/551 380/1010/552
f 236/884/553 420/1035/549 235/954/549
f 222/859/504 374/898/554 381/986/555
f 68/782/194 341/901/556 342/881/557
f 237/966/558 326/1034/559 421/1033/558
f 224/858/514 371/917/560 124/812/561
f 238/871/562 421/1033/558 389/995/562
f 226/877/159 370/937/168 383/989/169
f 65/784/172 343/1012/563 344/1014/563
f 239/956/564 327/1030/565 81/755/566
f 228/875/522 368/951/567 384/990/568
f 97/809/204 345/938/569 346/941/570
f 240/882/571 422/1028/572 239/956/564
f 230/876/528 367/950/573 120/793/574
f 241/953/575 328/1029/576 423/1031/577
f 232/1044/534 366/960/578 386/992/579
f 100/828/207 348/967/580 99/822/207
f 242/885/581 423/1031/577 391/996/582
f 234/874/544 365/959/583 118/850/584
f 243/945/585 329/1026/586 79/759/587
f 236/884/553 364/974/588 388/994/589
f 102/834/212 350/975/590 101/835/212
f 244/892/591 424/1024/592 243/945/585
f 238/871/562 363/973/593 116/842/594
f 245/955/595 330/1025/596 425/1027/597
f 240/882/571 362/980/598 390/997/571
f 104/844/216 352/983/599 103/840/215
f 246/883/600 425/1027/597 393/999/600
f 242/885/581 361/1045/601 114/832/602
f 247/947/603 331/1022/604 77/763/605
f 244/892/591 360/998/606 392/1000/591
f 106/791/197 354/1007/607 105/849/218
f 248/890/608 426/1020/609 247/947/603
f 246/883/600 359/1046/610 112/814/611
f 249/944/612 332/1021/613 427/1023/614
f 248/890/608 358/1001/615 394/1003/616
f 108/795/198 356/1004/617 107/790/196
f 250/893/618 427/1023/614 395/1002/619
f 250/893/618 357/1047/620 110/803/621
f 251/926/622 333/1018/623 75/767/624
f 252/907/625 356/1004/626 396/1006/627
f 110/803/201 358/1001/628 109/799/200
f 252/907/625 428/1016/629 251/926/622
f 254/891/630 355/1048/631 108/795/632
f 253/946/633 334/1017/634 429/1019/635
f 256/905/164 354/1007/166 398/1008/167
f 112/814/203 360/998/636 111/807/203
f 254/891/630 429/1019/635 397/1005/637
f 258/908/381 353/1049/638 106/791/639
f 588/720/17 587/723/17 96/721/171
f 587/723/17 586/725/17 95/724/173
f 586/725/17 585/727/17 94/726/174
f 585/727/17 584/729/17 93/728/175
f 584/729/17 583/731/17 92/730/176
f 583/731/17 582/733/17 91/732/177
f 582/733/17 581/735/17 90/734/178
f 581/735/17 580/737/17 89/736/178
f 580/737/17 579/739/17 88/738/179
f 579/739/17 578/741/17 87/740/179
f 578/741/17 577/743/17 86/742/180
f 577/743/17 576/1050/17 85/744/181
f 576/745/17 575/749/17 84/746/182
f 574/748/17 83/751/182 84/746/182
f 573/750/17 82/753/183 83/751/182
f 572/752/17 81/755/183 82/753/183
f 571/754/17 80/757/184 81/755/183
f 570/756/17 79/759/184 80/757/184
f 569/758/17 78/761/185 79/759/184
f 568/760/17 77/763/185 78/761/185
f 567/762/17 76/765/186 77/763/185
f 566/764/17 75/767/187 76/765/186
f 565/766/17 74/769/188 75/767/187
f 564/768/17 73/771/189 74/769/188
f 563/770/17 72/773/190 73/771/189
f 562/772/17 71/775/191 72/773/190
f 561/774/17 70/777/192 71/775/191
f 560/776/17 69/940/192 70/777/192
f 559/778/17 68/782/194 69/779/192
f 559/778/17 558/783/17 67/781/193
f 558/783/17 557/785/17 65/784/172
f 557/785/17 588/720/17 66/722/172
f 526/786/1 120/793/195 119/787/195
f 527/789/1 528/794/1 107/790/196
f 529/792/1 121/797/199 120/793/195
f 528/794/1 530/798/1 108/795/198
f 531/796/1 122/801/199 121/797/199
f 530/798/1 532/802/1 109/799/200
f 533/800/1 123/805/202 122/801/199
f 532/802/1 534/806/1 110/803/201
f 535/804/1 124/812/205 123/805/202
f 534/806/1 536/813/1 111/807/203
f 538/808/1 98/816/204 97/809/204
f 539/811/1 125/818/206 124/812/205
f 536/813/1 540/820/1 112/814/203
f 541/815/1 99/822/207 98/816/204
f 542/817/1 126/824/208 125/818/206
f 543/819/1 113/826/209 112/814/203
f 544/821/1 100/828/207 99/822/207
f 545/823/1 127/830/210 126/824/208
f 546/825/1 114/832/211 113/826/209
f 547/827/1 101/1051/212 100/828/207
f 548/829/1 128/836/213 127/830/210
f 549/831/1 115/838/214 114/832/211
f 547/833/1 550/839/1 102/834/212
f 537/810/1 97/809/204 128/836/213
f 551/837/1 116/842/214 115/838/214
f 550/839/1 552/843/1 103/840/215
f 553/841/1 117/872/217 116/842/214
f 552/843/1 554/848/1 104/844/216
f 555/845/1 118/850/217 117/846/217
f 554/848/1 556/851/1 105/849/218
f 525/788/1 119/787/195 118/850/217
f 556/851/1 527/789/1 106/791/197
f 214/852/219 122/801/220 123/805/220
f 218/854/222 126/824/223 127/830/223
f 220/855/225 380/1010/552 412/856/226
f 224/858/228 124/812/229 125/818/229
f 271/860/231 96/721/640 314/861/232
f 219/857/227 412/856/226 313/863/234
f 86/742/180 85/744/181 323/864/236
f 270/866/238 269/880/239 437/867/239
f 127/830/210 128/836/213 375/869/240
f 238/871/241 116/842/242 117/872/242
f 234/874/244 118/850/245 119/787/245
f 230/876/247 120/793/248 121/797/248
f 218/854/250 217/886/260 411/878/251
f 269/880/239 68/782/253 342/881/253
f 112/814/254 113/826/254 240/882/255
f 114/832/257 115/838/257 236/884/258
f 217/886/260 94/726/641 316/887/261
f 88/738/179 87/740/179 321/888/262
f 108/795/264 109/799/264 248/890/265
f 110/803/267 111/807/267 244/892/268
f 268/894/270 404/968/270 436/895/271
f 125/818/206 126/824/208 373/897/273
f 216/853/274 378/987/543 410/899/275
f 267/896/272 436/895/271 341/901/277
f 100/828/278 101/1051/278 264/902/279
f 102/834/281 103/840/281 260/903/282
f 104/844/284 105/849/284 256/905/285
f 106/791/287 107/790/287 252/907/288
f 272/909/290 128/836/291 97/809/291
f 215/900/276 410/899/275 317/911/293
f 276/912/295 98/816/296 99/822/296
f 90/734/178 89/736/178 319/913/298
f 266/904/299 265/922/309 435/915/300
f 123/805/202 124/812/205 371/917/302
f 65/784/303 275/919/305 267/896/304
f 275/919/305 276/912/295 268/894/297
f 214/852/306 213/931/326 409/920/307
f 265/922/309 70/777/642 340/923/310
f 96/721/311 271/860/313 273/924/312
f 271/860/313 272/909/290 274/910/292
f 257/925/314 251/926/316 75/767/315
f 258/908/289 252/907/288 251/926/316
f 261/927/317 255/928/319 73/771/318
f 262/906/286 256/905/285 255/928/319
f 265/922/320 259/929/322 71/775/321
f 266/904/283 260/903/282 259/929/322
f 269/880/323 263/930/325 69/779/324
f 270/866/280 264/902/279 263/930/325
f 213/931/326 90/734/643 320/914/327
f 92/730/176 91/732/177 317/911/328
f 264/933/329 402/976/329 434/934/330
f 121/797/199 122/801/199 369/936/332
f 276/912/333 408/1009/515 345/938/334
f 263/935/331 434/934/330 339/939/336
f 274/910/338 97/809/644 346/941/339
f 94/726/174 93/728/175 315/943/340
f 249/944/341 243/945/343 79/759/342
f 250/893/269 244/892/268 243/945/343
f 253/946/344 247/947/346 77/763/345
f 254/891/266 248/890/265 247/947/346
f 262/906/347 261/927/353 433/948/348
f 119/787/195 120/793/195 367/950/349
f 272/909/350 406/1011/350 375/869/351
f 261/927/353 72/773/645 338/952/354
f 241/953/355 235/954/357 83/751/356
f 242/885/259 236/884/258 235/954/357
f 245/955/358 239/956/360 81/755/359
f 246/883/256 240/882/255 239/956/360
f 270/866/238 405/868/238 347/957/361
f 96/721/171 95/724/173 313/863/362
f 260/903/363 400/984/363 432/958/364
f 117/846/217 118/850/217 365/959/366
f 88/738/367 229/962/369 225/961/368
f 229/962/369 230/876/247 226/877/249
f 86/742/370 233/964/372 227/963/371
f 233/964/372 234/874/244 228/875/246
f 84/746/373 237/966/375 231/965/374
f 237/966/375 238/871/241 232/873/243
f 268/894/270 99/822/376 348/967/376
f 259/929/365 432/958/364 337/969/377
f 266/904/299 403/916/301 349/970/379
f 258/908/381 257/925/386 431/971/382
f 115/838/214 116/842/214 363/973/384
f 264/933/329 101/835/646 350/975/385
f 257/925/386 74/769/647 336/977/387
f 262/906/347 401/949/347 351/978/388
f 256/905/164 398/1008/167 430/979/165
f 114/832/211 361/1045/390 362/980/390
f 92/730/391 223/982/393 221/981/392
f 223/982/393 224/858/228 222/859/230
f 260/903/363 103/840/648 352/983/394
f 255/928/163 430/979/165 335/985/395
f 94/726/397 217/886/399 219/857/398
f 217/886/399 218/854/222 220/855/224
f 90/734/400 213/931/402 215/900/401
f 213/931/402 214/852/219 216/853/221
f 381/986/403 374/898/404 373/897/404
f 378/987/406 372/918/407 371/917/407
f 383/989/409 370/937/410 369/936/410
f 384/990/412 368/951/413 367/950/413
f 386/992/415 366/960/416 365/959/416
f 388/994/418 364/974/419 363/973/419
f 362/980/420 361/1045/420 391/996/421
f 360/998/423 359/1046/423 393/999/424
f 358/1001/426 357/1047/426 395/1002/427
f 356/1004/429 355/1048/429 397/1005/430
f 354/1007/432 353/1049/432 399/972/433
f 352/983/435 351/978/435 401/949/436
f 350/975/438 349/970/438 403/916/439
f 348/967/441 347/957/441 405/868/442
f 407/942/443 346/941/444 345/938/444
f 380/1010/446 376/870/447 375/869/447
f 313/863/449 412/856/451 438/862/450
f 412/856/451 380/1010/446 406/1011/448
f 343/1012/452 439/1015/455 440/1013/453
f 439/1015/455 407/942/443 408/1009/445
f 436/895/456 437/867/456 342/881/457
f 404/968/442 405/868/442 437/867/456
f 434/934/458 435/915/460 340/923/459
f 402/976/440 403/916/439 435/915/460
f 432/958/461 433/948/463 338/952/462
f 400/984/437 401/949/436 433/948/463
f 430/979/464 431/971/466 336/977/465
f 398/1008/434 399/972/433 431/971/466
f 428/1016/467 429/1019/470 334/1017/468
f 396/1006/431 397/1005/430 429/1019/470
f 426/1020/471 427/1023/473 332/1021/472
f 394/1003/428 395/1002/427 427/1023/473
f 424/1024/474 425/1027/476 330/1025/475
f 392/1000/425 393/999/424 425/1027/476
f 422/1028/477 423/1031/479 328/1029/478
f 390/997/422 391/996/421 423/1031/479
f 325/1032/480 420/1035/481 421/1033/481
f 388/994/418 389/995/418 421/1033/481
f 323/864/482 418/1037/484 419/1036/483
f 418/1037/484 386/992/415 387/993/417
f 321/888/485 416/1039/487 417/1038/486
f 416/1039/487 384/990/412 385/991/414
f 319/913/488 415/1040/490 409/920/489
f 415/1040/490 383/989/409 377/921/411
f 317/911/491 410/899/493 414/1041/492
f 410/899/493 378/987/406 382/988/408
f 315/943/494 413/1042/496 411/878/495
f 413/1042/496 381/986/403 379/879/405
f 272/909/350 271/860/231 438/862/233
f 83/751/182 325/1032/649 326/1034/497
f 221/981/498 413/1042/505 315/943/499
f 273/924/501 439/1015/506 343/1012/502
f 222/859/504 381/986/555 413/1042/505
f 274/910/338 407/942/338 439/1015/506
f 81/755/183 327/1030/507 328/1029/507
f 223/982/508 92/730/650 318/932/509
f 275/919/511 65/784/651 344/1014/512
f 224/858/514 223/982/508 414/1041/510
f 276/912/333 275/919/511 440/1013/513
f 79/759/184 329/1026/652 330/1025/516
f 225/961/161 415/1040/160 319/913/517
f 226/877/159 383/989/169 415/1040/160
f 77/763/185 331/1022/518 332/1021/518
f 227/963/519 416/1039/523 321/888/520
f 228/875/522 384/990/568 416/1039/523
f 75/767/187 333/1018/524 334/1017/524
f 229/962/525 88/738/653 322/889/526
f 230/876/528 229/962/525 417/1038/527
f 73/771/189 335/985/530 336/977/530
f 231/1043/531 418/1037/535 323/864/532
f 232/1044/534 386/992/579 418/1037/535
f 214/852/306 377/921/308 369/936/536
f 71/775/191 337/969/538 338/952/538
f 233/964/539 86/742/654 324/865/540
f 216/853/274 123/805/655 372/918/542
f 234/874/544 233/964/539 419/1036/541
f 218/854/250 379/879/252 373/897/546
f 69/940/192 339/939/548 340/923/548
f 235/954/549 420/1035/549 325/1032/550
f 220/855/225 127/830/656 376/870/551
f 236/884/553 388/994/589 420/1035/549
f 222/859/504 125/818/657 374/898/554
f 68/782/194 67/781/193 341/901/556
f 237/966/558 84/746/559 326/1034/559
f 224/858/514 382/988/514 371/917/560
f 238/871/562 237/966/558 421/1033/558
f 226/877/159 121/797/658 370/937/168
f 65/784/172 66/722/172 343/1012/563
f 239/956/564 422/1028/572 327/1030/565
f 228/875/522 119/787/659 368/951/567
f 97/809/204 98/816/204 345/938/569
f 240/882/571 390/997/571 422/1028/572
f 230/876/528 385/991/529 367/950/573
f 241/953/575 82/753/660 328/1029/576
f 232/1044/534 117/846/661 366/960/578
f 100/828/207 347/957/662 348/967/580
f 242/885/581 241/953/575 423/1031/577
f 234/874/544 387/993/545 365/959/583
f 243/945/585 424/1024/592 329/1026/586
f 236/884/553 115/838/588 364/974/588
f 102/834/212 349/970/590 350/975/590
f 244/892/591 392/1000/591 424/1024/592
f 238/871/562 389/995/562 363/973/593
f 245/955/595 80/757/663 330/1025/596
f 240/882/571 113/826/664 362/980/598
f 104/844/216 351/978/599 352/983/599
f 246/883/600 245/955/595 425/1027/597
f 242/885/581 391/996/582 361/1045/601
f 247/947/603 426/1020/609 331/1022/604
f 244/892/591 111/807/665 360/998/606
f 106/791/197 353/1049/607 354/1007/607
f 248/890/608 394/1003/616 426/1020/609
f 246/883/600 393/999/600 359/1046/610
f 249/944/612 78/761/666 332/1021/613
f 248/890/608 109/799/667 358/1001/615
f 108/795/198 355/1048/617 356/1004/617
f 250/893/618 249/944/612 427/1023/614
f 250/893/618 395/1002/619 357/1047/620
f 251/926/622 428/1016/629 333/1018/623
f 252/907/625 107/790/668 356/1004/626
f 110/803/201 357/1047/628 358/1001/628
f 252/907/625 396/1006/627 428/1016/629
f 254/891/630 397/1005/637 355/1048/631
f 253/946/633 76/765/669 334/1017/634
f 256/905/164 105/849/170 354/1007/166
f 112/814/203 359/1046/636 360/998/636
f 254/891/630 253/946/633 429/1019/635
f 258/908/381 399/972/383 353/1049/638
