# Pieza del RoverModificado
mtllib Rover.mtl
o RuedaMI
v 0.899064 0.000258 0.519949
v 0.881780 -0.175229 0.519949
v 0.830593 -0.343972 0.519949
v 0.747469 -0.499486 0.519949
v 0.635602 -0.635796 0.519949
v 0.499293 -0.747662 0.519950
v 0.343778 -0.830786 0.519950
v 0.175035 -0.881974 0.519950
v -0.000452 -0.899258 0.519950
v -0.175938 -0.881974 0.519950
v -0.344681 -0.830787 0.519950
v -0.500196 -0.747662 0.519950
v -0.636505 -0.635796 0.519950
v -0.748372 -0.499486 0.519950
v -0.831496 -0.343972 0.519950
v -0.882684 -0.175229 0.519950
v -0.899968 0.000258 0.519950
v -0.882684 0.175745 0.519950
v -0.831496 0.344488 0.519950
v -0.748372 0.500002 0.519950
v -0.636506 0.636312 0.519950
v -0.500196 0.748178 0.519950
v -0.344682 0.831302 0.519950
v -0.175938 0.882490 0.519950
v -0.000452 0.899774 0.519950
v 0.175035 0.882490 0.519950
v 0.343778 0.831302 0.519950
v 0.499293 0.748178 0.519950
v 0.635602 0.636312 0.519950
v 0.747469 0.500002 0.519949
v 0.830593 0.344488 0.519949
v 0.881781 0.175745 0.519949
v 0.899064 0.000258 -0.520050
v 0.881780 -0.175229 -0.520050
v 0.830592 -0.343972 -0.520050
v 0.747468 -0.499486 -0.520050
v 0.635602 -0.635796 -0.520050
v 0.499292 -0.747662 -0.520050
v 0.343778 -0.830786 -0.520050
v 0.175035 -0.881974 -0.520050
v -0.000452 -0.899258 -0.520050
v -0.175939 -0.881974 -0.520050
v -0.344682 -0.830786 -0.520050
v -0.500196 -0.747662 -0.520050
v -0.636506 -0.635796 -0.520050
v -0.748372 -0.499486 -0.520050
v -0.831496 -0.343972 -0.520050
v -0.882684 -0.175229 -0.520050
v -0.899968 0.000258 -0.520050
v -0.882684 0.175745 -0.520050
v -0.831496 0.344488 -0.520050
v -0.748372 0.500002 -0.520050
v -0.636506 0.636312 -0.520050
v -0.500196 0.748178 -0.520050
v -0.344682 0.831302 -0.520050
v -0.175939 0.882490 -0.520050
v -0.000452 0.899774 -0.520050
v 0.175035 0.882490 -0.520050
v 0.343778 0.831302 -0.520050
v 0.499292 0.748178 -0.520050
v 0.635602 0.636312 -0.520050
v 0.747468 0.500002 -0.520050
v 0.830593 0.344488 -0.520050
v 0.881780 0.175745 -0.520050
v 1.003794 -0.200885 -0.520050
v 1.023388 -0.001950 -0.520051
v 0.945767 -0.392176 -0.520050
v 0.851536 -0.568470 -0.520050
v 0.724722 -0.722993 -0.520050
v 0.570199 -0.849807 -0.520050
v 0.393904 -0.944038 -0.520050
v 0.202614 -1.002066 -0.520050
v 0.003678 -1.021659 -0.520050
v -0.195257 -1.002066 -0.520050
v -0.386548 -0.944039 -0.520050
v -0.562842 -0.849807 -0.520050
v -0.717365 -0.722993 -0.520050
v -0.844179 -0.568470 -0.520050
v -0.938410 -0.392176 -0.520050
v -0.996438 -0.200885 -0.520050
v -1.016031 -0.001950 -0.520050
v -0.996438 0.196986 -0.520050
v -0.938410 0.388276 -0.520050
v -0.844179 0.564570 -0.520050
v -0.717365 0.719094 -0.520050
v -0.562842 0.845908 -0.520050
v -0.386548 0.940139 -0.520050
v -0.195257 0.998167 -0.520050
v 0.003678 1.017760 -0.520050
v 0.202614 0.998167 -0.520050
v 0.393904 0.940139 -0.520050
v 0.570199 0.845908 -0.520050
v 0.724722 0.719094 -0.520050
v 0.851536 0.564570 -0.520051
v 0.945767 0.388276 -0.520050
v 1.003794 0.196986 -0.520050
v 1.028100 0.000258 0.519949
v 1.008337 -0.200403 0.519949
v 0.949806 -0.393352 0.519949
v 0.854758 -0.571175 0.519949
v 0.726844 -0.727038 0.519949
v 0.570981 -0.854951 0.519950
v 0.393158 -0.950000 0.519950
v 0.200209 -1.008530 0.519950
v -0.000451 -1.028294 0.519950
v -0.201112 -1.008530 0.519950
v -0.394061 -0.950000 0.519950
v -0.571884 -0.854952 0.519950
v -0.727747 -0.727038 0.519950
v -0.855661 -0.571175 0.519950
v -0.950709 -0.393352 0.519950
v -1.009240 -0.200403 0.519950
v -1.029003 0.000258 0.519950
v -1.009240 0.200918 0.519950
v -0.950709 0.393868 0.519950
v -0.855661 0.571691 0.519950
v -0.727747 0.727554 0.519950
v -0.571884 0.855467 0.519950
v -0.394061 0.950516 0.519950
v -0.201112 1.009046 0.519950
v -0.000451 1.028810 0.519950
v 0.200209 1.009046 0.519950
v 0.393158 0.950516 0.519950
v 0.570981 0.855467 0.519950
v 0.726844 0.727554 0.519950
v 0.854758 0.571691 0.519949
v 0.949806 0.393868 0.519949
v 1.008337 0.200918 0.519949
v -0.000452 0.096730 0.459948
v -0.048688 0.083805 0.459948
v -0.083999 0.048494 0.459948
v -0.096924 0.000258 0.459948
v -0.083999 -0.047978 0.459948
v -0.048688 -0.083290 0.459948
v -0.000452 -0.096215 0.459948
v 0.047784 -0.083290 0.459948
v 0.083096 -0.047978 0.459948
v 0.096021 0.000258 0.459948
v 0.083096 0.048494 0.459948
v 0.047784 0.083805 0.459948
v -0.000452 0.200258 0.336615
v -0.000452 0.200258 0.183281
v -0.100452 0.173463 0.183281
v -0.100452 0.173463 0.336615
v -0.173657 0.100258 0.183281
v -0.173657 0.100258 0.336615
v -0.200452 0.000258 0.183281
v -0.200452 0.000258 0.336615
v -0.173657 -0.099742 0.183281
v -0.173657 -0.099742 0.336615
v -0.100452 -0.172947 0.183281
v -0.100452 -0.172947 0.336615
v -0.000452 -0.199742 0.183281
v -0.000452 -0.199742 0.336615
v 0.099548 -0.172947 0.183281
v 0.099548 -0.172947 0.336615
v 0.172753 -0.099742 0.183281
v 0.172753 -0.099742 0.336615
v 0.199548 0.000258 0.183281
v 0.199548 0.000258 0.336615
v 0.172753 0.100258 0.183281
v 0.172753 0.100258 0.336615
v 0.099548 0.173463 0.183281
v 0.099548 0.173463 0.336615
v -0.181625 0.876406 -0.163385
v -0.181625 0.876406 -0.416719
v -0.281625 0.849611 -0.416719
v -0.281625 0.849611 -0.163385
v -0.849805 0.281431 -0.416719
v -0.849805 0.281431 -0.163385
v -0.876600 0.181431 -0.416719
v -0.876600 0.181431 -0.163385
v -0.668632 -0.594717 -0.416718
v -0.668632 -0.594717 -0.163385
v -0.595427 -0.667922 -0.416719
v -0.595427 -0.667922 -0.163385
v 0.180721 -0.875890 -0.416719
v 0.180722 -0.875890 -0.163385
v 0.280722 -0.849095 -0.416719
v 0.280722 -0.849095 -0.163385
v 0.848901 -0.280915 -0.416719
v 0.848901 -0.280915 -0.163386
v 0.875696 -0.180916 -0.416719
v 0.875696 -0.180916 -0.163386
v 0.667728 0.595233 -0.416719
v 0.667728 0.595233 -0.163386
v 0.594523 0.668438 -0.416719
v 0.594523 0.668438 -0.163386
v -0.000452 0.200258 0.459948
v -0.100452 0.173463 0.459948
v -0.173657 0.100258 0.459948
v -0.200452 0.000258 0.459948
v -0.173657 -0.099742 0.459948
v -0.100452 -0.172947 0.459948
v -0.000452 -0.199742 0.459948
v 0.099548 -0.172947 0.459948
v 0.172753 -0.099742 0.459948
v 0.199548 0.000258 0.459948
v 0.172753 0.100258 0.459948
v 0.099548 0.173463 0.459948
v -0.000452 0.096730 0.359948
v -0.048688 0.083805 0.359948
v -0.083999 0.048494 0.359948
v -0.096924 0.000258 0.359948
v -0.083999 -0.047978 0.359948
v -0.048688 -0.083290 0.359948
v -0.000452 -0.096215 0.359948
v 0.047784 -0.083290 0.359948
v 0.083096 -0.047978 0.359948
v 0.096020 0.000258 0.359948
v 0.083096 0.048494 0.359948
v 0.047784 0.083805 0.359948
v 0.221832 1.102057 -0.190717
v 0.220950 1.106046 0.190617
v 0.432860 1.038042 -0.190717
v 0.432586 1.041847 0.190617
v 0.937710 0.623723 -0.190717
v 0.938891 0.626334 0.190616
v 1.041663 0.429239 -0.190717
v 1.043144 0.431289 0.190616
v 0.797811 0.794190 -0.190717
v 0.798589 0.797292 0.190617
v 0.627344 0.934089 -0.190717
v 0.627631 0.937594 0.190617
v 0.002371 1.123672 -0.190717
v 0.000856 1.127723 0.190617
v -0.428119 1.038042 -0.190717
v -0.430874 1.041847 0.190617
v -0.217091 1.102057 -0.190717
v -0.219238 1.106046 0.190617
v -0.793070 0.794190 -0.190716
v -0.796877 0.797292 0.190617
v -0.622603 0.934088 -0.190717
v -0.625919 0.937594 0.190617
v -1.036922 0.429239 -0.190716
v -1.041432 0.431289 0.190617
v -0.932968 0.623723 -0.190716
v -0.937178 0.626334 0.190617
v -1.122552 -0.001250 -0.190716
v -1.127308 -0.000441 0.190617
v -1.100937 0.218211 -0.190716
v -1.105631 0.219653 0.190617
v -1.036922 -0.431740 -0.190716
v -1.041432 -0.432171 0.190617
v -1.100937 -0.220712 -0.190716
v -1.105631 -0.220535 0.190617
v -0.793070 -0.796691 -0.190716
v -0.796877 -0.798174 0.190617
v -0.932968 -0.626224 -0.190716
v -0.937178 -0.627216 0.190617
v -0.428119 -1.040544 -0.190717
v -0.430874 -1.042729 0.190617
v -0.622603 -0.936590 -0.190717
v -0.625918 -0.938476 0.190617
v 0.002371 -1.126173 -0.190717
v 0.000856 -1.128606 0.190617
v -0.217091 -1.104558 -0.190717
v -0.219238 -1.106929 0.190617
v 0.432860 -1.040544 -0.190717
v 0.432586 -1.042729 0.190617
v 0.221832 -1.104558 -0.190717
v 0.220950 -1.106929 0.190617
v 0.797811 -0.796691 -0.190717
v 0.798589 -0.798174 0.190616
v 0.627344 -0.936590 -0.190717
v 0.627631 -0.938476 0.190617
v 1.041663 -0.431740 -0.190717
v 1.043144 -0.432171 0.190616
v 0.937710 -0.626224 -0.190717
v 0.938891 -0.627216 0.190616
v 1.105678 0.218211 -0.190717
v 1.107344 0.219653 0.190616
v 1.127293 -0.001250 -0.190717
v 1.129021 -0.000441 0.190616
v 1.105678 -0.220712 -0.190717
v 1.107344 -0.220535 0.190616
v -0.000452 0.200258 -0.254496
v -0.000452 0.200258 -0.352274
v -0.100452 0.173463 -0.352274
v -0.100452 0.173463 -0.254496
v -0.173657 0.100258 -0.352274
v -0.173657 0.100258 -0.254496
v -0.200452 0.000258 -0.352274
v -0.200452 0.000258 -0.254496
v -0.173657 -0.099742 -0.352274
v -0.173657 -0.099742 -0.254496
v -0.100452 -0.172947 -0.352274
v -0.100452 -0.172947 -0.254496
v -0.000452 -0.199742 -0.352274
v -0.000452 -0.199742 -0.254496
v 0.099548 -0.172947 -0.352274
v 0.099548 -0.172947 -0.254496
v 0.172753 -0.099742 -0.352274
v 0.172753 -0.099742 -0.254497
v 0.199548 0.000258 -0.352274
v 0.199548 0.000258 -0.254497
v 0.172753 0.100258 -0.352274
v 0.172753 0.100258 -0.254497
v 0.099548 0.173463 -0.352274
v 0.099548 0.173463 -0.254497
v -0.595427 0.668437 -0.352274
v -0.595427 0.668437 -0.254496
v -0.668632 0.595232 -0.352274
v -0.668632 0.595232 -0.254496
v -0.281626 -0.849095 -0.352274
v -0.281626 -0.849095 -0.254496
v -0.181626 -0.875890 -0.352274
v -0.181626 -0.875890 -0.254496
v 0.875696 0.181431 -0.352274
v 0.875696 0.181431 -0.254497
v 0.848901 0.281431 -0.352274
v 0.848901 0.281431 -0.254497
v 0.988254 0.405787 -0.514850
v 1.048892 0.205888 -0.514850
v 0.757261 0.751491 -0.514850
v 0.889782 0.590014 -0.514850
v 0.411557 0.982483 -0.514850
v 0.595784 0.884012 -0.514850
v 0.003771 1.063597 -0.514850
v 0.211659 1.043122 -0.514850
v -0.404015 0.982483 -0.514850
v -0.204117 1.043122 -0.514850
v -0.749719 0.751491 -0.514849
v -0.588242 0.884011 -0.514850
v -0.980711 0.405787 -0.514849
v -0.882240 0.590014 -0.514850
v -1.061825 -0.001999 -0.514849
v -1.041350 0.205888 -0.514849
v -0.980711 -0.409785 -0.514849
v -1.041350 -0.209887 -0.514849
v -0.749719 -0.755490 -0.514850
v -0.882240 -0.594013 -0.514850
v -0.404015 -0.986482 -0.514850
v -0.588242 -0.888010 -0.514850
v 0.003771 -1.067595 -0.514850
v -0.204116 -1.047120 -0.514850
v 0.411557 -0.986482 -0.514850
v 0.211659 -1.047120 -0.514850
v 0.757261 -0.755490 -0.514850
v 0.595785 -0.888010 -0.514850
v 0.988254 -0.409785 -0.514850
v 0.889782 -0.594013 -0.514850
v 1.069367 -0.001999 -0.514850
v 1.048892 -0.209887 -0.514850
v 1.053639 -0.209382 0.514750
v 1.074291 0.000308 0.514750
v 0.893149 -0.596839 0.514750
v 0.992475 -0.411014 0.514750
v 0.596602 -0.893386 0.514750
v 0.759479 -0.759716 0.514750
v 0.209146 -1.053876 0.514750
v 0.410778 -0.992712 0.514750
v -0.210235 -1.053876 0.514750
v -0.000545 -1.074528 0.514750
v -0.597691 -0.893386 0.514750
v -0.411866 -0.992712 0.514750
v -0.894238 -0.596839 0.514750
v -0.760568 -0.759716 0.514750
v -1.054728 -0.209382 0.514750
v -0.993564 -0.411015 0.514751
v -1.054728 0.209998 0.514750
v -1.075380 0.000308 0.514751
v -0.894238 0.597455 0.514750
v -0.993564 0.411629 0.514751
v -0.597692 0.894001 0.514750
v -0.760569 0.760331 0.514750
v -0.210235 1.054491 0.514750
v -0.411867 0.993326 0.514750
v 0.209146 1.054491 0.514750
v -0.000545 1.075144 0.514750
v 0.596602 0.894001 0.514750
v 0.410778 0.993326 0.514750
v 0.893149 0.597455 0.514750
v 0.759479 0.760332 0.514750
v 1.053639 0.209998 0.514750
v 0.992475 0.411629 0.514750
v 0.242884 1.216735 0.188710
v 0.475683 1.146116 0.188710
v 1.032618 0.689051 0.188710
v 1.147297 0.474502 0.188710
v 0.878286 0.877106 0.188710
v 0.690232 1.031437 0.188710
v 0.000780 1.240580 0.188710
v -0.474123 1.146116 0.188711
v -0.241323 1.216735 0.188710
v -0.876726 0.877105 0.188711
v -0.688672 1.031437 0.188711
v -1.145736 0.474502 0.188711
v -1.031057 0.689051 0.188711
v -1.240200 -0.000401 0.188711
v -1.216355 0.241703 0.188711
v -1.145736 -0.475304 0.188711
v -1.216355 -0.242504 0.188711
v -0.876726 -0.877907 0.188711
v -1.031057 -0.689853 0.188711
v -0.474122 -1.146917 0.188710
v -0.688671 -1.032239 0.188711
v 0.000780 -1.241382 0.188710
v -0.241323 -1.217537 0.188710
v 0.475683 -1.146917 0.188710
v 0.242884 -1.217537 0.188710
v 0.878286 -0.877907 0.188710
v 0.690232 -1.032238 0.188710
v 1.147297 -0.475303 0.188710
v 1.032618 -0.689853 0.188710
v 1.217916 0.241703 0.188710
v 1.241761 -0.000401 0.188710
v 1.217916 -0.242504 0.188710
v 0.243854 1.212347 -0.188810
v 0.475984 1.141931 -0.188810
v 1.031319 0.686180 -0.188810
v 1.145668 0.472247 -0.188810
v 0.877430 0.873694 -0.188810
v 0.689917 1.027582 -0.188810
v 0.002446 1.236123 -0.188810
v -0.471092 1.141931 -0.188809
v -0.238962 1.212347 -0.188810
v -0.872538 0.873693 -0.188809
v -0.685025 1.027581 -0.188809
v -1.140776 0.472247 -0.188809
v -1.026426 0.686180 -0.188809
v -1.234968 -0.001291 -0.188809
v -1.211192 0.240117 -0.188809
v -1.140776 -0.474829 -0.188809
v -1.211192 -0.242699 -0.188809
v -0.872538 -0.876275 -0.188809
v -1.026426 -0.688762 -0.188809
v -0.471092 -1.144513 -0.188810
v -0.685024 -1.030164 -0.188809
v 0.002446 -1.238706 -0.188810
v -0.238962 -1.214929 -0.188810
v 0.475984 -1.144513 -0.188810
v 0.243854 -1.214929 -0.188810
v 0.877430 -0.876275 -0.188810
v 0.689917 -1.030163 -0.188810
v 1.145668 -0.474829 -0.188810
v 1.031319 -0.688762 -0.188810
v 1.216084 0.240116 -0.188810
v 1.239861 -0.001291 -0.188810
v 1.216084 -0.242699 -0.188810
v -0.130975 0.687377 0.155966
v -0.103745 0.585753 0.294534
v -0.078332 0.490911 0.378695
v -0.039671 0.346625 0.401556
v -0.203745 0.558958 0.294534
v -0.230975 0.660582 0.155966
v -0.139671 0.319830 0.401556
v -0.178332 0.464116 0.378695
v -0.346819 0.039477 0.401556
v -0.491105 0.078138 0.378695
v -0.585947 0.103551 0.294534
v -0.687571 0.130781 0.155966
v -0.464310 0.178138 0.378695
v -0.320024 0.139477 0.401556
v -0.660776 0.230781 0.155966
v -0.559152 0.203551 0.294534
v 0.206697 0.280611 0.401556
v 0.312321 0.386236 0.378695
v 0.381750 0.455665 0.294534
v 0.456144 0.530059 0.155966
v 0.385526 0.313030 0.378695
v 0.279902 0.207406 0.401556
v 0.529349 0.456854 0.155965
v 0.454955 0.382460 0.294534
v 0.463406 -0.177622 0.378695
v 0.319121 -0.138961 0.401556
v 0.659872 -0.230265 0.155965
v 0.558248 -0.203035 0.294534
v 0.585043 -0.103035 0.294534
v 0.686667 -0.130265 0.155965
v 0.345916 -0.038961 0.401556
v 0.490201 -0.077622 0.378695
v 0.138767 -0.319315 0.401556
v 0.177428 -0.463600 0.378695
v 0.202841 -0.558442 0.294534
v 0.230072 -0.660066 0.155966
v 0.077429 -0.490395 0.378695
v 0.038767 -0.346110 0.401556
v 0.130071 -0.686861 0.155966
v 0.102841 -0.585237 0.294534
v -0.386430 -0.312515 0.378695
v -0.280805 -0.206891 0.401556
v -0.530253 -0.456338 0.155966
v -0.455859 -0.381944 0.294534
v -0.382654 -0.455149 0.294534
v -0.457048 -0.529543 0.155966
v -0.207600 -0.280096 0.401556
v -0.313224 -0.385720 0.378695
v -0.000452 0.200258 -0.872719
v -0.100452 0.173463 -0.872719
v -0.173657 0.100258 -0.872719
v -0.200452 0.000258 -0.872719
v -0.173657 -0.099742 -0.872719
v -0.100452 -0.172947 -0.872719
v -0.000452 -0.199742 -0.872719
v 0.099548 -0.172947 -0.872719
v 0.172753 -0.099742 -0.872719
v 0.199548 0.000258 -0.872719
v 0.172753 0.100258 -0.872719
v 0.099548 0.173463 -0.872719
v -0.130452 0.225424 -1.154298
v -0.000452 0.260258 -1.154298
v -0.000452 0.260258 -0.872765
v -0.225619 0.130258 -1.154298
v -0.260452 0.000258 -1.154298
v -0.225619 -0.129742 -1.154298
v -0.130452 -0.224909 -1.154298
v -0.000452 -0.259742 -1.154298
v 0.129548 -0.224909 -1.154298
v 0.224714 -0.129742 -1.154298
v 0.259548 0.000258 -1.154298
v 0.224714 0.130258 -1.154298
v 0.129548 0.225424 -1.154298
v -0.130452 0.225424 -0.872765
v -0.225619 0.130258 -0.872765
v -0.260452 0.000258 -0.872765
v -0.225619 -0.129742 -0.872765
v -0.130452 -0.224909 -0.872765
v -0.000452 -0.259742 -0.872765
v 0.129548 -0.224909 -0.872765
v 0.224714 -0.129742 -0.872765
v 0.259548 0.000258 -0.872765
v 0.224714 0.130258 -0.872765
v 0.129548 0.225424 -0.872765
v -0.369371 0.890909 0.519950
v -0.188525 0.945768 0.519950
v -0.188525 -0.945252 0.519950
v -0.369371 -0.890393 0.519950
v -0.000451 0.964292 0.519950
v -0.536040 -0.801307 0.519950
v 0.187622 0.945768 0.519950
v -0.682126 -0.681417 0.519950
v 0.368468 0.890909 0.519950
v -0.802016 -0.535330 0.519950
v 0.535137 0.801823 0.519950
v -0.891103 -0.368662 0.519950
v 0.963582 0.000258 0.519949
v 0.945059 -0.187816 0.519949
v 0.681223 0.681933 0.519950
v -0.945962 -0.187816 0.519950
v 0.890200 -0.368662 0.519949
v 0.801113 0.535846 0.519949
v -0.964485 0.000258 0.519950
v 0.801113 -0.535330 0.519949
v 0.890200 0.369178 0.519949
v -0.945962 0.188332 0.519950
v 0.681223 -0.681417 0.519949
v 0.945059 0.188332 0.519949
v -0.891103 0.369178 0.519950
v 0.535137 -0.801307 0.519950
v -0.802016 0.535846 0.519950
v 0.368468 -0.890393 0.519950
v -0.682126 0.681933 0.519950
v 0.187622 -0.945252 0.519950
v -0.536040 0.801823 0.519950
v -0.000451 -0.963776 0.519950
v 0.942787 -0.188057 -0.520050
v 0.888180 -0.368074 -0.520050
v 0.799502 -0.533978 -0.520050
v 0.680162 -0.679394 -0.520050
v 0.534745 -0.798735 -0.520050
v 0.368841 -0.887413 -0.520050
v 0.188824 -0.942020 -0.520050
v 0.001613 -0.960459 -0.520050
v -0.185598 -0.942020 -0.520050
v -0.365615 -0.887413 -0.520050
v -0.531519 -0.798735 -0.520050
v -0.676935 -0.679394 -0.520050
v -0.796276 -0.533978 -0.520050
v -0.884953 -0.368074 -0.520050
v -0.939561 -0.188057 -0.520050
v -0.958000 -0.000846 -0.520050
v -0.939561 0.186365 -0.520050
v -0.884953 0.366382 -0.520050
v -0.796275 0.532286 -0.520050
v -0.676936 0.677703 -0.520050
v -0.531519 0.797043 -0.520050
v -0.365615 0.885721 -0.520050
v -0.185598 0.940328 -0.520050
v 0.001613 0.958767 -0.520050
v 0.188824 0.940328 -0.520050
v 0.368841 0.885721 -0.520050
v 0.534745 0.797043 -0.520050
v 0.680162 0.677703 -0.520050
v 0.799502 0.532286 -0.520050
v 0.888180 0.366382 -0.520050
v 0.942787 0.186365 -0.520050
v 0.961226 -0.000846 -0.520050
v -0.030453 0.312224 0.232960
v -0.085946 0.519328 0.200145
v -0.096131 0.557336 0.166417
v -0.135216 0.703204 -0.032480
v -0.185946 0.492533 0.200145
v -0.130453 0.285429 0.232960
v -0.235216 0.676409 -0.032480
v -0.196131 0.530541 0.166418
v -0.703399 0.135022 -0.032480
v -0.557530 0.095937 0.166418
v -0.519522 0.085752 0.200145
v -0.312418 0.030259 0.232960
v -0.285623 0.130259 0.232960
v -0.492727 0.185752 0.200145
v -0.530735 0.195936 0.166418
v -0.676604 0.235022 -0.032480
v 0.467730 0.541645 -0.032480
v 0.360947 0.434862 0.166417
v 0.333123 0.407038 0.200145
v 0.181513 0.255428 0.232960
v 0.434153 0.361657 0.166417
v 0.540935 0.468440 -0.032480
v 0.254718 0.182223 0.232960
v 0.406328 0.333833 0.200145
v 0.518618 -0.085237 0.200145
v 0.311514 -0.029744 0.232960
v 0.702495 -0.134506 -0.032480
v 0.556626 -0.095421 0.166417
v 0.529831 -0.195421 0.166417
v 0.675700 -0.234506 -0.032480
v 0.284720 -0.129744 0.232960
v 0.491823 -0.185237 0.200145
v 0.234312 -0.675894 -0.032480
v 0.195227 -0.530025 0.166418
v 0.185043 -0.492017 0.200145
v 0.129549 -0.284914 0.232960
v 0.095227 -0.556820 0.166418
v 0.134312 -0.702689 -0.032480
v 0.029549 -0.311709 0.232960
v 0.085043 -0.518812 0.200145
v -0.255622 -0.181707 0.232960
v -0.407232 -0.333318 0.200145
v -0.435056 -0.361142 0.166418
v -0.541839 -0.467925 -0.032480
v -0.334027 -0.406523 0.200145
v -0.182417 -0.254912 0.232960
v -0.468634 -0.541130 -0.032480
v -0.361851 -0.434347 0.166418
vt 0.463198 0.188097
vt 0.370971 0.188097
vt 0.463198 0.172459
vt 0.463198 0.203734
vt 0.370971 0.172460
vt 0.370971 0.203734
vt 0.463198 0.156822
vt 0.463198 0.219372
vt 0.370971 0.156822
vt 0.370971 0.219372
vt 0.463198 0.235009
vt 0.370971 0.235009
vt 0.463198 0.141185
vt 0.370971 0.141185
vt 0.463198 0.250647
vt 0.370971 0.250647
vt 0.463198 0.125547
vt 0.370971 0.125547
vt 0.463198 0.109910
vt 0.463198 0.266284
vt 0.370971 0.109910
vt 0.370971 0.266284
vt 0.463198 0.281921
vt 0.463197 0.094272
vt 0.370971 0.094272
vt 0.370971 0.281921
vt 0.463198 0.078635
vt 0.370971 0.297559
vt 0.370971 0.078635
vt 0.463198 0.297559
vt 0.463197 0.062998
vt 0.370971 0.062998
vt 0.463198 0.313196
vt 0.370971 0.313196
vt 0.463198 0.328834
vt 0.463197 0.047360
vt 0.370971 0.047360
vt 0.370971 0.328834
vt 0.463198 0.344471
vt 0.370971 0.344471
vt 0.463197 0.031723
vt 0.370971 0.547757
vt 0.370971 0.532120
vt 0.463197 0.532120
vt 0.463197 0.516482
vt 0.463198 0.360108
vt 0.370971 0.516482
vt 0.370971 0.360108
vt 0.463197 0.500845
vt 0.463198 0.375746
vt 0.370971 0.375746
vt 0.370971 0.500845
vt 0.463198 0.391383
vt 0.463198 0.485208
vt 0.370971 0.391383
vt 0.370971 0.485208
vt 0.463198 0.407021
vt 0.463198 0.469570
vt 0.370971 0.407021
vt 0.370971 0.469570
vt 0.463198 0.422658
vt 0.463198 0.453933
vt 0.370971 0.453933
vt 0.370971 0.422658
vt 0.463198 0.438295
vt 0.370971 0.438295
vt 0.053261 0.802122
vt 0.035664 0.793556
vt 0.055556 0.793556
vt 0.037959 0.859227
vt 0.018438 0.857847
vt 0.024708 0.851577
vt 0.017057 0.823024
vt 0.008492 0.840620
vt 0.008492 0.820729
vt 0.074163 0.838325
vt 0.072783 0.857847
vt 0.066512 0.851576
vt 0.072783 0.803502
vt 0.066512 0.809773
vt 0.017057 0.838325
vt 0.759651 0.236742
vt 0.751085 0.219145
vt 0.759651 0.221440
vt 0.055556 0.867793
vt 0.053261 0.859227
vt 0.074163 0.823024
vt 0.082729 0.820729
vt 0.024708 0.809773
vt 0.037959 0.802122
vt 0.035664 0.867793
vt 0.082729 0.840620
vt 0.915727 0.083729
vt 0.938390 0.068427
vt 0.938390 0.083729
vt 0.915727 0.114331
vt 0.938390 0.099030
vt 0.938390 0.114331
vt 0.915727 0.144934
vt 0.938390 0.129633
vt 0.938390 0.144934
vt 0.385927 0.944544
vt 0.411633 0.913230
vt 0.411633 0.944544
vt 0.915727 0.175537
vt 0.938390 0.160235
vt 0.938390 0.175537
vt 0.915727 0.206139
vt 0.938390 0.190838
vt 0.938390 0.206139
vt 0.915727 0.236742
vt 0.938390 0.221440
vt 0.938390 0.236742
vt 0.392729 0.626002
vt 0.367023 0.587929
vt 0.392729 0.587929
vt 0.392739 0.626370
vt 0.367033 0.588297
vt 0.392739 0.588297
vt 0.392570 0.626370
vt 0.366864 0.588297
vt 0.392570 0.588297
vt 0.392065 0.586984
vt 0.366359 0.625057
vt 0.366358 0.586984
vt 0.392475 0.625222
vt 0.366769 0.587149
vt 0.392475 0.587149
vt 0.098480 0.984914
vt 0.128781 0.934861
vt 0.131181 0.983294
vt 0.324552 0.774464
vt 0.350258 0.659558
vt 0.350258 0.774464
vt 0.325226 0.775777
vt 0.350932 0.660871
vt 0.350932 0.775777
vt 0.411623 0.944176
vt 0.385917 0.912862
vt 0.411623 0.912862
vt 0.367033 0.731655
vt 0.367033 0.626370
vt 0.385758 0.944544
vt 0.411464 0.913230
vt 0.411464 0.944544
vt 0.385663 0.943396
vt 0.411369 0.912082
vt 0.411369 0.943396
vt 0.350258 0.928233
vt 0.324552 0.887298
vt 0.350258 0.887298
vt 0.325226 0.929546
vt 0.350932 0.888611
vt 0.350932 0.929546
vt 0.308861 0.730507
vt 0.324962 0.659723
vt 0.324962 0.774630
vt 0.203015 0.712239
vt 0.172547 0.742163
vt 0.169824 0.687207
vt 0.206741 0.688296
vt 0.167800 0.646359
vt 0.366769 0.730507
vt 0.392475 0.730507
vt 0.089444 0.802547
vt 0.096080 0.936481
vt 0.173330 0.559910
vt 0.134555 0.601420
vt 0.143669 0.554187
vt 0.137123 0.688827
vt 0.135099 0.647979
vt 0.350668 0.659723
vt 0.366769 0.625222
vt 0.375723 0.796911
vt 0.350668 0.774630
vt 0.375723 0.734902
vt 0.299907 0.796911
vt 0.324962 0.817830
vt 0.367023 0.731287
vt 0.392729 0.731287
vt 0.379575 0.815542
vt 0.405282 0.802674
vt 0.405282 0.815542
vt 0.352735 0.927365
vt 0.327029 0.886430
vt 0.352735 0.886430
vt 0.350668 0.849941
vt 0.350668 0.817830
vt 0.309115 0.731287
vt 0.325216 0.660503
vt 0.325216 0.775409
vt 0.282497 0.890651
vt 0.325216 0.850721
vt 0.325216 0.888243
vt 0.393641 0.890651
vt 0.350922 0.850721
vt 0.393641 0.836793
vt 0.375977 0.797691
vt 0.350922 0.775409
vt 0.375977 0.735682
vt 0.405536 0.816322
vt 0.379829 0.803453
vt 0.405536 0.803453
vt 0.350922 0.660503
vt 0.325216 0.929178
vt 0.350922 0.888243
vt 0.350922 0.929178
vt 0.350922 0.818610
vt 0.379839 0.816690
vt 0.405545 0.803821
vt 0.405545 0.816690
vt 0.325226 0.851088
vt 0.350932 0.818978
vt 0.350932 0.851088
vt 0.375987 0.798059
vt 0.375987 0.736050
vt 0.392739 0.731655
vt 0.366864 0.731655
vt 0.392570 0.731655
vt 0.300171 0.798059
vt 0.325226 0.818978
vt 0.308957 0.731655
vt 0.325057 0.660871
vt 0.325057 0.775777
vt 0.300003 0.798059
vt 0.325057 0.818978
vt 0.350764 0.660871
vt 0.366864 0.626370
vt 0.375818 0.798059
vt 0.350764 0.775777
vt 0.375818 0.736050
vt 0.379671 0.816690
vt 0.405377 0.803821
vt 0.405377 0.816690
vt 0.350764 0.929546
vt 0.325057 0.888611
vt 0.350764 0.888611
vt 0.350764 0.851089
vt 0.350764 0.818978
vt 0.308451 0.730342
vt 0.324552 0.659558
vt 0.299497 0.796746
vt 0.324552 0.817665
vt 0.324552 0.849775
vt 0.350258 0.817665
vt 0.350258 0.849775
vt 0.392065 0.730342
vt 0.392065 0.625057
vt 0.385253 0.943231
vt 0.410959 0.911917
vt 0.410959 0.943231
vt 0.404872 0.815377
vt 0.379166 0.802508
vt 0.404872 0.802508
vt 0.851024 0.083729
vt 0.915727 0.068427
vt 0.052560 0.968036
vt 0.067012 0.952734
vt 0.067012 0.968036
vt 0.851024 0.099030
vt 0.915727 0.099030
vt 0.052560 0.983337
vt 0.067012 0.983337
vt 0.851024 0.114331
vt 0.948007 0.533596
vt 0.557964 0.479113
vt 0.948007 0.479114
vt 0.851024 0.129633
vt 0.915727 0.129633
vt 0.021310 0.952709
vt 0.035762 0.937407
vt 0.035762 0.952709
vt 0.851024 0.144934
vt 0.021310 0.968010
vt 0.035762 0.968010
vt 0.851024 0.160235
vt 0.915727 0.160235
vt 0.021310 0.983311
vt 0.035762 0.983311
vt 0.851024 0.175537
vt 0.488059 0.282086
vt 0.520375 0.063579
vt 0.520375 0.282086
vt 0.915727 0.190838
vt 0.051522 0.897372
vt 0.066823 0.882920
vt 0.066823 0.897372
vt 0.851024 0.206139
vt 0.036221 0.897372
vt 0.051522 0.882920
vt 0.851024 0.221440
vt 0.915727 0.221440
vt 0.020919 0.882920
vt 0.020919 0.897372
vt 0.851024 0.236742
vt 0.589753 0.276734
vt 0.620275 0.058228
vt 0.620275 0.276734
vt 0.851024 0.068427
vt 0.915727 0.053126
vt 0.836572 0.068427
vt 0.851024 0.053126
vt 0.526915 0.058228
vt 0.494599 0.027706
vt 0.526916 0.027706
vt 0.557964 0.309259
vt 0.503482 0.366945
vt 0.503482 0.309259
vt 0.488059 0.033057
vt 0.520375 0.033058
vt 0.557437 0.058228
vt 0.589753 0.058228
vt 0.583213 0.282086
vt 0.613735 0.063579
vt 0.613735 0.282086
vt 0.526915 0.276734
vt 0.494599 0.058228
vt 0.948007 0.421428
vt 0.557964 0.421427
vt 0.557437 0.276734
vt 0.557964 0.366945
vt 0.948007 0.366945
vt 0.948007 0.309259
vt 0.550897 0.063579
vt 0.550897 0.282086
vt 0.583213 0.063579
vt 0.209319 0.591439
vt 0.163364 0.604294
vt 0.379575 0.802674
vt 0.393387 0.889871
vt 0.393387 0.836013
vt 0.296055 0.815542
vt 0.324962 0.849941
vt 0.282243 0.889871
vt 0.324962 0.887463
vt 0.379829 0.816322
vt 0.296309 0.816322
vt 0.325216 0.818610
vt 0.300161 0.797691
vt 0.296319 0.816690
vt 0.282507 0.891019
vt 0.325226 0.888611
vt 0.379839 0.803821
vt 0.393651 0.891019
vt 0.393651 0.837161
vt 0.379671 0.803821
vt 0.393483 0.891019
vt 0.393483 0.837161
vt 0.296150 0.816690
vt 0.325057 0.851089
vt 0.282338 0.891019
vt 0.295645 0.815377
vt 0.281833 0.889706
vt 0.139846 0.743783
vt 0.147088 0.889956
vt 0.759651 0.083729
vt 0.836572 0.083729
vt 0.759651 0.099030
vt 0.836572 0.099030
vt 0.759651 0.114331
vt 0.836572 0.114331
vt 0.759651 0.129633
vt 0.836572 0.129633
vt 0.759651 0.144934
vt 0.836572 0.144934
vt 0.759651 0.160235
vt 0.836572 0.160235
vt 0.759651 0.175536
vt 0.836572 0.175537
vt 0.836572 0.190838
vt 0.759651 0.206139
vt 0.836572 0.206139
vt 0.836572 0.221441
vt 0.836572 0.236742
vt 0.759651 0.068427
vt 0.836573 0.053126
vt 0.904258 0.728522
vt 0.918833 0.703896
vt 0.913384 0.731290
vt 0.674265 0.605589
vt 0.686645 0.579788
vt 0.692694 0.587160
vt 0.894285 0.752601
vt 0.902695 0.757096
vt 0.709869 0.564270
vt 0.714364 0.572680
vt 0.879805 0.774271
vt 0.887177 0.780320
vt 0.735674 0.553581
vt 0.738442 0.562707
vt 0.861377 0.792700
vt 0.867426 0.800071
vt 0.764004 0.557622
vt 0.763069 0.548132
vt 0.714364 0.807179
vt 0.735675 0.826278
vt 0.709869 0.815589
vt 0.839707 0.807179
vt 0.844202 0.815589
vt 0.791001 0.548132
vt 0.790067 0.557622
vt 0.692694 0.792700
vt 0.686645 0.800071
vt 0.815628 0.817153
vt 0.818396 0.826278
vt 0.818396 0.553581
vt 0.815628 0.562706
vt 0.666894 0.780321
vt 0.674265 0.774271
vt 0.790066 0.822237
vt 0.791001 0.831727
vt 0.844202 0.564270
vt 0.839706 0.572680
vt 0.651376 0.757096
vt 0.659786 0.752601
vt 0.764004 0.822237
vt 0.763070 0.831727
vt 0.867426 0.579788
vt 0.861377 0.587160
vt 0.640687 0.731291
vt 0.649812 0.728523
vt 0.738443 0.817153
vt 0.879805 0.605589
vt 0.887177 0.599539
vt 0.635238 0.703896
vt 0.644728 0.702961
vt 0.894285 0.627259
vt 0.902695 0.622764
vt 0.635238 0.675964
vt 0.644728 0.676899
vt 0.904258 0.651337
vt 0.913384 0.648569
vt 0.640687 0.648569
vt 0.649812 0.651337
vt 0.909343 0.676899
vt 0.918833 0.675964
vt 0.651376 0.622764
vt 0.659786 0.627259
vt 0.909343 0.702961
vt 0.666894 0.599539
vt 0.838989 0.809207
vt 0.866361 0.801933
vt 0.843243 0.817380
vt 0.814910 0.819181
vt 0.817556 0.828020
vt 0.790287 0.833444
vt 0.789349 0.824265
vt 0.762483 0.833444
vt 0.763286 0.824265
vt 0.735214 0.828020
vt 0.737725 0.819181
vt 0.709527 0.817380
vt 0.713646 0.809207
vt 0.686409 0.801933
vt 0.691976 0.794728
vt 0.666749 0.782273
vt 0.673547 0.776299
vt 0.651302 0.759155
vt 0.659068 0.754629
vt 0.640662 0.733468
vt 0.649094 0.730550
vt 0.635238 0.706199
vt 0.644010 0.704989
vt 0.635238 0.678395
vt 0.644010 0.678926
vt 0.640662 0.651126
vt 0.649094 0.653365
vt 0.651302 0.625439
vt 0.659068 0.629286
vt 0.666749 0.602321
vt 0.673547 0.607616
vt 0.686409 0.582661
vt 0.691976 0.589188
vt 0.709527 0.567214
vt 0.713646 0.574708
vt 0.735214 0.556574
vt 0.737725 0.564735
vt 0.762483 0.551150
vt 0.763286 0.559650
vt 0.789349 0.559650
vt 0.790287 0.551150
vt 0.814910 0.564735
vt 0.817556 0.556574
vt 0.838989 0.574708
vt 0.843243 0.567214
vt 0.860659 0.589188
vt 0.866361 0.582661
vt 0.879088 0.607616
vt 0.886021 0.602321
vt 0.893567 0.629287
vt 0.901468 0.625439
vt 0.903541 0.653365
vt 0.912108 0.651126
vt 0.908625 0.678927
vt 0.917532 0.678395
vt 0.908625 0.704989
vt 0.917532 0.706199
vt 0.903541 0.730551
vt 0.912108 0.733468
vt 0.893567 0.754629
vt 0.901468 0.759155
vt 0.879087 0.776299
vt 0.886021 0.782273
vt 0.860659 0.794728
vt 0.220160 0.554180
vt 0.099658 0.565221
vt 0.106630 0.529090
vt 0.350668 0.928398
vt 0.385663 0.912082
vt 0.324962 0.928398
vt 0.289967 0.912082
vt 0.195810 0.797276
vt 0.179790 0.888336
vt 0.385917 0.944176
vt 0.290221 0.912862
vt 0.385927 0.913230
vt 0.290231 0.913230
vt 0.385758 0.913230
vt 0.325057 0.929546
vt 0.290063 0.913230
vt 0.324552 0.928233
vt 0.289557 0.911916
vt 0.385253 0.911917
vt 0.077776 0.797520
vt 0.106569 0.717018
vt 0.110477 0.795900
vt 0.419094 0.836013
vt 0.401429 0.734902
vt 0.419347 0.836793
vt 0.401683 0.735682
vt 0.419357 0.891019
vt 0.401693 0.736050
vt 0.419189 0.837161
vt 0.401525 0.798059
vt 0.392977 0.835848
vt 0.418684 0.889706
vt 0.392977 0.889706
vt 0.375313 0.734737
vt 0.401019 0.796746
vt 0.375313 0.796746
vt 0.069997 0.559498
vt 0.076970 0.523366
vt 0.367023 0.626002
vt 0.081512 0.599051
vt 0.082293 0.665881
vt 0.100494 0.693560
vt 0.101305 0.709930
vt 0.122145 0.800926
vt 0.309125 0.731655
vt 0.325226 0.660871
vt 0.050395 0.666254
vt 0.049614 0.599424
vt 0.068604 0.711550
vt 0.379166 0.815377
vt 0.366359 0.730342
vt 0.751085 0.239037
vt 0.018437 0.803502
vt 0.308861 0.625222
vt 0.206923 0.791121
vt 0.207553 0.704666
vt 0.299907 0.734902
vt 0.327029 0.927365
vt 0.309116 0.626002
vt 0.282497 0.836793
vt 0.300171 0.736050
vt 0.308957 0.626370
vt 0.300002 0.736050
vt 0.308451 0.625057
vt 0.299497 0.734737
vt 0.052560 0.952734
vt 0.557964 0.533595
vt 0.021310 0.937407
vt 0.488059 0.063579
vt 0.851024 0.190838
vt 0.036221 0.882920
vt 0.494599 0.276734
vt 0.220160 0.653917
vt 0.350668 0.887463
vt 0.296055 0.802674
vt 0.282243 0.836013
vt 0.296309 0.803453
vt 0.300161 0.735682
vt 0.296319 0.803821
vt 0.282507 0.837160
vt 0.296150 0.803821
vt 0.282338 0.837161
vt 0.295645 0.802508
vt 0.281833 0.835848
vt 0.759651 0.190838
vt 0.759651 0.053126
vt 0.289967 0.943396
vt 0.202446 0.931211
vt 0.290221 0.944176
vt 0.290231 0.944544
vt 0.290063 0.944544
vt 0.289557 0.943231
vt 0.073868 0.718638
vt 0.419094 0.889871
vt 0.401429 0.796911
vt 0.419347 0.890651
vt 0.401683 0.797691
vt 0.419357 0.837161
vt 0.401693 0.798059
vt 0.419189 0.891019
vt 0.401525 0.736050
vt 0.418684 0.835848
vt 0.401019 0.734737
vt 0.309125 0.626370
vt 0.067793 0.695180
vt 0.228492 0.766132
vt 0.243272 0.773513
vt 0.228492 0.773513
vt 0.956618 0.068427
vt 0.956618 0.083729
vt 0.956618 0.099030
vt 0.956618 0.114331
vt 0.956618 0.129633
vt 0.956618 0.144934
vt 0.956618 0.160235
vt 0.956618 0.175537
vt 0.956618 0.190838
vt 0.956618 0.206139
vt 0.956618 0.221440
vt 0.956618 0.236742
vt 0.956618 0.053126
vt 0.256616 0.587695
vt 0.249486 0.570483
vt 0.260306 0.581303
vt 0.262738 0.562833
vt 0.266698 0.577613
vt 0.278039 0.562833
vt 0.274079 0.577613
vt 0.280471 0.581303
vt 0.291290 0.570483
vt 0.298941 0.583735
vt 0.284161 0.587695
vt 0.284161 0.595076
vt 0.298941 0.599036
vt 0.291290 0.612287
vt 0.280471 0.601468
vt 0.274079 0.605158
vt 0.278039 0.619938
vt 0.262738 0.619938
vt 0.266698 0.605158
vt 0.249486 0.612287
vt 0.260306 0.601468
vt 0.241836 0.599036
vt 0.256616 0.595076
vt 0.241836 0.583735
vt 0.150003 0.911632
vt 0.173858 0.918024
vt 0.156395 0.935487
vt 0.228492 0.788274
vt 0.243272 0.795655
vt 0.228492 0.795655
vt 0.228492 0.736609
vt 0.243272 0.743989
vt 0.228492 0.743989
vt 0.228492 0.721847
vt 0.243272 0.729228
vt 0.228492 0.729228
vt 0.228492 0.758751
vt 0.243272 0.766132
vt 0.243272 0.780893
vt 0.243272 0.788274
vt 0.243272 0.736609
vt 0.228492 0.803036
vt 0.243272 0.810416
vt 0.228492 0.810416
vt 0.228492 0.751370
vt 0.243272 0.758751
vt 0.228492 0.780893
vt 0.243272 0.803036
vt 0.243272 0.751370
vt 0.709475 0.020228
vt 0.751086 0.000337
vt 0.751086 0.020228
vt 0.709475 0.239037
vt 0.709475 0.219145
vt 0.751085 0.199254
vt 0.709475 0.199253
vt 0.751085 0.179362
vt 0.709475 0.159470
vt 0.751085 0.159470
vt 0.751085 0.139578
vt 0.709475 0.139578
vt 0.751085 0.119687
vt 0.709475 0.119687
vt 0.751085 0.099795
vt 0.709475 0.099795
vt 0.751085 0.079903
vt 0.709475 0.079903
vt 0.751085 0.060012
vt 0.662410 0.266209
vt 0.645184 0.201918
vt 0.709475 0.060012
vt 0.751085 0.040120
vt 0.709475 0.040120
vt 0.938390 0.053126
vt 0.150003 0.931796
vt 0.146312 0.925404
vt 0.146312 0.918024
vt 0.156395 0.907941
vt 0.163775 0.907941
vt 0.170167 0.911632
vt 0.173858 0.925404
vt 0.170167 0.931796
vt 0.163775 0.935487
vt 0.243272 0.721847
vt 0.709475 0.000336
vt 0.709475 0.179362
vt 0.699529 0.256264
vt 0.682302 0.266209
vt 0.645184 0.256264
vt 0.635238 0.239037
vt 0.635238 0.219145
vt 0.662410 0.191973
vt 0.682302 0.191973
vt 0.699529 0.201918
vt 0.049333 0.393103
vt 0.056719 0.367919
vt 0.057243 0.393467
vt 0.049014 0.367742
vt 0.058216 0.341468
vt 0.050214 0.341489
vt 0.056363 0.315434
vt 0.048549 0.315527
vt 0.056812 0.288256
vt 0.048704 0.288517
vt 0.053956 0.261559
vt 0.046032 0.261886
vt 0.053463 0.233539
vt 0.045241 0.234071
vt 0.049528 0.206077
vt 0.041484 0.206725
vt 0.047846 0.177070
vt 0.039481 0.178037
vt 0.042244 0.148682
vt 0.034042 0.149940
vt 0.038224 0.118329
vt 0.029619 0.120286
vt 0.028899 0.088586
vt 0.020130 0.091446
vt 0.018582 0.057989
vt 0.180339 0.484432
vt 0.200389 0.463003
vt 0.186607 0.488547
vt 0.199605 0.432092
vt 0.192339 0.459952
vt 0.206428 0.405494
vt 0.207244 0.434157
vt 0.209195 0.377809
vt 0.214289 0.406953
vt 0.213208 0.351192
vt 0.216807 0.378743
vt 0.214126 0.323709
vt 0.221057 0.351885
vt 0.216784 0.297118
vt 0.221776 0.324113
vt 0.216582 0.269747
vt 0.224696 0.297386
vt 0.218218 0.243158
vt 0.224315 0.269797
vt 0.216997 0.215890
vt 0.226228 0.243098
vt 0.217544 0.189326
vt 0.224825 0.215629
vt 0.215034 0.162241
vt 0.225652 0.188924
vt 0.213874 0.135800
vt 0.222937 0.161574
vt 0.208829 0.109207
vt 0.222050 0.134794
vt 0.203469 0.083531
vt 0.216702 0.107579
vt 0.191969 0.059762
vt 0.211380 0.080836
vt 0.038478 0.467473
vt 0.033685 0.493445
vt 0.026911 0.489005
vt 0.051199 0.444065
vt 0.046291 0.470494
vt 0.044019 0.442955
vt 0.053886 0.419402
vt 0.046359 0.418638
vt 0.167973 0.137966
vt 0.160215 0.105757
vt 0.169987 0.106548
vt 0.340828 0.188084
vt 0.330506 0.216454
vt 0.331876 0.187947
vt 0.169529 0.167784
vt 0.158204 0.137724
vt 0.339704 0.216743
vt 0.331817 0.245671
vt 0.168727 0.198273
vt 0.160191 0.167626
vt 0.340723 0.245998
vt 0.329767 0.274029
vt 0.170397 0.227292
vt 0.159283 0.198221
vt 0.338930 0.274543
vt 0.330324 0.303213
vt 0.169276 0.256968
vt 0.161321 0.227102
vt 0.339206 0.303762
vt 0.327577 0.331501
vt 0.165183 0.423701
vt 0.158650 0.395956
vt 0.167011 0.396460
vt 0.170358 0.285248
vt 0.160090 0.256773
vt 0.336719 0.332214
vt 0.327561 0.360707
vt 0.167260 0.449749
vt 0.156610 0.423578
vt 0.168619 0.314106
vt 0.161530 0.284878
vt 0.333693 0.389740
vt 0.336426 0.361379
vt 0.172467 0.476584
vt 0.158775 0.450670
vt 0.169061 0.341645
vt 0.159683 0.313716
vt 0.333784 0.418815
vt 0.324539 0.389054
vt 0.179868 0.501131
vt 0.164290 0.478478
vt 0.166835 0.369685
vt 0.160476 0.341108
vt 0.332774 0.447174
vt 0.324877 0.418477
vt 0.345704 0.039273
vt 0.332481 0.068820
vt 0.335382 0.037141
vt 0.158135 0.369184
vt 0.337202 0.475910
vt 0.323464 0.447492
vt 0.342453 0.069975
vt 0.329673 0.099297
vt 0.345704 0.502226
vt 0.328339 0.477886
vt 0.339303 0.099868
vt 0.331184 0.129587
vt 0.171549 0.075379
vt 0.169558 0.040345
vt 0.179868 0.044214
vt 0.340279 0.129776
vt 0.329987 0.158530
vt 0.160811 0.073588
vt 0.339275 0.158705
vt 0.122208 0.205692
vt 0.123136 0.223048
vt 0.124394 0.319278
vt 0.124473 0.335667
vt 0.094039 0.345321
vt 0.091575 0.336125
vt 0.124016 0.263348
vt 0.124518 0.280135
vt 0.090791 0.373249
vt 0.063041 0.365019
vt 0.093187 0.364097
vt 0.063050 0.344329
vt 0.025431 0.058675
vt 0.034882 0.082805
vt 0.124579 0.492912
vt 0.085944 0.477883
vt 0.120880 0.479912
vt 0.153167 0.366055
vt 0.153654 0.344209
vt 0.284971 0.491514
vt 0.338011 0.505703
vt 0.287163 0.521942
vt 0.116481 0.077424
vt 0.117514 0.099246
vt 0.119269 0.145264
vt 0.120497 0.163674
vt 0.093423 0.310040
vt 0.121824 0.309192
vt 0.080586 0.488869
vt 0.051830 0.469042
vt 0.288529 0.380899
vt 0.289873 0.363722
vt 0.284891 0.441480
vt 0.286154 0.422659
vt 0.091310 0.319398
vt 0.062713 0.312212
vt 0.044384 0.120545
vt 0.048767 0.144216
vt 0.293958 0.267009
vt 0.294468 0.250204
vt 0.291912 0.323620
vt 0.292899 0.306779
vt 0.122046 0.446629
vt 0.088026 0.455485
vt 0.086741 0.445265
vt 0.154532 0.310599
vt 0.154589 0.288215
vt 0.091636 0.235013
vt 0.088395 0.225482
vt 0.056788 0.448240
vt 0.127463 0.519765
vt 0.290543 0.092519
vt 0.289969 0.072326
vt 0.293109 0.153048
vt 0.292641 0.135540
vt 0.294368 0.210380
vt 0.294372 0.193449
vt 0.123454 0.374054
vt 0.123234 0.390341
vt 0.058784 0.236201
vt 0.121990 0.429225
vt 0.053480 0.179609
vt 0.056025 0.202191
vt 0.250092 0.064169
vt 0.286956 0.059755
vt 0.154724 0.253691
vt 0.154260 0.230697
vt 0.087978 0.427577
vt 0.088710 0.197639
vt 0.119002 0.195084
vt 0.249599 0.076052
vt 0.215524 0.076103
vt 0.090475 0.389861
vt 0.260283 0.193386
vt 0.260363 0.210602
vt 0.257423 0.136875
vt 0.258379 0.154564
vt 0.252556 0.095964
vt 0.073669 0.514976
vt 0.087042 0.207742
vt 0.060377 0.258030
vt 0.290913 0.015179
vt 0.242449 0.037870
vt 0.233582 0.024876
vt 0.153709 0.195132
vt 0.152942 0.171416
vt 0.151679 0.420572
vt 0.206209 0.055415
vt 0.198494 0.055508
vt 0.151994 0.398978
vt 0.120788 0.400249
vt 0.061882 0.291009
vt 0.259016 0.304525
vt 0.257893 0.321723
vt 0.260625 0.248994
vt 0.260078 0.266126
vt 0.259234 0.126821
vt 0.289845 0.124798
vt 0.152470 0.134410
vt 0.152454 0.109459
vt 0.226673 0.131285
vt 0.249583 0.418440
vt 0.246670 0.437584
vt 0.255515 0.360497
vt 0.253752 0.378056
vt 0.156992 0.476279
vt 0.256458 0.106076
vt 0.154813 0.069077
vt 0.160326 0.042484
vt 0.084004 0.167127
vt 0.081912 0.148324
vt 0.076492 0.104098
vt 0.072573 0.082226
vt 0.228403 0.513091
vt 0.237048 0.485294
vt 0.154006 0.454103
vt 0.119490 0.457566
vt 0.223724 0.109676
vt 0.325461 0.064592
vt 0.262623 0.183804
vt 0.291940 0.183036
vt 0.320481 0.475142
vt 0.318195 0.450976
vt 0.328964 0.039509
vt 0.286007 0.032051
vt 0.230527 0.185808
vt 0.324007 0.126238
vt 0.261221 0.164157
vt 0.319072 0.391933
vt 0.090849 0.281573
vt 0.090055 0.264429
vt 0.324113 0.102592
vt 0.288101 0.104167
vt 0.229639 0.164336
vt 0.122432 0.290433
vt 0.121263 0.233731
vt 0.121125 0.253054
vt 0.118734 0.174918
vt 0.115433 0.111831
vt 0.115812 0.133974
vt 0.114624 0.033729
vt 0.113107 0.063815
vt 0.281567 0.453098
vt 0.281768 0.477292
vt 0.284511 0.411384
vt 0.285166 0.391303
vt 0.322123 0.334359
vt 0.288321 0.353069
vt 0.288744 0.333824
vt 0.324378 0.277004
vt 0.291124 0.296305
vt 0.291055 0.277240
vt 0.325185 0.219577
vt 0.292381 0.239804
vt 0.291744 0.220726
vt 0.324675 0.161791
vt 0.290718 0.163688
vt 0.119608 0.418936
vt 0.122168 0.345666
vt 0.121138 0.364064
vt 0.061812 0.396549
vt 0.090939 0.418227
vt 0.060365 0.416966
vt 0.092547 0.399152
vt 0.262736 0.220137
vt 0.231244 0.240199
vt 0.231384 0.218722
vt 0.263338 0.239578
vt 0.262125 0.275717
vt 0.229832 0.294663
vt 0.230768 0.273137
vt 0.262067 0.295184
vt 0.259650 0.331438
vt 0.226341 0.349346
vt 0.228128 0.327705
vt 0.258942 0.351124
vt 0.255193 0.388103
vt 0.219866 0.404702
vt 0.223033 0.382717
vt 0.253669 0.408668
vt 0.213167 0.439072
vt 0.243700 0.473532
vt 0.206531 0.461756
vt 0.247497 0.448884
vt 0.072950 0.069125
vt 0.066559 0.039417
vt 0.083272 0.137458
vt 0.081278 0.114892
vt 0.087754 0.177017
vt 0.091945 0.254751
vt 0.093689 0.290894
vt 0.056664 0.025195
vt 0.119881 0.015179
vt 0.317968 0.414800
vt 0.320769 0.356954
vt 0.323472 0.299592
vt 0.324868 0.242232
vt 0.324821 0.184658
vt 0.009813 0.061933
vt 0.172648 0.504207
vn -0.0000 -0.0000 1.0000
vn 0.7071 0.7071 -0.0000
vn 0.9659 0.2588 -0.0000
vn -0.2588 0.9659 -0.0000
vn 0.2588 0.9659 -0.0000
vn -0.9659 0.2588 -0.0000
vn -0.7071 0.7071 -0.0000
vn 0.9659 -0.2588 -0.0000
vn 0.7071 -0.7071 -0.0000
vn -0.7071 -0.7071 -0.0000
vn -0.9659 -0.2588 -0.0000
vn 0.2588 -0.9659 -0.0000
vn -0.2588 -0.9659 -0.0000
vn -0.0000 1.0000 -0.0000
vn 1.0000 -0.0000 -0.0000
vn -0.0000 -1.0000 -0.0000
vn -0.0000 -0.0000 -1.0000
vn -1.0000 -0.0000 -0.0000
vn 0.5000 0.8660 -0.0000
vn 0.5000 -0.8660 -0.0000
vn -0.5000 0.8660 -0.0000
vn -0.5000 -0.8660 -0.0000
vn -0.9239 -0.3827 -0.0000
vn -0.9808 -0.1951 -0.0000
vn 0.9239 -0.3827 -0.0000
vn 0.9239 0.3827 -0.0000
vn 0.3827 0.9239 -0.0000
vn -0.3827 0.9239 -0.0000
vn -0.8315 0.5556 -0.0000
vn -0.9239 0.3827 -0.0000
vn 0.3827 -0.9239 -0.0000
vn -0.8315 -0.5556 -0.0000
vn -0.9808 0.1951 -0.0000
vn 0.9808 -0.1951 -0.0000
vn -0.3827 -0.9239 -0.0000
vn 0.8315 -0.5556 -0.0000
vn 0.9808 0.1951 -0.0000
vn -0.1951 -0.9808 -0.0000
vn 0.1951 -0.9808 -0.0000
vn 0.5556 -0.8315 -0.0000
vn -0.5556 -0.8315 -0.0000
vn 0.8315 0.5556 -0.0000
vn 0.5556 0.8315 -0.0000
vn -0.5556 0.8315 -0.0000
vn 0.1951 0.9808 -0.0000
vn -0.1951 0.9808 -0.0000
vn -0.4210 0.9071 -0.0000
vn -0.9071 0.4210 -0.0000
vn -0.5751 -0.8181 -0.0000
vn 0.0890 -0.9960 -0.0000
vn 0.9960 -0.0890 -0.0000
vn 0.8181 0.5751 -0.0000
vn -0.8181 0.5751 -0.0000
vn -0.9960 -0.0890 -0.0000
vn -0.8660 -0.5000 -0.0000
vn -0.0890 -0.9960 -0.0000
vn 0.5751 -0.8181 -0.0000
vn 0.8660 -0.5000 -0.0000
vn 0.9071 0.4210 -0.0000
vn 0.4210 0.9071 -0.0000
vn -0.8660 0.5000 -0.0000
vn 0.8660 0.5000 -0.0000
vn -0.0007 -0.0004 1.0000
vn -0.0008 -0.0000 1.0000
vn 0.0007 0.0004 1.0000
vn 0.0004 0.0007 1.0000
vn -0.0004 0.0007 1.0000
vn -0.0000 0.0008 1.0000
vn 0.0004 -0.0007 1.0000
vn 0.0007 -0.0004 1.0000
vn -0.0004 -0.0007 1.0000
vn -0.0007 0.0004 1.0000
vn 0.0008 -0.0000 1.0000
vn -0.0000 -0.0008 1.0000
vn 0.0890 0.9960 -0.0000
vn 0.9960 0.0890 -0.0000
vn 0.8181 -0.5751 -0.0000
vn 0.3805 -0.1020 -0.9191
vn 0.1219 -0.0327 -0.9920
vn -0.4210 -0.9071 -0.0000
vn -0.9071 -0.4210 -0.0000
vn -0.5751 0.8181 -0.0000
vn 0.6806 0.6806 0.2714
vn 0.9297 -0.2491 0.2714
vn 0.2491 -0.9297 0.2714
vn -0.6806 -0.6806 0.2714
vn -0.9297 0.2491 0.2714
vn -0.2491 0.9297 0.2714
vn -0.5838 -0.5838 0.5643
vn 0.7974 -0.2137 0.5643
vn 0.2785 0.2785 -0.9191
vn 0.0892 0.0892 -0.9920
vn 0.1020 -0.3805 -0.9191
vn 0.0327 -0.1219 -0.9920
vn -0.3805 0.1020 -0.9191
vn -0.1219 0.0327 -0.9920
vn 0.2785 0.2785 0.9191
vn 0.0892 0.0892 0.9920
vn -0.3805 0.1020 0.9191
vn -0.1219 0.0327 0.9920
vn 0.8270 -0.2216 -0.5167
vn 0.8753 -0.2345 -0.4229
vn 0.2216 -0.8270 -0.5167
vn 0.2345 -0.8753 -0.4229
vn 0.1020 -0.3805 0.9191
vn 0.0327 -0.1219 0.9920
vn -0.1080 0.4029 0.9089
vn -0.1884 0.7029 0.6859
vn -0.6054 -0.6054 -0.5167
vn -0.6408 -0.6408 -0.4229
vn 0.4029 -0.1080 -0.9089
vn 0.7029 -0.1884 -0.6859
vn -0.7974 0.2137 0.5643
vn 0.3805 -0.1020 0.9191
vn 0.1219 -0.0327 0.9920
vn -0.4029 0.1080 0.9089
vn -0.2949 -0.2949 -0.9089
vn -0.5146 -0.5146 -0.6859
vn 0.5838 0.5838 0.5643
vn -0.2785 -0.2785 0.9191
vn -0.0892 -0.0892 0.9920
vn 0.2949 0.2949 0.9089
vn 0.5146 0.5146 0.6859
vn -0.7029 0.1884 -0.6859
vn -0.4029 0.1080 -0.9089
vn 0.4029 -0.1080 0.9089
vn 0.7029 -0.1884 0.6859
vn -0.8270 0.2216 -0.5167
vn -0.8753 0.2345 -0.4229
vn -0.2216 0.8270 -0.5167
vn -0.2345 0.8753 -0.4229
vn -0.1080 0.4029 -0.9089
vn 0.2137 -0.7974 0.5643
vn -0.0327 0.1219 0.9920
vn 0.1080 -0.4029 0.9089
vn 0.1883 -0.7029 0.6859
vn 0.1884 -0.7029 0.6859
vn -0.2949 -0.2949 0.9089
vn -0.5146 -0.5146 0.6859
vn 0.6054 0.6054 -0.5167
vn 0.6408 0.6408 -0.4229
vn -0.2785 -0.2785 -0.9191
vn -0.0892 -0.0892 -0.9920
vn 0.2949 0.2949 -0.9089
vn 0.5146 0.5146 -0.6859
vn -0.2137 0.7974 0.5643
vn -0.1020 0.3805 -0.9191
vn -0.0327 0.1219 -0.9920
vn 0.1080 -0.4029 -0.9089
vn -0.7029 0.1884 0.6859
vn -0.1884 0.7029 -0.6859
vn -0.1019 0.3805 0.9191
vn -0.2786 -0.2785 -0.9191
vn 0.1883 -0.7029 -0.6859
vn 0.2786 0.2785 -0.9191
vn -1.0000 -0.0007 -0.0044
vn -1.0000 0.0006 -0.0042
vn -1.0000 0.0008 -0.0043
vn -1.0000 0.0023 -0.0047
vn -1.0000 0.0026 -0.0048
vn 1.0000 0.0008 0.0043
vn 1.0000 0.0026 0.0048
vn 1.0000 -0.0007 0.0044
vn 1.0000 0.0006 0.0042
vn 1.0000 -0.0023 0.0047
vn -1.0000 -0.0023 -0.0047
vn -1.0000 -0.0026 -0.0047
vn 0.0392 0.0119 -0.9992
vn 0.0407 -0.0040 -0.9992
vn 0.0391 0.0119 -0.9992
vn 0.0317 0.0260 -0.9992
vn 0.0193 0.0362 -0.9992
vn 0.0193 0.0361 -0.9992
vn 0.0040 0.0408 -0.9992
vn -0.0119 0.0393 -0.9992
vn -0.0261 0.0318 -0.9992
vn -0.0260 0.0317 -0.9992
vn -0.0362 0.0194 -0.9992
vn -0.0409 0.0040 -0.9992
vn -0.0393 -0.0119 -0.9992
vn -0.0317 -0.0260 -0.9992
vn -0.0193 -0.0361 -0.9992
vn -0.0193 -0.0362 -0.9992
vn -0.0040 -0.0407 -0.9992
vn -0.0040 -0.0408 -0.9992
vn 0.0119 -0.0391 -0.9992
vn 0.0119 -0.0392 -0.9992
vn 0.0259 -0.0316 -0.9992
vn 0.0361 -0.0193 -0.9992
vn 0.0360 -0.0193 -0.9992
vn -0.0118 0.0388 0.9992
vn -0.0191 -0.0358 0.9992
vn -0.0040 -0.0405 0.9992
vn -0.0192 -0.0359 0.9992
vn 0.0040 0.0404 0.9992
vn -0.0314 -0.0258 0.9992
vn 0.0192 0.0359 0.9992
vn -0.0388 -0.0118 0.9992
vn 0.0405 -0.0040 0.9992
vn 0.0191 0.0358 0.9992
vn 0.0315 0.0258 0.9992
vn 0.0359 -0.0192 0.9992
vn 0.0314 0.0258 0.9992
vn -0.0403 0.0040 0.9992
vn 0.0390 0.0118 0.9992
vn -0.0404 0.0040 0.9992
vn 0.0258 -0.0315 0.9992
vn 0.0389 0.0118 0.9992
vn -0.0357 0.0191 0.9992
vn 0.0118 -0.0389 0.9992
vn 0.0118 -0.0390 0.9992
vn -0.0257 0.0313 0.9992
vn -0.0040 -0.0404 0.9992
vn 0.2874 0.9476 0.1397
vn 0.2780 0.9165 0.2875
vn 0.2875 0.9477 0.1389
vn 0.8729 0.4666 0.1429
vn 0.8439 0.4511 0.2904
vn 0.8730 0.4666 0.1422
vn -0.3832 0.9236 -0.0039
vn -0.3822 0.9241 -0.0037
vn -0.3820 0.9241 -0.0037
vn 0.6280 0.7652 0.1414
vn 0.6073 0.7400 0.2890
vn 0.6281 0.7653 0.1406
vn 0.1945 -0.9809 0.0031
vn 0.1947 -0.9809 0.0030
vn -0.3808 0.9246 -0.0042
vn -0.3806 0.9247 -0.0042
vn -0.0719 0.0876 -0.9936
vn -0.0719 0.0877 -0.9935
vn -0.5556 -0.8314 -0.0005
vn -0.5555 -0.8315 -0.0005
vn 0.1075 0.0326 0.9937
vn -0.7658 0.6285 0.1360
vn -0.7411 0.6082 0.2844
vn -0.7658 0.6285 0.1359
vn -0.4670 0.8736 0.1368
vn -0.4519 0.8454 0.2849
vn -0.4670 0.8737 0.1364
vn -0.0971 0.9856 0.1381
vn -0.0939 0.9536 0.2860
vn -0.0971 0.9857 0.1374
vn 0.5561 -0.8311 0.0044
vn 0.5551 -0.8318 0.0042
vn 0.5562 -0.8310 0.0044
vn -0.5554 -0.8316 -0.0005
vn -0.9539 -0.0940 0.2849
vn -0.9858 -0.0971 0.1368
vn -0.9859 -0.0971 0.1364
vn -0.9174 0.2783 0.2844
vn -0.9480 0.2876 0.1360
vn -0.9481 0.2876 0.1359
vn 0.5549 -0.8319 0.0043
vn -0.0329 0.1084 -0.9936
vn -0.6076 -0.7404 0.2875
vn -0.6282 -0.7654 0.1397
vn -0.6282 -0.7655 0.1389
vn -0.8451 -0.4517 0.2860
vn -0.8735 -0.4669 0.1381
vn -0.8736 -0.4669 0.1374
vn 0.3826 0.9239 -0.0005
vn 0.3827 0.9239 -0.0005
vn 0.3828 0.9238 -0.0005
vn 0.0868 0.0712 0.9937
vn -0.9242 0.3820 -0.0050
vn -0.9236 0.3833 -0.0048
vn -0.9235 0.3835 -0.0048
vn 0.3829 0.9238 -0.0005
vn 0.7393 -0.6067 0.2921
vn 0.7649 -0.6277 0.1444
vn 0.7649 -0.6278 0.1443
vn 0.4509 -0.8436 0.2915
vn 0.4665 -0.8727 0.1439
vn 0.4665 -0.8728 0.1435
vn 0.0938 -0.9523 0.2904
vn 0.0970 -0.9850 0.1429
vn 0.0970 -0.9851 0.1422
vn -0.2779 -0.9161 0.2890
vn -0.2874 -0.9473 0.1414
vn -0.2874 -0.9474 0.1406
vn 0.9848 0.0970 0.1439
vn 0.9520 0.0938 0.2915
vn 0.9849 0.0970 0.1435
vn -0.9229 0.3851 -0.0054
vn 0.9469 -0.2872 0.1444
vn 0.9152 -0.2776 0.2921
vn 0.0111 0.1127 -0.9936
vn -0.8317 -0.5553 -0.0024
vn -0.8313 -0.5558 -0.0023
vn -0.8317 -0.5552 -0.0024
vn 0.0529 0.0989 0.9937
vn 0.9131 -0.2770 -0.2992
vn 0.9458 -0.2869 -0.1519
vn 0.9459 -0.2869 -0.1518
vn 0.9809 -0.1944 0.0048
vn 0.9807 -0.1957 0.0046
vn 0.9809 -0.1943 0.0048
vn -0.8312 -0.5559 -0.0023
vn -0.8308 -0.5566 -0.0025
vn 0.9494 0.0935 -0.2997
vn 0.9835 0.0969 -0.1527
vn 0.9836 0.0969 -0.1523
vn -0.2867 -0.9453 -0.1556
vn -0.2767 -0.9122 -0.3022
vn -0.2868 -0.9454 -0.1548
vn 0.0968 -0.9833 -0.1540
vn 0.0935 -0.9491 -0.3008
vn 0.0969 -0.9834 -0.1533
vn 0.4659 -0.8716 -0.1527
vn 0.4497 -0.8414 -0.2997
vn 0.4659 -0.8716 -0.1523
vn 0.7640 -0.6270 -0.1519
vn 0.7376 -0.6053 -0.2992
vn 0.7641 -0.6270 -0.1518
vn 0.0533 0.0998 -0.9936
vn 0.7073 0.7069 0.0015
vn 0.7070 0.7072 0.0014
vn 0.7069 0.7073 0.0014
vn 0.0110 0.1115 0.9937
vn -0.1943 -0.9809 0.0016
vn 0.7066 0.7076 0.0016
vn 0.7065 0.7077 0.0016
vn -0.0004 1.0000 -0.0024
vn -0.0012 1.0000 -0.0025
vn 0.0874 0.0717 -0.9936
vn -0.8707 -0.4654 -0.1587
vn -0.8399 -0.4489 -0.3052
vn -0.8708 -0.4655 -0.1580
vn -0.6265 -0.7634 -0.1573
vn -0.6266 -0.7635 -0.1564
vn -0.9809 -0.1945 -0.0039
vn -0.9807 -0.1956 -0.0037
vn -0.0325 0.1072 0.9937
vn 0.1956 -0.9807 0.0032
vn 0.1967 -0.9805 0.0034
vn 0.1969 -0.9804 0.0034
vn -0.9806 -0.1958 -0.0037
vn -0.9446 0.2865 -0.1603
vn -0.9108 0.2763 -0.3068
vn -0.9446 0.2865 -0.1601
vn -0.9824 -0.0968 -0.1598
vn -0.9474 -0.0933 -0.3062
vn -0.9825 -0.0968 -0.1593
vn -0.5558 -0.8313 -0.0005
vn 0.1081 0.0328 -0.9936
vn 0.9241 0.3822 0.0032
vn 0.9237 0.3831 0.0030
vn 0.9237 0.3832 0.0031
vn -0.0710 0.0865 0.9937
vn -0.0933 0.9477 -0.3052
vn -0.0968 0.9826 -0.1587
vn -0.0968 0.9827 -0.1580
vn -0.4487 0.8396 -0.3062
vn -0.4653 0.8706 -0.1598
vn -0.4654 0.8707 -0.1593
vn -0.7357 0.6038 -0.3068
vn -0.7630 0.6262 -0.1603
vn -0.7630 0.6262 -0.1601
vn 0.3824 0.9240 -0.0005
vn 0.9232 0.3842 0.0034
vn 0.9232 0.3844 0.0034
vn -0.8322 -0.5545 -0.0025
vn -0.8322 -0.5544 -0.0025
vn -0.9806 0.1958 -0.0048
vn -0.9809 0.1945 -0.0046
vn -0.9806 0.1959 -0.0048
vn -0.0987 0.0528 0.9937
vn -0.9809 0.1942 -0.0046
vn -0.9813 0.1926 -0.0051
vn -0.9812 -0.1931 -0.0041
vn -0.9812 -0.1929 -0.0042
vn -0.1114 0.0110 0.9937
vn 0.6047 0.7369 -0.3022
vn 0.6267 0.7636 -0.1556
vn 0.6267 0.7637 -0.1548
vn 1.0000 0.0023 0.0047
vn 0.8411 0.4496 -0.3008
vn 0.8714 0.4658 -0.1540
vn 0.8715 0.4658 -0.1533
vn 0.2766 0.9117 -0.3037
vn 0.2867 0.9450 -0.1573
vn 0.2867 0.9452 -0.1564
vn 0.7529 0.6179 0.2269
vn 0.6889 0.5654 0.4535
vn 0.7531 0.6180 0.2256
vn 0.4593 0.8592 0.2253
vn 0.4204 0.7866 0.4523
vn 0.4594 0.8595 0.2239
vn 0.0955 0.9700 0.2236
vn 0.0875 0.8882 0.4510
vn 0.0956 0.9703 0.2223
vn -0.2830 0.9330 0.2221
vn -0.2592 0.8546 0.4500
vn -0.2831 0.9333 0.2211
vn -0.6187 0.7539 0.2209
vn -0.5668 0.6906 0.4493
vn -0.6188 0.7540 0.2204
vn -0.8602 0.4598 0.2204
vn -0.7880 0.4212 0.4490
vn -0.8891 0.0876 0.4493
vn -0.9706 0.0956 0.2209
vn -0.9707 0.0956 0.2204
vn -0.8546 -0.2592 0.4500
vn -0.9330 -0.2830 0.2221
vn -0.9333 -0.2831 0.2211
vn -0.6899 -0.5662 0.4510
vn -0.7534 -0.6183 0.2236
vn -0.7537 -0.6185 0.2223
vn -0.4204 -0.7866 0.4523
vn -0.4593 -0.8592 0.2253
vn -0.4594 -0.8595 0.2239
vn -0.0874 -0.8869 0.4535
vn -0.0955 -0.9692 0.2269
vn -0.0955 -0.9695 0.2256
vn 0.2586 -0.8523 0.4546
vn 0.2826 -0.9317 0.2281
vn 0.2827 -0.9319 0.2271
vn 0.5648 -0.6882 0.4553
vn 0.6176 -0.7525 0.2288
vn 0.6176 -0.7526 0.2282
vn 0.7851 -0.4196 0.4556
vn 0.8585 -0.4589 0.2288
vn 0.9688 -0.0954 0.2288
vn 0.8860 -0.0873 0.4553
vn 0.9689 -0.0954 0.2282
vn 0.9317 0.2826 0.2281
vn 0.8523 0.2586 0.4546
vn 0.9319 0.2827 0.2271
vn 0.8486 0.2574 -0.4622
vn 0.9295 0.2820 -0.2377
vn 0.9297 0.2820 -0.2367
vn 0.8829 -0.0870 -0.4615
vn 0.9669 -0.0952 -0.2366
vn 0.8570 -0.4581 -0.2360
vn 0.7825 -0.4183 -0.4612
vn 0.6164 -0.7511 -0.2366
vn 0.5628 -0.6858 -0.4615
vn 0.6165 -0.7512 -0.2361
vn 0.2820 -0.9295 -0.2377
vn 0.2574 -0.8486 -0.4622
vn 0.2820 -0.9297 -0.2367
vn -0.0952 -0.9663 -0.2392
vn -0.0869 -0.8820 -0.4632
vn -0.0952 -0.9666 -0.2380
vn -0.4575 -0.8560 -0.2409
vn -0.4175 -0.7810 -0.4645
vn -0.4175 -0.7810 -0.4644
vn -0.4577 -0.8563 -0.2395
vn -0.7499 -0.6155 -0.2424
vn -0.6841 -0.5614 -0.4657
vn -0.7502 -0.6157 -0.2412
vn -0.9281 -0.2815 -0.2436
vn -0.8463 -0.2567 -0.4667
vn -0.9283 -0.2816 -0.2427
vn -0.9650 0.0950 -0.2443
vn -0.9652 0.0951 -0.2438
vn -0.7795 0.4167 -0.4676
vn -0.8552 0.4571 -0.2444
vn -0.5608 0.6834 -0.4674
vn -0.6152 0.7496 -0.2443
vn -0.6152 0.7497 -0.2438
vn -0.2567 0.8463 -0.4667
vn -0.2815 0.9281 -0.2436
vn -0.2816 0.9283 -0.2427
vn 0.0867 0.8807 -0.4657
vn 0.0951 0.9655 -0.2424
vn 0.0951 0.9658 -0.2412
vn 0.4175 0.7810 -0.4645
vn 0.4575 0.8560 -0.2409
vn 0.4577 0.8563 -0.2395
vn 0.6851 0.5622 -0.4632
vn 0.7506 0.6160 -0.2392
vn 0.7508 0.6162 -0.2380
vn -0.1000 0.0535 -0.9936
vn -0.7065 0.7077 -0.0046
vn -0.7053 0.7089 -0.0051
vn -0.7051 0.7091 -0.0052
vn 0.0004 1.0000 -0.0023
vn 0.0012 1.0000 -0.0025
vn 0.0014 1.0000 -0.0026
vn -0.7076 0.7066 -0.0048
vn 0.0003 1.0000 -0.0023
vn 0.8311 -0.5561 0.0048
vn -0.1954 -0.9807 0.0014
vn -0.1958 -0.9806 0.0016
vn -0.1953 -0.9807 0.0014
vn 0.8319 -0.5549 0.0050
vn -0.1949 -0.9808 0.0015
vn -0.0875 -0.0718 -0.9936
vn -0.9241 -0.3821 -0.0031
vn -0.9237 -0.3831 -0.0032
vn -0.9240 -0.3823 -0.0030
vn -0.0533 -0.0998 -0.9936
vn 0.9809 0.1944 0.0037
vn 0.9812 0.1931 0.0042
vn 0.9809 0.1946 0.0037
vn 0.9807 0.1957 0.0039
vn -0.0111 -0.1125 -0.9936
vn -0.7073 -0.7069 -0.0014
vn -0.7076 -0.7066 -0.0016
vn -0.7077 -0.7065 -0.0016
vn -0.7072 -0.7070 -0.0014
vn 0.9813 -0.1924 0.0051
vn 0.0328 -0.1081 -0.9936
vn 0.8317 0.5552 0.0023
vn 0.8316 0.5553 0.0023
vn -0.9242 0.3819 -0.0050
vn 0.8313 0.5559 0.0024
vn 0.8312 0.5559 0.0024
vn 0.5575 -0.8302 0.0047
vn 0.5577 -0.8300 0.0047
vn 0.0716 -0.0873 -0.9936
vn -0.3826 -0.9239 0.0005
vn -0.3824 -0.9240 0.0005
vn -0.3845 0.9231 -0.0041
vn -0.3833 0.9236 -0.0039
vn -0.3828 -0.9239 0.0005
vn -0.7089 0.7053 -0.0051
vn -0.7077 0.7065 -0.0048
vn 0.0996 -0.0532 -0.9936
vn 0.0995 -0.0532 -0.9936
vn 0.5556 0.8314 0.0005
vn 0.5558 0.8313 0.0005
vn 0.8329 -0.5534 0.0053
vn 0.8331 -0.5532 0.0054
vn 0.5555 0.8315 0.0005
vn 0.1124 -0.0111 -0.9936
vn 0.0004 -1.0000 0.0023
vn 0.0012 -1.0000 0.0025
vn 0.0014 -1.0000 0.0026
vn -0.9232 -0.3842 -0.0034
vn -0.9237 -0.3832 -0.0032
vn 0.1119 -0.0110 0.9937
vn 0.1118 -0.0110 0.9937
vn -0.0004 -1.0000 0.0024
vn 0.0003 -1.0000 0.0023
vn 0.1948 0.9808 -0.0014
vn 0.1943 0.9809 -0.0016
vn 0.1949 0.9808 -0.0014
vn -0.7069 -0.7073 -0.0015
vn 0.1953 0.9807 -0.0014
vn 0.1953 0.9807 -0.0015
vn 0.8308 0.5566 0.0025
vn 0.8307 0.5567 0.0025
vn 0.3833 -0.9236 0.0037
vn -0.3829 -0.9238 0.0005
vn -0.3828 -0.9238 0.0005
vn 0.0713 -0.0869 0.9937
vn 0.3821 -0.9241 0.0039
vn 0.5554 0.8316 0.0005
vn 0.5553 0.8316 0.0005
vn -0.1957 0.9807 -0.0031
vn -0.1967 0.9805 -0.0034
vn -0.1955 0.9807 -0.0030
vn -0.0012 -1.0000 0.0025
vn 0.0326 -0.1075 0.9937
vn -0.1946 0.9809 -0.0032
vn 0.1958 0.9806 -0.0015
vn 0.1959 0.9806 -0.0016
vn 0.7077 -0.7065 0.0046
vn 0.7089 -0.7053 0.0052
vn 0.7091 -0.7051 0.0052
vn 0.3808 -0.9246 0.0041
vn -0.0110 -0.1117 0.9937
vn 0.7066 -0.7076 0.0048
vn 0.7075 -0.7067 0.0046
vn -0.1935 0.9811 -0.0034
vn -0.1933 0.9811 -0.0034
vn -0.5562 0.8310 -0.0043
vn -0.5561 0.8311 -0.0042
vn 0.7065 -0.7077 0.0048
vn -0.0529 -0.0989 0.9937
vn -0.5550 0.8318 -0.0044
vn -0.5549 0.8319 -0.0044
vn -0.5534 0.8329 -0.0047
vn 0.9242 -0.3818 0.0048
vn 0.9249 -0.3803 0.0054
vn 0.9250 -0.3800 0.0054
vn 0.9236 -0.3834 0.0050
vn 0.9235 -0.3835 0.0050
vn -0.0866 -0.0711 0.9937
vn 0.9241 -0.3821 0.0048
vn -0.8310 0.5562 -0.0050
vn -0.8300 0.5577 -0.0053
vn -0.8320 0.5548 -0.0048
vn -0.8329 0.5534 -0.0054
vn -0.8318 0.5550 -0.0048
vn -0.1072 -0.0325 0.9937
vn -0.8310 0.5563 -0.0050
vn -0.9803 0.1975 -0.0051
vn -0.9802 0.1978 -0.0051
vn 0.1933 -0.9811 0.0034
vn -0.8307 -0.5567 -0.0026
vn 0.9802 -0.1978 0.0052
vn -0.0014 1.0000 -0.0025
vn -0.9803 -0.1973 -0.0042
vn 0.7077 0.7065 0.0016
vn 0.9246 0.3810 0.0034
vn -0.1000 0.0535 -0.9935
vn -0.1959 -0.9806 0.0016
vn -0.1085 -0.0329 -0.9936
vn 0.9812 0.1929 0.0042
vn 0.8322 0.5544 0.0026
vn -0.9250 0.3800 -0.0053
vn -0.3847 0.9230 -0.0042
vn -0.9232 -0.3844 -0.0034
vn -0.7065 -0.7077 -0.0016
vn 0.0991 -0.0530 0.9937
vn -0.1969 0.9804 -0.0035
vn -0.0014 -1.0000 0.0025
vn 0.3806 -0.9247 0.0041
vn -0.5577 0.8300 -0.0048
vn 0.9228 -0.3853 0.0053
vn 0.0316 0.0260 -0.9992
vn -0.0119 0.0392 -0.9992
vn -0.0314 -0.0257 0.9992
vn 0.1935 -0.9811 0.0034
vn 0.5536 -0.8327 0.0047
vn -0.9228 0.3854 -0.0054
vn 0.9469 -0.2873 0.1443
vn 0.9806 -0.1960 0.0046
vn 0.9803 -0.1976 0.0052
vn -0.1942 -0.9810 0.0016
vn -0.6044 -0.7365 -0.3038
vn -0.9804 -0.1971 -0.0042
vn -0.4488 0.8396 -0.3062
vn 0.7076 0.7066 0.0015
vn 0.9245 0.3812 0.0034
vn 0.9671 -0.0952 -0.2361
vn -0.8798 0.0866 -0.4674
vn -0.7067 0.7075 -0.0046
vn -0.1129 0.0111 -0.9935
vn 0.8309 -0.5563 0.0048
vn 0.8300 -0.5577 0.0053
vn -0.9245 -0.3811 -0.0034
vn -0.9246 -0.3810 -0.0035
vn 0.9813 -0.1927 0.0051
vn 0.8322 0.5545 0.0025
vn -0.9248 0.3803 -0.0053
vn -0.3825 -0.9240 0.0005
vn 0.9804 0.1971 0.0041
vn 0.9803 0.1973 0.0041
vn -0.7066 -0.7077 -0.0015
vn 0.3845 -0.9231 0.0042
vn 0.3847 -0.9230 0.0042
vn 0.3831 -0.9237 0.0037
vn -0.5575 0.8302 -0.0047
vn 0.7053 -0.7088 0.0051
vn -0.5537 0.8327 -0.0047
vn 0.9229 -0.3850 0.0053
vn -0.0867 -0.0711 0.9937
vn -0.8299 0.5579 -0.0053
vn -0.1071 -0.0325 0.9937
vn -0.5553 -0.8316 -0.0005
vn 0.5534 -0.8329 0.0048
vn -0.9813 0.1924 -0.0052
vn 0.8299 -0.5579 0.0054
vn -0.7091 0.7051 -0.0052
vn 0.1943 0.9810 -0.0016
vn 0.7051 -0.7090 0.0051
vn -0.8331 0.5531 -0.0054
vn 1.0000 -0.0026 0.0048
usemtl SpacialRoverExploreralumGray
f 57/1/16 25/2/16 56/3/39
f 25/2/16 57/1/16 58/4/38
f 25/2/16 24/5/39 56/3/39
f 58/4/38 26/6/38 25/2/16
f 24/5/39 55/7/31 56/3/39
f 58/4/38 59/8/35 26/6/38
f 24/5/39 23/9/31 55/7/31
f 59/8/35 27/10/35 26/6/38
f 59/8/35 60/11/41 27/10/35
f 60/11/41 28/12/41 27/10/35
f 23/9/31 54/13/40 55/7/31
f 54/13/40 23/9/31 22/14/40
f 60/11/41 61/15/10 28/12/41
f 61/15/10 29/16/10 28/12/41
f 54/13/40 22/14/40 53/17/9
f 22/14/40 21/18/9 53/17/9
f 21/18/9 52/19/36 53/17/9
f 61/15/10 62/20/32 29/16/10
f 21/18/9 20/21/36 52/19/36
f 62/20/32 30/22/32 29/16/10
f 62/20/32 63/23/23 30/22/32
f 52/19/36 20/21/36 51/24/25
f 20/21/36 19/25/25 51/24/25
f 30/22/32 63/23/23 31/26/23
f 19/25/25 50/27/34 51/24/25
f 31/26/23 63/23/23 32/28/24
f 19/25/25 18/29/34 50/27/34
f 32/28/24 63/23/23 64/30/24
f 18/29/34 49/31/15 50/27/34
f 49/31/15 18/29/34 17/32/15
f 32/28/24 64/30/24 33/33/18
f 33/33/18 1/34/18 32/28/24
f 33/33/18 34/35/33 1/34/18
f 49/31/15 17/32/15 48/36/37
f 48/36/37 17/32/15 16/37/37
f 1/34/18 34/35/33 2/38/33
f 2/38/33 34/35/33 35/39/30
f 2/38/33 35/39/30 3/40/30
f 48/36/37 16/37/37 47/41/26
f 16/42/37 15/43/26 47/44/26
f 15/43/26 46/45/42 47/44/26
f 3/40/30 35/39/30 36/46/29
f 15/43/26 14/47/42 46/45/42
f 3/40/30 36/46/29 4/48/29
f 46/45/42 14/47/42 45/49/2
f 4/48/29 36/46/29 37/50/7
f 4/48/29 37/50/7 5/51/7
f 45/49/2 14/47/42 13/52/2
f 5/51/7 37/50/7 38/53/44
f 45/49/2 13/52/2 44/54/43
f 5/51/7 38/53/44 6/55/44
f 44/54/43 13/52/2 12/56/43
f 6/55/44 38/53/44 39/57/28
f 44/54/43 12/56/43 43/58/27
f 6/55/44 39/57/28 7/59/28
f 43/58/27 12/56/43 11/60/27
f 7/59/28 39/57/28 40/61/46
f 43/58/27 11/60/27 42/62/45
f 42/62/45 11/60/27 10/63/45
f 7/59/28 40/61/46 8/64/46
f 42/62/45 10/63/45 41/65/14
f 8/64/46 40/61/46 41/65/14
f 41/65/14 10/63/45 9/66/14
f 8/64/46 41/65/14 9/66/14
f 493/67/63 516/68/64 517/69/63
f 499/70/65 524/71/66 500/72/66
f 490/73/67 503/74/68 514/75/67
f 496/76/69 521/77/70 497/78/70
f 493/67/63 518/79/71 494/80/71
f 489/81/68 524/71/66 503/74/68
f 490/82/67 515/83/72 491/84/72
f 497/78/70 522/85/73 498/86/73
f 495/87/74 518/79/71 519/88/74
f 491/89/72 516/68/64 492/90/64
f 498/86/73 523/91/65 499/70/65
f 495/87/74 520/92/69 496/76/69
f 163/93/60 141/94/75 164/95/60
f 159/96/76 162/97/59 160/98/76
f 155/99/57 158/100/77 156/101/57
f 159/102/78 619/103/79 157/104/78
f 151/105/80 154/106/56 152/107/80
f 147/108/54 150/109/81 148/110/54
f 143/111/82 146/112/53 144/113/82
f 185/114/2 188/115/83 186/116/83
f 181/117/8 184/118/84 182/119/84
f 177/120/12 180/121/85 178/122/85
f 174/123/86 175/124/10 176/125/86
f 169/126/6 172/127/87 170/128/87
f 165/129/88 167/130/4 168/131/88
f 483/132/89 176/133/86 486/134/89
f 467/135/90 184/136/84 470/137/90
f 161/138/91 608/139/92 611/140/92
f 615/141/5 184/136/5 183/142/5
f 155/143/93 627/144/94 153/145/93
f 147/146/95 601/147/96 145/148/95
f 152/149/97 482/150/98 487/151/98
f 158/152/99 471/153/100 160/154/99
f 604/155/5 170/156/5 455/157/5
f 591/158/3 441/159/3 442/160/3
f 590/161/3 442/160/3 443/162/3
f 597/163/101 169/126/102 604/164/101
f 592/165/103 167/130/104 166/166/104
f 141/167/105 447/168/106 144/169/105
f 443/162/107 445/170/108 448/171/107
f 597/163/13 172/172/13 171/173/13
f 598/174/13 452/175/13 597/176/13
f 603/177/5 455/157/5 456/178/5
f 605/179/109 185/114/110 610/180/109
f 599/181/111 603/182/112 602/183/111
f 455/157/113 172/172/87 452/175/113
f 148/184/114 454/185/115 449/186/115
f 450/187/116 456/178/150 451/188/150
f 610/189/9 186/190/9 463/191/9
f 611/192/9 461/193/9 462/194/9
f 608/195/7 458/196/7 607/197/7
f 606/198/7 460/199/7 605/200/7
f 612/201/117 606/202/118 609/203/118
f 463/191/119 188/204/83 460/199/119
f 162/205/120 457/206/121 164/207/120
f 461/193/122 459/208/123 458/196/122
f 613/209/125 617/210/124 620/211/125
f 465/212/126 469/213/127 472/214/126
f 616/215/5 470/137/5 615/216/5
f 615/141/128 181/117/129 618/217/128
f 621/218/130 177/120/131 626/219/130
f 617/220/13 467/135/13 468/221/13
f 626/222/11 178/223/11 479/224/11
f 625/225/11 479/224/11 480/226/11
f 621/218/3 180/227/3 179/228/3
f 622/229/3 476/230/3 621/231/3
f 623/232/132 625/233/151 628/234/132
f 479/224/133 180/227/85 476/230/133
f 156/235/152 478/236/134 473/237/134
f 474/238/135 480/226/137 475/239/136
f 632/240/7 174/241/7 483/132/7
f 631/242/7 483/132/7 484/243/7
f 481/244/138 485/245/139 488/246/138
f 632/247/140 175/124/141 173/248/141
f 151/249/142 629/250/143 149/251/153
f 630/252/144 636/253/145 631/254/145
f 300/255/19 142/256/75 163/93/60
f 299/257/19 277/258/14 300/259/19
f 298/260/52 163/93/60 161/261/59
f 297/262/52 300/259/19 298/263/52
f 296/264/51 161/261/59 159/96/76
f 287/265/6 306/266/6 288/267/6
f 294/268/58 159/96/76 157/269/77
f 293/270/58 296/271/51 294/272/58
f 292/273/20 157/269/77 155/99/57
f 291/274/20 294/272/58 292/275/20
f 290/276/50 155/99/57 153/277/56
f 289/278/50 292/275/20 290/279/50
f 288/280/49 153/277/56 151/105/80
f 281/281/17 301/282/17 279/283/17
f 149/284/81 288/280/49 151/105/80
f 286/285/55 287/286/49 288/287/49
f 284/288/18 149/284/81 147/108/54
f 284/289/18 285/290/55 286/285/55
f 282/291/48 147/108/54 145/292/53
f 281/293/48 284/289/18 282/294/48
f 280/295/47 145/292/53 143/111/82
f 298/296/4 311/297/4 297/298/4
f 277/299/14 143/300/82 142/256/75
f 278/301/14 280/302/47 277/299/14
f 309/303/3 312/304/3 310/305/3
f 305/306/13 308/307/13 306/308/13
f 301/282/7 304/309/7 302/310/7
f 298/296/1 310/311/1 312/312/1
f 282/313/10 303/314/10 281/315/10
f 295/316/17 311/317/17 309/303/17
f 290/318/1 306/266/1 308/319/1
f 295/316/12 310/311/12 296/320/12
f 290/318/8 307/321/8 289/322/8
f 289/322/17 305/306/17 287/323/17
f 279/283/2 302/324/2 280/325/2
f 280/325/1 304/326/1 282/313/1
f 589/327/3 443/162/3 444/328/3
f 599/181/13 451/188/13 598/329/13
f 600/330/13 450/187/13 599/331/13
f 602/332/5 456/178/5 453/333/5
f 601/334/5 453/333/5 454/335/5
f 607/336/7 459/208/7 606/202/7
f 612/337/9 464/338/9 461/193/9
f 609/339/9 463/191/9 464/338/9
f 620/340/13 468/221/13 465/212/13
f 619/341/13 465/212/13 466/342/13
f 613/209/5 469/213/5 616/343/5
f 614/344/5 472/214/5 613/345/5
f 623/232/3 475/239/3 622/346/3
f 624/347/3 474/238/3 623/348/3
f 628/349/11 480/226/11 477/350/11
f 627/351/11 477/350/11 478/236/11
f 630/352/7 484/243/7 481/244/7
f 629/353/7 481/244/7 482/150/7
f 443/162/107 447/168/106 444/328/106
f 446/354/146 442/160/108 441/159/146
f 450/187/116 454/335/115 453/333/116
f 452/175/113 456/178/150 455/157/113
f 458/196/122 462/194/121 461/193/122
f 460/199/119 464/338/123 463/191/119
f 472/214/126 466/342/100 465/212/126
f 470/137/90 468/221/127 467/135/90
f 474/238/135 478/236/134 477/350/135
f 479/224/133 475/239/136 480/226/137
f 488/246/138 482/150/98 481/244/138
f 486/134/89 484/243/139 483/132/89
f 441/159/146 168/355/88 446/354/146
f 500/356/19 278/301/14 299/357/19
f 499/358/62 299/357/19 297/359/52
f 498/360/15 297/359/52 295/361/51
f 497/362/58 295/361/51 293/363/58
f 496/364/20 293/363/58 291/365/20
f 495/366/16 291/365/20 289/367/50
f 494/368/22 289/367/50 287/369/49
f 285/370/55 494/368/22 287/369/49
f 492/371/18 285/370/55 283/372/18
f 491/84/61 283/372/18 281/373/48
f 490/82/21 281/373/48 279/374/47
f 489/375/14 279/376/47 278/301/14
f 9/377/1 527/378/1 556/379/1
f 23/380/1 555/381/1 22/382/1
f 8/383/1 556/379/1 554/384/1
f 22/382/1 553/385/1 21/386/1
f 7/387/1 554/384/1 552/388/1
f 21/386/1 551/389/1 20/390/1
f 6/391/1 552/388/1 550/392/1
f 19/393/1 551/389/1 549/394/1
f 32/395/1 537/396/1 548/397/1
f 5/398/1 550/392/1 547/399/1
f 19/393/1 546/400/1 18/401/1
f 31/402/1 548/397/1 545/403/1
f 4/404/1 547/399/1 544/405/1
f 18/401/1 543/406/1 17/407/1
f 31/402/1 542/408/1 30/409/1
f 3/410/1 544/405/1 541/411/1
f 17/407/1 540/412/1 16/413/1
f 30/409/1 539/414/1 29/415/1
f 2/416/1 541/411/1 538/417/1
f 16/413/1 536/418/1 15/419/1
f 29/415/1 535/420/1 28/421/1
f 2/416/1 537/396/1 1/422/1
f 14/423/1 536/418/1 534/424/1
f 28/421/1 533/425/1 27/426/1
f 13/427/1 534/424/1 532/428/1
f 27/426/1 531/429/1 26/430/1
f 12/431/1 532/428/1 530/432/1
f 26/430/1 529/433/1 25/434/1
f 11/435/1 530/432/1 528/436/1
f 25/434/1 526/437/1 24/438/1
f 10/439/1 528/436/1 527/378/1
f 24/438/1 525/440/1 23/380/1
f 34/441/17 588/442/17 557/443/17
f 35/444/17 557/443/17 558/445/17
f 35/444/17 559/446/17 36/447/17
f 36/447/17 560/448/17 37/449/17
f 37/449/17 561/450/17 38/451/17
f 38/451/17 562/452/17 39/453/17
f 39/453/17 563/454/17 40/455/17
f 40/455/17 564/456/17 41/457/17
f 41/457/17 565/458/17 42/459/17
f 42/459/17 566/460/17 43/461/17
f 43/461/17 567/462/17 44/463/17
f 44/463/17 568/464/17 45/465/17
f 45/465/17 569/466/17 46/467/17
f 46/467/17 570/468/17 47/469/17
f 47/469/17 571/470/17 48/471/17
f 48/471/17 572/472/17 49/473/17
f 49/473/17 573/474/17 50/475/17
f 50/475/17 574/476/17 51/477/17
f 51/477/17 575/478/17 52/479/17
f 53/480/17 575/478/17 576/481/17
f 54/482/17 576/481/17 577/483/17
f 55/484/17 577/483/17 578/485/17
f 56/486/17 578/485/17 579/487/17
f 57/488/17 579/487/17 580/489/17
f 58/490/17 580/489/17 581/491/17
f 59/492/17 581/491/17 582/493/17
f 60/494/17 582/493/17 583/495/17
f 61/496/17 583/495/17 584/497/17
f 62/498/17 584/497/17 585/499/17
f 63/500/17 585/499/17 586/501/17
f 64/502/17 586/501/17 587/503/17
f 33/504/17 587/503/17 588/442/17
f 589/327/3 141/167/3 142/505/3
f 144/169/11 594/506/11 143/507/11
f 148/508/13 600/509/13 147/146/13
f 146/510/5 601/511/5 454/335/5
f 592/512/3 165/513/3 441/159/3
f 164/207/7 608/139/7 163/514/7
f 162/205/9 611/515/9 462/194/9
f 160/154/5 614/516/5 159/102/5
f 158/152/13 619/517/13 466/342/13
f 156/235/3 624/518/3 155/143/3
f 154/519/11 627/520/11 478/236/11
f 150/521/7 629/522/7 482/150/7
f 152/149/9 634/523/9 151/249/9
f 592/524/103 596/525/154 595/526/103
f 602/527/111 600/330/96 599/331/111
f 604/528/101 598/174/112 597/176/101
f 612/529/117 608/195/92 607/197/117
f 610/530/109 606/198/118 605/200/109
f 613/345/125 619/531/79 614/344/79
f 618/532/128 616/215/124 615/216/128
f 628/533/132 624/347/94 623/348/132
f 621/231/130 625/534/151 622/229/151
f 633/535/144 629/536/143 634/537/143
f 635/538/140 631/539/145 636/540/145
f 143/507/147 589/541/148 142/542/147
f 605/179/7 188/204/7 187/543/7
f 594/544/11 448/171/11 593/545/11
f 593/546/11 445/170/11 596/547/11
f 596/525/11 446/354/11 595/526/11
f 595/548/11 168/355/11 167/130/11
f 618/549/13 182/550/13 467/135/13
f 594/544/148 590/551/149 589/552/148
f 591/553/154 593/546/149 596/547/154
f 634/537/9 488/246/9 633/535/9
f 633/554/9 485/245/9 636/253/9
f 636/540/9 486/134/9 635/538/9
f 635/555/9 176/133/9 175/124/9
f 493/67/63 492/90/64 516/68/64
f 499/70/65 523/91/65 524/71/66
f 490/73/67 489/81/68 503/74/68
f 496/76/69 520/92/69 521/77/70
f 493/67/63 517/69/63 518/79/71
f 489/81/68 500/72/66 524/71/66
f 490/82/67 514/556/67 515/83/72
f 497/78/70 521/77/70 522/85/73
f 495/87/74 494/80/71 518/79/71
f 491/89/72 515/557/72 516/68/64
f 498/86/73 522/85/73 523/91/65
f 495/87/74 519/88/74 520/92/69
f 163/93/60 142/256/75 141/94/75
f 159/96/76 161/261/59 162/97/59
f 155/99/57 157/269/77 158/100/77
f 159/102/78 614/516/79 619/103/79
f 151/105/80 153/277/56 154/106/56
f 147/108/54 149/284/81 150/109/81
f 143/111/82 145/292/53 146/112/53
f 185/114/2 187/543/2 188/115/83
f 181/117/8 183/142/8 184/118/84
f 177/120/12 179/228/12 180/121/85
f 174/123/86 173/248/10 175/124/10
f 169/126/6 171/173/6 172/127/87
f 165/129/88 166/166/4 167/130/4
f 483/132/89 174/241/86 176/133/86
f 467/135/90 182/550/84 184/136/84
f 161/138/91 163/514/155 608/139/92
f 615/141/5 470/137/5 184/136/5
f 155/143/93 624/518/94 627/144/94
f 147/146/95 600/509/96 601/147/96
f 152/149/97 150/521/97 482/150/98
f 158/152/99 466/342/100 471/153/100
f 604/155/5 169/558/5 170/156/5
f 591/158/3 592/559/3 441/159/3
f 590/161/3 591/560/3 442/160/3
f 597/163/101 171/173/102 169/126/102
f 592/165/103 595/548/103 167/130/104
f 141/167/105 444/328/106 447/168/106
f 443/162/107 442/160/108 445/170/108
f 597/163/13 452/175/13 172/172/13
f 598/174/13 451/188/13 452/175/13
f 603/177/5 604/561/5 455/157/5
f 605/179/109 187/543/110 185/114/110
f 599/181/111 598/329/112 603/182/112
f 455/157/113 170/156/87 172/172/87
f 148/184/114 146/562/114 454/185/115
f 450/187/116 453/333/116 456/178/150
f 610/189/9 185/563/9 186/190/9
f 611/192/9 612/564/9 461/193/9
f 608/195/7 457/206/7 458/196/7
f 606/198/7 459/208/7 460/199/7
f 612/201/117 607/336/117 606/202/118
f 463/191/119 186/190/83 188/204/83
f 162/205/120 462/194/121 457/206/121
f 461/193/122 464/338/123 459/208/123
f 613/209/125 616/343/124 617/210/124
f 465/212/126 468/221/127 469/213/127
f 616/215/5 469/213/5 470/137/5
f 615/141/128 183/142/129 181/117/129
f 621/218/130 179/228/131 177/120/131
f 617/220/13 618/565/13 467/135/13
f 626/222/11 177/566/11 178/223/11
f 625/225/11 626/567/11 479/224/11
f 621/218/3 476/230/3 180/227/3
f 622/229/3 475/239/3 476/230/3
f 623/232/132 622/346/151 625/233/151
f 479/224/133 178/223/85 180/227/85
f 156/235/152 154/519/152 478/236/134
f 474/238/135 477/350/135 480/226/137
f 632/240/7 173/568/7 174/241/7
f 631/242/7 632/569/7 483/132/7
f 481/244/138 484/243/139 485/245/139
f 632/247/140 635/555/140 175/124/141
f 151/249/142 634/523/143 629/250/143
f 630/252/144 633/554/144 636/253/145
f 300/255/19 277/299/14 142/256/75
f 299/257/19 278/570/14 277/258/14
f 298/260/52 300/255/19 163/93/60
f 297/262/52 299/257/19 300/259/19
f 296/264/51 298/260/52 161/261/59
f 287/265/6 305/571/6 306/266/6
f 294/268/58 296/264/51 159/96/76
f 293/270/58 295/572/51 296/271/51
f 292/273/20 294/268/58 157/269/77
f 291/274/20 293/270/58 294/272/58
f 290/276/50 292/273/20 155/99/57
f 289/278/50 291/274/20 292/275/20
f 288/280/49 290/276/50 153/277/56
f 281/281/17 303/573/17 301/282/17
f 149/284/81 286/574/55 288/280/49
f 286/285/55 285/290/55 287/286/49
f 284/288/18 286/574/55 149/284/81
f 284/289/18 283/575/18 285/290/55
f 282/291/48 284/288/18 147/108/54
f 281/293/48 283/575/18 284/289/18
f 280/295/47 282/291/48 145/292/53
f 298/296/4 312/312/4 311/297/4
f 277/299/14 280/302/47 143/300/82
f 278/301/14 279/376/47 280/302/47
f 309/303/3 311/317/3 312/304/3
f 305/306/13 307/321/13 308/307/13
f 301/282/7 303/573/7 304/309/7
f 298/296/1 296/320/1 310/311/1
f 282/313/10 304/326/10 303/314/10
f 295/316/17 297/576/17 311/317/17
f 290/318/1 288/267/1 306/266/1
f 295/316/12 309/303/12 310/311/12
f 290/318/8 308/319/8 307/321/8
f 289/322/17 307/321/17 305/306/17
f 279/283/2 301/282/2 302/324/2
f 280/325/1 302/324/1 304/326/1
f 589/327/3 590/577/3 443/162/3
f 599/181/13 450/187/13 451/188/13
f 600/330/13 449/578/13 450/187/13
f 602/332/5 603/579/5 456/178/5
f 601/334/5 602/580/5 453/333/5
f 607/336/7 458/196/7 459/208/7
f 612/337/9 609/581/9 464/338/9
f 609/339/9 610/582/9 463/191/9
f 620/340/13 617/583/13 468/221/13
f 619/341/13 620/584/13 465/212/13
f 613/209/5 472/214/5 469/213/5
f 614/344/5 471/153/5 472/214/5
f 623/232/3 474/238/3 475/239/3
f 624/347/3 473/237/3 474/238/3
f 628/349/11 625/585/11 480/226/11
f 627/351/11 628/586/11 477/350/11
f 630/352/7 631/587/7 484/243/7
f 629/353/7 630/588/7 481/244/7
f 443/162/107 448/171/107 447/168/106
f 446/354/146 445/170/108 442/160/108
f 450/187/116 449/578/115 454/335/115
f 452/175/113 451/188/150 456/178/150
f 458/196/122 457/206/121 462/194/121
f 460/199/119 459/208/123 464/338/123
f 472/214/126 471/153/100 466/342/100
f 470/137/90 469/213/127 468/221/127
f 474/238/135 473/237/134 478/236/134
f 479/224/133 476/230/133 475/239/136
f 488/246/138 487/151/98 482/150/98
f 486/134/89 485/245/139 484/243/139
f 441/159/146 165/513/88 168/355/88
f 500/356/19 489/375/14 278/301/14
f 499/358/62 500/356/19 299/357/19
f 498/360/15 499/358/62 297/359/52
f 497/362/58 498/360/15 295/361/51
f 496/364/20 497/362/58 293/363/58
f 495/366/16 496/364/20 291/365/20
f 494/368/22 495/366/16 289/367/50
f 285/370/55 493/589/55 494/368/22
f 492/371/18 493/589/55 285/370/55
f 491/84/61 492/371/18 283/372/18
f 490/82/21 491/84/61 281/373/48
f 489/375/14 490/590/21 279/376/47
f 9/377/1 10/439/1 527/378/1
f 23/380/1 525/440/1 555/381/1
f 8/383/1 9/377/1 556/379/1
f 22/382/1 555/381/1 553/385/1
f 7/387/1 8/383/1 554/384/1
f 21/386/1 553/385/1 551/389/1
f 6/391/1 7/387/1 552/388/1
f 19/393/1 20/390/1 551/389/1
f 32/395/1 1/422/1 537/396/1
f 5/398/1 6/391/1 550/392/1
f 19/393/1 549/394/1 546/400/1
f 31/402/1 32/395/1 548/397/1
f 4/404/1 5/398/1 547/399/1
f 18/401/1 546/400/1 543/406/1
f 31/402/1 545/403/1 542/408/1
f 3/410/1 4/404/1 544/405/1
f 17/407/1 543/406/1 540/412/1
f 30/409/1 542/408/1 539/414/1
f 2/416/1 3/410/1 541/411/1
f 16/413/1 540/412/1 536/418/1
f 29/415/1 539/414/1 535/420/1
f 2/416/1 538/417/1 537/396/1
f 14/423/1 15/419/1 536/418/1
f 28/421/1 535/420/1 533/425/1
f 13/427/1 14/423/1 534/424/1
f 27/426/1 533/425/1 531/429/1
f 12/431/1 13/427/1 532/428/1
f 26/430/1 531/429/1 529/433/1
f 11/435/1 12/431/1 530/432/1
f 25/434/1 529/433/1 526/437/1
f 10/439/1 11/435/1 528/436/1
f 24/438/1 526/437/1 525/440/1
f 34/441/17 33/504/17 588/442/17
f 35/444/17 34/441/17 557/443/17
f 35/444/17 558/445/17 559/446/17
f 36/447/17 559/446/17 560/448/17
f 37/449/17 560/448/17 561/450/17
f 38/451/17 561/450/17 562/452/17
f 39/453/17 562/452/17 563/454/17
f 40/455/17 563/454/17 564/456/17
f 41/457/17 564/456/17 565/458/17
f 42/459/17 565/458/17 566/460/17
f 43/461/17 566/460/17 567/462/17
f 44/463/17 567/462/17 568/464/17
f 45/465/17 568/464/17 569/466/17
f 46/467/17 569/466/17 570/468/17
f 47/469/17 570/468/17 571/470/17
f 48/471/17 571/470/17 572/472/17
f 49/473/17 572/472/17 573/474/17
f 50/475/17 573/474/17 574/476/17
f 51/477/17 574/476/17 575/478/17
f 53/480/17 52/479/17 575/478/17
f 54/482/17 53/480/17 576/481/17
f 55/484/17 54/482/17 577/483/17
f 56/486/17 55/484/17 578/485/17
f 57/488/17 56/486/17 579/487/17
f 58/490/17 57/488/17 580/489/17
f 59/492/17 58/490/17 581/491/17
f 60/494/17 59/492/17 582/493/17
f 61/496/17 60/494/17 583/495/17
f 62/498/17 61/496/17 584/497/17
f 63/500/17 62/498/17 585/499/17
f 64/502/17 63/500/17 586/501/17
f 33/504/17 64/502/17 587/503/17
f 589/327/3 444/328/3 141/167/3
f 144/169/11 447/168/11 594/506/11
f 148/508/13 449/578/13 600/509/13
f 146/510/5 145/591/5 601/511/5
f 592/512/3 166/592/3 165/513/3
f 164/207/7 457/206/7 608/139/7
f 162/205/9 161/593/9 611/515/9
f 160/154/5 471/153/5 614/516/5
f 158/152/13 157/594/13 619/517/13
f 156/235/3 473/237/3 624/518/3
f 154/519/11 153/595/11 627/520/11
f 150/521/7 149/596/7 629/522/7
f 152/149/9 487/151/9 634/523/9
f 592/524/103 591/597/154 596/525/154
f 602/527/111 601/598/96 600/330/96
f 604/528/101 603/599/112 598/174/112
f 612/529/117 611/600/92 608/195/92
f 610/530/109 609/601/118 606/198/118
f 613/345/125 620/602/125 619/531/79
f 618/532/128 617/603/124 616/215/124
f 628/533/132 627/604/94 624/347/94
f 621/231/130 626/605/130 625/534/151
f 633/535/144 630/606/144 629/536/143
f 635/538/140 632/607/140 631/539/145
f 143/507/147 594/506/148 589/541/148
f 605/179/7 460/199/7 188/204/7
f 594/544/11 447/168/11 448/171/11
f 593/546/11 448/171/11 445/170/11
f 596/525/11 445/170/11 446/354/11
f 595/548/11 446/354/11 168/355/11
f 618/549/13 181/608/13 182/550/13
f 594/544/148 593/545/149 590/551/149
f 591/553/154 590/609/149 593/546/149
f 634/537/9 487/151/9 488/246/9
f 633/554/9 488/246/9 485/245/9
f 636/540/9 485/245/9 486/134/9
f 635/555/9 486/134/9 176/133/9
usemtl SpacialRoverExploreralumGrayDeep
f 136/610/21 207/611/14 135/612/14
f 164/95/60 189/613/14 200/614/19
f 199/615/62 164/95/60 200/614/19
f 160/98/76 199/615/62 198/616/15
f 158/100/77 198/616/15 197/617/58
f 156/101/57 197/617/58 196/618/20
f 154/106/56 196/618/20 195/619/16
f 152/107/80 195/619/16 194/620/22
f 193/621/55 152/107/80 194/620/22
f 192/622/18 150/109/81 193/621/55
f 146/112/53 192/622/18 191/623/61
f 144/113/82 191/623/61 190/624/21
f 141/94/75 190/625/21 189/613/14
f 129/626/1 190/627/1 130/628/1
f 130/628/1 191/629/1 131/630/1
f 131/630/1 192/631/1 132/632/1
f 133/633/1 192/631/1 193/634/1
f 133/633/1 194/635/1 134/636/1
f 135/637/1 194/635/1 195/638/1
f 135/637/1 196/639/1 136/640/1
f 137/641/1 196/639/1 197/642/1
f 137/641/1 198/643/1 138/644/1
f 138/644/1 199/645/1 139/646/1
f 139/646/1 200/647/1 140/648/1
f 129/626/1 200/647/1 189/649/1
f 204/650/1 208/651/1 212/652/1
f 133/653/62 204/654/15 132/655/15
f 140/656/22 211/657/55 139/658/55
f 130/659/20 201/660/16 129/661/16
f 137/662/61 208/663/21 136/610/21
f 133/653/62 206/664/19 205/665/62
f 129/661/16 212/666/22 140/656/22
f 131/667/58 202/668/20 130/669/20
f 138/670/18 209/671/61 137/662/61
f 135/612/14 206/664/19 134/672/19
f 132/655/15 203/673/58 131/667/58
f 139/658/55 210/674/18 138/670/18
f 502/675/14 514/676/21 503/677/14
f 501/678/21 515/83/61 514/556/21
f 504/679/61 516/680/18 515/83/61
f 505/681/18 517/682/55 516/680/18
f 517/682/55 507/683/22 518/684/22
f 507/683/22 519/685/16 518/684/22
f 508/686/16 520/687/20 519/685/16
f 509/688/20 521/689/58 520/687/20
f 510/690/58 522/691/15 521/689/58
f 511/692/15 523/693/62 522/691/15
f 512/694/17 508/695/17 504/679/17
f 512/696/62 524/697/19 523/693/62
f 513/698/19 503/677/14 524/697/19
f 136/610/21 208/663/21 207/611/14
f 164/95/60 141/94/75 189/613/14
f 199/615/62 162/97/59 164/95/60
f 160/98/76 162/97/59 199/615/62
f 158/100/77 160/98/76 198/616/15
f 156/101/57 158/100/77 197/617/58
f 154/106/56 156/101/57 196/618/20
f 152/107/80 154/106/56 195/619/16
f 193/621/55 150/109/81 152/107/80
f 192/622/18 148/110/54 150/109/81
f 146/112/53 148/110/54 192/622/18
f 144/113/82 146/112/53 191/623/61
f 141/94/75 144/699/82 190/625/21
f 129/626/1 189/649/1 190/627/1
f 130/628/1 190/627/1 191/629/1
f 131/630/1 191/629/1 192/631/1
f 133/633/1 132/632/1 192/631/1
f 133/633/1 193/634/1 194/635/1
f 135/637/1 134/636/1 194/635/1
f 135/637/1 195/638/1 196/639/1
f 137/641/1 136/640/1 196/639/1
f 137/641/1 197/642/1 198/643/1
f 138/644/1 198/643/1 199/645/1
f 139/646/1 199/645/1 200/647/1
f 129/626/1 140/648/1 200/647/1
f 212/652/1 201/700/1 202/701/1
f 202/701/1 203/702/1 204/650/1
f 204/650/1 205/703/1 206/704/1
f 206/704/1 207/705/1 208/651/1
f 208/651/1 209/706/1 210/707/1
f 210/707/1 211/708/1 212/652/1
f 212/652/1 202/701/1 204/650/1
f 204/650/1 206/704/1 208/651/1
f 208/651/1 210/707/1 212/652/1
f 133/653/62 205/665/62 204/654/15
f 140/656/22 212/666/22 211/657/55
f 130/659/20 202/709/20 201/660/16
f 137/662/61 209/671/61 208/663/21
f 133/653/62 134/672/19 206/664/19
f 129/661/16 201/660/16 212/666/22
f 131/667/58 203/673/58 202/668/20
f 138/670/18 210/674/18 209/671/61
f 135/612/14 207/611/14 206/664/19
f 132/655/15 204/654/15 203/673/58
f 139/658/55 211/657/55 210/674/18
f 502/675/14 501/710/21 514/676/21
f 501/678/21 504/679/61 515/83/61
f 504/679/61 505/681/18 516/680/18
f 505/681/18 506/711/55 517/682/55
f 517/682/55 506/711/55 507/683/22
f 507/683/22 508/686/16 519/685/16
f 508/686/16 509/688/20 520/687/20
f 509/688/20 510/690/58 521/689/58
f 510/690/58 511/692/15 522/691/15
f 511/692/15 512/696/62 523/693/62
f 504/679/17 501/678/17 502/712/17
f 502/712/17 513/713/17 512/694/17
f 512/694/17 511/714/17 510/715/17
f 510/715/17 509/716/17 508/695/17
f 508/695/17 507/717/17 506/718/17
f 506/718/17 505/719/17 504/679/17
f 504/679/17 502/712/17 512/694/17
f 512/694/17 510/715/17 508/695/17
f 508/695/17 506/718/17 504/679/17
f 512/696/62 513/698/19 524/697/19
f 513/698/19 502/675/14 503/677/14
usemtl SpacialRoverExplorerwheels
f 588/720/17 96/721/168 66/722/169
f 587/723/17 95/724/170 96/721/168
f 586/725/17 94/726/171 95/724/170
f 585/727/17 93/728/615 94/726/171
f 584/729/17 92/730/172 93/728/615
f 583/731/17 91/732/173 92/730/172
f 582/733/17 90/734/174 91/732/173
f 581/735/17 89/736/174 90/734/174
f 580/737/17 88/738/175 89/736/174
f 579/739/17 87/740/616 88/738/175
f 578/741/17 86/742/176 87/740/616
f 577/743/17 85/744/177 86/742/176
f 576/745/17 84/746/178 85/747/177
f 574/748/17 84/746/178 575/749/17
f 573/750/17 83/751/178 574/748/17
f 572/752/17 82/753/179 573/750/17
f 571/754/17 81/755/179 572/752/17
f 570/756/17 80/757/180 571/754/17
f 569/758/17 79/759/180 570/756/17
f 568/760/17 78/761/181 569/758/17
f 567/762/17 77/763/181 568/760/17
f 566/764/17 76/765/182 567/762/17
f 565/766/17 75/767/183 566/764/17
f 564/768/17 74/769/184 565/766/17
f 563/770/17 73/771/185 564/768/17
f 562/772/17 72/773/186 563/770/17
f 561/774/17 71/775/187 562/772/17
f 560/776/17 70/777/188 561/774/17
f 559/778/17 69/779/188 560/780/17
f 559/778/17 67/781/189 68/782/190
f 558/783/17 65/784/169 67/781/189
f 557/785/17 66/722/169 65/784/169
f 526/786/1 119/787/191 525/788/1
f 527/789/1 107/790/192 106/791/193
f 529/792/1 120/793/191 526/786/1
f 528/794/1 108/795/194 107/790/192
f 531/796/1 121/797/195 529/792/1
f 530/798/1 109/799/617 108/795/194
f 533/800/1 122/801/195 531/796/1
f 532/802/1 110/803/196 109/799/617
f 535/804/1 123/805/197 533/800/1
f 534/806/1 111/807/198 110/803/196
f 538/808/1 97/809/199 537/810/1
f 539/811/1 124/812/200 535/804/1
f 536/813/1 112/814/198 111/807/198
f 541/815/1 98/816/199 538/808/1
f 542/817/1 125/818/201 539/811/1
f 543/819/1 112/814/198 540/820/1
f 544/821/1 99/822/202 541/815/1
f 545/823/1 126/824/203 542/817/1
f 546/825/1 113/826/204 543/819/1
f 547/827/1 100/828/202 544/821/1
f 548/829/1 127/830/205 545/823/1
f 549/831/1 114/832/206 546/825/1
f 547/833/1 102/834/207 101/835/207
f 537/810/1 128/836/208 548/829/1
f 551/837/1 115/838/209 549/831/1
f 550/839/1 103/840/210 102/834/207
f 553/841/1 116/842/209 551/837/1
f 552/843/1 104/844/211 103/840/210
f 555/845/1 117/846/212 553/847/1
f 554/848/1 105/849/213 104/844/211
f 525/788/1 118/850/212 555/845/1
f 556/851/1 106/791/193 105/849/213
f 214/852/214 123/805/215 216/853/216
f 218/854/217 127/830/218 220/855/219
f 220/855/220 412/856/221 219/857/222
f 224/858/223 125/818/224 222/859/225
f 271/860/226 314/861/618 438/862/227
f 219/857/222 313/863/228 95/724/229
f 86/742/176 323/864/231 324/865/230
f 270/866/232 437/867/233 405/868/232
f 127/830/205 375/869/234 376/870/234
f 238/871/235 117/872/236 232/873/237
f 234/874/238 119/787/239 228/875/240
f 230/876/241 121/797/242 226/877/243
f 218/854/244 411/878/245 379/879/246
f 269/880/233 342/881/247 437/867/233
f 112/814/248 240/882/249 246/883/250
f 114/832/251 236/884/252 242/885/253
f 217/886/254 316/887/619 411/878/245
f 88/738/175 321/888/255 322/889/255
f 108/795/256 248/890/257 254/891/258
f 110/803/259 244/892/260 250/893/261
f 268/894/262 436/895/263 267/896/264
f 125/818/201 373/897/265 374/898/265
f 216/853/266 410/899/267 215/900/268
f 267/896/264 341/901/269 67/781/269
f 100/828/270 264/902/271 270/866/272
f 102/834/273 260/903/274 266/904/275
f 104/844/276 256/905/277 262/906/278
f 106/791/279 252/907/280 258/908/281
f 272/909/282 97/809/283 274/910/284
f 215/900/268 317/911/285 91/732/620
f 276/912/286 99/822/287 268/894/621
f 90/734/174 319/913/288 320/914/288
f 266/904/289 435/915/290 403/916/291
f 123/805/197 371/917/292 372/918/292
f 65/784/293 267/896/294 67/781/293
f 275/919/295 268/894/621 267/896/294
f 214/852/296 409/920/297 377/921/298
f 265/922/299 340/923/300 435/915/290
f 96/721/301 273/924/302 66/722/301
f 271/860/303 274/910/284 273/924/302
f 257/925/304 75/767/305 74/769/305
f 258/908/281 251/926/306 257/925/304
f 261/927/307 73/771/308 72/773/308
f 262/906/278 255/928/309 261/927/307
f 265/922/310 71/775/311 70/777/311
f 266/904/275 259/929/312 265/922/310
f 269/880/313 69/779/314 68/782/314
f 270/866/272 263/930/315 269/880/313
f 213/931/622 320/914/623 409/920/297
f 92/730/172 317/911/316 318/932/316
f 264/933/317 434/934/318 263/935/319
f 121/797/195 369/936/320 370/937/320
f 276/912/489 345/938/321 98/816/624
f 263/935/319 339/939/322 69/940/323
f 274/910/324 346/941/325 407/942/324
f 94/726/171 315/943/326 316/887/326
f 249/944/327 79/759/328 78/761/328
f 250/893/261 243/945/329 249/944/327
f 253/946/330 77/763/625 76/765/625
f 254/891/258 247/947/331 253/946/330
f 262/906/332 433/948/333 401/949/332
f 119/787/191 367/950/334 368/951/334
f 272/909/335 375/869/336 128/836/337
f 261/927/338 338/952/626 433/948/333
f 241/953/339 83/751/340 82/753/340
f 242/885/253 235/954/341 241/953/339
f 245/955/342 81/755/343 80/757/343
f 246/883/250 239/956/344 245/955/342
f 270/866/232 347/957/345 100/828/345
f 96/721/168 313/863/346 314/861/346
f 260/903/347 432/958/348 259/929/349
f 117/846/212 365/959/350 366/960/350
f 88/738/351 225/961/352 89/736/351
f 229/962/353 226/877/243 225/961/352
f 86/742/627 227/963/355 87/740/354
f 233/964/356 228/875/240 227/963/355
f 84/746/357 231/965/358 85/747/357
f 237/966/359 232/873/237 231/965/358
f 268/894/262 348/967/360 404/968/262
f 259/929/349 337/969/361 71/775/362
f 266/904/289 349/970/363 102/834/364
f 258/908/365 431/971/366 399/972/367
f 115/838/209 363/973/368 364/974/368
f 264/933/317 350/975/628 402/976/317
f 257/925/369 336/977/370 431/971/366
f 262/906/332 351/978/371 104/844/372
f 256/905/163 430/979/164 255/928/161
f 114/832/206 362/980/373 113/826/204
f 92/730/374 221/981/375 93/728/374
f 223/982/376 222/859/225 221/981/375
f 260/903/347 352/983/629 400/984/347
f 255/928/161 335/985/377 73/771/162
f 94/726/378 219/857/379 95/724/378
f 217/886/380 220/855/219 219/857/379
f 90/734/381 215/900/382 91/732/381
f 213/931/383 216/853/216 215/900/382
f 381/986/384 373/897/385 379/879/386
f 378/987/387 371/917/388 382/988/389
f 383/989/390 369/936/391 377/921/392
f 384/990/393 367/950/394 385/991/395
f 386/992/396 365/959/397 387/993/398
f 388/994/399 363/973/400 389/995/399
f 362/980/401 391/996/402 390/997/403
f 360/998/404 393/999/405 392/1000/406
f 358/1001/407 395/1002/408 394/1003/409
f 356/1004/410 397/1005/411 396/1006/412
f 354/1007/413 399/972/414 398/1008/415
f 352/983/416 401/949/417 400/984/418
f 350/975/419 403/916/420 402/976/421
f 348/967/422 405/868/423 404/968/423
f 407/942/424 345/938/425 408/1009/426
f 380/1010/427 375/869/428 406/1011/429
f 313/863/430 438/862/431 314/861/430
f 412/856/432 406/1011/429 438/862/431
f 343/1012/433 440/1013/434 344/1014/433
f 439/1015/630 408/1009/426 440/1013/434
f 436/895/435 342/881/436 341/901/436
f 404/968/423 437/867/435 436/895/435
f 434/934/437 340/923/438 339/939/438
f 402/976/421 435/915/439 434/934/437
f 432/958/440 338/952/441 337/969/441
f 400/984/418 433/948/442 432/958/440
f 430/979/443 336/977/444 335/985/444
f 398/1008/415 431/971/445 430/979/443
f 428/1016/446 334/1017/447 333/1018/448
f 396/1006/412 429/1019/449 428/1016/446
f 426/1020/450 332/1021/451 331/1022/451
f 394/1003/409 427/1023/452 426/1020/450
f 424/1024/453 330/1025/454 329/1026/454
f 392/1000/406 425/1027/455 424/1024/453
f 422/1028/456 328/1029/631 327/1030/631
f 390/997/403 423/1031/457 422/1028/456
f 325/1032/458 421/1033/459 326/1034/458
f 388/994/399 421/1033/459 420/1035/459
f 323/864/460 419/1036/461 324/865/460
f 418/1037/462 387/993/398 419/1036/461
f 321/888/463 417/1038/464 322/889/463
f 416/1039/465 385/991/395 417/1038/464
f 319/913/466 409/920/467 320/914/466
f 415/1040/468 377/921/392 409/920/467
f 317/911/469 414/1041/470 318/932/469
f 410/899/471 382/988/389 414/1041/470
f 315/943/472 411/878/473 316/887/472
f 413/1042/474 379/879/386 411/878/473
f 272/909/335 438/862/227 406/1011/335
f 83/751/178 326/1034/475 84/746/178
f 221/981/476 315/943/477 93/728/478
f 273/924/479 343/1012/480 66/722/481
f 222/859/482 413/1042/632 221/981/476
f 274/910/324 439/1015/483 273/924/479
f 81/755/179 328/1029/633 82/753/179
f 223/982/634 318/932/635 414/1041/484
f 275/919/485 344/1014/486 440/1013/487
f 224/858/488 414/1041/484 382/988/488
f 276/912/489 440/1013/487 408/1009/489
f 79/759/180 330/1025/602 80/757/180
f 225/961/158 319/913/159 89/736/160
f 226/877/156 415/1040/157 225/961/158
f 77/763/181 332/1021/490 78/761/181
f 227/963/491 321/888/636 87/740/637
f 228/875/492 416/1039/493 227/963/491
f 75/767/183 334/1017/494 76/765/182
f 229/962/495 322/889/496 417/1038/497
f 230/876/498 417/1038/497 385/991/498
f 73/771/185 336/977/499 74/769/184
f 231/1043/500 323/864/501 85/744/502
f 232/1044/541 418/1037/503 231/1043/500
f 214/852/296 369/936/638 122/801/504
f 71/775/187 338/952/505 72/773/186
f 233/964/506 324/865/639 419/1036/507
f 216/853/266 372/918/640 378/987/508
f 234/874/509 419/1036/507 387/993/510
f 218/854/244 373/897/511 126/824/512
f 69/940/188 340/923/513 70/777/188
f 235/954/514 325/1032/641 83/751/515
f 220/855/220 376/870/516 380/1010/517
f 236/884/518 420/1035/514 235/954/514
f 222/859/482 374/898/519 381/986/520
f 68/782/190 341/901/521 342/881/522
f 237/966/523 326/1034/524 421/1033/523
f 224/858/488 371/917/525 124/812/526
f 238/871/527 421/1033/523 389/995/527
f 226/877/156 370/937/166 383/989/156
f 65/784/169 343/1012/528 344/1014/528
f 239/956/529 327/1030/530 81/755/531
f 228/875/492 368/951/532 384/990/533
f 97/809/199 345/938/535 346/941/534
f 240/882/536 422/1028/537 239/956/529
f 230/876/498 367/950/642 120/793/643
f 241/953/538 328/1029/539 423/1031/540
f 232/1044/541 366/960/644 386/992/541
f 100/828/202 348/967/609 99/822/202
f 242/885/542 423/1031/540 391/996/543
f 234/874/509 365/959/544 118/850/545
f 243/945/546 329/1026/645 79/759/646
f 236/884/518 364/974/547 388/994/548
f 102/834/207 350/975/549 101/835/207
f 244/892/550 424/1024/647 243/945/546
f 238/871/527 363/973/551 116/842/552
f 245/955/553 330/1025/554 425/1027/555
f 240/882/536 362/980/556 390/997/536
f 104/844/211 352/983/557 103/840/210
f 246/883/558 425/1027/555 393/999/558
f 242/885/542 361/1045/559 114/832/560
f 247/947/561 331/1022/562 77/763/563
f 244/892/550 360/998/564 392/1000/550
f 106/791/193 354/1007/565 105/849/213
f 248/890/566 426/1020/567 247/947/561
f 246/883/558 359/1046/568 112/814/569
f 249/944/570 332/1021/648 427/1023/571
f 248/890/566 358/1001/649 394/1003/572
f 108/795/194 356/1004/573 107/790/192
f 250/893/574 427/1023/571 395/1002/575
f 250/893/574 357/1047/650 110/803/576
f 251/926/577 333/1018/578 75/767/579
f 252/907/580 356/1004/651 396/1006/581
f 110/803/196 358/1001/652 109/799/617
f 252/907/580 428/1016/583 251/926/577
f 254/891/584 355/1048/585 108/795/653
f 253/946/586 334/1017/587 429/1019/588
f 256/905/163 354/1007/165 398/1008/163
f 112/814/198 360/998/654 111/807/198
f 254/891/584 429/1019/588 397/1005/590
f 258/908/365 353/1049/591 106/791/592
f 588/720/17 587/723/17 96/721/168
f 587/723/17 586/725/17 95/724/170
f 586/725/17 585/727/17 94/726/171
f 585/727/17 584/729/17 93/728/615
f 584/729/17 583/731/17 92/730/172
f 583/731/17 582/733/17 91/732/173
f 582/733/17 581/735/17 90/734/174
f 581/735/17 580/737/17 89/736/174
f 580/737/17 579/739/17 88/738/175
f 579/739/17 578/741/17 87/740/616
f 578/741/17 577/743/17 86/742/176
f 577/743/17 576/1050/17 85/744/177
f 576/745/17 575/749/17 84/746/178
f 574/748/17 83/751/178 84/746/178
f 573/750/17 82/753/179 83/751/178
f 572/752/17 81/755/179 82/753/179
f 571/754/17 80/757/180 81/755/179
f 570/756/17 79/759/180 80/757/180
f 569/758/17 78/761/181 79/759/180
f 568/760/17 77/763/181 78/761/181
f 567/762/17 76/765/182 77/763/181
f 566/764/17 75/767/183 76/765/182
f 565/766/17 74/769/184 75/767/183
f 564/768/17 73/771/185 74/769/184
f 563/770/17 72/773/186 73/771/185
f 562/772/17 71/775/187 72/773/186
f 561/774/17 70/777/188 71/775/187
f 560/776/17 69/940/188 70/777/188
f 559/778/17 68/782/190 69/779/188
f 559/778/17 558/783/17 67/781/189
f 558/783/17 557/785/17 65/784/169
f 557/785/17 588/720/17 66/722/169
f 526/786/1 120/793/191 119/787/191
f 527/789/1 528/794/1 107/790/192
f 529/792/1 121/797/195 120/793/191
f 528/794/1 530/798/1 108/795/194
f 531/796/1 122/801/195 121/797/195
f 530/798/1 532/802/1 109/799/617
f 533/800/1 123/805/197 122/801/195
f 532/802/1 534/806/1 110/803/196
f 535/804/1 124/812/200 123/805/197
f 534/806/1 536/813/1 111/807/198
f 538/808/1 98/816/199 97/809/199
f 539/811/1 125/818/201 124/812/200
f 536/813/1 540/820/1 112/814/198
f 541/815/1 99/822/202 98/816/199
f 542/817/1 126/824/203 125/818/201
f 543/819/1 113/826/204 112/814/198
f 544/821/1 100/828/202 99/822/202
f 545/823/1 127/830/205 126/824/203
f 546/825/1 114/832/206 113/826/204
f 547/827/1 101/1051/207 100/828/202
f 548/829/1 128/836/208 127/830/205
f 549/831/1 115/838/209 114/832/206
f 547/833/1 550/839/1 102/834/207
f 537/810/1 97/809/199 128/836/208
f 551/837/1 116/842/209 115/838/209
f 550/839/1 552/843/1 103/840/210
f 553/841/1 117/872/212 116/842/209
f 552/843/1 554/848/1 104/844/211
f 555/845/1 118/850/212 117/846/212
f 554/848/1 556/851/1 105/849/213
f 525/788/1 119/787/191 118/850/212
f 556/851/1 527/789/1 106/791/193
f 214/852/214 122/801/215 123/805/215
f 218/854/217 126/824/218 127/830/218
f 220/855/220 380/1010/517 412/856/221
f 224/858/223 124/812/224 125/818/224
f 271/860/226 96/721/593 314/861/618
f 219/857/222 412/856/221 313/863/228
f 86/742/176 85/744/177 323/864/231
f 270/866/232 269/880/233 437/867/233
f 127/830/205 128/836/208 375/869/234
f 238/871/235 116/842/236 117/872/236
f 234/874/238 118/850/239 119/787/239
f 230/876/241 120/793/242 121/797/242
f 218/854/244 217/886/254 411/878/245
f 269/880/233 68/782/655 342/881/247
f 112/814/248 113/826/248 240/882/249
f 114/832/251 115/838/251 236/884/252
f 217/886/254 94/726/656 316/887/619
f 88/738/175 87/740/616 321/888/255
f 108/795/256 109/799/256 248/890/257
f 110/803/259 111/807/259 244/892/260
f 268/894/262 404/968/262 436/895/263
f 125/818/201 126/824/203 373/897/265
f 216/853/266 378/987/508 410/899/267
f 267/896/264 436/895/263 341/901/269
f 100/828/270 101/1051/270 264/902/271
f 102/834/273 103/840/273 260/903/274
f 104/844/276 105/849/276 256/905/277
f 106/791/279 107/790/279 252/907/280
f 272/909/282 128/836/283 97/809/283
f 215/900/268 410/899/267 317/911/285
f 276/912/286 98/816/287 99/822/287
f 90/734/174 89/736/174 319/913/288
f 266/904/289 265/922/299 435/915/290
f 123/805/197 124/812/200 371/917/292
f 65/784/293 275/919/295 267/896/294
f 275/919/295 276/912/286 268/894/621
f 214/852/296 213/931/622 409/920/297
f 265/922/299 70/777/594 340/923/300
f 96/721/301 271/860/303 273/924/302
f 271/860/303 272/909/282 274/910/284
f 257/925/304 251/926/306 75/767/305
f 258/908/281 252/907/280 251/926/306
f 261/927/307 255/928/309 73/771/308
f 262/906/278 256/905/277 255/928/309
f 265/922/310 259/929/312 71/775/311
f 266/904/275 260/903/274 259/929/312
f 269/880/313 263/930/315 69/779/314
f 270/866/272 264/902/271 263/930/315
f 213/931/622 90/734/595 320/914/623
f 92/730/172 91/732/173 317/911/316
f 264/933/317 402/976/317 434/934/318
f 121/797/195 122/801/195 369/936/320
f 276/912/489 408/1009/489 345/938/321
f 263/935/319 434/934/318 339/939/322
f 274/910/324 97/809/596 346/941/325
f 94/726/171 93/728/615 315/943/326
f 249/944/327 243/945/329 79/759/328
f 250/893/261 244/892/260 243/945/329
f 253/946/330 247/947/331 77/763/625
f 254/891/258 248/890/257 247/947/331
f 262/906/332 261/927/338 433/948/333
f 119/787/191 120/793/191 367/950/334
f 272/909/335 406/1011/335 375/869/336
f 261/927/338 72/773/597 338/952/626
f 241/953/339 235/954/341 83/751/340
f 242/885/253 236/884/252 235/954/341
f 245/955/342 239/956/344 81/755/343
f 246/883/250 240/882/249 239/956/344
f 270/866/232 405/868/232 347/957/345
f 96/721/168 95/724/170 313/863/346
f 260/903/347 400/984/347 432/958/348
f 117/846/212 118/850/212 365/959/350
f 88/738/351 229/962/353 225/961/352
f 229/962/353 230/876/241 226/877/243
f 86/742/627 233/964/356 227/963/355
f 233/964/356 234/874/238 228/875/240
f 84/746/357 237/966/359 231/965/358
f 237/966/359 238/871/235 232/873/237
f 268/894/262 99/822/360 348/967/360
f 259/929/349 432/958/348 337/969/361
f 266/904/289 403/916/291 349/970/363
f 258/908/365 257/925/369 431/971/366
f 115/838/209 116/842/209 363/973/368
f 264/933/317 101/835/598 350/975/628
f 257/925/369 74/769/657 336/977/370
f 262/906/332 401/949/332 351/978/371
f 256/905/163 398/1008/163 430/979/164
f 114/832/206 361/1045/373 362/980/373
f 92/730/374 223/982/376 221/981/375
f 223/982/376 224/858/223 222/859/225
f 260/903/347 103/840/599 352/983/629
f 255/928/161 430/979/164 335/985/377
f 94/726/378 217/886/380 219/857/379
f 217/886/380 218/854/217 220/855/219
f 90/734/381 213/931/383 215/900/382
f 213/931/383 214/852/214 216/853/216
f 381/986/384 374/898/385 373/897/385
f 378/987/387 372/918/388 371/917/388
f 383/989/390 370/937/391 369/936/391
f 384/990/393 368/951/394 367/950/394
f 386/992/396 366/960/397 365/959/397
f 388/994/399 364/974/400 363/973/400
f 362/980/401 361/1045/401 391/996/402
f 360/998/404 359/1046/404 393/999/405
f 358/1001/407 357/1047/407 395/1002/408
f 356/1004/410 355/1048/410 397/1005/411
f 354/1007/413 353/1049/413 399/972/414
f 352/983/416 351/978/416 401/949/417
f 350/975/419 349/970/419 403/916/420
f 348/967/422 347/957/422 405/868/423
f 407/942/424 346/941/425 345/938/425
f 380/1010/427 376/870/428 375/869/428
f 313/863/430 412/856/432 438/862/431
f 412/856/432 380/1010/427 406/1011/429
f 343/1012/433 439/1015/630 440/1013/434
f 439/1015/630 407/942/424 408/1009/426
f 436/895/435 437/867/435 342/881/436
f 404/968/423 405/868/423 437/867/435
f 434/934/437 435/915/439 340/923/438
f 402/976/421 403/916/420 435/915/439
f 432/958/440 433/948/442 338/952/441
f 400/984/418 401/949/417 433/948/442
f 430/979/443 431/971/445 336/977/444
f 398/1008/415 399/972/414 431/971/445
f 428/1016/446 429/1019/449 334/1017/447
f 396/1006/412 397/1005/411 429/1019/449
f 426/1020/450 427/1023/452 332/1021/451
f 394/1003/409 395/1002/408 427/1023/452
f 424/1024/453 425/1027/455 330/1025/454
f 392/1000/406 393/999/405 425/1027/455
f 422/1028/456 423/1031/457 328/1029/631
f 390/997/403 391/996/402 423/1031/457
f 325/1032/458 420/1035/459 421/1033/459
f 388/994/399 389/995/399 421/1033/459
f 323/864/460 418/1037/462 419/1036/461
f 418/1037/462 386/992/396 387/993/398
f 321/888/463 416/1039/465 417/1038/464
f 416/1039/465 384/990/393 385/991/395
f 319/913/466 415/1040/468 409/920/467
f 415/1040/468 383/989/390 377/921/392
f 317/911/469 410/899/471 414/1041/470
f 410/899/471 378/987/387 382/988/389
f 315/943/472 413/1042/474 411/878/473
f 413/1042/474 381/986/384 379/879/386
f 272/909/335 271/860/226 438/862/227
f 83/751/178 325/1032/600 326/1034/475
f 221/981/476 413/1042/632 315/943/477
f 273/924/479 439/1015/483 343/1012/480
f 222/859/482 381/986/520 413/1042/632
f 274/910/324 407/942/324 439/1015/483
f 81/755/179 327/1030/633 328/1029/633
f 223/982/634 92/730/658 318/932/635
f 275/919/485 65/784/601 344/1014/486
f 224/858/488 223/982/634 414/1041/484
f 276/912/489 275/919/485 440/1013/487
f 79/759/180 329/1026/602 330/1025/602
f 225/961/158 415/1040/157 319/913/159
f 226/877/156 383/989/156 415/1040/157
f 77/763/181 331/1022/490 332/1021/490
f 227/963/491 416/1039/493 321/888/636
f 228/875/492 384/990/533 416/1039/493
f 75/767/183 333/1018/494 334/1017/494
f 229/962/495 88/738/603 322/889/496
f 230/876/498 229/962/495 417/1038/497
f 73/771/185 335/985/499 336/977/499
f 231/1043/500 418/1037/503 323/864/501
f 232/1044/541 386/992/541 418/1037/503
f 214/852/296 377/921/298 369/936/638
f 71/775/187 337/969/505 338/952/505
f 233/964/506 86/742/604 324/865/639
f 216/853/266 123/805/605 372/918/640
f 234/874/509 233/964/506 419/1036/507
f 218/854/244 379/879/246 373/897/511
f 69/940/188 339/939/513 340/923/513
f 235/954/514 420/1035/514 325/1032/641
f 220/855/220 127/830/606 376/870/516
f 236/884/518 388/994/548 420/1035/514
f 222/859/482 125/818/659 374/898/519
f 68/782/190 67/781/189 341/901/521
f 237/966/523 84/746/524 326/1034/524
f 224/858/488 382/988/488 371/917/525
f 238/871/527 237/966/523 421/1033/523
f 226/877/156 121/797/167 370/937/166
f 65/784/169 66/722/169 343/1012/528
f 239/956/529 422/1028/537 327/1030/530
f 228/875/492 119/787/607 368/951/532
f 97/809/199 98/816/199 345/938/535
f 240/882/536 390/997/536 422/1028/537
f 230/876/498 385/991/498 367/950/642
f 241/953/538 82/753/660 328/1029/539
f 232/1044/541 117/846/608 366/960/644
f 100/828/202 347/957/609 348/967/609
f 242/885/542 241/953/538 423/1031/540
f 234/874/509 387/993/510 365/959/544
f 243/945/546 424/1024/647 329/1026/645
f 236/884/518 115/838/547 364/974/547
f 102/834/207 349/970/549 350/975/549
f 244/892/550 392/1000/550 424/1024/647
f 238/871/527 389/995/527 363/973/551
f 245/955/553 80/757/610 330/1025/554
f 240/882/536 113/826/611 362/980/556
f 104/844/211 351/978/557 352/983/557
f 246/883/558 245/955/553 425/1027/555
f 242/885/542 391/996/543 361/1045/559
f 247/947/561 426/1020/567 331/1022/562
f 244/892/550 111/807/612 360/998/564
f 106/791/193 353/1049/565 354/1007/565
f 248/890/566 394/1003/572 426/1020/567
f 246/883/558 393/999/558 359/1046/568
f 249/944/570 78/761/613 332/1021/648
f 248/890/566 109/799/661 358/1001/649
f 108/795/194 355/1048/573 356/1004/573
f 250/893/574 249/944/570 427/1023/571
f 250/893/574 395/1002/575 357/1047/650
f 251/926/577 428/1016/583 333/1018/578
f 252/907/580 107/790/614 356/1004/651
f 110/803/196 357/1047/582 358/1001/652
f 252/907/580 396/1006/581 428/1016/583
f 254/891/584 397/1005/590 355/1048/585
f 253/946/586 76/765/662 334/1017/587
f 256/905/163 105/849/663 354/1007/165
f 112/814/198 359/1046/589 360/998/654
f 254/891/584 253/946/586 429/1019/588
f 258/908/365 399/972/367 353/1049/591
