# Pieza del RoverModificado
mtllib Rover.mtl
o RuedaMD
v -0.899467 0.000258 -0.519950
v -0.882183 -0.175230 -0.519950
v -0.830995 -0.343972 -0.519950
v -0.747871 -0.499488 -0.519950
v -0.636005 -0.635797 -0.519950
v -0.499695 -0.747663 -0.519950
v -0.344181 -0.830787 -0.519950
v -0.175438 -0.881975 -0.519950
v 0.000049 -0.899260 -0.519950
v 0.175536 -0.881975 -0.519950
v 0.344279 -0.830787 -0.519950
v 0.499793 -0.747663 -0.519950
v 0.636103 -0.635797 -0.519950
v 0.747969 -0.499488 -0.519950
v 0.831094 -0.343973 -0.519950
v 0.882281 -0.175230 -0.519950
v 0.899565 0.000258 -0.519950
v 0.882281 0.175744 -0.519950
v 0.831094 0.344486 -0.519950
v 0.747969 0.500001 -0.519950
v 0.636103 0.636310 -0.519950
v 0.499794 0.748178 -0.519950
v 0.344279 0.831302 -0.519950
v 0.175536 0.882489 -0.519950
v 0.000049 0.899774 -0.519950
v -0.175438 0.882489 -0.519950
v -0.344181 0.831302 -0.519950
v -0.499695 0.748178 -0.519950
v -0.636005 0.636310 -0.519950
v -0.747871 0.500001 -0.519950
v -0.830995 0.344486 -0.519950
v -0.882183 0.175744 -0.519950
v -0.899467 0.000258 0.520050
v -0.882183 -0.175229 0.520050
v -0.830995 -0.343972 0.520050
v -0.747871 -0.499488 0.520050
v -0.636005 -0.635796 0.520050
v -0.499695 -0.747663 0.520050
v -0.344181 -0.830787 0.520050
v -0.175438 -0.881974 0.520050
v 0.000049 -0.899259 0.520050
v 0.175536 -0.881975 0.520050
v 0.344279 -0.830787 0.520050
v 0.499793 -0.747663 0.520050
v 0.636103 -0.635796 0.520050
v 0.747970 -0.499488 0.520050
v 0.831094 -0.343972 0.520050
v 0.882281 -0.175229 0.520050
v 0.899565 0.000258 0.520050
v 0.882281 0.175744 0.520050
v 0.831094 0.344487 0.520050
v 0.747969 0.500002 0.520050
v 0.636103 0.636311 0.520050
v 0.499794 0.748178 0.520050
v 0.344279 0.831302 0.520050
v 0.175536 0.882489 0.520050
v 0.000049 0.899773 0.520050
v -0.175438 0.882489 0.520050
v -0.344181 0.831302 0.520050
v -0.499695 0.748178 0.520050
v -0.636005 0.636312 0.520050
v -0.747871 0.500002 0.520050
v -0.830995 0.344487 0.520050
v -0.882183 0.175744 0.520050
v -1.004197 -0.200885 0.520050
v -1.023791 -0.001950 0.520050
v -0.946170 -0.392176 0.520050
v -0.851939 -0.568470 0.520050
v -0.725125 -0.722994 0.520050
v -0.570601 -0.849808 0.520050
v -0.394307 -0.944039 0.520050
v -0.203017 -1.002066 0.520050
v -0.004081 -1.021660 0.520050
v 0.194855 -1.002066 0.520050
v 0.386145 -0.944039 0.520050
v 0.562439 -0.849808 0.520050
v 0.716962 -0.722994 0.520050
v 0.843776 -0.568470 0.520050
v 0.938008 -0.392176 0.520050
v 0.996035 -0.200886 0.520050
v 1.015628 -0.001950 0.520050
v 0.996035 0.196985 0.520050
v 0.938008 0.388276 0.520050
v 0.843776 0.564570 0.520050
v 0.716963 0.719093 0.520050
v 0.562439 0.845907 0.520050
v 0.386145 0.940139 0.520050
v 0.194855 0.998166 0.520050
v -0.004081 1.017759 0.520050
v -0.203017 0.998166 0.520050
v -0.394307 0.940139 0.520050
v -0.570601 0.845907 0.520050
v -0.725124 0.719094 0.520050
v -0.851939 0.564570 0.520050
v -0.946170 0.388276 0.520050
v -1.004197 0.196985 0.520050
v -1.028502 0.000258 -0.519950
v -1.008739 -0.200403 -0.519950
v -0.950209 -0.393352 -0.519950
v -0.855160 -0.571176 -0.519950
v -0.727247 -0.727039 -0.519950
v -0.571384 -0.854953 -0.519950
v -0.393561 -0.950001 -0.519950
v -0.200611 -1.008532 -0.519950
v 0.000049 -1.028295 -0.519950
v 0.200709 -1.008532 -0.519950
v 0.393659 -0.950001 -0.519950
v 0.571482 -0.854953 -0.519950
v 0.727345 -0.727039 -0.519950
v 0.855258 -0.571176 -0.519950
v 0.950307 -0.393352 -0.519950
v 1.008837 -0.200403 -0.519950
v 1.028601 0.000258 -0.519950
v 1.008837 0.200918 -0.519950
v 0.950307 0.393867 -0.519950
v 0.855258 0.571689 -0.519950
v 0.727345 0.727553 -0.519950
v 0.571482 0.855467 -0.519950
v 0.393659 0.950515 -0.519950
v 0.200710 1.009046 -0.519950
v 0.000049 1.028809 -0.519950
v -0.200612 1.009046 -0.519950
v -0.393561 0.950515 -0.519950
v -0.571384 0.855467 -0.519950
v -0.727247 0.727553 -0.519950
v -0.855160 0.571689 -0.519950
v -0.950209 0.393867 -0.519950
v -1.008739 0.200918 -0.519950
v 0.000049 0.096730 -0.459948
v 0.048286 0.083804 -0.459948
v 0.083597 0.048492 -0.459948
v 0.096522 0.000257 -0.459948
v 0.083597 -0.047979 -0.459948
v 0.048286 -0.083291 -0.459948
v 0.000049 -0.096215 -0.459948
v -0.048187 -0.083291 -0.459948
v -0.083498 -0.047979 -0.459948
v -0.096423 0.000257 -0.459948
v -0.083498 0.048492 -0.459948
v -0.048187 0.083804 -0.459948
v 0.000049 0.200257 -0.336615
v 0.000049 0.200257 -0.183281
v 0.100049 0.173461 -0.183281
v 0.100049 0.173461 -0.336615
v 0.173255 0.100256 -0.183281
v 0.173255 0.100256 -0.336615
v 0.200049 0.000257 -0.183281
v 0.200049 0.000257 -0.336615
v 0.173255 -0.099743 -0.183281
v 0.173255 -0.099743 -0.336615
v 0.100049 -0.172949 -0.183281
v 0.100049 -0.172949 -0.336615
v 0.000049 -0.199743 -0.183281
v 0.000049 -0.199743 -0.336615
v -0.099951 -0.172949 -0.183281
v -0.099951 -0.172949 -0.336615
v -0.173156 -0.099743 -0.183281
v -0.173156 -0.099743 -0.336615
v -0.199951 0.000257 -0.183281
v -0.199951 0.000257 -0.336615
v -0.173156 0.100256 -0.183281
v -0.173156 0.100256 -0.336615
v -0.099951 0.173461 -0.183281
v -0.099951 0.173461 -0.336615
v 0.181223 0.876405 0.163385
v 0.181223 0.876405 0.416719
v 0.281223 0.849610 0.416719
v 0.281223 0.849610 0.163385
v 0.849402 0.281431 0.416719
v 0.849402 0.281431 0.163385
v 0.876197 0.181431 0.416719
v 0.876197 0.181431 0.163385
v 0.668229 -0.594717 0.416719
v 0.668229 -0.594717 0.163385
v 0.595024 -0.667922 0.416719
v 0.595024 -0.667922 0.163385
v -0.181124 -0.875891 0.416719
v -0.181124 -0.875891 0.163385
v -0.281124 -0.849096 0.416719
v -0.281124 -0.849096 0.163385
v -0.849304 -0.280916 0.416719
v -0.849304 -0.280916 0.163385
v -0.876099 -0.180916 0.416719
v -0.876099 -0.180917 0.163385
v -0.668130 0.595232 0.416719
v -0.668130 0.595231 0.163385
v -0.594925 0.668437 0.416719
v -0.594925 0.668437 0.163385
v 0.000049 0.200257 -0.459948
v 0.100049 0.173461 -0.459948
v 0.173255 0.100256 -0.459948
v 0.200049 0.000257 -0.459948
v 0.173255 -0.099743 -0.459948
v 0.100049 -0.172949 -0.459948
v 0.000049 -0.199743 -0.459948
v -0.099951 -0.172949 -0.459948
v -0.173156 -0.099743 -0.459948
v -0.199951 0.000257 -0.459948
v -0.173156 0.100256 -0.459948
v -0.099951 0.173461 -0.459948
v 0.000049 0.096730 -0.359948
v 0.048286 0.083804 -0.359948
v 0.083597 0.048492 -0.359948
v 0.096522 0.000257 -0.359948
v 0.083597 -0.047979 -0.359948
v 0.048286 -0.083291 -0.359948
v 0.000049 -0.096215 -0.359948
v -0.048187 -0.083291 -0.359948
v -0.083498 -0.047979 -0.359948
v -0.096423 0.000257 -0.359948
v -0.083498 0.048492 -0.359948
v -0.048187 0.083804 -0.359948
v -0.222235 1.102057 0.190717
v -0.221353 1.106046 -0.190617
v -0.433263 1.038042 0.190717
v -0.432989 1.041847 -0.190617
v -0.938112 0.623723 0.190717
v -0.939293 0.626333 -0.190617
v -1.042066 0.429238 0.190717
v -1.043547 0.431288 -0.190617
v -0.798213 0.794189 0.190717
v -0.798992 0.797291 -0.190617
v -0.627747 0.934088 0.190717
v -0.628033 0.937593 -0.190617
v -0.002773 1.123672 0.190717
v -0.001259 1.127723 -0.190617
v 0.427716 1.038042 0.190717
v 0.430471 1.041847 -0.190617
v 0.216688 1.102057 0.190717
v 0.218835 1.106046 -0.190617
v 0.792667 0.794189 0.190717
v 0.796474 0.797291 -0.190617
v 0.622201 0.934088 0.190717
v 0.625516 0.937593 -0.190617
v 1.036520 0.429238 0.190717
v 1.041029 0.431288 -0.190617
v 0.932566 0.623723 0.190717
v 0.936776 0.626333 -0.190617
v 1.122149 -0.001251 0.190717
v 1.126906 -0.000442 -0.190617
v 1.100534 0.218210 0.190717
v 1.105228 0.219651 -0.190617
v 1.036520 -0.431740 0.190717
v 1.041029 -0.432172 -0.190617
v 1.100534 -0.220713 0.190717
v 1.105228 -0.220536 -0.190617
v 0.792667 -0.796692 0.190717
v 0.796474 -0.798175 -0.190617
v 0.932566 -0.626224 0.190717
v 0.936776 -0.627216 -0.190617
v 0.427716 -1.040544 0.190717
v 0.430471 -1.042731 -0.190617
v 0.622200 -0.936590 0.190717
v 0.625516 -0.938477 -0.190617
v -0.002773 -1.126174 0.190717
v -0.001259 -1.128607 -0.190617
v 0.216688 -1.104560 0.190717
v 0.218835 -1.106929 -0.190617
v -0.433262 -1.040544 0.190717
v -0.432989 -1.042731 -0.190617
v -0.222235 -1.104560 0.190717
v -0.221353 -1.106929 -0.190617
v -0.798214 -0.796692 0.190717
v -0.798992 -0.798175 -0.190617
v -0.627747 -0.936590 0.190717
v -0.628034 -0.938477 -0.190617
v -1.042066 -0.431740 0.190717
v -1.043547 -0.432172 -0.190617
v -0.938112 -0.626225 0.190717
v -0.939293 -0.627216 -0.190617
v -1.106081 0.218210 0.190717
v -1.107746 0.219651 -0.190617
v -1.127696 -0.001251 0.190717
v -1.129423 -0.000442 -0.190617
v -1.106081 -0.220713 0.190717
v -1.107746 -0.220536 -0.190617
v 0.000049 0.200257 0.254496
v 0.000049 0.200257 0.352274
v 0.100049 0.173462 0.352274
v 0.100049 0.173462 0.254496
v 0.173255 0.100257 0.352274
v 0.173255 0.100257 0.254496
v 0.200049 0.000257 0.352274
v 0.200049 0.000257 0.254496
v 0.173255 -0.099743 0.352274
v 0.173255 -0.099743 0.254496
v 0.100049 -0.172948 0.352274
v 0.100049 -0.172948 0.254496
v 0.000049 -0.199743 0.352274
v 0.000049 -0.199743 0.254496
v -0.099951 -0.172948 0.352274
v -0.099951 -0.172948 0.254496
v -0.173156 -0.099743 0.352274
v -0.173156 -0.099743 0.254496
v -0.199951 0.000257 0.352274
v -0.199951 0.000257 0.254496
v -0.173156 0.100257 0.352274
v -0.173156 0.100257 0.254496
v -0.099951 0.173462 0.352274
v -0.099951 0.173462 0.254496
v 0.595024 0.668437 0.352274
v 0.595024 0.668437 0.254497
v 0.668229 0.595232 0.352274
v 0.668229 0.595232 0.254497
v 0.281223 -0.849096 0.352274
v 0.281223 -0.849096 0.254496
v 0.181223 -0.875891 0.352274
v 0.181223 -0.875891 0.254496
v -0.876099 0.181431 0.352274
v -0.876099 0.181431 0.254496
v -0.849304 0.281431 0.352274
v -0.849304 0.281431 0.254496
v -0.988656 0.405786 0.514850
v -1.049295 0.205888 0.514850
v -0.757664 0.751491 0.514850
v -0.890185 0.590014 0.514850
v -0.411960 0.982483 0.514850
v -0.596187 0.884011 0.514850
v -0.004174 1.063596 0.514850
v -0.212061 1.043121 0.514850
v 0.403612 0.982483 0.514850
v 0.203714 1.043121 0.514850
v 0.749316 0.751490 0.514850
v 0.587840 0.884011 0.514850
v 0.980309 0.405786 0.514850
v 0.881837 0.590014 0.514850
v 1.061422 -0.002000 0.514850
v 1.040947 0.205888 0.514850
v 0.980309 -0.409786 0.514850
v 1.040947 -0.209887 0.514850
v 0.749316 -0.755490 0.514850
v 0.881837 -0.594013 0.514850
v 0.403612 -0.986482 0.514850
v 0.587840 -0.888012 0.514850
v -0.004174 -1.067596 0.514850
v 0.203714 -1.047121 0.514850
v -0.411960 -0.986482 0.514850
v -0.212061 -1.047121 0.514850
v -0.757664 -0.755490 0.514850
v -0.596187 -0.888012 0.514850
v -0.988656 -0.409786 0.514850
v -0.890185 -0.594013 0.514850
v -1.069770 -0.002000 0.514850
v -1.049295 -0.209887 0.514850
v -1.054041 -0.209383 -0.514750
v -1.074694 0.000306 -0.514750
v -0.893551 -0.596841 -0.514750
v -0.992877 -0.411015 -0.514750
v -0.597005 -0.893387 -0.514750
v -0.759882 -0.759717 -0.514750
v -0.209548 -1.053877 -0.514750
v -0.411180 -0.992712 -0.514750
v 0.209832 -1.053877 -0.514750
v 0.000142 -1.074529 -0.514750
v 0.597289 -0.893388 -0.514750
v 0.411464 -0.992712 -0.514750
v 0.893836 -0.596841 -0.514750
v 0.760166 -0.759717 -0.514750
v 1.054325 -0.209383 -0.514750
v 0.993161 -0.411015 -0.514750
v 1.054326 0.209996 -0.514750
v 1.074978 0.000306 -0.514750
v 0.893836 0.597453 -0.514750
v 0.993161 0.411629 -0.514750
v 0.597289 0.894001 -0.514750
v 0.760166 0.760331 -0.514750
v 0.209832 1.054490 -0.514750
v 0.411464 0.993326 -0.514750
v -0.209548 1.054490 -0.514750
v 0.000142 1.075143 -0.514750
v -0.597005 0.894001 -0.514750
v -0.411180 0.993326 -0.514750
v -0.893551 0.597453 -0.514750
v -0.759882 0.760331 -0.514750
v -1.054041 0.209996 -0.514750
v -0.992877 0.411629 -0.514750
v -0.243286 1.216734 -0.188710
v -0.476086 1.146116 -0.188710
v -1.033021 0.689051 -0.188710
v -1.147700 0.474501 -0.188710
v -0.878689 0.877105 -0.188710
v -0.690635 1.031437 -0.188710
v -0.001183 1.240580 -0.188710
v 0.473720 1.146116 -0.188710
v 0.240921 1.216734 -0.188710
v 0.876323 0.877105 -0.188710
v 0.688269 1.031436 -0.188710
v 1.145334 0.474501 -0.188710
v 1.030655 0.689051 -0.188710
v 1.239798 -0.000401 -0.188710
v 1.215953 0.241701 -0.188710
v 1.145334 -0.475304 -0.188710
v 1.215953 -0.242504 -0.188710
v 0.876323 -0.877907 -0.188710
v 1.030655 -0.689853 -0.188710
v 0.473720 -1.146918 -0.188710
v 0.688269 -1.032239 -0.188710
v -0.001183 -1.241383 -0.188710
v 0.240920 -1.217538 -0.188710
v -0.476086 -1.146918 -0.188710
v -0.243286 -1.217538 -0.188710
v -0.878689 -0.877907 -0.188710
v -0.690635 -1.032239 -0.188710
v -1.147700 -0.475304 -0.188710
v -1.033021 -0.689853 -0.188710
v -1.218319 0.241701 -0.188710
v -1.242164 -0.000401 -0.188710
v -1.218319 -0.242504 -0.188710
v -0.244256 1.212347 0.188810
v -0.476387 1.141930 0.188810
v -1.031721 0.686179 0.188810
v -1.146071 0.472245 0.188810
v -0.877833 0.873693 0.188810
v -0.690319 1.027581 0.188810
v -0.002849 1.236123 0.188810
v 0.470690 1.141930 0.188810
v 0.238559 1.212347 0.188810
v 0.872136 0.873693 0.188810
v 0.684622 1.027581 0.188810
v 1.140373 0.472245 0.188810
v 1.026024 0.686179 0.188810
v 1.234566 -0.001291 0.188810
v 1.210789 0.240115 0.188810
v 1.140373 -0.474830 0.188810
v 1.210789 -0.242699 0.188810
v 0.872135 -0.876276 0.188810
v 1.026024 -0.688762 0.188810
v 0.470689 -1.144514 0.188810
v 0.684622 -1.030164 0.188810
v -0.002849 -1.238707 0.188810
v 0.238559 -1.214929 0.188810
v -0.476387 -1.144514 0.188810
v -0.244256 -1.214929 0.188810
v -0.877833 -0.876276 0.188810
v -0.690319 -1.030164 0.188810
v -1.146071 -0.474830 0.188810
v -1.031721 -0.688762 0.188810
v -1.216487 0.240115 0.188810
v -1.240263 -0.001291 0.188810
v -1.216487 -0.242699 0.188810
v 0.130573 0.687376 -0.155966
v 0.103343 0.585753 -0.294534
v 0.077930 0.490910 -0.378695
v 0.039269 0.346624 -0.401556
v 0.203342 0.558958 -0.294534
v 0.230573 0.660581 -0.155966
v 0.139269 0.319829 -0.401556
v 0.177930 0.464114 -0.378695
v 0.346417 0.039475 -0.401556
v 0.490702 0.078136 -0.378695
v 0.585545 0.103550 -0.294534
v 0.687168 0.130780 -0.155966
v 0.463907 0.178137 -0.378695
v 0.319622 0.139476 -0.401556
v 0.660373 0.230779 -0.155966
v 0.558750 0.203549 -0.294534
v -0.207099 0.280611 -0.401556
v -0.312723 0.386235 -0.378695
v -0.382153 0.455663 -0.294534
v -0.456547 0.530057 -0.155966
v -0.385928 0.313030 -0.378695
v -0.280304 0.207406 -0.401556
v -0.529752 0.456852 -0.155966
v -0.455358 0.382458 -0.294534
v -0.463809 -0.177623 -0.378695
v -0.319523 -0.138962 -0.401556
v -0.660275 -0.230267 -0.155966
v -0.558651 -0.203037 -0.294534
v -0.585446 -0.103036 -0.294534
v -0.687070 -0.130266 -0.155966
v -0.346318 -0.038962 -0.401556
v -0.490603 -0.077623 -0.378695
v -0.139170 -0.319316 -0.401556
v -0.177831 -0.463601 -0.378695
v -0.203244 -0.558444 -0.294534
v -0.230474 -0.660067 -0.155966
v -0.077831 -0.490396 -0.378695
v -0.039170 -0.346111 -0.401556
v -0.130474 -0.686862 -0.155966
v -0.103244 -0.585239 -0.294534
v 0.386027 -0.312515 -0.378695
v 0.280403 -0.206892 -0.401556
v 0.529850 -0.456340 -0.155966
v 0.455457 -0.381945 -0.294534
v 0.382252 -0.455150 -0.294534
v 0.456645 -0.529545 -0.155966
v 0.207198 -0.280097 -0.401556
v 0.312822 -0.385720 -0.378695
v 0.000049 0.200257 0.872719
v 0.100049 0.173462 0.872719
v 0.173255 0.100257 0.872719
v 0.200049 0.000257 0.872719
v 0.173255 -0.099743 0.872719
v 0.100049 -0.172948 0.872719
v 0.000049 -0.199743 0.872719
v -0.099951 -0.172948 0.872719
v -0.173156 -0.099743 0.872719
v -0.199951 0.000257 0.872719
v -0.173156 0.100257 0.872719
v -0.099951 0.173462 0.872719
v 0.130049 0.225424 1.154298
v 0.000049 0.260257 1.154298
v 0.000049 0.260257 0.872765
v 0.225216 0.130257 1.154298
v 0.260049 0.000257 1.154298
v 0.225216 -0.129743 1.154298
v 0.130049 -0.224909 1.154298
v 0.000049 -0.259743 1.154298
v -0.129951 -0.224909 1.154298
v -0.225117 -0.129743 1.154298
v -0.259951 0.000257 1.154298
v -0.225117 0.130257 1.154298
v -0.129951 0.225424 1.154298
v 0.130049 0.225424 0.872765
v 0.225216 0.130257 0.872765
v 0.260049 0.000257 0.872765
v 0.225216 -0.129743 0.872765
v 0.130049 -0.224909 0.872765
v 0.000049 -0.259743 0.872765
v -0.129951 -0.224909 0.872765
v -0.225117 -0.129743 0.872765
v -0.259951 0.000257 0.872765
v -0.225117 0.130257 0.872765
v -0.129951 0.225424 0.872765
v 0.368969 0.890909 -0.519950
v 0.188123 0.945768 -0.519950
v 0.188123 -0.945254 -0.519950
v 0.368969 -0.890394 -0.519950
v 0.000049 0.964291 -0.519950
v 0.535638 -0.801307 -0.519950
v -0.188025 0.945768 -0.519950
v 0.681724 -0.681417 -0.519950
v -0.368871 0.890909 -0.519950
v 0.801614 -0.535331 -0.519950
v -0.535539 0.801822 -0.519950
v 0.890700 -0.368663 -0.519950
v -0.963985 0.000258 -0.519950
v -0.945461 -0.187816 -0.519950
v -0.681626 0.681932 -0.519950
v 0.945559 -0.187816 -0.519950
v -0.890602 -0.368663 -0.519950
v -0.801516 0.535846 -0.519950
v 0.964083 0.000258 -0.519950
v -0.801516 -0.535331 -0.519950
v -0.890602 0.369176 -0.519950
v 0.945559 0.188330 -0.519950
v -0.681626 -0.681417 -0.519950
v -0.945461 0.188330 -0.519950
v 0.890700 0.369176 -0.519950
v -0.535539 -0.801307 -0.519950
v 0.801614 0.535846 -0.519950
v -0.368871 -0.890394 -0.519950
v 0.681724 0.681932 -0.519950
v -0.188025 -0.945254 -0.519950
v 0.535638 0.801822 -0.519950
v 0.000049 -0.963776 -0.519950
v -0.943190 -0.188058 0.520050
v -0.888583 -0.368075 0.520050
v -0.799905 -0.533980 0.520050
v -0.680565 -0.679395 0.520050
v -0.535148 -0.798735 0.520050
v -0.369244 -0.887413 0.520050
v -0.189227 -0.942021 0.520050
v -0.002016 -0.960459 0.520050
v 0.185195 -0.942021 0.520050
v 0.365212 -0.887413 0.520050
v 0.531116 -0.798735 0.520050
v 0.676533 -0.679395 0.520050
v 0.795873 -0.533978 0.520050
v 0.884551 -0.368075 0.520050
v 0.939158 -0.188058 0.520050
v 0.957597 -0.000846 0.520050
v 0.939158 0.186365 0.520050
v 0.884551 0.366381 0.520050
v 0.795873 0.532286 0.520050
v 0.676533 0.677702 0.520050
v 0.531116 0.797042 0.520050
v 0.365212 0.885720 0.520050
v 0.185195 0.940328 0.520050
v -0.002016 0.958767 0.520050
v -0.189227 0.940328 0.520050
v -0.369244 0.885720 0.520050
v -0.535148 0.797043 0.520050
v -0.680564 0.677702 0.520050
v -0.799905 0.532286 0.520050
v -0.888583 0.366382 0.520050
v -0.943190 0.186365 0.520050
v -0.961629 -0.000846 0.520050
v 0.030051 0.312223 -0.232960
v 0.085544 0.519326 -0.200145
v 0.095728 0.557334 -0.166417
v 0.134814 0.703204 0.032480
v 0.185544 0.492532 -0.200145
v 0.130051 0.285429 -0.232960
v 0.234813 0.676409 0.032480
v 0.195728 0.530540 -0.166417
v 0.702996 0.135021 0.032480
v 0.557127 0.095936 -0.166418
v 0.519119 0.085752 -0.200145
v 0.312016 0.030258 -0.232960
v 0.285221 0.130259 -0.232960
v 0.492324 0.185751 -0.200145
v 0.530333 0.195936 -0.166418
v 0.676201 0.235020 0.032480
v -0.468133 0.541645 0.032480
v -0.361350 0.434861 -0.166418
v -0.333526 0.407038 -0.200145
v -0.181916 0.255426 -0.232960
v -0.434555 0.361656 -0.166418
v -0.541338 0.468440 0.032480
v -0.255121 0.182221 -0.232960
v -0.406731 0.333833 -0.200145
v -0.519020 -0.085237 -0.200145
v -0.311917 -0.029744 -0.232960
v -0.702897 -0.134507 0.032480
v -0.557029 -0.095422 -0.166418
v -0.530234 -0.195422 -0.166418
v -0.676102 -0.234508 0.032480
v -0.285122 -0.129745 -0.232960
v -0.492225 -0.185238 -0.200145
v -0.234715 -0.675894 0.032480
v -0.195630 -0.530027 -0.166418
v -0.185445 -0.492018 -0.200145
v -0.129952 -0.284914 -0.232960
v -0.095630 -0.556822 -0.166418
v -0.134715 -0.702689 0.032480
v -0.029952 -0.311710 -0.232960
v -0.085445 -0.518812 -0.200145
v 0.255220 -0.181709 -0.232960
v 0.406830 -0.333318 -0.200145
v 0.434654 -0.361142 -0.166418
v 0.541437 -0.467925 0.032480
v 0.333625 -0.406523 -0.200145
v 0.182014 -0.254914 -0.232960
v 0.468232 -0.541130 0.032480
v 0.361449 -0.434347 -0.166418
vt 0.463198 0.188097
vt 0.370971 0.188097
vt 0.463198 0.172459
vt 0.463198 0.203734
vt 0.370971 0.172460
vt 0.370971 0.203734
vt 0.463198 0.156822
vt 0.463198 0.219372
vt 0.370971 0.156822
vt 0.370971 0.219372
vt 0.463198 0.235009
vt 0.370971 0.235009
vt 0.463198 0.141185
vt 0.370971 0.141185
vt 0.463198 0.250647
vt 0.370971 0.250647
vt 0.463198 0.125547
vt 0.370971 0.125547
vt 0.463198 0.109910
vt 0.463198 0.266284
vt 0.370971 0.109910
vt 0.370971 0.266284
vt 0.463198 0.281921
vt 0.463197 0.094272
vt 0.370971 0.094272
vt 0.370971 0.281921
vt 0.463198 0.078635
vt 0.370971 0.297559
vt 0.370971 0.078635
vt 0.463198 0.297559
vt 0.463197 0.062998
vt 0.370971 0.062998
vt 0.463198 0.313196
vt 0.370971 0.313196
vt 0.463198 0.328834
vt 0.463197 0.047360
vt 0.370971 0.047360
vt 0.370971 0.328834
vt 0.463198 0.344471
vt 0.370971 0.344471
vt 0.463197 0.031723
vt 0.370971 0.547757
vt 0.370971 0.532120
vt 0.463197 0.532120
vt 0.463197 0.516482
vt 0.463198 0.360108
vt 0.370971 0.516482
vt 0.370971 0.360108
vt 0.463197 0.500845
vt 0.463198 0.375746
vt 0.370971 0.375746
vt 0.370971 0.500845
vt 0.463198 0.391383
vt 0.463198 0.485208
vt 0.370971 0.391383
vt 0.370971 0.485208
vt 0.463198 0.407021
vt 0.463198 0.469570
vt 0.370971 0.407021
vt 0.370971 0.469570
vt 0.463198 0.422658
vt 0.463198 0.453933
vt 0.370971 0.453933
vt 0.370971 0.422658
vt 0.463198 0.438295
vt 0.370971 0.438295
vt 0.053261 0.802122
vt 0.035664 0.793556
vt 0.055556 0.793556
vt 0.037959 0.859227
vt 0.018438 0.857847
vt 0.024708 0.851577
vt 0.017057 0.823024
vt 0.008492 0.840620
vt 0.008492 0.820729
vt 0.074163 0.838325
vt 0.072783 0.857847
vt 0.066512 0.851576
vt 0.072783 0.803502
vt 0.066512 0.809773
vt 0.017057 0.838325
vt 0.759651 0.236742
vt 0.751085 0.219145
vt 0.759651 0.221440
vt 0.055556 0.867793
vt 0.053261 0.859227
vt 0.074163 0.823024
vt 0.082729 0.820729
vt 0.024708 0.809773
vt 0.037959 0.802122
vt 0.035664 0.867793
vt 0.082729 0.840620
vt 0.915727 0.083729
vt 0.938390 0.068427
vt 0.938390 0.083729
vt 0.915727 0.114331
vt 0.938390 0.099030
vt 0.938390 0.114331
vt 0.915727 0.144934
vt 0.938390 0.129633
vt 0.938390 0.144934
vt 0.385927 0.944544
vt 0.411633 0.913230
vt 0.411633 0.944544
vt 0.915727 0.175537
vt 0.938390 0.160235
vt 0.938390 0.175537
vt 0.915727 0.206139
vt 0.938390 0.190838
vt 0.938390 0.206139
vt 0.915727 0.236742
vt 0.938390 0.221440
vt 0.938390 0.236742
vt 0.392729 0.626002
vt 0.367023 0.587929
vt 0.392729 0.587929
vt 0.392739 0.626370
vt 0.367033 0.588297
vt 0.392739 0.588297
vt 0.392570 0.626370
vt 0.366864 0.588297
vt 0.392570 0.588297
vt 0.392065 0.586984
vt 0.366359 0.625057
vt 0.366358 0.586984
vt 0.392475 0.625222
vt 0.366769 0.587149
vt 0.392475 0.587149
vt 0.098480 0.984914
vt 0.128781 0.934861
vt 0.131181 0.983294
vt 0.324552 0.774464
vt 0.350258 0.659558
vt 0.350258 0.774464
vt 0.325226 0.775777
vt 0.350932 0.660871
vt 0.350932 0.775777
vt 0.411623 0.944176
vt 0.385917 0.912862
vt 0.411623 0.912862
vt 0.367033 0.731655
vt 0.367033 0.626370
vt 0.385758 0.944544
vt 0.411464 0.913230
vt 0.411464 0.944544
vt 0.385663 0.943396
vt 0.411369 0.912082
vt 0.411369 0.943396
vt 0.350258 0.928233
vt 0.324552 0.887298
vt 0.350258 0.887298
vt 0.325226 0.929546
vt 0.350932 0.888611
vt 0.350932 0.929546
vt 0.308861 0.730507
vt 0.324962 0.659723
vt 0.324962 0.774630
vt 0.203015 0.712239
vt 0.172547 0.742163
vt 0.169824 0.687207
vt 0.206741 0.688296
vt 0.167800 0.646359
vt 0.366769 0.730507
vt 0.392475 0.730507
vt 0.089444 0.802547
vt 0.096080 0.936481
vt 0.173330 0.559910
vt 0.134555 0.601420
vt 0.143669 0.554187
vt 0.137123 0.688827
vt 0.135099 0.647979
vt 0.350668 0.659723
vt 0.366769 0.625222
vt 0.375723 0.796911
vt 0.350668 0.774630
vt 0.375723 0.734902
vt 0.299907 0.796911
vt 0.324962 0.817830
vt 0.367023 0.731287
vt 0.392729 0.731287
vt 0.379575 0.815542
vt 0.405282 0.802674
vt 0.405282 0.815542
vt 0.352735 0.927365
vt 0.327029 0.886430
vt 0.352735 0.886430
vt 0.350668 0.849941
vt 0.350668 0.817830
vt 0.309115 0.731287
vt 0.325216 0.660503
vt 0.325216 0.775409
vt 0.282497 0.890651
vt 0.325216 0.850721
vt 0.325216 0.888243
vt 0.393641 0.890651
vt 0.350922 0.850721
vt 0.393641 0.836793
vt 0.375977 0.797691
vt 0.350922 0.775409
vt 0.375977 0.735682
vt 0.405536 0.816322
vt 0.379829 0.803453
vt 0.405536 0.803453
vt 0.350922 0.660503
vt 0.325216 0.929178
vt 0.350922 0.888243
vt 0.350922 0.929178
vt 0.350922 0.818610
vt 0.379839 0.816690
vt 0.405545 0.803821
vt 0.405545 0.816690
vt 0.325226 0.851088
vt 0.350932 0.818978
vt 0.350932 0.851088
vt 0.375987 0.798059
vt 0.375987 0.736050
vt 0.392739 0.731655
vt 0.366864 0.731655
vt 0.392570 0.731655
vt 0.300171 0.798059
vt 0.325226 0.818978
vt 0.308957 0.731655
vt 0.325057 0.660871
vt 0.325057 0.775777
vt 0.300003 0.798059
vt 0.325057 0.818978
vt 0.350764 0.660871
vt 0.366864 0.626370
vt 0.375818 0.798059
vt 0.350764 0.775777
vt 0.375818 0.736050
vt 0.379671 0.816690
vt 0.405377 0.803821
vt 0.405377 0.816690
vt 0.350764 0.929546
vt 0.325057 0.888611
vt 0.350764 0.888611
vt 0.350764 0.851089
vt 0.350764 0.818978
vt 0.308451 0.730342
vt 0.324552 0.659558
vt 0.299497 0.796746
vt 0.324552 0.817665
vt 0.324552 0.849775
vt 0.350258 0.817665
vt 0.350258 0.849775
vt 0.392065 0.730342
vt 0.392065 0.625057
vt 0.385253 0.943231
vt 0.410959 0.911917
vt 0.410959 0.943231
vt 0.404872 0.815377
vt 0.379166 0.802508
vt 0.404872 0.802508
vt 0.851024 0.083729
vt 0.915727 0.068427
vt 0.052560 0.968036
vt 0.067012 0.952734
vt 0.067012 0.968036
vt 0.851024 0.099030
vt 0.915727 0.099030
vt 0.052560 0.983337
vt 0.067012 0.983337
vt 0.851024 0.114331
vt 0.948007 0.533596
vt 0.557964 0.479113
vt 0.948007 0.479114
vt 0.851024 0.129633
vt 0.915727 0.129633
vt 0.021310 0.952709
vt 0.035762 0.937407
vt 0.035762 0.952709
vt 0.851024 0.144934
vt 0.021310 0.968010
vt 0.035762 0.968010
vt 0.851024 0.160235
vt 0.915727 0.160235
vt 0.021310 0.983311
vt 0.035762 0.983311
vt 0.851024 0.175537
vt 0.488059 0.282086
vt 0.520375 0.063579
vt 0.520375 0.282086
vt 0.915727 0.190838
vt 0.051522 0.897372
vt 0.066823 0.882920
vt 0.066823 0.897372
vt 0.851024 0.206139
vt 0.036221 0.897372
vt 0.051522 0.882920
vt 0.851024 0.221440
vt 0.915727 0.221440
vt 0.020919 0.882920
vt 0.020919 0.897372
vt 0.851024 0.236742
vt 0.589753 0.276734
vt 0.620275 0.058228
vt 0.620275 0.276734
vt 0.851024 0.068427
vt 0.915727 0.053126
vt 0.836572 0.068427
vt 0.851024 0.053126
vt 0.526915 0.058228
vt 0.494599 0.027706
vt 0.526916 0.027706
vt 0.557964 0.309259
vt 0.503482 0.366945
vt 0.503482 0.309259
vt 0.488059 0.033057
vt 0.520375 0.033058
vt 0.557437 0.058228
vt 0.589753 0.058228
vt 0.583213 0.282086
vt 0.613735 0.063579
vt 0.613735 0.282086
vt 0.526915 0.276734
vt 0.494599 0.058228
vt 0.948007 0.421428
vt 0.557964 0.421427
vt 0.557437 0.276734
vt 0.557964 0.366945
vt 0.948007 0.366945
vt 0.948007 0.309259
vt 0.550897 0.063579
vt 0.550897 0.282086
vt 0.583213 0.063579
vt 0.209319 0.591439
vt 0.163364 0.604294
vt 0.379575 0.802674
vt 0.393387 0.889871
vt 0.393387 0.836013
vt 0.296055 0.815542
vt 0.324962 0.849941
vt 0.282243 0.889871
vt 0.324962 0.887463
vt 0.379829 0.816322
vt 0.296309 0.816322
vt 0.325216 0.818610
vt 0.300161 0.797691
vt 0.296319 0.816690
vt 0.282507 0.891019
vt 0.325226 0.888611
vt 0.379839 0.803821
vt 0.393651 0.891019
vt 0.393651 0.837161
vt 0.379671 0.803821
vt 0.393483 0.891019
vt 0.393483 0.837161
vt 0.296150 0.816690
vt 0.325057 0.851089
vt 0.282338 0.891019
vt 0.295645 0.815377
vt 0.281833 0.889706
vt 0.139846 0.743783
vt 0.147088 0.889956
vt 0.759651 0.083729
vt 0.836572 0.083729
vt 0.759651 0.099030
vt 0.836572 0.099030
vt 0.759651 0.114331
vt 0.836572 0.114331
vt 0.759651 0.129633
vt 0.836572 0.129633
vt 0.759651 0.144934
vt 0.836572 0.144934
vt 0.759651 0.160235
vt 0.836572 0.160235
vt 0.759651 0.175536
vt 0.836572 0.175537
vt 0.836572 0.190838
vt 0.759651 0.206139
vt 0.836572 0.206139
vt 0.836572 0.221441
vt 0.836572 0.236742
vt 0.759651 0.068427
vt 0.836573 0.053126
vt 0.904258 0.728522
vt 0.918833 0.703896
vt 0.913384 0.731290
vt 0.674265 0.605589
vt 0.686645 0.579788
vt 0.692694 0.587160
vt 0.894285 0.752601
vt 0.902695 0.757096
vt 0.709869 0.564270
vt 0.714364 0.572680
vt 0.879805 0.774271
vt 0.887177 0.780320
vt 0.735674 0.553581
vt 0.738442 0.562707
vt 0.861377 0.792700
vt 0.867426 0.800071
vt 0.764004 0.557622
vt 0.763069 0.548132
vt 0.714364 0.807179
vt 0.735675 0.826278
vt 0.709869 0.815589
vt 0.839707 0.807179
vt 0.844202 0.815589
vt 0.791001 0.548132
vt 0.790067 0.557622
vt 0.692694 0.792700
vt 0.686645 0.800071
vt 0.815628 0.817153
vt 0.818396 0.826278
vt 0.818396 0.553581
vt 0.815628 0.562706
vt 0.666894 0.780321
vt 0.674265 0.774271
vt 0.790066 0.822237
vt 0.791001 0.831727
vt 0.844202 0.564270
vt 0.839706 0.572680
vt 0.651376 0.757096
vt 0.659786 0.752601
vt 0.764004 0.822237
vt 0.763070 0.831727
vt 0.867426 0.579788
vt 0.861377 0.587160
vt 0.640687 0.731291
vt 0.649812 0.728523
vt 0.738443 0.817153
vt 0.879805 0.605589
vt 0.887177 0.599539
vt 0.635238 0.703896
vt 0.644728 0.702961
vt 0.894285 0.627259
vt 0.902695 0.622764
vt 0.635238 0.675964
vt 0.644728 0.676899
vt 0.904258 0.651337
vt 0.913384 0.648569
vt 0.640687 0.648569
vt 0.649812 0.651337
vt 0.909343 0.676899
vt 0.918833 0.675964
vt 0.651376 0.622764
vt 0.659786 0.627259
vt 0.909343 0.702961
vt 0.666894 0.599539
vt 0.838989 0.809207
vt 0.866361 0.801933
vt 0.843243 0.817380
vt 0.814910 0.819181
vt 0.817556 0.828020
vt 0.790287 0.833444
vt 0.789349 0.824265
vt 0.762483 0.833444
vt 0.763286 0.824265
vt 0.735214 0.828020
vt 0.737725 0.819181
vt 0.709527 0.817380
vt 0.713646 0.809207
vt 0.686409 0.801933
vt 0.691976 0.794728
vt 0.666749 0.782273
vt 0.673547 0.776299
vt 0.651302 0.759155
vt 0.659068 0.754629
vt 0.640662 0.733468
vt 0.649094 0.730550
vt 0.635238 0.706199
vt 0.644010 0.704989
vt 0.635238 0.678395
vt 0.644010 0.678926
vt 0.640662 0.651126
vt 0.649094 0.653365
vt 0.651302 0.625439
vt 0.659068 0.629286
vt 0.666749 0.602321
vt 0.673547 0.607616
vt 0.686409 0.582661
vt 0.691976 0.589188
vt 0.709527 0.567214
vt 0.713646 0.574708
vt 0.735214 0.556574
vt 0.737725 0.564735
vt 0.762483 0.551150
vt 0.763286 0.559650
vt 0.789349 0.559650
vt 0.790287 0.551150
vt 0.814910 0.564735
vt 0.817556 0.556574
vt 0.838989 0.574708
vt 0.843243 0.567214
vt 0.860659 0.589188
vt 0.866361 0.582661
vt 0.879088 0.607616
vt 0.886021 0.602321
vt 0.893567 0.629287
vt 0.901468 0.625439
vt 0.903541 0.653365
vt 0.912108 0.651126
vt 0.908625 0.678927
vt 0.917532 0.678395
vt 0.908625 0.704989
vt 0.917532 0.706199
vt 0.903541 0.730551
vt 0.912108 0.733468
vt 0.893567 0.754629
vt 0.901468 0.759155
vt 0.879087 0.776299
vt 0.886021 0.782273
vt 0.860659 0.794728
vt 0.220160 0.554180
vt 0.099658 0.565221
vt 0.106630 0.529090
vt 0.350668 0.928398
vt 0.385663 0.912082
vt 0.324962 0.928398
vt 0.289967 0.912082
vt 0.195810 0.797276
vt 0.179790 0.888336
vt 0.385917 0.944176
vt 0.290221 0.912862
vt 0.385927 0.913230
vt 0.290231 0.913230
vt 0.385758 0.913230
vt 0.325057 0.929546
vt 0.290063 0.913230
vt 0.324552 0.928233
vt 0.289557 0.911916
vt 0.385253 0.911917
vt 0.077776 0.797520
vt 0.106569 0.717018
vt 0.110477 0.795900
vt 0.419094 0.836013
vt 0.401429 0.734902
vt 0.419347 0.836793
vt 0.401683 0.735682
vt 0.419357 0.891019
vt 0.401693 0.736050
vt 0.419189 0.837161
vt 0.401525 0.798059
vt 0.392977 0.835848
vt 0.418684 0.889706
vt 0.392977 0.889706
vt 0.375313 0.734737
vt 0.401019 0.796746
vt 0.375313 0.796746
vt 0.069997 0.559498
vt 0.076970 0.523366
vt 0.367023 0.626002
vt 0.081512 0.599051
vt 0.082293 0.665881
vt 0.100494 0.693560
vt 0.101305 0.709930
vt 0.122145 0.800926
vt 0.309125 0.731655
vt 0.325226 0.660871
vt 0.050395 0.666254
vt 0.049614 0.599424
vt 0.068604 0.711550
vt 0.379166 0.815377
vt 0.366359 0.730342
vt 0.751085 0.239037
vt 0.018437 0.803502
vt 0.308861 0.625222
vt 0.206923 0.791121
vt 0.207553 0.704666
vt 0.299907 0.734902
vt 0.327029 0.927365
vt 0.309116 0.626002
vt 0.282497 0.836793
vt 0.300171 0.736050
vt 0.308957 0.626370
vt 0.300002 0.736050
vt 0.308451 0.625057
vt 0.299497 0.734737
vt 0.052560 0.952734
vt 0.557964 0.533595
vt 0.021310 0.937407
vt 0.488059 0.063579
vt 0.851024 0.190838
vt 0.036221 0.882920
vt 0.494599 0.276734
vt 0.220160 0.653917
vt 0.350668 0.887463
vt 0.296055 0.802674
vt 0.282243 0.836013
vt 0.296309 0.803453
vt 0.300161 0.735682
vt 0.296319 0.803821
vt 0.282507 0.837160
vt 0.296150 0.803821
vt 0.282338 0.837161
vt 0.295645 0.802508
vt 0.281833 0.835848
vt 0.759651 0.190838
vt 0.759651 0.053126
vt 0.289967 0.943396
vt 0.202446 0.931211
vt 0.290221 0.944176
vt 0.290231 0.944544
vt 0.290063 0.944544
vt 0.289557 0.943231
vt 0.073868 0.718638
vt 0.419094 0.889871
vt 0.401429 0.796911
vt 0.419347 0.890651
vt 0.401683 0.797691
vt 0.419357 0.837161
vt 0.401693 0.798059
vt 0.419189 0.891019
vt 0.401525 0.736050
vt 0.418684 0.835848
vt 0.401019 0.734737
vt 0.309125 0.626370
vt 0.067793 0.695180
vt 0.228492 0.766132
vt 0.243272 0.773513
vt 0.228492 0.773513
vt 0.956618 0.068427
vt 0.956618 0.083729
vt 0.956618 0.099030
vt 0.956618 0.114331
vt 0.956618 0.129633
vt 0.956618 0.144934
vt 0.956618 0.160235
vt 0.956618 0.175537
vt 0.956618 0.190838
vt 0.956618 0.206139
vt 0.956618 0.221440
vt 0.956618 0.236742
vt 0.956618 0.053126
vt 0.256616 0.587695
vt 0.249486 0.570483
vt 0.260306 0.581303
vt 0.262738 0.562833
vt 0.266698 0.577613
vt 0.278039 0.562833
vt 0.274079 0.577613
vt 0.280471 0.581303
vt 0.291290 0.570483
vt 0.298941 0.583735
vt 0.284161 0.587695
vt 0.284161 0.595076
vt 0.298941 0.599036
vt 0.291290 0.612287
vt 0.280471 0.601468
vt 0.274079 0.605158
vt 0.278039 0.619938
vt 0.262738 0.619938
vt 0.266698 0.605158
vt 0.249486 0.612287
vt 0.260306 0.601468
vt 0.241836 0.599036
vt 0.256616 0.595076
vt 0.241836 0.583735
vt 0.150003 0.911632
vt 0.173858 0.918024
vt 0.156395 0.935487
vt 0.228492 0.788274
vt 0.243272 0.795655
vt 0.228492 0.795655
vt 0.228492 0.736609
vt 0.243272 0.743989
vt 0.228492 0.743989
vt 0.228492 0.721847
vt 0.243272 0.729228
vt 0.228492 0.729228
vt 0.228492 0.758751
vt 0.243272 0.766132
vt 0.243272 0.780893
vt 0.243272 0.788274
vt 0.243272 0.736609
vt 0.228492 0.803036
vt 0.243272 0.810416
vt 0.228492 0.810416
vt 0.228492 0.751370
vt 0.243272 0.758751
vt 0.228492 0.780893
vt 0.243272 0.803036
vt 0.243272 0.751370
vt 0.709475 0.020228
vt 0.751086 0.000337
vt 0.751086 0.020228
vt 0.709475 0.239037
vt 0.709475 0.219145
vt 0.751085 0.199254
vt 0.709475 0.199253
vt 0.751085 0.179362
vt 0.709475 0.159470
vt 0.751085 0.159470
vt 0.751085 0.139578
vt 0.709475 0.139578
vt 0.751085 0.119687
vt 0.709475 0.119687
vt 0.751085 0.099795
vt 0.709475 0.099795
vt 0.751085 0.079903
vt 0.709475 0.079903
vt 0.751085 0.060012
vt 0.662410 0.266209
vt 0.645184 0.201918
vt 0.709475 0.060012
vt 0.751085 0.040120
vt 0.709475 0.040120
vt 0.938390 0.053126
vt 0.150003 0.931796
vt 0.146312 0.925404
vt 0.146312 0.918024
vt 0.156395 0.907941
vt 0.163775 0.907941
vt 0.170167 0.911632
vt 0.173858 0.925404
vt 0.170167 0.931796
vt 0.163775 0.935487
vt 0.243272 0.721847
vt 0.709475 0.000336
vt 0.709475 0.179362
vt 0.699529 0.256264
vt 0.682302 0.266209
vt 0.645184 0.256264
vt 0.635238 0.239037
vt 0.635238 0.219145
vt 0.662410 0.191973
vt 0.682302 0.191973
vt 0.699529 0.201918
vt 0.049333 0.393103
vt 0.056719 0.367919
vt 0.057243 0.393467
vt 0.049014 0.367742
vt 0.058216 0.341468
vt 0.050214 0.341489
vt 0.056363 0.315434
vt 0.048549 0.315527
vt 0.056812 0.288256
vt 0.048704 0.288517
vt 0.053956 0.261559
vt 0.046032 0.261886
vt 0.053463 0.233539
vt 0.045241 0.234071
vt 0.049528 0.206077
vt 0.041484 0.206725
vt 0.047846 0.177070
vt 0.039481 0.178037
vt 0.042244 0.148682
vt 0.034042 0.149940
vt 0.038224 0.118329
vt 0.029619 0.120286
vt 0.028899 0.088586
vt 0.020130 0.091446
vt 0.018582 0.057989
vt 0.180339 0.484432
vt 0.200389 0.463003
vt 0.186607 0.488547
vt 0.199605 0.432092
vt 0.192339 0.459952
vt 0.206428 0.405494
vt 0.207244 0.434157
vt 0.209195 0.377809
vt 0.214289 0.406953
vt 0.213208 0.351192
vt 0.216807 0.378743
vt 0.214126 0.323709
vt 0.221057 0.351885
vt 0.216784 0.297118
vt 0.221776 0.324113
vt 0.216582 0.269747
vt 0.224696 0.297386
vt 0.218218 0.243158
vt 0.224315 0.269797
vt 0.216997 0.215890
vt 0.226228 0.243098
vt 0.217544 0.189326
vt 0.224825 0.215629
vt 0.215034 0.162241
vt 0.225652 0.188924
vt 0.213874 0.135800
vt 0.222937 0.161574
vt 0.208829 0.109207
vt 0.222050 0.134794
vt 0.203469 0.083531
vt 0.216702 0.107579
vt 0.191969 0.059762
vt 0.211380 0.080836
vt 0.038478 0.467473
vt 0.033685 0.493445
vt 0.026911 0.489005
vt 0.051199 0.444065
vt 0.046291 0.470494
vt 0.044019 0.442955
vt 0.053886 0.419402
vt 0.046359 0.418638
vt 0.167973 0.137966
vt 0.160215 0.105757
vt 0.169987 0.106548
vt 0.340828 0.188084
vt 0.330506 0.216454
vt 0.331876 0.187947
vt 0.169529 0.167784
vt 0.158204 0.137724
vt 0.339704 0.216743
vt 0.331817 0.245671
vt 0.168727 0.198273
vt 0.160191 0.167626
vt 0.340723 0.245998
vt 0.329767 0.274029
vt 0.170397 0.227292
vt 0.159283 0.198221
vt 0.338930 0.274543
vt 0.330324 0.303213
vt 0.169276 0.256968
vt 0.161321 0.227102
vt 0.339206 0.303762
vt 0.327577 0.331501
vt 0.165183 0.423701
vt 0.158650 0.395956
vt 0.167011 0.396460
vt 0.170358 0.285248
vt 0.160090 0.256773
vt 0.336719 0.332214
vt 0.327561 0.360707
vt 0.167260 0.449749
vt 0.156610 0.423578
vt 0.168619 0.314106
vt 0.161530 0.284878
vt 0.333693 0.389740
vt 0.336426 0.361379
vt 0.172467 0.476584
vt 0.158775 0.450670
vt 0.169061 0.341645
vt 0.159683 0.313716
vt 0.333784 0.418815
vt 0.324539 0.389054
vt 0.179868 0.501131
vt 0.164290 0.478478
vt 0.166835 0.369685
vt 0.160476 0.341108
vt 0.332774 0.447174
vt 0.324877 0.418477
vt 0.345704 0.039273
vt 0.332481 0.068820
vt 0.335382 0.037141
vt 0.158135 0.369184
vt 0.337202 0.475910
vt 0.323464 0.447492
vt 0.342453 0.069975
vt 0.329673 0.099297
vt 0.345704 0.502226
vt 0.328339 0.477886
vt 0.339303 0.099868
vt 0.331184 0.129587
vt 0.171549 0.075379
vt 0.169558 0.040345
vt 0.179868 0.044214
vt 0.340279 0.129776
vt 0.329987 0.158530
vt 0.160811 0.073588
vt 0.339275 0.158705
vt 0.122208 0.205692
vt 0.123136 0.223048
vt 0.124394 0.319278
vt 0.124473 0.335667
vt 0.094039 0.345321
vt 0.091575 0.336125
vt 0.124016 0.263348
vt 0.124518 0.280135
vt 0.090791 0.373249
vt 0.063041 0.365019
vt 0.093187 0.364097
vt 0.063050 0.344329
vt 0.025431 0.058675
vt 0.034882 0.082805
vt 0.124579 0.492912
vt 0.085944 0.477883
vt 0.120880 0.479912
vt 0.153167 0.366055
vt 0.153654 0.344209
vt 0.284971 0.491514
vt 0.338011 0.505703
vt 0.287163 0.521942
vt 0.116481 0.077424
vt 0.117514 0.099246
vt 0.119269 0.145264
vt 0.120497 0.163674
vt 0.093423 0.310040
vt 0.121824 0.309192
vt 0.080586 0.488869
vt 0.051830 0.469042
vt 0.288529 0.380899
vt 0.289873 0.363722
vt 0.284891 0.441480
vt 0.286154 0.422659
vt 0.091310 0.319398
vt 0.062713 0.312212
vt 0.044384 0.120545
vt 0.048767 0.144216
vt 0.293958 0.267009
vt 0.294468 0.250204
vt 0.291912 0.323620
vt 0.292899 0.306779
vt 0.122046 0.446629
vt 0.088026 0.455485
vt 0.086741 0.445265
vt 0.154532 0.310599
vt 0.154589 0.288215
vt 0.091636 0.235013
vt 0.088395 0.225482
vt 0.056788 0.448240
vt 0.127463 0.519765
vt 0.290543 0.092519
vt 0.289969 0.072326
vt 0.293109 0.153048
vt 0.292641 0.135540
vt 0.294368 0.210380
vt 0.294372 0.193449
vt 0.123454 0.374054
vt 0.123234 0.390341
vt 0.058784 0.236201
vt 0.121990 0.429225
vt 0.053480 0.179609
vt 0.056025 0.202191
vt 0.250092 0.064169
vt 0.286956 0.059755
vt 0.154724 0.253691
vt 0.154260 0.230697
vt 0.087978 0.427577
vt 0.088710 0.197639
vt 0.119002 0.195084
vt 0.249599 0.076052
vt 0.215524 0.076103
vt 0.090475 0.389861
vt 0.260283 0.193386
vt 0.260363 0.210602
vt 0.257423 0.136875
vt 0.258379 0.154564
vt 0.252556 0.095964
vt 0.073669 0.514976
vt 0.087042 0.207742
vt 0.060377 0.258030
vt 0.290913 0.015179
vt 0.242449 0.037870
vt 0.233582 0.024876
vt 0.153709 0.195132
vt 0.152942 0.171416
vt 0.151679 0.420572
vt 0.206209 0.055415
vt 0.198494 0.055508
vt 0.151994 0.398978
vt 0.120788 0.400249
vt 0.061882 0.291009
vt 0.259016 0.304525
vt 0.257893 0.321723
vt 0.260625 0.248994
vt 0.260078 0.266126
vt 0.259234 0.126821
vt 0.289845 0.124798
vt 0.152470 0.134410
vt 0.152454 0.109459
vt 0.226673 0.131285
vt 0.249583 0.418440
vt 0.246670 0.437584
vt 0.255515 0.360497
vt 0.253752 0.378056
vt 0.156992 0.476279
vt 0.256458 0.106076
vt 0.154813 0.069077
vt 0.160326 0.042484
vt 0.084004 0.167127
vt 0.081912 0.148324
vt 0.076492 0.104098
vt 0.072573 0.082226
vt 0.228403 0.513091
vt 0.237048 0.485294
vt 0.154006 0.454103
vt 0.119490 0.457566
vt 0.223724 0.109676
vt 0.325461 0.064592
vt 0.262623 0.183804
vt 0.291940 0.183036
vt 0.320481 0.475142
vt 0.318195 0.450976
vt 0.328964 0.039509
vt 0.286007 0.032051
vt 0.230527 0.185808
vt 0.324007 0.126238
vt 0.261221 0.164157
vt 0.319072 0.391933
vt 0.090849 0.281573
vt 0.090055 0.264429
vt 0.324113 0.102592
vt 0.288101 0.104167
vt 0.229639 0.164336
vt 0.122432 0.290433
vt 0.121263 0.233731
vt 0.121125 0.253054
vt 0.118734 0.174918
vt 0.115433 0.111831
vt 0.115812 0.133974
vt 0.114624 0.033729
vt 0.113107 0.063815
vt 0.281567 0.453098
vt 0.281768 0.477292
vt 0.284511 0.411384
vt 0.285166 0.391303
vt 0.322123 0.334359
vt 0.288321 0.353069
vt 0.288744 0.333824
vt 0.324378 0.277004
vt 0.291124 0.296305
vt 0.291055 0.277240
vt 0.325185 0.219577
vt 0.292381 0.239804
vt 0.291744 0.220726
vt 0.324675 0.161791
vt 0.290718 0.163688
vt 0.119608 0.418936
vt 0.122168 0.345666
vt 0.121138 0.364064
vt 0.061812 0.396549
vt 0.090939 0.418227
vt 0.060365 0.416966
vt 0.092547 0.399152
vt 0.262736 0.220137
vt 0.231244 0.240199
vt 0.231384 0.218722
vt 0.263338 0.239578
vt 0.262125 0.275717
vt 0.229832 0.294663
vt 0.230768 0.273137
vt 0.262067 0.295184
vt 0.259650 0.331438
vt 0.226341 0.349346
vt 0.228128 0.327705
vt 0.258942 0.351124
vt 0.255193 0.388103
vt 0.219866 0.404702
vt 0.223033 0.382717
vt 0.253669 0.408668
vt 0.213167 0.439072
vt 0.243700 0.473532
vt 0.206531 0.461756
vt 0.247497 0.448884
vt 0.072950 0.069125
vt 0.066559 0.039417
vt 0.083272 0.137458
vt 0.081278 0.114892
vt 0.087754 0.177017
vt 0.091945 0.254751
vt 0.093689 0.290894
vt 0.056664 0.025195
vt 0.119881 0.015179
vt 0.317968 0.414800
vt 0.320769 0.356954
vt 0.323472 0.299592
vt 0.324868 0.242232
vt 0.324821 0.184658
vt 0.009813 0.061933
vt 0.172648 0.504207
vn -0.0000 -0.0000 1.0000
vn 0.7071 0.7071 -0.0000
vn 0.9659 0.2588 -0.0000
vn -0.2588 0.9659 -0.0000
vn 0.2588 0.9659 -0.0000
vn -0.9659 0.2588 -0.0000
vn -0.7071 0.7071 -0.0000
vn 0.9659 -0.2588 -0.0000
vn 0.7071 -0.7071 -0.0000
vn -0.7071 -0.7071 -0.0000
vn -0.9659 -0.2588 -0.0000
vn 0.2588 -0.9659 -0.0000
vn -0.2588 -0.9659 -0.0000
vn -0.0000 1.0000 -0.0000
vn 1.0000 -0.0000 -0.0000
vn -0.0000 -1.0000 -0.0000
vn -0.0000 -0.0000 -1.0000
vn -1.0000 -0.0000 -0.0000
vn 0.5000 0.8660 -0.0000
vn 0.5000 -0.8660 -0.0000
vn -0.5000 0.8660 -0.0000
vn -0.5000 -0.8660 -0.0000
vn -0.9239 -0.3827 -0.0000
vn -0.9808 -0.1951 -0.0000
vn 0.9239 -0.3827 -0.0000
vn 0.9239 0.3827 -0.0000
vn 0.3827 0.9239 -0.0000
vn -0.3827 0.9239 -0.0000
vn -0.8315 0.5556 -0.0000
vn -0.9239 0.3827 -0.0000
vn 0.3827 -0.9239 -0.0000
vn -0.8315 -0.5556 -0.0000
vn -0.9808 0.1951 -0.0000
vn 0.9808 -0.1951 -0.0000
vn -0.3827 -0.9239 -0.0000
vn 0.8315 -0.5556 -0.0000
vn 0.9808 0.1951 -0.0000
vn -0.1951 -0.9808 -0.0000
vn 0.1951 -0.9808 -0.0000
vn 0.5556 -0.8315 -0.0000
vn -0.5556 -0.8315 -0.0000
vn 0.8315 0.5556 -0.0000
vn 0.5556 0.8315 -0.0000
vn -0.5556 0.8315 -0.0000
vn 0.1951 0.9808 -0.0000
vn -0.1951 0.9808 -0.0000
vn 0.0007 -0.0004 -1.0000
vn 0.0008 -0.0000 -1.0000
vn -0.0007 0.0004 -1.0000
vn -0.0004 0.0007 -1.0000
vn 0.0004 0.0007 -1.0000
vn -0.0000 0.0008 -1.0000
vn -0.0004 -0.0007 -1.0000
vn -0.0007 -0.0004 -1.0000
vn 0.0004 -0.0007 -1.0000
vn 0.0007 0.0004 -1.0000
vn -0.0008 -0.0000 -1.0000
vn -0.0000 -0.0008 -1.0000
vn -0.4210 0.9071 -0.0000
vn -0.0890 0.9960 -0.0000
vn -0.9960 0.0890 -0.0000
vn -0.9071 0.4210 -0.0000
vn -0.5751 -0.8181 -0.0000
vn -0.8181 -0.5751 -0.0000
vn -0.3805 -0.1020 0.9191
vn -0.1219 -0.0327 0.9920
vn 0.4210 -0.9071 -0.0000
vn 0.0890 -0.9960 -0.0000
vn 0.9960 -0.0890 -0.0000
vn 0.9071 -0.4210 -0.0000
vn 0.5751 0.8181 -0.0000
vn 0.8181 0.5751 -0.0000
vn -0.6806 0.6806 -0.2714
vn -0.9297 -0.2491 -0.2714
vn -0.2491 -0.9297 -0.2714
vn 0.6806 -0.6806 -0.2714
vn 0.9297 0.2491 -0.2714
vn 0.2491 0.9297 -0.2714
vn 0.5838 -0.5838 -0.5643
vn -0.7974 -0.2137 -0.5643
vn -0.2785 0.2785 0.9191
vn -0.0892 0.0892 0.9920
vn -0.1020 -0.3805 0.9191
vn -0.0327 -0.1219 0.9920
vn 0.3805 0.1020 0.9191
vn 0.1219 0.0327 0.9920
vn -0.2785 0.2785 -0.9191
vn -0.0892 0.0892 -0.9920
vn 0.3805 0.1020 -0.9191
vn 0.1219 0.0327 -0.9920
vn -0.8270 -0.2216 0.5167
vn -0.8753 -0.2345 0.4229
vn -0.2216 -0.8270 0.5167
vn -0.2345 -0.8753 0.4229
vn -0.1020 -0.3805 -0.9191
vn -0.0327 -0.1219 -0.9920
vn 0.1080 0.4029 -0.9089
vn 0.6054 -0.6054 0.5167
vn 0.6408 -0.6408 0.4229
vn -0.4029 -0.1080 0.9089
vn 0.7974 0.2137 -0.5643
vn -0.3805 -0.1020 -0.9191
vn -0.1219 -0.0327 -0.9920
vn 0.4029 0.1080 -0.9089
vn 0.2949 -0.2949 0.9089
vn 0.5146 -0.5146 0.6859
vn -0.5838 0.5838 -0.5643
vn 0.2785 -0.2785 -0.9191
vn 0.0892 -0.0892 -0.9920
vn -0.2949 0.2949 -0.9089
vn -0.5146 0.5146 -0.6859
vn 0.4029 0.1080 0.9089
vn -0.4029 -0.1080 -0.9089
vn -0.7029 -0.1883 -0.6859
vn 0.8270 0.2216 0.5167
vn 0.8753 0.2345 0.4229
vn 0.2216 0.8270 0.5167
vn 0.2345 0.8753 0.4229
vn -0.2137 -0.7974 -0.5643
vn 0.0327 0.1219 -0.9920
vn -0.1080 -0.4029 -0.9089
vn -0.1884 -0.7029 -0.6859
vn 0.2949 -0.2949 -0.9089
vn 0.5146 -0.5146 -0.6859
vn -0.6054 0.6054 0.5167
vn -0.6408 0.6408 0.4229
vn 0.2785 -0.2785 0.9191
vn 0.0892 -0.0892 0.9920
vn -0.2949 0.2949 0.9089
vn -0.5146 0.5146 0.6859
vn -0.8181 0.5751 -0.0000
vn -0.9960 -0.0890 -0.0000
vn -0.8660 -0.5000 -0.0000
vn -0.0890 -0.9960 -0.0000
vn 0.5751 -0.8181 -0.0000
vn 0.8660 -0.5000 -0.0000
vn 0.9071 0.4210 -0.0000
vn 0.4210 0.9071 -0.0000
vn 0.2137 0.7974 -0.5643
vn -0.8660 0.5000 -0.0000
vn 0.8660 0.5000 -0.0000
vn -0.1884 -0.7029 0.6859
vn 0.1020 0.3805 0.9191
vn 0.0327 0.1219 0.9920
vn -0.1080 -0.4029 0.9089
vn 0.1884 0.7029 -0.6859
vn -0.4029 -0.1079 0.9089
vn -0.7029 -0.1883 0.6859
vn 0.7029 0.1884 -0.6859
vn 0.7029 0.1884 0.6859
vn 0.4029 0.1079 0.9089
vn -0.4029 -0.1079 -0.9089
vn 0.1079 0.4029 0.9089
vn 0.1883 0.7029 0.6859
vn 0.1019 0.3805 -0.9191
vn -0.7029 -0.1884 -0.6859
vn -0.1079 -0.4029 0.9089
vn -0.1883 -0.7029 0.6859
vn -0.2786 0.2785 0.9191
vn -0.0392 0.0119 0.9992
vn -0.0407 -0.0040 0.9992
vn -0.0391 0.0119 0.9992
vn -0.0317 0.0260 0.9992
vn -0.0316 0.0259 0.9992
vn -0.0193 0.0362 0.9992
vn -0.0193 0.0361 0.9992
vn -0.0040 0.0408 0.9992
vn 0.0119 0.0393 0.9992
vn 0.0261 0.0318 0.9992
vn 0.0260 0.0317 0.9992
vn 0.0362 0.0194 0.9992
vn 0.0409 0.0040 0.9992
vn 0.0393 -0.0119 0.9992
vn 0.0317 -0.0260 0.9992
vn 0.0193 -0.0361 0.9992
vn 0.0193 -0.0362 0.9992
vn 0.0040 -0.0407 0.9992
vn 0.0040 -0.0408 0.9992
vn -0.0119 -0.0391 0.9992
vn -0.0119 -0.0392 0.9992
vn -0.0259 -0.0316 0.9992
vn -0.0360 -0.0193 0.9992
vn 0.0118 0.0388 -0.9992
vn 0.0191 -0.0358 -0.9992
vn 0.0040 -0.0405 -0.9992
vn 0.0192 -0.0359 -0.9992
vn -0.0040 0.0404 -0.9992
vn 0.0314 -0.0258 -0.9992
vn -0.0192 0.0359 -0.9992
vn 0.0388 -0.0118 -0.9992
vn -0.0405 -0.0040 -0.9992
vn -0.0191 0.0358 -0.9992
vn -0.0315 0.0258 -0.9992
vn -0.0359 -0.0192 -0.9992
vn -0.0314 0.0258 -0.9992
vn 0.0403 0.0040 -0.9992
vn -0.0390 0.0118 -0.9992
vn 0.0404 0.0040 -0.9992
vn -0.0258 -0.0315 -0.9992
vn -0.0389 0.0118 -0.9992
vn 0.0357 0.0191 -0.9992
vn -0.0118 -0.0389 -0.9992
vn -0.0118 -0.0390 -0.9992
vn 0.0257 0.0313 -0.9992
vn 0.0040 -0.0404 -0.9992
vn -0.2874 0.9476 -0.1397
vn -0.2780 0.9165 -0.2875
vn -0.2875 0.9477 -0.1389
vn -0.8729 0.4666 -0.1429
vn -0.8439 0.4511 -0.2904
vn -0.8730 0.4666 -0.1422
vn 0.3832 0.9236 0.0039
vn 0.3822 0.9241 0.0037
vn -0.6280 0.7652 -0.1414
vn -0.6073 0.7400 -0.2890
vn -0.6281 0.7653 -0.1406
vn -0.1945 -0.9809 -0.0031
vn -0.1935 -0.9811 -0.0034
vn -0.1947 -0.9809 -0.0030
vn 0.3808 0.9246 0.0042
vn 0.3806 0.9247 0.0042
vn 0.0719 0.0876 0.9936
vn 0.5556 -0.8314 0.0005
vn 0.5555 -0.8315 0.0005
vn -0.1075 0.0326 -0.9937
vn 0.7658 0.6285 -0.1360
vn 0.7411 0.6082 -0.2844
vn 0.7658 0.6285 -0.1359
vn 0.4670 0.8736 -0.1368
vn 0.4519 0.8454 -0.2849
vn 0.4670 0.8737 -0.1364
vn 0.0971 0.9856 -0.1381
vn 0.0939 0.9536 -0.2860
vn 0.0971 0.9857 -0.1374
vn -0.5561 -0.8311 -0.0044
vn -0.5551 -0.8318 -0.0042
vn 0.5553 -0.8316 0.0005
vn 0.9539 -0.0940 -0.2849
vn 0.9858 -0.0971 -0.1368
vn 0.9859 -0.0971 -0.1364
vn 0.9174 0.2783 -0.2844
vn 0.9480 0.2876 -0.1360
vn 0.9481 0.2876 -0.1359
vn -0.5549 -0.8319 -0.0043
vn 0.0329 0.1084 0.9936
vn 0.6076 -0.7404 -0.2875
vn 0.6282 -0.7654 -0.1397
vn 0.6282 -0.7655 -0.1389
vn 0.8451 -0.4517 -0.2860
vn 0.8735 -0.4669 -0.1381
vn 0.8736 -0.4669 -0.1374
vn -0.3826 0.9239 0.0005
vn -0.3827 0.9239 0.0005
vn -0.3828 0.9238 0.0005
vn -0.0868 0.0712 -0.9937
vn 0.9242 0.3820 0.0050
vn 0.9236 0.3833 0.0048
vn 0.9235 0.3835 0.0048
vn -0.3829 0.9238 0.0005
vn -0.7393 -0.6067 -0.2921
vn -0.7649 -0.6277 -0.1444
vn -0.7649 -0.6278 -0.1443
vn -0.4509 -0.8436 -0.2915
vn -0.4665 -0.8727 -0.1439
vn -0.4665 -0.8728 -0.1435
vn -0.0938 -0.9523 -0.2904
vn -0.0970 -0.9850 -0.1429
vn -0.0970 -0.9851 -0.1422
vn 0.2779 -0.9161 -0.2890
vn 0.2874 -0.9473 -0.1414
vn 0.2874 -0.9474 -0.1406
vn -0.9848 0.0970 -0.1439
vn -0.9520 0.0938 -0.2915
vn -0.9849 0.0970 -0.1435
vn 0.9229 0.3851 0.0054
vn 0.9228 0.3854 0.0054
vn -0.9469 -0.2872 -0.1444
vn -0.9152 -0.2776 -0.2921
vn -0.9469 -0.2872 -0.1443
vn -0.0111 0.1127 0.9936
vn 0.8317 -0.5553 0.0024
vn 0.8313 -0.5558 0.0023
vn 0.8317 -0.5552 0.0024
vn -0.0529 0.0989 -0.9937
vn -0.9131 -0.2770 0.2992
vn -0.9458 -0.2869 0.1519
vn -0.9459 -0.2869 0.1518
vn -0.9807 -0.1957 -0.0046
vn -0.9809 -0.1943 -0.0048
vn 0.8312 -0.5559 0.0023
vn 0.8308 -0.5566 0.0025
vn -0.9494 0.0935 0.2997
vn -0.9835 0.0969 0.1527
vn -0.9836 0.0969 0.1523
vn 0.2767 -0.9122 0.3022
vn 0.2868 -0.9454 0.1548
vn -0.0968 -0.9833 0.1540
vn -0.0935 -0.9491 0.3008
vn -0.0969 -0.9834 0.1533
vn -0.4659 -0.8716 0.1527
vn -0.4497 -0.8414 0.2997
vn -0.4659 -0.8716 0.1523
vn -0.7640 -0.6270 0.1519
vn -0.7376 -0.6053 0.2992
vn -0.7641 -0.6270 0.1518
vn -0.0533 0.0998 0.9936
vn -0.7070 0.7072 -0.0014
vn -0.7069 0.7073 -0.0014
vn -0.0110 0.1115 -0.9937
vn 0.1943 -0.9809 -0.0016
vn -0.7066 0.7076 -0.0016
vn -0.7065 0.7077 -0.0016
vn 0.0004 1.0000 0.0024
vn 0.0012 1.0000 0.0025
vn -0.0874 0.0717 0.9936
vn 0.8707 -0.4654 0.1587
vn 0.8399 -0.4489 0.3052
vn 0.8708 -0.4655 0.1580
vn 0.6265 -0.7634 0.1573
vn 0.6044 -0.7365 0.3037
vn 0.6266 -0.7635 0.1564
vn 0.9809 -0.1945 0.0039
vn 0.9807 -0.1956 0.0037
vn 0.0325 0.1072 -0.9937
vn -0.1956 -0.9807 -0.0032
vn -0.1967 -0.9805 -0.0034
vn -0.1969 -0.9804 -0.0034
vn 0.9806 -0.1958 0.0037
vn 0.9446 0.2865 0.1603
vn 0.9108 0.2763 0.3068
vn 0.9446 0.2865 0.1601
vn 0.9824 -0.0968 0.1598
vn 0.9474 -0.0933 0.3062
vn 0.9825 -0.0968 0.1593
vn 0.5558 -0.8313 0.0005
vn -0.1081 0.0328 0.9936
vn -0.9241 0.3822 -0.0032
vn -0.9237 0.3831 -0.0030
vn -0.9237 0.3832 -0.0031
vn 0.0710 0.0865 -0.9937
vn 0.0933 0.9477 0.3052
vn 0.0968 0.9826 0.1587
vn 0.0968 0.9827 0.1580
vn 0.4488 0.8396 0.3062
vn 0.4653 0.8706 0.1598
vn 0.4654 0.8707 0.1593
vn 0.7357 0.6038 0.3068
vn 0.7630 0.6262 0.1603
vn 0.7630 0.6262 0.1601
vn -0.3825 0.9240 0.0005
vn -0.9232 0.3842 -0.0034
vn -0.9232 0.3844 -0.0034
vn 0.8321 -0.5546 0.0025
vn 0.8322 -0.5544 0.0025
vn 0.9806 0.1958 0.0048
vn 0.9809 0.1945 0.0046
vn 0.9806 0.1959 0.0048
vn 0.0987 0.0528 -0.9937
vn -0.7076 0.7066 -0.0015
vn -0.7073 0.7069 -0.0015
vn 0.9809 0.1942 0.0046
vn 0.9813 0.1926 0.0051
vn 0.9812 -0.1931 0.0041
vn 0.9812 -0.1929 0.0042
vn -1.0000 -0.0007 -0.0044
vn -1.0000 0.0006 -0.0042
vn -1.0000 0.0008 -0.0043
vn 0.1114 0.0110 -0.9937
vn -0.6047 0.7369 0.3022
vn -0.6267 0.7636 0.1556
vn -1.0000 0.0023 -0.0047
vn -1.0000 0.0026 -0.0048
vn -0.8411 0.4496 0.3008
vn -0.8714 0.4658 0.1540
vn -0.8715 0.4658 0.1533
vn -0.2867 0.9450 0.1573
vn -0.2867 0.9452 0.1564
vn -0.7529 0.6179 -0.2269
vn -0.6889 0.5654 -0.4535
vn -0.7531 0.6180 -0.2256
vn -0.4593 0.8592 -0.2253
vn -0.4204 0.7866 -0.4523
vn -0.4594 0.8595 -0.2239
vn -0.0955 0.9700 -0.2236
vn -0.0875 0.8882 -0.4510
vn -0.0956 0.9703 -0.2223
vn 0.2830 0.9330 -0.2221
vn 0.2592 0.8546 -0.4500
vn 0.2831 0.9333 -0.2211
vn 0.6187 0.7539 -0.2209
vn 0.5668 0.6906 -0.4493
vn 0.6188 0.7540 -0.2204
vn 0.8602 0.4598 -0.2204
vn 0.7880 0.4212 -0.4490
vn 0.8891 0.0876 -0.4493
vn 0.9706 0.0956 -0.2209
vn 0.9707 0.0956 -0.2204
vn 0.8546 -0.2592 -0.4500
vn 0.9330 -0.2830 -0.2221
vn 0.9333 -0.2831 -0.2211
vn 0.6899 -0.5662 -0.4510
vn 0.7534 -0.6183 -0.2236
vn 0.7537 -0.6185 -0.2223
vn 0.4204 -0.7866 -0.4523
vn 0.4593 -0.8592 -0.2253
vn 0.4594 -0.8595 -0.2239
vn 0.0874 -0.8869 -0.4535
vn 0.0955 -0.9692 -0.2269
vn 0.0955 -0.9695 -0.2256
vn -0.2586 -0.8523 -0.4546
vn -0.2826 -0.9317 -0.2281
vn -0.2827 -0.9319 -0.2271
vn -0.5648 -0.6882 -0.4553
vn -0.6176 -0.7525 -0.2288
vn -0.6176 -0.7526 -0.2282
vn -0.7851 -0.4196 -0.4556
vn -0.8585 -0.4589 -0.2288
vn -0.9688 -0.0954 -0.2288
vn -0.8860 -0.0873 -0.4553
vn -0.9689 -0.0954 -0.2282
vn -0.9317 0.2826 -0.2281
vn -0.8523 0.2586 -0.4546
vn -0.9319 0.2827 -0.2271
vn -0.8486 0.2574 0.4622
vn -0.9295 0.2820 0.2377
vn -0.9297 0.2820 0.2367
vn -0.8829 -0.0870 0.4615
vn -0.9669 -0.0952 0.2366
vn -0.9671 -0.0952 0.2361
vn -0.8570 -0.4581 0.2360
vn -0.7825 -0.4183 0.4612
vn -0.6164 -0.7511 0.2366
vn -0.5628 -0.6858 0.4615
vn -0.6165 -0.7512 0.2361
vn -0.2820 -0.9295 0.2377
vn -0.2574 -0.8486 0.4622
vn -0.2820 -0.9297 0.2367
vn 0.0952 -0.9663 0.2392
vn 0.0869 -0.8820 0.4632
vn 0.0952 -0.9666 0.2380
vn 0.4575 -0.8560 0.2409
vn 0.4175 -0.7810 0.4645
vn 0.4577 -0.8562 0.2395
vn 0.7499 -0.6155 0.2424
vn 0.6841 -0.5614 0.4657
vn 0.7502 -0.6157 0.2412
vn 0.9281 -0.2815 0.2436
vn 0.8463 -0.2567 0.4667
vn 0.9283 -0.2816 0.2427
vn 0.9650 0.0950 0.2443
vn 0.8798 0.0867 0.4674
vn 0.9652 0.0951 0.2438
vn 0.7795 0.4167 0.4676
vn 0.8552 0.4571 0.2444
vn 0.5608 0.6834 0.4674
vn 0.6152 0.7496 0.2443
vn 0.6152 0.7497 0.2438
vn 0.2567 0.8463 0.4667
vn 0.2815 0.9281 0.2436
vn 0.2816 0.9283 0.2427
vn -0.0867 0.8807 0.4657
vn -0.0951 0.9655 0.2424
vn -0.0951 0.9658 0.2412
vn -0.4175 0.7810 0.4645
vn -0.4575 0.8560 0.2409
vn -0.6851 0.5622 0.4632
vn -0.7506 0.6160 0.2392
vn -0.7508 0.6162 0.2380
vn 0.1000 0.0535 0.9935
vn 0.7065 0.7077 0.0046
vn 0.7053 0.7089 0.0051
vn 0.7051 0.7091 0.0052
vn -0.0004 1.0000 0.0023
vn -0.0012 1.0000 0.0025
vn -0.0014 1.0000 0.0026
vn 0.7076 0.7066 0.0048
vn 0.7067 0.7075 0.0046
vn -0.0003 1.0000 0.0023
vn 0.1128 0.0111 0.9936
vn -0.8300 -0.5577 -0.0053
vn -0.8311 -0.5561 -0.0048
vn 0.1953 -0.9807 -0.0014
vn 0.1958 -0.9806 -0.0016
vn -0.8319 -0.5549 -0.0050
vn 0.1949 -0.9808 -0.0015
vn 0.1084 -0.0329 0.9936
vn 1.0000 0.0008 0.0043
vn 1.0000 0.0023 0.0048
vn 1.0000 0.0026 0.0048
vn 1.0000 -0.0007 0.0044
vn 1.0000 0.0006 0.0042
vn 0.0875 -0.0718 0.9936
vn 0.9245 -0.3811 0.0034
vn 0.9246 -0.3810 0.0035
vn 0.9237 -0.3831 0.0032
vn 0.9240 -0.3823 0.0030
vn 0.0533 -0.0998 0.9936
vn -0.9809 0.1944 -0.0037
vn -0.9812 0.1931 -0.0042
vn -0.9809 0.1946 -0.0037
vn -0.9807 0.1957 -0.0039
vn -0.9806 0.1957 -0.0039
vn 0.0111 -0.1125 0.9936
vn 0.7073 -0.7069 0.0014
vn 0.7077 -0.7066 0.0016
vn 0.7077 -0.7065 0.0016
vn 0.7069 -0.7073 0.0014
vn 0.7072 -0.7070 0.0014
vn -0.9813 -0.1924 -0.0051
vn -0.0328 -0.1081 0.9936
vn -0.8317 0.5552 -0.0023
vn -0.8316 0.5553 -0.0023
vn 0.9249 0.3803 0.0053
vn 0.9242 0.3819 0.0050
vn -0.8313 0.5559 -0.0024
vn -0.8312 0.5559 -0.0024
vn -0.5575 -0.8302 -0.0047
vn -0.5577 -0.8300 -0.0047
vn -0.0716 -0.0873 0.9936
vn 0.3826 -0.9239 -0.0005
vn 0.3824 -0.9240 -0.0005
vn 0.3845 0.9231 0.0041
vn 0.3833 0.9236 0.0039
vn 0.3828 -0.9238 -0.0005
vn 0.7089 0.7053 0.0051
vn 0.7077 0.7065 0.0048
vn -0.0995 -0.0532 0.9936
vn -0.0996 -0.0532 0.9936
vn -0.5556 0.8314 -0.0005
vn -0.5558 0.8313 -0.0005
vn -0.8329 -0.5534 -0.0053
vn -0.5555 0.8315 -0.0005
vn 1.0000 -0.0023 0.0047
vn -0.1124 -0.0111 0.9936
vn -0.0004 -1.0000 -0.0023
vn -0.0012 -1.0000 -0.0025
vn -0.0014 -1.0000 -0.0026
vn 0.9232 -0.3842 0.0034
vn 0.9237 -0.3832 0.0032
vn -0.1119 -0.0110 -0.9937
vn 0.0004 -1.0000 -0.0024
vn -0.0003 -1.0000 -0.0023
vn -0.9803 0.1973 -0.0041
vn -0.1948 0.9808 0.0014
vn -0.1943 0.9809 0.0016
vn -0.1949 0.9808 0.0014
vn 0.7066 -0.7076 0.0015
vn 0.7069 -0.7073 0.0015
vn -0.0992 -0.0530 -0.9937
vn -0.1953 0.9807 0.0014
vn -0.1953 0.9807 0.0015
vn -0.8308 0.5566 -0.0025
vn -0.8307 0.5567 -0.0025
vn -0.3833 -0.9236 -0.0037
vn -0.3846 -0.9231 -0.0042
vn -0.3848 -0.9230 -0.0042
vn 0.3829 -0.9238 -0.0005
vn -0.0713 -0.0869 -0.9937
vn -0.3821 -0.9241 -0.0039
vn -0.5554 0.8316 -0.0005
vn -0.5553 0.8316 -0.0005
vn 0.1957 0.9807 0.0031
vn 0.1967 0.9805 0.0034
vn 0.1955 0.9807 0.0030
vn 0.0012 -1.0000 -0.0025
vn -0.0326 -0.1075 -0.9937
vn 0.1946 0.9809 0.0032
vn -0.1958 0.9806 0.0015
vn -0.1959 0.9806 0.0016
vn -0.7077 -0.7065 -0.0046
vn -0.7091 -0.7051 -0.0052
vn -0.3808 -0.9246 -0.0041
vn 0.0110 -0.1117 -0.9937
vn -0.7066 -0.7076 -0.0048
vn -0.7075 -0.7067 -0.0046
vn 0.1935 0.9811 0.0034
vn 0.1933 0.9811 0.0034
vn 0.5562 0.8310 0.0043
vn -0.7065 -0.7077 -0.0048
vn 0.0529 -0.0989 -0.9937
vn 0.5550 0.8318 0.0044
vn 0.5549 0.8319 0.0044
vn 0.5537 0.8327 0.0047
vn -0.9242 -0.3818 -0.0048
vn -0.9250 -0.3800 -0.0054
vn -0.9236 -0.3834 -0.0050
vn -0.9229 -0.3851 -0.0053
vn 0.0866 -0.0711 -0.9937
vn -0.9241 -0.3821 -0.0048
vn 0.8310 0.5562 0.0050
vn 0.8300 0.5577 0.0053
vn 0.8320 0.5548 0.0048
vn 0.8329 0.5534 0.0054
vn 0.8318 0.5550 0.0048
vn -1.0000 -0.0023 -0.0047
vn 0.1072 -0.0325 -0.9937
vn 0.8310 0.5563 0.0050
vn 0.9803 0.1975 0.0051
vn 0.9802 0.1978 0.0051
vn -0.1933 -0.9811 -0.0034
vn -0.5534 -0.8329 -0.0048
vn -0.9802 -0.1978 -0.0052
vn 0.9803 -0.1973 0.0042
vn -0.3824 0.9240 0.0005
vn -0.7077 0.7065 -0.0016
vn 0.9813 0.1924 0.0052
vn -0.9246 0.3810 -0.0034
vn 0.1000 0.0535 0.9936
vn 0.1959 -0.9806 -0.0016
vn -0.9812 0.1929 -0.0042
vn -0.8322 0.5544 -0.0026
vn 0.3847 0.9230 0.0042
vn 1.0000 -0.0025 0.0047
vn 0.9232 -0.3844 0.0034
vn 0.7065 -0.7077 0.0016
vn -0.3806 -0.9247 -0.0041
vn 0.5577 0.8300 0.0048
vn -0.9228 -0.3853 -0.0054
vn 0.8331 0.5531 0.0054
vn -1.0000 -0.0025 -0.0047
vn 0.0408 0.0040 0.9992
vn 0.0392 -0.0119 0.9992
vn -0.0361 -0.0193 0.9992
vn 0.0314 -0.0257 -0.9992
vn 0.3820 0.9242 0.0037
vn -0.5562 -0.8310 -0.0044
vn 0.5554 -0.8316 0.0005
vn -0.5537 -0.8327 -0.0047
vn -0.3830 0.9238 0.0005
vn 0.2868 -0.9453 0.1556
vn -0.9806 -0.1959 -0.0046
vn -0.9803 -0.1975 -0.0051
vn -0.7073 0.7069 -0.0014
vn 0.1944 -0.9809 -0.0016
vn 0.9809 -0.1944 0.0039
vn 0.9804 -0.1971 0.0041
vn -0.6268 0.7637 0.1548
vn -0.9245 0.3812 -0.0034
vn -0.2766 0.9117 0.3038
vn -0.4175 0.7810 0.4644
vn -0.4577 0.8562 0.2395
vn -0.8310 -0.5563 -0.0048
vn 0.1948 -0.9808 -0.0015
vn 0.9241 -0.3821 0.0031
vn -0.9813 -0.1926 -0.0051
vn -0.8322 0.5545 -0.0025
vn 0.3827 -0.9239 -0.0005
vn -0.8331 -0.5532 -0.0053
vn -0.1123 -0.0111 0.9936
vn 0.0004 -1.0000 -0.0023
vn -0.9804 0.1970 -0.0041
vn -0.1944 0.9809 0.0016
vn -0.3832 -0.9237 -0.0037
vn -0.7089 -0.7053 -0.0051
vn 0.5575 0.8302 0.0048
vn 0.5561 0.8311 0.0042
vn -0.7053 -0.7088 -0.0051
vn 0.5535 0.8329 0.0047
vn -0.9249 -0.3803 -0.0054
vn -0.9235 -0.3835 -0.0050
vn 0.0867 -0.0711 -0.9937
vn 0.8299 0.5579 0.0053
vn 0.8307 -0.5567 0.0025
vn 0.0013 1.0000 0.0025
vn -0.8298 -0.5580 -0.0054
vn 0.9250 0.3800 0.0053
vn 0.7091 0.7051 0.0051
vn -0.0991 -0.0530 -0.9937
vn 0.1969 0.9804 0.0034
vn 0.0013 -1.0000 -0.0025
vn -0.7051 -0.7090 -0.0051
usemtl SpacialRoverExploreralumGray
f 57/1/16 25/2/16 56/3/38
f 25/2/16 57/1/16 58/4/39
f 25/2/16 24/5/38 56/3/38
f 58/4/39 26/6/39 25/2/16
f 24/5/38 55/7/35 56/3/38
f 58/4/39 59/8/31 26/6/39
f 24/5/38 23/9/35 55/7/35
f 59/8/31 27/10/31 26/6/39
f 59/8/31 60/11/40 27/10/31
f 60/11/40 28/12/40 27/10/31
f 23/9/35 54/13/41 55/7/35
f 54/13/41 23/9/35 22/14/41
f 60/11/40 61/15/9 28/12/40
f 61/15/9 29/16/9 28/12/40
f 54/13/41 22/14/41 53/17/10
f 22/14/41 21/18/10 53/17/10
f 21/18/10 52/19/32 53/17/10
f 61/15/9 62/20/36 29/16/9
f 21/18/10 20/21/32 52/19/32
f 62/20/36 30/22/36 29/16/9
f 62/20/36 63/23/25 30/22/36
f 52/19/32 20/21/32 51/24/23
f 20/21/32 19/25/23 51/24/23
f 30/22/36 63/23/25 31/26/25
f 19/25/23 50/27/24 51/24/23
f 31/26/25 63/23/25 32/28/34
f 19/25/23 18/29/24 50/27/24
f 32/28/34 63/23/25 64/30/34
f 18/29/24 49/31/18 50/27/24
f 49/31/18 18/29/24 17/32/18
f 32/28/34 64/30/34 33/33/15
f 33/33/15 1/34/15 32/28/34
f 33/33/15 34/35/37 1/34/15
f 49/31/18 17/32/18 48/36/33
f 48/36/33 17/32/18 16/37/33
f 1/34/15 34/35/37 2/38/37
f 2/38/37 34/35/37 35/39/26
f 2/38/37 35/39/26 3/40/26
f 48/36/33 16/37/33 47/41/30
f 16/42/33 15/43/30 47/44/30
f 15/43/30 46/45/29 47/44/30
f 3/40/26 35/39/26 36/46/42
f 15/43/30 14/47/29 46/45/29
f 3/40/26 36/46/42 4/48/42
f 46/45/29 14/47/29 45/49/7
f 4/48/42 36/46/42 37/50/2
f 4/48/42 37/50/2 5/51/2
f 45/49/7 14/47/29 13/52/7
f 5/51/2 37/50/2 38/53/43
f 45/49/7 13/52/7 44/54/44
f 5/51/2 38/53/43 6/55/43
f 44/54/44 13/52/7 12/56/44
f 6/55/43 38/53/43 39/57/27
f 44/54/44 12/56/44 43/58/28
f 6/55/43 39/57/27 7/59/27
f 43/58/28 12/56/44 11/60/28
f 7/59/27 39/57/27 40/61/45
f 43/58/28 11/60/28 42/62/46
f 42/62/46 11/60/28 10/63/46
f 7/59/27 40/61/45 8/64/45
f 42/62/46 10/63/46 41/65/14
f 8/64/45 40/61/45 41/65/14
f 41/65/14 10/63/46 9/66/14
f 8/64/45 41/65/14 9/66/14
f 493/67/47 516/68/48 517/69/47
f 499/70/49 524/71/50 500/72/50
f 490/73/51 503/74/52 514/75/51
f 496/76/53 521/77/54 497/78/54
f 493/67/47 518/79/55 494/80/55
f 489/81/52 524/71/50 503/74/52
f 490/82/51 515/83/56 491/84/56
f 497/78/54 522/85/57 498/86/57
f 495/87/58 518/79/55 519/88/58
f 491/89/56 516/68/48 492/90/48
f 498/86/57 523/91/49 499/70/49
f 495/87/58 520/92/53 496/76/53
f 163/93/59 141/94/60 164/95/59
f 159/96/61 162/97/62 160/98/61
f 155/99/63 158/100/64 156/101/63
f 159/102/65 619/103/66 157/104/65
f 151/105/67 154/106/68 152/107/67
f 147/108/69 150/109/70 148/110/69
f 143/111/71 146/112/72 144/113/71
f 185/114/7 188/115/73 186/116/73
f 181/117/11 184/118/74 182/119/74
f 177/120/13 180/121/75 178/122/75
f 174/123/76 175/124/9 176/125/76
f 169/126/3 172/127/77 170/128/77
f 165/129/78 167/130/5 168/131/78
f 483/132/79 176/133/76 486/134/79
f 467/135/80 184/136/74 470/137/80
f 161/138/81 608/139/82 611/140/82
f 615/141/4 184/136/4 183/142/4
f 155/143/83 627/144/84 153/145/83
f 147/146/85 601/147/86 145/148/85
f 152/149/87 482/150/88 487/151/88
f 158/152/89 471/153/90 160/154/89
f 604/155/4 170/156/4 455/157/4
f 591/158/6 441/159/6 442/160/6
f 590/161/6 442/160/6 443/162/6
f 597/163/91 169/126/92 604/164/91
f 592/165/93 167/130/94 166/166/94
f 141/167/95 447/168/96 144/169/95
f 443/162/97 445/170/146 448/171/97
f 597/163/12 172/172/12 171/173/12
f 598/174/12 452/175/12 597/176/12
f 603/177/4 455/157/4 456/178/4
f 605/179/98 185/114/99 610/180/98
f 599/181/147 603/182/148 602/183/100
f 455/157/101 172/172/77 452/175/101
f 148/184/102 454/185/103 449/186/103
f 450/187/104 456/178/149 451/188/149
f 610/189/10 186/190/10 463/191/10
f 611/192/10 461/193/10 462/194/10
f 608/195/2 458/196/2 607/197/2
f 606/198/2 460/199/2 605/200/2
f 612/201/105 606/202/106 609/203/106
f 463/191/107 188/204/73 460/199/107
f 162/205/108 457/206/109 164/207/108
f 461/193/110 459/208/111 458/196/110
f 613/209/112 617/210/150 620/211/151
f 465/212/113 469/213/114 472/214/152
f 616/215/4 470/137/4 615/216/4
f 615/141/115 181/117/116 618/217/115
f 621/218/117 177/120/118 626/219/117
f 617/220/12 467/135/12 468/221/12
f 626/222/8 178/223/8 479/224/8
f 625/225/8 479/224/8 480/226/8
f 621/218/6 180/227/6 179/228/6
f 622/229/6 476/230/6 621/231/6
f 623/232/153 625/233/154 628/234/153
f 479/224/119 180/227/75 476/230/119
f 156/235/155 478/236/120 473/237/120
f 474/238/121 480/226/122 475/239/122
f 632/240/2 174/241/2 483/132/2
f 631/242/2 483/132/2 484/243/2
f 481/244/123 485/245/124 488/246/123
f 632/247/125 175/124/126 173/248/126
f 151/249/127 629/250/128 149/251/127
f 630/252/129 636/253/130 631/254/130
f 300/255/21 142/256/60 163/93/59
f 299/257/21 277/258/14 300/259/21
f 298/260/131 163/93/59 161/261/62
f 297/262/131 300/259/21 298/263/131
f 296/264/132 161/261/62 159/96/61
f 287/265/3 306/266/3 288/267/3
f 294/268/133 159/96/61 157/269/64
f 293/270/133 296/271/132 294/272/133
f 292/273/22 157/269/64 155/99/63
f 291/274/22 294/272/133 292/275/22
f 290/276/134 155/99/63 153/277/68
f 289/278/134 292/275/22 290/279/134
f 288/280/135 153/277/68 151/105/67
f 281/281/1 301/282/1 279/283/1
f 149/284/70 288/280/135 151/105/67
f 286/285/136 287/286/135 288/287/135
f 284/288/15 149/284/70 147/108/69
f 284/289/15 285/290/136 286/285/136
f 282/291/137 147/108/69 145/292/72
f 281/293/137 284/289/15 282/294/137
f 280/295/138 145/292/72 143/111/71
f 298/296/5 311/297/5 297/298/5
f 277/299/14 143/300/71 142/256/60
f 278/301/14 280/302/138 277/299/14
f 309/303/6 312/304/6 310/305/6
f 305/306/12 308/307/12 306/308/12
f 301/282/2 304/309/2 302/310/2
f 298/296/17 310/311/17 312/312/17
f 282/313/9 303/314/9 281/315/9
f 295/316/1 311/317/1 309/303/1
f 290/318/17 306/266/17 308/319/17
f 295/316/13 310/311/13 296/320/13
f 290/318/11 307/321/11 289/322/11
f 289/322/1 305/306/1 287/323/1
f 279/283/7 302/324/7 280/325/7
f 280/325/17 304/326/17 282/313/17
f 589/327/6 443/162/6 444/328/6
f 599/181/12 451/188/12 598/329/12
f 600/330/12 450/187/12 599/331/12
f 602/332/4 456/178/4 453/333/4
f 601/334/4 453/333/4 454/335/4
f 607/336/2 459/208/2 606/202/2
f 612/337/10 464/338/10 461/193/10
f 609/339/10 463/191/10 464/338/10
f 620/340/12 468/221/12 465/212/12
f 619/341/12 465/212/12 466/342/12
f 613/209/4 469/213/4 616/343/4
f 614/344/4 472/214/4 613/345/4
f 623/232/6 475/239/6 622/346/6
f 624/347/6 474/238/6 623/348/6
f 628/349/8 480/226/8 477/350/8
f 627/351/8 477/350/8 478/236/8
f 630/352/2 484/243/2 481/244/2
f 629/353/2 481/244/2 482/150/2
f 443/162/97 447/168/96 444/328/96
f 446/354/139 442/160/146 441/159/139
f 450/187/104 454/335/103 453/333/104
f 452/175/101 456/178/149 455/157/101
f 458/196/110 462/194/109 461/193/110
f 460/199/107 464/338/111 463/191/107
f 472/214/152 466/342/90 465/212/113
f 470/137/80 468/221/156 467/135/80
f 474/238/121 478/236/120 477/350/121
f 479/224/119 475/239/122 480/226/122
f 488/246/123 482/150/88 481/244/123
f 486/134/79 484/243/124 483/132/79
f 441/159/139 168/355/78 446/354/139
f 500/356/21 278/301/14 299/357/21
f 499/358/140 299/357/21 297/359/131
f 498/360/18 297/359/131 295/361/132
f 497/362/133 295/361/132 293/363/133
f 496/364/22 293/363/133 291/365/22
f 495/366/16 291/365/22 289/367/134
f 494/368/20 289/367/134 287/369/135
f 285/370/136 494/368/20 287/369/135
f 492/371/15 285/370/136 283/372/15
f 491/84/141 283/372/15 281/373/137
f 490/82/19 281/373/137 279/374/138
f 489/375/14 279/376/138 278/301/14
f 9/377/17 527/378/17 556/379/17
f 23/380/17 555/381/17 22/382/17
f 8/383/17 556/379/17 554/384/17
f 22/382/17 553/385/17 21/386/17
f 7/387/17 554/384/17 552/388/17
f 21/386/17 551/389/17 20/390/17
f 6/391/17 552/388/17 550/392/17
f 19/393/17 551/389/17 549/394/17
f 32/395/17 537/396/17 548/397/17
f 5/398/17 550/392/17 547/399/17
f 19/393/17 546/400/17 18/401/17
f 31/402/17 548/397/17 545/403/17
f 4/404/17 547/399/17 544/405/17
f 18/401/17 543/406/17 17/407/17
f 31/402/17 542/408/17 30/409/17
f 3/410/17 544/405/17 541/411/17
f 17/407/17 540/412/17 16/413/17
f 30/409/17 539/414/17 29/415/17
f 2/416/17 541/411/17 538/417/17
f 16/413/17 536/418/17 15/419/17
f 29/415/17 535/420/17 28/421/17
f 2/416/17 537/396/17 1/422/17
f 14/423/17 536/418/17 534/424/17
f 28/421/17 533/425/17 27/426/17
f 13/427/17 534/424/17 532/428/17
f 27/426/17 531/429/17 26/430/17
f 12/431/17 532/428/17 530/432/17
f 26/430/17 529/433/17 25/434/17
f 11/435/17 530/432/17 528/436/17
f 25/434/17 526/437/17 24/438/17
f 10/439/17 528/436/17 527/378/17
f 24/438/17 525/440/17 23/380/17
f 34/441/1 588/442/1 557/443/1
f 35/444/1 557/443/1 558/445/1
f 35/444/1 559/446/1 36/447/1
f 36/447/1 560/448/1 37/449/1
f 37/449/1 561/450/1 38/451/1
f 38/451/1 562/452/1 39/453/1
f 39/453/1 563/454/1 40/455/1
f 40/455/1 564/456/1 41/457/1
f 41/457/1 565/458/1 42/459/1
f 42/459/1 566/460/1 43/461/1
f 43/461/1 567/462/1 44/463/1
f 44/463/1 568/464/1 45/465/1
f 45/465/1 569/466/1 46/467/1
f 46/467/1 570/468/1 47/469/1
f 47/469/1 571/470/1 48/471/1
f 48/471/1 572/472/1 49/473/1
f 49/473/1 573/474/1 50/475/1
f 50/475/1 574/476/1 51/477/1
f 51/477/1 575/478/1 52/479/1
f 53/480/1 575/478/1 576/481/1
f 54/482/1 576/481/1 577/483/1
f 55/484/1 577/483/1 578/485/1
f 56/486/1 578/485/1 579/487/1
f 57/488/1 579/487/1 580/489/1
f 58/490/1 580/489/1 581/491/1
f 59/492/1 581/491/1 582/493/1
f 60/494/1 582/493/1 583/495/1
f 61/496/1 583/495/1 584/497/1
f 62/498/1 584/497/1 585/499/1
f 63/500/1 585/499/1 586/501/1
f 64/502/1 586/501/1 587/503/1
f 33/504/1 587/503/1 588/442/1
f 589/327/6 141/167/6 142/505/6
f 144/169/8 594/506/8 143/507/8
f 148/508/12 600/509/12 147/146/12
f 146/510/4 601/511/4 454/335/4
f 592/512/6 165/513/6 441/159/6
f 164/207/2 608/139/2 163/514/2
f 162/205/10 611/515/10 462/194/10
f 160/154/4 614/516/4 159/102/4
f 158/152/12 619/517/12 466/342/12
f 156/235/6 624/518/6 155/143/6
f 154/519/8 627/520/8 478/236/8
f 150/521/2 629/522/2 482/150/2
f 152/149/10 634/523/10 151/249/10
f 592/524/93 596/525/142 595/526/93
f 602/527/100 600/330/86 599/331/147
f 604/528/91 598/174/148 597/176/91
f 612/529/105 608/195/82 607/197/105
f 610/530/98 606/198/106 605/200/98
f 613/345/112 619/531/66 614/344/66
f 618/532/115 616/215/150 615/216/115
f 628/533/153 624/347/84 623/348/153
f 621/231/117 625/534/154 622/229/154
f 633/535/129 629/536/128 634/537/128
f 635/538/125 631/539/130 636/540/130
f 143/507/143 589/541/144 142/542/143
f 605/179/2 188/204/2 187/543/2
f 594/544/8 448/171/8 593/545/8
f 593/546/8 445/170/8 596/547/8
f 596/525/8 446/354/8 595/526/8
f 595/548/8 168/355/8 167/130/8
f 618/549/12 182/550/12 467/135/12
f 594/544/144 590/551/157 589/552/144
f 591/553/158 593/546/145 596/547/142
f 634/537/10 488/246/10 633/535/10
f 633/554/10 485/245/10 636/253/10
f 636/540/10 486/134/10 635/538/10
f 635/555/10 176/133/10 175/124/10
f 493/67/47 492/90/48 516/68/48
f 499/70/49 523/91/49 524/71/50
f 490/73/51 489/81/52 503/74/52
f 496/76/53 520/92/53 521/77/54
f 493/67/47 517/69/47 518/79/55
f 489/81/52 500/72/50 524/71/50
f 490/82/51 514/556/51 515/83/56
f 497/78/54 521/77/54 522/85/57
f 495/87/58 494/80/55 518/79/55
f 491/89/56 515/557/56 516/68/48
f 498/86/57 522/85/57 523/91/49
f 495/87/58 519/88/58 520/92/53
f 163/93/59 142/256/60 141/94/60
f 159/96/61 161/261/62 162/97/62
f 155/99/63 157/269/64 158/100/64
f 159/102/65 614/516/66 619/103/66
f 151/105/67 153/277/68 154/106/68
f 147/108/69 149/284/70 150/109/70
f 143/111/71 145/292/72 146/112/72
f 185/114/7 187/543/7 188/115/73
f 181/117/11 183/142/11 184/118/74
f 177/120/13 179/228/13 180/121/75
f 174/123/76 173/248/9 175/124/9
f 169/126/3 171/173/3 172/127/77
f 165/129/78 166/166/5 167/130/5
f 483/132/79 174/241/76 176/133/76
f 467/135/80 182/550/74 184/136/74
f 161/138/81 163/514/159 608/139/82
f 615/141/4 470/137/4 184/136/4
f 155/143/83 624/518/84 627/144/84
f 147/146/85 600/509/86 601/147/86
f 152/149/87 150/521/87 482/150/88
f 158/152/89 466/342/90 471/153/90
f 604/155/4 169/558/4 170/156/4
f 591/158/6 592/559/6 441/159/6
f 590/161/6 591/560/6 442/160/6
f 597/163/91 171/173/92 169/126/92
f 592/165/93 595/548/93 167/130/94
f 141/167/95 444/328/96 447/168/96
f 443/162/97 442/160/146 445/170/146
f 597/163/12 452/175/12 172/172/12
f 598/174/12 451/188/12 452/175/12
f 603/177/4 604/561/4 455/157/4
f 605/179/98 187/543/99 185/114/99
f 599/181/147 598/329/148 603/182/148
f 455/157/101 170/156/77 172/172/77
f 148/184/102 146/562/102 454/185/103
f 450/187/104 453/333/104 456/178/149
f 610/189/10 185/563/10 186/190/10
f 611/192/10 612/564/10 461/193/10
f 608/195/2 457/206/2 458/196/2
f 606/198/2 459/208/2 460/199/2
f 612/201/105 607/336/105 606/202/106
f 463/191/107 186/190/73 188/204/73
f 162/205/108 462/194/109 457/206/109
f 461/193/110 464/338/111 459/208/111
f 613/209/112 616/343/150 617/210/150
f 465/212/113 468/221/156 469/213/114
f 616/215/4 469/213/4 470/137/4
f 615/141/115 183/142/116 181/117/116
f 621/218/117 179/228/118 177/120/118
f 617/220/12 618/565/12 467/135/12
f 626/222/8 177/566/8 178/223/8
f 625/225/8 626/567/8 479/224/8
f 621/218/6 476/230/6 180/227/6
f 622/229/6 475/239/6 476/230/6
f 623/232/153 622/346/154 625/233/154
f 479/224/119 178/223/75 180/227/75
f 156/235/155 154/519/155 478/236/120
f 474/238/121 477/350/121 480/226/122
f 632/240/2 173/568/2 174/241/2
f 631/242/2 632/569/2 483/132/2
f 481/244/123 484/243/124 485/245/124
f 632/247/125 635/555/125 175/124/126
f 151/249/127 634/523/128 629/250/128
f 630/252/129 633/554/129 636/253/130
f 300/255/21 277/299/14 142/256/60
f 299/257/21 278/570/14 277/258/14
f 298/260/131 300/255/21 163/93/59
f 297/262/131 299/257/21 300/259/21
f 296/264/132 298/260/131 161/261/62
f 287/265/3 305/571/3 306/266/3
f 294/268/133 296/264/132 159/96/61
f 293/270/133 295/572/132 296/271/132
f 292/273/22 294/268/133 157/269/64
f 291/274/22 293/270/133 294/272/133
f 290/276/134 292/273/22 155/99/63
f 289/278/134 291/274/22 292/275/22
f 288/280/135 290/276/134 153/277/68
f 281/281/1 303/573/1 301/282/1
f 149/284/70 286/574/136 288/280/135
f 286/285/136 285/290/136 287/286/135
f 284/288/15 286/574/136 149/284/70
f 284/289/15 283/575/15 285/290/136
f 282/291/137 284/288/15 147/108/69
f 281/293/137 283/575/15 284/289/15
f 280/295/138 282/291/137 145/292/72
f 298/296/5 312/312/5 311/297/5
f 277/299/14 280/302/138 143/300/71
f 278/301/14 279/376/138 280/302/138
f 309/303/6 311/317/6 312/304/6
f 305/306/12 307/321/12 308/307/12
f 301/282/2 303/573/2 304/309/2
f 298/296/17 296/320/17 310/311/17
f 282/313/9 304/326/9 303/314/9
f 295/316/1 297/576/1 311/317/1
f 290/318/17 288/267/17 306/266/17
f 295/316/13 309/303/13 310/311/13
f 290/318/11 308/319/11 307/321/11
f 289/322/1 307/321/1 305/306/1
f 279/283/7 301/282/7 302/324/7
f 280/325/17 302/324/17 304/326/17
f 589/327/6 590/577/6 443/162/6
f 599/181/12 450/187/12 451/188/12
f 600/330/12 449/578/12 450/187/12
f 602/332/4 603/579/4 456/178/4
f 601/334/4 602/580/4 453/333/4
f 607/336/2 458/196/2 459/208/2
f 612/337/10 609/581/10 464/338/10
f 609/339/10 610/582/10 463/191/10
f 620/340/12 617/583/12 468/221/12
f 619/341/12 620/584/12 465/212/12
f 613/209/4 472/214/4 469/213/4
f 614/344/4 471/153/4 472/214/4
f 623/232/6 474/238/6 475/239/6
f 624/347/6 473/237/6 474/238/6
f 628/349/8 625/585/8 480/226/8
f 627/351/8 628/586/8 477/350/8
f 630/352/2 631/587/2 484/243/2
f 629/353/2 630/588/2 481/244/2
f 443/162/97 448/171/97 447/168/96
f 446/354/139 445/170/146 442/160/146
f 450/187/104 449/578/103 454/335/103
f 452/175/101 451/188/149 456/178/149
f 458/196/110 457/206/109 462/194/109
f 460/199/107 459/208/111 464/338/111
f 472/214/152 471/153/90 466/342/90
f 470/137/80 469/213/114 468/221/156
f 474/238/121 473/237/120 478/236/120
f 479/224/119 476/230/119 475/239/122
f 488/246/123 487/151/88 482/150/88
f 486/134/79 485/245/124 484/243/124
f 441/159/139 165/513/78 168/355/78
f 500/356/21 489/375/14 278/301/14
f 499/358/140 500/356/21 299/357/21
f 498/360/18 499/358/140 297/359/131
f 497/362/133 498/360/18 295/361/132
f 496/364/22 497/362/133 293/363/133
f 495/366/16 496/364/22 291/365/22
f 494/368/20 495/366/16 289/367/134
f 285/370/136 493/589/136 494/368/20
f 492/371/15 493/589/136 285/370/136
f 491/84/141 492/371/15 283/372/15
f 490/82/19 491/84/141 281/373/137
f 489/375/14 490/590/19 279/376/138
f 9/377/17 10/439/17 527/378/17
f 23/380/17 525/440/17 555/381/17
f 8/383/17 9/377/17 556/379/17
f 22/382/17 555/381/17 553/385/17
f 7/387/17 8/383/17 554/384/17
f 21/386/17 553/385/17 551/389/17
f 6/391/17 7/387/17 552/388/17
f 19/393/17 20/390/17 551/389/17
f 32/395/17 1/422/17 537/396/17
f 5/398/17 6/391/17 550/392/17
f 19/393/17 549/394/17 546/400/17
f 31/402/17 32/395/17 548/397/17
f 4/404/17 5/398/17 547/399/17
f 18/401/17 546/400/17 543/406/17
f 31/402/17 545/403/17 542/408/17
f 3/410/17 4/404/17 544/405/17
f 17/407/17 543/406/17 540/412/17
f 30/409/17 542/408/17 539/414/17
f 2/416/17 3/410/17 541/411/17
f 16/413/17 540/412/17 536/418/17
f 29/415/17 539/414/17 535/420/17
f 2/416/17 538/417/17 537/396/17
f 14/423/17 15/419/17 536/418/17
f 28/421/17 535/420/17 533/425/17
f 13/427/17 14/423/17 534/424/17
f 27/426/17 533/425/17 531/429/17
f 12/431/17 13/427/17 532/428/17
f 26/430/17 531/429/17 529/433/17
f 11/435/17 12/431/17 530/432/17
f 25/434/17 529/433/17 526/437/17
f 10/439/17 11/435/17 528/436/17
f 24/438/17 526/437/17 525/440/17
f 34/441/1 33/504/1 588/442/1
f 35/444/1 34/441/1 557/443/1
f 35/444/1 558/445/1 559/446/1
f 36/447/1 559/446/1 560/448/1
f 37/449/1 560/448/1 561/450/1
f 38/451/1 561/450/1 562/452/1
f 39/453/1 562/452/1 563/454/1
f 40/455/1 563/454/1 564/456/1
f 41/457/1 564/456/1 565/458/1
f 42/459/1 565/458/1 566/460/1
f 43/461/1 566/460/1 567/462/1
f 44/463/1 567/462/1 568/464/1
f 45/465/1 568/464/1 569/466/1
f 46/467/1 569/466/1 570/468/1
f 47/469/1 570/468/1 571/470/1
f 48/471/1 571/470/1 572/472/1
f 49/473/1 572/472/1 573/474/1
f 50/475/1 573/474/1 574/476/1
f 51/477/1 574/476/1 575/478/1
f 53/480/1 52/479/1 575/478/1
f 54/482/1 53/480/1 576/481/1
f 55/484/1 54/482/1 577/483/1
f 56/486/1 55/484/1 578/485/1
f 57/488/1 56/486/1 579/487/1
f 58/490/1 57/488/1 580/489/1
f 59/492/1 58/490/1 581/491/1
f 60/494/1 59/492/1 582/493/1
f 61/496/1 60/494/1 583/495/1
f 62/498/1 61/496/1 584/497/1
f 63/500/1 62/498/1 585/499/1
f 64/502/1 63/500/1 586/501/1
f 33/504/1 64/502/1 587/503/1
f 589/327/6 444/328/6 141/167/6
f 144/169/8 447/168/8 594/506/8
f 148/508/12 449/578/12 600/509/12
f 146/510/4 145/591/4 601/511/4
f 592/512/6 166/592/6 165/513/6
f 164/207/2 457/206/2 608/139/2
f 162/205/10 161/593/10 611/515/10
f 160/154/4 471/153/4 614/516/4
f 158/152/12 157/594/12 619/517/12
f 156/235/6 473/237/6 624/518/6
f 154/519/8 153/595/8 627/520/8
f 150/521/2 149/596/2 629/522/2
f 152/149/10 487/151/10 634/523/10
f 592/524/93 591/597/158 596/525/142
f 602/527/100 601/598/86 600/330/86
f 604/528/91 603/599/148 598/174/148
f 612/529/105 611/600/82 608/195/82
f 610/530/98 609/601/106 606/198/106
f 613/345/112 620/602/151 619/531/66
f 618/532/115 617/603/150 616/215/150
f 628/533/153 627/604/84 624/347/84
f 621/231/117 626/605/117 625/534/154
f 633/535/129 630/606/129 629/536/128
f 635/538/125 632/607/125 631/539/130
f 143/507/143 594/506/144 589/541/144
f 605/179/2 460/199/2 188/204/2
f 594/544/8 447/168/8 448/171/8
f 593/546/8 448/171/8 445/170/8
f 596/525/8 445/170/8 446/354/8
f 595/548/8 446/354/8 168/355/8
f 618/549/12 181/608/12 182/550/12
f 594/544/144 593/545/145 590/551/157
f 591/553/158 590/609/157 593/546/145
f 634/537/10 487/151/10 488/246/10
f 633/554/10 488/246/10 485/245/10
f 636/540/10 485/245/10 486/134/10
f 635/555/10 486/134/10 176/133/10
usemtl SpacialRoverExploreralumGrayDeep
f 136/610/19 207/611/14 135/612/14
f 164/95/59 189/613/14 200/614/21
f 199/615/140 164/95/59 200/614/21
f 160/98/61 199/615/140 198/616/18
f 158/100/64 198/616/18 197/617/133
f 156/101/63 197/617/133 196/618/22
f 154/106/68 196/618/22 195/619/16
f 152/107/67 195/619/16 194/620/20
f 193/621/136 152/107/67 194/620/20
f 192/622/15 150/109/70 193/621/136
f 146/112/72 192/622/15 191/623/141
f 144/113/71 191/623/141 190/624/19
f 141/94/60 190/625/19 189/613/14
f 129/626/17 190/627/17 130/628/17
f 130/628/17 191/629/17 131/630/17
f 131/630/17 192/631/17 132/632/17
f 133/633/17 192/631/17 193/634/17
f 133/633/17 194/635/17 134/636/17
f 135/637/17 194/635/17 195/638/17
f 135/637/17 196/639/17 136/640/17
f 137/641/17 196/639/17 197/642/17
f 137/641/17 198/643/17 138/644/17
f 138/644/17 199/645/17 139/646/17
f 139/646/17 200/647/17 140/648/17
f 129/626/17 200/647/17 189/649/17
f 204/650/17 208/651/17 212/652/17
f 133/653/140 204/654/18 132/655/18
f 140/656/20 211/657/136 139/658/136
f 130/659/22 201/660/16 129/661/16
f 137/662/141 208/663/19 136/610/19
f 133/653/140 206/664/21 205/665/140
f 129/661/16 212/666/20 140/656/20
f 131/667/133 202/668/22 130/669/22
f 138/670/15 209/671/141 137/662/141
f 135/612/14 206/664/21 134/672/21
f 132/655/18 203/673/133 131/667/133
f 139/658/136 210/674/15 138/670/15
f 502/675/14 514/676/19 503/677/14
f 501/678/19 515/83/141 514/556/19
f 504/679/141 516/680/15 515/83/141
f 505/681/15 517/682/136 516/680/15
f 517/682/136 507/683/20 518/684/20
f 507/683/20 519/685/16 518/684/20
f 508/686/16 520/687/22 519/685/16
f 509/688/22 521/689/133 520/687/22
f 510/690/133 522/691/18 521/689/133
f 511/692/18 523/693/140 522/691/18
f 512/694/1 508/695/1 504/679/1
f 512/696/140 524/697/21 523/693/140
f 513/698/21 503/677/14 524/697/21
f 136/610/19 208/663/19 207/611/14
f 164/95/59 141/94/60 189/613/14
f 199/615/140 162/97/62 164/95/59
f 160/98/61 162/97/62 199/615/140
f 158/100/64 160/98/61 198/616/18
f 156/101/63 158/100/64 197/617/133
f 154/106/68 156/101/63 196/618/22
f 152/107/67 154/106/68 195/619/16
f 193/621/136 150/109/70 152/107/67
f 192/622/15 148/110/69 150/109/70
f 146/112/72 148/110/69 192/622/15
f 144/113/71 146/112/72 191/623/141
f 141/94/60 144/699/71 190/625/19
f 129/626/17 189/649/17 190/627/17
f 130/628/17 190/627/17 191/629/17
f 131/630/17 191/629/17 192/631/17
f 133/633/17 132/632/17 192/631/17
f 133/633/17 193/634/17 194/635/17
f 135/637/17 134/636/17 194/635/17
f 135/637/17 195/638/17 196/639/17
f 137/641/17 136/640/17 196/639/17
f 137/641/17 197/642/17 198/643/17
f 138/644/17 198/643/17 199/645/17
f 139/646/17 199/645/17 200/647/17
f 129/626/17 140/648/17 200/647/17
f 212/652/17 201/700/17 202/701/17
f 202/701/17 203/702/17 204/650/17
f 204/650/17 205/703/17 206/704/17
f 206/704/17 207/705/17 208/651/17
f 208/651/17 209/706/17 210/707/17
f 210/707/17 211/708/17 212/652/17
f 212/652/17 202/701/17 204/650/17
f 204/650/17 206/704/17 208/651/17
f 208/651/17 210/707/17 212/652/17
f 133/653/140 205/665/140 204/654/18
f 140/656/20 212/666/20 211/657/136
f 130/659/22 202/709/22 201/660/16
f 137/662/141 209/671/141 208/663/19
f 133/653/140 134/672/21 206/664/21
f 129/661/16 201/660/16 212/666/20
f 131/667/133 203/673/133 202/668/22
f 138/670/15 210/674/15 209/671/141
f 135/612/14 207/611/14 206/664/21
f 132/655/18 204/654/18 203/673/133
f 139/658/136 211/657/136 210/674/15
f 502/675/14 501/710/19 514/676/19
f 501/678/19 504/679/141 515/83/141
f 504/679/141 505/681/15 516/680/15
f 505/681/15 506/711/136 517/682/136
f 517/682/136 506/711/136 507/683/20
f 507/683/20 508/686/16 519/685/16
f 508/686/16 509/688/22 520/687/22
f 509/688/22 510/690/133 521/689/133
f 510/690/133 511/692/18 522/691/18
f 511/692/18 512/696/140 523/693/140
f 504/679/1 501/678/1 502/712/1
f 502/712/1 513/713/1 512/694/1
f 512/694/1 511/714/1 510/715/1
f 510/715/1 509/716/1 508/695/1
f 508/695/1 507/717/1 506/718/1
f 506/718/1 505/719/1 504/679/1
f 504/679/1 502/712/1 512/694/1
f 512/694/1 510/715/1 508/695/1
f 508/695/1 506/718/1 504/679/1
f 512/696/140 513/698/21 524/697/21
f 513/698/21 502/675/14 503/677/14
usemtl SpacialRoverExplorerwheels
f 588/720/1 96/721/160 66/722/161
f 587/723/1 95/724/162 96/721/160
f 586/725/1 94/726/163 95/724/162
f 585/727/1 93/728/164 94/726/163
f 584/729/1 92/730/165 93/728/164
f 583/731/1 91/732/166 92/730/165
f 582/733/1 90/734/167 91/732/166
f 581/735/1 89/736/167 90/734/167
f 580/737/1 88/738/168 89/736/167
f 579/739/1 87/740/168 88/738/168
f 578/741/1 86/742/169 87/740/168
f 577/743/1 85/744/170 86/742/169
f 576/745/1 84/746/171 85/747/170
f 574/748/1 84/746/171 575/749/1
f 573/750/1 83/751/171 574/748/1
f 572/752/1 82/753/621 573/750/1
f 571/754/1 81/755/172 572/752/1
f 570/756/1 80/757/622 571/754/1
f 569/758/1 79/759/173 570/756/1
f 568/760/1 78/761/174 569/758/1
f 567/762/1 77/763/174 568/760/1
f 566/764/1 76/765/175 567/762/1
f 565/766/1 75/767/176 566/764/1
f 564/768/1 74/769/177 565/766/1
f 563/770/1 73/771/178 564/768/1
f 562/772/1 72/773/179 563/770/1
f 561/774/1 71/775/180 562/772/1
f 560/776/1 70/777/181 561/774/1
f 559/778/1 69/779/181 560/780/1
f 559/778/1 67/781/182 68/782/623
f 558/783/1 65/784/161 67/781/182
f 557/785/1 66/722/161 65/784/161
f 526/786/17 119/787/183 525/788/17
f 527/789/17 107/790/184 106/791/185
f 529/792/17 120/793/183 526/786/17
f 528/794/17 108/795/186 107/790/184
f 531/796/17 121/797/187 529/792/17
f 530/798/17 109/799/624 108/795/186
f 533/800/17 122/801/187 531/796/17
f 532/802/17 110/803/188 109/799/624
f 535/804/17 123/805/189 533/800/17
f 534/806/17 111/807/190 110/803/188
f 538/808/17 97/809/191 537/810/17
f 539/811/17 124/812/192 535/804/17
f 536/813/17 112/814/190 111/807/190
f 541/815/17 98/816/191 538/808/17
f 542/817/17 125/818/193 539/811/17
f 543/819/17 112/814/190 540/820/17
f 544/821/17 99/822/194 541/815/17
f 545/823/17 126/824/195 542/817/17
f 546/825/17 113/826/196 543/819/17
f 547/827/17 100/828/194 544/821/17
f 548/829/17 127/830/197 545/823/17
f 549/831/17 114/832/198 546/825/17
f 547/833/17 102/834/199 101/835/199
f 537/810/17 128/836/200 548/829/17
f 551/837/17 115/838/201 549/831/17
f 550/839/17 103/840/202 102/834/199
f 553/841/17 116/842/201 551/837/17
f 552/843/17 104/844/203 103/840/202
f 555/845/17 117/846/204 553/847/17
f 554/848/17 105/849/205 104/844/203
f 525/788/17 118/850/204 555/845/17
f 556/851/17 106/791/185 105/849/205
f 214/852/206 123/805/207 216/853/208
f 218/854/209 127/830/210 220/855/211
f 220/855/212 412/856/213 219/857/625
f 224/858/214 125/818/215 222/859/216
f 271/860/217 314/861/218 438/862/219
f 219/857/625 313/863/220 95/724/221
f 86/742/169 323/864/222 324/865/222
f 270/866/223 437/867/224 405/868/223
f 127/830/197 375/869/225 376/870/225
f 238/871/226 117/872/227 232/873/228
f 234/874/229 119/787/230 228/875/231
f 230/876/232 121/797/233 226/877/234
f 218/854/235 411/878/236 379/879/626
f 269/880/224 342/881/627 437/867/224
f 112/814/238 240/882/239 246/883/240
f 114/832/241 236/884/242 242/885/243
f 217/886/244 316/887/628 411/878/236
f 88/738/168 321/888/245 322/889/245
f 108/795/246 248/890/247 254/891/248
f 110/803/249 244/892/250 250/893/251
f 268/894/252 436/895/253 267/896/254
f 125/818/193 373/897/255 374/898/255
f 216/853/256 410/899/257 215/900/258
f 267/896/254 341/901/259 67/781/629
f 100/828/260 264/902/261 270/866/262
f 102/834/263 260/903/264 266/904/265
f 104/844/266 256/905/267 262/906/268
f 106/791/269 252/907/270 258/908/271
f 272/909/272 97/809/273 274/910/274
f 215/900/258 317/911/275 91/732/276
f 276/912/277 99/822/278 268/894/279
f 90/734/167 319/913/280 320/914/280
f 266/904/281 435/915/282 403/916/283
f 123/805/189 371/917/284 372/918/284
f 65/784/285 267/896/286 67/781/285
f 275/919/287 268/894/279 267/896/286
f 214/852/289 409/920/288 377/921/289
f 265/922/290 340/923/291 435/915/282
f 96/721/292 273/924/293 66/722/292
f 271/860/294 274/910/274 273/924/293
f 257/925/630 75/767/295 74/769/295
f 258/908/271 251/926/296 257/925/630
f 261/927/297 73/771/298 72/773/298
f 262/906/268 255/928/299 261/927/297
f 265/922/300 71/775/301 70/777/301
f 266/904/265 259/929/302 265/922/300
f 269/880/303 69/779/304 68/782/304
f 270/866/262 263/930/305 269/880/303
f 213/931/631 320/914/632 409/920/288
f 92/730/165 317/911/306 318/932/306
f 264/933/633 434/934/307 263/935/308
f 121/797/187 369/936/309 370/937/309
f 276/912/485 345/938/634 98/816/310
f 263/935/308 339/939/311 69/940/312
f 274/910/313 346/941/314 407/942/313
f 94/726/163 315/943/315 316/887/315
f 249/944/316 79/759/317 78/761/317
f 250/893/251 243/945/318 249/944/316
f 253/946/319 77/763/320 76/765/320
f 254/891/248 247/947/321 253/946/319
f 262/906/322 433/948/323 401/949/635
f 119/787/183 367/950/324 368/951/324
f 272/909/325 375/869/326 128/836/327
f 261/927/328 338/952/636 433/948/323
f 241/953/329 83/751/330 82/753/330
f 242/885/243 235/954/331 241/953/329
f 245/955/332 81/755/333 80/757/333
f 246/883/240 239/956/334 245/955/332
f 270/866/223 347/957/335 100/828/335
f 96/721/160 313/863/336 314/861/336
f 260/903/337 432/958/338 259/929/339
f 117/846/204 365/959/340 366/960/340
f 88/738/341 225/961/342 89/736/341
f 229/962/343 226/877/234 225/961/342
f 86/742/344 227/963/345 87/740/344
f 233/964/346 228/875/231 227/963/345
f 84/746/347 231/965/348 85/747/347
f 237/966/349 232/873/228 231/965/348
f 268/894/252 348/967/350 404/968/252
f 259/929/339 337/969/351 71/775/352
f 266/904/281 349/970/353 102/834/354
f 258/908/355 431/971/356 399/972/357
f 115/838/201 363/973/358 364/974/358
f 264/933/633 350/975/359 402/976/360
f 257/925/361 336/977/362 431/971/356
f 262/906/322 351/978/363 104/844/364
f 256/905/365 430/979/366 255/928/367
f 114/832/198 362/980/368 113/826/196
f 92/730/369 221/981/370 93/728/369
f 223/982/637 222/859/216 221/981/370
f 260/903/337 352/983/638 400/984/337
f 255/928/367 335/985/371 73/771/372
f 94/726/373 219/857/374 95/724/373
f 217/886/375 220/855/211 219/857/374
f 90/734/639 215/900/376 91/732/639
f 213/931/377 216/853/208 215/900/376
f 381/986/378 373/897/379 379/879/380
f 378/987/381 371/917/382 382/988/383
f 383/989/384 369/936/385 377/921/386
f 384/990/387 367/950/388 385/991/389
f 386/992/390 365/959/391 387/993/392
f 388/994/393 363/973/394 389/995/393
f 362/980/395 391/996/396 390/997/397
f 360/998/398 393/999/399 392/1000/400
f 358/1001/401 395/1002/402 394/1003/403
f 356/1004/404 397/1005/405 396/1006/406
f 354/1007/407 399/972/408 398/1008/409
f 352/983/410 401/949/411 400/984/412
f 350/975/413 403/916/414 402/976/415
f 348/967/416 405/868/417 404/968/417
f 407/942/418 345/938/419 408/1009/420
f 380/1010/421 375/869/422 406/1011/423
f 313/863/424 438/862/425 314/861/424
f 412/856/426 406/1011/423 438/862/425
f 343/1012/427 440/1013/428 344/1014/427
f 439/1015/429 408/1009/420 440/1013/428
f 436/895/430 342/881/431 341/901/431
f 404/968/417 437/867/430 436/895/430
f 434/934/432 340/923/433 339/939/433
f 402/976/415 435/915/434 434/934/432
f 432/958/435 338/952/436 337/969/436
f 400/984/412 433/948/437 432/958/435
f 430/979/438 336/977/439 335/985/439
f 398/1008/409 431/971/440 430/979/438
f 428/1016/441 334/1017/442 333/1018/442
f 396/1006/406 429/1019/443 428/1016/441
f 426/1020/444 332/1021/445 331/1022/445
f 394/1003/403 427/1023/446 426/1020/444
f 424/1024/447 330/1025/448 329/1026/448
f 392/1000/400 425/1027/449 424/1024/447
f 422/1028/450 328/1029/451 327/1030/451
f 390/997/397 423/1031/452 422/1028/450
f 325/1032/453 421/1033/454 326/1034/453
f 388/994/393 421/1033/454 420/1035/454
f 323/864/455 419/1036/456 324/865/455
f 418/1037/457 387/993/392 419/1036/456
f 321/888/458 417/1038/459 322/889/458
f 416/1039/460 385/991/389 417/1038/459
f 319/913/461 409/920/462 320/914/461
f 415/1040/463 377/921/386 409/920/462
f 317/911/640 414/1041/465 318/932/464
f 410/899/641 382/988/383 414/1041/465
f 315/943/466 411/878/467 316/887/466
f 413/1042/468 379/879/380 411/878/467
f 272/909/325 438/862/219 406/1011/325
f 83/751/171 326/1034/608 84/746/171
f 221/981/470 315/943/471 93/728/472
f 273/924/473 343/1012/474 66/722/475
f 222/859/476 413/1042/477 221/981/470
f 274/910/313 439/1015/478 273/924/473
f 81/755/172 328/1029/479 82/753/621
f 223/982/642 318/932/480 414/1041/481
f 275/919/482 344/1014/483 440/1013/482
f 224/858/484 414/1041/481 382/988/484
f 276/912/485 440/1013/482 408/1009/643
f 79/759/173 330/1025/486 80/757/622
f 225/961/487 319/913/488 89/736/489
f 226/877/490 415/1040/491 225/961/487
f 77/763/174 332/1021/492 78/761/174
f 227/963/644 321/888/493 87/740/494
f 228/875/495 416/1039/496 227/963/644
f 75/767/176 334/1017/497 76/765/175
f 229/962/498 322/889/499 417/1038/500
f 230/876/501 417/1038/500 385/991/502
f 73/771/178 336/977/503 74/769/177
f 231/1043/504 323/864/505 85/744/506
f 232/1044/507 418/1037/508 231/1043/504
f 214/852/289 369/936/645 122/801/509
f 71/775/180 338/952/510 72/773/179
f 233/964/511 324/865/646 419/1036/512
f 216/853/256 372/918/513 378/987/514
f 234/874/515 419/1036/512 387/993/516
f 218/854/235 373/897/517 126/824/518
f 69/940/181 340/923/519 70/777/181
f 235/954/520 325/1032/521 83/751/521
f 220/855/212 376/870/522 380/1010/523
f 236/884/647 420/1035/520 235/954/520
f 222/859/476 374/898/525 381/986/526
f 68/782/623 341/901/527 342/881/528
f 237/966/529 326/1034/530 421/1033/529
f 224/858/484 371/917/531 124/812/648
f 238/871/532 421/1033/529 389/995/532
f 226/877/490 370/937/533 383/989/490
f 65/784/161 343/1012/649 344/1014/534
f 239/956/535 327/1030/536 81/755/537
f 228/875/495 368/951/538 384/990/539
f 97/809/191 345/938/540 346/941/540
f 240/882/650 422/1028/542 239/956/535
f 230/876/501 367/950/651 120/793/543
f 241/953/544 328/1029/652 423/1031/546
f 232/1044/507 366/960/547 386/992/548
f 100/828/194 348/967/549 99/822/194
f 242/885/550 423/1031/546 391/996/551
f 234/874/515 365/959/552 118/850/553
f 243/945/554 329/1026/555 79/759/556
f 236/884/647 364/974/557 388/994/524
f 102/834/199 350/975/558 101/835/199
f 244/892/559 424/1024/653 243/945/554
f 238/871/532 363/973/560 116/842/561
f 245/955/562 330/1025/563 425/1027/564
f 240/882/650 362/980/565 390/997/541
f 104/844/203 352/983/566 103/840/202
f 246/883/567 425/1027/564 393/999/567
f 242/885/550 361/1045/568 114/832/569
f 247/947/570 331/1022/654 77/763/571
f 244/892/559 360/998/572 392/1000/559
f 106/791/185 354/1007/573 105/849/205
f 248/890/574 426/1020/575 247/947/570
f 246/883/567 359/1046/576 112/814/577
f 249/944/578 332/1021/655 427/1023/656
f 248/890/574 358/1001/657 394/1003/579
f 108/795/186 356/1004/580 107/790/184
f 250/893/581 427/1023/656 395/1002/582
f 250/893/581 357/1047/583 110/803/658
f 251/926/584 333/1018/659 75/767/585
f 252/907/586 356/1004/587 396/1006/660
f 110/803/188 358/1001/661 109/799/624
f 252/907/586 428/1016/589 251/926/584
f 254/891/590 355/1048/591 108/795/662
f 253/946/592 334/1017/593 429/1019/594
f 256/905/365 354/1007/595 398/1008/365
f 112/814/190 360/998/596 111/807/190
f 254/891/590 429/1019/594 397/1005/597
f 258/908/355 353/1049/598 106/791/599
f 588/720/1 587/723/1 96/721/160
f 587/723/1 586/725/1 95/724/162
f 586/725/1 585/727/1 94/726/163
f 585/727/1 584/729/1 93/728/164
f 584/729/1 583/731/1 92/730/165
f 583/731/1 582/733/1 91/732/166
f 582/733/1 581/735/1 90/734/167
f 581/735/1 580/737/1 89/736/167
f 580/737/1 579/739/1 88/738/168
f 579/739/1 578/741/1 87/740/168
f 578/741/1 577/743/1 86/742/169
f 577/743/1 576/1050/1 85/744/170
f 576/745/1 575/749/1 84/746/171
f 574/748/1 83/751/171 84/746/171
f 573/750/1 82/753/621 83/751/171
f 572/752/1 81/755/172 82/753/621
f 571/754/1 80/757/622 81/755/172
f 570/756/1 79/759/173 80/757/622
f 569/758/1 78/761/174 79/759/173
f 568/760/1 77/763/174 78/761/174
f 567/762/1 76/765/175 77/763/174
f 566/764/1 75/767/176 76/765/175
f 565/766/1 74/769/177 75/767/176
f 564/768/1 73/771/178 74/769/177
f 563/770/1 72/773/179 73/771/178
f 562/772/1 71/775/180 72/773/179
f 561/774/1 70/777/181 71/775/180
f 560/776/1 69/940/181 70/777/181
f 559/778/1 68/782/623 69/779/181
f 559/778/1 558/783/1 67/781/182
f 558/783/1 557/785/1 65/784/161
f 557/785/1 588/720/1 66/722/161
f 526/786/17 120/793/183 119/787/183
f 527/789/17 528/794/17 107/790/184
f 529/792/17 121/797/187 120/793/183
f 528/794/17 530/798/17 108/795/186
f 531/796/17 122/801/187 121/797/187
f 530/798/17 532/802/17 109/799/624
f 533/800/17 123/805/189 122/801/187
f 532/802/17 534/806/17 110/803/188
f 535/804/17 124/812/192 123/805/189
f 534/806/17 536/813/17 111/807/190
f 538/808/17 98/816/191 97/809/191
f 539/811/17 125/818/193 124/812/192
f 536/813/17 540/820/17 112/814/190
f 541/815/17 99/822/194 98/816/191
f 542/817/17 126/824/195 125/818/193
f 543/819/17 113/826/196 112/814/190
f 544/821/17 100/828/194 99/822/194
f 545/823/17 127/830/197 126/824/195
f 546/825/17 114/832/198 113/826/196
f 547/827/17 101/1051/199 100/828/194
f 548/829/17 128/836/200 127/830/197
f 549/831/17 115/838/201 114/832/198
f 547/833/17 550/839/17 102/834/199
f 537/810/17 97/809/191 128/836/200
f 551/837/17 116/842/201 115/838/201
f 550/839/17 552/843/17 103/840/202
f 553/841/17 117/872/204 116/842/201
f 552/843/17 554/848/17 104/844/203
f 555/845/17 118/850/204 117/846/204
f 554/848/17 556/851/17 105/849/205
f 525/788/17 119/787/183 118/850/204
f 556/851/17 527/789/17 106/791/185
f 214/852/206 122/801/207 123/805/207
f 218/854/209 126/824/210 127/830/210
f 220/855/212 380/1010/523 412/856/213
f 224/858/214 124/812/215 125/818/215
f 271/860/217 96/721/600 314/861/218
f 219/857/625 412/856/213 313/863/220
f 86/742/169 85/744/170 323/864/222
f 270/866/223 269/880/224 437/867/224
f 127/830/197 128/836/200 375/869/225
f 238/871/226 116/842/227 117/872/227
f 234/874/229 118/850/230 119/787/230
f 230/876/232 120/793/233 121/797/233
f 218/854/235 217/886/244 411/878/236
f 269/880/224 68/782/237 342/881/627
f 112/814/238 113/826/238 240/882/239
f 114/832/241 115/838/241 236/884/242
f 217/886/244 94/726/601 316/887/628
f 88/738/168 87/740/168 321/888/245
f 108/795/246 109/799/246 248/890/247
f 110/803/249 111/807/249 244/892/250
f 268/894/252 404/968/252 436/895/253
f 125/818/193 126/824/195 373/897/255
f 216/853/256 378/987/514 410/899/257
f 267/896/254 436/895/253 341/901/259
f 100/828/260 101/1051/260 264/902/261
f 102/834/263 103/840/263 260/903/264
f 104/844/266 105/849/266 256/905/267
f 106/791/269 107/790/269 252/907/270
f 272/909/272 128/836/273 97/809/273
f 215/900/258 410/899/257 317/911/275
f 276/912/277 98/816/278 99/822/278
f 90/734/167 89/736/167 319/913/280
f 266/904/281 265/922/290 435/915/282
f 123/805/189 124/812/192 371/917/284
f 65/784/285 275/919/287 267/896/286
f 275/919/287 276/912/277 268/894/279
f 214/852/289 213/931/631 409/920/288
f 265/922/290 70/777/663 340/923/291
f 96/721/292 271/860/294 273/924/293
f 271/860/294 272/909/272 274/910/274
f 257/925/630 251/926/296 75/767/295
f 258/908/271 252/907/270 251/926/296
f 261/927/297 255/928/299 73/771/298
f 262/906/268 256/905/267 255/928/299
f 265/922/300 259/929/302 71/775/301
f 266/904/265 260/903/264 259/929/302
f 269/880/303 263/930/305 69/779/304
f 270/866/262 264/902/261 263/930/305
f 213/931/631 90/734/602 320/914/632
f 92/730/165 91/732/166 317/911/306
f 264/933/633 402/976/360 434/934/307
f 121/797/187 122/801/187 369/936/309
f 276/912/485 408/1009/643 345/938/634
f 263/935/308 434/934/307 339/939/311
f 274/910/313 97/809/664 346/941/314
f 94/726/163 93/728/164 315/943/315
f 249/944/316 243/945/318 79/759/317
f 250/893/251 244/892/250 243/945/318
f 253/946/319 247/947/321 77/763/320
f 254/891/248 248/890/247 247/947/321
f 262/906/322 261/927/328 433/948/323
f 119/787/183 120/793/183 367/950/324
f 272/909/325 406/1011/325 375/869/326
f 261/927/328 72/773/603 338/952/636
f 241/953/329 235/954/331 83/751/330
f 242/885/243 236/884/242 235/954/331
f 245/955/332 239/956/334 81/755/333
f 246/883/240 240/882/239 239/956/334
f 270/866/223 405/868/223 347/957/335
f 96/721/160 95/724/162 313/863/336
f 260/903/337 400/984/337 432/958/338
f 117/846/204 118/850/204 365/959/340
f 88/738/341 229/962/343 225/961/342
f 229/962/343 230/876/232 226/877/234
f 86/742/344 233/964/346 227/963/345
f 233/964/346 234/874/229 228/875/231
f 84/746/347 237/966/349 231/965/348
f 237/966/349 238/871/226 232/873/228
f 268/894/252 99/822/604 348/967/350
f 259/929/339 432/958/338 337/969/351
f 266/904/281 403/916/283 349/970/353
f 258/908/355 257/925/361 431/971/356
f 115/838/201 116/842/201 363/973/358
f 264/933/633 101/835/605 350/975/359
f 257/925/361 74/769/606 336/977/362
f 262/906/322 401/949/635 351/978/363
f 256/905/365 398/1008/365 430/979/366
f 114/832/198 361/1045/368 362/980/368
f 92/730/369 223/982/637 221/981/370
f 223/982/637 224/858/214 222/859/216
f 260/903/337 103/840/607 352/983/638
f 255/928/367 430/979/366 335/985/371
f 94/726/373 217/886/375 219/857/374
f 217/886/375 218/854/209 220/855/211
f 90/734/639 213/931/377 215/900/376
f 213/931/377 214/852/206 216/853/208
f 381/986/378 374/898/379 373/897/379
f 378/987/381 372/918/382 371/917/382
f 383/989/384 370/937/385 369/936/385
f 384/990/387 368/951/388 367/950/388
f 386/992/390 366/960/391 365/959/391
f 388/994/393 364/974/394 363/973/394
f 362/980/395 361/1045/395 391/996/396
f 360/998/398 359/1046/398 393/999/399
f 358/1001/401 357/1047/401 395/1002/402
f 356/1004/404 355/1048/404 397/1005/405
f 354/1007/407 353/1049/407 399/972/408
f 352/983/410 351/978/410 401/949/411
f 350/975/413 349/970/413 403/916/414
f 348/967/416 347/957/416 405/868/417
f 407/942/418 346/941/419 345/938/419
f 380/1010/421 376/870/422 375/869/422
f 313/863/424 412/856/426 438/862/425
f 412/856/426 380/1010/421 406/1011/423
f 343/1012/427 439/1015/429 440/1013/428
f 439/1015/429 407/942/418 408/1009/420
f 436/895/430 437/867/430 342/881/431
f 404/968/417 405/868/417 437/867/430
f 434/934/432 435/915/434 340/923/433
f 402/976/415 403/916/414 435/915/434
f 432/958/435 433/948/437 338/952/436
f 400/984/412 401/949/411 433/948/437
f 430/979/438 431/971/440 336/977/439
f 398/1008/409 399/972/408 431/971/440
f 428/1016/441 429/1019/443 334/1017/442
f 396/1006/406 397/1005/405 429/1019/443
f 426/1020/444 427/1023/446 332/1021/445
f 394/1003/403 395/1002/402 427/1023/446
f 424/1024/447 425/1027/449 330/1025/448
f 392/1000/400 393/999/399 425/1027/449
f 422/1028/450 423/1031/452 328/1029/451
f 390/997/397 391/996/396 423/1031/452
f 325/1032/453 420/1035/454 421/1033/454
f 388/994/393 389/995/393 421/1033/454
f 323/864/455 418/1037/457 419/1036/456
f 418/1037/457 386/992/390 387/993/392
f 321/888/458 416/1039/460 417/1038/459
f 416/1039/460 384/990/387 385/991/389
f 319/913/461 415/1040/463 409/920/462
f 415/1040/463 383/989/384 377/921/386
f 317/911/640 410/899/641 414/1041/465
f 410/899/641 378/987/381 382/988/383
f 315/943/466 413/1042/468 411/878/467
f 413/1042/468 381/986/378 379/879/380
f 272/909/325 271/860/217 438/862/219
f 83/751/171 325/1032/469 326/1034/608
f 221/981/470 413/1042/477 315/943/471
f 273/924/473 439/1015/478 343/1012/474
f 222/859/476 381/986/526 413/1042/477
f 274/910/313 407/942/313 439/1015/478
f 81/755/172 327/1030/479 328/1029/479
f 223/982/642 92/730/665 318/932/480
f 275/919/482 65/784/609 344/1014/483
f 224/858/484 223/982/642 414/1041/481
f 276/912/485 275/919/482 440/1013/482
f 79/759/173 329/1026/486 330/1025/486
f 225/961/487 415/1040/491 319/913/488
f 226/877/490 383/989/490 415/1040/491
f 77/763/174 331/1022/492 332/1021/492
f 227/963/644 416/1039/496 321/888/493
f 228/875/495 384/990/539 416/1039/496
f 75/767/176 333/1018/497 334/1017/497
f 229/962/498 88/738/610 322/889/499
f 230/876/501 229/962/498 417/1038/500
f 73/771/178 335/985/503 336/977/503
f 231/1043/504 418/1037/508 323/864/505
f 232/1044/507 386/992/548 418/1037/508
f 214/852/289 377/921/289 369/936/645
f 71/775/180 337/969/510 338/952/510
f 233/964/511 86/742/611 324/865/646
f 216/853/256 123/805/666 372/918/513
f 234/874/515 233/964/511 419/1036/512
f 218/854/235 379/879/626 373/897/517
f 69/940/181 339/939/519 340/923/519
f 235/954/520 420/1035/520 325/1032/521
f 220/855/212 127/830/612 376/870/522
f 236/884/647 388/994/524 420/1035/520
f 222/859/476 125/818/667 374/898/525
f 68/782/623 67/781/182 341/901/527
f 237/966/529 84/746/530 326/1034/530
f 224/858/484 382/988/484 371/917/531
f 238/871/532 237/966/529 421/1033/529
f 226/877/490 121/797/613 370/937/533
f 65/784/161 66/722/161 343/1012/649
f 239/956/535 422/1028/542 327/1030/536
f 228/875/495 119/787/614 368/951/538
f 97/809/191 98/816/191 345/938/540
f 240/882/650 390/997/541 422/1028/542
f 230/876/501 385/991/502 367/950/651
f 241/953/544 82/753/545 328/1029/652
f 232/1044/507 117/846/615 366/960/547
f 100/828/194 347/957/668 348/967/549
f 242/885/550 241/953/544 423/1031/546
f 234/874/515 387/993/516 365/959/552
f 243/945/554 424/1024/653 329/1026/555
f 236/884/647 115/838/557 364/974/557
f 102/834/199 349/970/558 350/975/558
f 244/892/559 392/1000/559 424/1024/653
f 238/871/532 389/995/532 363/973/560
f 245/955/562 80/757/669 330/1025/563
f 240/882/650 113/826/670 362/980/565
f 104/844/203 351/978/566 352/983/566
f 246/883/567 245/955/562 425/1027/564
f 242/885/550 391/996/551 361/1045/568
f 247/947/570 426/1020/575 331/1022/654
f 244/892/559 111/807/616 360/998/572
f 106/791/185 353/1049/573 354/1007/573
f 248/890/574 394/1003/579 426/1020/575
f 246/883/567 393/999/567 359/1046/576
f 249/944/578 78/761/617 332/1021/655
f 248/890/574 109/799/671 358/1001/657
f 108/795/186 355/1048/580 356/1004/580
f 250/893/581 249/944/578 427/1023/656
f 250/893/581 395/1002/582 357/1047/583
f 251/926/584 428/1016/589 333/1018/659
f 252/907/586 107/790/618 356/1004/587
f 110/803/188 357/1047/588 358/1001/661
f 252/907/586 396/1006/660 428/1016/589
f 254/891/590 397/1005/597 355/1048/591
f 253/946/592 76/765/619 334/1017/593
f 256/905/365 105/849/620 354/1007/595
f 112/814/190 359/1046/596 360/998/596
f 254/891/590 253/946/592 429/1019/594
f 258/908/355 399/972/357 353/1049/598
