# Pieza del RoverModificado
mtllib Rover.mtl
o RuedaTD
v -0.897583 -0.014497 -0.519949
v -0.877389 -0.189673 -0.519949
v -0.823407 -0.357543 -0.519949
v -0.737713 -0.511656 -0.519949
v -0.623599 -0.646090 -0.519949
v -0.485452 -0.755680 -0.519949
v -0.328579 -0.836210 -0.519949
v -0.159010 -0.884591 -0.519949
v 0.016740 -0.898959 -0.519949
v 0.191916 -0.878765 -0.519949
v 0.359786 -0.824784 -0.519949
v 0.513899 -0.739088 -0.519949
v 0.648333 -0.624976 -0.519949
v 0.757921 -0.486827 -0.519949
v 0.838453 -0.329955 -0.519949
v 0.886833 -0.160386 -0.519949
v 0.901201 0.015364 -0.519949
v 0.881007 0.190539 -0.519949
v 0.827025 0.358410 -0.519949
v 0.741331 0.512523 -0.519949
v 0.627218 0.646958 -0.519949
v 0.489070 0.756546 -0.519949
v 0.332197 0.837077 -0.519949
v 0.162628 0.885457 -0.519949
v -0.013122 0.899826 -0.519949
v -0.188298 0.879632 -0.519949
v -0.356168 0.825650 -0.519949
v -0.510281 0.739956 -0.519949
v -0.644715 0.625841 -0.519949
v -0.754303 0.487695 -0.519949
v -0.834835 0.330822 -0.519949
v -0.883215 0.161253 -0.519949
v -0.897583 -0.014497 0.520051
v -0.877389 -0.189673 0.520051
v -0.823407 -0.357543 0.520051
v -0.737713 -0.511656 0.520051
v -0.623599 -0.646090 0.520051
v -0.485452 -0.755680 0.520051
v -0.328579 -0.836210 0.520051
v -0.159010 -0.884590 0.520051
v 0.016740 -0.898959 0.520051
v 0.191916 -0.878764 0.520051
v 0.359786 -0.824782 0.520051
v 0.513899 -0.739088 0.520051
v 0.648333 -0.624976 0.520051
v 0.757921 -0.486827 0.520051
v 0.838453 -0.329954 0.520050
v 0.886833 -0.160385 0.520051
v 0.901201 0.015365 0.520051
v 0.881007 0.190541 0.520051
v 0.827025 0.358411 0.520050
v 0.741331 0.512524 0.520051
v 0.627218 0.646958 0.520050
v 0.489070 0.756546 0.520051
v 0.332197 0.837078 0.520051
v 0.162628 0.885457 0.520051
v -0.013122 0.899826 0.520051
v -0.188298 0.879632 0.520051
v -0.356168 0.825650 0.520051
v -0.510281 0.739956 0.520051
v -0.644715 0.625843 0.520051
v -0.754303 0.487695 0.520051
v -0.834835 0.330822 0.520051
v -0.883214 0.161253 0.520051
v -0.998960 -0.217351 0.520051
v -1.021853 -0.018768 0.520051
v -0.937766 -0.407652 0.520051
v -0.840621 -0.582358 0.520051
v -0.711260 -0.734755 0.520051
v -0.554653 -0.858986 0.520051
v -0.376819 -0.950278 0.520051
v -0.184591 -1.005123 0.520051
v 0.014642 -1.021411 0.520051
v 0.213225 -0.998518 0.520051
v 0.403526 -0.937324 0.520051
v 0.578232 -0.840179 0.520051
v 0.730629 -0.710818 0.520051
v 0.854861 -0.554212 0.520051
v 0.946152 -0.376377 0.520050
v 1.000997 -0.184149 0.520051
v 1.017285 0.015084 0.520051
v 0.994392 0.213667 0.520051
v 0.933198 0.403968 0.520050
v 0.836053 0.578674 0.520051
v 0.706692 0.731071 0.520050
v 0.550085 0.855302 0.520051
v 0.372251 0.946594 0.520051
v 0.180023 1.001438 0.520051
v -0.019210 1.017727 0.520051
v -0.217793 0.994834 0.520051
v -0.408094 0.933640 0.520051
v -0.582799 0.836495 0.520051
v -0.735197 0.707134 0.520051
v -0.859428 0.550527 0.520051
v -0.950721 0.372693 0.520051
v -1.005564 0.180465 0.520051
v -1.026601 -0.016640 -0.519949
v -1.003510 -0.216945 -0.519949
v -0.941785 -0.408895 -0.519949
v -0.843797 -0.585116 -0.519949
v -0.713315 -0.738834 -0.519949
v -0.555350 -0.864143 -0.519949
v -0.375973 -0.956228 -0.519949
v -0.182079 -1.011547 -0.519949
v 0.018882 -1.027976 -0.519949
v 0.219187 -1.004886 -0.519949
v 0.411138 -0.943160 -0.519949
v 0.587358 -0.845173 -0.519949
v 0.741077 -0.714691 -0.519949
v 0.866386 -0.556725 -0.519949
v 0.958469 -0.377349 -0.519949
v 1.013789 -0.183454 -0.519949
v 1.030219 0.017506 -0.519949
v 1.007128 0.217810 -0.519949
v 0.945402 0.409761 -0.519949
v 0.847415 0.585983 -0.519949
v 0.716933 0.739702 -0.519949
v 0.558968 0.865011 -0.519949
v 0.379591 0.957094 -0.519949
v 0.185697 1.012414 -0.519949
v -0.015264 1.028844 -0.519949
v -0.215569 1.005752 -0.519949
v -0.407520 0.944027 -0.519949
v -0.583740 0.846041 -0.519949
v -0.737459 0.715557 -0.519949
v -0.862768 0.557591 -0.519949
v -0.954851 0.378216 -0.519949
v -1.010171 0.184321 -0.519949
v 0.000208 0.096892 -0.459948
v 0.048652 0.084770 -0.459948
v 0.084545 0.050050 -0.459948
v 0.098268 0.002034 -0.459948
v 0.086146 -0.046409 -0.459948
v 0.051426 -0.082303 -0.459948
v 0.003411 -0.096025 -0.459948
v -0.045033 -0.083904 -0.459948
v -0.080926 -0.049183 -0.459948
v -0.094650 -0.001168 -0.459948
v -0.082527 0.047276 -0.459948
v -0.047807 0.083169 -0.459948
v -0.001510 0.200405 -0.336614
v -0.001510 0.200405 -0.183281
v 0.098921 0.175274 -0.183281
v 0.098921 0.175274 -0.336614
v 0.173331 0.103294 -0.183281
v 0.173331 0.103294 -0.336614
v 0.201782 0.003753 -0.183281
v 0.201782 0.003753 -0.336614
v 0.176650 -0.096678 -0.183281
v 0.176650 -0.096678 -0.336614
v 0.104671 -0.171089 -0.183281
v 0.104671 -0.171089 -0.336614
v 0.005129 -0.199540 -0.183281
v 0.005129 -0.199540 -0.336614
v -0.095302 -0.174407 -0.183281
v -0.095302 -0.174407 -0.336614
v -0.169712 -0.102428 -0.183281
v -0.169712 -0.102428 -0.336614
v -0.198163 -0.002886 -0.183281
v -0.198163 -0.002886 -0.336614
v -0.173032 0.097544 -0.183281
v -0.173032 0.097544 -0.336614
v -0.101052 0.171954 -0.183281
v -0.101052 0.171954 -0.336614
v 0.168415 0.879468 0.163386
v 0.168415 0.879468 0.416719
v 0.268846 0.854337 0.416719
v 0.268846 0.854337 0.163386
v 0.846378 0.295667 0.416719
v 0.846378 0.295666 0.163386
v 0.874830 0.196125 0.416719
v 0.874830 0.196125 0.163386
v 0.679773 -0.583368 0.416719
v 0.679773 -0.583368 0.163386
v 0.607793 -0.657778 0.416719
v 0.607793 -0.657778 0.163386
v -0.164796 -0.878601 0.416719
v -0.164796 -0.878601 0.163386
v -0.265227 -0.853470 0.416719
v -0.265227 -0.853470 0.163386
v -0.842760 -0.294799 0.416719
v -0.842760 -0.294800 0.163386
v -0.871211 -0.195258 0.416719
v -0.871211 -0.195259 0.163386
v -0.676154 0.584235 0.416719
v -0.676154 0.584235 0.163386
v -0.604175 0.658645 0.416719
v -0.604175 0.658644 0.163386
v -0.001510 0.200405 -0.459948
v 0.098921 0.175274 -0.459948
v 0.173331 0.103294 -0.459948
v 0.201782 0.003753 -0.459948
v 0.176650 -0.096678 -0.459948
v 0.104671 -0.171089 -0.459948
v 0.005129 -0.199540 -0.459948
v -0.095302 -0.174407 -0.459948
v -0.169712 -0.102428 -0.459948
v -0.198163 -0.002886 -0.459948
v -0.173032 0.097544 -0.459948
v -0.101052 0.171954 -0.459948
v 0.000208 0.096892 -0.359948
v 0.048652 0.084770 -0.359948
v 0.084545 0.050050 -0.359948
v 0.098268 0.002034 -0.359948
v 0.086146 -0.046409 -0.359948
v 0.051426 -0.082303 -0.359948
v 0.003411 -0.096025 -0.359948
v -0.045033 -0.083904 -0.359948
v -0.080926 -0.049183 -0.359948
v -0.094650 -0.001168 -0.359948
v -0.082527 0.047276 -0.359948
v -0.047807 0.083169 -0.359948
v -0.238733 1.098392 0.190717
v -0.237917 1.102395 -0.190616
v -0.448669 1.030883 0.190717
v -0.448459 1.034692 -0.190616
v -0.946572 0.608241 0.190717
v -0.947797 0.610831 -0.190616
v -1.047283 0.412057 0.190717
v -1.048798 0.414083 -0.190616
v -0.809522 0.781006 0.190717
v -0.810352 0.784095 -0.190616
v -0.641401 0.923715 0.190717
v -0.641746 0.927215 -0.190616
v -0.019660 1.123646 0.190717
v -0.018213 1.127723 -0.190616
v 0.412191 1.045174 0.190717
v 0.414883 1.049024 -0.190616
v 0.200130 1.105677 0.190717
v 0.202210 1.109701 -0.190616
v 0.781140 0.807413 0.190717
v 0.784895 0.810577 -0.190616
v 0.608374 0.944463 0.190717
v 0.611631 0.948022 -0.190616
v 1.031017 0.446559 0.190717
v 1.035492 0.448684 -0.190616
v 0.923848 0.639292 0.190717
v 0.928015 0.641971 -0.190616
v 1.123780 0.017551 0.190717
v 1.128522 0.018439 -0.190616
v 1.098525 0.236624 0.190717
v 1.103195 0.238143 -0.190616
v 1.045308 -0.414300 0.190717
v 1.049824 -0.414657 -0.190616
v 1.105810 -0.202239 0.190717
v 1.110501 -0.201984 -0.190616
v 0.807546 -0.783249 0.190717
v 0.811377 -0.784669 -0.190616
v 0.944596 -0.610484 0.190717
v 0.948822 -0.611405 -0.190616
v 0.446693 -1.033126 0.190717
v 0.449484 -1.035266 -0.190616
v 0.639425 -0.925959 0.190717
v 0.642772 -0.927790 -0.190616
v 0.017684 -1.125889 0.190717
v 0.019239 -1.128297 -0.190616
v 0.236757 -1.100634 0.190717
v 0.238943 -1.102970 -0.190616
v -0.414167 -1.047418 0.190717
v -0.413857 -1.049598 -0.190616
v -0.202105 -1.107921 0.190717
v -0.201184 -1.110275 -0.190616
v -0.783115 -0.809657 0.190717
v -0.783869 -0.811151 -0.190616
v -0.610350 -0.946705 0.190717
v -0.610605 -0.948596 -0.190616
v -1.032992 -0.448802 0.190717
v -1.034466 -0.449258 -0.190616
v -0.925824 -0.641534 0.190717
v -0.926989 -0.642547 -0.190616
v -1.107786 0.199996 0.190717
v -1.109475 0.201410 -0.190616
v -1.125756 -0.019794 0.190717
v -1.127496 -0.019013 -0.190616
v -1.100501 -0.238866 0.190717
v -1.102169 -0.238718 -0.190616
v -0.001510 0.200406 0.254497
v -0.001510 0.200406 0.352275
v 0.098921 0.175275 0.352275
v 0.098921 0.175275 0.254497
v 0.173331 0.103295 0.352275
v 0.173331 0.103295 0.254497
v 0.201782 0.003753 0.352275
v 0.201782 0.003753 0.254497
v 0.176650 -0.096678 0.352275
v 0.176650 -0.096678 0.254497
v 0.104671 -0.171089 0.352275
v 0.104671 -0.171089 0.254497
v 0.005129 -0.199540 0.352275
v 0.005129 -0.199540 0.254497
v -0.095302 -0.174407 0.352275
v -0.095302 -0.174407 0.254497
v -0.169712 -0.102428 0.352275
v -0.169712 -0.102428 0.254497
v -0.198163 -0.002886 0.352275
v -0.198163 -0.002886 0.254497
v -0.173032 0.097545 0.352275
v -0.173032 0.097545 0.254497
v -0.101052 0.171955 0.352275
v -0.101052 0.171955 0.254497
v 0.585611 0.678397 0.352275
v 0.585611 0.678397 0.254497
v 0.660022 0.606417 0.352275
v 0.660022 0.606417 0.254497
v 0.297042 -0.844135 0.352275
v 0.297042 -0.844135 0.254497
v 0.197501 -0.872586 0.352275
v 0.197501 -0.872586 0.254497
v -0.877225 0.167039 0.352275
v -0.877225 0.167039 0.254497
v -0.852094 0.267470 0.352275
v -0.852094 0.267470 0.254497
v -0.993491 0.389495 0.514850
v -1.050803 0.188618 0.514850
v -0.768269 0.738987 0.514850
v -0.898092 0.575332 0.514850
v -0.426447 0.975685 0.514850
v -0.609014 0.874169 0.514850
v -0.020063 1.063556 0.514850
v -0.227583 1.039633 0.514850
v 0.389013 0.989222 0.514850
v 0.188135 1.046535 0.514850
v 0.738504 0.764000 0.514850
v 0.574849 0.893822 0.514850
v 0.975202 0.422178 0.514850
v 0.873686 0.604745 0.514850
v 1.063073 0.015795 0.514850
v 1.039151 0.223313 0.514850
v 0.988740 -0.393282 0.514850
v 1.046052 -0.192404 0.514850
v 0.763518 -0.742773 0.514850
v 0.893340 -0.579118 0.514850
v 0.421695 -0.979473 0.514850
v 0.604263 -0.877955 0.514850
v 0.015312 -1.067343 0.514850
v 0.222831 -1.043420 0.514850
v -0.393764 -0.993009 0.514850
v -0.192887 -1.050321 0.514850
v -0.743255 -0.767787 0.514850
v -0.579601 -0.897609 0.514850
v -0.979954 -0.425964 0.514850
v -0.878438 -0.608532 0.514850
v -1.067825 -0.019581 0.514850
v -1.043902 -0.227100 0.514850
v -1.048656 -0.226675 -0.514750
v -1.072787 -0.017356 -0.514750
v -0.881757 -0.611414 -0.514750
v -0.984153 -0.427263 -0.514750
v -0.580329 -0.902997 -0.514750
v -0.745403 -0.772050 -0.514749
v -0.190262 -1.057034 -0.514750
v -0.392881 -0.999226 -0.514750
v 0.229061 -1.050074 -0.514750
v 0.019742 -1.074203 -0.514750
v 0.613800 -0.883174 -0.514749
v 0.429649 -0.985570 -0.514749
v 0.905384 -0.581746 -0.514750
v 0.774436 -0.746819 -0.514750
v 1.059420 -0.191678 -0.514750
v 1.001611 -0.394299 -0.514750
v 1.052459 0.227644 -0.514750
v 1.076589 0.018326 -0.514750
v 0.885560 0.612383 -0.514750
v 0.987956 0.428232 -0.514750
v 0.584132 0.903967 -0.514749
v 0.749205 0.773020 -0.514750
v 0.194064 1.058004 -0.514750
v 0.396684 1.000195 -0.514750
v -0.225258 1.051043 -0.514750
v -0.015940 1.075173 -0.514750
v -0.609998 0.884144 -0.514750
v -0.425847 0.986540 -0.514750
v -0.901581 0.582716 -0.514749
v -0.770633 0.747789 -0.514750
v -1.055618 0.192647 -0.514749
v -0.997809 0.395267 -0.514750
v -0.261685 1.212704 -0.188710
v -0.493280 1.138231 -0.188710
v -1.042552 0.671985 -0.188710
v -1.153654 0.455560 -0.188710
v -0.891362 0.862575 -0.188710
v -0.705896 1.020007 -0.188710
v -0.020011 1.240565 -0.188710
v 0.456395 1.153997 -0.188710
v 0.222455 1.220742 -0.188710
v 0.863408 0.891706 -0.188710
v 0.672818 1.042895 -0.188710
v 1.139065 0.493623 -0.188710
v 1.020839 0.706239 -0.188710
v 1.241398 0.020354 -0.188710
v 1.213538 0.262028 -0.188710
v 1.154830 -0.456052 -0.188710
v 1.221575 -0.222113 -0.188710
v 0.892539 -0.863065 -0.188710
v 1.043728 -0.672475 -0.188710
v 0.494456 -1.138721 -0.188710
v 0.707073 -1.020497 -0.188710
v 0.021187 -1.241055 -0.188710
v 0.262861 -1.213195 -0.188710
v -0.455219 -1.154488 -0.188710
v -0.221279 -1.221232 -0.188710
v -0.862231 -0.892197 -0.188710
v -0.671642 -1.043385 -0.188710
v -1.137888 -0.494113 -0.188710
v -1.019664 -0.706730 -0.188710
v -1.220399 0.221622 -0.188710
v -1.240222 -0.020845 -0.188710
v -1.212362 -0.262518 -0.188710
v -0.262582 1.208301 0.188810
v -0.493512 1.134041 0.188810
v -1.041205 0.669135 0.188810
v -1.151987 0.453333 0.188810
v -0.890450 0.859177 0.188810
v -0.705517 1.016157 0.188810
v -0.021602 1.236081 0.188810
v 0.453434 1.149762 0.188810
v 0.220167 1.216315 0.188810
v 0.859278 0.888224 0.188810
v 0.669235 1.038979 0.188810
v 1.134142 0.491286 0.188810
v 1.016257 0.703291 0.188810
v 1.236182 0.019377 0.188810
v 1.208401 0.260356 0.188810
v 1.149862 -0.455660 0.188810
v 1.216415 -0.222393 0.188810
v 0.888325 -0.861504 0.188810
v 1.039079 -0.671461 0.188810
v 0.491386 -1.136368 0.188810
v 0.703391 -1.018484 0.188810
v 0.019477 -1.238408 0.188810
v 0.260457 -1.210627 0.188810
v -0.455559 -1.152089 0.188810
v -0.222292 -1.218641 0.188810
v -0.861403 -0.890551 0.188810
v -0.671361 -1.041305 0.188810
v -1.136267 -0.493612 0.188810
v -1.018382 -0.705617 0.188810
v -1.218541 0.220065 0.188810
v -1.238307 -0.021703 0.188810
v -1.210526 -0.262682 0.188810
v 0.120909 0.689625 -0.155965
v 0.095370 0.587563 -0.294533
v 0.071534 0.492312 -0.378694
v 0.035274 0.347405 -0.401556
v 0.195801 0.562430 -0.294534
v 0.221340 0.664493 -0.155965
v 0.135705 0.322273 -0.401556
v 0.171966 0.467180 -0.378694
v 0.347478 0.045397 -0.401556
v 0.491102 0.086447 -0.378694
v 0.585509 0.113431 -0.294534
v 0.686667 0.142344 -0.155965
v 0.462651 0.185988 -0.378694
v 0.319027 0.144938 -0.401556
v 0.658216 0.241885 -0.155965
v 0.557058 0.212971 -0.294534
v -0.209964 0.277309 -0.401556
v -0.317327 0.381166 -0.378694
v -0.387899 0.449434 -0.294534
v -0.463518 0.522583 -0.155965
v -0.389307 0.306757 -0.378694
v -0.281944 0.202899 -0.401556
v -0.535498 0.448173 -0.155965
v -0.459879 0.375023 -0.294534
v -0.459032 -0.185121 -0.378694
v -0.315408 -0.144072 -0.401556
v -0.654597 -0.241018 -0.155965
v -0.553440 -0.212105 -0.294534
v -0.581891 -0.112565 -0.294534
v -0.683049 -0.141478 -0.155965
v -0.343859 -0.044530 -0.401556
v -0.487483 -0.085581 -0.378694
v -0.132086 -0.321406 -0.401556
v -0.168347 -0.466313 -0.378695
v -0.192182 -0.561564 -0.294534
v -0.217722 -0.663627 -0.155965
v -0.067916 -0.491445 -0.378694
v -0.031655 -0.346538 -0.401556
v -0.117291 -0.688757 -0.155965
v -0.091751 -0.586696 -0.294534
v 0.392926 -0.305890 -0.378694
v 0.285563 -0.202033 -0.401556
v 0.539116 -0.447306 -0.155965
v 0.463498 -0.374157 -0.294534
v 0.391518 -0.448567 -0.294534
v 0.467136 -0.521716 -0.155965
v 0.213583 -0.276443 -0.401556
v 0.320946 -0.380300 -0.378695
v -0.001510 0.200406 0.872719
v 0.098921 0.175275 0.872719
v 0.173331 0.103295 0.872719
v 0.201782 0.003753 0.872719
v 0.176650 -0.096678 0.872719
v 0.104671 -0.171089 0.872719
v 0.005129 -0.199540 0.872719
v -0.095302 -0.174407 0.872719
v -0.169712 -0.102428 0.872719
v -0.198163 -0.002886 0.872719
v -0.173032 0.097545 0.872719
v -0.101052 0.171955 0.872719
v 0.128054 0.227727 1.154299
v -0.002506 0.260398 1.154299
v -0.002506 0.260398 0.872765
v 0.224787 0.134153 1.154299
v 0.261773 0.004749 1.154299
v 0.229103 -0.125811 1.154299
v 0.135529 -0.222545 1.154299
v 0.006125 -0.259530 1.154299
v -0.124435 -0.226860 1.154299
v -0.221168 -0.133286 1.154299
v -0.258155 -0.003882 1.154299
v -0.225484 0.126678 1.154299
v -0.131910 0.223411 1.154299
v 0.128054 0.227727 0.872765
v 0.224787 0.134153 0.872765
v 0.261773 0.004749 0.872765
v 0.229103 -0.125811 0.872765
v 0.135529 -0.222545 0.872765
v 0.006125 -0.259530 0.872765
v -0.124435 -0.226860 0.872765
v -0.221168 -0.133286 0.872765
v -0.258155 -0.003882 0.872765
v -0.225484 0.126678 0.872765
v -0.131910 0.223411 0.872765
v 0.355894 0.897086 -0.519949
v 0.174162 0.948936 -0.519949
v 0.205551 -0.941824 -0.519949
v 0.385462 -0.883972 -0.519949
v -0.014193 0.964335 -0.519949
v 0.550629 -0.792131 -0.519949
v -0.201933 0.942692 -0.519949
v 0.694705 -0.669833 -0.519949
v -0.381844 0.884839 -0.519949
v 0.812154 -0.521777 -0.519949
v -0.547011 0.792998 -0.519949
v 0.898461 -0.353652 -0.519949
v -0.962092 -0.015568 -0.519949
v -0.940449 -0.203309 -0.519949
v -0.691087 0.670700 -0.519949
v 0.950311 -0.171921 -0.519949
v -0.882596 -0.383219 -0.519949
v -0.808536 0.522644 -0.519949
v 0.965710 0.016435 -0.519949
v -0.790755 -0.548387 -0.519949
v -0.894843 0.354518 -0.519949
v 0.944067 0.204176 -0.519949
v -0.668457 -0.692462 -0.519949
v -0.946693 0.172787 -0.519949
v 0.886214 0.384085 -0.519949
v -0.520401 -0.809911 -0.519949
v 0.794373 0.549254 -0.519949
v -0.352276 -0.896219 -0.519949
v 0.672075 0.693330 -0.519949
v -0.170544 -0.948069 -0.519949
v 0.524019 0.810778 -0.519949
v 0.017811 -0.963468 -0.519949
v -0.938174 -0.203513 0.520051
v -0.880586 -0.382597 0.520051
v -0.789167 -0.547007 0.520051
v -0.667430 -0.690422 0.520051
v -0.520052 -0.807332 0.520051
v -0.352699 -0.893244 0.520051
v -0.171800 -0.944857 0.520051
v 0.015691 -0.960185 0.520051
v 0.202570 -0.938641 0.520051
v 0.381656 -0.881053 0.520051
v 0.546065 -0.789635 0.520051
v 0.689481 -0.667896 0.520051
v 0.806391 -0.520519 0.520051
v 0.892303 -0.353166 0.520050
v 0.943915 -0.172267 0.520051
v 0.959243 0.015225 0.520051
v 0.937700 0.202104 0.520051
v 0.880111 0.381189 0.520050
v 0.788692 0.545599 0.520051
v 0.666955 0.689014 0.520050
v 0.519578 0.805924 0.520051
v 0.352224 0.891836 0.520051
v 0.171326 0.943448 0.520051
v -0.016166 0.958777 0.520051
v -0.203045 0.937233 0.520051
v -0.382131 0.879645 0.520051
v -0.546540 0.788226 0.520051
v -0.689956 0.666488 0.520051
v -0.806866 0.519111 0.520051
v -0.892778 0.351757 0.520051
v -0.944390 0.170859 0.520051
v -0.959718 -0.016633 0.520051
v 0.026628 0.312855 -0.232959
v 0.078676 0.520850 -0.200145
v 0.088228 0.559022 -0.166417
v 0.124887 0.705520 0.032481
v 0.179107 0.495719 -0.200145
v 0.127059 0.287724 -0.232959
v 0.225318 0.680389 0.032481
v 0.188659 0.533891 -0.166417
v 0.702422 0.146847 0.032481
v 0.557223 0.105346 -0.166417
v 0.519388 0.094532 -0.200145
v 0.313235 0.035609 -0.232959
v 0.284784 0.135150 -0.232959
v 0.490938 0.194073 -0.200145
v 0.528772 0.204886 -0.166417
v 0.673971 0.246388 0.032481
v -0.475295 0.533974 0.032481
v -0.366754 0.428978 -0.166417
v -0.338472 0.401620 -0.200145
v -0.184366 0.252548 -0.232959
v -0.438734 0.354569 -0.166417
v -0.547275 0.459564 0.032481
v -0.256346 0.178138 -0.232959
v -0.410452 0.327210 -0.200145
v -0.515770 -0.093666 -0.200145
v -0.309616 -0.034742 -0.232959
v -0.698804 -0.145980 0.032481
v -0.553604 -0.104480 -0.166417
v -0.525153 -0.204020 -0.166417
v -0.670352 -0.245522 0.032481
v -0.281165 -0.134284 -0.232959
v -0.487319 -0.193207 -0.200145
v -0.221699 -0.679522 0.032480
v -0.185041 -0.533025 -0.166417
v -0.175489 -0.494852 -0.200145
v -0.123441 -0.286857 -0.232959
v -0.084610 -0.558156 -0.166417
v -0.121268 -0.704653 0.032480
v -0.023010 -0.311988 -0.232959
v -0.075058 -0.519984 -0.200145
v 0.259965 -0.177271 -0.232959
v 0.414071 -0.326344 -0.200145
v 0.442353 -0.353702 -0.166417
v 0.550894 -0.458698 0.032480
v 0.342091 -0.400754 -0.200145
v 0.187985 -0.251682 -0.232959
v 0.478914 -0.533108 0.032480
v 0.370373 -0.428112 -0.166417
vt 0.463198 0.188097
vt 0.370971 0.188097
vt 0.463198 0.172459
vt 0.463198 0.203734
vt 0.370971 0.172460
vt 0.370971 0.203734
vt 0.463198 0.156822
vt 0.463198 0.219372
vt 0.370971 0.156822
vt 0.370971 0.219372
vt 0.463198 0.235009
vt 0.370971 0.235009
vt 0.463198 0.141185
vt 0.370971 0.141185
vt 0.463198 0.250647
vt 0.370971 0.250647
vt 0.463198 0.125547
vt 0.370971 0.125547
vt 0.463198 0.109910
vt 0.463198 0.266284
vt 0.370971 0.109910
vt 0.370971 0.266284
vt 0.463198 0.281921
vt 0.463197 0.094272
vt 0.370971 0.094272
vt 0.370971 0.281921
vt 0.463198 0.078635
vt 0.370971 0.297559
vt 0.370971 0.078635
vt 0.463198 0.297559
vt 0.463197 0.062998
vt 0.370971 0.062998
vt 0.463198 0.313196
vt 0.370971 0.313196
vt 0.463198 0.328834
vt 0.463197 0.047360
vt 0.370971 0.047360
vt 0.370971 0.328834
vt 0.463198 0.344471
vt 0.370971 0.344471
vt 0.463197 0.031723
vt 0.370971 0.547757
vt 0.370971 0.532120
vt 0.463197 0.532120
vt 0.463197 0.516482
vt 0.463198 0.360108
vt 0.370971 0.516482
vt 0.370971 0.360108
vt 0.463197 0.500845
vt 0.463198 0.375746
vt 0.370971 0.375746
vt 0.370971 0.500845
vt 0.463198 0.391383
vt 0.463198 0.485208
vt 0.370971 0.391383
vt 0.370971 0.485208
vt 0.463198 0.407021
vt 0.463198 0.469570
vt 0.370971 0.407021
vt 0.370971 0.469570
vt 0.463198 0.422658
vt 0.463198 0.453933
vt 0.370971 0.453933
vt 0.370971 0.422658
vt 0.463198 0.438295
vt 0.370971 0.438295
vt 0.053261 0.802122
vt 0.035664 0.793556
vt 0.055556 0.793556
vt 0.037959 0.859227
vt 0.018438 0.857847
vt 0.024708 0.851577
vt 0.017057 0.823024
vt 0.008492 0.840620
vt 0.008492 0.820729
vt 0.074163 0.838325
vt 0.072783 0.857847
vt 0.066512 0.851576
vt 0.072783 0.803502
vt 0.066512 0.809773
vt 0.017057 0.838325
vt 0.759651 0.236742
vt 0.751085 0.219145
vt 0.759651 0.221440
vt 0.055556 0.867793
vt 0.053261 0.859227
vt 0.074163 0.823024
vt 0.082729 0.820729
vt 0.024708 0.809773
vt 0.037959 0.802122
vt 0.035664 0.867793
vt 0.082729 0.840620
vt 0.915727 0.083729
vt 0.938390 0.068427
vt 0.938390 0.083729
vt 0.915727 0.114331
vt 0.938390 0.099030
vt 0.938390 0.114331
vt 0.915727 0.144934
vt 0.938390 0.129633
vt 0.938390 0.144934
vt 0.385927 0.944544
vt 0.411633 0.913230
vt 0.411633 0.944544
vt 0.915727 0.175537
vt 0.938390 0.160235
vt 0.938390 0.175537
vt 0.915727 0.206139
vt 0.938390 0.190838
vt 0.938390 0.206139
vt 0.915727 0.236742
vt 0.938390 0.221440
vt 0.938390 0.236742
vt 0.392729 0.626002
vt 0.367023 0.587929
vt 0.392729 0.587929
vt 0.392739 0.626370
vt 0.367033 0.588297
vt 0.392739 0.588297
vt 0.392570 0.626370
vt 0.366864 0.588297
vt 0.392570 0.588297
vt 0.392065 0.586984
vt 0.366359 0.625057
vt 0.366358 0.586984
vt 0.392475 0.625222
vt 0.366769 0.587149
vt 0.392475 0.587149
vt 0.098480 0.984914
vt 0.128781 0.934861
vt 0.131181 0.983294
vt 0.324552 0.774464
vt 0.350258 0.659558
vt 0.350258 0.774464
vt 0.325226 0.775777
vt 0.350932 0.660871
vt 0.350932 0.775777
vt 0.411623 0.944176
vt 0.385917 0.912862
vt 0.411623 0.912862
vt 0.367033 0.731655
vt 0.367033 0.626370
vt 0.385758 0.944544
vt 0.411464 0.913230
vt 0.411464 0.944544
vt 0.385663 0.943396
vt 0.411369 0.912082
vt 0.411369 0.943396
vt 0.350258 0.928233
vt 0.324552 0.887298
vt 0.350258 0.887298
vt 0.325226 0.929546
vt 0.350932 0.888611
vt 0.350932 0.929546
vt 0.308861 0.730507
vt 0.324962 0.659723
vt 0.324962 0.774630
vt 0.203015 0.712239
vt 0.172547 0.742163
vt 0.169824 0.687207
vt 0.206741 0.688296
vt 0.167800 0.646359
vt 0.366769 0.730507
vt 0.392475 0.730507
vt 0.089444 0.802547
vt 0.096080 0.936481
vt 0.173330 0.559910
vt 0.134555 0.601420
vt 0.143669 0.554187
vt 0.137123 0.688827
vt 0.135099 0.647979
vt 0.350668 0.659723
vt 0.366769 0.625222
vt 0.375723 0.796911
vt 0.350668 0.774630
vt 0.375723 0.734902
vt 0.299907 0.796911
vt 0.324962 0.817830
vt 0.367023 0.731287
vt 0.392729 0.731287
vt 0.379575 0.815542
vt 0.405282 0.802674
vt 0.405282 0.815542
vt 0.352735 0.927365
vt 0.327029 0.886430
vt 0.352735 0.886430
vt 0.350668 0.849941
vt 0.350668 0.817830
vt 0.309115 0.731287
vt 0.325216 0.660503
vt 0.325216 0.775409
vt 0.282497 0.890651
vt 0.325216 0.850721
vt 0.325216 0.888243
vt 0.393641 0.890651
vt 0.350922 0.850721
vt 0.393641 0.836793
vt 0.375977 0.797691
vt 0.350922 0.775409
vt 0.375977 0.735682
vt 0.405536 0.816322
vt 0.379829 0.803453
vt 0.405536 0.803453
vt 0.350922 0.660503
vt 0.325216 0.929178
vt 0.350922 0.888243
vt 0.350922 0.929178
vt 0.350922 0.818610
vt 0.379839 0.816690
vt 0.405545 0.803821
vt 0.405545 0.816690
vt 0.325226 0.851088
vt 0.350932 0.818978
vt 0.350932 0.851088
vt 0.375987 0.798059
vt 0.375987 0.736050
vt 0.392739 0.731655
vt 0.366864 0.731655
vt 0.392570 0.731655
vt 0.300171 0.798059
vt 0.325226 0.818978
vt 0.308957 0.731655
vt 0.325057 0.660871
vt 0.325057 0.775777
vt 0.300003 0.798059
vt 0.325057 0.818978
vt 0.350764 0.660871
vt 0.366864 0.626370
vt 0.375818 0.798059
vt 0.350764 0.775777
vt 0.375818 0.736050
vt 0.379671 0.816690
vt 0.405377 0.803821
vt 0.405377 0.816690
vt 0.350764 0.929546
vt 0.325057 0.888611
vt 0.350764 0.888611
vt 0.350764 0.851089
vt 0.350764 0.818978
vt 0.308451 0.730342
vt 0.324552 0.659558
vt 0.299497 0.796746
vt 0.324552 0.817665
vt 0.324552 0.849775
vt 0.350258 0.817665
vt 0.350258 0.849775
vt 0.392065 0.730342
vt 0.392065 0.625057
vt 0.385253 0.943231
vt 0.410959 0.911917
vt 0.410959 0.943231
vt 0.404872 0.815377
vt 0.379166 0.802508
vt 0.404872 0.802508
vt 0.851024 0.083729
vt 0.915727 0.068427
vt 0.052560 0.968036
vt 0.067012 0.952734
vt 0.067012 0.968036
vt 0.851024 0.099030
vt 0.915727 0.099030
vt 0.052560 0.983337
vt 0.067012 0.983337
vt 0.851024 0.114331
vt 0.948007 0.533596
vt 0.557964 0.479113
vt 0.948007 0.479114
vt 0.851024 0.129633
vt 0.915727 0.129633
vt 0.021310 0.952709
vt 0.035762 0.937407
vt 0.035762 0.952709
vt 0.851024 0.144934
vt 0.021310 0.968010
vt 0.035762 0.968010
vt 0.851024 0.160235
vt 0.915727 0.160235
vt 0.021310 0.983311
vt 0.035762 0.983311
vt 0.851024 0.175537
vt 0.488059 0.282086
vt 0.520375 0.063579
vt 0.520375 0.282086
vt 0.915727 0.190838
vt 0.051522 0.897372
vt 0.066823 0.882920
vt 0.066823 0.897372
vt 0.851024 0.206139
vt 0.036221 0.897372
vt 0.051522 0.882920
vt 0.851024 0.221440
vt 0.915727 0.221440
vt 0.020919 0.882920
vt 0.020919 0.897372
vt 0.851024 0.236742
vt 0.589753 0.276734
vt 0.620275 0.058228
vt 0.620275 0.276734
vt 0.851024 0.068427
vt 0.915727 0.053126
vt 0.836572 0.068427
vt 0.851024 0.053126
vt 0.526915 0.058228
vt 0.494599 0.027706
vt 0.526916 0.027706
vt 0.557964 0.309259
vt 0.503482 0.366945
vt 0.503482 0.309259
vt 0.488059 0.033057
vt 0.520375 0.033058
vt 0.557437 0.058228
vt 0.589753 0.058228
vt 0.583213 0.282086
vt 0.613735 0.063579
vt 0.613735 0.282086
vt 0.526915 0.276734
vt 0.494599 0.058228
vt 0.948007 0.421428
vt 0.557964 0.421427
vt 0.557437 0.276734
vt 0.557964 0.366945
vt 0.948007 0.366945
vt 0.948007 0.309259
vt 0.550897 0.063579
vt 0.550897 0.282086
vt 0.583213 0.063579
vt 0.209319 0.591439
vt 0.163364 0.604294
vt 0.379575 0.802674
vt 0.393387 0.889871
vt 0.393387 0.836013
vt 0.296055 0.815542
vt 0.324962 0.849941
vt 0.282243 0.889871
vt 0.324962 0.887463
vt 0.379829 0.816322
vt 0.296309 0.816322
vt 0.325216 0.818610
vt 0.300161 0.797691
vt 0.296319 0.816690
vt 0.282507 0.891019
vt 0.325226 0.888611
vt 0.379839 0.803821
vt 0.393651 0.891019
vt 0.393651 0.837161
vt 0.379671 0.803821
vt 0.393483 0.891019
vt 0.393483 0.837161
vt 0.296150 0.816690
vt 0.325057 0.851089
vt 0.282338 0.891019
vt 0.295645 0.815377
vt 0.281833 0.889706
vt 0.139846 0.743783
vt 0.147088 0.889956
vt 0.759651 0.083729
vt 0.836572 0.083729
vt 0.759651 0.099030
vt 0.836572 0.099030
vt 0.759651 0.114331
vt 0.836572 0.114331
vt 0.759651 0.129633
vt 0.836572 0.129633
vt 0.759651 0.144934
vt 0.836572 0.144934
vt 0.759651 0.160235
vt 0.836572 0.160235
vt 0.759651 0.175536
vt 0.836572 0.175537
vt 0.836572 0.190838
vt 0.759651 0.206139
vt 0.836572 0.206139
vt 0.836572 0.221441
vt 0.836572 0.236742
vt 0.759651 0.068427
vt 0.836573 0.053126
vt 0.904258 0.728522
vt 0.918833 0.703896
vt 0.913384 0.731290
vt 0.674265 0.605589
vt 0.686645 0.579788
vt 0.692694 0.587160
vt 0.894285 0.752601
vt 0.902695 0.757096
vt 0.709869 0.564270
vt 0.714364 0.572680
vt 0.879805 0.774271
vt 0.887177 0.780320
vt 0.735674 0.553581
vt 0.738442 0.562707
vt 0.861377 0.792700
vt 0.867426 0.800071
vt 0.764004 0.557622
vt 0.763069 0.548132
vt 0.714364 0.807179
vt 0.735675 0.826278
vt 0.709869 0.815589
vt 0.839707 0.807179
vt 0.844202 0.815589
vt 0.791001 0.548132
vt 0.790067 0.557622
vt 0.692694 0.792700
vt 0.686645 0.800071
vt 0.815628 0.817153
vt 0.818396 0.826278
vt 0.818396 0.553581
vt 0.815628 0.562706
vt 0.666894 0.780321
vt 0.674265 0.774271
vt 0.790066 0.822237
vt 0.791001 0.831727
vt 0.844202 0.564270
vt 0.839706 0.572680
vt 0.651376 0.757096
vt 0.659786 0.752601
vt 0.764004 0.822237
vt 0.763070 0.831727
vt 0.867426 0.579788
vt 0.861377 0.587160
vt 0.640687 0.731291
vt 0.649812 0.728523
vt 0.738443 0.817153
vt 0.879805 0.605589
vt 0.887177 0.599539
vt 0.635238 0.703896
vt 0.644728 0.702961
vt 0.894285 0.627259
vt 0.902695 0.622764
vt 0.635238 0.675964
vt 0.644728 0.676899
vt 0.904258 0.651337
vt 0.913384 0.648569
vt 0.640687 0.648569
vt 0.649812 0.651337
vt 0.909343 0.676899
vt 0.918833 0.675964
vt 0.651376 0.622764
vt 0.659786 0.627259
vt 0.909343 0.702961
vt 0.666894 0.599539
vt 0.838989 0.809207
vt 0.866361 0.801933
vt 0.843243 0.817380
vt 0.814910 0.819181
vt 0.817556 0.828020
vt 0.790287 0.833444
vt 0.789349 0.824265
vt 0.762483 0.833444
vt 0.763286 0.824265
vt 0.735214 0.828020
vt 0.737725 0.819181
vt 0.709527 0.817380
vt 0.713646 0.809207
vt 0.686409 0.801933
vt 0.691976 0.794728
vt 0.666749 0.782273
vt 0.673547 0.776299
vt 0.651302 0.759155
vt 0.659068 0.754629
vt 0.640662 0.733468
vt 0.649094 0.730550
vt 0.635238 0.706199
vt 0.644010 0.704989
vt 0.635238 0.678395
vt 0.644010 0.678926
vt 0.640662 0.651126
vt 0.649094 0.653365
vt 0.651302 0.625439
vt 0.659068 0.629286
vt 0.666749 0.602321
vt 0.673547 0.607616
vt 0.686409 0.582661
vt 0.691976 0.589188
vt 0.709527 0.567214
vt 0.713646 0.574708
vt 0.735214 0.556574
vt 0.737725 0.564735
vt 0.762483 0.551150
vt 0.763286 0.559650
vt 0.789349 0.559650
vt 0.790287 0.551150
vt 0.814910 0.564735
vt 0.817556 0.556574
vt 0.838989 0.574708
vt 0.843243 0.567214
vt 0.860659 0.589188
vt 0.866361 0.582661
vt 0.879088 0.607616
vt 0.886021 0.602321
vt 0.893567 0.629287
vt 0.901468 0.625439
vt 0.903541 0.653365
vt 0.912108 0.651126
vt 0.908625 0.678927
vt 0.917532 0.678395
vt 0.908625 0.704989
vt 0.917532 0.706199
vt 0.903541 0.730551
vt 0.912108 0.733468
vt 0.893567 0.754629
vt 0.901468 0.759155
vt 0.879087 0.776299
vt 0.886021 0.782273
vt 0.860659 0.794728
vt 0.220160 0.554180
vt 0.099658 0.565221
vt 0.106630 0.529090
vt 0.350668 0.928398
vt 0.385663 0.912082
vt 0.324962 0.928398
vt 0.289967 0.912082
vt 0.195810 0.797276
vt 0.179790 0.888336
vt 0.385917 0.944176
vt 0.290221 0.912862
vt 0.385927 0.913230
vt 0.290231 0.913230
vt 0.385758 0.913230
vt 0.325057 0.929546
vt 0.290063 0.913230
vt 0.324552 0.928233
vt 0.289557 0.911916
vt 0.385253 0.911917
vt 0.077776 0.797520
vt 0.106569 0.717018
vt 0.110477 0.795900
vt 0.419094 0.836013
vt 0.401429 0.734902
vt 0.419347 0.836793
vt 0.401683 0.735682
vt 0.419357 0.891019
vt 0.401693 0.736050
vt 0.419189 0.837161
vt 0.401525 0.798059
vt 0.392977 0.835848
vt 0.418684 0.889706
vt 0.392977 0.889706
vt 0.375313 0.734737
vt 0.401019 0.796746
vt 0.375313 0.796746
vt 0.069997 0.559498
vt 0.076970 0.523366
vt 0.367023 0.626002
vt 0.081512 0.599051
vt 0.082293 0.665881
vt 0.100494 0.693560
vt 0.101305 0.709930
vt 0.122145 0.800926
vt 0.309125 0.731655
vt 0.325226 0.660871
vt 0.050395 0.666254
vt 0.049614 0.599424
vt 0.068604 0.711550
vt 0.379166 0.815377
vt 0.366359 0.730342
vt 0.751085 0.239037
vt 0.018437 0.803502
vt 0.308861 0.625222
vt 0.206923 0.791121
vt 0.207553 0.704666
vt 0.299907 0.734902
vt 0.327029 0.927365
vt 0.309116 0.626002
vt 0.282497 0.836793
vt 0.300171 0.736050
vt 0.308957 0.626370
vt 0.300002 0.736050
vt 0.308451 0.625057
vt 0.299497 0.734737
vt 0.052560 0.952734
vt 0.557964 0.533595
vt 0.021310 0.937407
vt 0.488059 0.063579
vt 0.851024 0.190838
vt 0.036221 0.882920
vt 0.494599 0.276734
vt 0.220160 0.653917
vt 0.350668 0.887463
vt 0.296055 0.802674
vt 0.282243 0.836013
vt 0.296309 0.803453
vt 0.300161 0.735682
vt 0.296319 0.803821
vt 0.282507 0.837160
vt 0.296150 0.803821
vt 0.282338 0.837161
vt 0.295645 0.802508
vt 0.281833 0.835848
vt 0.759651 0.190838
vt 0.759651 0.053126
vt 0.289967 0.943396
vt 0.202446 0.931211
vt 0.290221 0.944176
vt 0.290231 0.944544
vt 0.290063 0.944544
vt 0.289557 0.943231
vt 0.073868 0.718638
vt 0.419094 0.889871
vt 0.401429 0.796911
vt 0.419347 0.890651
vt 0.401683 0.797691
vt 0.419357 0.837161
vt 0.401693 0.798059
vt 0.419189 0.891019
vt 0.401525 0.736050
vt 0.418684 0.835848
vt 0.401019 0.734737
vt 0.309125 0.626370
vt 0.067793 0.695180
vt 0.228492 0.766132
vt 0.243272 0.773513
vt 0.228492 0.773513
vt 0.956618 0.068427
vt 0.956618 0.083729
vt 0.956618 0.099030
vt 0.956618 0.114331
vt 0.956618 0.129633
vt 0.956618 0.144934
vt 0.956618 0.160235
vt 0.956618 0.175537
vt 0.956618 0.190838
vt 0.956618 0.206139
vt 0.956618 0.221440
vt 0.956618 0.236742
vt 0.956618 0.053126
vt 0.256616 0.587695
vt 0.249486 0.570483
vt 0.260306 0.581303
vt 0.262738 0.562833
vt 0.266698 0.577613
vt 0.278039 0.562833
vt 0.274079 0.577613
vt 0.280471 0.581303
vt 0.291290 0.570483
vt 0.298941 0.583735
vt 0.284161 0.587695
vt 0.284161 0.595076
vt 0.298941 0.599036
vt 0.291290 0.612287
vt 0.280471 0.601468
vt 0.274079 0.605158
vt 0.278039 0.619938
vt 0.262738 0.619938
vt 0.266698 0.605158
vt 0.249486 0.612287
vt 0.260306 0.601468
vt 0.241836 0.599036
vt 0.256616 0.595076
vt 0.241836 0.583735
vt 0.150003 0.911632
vt 0.173858 0.918024
vt 0.156395 0.935487
vt 0.228492 0.788274
vt 0.243272 0.795655
vt 0.228492 0.795655
vt 0.228492 0.736609
vt 0.243272 0.743989
vt 0.228492 0.743989
vt 0.228492 0.721847
vt 0.243272 0.729228
vt 0.228492 0.729228
vt 0.228492 0.758751
vt 0.243272 0.766132
vt 0.243272 0.780893
vt 0.243272 0.788274
vt 0.243272 0.736609
vt 0.228492 0.803036
vt 0.243272 0.810416
vt 0.228492 0.810416
vt 0.228492 0.751370
vt 0.243272 0.758751
vt 0.228492 0.780893
vt 0.243272 0.803036
vt 0.243272 0.751370
vt 0.709475 0.020228
vt 0.751086 0.000337
vt 0.751086 0.020228
vt 0.709475 0.239037
vt 0.709475 0.219145
vt 0.751085 0.199254
vt 0.709475 0.199253
vt 0.751085 0.179362
vt 0.709475 0.159470
vt 0.751085 0.159470
vt 0.751085 0.139578
vt 0.709475 0.139578
vt 0.751085 0.119687
vt 0.709475 0.119687
vt 0.751085 0.099795
vt 0.709475 0.099795
vt 0.751085 0.079903
vt 0.709475 0.079903
vt 0.751085 0.060012
vt 0.662410 0.266209
vt 0.645184 0.201918
vt 0.709475 0.060012
vt 0.751085 0.040120
vt 0.709475 0.040120
vt 0.938390 0.053126
vt 0.150003 0.931796
vt 0.146312 0.925404
vt 0.146312 0.918024
vt 0.156395 0.907941
vt 0.163775 0.907941
vt 0.170167 0.911632
vt 0.173858 0.925404
vt 0.170167 0.931796
vt 0.163775 0.935487
vt 0.243272 0.721847
vt 0.709475 0.000336
vt 0.709475 0.179362
vt 0.699529 0.256264
vt 0.682302 0.266209
vt 0.645184 0.256264
vt 0.635238 0.239037
vt 0.635238 0.219145
vt 0.662410 0.191973
vt 0.682302 0.191973
vt 0.699529 0.201918
vt 0.049333 0.393103
vt 0.056719 0.367919
vt 0.057243 0.393467
vt 0.049014 0.367742
vt 0.058216 0.341468
vt 0.050214 0.341489
vt 0.056363 0.315434
vt 0.048549 0.315527
vt 0.056812 0.288256
vt 0.048704 0.288517
vt 0.053956 0.261559
vt 0.046032 0.261886
vt 0.053463 0.233539
vt 0.045241 0.234071
vt 0.049528 0.206077
vt 0.041484 0.206725
vt 0.047846 0.177070
vt 0.039481 0.178037
vt 0.042244 0.148682
vt 0.034042 0.149940
vt 0.038224 0.118329
vt 0.029619 0.120286
vt 0.028899 0.088586
vt 0.020130 0.091446
vt 0.018582 0.057989
vt 0.180339 0.484432
vt 0.200389 0.463003
vt 0.186607 0.488547
vt 0.199605 0.432092
vt 0.192339 0.459952
vt 0.206428 0.405494
vt 0.207244 0.434157
vt 0.209195 0.377809
vt 0.214289 0.406953
vt 0.213208 0.351192
vt 0.216807 0.378743
vt 0.214126 0.323709
vt 0.221057 0.351885
vt 0.216784 0.297118
vt 0.221776 0.324113
vt 0.216582 0.269747
vt 0.224696 0.297386
vt 0.218218 0.243158
vt 0.224315 0.269797
vt 0.216997 0.215890
vt 0.226228 0.243098
vt 0.217544 0.189326
vt 0.224825 0.215629
vt 0.215034 0.162241
vt 0.225652 0.188924
vt 0.213874 0.135800
vt 0.222937 0.161574
vt 0.208829 0.109207
vt 0.222050 0.134794
vt 0.203469 0.083531
vt 0.216702 0.107579
vt 0.191969 0.059762
vt 0.211380 0.080836
vt 0.038478 0.467473
vt 0.033685 0.493445
vt 0.026911 0.489005
vt 0.051199 0.444065
vt 0.046291 0.470494
vt 0.044019 0.442955
vt 0.053886 0.419402
vt 0.046359 0.418638
vt 0.167973 0.137966
vt 0.160215 0.105757
vt 0.169987 0.106548
vt 0.340828 0.188084
vt 0.330506 0.216454
vt 0.331876 0.187947
vt 0.169529 0.167784
vt 0.158204 0.137724
vt 0.339704 0.216743
vt 0.331817 0.245671
vt 0.168727 0.198273
vt 0.160191 0.167626
vt 0.340723 0.245998
vt 0.329767 0.274029
vt 0.170397 0.227292
vt 0.159283 0.198221
vt 0.338930 0.274543
vt 0.330324 0.303213
vt 0.169276 0.256968
vt 0.161321 0.227102
vt 0.339206 0.303762
vt 0.327577 0.331501
vt 0.165183 0.423701
vt 0.158650 0.395956
vt 0.167011 0.396460
vt 0.170358 0.285248
vt 0.160090 0.256773
vt 0.336719 0.332214
vt 0.327561 0.360707
vt 0.167260 0.449749
vt 0.156610 0.423578
vt 0.168619 0.314106
vt 0.161530 0.284878
vt 0.333693 0.389740
vt 0.336426 0.361379
vt 0.172467 0.476584
vt 0.158775 0.450670
vt 0.169061 0.341645
vt 0.159683 0.313716
vt 0.333784 0.418815
vt 0.324539 0.389054
vt 0.179868 0.501131
vt 0.164290 0.478478
vt 0.166835 0.369685
vt 0.160476 0.341108
vt 0.332774 0.447174
vt 0.324877 0.418477
vt 0.345704 0.039273
vt 0.332481 0.068820
vt 0.335382 0.037141
vt 0.158135 0.369184
vt 0.337202 0.475910
vt 0.323464 0.447492
vt 0.342453 0.069975
vt 0.329673 0.099297
vt 0.345704 0.502226
vt 0.328339 0.477886
vt 0.339303 0.099868
vt 0.331184 0.129587
vt 0.171549 0.075379
vt 0.169558 0.040345
vt 0.179868 0.044214
vt 0.340279 0.129776
vt 0.329987 0.158530
vt 0.160811 0.073588
vt 0.339275 0.158705
vt 0.122208 0.205692
vt 0.123136 0.223048
vt 0.124394 0.319278
vt 0.124473 0.335667
vt 0.094039 0.345321
vt 0.091575 0.336125
vt 0.124016 0.263348
vt 0.124518 0.280135
vt 0.090791 0.373249
vt 0.063041 0.365019
vt 0.093187 0.364097
vt 0.063050 0.344329
vt 0.025431 0.058675
vt 0.034882 0.082805
vt 0.124579 0.492912
vt 0.085944 0.477883
vt 0.120880 0.479912
vt 0.153167 0.366055
vt 0.153654 0.344209
vt 0.284971 0.491514
vt 0.338011 0.505703
vt 0.287163 0.521942
vt 0.116481 0.077424
vt 0.117514 0.099246
vt 0.119269 0.145264
vt 0.120497 0.163674
vt 0.093423 0.310040
vt 0.121824 0.309192
vt 0.080586 0.488869
vt 0.051830 0.469042
vt 0.288529 0.380899
vt 0.289873 0.363722
vt 0.284891 0.441480
vt 0.286154 0.422659
vt 0.091310 0.319398
vt 0.062713 0.312212
vt 0.044384 0.120545
vt 0.048767 0.144216
vt 0.293958 0.267009
vt 0.294468 0.250204
vt 0.291912 0.323620
vt 0.292899 0.306779
vt 0.122046 0.446629
vt 0.088026 0.455485
vt 0.086741 0.445265
vt 0.154532 0.310599
vt 0.154589 0.288215
vt 0.091636 0.235013
vt 0.088395 0.225482
vt 0.056788 0.448240
vt 0.127463 0.519765
vt 0.290543 0.092519
vt 0.289969 0.072326
vt 0.293109 0.153048
vt 0.292641 0.135540
vt 0.294368 0.210380
vt 0.294372 0.193449
vt 0.123454 0.374054
vt 0.123234 0.390341
vt 0.058784 0.236201
vt 0.121990 0.429225
vt 0.053480 0.179609
vt 0.056025 0.202191
vt 0.250092 0.064169
vt 0.286956 0.059755
vt 0.154724 0.253691
vt 0.154260 0.230697
vt 0.087978 0.427577
vt 0.088710 0.197639
vt 0.119002 0.195084
vt 0.249599 0.076052
vt 0.215524 0.076103
vt 0.090475 0.389861
vt 0.260283 0.193386
vt 0.260363 0.210602
vt 0.257423 0.136875
vt 0.258379 0.154564
vt 0.252556 0.095964
vt 0.073669 0.514976
vt 0.087042 0.207742
vt 0.060377 0.258030
vt 0.290913 0.015179
vt 0.242449 0.037870
vt 0.233582 0.024876
vt 0.153709 0.195132
vt 0.152942 0.171416
vt 0.151679 0.420572
vt 0.206209 0.055415
vt 0.198494 0.055508
vt 0.151994 0.398978
vt 0.120788 0.400249
vt 0.061882 0.291009
vt 0.259016 0.304525
vt 0.257893 0.321723
vt 0.260625 0.248994
vt 0.260078 0.266126
vt 0.259234 0.126821
vt 0.289845 0.124798
vt 0.152470 0.134410
vt 0.152454 0.109459
vt 0.226673 0.131285
vt 0.249583 0.418440
vt 0.246670 0.437584
vt 0.255515 0.360497
vt 0.253752 0.378056
vt 0.156992 0.476279
vt 0.256458 0.106076
vt 0.154813 0.069077
vt 0.160326 0.042484
vt 0.084004 0.167127
vt 0.081912 0.148324
vt 0.076492 0.104098
vt 0.072573 0.082226
vt 0.228403 0.513091
vt 0.237048 0.485294
vt 0.154006 0.454103
vt 0.119490 0.457566
vt 0.223724 0.109676
vt 0.325461 0.064592
vt 0.262623 0.183804
vt 0.291940 0.183036
vt 0.320481 0.475142
vt 0.318195 0.450976
vt 0.328964 0.039509
vt 0.286007 0.032051
vt 0.230527 0.185808
vt 0.324007 0.126238
vt 0.261221 0.164157
vt 0.319072 0.391933
vt 0.090849 0.281573
vt 0.090055 0.264429
vt 0.324113 0.102592
vt 0.288101 0.104167
vt 0.229639 0.164336
vt 0.122432 0.290433
vt 0.121263 0.233731
vt 0.121125 0.253054
vt 0.118734 0.174918
vt 0.115433 0.111831
vt 0.115812 0.133974
vt 0.114624 0.033729
vt 0.113107 0.063815
vt 0.281567 0.453098
vt 0.281768 0.477292
vt 0.284511 0.411384
vt 0.285166 0.391303
vt 0.322123 0.334359
vt 0.288321 0.353069
vt 0.288744 0.333824
vt 0.324378 0.277004
vt 0.291124 0.296305
vt 0.291055 0.277240
vt 0.325185 0.219577
vt 0.292381 0.239804
vt 0.291744 0.220726
vt 0.324675 0.161791
vt 0.290718 0.163688
vt 0.119608 0.418936
vt 0.122168 0.345666
vt 0.121138 0.364064
vt 0.061812 0.396549
vt 0.090939 0.418227
vt 0.060365 0.416966
vt 0.092547 0.399152
vt 0.262736 0.220137
vt 0.231244 0.240199
vt 0.231384 0.218722
vt 0.263338 0.239578
vt 0.262125 0.275717
vt 0.229832 0.294663
vt 0.230768 0.273137
vt 0.262067 0.295184
vt 0.259650 0.331438
vt 0.226341 0.349346
vt 0.228128 0.327705
vt 0.258942 0.351124
vt 0.255193 0.388103
vt 0.219866 0.404702
vt 0.223033 0.382717
vt 0.253669 0.408668
vt 0.213167 0.439072
vt 0.243700 0.473532
vt 0.206531 0.461756
vt 0.247497 0.448884
vt 0.072950 0.069125
vt 0.066559 0.039417
vt 0.083272 0.137458
vt 0.081278 0.114892
vt 0.087754 0.177017
vt 0.091945 0.254751
vt 0.093689 0.290894
vt 0.056664 0.025195
vt 0.119881 0.015179
vt 0.317968 0.414800
vt 0.320769 0.356954
vt 0.323472 0.299592
vt 0.324868 0.242232
vt 0.324821 0.184658
vt 0.009813 0.061933
vt 0.172648 0.504207
vn -0.0000 -0.0000 1.0000
vn -0.0000 -0.0000 -1.0000
vn 0.9839 -0.1788 -0.0000
vn 0.0166 -0.9999 -0.0000
vn 0.7187 -0.6953 -0.0000
vn -0.3980 0.9174 -0.0000
vn -0.7187 0.6953 -0.0000
vn -0.3673 -0.9301 -0.0000
vn -0.6953 -0.7187 -0.0000
vn 0.8406 -0.5417 -0.0000
vn -0.9301 0.3673 -0.0000
vn 0.9774 0.2113 -0.0000
vn 0.0007 -0.0004 -1.0000
vn 0.0008 -0.0000 -1.0000
vn -0.0007 0.0004 -1.0000
vn -0.0004 0.0007 -1.0000
vn 0.0004 0.0007 -1.0000
vn -0.0000 0.0008 -1.0000
vn -0.0004 -0.0007 -1.0000
vn -0.0007 -0.0004 -1.0000
vn 0.0004 -0.0007 -1.0000
vn 0.0007 0.0004 -1.0000
vn -0.0008 -0.0000 -1.0000
vn -0.0000 -0.0008 -1.0000
vn -0.1788 -0.9839 -0.0000
vn 0.2113 -0.9774 -0.0000
vn 0.3980 -0.9174 -0.0000
vn 0.5693 -0.8221 -0.0000
vn -0.5417 -0.8406 -0.0000
vn -0.8221 -0.5693 -0.0000
vn 0.9301 -0.3673 -0.0000
vn -0.9174 -0.3980 -0.0000
vn -0.9774 -0.2113 -0.0000
vn -0.9999 -0.0166 -0.0000
vn 0.9999 0.0166 -0.0000
vn -0.9839 0.1788 -0.0000
vn 0.9174 0.3980 -0.0000
vn -0.8406 0.5417 -0.0000
vn 0.8221 0.5693 -0.0000
vn 0.6953 0.7187 -0.0000
vn 0.5417 0.8406 -0.0000
vn -0.5693 0.8221 -0.0000
vn 0.3673 0.9301 -0.0000
vn 0.1788 0.9839 -0.0000
vn -0.2113 0.9774 -0.0000
vn -0.0166 0.9999 -0.0000
vn -0.4360 0.9000 -0.0000
vn -0.1055 0.9944 -0.0000
vn -0.9974 0.0724 -0.0000
vn -0.9139 0.4059 -0.0000
vn -0.5614 -0.8275 -0.0000
vn -0.8085 -0.5886 -0.0000
vn -0.3788 -0.1083 0.9191
vn -0.1213 -0.0347 0.9920
vn 0.4360 -0.9000 -0.0000
vn 0.1055 -0.9944 -0.0000
vn 0.9974 -0.0724 -0.0000
vn 0.9139 -0.4059 -0.0000
vn 0.5614 0.8275 -0.0000
vn 0.8085 0.5886 -0.0000
vn -0.6918 0.6692 -0.2714
vn -0.9615 -0.2748 -0.0000
vn -0.9254 -0.2645 -0.2714
vn -0.2427 -0.9701 -0.0000
vn -0.2336 -0.9337 -0.2714
vn 0.6918 -0.6692 -0.2714
vn 0.9615 0.2748 -0.0000
vn 0.9254 0.2645 -0.2714
vn 0.2336 0.9337 -0.2714
vn 0.2427 0.9701 -0.0000
vn 0.5934 -0.5740 -0.5643
vn -0.7938 -0.2269 -0.5643
vn -0.2831 0.2739 0.9191
vn -0.0907 0.0877 0.9920
vn -0.2748 0.9615 -0.0000
vn -0.0956 -0.3821 0.9191
vn -0.0306 -0.1224 0.9920
vn 0.3787 0.1083 0.9191
vn 0.1213 0.0347 0.9920
vn -0.2831 0.2739 -0.9191
vn -0.0907 0.0877 -0.9920
vn 0.3788 0.1083 -0.9191
vn 0.1213 0.0347 -0.9920
vn 0.3787 0.1082 -0.9191
vn -0.9701 0.2427 -0.0000
vn -0.9701 0.2428 -0.0000
vn -0.8232 -0.2353 0.5167
vn -0.8713 -0.2490 0.4229
vn -0.2078 -0.8305 0.5167
vn -0.2200 -0.8791 0.4229
vn -0.0956 -0.3821 -0.9191
vn -0.0306 -0.1224 -0.9920
vn 0.1013 0.4046 -0.9089
vn 0.1767 0.7060 -0.6859
vn 0.1012 0.4046 -0.9089
vn 0.2748 -0.9615 -0.0000
vn 0.6154 -0.5953 0.5167
vn 0.6513 -0.6300 0.4229
vn -0.4010 -0.1146 0.9089
vn -0.6997 -0.2000 0.6859
vn 0.7938 0.2269 -0.5643
vn -0.3788 -0.1083 -0.9191
vn -0.1213 -0.0347 -0.9920
vn 0.4010 0.1146 -0.9089
vn 0.6997 0.2000 -0.6859
vn 0.2998 -0.2900 0.9089
vn 0.5231 -0.5060 0.6859
vn -0.5934 0.5740 -0.5643
vn 0.2831 -0.2739 -0.9191
vn 0.0907 -0.0877 -0.9920
vn -0.2998 0.2900 -0.9089
vn -0.5231 0.5060 -0.6859
vn 0.4010 0.1146 0.9089
vn 0.6997 0.2000 0.6859
vn -0.4010 -0.1146 -0.9089
vn -0.6997 -0.2000 -0.6859
vn 0.8232 0.2353 0.5167
vn 0.8713 0.2490 0.4229
vn 0.2078 0.8305 0.5167
vn 0.2200 0.8791 0.4229
vn 0.9701 -0.2427 -0.0000
vn 0.9701 -0.2428 -0.0000
vn 0.1012 0.4046 0.9089
vn 0.1767 0.7060 0.6859
vn 0.1013 0.4046 0.9089
vn -0.2004 -0.8009 -0.5643
vn 0.0956 0.3821 -0.9191
vn 0.0306 0.1224 -0.9920
vn -0.1012 -0.4046 -0.9089
vn -0.1767 -0.7060 -0.6859
vn 0.2998 -0.2900 -0.9089
vn 0.5231 -0.5060 -0.6859
vn -0.6154 0.5953 0.5167
vn -0.6513 0.6300 0.4229
vn 0.2831 -0.2739 0.9191
vn 0.0907 -0.0877 0.9920
vn -0.2998 0.2900 0.9089
vn -0.5231 0.5060 0.6859
vn -0.5143 0.8576 -0.0000
vn -0.8275 0.5614 -0.0000
vn -0.9944 -0.1055 -0.0000
vn -0.8576 -0.5143 -0.0000
vn -0.4856 -0.8742 -0.0000
vn -0.0724 -0.9974 -0.0000
vn 0.5886 -0.8084 -0.0000
vn 0.8742 -0.4856 -0.0000
vn 0.8742 -0.4855 -0.0000
vn 0.9000 0.4360 -0.0000
vn 0.4059 0.9139 -0.0000
vn 0.2428 0.9701 -0.0000
vn 0.6953 0.7188 -0.0000
vn 0.2004 0.8009 -0.5643
vn -0.8742 0.4856 -0.0000
vn 0.5143 -0.8576 -0.0000
vn 0.8576 0.5143 -0.0000
vn 0.4856 0.8742 -0.0000
vn -0.1767 -0.7060 0.6859
vn 0.0956 0.3821 0.9191
vn 0.0306 0.1224 0.9920
vn -0.1013 -0.4046 0.9089
vn -0.1012 -0.4046 0.9089
vn -0.3787 -0.1083 -0.9191
vn 0.4855 0.8742 -0.0000
vn -0.8742 0.4855 -0.0000
vn -0.4855 -0.8742 -0.0000
vn -0.0394 0.0112 0.9992
vn -0.0406 -0.0047 0.9992
vn -0.0393 0.0112 0.9992
vn -0.0321 0.0255 0.9992
vn -0.0321 0.0254 0.9992
vn -0.0199 0.0358 0.9992
vn -0.0047 0.0408 0.9992
vn -0.0047 0.0407 0.9992
vn 0.0113 0.0395 0.9992
vn 0.0255 0.0322 0.9992
vn 0.0359 0.0200 0.9992
vn 0.0408 0.0047 0.9992
vn 0.0395 -0.0113 0.9992
vn 0.0321 -0.0255 0.9992
vn 0.0322 -0.0255 0.9992
vn 0.0199 -0.0358 0.9992
vn 0.0047 -0.0406 0.9992
vn 0.0047 -0.0407 0.9992
vn -0.0112 -0.0393 0.9992
vn -0.0112 -0.0394 0.9992
vn -0.0254 -0.0320 0.9992
vn -0.0357 -0.0199 0.9992
vn 0.0111 0.0390 -0.9992
vn 0.0197 -0.0355 -0.9992
vn 0.0047 -0.0404 -0.9992
vn 0.0198 -0.0355 -0.9992
vn -0.0047 0.0403 -0.9992
vn 0.0318 -0.0252 -0.9992
vn -0.0046 0.0403 -0.9992
vn -0.0198 0.0355 -0.9992
vn 0.0390 -0.0111 -0.9992
vn -0.0405 -0.0047 -0.9992
vn -0.0197 0.0355 -0.9992
vn -0.0404 -0.0047 -0.9992
vn -0.0319 0.0253 -0.9992
vn -0.0356 -0.0198 -0.9992
vn -0.0318 0.0252 -0.9992
vn 0.0402 0.0046 -0.9992
vn -0.0391 0.0112 -0.9992
vn 0.0403 0.0046 -0.9992
vn -0.0253 -0.0319 -0.9992
vn 0.0354 0.0197 -0.9992
vn -0.0112 -0.0391 -0.9992
vn 0.0252 0.0318 -0.9992
vn 0.0252 0.0317 -0.9992
vn -0.3031 0.9426 -0.1397
vn -0.2932 0.9118 -0.2875
vn -0.3032 0.9428 -0.1389
vn -0.8805 0.4520 -0.1429
vn -0.8513 0.4370 -0.2904
vn -0.8806 0.4521 -0.1422
vn 0.3678 0.9299 0.0039
vn 0.3668 0.9303 0.0037
vn 0.3666 0.9304 0.0037
vn -0.6406 0.7547 -0.1414
vn -0.6195 0.7298 -0.2890
vn -0.6407 0.7548 -0.1406
vn -0.1782 -0.9840 -0.0031
vn -0.1772 -0.9842 -0.0034
vn -0.1784 -0.9840 -0.0030
vn 0.3654 0.9308 0.0041
vn 0.3652 0.9309 0.0042
vn 0.0705 0.0888 0.9936
vn 0.0705 0.0888 0.9935
vn 0.5693 -0.8221 0.0005
vn 0.5692 -0.8222 0.0005
vn 0.5694 -0.8221 0.0005
vn -0.1080 0.0308 -0.9937
vn 0.7553 0.6411 -0.1360
vn 0.7309 0.6204 -0.2844
vn 0.7553 0.6411 -0.1359
vn 0.4524 0.8813 -0.1368
vn 0.4378 0.8527 -0.2849
vn 0.4524 0.8813 -0.1364
vn 0.0807 0.9871 -0.1381
vn 0.0781 0.9550 -0.2860
vn 0.0807 0.9872 -0.1374
vn -0.5423 -0.8402 -0.0044
vn -0.5412 -0.8409 -0.0042
vn 0.5691 -0.8223 0.0005
vn 0.9554 -0.0781 -0.2849
vn 0.9873 -0.0807 -0.1368
vn 0.9874 -0.0807 -0.1364
vn 0.9127 0.2935 -0.2844
vn 0.9431 0.3033 -0.1360
vn 0.9432 0.3033 -0.1359
vn -0.5410 -0.8410 -0.0043
vn -0.5397 -0.8418 -0.0047
vn 0.0311 0.1090 0.9936
vn 0.6198 -0.7302 -0.2875
vn 0.6408 -0.7549 -0.1397
vn 0.6409 -0.7550 -0.1389
vn 0.8525 -0.4376 -0.2860
vn 0.8811 -0.4523 -0.1381
vn 0.8812 -0.4524 -0.1374
vn -0.3979 0.9174 0.0005
vn -0.3980 0.9174 0.0005
vn -0.3981 0.9174 0.0005
vn -0.0880 0.0698 -0.9937
vn 0.9177 0.3972 0.0050
vn 0.9171 0.3986 0.0048
vn 0.9170 0.3988 0.0048
vn -0.3982 0.9173 0.0005
vn -0.7291 -0.6189 -0.2921
vn -0.7544 -0.6404 -0.1444
vn -0.7544 -0.6404 -0.1443
vn -0.4369 -0.8510 -0.2915
vn -0.4519 -0.8804 -0.1439
vn -0.4520 -0.8804 -0.1435
vn -0.0780 -0.9537 -0.2904
vn -0.0807 -0.9864 -0.1429
vn -0.0807 -0.9865 -0.1422
vn 0.2931 -0.9114 -0.2890
vn 0.3031 -0.9424 -0.1414
vn 0.3031 -0.9425 -0.1406
vn -0.9863 0.0806 -0.1439
vn -0.9534 0.0780 -0.2915
vn -0.9864 0.0806 -0.1435
vn 0.9163 0.4003 0.0054
vn 0.9162 0.4006 0.0054
vn -0.9420 -0.3029 -0.1444
vn -0.9105 -0.2928 -0.2921
vn -0.9420 -0.3029 -0.1443
vn -0.0130 0.1125 0.9936
vn 0.8408 -0.5414 0.0024
vn 0.8404 -0.5420 0.0023
vn -0.0545 0.0980 -0.9937
vn -0.9084 -0.2921 0.2992
vn -0.9409 -0.3026 0.1519
vn -0.9410 -0.3026 0.1518
vn -0.9776 -0.2106 -0.0048
vn -0.9773 -0.2120 -0.0046
vn 0.8403 -0.5421 0.0023
vn 0.8399 -0.5427 0.0025
vn -0.9508 0.0777 0.2997
vn -0.9850 0.0805 0.1527
vn -0.9851 0.0805 0.1523
vn 0.3024 -0.9404 0.1556
vn 0.2918 -0.9075 0.3022
vn 0.3024 -0.9405 0.1548
vn -0.0805 -0.9848 0.1540
vn -0.0777 -0.9505 0.3008
vn -0.0805 -0.9849 0.1533
vn -0.4513 -0.8792 0.1527
vn -0.4357 -0.8487 0.2997
vn -0.4514 -0.8793 0.1523
vn -0.7535 -0.6396 0.1519
vn -0.7275 -0.6175 0.2992
vn -0.7535 -0.6396 0.1518
vn -0.9772 -0.2122 -0.0046
vn -0.9769 -0.2138 -0.0052
vn -0.0550 0.0989 0.9936
vn -0.7189 0.6951 -0.0015
vn -0.7186 0.6954 -0.0014
vn -0.7186 0.6955 -0.0014
vn -0.0128 0.1113 -0.9937
vn 0.2111 -0.9775 -0.0015
vn 0.2106 -0.9776 -0.0016
vn 0.2105 -0.9776 -0.0016
vn -0.7182 0.6958 -0.0016
vn -0.7182 0.6959 -0.0016
vn -0.0162 0.9999 0.0024
vn -0.0154 0.9999 0.0025
vn -0.0886 0.0703 0.9936
vn 0.8783 -0.4509 0.1587
vn 0.8472 -0.4349 0.3052
vn 0.8472 -0.4349 0.3051
vn 0.8784 -0.4510 0.1580
vn 0.6391 -0.7529 0.1573
vn 0.6166 -0.7264 0.3037
vn 0.6166 -0.7264 0.3038
vn 0.6392 -0.7530 0.1564
vn 0.9840 -0.1782 0.0039
vn 0.9838 -0.1793 0.0037
vn 0.9840 -0.1781 0.0039
vn 0.0307 0.1077 -0.9937
vn -0.1793 -0.9838 -0.0032
vn -0.1804 -0.9836 -0.0034
vn -0.1806 -0.9836 -0.0034
vn 0.9838 -0.1795 0.0037
vn 0.9835 -0.1808 0.0042
vn 0.9397 0.3022 0.1603
vn 0.9061 0.2914 0.3068
vn 0.9397 0.3022 0.1601
vn 0.9839 -0.0804 0.1598
vn 0.9488 -0.0776 0.3062
vn 0.9839 -0.0804 0.1593
vn 0.5695 -0.8220 0.0005
vn -0.1087 0.0310 0.9936
vn -0.1086 0.0310 0.9936
vn -0.9303 0.3668 -0.0032
vn -0.9299 0.3677 -0.0030
vn -0.9299 0.3678 -0.0031
vn 0.0696 0.0877 -0.9937
vn 0.0695 0.0877 -0.9937
vn 0.0776 0.9491 0.3052
vn 0.0805 0.9840 0.1587
vn 0.0805 0.9842 0.1580
vn 0.4348 0.8469 0.3062
vn 0.4508 0.8782 0.1598
vn 0.4509 0.8783 0.1593
vn 0.7256 0.6159 0.3068
vn 0.7525 0.6388 0.1603
vn 0.7525 0.6388 0.1601
vn -0.3977 0.9175 0.0005
vn -0.9295 0.3688 -0.0034
vn -0.9294 0.3690 -0.0034
vn 0.8412 -0.5406 0.0025
vn 0.8413 -0.5405 0.0025
vn 0.9772 0.2121 0.0048
vn 0.9775 0.2107 0.0046
vn 0.0978 0.0544 -0.9937
vn -0.7193 0.6947 -0.0016
vn 0.9776 0.2105 0.0046
vn 0.9779 0.2089 0.0051
vn 0.9842 -0.1768 0.0041
vn 0.9843 -0.1766 0.0042
vn -0.9998 -0.0173 -0.0044
vn -0.9999 -0.0160 -0.0042
vn -0.9999 -0.0158 -0.0043
vn 0.1112 0.0128 -0.9937
vn -0.6169 0.7267 0.3022
vn -0.6393 0.7531 0.1556
vn -0.6393 0.7532 0.1548
vn -0.9307 0.3658 -0.0034
vn -0.9999 -0.0143 -0.0047
vn -0.9999 -0.0141 -0.0048
vn -0.8484 0.4355 0.3008
vn -0.8790 0.4512 0.1540
vn -0.8791 0.4513 0.1533
vn -0.2917 0.9070 0.3037
vn -0.3023 0.9401 0.1573
vn -0.3024 0.9403 0.1564
vn -0.7630 0.6053 -0.2269
vn -0.6982 0.5539 -0.4535
vn -0.7632 0.6055 -0.2256
vn -0.4735 0.8515 -0.2253
vn -0.4334 0.7795 -0.4523
vn -0.4736 0.8518 -0.2239
vn -0.1116 0.9683 -0.2236
vn -0.1022 0.8866 -0.4510
vn -0.1117 0.9686 -0.2223
vn 0.2675 0.9376 -0.2221
vn 0.2450 0.8588 -0.4500
vn 0.2676 0.9378 -0.2211
vn 0.6061 0.7641 -0.2209
vn 0.5552 0.6999 -0.4493
vn 0.6062 0.7642 -0.2204
vn 0.8525 0.4740 -0.2204
vn 0.7809 0.4342 -0.4490
vn 0.8875 0.1023 -0.4493
vn 0.9689 0.1117 -0.2209
vn 0.9690 0.1117 -0.2204
vn 0.8588 -0.2450 -0.4500
vn 0.9376 -0.2675 -0.2221
vn 0.9378 -0.2676 -0.2211
vn 0.6992 -0.5547 -0.4510
vn 0.7636 -0.6057 -0.2236
vn 0.7638 -0.6059 -0.2223
vn 0.4334 -0.7795 -0.4523
vn 0.4735 -0.8515 -0.2253
vn 0.4736 -0.8518 -0.2239
vn 0.1021 -0.8854 -0.4535
vn 0.1115 -0.9675 -0.2269
vn 0.1116 -0.9678 -0.2256
vn -0.2444 -0.8565 -0.4546
vn -0.2671 -0.9363 -0.2281
vn -0.2672 -0.9365 -0.2271
vn -0.5533 -0.6975 -0.4553
vn -0.6050 -0.7627 -0.2288
vn -0.6051 -0.7628 -0.2282
vn -0.7780 -0.4326 -0.4556
vn -0.8508 -0.4731 -0.2288
vn -0.9671 -0.1115 -0.2288
vn -0.8845 -0.1020 -0.4553
vn -0.9672 -0.1115 -0.2282
vn -0.9363 0.2671 -0.2281
vn -0.8565 0.2444 -0.4546
vn -0.9365 0.2672 -0.2271
vn -0.8528 0.2433 0.4622
vn -0.9341 0.2665 0.2377
vn -0.9343 0.2666 0.2367
vn -0.8813 -0.1016 0.4615
vn -0.9652 -0.1113 0.2366
vn -0.9653 -0.1113 0.2361
vn -0.8493 -0.4722 0.2360
vn -0.7755 -0.4312 0.4612
vn -0.6038 -0.7612 0.2366
vn -0.5513 -0.6950 0.4615
vn -0.6039 -0.7613 0.2361
vn -0.2665 -0.9341 0.2377
vn -0.2433 -0.8528 0.4622
vn -0.2666 -0.9343 0.2367
vn 0.1112 -0.9646 0.2392
vn 0.1015 -0.8804 0.4632
vn 0.1112 -0.9649 0.2380
vn 0.4717 -0.8482 0.2409
vn 0.4304 -0.7740 0.4645
vn 0.4304 -0.7740 0.4644
vn 0.4718 -0.8485 0.2395
vn 0.7601 -0.6029 0.2424
vn 0.6933 -0.5500 0.4657
vn 0.7603 -0.6031 0.2412
vn 0.9326 -0.2661 0.2436
vn 0.8505 -0.2426 0.4667
vn 0.9329 -0.2662 0.2427
vn 0.9633 0.1111 0.2443
vn 0.8782 0.1012 0.4674
vn 0.9634 0.1111 0.2438
vn 0.7725 0.4296 0.4676
vn 0.8475 0.4712 0.2444
vn 0.5494 0.6926 0.4674
vn 0.6026 0.7597 0.2443
vn 0.6027 0.7598 0.2438
vn 0.2426 0.8505 0.4667
vn 0.2661 0.9326 0.2437
vn 0.2662 0.9329 0.2427
vn -0.1013 0.8791 0.4657
vn -0.1111 0.9638 0.2424
vn -0.1111 0.9641 0.2412
vn -0.4304 0.7740 0.4645
vn -0.4717 0.8482 0.2409
vn -0.4718 0.8485 0.2395
vn -0.6943 0.5508 0.4632
vn -0.7607 0.6034 0.2392
vn -0.7609 0.6036 0.2380
vn 0.0991 0.0551 0.9935
vn 0.6946 0.7193 0.0046
vn 0.6935 0.7205 0.0051
vn 0.6933 0.7207 0.0052
vn -0.0170 0.9999 0.0023
vn -0.0178 0.9998 0.0025
vn -0.0180 0.9998 0.0026
vn 0.6958 0.7182 0.0048
vn 0.6948 0.7192 0.0046
vn -0.0169 0.9999 0.0023
vn 0.1127 0.0130 0.9935
vn -0.8216 -0.5700 -0.0048
vn -0.8206 -0.5714 -0.0053
vn -0.8217 -0.5698 -0.0048
vn 0.2116 -0.9774 -0.0014
vn 0.2121 -0.9772 -0.0016
vn 0.2115 -0.9774 -0.0014
vn -0.8226 -0.5686 -0.0050
vn 0.1090 -0.0311 0.9936
vn 0.9998 0.0174 0.0043
vn 0.9998 0.0189 0.0047
vn 0.9998 0.0192 0.0048
vn 0.9999 0.0159 0.0044
vn 0.9998 0.0172 0.0042
vn 0.0887 -0.0704 0.9936
vn 0.9303 -0.3668 0.0031
vn 0.9307 -0.3657 0.0034
vn 0.9308 -0.3656 0.0035
vn 0.9299 -0.3678 0.0032
vn 0.9303 -0.3669 0.0030
vn 0.0550 -0.0989 0.9936
vn -0.9840 0.1781 -0.0037
vn -0.9842 0.1768 -0.0042
vn -0.9840 0.1783 -0.0037
vn -0.9838 0.1794 -0.0039
vn 0.0129 -0.1123 0.9936
vn 0.7189 -0.6951 0.0014
vn 0.7193 -0.6947 0.0016
vn 0.7186 -0.6954 0.0014
vn -0.9779 -0.2089 -0.0051
vn -0.9780 -0.2086 -0.0051
vn -0.0310 -0.1086 0.9936
vn -0.8408 0.5413 -0.0023
vn -0.8412 0.5406 -0.0025
vn -0.8407 0.5414 -0.0023
vn 0.9184 0.3956 0.0053
vn -0.8404 0.5420 -0.0024
vn -0.5436 -0.8393 -0.0047
vn -0.5438 -0.8392 -0.0048
vn -0.0702 -0.0885 0.9936
vn 0.3979 -0.9174 -0.0005
vn 0.3977 -0.9175 -0.0005
vn 0.3692 0.9294 0.0041
vn 0.3679 0.9299 0.0039
vn 0.3980 -0.9174 -0.0005
vn 0.6971 0.7170 0.0051
vn 0.6959 0.7182 0.0048
vn -0.0987 -0.0549 0.9936
vn -0.5694 0.8221 -0.0005
vn -0.5695 0.8220 -0.0005
vn -0.5693 0.8221 -0.0005
vn -0.8236 -0.5672 -0.0053
vn -0.8237 -0.5670 -0.0053
vn -0.5692 0.8222 -0.0005
vn 0.9999 0.0143 0.0047
vn -0.1122 -0.0129 0.9936
vn 0.0162 -0.9999 -0.0023
vn 0.0154 -0.9999 -0.0025
vn 0.0152 -0.9999 -0.0026
vn 0.9295 -0.3688 0.0034
vn -0.1116 -0.0129 -0.9937
vn -0.1117 -0.0129 -0.9937
vn 0.0170 -0.9999 -0.0024
vn 0.0163 -0.9999 -0.0023
vn -0.9835 0.1807 -0.0041
vn -0.9835 0.1809 -0.0041
vn -0.2111 0.9775 0.0014
vn -0.2106 0.9776 0.0016
vn -0.2112 0.9775 0.0014
vn 0.7182 -0.6958 0.0015
vn 0.7186 -0.6954 0.0015
vn -0.0982 -0.0546 -0.9937
vn -0.2116 0.9774 0.0014
vn -0.2116 0.9774 0.0015
vn -0.8399 0.5427 -0.0025
vn -0.8398 0.5428 -0.0025
vn -0.3680 -0.9298 -0.0037
vn -0.3692 -0.9293 -0.0042
vn -0.3694 -0.9293 -0.0042
vn 0.3982 -0.9173 -0.0005
vn -0.0699 -0.0881 -0.9937
vn -0.3667 -0.9303 -0.0039
vn -0.3678 -0.9299 -0.0037
vn -0.5691 0.8223 -0.0005
vn -0.5690 0.8223 -0.0005
vn 0.1794 0.9838 0.0031
vn 0.1804 0.9836 0.0034
vn 0.1792 0.9838 0.0030
vn 0.0178 -0.9998 -0.0025
vn -0.0308 -0.1080 -0.9937
vn 0.1783 0.9840 0.0032
vn -0.2121 0.9772 0.0015
vn -0.2122 0.9772 0.0016
vn -0.6959 -0.7181 -0.0046
vn -0.6971 -0.7170 -0.0052
vn -0.6973 -0.7168 -0.0052
vn -0.3654 -0.9308 -0.0041
vn 0.0129 -0.1115 -0.9937
vn -0.6947 -0.7193 -0.0048
vn -0.6957 -0.7183 -0.0046
vn 0.1772 0.9842 0.0034
vn 0.1770 0.9842 0.0034
vn 0.5424 0.8401 0.0043
vn 0.5436 0.8393 0.0047
vn 0.5422 0.8403 0.0042
vn -0.6935 -0.7205 -0.0051
vn 0.0545 -0.0980 -0.9937
vn 0.5411 0.8409 0.0044
vn 0.5411 0.8410 0.0044
vn 0.5398 0.8418 0.0047
vn 0.5395 0.8419 0.0047
vn -0.9178 -0.3971 -0.0048
vn -0.9184 -0.3956 -0.0054
vn -0.9185 -0.3953 -0.0054
vn -0.9171 -0.3987 -0.0050
vn -0.9164 -0.4003 -0.0053
vn 0.0878 -0.0696 -0.9937
vn -0.9177 -0.3974 -0.0048
vn 0.8217 0.5699 0.0050
vn 0.8207 0.5714 0.0053
vn 0.8205 0.5716 0.0053
vn 0.8226 0.5685 0.0048
vn 0.8236 0.5671 0.0054
vn 0.8225 0.5688 0.0048
vn -0.9998 -0.0189 -0.0047
vn 0.1077 -0.0307 -0.9937
vn 0.8216 0.5700 0.0050
vn 0.9769 0.2138 0.0051
vn 0.9768 0.2140 0.0051
vn -0.1770 -0.9842 -0.0034
vn -0.5395 -0.8420 -0.0048
vn 0.8398 -0.5428 0.0026
vn -0.9768 -0.2141 -0.0052
vn -0.0152 0.9999 0.0025
vn 0.9835 -0.1810 0.0042
vn 0.9780 0.2086 0.0052
vn -0.9308 0.3656 -0.0034
vn -0.8205 -0.5717 -0.0054
vn 0.2122 -0.9772 -0.0016
vn -0.9843 0.1766 -0.0042
vn -0.8413 0.5405 -0.0026
vn 0.9185 0.3953 0.0054
vn 0.3694 0.9293 0.0042
vn 0.6973 0.7168 0.0052
vn 0.9999 0.0141 0.0047
vn 0.9294 -0.3690 0.0034
vn -0.2105 0.9776 0.0016
vn 0.7182 -0.6959 0.0016
vn -0.0983 -0.0546 -0.9937
vn 0.1806 0.9835 0.0035
vn 0.0180 -0.9998 -0.0025
vn -0.3652 -0.9309 -0.0041
vn 0.5438 0.8392 0.0048
vn -0.6933 -0.7207 -0.0051
vn -0.9162 -0.4006 -0.0053
vn 0.8238 0.5669 0.0054
vn -0.9998 -0.0191 -0.0047
usemtl SpacialRoverExploreralumGray
f 57/1/4 25/2/4 56/3/25
f 25/2/4 57/1/4 58/4/26
f 25/2/4 24/5/25 56/3/25
f 58/4/26 26/6/26 25/2/4
f 24/5/25 55/7/8 56/3/25
f 58/4/26 59/8/27 26/6/26
f 24/5/25 23/9/8 55/7/8
f 59/8/27 27/10/27 26/6/26
f 59/8/27 60/11/28 27/10/27
f 60/11/28 28/12/28 27/10/27
f 23/9/8 54/13/29 55/7/8
f 54/13/29 23/9/8 22/14/29
f 60/11/28 61/15/5 28/12/28
f 61/15/5 29/16/5 28/12/28
f 54/13/29 22/14/29 53/17/9
f 22/14/29 21/18/9 53/17/9
f 21/18/9 52/19/30 53/17/9
f 61/15/5 62/20/10 29/16/5
f 21/18/9 20/21/30 52/19/30
f 62/20/10 30/22/10 29/16/5
f 62/20/10 63/23/31 30/22/10
f 52/19/30 20/21/30 51/24/32
f 20/21/30 19/25/32 51/24/32
f 30/22/10 63/23/31 31/26/31
f 19/25/32 50/27/33 51/24/32
f 31/26/31 63/23/31 32/28/3
f 19/25/32 18/29/33 50/27/33
f 32/28/3 63/23/31 64/30/3
f 18/29/33 49/31/34 50/27/33
f 49/31/34 18/29/33 17/32/34
f 32/28/3 64/30/3 33/33/35
f 33/33/35 1/34/35 32/28/3
f 33/33/35 34/35/12 1/34/35
f 49/31/34 17/32/34 48/36/36
f 48/36/36 17/32/34 16/37/36
f 1/34/35 34/35/12 2/38/12
f 2/38/12 34/35/12 35/39/37
f 2/38/12 35/39/37 3/40/37
f 48/36/36 16/37/36 47/41/11
f 16/42/36 15/43/11 47/44/11
f 15/43/11 46/45/38 47/44/11
f 3/40/37 35/39/37 36/46/39
f 15/43/11 14/47/38 46/45/38
f 3/40/37 36/46/39 4/48/39
f 46/45/38 14/47/38 45/49/7
f 4/48/39 36/46/39 37/50/40
f 4/48/39 37/50/40 5/51/40
f 45/49/7 14/47/38 13/52/7
f 5/51/40 37/50/40 38/53/41
f 45/49/7 13/52/7 44/54/42
f 5/51/40 38/53/41 6/55/41
f 44/54/42 13/52/7 12/56/42
f 6/55/41 38/53/41 39/57/43
f 44/54/42 12/56/42 43/58/6
f 6/55/41 39/57/43 7/59/43
f 43/58/6 12/56/42 11/60/6
f 7/59/43 39/57/43 40/61/44
f 43/58/6 11/60/6 42/62/45
f 42/62/45 11/60/6 10/63/45
f 7/59/43 40/61/44 8/64/44
f 42/62/45 10/63/45 41/65/46
f 8/64/44 40/61/44 41/65/46
f 41/65/46 10/63/45 9/66/46
f 8/64/44 41/65/46 9/66/46
f 493/67/13 516/68/14 517/69/13
f 499/70/15 524/71/16 500/72/16
f 490/73/17 503/74/18 514/75/17
f 496/76/19 521/77/20 497/78/20
f 493/67/13 518/79/21 494/80/21
f 489/81/18 524/71/16 503/74/18
f 490/82/17 515/83/22 491/84/22
f 497/78/20 522/85/23 498/86/23
f 495/87/24 518/79/21 519/88/24
f 491/89/22 516/68/14 492/90/14
f 498/86/23 523/91/15 499/70/15
f 495/87/24 520/92/19 496/76/19
f 163/93/47 141/94/48 164/95/47
f 159/96/49 162/97/50 160/98/49
f 155/99/51 158/100/52 156/101/51
f 159/102/53 619/103/54 157/104/53
f 151/105/55 154/106/56 152/107/55
f 147/108/57 150/109/58 148/110/57
f 143/111/59 146/112/60 144/113/59
f 185/114/7 188/115/61 186/116/61
f 181/117/62 184/118/63 182/119/63
f 177/120/64 180/121/65 178/122/65
f 174/123/66 175/124/5 176/125/66
f 169/126/67 172/127/68 170/128/68
f 165/129/69 167/130/70 168/131/69
f 483/132/71 176/133/66 486/134/71
f 467/135/72 184/136/63 470/137/72
f 161/138/73 608/139/74 611/140/74
f 615/141/75 184/136/75 183/142/75
f 155/143/76 627/144/77 153/145/76
f 147/146/78 601/147/79 145/148/78
f 152/149/80 482/150/81 487/151/81
f 158/152/82 471/153/83 160/154/84
f 604/155/75 170/156/75 455/157/75
f 591/158/85 441/159/85 442/160/86
f 590/161/85 442/160/86 443/162/86
f 597/163/87 169/126/88 604/164/87
f 592/165/89 167/130/90 166/166/90
f 141/167/91 447/168/92 144/169/91
f 443/162/93 445/170/94 448/171/95
f 597/163/96 172/172/96 171/173/96
f 598/174/96 452/175/96 597/176/96
f 603/177/75 455/157/75 456/178/75
f 605/179/97 185/114/98 610/180/97
f 599/181/99 603/182/100 602/183/99
f 455/157/101 172/172/68 452/175/101
f 148/184/102 454/185/103 449/186/103
f 450/187/104 456/178/105 451/188/105
f 610/189/9 186/190/9 463/191/9
f 611/192/9 461/193/9 462/194/9
f 608/195/40 458/196/40 607/197/40
f 606/198/40 460/199/40 605/200/40
f 612/201/106 606/202/107 609/203/107
f 463/191/108 188/204/61 460/199/108
f 162/205/109 457/206/110 164/207/109
f 461/193/111 459/208/112 458/196/111
f 613/209/113 617/210/114 620/211/113
f 465/212/115 469/213/116 472/214/115
f 616/215/75 470/137/75 615/216/75
f 615/141/117 181/117/118 618/217/117
f 621/218/119 177/120/120 626/219/119
f 617/220/96 467/135/96 468/221/96
f 626/222/121 178/223/121 479/224/121
f 625/225/121 479/224/121 480/226/122
f 621/218/85 180/227/86 179/228/86
f 622/229/85 476/230/86 621/231/85
f 623/232/123 625/233/124 628/234/125
f 479/224/126 180/227/65 476/230/126
f 156/235/127 478/236/128 473/237/128
f 474/238/129 480/226/130 475/239/130
f 632/240/40 174/241/40 483/132/40
f 631/242/40 483/132/40 484/243/40
f 481/244/131 485/245/132 488/246/131
f 632/247/133 175/124/134 173/248/134
f 151/249/135 629/250/136 149/251/135
f 630/252/137 636/253/138 631/254/138
f 300/255/139 142/256/48 163/93/47
f 299/257/139 277/258/46 300/259/139
f 298/260/140 163/93/47 161/261/50
f 297/262/140 300/259/139 298/263/140
f 296/264/141 161/261/50 159/96/49
f 287/265/67 306/266/67 288/267/67
f 294/268/142 159/96/49 157/269/52
f 293/270/142 296/271/141 294/272/142
f 292/273/143 157/269/52 155/99/51
f 291/274/143 294/272/142 292/275/143
f 290/276/144 155/99/51 153/277/56
f 289/278/144 292/275/143 290/279/144
f 288/280/145 153/277/56 151/105/55
f 281/281/1 301/282/1 279/283/1
f 149/284/58 288/280/145 151/105/55
f 286/285/146 287/286/145 288/287/145
f 284/288/35 149/284/58 147/108/57
f 284/289/35 285/290/147 286/285/146
f 282/291/148 147/108/57 145/292/60
f 281/293/148 284/289/35 282/294/148
f 280/295/149 145/292/60 143/111/59
f 298/296/150 311/297/150 297/298/150
f 277/299/46 143/300/59 142/256/48
f 278/301/46 280/302/149 277/299/46
f 309/303/85 312/304/85 310/305/85
f 305/306/96 308/307/96 306/308/96
f 301/282/40 304/309/40 302/310/151
f 298/296/2 310/311/2 312/312/2
f 282/313/5 303/314/5 281/315/5
f 295/316/1 311/317/1 309/303/1
f 290/318/2 306/266/2 308/319/2
f 295/316/64 310/311/64 296/320/64
f 290/318/62 307/321/62 289/322/62
f 289/322/1 305/306/1 287/323/1
f 279/283/7 302/324/7 280/325/7
f 280/325/2 304/326/2 282/313/2
f 589/327/85 443/162/86 444/328/85
f 599/181/96 451/188/96 598/329/96
f 600/330/96 450/187/96 599/331/96
f 602/332/75 456/178/75 453/333/75
f 601/334/75 453/333/75 454/335/75
f 607/336/40 459/208/40 606/202/40
f 612/337/9 464/338/9 461/193/9
f 609/339/9 463/191/9 464/338/9
f 620/340/96 468/221/96 465/212/96
f 619/341/96 465/212/96 466/342/96
f 613/209/75 469/213/75 616/343/75
f 614/344/75 472/214/75 613/345/75
f 623/232/85 475/239/85 622/346/85
f 624/347/86 474/238/85 623/348/85
f 628/349/121 480/226/122 477/350/121
f 627/351/122 477/350/121 478/236/122
f 630/352/40 484/243/40 481/244/40
f 629/353/40 481/244/40 482/150/40
f 443/162/93 447/168/92 444/328/92
f 446/354/152 442/160/94 441/159/152
f 450/187/104 454/335/103 453/333/104
f 452/175/101 456/178/105 455/157/101
f 458/196/111 462/194/110 461/193/111
f 460/199/108 464/338/112 463/191/108
f 472/214/115 466/342/83 465/212/115
f 470/137/72 468/221/116 467/135/72
f 474/238/129 478/236/128 477/350/129
f 479/224/126 475/239/130 480/226/130
f 488/246/131 482/150/81 481/244/131
f 486/134/71 484/243/132 483/132/71
f 441/159/152 168/355/69 446/354/152
f 500/356/139 278/301/46 299/357/139
f 499/358/153 299/357/139 297/359/140
f 498/360/34 297/359/140 295/361/141
f 497/362/142 295/361/141 293/363/142
f 496/364/143 293/363/142 291/365/143
f 495/366/4 291/365/143 289/367/144
f 494/368/154 289/367/144 287/369/145
f 285/370/147 494/368/154 287/369/145
f 492/371/35 285/370/147 283/372/35
f 491/84/155 283/372/35 281/373/148
f 490/82/156 281/373/148 279/374/149
f 489/375/46 279/376/149 278/301/46
f 9/377/2 527/378/2 556/379/2
f 23/380/2 555/381/2 22/382/2
f 8/383/2 556/379/2 554/384/2
f 22/382/2 553/385/2 21/386/2
f 7/387/2 554/384/2 552/388/2
f 21/386/2 551/389/2 20/390/2
f 6/391/2 552/388/2 550/392/2
f 19/393/2 551/389/2 549/394/2
f 32/395/2 537/396/2 548/397/2
f 5/398/2 550/392/2 547/399/2
f 19/393/2 546/400/2 18/401/2
f 31/402/2 548/397/2 545/403/2
f 4/404/2 547/399/2 544/405/2
f 18/401/2 543/406/2 17/407/2
f 31/402/2 542/408/2 30/409/2
f 3/410/2 544/405/2 541/411/2
f 17/407/2 540/412/2 16/413/2
f 30/409/2 539/414/2 29/415/2
f 2/416/2 541/411/2 538/417/2
f 16/413/2 536/418/2 15/419/2
f 29/415/2 535/420/2 28/421/2
f 2/416/2 537/396/2 1/422/2
f 14/423/2 536/418/2 534/424/2
f 28/421/2 533/425/2 27/426/2
f 13/427/2 534/424/2 532/428/2
f 27/426/2 531/429/2 26/430/2
f 12/431/2 532/428/2 530/432/2
f 26/430/2 529/433/2 25/434/2
f 11/435/2 530/432/2 528/436/2
f 25/434/2 526/437/2 24/438/2
f 10/439/2 528/436/2 527/378/2
f 24/438/2 525/440/2 23/380/2
f 34/441/1 588/442/1 557/443/1
f 35/444/1 557/443/1 558/445/1
f 35/444/1 559/446/1 36/447/1
f 36/447/1 560/448/1 37/449/1
f 37/449/1 561/450/1 38/451/1
f 38/451/1 562/452/1 39/453/1
f 39/453/1 563/454/1 40/455/1
f 40/455/1 564/456/1 41/457/1
f 41/457/1 565/458/1 42/459/1
f 42/459/1 566/460/1 43/461/1
f 43/461/1 567/462/1 44/463/1
f 44/463/1 568/464/1 45/465/1
f 45/465/1 569/466/1 46/467/1
f 46/467/1 570/468/1 47/469/1
f 47/469/1 571/470/1 48/471/1
f 48/471/1 572/472/1 49/473/1
f 49/473/1 573/474/1 50/475/1
f 50/475/1 574/476/1 51/477/1
f 51/477/1 575/478/1 52/479/1
f 53/480/1 575/478/1 576/481/1
f 54/482/1 576/481/1 577/483/1
f 55/484/1 577/483/1 578/485/1
f 56/486/1 578/485/1 579/487/1
f 57/488/1 579/487/1 580/489/1
f 58/490/1 580/489/1 581/491/1
f 59/492/1 581/491/1 582/493/1
f 60/494/1 582/493/1 583/495/1
f 61/496/1 583/495/1 584/497/1
f 62/498/1 584/497/1 585/499/1
f 63/500/1 585/499/1 586/501/1
f 64/502/1 586/501/1 587/503/1
f 33/504/1 587/503/1 588/442/1
f 589/327/85 141/167/85 142/505/85
f 144/169/121 594/506/121 143/507/121
f 148/508/96 600/509/96 147/146/96
f 146/510/75 601/511/75 454/335/75
f 592/512/86 165/513/86 441/159/85
f 164/207/40 608/139/40 163/514/40
f 162/205/9 611/515/9 462/194/9
f 160/154/75 614/516/75 159/102/75
f 158/152/96 619/517/96 466/342/96
f 156/235/86 624/518/86 155/143/86
f 154/519/122 627/520/122 478/236/122
f 150/521/40 629/522/40 482/150/40
f 152/149/9 634/523/9 151/249/9
f 592/524/89 596/525/157 595/526/89
f 602/527/99 600/330/79 599/331/99
f 604/528/87 598/174/100 597/176/87
f 612/529/106 608/195/74 607/197/106
f 610/530/97 606/198/107 605/200/97
f 613/345/113 619/531/54 614/344/54
f 618/532/117 616/215/114 615/216/117
f 628/533/125 624/347/77 623/348/123
f 621/231/119 625/534/124 622/229/124
f 633/535/137 629/536/136 634/537/136
f 635/538/133 631/539/138 636/540/138
f 143/507/158 589/541/159 142/542/158
f 605/179/40 188/204/40 187/543/40
f 594/544/121 448/171/122 593/545/121
f 593/546/121 445/170/121 596/547/121
f 596/525/121 446/354/121 595/526/121
f 595/548/121 168/355/122 167/130/122
f 618/549/96 182/550/96 467/135/96
f 594/544/159 590/551/160 589/552/159
f 591/553/157 593/546/161 596/547/157
f 634/537/9 488/246/9 633/535/9
f 633/554/9 485/245/9 636/253/9
f 636/540/9 486/134/9 635/538/9
f 635/555/9 176/133/9 175/124/9
f 493/67/13 492/90/14 516/68/14
f 499/70/15 523/91/15 524/71/16
f 490/73/17 489/81/18 503/74/18
f 496/76/19 520/92/19 521/77/20
f 493/67/13 517/69/13 518/79/21
f 489/81/18 500/72/16 524/71/16
f 490/82/17 514/556/17 515/83/22
f 497/78/20 521/77/20 522/85/23
f 495/87/24 494/80/21 518/79/21
f 491/89/22 515/557/22 516/68/14
f 498/86/23 522/85/23 523/91/15
f 495/87/24 519/88/24 520/92/19
f 163/93/47 142/256/48 141/94/48
f 159/96/49 161/261/50 162/97/50
f 155/99/51 157/269/52 158/100/52
f 159/102/53 614/516/54 619/103/54
f 151/105/55 153/277/56 154/106/56
f 147/108/57 149/284/58 150/109/58
f 143/111/59 145/292/60 146/112/60
f 185/114/7 187/543/7 188/115/61
f 181/117/62 183/142/62 184/118/63
f 177/120/64 179/228/64 180/121/65
f 174/123/66 173/248/5 175/124/5
f 169/126/67 171/173/67 172/127/68
f 165/129/69 166/166/70 167/130/70
f 483/132/71 174/241/66 176/133/66
f 467/135/72 182/550/63 184/136/63
f 161/138/73 163/514/73 608/139/74
f 615/141/75 470/137/75 184/136/75
f 155/143/76 624/518/77 627/144/77
f 147/146/78 600/509/79 601/147/79
f 152/149/80 150/521/80 482/150/81
f 158/152/82 466/342/83 471/153/83
f 604/155/75 169/558/75 170/156/75
f 591/158/85 592/559/86 441/159/85
f 590/161/85 591/560/85 442/160/86
f 597/163/87 171/173/88 169/126/88
f 592/165/89 595/548/89 167/130/90
f 141/167/91 444/328/92 447/168/92
f 443/162/93 442/160/94 445/170/94
f 597/163/96 452/175/96 172/172/96
f 598/174/96 451/188/96 452/175/96
f 603/177/75 604/561/75 455/157/75
f 605/179/97 187/543/98 185/114/98
f 599/181/99 598/329/100 603/182/100
f 455/157/101 170/156/68 172/172/68
f 148/184/102 146/562/162 454/185/103
f 450/187/104 453/333/104 456/178/105
f 610/189/9 185/563/9 186/190/9
f 611/192/9 612/564/9 461/193/9
f 608/195/40 457/206/40 458/196/40
f 606/198/40 459/208/40 460/199/40
f 612/201/106 607/336/106 606/202/107
f 463/191/108 186/190/61 188/204/61
f 162/205/109 462/194/110 457/206/110
f 461/193/111 464/338/112 459/208/112
f 613/209/113 616/343/114 617/210/114
f 465/212/115 468/221/116 469/213/116
f 616/215/75 469/213/75 470/137/75
f 615/141/117 183/142/118 181/117/118
f 621/218/119 179/228/120 177/120/120
f 617/220/96 618/565/96 467/135/96
f 626/222/121 177/566/121 178/223/121
f 625/225/121 626/567/121 479/224/121
f 621/218/85 476/230/86 180/227/86
f 622/229/85 475/239/85 476/230/86
f 623/232/123 622/346/124 625/233/124
f 479/224/126 178/223/65 180/227/65
f 156/235/127 154/519/127 478/236/128
f 474/238/129 477/350/129 480/226/130
f 632/240/40 173/568/40 174/241/40
f 631/242/40 632/569/40 483/132/40
f 481/244/131 484/243/132 485/245/132
f 632/247/133 635/555/133 175/124/134
f 151/249/135 634/523/136 629/250/136
f 630/252/137 633/554/137 636/253/138
f 300/255/139 277/299/46 142/256/48
f 299/257/139 278/570/46 277/258/46
f 298/260/140 300/255/139 163/93/47
f 297/262/140 299/257/139 300/259/139
f 296/264/141 298/260/140 161/261/50
f 287/265/67 305/571/67 306/266/67
f 294/268/142 296/264/141 159/96/49
f 293/270/142 295/572/141 296/271/141
f 292/273/143 294/268/142 157/269/52
f 291/274/143 293/270/142 294/272/142
f 290/276/144 292/273/143 155/99/51
f 289/278/144 291/274/143 292/275/143
f 288/280/145 290/276/144 153/277/56
f 281/281/1 303/573/1 301/282/1
f 149/284/58 286/574/146 288/280/145
f 286/285/146 285/290/147 287/286/145
f 284/288/35 286/574/146 149/284/58
f 284/289/35 283/575/35 285/290/147
f 282/291/148 284/288/35 147/108/57
f 281/293/148 283/575/35 284/289/35
f 280/295/149 282/291/148 145/292/60
f 298/296/150 312/312/70 311/297/150
f 277/299/46 280/302/149 143/300/59
f 278/301/46 279/376/149 280/302/149
f 309/303/85 311/317/85 312/304/85
f 305/306/96 307/321/96 308/307/96
f 301/282/40 303/573/40 304/309/40
f 298/296/2 296/320/2 310/311/2
f 282/313/5 304/326/5 303/314/5
f 295/316/1 297/576/1 311/317/1
f 290/318/2 288/267/2 306/266/2
f 295/316/64 309/303/64 310/311/64
f 290/318/62 308/319/62 307/321/62
f 289/322/1 307/321/1 305/306/1
f 279/283/7 301/282/7 302/324/7
f 280/325/2 302/324/2 304/326/2
f 589/327/85 590/577/85 443/162/86
f 599/181/96 450/187/96 451/188/96
f 600/330/96 449/578/96 450/187/96
f 602/332/75 603/579/75 456/178/75
f 601/334/75 602/580/75 453/333/75
f 607/336/40 458/196/40 459/208/40
f 612/337/9 609/581/9 464/338/9
f 609/339/9 610/582/9 463/191/9
f 620/340/96 617/583/96 468/221/96
f 619/341/96 620/584/96 465/212/96
f 613/209/75 472/214/75 469/213/75
f 614/344/75 471/153/75 472/214/75
f 623/232/85 474/238/85 475/239/85
f 624/347/86 473/237/86 474/238/85
f 628/349/121 625/585/121 480/226/122
f 627/351/122 628/586/121 477/350/121
f 630/352/40 631/587/40 484/243/40
f 629/353/40 630/588/40 481/244/40
f 443/162/93 448/171/95 447/168/92
f 446/354/152 445/170/94 442/160/94
f 450/187/104 449/578/103 454/335/103
f 452/175/101 451/188/105 456/178/105
f 458/196/111 457/206/110 462/194/110
f 460/199/108 459/208/112 464/338/112
f 472/214/115 471/153/83 466/342/83
f 470/137/72 469/213/116 468/221/116
f 474/238/129 473/237/128 478/236/128
f 479/224/126 476/230/126 475/239/130
f 488/246/131 487/151/81 482/150/81
f 486/134/71 485/245/132 484/243/132
f 441/159/152 165/513/69 168/355/69
f 500/356/139 489/375/46 278/301/46
f 499/358/153 500/356/139 299/357/139
f 498/360/34 499/358/153 297/359/140
f 497/362/142 498/360/34 295/361/141
f 496/364/143 497/362/142 293/363/142
f 495/366/4 496/364/143 291/365/143
f 494/368/154 495/366/4 289/367/144
f 285/370/147 493/589/146 494/368/154
f 492/371/35 493/589/146 285/370/147
f 491/84/155 492/371/35 283/372/35
f 490/82/156 491/84/155 281/373/148
f 489/375/46 490/590/156 279/376/149
f 9/377/2 10/439/2 527/378/2
f 23/380/2 525/440/2 555/381/2
f 8/383/2 9/377/2 556/379/2
f 22/382/2 555/381/2 553/385/2
f 7/387/2 8/383/2 554/384/2
f 21/386/2 553/385/2 551/389/2
f 6/391/2 7/387/2 552/388/2
f 19/393/2 20/390/2 551/389/2
f 32/395/2 1/422/2 537/396/2
f 5/398/2 6/391/2 550/392/2
f 19/393/2 549/394/2 546/400/2
f 31/402/2 32/395/2 548/397/2
f 4/404/2 5/398/2 547/399/2
f 18/401/2 546/400/2 543/406/2
f 31/402/2 545/403/2 542/408/2
f 3/410/2 4/404/2 544/405/2
f 17/407/2 543/406/2 540/412/2
f 30/409/2 542/408/2 539/414/2
f 2/416/2 3/410/2 541/411/2
f 16/413/2 540/412/2 536/418/2
f 29/415/2 539/414/2 535/420/2
f 2/416/2 538/417/2 537/396/2
f 14/423/2 15/419/2 536/418/2
f 28/421/2 535/420/2 533/425/2
f 13/427/2 14/423/2 534/424/2
f 27/426/2 533/425/2 531/429/2
f 12/431/2 13/427/2 532/428/2
f 26/430/2 531/429/2 529/433/2
f 11/435/2 12/431/2 530/432/2
f 25/434/2 529/433/2 526/437/2
f 10/439/2 11/435/2 528/436/2
f 24/438/2 526/437/2 525/440/2
f 34/441/1 33/504/1 588/442/1
f 35/444/1 34/441/1 557/443/1
f 35/444/1 558/445/1 559/446/1
f 36/447/1 559/446/1 560/448/1
f 37/449/1 560/448/1 561/450/1
f 38/451/1 561/450/1 562/452/1
f 39/453/1 562/452/1 563/454/1
f 40/455/1 563/454/1 564/456/1
f 41/457/1 564/456/1 565/458/1
f 42/459/1 565/458/1 566/460/1
f 43/461/1 566/460/1 567/462/1
f 44/463/1 567/462/1 568/464/1
f 45/465/1 568/464/1 569/466/1
f 46/467/1 569/466/1 570/468/1
f 47/469/1 570/468/1 571/470/1
f 48/471/1 571/470/1 572/472/1
f 49/473/1 572/472/1 573/474/1
f 50/475/1 573/474/1 574/476/1
f 51/477/1 574/476/1 575/478/1
f 53/480/1 52/479/1 575/478/1
f 54/482/1 53/480/1 576/481/1
f 55/484/1 54/482/1 577/483/1
f 56/486/1 55/484/1 578/485/1
f 57/488/1 56/486/1 579/487/1
f 58/490/1 57/488/1 580/489/1
f 59/492/1 58/490/1 581/491/1
f 60/494/1 59/492/1 582/493/1
f 61/496/1 60/494/1 583/495/1
f 62/498/1 61/496/1 584/497/1
f 63/500/1 62/498/1 585/499/1
f 64/502/1 63/500/1 586/501/1
f 33/504/1 64/502/1 587/503/1
f 589/327/85 444/328/85 141/167/85
f 144/169/121 447/168/122 594/506/121
f 148/508/96 449/578/96 600/509/96
f 146/510/75 145/591/75 601/511/75
f 592/512/86 166/592/86 165/513/86
f 164/207/40 457/206/40 608/139/40
f 162/205/9 161/593/9 611/515/9
f 160/154/75 471/153/75 614/516/75
f 158/152/96 157/594/96 619/517/96
f 156/235/86 473/237/86 624/518/86
f 154/519/122 153/595/122 627/520/122
f 150/521/40 149/596/40 629/522/40
f 152/149/9 487/151/9 634/523/9
f 592/524/89 591/597/157 596/525/157
f 602/527/99 601/598/79 600/330/79
f 604/528/87 603/599/100 598/174/100
f 612/529/106 611/600/74 608/195/74
f 610/530/97 609/601/107 606/198/107
f 613/345/113 620/602/113 619/531/54
f 618/532/117 617/603/114 616/215/114
f 628/533/125 627/604/77 624/347/77
f 621/231/119 626/605/119 625/534/124
f 633/535/137 630/606/137 629/536/136
f 635/538/133 632/607/133 631/539/138
f 143/507/158 594/506/159 589/541/159
f 605/179/40 460/199/40 188/204/40
f 594/544/121 447/168/122 448/171/122
f 593/546/121 448/171/122 445/170/121
f 596/525/121 445/170/121 446/354/121
f 595/548/121 446/354/121 168/355/122
f 618/549/96 181/608/96 182/550/96
f 594/544/159 593/545/161 590/551/160
f 591/553/157 590/609/160 593/546/161
f 634/537/9 487/151/9 488/246/9
f 633/554/9 488/246/9 485/245/9
f 636/540/9 485/245/9 486/134/9
f 635/555/9 486/134/9 176/133/9
usemtl SpacialRoverExploreralumGrayDeep
f 136/610/156 207/611/46 135/612/46
f 164/95/47 189/613/46 200/614/139
f 199/615/153 164/95/47 200/614/139
f 160/98/49 199/615/153 198/616/34
f 158/100/52 198/616/34 197/617/142
f 156/101/51 197/617/142 196/618/143
f 154/106/56 196/618/143 195/619/4
f 152/107/55 195/619/4 194/620/154
f 193/621/146 152/107/55 194/620/154
f 192/622/35 150/109/58 193/621/146
f 146/112/60 192/622/35 191/623/155
f 144/113/59 191/623/155 190/624/163
f 141/94/48 190/625/163 189/613/46
f 129/626/2 190/627/2 130/628/2
f 130/628/2 191/629/2 131/630/2
f 131/630/2 192/631/2 132/632/2
f 133/633/2 192/631/2 193/634/2
f 133/633/2 194/635/2 134/636/2
f 135/637/2 194/635/2 195/638/2
f 135/637/2 196/639/2 136/640/2
f 137/641/2 196/639/2 197/642/2
f 137/641/2 198/643/2 138/644/2
f 138/644/2 199/645/2 139/646/2
f 139/646/2 200/647/2 140/648/2
f 129/626/2 200/647/2 189/649/2
f 204/650/2 208/651/2 212/652/2
f 133/653/164 204/654/34 132/655/34
f 140/656/154 211/657/146 139/658/146
f 130/659/165 201/660/4 129/661/4
f 137/662/155 208/663/163 136/610/156
f 133/653/164 206/664/139 205/665/164
f 129/661/4 212/666/154 140/656/154
f 131/667/142 202/668/165 130/669/165
f 138/670/35 209/671/155 137/662/155
f 135/612/46 206/664/139 134/672/139
f 132/655/34 203/673/142 131/667/142
f 139/658/146 210/674/35 138/670/35
f 502/675/46 514/676/156 503/677/46
f 501/678/156 515/83/155 514/556/156
f 504/679/155 516/680/35 515/83/155
f 505/681/35 517/682/146 516/680/35
f 517/682/146 507/683/154 518/684/154
f 507/683/154 519/685/4 518/684/154
f 508/686/4 520/687/143 519/685/4
f 509/688/143 521/689/142 520/687/143
f 510/690/142 522/691/34 521/689/142
f 511/692/34 523/693/153 522/691/34
f 512/694/1 508/695/1 504/679/1
f 512/696/153 524/697/139 523/693/153
f 513/698/139 503/677/46 524/697/139
f 136/610/156 208/663/163 207/611/46
f 164/95/47 141/94/48 189/613/46
f 199/615/153 162/97/50 164/95/47
f 160/98/49 162/97/50 199/615/153
f 158/100/52 160/98/49 198/616/34
f 156/101/51 158/100/52 197/617/142
f 154/106/56 156/101/51 196/618/143
f 152/107/55 154/106/56 195/619/4
f 193/621/146 150/109/58 152/107/55
f 192/622/35 148/110/57 150/109/58
f 146/112/60 148/110/57 192/622/35
f 144/113/59 146/112/60 191/623/155
f 141/94/48 144/699/59 190/625/163
f 129/626/2 189/649/2 190/627/2
f 130/628/2 190/627/2 191/629/2
f 131/630/2 191/629/2 192/631/2
f 133/633/2 132/632/2 192/631/2
f 133/633/2 193/634/2 194/635/2
f 135/637/2 134/636/2 194/635/2
f 135/637/2 195/638/2 196/639/2
f 137/641/2 136/640/2 196/639/2
f 137/641/2 197/642/2 198/643/2
f 138/644/2 198/643/2 199/645/2
f 139/646/2 199/645/2 200/647/2
f 129/626/2 140/648/2 200/647/2
f 212/652/2 201/700/2 202/701/2
f 202/701/2 203/702/2 204/650/2
f 204/650/2 205/703/2 206/704/2
f 206/704/2 207/705/2 208/651/2
f 208/651/2 209/706/2 210/707/2
f 210/707/2 211/708/2 212/652/2
f 212/652/2 202/701/2 204/650/2
f 204/650/2 206/704/2 208/651/2
f 208/651/2 210/707/2 212/652/2
f 133/653/164 205/665/164 204/654/34
f 140/656/154 212/666/154 211/657/146
f 130/659/165 202/709/165 201/660/4
f 137/662/155 209/671/155 208/663/163
f 133/653/164 134/672/139 206/664/139
f 129/661/4 201/660/4 212/666/154
f 131/667/142 203/673/142 202/668/165
f 138/670/35 210/674/35 209/671/155
f 135/612/46 207/611/46 206/664/139
f 132/655/34 204/654/34 203/673/142
f 139/658/146 211/657/146 210/674/35
f 502/675/46 501/710/156 514/676/156
f 501/678/156 504/679/155 515/83/155
f 504/679/155 505/681/35 516/680/35
f 505/681/35 506/711/146 517/682/146
f 517/682/146 506/711/146 507/683/154
f 507/683/154 508/686/4 519/685/4
f 508/686/4 509/688/143 520/687/143
f 509/688/143 510/690/142 521/689/142
f 510/690/142 511/692/34 522/691/34
f 511/692/34 512/696/153 523/693/153
f 504/679/1 501/678/1 502/712/1
f 502/712/1 513/713/1 512/694/1
f 512/694/1 511/714/1 510/715/1
f 510/715/1 509/716/1 508/695/1
f 508/695/1 507/717/1 506/718/1
f 506/718/1 505/719/1 504/679/1
f 504/679/1 502/712/1 512/694/1
f 512/694/1 510/715/1 508/695/1
f 508/695/1 506/718/1 504/679/1
f 512/696/153 513/698/139 524/697/139
f 513/698/139 502/675/46 503/677/46
usemtl SpacialRoverExplorerwheels
f 588/720/1 96/721/166 66/722/167
f 587/723/1 95/724/168 96/721/166
f 586/725/1 94/726/169 95/724/168
f 585/727/1 93/728/170 94/726/169
f 584/729/1 92/730/171 93/728/170
f 583/731/1 91/732/171 92/730/171
f 582/733/1 90/734/172 91/732/171
f 581/735/1 89/736/173 90/734/172
f 580/737/1 88/738/174 89/736/173
f 579/739/1 87/740/174 88/738/174
f 578/741/1 86/742/175 87/740/174
f 577/743/1 85/744/175 86/742/175
f 576/745/1 84/746/176 85/747/175
f 574/748/1 84/746/176 575/749/1
f 573/750/1 83/751/176 574/748/1
f 572/752/1 82/753/177 573/750/1
f 571/754/1 81/755/177 572/752/1
f 570/756/1 80/757/178 571/754/1
f 569/758/1 79/759/178 570/756/1
f 568/760/1 78/761/179 569/758/1
f 567/762/1 77/763/180 568/760/1
f 566/764/1 76/765/181 567/762/1
f 565/766/1 75/767/181 566/764/1
f 564/768/1 74/769/182 565/766/1
f 563/770/1 73/771/183 564/768/1
f 562/772/1 72/773/184 563/770/1
f 561/774/1 71/775/185 562/772/1
f 560/776/1 70/777/186 561/774/1
f 559/778/1 69/779/186 560/780/1
f 559/778/1 67/781/187 68/782/187
f 558/783/1 65/784/167 67/781/187
f 557/785/1 66/722/167 65/784/167
f 526/786/2 119/787/188 525/788/2
f 527/789/2 107/790/189 106/791/190
f 529/792/2 120/793/188 526/786/2
f 528/794/2 108/795/191 107/790/189
f 531/796/2 121/797/192 529/792/2
f 530/798/2 109/799/193 108/795/191
f 533/800/2 122/801/194 531/796/2
f 532/802/2 110/803/193 109/799/193
f 535/804/2 123/805/195 533/800/2
f 534/806/2 111/807/196 110/803/193
f 538/808/2 97/809/197 537/810/2
f 539/811/2 124/812/198 535/804/2
f 536/813/2 112/814/196 111/807/196
f 541/815/2 98/816/199 538/808/2
f 542/817/2 125/818/200 539/811/2
f 543/819/2 112/814/196 540/820/2
f 544/821/2 99/822/201 541/815/2
f 545/823/2 126/824/202 542/817/2
f 546/825/2 113/826/203 543/819/2
f 547/827/2 100/828/201 544/821/2
f 548/829/2 127/830/204 545/823/2
f 549/831/2 114/832/205 546/825/2
f 547/833/2 102/834/206 101/835/206
f 537/810/2 128/836/204 548/829/2
f 551/837/2 115/838/207 549/831/2
f 550/839/2 103/840/208 102/834/206
f 553/841/2 116/842/207 551/837/2
f 552/843/2 104/844/208 103/840/208
f 555/845/2 117/846/209 553/847/2
f 554/848/2 105/849/190 104/844/208
f 525/788/2 118/850/210 555/845/2
f 556/851/2 106/791/190 105/849/190
f 214/852/211 123/805/212 216/853/213
f 218/854/214 127/830/215 220/855/216
f 220/855/217 412/856/218 219/857/219
f 224/858/220 125/818/221 222/859/222
f 271/860/223 314/861/224 438/862/225
f 219/857/219 313/863/226 95/724/227
f 86/742/175 323/864/228 324/865/229
f 270/866/230 437/867/231 405/868/232
f 127/830/204 375/869/233 376/870/233
f 238/871/234 117/872/235 232/873/236
f 234/874/237 119/787/238 228/875/239
f 230/876/240 121/797/241 226/877/242
f 218/854/243 411/878/244 379/879/243
f 269/880/231 342/881/245 437/867/231
f 112/814/246 240/882/247 246/883/248
f 114/832/249 236/884/250 242/885/251
f 217/886/252 316/887/253 411/878/244
f 88/738/174 321/888/254 322/889/254
f 108/795/255 248/890/256 254/891/257
f 110/803/258 244/892/259 250/893/260
f 268/894/261 436/895/262 267/896/263
f 125/818/200 373/897/264 374/898/264
f 216/853/265 410/899/266 215/900/267
f 267/896/263 341/901/268 67/781/268
f 100/828/269 264/902/270 270/866/271
f 102/834/272 260/903/273 266/904/274
f 104/844/275 256/905/276 262/906/277
f 106/791/278 252/907/279 258/908/280
f 272/909/281 97/809/282 274/910/283
f 215/900/267 317/911/284 91/732/285
f 276/912/286 99/822/287 268/894/288
f 90/734/172 319/913/289 320/914/289
f 266/904/290 435/915/291 403/916/290
f 123/805/195 371/917/292 372/918/292
f 65/784/293 267/896/294 67/781/293
f 275/919/295 268/894/288 267/896/294
f 214/852/296 409/920/297 377/921/296
f 265/922/298 340/923/299 435/915/291
f 96/721/300 273/924/301 66/722/300
f 271/860/302 274/910/283 273/924/301
f 257/925/303 75/767/304 74/769/304
f 258/908/280 251/926/305 257/925/303
f 261/927/306 73/771/307 72/773/307
f 262/906/277 255/928/308 261/927/306
f 265/922/309 71/775/310 70/777/310
f 266/904/274 259/929/311 265/922/309
f 269/880/312 69/779/313 68/782/313
f 270/866/271 263/930/314 269/880/312
f 213/931/315 320/914/316 409/920/297
f 92/730/171 317/911/317 318/932/317
f 264/933/318 434/934/319 263/935/320
f 121/797/192 369/936/321 370/937/321
f 276/912/322 345/938/323 98/816/324
f 263/935/320 339/939/325 69/940/326
f 274/910/327 346/941/328 407/942/327
f 94/726/169 315/943/329 316/887/329
f 249/944/330 79/759/331 78/761/332
f 250/893/260 243/945/333 249/944/330
f 253/946/334 77/763/335 76/765/336
f 254/891/257 247/947/337 253/946/334
f 262/906/338 433/948/339 401/949/340
f 119/787/188 367/950/341 368/951/341
f 272/909/342 375/869/343 128/836/344
f 261/927/345 338/952/346 433/948/339
f 241/953/347 83/751/348 82/753/348
f 242/885/251 235/954/349 241/953/347
f 245/955/350 81/755/351 80/757/351
f 246/883/248 239/956/352 245/955/350
f 270/866/230 347/957/353 100/828/353
f 96/721/166 313/863/354 314/861/355
f 260/903/356 432/958/357 259/929/358
f 117/846/209 365/959/359 366/960/360
f 88/738/361 225/961/362 89/736/361
f 229/962/363 226/877/242 225/961/362
f 86/742/364 227/963/365 87/740/364
f 233/964/366 228/875/239 227/963/365
f 84/746/367 231/965/368 85/747/367
f 237/966/369 232/873/236 231/965/368
f 268/894/261 348/967/370 404/968/261
f 259/929/358 337/969/371 71/775/372
f 266/904/290 349/970/373 102/834/374
f 258/908/375 431/971/376 399/972/375
f 115/838/207 363/973/377 364/974/377
f 264/933/318 350/975/378 402/976/318
f 257/925/379 336/977/380 431/971/376
f 262/906/338 351/978/381 104/844/382
f 256/905/383 430/979/384 255/928/385
f 114/832/205 362/980/386 113/826/203
f 92/730/387 221/981/388 93/728/387
f 223/982/389 222/859/222 221/981/388
f 260/903/356 352/983/390 400/984/356
f 255/928/385 335/985/391 73/771/392
f 94/726/393 219/857/394 95/724/393
f 217/886/395 220/855/216 219/857/394
f 90/734/396 215/900/397 91/732/396
f 213/931/398 216/853/213 215/900/397
f 381/986/399 373/897/400 379/879/401
f 378/987/402 371/917/403 382/988/404
f 383/989/405 369/936/406 377/921/407
f 384/990/408 367/950/409 385/991/410
f 386/992/411 365/959/412 387/993/413
f 388/994/414 363/973/415 389/995/414
f 362/980/416 391/996/417 390/997/418
f 360/998/419 393/999/420 392/1000/421
f 358/1001/422 395/1002/423 394/1003/424
f 356/1004/425 397/1005/426 396/1006/427
f 354/1007/428 399/972/429 398/1008/430
f 352/983/431 401/949/432 400/984/433
f 350/975/434 403/916/435 402/976/436
f 348/967/437 405/868/438 404/968/438
f 407/942/439 345/938/440 408/1009/441
f 380/1010/442 375/869/443 406/1011/444
f 313/863/445 438/862/446 314/861/445
f 412/856/447 406/1011/444 438/862/446
f 343/1012/448 440/1013/449 344/1014/448
f 439/1015/450 408/1009/441 440/1013/449
f 436/895/451 342/881/452 341/901/452
f 404/968/438 437/867/451 436/895/451
f 434/934/453 340/923/454 339/939/454
f 402/976/436 435/915/455 434/934/453
f 432/958/456 338/952/457 337/969/457
f 400/984/433 433/948/458 432/958/456
f 430/979/459 336/977/460 335/985/460
f 398/1008/430 431/971/461 430/979/459
f 428/1016/462 334/1017/463 333/1018/464
f 396/1006/427 429/1019/465 428/1016/462
f 426/1020/466 332/1021/467 331/1022/467
f 394/1003/424 427/1023/468 426/1020/466
f 424/1024/469 330/1025/470 329/1026/470
f 392/1000/421 425/1027/471 424/1024/469
f 422/1028/472 328/1029/473 327/1030/473
f 390/997/418 423/1031/474 422/1028/472
f 325/1032/475 421/1033/476 326/1034/475
f 388/994/414 421/1033/476 420/1035/476
f 323/864/477 419/1036/478 324/865/477
f 418/1037/479 387/993/413 419/1036/478
f 321/888/480 417/1038/481 322/889/480
f 416/1039/482 385/991/410 417/1038/481
f 319/913/483 409/920/484 320/914/483
f 415/1040/485 377/921/407 409/920/484
f 317/911/486 414/1041/487 318/932/486
f 410/899/488 382/988/404 414/1041/487
f 315/943/489 411/878/490 316/887/489
f 413/1042/491 379/879/401 411/878/490
f 272/909/342 438/862/225 406/1011/342
f 83/751/176 326/1034/492 84/746/176
f 221/981/493 315/943/494 93/728/495
f 273/924/496 343/1012/497 66/722/498
f 222/859/499 413/1042/500 221/981/493
f 274/910/327 439/1015/501 273/924/496
f 81/755/177 328/1029/502 82/753/177
f 223/982/503 318/932/504 414/1041/505
f 275/919/506 344/1014/507 440/1013/508
f 224/858/509 414/1041/505 382/988/509
f 276/912/322 440/1013/508 408/1009/322
f 79/759/178 330/1025/510 80/757/178
f 225/961/511 319/913/512 89/736/513
f 226/877/514 415/1040/515 225/961/511
f 77/763/180 332/1021/516 78/761/179
f 227/963/517 321/888/518 87/740/519
f 228/875/520 416/1039/521 227/963/517
f 75/767/181 334/1017/522 76/765/181
f 229/962/523 322/889/524 417/1038/525
f 230/876/526 417/1038/525 385/991/526
f 73/771/183 336/977/527 74/769/182
f 231/1043/528 323/864/529 85/744/529
f 232/1044/530 418/1037/528 231/1043/528
f 214/852/296 369/936/531 122/801/532
f 71/775/185 338/952/533 72/773/184
f 233/964/534 324/865/535 419/1036/536
f 216/853/265 372/918/537 378/987/265
f 234/874/538 419/1036/536 387/993/538
f 218/854/243 373/897/539 126/824/540
f 69/940/186 340/923/541 70/777/186
f 235/954/542 325/1032/543 83/751/543
f 220/855/217 376/870/544 380/1010/545
f 236/884/546 420/1035/542 235/954/542
f 222/859/499 374/898/547 381/986/548
f 68/782/187 341/901/549 342/881/549
f 237/966/550 326/1034/551 421/1033/552
f 224/858/509 371/917/553 124/812/554
f 238/871/555 421/1033/552 389/995/555
f 226/877/514 370/937/556 383/989/514
f 65/784/167 343/1012/557 344/1014/557
f 239/956/558 327/1030/559 81/755/560
f 228/875/520 368/951/561 384/990/520
f 97/809/197 345/938/562 346/941/563
f 240/882/564 422/1028/565 239/956/558
f 230/876/526 367/950/566 120/793/567
f 241/953/568 328/1029/569 423/1031/570
f 232/1044/530 366/960/571 386/992/572
f 100/828/201 348/967/573 99/822/201
f 242/885/574 423/1031/570 391/996/575
f 234/874/538 365/959/576 118/850/577
f 243/945/578 329/1026/579 79/759/580
f 236/884/546 364/974/581 388/994/546
f 102/834/206 350/975/582 101/835/206
f 244/892/583 424/1024/584 243/945/578
f 238/871/555 363/973/585 116/842/586
f 245/955/587 330/1025/588 425/1027/589
f 240/882/564 362/980/590 390/997/564
f 104/844/208 352/983/591 103/840/208
f 246/883/592 425/1027/589 393/999/592
f 242/885/574 361/1045/593 114/832/594
f 247/947/595 331/1022/596 77/763/597
f 244/892/583 360/998/598 392/1000/583
f 106/791/190 354/1007/599 105/849/190
f 248/890/600 426/1020/601 247/947/595
f 246/883/592 359/1046/602 112/814/603
f 249/944/604 332/1021/605 427/1023/606
f 248/890/600 358/1001/607 394/1003/600
f 108/795/191 356/1004/608 107/790/189
f 250/893/609 427/1023/606 395/1002/610
f 250/893/609 357/1047/611 110/803/612
f 251/926/613 333/1018/614 75/767/615
f 252/907/616 356/1004/617 396/1006/616
f 110/803/193 358/1001/618 109/799/193
f 252/907/616 428/1016/619 251/926/613
f 254/891/620 355/1048/621 108/795/622
f 253/946/623 334/1017/624 429/1019/625
f 256/905/383 354/1007/626 398/1008/383
f 112/814/196 360/998/627 111/807/196
f 254/891/620 429/1019/625 397/1005/628
f 258/908/375 353/1049/629 106/791/630
f 588/720/1 587/723/1 96/721/166
f 587/723/1 586/725/1 95/724/168
f 586/725/1 585/727/1 94/726/169
f 585/727/1 584/729/1 93/728/170
f 584/729/1 583/731/1 92/730/171
f 583/731/1 582/733/1 91/732/171
f 582/733/1 581/735/1 90/734/172
f 581/735/1 580/737/1 89/736/173
f 580/737/1 579/739/1 88/738/174
f 579/739/1 578/741/1 87/740/174
f 578/741/1 577/743/1 86/742/175
f 577/743/1 576/1050/1 85/744/175
f 576/745/1 575/749/1 84/746/176
f 574/748/1 83/751/176 84/746/176
f 573/750/1 82/753/177 83/751/176
f 572/752/1 81/755/177 82/753/177
f 571/754/1 80/757/178 81/755/177
f 570/756/1 79/759/178 80/757/178
f 569/758/1 78/761/179 79/759/178
f 568/760/1 77/763/180 78/761/179
f 567/762/1 76/765/181 77/763/180
f 566/764/1 75/767/181 76/765/181
f 565/766/1 74/769/182 75/767/181
f 564/768/1 73/771/183 74/769/182
f 563/770/1 72/773/184 73/771/183
f 562/772/1 71/775/185 72/773/184
f 561/774/1 70/777/186 71/775/185
f 560/776/1 69/940/186 70/777/186
f 559/778/1 68/782/187 69/779/186
f 559/778/1 558/783/1 67/781/187
f 558/783/1 557/785/1 65/784/167
f 557/785/1 588/720/1 66/722/167
f 526/786/2 120/793/188 119/787/188
f 527/789/2 528/794/2 107/790/189
f 529/792/2 121/797/192 120/793/188
f 528/794/2 530/798/2 108/795/191
f 531/796/2 122/801/194 121/797/192
f 530/798/2 532/802/2 109/799/193
f 533/800/2 123/805/195 122/801/194
f 532/802/2 534/806/2 110/803/193
f 535/804/2 124/812/198 123/805/195
f 534/806/2 536/813/2 111/807/196
f 538/808/2 98/816/199 97/809/197
f 539/811/2 125/818/200 124/812/198
f 536/813/2 540/820/2 112/814/196
f 541/815/2 99/822/201 98/816/199
f 542/817/2 126/824/202 125/818/200
f 543/819/2 113/826/203 112/814/196
f 544/821/2 100/828/201 99/822/201
f 545/823/2 127/830/204 126/824/202
f 546/825/2 114/832/205 113/826/203
f 547/827/2 101/1051/206 100/828/201
f 548/829/2 128/836/204 127/830/204
f 549/831/2 115/838/207 114/832/205
f 547/833/2 550/839/2 102/834/206
f 537/810/2 97/809/197 128/836/204
f 551/837/2 116/842/207 115/838/207
f 550/839/2 552/843/2 103/840/208
f 553/841/2 117/872/209 116/842/207
f 552/843/2 554/848/2 104/844/208
f 555/845/2 118/850/210 117/846/209
f 554/848/2 556/851/2 105/849/190
f 525/788/2 119/787/188 118/850/210
f 556/851/2 527/789/2 106/791/190
f 214/852/211 122/801/212 123/805/212
f 218/854/214 126/824/215 127/830/215
f 220/855/217 380/1010/545 412/856/218
f 224/858/220 124/812/221 125/818/221
f 271/860/223 96/721/631 314/861/224
f 219/857/219 412/856/218 313/863/226
f 86/742/175 85/744/175 323/864/228
f 270/866/230 269/880/231 437/867/231
f 127/830/204 128/836/204 375/869/233
f 238/871/234 116/842/235 117/872/235
f 234/874/237 118/850/238 119/787/238
f 230/876/240 120/793/241 121/797/241
f 218/854/243 217/886/252 411/878/244
f 269/880/231 68/782/245 342/881/245
f 112/814/246 113/826/246 240/882/247
f 114/832/249 115/838/249 236/884/250
f 217/886/252 94/726/632 316/887/253
f 88/738/174 87/740/174 321/888/254
f 108/795/255 109/799/255 248/890/256
f 110/803/258 111/807/258 244/892/259
f 268/894/261 404/968/261 436/895/262
f 125/818/200 126/824/202 373/897/264
f 216/853/265 378/987/265 410/899/266
f 267/896/263 436/895/262 341/901/268
f 100/828/269 101/1051/269 264/902/270
f 102/834/272 103/840/272 260/903/273
f 104/844/275 105/849/275 256/905/276
f 106/791/278 107/790/278 252/907/279
f 272/909/281 128/836/282 97/809/282
f 215/900/267 410/899/266 317/911/284
f 276/912/286 98/816/287 99/822/287
f 90/734/172 89/736/173 319/913/289
f 266/904/290 265/922/298 435/915/291
f 123/805/195 124/812/198 371/917/292
f 65/784/293 275/919/295 267/896/294
f 275/919/295 276/912/286 268/894/288
f 214/852/296 213/931/315 409/920/297
f 265/922/298 70/777/633 340/923/299
f 96/721/300 271/860/302 273/924/301
f 271/860/302 272/909/281 274/910/283
f 257/925/303 251/926/305 75/767/304
f 258/908/280 252/907/279 251/926/305
f 261/927/306 255/928/308 73/771/307
f 262/906/277 256/905/276 255/928/308
f 265/922/309 259/929/311 71/775/310
f 266/904/274 260/903/273 259/929/311
f 269/880/312 263/930/314 69/779/313
f 270/866/271 264/902/270 263/930/314
f 213/931/315 90/734/634 320/914/316
f 92/730/171 91/732/171 317/911/317
f 264/933/318 402/976/318 434/934/319
f 121/797/192 122/801/194 369/936/321
f 276/912/322 408/1009/322 345/938/323
f 263/935/320 434/934/319 339/939/325
f 274/910/327 97/809/635 346/941/328
f 94/726/169 93/728/170 315/943/329
f 249/944/330 243/945/333 79/759/331
f 250/893/260 244/892/259 243/945/333
f 253/946/334 247/947/337 77/763/335
f 254/891/257 248/890/256 247/947/337
f 262/906/338 261/927/345 433/948/339
f 119/787/188 120/793/188 367/950/341
f 272/909/342 406/1011/342 375/869/343
f 261/927/345 72/773/636 338/952/346
f 241/953/347 235/954/349 83/751/348
f 242/885/251 236/884/250 235/954/349
f 245/955/350 239/956/352 81/755/351
f 246/883/248 240/882/247 239/956/352
f 270/866/230 405/868/232 347/957/353
f 96/721/166 95/724/168 313/863/354
f 260/903/356 400/984/356 432/958/357
f 117/846/209 118/850/210 365/959/359
f 88/738/361 229/962/363 225/961/362
f 229/962/363 230/876/240 226/877/242
f 86/742/364 233/964/366 227/963/365
f 233/964/366 234/874/237 228/875/239
f 84/746/367 237/966/369 231/965/368
f 237/966/369 238/871/234 232/873/236
f 268/894/261 99/822/370 348/967/370
f 259/929/358 432/958/357 337/969/371
f 266/904/290 403/916/290 349/970/373
f 258/908/375 257/925/379 431/971/376
f 115/838/207 116/842/207 363/973/377
f 264/933/318 101/835/378 350/975/378
f 257/925/379 74/769/637 336/977/380
f 262/906/338 401/949/340 351/978/381
f 256/905/383 398/1008/383 430/979/384
f 114/832/205 361/1045/386 362/980/386
f 92/730/387 223/982/389 221/981/388
f 223/982/389 224/858/220 222/859/222
f 260/903/356 103/840/638 352/983/390
f 255/928/385 430/979/384 335/985/391
f 94/726/393 217/886/395 219/857/394
f 217/886/395 218/854/214 220/855/216
f 90/734/396 213/931/398 215/900/397
f 213/931/398 214/852/211 216/853/213
f 381/986/399 374/898/400 373/897/400
f 378/987/402 372/918/403 371/917/403
f 383/989/405 370/937/406 369/936/406
f 384/990/408 368/951/409 367/950/409
f 386/992/411 366/960/412 365/959/412
f 388/994/414 364/974/415 363/973/415
f 362/980/416 361/1045/416 391/996/417
f 360/998/419 359/1046/419 393/999/420
f 358/1001/422 357/1047/422 395/1002/423
f 356/1004/425 355/1048/425 397/1005/426
f 354/1007/428 353/1049/428 399/972/429
f 352/983/431 351/978/431 401/949/432
f 350/975/434 349/970/434 403/916/435
f 348/967/437 347/957/437 405/868/438
f 407/942/439 346/941/440 345/938/440
f 380/1010/442 376/870/443 375/869/443
f 313/863/445 412/856/447 438/862/446
f 412/856/447 380/1010/442 406/1011/444
f 343/1012/448 439/1015/450 440/1013/449
f 439/1015/450 407/942/439 408/1009/441
f 436/895/451 437/867/451 342/881/452
f 404/968/438 405/868/438 437/867/451
f 434/934/453 435/915/455 340/923/454
f 402/976/436 403/916/435 435/915/455
f 432/958/456 433/948/458 338/952/457
f 400/984/433 401/949/432 433/948/458
f 430/979/459 431/971/461 336/977/460
f 398/1008/430 399/972/429 431/971/461
f 428/1016/462 429/1019/465 334/1017/463
f 396/1006/427 397/1005/426 429/1019/465
f 426/1020/466 427/1023/468 332/1021/467
f 394/1003/424 395/1002/423 427/1023/468
f 424/1024/469 425/1027/471 330/1025/470
f 392/1000/421 393/999/420 425/1027/471
f 422/1028/472 423/1031/474 328/1029/473
f 390/997/418 391/996/417 423/1031/474
f 325/1032/475 420/1035/476 421/1033/476
f 388/994/414 389/995/414 421/1033/476
f 323/864/477 418/1037/479 419/1036/478
f 418/1037/479 386/992/411 387/993/413
f 321/888/480 416/1039/482 417/1038/481
f 416/1039/482 384/990/408 385/991/410
f 319/913/483 415/1040/485 409/920/484
f 415/1040/485 383/989/405 377/921/407
f 317/911/486 410/899/488 414/1041/487
f 410/899/488 378/987/402 382/988/404
f 315/943/489 413/1042/491 411/878/490
f 413/1042/491 381/986/399 379/879/401
f 272/909/342 271/860/223 438/862/225
f 83/751/176 325/1032/492 326/1034/492
f 221/981/493 413/1042/500 315/943/494
f 273/924/496 439/1015/501 343/1012/497
f 222/859/499 381/986/548 413/1042/500
f 274/910/327 407/942/327 439/1015/501
f 81/755/177 327/1030/502 328/1029/502
f 223/982/503 92/730/639 318/932/504
f 275/919/506 65/784/640 344/1014/507
f 224/858/509 223/982/503 414/1041/505
f 276/912/322 275/919/506 440/1013/508
f 79/759/178 329/1026/510 330/1025/510
f 225/961/511 415/1040/515 319/913/512
f 226/877/514 383/989/514 415/1040/515
f 77/763/180 331/1022/516 332/1021/516
f 227/963/517 416/1039/521 321/888/518
f 228/875/520 384/990/520 416/1039/521
f 75/767/181 333/1018/522 334/1017/522
f 229/962/523 88/738/641 322/889/524
f 230/876/526 229/962/523 417/1038/525
f 73/771/183 335/985/527 336/977/527
f 231/1043/528 418/1037/528 323/864/529
f 232/1044/530 386/992/572 418/1037/528
f 214/852/296 377/921/296 369/936/531
f 71/775/185 337/969/533 338/952/533
f 233/964/534 86/742/642 324/865/535
f 216/853/265 123/805/643 372/918/537
f 234/874/538 233/964/534 419/1036/536
f 218/854/243 379/879/243 373/897/539
f 69/940/186 339/939/541 340/923/541
f 235/954/542 420/1035/542 325/1032/543
f 220/855/217 127/830/644 376/870/544
f 236/884/546 388/994/546 420/1035/542
f 222/859/499 125/818/645 374/898/547
f 68/782/187 67/781/187 341/901/549
f 237/966/550 84/746/551 326/1034/551
f 224/858/509 382/988/509 371/917/553
f 238/871/555 237/966/550 421/1033/552
f 226/877/514 121/797/646 370/937/556
f 65/784/167 66/722/167 343/1012/557
f 239/956/558 422/1028/565 327/1030/559
f 228/875/520 119/787/647 368/951/561
f 97/809/197 98/816/199 345/938/562
f 240/882/564 390/997/564 422/1028/565
f 230/876/526 385/991/526 367/950/566
f 241/953/568 82/753/648 328/1029/569
f 232/1044/530 117/846/649 366/960/571
f 100/828/201 347/957/650 348/967/573
f 242/885/574 241/953/568 423/1031/570
f 234/874/538 387/993/538 365/959/576
f 243/945/578 424/1024/584 329/1026/579
f 236/884/546 115/838/581 364/974/581
f 102/834/206 349/970/582 350/975/582
f 244/892/583 392/1000/583 424/1024/584
f 238/871/555 389/995/555 363/973/585
f 245/955/587 80/757/651 330/1025/588
f 240/882/564 113/826/652 362/980/590
f 104/844/208 351/978/591 352/983/591
f 246/883/592 245/955/587 425/1027/589
f 242/885/574 391/996/575 361/1045/593
f 247/947/595 426/1020/601 331/1022/596
f 244/892/583 111/807/653 360/998/598
f 106/791/190 353/1049/599 354/1007/599
f 248/890/600 394/1003/600 426/1020/601
f 246/883/592 393/999/592 359/1046/602
f 249/944/604 78/761/654 332/1021/605
f 248/890/600 109/799/655 358/1001/607
f 108/795/191 355/1048/608 356/1004/608
f 250/893/609 249/944/604 427/1023/606
f 250/893/609 395/1002/610 357/1047/611
f 251/926/613 428/1016/619 333/1018/614
f 252/907/616 107/790/656 356/1004/617
f 110/803/193 357/1047/618 358/1001/618
f 252/907/616 396/1006/616 428/1016/619
f 254/891/620 397/1005/628 355/1048/621
f 253/946/623 76/765/657 334/1017/624
f 256/905/383 105/849/658 354/1007/626
f 112/814/196 359/1046/627 360/998/627
f 254/891/620 253/946/623 429/1019/625
f 258/908/375 399/972/375 353/1049/629
