# Pieza del RoverModificado
mtllib Rover.mtl
o RuedaDD
v -0.898860 0.000151 -0.520003
v -0.881576 -0.175336 -0.520003
v -0.830389 -0.344079 -0.520003
v -0.747265 -0.499593 -0.520003
v -0.635398 -0.635903 -0.520003
v -0.499088 -0.747769 -0.520003
v -0.343574 -0.830893 -0.520003
v -0.174831 -0.882081 -0.520003
v 0.000656 -0.899365 -0.520003
v 0.176143 -0.882081 -0.520003
v 0.344886 -0.830893 -0.520003
v 0.500400 -0.747769 -0.520003
v 0.636709 -0.635903 -0.520003
v 0.748577 -0.499593 -0.520003
v 0.831701 -0.344079 -0.520003
v 0.882888 -0.175336 -0.520003
v 0.900172 0.000151 -0.520003
v 0.882888 0.175638 -0.520003
v 0.831701 0.344381 -0.520003
v 0.748577 0.499896 -0.520003
v 0.636709 0.636205 -0.520003
v 0.500400 0.748071 -0.520003
v 0.344886 0.831196 -0.520003
v 0.176143 0.882383 -0.520003
v 0.000656 0.899668 -0.520003
v -0.174831 0.882383 -0.520003
v -0.343574 0.831196 -0.520003
v -0.499088 0.748072 -0.520003
v -0.635398 0.636205 -0.520003
v -0.747264 0.499896 -0.520003
v -0.830389 0.344381 -0.520003
v -0.881576 0.175638 -0.520003
v -0.898860 0.000151 0.519997
v -0.881576 -0.175335 0.519997
v -0.830389 -0.344079 0.519997
v -0.747265 -0.499593 0.519997
v -0.635398 -0.635902 0.519997
v -0.499088 -0.747769 0.519997
v -0.343574 -0.830893 0.519997
v -0.174831 -0.882081 0.519997
v 0.000656 -0.899365 0.519997
v 0.176143 -0.882081 0.519997
v 0.344886 -0.830893 0.519997
v 0.500400 -0.747769 0.519997
v 0.636709 -0.635902 0.519997
v 0.748577 -0.499593 0.519997
v 0.831701 -0.344079 0.519997
v 0.882888 -0.175335 0.519997
v 0.900172 0.000152 0.519997
v 0.882888 0.175638 0.519997
v 0.831701 0.344381 0.519997
v 0.748577 0.499896 0.519997
v 0.636709 0.636205 0.519997
v 0.500400 0.748071 0.519997
v 0.344886 0.831196 0.519997
v 0.176143 0.882383 0.519997
v 0.000656 0.899667 0.519997
v -0.174831 0.882383 0.519997
v -0.343574 0.831196 0.519997
v -0.499088 0.748072 0.519997
v -0.635398 0.636205 0.519997
v -0.747265 0.499896 0.519997
v -0.830389 0.344381 0.519997
v -0.881576 0.175638 0.519997
v -1.003590 -0.200992 0.519997
v -1.023184 -0.002056 0.519997
v -0.945563 -0.392282 0.519997
v -0.851332 -0.568577 0.519997
v -0.724518 -0.723100 0.519997
v -0.569995 -0.849914 0.519997
v -0.393700 -0.944145 0.519997
v -0.202410 -1.002172 0.519997
v -0.003474 -1.021766 0.519997
v 0.195461 -1.002172 0.519997
v 0.386751 -0.944145 0.519997
v 0.563046 -0.849914 0.519997
v 0.717569 -0.723100 0.519997
v 0.844383 -0.568576 0.519997
v 0.938614 -0.392282 0.519997
v 0.996642 -0.200992 0.519997
v 1.016235 -0.002056 0.519997
v 0.996642 0.196879 0.519997
v 0.938614 0.388170 0.519997
v 0.844383 0.564464 0.519997
v 0.717570 0.718987 0.519997
v 0.563046 0.845801 0.519997
v 0.386751 0.940033 0.519997
v 0.195461 0.998060 0.519997
v -0.003474 1.017653 0.519997
v -0.202410 0.998060 0.519997
v -0.393700 0.940033 0.519997
v -0.569995 0.845801 0.519997
v -0.724517 0.718987 0.519997
v -0.851332 0.564464 0.519997
v -0.945563 0.388170 0.519997
v -1.003590 0.196879 0.519997
v -1.027896 0.000151 -0.520003
v -1.008133 -0.200509 -0.520003
v -0.949602 -0.393458 -0.520003
v -0.854554 -0.571281 -0.520003
v -0.726640 -0.727144 -0.520003
v -0.570777 -0.855059 -0.520003
v -0.392954 -0.950107 -0.520003
v -0.200005 -1.008637 -0.520003
v 0.000656 -1.028400 -0.520003
v 0.201316 -1.008637 -0.520003
v 0.394265 -0.950108 -0.520003
v 0.572088 -0.855059 -0.520003
v 0.727951 -0.727146 -0.520003
v 0.855865 -0.571281 -0.520003
v 0.950914 -0.393458 -0.520003
v 1.009444 -0.200509 -0.520003
v 1.029207 0.000151 -0.520003
v 1.009444 0.200812 -0.520003
v 0.950914 0.393761 -0.520003
v 0.855865 0.571584 -0.520003
v 0.727951 0.727447 -0.520003
v 0.572088 0.855361 -0.520003
v 0.394265 0.950409 -0.520003
v 0.201316 1.008940 -0.520003
v 0.000656 1.028703 -0.520003
v -0.200005 1.008940 -0.520003
v -0.392954 0.950409 -0.520003
v -0.570777 0.855361 -0.520003
v -0.726640 0.727447 -0.520003
v -0.854553 0.571584 -0.520003
v -0.949602 0.393761 -0.520003
v -1.008133 0.200812 -0.520003
v 0.000656 0.096624 -0.460001
v 0.048892 0.083699 -0.460001
v 0.084204 0.048387 -0.460001
v 0.097129 0.000151 -0.460001
v 0.084204 -0.048085 -0.460001
v 0.048892 -0.083396 -0.460001
v 0.000656 -0.096321 -0.460001
v -0.047580 -0.083396 -0.460001
v -0.082891 -0.048085 -0.460001
v -0.095816 0.000151 -0.460001
v -0.082891 0.048387 -0.460001
v -0.047580 0.083699 -0.460001
v 0.000656 0.200151 -0.336668
v 0.000656 0.200151 -0.183334
v 0.100656 0.173356 -0.183335
v 0.100656 0.173356 -0.336668
v 0.173861 0.100151 -0.183335
v 0.173861 0.100151 -0.336668
v 0.200656 0.000151 -0.183335
v 0.200656 0.000151 -0.336668
v 0.173861 -0.099849 -0.183335
v 0.173861 -0.099849 -0.336668
v 0.100656 -0.173054 -0.183335
v 0.100656 -0.173054 -0.336668
v 0.000656 -0.199849 -0.183335
v 0.000656 -0.199849 -0.336668
v -0.099344 -0.173054 -0.183335
v -0.099344 -0.173054 -0.336668
v -0.172549 -0.099849 -0.183335
v -0.172549 -0.099849 -0.336668
v -0.199344 0.000151 -0.183335
v -0.199344 0.000151 -0.336668
v -0.172549 0.100151 -0.183335
v -0.172549 0.100151 -0.336668
v -0.099344 0.173356 -0.183335
v -0.099344 0.173356 -0.336668
v 0.181829 0.876299 0.163332
v 0.181829 0.876299 0.416666
v 0.281829 0.849504 0.416666
v 0.281829 0.849504 0.163332
v 0.850009 0.281324 0.416666
v 0.850009 0.281324 0.163332
v 0.876804 0.181325 0.416666
v 0.876804 0.181325 0.163332
v 0.668836 -0.594824 0.416665
v 0.668836 -0.594824 0.163332
v 0.595631 -0.668029 0.416665
v 0.595631 -0.668029 0.163332
v -0.180517 -0.875997 0.416665
v -0.180517 -0.875997 0.163332
v -0.280517 -0.849202 0.416665
v -0.280517 -0.849203 0.163332
v -0.848697 -0.281022 0.416666
v -0.848697 -0.281022 0.163332
v -0.875492 -0.181022 0.416666
v -0.875492 -0.181022 0.163332
v -0.667524 0.595126 0.416666
v -0.667524 0.595126 0.163332
v -0.594319 0.668331 0.416666
v -0.594319 0.668331 0.163332
v 0.000656 0.200151 -0.460001
v 0.100656 0.173356 -0.460001
v 0.173861 0.100151 -0.460001
v 0.200656 0.000151 -0.460001
v 0.173861 -0.099849 -0.460001
v 0.100656 -0.173054 -0.460001
v 0.000656 -0.199849 -0.460001
v -0.099344 -0.173054 -0.460001
v -0.172549 -0.099849 -0.460001
v -0.199344 0.000151 -0.460001
v -0.172549 0.100151 -0.460001
v -0.099344 0.173356 -0.460001
v 0.000656 0.096624 -0.360001
v 0.048892 0.083699 -0.360001
v 0.084204 0.048387 -0.360001
v 0.097129 0.000151 -0.360001
v 0.084204 -0.048085 -0.360001
v 0.048892 -0.083396 -0.360001
v 0.000656 -0.096321 -0.360001
v -0.047580 -0.083396 -0.360001
v -0.082891 -0.048085 -0.360001
v -0.095816 0.000151 -0.360001
v -0.082891 0.048387 -0.360001
v -0.047580 0.083699 -0.360001
v -0.221628 1.101950 0.190664
v -0.220746 1.105940 -0.190670
v -0.432656 1.037936 0.190664
v -0.432382 1.041740 -0.190670
v -0.937505 0.623616 0.190664
v -0.938686 0.626227 -0.190670
v -1.041459 0.429132 0.190664
v -1.042940 0.431182 -0.190670
v -0.797607 0.794083 0.190664
v -0.798385 0.797185 -0.190670
v -0.627140 0.933982 0.190664
v -0.627427 0.937487 -0.190670
v -0.002166 1.123565 0.190664
v -0.000652 1.127617 -0.190670
v 0.428323 1.037936 0.190664
v 0.431078 1.041740 -0.190670
v 0.217295 1.101950 0.190664
v 0.219442 1.105940 -0.190670
v 0.793274 0.794083 0.190663
v 0.797081 0.797185 -0.190670
v 0.622807 0.933982 0.190664
v 0.626123 0.937487 -0.190670
v 1.037127 0.429132 0.190663
v 1.041637 0.431182 -0.190670
v 0.933172 0.623616 0.190664
v 0.937382 0.626227 -0.190670
v 1.122756 -0.001357 0.190664
v 1.127512 -0.000548 -0.190670
v 1.101141 0.218104 0.190664
v 1.105835 0.219546 -0.190670
v 1.037127 -0.431847 0.190663
v 1.041636 -0.432279 -0.190670
v 1.101141 -0.220819 0.190664
v 1.105835 -0.220642 -0.190670
v 0.793274 -0.796797 0.190664
v 0.797080 -0.798282 -0.190670
v 0.933172 -0.626331 0.190664
v 0.937383 -0.627323 -0.190670
v 0.428323 -1.040650 0.190664
v 0.431078 -1.042837 -0.190670
v 0.622807 -0.936696 0.190664
v 0.626123 -0.938583 -0.190670
v -0.002166 -1.126280 0.190664
v -0.000652 -1.128713 -0.190670
v 0.217295 -1.104665 0.190664
v 0.219442 -1.107036 -0.190670
v -0.432656 -1.040650 0.190664
v -0.432382 -1.042837 -0.190670
v -0.221628 -1.104665 0.190664
v -0.220746 -1.107036 -0.190670
v -0.797607 -0.796797 0.190664
v -0.798385 -0.798282 -0.190670
v -0.627140 -0.936696 0.190664
v -0.627427 -0.938582 -0.190670
v -1.041459 -0.431846 0.190664
v -1.042940 -0.432279 -0.190670
v -0.937505 -0.626331 0.190664
v -0.938687 -0.627324 -0.190670
v -1.105474 0.218104 0.190664
v -1.107139 0.219546 -0.190670
v -1.127089 -0.001357 0.190664
v -1.128817 -0.000548 -0.190670
v -1.105474 -0.220819 0.190664
v -1.107139 -0.220642 -0.190670
v 0.000656 0.200151 0.254443
v 0.000656 0.200151 0.352221
v 0.100656 0.173356 0.352221
v 0.100656 0.173356 0.254443
v 0.173861 0.100151 0.352221
v 0.173861 0.100151 0.254443
v 0.200656 0.000151 0.352221
v 0.200656 0.000151 0.254443
v 0.173861 -0.099849 0.352221
v 0.173861 -0.099849 0.254443
v 0.100656 -0.173054 0.352221
v 0.100656 -0.173054 0.254443
v 0.000656 -0.199849 0.352221
v 0.000656 -0.199849 0.254443
v -0.099344 -0.173054 0.352221
v -0.099344 -0.173054 0.254443
v -0.172549 -0.099849 0.352221
v -0.172549 -0.099849 0.254443
v -0.199344 0.000151 0.352221
v -0.199344 0.000151 0.254443
v -0.172549 0.100151 0.352221
v -0.172549 0.100151 0.254443
v -0.099344 0.173356 0.352221
v -0.099344 0.173356 0.254443
v 0.595631 0.668331 0.352221
v 0.595631 0.668331 0.254443
v 0.668836 0.595126 0.352221
v 0.668836 0.595126 0.254443
v 0.281830 -0.849202 0.352221
v 0.281830 -0.849203 0.254443
v 0.181830 -0.875997 0.352221
v 0.181830 -0.875997 0.254443
v -0.875492 0.181325 0.352221
v -0.875492 0.181325 0.254443
v -0.848697 0.281324 0.352221
v -0.848697 0.281324 0.254443
v -0.988050 0.405680 0.514797
v -1.048688 0.205781 0.514797
v -0.757057 0.751385 0.514797
v -0.889578 0.589907 0.514797
v -0.411353 0.982377 0.514797
v -0.595580 0.883905 0.514797
v -0.003567 1.063490 0.514797
v -0.211455 1.043015 0.514797
v 0.404219 0.982377 0.514797
v 0.204321 1.043015 0.514797
v 0.749923 0.751384 0.514797
v 0.588447 0.883905 0.514797
v 0.980915 0.405680 0.514797
v 0.882444 0.589907 0.514797
v 1.062029 -0.002106 0.514797
v 1.041554 0.205781 0.514797
v 0.980915 -0.409892 0.514797
v 1.041554 -0.209993 0.514797
v 0.749923 -0.755596 0.514797
v 0.882444 -0.594119 0.514797
v 0.404219 -0.986588 0.514797
v 0.588446 -0.888117 0.514797
v -0.003567 -1.067702 0.514797
v 0.204320 -1.047227 0.514797
v -0.411353 -0.986588 0.514797
v -0.211455 -1.047227 0.514797
v -0.757057 -0.755596 0.514797
v -0.595581 -0.888117 0.514797
v -0.988050 -0.409892 0.514797
v -0.889578 -0.594119 0.514797
v -1.069163 -0.002106 0.514797
v -1.048688 -0.209993 0.514797
v -1.053434 -0.209489 -0.514803
v -1.074087 0.000201 -0.514803
v -0.892944 -0.596946 -0.514803
v -0.992270 -0.411121 -0.514803
v -0.596398 -0.893492 -0.514803
v -0.759275 -0.759823 -0.514803
v -0.208941 -1.053982 -0.514803
v -0.410573 -0.992818 -0.514803
v 0.210439 -1.053982 -0.514803
v 0.000749 -1.074635 -0.514803
v 0.597896 -0.893494 -0.514803
v 0.412071 -0.992818 -0.514803
v 0.894443 -0.596946 -0.514804
v 0.760773 -0.759823 -0.514803
v 1.054932 -0.209489 -0.514803
v 0.993768 -0.411121 -0.514804
v 1.054932 0.209891 -0.514803
v 1.075585 0.000201 -0.514804
v 0.894442 0.597348 -0.514803
v 0.993768 0.411523 -0.514804
v 0.597896 0.893894 -0.514803
v 0.760773 0.760225 -0.514804
v 0.210439 1.054384 -0.514803
v 0.412071 0.993220 -0.514803
v -0.208941 1.054384 -0.514803
v 0.000749 1.075037 -0.514803
v -0.596398 0.893895 -0.514803
v -0.410573 0.993220 -0.514804
v -0.892944 0.597348 -0.514803
v -0.759275 0.760225 -0.514803
v -1.053434 0.209891 -0.514803
v -0.992270 0.411523 -0.514803
v -0.242680 1.216628 -0.188764
v -0.475479 1.146009 -0.188764
v -1.032414 0.688945 -0.188763
v -1.147093 0.474396 -0.188763
v -0.878082 0.876999 -0.188764
v -0.690028 1.031331 -0.188763
v -0.000576 1.240474 -0.188763
v 0.474325 1.146009 -0.188764
v 0.241527 1.216628 -0.188764
v 0.876930 0.876999 -0.188764
v 0.688877 1.031330 -0.188763
v 1.145941 0.474396 -0.188764
v 1.031262 0.688945 -0.188763
v 1.240403 -0.000507 -0.188764
v 1.216560 0.241596 -0.188764
v 1.145940 -0.475410 -0.188764
v 1.216560 -0.242611 -0.188764
v 0.876930 -0.878013 -0.188764
v 1.031262 -0.689959 -0.188764
v 0.474325 -1.147025 -0.188763
v 0.688875 -1.032345 -0.188763
v -0.000576 -1.241488 -0.188763
v 0.241527 -1.217643 -0.188763
v -0.475479 -1.147025 -0.188763
v -0.242680 -1.217643 -0.188763
v -0.878082 -0.878013 -0.188763
v -0.690028 -1.032345 -0.188763
v -1.147093 -0.475410 -0.188763
v -1.032414 -0.689959 -0.188763
v -1.217712 0.241596 -0.188763
v -1.241557 -0.000507 -0.188763
v -1.217712 -0.242611 -0.188763
v -0.243650 1.212240 0.188757
v -0.475780 1.141824 0.188757
v -1.031114 0.686073 0.188757
v -1.145464 0.472140 0.188757
v -0.877226 0.873587 0.188757
v -0.689713 1.027475 0.188757
v -0.002242 1.236017 0.188757
v 0.471297 1.141824 0.188757
v 0.239166 1.212240 0.188757
v 0.872742 0.873587 0.188757
v 0.685229 1.027475 0.188757
v 1.140980 0.472140 0.188757
v 1.026631 0.686073 0.188757
v 1.235173 -0.001398 0.188757
v 1.211396 0.240010 0.188757
v 1.140980 -0.474936 0.188757
v 1.211396 -0.242805 0.188757
v 0.872742 -0.876382 0.188757
v 1.026631 -0.688868 0.188757
v 0.471296 -1.144620 0.188757
v 0.685229 -1.030270 0.188757
v -0.002242 -1.238812 0.188757
v 0.239166 -1.215036 0.188757
v -0.475780 -1.144620 0.188757
v -0.243650 -1.215036 0.188757
v -0.877226 -0.876382 0.188757
v -0.689713 -1.030270 0.188757
v -1.145464 -0.474936 0.188757
v -1.031114 -0.688868 0.188757
v -1.215880 0.240010 0.188757
v -1.239657 -0.001398 0.188757
v -1.215880 -0.242805 0.188757
v 0.131179 0.687270 -0.156019
v 0.103949 0.585646 -0.294587
v 0.078536 0.490804 -0.378748
v 0.039875 0.346519 -0.401609
v 0.203949 0.558852 -0.294587
v 0.231179 0.660475 -0.156019
v 0.139875 0.319724 -0.401610
v 0.178536 0.464009 -0.378748
v 0.347024 0.039370 -0.401610
v 0.491308 0.078031 -0.378748
v 0.586151 0.103444 -0.294587
v 0.687775 0.130674 -0.156019
v 0.464514 0.178031 -0.378748
v 0.320229 0.139370 -0.401610
v 0.660980 0.230674 -0.156019
v 0.559356 0.203444 -0.294587
v -0.206493 0.280505 -0.401610
v -0.312116 0.386129 -0.378748
v -0.381546 0.455558 -0.294587
v -0.455940 0.529952 -0.156019
v -0.385322 0.312924 -0.378748
v -0.279698 0.207300 -0.401610
v -0.529145 0.456747 -0.156019
v -0.454751 0.382353 -0.294587
v -0.463202 -0.177729 -0.378748
v -0.318916 -0.139068 -0.401610
v -0.659668 -0.230372 -0.156019
v -0.558044 -0.203142 -0.294587
v -0.584839 -0.103142 -0.294587
v -0.686463 -0.130372 -0.156019
v -0.345711 -0.039068 -0.401610
v -0.489997 -0.077729 -0.378748
v -0.138563 -0.319421 -0.401610
v -0.177224 -0.463707 -0.378748
v -0.202637 -0.558549 -0.294587
v -0.229867 -0.660173 -0.156019
v -0.077224 -0.490502 -0.378748
v -0.038563 -0.346216 -0.401610
v -0.129867 -0.686968 -0.156019
v -0.102637 -0.585344 -0.294587
v 0.386634 -0.312621 -0.378748
v 0.281010 -0.206997 -0.401610
v 0.530457 -0.456445 -0.156019
v 0.456064 -0.382051 -0.294587
v 0.382859 -0.455256 -0.294587
v 0.457252 -0.529650 -0.156019
v 0.207805 -0.280202 -0.401610
v 0.313429 -0.385827 -0.378748
v 0.000656 0.200151 0.872666
v 0.100656 0.173356 0.872666
v 0.173861 0.100151 0.872666
v 0.200656 0.000151 0.872666
v 0.173861 -0.099849 0.872666
v 0.100656 -0.173054 0.872665
v 0.000656 -0.199849 0.872665
v -0.099344 -0.173054 0.872665
v -0.172549 -0.099849 0.872666
v -0.199344 0.000151 0.872666
v -0.172549 0.100151 0.872666
v -0.099344 0.173356 0.872666
v 0.130656 0.225318 1.154245
v 0.000656 0.260151 1.154245
v 0.000656 0.260151 0.872712
v 0.225823 0.130151 1.154245
v 0.260656 0.000151 1.154245
v 0.225823 -0.129849 1.154245
v 0.130656 -0.225015 1.154245
v 0.000656 -0.259849 1.154245
v -0.129344 -0.225015 1.154245
v -0.224510 -0.129849 1.154245
v -0.259344 0.000151 1.154245
v -0.224510 0.130151 1.154245
v -0.129344 0.225318 1.154245
v 0.130656 0.225318 0.872712
v 0.225823 0.130151 0.872712
v 0.260656 0.000151 0.872712
v 0.225823 -0.129849 0.872712
v 0.130656 -0.225015 0.872711
v 0.000656 -0.259849 0.872711
v -0.129344 -0.225015 0.872711
v -0.224510 -0.129849 0.872712
v -0.259344 0.000151 0.872712
v -0.224510 0.130151 0.872712
v -0.129344 0.225318 0.872712
v 0.369576 0.890802 -0.520003
v 0.188730 0.945662 -0.520003
v 0.188730 -0.945359 -0.520003
v 0.369576 -0.890500 -0.520003
v 0.000656 0.964185 -0.520003
v 0.536245 -0.801414 -0.520003
v -0.187418 0.945662 -0.520003
v 0.682329 -0.681524 -0.520003
v -0.368264 0.890802 -0.520003
v 0.802221 -0.535437 -0.520003
v -0.534933 0.801716 -0.520003
v 0.891307 -0.368769 -0.520003
v -0.963378 0.000151 -0.520003
v -0.944854 -0.187922 -0.520003
v -0.681019 0.681826 -0.520003
v 0.946166 -0.187922 -0.520003
v -0.889995 -0.368768 -0.520003
v -0.800909 0.535740 -0.520003
v 0.964689 0.000151 -0.520003
v -0.800909 -0.535437 -0.520003
v -0.889995 0.369071 -0.520003
v 0.946166 0.188225 -0.520003
v -0.681019 -0.681524 -0.520003
v -0.944854 0.188225 -0.520003
v 0.891307 0.369071 -0.520003
v -0.534933 -0.801414 -0.520003
v 0.802221 0.535740 -0.520003
v -0.368264 -0.890500 -0.520003
v 0.682329 0.681826 -0.520003
v -0.187418 -0.945359 -0.520003
v 0.536245 0.801716 -0.520003
v 0.000656 -0.963883 -0.520003
v -0.942583 -0.188163 0.519997
v -0.887976 -0.368180 0.519997
v -0.799298 -0.534085 0.519997
v -0.679958 -0.679501 0.519997
v -0.534541 -0.798841 0.519997
v -0.368637 -0.887519 0.519997
v -0.188620 -0.942126 0.519997
v -0.001409 -0.960565 0.519997
v 0.185802 -0.942126 0.519997
v 0.365818 -0.887519 0.519997
v 0.531723 -0.798841 0.519997
v 0.677140 -0.679501 0.519997
v 0.796479 -0.534085 0.519997
v 0.885158 -0.368180 0.519997
v 0.939765 -0.188163 0.519997
v 0.958204 -0.000952 0.519997
v 0.939765 0.186259 0.519997
v 0.885158 0.366275 0.519997
v 0.796479 0.532180 0.519997
v 0.677140 0.677596 0.519997
v 0.531723 0.796936 0.519997
v 0.365819 0.885614 0.519997
v 0.185802 0.940222 0.519997
v -0.001409 0.958660 0.519997
v -0.188620 0.940222 0.519997
v -0.368637 0.885614 0.519997
v -0.534541 0.796937 0.519997
v -0.679958 0.677596 0.519997
v -0.799298 0.532180 0.519997
v -0.887976 0.366276 0.519997
v -0.942583 0.186259 0.519997
v -0.961022 -0.000952 0.519997
v 0.030658 0.312118 -0.233013
v 0.086151 0.519221 -0.200198
v 0.096335 0.557229 -0.166470
v 0.135420 0.703098 0.032427
v 0.186151 0.492426 -0.200198
v 0.130658 0.285323 -0.233013
v 0.235420 0.676303 0.032427
v 0.196335 0.530434 -0.166470
v 0.703603 0.134915 0.032427
v 0.557734 0.095830 -0.166470
v 0.519726 0.085646 -0.200198
v 0.312622 0.030153 -0.233013
v 0.285828 0.130152 -0.233013
v 0.492931 0.185646 -0.200198
v 0.530939 0.195830 -0.166470
v 0.676808 0.234915 0.032427
v -0.467526 0.541539 0.032427
v -0.360743 0.434756 -0.166470
v -0.332919 0.406932 -0.200198
v -0.181309 0.255321 -0.233013
v -0.433948 0.361551 -0.166470
v -0.540731 0.468334 0.032427
v -0.254514 0.182116 -0.233013
v -0.406124 0.333726 -0.200198
v -0.518414 -0.085343 -0.200198
v -0.311310 -0.029850 -0.233013
v -0.702290 -0.134613 0.032427
v -0.556422 -0.095528 -0.166470
v -0.529627 -0.195528 -0.166470
v -0.675495 -0.234613 0.032427
v -0.284515 -0.129850 -0.233013
v -0.491619 -0.185343 -0.200198
v -0.234108 -0.676000 0.032427
v -0.195023 -0.530132 -0.166471
v -0.184838 -0.492124 -0.200199
v -0.129345 -0.285020 -0.233013
v -0.095023 -0.556927 -0.166471
v -0.134108 -0.702795 0.032427
v -0.029345 -0.311815 -0.233013
v -0.084839 -0.518919 -0.200199
v 0.255826 -0.181814 -0.233013
v 0.407437 -0.333424 -0.200198
v 0.435260 -0.361248 -0.166470
v 0.542044 -0.468031 0.032427
v 0.334232 -0.406629 -0.200199
v 0.182621 -0.255019 -0.233013
v 0.468839 -0.541236 0.032427
v 0.362055 -0.434453 -0.166471
vt 0.463198 0.188097
vt 0.370971 0.188097
vt 0.463198 0.172459
vt 0.463198 0.203734
vt 0.370971 0.172460
vt 0.370971 0.203734
vt 0.463198 0.156822
vt 0.463198 0.219372
vt 0.370971 0.156822
vt 0.370971 0.219372
vt 0.463198 0.235009
vt 0.370971 0.235009
vt 0.463198 0.141185
vt 0.370971 0.141185
vt 0.463198 0.250647
vt 0.370971 0.250647
vt 0.463198 0.125547
vt 0.370971 0.125547
vt 0.463198 0.109910
vt 0.463198 0.266284
vt 0.370971 0.109910
vt 0.370971 0.266284
vt 0.463198 0.281921
vt 0.463197 0.094272
vt 0.370971 0.094272
vt 0.370971 0.281921
vt 0.463198 0.078635
vt 0.370971 0.297559
vt 0.370971 0.078635
vt 0.463198 0.297559
vt 0.463197 0.062998
vt 0.370971 0.062998
vt 0.463198 0.313196
vt 0.370971 0.313196
vt 0.463198 0.328834
vt 0.463197 0.047360
vt 0.370971 0.047360
vt 0.370971 0.328834
vt 0.463198 0.344471
vt 0.370971 0.344471
vt 0.463197 0.031723
vt 0.370971 0.547757
vt 0.370971 0.532120
vt 0.463197 0.532120
vt 0.463197 0.516482
vt 0.463198 0.360108
vt 0.370971 0.516482
vt 0.370971 0.360108
vt 0.463197 0.500845
vt 0.463198 0.375746
vt 0.370971 0.375746
vt 0.370971 0.500845
vt 0.463198 0.391383
vt 0.463198 0.485208
vt 0.370971 0.391383
vt 0.370971 0.485208
vt 0.463198 0.407021
vt 0.463198 0.469570
vt 0.370971 0.407021
vt 0.370971 0.469570
vt 0.463198 0.422658
vt 0.463198 0.453933
vt 0.370971 0.453933
vt 0.370971 0.422658
vt 0.463198 0.438295
vt 0.370971 0.438295
vt 0.053261 0.802122
vt 0.035664 0.793556
vt 0.055556 0.793556
vt 0.037959 0.859227
vt 0.018438 0.857847
vt 0.024708 0.851577
vt 0.017057 0.823024
vt 0.008492 0.840620
vt 0.008492 0.820729
vt 0.074163 0.838325
vt 0.072783 0.857847
vt 0.066512 0.851576
vt 0.072783 0.803502
vt 0.066512 0.809773
vt 0.017057 0.838325
vt 0.759651 0.236742
vt 0.751085 0.219145
vt 0.759651 0.221440
vt 0.055556 0.867793
vt 0.053261 0.859227
vt 0.074163 0.823024
vt 0.082729 0.820729
vt 0.024708 0.809773
vt 0.037959 0.802122
vt 0.035664 0.867793
vt 0.082729 0.840620
vt 0.915727 0.083729
vt 0.938390 0.068427
vt 0.938390 0.083729
vt 0.915727 0.114331
vt 0.938390 0.099030
vt 0.938390 0.114331
vt 0.915727 0.144934
vt 0.938390 0.129633
vt 0.938390 0.144934
vt 0.385927 0.944544
vt 0.411633 0.913230
vt 0.411633 0.944544
vt 0.915727 0.175537
vt 0.938390 0.160235
vt 0.938390 0.175537
vt 0.915727 0.206139
vt 0.938390 0.190838
vt 0.938390 0.206139
vt 0.915727 0.236742
vt 0.938390 0.221440
vt 0.938390 0.236742
vt 0.392729 0.626002
vt 0.367023 0.587929
vt 0.392729 0.587929
vt 0.392739 0.626370
vt 0.367033 0.588297
vt 0.392739 0.588297
vt 0.392570 0.626370
vt 0.366864 0.588297
vt 0.392570 0.588297
vt 0.392065 0.586984
vt 0.366359 0.625057
vt 0.366358 0.586984
vt 0.392475 0.625222
vt 0.366769 0.587149
vt 0.392475 0.587149
vt 0.098480 0.984914
vt 0.128781 0.934861
vt 0.131181 0.983294
vt 0.324552 0.774464
vt 0.350258 0.659558
vt 0.350258 0.774464
vt 0.325226 0.775777
vt 0.350932 0.660871
vt 0.350932 0.775777
vt 0.411623 0.944176
vt 0.385917 0.912862
vt 0.411623 0.912862
vt 0.367033 0.731655
vt 0.367033 0.626370
vt 0.385758 0.944544
vt 0.411464 0.913230
vt 0.411464 0.944544
vt 0.385663 0.943396
vt 0.411369 0.912082
vt 0.411369 0.943396
vt 0.350258 0.928233
vt 0.324552 0.887298
vt 0.350258 0.887298
vt 0.325226 0.929546
vt 0.350932 0.888611
vt 0.350932 0.929546
vt 0.308861 0.730507
vt 0.324962 0.659723
vt 0.324962 0.774630
vt 0.203015 0.712239
vt 0.172547 0.742163
vt 0.169824 0.687207
vt 0.206741 0.688296
vt 0.167800 0.646359
vt 0.366769 0.730507
vt 0.392475 0.730507
vt 0.089444 0.802547
vt 0.096080 0.936481
vt 0.173330 0.559910
vt 0.134555 0.601420
vt 0.143669 0.554187
vt 0.137123 0.688827
vt 0.135099 0.647979
vt 0.350668 0.659723
vt 0.366769 0.625222
vt 0.375723 0.796911
vt 0.350668 0.774630
vt 0.375723 0.734902
vt 0.299907 0.796911
vt 0.324962 0.817830
vt 0.367023 0.731287
vt 0.392729 0.731287
vt 0.379575 0.815542
vt 0.405282 0.802674
vt 0.405282 0.815542
vt 0.352735 0.927365
vt 0.327029 0.886430
vt 0.352735 0.886430
vt 0.350668 0.849941
vt 0.350668 0.817830
vt 0.309115 0.731287
vt 0.325216 0.660503
vt 0.325216 0.775409
vt 0.282497 0.890651
vt 0.325216 0.850721
vt 0.325216 0.888243
vt 0.393641 0.890651
vt 0.350922 0.850721
vt 0.393641 0.836793
vt 0.375977 0.797691
vt 0.350922 0.775409
vt 0.375977 0.735682
vt 0.405536 0.816322
vt 0.379829 0.803453
vt 0.405536 0.803453
vt 0.350922 0.660503
vt 0.325216 0.929178
vt 0.350922 0.888243
vt 0.350922 0.929178
vt 0.350922 0.818610
vt 0.379839 0.816690
vt 0.405545 0.803821
vt 0.405545 0.816690
vt 0.325226 0.851088
vt 0.350932 0.818978
vt 0.350932 0.851088
vt 0.375987 0.798059
vt 0.375987 0.736050
vt 0.392739 0.731655
vt 0.366864 0.731655
vt 0.392570 0.731655
vt 0.300171 0.798059
vt 0.325226 0.818978
vt 0.308957 0.731655
vt 0.325057 0.660871
vt 0.325057 0.775777
vt 0.300003 0.798059
vt 0.325057 0.818978
vt 0.350764 0.660871
vt 0.366864 0.626370
vt 0.375818 0.798059
vt 0.350764 0.775777
vt 0.375818 0.736050
vt 0.379671 0.816690
vt 0.405377 0.803821
vt 0.405377 0.816690
vt 0.350764 0.929546
vt 0.325057 0.888611
vt 0.350764 0.888611
vt 0.350764 0.851089
vt 0.350764 0.818978
vt 0.308451 0.730342
vt 0.324552 0.659558
vt 0.299497 0.796746
vt 0.324552 0.817665
vt 0.324552 0.849775
vt 0.350258 0.817665
vt 0.350258 0.849775
vt 0.392065 0.730342
vt 0.392065 0.625057
vt 0.385253 0.943231
vt 0.410959 0.911917
vt 0.410959 0.943231
vt 0.404872 0.815377
vt 0.379166 0.802508
vt 0.404872 0.802508
vt 0.851024 0.083729
vt 0.915727 0.068427
vt 0.052560 0.968036
vt 0.067012 0.952734
vt 0.067012 0.968036
vt 0.851024 0.099030
vt 0.915727 0.099030
vt 0.052560 0.983337
vt 0.067012 0.983337
vt 0.851024 0.114331
vt 0.948007 0.533596
vt 0.557964 0.479113
vt 0.948007 0.479114
vt 0.851024 0.129633
vt 0.915727 0.129633
vt 0.021310 0.952709
vt 0.035762 0.937407
vt 0.035762 0.952709
vt 0.851024 0.144934
vt 0.021310 0.968010
vt 0.035762 0.968010
vt 0.851024 0.160235
vt 0.915727 0.160235
vt 0.021310 0.983311
vt 0.035762 0.983311
vt 0.851024 0.175537
vt 0.488059 0.282086
vt 0.520375 0.063579
vt 0.520375 0.282086
vt 0.915727 0.190838
vt 0.051522 0.897372
vt 0.066823 0.882920
vt 0.066823 0.897372
vt 0.851024 0.206139
vt 0.036221 0.897372
vt 0.051522 0.882920
vt 0.851024 0.221440
vt 0.915727 0.221440
vt 0.020919 0.882920
vt 0.020919 0.897372
vt 0.851024 0.236742
vt 0.589753 0.276734
vt 0.620275 0.058228
vt 0.620275 0.276734
vt 0.851024 0.068427
vt 0.915727 0.053126
vt 0.836572 0.068427
vt 0.851024 0.053126
vt 0.526915 0.058228
vt 0.494599 0.027706
vt 0.526916 0.027706
vt 0.557964 0.309259
vt 0.503482 0.366945
vt 0.503482 0.309259
vt 0.488059 0.033057
vt 0.520375 0.033058
vt 0.557437 0.058228
vt 0.589753 0.058228
vt 0.583213 0.282086
vt 0.613735 0.063579
vt 0.613735 0.282086
vt 0.526915 0.276734
vt 0.494599 0.058228
vt 0.948007 0.421428
vt 0.557964 0.421427
vt 0.557437 0.276734
vt 0.557964 0.366945
vt 0.948007 0.366945
vt 0.948007 0.309259
vt 0.550897 0.063579
vt 0.550897 0.282086
vt 0.583213 0.063579
vt 0.209319 0.591439
vt 0.163364 0.604294
vt 0.379575 0.802674
vt 0.393387 0.889871
vt 0.393387 0.836013
vt 0.296055 0.815542
vt 0.324962 0.849941
vt 0.282243 0.889871
vt 0.324962 0.887463
vt 0.379829 0.816322
vt 0.296309 0.816322
vt 0.325216 0.818610
vt 0.300161 0.797691
vt 0.296319 0.816690
vt 0.282507 0.891019
vt 0.325226 0.888611
vt 0.379839 0.803821
vt 0.393651 0.891019
vt 0.393651 0.837161
vt 0.379671 0.803821
vt 0.393483 0.891019
vt 0.393483 0.837161
vt 0.296150 0.816690
vt 0.325057 0.851089
vt 0.282338 0.891019
vt 0.295645 0.815377
vt 0.281833 0.889706
vt 0.139846 0.743783
vt 0.147088 0.889956
vt 0.759651 0.083729
vt 0.836572 0.083729
vt 0.759651 0.099030
vt 0.836572 0.099030
vt 0.759651 0.114331
vt 0.836572 0.114331
vt 0.759651 0.129633
vt 0.836572 0.129633
vt 0.759651 0.144934
vt 0.836572 0.144934
vt 0.759651 0.160235
vt 0.836572 0.160235
vt 0.759651 0.175536
vt 0.836572 0.175537
vt 0.836572 0.190838
vt 0.759651 0.206139
vt 0.836572 0.206139
vt 0.836572 0.221441
vt 0.836572 0.236742
vt 0.759651 0.068427
vt 0.836573 0.053126
vt 0.904258 0.728522
vt 0.918833 0.703896
vt 0.913384 0.731290
vt 0.674265 0.605589
vt 0.686645 0.579788
vt 0.692694 0.587160
vt 0.894285 0.752601
vt 0.902695 0.757096
vt 0.709869 0.564270
vt 0.714364 0.572680
vt 0.879805 0.774271
vt 0.887177 0.780320
vt 0.735674 0.553581
vt 0.738442 0.562707
vt 0.861377 0.792700
vt 0.867426 0.800071
vt 0.764004 0.557622
vt 0.763069 0.548132
vt 0.714364 0.807179
vt 0.735675 0.826278
vt 0.709869 0.815589
vt 0.839707 0.807179
vt 0.844202 0.815589
vt 0.791001 0.548132
vt 0.790067 0.557622
vt 0.692694 0.792700
vt 0.686645 0.800071
vt 0.815628 0.817153
vt 0.818396 0.826278
vt 0.818396 0.553581
vt 0.815628 0.562706
vt 0.666894 0.780321
vt 0.674265 0.774271
vt 0.790066 0.822237
vt 0.791001 0.831727
vt 0.844202 0.564270
vt 0.839706 0.572680
vt 0.651376 0.757096
vt 0.659786 0.752601
vt 0.764004 0.822237
vt 0.763070 0.831727
vt 0.867426 0.579788
vt 0.861377 0.587160
vt 0.640687 0.731291
vt 0.649812 0.728523
vt 0.738443 0.817153
vt 0.879805 0.605589
vt 0.887177 0.599539
vt 0.635238 0.703896
vt 0.644728 0.702961
vt 0.894285 0.627259
vt 0.902695 0.622764
vt 0.635238 0.675964
vt 0.644728 0.676899
vt 0.904258 0.651337
vt 0.913384 0.648569
vt 0.640687 0.648569
vt 0.649812 0.651337
vt 0.909343 0.676899
vt 0.918833 0.675964
vt 0.651376 0.622764
vt 0.659786 0.627259
vt 0.909343 0.702961
vt 0.666894 0.599539
vt 0.838989 0.809207
vt 0.866361 0.801933
vt 0.843243 0.817380
vt 0.814910 0.819181
vt 0.817556 0.828020
vt 0.790287 0.833444
vt 0.789349 0.824265
vt 0.762483 0.833444
vt 0.763286 0.824265
vt 0.735214 0.828020
vt 0.737725 0.819181
vt 0.709527 0.817380
vt 0.713646 0.809207
vt 0.686409 0.801933
vt 0.691976 0.794728
vt 0.666749 0.782273
vt 0.673547 0.776299
vt 0.651302 0.759155
vt 0.659068 0.754629
vt 0.640662 0.733468
vt 0.649094 0.730550
vt 0.635238 0.706199
vt 0.644010 0.704989
vt 0.635238 0.678395
vt 0.644010 0.678926
vt 0.640662 0.651126
vt 0.649094 0.653365
vt 0.651302 0.625439
vt 0.659068 0.629286
vt 0.666749 0.602321
vt 0.673547 0.607616
vt 0.686409 0.582661
vt 0.691976 0.589188
vt 0.709527 0.567214
vt 0.713646 0.574708
vt 0.735214 0.556574
vt 0.737725 0.564735
vt 0.762483 0.551150
vt 0.763286 0.559650
vt 0.789349 0.559650
vt 0.790287 0.551150
vt 0.814910 0.564735
vt 0.817556 0.556574
vt 0.838989 0.574708
vt 0.843243 0.567214
vt 0.860659 0.589188
vt 0.866361 0.582661
vt 0.879088 0.607616
vt 0.886021 0.602321
vt 0.893567 0.629287
vt 0.901468 0.625439
vt 0.903541 0.653365
vt 0.912108 0.651126
vt 0.908625 0.678927
vt 0.917532 0.678395
vt 0.908625 0.704989
vt 0.917532 0.706199
vt 0.903541 0.730551
vt 0.912108 0.733468
vt 0.893567 0.754629
vt 0.901468 0.759155
vt 0.879087 0.776299
vt 0.886021 0.782273
vt 0.860659 0.794728
vt 0.220160 0.554180
vt 0.099658 0.565221
vt 0.106630 0.529090
vt 0.350668 0.928398
vt 0.385663 0.912082
vt 0.324962 0.928398
vt 0.289967 0.912082
vt 0.195810 0.797276
vt 0.179790 0.888336
vt 0.385917 0.944176
vt 0.290221 0.912862
vt 0.385927 0.913230
vt 0.290231 0.913230
vt 0.385758 0.913230
vt 0.325057 0.929546
vt 0.290063 0.913230
vt 0.324552 0.928233
vt 0.289557 0.911916
vt 0.385253 0.911917
vt 0.077776 0.797520
vt 0.106569 0.717018
vt 0.110477 0.795900
vt 0.419094 0.836013
vt 0.401429 0.734902
vt 0.419347 0.836793
vt 0.401683 0.735682
vt 0.419357 0.891019
vt 0.401693 0.736050
vt 0.419189 0.837161
vt 0.401525 0.798059
vt 0.392977 0.835848
vt 0.418684 0.889706
vt 0.392977 0.889706
vt 0.375313 0.734737
vt 0.401019 0.796746
vt 0.375313 0.796746
vt 0.069997 0.559498
vt 0.076970 0.523366
vt 0.367023 0.626002
vt 0.081512 0.599051
vt 0.082293 0.665881
vt 0.100494 0.693560
vt 0.101305 0.709930
vt 0.122145 0.800926
vt 0.309125 0.731655
vt 0.325226 0.660871
vt 0.050395 0.666254
vt 0.049614 0.599424
vt 0.068604 0.711550
vt 0.379166 0.815377
vt 0.366359 0.730342
vt 0.751085 0.239037
vt 0.018437 0.803502
vt 0.308861 0.625222
vt 0.206923 0.791121
vt 0.207553 0.704666
vt 0.299907 0.734902
vt 0.327029 0.927365
vt 0.309116 0.626002
vt 0.282497 0.836793
vt 0.300171 0.736050
vt 0.308957 0.626370
vt 0.300002 0.736050
vt 0.308451 0.625057
vt 0.299497 0.734737
vt 0.052560 0.952734
vt 0.557964 0.533595
vt 0.021310 0.937407
vt 0.488059 0.063579
vt 0.851024 0.190838
vt 0.036221 0.882920
vt 0.494599 0.276734
vt 0.220160 0.653917
vt 0.350668 0.887463
vt 0.296055 0.802674
vt 0.282243 0.836013
vt 0.296309 0.803453
vt 0.300161 0.735682
vt 0.296319 0.803821
vt 0.282507 0.837160
vt 0.296150 0.803821
vt 0.282338 0.837161
vt 0.295645 0.802508
vt 0.281833 0.835848
vt 0.759651 0.190838
vt 0.759651 0.053126
vt 0.289967 0.943396
vt 0.202446 0.931211
vt 0.290221 0.944176
vt 0.290231 0.944544
vt 0.290063 0.944544
vt 0.289557 0.943231
vt 0.073868 0.718638
vt 0.419094 0.889871
vt 0.401429 0.796911
vt 0.419347 0.890651
vt 0.401683 0.797691
vt 0.419357 0.837161
vt 0.401693 0.798059
vt 0.419189 0.891019
vt 0.401525 0.736050
vt 0.418684 0.835848
vt 0.401019 0.734737
vt 0.309125 0.626370
vt 0.067793 0.695180
vt 0.228492 0.766132
vt 0.243272 0.773513
vt 0.228492 0.773513
vt 0.956618 0.068427
vt 0.956618 0.083729
vt 0.956618 0.099030
vt 0.956618 0.114331
vt 0.956618 0.129633
vt 0.956618 0.144934
vt 0.956618 0.160235
vt 0.956618 0.175537
vt 0.956618 0.190838
vt 0.956618 0.206139
vt 0.956618 0.221440
vt 0.956618 0.236742
vt 0.956618 0.053126
vt 0.256616 0.587695
vt 0.249486 0.570483
vt 0.260306 0.581303
vt 0.262738 0.562833
vt 0.266698 0.577613
vt 0.278039 0.562833
vt 0.274079 0.577613
vt 0.280471 0.581303
vt 0.291290 0.570483
vt 0.298941 0.583735
vt 0.284161 0.587695
vt 0.284161 0.595076
vt 0.298941 0.599036
vt 0.291290 0.612287
vt 0.280471 0.601468
vt 0.274079 0.605158
vt 0.278039 0.619938
vt 0.262738 0.619938
vt 0.266698 0.605158
vt 0.249486 0.612287
vt 0.260306 0.601468
vt 0.241836 0.599036
vt 0.256616 0.595076
vt 0.241836 0.583735
vt 0.150003 0.911632
vt 0.173858 0.918024
vt 0.156395 0.935487
vt 0.228492 0.788274
vt 0.243272 0.795655
vt 0.228492 0.795655
vt 0.228492 0.736609
vt 0.243272 0.743989
vt 0.228492 0.743989
vt 0.228492 0.721847
vt 0.243272 0.729228
vt 0.228492 0.729228
vt 0.228492 0.758751
vt 0.243272 0.766132
vt 0.243272 0.780893
vt 0.243272 0.788274
vt 0.243272 0.736609
vt 0.228492 0.803036
vt 0.243272 0.810416
vt 0.228492 0.810416
vt 0.228492 0.751370
vt 0.243272 0.758751
vt 0.228492 0.780893
vt 0.243272 0.803036
vt 0.243272 0.751370
vt 0.709475 0.020228
vt 0.751086 0.000337
vt 0.751086 0.020228
vt 0.709475 0.239037
vt 0.709475 0.219145
vt 0.751085 0.199254
vt 0.709475 0.199253
vt 0.751085 0.179362
vt 0.709475 0.159470
vt 0.751085 0.159470
vt 0.751085 0.139578
vt 0.709475 0.139578
vt 0.751085 0.119687
vt 0.709475 0.119687
vt 0.751085 0.099795
vt 0.709475 0.099795
vt 0.751085 0.079903
vt 0.709475 0.079903
vt 0.751085 0.060012
vt 0.662410 0.266209
vt 0.645184 0.201918
vt 0.709475 0.060012
vt 0.751085 0.040120
vt 0.709475 0.040120
vt 0.938390 0.053126
vt 0.150003 0.931796
vt 0.146312 0.925404
vt 0.146312 0.918024
vt 0.156395 0.907941
vt 0.163775 0.907941
vt 0.170167 0.911632
vt 0.173858 0.925404
vt 0.170167 0.931796
vt 0.163775 0.935487
vt 0.243272 0.721847
vt 0.709475 0.000336
vt 0.709475 0.179362
vt 0.699529 0.256264
vt 0.682302 0.266209
vt 0.645184 0.256264
vt 0.635238 0.239037
vt 0.635238 0.219145
vt 0.662410 0.191973
vt 0.682302 0.191973
vt 0.699529 0.201918
vt 0.049333 0.393103
vt 0.056719 0.367919
vt 0.057243 0.393467
vt 0.049014 0.367742
vt 0.058216 0.341468
vt 0.050214 0.341489
vt 0.056363 0.315434
vt 0.048549 0.315527
vt 0.056812 0.288256
vt 0.048704 0.288517
vt 0.053956 0.261559
vt 0.046032 0.261886
vt 0.053463 0.233539
vt 0.045241 0.234071
vt 0.049528 0.206077
vt 0.041484 0.206725
vt 0.047846 0.177070
vt 0.039481 0.178037
vt 0.042244 0.148682
vt 0.034042 0.149940
vt 0.038224 0.118329
vt 0.029619 0.120286
vt 0.028899 0.088586
vt 0.020130 0.091446
vt 0.018582 0.057989
vt 0.180339 0.484432
vt 0.200389 0.463003
vt 0.186607 0.488547
vt 0.199605 0.432092
vt 0.192339 0.459952
vt 0.206428 0.405494
vt 0.207244 0.434157
vt 0.209195 0.377809
vt 0.214289 0.406953
vt 0.213208 0.351192
vt 0.216807 0.378743
vt 0.214126 0.323709
vt 0.221057 0.351885
vt 0.216784 0.297118
vt 0.221776 0.324113
vt 0.216582 0.269747
vt 0.224696 0.297386
vt 0.218218 0.243158
vt 0.224315 0.269797
vt 0.216997 0.215890
vt 0.226228 0.243098
vt 0.217544 0.189326
vt 0.224825 0.215629
vt 0.215034 0.162241
vt 0.225652 0.188924
vt 0.213874 0.135800
vt 0.222937 0.161574
vt 0.208829 0.109207
vt 0.222050 0.134794
vt 0.203469 0.083531
vt 0.216702 0.107579
vt 0.191969 0.059762
vt 0.211380 0.080836
vt 0.038478 0.467473
vt 0.033685 0.493445
vt 0.026911 0.489005
vt 0.051199 0.444065
vt 0.046291 0.470494
vt 0.044019 0.442955
vt 0.053886 0.419402
vt 0.046359 0.418638
vt 0.167973 0.137966
vt 0.160215 0.105757
vt 0.169987 0.106548
vt 0.340828 0.188084
vt 0.330506 0.216454
vt 0.331876 0.187947
vt 0.169529 0.167784
vt 0.158204 0.137724
vt 0.339704 0.216743
vt 0.331817 0.245671
vt 0.168727 0.198273
vt 0.160191 0.167626
vt 0.340723 0.245998
vt 0.329767 0.274029
vt 0.170397 0.227292
vt 0.159283 0.198221
vt 0.338930 0.274543
vt 0.330324 0.303213
vt 0.169276 0.256968
vt 0.161321 0.227102
vt 0.339206 0.303762
vt 0.327577 0.331501
vt 0.165183 0.423701
vt 0.158650 0.395956
vt 0.167011 0.396460
vt 0.170358 0.285248
vt 0.160090 0.256773
vt 0.336719 0.332214
vt 0.327561 0.360707
vt 0.167260 0.449749
vt 0.156610 0.423578
vt 0.168619 0.314106
vt 0.161530 0.284878
vt 0.333693 0.389740
vt 0.336426 0.361379
vt 0.172467 0.476584
vt 0.158775 0.450670
vt 0.169061 0.341645
vt 0.159683 0.313716
vt 0.333784 0.418815
vt 0.324539 0.389054
vt 0.179868 0.501131
vt 0.164290 0.478478
vt 0.166835 0.369685
vt 0.160476 0.341108
vt 0.332774 0.447174
vt 0.324877 0.418477
vt 0.345704 0.039273
vt 0.332481 0.068820
vt 0.335382 0.037141
vt 0.158135 0.369184
vt 0.337202 0.475910
vt 0.323464 0.447492
vt 0.342453 0.069975
vt 0.329673 0.099297
vt 0.345704 0.502226
vt 0.328339 0.477886
vt 0.339303 0.099868
vt 0.331184 0.129587
vt 0.171549 0.075379
vt 0.169558 0.040345
vt 0.179868 0.044214
vt 0.340279 0.129776
vt 0.329987 0.158530
vt 0.160811 0.073588
vt 0.339275 0.158705
vt 0.122208 0.205692
vt 0.123136 0.223048
vt 0.124394 0.319278
vt 0.124473 0.335667
vt 0.094039 0.345321
vt 0.091575 0.336125
vt 0.124016 0.263348
vt 0.124518 0.280135
vt 0.090791 0.373249
vt 0.063041 0.365019
vt 0.093187 0.364097
vt 0.063050 0.344329
vt 0.025431 0.058675
vt 0.034882 0.082805
vt 0.124579 0.492912
vt 0.085944 0.477883
vt 0.120880 0.479912
vt 0.153167 0.366055
vt 0.153654 0.344209
vt 0.284971 0.491514
vt 0.338011 0.505703
vt 0.287163 0.521942
vt 0.116481 0.077424
vt 0.117514 0.099246
vt 0.119269 0.145264
vt 0.120497 0.163674
vt 0.093423 0.310040
vt 0.121824 0.309192
vt 0.080586 0.488869
vt 0.051830 0.469042
vt 0.288529 0.380899
vt 0.289873 0.363722
vt 0.284891 0.441480
vt 0.286154 0.422659
vt 0.091310 0.319398
vt 0.062713 0.312212
vt 0.044384 0.120545
vt 0.048767 0.144216
vt 0.293958 0.267009
vt 0.294468 0.250204
vt 0.291912 0.323620
vt 0.292899 0.306779
vt 0.122046 0.446629
vt 0.088026 0.455485
vt 0.086741 0.445265
vt 0.154532 0.310599
vt 0.154589 0.288215
vt 0.091636 0.235013
vt 0.088395 0.225482
vt 0.056788 0.448240
vt 0.127463 0.519765
vt 0.290543 0.092519
vt 0.289969 0.072326
vt 0.293109 0.153048
vt 0.292641 0.135540
vt 0.294368 0.210380
vt 0.294372 0.193449
vt 0.123454 0.374054
vt 0.123234 0.390341
vt 0.058784 0.236201
vt 0.121990 0.429225
vt 0.053480 0.179609
vt 0.056025 0.202191
vt 0.250092 0.064169
vt 0.286956 0.059755
vt 0.154724 0.253691
vt 0.154260 0.230697
vt 0.087978 0.427577
vt 0.088710 0.197639
vt 0.119002 0.195084
vt 0.249599 0.076052
vt 0.215524 0.076103
vt 0.090475 0.389861
vt 0.260283 0.193386
vt 0.260363 0.210602
vt 0.257423 0.136875
vt 0.258379 0.154564
vt 0.252556 0.095964
vt 0.073669 0.514976
vt 0.087042 0.207742
vt 0.060377 0.258030
vt 0.290913 0.015179
vt 0.242449 0.037870
vt 0.233582 0.024876
vt 0.153709 0.195132
vt 0.152942 0.171416
vt 0.151679 0.420572
vt 0.206209 0.055415
vt 0.198494 0.055508
vt 0.151994 0.398978
vt 0.120788 0.400249
vt 0.061882 0.291009
vt 0.259016 0.304525
vt 0.257893 0.321723
vt 0.260625 0.248994
vt 0.260078 0.266126
vt 0.259234 0.126821
vt 0.289845 0.124798
vt 0.152470 0.134410
vt 0.152454 0.109459
vt 0.226673 0.131285
vt 0.249583 0.418440
vt 0.246670 0.437584
vt 0.255515 0.360497
vt 0.253752 0.378056
vt 0.156992 0.476279
vt 0.256458 0.106076
vt 0.154813 0.069077
vt 0.160326 0.042484
vt 0.084004 0.167127
vt 0.081912 0.148324
vt 0.076492 0.104098
vt 0.072573 0.082226
vt 0.228403 0.513091
vt 0.237048 0.485294
vt 0.154006 0.454103
vt 0.119490 0.457566
vt 0.223724 0.109676
vt 0.325461 0.064592
vt 0.262623 0.183804
vt 0.291940 0.183036
vt 0.320481 0.475142
vt 0.318195 0.450976
vt 0.328964 0.039509
vt 0.286007 0.032051
vt 0.230527 0.185808
vt 0.324007 0.126238
vt 0.261221 0.164157
vt 0.319072 0.391933
vt 0.090849 0.281573
vt 0.090055 0.264429
vt 0.324113 0.102592
vt 0.288101 0.104167
vt 0.229639 0.164336
vt 0.122432 0.290433
vt 0.121263 0.233731
vt 0.121125 0.253054
vt 0.118734 0.174918
vt 0.115433 0.111831
vt 0.115812 0.133974
vt 0.114624 0.033729
vt 0.113107 0.063815
vt 0.281567 0.453098
vt 0.281768 0.477292
vt 0.284511 0.411384
vt 0.285166 0.391303
vt 0.322123 0.334359
vt 0.288321 0.353069
vt 0.288744 0.333824
vt 0.324378 0.277004
vt 0.291124 0.296305
vt 0.291055 0.277240
vt 0.325185 0.219577
vt 0.292381 0.239804
vt 0.291744 0.220726
vt 0.324675 0.161791
vt 0.290718 0.163688
vt 0.119608 0.418936
vt 0.122168 0.345666
vt 0.121138 0.364064
vt 0.061812 0.396549
vt 0.090939 0.418227
vt 0.060365 0.416966
vt 0.092547 0.399152
vt 0.262736 0.220137
vt 0.231244 0.240199
vt 0.231384 0.218722
vt 0.263338 0.239578
vt 0.262125 0.275717
vt 0.229832 0.294663
vt 0.230768 0.273137
vt 0.262067 0.295184
vt 0.259650 0.331438
vt 0.226341 0.349346
vt 0.228128 0.327705
vt 0.258942 0.351124
vt 0.255193 0.388103
vt 0.219866 0.404702
vt 0.223033 0.382717
vt 0.253669 0.408668
vt 0.213167 0.439072
vt 0.243700 0.473532
vt 0.206531 0.461756
vt 0.247497 0.448884
vt 0.072950 0.069125
vt 0.066559 0.039417
vt 0.083272 0.137458
vt 0.081278 0.114892
vt 0.087754 0.177017
vt 0.091945 0.254751
vt 0.093689 0.290894
vt 0.056664 0.025195
vt 0.119881 0.015179
vt 0.317968 0.414800
vt 0.320769 0.356954
vt 0.323472 0.299592
vt 0.324868 0.242232
vt 0.324821 0.184658
vt 0.009813 0.061933
vt 0.172648 0.504207
vn -0.0000 -0.0000 1.0000
vn 0.7071 0.7071 -0.0000
vn 0.9659 0.2588 -0.0000
vn -0.2588 0.9659 -0.0000
vn 0.2588 0.9659 -0.0000
vn -0.9659 0.2588 -0.0000
vn -0.7071 0.7071 -0.0000
vn 0.9659 -0.2588 -0.0000
vn 0.7071 -0.7071 -0.0000
vn -0.7071 -0.7071 -0.0000
vn -0.9659 -0.2588 -0.0000
vn 0.2588 -0.9659 -0.0000
vn -0.2588 -0.9659 -0.0000
vn -0.0000 1.0000 -0.0000
vn 1.0000 -0.0000 -0.0000
vn -0.0000 -1.0000 -0.0000
vn -0.0000 -0.0000 -1.0000
vn -1.0000 -0.0000 -0.0000
vn 0.5000 0.8660 -0.0000
vn 0.5000 -0.8660 -0.0000
vn -0.5000 0.8660 -0.0000
vn -0.5000 -0.8660 -0.0000
vn -0.9239 -0.3827 -0.0000
vn -0.9808 -0.1951 -0.0000
vn 0.9239 -0.3827 -0.0000
vn 0.9239 0.3827 -0.0000
vn 0.3827 0.9239 -0.0000
vn -0.3827 0.9239 -0.0000
vn -0.8315 0.5556 -0.0000
vn -0.9239 0.3827 -0.0000
vn 0.3827 -0.9239 -0.0000
vn -0.8315 -0.5556 -0.0000
vn -0.9808 0.1951 -0.0000
vn 0.9808 -0.1951 -0.0000
vn -0.3827 -0.9239 -0.0000
vn 0.8315 -0.5556 -0.0000
vn 0.9808 0.1951 -0.0000
vn -0.1951 -0.9808 -0.0000
vn 0.1951 -0.9808 -0.0000
vn 0.5556 -0.8315 -0.0000
vn -0.5556 -0.8315 -0.0000
vn 0.8315 0.5556 -0.0000
vn 0.5556 0.8315 -0.0000
vn -0.5556 0.8315 -0.0000
vn 0.1951 0.9808 -0.0000
vn -0.1951 0.9808 -0.0000
vn 0.0007 -0.0004 -1.0000
vn 0.0008 -0.0000 -1.0000
vn -0.0007 0.0004 -1.0000
vn -0.0004 0.0007 -1.0000
vn 0.0004 0.0007 -1.0000
vn -0.0000 0.0008 -1.0000
vn -0.0004 -0.0007 -1.0000
vn -0.0007 -0.0004 -1.0000
vn 0.0004 -0.0007 -1.0000
vn 0.0007 0.0004 -1.0000
vn -0.0008 -0.0000 -1.0000
vn -0.0000 -0.0008 -1.0000
vn -0.4210 0.9071 -0.0000
vn -0.0890 0.9960 -0.0000
vn -0.9960 0.0890 -0.0000
vn -0.9071 0.4210 -0.0000
vn -0.5751 -0.8181 -0.0000
vn -0.8181 -0.5751 -0.0000
vn -0.3805 -0.1020 0.9191
vn -0.1219 -0.0327 0.9920
vn 0.4210 -0.9071 -0.0000
vn 0.0890 -0.9960 -0.0000
vn 0.9960 -0.0890 -0.0000
vn 0.9071 -0.4210 -0.0000
vn 0.5751 0.8181 -0.0000
vn 0.8181 0.5751 -0.0000
vn -0.6806 0.6806 -0.2714
vn -0.9297 -0.2491 -0.2714
vn -0.2491 -0.9297 -0.2714
vn 0.6806 -0.6806 -0.2714
vn 0.9297 0.2491 -0.2714
vn 0.2491 0.9297 -0.2714
vn 0.5838 -0.5838 -0.5643
vn -0.7974 -0.2137 -0.5643
vn -0.2785 0.2785 0.9191
vn -0.0892 0.0892 0.9920
vn -0.1020 -0.3805 0.9191
vn -0.0327 -0.1219 0.9920
vn 0.3805 0.1020 0.9191
vn 0.1219 0.0327 0.9920
vn -0.2785 0.2785 -0.9191
vn -0.0892 0.0892 -0.9920
vn 0.3805 0.1020 -0.9191
vn 0.1219 0.0327 -0.9920
vn -0.8270 -0.2216 0.5167
vn -0.8753 -0.2345 0.4229
vn -0.2216 -0.8270 0.5167
vn -0.2345 -0.8753 0.4229
vn -0.1020 -0.3805 -0.9191
vn -0.0327 -0.1219 -0.9920
vn 0.1079 0.4029 -0.9089
vn 0.1883 0.7029 -0.6859
vn 0.1080 0.4029 -0.9089
vn 0.6054 -0.6054 0.5167
vn 0.6408 -0.6408 0.4229
vn -0.4029 -0.1080 0.9089
vn -0.7029 -0.1884 0.6859
vn 0.7974 0.2137 -0.5643
vn -0.3805 -0.1020 -0.9191
vn -0.1219 -0.0327 -0.9920
vn 0.4029 0.1080 -0.9089
vn 0.7029 0.1883 -0.6859
vn 0.2949 -0.2949 0.9089
vn 0.5146 -0.5146 0.6859
vn -0.5838 0.5838 -0.5643
vn 0.2785 -0.2785 -0.9191
vn 0.0892 -0.0892 -0.9920
vn -0.2949 0.2949 -0.9089
vn -0.5146 0.5146 -0.6859
vn 0.4029 0.1080 0.9089
vn 0.7029 0.1883 0.6859
vn -0.4029 -0.1080 -0.9089
vn -0.7029 -0.1883 -0.6859
vn 0.8270 0.2216 0.5167
vn 0.8753 0.2345 0.4229
vn 0.2216 0.8270 0.5167
vn 0.2345 0.8753 0.4229
vn 0.1080 0.4029 0.9089
vn 0.1884 0.7029 0.6859
vn -0.2137 -0.7974 -0.5643
vn 0.1020 0.3805 -0.9191
vn 0.0327 0.1219 -0.9920
vn -0.1080 -0.4029 -0.9089
vn -0.1884 -0.7029 -0.6859
vn 0.2949 -0.2949 -0.9089
vn 0.5146 -0.5146 -0.6859
vn -0.6054 0.6054 0.5167
vn -0.6408 0.6408 0.4229
vn 0.2785 -0.2785 0.9191
vn 0.0892 -0.0892 0.9920
vn -0.2949 0.2949 0.9089
vn -0.5146 0.5146 0.6859
vn -0.8181 0.5751 -0.0000
vn -0.9960 -0.0890 -0.0000
vn -0.8660 -0.5000 -0.0000
vn -0.0890 -0.9960 -0.0000
vn 0.5751 -0.8181 -0.0000
vn 0.8660 -0.5000 -0.0000
vn 0.9071 0.4210 -0.0000
vn 0.4210 0.9071 -0.0000
vn 0.2137 0.7974 -0.5643
vn 0.4029 0.1079 -0.9089
vn -0.8660 0.5000 -0.0000
vn 0.8660 0.5000 -0.0000
vn -0.1884 -0.7029 0.6859
vn 0.1020 0.3805 0.9191
vn 0.0327 0.1219 0.9920
vn -0.1080 -0.4029 0.9089
vn -0.0392 0.0119 0.9992
vn -0.0407 -0.0040 0.9992
vn -0.0391 0.0119 0.9992
vn -0.0317 0.0260 0.9992
vn -0.0316 0.0259 0.9992
vn -0.0193 0.0362 0.9992
vn -0.0193 0.0361 0.9992
vn -0.0040 0.0408 0.9992
vn 0.0119 0.0393 0.9992
vn 0.0261 0.0318 0.9992
vn 0.0260 0.0317 0.9992
vn 0.0362 0.0194 0.9992
vn 0.0409 0.0040 0.9992
vn 0.0393 -0.0119 0.9992
vn 0.0317 -0.0260 0.9992
vn 0.0193 -0.0361 0.9992
vn 0.0193 -0.0362 0.9992
vn 0.0040 -0.0407 0.9992
vn 0.0040 -0.0408 0.9992
vn -0.0119 -0.0391 0.9992
vn -0.0119 -0.0392 0.9992
vn -0.0259 -0.0316 0.9992
vn -0.0360 -0.0193 0.9992
vn 0.0118 0.0388 -0.9992
vn 0.0191 -0.0358 -0.9992
vn 0.0040 -0.0405 -0.9992
vn 0.0192 -0.0359 -0.9992
vn -0.0040 0.0404 -0.9992
vn 0.0313 -0.0257 -0.9992
vn 0.0314 -0.0258 -0.9992
vn -0.0192 0.0359 -0.9992
vn 0.0388 -0.0118 -0.9992
vn -0.0405 -0.0040 -0.9992
vn -0.0191 0.0358 -0.9992
vn -0.0315 0.0258 -0.9992
vn -0.0359 -0.0192 -0.9992
vn -0.0314 0.0258 -0.9992
vn 0.0403 0.0040 -0.9992
vn -0.0390 0.0118 -0.9992
vn 0.0404 0.0040 -0.9992
vn -0.0258 -0.0315 -0.9992
vn -0.0389 0.0118 -0.9992
vn 0.0357 0.0191 -0.9992
vn -0.0118 -0.0389 -0.9992
vn -0.0118 -0.0390 -0.9992
vn 0.0257 0.0313 -0.9992
vn 0.0040 -0.0404 -0.9992
vn -0.2874 0.9476 -0.1397
vn -0.2780 0.9165 -0.2875
vn -0.2875 0.9477 -0.1389
vn -0.8729 0.4666 -0.1429
vn -0.8439 0.4511 -0.2904
vn -0.8730 0.4666 -0.1422
vn 0.3832 0.9236 0.0039
vn 0.3822 0.9241 0.0037
vn 0.3820 0.9241 0.0037
vn -0.6280 0.7652 -0.1414
vn -0.6073 0.7400 -0.2890
vn -0.6281 0.7653 -0.1406
vn -0.1945 -0.9809 -0.0031
vn -0.1935 -0.9811 -0.0034
vn -0.1947 -0.9809 -0.0030
vn 0.3808 0.9246 0.0042
vn 0.3806 0.9247 0.0042
vn 0.0719 0.0876 0.9936
vn 0.5556 -0.8314 0.0005
vn 0.5555 -0.8315 0.0005
vn -0.1075 0.0326 -0.9937
vn 0.7658 0.6285 -0.1360
vn 0.7411 0.6082 -0.2844
vn 0.7658 0.6285 -0.1359
vn 0.4670 0.8736 -0.1368
vn 0.4519 0.8454 -0.2849
vn 0.4670 0.8737 -0.1364
vn 0.0971 0.9856 -0.1381
vn 0.0939 0.9536 -0.2860
vn 0.0971 0.9857 -0.1374
vn -0.5561 -0.8311 -0.0044
vn -0.5551 -0.8318 -0.0042
vn -0.5562 -0.8311 -0.0044
vn 0.5553 -0.8316 0.0005
vn 0.9539 -0.0940 -0.2849
vn 0.9858 -0.0971 -0.1368
vn 0.9859 -0.0971 -0.1364
vn 0.9174 0.2783 -0.2844
vn 0.9480 0.2876 -0.1360
vn 0.9481 0.2876 -0.1359
vn -0.5549 -0.8319 -0.0043
vn -0.5536 -0.8327 -0.0047
vn 0.0329 0.1084 0.9936
vn 0.6076 -0.7404 -0.2875
vn 0.6282 -0.7654 -0.1397
vn 0.6282 -0.7655 -0.1389
vn 0.8451 -0.4517 -0.2860
vn 0.8735 -0.4669 -0.1381
vn 0.8736 -0.4669 -0.1374
vn -0.3826 0.9239 0.0005
vn -0.3827 0.9239 0.0005
vn -0.3828 0.9238 0.0005
vn -0.0868 0.0712 -0.9937
vn 0.9242 0.3820 0.0050
vn 0.9236 0.3833 0.0048
vn 0.9235 0.3835 0.0048
vn -0.3829 0.9238 0.0005
vn -0.7393 -0.6067 -0.2921
vn -0.7649 -0.6277 -0.1444
vn -0.7649 -0.6278 -0.1443
vn -0.4509 -0.8436 -0.2915
vn -0.4665 -0.8727 -0.1439
vn -0.4665 -0.8728 -0.1435
vn -0.0938 -0.9523 -0.2904
vn -0.0970 -0.9850 -0.1429
vn -0.0970 -0.9851 -0.1422
vn 0.2779 -0.9161 -0.2890
vn 0.2874 -0.9473 -0.1414
vn 0.2874 -0.9474 -0.1406
vn -0.9848 0.0970 -0.1439
vn -0.9520 0.0938 -0.2915
vn -0.9849 0.0970 -0.1435
vn 0.9229 0.3851 0.0054
vn 0.9228 0.3854 0.0054
vn -0.9469 -0.2872 -0.1444
vn -0.9152 -0.2776 -0.2921
vn -0.9469 -0.2872 -0.1443
vn -0.0111 0.1127 0.9936
vn 0.8317 -0.5553 0.0024
vn 0.8313 -0.5558 0.0023
vn 0.8317 -0.5552 0.0024
vn -0.0529 0.0989 -0.9937
vn -0.9131 -0.2770 0.2992
vn -0.9458 -0.2869 0.1519
vn -0.9459 -0.2869 0.1518
vn -0.9809 -0.1944 -0.0048
vn -0.9807 -0.1957 -0.0046
vn -0.9809 -0.1943 -0.0048
vn 0.8312 -0.5559 0.0023
vn 0.8308 -0.5566 0.0025
vn -0.9494 0.0935 0.2997
vn -0.9835 0.0969 0.1527
vn -0.9836 0.0969 0.1523
vn 0.2867 -0.9453 0.1556
vn 0.2767 -0.9122 0.3022
vn 0.2868 -0.9454 0.1548
vn -0.0968 -0.9833 0.1540
vn -0.0935 -0.9491 0.3008
vn -0.0969 -0.9834 0.1533
vn -0.4659 -0.8716 0.1527
vn -0.4497 -0.8414 0.2997
vn -0.4659 -0.8716 0.1523
vn -0.7640 -0.6270 0.1519
vn -0.7376 -0.6053 0.2992
vn -0.7641 -0.6270 0.1518
vn -0.9806 -0.1960 -0.0046
vn -0.9803 -0.1975 -0.0052
vn -0.0533 0.0998 0.9936
vn -0.7073 0.7070 -0.0014
vn -0.7070 0.7072 -0.0014
vn -0.7069 0.7073 -0.0014
vn -0.0110 0.1115 -0.9937
vn 0.1949 -0.9808 -0.0014
vn 0.1944 -0.9809 -0.0015
vn 0.1943 -0.9809 -0.0016
vn -0.7066 0.7076 -0.0016
vn -0.7065 0.7077 -0.0016
vn 0.0004 1.0000 0.0024
vn 0.0012 1.0000 0.0025
vn -0.0874 0.0717 0.9936
vn 0.8707 -0.4654 0.1587
vn 0.8399 -0.4489 0.3052
vn 0.8708 -0.4655 0.1580
vn 0.6265 -0.7634 0.1573
vn 0.6044 -0.7365 0.3037
vn 0.6266 -0.7635 0.1564
vn 0.9809 -0.1945 0.0039
vn 0.9807 -0.1956 0.0037
vn 0.0325 0.1072 -0.9937
vn -0.1956 -0.9807 -0.0032
vn -0.1967 -0.9805 -0.0034
vn -0.1969 -0.9804 -0.0034
vn 0.9806 -0.1958 0.0037
vn 0.9804 -0.1971 0.0042
vn 0.9446 0.2865 0.1603
vn 0.9108 0.2763 0.3068
vn 0.9446 0.2865 0.1601
vn 0.9824 -0.0968 0.1598
vn 0.9474 -0.0933 0.3062
vn 0.9825 -0.0968 0.1593
vn 0.5558 -0.8313 0.0005
vn -0.1081 0.0328 0.9936
vn -0.9241 0.3822 -0.0032
vn -0.9237 0.3831 -0.0030
vn -0.9237 0.3832 -0.0031
vn 0.0710 0.0865 -0.9937
vn 0.0933 0.9477 0.3052
vn 0.0968 0.9826 0.1587
vn 0.0968 0.9827 0.1580
vn 0.4488 0.8396 0.3062
vn 0.4653 0.8706 0.1598
vn 0.4488 0.8395 0.3062
vn 0.4654 0.8707 0.1593
vn 0.7357 0.6038 0.3068
vn 0.7630 0.6262 0.1603
vn 0.7630 0.6262 0.1601
vn -0.3825 0.9240 0.0005
vn -0.9232 0.3842 -0.0034
vn -0.9232 0.3844 -0.0034
vn 0.8321 -0.5546 0.0025
vn 0.8322 -0.5544 0.0025
vn 0.9806 0.1958 0.0048
vn 0.9809 0.1945 0.0046
vn 0.9806 0.1959 0.0048
vn 0.0987 0.0528 -0.9937
vn -0.7076 0.7066 -0.0015
vn -0.7073 0.7069 -0.0015
vn 0.9809 0.1942 0.0046
vn 0.9813 0.1926 0.0051
vn 0.9812 -0.1931 0.0041
vn 0.9812 -0.1929 0.0042
vn -1.0000 -0.0007 -0.0044
vn -1.0000 0.0006 -0.0042
vn -1.0000 0.0008 -0.0043
vn 0.1114 0.0110 -0.9937
vn -0.6047 0.7369 0.3022
vn -0.6267 0.7636 0.1556
vn -0.6267 0.7637 0.1548
vn -0.9245 0.3811 -0.0034
vn -1.0000 0.0023 -0.0047
vn -1.0000 0.0026 -0.0048
vn -0.8411 0.4496 0.3008
vn -0.8714 0.4658 0.1540
vn -0.8715 0.4658 0.1533
vn -0.2766 0.9117 0.3037
vn -0.2867 0.9450 0.1573
vn -0.2867 0.9452 0.1564
vn -0.7529 0.6179 -0.2269
vn -0.6889 0.5654 -0.4535
vn -0.7531 0.6180 -0.2256
vn -0.4593 0.8592 -0.2253
vn -0.4204 0.7866 -0.4523
vn -0.4594 0.8595 -0.2239
vn -0.0955 0.9700 -0.2236
vn -0.0875 0.8882 -0.4510
vn -0.0956 0.9703 -0.2223
vn 0.2830 0.9330 -0.2221
vn 0.2592 0.8546 -0.4500
vn 0.2831 0.9333 -0.2211
vn 0.6187 0.7539 -0.2209
vn 0.5668 0.6906 -0.4493
vn 0.6188 0.7540 -0.2204
vn 0.8602 0.4598 -0.2204
vn 0.7880 0.4212 -0.4490
vn 0.8891 0.0876 -0.4493
vn 0.9706 0.0956 -0.2209
vn 0.9707 0.0956 -0.2204
vn 0.8546 -0.2592 -0.4500
vn 0.9330 -0.2830 -0.2221
vn 0.9333 -0.2831 -0.2211
vn 0.6899 -0.5662 -0.4510
vn 0.7534 -0.6183 -0.2236
vn 0.7537 -0.6185 -0.2223
vn 0.4204 -0.7866 -0.4523
vn 0.4593 -0.8592 -0.2253
vn 0.4594 -0.8595 -0.2239
vn 0.0874 -0.8869 -0.4535
vn 0.0955 -0.9692 -0.2269
vn 0.0955 -0.9695 -0.2256
vn -0.2586 -0.8523 -0.4546
vn -0.2826 -0.9317 -0.2281
vn -0.2827 -0.9319 -0.2271
vn -0.5648 -0.6882 -0.4553
vn -0.6176 -0.7525 -0.2288
vn -0.6176 -0.7526 -0.2282
vn -0.7851 -0.4196 -0.4556
vn -0.8585 -0.4589 -0.2288
vn -0.9688 -0.0954 -0.2288
vn -0.8860 -0.0873 -0.4553
vn -0.9689 -0.0954 -0.2282
vn -0.9317 0.2826 -0.2281
vn -0.8523 0.2586 -0.4546
vn -0.9319 0.2827 -0.2271
vn -0.8486 0.2574 0.4622
vn -0.9295 0.2820 0.2377
vn -0.9297 0.2820 0.2367
vn -0.8829 -0.0870 0.4615
vn -0.9669 -0.0952 0.2366
vn -0.9671 -0.0952 0.2361
vn -0.8570 -0.4581 0.2360
vn -0.7825 -0.4183 0.4612
vn -0.6164 -0.7511 0.2366
vn -0.5628 -0.6858 0.4615
vn -0.6165 -0.7512 0.2361
vn -0.2820 -0.9295 0.2377
vn -0.2574 -0.8486 0.4622
vn -0.2820 -0.9297 0.2367
vn 0.0952 -0.9663 0.2392
vn 0.0869 -0.8820 0.4632
vn 0.0952 -0.9666 0.2380
vn 0.4575 -0.8560 0.2409
vn 0.4175 -0.7810 0.4645
vn 0.4577 -0.8562 0.2395
vn 0.7499 -0.6155 0.2424
vn 0.6841 -0.5614 0.4657
vn 0.7502 -0.6157 0.2412
vn 0.9281 -0.2815 0.2436
vn 0.8463 -0.2567 0.4667
vn 0.9283 -0.2816 0.2427
vn 0.9650 0.0950 0.2443
vn 0.8798 0.0867 0.4674
vn 0.9652 0.0951 0.2438
vn 0.7795 0.4167 0.4676
vn 0.8552 0.4571 0.2444
vn 0.5608 0.6834 0.4674
vn 0.6152 0.7496 0.2443
vn 0.6152 0.7497 0.2438
vn 0.2567 0.8463 0.4667
vn 0.2815 0.9281 0.2436
vn 0.2816 0.9283 0.2427
vn -0.0867 0.8807 0.4657
vn -0.0951 0.9655 0.2424
vn -0.0951 0.9658 0.2412
vn -0.4175 0.7810 0.4645
vn -0.4575 0.8560 0.2409
vn -0.4577 0.8563 0.2395
vn -0.6851 0.5622 0.4632
vn -0.7506 0.6160 0.2392
vn -0.7508 0.6162 0.2380
vn 0.1000 0.0535 0.9935
vn 0.7065 0.7077 0.0046
vn 0.7053 0.7089 0.0051
vn 0.7051 0.7091 0.0052
vn -0.0004 1.0000 0.0023
vn -0.0012 1.0000 0.0025
vn -0.0014 1.0000 0.0026
vn 0.7076 0.7066 0.0048
vn 0.7067 0.7075 0.0046
vn -0.0003 1.0000 0.0023
vn 0.1128 0.0111 0.9936
vn -0.8309 -0.5563 -0.0048
vn -0.8300 -0.5577 -0.0053
vn -0.8311 -0.5561 -0.0048
vn 0.1953 -0.9807 -0.0014
vn 0.1958 -0.9806 -0.0016
vn -0.8319 -0.5549 -0.0050
vn 0.1949 -0.9808 -0.0015
vn 0.1084 -0.0329 0.9936
vn 1.0000 0.0008 0.0043
vn 1.0000 0.0023 0.0048
vn 1.0000 0.0026 0.0048
vn 1.0000 -0.0007 0.0044
vn 1.0000 0.0006 0.0042
vn 0.0875 -0.0718 0.9936
vn 0.9241 -0.3822 0.0031
vn 0.9245 -0.3811 0.0034
vn 0.9246 -0.3810 0.0035
vn 0.9237 -0.3831 0.0032
vn 0.9240 -0.3823 0.0030
vn 0.0533 -0.0998 0.9936
vn -0.9809 0.1944 -0.0037
vn -0.9812 0.1931 -0.0042
vn -0.9809 0.1946 -0.0037
vn -0.9807 0.1957 -0.0039
vn -0.9806 0.1957 -0.0039
vn 0.0111 -0.1125 0.9936
vn 0.7073 -0.7069 0.0014
vn 0.7077 -0.7066 0.0016
vn 0.7077 -0.7065 0.0016
vn 0.7069 -0.7073 0.0014
vn 0.7072 -0.7070 0.0014
vn -0.9813 -0.1927 -0.0051
vn -0.9813 -0.1924 -0.0051
vn -0.0328 -0.1081 0.9936
vn -0.8317 0.5552 -0.0023
vn -0.8321 0.5545 -0.0025
vn -0.8316 0.5553 -0.0023
vn 0.9249 0.3803 0.0053
vn 0.9242 0.3819 0.0050
vn -0.8313 0.5559 -0.0024
vn -0.8312 0.5559 -0.0024
vn -0.5575 -0.8302 -0.0047
vn -0.5577 -0.8300 -0.0047
vn -0.0716 -0.0873 0.9936
vn 0.3826 -0.9239 -0.0005
vn 0.3825 -0.9240 -0.0005
vn 0.3824 -0.9240 -0.0005
vn 0.3845 0.9231 0.0041
vn 0.3833 0.9236 0.0039
vn 0.3828 -0.9238 -0.0005
vn 0.7089 0.7053 0.0051
vn 0.7077 0.7065 0.0048
vn -0.0995 -0.0532 0.9936
vn -0.0996 -0.0532 0.9936
vn -0.5556 0.8314 -0.0005
vn -0.5558 0.8313 -0.0005
vn -0.8329 -0.5534 -0.0053
vn -0.8331 -0.5532 -0.0054
vn -0.5555 0.8315 -0.0005
vn 1.0000 -0.0023 0.0047
vn 1.0000 -0.0008 0.0044
vn -0.1124 -0.0111 0.9936
vn -0.0004 -1.0000 -0.0023
vn -0.0012 -1.0000 -0.0025
vn -0.0014 -1.0000 -0.0026
vn 0.9232 -0.3842 0.0034
vn 0.9237 -0.3832 0.0032
vn -0.1119 -0.0110 -0.9937
vn 0.0004 -1.0000 -0.0024
vn -0.0003 -1.0000 -0.0023
vn -0.9804 0.1971 -0.0041
vn -0.9803 0.1973 -0.0041
vn -0.1948 0.9808 0.0014
vn -0.1943 0.9809 0.0016
vn -0.1949 0.9808 0.0014
vn 0.7066 -0.7076 0.0015
vn 0.7069 -0.7073 0.0015
vn -0.0992 -0.0530 -0.9937
vn -0.1953 0.9807 0.0014
vn -0.1953 0.9807 0.0015
vn -0.8308 0.5566 -0.0025
vn -0.8307 0.5567 -0.0025
vn -0.3833 -0.9236 -0.0037
vn -0.3846 -0.9231 -0.0042
vn -0.3848 -0.9230 -0.0042
vn 0.3829 -0.9238 -0.0005
vn -0.0713 -0.0869 -0.9937
vn -0.3821 -0.9241 -0.0039
vn -0.3831 -0.9237 -0.0037
vn -0.5554 0.8316 -0.0005
vn -0.5553 0.8316 -0.0005
vn 0.1957 0.9807 0.0031
vn 0.1967 0.9805 0.0034
vn 0.1955 0.9807 0.0030
vn 0.0012 -1.0000 -0.0025
vn -0.0326 -0.1075 -0.9937
vn 0.1946 0.9809 0.0032
vn -0.1958 0.9806 0.0015
vn -0.1959 0.9806 0.0016
vn -0.7077 -0.7065 -0.0046
vn -0.7089 -0.7053 -0.0052
vn -0.7091 -0.7051 -0.0052
vn -0.3808 -0.9246 -0.0041
vn 0.0110 -0.1117 -0.9937
vn -0.7066 -0.7076 -0.0048
vn -0.7075 -0.7067 -0.0046
vn 0.1935 0.9811 0.0034
vn 0.1933 0.9811 0.0034
vn 0.5562 0.8310 0.0043
vn 0.5575 0.8302 0.0047
vn 0.5560 0.8311 0.0042
vn -0.7053 -0.7089 -0.0051
vn -0.7065 -0.7077 -0.0048
vn 0.0529 -0.0989 -0.9937
vn 0.5550 0.8318 0.0044
vn 0.5549 0.8319 0.0044
vn 0.5537 0.8327 0.0047
vn 0.5534 0.8329 0.0047
vn -0.9242 -0.3818 -0.0048
vn -0.9249 -0.3803 -0.0053
vn -0.9250 -0.3800 -0.0054
vn -0.9236 -0.3834 -0.0050
vn -0.9229 -0.3851 -0.0053
vn 0.0866 -0.0711 -0.9937
vn -0.9241 -0.3821 -0.0048
vn 0.8310 0.5562 0.0050
vn 0.8300 0.5577 0.0053
vn 0.8299 0.5580 0.0053
vn 0.8320 0.5548 0.0048
vn 0.8329 0.5534 0.0054
vn 0.8318 0.5550 0.0048
vn -1.0000 -0.0023 -0.0047
vn -1.0000 -0.0008 -0.0044
vn 0.1072 -0.0325 -0.9937
vn 0.8310 0.5563 0.0050
vn 0.9803 0.1975 0.0051
vn 0.9802 0.1978 0.0051
vn -0.1933 -0.9811 -0.0034
vn 0.9539 -0.0939 -0.2849
vn -0.5534 -0.8329 -0.0048
vn 0.8307 -0.5567 0.0026
vn -0.9802 -0.1978 -0.0052
vn 0.0014 1.0000 0.0025
vn 0.9803 -0.1973 0.0042
vn -0.3824 0.9240 0.0005
vn -0.7077 0.7065 -0.0016
vn 0.9813 0.1924 0.0052
vn -0.9246 0.3810 -0.0034
vn 0.1000 0.0535 0.9936
vn -0.8299 -0.5579 -0.0054
vn 0.1959 -0.9806 -0.0016
vn -0.9812 0.1929 -0.0042
vn -0.8322 0.5544 -0.0026
vn 0.9250 0.3800 0.0054
vn 0.3847 0.9230 0.0042
vn 0.7090 0.7051 0.0052
vn 1.0000 -0.0025 0.0047
vn 0.9232 -0.3844 0.0034
vn -0.1942 0.9810 0.0016
vn 0.7065 -0.7077 0.0016
vn 0.1969 0.9804 0.0035
vn 0.0014 -1.0000 -0.0025
vn -0.3806 -0.9247 -0.0041
vn 0.5577 0.8300 0.0048
vn -0.7051 -0.7091 -0.0052
vn -0.9228 -0.3853 -0.0054
vn 0.8331 0.5531 0.0054
vn -1.0000 -0.0026 -0.0047
usemtl SpacialRoverExploreralumGray
f 57/1/16 25/2/16 56/3/38
f 25/2/16 57/1/16 58/4/39
f 25/2/16 24/5/38 56/3/38
f 58/4/39 26/6/39 25/2/16
f 24/5/38 55/7/35 56/3/38
f 58/4/39 59/8/31 26/6/39
f 24/5/38 23/9/35 55/7/35
f 59/8/31 27/10/31 26/6/39
f 59/8/31 60/11/40 27/10/31
f 60/11/40 28/12/40 27/10/31
f 23/9/35 54/13/41 55/7/35
f 54/13/41 23/9/35 22/14/41
f 60/11/40 61/15/9 28/12/40
f 61/15/9 29/16/9 28/12/40
f 54/13/41 22/14/41 53/17/10
f 22/14/41 21/18/10 53/17/10
f 21/18/10 52/19/32 53/17/10
f 61/15/9 62/20/36 29/16/9
f 21/18/10 20/21/32 52/19/32
f 62/20/36 30/22/36 29/16/9
f 62/20/36 63/23/25 30/22/36
f 52/19/32 20/21/32 51/24/23
f 20/21/32 19/25/23 51/24/23
f 30/22/36 63/23/25 31/26/25
f 19/25/23 50/27/24 51/24/23
f 31/26/25 63/23/25 32/28/34
f 19/25/23 18/29/24 50/27/24
f 32/28/34 63/23/25 64/30/34
f 18/29/24 49/31/18 50/27/24
f 49/31/18 18/29/24 17/32/18
f 32/28/34 64/30/34 33/33/15
f 33/33/15 1/34/15 32/28/34
f 33/33/15 34/35/37 1/34/15
f 49/31/18 17/32/18 48/36/33
f 48/36/33 17/32/18 16/37/33
f 1/34/15 34/35/37 2/38/37
f 2/38/37 34/35/37 35/39/26
f 2/38/37 35/39/26 3/40/26
f 48/36/33 16/37/33 47/41/30
f 16/42/33 15/43/30 47/44/30
f 15/43/30 46/45/29 47/44/30
f 3/40/26 35/39/26 36/46/42
f 15/43/30 14/47/29 46/45/29
f 3/40/26 36/46/42 4/48/42
f 46/45/29 14/47/29 45/49/7
f 4/48/42 36/46/42 37/50/2
f 4/48/42 37/50/2 5/51/2
f 45/49/7 14/47/29 13/52/7
f 5/51/2 37/50/2 38/53/43
f 45/49/7 13/52/7 44/54/44
f 5/51/2 38/53/43 6/55/43
f 44/54/44 13/52/7 12/56/44
f 6/55/43 38/53/43 39/57/27
f 44/54/44 12/56/44 43/58/28
f 6/55/43 39/57/27 7/59/27
f 43/58/28 12/56/44 11/60/28
f 7/59/27 39/57/27 40/61/45
f 43/58/28 11/60/28 42/62/46
f 42/62/46 11/60/28 10/63/46
f 7/59/27 40/61/45 8/64/45
f 42/62/46 10/63/46 41/65/14
f 8/64/45 40/61/45 41/65/14
f 41/65/14 10/63/46 9/66/14
f 8/64/45 41/65/14 9/66/14
f 493/67/47 516/68/48 517/69/47
f 499/70/49 524/71/50 500/72/50
f 490/73/51 503/74/52 514/75/51
f 496/76/53 521/77/54 497/78/54
f 493/67/47 518/79/55 494/80/55
f 489/81/52 524/71/50 503/74/52
f 490/82/51 515/83/56 491/84/56
f 497/78/54 522/85/57 498/86/57
f 495/87/58 518/79/55 519/88/58
f 491/89/56 516/68/48 492/90/48
f 498/86/57 523/91/49 499/70/49
f 495/87/58 520/92/53 496/76/53
f 163/93/59 141/94/60 164/95/59
f 159/96/61 162/97/62 160/98/61
f 155/99/63 158/100/64 156/101/63
f 159/102/65 619/103/66 157/104/65
f 151/105/67 154/106/68 152/107/67
f 147/108/69 150/109/70 148/110/69
f 143/111/71 146/112/72 144/113/71
f 185/114/7 188/115/73 186/116/73
f 181/117/11 184/118/74 182/119/74
f 177/120/13 180/121/75 178/122/75
f 174/123/76 175/124/9 176/125/76
f 169/126/3 172/127/77 170/128/77
f 165/129/78 167/130/5 168/131/78
f 483/132/79 176/133/76 486/134/79
f 467/135/80 184/136/74 470/137/80
f 161/138/81 608/139/82 611/140/82
f 615/141/4 184/136/4 183/142/4
f 155/143/83 627/144/84 153/145/83
f 147/146/85 601/147/86 145/148/85
f 152/149/87 482/150/88 487/151/88
f 158/152/89 471/153/90 160/154/89
f 604/155/4 170/156/4 455/157/4
f 591/158/6 441/159/6 442/160/6
f 590/161/6 442/160/6 443/162/6
f 597/163/91 169/126/92 604/164/91
f 592/165/93 167/130/94 166/166/94
f 141/167/95 447/168/96 144/169/95
f 443/162/97 445/170/98 448/171/99
f 597/163/12 172/172/12 171/173/12
f 598/174/12 452/175/12 597/176/12
f 603/177/4 455/157/4 456/178/4
f 605/179/100 185/114/101 610/180/100
f 599/181/102 603/182/103 602/183/102
f 455/157/104 172/172/77 452/175/104
f 148/184/105 454/185/106 449/186/106
f 450/187/107 456/178/108 451/188/108
f 610/189/10 186/190/10 463/191/10
f 611/192/10 461/193/10 462/194/10
f 608/195/2 458/196/2 607/197/2
f 606/198/2 460/199/2 605/200/2
f 612/201/109 606/202/110 609/203/110
f 463/191/111 188/204/73 460/199/111
f 162/205/112 457/206/113 164/207/112
f 461/193/114 459/208/115 458/196/114
f 613/209/116 617/210/117 620/211/116
f 465/212/118 469/213/119 472/214/118
f 616/215/4 470/137/4 615/216/4
f 615/141/120 181/117/121 618/217/120
f 621/218/122 177/120/123 626/219/122
f 617/220/12 467/135/12 468/221/12
f 626/222/8 178/223/8 479/224/8
f 625/225/8 479/224/8 480/226/8
f 621/218/6 180/227/6 179/228/6
f 622/229/6 476/230/6 621/231/6
f 623/232/124 625/233/125 628/234/124
f 479/224/126 180/227/75 476/230/126
f 156/235/127 478/236/128 473/237/128
f 474/238/129 480/226/130 475/239/130
f 632/240/2 174/241/2 483/132/2
f 631/242/2 483/132/2 484/243/2
f 481/244/131 485/245/132 488/246/131
f 632/247/133 175/124/134 173/248/134
f 151/249/135 629/250/136 149/251/135
f 630/252/137 636/253/138 631/254/138
f 300/255/21 142/256/60 163/93/59
f 299/257/21 277/258/14 300/259/21
f 298/260/139 163/93/59 161/261/62
f 297/262/139 300/259/21 298/263/139
f 296/264/140 161/261/62 159/96/61
f 287/265/3 306/266/3 288/267/3
f 294/268/141 159/96/61 157/269/64
f 293/270/141 296/271/140 294/272/141
f 292/273/22 157/269/64 155/99/63
f 291/274/22 294/272/141 292/275/22
f 290/276/142 155/99/63 153/277/68
f 289/278/142 292/275/22 290/279/142
f 288/280/143 153/277/68 151/105/67
f 281/281/1 301/282/1 279/283/1
f 149/284/70 288/280/143 151/105/67
f 286/285/144 287/286/143 288/287/143
f 284/288/15 149/284/70 147/108/69
f 284/289/15 285/290/144 286/285/144
f 282/291/145 147/108/69 145/292/72
f 281/293/145 284/289/15 282/294/145
f 280/295/146 145/292/72 143/111/71
f 298/296/5 311/297/5 297/298/5
f 277/299/14 143/300/71 142/256/60
f 278/301/14 280/302/146 277/299/14
f 309/303/6 312/304/6 310/305/6
f 305/306/12 308/307/12 306/308/12
f 301/282/2 304/309/2 302/310/2
f 298/296/17 310/311/17 312/312/17
f 282/313/9 303/314/9 281/315/9
f 295/316/1 311/317/1 309/303/1
f 290/318/17 306/266/17 308/319/17
f 295/316/13 310/311/13 296/320/13
f 290/318/11 307/321/11 289/322/11
f 289/322/1 305/306/1 287/323/1
f 279/283/7 302/324/7 280/325/7
f 280/325/17 304/326/17 282/313/17
f 589/327/6 443/162/6 444/328/6
f 599/181/12 451/188/12 598/329/12
f 600/330/12 450/187/12 599/331/12
f 602/332/4 456/178/4 453/333/4
f 601/334/4 453/333/4 454/335/4
f 607/336/2 459/208/2 606/202/2
f 612/337/10 464/338/10 461/193/10
f 609/339/10 463/191/10 464/338/10
f 620/340/12 468/221/12 465/212/12
f 619/341/12 465/212/12 466/342/12
f 613/209/4 469/213/4 616/343/4
f 614/344/4 472/214/4 613/345/4
f 623/232/6 475/239/6 622/346/6
f 624/347/6 474/238/6 623/348/6
f 628/349/8 480/226/8 477/350/8
f 627/351/8 477/350/8 478/236/8
f 630/352/2 484/243/2 481/244/2
f 629/353/2 481/244/2 482/150/2
f 443/162/97 447/168/96 444/328/96
f 446/354/147 442/160/98 441/159/147
f 450/187/107 454/335/106 453/333/148
f 452/175/104 456/178/108 455/157/104
f 458/196/114 462/194/113 461/193/114
f 460/199/111 464/338/115 463/191/111
f 472/214/118 466/342/90 465/212/118
f 470/137/80 468/221/119 467/135/80
f 474/238/129 478/236/128 477/350/129
f 479/224/126 475/239/130 480/226/130
f 488/246/131 482/150/88 481/244/131
f 486/134/79 484/243/132 483/132/79
f 441/159/147 168/355/78 446/354/147
f 500/356/21 278/301/14 299/357/21
f 499/358/149 299/357/21 297/359/139
f 498/360/18 297/359/139 295/361/140
f 497/362/141 295/361/140 293/363/141
f 496/364/22 293/363/141 291/365/22
f 495/366/16 291/365/22 289/367/142
f 494/368/20 289/367/142 287/369/143
f 285/370/144 494/368/20 287/369/143
f 492/371/15 285/370/144 283/372/15
f 491/84/150 283/372/15 281/373/145
f 490/82/19 281/373/145 279/374/146
f 489/375/14 279/376/146 278/301/14
f 9/377/17 527/378/17 556/379/17
f 23/380/17 555/381/17 22/382/17
f 8/383/17 556/379/17 554/384/17
f 22/382/17 553/385/17 21/386/17
f 7/387/17 554/384/17 552/388/17
f 21/386/17 551/389/17 20/390/17
f 6/391/17 552/388/17 550/392/17
f 19/393/17 551/389/17 549/394/17
f 32/395/17 537/396/17 548/397/17
f 5/398/17 550/392/17 547/399/17
f 19/393/17 546/400/17 18/401/17
f 31/402/17 548/397/17 545/403/17
f 4/404/17 547/399/17 544/405/17
f 18/401/17 543/406/17 17/407/17
f 31/402/17 542/408/17 30/409/17
f 3/410/17 544/405/17 541/411/17
f 17/407/17 540/412/17 16/413/17
f 30/409/17 539/414/17 29/415/17
f 2/416/17 541/411/17 538/417/17
f 16/413/17 536/418/17 15/419/17
f 29/415/17 535/420/17 28/421/17
f 2/416/17 537/396/17 1/422/17
f 14/423/17 536/418/17 534/424/17
f 28/421/17 533/425/17 27/426/17
f 13/427/17 534/424/17 532/428/17
f 27/426/17 531/429/17 26/430/17
f 12/431/17 532/428/17 530/432/17
f 26/430/17 529/433/17 25/434/17
f 11/435/17 530/432/17 528/436/17
f 25/434/17 526/437/17 24/438/17
f 10/439/17 528/436/17 527/378/17
f 24/438/17 525/440/17 23/380/17
f 34/441/1 588/442/1 557/443/1
f 35/444/1 557/443/1 558/445/1
f 35/444/1 559/446/1 36/447/1
f 36/447/1 560/448/1 37/449/1
f 37/449/1 561/450/1 38/451/1
f 38/451/1 562/452/1 39/453/1
f 39/453/1 563/454/1 40/455/1
f 40/455/1 564/456/1 41/457/1
f 41/457/1 565/458/1 42/459/1
f 42/459/1 566/460/1 43/461/1
f 43/461/1 567/462/1 44/463/1
f 44/463/1 568/464/1 45/465/1
f 45/465/1 569/466/1 46/467/1
f 46/467/1 570/468/1 47/469/1
f 47/469/1 571/470/1 48/471/1
f 48/471/1 572/472/1 49/473/1
f 49/473/1 573/474/1 50/475/1
f 50/475/1 574/476/1 51/477/1
f 51/477/1 575/478/1 52/479/1
f 53/480/1 575/478/1 576/481/1
f 54/482/1 576/481/1 577/483/1
f 55/484/1 577/483/1 578/485/1
f 56/486/1 578/485/1 579/487/1
f 57/488/1 579/487/1 580/489/1
f 58/490/1 580/489/1 581/491/1
f 59/492/1 581/491/1 582/493/1
f 60/494/1 582/493/1 583/495/1
f 61/496/1 583/495/1 584/497/1
f 62/498/1 584/497/1 585/499/1
f 63/500/1 585/499/1 586/501/1
f 64/502/1 586/501/1 587/503/1
f 33/504/1 587/503/1 588/442/1
f 589/327/6 141/167/6 142/505/6
f 144/169/8 594/506/8 143/507/8
f 148/508/12 600/509/12 147/146/12
f 146/510/4 601/511/4 454/335/4
f 592/512/6 165/513/6 441/159/6
f 164/207/2 608/139/2 163/514/2
f 162/205/10 611/515/10 462/194/10
f 160/154/4 614/516/4 159/102/4
f 158/152/12 619/517/12 466/342/12
f 156/235/6 624/518/6 155/143/6
f 154/519/8 627/520/8 478/236/8
f 150/521/2 629/522/2 482/150/2
f 152/149/10 634/523/10 151/249/10
f 592/524/93 596/525/151 595/526/93
f 602/527/102 600/330/86 599/331/102
f 604/528/91 598/174/103 597/176/91
f 612/529/109 608/195/82 607/197/109
f 610/530/100 606/198/110 605/200/100
f 613/345/116 619/531/66 614/344/66
f 618/532/120 616/215/117 615/216/120
f 628/533/124 624/347/84 623/348/124
f 621/231/122 625/534/125 622/229/125
f 633/535/137 629/536/136 634/537/136
f 635/538/133 631/539/138 636/540/138
f 143/507/152 589/541/153 142/542/152
f 605/179/2 188/204/2 187/543/2
f 594/544/8 448/171/8 593/545/8
f 593/546/8 445/170/8 596/547/8
f 596/525/8 446/354/8 595/526/8
f 595/548/8 168/355/8 167/130/8
f 618/549/12 182/550/12 467/135/12
f 594/544/153 590/551/154 589/552/153
f 591/553/151 593/546/154 596/547/151
f 634/537/10 488/246/10 633/535/10
f 633/554/10 485/245/10 636/253/10
f 636/540/10 486/134/10 635/538/10
f 635/555/10 176/133/10 175/124/10
f 493/67/47 492/90/48 516/68/48
f 499/70/49 523/91/49 524/71/50
f 490/73/51 489/81/52 503/74/52
f 496/76/53 520/92/53 521/77/54
f 493/67/47 517/69/47 518/79/55
f 489/81/52 500/72/50 524/71/50
f 490/82/51 514/556/51 515/83/56
f 497/78/54 521/77/54 522/85/57
f 495/87/58 494/80/55 518/79/55
f 491/89/56 515/557/56 516/68/48
f 498/86/57 522/85/57 523/91/49
f 495/87/58 519/88/58 520/92/53
f 163/93/59 142/256/60 141/94/60
f 159/96/61 161/261/62 162/97/62
f 155/99/63 157/269/64 158/100/64
f 159/102/65 614/516/66 619/103/66
f 151/105/67 153/277/68 154/106/68
f 147/108/69 149/284/70 150/109/70
f 143/111/71 145/292/72 146/112/72
f 185/114/7 187/543/7 188/115/73
f 181/117/11 183/142/11 184/118/74
f 177/120/13 179/228/13 180/121/75
f 174/123/76 173/248/9 175/124/9
f 169/126/3 171/173/3 172/127/77
f 165/129/78 166/166/5 167/130/5
f 483/132/79 174/241/76 176/133/76
f 467/135/80 182/550/74 184/136/74
f 161/138/81 163/514/81 608/139/82
f 615/141/4 470/137/4 184/136/4
f 155/143/83 624/518/84 627/144/84
f 147/146/85 600/509/86 601/147/86
f 152/149/87 150/521/87 482/150/88
f 158/152/89 466/342/90 471/153/90
f 604/155/4 169/558/4 170/156/4
f 591/158/6 592/559/6 441/159/6
f 590/161/6 591/560/6 442/160/6
f 597/163/91 171/173/92 169/126/92
f 592/165/93 595/548/93 167/130/94
f 141/167/95 444/328/96 447/168/96
f 443/162/97 442/160/98 445/170/98
f 597/163/12 452/175/12 172/172/12
f 598/174/12 451/188/12 452/175/12
f 603/177/4 604/561/4 455/157/4
f 605/179/100 187/543/101 185/114/101
f 599/181/102 598/329/103 603/182/103
f 455/157/104 170/156/77 172/172/77
f 148/184/105 146/562/105 454/185/106
f 450/187/107 453/333/148 456/178/108
f 610/189/10 185/563/10 186/190/10
f 611/192/10 612/564/10 461/193/10
f 608/195/2 457/206/2 458/196/2
f 606/198/2 459/208/2 460/199/2
f 612/201/109 607/336/109 606/202/110
f 463/191/111 186/190/73 188/204/73
f 162/205/112 462/194/113 457/206/113
f 461/193/114 464/338/115 459/208/115
f 613/209/116 616/343/117 617/210/117
f 465/212/118 468/221/119 469/213/119
f 616/215/4 469/213/4 470/137/4
f 615/141/120 183/142/121 181/117/121
f 621/218/122 179/228/123 177/120/123
f 617/220/12 618/565/12 467/135/12
f 626/222/8 177/566/8 178/223/8
f 625/225/8 626/567/8 479/224/8
f 621/218/6 476/230/6 180/227/6
f 622/229/6 475/239/6 476/230/6
f 623/232/124 622/346/125 625/233/125
f 479/224/126 178/223/75 180/227/75
f 156/235/127 154/519/127 478/236/128
f 474/238/129 477/350/129 480/226/130
f 632/240/2 173/568/2 174/241/2
f 631/242/2 632/569/2 483/132/2
f 481/244/131 484/243/132 485/245/132
f 632/247/133 635/555/133 175/124/134
f 151/249/135 634/523/136 629/250/136
f 630/252/137 633/554/137 636/253/138
f 300/255/21 277/299/14 142/256/60
f 299/257/21 278/570/14 277/258/14
f 298/260/139 300/255/21 163/93/59
f 297/262/139 299/257/21 300/259/21
f 296/264/140 298/260/139 161/261/62
f 287/265/3 305/571/3 306/266/3
f 294/268/141 296/264/140 159/96/61
f 293/270/141 295/572/140 296/271/140
f 292/273/22 294/268/141 157/269/64
f 291/274/22 293/270/141 294/272/141
f 290/276/142 292/273/22 155/99/63
f 289/278/142 291/274/22 292/275/22
f 288/280/143 290/276/142 153/277/68
f 281/281/1 303/573/1 301/282/1
f 149/284/70 286/574/144 288/280/143
f 286/285/144 285/290/144 287/286/143
f 284/288/15 286/574/144 149/284/70
f 284/289/15 283/575/15 285/290/144
f 282/291/145 284/288/15 147/108/69
f 281/293/145 283/575/15 284/289/15
f 280/295/146 282/291/145 145/292/72
f 298/296/5 312/312/5 311/297/5
f 277/299/14 280/302/146 143/300/71
f 278/301/14 279/376/146 280/302/146
f 309/303/6 311/317/6 312/304/6
f 305/306/12 307/321/12 308/307/12
f 301/282/2 303/573/2 304/309/2
f 298/296/17 296/320/17 310/311/17
f 282/313/9 304/326/9 303/314/9
f 295/316/1 297/576/1 311/317/1
f 290/318/17 288/267/17 306/266/17
f 295/316/13 309/303/13 310/311/13
f 290/318/11 308/319/11 307/321/11
f 289/322/1 307/321/1 305/306/1
f 279/283/7 301/282/7 302/324/7
f 280/325/17 302/324/17 304/326/17
f 589/327/6 590/577/6 443/162/6
f 599/181/12 450/187/12 451/188/12
f 600/330/12 449/578/12 450/187/12
f 602/332/4 603/579/4 456/178/4
f 601/334/4 602/580/4 453/333/4
f 607/336/2 458/196/2 459/208/2
f 612/337/10 609/581/10 464/338/10
f 609/339/10 610/582/10 463/191/10
f 620/340/12 617/583/12 468/221/12
f 619/341/12 620/584/12 465/212/12
f 613/209/4 472/214/4 469/213/4
f 614/344/4 471/153/4 472/214/4
f 623/232/6 474/238/6 475/239/6
f 624/347/6 473/237/6 474/238/6
f 628/349/8 625/585/8 480/226/8
f 627/351/8 628/586/8 477/350/8
f 630/352/2 631/587/2 484/243/2
f 629/353/2 630/588/2 481/244/2
f 443/162/97 448/171/99 447/168/96
f 446/354/147 445/170/98 442/160/98
f 450/187/107 449/578/106 454/335/106
f 452/175/104 451/188/108 456/178/108
f 458/196/114 457/206/113 462/194/113
f 460/199/111 459/208/115 464/338/115
f 472/214/118 471/153/90 466/342/90
f 470/137/80 469/213/119 468/221/119
f 474/238/129 473/237/128 478/236/128
f 479/224/126 476/230/126 475/239/130
f 488/246/131 487/151/88 482/150/88
f 486/134/79 485/245/132 484/243/132
f 441/159/147 165/513/78 168/355/78
f 500/356/21 489/375/14 278/301/14
f 499/358/149 500/356/21 299/357/21
f 498/360/18 499/358/149 297/359/139
f 497/362/141 498/360/18 295/361/140
f 496/364/22 497/362/141 293/363/141
f 495/366/16 496/364/22 291/365/22
f 494/368/20 495/366/16 289/367/142
f 285/370/144 493/589/144 494/368/20
f 492/371/15 493/589/144 285/370/144
f 491/84/150 492/371/15 283/372/15
f 490/82/19 491/84/150 281/373/145
f 489/375/14 490/590/19 279/376/146
f 9/377/17 10/439/17 527/378/17
f 23/380/17 525/440/17 555/381/17
f 8/383/17 9/377/17 556/379/17
f 22/382/17 555/381/17 553/385/17
f 7/387/17 8/383/17 554/384/17
f 21/386/17 553/385/17 551/389/17
f 6/391/17 7/387/17 552/388/17
f 19/393/17 20/390/17 551/389/17
f 32/395/17 1/422/17 537/396/17
f 5/398/17 6/391/17 550/392/17
f 19/393/17 549/394/17 546/400/17
f 31/402/17 32/395/17 548/397/17
f 4/404/17 5/398/17 547/399/17
f 18/401/17 546/400/17 543/406/17
f 31/402/17 545/403/17 542/408/17
f 3/410/17 4/404/17 544/405/17
f 17/407/17 543/406/17 540/412/17
f 30/409/17 542/408/17 539/414/17
f 2/416/17 3/410/17 541/411/17
f 16/413/17 540/412/17 536/418/17
f 29/415/17 539/414/17 535/420/17
f 2/416/17 538/417/17 537/396/17
f 14/423/17 15/419/17 536/418/17
f 28/421/17 535/420/17 533/425/17
f 13/427/17 14/423/17 534/424/17
f 27/426/17 533/425/17 531/429/17
f 12/431/17 13/427/17 532/428/17
f 26/430/17 531/429/17 529/433/17
f 11/435/17 12/431/17 530/432/17
f 25/434/17 529/433/17 526/437/17
f 10/439/17 11/435/17 528/436/17
f 24/438/17 526/437/17 525/440/17
f 34/441/1 33/504/1 588/442/1
f 35/444/1 34/441/1 557/443/1
f 35/444/1 558/445/1 559/446/1
f 36/447/1 559/446/1 560/448/1
f 37/449/1 560/448/1 561/450/1
f 38/451/1 561/450/1 562/452/1
f 39/453/1 562/452/1 563/454/1
f 40/455/1 563/454/1 564/456/1
f 41/457/1 564/456/1 565/458/1
f 42/459/1 565/458/1 566/460/1
f 43/461/1 566/460/1 567/462/1
f 44/463/1 567/462/1 568/464/1
f 45/465/1 568/464/1 569/466/1
f 46/467/1 569/466/1 570/468/1
f 47/469/1 570/468/1 571/470/1
f 48/471/1 571/470/1 572/472/1
f 49/473/1 572/472/1 573/474/1
f 50/475/1 573/474/1 574/476/1
f 51/477/1 574/476/1 575/478/1
f 53/480/1 52/479/1 575/478/1
f 54/482/1 53/480/1 576/481/1
f 55/484/1 54/482/1 577/483/1
f 56/486/1 55/484/1 578/485/1
f 57/488/1 56/486/1 579/487/1
f 58/490/1 57/488/1 580/489/1
f 59/492/1 58/490/1 581/491/1
f 60/494/1 59/492/1 582/493/1
f 61/496/1 60/494/1 583/495/1
f 62/498/1 61/496/1 584/497/1
f 63/500/1 62/498/1 585/499/1
f 64/502/1 63/500/1 586/501/1
f 33/504/1 64/502/1 587/503/1
f 589/327/6 444/328/6 141/167/6
f 144/169/8 447/168/8 594/506/8
f 148/508/12 449/578/12 600/509/12
f 146/510/4 145/591/4 601/511/4
f 592/512/6 166/592/6 165/513/6
f 164/207/2 457/206/2 608/139/2
f 162/205/10 161/593/10 611/515/10
f 160/154/4 471/153/4 614/516/4
f 158/152/12 157/594/12 619/517/12
f 156/235/6 473/237/6 624/518/6
f 154/519/8 153/595/8 627/520/8
f 150/521/2 149/596/2 629/522/2
f 152/149/10 487/151/10 634/523/10
f 592/524/93 591/597/151 596/525/151
f 602/527/102 601/598/86 600/330/86
f 604/528/91 603/599/103 598/174/103
f 612/529/109 611/600/82 608/195/82
f 610/530/100 609/601/110 606/198/110
f 613/345/116 620/602/116 619/531/66
f 618/532/120 617/603/117 616/215/117
f 628/533/124 627/604/84 624/347/84
f 621/231/122 626/605/122 625/534/125
f 633/535/137 630/606/137 629/536/136
f 635/538/133 632/607/133 631/539/138
f 143/507/152 594/506/153 589/541/153
f 605/179/2 460/199/2 188/204/2
f 594/544/8 447/168/8 448/171/8
f 593/546/8 448/171/8 445/170/8
f 596/525/8 445/170/8 446/354/8
f 595/548/8 446/354/8 168/355/8
f 618/549/12 181/608/12 182/550/12
f 594/544/153 593/545/154 590/551/154
f 591/553/151 590/609/154 593/546/154
f 634/537/10 487/151/10 488/246/10
f 633/554/10 488/246/10 485/245/10
f 636/540/10 485/245/10 486/134/10
f 635/555/10 486/134/10 176/133/10
usemtl SpacialRoverExploreralumGrayDeep
f 136/610/19 207/611/14 135/612/14
f 164/95/59 189/613/14 200/614/21
f 199/615/149 164/95/59 200/614/21
f 160/98/61 199/615/149 198/616/18
f 158/100/64 198/616/18 197/617/141
f 156/101/63 197/617/141 196/618/22
f 154/106/68 196/618/22 195/619/16
f 152/107/67 195/619/16 194/620/20
f 193/621/144 152/107/67 194/620/20
f 192/622/15 150/109/70 193/621/144
f 146/112/72 192/622/15 191/623/150
f 144/113/71 191/623/150 190/624/19
f 141/94/60 190/625/19 189/613/14
f 129/626/17 190/627/17 130/628/17
f 130/628/17 191/629/17 131/630/17
f 131/630/17 192/631/17 132/632/17
f 133/633/17 192/631/17 193/634/17
f 133/633/17 194/635/17 134/636/17
f 135/637/17 194/635/17 195/638/17
f 135/637/17 196/639/17 136/640/17
f 137/641/17 196/639/17 197/642/17
f 137/641/17 198/643/17 138/644/17
f 138/644/17 199/645/17 139/646/17
f 139/646/17 200/647/17 140/648/17
f 129/626/17 200/647/17 189/649/17
f 204/650/17 208/651/17 212/652/17
f 133/653/149 204/654/18 132/655/18
f 140/656/20 211/657/144 139/658/144
f 130/659/22 201/660/16 129/661/16
f 137/662/150 208/663/19 136/610/19
f 133/653/149 206/664/21 205/665/149
f 129/661/16 212/666/20 140/656/20
f 131/667/141 202/668/22 130/669/22
f 138/670/15 209/671/150 137/662/150
f 135/612/14 206/664/21 134/672/21
f 132/655/18 203/673/141 131/667/141
f 139/658/144 210/674/15 138/670/15
f 502/675/14 514/676/19 503/677/14
f 501/678/19 515/83/150 514/556/19
f 504/679/150 516/680/15 515/83/150
f 505/681/15 517/682/144 516/680/15
f 517/682/144 507/683/20 518/684/20
f 507/683/20 519/685/16 518/684/20
f 508/686/16 520/687/22 519/685/16
f 509/688/22 521/689/141 520/687/22
f 510/690/141 522/691/18 521/689/141
f 511/692/18 523/693/149 522/691/18
f 512/694/1 508/695/1 504/679/1
f 512/696/149 524/697/21 523/693/149
f 513/698/21 503/677/14 524/697/21
f 136/610/19 208/663/19 207/611/14
f 164/95/59 141/94/60 189/613/14
f 199/615/149 162/97/62 164/95/59
f 160/98/61 162/97/62 199/615/149
f 158/100/64 160/98/61 198/616/18
f 156/101/63 158/100/64 197/617/141
f 154/106/68 156/101/63 196/618/22
f 152/107/67 154/106/68 195/619/16
f 193/621/144 150/109/70 152/107/67
f 192/622/15 148/110/69 150/109/70
f 146/112/72 148/110/69 192/622/15
f 144/113/71 146/112/72 191/623/150
f 141/94/60 144/699/71 190/625/19
f 129/626/17 189/649/17 190/627/17
f 130/628/17 190/627/17 191/629/17
f 131/630/17 191/629/17 192/631/17
f 133/633/17 132/632/17 192/631/17
f 133/633/17 193/634/17 194/635/17
f 135/637/17 134/636/17 194/635/17
f 135/637/17 195/638/17 196/639/17
f 137/641/17 136/640/17 196/639/17
f 137/641/17 197/642/17 198/643/17
f 138/644/17 198/643/17 199/645/17
f 139/646/17 199/645/17 200/647/17
f 129/626/17 140/648/17 200/647/17
f 212/652/17 201/700/17 202/701/17
f 202/701/17 203/702/17 204/650/17
f 204/650/17 205/703/17 206/704/17
f 206/704/17 207/705/17 208/651/17
f 208/651/17 209/706/17 210/707/17
f 210/707/17 211/708/17 212/652/17
f 212/652/17 202/701/17 204/650/17
f 204/650/17 206/704/17 208/651/17
f 208/651/17 210/707/17 212/652/17
f 133/653/149 205/665/149 204/654/18
f 140/656/20 212/666/20 211/657/144
f 130/659/22 202/709/22 201/660/16
f 137/662/150 209/671/150 208/663/19
f 133/653/149 134/672/21 206/664/21
f 129/661/16 201/660/16 212/666/20
f 131/667/141 203/673/141 202/668/22
f 138/670/15 210/674/15 209/671/150
f 135/612/14 207/611/14 206/664/21
f 132/655/18 204/654/18 203/673/141
f 139/658/144 211/657/144 210/674/15
f 502/675/14 501/710/19 514/676/19
f 501/678/19 504/679/150 515/83/150
f 504/679/150 505/681/15 516/680/15
f 505/681/15 506/711/144 517/682/144
f 517/682/144 506/711/144 507/683/20
f 507/683/20 508/686/16 519/685/16
f 508/686/16 509/688/22 520/687/22
f 509/688/22 510/690/141 521/689/141
f 510/690/141 511/692/18 522/691/18
f 511/692/18 512/696/149 523/693/149
f 504/679/1 501/678/1 502/712/1
f 502/712/1 513/713/1 512/694/1
f 512/694/1 511/714/1 510/715/1
f 510/715/1 509/716/1 508/695/1
f 508/695/1 507/717/1 506/718/1
f 506/718/1 505/719/1 504/679/1
f 504/679/1 502/712/1 512/694/1
f 512/694/1 510/715/1 508/695/1
f 508/695/1 506/718/1 504/679/1
f 512/696/149 513/698/21 524/697/21
f 513/698/21 502/675/14 503/677/14
usemtl SpacialRoverExplorerwheels
f 588/720/1 96/721/155 66/722/156
f 587/723/1 95/724/157 96/721/155
f 586/725/1 94/726/158 95/724/157
f 585/727/1 93/728/159 94/726/158
f 584/729/1 92/730/160 93/728/159
f 583/731/1 91/732/161 92/730/160
f 582/733/1 90/734/162 91/732/161
f 581/735/1 89/736/162 90/734/162
f 580/737/1 88/738/163 89/736/162
f 579/739/1 87/740/163 88/738/163
f 578/741/1 86/742/164 87/740/163
f 577/743/1 85/744/165 86/742/164
f 576/745/1 84/746/166 85/747/165
f 574/748/1 84/746/166 575/749/1
f 573/750/1 83/751/166 574/748/1
f 572/752/1 82/753/167 573/750/1
f 571/754/1 81/755/167 572/752/1
f 570/756/1 80/757/168 571/754/1
f 569/758/1 79/759/168 570/756/1
f 568/760/1 78/761/169 569/758/1
f 567/762/1 77/763/169 568/760/1
f 566/764/1 76/765/170 567/762/1
f 565/766/1 75/767/171 566/764/1
f 564/768/1 74/769/172 565/766/1
f 563/770/1 73/771/173 564/768/1
f 562/772/1 72/773/174 563/770/1
f 561/774/1 71/775/175 562/772/1
f 560/776/1 70/777/176 561/774/1
f 559/778/1 69/779/176 560/780/1
f 559/778/1 67/781/177 68/782/177
f 558/783/1 65/784/156 67/781/177
f 557/785/1 66/722/156 65/784/156
f 526/786/17 119/787/178 525/788/17
f 527/789/17 107/790/179 106/791/180
f 529/792/17 120/793/178 526/786/17
f 528/794/17 108/795/181 107/790/179
f 531/796/17 121/797/182 529/792/17
f 530/798/17 109/799/183 108/795/181
f 533/800/17 122/801/182 531/796/17
f 532/802/17 110/803/184 109/799/183
f 535/804/17 123/805/185 533/800/17
f 534/806/17 111/807/186 110/803/184
f 538/808/17 97/809/187 537/810/17
f 539/811/17 124/812/188 535/804/17
f 536/813/17 112/814/186 111/807/186
f 541/815/17 98/816/187 538/808/17
f 542/817/17 125/818/189 539/811/17
f 543/819/17 112/814/186 540/820/17
f 544/821/17 99/822/190 541/815/17
f 545/823/17 126/824/191 542/817/17
f 546/825/17 113/826/192 543/819/17
f 547/827/17 100/828/190 544/821/17
f 548/829/17 127/830/193 545/823/17
f 549/831/17 114/832/194 546/825/17
f 547/833/17 102/834/195 101/835/195
f 537/810/17 128/836/196 548/829/17
f 551/837/17 115/838/197 549/831/17
f 550/839/17 103/840/198 102/834/195
f 553/841/17 116/842/197 551/837/17
f 552/843/17 104/844/199 103/840/198
f 555/845/17 117/846/200 553/847/17
f 554/848/17 105/849/201 104/844/199
f 525/788/17 118/850/200 555/845/17
f 556/851/17 106/791/180 105/849/201
f 214/852/202 123/805/203 216/853/204
f 218/854/205 127/830/206 220/855/207
f 220/855/208 412/856/209 219/857/210
f 224/858/211 125/818/212 222/859/213
f 271/860/214 314/861/215 438/862/216
f 219/857/210 313/863/217 95/724/218
f 86/742/164 323/864/219 324/865/219
f 270/866/220 437/867/221 405/868/220
f 127/830/193 375/869/222 376/870/222
f 238/871/223 117/872/224 232/873/225
f 234/874/226 119/787/227 228/875/228
f 230/876/229 121/797/230 226/877/231
f 218/854/232 411/878/233 379/879/234
f 269/880/221 342/881/235 437/867/221
f 112/814/236 240/882/237 246/883/238
f 114/832/239 236/884/240 242/885/241
f 217/886/242 316/887/243 411/878/233
f 88/738/163 321/888/244 322/889/244
f 108/795/245 248/890/246 254/891/247
f 110/803/248 244/892/249 250/893/250
f 268/894/251 436/895/252 267/896/253
f 125/818/189 373/897/254 374/898/254
f 216/853/255 410/899/256 215/900/257
f 267/896/253 341/901/258 67/781/258
f 100/828/259 264/902/260 270/866/261
f 102/834/262 260/903/263 266/904/264
f 104/844/265 256/905/266 262/906/267
f 106/791/268 252/907/269 258/908/270
f 272/909/271 97/809/272 274/910/273
f 215/900/257 317/911/274 91/732/275
f 276/912/276 99/822/277 268/894/278
f 90/734/162 319/913/279 320/914/279
f 266/904/280 435/915/281 403/916/282
f 123/805/185 371/917/283 372/918/283
f 65/784/284 267/896/285 67/781/284
f 275/919/286 268/894/278 267/896/285
f 214/852/287 409/920/288 377/921/289
f 265/922/290 340/923/291 435/915/281
f 96/721/292 273/924/293 66/722/292
f 271/860/294 274/910/273 273/924/293
f 257/925/295 75/767/296 74/769/296
f 258/908/270 251/926/297 257/925/295
f 261/927/298 73/771/299 72/773/299
f 262/906/267 255/928/300 261/927/298
f 265/922/301 71/775/302 70/777/302
f 266/904/264 259/929/303 265/922/301
f 269/880/304 69/779/305 68/782/305
f 270/866/261 263/930/306 269/880/304
f 213/931/307 320/914/308 409/920/288
f 92/730/160 317/911/309 318/932/309
f 264/933/310 434/934/311 263/935/312
f 121/797/182 369/936/313 370/937/313
f 276/912/314 345/938/315 98/816/316
f 263/935/312 339/939/317 69/940/318
f 274/910/319 346/941/320 407/942/319
f 94/726/158 315/943/321 316/887/321
f 249/944/322 79/759/323 78/761/323
f 250/893/250 243/945/324 249/944/322
f 253/946/325 77/763/326 76/765/326
f 254/891/247 247/947/327 253/946/325
f 262/906/328 433/948/329 401/949/328
f 119/787/178 367/950/330 368/951/330
f 272/909/331 375/869/332 128/836/333
f 261/927/334 338/952/335 433/948/329
f 241/953/336 83/751/337 82/753/337
f 242/885/241 235/954/338 241/953/336
f 245/955/339 81/755/340 80/757/340
f 246/883/238 239/956/341 245/955/339
f 270/866/220 347/957/342 100/828/342
f 96/721/155 313/863/343 314/861/343
f 260/903/344 432/958/345 259/929/346
f 117/846/200 365/959/347 366/960/347
f 88/738/348 225/961/349 89/736/348
f 229/962/350 226/877/231 225/961/349
f 86/742/351 227/963/352 87/740/353
f 233/964/354 228/875/228 227/963/352
f 84/746/355 231/965/356 85/747/355
f 237/966/357 232/873/225 231/965/356
f 268/894/251 348/967/358 404/968/251
f 259/929/346 337/969/359 71/775/360
f 266/904/280 349/970/361 102/834/362
f 258/908/363 431/971/364 399/972/365
f 115/838/197 363/973/366 364/974/366
f 264/933/310 350/975/367 402/976/368
f 257/925/369 336/977/370 431/971/364
f 262/906/328 351/978/371 104/844/372
f 256/905/373 430/979/374 255/928/375
f 114/832/194 362/980/376 113/826/192
f 92/730/377 221/981/378 93/728/377
f 223/982/379 222/859/213 221/981/378
f 260/903/344 352/983/380 400/984/344
f 255/928/375 335/985/381 73/771/382
f 94/726/383 219/857/384 95/724/383
f 217/886/385 220/855/207 219/857/384
f 90/734/386 215/900/387 91/732/386
f 213/931/388 216/853/204 215/900/387
f 381/986/389 373/897/390 379/879/391
f 378/987/392 371/917/393 382/988/394
f 383/989/395 369/936/396 377/921/397
f 384/990/398 367/950/399 385/991/400
f 386/992/401 365/959/402 387/993/403
f 388/994/404 363/973/405 389/995/404
f 362/980/406 391/996/407 390/997/408
f 360/998/409 393/999/410 392/1000/411
f 358/1001/412 395/1002/413 394/1003/414
f 356/1004/415 397/1005/416 396/1006/417
f 354/1007/418 399/972/419 398/1008/420
f 352/983/421 401/949/422 400/984/423
f 350/975/424 403/916/425 402/976/426
f 348/967/427 405/868/428 404/968/428
f 407/942/429 345/938/430 408/1009/431
f 380/1010/432 375/869/433 406/1011/434
f 313/863/435 438/862/436 314/861/435
f 412/856/437 406/1011/434 438/862/436
f 343/1012/438 440/1013/439 344/1014/438
f 439/1015/440 408/1009/431 440/1013/439
f 436/895/441 342/881/442 341/901/442
f 404/968/428 437/867/441 436/895/441
f 434/934/443 340/923/444 339/939/444
f 402/976/426 435/915/445 434/934/443
f 432/958/446 338/952/447 337/969/447
f 400/984/423 433/948/448 432/958/446
f 430/979/449 336/977/450 335/985/450
f 398/1008/420 431/971/451 430/979/449
f 428/1016/452 334/1017/453 333/1018/453
f 396/1006/417 429/1019/454 428/1016/452
f 426/1020/455 332/1021/456 331/1022/456
f 394/1003/414 427/1023/457 426/1020/455
f 424/1024/458 330/1025/459 329/1026/459
f 392/1000/411 425/1027/460 424/1024/458
f 422/1028/461 328/1029/462 327/1030/462
f 390/997/408 423/1031/463 422/1028/461
f 325/1032/464 421/1033/465 326/1034/464
f 388/994/404 421/1033/465 420/1035/465
f 323/864/466 419/1036/467 324/865/466
f 418/1037/468 387/993/403 419/1036/467
f 321/888/469 417/1038/470 322/889/469
f 416/1039/471 385/991/400 417/1038/470
f 319/913/472 409/920/473 320/914/472
f 415/1040/474 377/921/397 409/920/473
f 317/911/475 414/1041/476 318/932/475
f 410/899/477 382/988/394 414/1041/476
f 315/943/478 411/878/479 316/887/478
f 413/1042/480 379/879/391 411/878/479
f 272/909/331 438/862/216 406/1011/331
f 83/751/166 326/1034/481 84/746/166
f 221/981/482 315/943/483 93/728/484
f 273/924/485 343/1012/486 66/722/487
f 222/859/488 413/1042/489 221/981/482
f 274/910/319 439/1015/490 273/924/485
f 81/755/167 328/1029/491 82/753/167
f 223/982/492 318/932/493 414/1041/494
f 275/919/495 344/1014/496 440/1013/495
f 224/858/497 414/1041/494 382/988/497
f 276/912/314 440/1013/495 408/1009/498
f 79/759/168 330/1025/499 80/757/168
f 225/961/500 319/913/501 89/736/502
f 226/877/503 415/1040/504 225/961/500
f 77/763/169 332/1021/505 78/761/169
f 227/963/506 321/888/507 87/740/508
f 228/875/509 416/1039/510 227/963/506
f 75/767/171 334/1017/511 76/765/170
f 229/962/512 322/889/513 417/1038/514
f 230/876/515 417/1038/514 385/991/516
f 73/771/173 336/977/517 74/769/172
f 231/1043/518 323/864/519 85/744/520
f 232/1044/521 418/1037/522 231/1043/518
f 214/852/287 369/936/523 122/801/524
f 71/775/175 338/952/525 72/773/174
f 233/964/526 324/865/527 419/1036/528
f 216/853/255 372/918/529 378/987/530
f 234/874/531 419/1036/528 387/993/532
f 218/854/232 373/897/533 126/824/534
f 69/940/176 340/923/535 70/777/176
f 235/954/536 325/1032/537 83/751/538
f 220/855/208 376/870/539 380/1010/540
f 236/884/541 420/1035/536 235/954/536
f 222/859/488 374/898/542 381/986/543
f 68/782/177 341/901/544 342/881/545
f 237/966/546 326/1034/547 421/1033/546
f 224/858/497 371/917/548 124/812/549
f 238/871/550 421/1033/546 389/995/550
f 226/877/503 370/937/551 383/989/552
f 65/784/156 343/1012/553 344/1014/553
f 239/956/554 327/1030/555 81/755/556
f 228/875/509 368/951/557 384/990/558
f 97/809/187 345/938/559 346/941/559
f 240/882/560 422/1028/561 239/956/554
f 230/876/515 367/950/562 120/793/563
f 241/953/564 328/1029/565 423/1031/566
f 232/1044/521 366/960/567 386/992/568
f 100/828/190 348/967/569 99/822/190
f 242/885/570 423/1031/566 391/996/571
f 234/874/531 365/959/572 118/850/573
f 243/945/574 329/1026/575 79/759/576
f 236/884/541 364/974/577 388/994/541
f 102/834/195 350/975/578 101/835/195
f 244/892/579 424/1024/580 243/945/574
f 238/871/550 363/973/581 116/842/582
f 245/955/583 330/1025/584 425/1027/585
f 240/882/560 362/980/586 390/997/560
f 104/844/199 352/983/587 103/840/198
f 246/883/588 425/1027/585 393/999/588
f 242/885/570 361/1045/589 114/832/590
f 247/947/591 331/1022/592 77/763/593
f 244/892/579 360/998/594 392/1000/579
f 106/791/180 354/1007/595 105/849/201
f 248/890/596 426/1020/597 247/947/591
f 246/883/588 359/1046/598 112/814/599
f 249/944/600 332/1021/601 427/1023/602
f 248/890/596 358/1001/603 394/1003/604
f 108/795/181 356/1004/605 107/790/179
f 250/893/606 427/1023/602 395/1002/607
f 250/893/606 357/1047/608 110/803/609
f 251/926/610 333/1018/611 75/767/612
f 252/907/613 356/1004/614 396/1006/613
f 110/803/184 358/1001/615 109/799/183
f 252/907/613 428/1016/616 251/926/610
f 254/891/617 355/1048/618 108/795/619
f 253/946/620 334/1017/621 429/1019/622
f 256/905/373 354/1007/623 398/1008/624
f 112/814/186 360/998/625 111/807/186
f 254/891/617 429/1019/622 397/1005/626
f 258/908/363 353/1049/627 106/791/628
f 588/720/1 587/723/1 96/721/155
f 587/723/1 586/725/1 95/724/157
f 586/725/1 585/727/1 94/726/158
f 585/727/1 584/729/1 93/728/159
f 584/729/1 583/731/1 92/730/160
f 583/731/1 582/733/1 91/732/161
f 582/733/1 581/735/1 90/734/162
f 581/735/1 580/737/1 89/736/162
f 580/737/1 579/739/1 88/738/163
f 579/739/1 578/741/1 87/740/163
f 578/741/1 577/743/1 86/742/164
f 577/743/1 576/1050/1 85/744/165
f 576/745/1 575/749/1 84/746/166
f 574/748/1 83/751/166 84/746/166
f 573/750/1 82/753/167 83/751/166
f 572/752/1 81/755/167 82/753/167
f 571/754/1 80/757/168 81/755/167
f 570/756/1 79/759/168 80/757/168
f 569/758/1 78/761/169 79/759/168
f 568/760/1 77/763/169 78/761/169
f 567/762/1 76/765/170 77/763/169
f 566/764/1 75/767/171 76/765/170
f 565/766/1 74/769/172 75/767/171
f 564/768/1 73/771/173 74/769/172
f 563/770/1 72/773/174 73/771/173
f 562/772/1 71/775/175 72/773/174
f 561/774/1 70/777/176 71/775/175
f 560/776/1 69/940/176 70/777/176
f 559/778/1 68/782/177 69/779/176
f 559/778/1 558/783/1 67/781/177
f 558/783/1 557/785/1 65/784/156
f 557/785/1 588/720/1 66/722/156
f 526/786/17 120/793/178 119/787/178
f 527/789/17 528/794/17 107/790/179
f 529/792/17 121/797/182 120/793/178
f 528/794/17 530/798/17 108/795/181
f 531/796/17 122/801/182 121/797/182
f 530/798/17 532/802/17 109/799/183
f 533/800/17 123/805/185 122/801/182
f 532/802/17 534/806/17 110/803/184
f 535/804/17 124/812/188 123/805/185
f 534/806/17 536/813/17 111/807/186
f 538/808/17 98/816/187 97/809/187
f 539/811/17 125/818/189 124/812/188
f 536/813/17 540/820/17 112/814/186
f 541/815/17 99/822/190 98/816/187
f 542/817/17 126/824/191 125/818/189
f 543/819/17 113/826/192 112/814/186
f 544/821/17 100/828/190 99/822/190
f 545/823/17 127/830/193 126/824/191
f 546/825/17 114/832/194 113/826/192
f 547/827/17 101/1051/195 100/828/190
f 548/829/17 128/836/196 127/830/193
f 549/831/17 115/838/197 114/832/194
f 547/833/17 550/839/17 102/834/195
f 537/810/17 97/809/187 128/836/196
f 551/837/17 116/842/197 115/838/197
f 550/839/17 552/843/17 103/840/198
f 553/841/17 117/872/200 116/842/197
f 552/843/17 554/848/17 104/844/199
f 555/845/17 118/850/200 117/846/200
f 554/848/17 556/851/17 105/849/201
f 525/788/17 119/787/178 118/850/200
f 556/851/17 527/789/17 106/791/180
f 214/852/202 122/801/203 123/805/203
f 218/854/205 126/824/206 127/830/206
f 220/855/208 380/1010/540 412/856/209
f 224/858/211 124/812/212 125/818/212
f 271/860/214 96/721/629 314/861/215
f 219/857/210 412/856/209 313/863/217
f 86/742/164 85/744/165 323/864/219
f 270/866/220 269/880/221 437/867/221
f 127/830/193 128/836/196 375/869/222
f 238/871/223 116/842/224 117/872/224
f 234/874/226 118/850/227 119/787/227
f 230/876/229 120/793/230 121/797/230
f 218/854/232 217/886/242 411/878/233
f 269/880/221 68/782/235 342/881/235
f 112/814/236 113/826/630 240/882/237
f 114/832/239 115/838/239 236/884/240
f 217/886/242 94/726/631 316/887/243
f 88/738/163 87/740/163 321/888/244
f 108/795/245 109/799/245 248/890/246
f 110/803/248 111/807/248 244/892/249
f 268/894/251 404/968/251 436/895/252
f 125/818/189 126/824/191 373/897/254
f 216/853/255 378/987/530 410/899/256
f 267/896/253 436/895/252 341/901/258
f 100/828/259 101/1051/259 264/902/260
f 102/834/262 103/840/262 260/903/263
f 104/844/265 105/849/265 256/905/266
f 106/791/268 107/790/268 252/907/269
f 272/909/271 128/836/272 97/809/272
f 215/900/257 410/899/256 317/911/274
f 276/912/276 98/816/277 99/822/277
f 90/734/162 89/736/162 319/913/279
f 266/904/280 265/922/290 435/915/281
f 123/805/185 124/812/188 371/917/283
f 65/784/284 275/919/286 267/896/285
f 275/919/286 276/912/276 268/894/278
f 214/852/287 213/931/307 409/920/288
f 265/922/290 70/777/632 340/923/291
f 96/721/292 271/860/294 273/924/293
f 271/860/294 272/909/271 274/910/273
f 257/925/295 251/926/297 75/767/296
f 258/908/270 252/907/269 251/926/297
f 261/927/298 255/928/300 73/771/299
f 262/906/267 256/905/266 255/928/300
f 265/922/301 259/929/303 71/775/302
f 266/904/264 260/903/263 259/929/303
f 269/880/304 263/930/306 69/779/305
f 270/866/261 264/902/260 263/930/306
f 213/931/307 90/734/633 320/914/308
f 92/730/160 91/732/161 317/911/309
f 264/933/310 402/976/368 434/934/311
f 121/797/182 122/801/182 369/936/313
f 276/912/314 408/1009/498 345/938/315
f 263/935/312 434/934/311 339/939/317
f 274/910/319 97/809/634 346/941/320
f 94/726/158 93/728/159 315/943/321
f 249/944/322 243/945/324 79/759/323
f 250/893/250 244/892/249 243/945/324
f 253/946/325 247/947/327 77/763/326
f 254/891/247 248/890/246 247/947/327
f 262/906/328 261/927/334 433/948/329
f 119/787/178 120/793/178 367/950/330
f 272/909/331 406/1011/331 375/869/332
f 261/927/334 72/773/635 338/952/335
f 241/953/336 235/954/338 83/751/337
f 242/885/241 236/884/240 235/954/338
f 245/955/339 239/956/341 81/755/340
f 246/883/238 240/882/237 239/956/341
f 270/866/220 405/868/220 347/957/342
f 96/721/155 95/724/157 313/863/343
f 260/903/344 400/984/344 432/958/345
f 117/846/200 118/850/200 365/959/347
f 88/738/348 229/962/350 225/961/349
f 229/962/350 230/876/229 226/877/231
f 86/742/351 233/964/354 227/963/352
f 233/964/354 234/874/226 228/875/228
f 84/746/355 237/966/357 231/965/356
f 237/966/357 238/871/223 232/873/225
f 268/894/251 99/822/636 348/967/358
f 259/929/346 432/958/345 337/969/359
f 266/904/280 403/916/282 349/970/361
f 258/908/363 257/925/369 431/971/364
f 115/838/197 116/842/197 363/973/366
f 264/933/310 101/835/637 350/975/367
f 257/925/369 74/769/638 336/977/370
f 262/906/328 401/949/328 351/978/371
f 256/905/373 398/1008/624 430/979/374
f 114/832/194 361/1045/376 362/980/376
f 92/730/377 223/982/379 221/981/378
f 223/982/379 224/858/211 222/859/213
f 260/903/344 103/840/639 352/983/380
f 255/928/375 430/979/374 335/985/381
f 94/726/383 217/886/385 219/857/384
f 217/886/385 218/854/205 220/855/207
f 90/734/386 213/931/388 215/900/387
f 213/931/388 214/852/202 216/853/204
f 381/986/389 374/898/390 373/897/390
f 378/987/392 372/918/393 371/917/393
f 383/989/395 370/937/396 369/936/396
f 384/990/398 368/951/399 367/950/399
f 386/992/401 366/960/402 365/959/402
f 388/994/404 364/974/405 363/973/405
f 362/980/406 361/1045/406 391/996/407
f 360/998/409 359/1046/409 393/999/410
f 358/1001/412 357/1047/412 395/1002/413
f 356/1004/415 355/1048/415 397/1005/416
f 354/1007/418 353/1049/418 399/972/419
f 352/983/421 351/978/421 401/949/422
f 350/975/424 349/970/424 403/916/425
f 348/967/427 347/957/427 405/868/428
f 407/942/429 346/941/430 345/938/430
f 380/1010/432 376/870/433 375/869/433
f 313/863/435 412/856/437 438/862/436
f 412/856/437 380/1010/432 406/1011/434
f 343/1012/438 439/1015/440 440/1013/439
f 439/1015/440 407/942/429 408/1009/431
f 436/895/441 437/867/441 342/881/442
f 404/968/428 405/868/428 437/867/441
f 434/934/443 435/915/445 340/923/444
f 402/976/426 403/916/425 435/915/445
f 432/958/446 433/948/448 338/952/447
f 400/984/423 401/949/422 433/948/448
f 430/979/449 431/971/451 336/977/450
f 398/1008/420 399/972/419 431/971/451
f 428/1016/452 429/1019/454 334/1017/453
f 396/1006/417 397/1005/416 429/1019/454
f 426/1020/455 427/1023/457 332/1021/456
f 394/1003/414 395/1002/413 427/1023/457
f 424/1024/458 425/1027/460 330/1025/459
f 392/1000/411 393/999/410 425/1027/460
f 422/1028/461 423/1031/463 328/1029/462
f 390/997/408 391/996/407 423/1031/463
f 325/1032/464 420/1035/465 421/1033/465
f 388/994/404 389/995/404 421/1033/465
f 323/864/466 418/1037/468 419/1036/467
f 418/1037/468 386/992/401 387/993/403
f 321/888/469 416/1039/471 417/1038/470
f 416/1039/471 384/990/398 385/991/400
f 319/913/472 415/1040/474 409/920/473
f 415/1040/474 383/989/395 377/921/397
f 317/911/475 410/899/477 414/1041/476
f 410/899/477 378/987/392 382/988/394
f 315/943/478 413/1042/480 411/878/479
f 413/1042/480 381/986/389 379/879/391
f 272/909/331 271/860/214 438/862/216
f 83/751/166 325/1032/640 326/1034/481
f 221/981/482 413/1042/489 315/943/483
f 273/924/485 439/1015/490 343/1012/486
f 222/859/488 381/986/543 413/1042/489
f 274/910/319 407/942/319 439/1015/490
f 81/755/167 327/1030/491 328/1029/491
f 223/982/492 92/730/641 318/932/493
f 275/919/495 65/784/642 344/1014/496
f 224/858/497 223/982/492 414/1041/494
f 276/912/314 275/919/495 440/1013/495
f 79/759/168 329/1026/499 330/1025/499
f 225/961/500 415/1040/504 319/913/501
f 226/877/503 383/989/552 415/1040/504
f 77/763/169 331/1022/505 332/1021/505
f 227/963/506 416/1039/510 321/888/507
f 228/875/509 384/990/558 416/1039/510
f 75/767/171 333/1018/511 334/1017/511
f 229/962/512 88/738/643 322/889/513
f 230/876/515 229/962/512 417/1038/514
f 73/771/173 335/985/517 336/977/517
f 231/1043/518 418/1037/522 323/864/519
f 232/1044/521 386/992/568 418/1037/522
f 214/852/287 377/921/289 369/936/523
f 71/775/175 337/969/525 338/952/525
f 233/964/526 86/742/644 324/865/527
f 216/853/255 123/805/645 372/918/529
f 234/874/531 233/964/526 419/1036/528
f 218/854/232 379/879/234 373/897/533
f 69/940/176 339/939/535 340/923/535
f 235/954/536 420/1035/536 325/1032/537
f 220/855/208 127/830/646 376/870/539
f 236/884/541 388/994/541 420/1035/536
f 222/859/488 125/818/647 374/898/542
f 68/782/177 67/781/177 341/901/544
f 237/966/546 84/746/547 326/1034/547
f 224/858/497 382/988/497 371/917/548
f 238/871/550 237/966/546 421/1033/546
f 226/877/503 121/797/648 370/937/551
f 65/784/156 66/722/156 343/1012/553
f 239/956/554 422/1028/561 327/1030/555
f 228/875/509 119/787/649 368/951/557
f 97/809/187 98/816/187 345/938/559
f 240/882/560 390/997/560 422/1028/561
f 230/876/515 385/991/516 367/950/562
f 241/953/564 82/753/650 328/1029/565
f 232/1044/521 117/846/651 366/960/567
f 100/828/190 347/957/569 348/967/569
f 242/885/570 241/953/564 423/1031/566
f 234/874/531 387/993/532 365/959/572
f 243/945/574 424/1024/580 329/1026/575
f 236/884/541 115/838/577 364/974/577
f 102/834/195 349/970/578 350/975/578
f 244/892/579 392/1000/579 424/1024/580
f 238/871/550 389/995/550 363/973/581
f 245/955/583 80/757/652 330/1025/584
f 240/882/560 113/826/653 362/980/586
f 104/844/199 351/978/587 352/983/587
f 246/883/588 245/955/583 425/1027/585
f 242/885/570 391/996/571 361/1045/589
f 247/947/591 426/1020/597 331/1022/592
f 244/892/579 111/807/654 360/998/594
f 106/791/180 353/1049/595 354/1007/595
f 248/890/596 394/1003/604 426/1020/597
f 246/883/588 393/999/588 359/1046/598
f 249/944/600 78/761/655 332/1021/601
f 248/890/596 109/799/656 358/1001/603
f 108/795/181 355/1048/605 356/1004/605
f 250/893/606 249/944/600 427/1023/602
f 250/893/606 395/1002/607 357/1047/608
f 251/926/610 428/1016/616 333/1018/611
f 252/907/613 107/790/657 356/1004/614
f 110/803/184 357/1047/615 358/1001/615
f 252/907/613 396/1006/613 428/1016/616
f 254/891/617 397/1005/626 355/1048/618
f 253/946/620 76/765/658 334/1017/621
f 256/905/373 105/849/659 354/1007/623
f 112/814/186 359/1046/625 360/998/625
f 254/891/617 253/946/620 429/1019/622
f 258/908/363 399/972/365 353/1049/627
