mtllib Satelite.mtl
o SateliteCuerpoOro
usemtl ACE
v 147.842239 44.031677 -58.578888
v 59.908566 44.031677 -144.632080
v 58.112144 44.031677 -140.300919
v 143.407806 44.031677 -56.829323
v 144.697601 44.031677 59.927567
v -61.224323 44.031677 -141.590729
v -63.118721 44.031677 -145.961792
v -149.171936 44.031677 -61.789036
v 149.171921 44.031677 61.789036
v 61.225994 44.031677 141.575134
v -144.695938 44.031677 -59.943165
v -147.842239 44.031677 58.578888
v 63.118721 44.031677 145.961792
v -58.110477 44.031677 140.285309
v -143.406158 44.031677 56.813725
v -59.908566 44.031677 144.632080
v 143.407806 38.097595 -56.829323
v 143.407806 44.031677 -56.829323
v 58.112144 44.031677 -140.300919
v 58.112144 38.097595 -140.300919
v 144.697601 38.097595 59.927567
v 144.697601 44.031677 59.927567
v 143.407806 44.031677 -56.829323
v 143.407806 38.097595 -56.829323
v 61.225994 38.097595 141.575134
v 61.225994 44.031677 141.575134
v 144.697601 44.031677 59.927567
v 144.697601 38.097595 59.927567
v -58.110477 38.097595 140.285309
v -58.110477 44.031677 140.285309
v 61.225994 44.031677 141.575134
v 61.225994 38.097595 141.575134
v -143.406158 38.097595 56.813725
v -143.406158 44.031677 56.813725
v -58.110477 44.031677 140.285309
v -58.110477 38.097595 140.285309
v -144.695938 38.097595 -59.943165
v -144.695938 44.031677 -59.943165
v -143.406158 44.031677 56.813725
v -143.406158 38.097595 56.813725
v -61.224323 38.097595 -141.590729
v -61.224323 44.031677 -141.590729
v -144.695938 44.031677 -59.943165
v -144.695938 38.097595 -59.943165
v 58.112144 38.097595 -140.300919
v 58.112144 44.031677 -140.300919
v -61.224323 44.031677 -141.590729
v -61.224323 38.097595 -141.590729
v 3.644349 -89.797180 143.836792
v -3.238698 -89.797180 143.836792
v -3.238698 -89.356262 146.621201
v 3.644349 -89.356262 146.621201
v -18.513205 -83.097717 154.995636
v -18.513205 -83.097717 151.048874
v -18.513205 -88.479797 151.048874
v -18.513205 -88.479797 154.995636
v 20.954481 -83.097717 154.995636
v -18.513205 -83.097717 154.995636
v -18.513205 -88.479797 154.995636
v 20.954481 -88.479797 154.995636
v 20.954481 -83.097717 151.048874
v -18.513205 -83.097717 151.048874
v -18.513205 -83.097717 154.995636
v 20.954481 -83.097717 154.995636
v 20.954481 -88.479797 151.048874
v -18.513205 -88.479797 151.048874
v -18.513205 -83.097717 151.048874
v 20.954481 -83.097717 151.048874
v 20.954481 -88.479797 154.995636
v -18.513205 -88.479797 154.995636
v -18.513205 -88.479797 151.048874
v 20.954481 -88.479797 151.048874
v 20.954481 -88.479797 151.048874
v 20.954481 -83.097717 151.048874
v 20.954481 -83.097717 154.995636
v 20.954481 -88.479797 154.995636
v -2.367333 -83.097717 164.324371
v -2.367333 -83.097717 153.919250
v -2.367333 -88.479797 153.919250
v -2.367333 -88.479797 164.324371
v 3.014624 -83.097717 164.324371
v -2.367333 -83.097717 164.324371
v -2.367333 -88.479797 164.324371
v 3.014624 -88.479797 164.324371
v 3.014624 -83.097717 153.919250
v -2.367333 -83.097717 153.919250
v -2.367333 -83.097717 164.324371
v 3.014624 -83.097717 164.324371
v 3.014624 -88.479797 153.919250
v -2.367333 -88.479797 153.919250
v -2.367333 -83.097717 153.919250
v 3.014624 -83.097717 153.919250
v 3.014624 -88.479797 164.324371
v -2.367333 -88.479797 164.324371
v -2.367333 -88.479797 153.919250
v 3.014624 -88.479797 153.919250
v 3.014624 -88.479797 153.919250
v 3.014624 -83.097717 153.919250
v 3.014624 -83.097717 164.324371
v 3.014624 -88.479797 164.324371
v -10.246518 -81.447327 157.162781
v -10.246518 -81.447327 147.317383
v -10.246518 -89.886292 147.317383
v -10.246518 -89.886292 157.162781
v 12.257238 -81.447327 157.162781
v -10.246518 -81.447327 157.162781
v -10.246518 -89.886292 157.162781
v 12.257238 -89.886292 157.162781
v 12.257238 -81.447327 147.317383
v -10.246518 -81.447327 147.317383
v -10.246518 -81.447327 157.162781
v 12.257238 -81.447327 157.162781
v 12.257238 -89.886292 147.317383
v -10.246518 -89.886292 147.317383
v -10.246518 -81.447327 147.317383
v 12.257238 -81.447327 147.317383
v 12.257238 -89.886292 157.162781
v -10.246518 -89.886292 157.162781
v -10.246518 -89.886292 147.317383
v 12.257238 -89.886292 147.317383
v 12.257238 -89.886292 147.317383
v 12.257238 -81.447327 147.317383
v 12.257238 -81.447327 157.162781
v 12.257238 -89.886292 157.162781
v 59.908566 -94.787903 -144.632080
v -63.118721 -94.787903 -145.961792
v -63.118721 44.031677 -145.961792
v 59.908566 44.031677 -144.632080
v -59.908566 -94.787903 144.632080
v 63.118721 -94.787903 145.961792
v 63.118721 44.031677 145.961792
v -59.908566 44.031677 144.632080
v 63.118721 -94.787903 145.961792
v 149.171921 -94.787903 61.789036
v 149.171921 44.031677 61.789036
v 63.118721 44.031677 145.961792
v 149.171921 -94.787903 61.789036
v 147.842239 -94.787903 -58.578888
v 147.842239 44.031677 -58.578888
v 149.171921 44.031677 61.789036
v 147.842239 -94.787903 -58.578888
v 59.908566 -94.787903 -144.632080
v 59.908566 44.031677 -144.632080
v 147.842239 44.031677 -58.578888
v -63.118721 -94.787903 -145.961792
v -149.171936 -94.787903 -61.789036
v -149.171936 44.031677 -61.789036
v -63.118721 44.031677 -145.961792
v -149.171936 -94.787903 -61.789036
v -147.842239 -94.787903 58.578888
v -147.842239 44.031677 58.578888
v -149.171936 44.031677 -61.789036
v -147.842239 -94.787903 58.578888
v -59.908566 -94.787903 144.632080
v -59.908566 44.031677 144.632080
v -147.842239 44.031677 58.578888
v -164.785812 28.752380 52.936096
v -164.785812 31.263855 52.936096
v -164.785812 31.263855 43.607372
v -164.785812 28.752380 43.607372
v -164.785812 28.752380 43.607372
v -164.785812 31.263855 43.607372
v -151.151871 31.263855 43.607372
v -151.151871 28.752380 43.607372
v -164.785812 31.263855 43.607372
v -164.785812 31.263855 52.936096
v -151.151871 31.263855 52.936096
v -151.151871 31.263855 43.607372
v -164.785812 31.263855 52.936096
v -164.785812 28.752380 52.936096
v -151.151871 28.752380 52.936096
v -151.151871 31.263855 52.936096
v -164.785812 28.752380 52.936096
v -164.785812 28.752380 43.607372
v -151.151871 28.752380 43.607372
v -151.151871 28.752380 52.936096
v -151.151871 31.263855 43.607372
v -151.151871 31.263855 52.936096
v -151.151871 28.752380 52.936096
v -151.151871 28.752380 43.607372
v -164.785812 31.263855 -46.809509
v -164.785812 31.263855 -56.138233
v -164.785812 28.752380 -56.138233
v -164.785812 28.752380 -46.809509
v -151.151871 31.263855 -46.809509
v -164.785812 31.263855 -46.809509
v -164.785812 28.752380 -46.809509
v -151.151871 28.752380 -46.809509
v -151.151871 31.263855 -56.138233
v -164.785812 31.263855 -56.138233
v -164.785812 31.263855 -46.809509
v -151.151871 31.263855 -46.809509
v -151.151871 28.752380 -56.138233
v -164.785812 28.752380 -56.138233
v -164.785812 31.263855 -56.138233
v -151.151871 31.263855 -56.138233
v -151.151871 28.752380 -46.809509
v -164.785812 28.752380 -46.809509
v -164.785812 28.752380 -56.138233
v -151.151871 28.752380 -56.138233
v -151.151871 28.752380 -56.138233
v -151.151871 31.263855 -56.138233
v -151.151871 31.263855 -46.809509
v -151.151871 28.752380 -46.809509
v 164.785812 31.263855 43.607372
v 164.785812 31.263855 52.936096
v 164.785812 28.752380 52.936096
v 164.785812 28.752380 43.607372
v 151.151871 31.263855 43.607372
v 164.785812 31.263855 43.607372
v 164.785812 28.752380 43.607372
v 151.151871 28.752380 43.607372
v 151.151871 31.263855 52.936096
v 164.785812 31.263855 52.936096
v 164.785812 31.263855 43.607372
v 151.151871 31.263855 43.607372
v 151.151871 28.752380 52.936096
v 164.785812 28.752380 52.936096
v 164.785812 31.263855 52.936096
v 151.151871 31.263855 52.936096
v 151.151871 28.752380 43.607372
v 164.785812 28.752380 43.607372
v 164.785812 28.752380 52.936096
v 151.151871 28.752380 52.936096
v 151.151871 28.752380 52.936096
v 151.151871 31.263855 52.936096
v 151.151871 31.263855 43.607372
v 151.151871 28.752380 43.607372
v 164.785812 28.752380 -56.138233
v 164.785812 31.263855 -56.138233
v 164.785812 31.263855 -46.809509
v 164.785812 28.752380 -46.809509
v 164.785812 28.752380 -46.809509
v 164.785812 31.263855 -46.809509
v 151.151871 31.263855 -46.809509
v 151.151871 28.752380 -46.809509
v 164.785812 31.263855 -46.809509
v 164.785812 31.263855 -56.138233
v 151.151871 31.263855 -56.138233
v 151.151871 31.263855 -46.809509
v 164.785812 31.263855 -56.138233
v 164.785812 28.752380 -56.138233
v 151.151871 28.752380 -56.138233
v 151.151871 31.263855 -56.138233
v 164.785812 28.752380 -56.138233
v 164.785812 28.752380 -46.809509
v 151.151871 28.752380 -46.809509
v 151.151871 28.752380 -56.138233
v 151.151871 31.263855 -46.809509
v 151.151871 31.263855 -56.138233
v 151.151871 28.752380 -56.138233
v 151.151871 28.752380 -46.809509
v -57.196693 28.752380 -159.815109
v -57.196693 31.263855 -159.815109
v -47.867970 31.263855 -159.815109
v -47.867970 28.752380 -159.815109
v -47.867970 28.752380 -159.815109
v -47.867970 31.263855 -159.815109
v -47.867970 31.263855 -146.181183
v -47.867970 28.752380 -146.181183
v -47.867970 31.263855 -159.815109
v -57.196693 31.263855 -159.815109
v -57.196693 31.263855 -146.181183
v -47.867970 31.263855 -146.181183
v -57.196693 31.263855 -159.815109
v -57.196693 28.752380 -159.815109
v -57.196693 28.752380 -146.181183
v -57.196693 31.263855 -146.181183
v -57.196693 28.752380 -159.815109
v -47.867970 28.752380 -159.815109
v -47.867970 28.752380 -146.181183
v -57.196693 28.752380 -146.181183
v -47.867970 31.263855 -146.181183
v -57.196693 31.263855 -146.181183
v -57.196693 28.752380 -146.181183
v -47.867970 28.752380 -146.181183
v 42.548908 31.263855 -159.815109
v 51.877632 31.263855 -159.815109
v 51.877632 28.752380 -159.815109
v 42.548908 28.752380 -159.815109
v 42.548908 31.263855 -146.181183
v 42.548908 31.263855 -159.815109
v 42.548908 28.752380 -159.815109
v 42.548908 28.752380 -146.181183
v 51.877632 31.263855 -146.181183
v 51.877632 31.263855 -159.815109
v 42.548908 31.263855 -159.815109
v 42.548908 31.263855 -146.181183
v 51.877632 28.752380 -146.181183
v 51.877632 28.752380 -159.815109
v 51.877632 31.263855 -159.815109
v 51.877632 31.263855 -146.181183
v 42.548908 28.752380 -146.181183
v 42.548908 28.752380 -159.815109
v 51.877632 28.752380 -159.815109
v 51.877632 28.752380 -146.181183
v 51.877632 28.752380 -146.181183
v 51.877632 31.263855 -146.181183
v 42.548908 31.263855 -146.181183
v 42.548908 28.752380 -146.181183
v -47.867970 31.263855 159.815109
v -57.196693 31.263855 159.815109
v -57.196693 28.752380 159.815109
v -47.867970 28.752380 159.815109
v -47.867970 31.263855 146.181183
v -47.867970 31.263855 159.815109
v -47.867970 28.752380 159.815109
v -47.867970 28.752380 146.181183
v -57.196693 31.263855 146.181183
v -57.196693 31.263855 159.815109
v -47.867970 31.263855 159.815109
v -47.867970 31.263855 146.181183
v -57.196693 28.752380 146.181183
v -57.196693 28.752380 159.815109
v -57.196693 31.263855 159.815109
v -57.196693 31.263855 146.181183
v -47.867970 28.752380 146.181183
v -47.867970 28.752380 159.815109
v -57.196693 28.752380 159.815109
v -57.196693 28.752380 146.181183
v -57.196693 28.752380 146.181183
v -57.196693 31.263855 146.181183
v -47.867970 31.263855 146.181183
v -47.867970 28.752380 146.181183
v 51.877632 28.752380 159.815109
v 51.877632 31.263855 159.815109
v 42.548908 31.263855 159.815109
v 42.548908 28.752380 159.815109
v 42.548908 28.752380 159.815109
v 42.548908 31.263855 159.815109
v 42.548908 31.263855 146.181183
v 42.548908 28.752380 146.181183
v 42.548908 31.263855 159.815109
v 51.877632 31.263855 159.815109
v 51.877632 31.263855 146.181183
v 42.548908 31.263855 146.181183
v 51.877632 31.263855 159.815109
v 51.877632 28.752380 159.815109
v 51.877632 28.752380 146.181183
v 51.877632 31.263855 146.181183
v 51.877632 28.752380 159.815109
v 42.548908 28.752380 159.815109
v 42.548908 28.752380 146.181183
v 51.877632 28.752380 146.181183
v 42.548908 31.263855 146.181183
v 51.877632 31.263855 146.181183
v 51.877632 28.752380 146.181183
v 42.548908 28.752380 146.181183
v 88.590271 80.786316 -50.148014
v 88.213837 77.888855 -49.134846
v 88.471077 75.188660 -47.623753
v 89.344444 72.870056 -45.717709
v 88.590271 80.786316 -50.148014
v 88.471077 75.188660 -47.623753
v 88.590271 80.786316 -50.148014
v 89.344444 72.870056 -45.717709
v 90.774429 71.091003 -43.546593
v 92.663574 69.972595 -41.258377
v 90.774429 71.091003 -43.546593
v 94.883148 69.591003 -39.008999
v 97.281876 69.972595 -36.951748
v 94.883148 69.591003 -39.008999
v 97.281876 69.972595 -36.951748
v 99.696289 71.091003 -35.226830
v 101.961868 72.870056 -33.951775
v 103.924194 75.188660 -33.213486
v 105.449554 77.888855 -33.062286
v 106.433990 80.786316 -33.508476
v 106.810417 83.683777 -34.521637
v 106.553177 86.383972 -36.032730
v 105.679810 88.702576 -37.938786
v 104.249817 90.481628 -40.109886
v 102.360672 91.600037 -42.398102
v 100.141113 91.981628 -44.647484
v 97.742386 91.600037 -46.704735
v 100.141113 91.981628 -44.647484
v 97.742386 91.600037 -46.704735
v 95.327972 90.481628 -48.429657
v 93.062393 88.702576 -49.704720
v 91.100060 86.383972 -50.442993
v 91.100060 86.383972 -50.442993
v 89.574699 83.683777 -50.594200
v 88.590271 80.786316 -50.148014
v 58.049736 33.872253 -140.300919
v -61.286732 33.872253 -141.590729
v -61.286732 38.961853 -141.590729
v 58.049736 38.961853 -140.300919
v -58.172886 33.872253 140.285309
v 61.163586 33.872253 141.575134
v 61.163586 38.961853 141.575134
v -58.172886 38.961853 140.285309
v 61.163586 33.872253 141.575134
v 144.635193 33.872253 59.927567
v 144.635193 38.961853 59.927567
v 61.163586 38.961853 141.575134
v 144.635193 33.872253 59.927567
v 143.345413 33.872253 -56.829323
v 143.345413 38.961853 -56.829323
v 144.635193 38.961853 59.927567
v 143.345413 33.872253 -56.829323
v 58.049736 33.872253 -140.300919
v 58.049736 38.961853 -140.300919
v 143.345413 38.961853 -56.829323
v 58.049736 38.961853 -140.300919
v -61.286732 38.961853 -141.590729
v -144.758347 38.961853 -59.943165
v -143.468552 38.961853 56.813725
v -58.172886 38.961853 140.285309
v 61.163586 38.961853 141.575134
v 144.635193 38.961853 59.927567
v 143.345413 38.961853 -56.829323
v -61.286732 33.872253 -141.590729
v -144.758347 33.872253 -59.943165
v -144.758347 38.961853 -59.943165
v -61.286732 38.961853 -141.590729
v -144.758347 33.872253 -59.943165
v -143.468552 33.872253 56.813725
v -143.468552 38.961853 56.813725
v -144.758347 38.961853 -59.943165
v -143.468552 33.872253 56.813725
v -58.172886 33.872253 140.285309
v -58.172886 38.961853 140.285309
v -143.468552 38.961853 56.813725
v 59.137569 -92.558167 -141.703918
v 59.137569 -91.138000 -141.703918
v 145.286209 -91.138000 -57.397617
v 145.286209 -92.558167 -57.397617
v -61.392262 -92.558167 -143.006638
v -61.392262 -91.138000 -143.006638
v 59.137569 -91.138000 -141.703918
v 59.137569 -92.558167 -141.703918
v -145.698593 -91.138000 -60.542595
v -61.392262 -91.138000 -143.006638
v -61.392262 -92.558167 -143.006638
v -145.698593 -92.558167 -60.542595
v -144.395905 -91.138000 57.381859
v -145.698593 -91.138000 -60.542595
v -145.698593 -92.558167 -60.542595
v -144.395905 -92.558167 57.381859
v -58.247276 -91.138000 141.688171
v -144.395905 -91.138000 57.381859
v -144.395905 -92.558167 57.381859
v -58.247276 -92.558167 141.688171
v 62.282562 -91.138000 142.990891
v -58.247276 -91.138000 141.688171
v -58.247276 -92.558167 141.688171
v 62.282562 -92.558167 142.990891
v 146.588882 -92.558167 60.526840
v 146.588882 -91.138000 60.526840
v 62.282562 -91.138000 142.990891
v 62.282562 -92.558167 142.990891
v 145.286209 -92.558167 -57.397617
v 145.286209 -91.138000 -57.397617
v 146.588882 -91.138000 60.526840
v 146.588882 -92.558167 60.526840
v 59.137569 -92.558167 -141.703918
v 145.286209 -92.558167 -57.397617
v 146.588882 -92.558167 60.526840
v 62.282562 -92.558167 142.990891
v -58.247276 -92.558167 141.688171
v -144.395905 -92.558167 57.381859
v -145.698593 -92.558167 -60.542595
v -61.392262 -92.558167 -143.006638
v 59.137569 -91.138000 -141.703918
v -61.392262 -91.138000 -143.006638
v -145.698593 -91.138000 -60.542595
v -144.395905 -91.138000 57.381859
v -58.247276 -91.138000 141.688171
v 62.282562 -91.138000 142.990891
v 146.588882 -91.138000 60.526840
v 145.286209 -91.138000 -57.397617
v -69.305763 -113.430481 -97.709755
v -27.267839 -113.430481 -97.709755
v -27.267839 -113.430481 -69.873833
v -69.305763 -113.430481 -69.873833
v -27.267839 -111.726257 -68.169594
v -27.267839 -95.251892 -68.169594
v -69.305763 -95.251892 -68.169594
v -69.305763 -111.726257 -68.169594
v -25.563601 -111.726257 -97.709755
v -25.563601 -95.251892 -97.709755
v -25.563601 -95.251892 -69.873833
v -25.563601 -111.726257 -69.873833
v -69.305763 -95.251892 -99.414001
v -27.267839 -95.251892 -99.414001
v -27.267839 -111.726257 -99.414001
v -69.305763 -111.726257 -99.414001
v -71.010002 -95.251892 -69.873833
v -71.010002 -95.251892 -97.709755
v -71.010002 -111.726257 -97.709755
v -71.010002 -111.726257 -69.873833
v -27.267839 -93.547668 -69.873833
v -27.267839 -93.547668 -97.709755
v -69.305763 -93.547668 -97.709755
v -69.305763 -93.547668 -69.873833
v -27.267839 -113.430481 -69.873833
v -26.816013 -113.343567 -69.335129
v -69.757584 -113.343567 -69.335129
v -69.305763 -113.430481 -69.873833
v -26.816013 -113.343567 -69.335129
v -26.590099 -113.101624 -68.867294
v -69.983505 -113.101624 -68.867294
v -69.757584 -113.343567 -69.335129
v -69.983505 -112.732727 -68.498390
v -69.983505 -113.101624 -68.867294
v -26.590099 -113.101624 -68.867294
v -26.590099 -112.732727 -68.498390
v -27.267839 -113.430481 -97.709755
v -26.729137 -113.343567 -98.161583
v -26.729137 -113.343567 -69.422005
v -27.267839 -113.430481 -69.873833
v -26.729137 -113.343567 -98.161583
v -26.261303 -113.101624 -98.387497
v -26.261303 -113.101624 -69.196091
v -26.729137 -113.343567 -98.161583
v -26.261303 -113.101624 -69.196091
v -26.729137 -113.343567 -69.422005
v -25.892397 -112.732727 -69.196091
v -26.261303 -113.101624 -69.196091
v -26.261303 -113.101624 -98.387497
v -25.892397 -112.732727 -98.387497
v -69.305763 -113.430481 -97.709755
v -69.757584 -113.343567 -98.248459
v -26.816013 -113.343567 -98.248459
v -27.267839 -113.430481 -97.709755
v -69.757584 -113.343567 -98.248459
v -69.983505 -113.101624 -98.716301
v -26.590099 -113.101624 -98.716301
v -69.757584 -113.343567 -98.248459
v -26.590099 -113.101624 -98.716301
v -26.816013 -113.343567 -98.248459
v -26.590099 -112.732727 -99.085197
v -26.590099 -113.101624 -98.716301
v -69.983505 -113.101624 -98.716301
v -69.983505 -112.732727 -99.085197
v -69.305763 -113.430481 -69.873833
v -69.844467 -113.343567 -69.422005
v -69.844467 -113.343567 -98.161583
v -69.305763 -113.430481 -97.709755
v -69.844467 -113.343567 -69.422005
v -70.312294 -113.101624 -69.196091
v -70.312294 -113.101624 -98.387497
v -69.844467 -113.343567 -98.161583
v -70.681206 -112.732727 -98.387497
v -70.312294 -113.101624 -98.387497
v -70.312294 -113.101624 -69.196091
v -70.681206 -112.732727 -69.196091
v -69.305763 -95.251892 -68.169594
v -69.844467 -94.800110 -68.256470
v -69.844467 -112.178040 -68.256470
v -69.305763 -111.726257 -68.169594
v -69.844467 -94.800110 -68.256470
v -70.312294 -94.574158 -68.498390
v -70.312294 -112.403992 -68.498390
v -69.844467 -112.178040 -68.256470
v -70.681206 -112.403992 -68.867294
v -70.312294 -112.403992 -68.498390
v -70.312294 -94.574158 -68.498390
v -70.681206 -94.574158 -68.867294
v -27.267839 -95.251892 -68.169594
v -26.816013 -94.713196 -68.256470
v -69.757584 -94.713196 -68.256470
v -69.305763 -95.251892 -68.169594
v -26.816013 -94.713196 -68.256470
v -26.590099 -94.245300 -68.498390
v -69.983505 -94.245300 -68.498390
v -69.757584 -94.713196 -68.256470
v -69.983505 -93.876404 -68.867294
v -69.983505 -94.245300 -68.498390
v -26.590099 -94.245300 -68.498390
v -26.590099 -93.876404 -68.867294
v -27.267839 -111.726257 -68.169594
v -26.729137 -112.178040 -68.256470
v -26.729137 -94.800110 -68.256470
v -27.267839 -95.251892 -68.169594
v -26.729137 -112.178040 -68.256470
v -26.261303 -112.403992 -68.498390
v -26.261303 -94.574158 -68.498390
v -26.729137 -94.800110 -68.256470
v -25.892397 -94.574158 -68.867294
v -26.261303 -94.574158 -68.498390
v -26.261303 -112.403992 -68.498390
v -25.892397 -112.403992 -68.867294
v -69.305763 -111.726257 -68.169594
v -69.757584 -112.264954 -68.256470
v -26.816013 -112.264954 -68.256470
v -27.267839 -111.726257 -68.169594
v -69.757584 -112.264954 -68.256470
v -69.983505 -112.732727 -68.498390
v -26.590099 -112.732727 -68.498390
v -69.757584 -112.264954 -68.256470
v -26.590099 -112.732727 -68.498390
v -26.816013 -112.264954 -68.256470
v -25.563601 -95.251892 -69.873833
v -25.650476 -94.800110 -69.335129
v -25.650476 -112.178040 -69.335129
v -25.563601 -111.726257 -69.873833
v -25.650476 -94.800110 -69.335129
v -25.892397 -94.574158 -68.867294
v -25.892397 -112.403992 -68.867294
v -25.650476 -112.178040 -69.335129
v -25.563601 -95.251892 -97.709755
v -25.650476 -94.713196 -98.161583
v -25.650476 -94.713196 -69.422005
v -25.563601 -95.251892 -69.873833
v -25.650476 -94.713196 -98.161583
v -25.892397 -94.245300 -98.387497
v -25.892397 -94.245300 -69.196091
v -25.650476 -94.713196 -69.422005
v -26.261303 -93.876404 -69.196091
v -25.892397 -94.245300 -69.196091
v -25.892397 -94.245300 -98.387497
v -26.261303 -93.876404 -98.387497
v -25.563601 -111.726257 -97.709755
v -25.650476 -112.178040 -98.248459
v -25.650476 -94.800110 -98.248459
v -25.563601 -95.251892 -97.709755
v -25.650476 -112.178040 -98.248459
v -25.892397 -112.403992 -98.716301
v -25.892397 -94.574158 -98.716301
v -25.650476 -94.800110 -98.248459
v -26.261303 -94.574158 -99.085197
v -25.892397 -94.574158 -98.716301
v -25.892397 -112.403992 -98.716301
v -26.261303 -112.403992 -99.085197
v -25.563601 -111.726257 -69.873833
v -25.650476 -112.264954 -69.422005
v -25.650476 -112.264954 -98.161583
v -25.563601 -111.726257 -97.709755
v -25.650476 -112.264954 -69.422005
v -25.892397 -112.732727 -69.196091
v -25.892397 -112.732727 -98.387497
v -25.650476 -112.264954 -98.161583
v -27.267839 -111.726257 -99.414001
v -26.816013 -112.264954 -99.327118
v -69.757584 -112.264954 -99.327118
v -27.267839 -111.726257 -99.414001
v -69.757584 -112.264954 -99.327118
v -69.305763 -111.726257 -99.414001
v -26.816013 -112.264954 -99.327118
v -26.590099 -112.732727 -99.085197
v -69.983505 -112.732727 -99.085197
v -69.757584 -112.264954 -99.327118
v -27.267839 -95.251892 -99.414001
v -26.729137 -94.800110 -99.327118
v -26.729137 -112.178040 -99.327118
v -27.267839 -111.726257 -99.414001
v -26.729137 -94.800110 -99.327118
v -26.261303 -94.574158 -99.085197
v -26.261303 -112.403992 -99.085197
v -26.729137 -112.178040 -99.327118
v -69.305763 -95.251892 -99.414001
v -69.757584 -94.713196 -99.327118
v -26.816013 -94.713196 -99.327118
v -27.267839 -95.251892 -99.414001
v -69.757584 -94.713196 -99.327118
v -69.983505 -94.245300 -99.085197
v -26.590099 -94.245300 -99.085197
v -26.816013 -94.713196 -99.327118
v -26.590099 -93.876404 -98.716301
v -26.590099 -94.245300 -99.085197
v -69.983505 -94.245300 -99.085197
v -69.983505 -93.876404 -98.716301
v -69.305763 -111.726257 -99.414001
v -69.844467 -112.178040 -99.327118
v -69.844467 -94.800110 -99.327118
v -69.305763 -95.251892 -99.414001
v -69.844467 -112.178040 -99.327118
v -70.312294 -112.403992 -99.085197
v -70.312294 -94.574158 -99.085197
v -69.844467 -94.800110 -99.327118
v -70.681206 -94.574158 -98.716301
v -70.312294 -94.574158 -99.085197
v -70.312294 -112.403992 -99.085197
v -70.681206 -112.403992 -98.716301
v -71.010002 -111.726257 -97.709755
v -70.923126 -112.264954 -98.161583
v -70.923126 -112.264954 -69.422005
v -71.010002 -111.726257 -69.873833
v -70.923126 -112.264954 -98.161583
v -70.681206 -112.732727 -98.387497
v -70.681206 -112.732727 -69.196091
v -70.923126 -112.264954 -69.422005
v -71.010002 -95.251892 -97.709755
v -70.923126 -94.800110 -98.248459
v -70.923126 -112.178040 -98.248459
v -71.010002 -111.726257 -97.709755
v -70.923126 -94.800110 -98.248459
v -70.681206 -94.574158 -98.716301
v -70.681206 -112.403992 -98.716301
v -70.923126 -112.178040 -98.248459
v -71.010002 -95.251892 -69.873833
v -70.923126 -94.713196 -69.422005
v -70.923126 -94.713196 -98.161583
v -71.010002 -95.251892 -97.709755
v -70.923126 -94.713196 -69.422005
v -70.681206 -94.245300 -69.196091
v -70.681206 -94.245300 -98.387497
v -70.923126 -94.713196 -98.161583
v -70.312294 -93.876404 -98.387497
v -70.681206 -94.245300 -98.387497
v -70.681206 -94.245300 -69.196091
v -70.312294 -93.876404 -69.196091
v -71.010002 -111.726257 -69.873833
v -70.923126 -112.178040 -69.335129
v -70.923126 -94.800110 -69.335129
v -71.010002 -95.251892 -69.873833
v -70.923126 -112.178040 -69.335129
v -70.681206 -112.403992 -68.867294
v -70.681206 -94.574158 -68.867294
v -70.923126 -112.178040 -69.335129
v -70.681206 -94.574158 -68.867294
v -70.923126 -94.800110 -69.335129
v -69.305763 -93.547668 -97.709755
v -69.844467 -93.634460 -98.161583
v -69.844467 -93.634460 -69.422005
v -69.305763 -93.547668 -97.709755
v -69.844467 -93.634460 -69.422005
v -69.305763 -93.547668 -69.873833
v -69.844467 -93.634460 -98.161583
v -70.312294 -93.876404 -98.387497
v -70.312294 -93.876404 -69.196091
v -69.844467 -93.634460 -69.422005
v -27.267839 -93.547668 -97.709755
v -26.816013 -93.634460 -98.248459
v -69.757584 -93.634460 -98.248459
v -69.305763 -93.547668 -97.709755
v -26.816013 -93.634460 -98.248459
v -26.590099 -93.876404 -98.716301
v -69.983505 -93.876404 -98.716301
v -26.816013 -93.634460 -98.248459
v -69.983505 -93.876404 -98.716301
v -69.757584 -93.634460 -98.248459
v -27.267839 -93.547668 -69.873833
v -26.729137 -93.634460 -69.422005
v -26.729137 -93.634460 -98.161583
v -27.267839 -93.547668 -69.873833
v -26.729137 -93.634460 -98.161583
v -27.267839 -93.547668 -97.709755
v -26.729137 -93.634460 -69.422005
v -26.261303 -93.876404 -69.196091
v -26.261303 -93.876404 -98.387497
v -26.729137 -93.634460 -69.422005
v -26.261303 -93.876404 -98.387497
v -26.729137 -93.634460 -98.161583
v -69.305763 -93.547668 -69.873833
v -69.757584 -93.634460 -69.335129
v -26.816013 -93.634460 -69.335129
v -27.267839 -93.547668 -69.873833
v -69.757584 -93.634460 -69.335129
v -69.983505 -93.876404 -68.867294
v -26.590099 -93.876404 -68.867294
v -69.757584 -93.634460 -69.335129
v -26.590099 -93.876404 -68.867294
v -26.816013 -93.634460 -69.335129
v -69.757584 -112.264954 -68.256470
v -69.305763 -111.726257 -68.169594
v -69.844467 -112.178040 -68.256470
v -69.844467 -112.178040 -68.256470
v -70.312294 -112.403992 -68.498390
v -69.983505 -112.732727 -68.498390
v -69.844467 -112.178040 -68.256470
v -69.983505 -112.732727 -68.498390
v -69.757584 -112.264954 -68.256470
v -70.923126 -112.178040 -69.335129
v -71.010002 -111.726257 -69.873833
v -70.923126 -112.264954 -69.422005
v -70.923126 -112.264954 -69.422005
v -70.681206 -112.732727 -69.196091
v -70.681206 -112.403992 -68.867294
v -70.923126 -112.264954 -69.422005
v -70.681206 -112.403992 -68.867294
v -70.923126 -112.178040 -69.335129
v -69.844467 -113.343567 -69.422005
v -69.305763 -113.430481 -69.873833
v -69.757584 -113.343567 -69.335129
v -69.757584 -113.343567 -69.335129
v -69.983505 -113.101624 -68.867294
v -70.312294 -113.101624 -69.196091
v -69.757584 -113.343567 -69.335129
v -70.312294 -113.101624 -69.196091
v -69.844467 -113.343567 -69.422005
v -70.312294 -113.101624 -69.196091
v -69.983505 -113.101624 -68.867294
v -69.983505 -112.732727 -68.498390
v -70.312294 -112.403992 -68.498390
v -70.312294 -113.101624 -69.196091
v -69.983505 -112.732727 -68.498390
v -70.681206 -112.403992 -68.867294
v -70.681206 -112.403992 -68.867294
v -70.681206 -112.732727 -69.196091
v -70.312294 -113.101624 -69.196091
v -25.650476 -112.264954 -69.422005
v -25.563601 -111.726257 -69.873833
v -25.650476 -112.178040 -69.335129
v -25.650476 -112.178040 -69.335129
v -25.892397 -112.403992 -68.867294
v -25.892397 -112.732727 -69.196091
v -25.650476 -112.178040 -69.335129
v -25.892397 -112.732727 -69.196091
v -25.650476 -112.264954 -69.422005
v -26.729137 -112.178040 -68.256470
v -27.267839 -111.726257 -68.169594
v -26.816013 -112.264954 -68.256470
v -26.816013 -112.264954 -68.256470
v -26.590099 -112.732727 -68.498390
v -26.261303 -112.403992 -68.498390
v -26.816013 -112.264954 -68.256470
v -26.261303 -112.403992 -68.498390
v -26.729137 -112.178040 -68.256470
v -26.816013 -113.343567 -69.335129
v -27.267839 -113.430481 -69.873833
v -26.729137 -113.343567 -69.422005
v -26.729137 -113.343567 -69.422005
v -26.261303 -113.101624 -69.196091
v -26.590099 -113.101624 -68.867294
v -26.816013 -113.343567 -69.335129
v -26.590099 -113.101624 -68.867294
v -26.261303 -113.101624 -69.196091
v -25.892397 -112.732727 -69.196091
v -25.892397 -112.403992 -68.867294
v -26.590099 -113.101624 -68.867294
v -25.892397 -112.732727 -69.196091
v -26.261303 -112.403992 -68.498390
v -26.261303 -112.403992 -68.498390
v -26.590099 -112.732727 -68.498390
v -26.590099 -113.101624 -68.867294
v -26.816013 -112.264954 -99.327118
v -27.267839 -111.726257 -99.414001
v -26.729137 -112.178040 -99.327118
v -26.729137 -112.178040 -99.327118
v -26.261303 -112.403992 -99.085197
v -26.590099 -112.732727 -99.085197
v -26.729137 -112.178040 -99.327118
v -26.590099 -112.732727 -99.085197
v -26.816013 -112.264954 -99.327118
v -25.650476 -112.178040 -98.248459
v -25.563601 -111.726257 -97.709755
v -25.650476 -112.264954 -98.161583
v -25.650476 -112.264954 -98.161583
v -25.892397 -112.732727 -98.387497
v -25.892397 -112.403992 -98.716301
v -25.650476 -112.264954 -98.161583
v -25.892397 -112.403992 -98.716301
v -25.650476 -112.178040 -98.248459
v -26.729137 -113.343567 -98.161583
v -27.267839 -113.430481 -97.709755
v -26.816013 -113.343567 -98.248459
v -26.816013 -113.343567 -98.248459
v -26.590099 -113.101624 -98.716301
v -26.261303 -113.101624 -98.387497
v -26.729137 -113.343567 -98.161583
v -26.261303 -113.101624 -98.387497
v -26.590099 -113.101624 -98.716301
v -26.590099 -112.732727 -99.085197
v -26.261303 -112.403992 -99.085197
v -26.261303 -113.101624 -98.387497
v -26.590099 -112.732727 -99.085197
v -26.261303 -113.101624 -98.387497
v -26.261303 -112.403992 -99.085197
v -25.892397 -112.403992 -98.716301
v -25.892397 -112.403992 -98.716301
v -25.892397 -112.732727 -98.387497
v -26.261303 -113.101624 -98.387497
v -70.923126 -112.264954 -98.161583
v -71.010002 -111.726257 -97.709755
v -70.923126 -112.178040 -98.248459
v -70.923126 -112.178040 -98.248459
v -70.681206 -112.403992 -98.716301
v -70.681206 -112.732727 -98.387497
v -70.923126 -112.178040 -98.248459
v -70.681206 -112.732727 -98.387497
v -70.923126 -112.264954 -98.161583
v -69.844467 -112.178040 -99.327118
v -69.305763 -111.726257 -99.414001
v -69.757584 -112.264954 -99.327118
v -69.757584 -112.264954 -99.327118
v -69.983505 -112.732727 -99.085197
v -70.312294 -112.403992 -99.085197
v -69.757584 -112.264954 -99.327118
v -70.312294 -112.403992 -99.085197
v -69.844467 -112.178040 -99.327118
v -69.757584 -113.343567 -98.248459
v -69.305763 -113.430481 -97.709755
v -69.844467 -113.343567 -98.161583
v -69.844467 -113.343567 -98.161583
v -70.312294 -113.101624 -98.387497
v -69.983505 -113.101624 -98.716301
v -69.844467 -113.343567 -98.161583
v -69.983505 -113.101624 -98.716301
v -69.757584 -113.343567 -98.248459
v -69.983505 -113.101624 -98.716301
v -70.312294 -113.101624 -98.387497
v -70.681206 -112.732727 -98.387497
v -70.681206 -112.403992 -98.716301
v -69.983505 -113.101624 -98.716301
v -70.681206 -112.732727 -98.387497
v -70.312294 -112.403992 -99.085197
v -70.312294 -112.403992 -99.085197
v -69.983505 -112.732727 -99.085197
v -69.983505 -113.101624 -98.716301
v -69.757584 -93.634460 -69.335129
v -69.305763 -93.547668 -69.873833
v -69.844467 -93.634460 -69.422005
v -69.844467 -93.634460 -69.422005
v -70.312294 -93.876404 -69.196091
v -69.983505 -93.876404 -68.867294
v -69.844467 -93.634460 -69.422005
v -69.983505 -93.876404 -68.867294
v -69.757584 -93.634460 -69.335129
v -70.923126 -94.713196 -69.422005
v -71.010002 -95.251892 -69.873833
v -70.923126 -94.800110 -69.335129
v -70.923126 -94.800110 -69.335129
v -70.681206 -94.574158 -68.867294
v -70.681206 -94.245300 -69.196091
v -70.923126 -94.800110 -69.335129
v -70.681206 -94.245300 -69.196091
v -70.923126 -94.713196 -69.422005
v -69.844467 -94.800110 -68.256470
v -69.305763 -95.251892 -68.169594
v -69.757584 -94.713196 -68.256470
v -69.757584 -94.713196 -68.256470
v -69.983505 -94.245300 -68.498390
v -70.312294 -94.574158 -68.498390
v -69.757584 -94.713196 -68.256470
v -70.312294 -94.574158 -68.498390
v -69.844467 -94.800110 -68.256470
v -70.312294 -94.574158 -68.498390
v -69.983505 -94.245300 -68.498390
v -69.983505 -93.876404 -68.867294
v -70.312294 -93.876404 -69.196091
v -70.312294 -94.574158 -68.498390
v -69.983505 -93.876404 -68.867294
v -70.312294 -94.574158 -68.498390
v -70.312294 -93.876404 -69.196091
v -70.681206 -94.245300 -69.196091
v -70.681206 -94.245300 -69.196091
v -70.681206 -94.574158 -68.867294
v -25.650476 -94.800110 -69.335129
v -25.563601 -95.251892 -69.873833
v -25.650476 -94.713196 -69.422005
v -25.650476 -94.713196 -69.422005
v -25.892397 -94.245300 -69.196091
v -25.892397 -94.574158 -68.867294
v -25.650476 -94.800110 -69.335129
v -26.729137 -93.634460 -69.422005
v -27.267839 -93.547668 -69.873833
v -26.816013 -93.634460 -69.335129
v -26.816013 -93.634460 -69.335129
v -26.590099 -93.876404 -68.867294
v -26.261303 -93.876404 -69.196091
v -26.816013 -93.634460 -69.335129
v -26.261303 -93.876404 -69.196091
v -26.729137 -93.634460 -69.422005
v -26.816013 -94.713196 -68.256470
v -27.267839 -95.251892 -68.169594
v -26.729137 -94.800110 -68.256470
v -26.729137 -94.800110 -68.256470
v -26.261303 -94.574158 -68.498390
v -26.590099 -94.245300 -68.498390
v -26.816013 -94.713196 -68.256470
v -26.590099 -94.245300 -68.498390
v -26.261303 -94.574158 -68.498390
v -25.892397 -94.574158 -68.867294
v -25.892397 -94.245300 -69.196091
v -26.590099 -94.245300 -68.498390
v -25.892397 -94.245300 -69.196091
v -26.261303 -93.876404 -69.196091
v -26.261303 -93.876404 -69.196091
v -26.590099 -93.876404 -68.867294
v -26.590099 -94.245300 -68.498390
v -26.729137 -94.800110 -99.327118
v -27.267839 -95.251892 -99.414001
v -26.816013 -94.713196 -99.327118
v -26.816013 -94.713196 -99.327118
v -26.590099 -94.245300 -99.085197
v -26.261303 -94.574158 -99.085197
v -26.729137 -94.800110 -99.327118
v -26.816013 -93.634460 -98.248459
v -27.267839 -93.547668 -97.709755
v -26.729137 -93.634460 -98.161583
v -26.729137 -93.634460 -98.161583
v -26.261303 -93.876404 -98.387497
v -26.590099 -93.876404 -98.716301
v -26.816013 -93.634460 -98.248459
v -25.650476 -94.713196 -98.161583
v -25.563601 -95.251892 -97.709755
v -25.650476 -94.800110 -98.248459
v -25.650476 -94.800110 -98.248459
v -25.892397 -94.574158 -98.716301
v -25.892397 -94.245300 -98.387497
v -25.650476 -94.713196 -98.161583
v -25.892397 -94.245300 -98.387497
v -25.892397 -94.574158 -98.716301
v -26.261303 -94.574158 -99.085197
v -26.590099 -94.245300 -99.085197
v -25.892397 -94.245300 -98.387497
v -26.590099 -94.245300 -99.085197
v -26.590099 -93.876404 -98.716301
v -26.590099 -93.876404 -98.716301
v -26.261303 -93.876404 -98.387497
v -25.892397 -94.245300 -98.387497
v -70.923126 -94.800110 -98.248459
v -71.010002 -95.251892 -97.709755
v -70.923126 -94.713196 -98.161583
v -70.923126 -94.713196 -98.161583
v -70.681206 -94.245300 -98.387497
v -70.681206 -94.574158 -98.716301
v -70.923126 -94.713196 -98.161583
v -70.681206 -94.574158 -98.716301
v -70.923126 -94.800110 -98.248459
v -69.844467 -93.634460 -98.161583
v -69.305763 -93.547668 -97.709755
v -69.757584 -93.634460 -98.248459
v -69.757584 -93.634460 -98.248459
v -69.983505 -93.876404 -98.716301
v -70.312294 -93.876404 -98.387497
v -69.757584 -93.634460 -98.248459
v -70.312294 -93.876404 -98.387497
v -69.844467 -93.634460 -98.161583
v -69.757584 -94.713196 -99.327118
v -69.305763 -95.251892 -99.414001
v -69.844467 -94.800110 -99.327118
v -69.844467 -94.800110 -99.327118
v -70.312294 -94.574158 -99.085197
v -69.983505 -94.245300 -99.085197
v -69.844467 -94.800110 -99.327118
v -69.983505 -94.245300 -99.085197
v -69.757584 -94.713196 -99.327118
v -69.983505 -94.245300 -99.085197
v -70.312294 -94.574158 -99.085197
v -70.681206 -94.574158 -98.716301
v -70.681206 -94.245300 -98.387497
v -69.983505 -94.245300 -99.085197
v -70.681206 -94.245300 -98.387497
v -70.312294 -93.876404 -98.387497
v -70.312294 -93.876404 -98.387497
v -69.983505 -93.876404 -98.716301
v 27.267839 -113.430481 -69.873833
v 27.267839 -113.430481 -97.709755
v 69.305763 -113.430481 -97.709755
v 69.305763 -113.430481 -69.873833
v 69.305763 -95.251892 -68.169594
v 27.267839 -95.251892 -68.169594
v 27.267839 -111.726257 -68.169594
v 69.305763 -111.726257 -68.169594
v 25.563601 -95.251892 -69.873833
v 25.563601 -95.251892 -97.709755
v 25.563601 -111.726257 -97.709755
v 25.563601 -111.726257 -69.873833
v 27.267839 -111.726257 -99.414001
v 27.267839 -95.251892 -99.414001
v 69.305763 -95.251892 -99.414001
v 69.305763 -111.726257 -99.414001
v 71.010002 -111.726257 -97.709755
v 71.010002 -95.251892 -97.709755
v 71.010002 -95.251892 -69.873833
v 71.010002 -111.726257 -69.873833
v 69.305763 -93.547668 -97.709755
v 27.267839 -93.547668 -97.709755
v 27.267839 -93.547668 -69.873833
v 69.305763 -93.547668 -69.873833
v 69.757584 -113.343567 -69.335129
v 26.816013 -113.343567 -69.335129
v 27.267839 -113.430481 -69.873833
v 69.305763 -113.430481 -69.873833
v 69.983505 -113.101624 -68.867294
v 26.590099 -113.101624 -68.867294
v 26.816013 -113.343567 -69.335129
v 69.983505 -113.101624 -68.867294
v 26.816013 -113.343567 -69.335129
v 69.757584 -113.343567 -69.335129
v 26.590099 -113.101624 -68.867294
v 69.983505 -113.101624 -68.867294
v 69.983505 -112.732727 -68.498390
v 26.590099 -112.732727 -68.498390
v 26.729137 -113.343567 -69.422005
v 26.729137 -113.343567 -98.161583
v 27.267839 -113.430481 -97.709755
v 27.267839 -113.430481 -69.873833
v 26.261303 -113.101624 -69.196091
v 26.261303 -113.101624 -98.387497
v 26.729137 -113.343567 -98.161583
v 26.261303 -113.101624 -69.196091
v 26.729137 -113.343567 -98.161583
v 26.729137 -113.343567 -69.422005
v 26.261303 -113.101624 -98.387497
v 26.261303 -113.101624 -69.196091
v 25.892397 -112.732727 -69.196091
v 25.892397 -112.732727 -98.387497
v 26.816013 -113.343567 -98.248459
v 69.757584 -113.343567 -98.248459
v 69.305763 -113.430481 -97.709755
v 27.267839 -113.430481 -97.709755
v 26.590099 -113.101624 -98.716301
v 69.983505 -113.101624 -98.716301
v 69.757584 -113.343567 -98.248459
v 26.590099 -113.101624 -98.716301
v 69.757584 -113.343567 -98.248459
v 26.816013 -113.343567 -98.248459
v 69.983505 -113.101624 -98.716301
v 26.590099 -113.101624 -98.716301
v 26.590099 -112.732727 -99.085197
v 69.983505 -112.732727 -99.085197
v 69.844467 -113.343567 -98.161583
v 69.844467 -113.343567 -69.422005
v 69.305763 -113.430481 -69.873833
v 69.305763 -113.430481 -97.709755
v 70.312294 -113.101624 -98.387497
v 70.312294 -113.101624 -69.196091
v 69.844467 -113.343567 -69.422005
v 70.312294 -113.101624 -98.387497
v 69.844467 -113.343567 -69.422005
v 69.844467 -113.343567 -98.161583
v 70.312294 -113.101624 -69.196091
v 70.312294 -113.101624 -98.387497
v 70.681206 -112.732727 -98.387497
v 70.681206 -112.732727 -69.196091
v 69.844467 -112.178040 -68.256470
v 69.844467 -94.800110 -68.256470
v 69.305763 -95.251892 -68.169594
v 69.305763 -111.726257 -68.169594
v 70.312294 -112.403992 -68.498390
v 70.312294 -94.574158 -68.498390
v 69.844467 -94.800110 -68.256470
v 69.844467 -112.178040 -68.256470
v 70.312294 -94.574158 -68.498390
v 70.312294 -112.403992 -68.498390
v 70.681206 -112.403992 -68.867294
v 70.681206 -94.574158 -68.867294
v 69.757584 -94.713196 -68.256470
v 26.816013 -94.713196 -68.256470
v 27.267839 -95.251892 -68.169594
v 69.305763 -95.251892 -68.169594
v 69.983505 -94.245300 -68.498390
v 26.590099 -94.245300 -68.498390
v 26.816013 -94.713196 -68.256470
v 69.757584 -94.713196 -68.256470
v 26.590099 -94.245300 -68.498390
v 69.983505 -94.245300 -68.498390
v 69.983505 -93.876404 -68.867294
v 26.590099 -93.876404 -68.867294
v 26.729137 -94.800110 -68.256470
v 26.729137 -112.178040 -68.256470
v 27.267839 -111.726257 -68.169594
v 27.267839 -95.251892 -68.169594
v 26.261303 -94.574158 -68.498390
v 26.261303 -112.403992 -68.498390
v 26.729137 -112.178040 -68.256470
v 26.729137 -94.800110 -68.256470
v 26.261303 -112.403992 -68.498390
v 26.261303 -94.574158 -68.498390
v 25.892397 -94.574158 -68.867294
v 25.892397 -112.403992 -68.867294
v 26.816013 -112.264954 -68.256470
v 69.757584 -112.264954 -68.256470
v 69.305763 -111.726257 -68.169594
v 27.267839 -111.726257 -68.169594
v 26.590099 -112.732727 -68.498390
v 69.983505 -112.732727 -68.498390
v 69.757584 -112.264954 -68.256470
v 26.590099 -112.732727 -68.498390
v 69.757584 -112.264954 -68.256470
v 26.816013 -112.264954 -68.256470
v 25.650476 -112.178040 -69.335129
v 25.650476 -94.800110 -69.335129
v 25.563601 -95.251892 -69.873833
v 25.563601 -111.726257 -69.873833
v 25.892397 -112.403992 -68.867294
v 25.892397 -94.574158 -68.867294
v 25.650476 -94.800110 -69.335129
v 25.650476 -112.178040 -69.335129
v 25.650476 -94.713196 -69.422005
v 25.650476 -94.713196 -98.161583
v 25.563601 -95.251892 -97.709755
v 25.563601 -95.251892 -69.873833
v 25.892397 -94.245300 -69.196091
v 25.892397 -94.245300 -98.387497
v 25.650476 -94.713196 -98.161583
v 25.650476 -94.713196 -69.422005
v 25.892397 -94.245300 -98.387497
v 25.892397 -94.245300 -69.196091
v 26.261303 -93.876404 -69.196091
v 26.261303 -93.876404 -98.387497
v 25.650476 -94.800110 -98.248459
v 25.650476 -112.178040 -98.248459
v 25.563601 -111.726257 -97.709755
v 25.563601 -95.251892 -97.709755
v 25.892397 -94.574158 -98.716301
v 25.892397 -112.403992 -98.716301
v 25.650476 -112.178040 -98.248459
v 25.650476 -94.800110 -98.248459
v 25.892397 -112.403992 -98.716301
v 25.892397 -94.574158 -98.716301
v 26.261303 -94.574158 -99.085197
v 26.261303 -112.403992 -99.085197
v 25.650476 -112.264954 -98.161583
v 25.650476 -112.264954 -69.422005
v 25.563601 -111.726257 -69.873833
v 25.563601 -111.726257 -97.709755
v 25.892397 -112.732727 -98.387497
v 25.892397 -112.732727 -69.196091
v 25.650476 -112.264954 -69.422005
v 25.650476 -112.264954 -98.161583
v 69.757584 -112.264954 -99.327118
v 26.816013 -112.264954 -99.327118
v 27.267839 -111.726257 -99.414001
v 69.757584 -112.264954 -99.327118
v 27.267839 -111.726257 -99.414001
v 69.305763 -111.726257 -99.414001
v 69.983505 -112.732727 -99.085197
v 26.590099 -112.732727 -99.085197
v 26.816013 -112.264954 -99.327118
v 69.983505 -112.732727 -99.085197
v 26.816013 -112.264954 -99.327118
v 69.757584 -112.264954 -99.327118
v 26.729137 -112.178040 -99.327118
v 26.729137 -94.800110 -99.327118
v 27.267839 -95.251892 -99.414001
v 27.267839 -111.726257 -99.414001
v 26.261303 -112.403992 -99.085197
v 26.261303 -94.574158 -99.085197
v 26.729137 -94.800110 -99.327118
v 26.729137 -112.178040 -99.327118
v 26.816013 -94.713196 -99.327118
v 69.757584 -94.713196 -99.327118
v 69.305763 -95.251892 -99.414001
v 26.816013 -94.713196 -99.327118
v 69.305763 -95.251892 -99.414001
v 27.267839 -95.251892 -99.414001
v 26.590099 -94.245300 -99.085197
v 69.983505 -94.245300 -99.085197
v 69.757584 -94.713196 -99.327118
v 26.816013 -94.713196 -99.327118
v 69.983505 -94.245300 -99.085197
v 26.590099 -94.245300 -99.085197
v 26.590099 -93.876404 -98.716301
v 69.983505 -93.876404 -98.716301
v 69.844467 -94.800110 -99.327118
v 69.844467 -112.178040 -99.327118
v 69.305763 -111.726257 -99.414001
v 69.305763 -95.251892 -99.414001
v 70.312294 -94.574158 -99.085197
v 70.312294 -112.403992 -99.085197
v 69.844467 -112.178040 -99.327118
v 69.844467 -94.800110 -99.327118
v 70.312294 -112.403992 -99.085197
v 70.312294 -94.574158 -99.085197
v 70.681206 -94.574158 -98.716301
v 70.681206 -112.403992 -98.716301
v 70.923126 -112.264954 -69.422005
v 70.923126 -112.264954 -98.161583
v 71.010002 -111.726257 -97.709755
v 71.010002 -111.726257 -69.873833
v 70.681206 -112.732727 -69.196091
v 70.681206 -112.732727 -98.387497
v 70.923126 -112.264954 -98.161583
v 70.923126 -112.264954 -69.422005
v 70.923126 -112.178040 -98.248459
v 70.923126 -94.800110 -98.248459
v 71.010002 -95.251892 -97.709755
v 71.010002 -111.726257 -97.709755
v 70.681206 -112.403992 -98.716301
v 70.681206 -94.574158 -98.716301
v 70.923126 -94.800110 -98.248459
v 70.923126 -112.178040 -98.248459
v 70.923126 -94.713196 -98.161583
v 70.923126 -94.713196 -69.422005
v 71.010002 -95.251892 -69.873833
v 71.010002 -95.251892 -97.709755
v 70.681206 -94.245300 -98.387497
v 70.681206 -94.245300 -69.196091
v 70.923126 -94.713196 -69.422005
v 70.923126 -94.713196 -98.161583
v 70.681206 -94.245300 -69.196091
v 70.681206 -94.245300 -98.387497
v 70.312294 -93.876404 -98.387497
v 70.312294 -93.876404 -69.196091
v 70.923126 -94.800110 -69.335129
v 70.923126 -112.178040 -69.335129
v 71.010002 -111.726257 -69.873833
v 71.010002 -95.251892 -69.873833
v 70.681206 -94.574158 -68.867294
v 70.681206 -112.403992 -68.867294
v 70.923126 -112.178040 -69.335129
v 70.681206 -94.574158 -68.867294
v 70.923126 -112.178040 -69.335129
v 70.923126 -94.800110 -69.335129
v 69.844467 -93.634460 -69.422005
v 69.844467 -93.634460 -98.161583
v 69.305763 -93.547668 -97.709755
v 69.305763 -93.547668 -69.873833
v 70.312294 -93.876404 -69.196091
v 70.312294 -93.876404 -98.387497
v 69.844467 -93.634460 -98.161583
v 69.844467 -93.634460 -69.422005
v 69.757584 -93.634460 -98.248459
v 26.816013 -93.634460 -98.248459
v 27.267839 -93.547668 -97.709755
v 69.305763 -93.547668 -97.709755
v 69.983505 -93.876404 -98.716301
v 26.590099 -93.876404 -98.716301
v 26.816013 -93.634460 -98.248459
v 69.983505 -93.876404 -98.716301
v 26.816013 -93.634460 -98.248459
v 69.757584 -93.634460 -98.248459
v 26.729137 -93.634460 -98.161583
v 26.729137 -93.634460 -69.422005
v 27.267839 -93.547668 -69.873833
v 27.267839 -93.547668 -97.709755
v 26.261303 -93.876404 -98.387497
v 26.261303 -93.876404 -69.196091
v 26.729137 -93.634460 -69.422005
v 26.261303 -93.876404 -98.387497
v 26.729137 -93.634460 -69.422005
v 26.729137 -93.634460 -98.161583
v 26.816013 -93.634460 -69.335129
v 69.757584 -93.634460 -69.335129
v 69.305763 -93.547668 -69.873833
v 27.267839 -93.547668 -69.873833
v 26.590099 -93.876404 -68.867294
v 69.983505 -93.876404 -68.867294
v 69.757584 -93.634460 -69.335129
v 26.816013 -93.634460 -69.335129
v 69.305763 -111.726257 -68.169594
v 69.757584 -112.264954 -68.256470
v 69.844467 -112.178040 -68.256470
v 69.983505 -112.732727 -68.498390
v 70.312294 -112.403992 -68.498390
v 69.844467 -112.178040 -68.256470
v 69.983505 -112.732727 -68.498390
v 69.844467 -112.178040 -68.256470
v 69.757584 -112.264954 -68.256470
v 71.010002 -111.726257 -69.873833
v 70.923126 -112.178040 -69.335129
v 70.923126 -112.264954 -69.422005
v 70.681206 -112.403992 -68.867294
v 70.681206 -112.732727 -69.196091
v 70.923126 -112.264954 -69.422005
v 70.681206 -112.403992 -68.867294
v 70.923126 -112.264954 -69.422005
v 70.923126 -112.178040 -69.335129
v 69.305763 -113.430481 -69.873833
v 69.844467 -113.343567 -69.422005
v 69.757584 -113.343567 -69.335129
v 70.312294 -113.101624 -69.196091
v 69.983505 -113.101624 -68.867294
v 69.757584 -113.343567 -69.335129
v 69.844467 -113.343567 -69.422005
v 70.312294 -113.101624 -69.196091
v 70.681206 -112.732727 -69.196091
v 70.681206 -112.403992 -68.867294
v 70.312294 -112.403992 -68.498390
v 70.312294 -113.101624 -69.196091
v 70.681206 -112.403992 -68.867294
v 69.983505 -112.732727 -68.498390
v 69.983505 -112.732727 -68.498390
v 69.983505 -113.101624 -68.867294
v 70.312294 -113.101624 -69.196091
v 25.563601 -111.726257 -69.873833
v 25.650476 -112.264954 -69.422005
v 25.650476 -112.178040 -69.335129
v 25.892397 -112.732727 -69.196091
v 25.892397 -112.403992 -68.867294
v 25.650476 -112.178040 -69.335129
v 25.892397 -112.732727 -69.196091
v 25.650476 -112.178040 -69.335129
v 25.650476 -112.264954 -69.422005
v 27.267839 -111.726257 -68.169594
v 26.729137 -112.178040 -68.256470
v 26.816013 -112.264954 -68.256470
v 26.261303 -112.403992 -68.498390
v 26.590099 -112.732727 -68.498390
v 26.816013 -112.264954 -68.256470
v 26.261303 -112.403992 -68.498390
v 26.816013 -112.264954 -68.256470
v 26.729137 -112.178040 -68.256470
v 27.267839 -113.430481 -69.873833
v 26.816013 -113.343567 -69.335129
v 26.729137 -113.343567 -69.422005
v 26.590099 -113.101624 -68.867294
v 26.261303 -113.101624 -69.196091
v 26.729137 -113.343567 -69.422005
v 26.590099 -113.101624 -68.867294
v 26.729137 -113.343567 -69.422005
v 26.816013 -113.343567 -69.335129
v 26.590099 -113.101624 -68.867294
v 26.590099 -112.732727 -68.498390
v 26.261303 -112.403992 -68.498390
v 25.892397 -112.403992 -68.867294
v 26.590099 -113.101624 -68.867294
v 26.261303 -112.403992 -68.498390
v 25.892397 -112.732727 -69.196091
v 25.892397 -112.732727 -69.196091
v 26.261303 -113.101624 -69.196091
v 26.590099 -113.101624 -68.867294
v 27.267839 -111.726257 -99.414001
v 26.816013 -112.264954 -99.327118
v 26.729137 -112.178040 -99.327118
v 26.590099 -112.732727 -99.085197
v 26.261303 -112.403992 -99.085197
v 26.729137 -112.178040 -99.327118
v 26.590099 -112.732727 -99.085197
v 26.729137 -112.178040 -99.327118
v 26.816013 -112.264954 -99.327118
v 25.563601 -111.726257 -97.709755
v 25.650476 -112.178040 -98.248459
v 25.650476 -112.264954 -98.161583
v 25.892397 -112.403992 -98.716301
v 25.892397 -112.732727 -98.387497
v 25.650476 -112.264954 -98.161583
v 25.892397 -112.403992 -98.716301
v 25.650476 -112.264954 -98.161583
v 25.650476 -112.178040 -98.248459
v 27.267839 -113.430481 -97.709755
v 26.729137 -113.343567 -98.161583
v 26.816013 -113.343567 -98.248459
v 26.261303 -113.101624 -98.387497
v 26.590099 -113.101624 -98.716301
v 26.816013 -113.343567 -98.248459
v 26.261303 -113.101624 -98.387497
v 26.816013 -113.343567 -98.248459
v 26.729137 -113.343567 -98.161583
v 26.261303 -113.101624 -98.387497
v 25.892397 -112.732727 -98.387497
v 25.892397 -112.403992 -98.716301
v 26.261303 -112.403992 -99.085197
v 26.261303 -113.101624 -98.387497
v 25.892397 -112.403992 -98.716301
v 26.261303 -113.101624 -98.387497
v 26.261303 -112.403992 -99.085197
v 26.590099 -112.732727 -99.085197
v 26.590099 -112.732727 -99.085197
v 26.590099 -113.101624 -98.716301
v 26.261303 -113.101624 -98.387497
v 71.010002 -111.726257 -97.709755
v 70.923126 -112.264954 -98.161583
v 70.923126 -112.178040 -98.248459
v 70.681206 -112.732727 -98.387497
v 70.681206 -112.403992 -98.716301
v 70.923126 -112.178040 -98.248459
v 70.681206 -112.732727 -98.387497
v 70.923126 -112.178040 -98.248459
v 70.923126 -112.264954 -98.161583
v 69.305763 -111.726257 -99.414001
v 69.844467 -112.178040 -99.327118
v 69.757584 -112.264954 -99.327118
v 70.312294 -112.403992 -99.085197
v 69.983505 -112.732727 -99.085197
v 69.757584 -112.264954 -99.327118
v 70.312294 -112.403992 -99.085197
v 69.757584 -112.264954 -99.327118
v 69.844467 -112.178040 -99.327118
v 69.305763 -113.430481 -97.709755
v 69.757584 -113.343567 -98.248459
v 69.844467 -113.343567 -98.161583
v 69.983505 -113.101624 -98.716301
v 70.312294 -113.101624 -98.387497
v 69.844467 -113.343567 -98.161583
v 69.757584 -113.343567 -98.248459
v 69.983505 -113.101624 -98.716301
v 69.983505 -112.732727 -99.085197
v 70.312294 -112.403992 -99.085197
v 70.681206 -112.403992 -98.716301
v 69.983505 -113.101624 -98.716301
v 70.312294 -112.403992 -99.085197
v 70.681206 -112.732727 -98.387497
v 70.681206 -112.732727 -98.387497
v 70.312294 -113.101624 -98.387497
v 69.983505 -113.101624 -98.716301
v 69.305763 -93.547668 -69.873833
v 69.757584 -93.634460 -69.335129
v 69.844467 -93.634460 -69.422005
v 69.983505 -93.876404 -68.867294
v 70.312294 -93.876404 -69.196091
v 69.844467 -93.634460 -69.422005
v 69.983505 -93.876404 -68.867294
v 69.844467 -93.634460 -69.422005
v 69.757584 -93.634460 -69.335129
v 71.010002 -95.251892 -69.873833
v 70.923126 -94.713196 -69.422005
v 70.923126 -94.800110 -69.335129
v 70.681206 -94.245300 -69.196091
v 70.681206 -94.574158 -68.867294
v 70.923126 -94.800110 -69.335129
v 70.923126 -94.713196 -69.422005
v 69.305763 -95.251892 -68.169594
v 69.844467 -94.800110 -68.256470
v 69.757584 -94.713196 -68.256470
v 70.312294 -94.574158 -68.498390
v 69.983505 -94.245300 -68.498390
v 69.757584 -94.713196 -68.256470
v 70.312294 -94.574158 -68.498390
v 69.757584 -94.713196 -68.256470
v 69.844467 -94.800110 -68.256470
v 70.312294 -94.574158 -68.498390
v 70.681206 -94.574158 -68.867294
v 70.681206 -94.245300 -69.196091
v 70.312294 -93.876404 -69.196091
v 70.312294 -94.574158 -68.498390
v 70.681206 -94.245300 -69.196091
v 70.312294 -93.876404 -69.196091
v 69.983505 -93.876404 -68.867294
v 69.983505 -93.876404 -68.867294
v 69.983505 -94.245300 -68.498390
v 70.312294 -94.574158 -68.498390
v 25.563601 -95.251892 -69.873833
v 25.650476 -94.800110 -69.335129
v 25.650476 -94.713196 -69.422005
v 25.892397 -94.574158 -68.867294
v 25.892397 -94.245300 -69.196091
v 25.650476 -94.713196 -69.422005
v 25.650476 -94.800110 -69.335129
v 27.267839 -93.547668 -69.873833
v 26.729137 -93.634460 -69.422005
v 26.816013 -93.634460 -69.335129
v 26.261303 -93.876404 -69.196091
v 26.590099 -93.876404 -68.867294
v 26.816013 -93.634460 -69.335129
v 26.261303 -93.876404 -69.196091
v 26.816013 -93.634460 -69.335129
v 26.729137 -93.634460 -69.422005
v 27.267839 -95.251892 -68.169594
v 26.816013 -94.713196 -68.256470
v 26.729137 -94.800110 -68.256470
v 26.590099 -94.245300 -68.498390
v 26.261303 -94.574158 -68.498390
v 26.729137 -94.800110 -68.256470
v 26.590099 -94.245300 -68.498390
v 26.729137 -94.800110 -68.256470
v 26.816013 -94.713196 -68.256470
v 26.590099 -94.245300 -68.498390
v 26.590099 -93.876404 -68.867294
v 26.261303 -93.876404 -69.196091
v 25.892397 -94.245300 -69.196091
v 26.590099 -94.245300 -68.498390
v 26.261303 -93.876404 -69.196091
v 26.590099 -94.245300 -68.498390
v 25.892397 -94.245300 -69.196091
v 25.892397 -94.574158 -68.867294
v 26.261303 -94.574158 -68.498390
v 27.267839 -95.251892 -99.414001
v 26.729137 -94.800110 -99.327118
v 26.816013 -94.713196 -99.327118
v 26.261303 -94.574158 -99.085197
v 26.590099 -94.245300 -99.085197
v 26.816013 -94.713196 -99.327118
v 26.261303 -94.574158 -99.085197
v 26.816013 -94.713196 -99.327118
v 26.729137 -94.800110 -99.327118
v 27.267839 -93.547668 -97.709755
v 26.816013 -93.634460 -98.248459
v 26.729137 -93.634460 -98.161583
v 26.590099 -93.876404 -98.716301
v 26.261303 -93.876404 -98.387497
v 26.729137 -93.634460 -98.161583
v 26.590099 -93.876404 -98.716301
v 26.729137 -93.634460 -98.161583
v 26.816013 -93.634460 -98.248459
v 25.563601 -95.251892 -97.709755
v 25.650476 -94.713196 -98.161583
v 25.650476 -94.800110 -98.248459
v 25.892397 -94.245300 -98.387497
v 25.892397 -94.574158 -98.716301
v 25.650476 -94.800110 -98.248459
v 25.650476 -94.713196 -98.161583
v 25.892397 -94.245300 -98.387497
v 26.261303 -93.876404 -98.387497
v 26.590099 -93.876404 -98.716301
v 26.590099 -94.245300 -99.085197
v 25.892397 -94.245300 -98.387497
v 26.590099 -93.876404 -98.716301
v 25.892397 -94.245300 -98.387497
v 26.590099 -94.245300 -99.085197
v 26.261303 -94.574158 -99.085197
v 25.892397 -94.574158 -98.716301
v 71.010002 -95.251892 -97.709755
v 70.923126 -94.800110 -98.248459
v 70.923126 -94.713196 -98.161583
v 70.681206 -94.574158 -98.716301
v 70.681206 -94.245300 -98.387497
v 70.923126 -94.713196 -98.161583
v 70.681206 -94.574158 -98.716301
v 70.923126 -94.713196 -98.161583
v 70.923126 -94.800110 -98.248459
v 69.305763 -93.547668 -97.709755
v 69.844467 -93.634460 -98.161583
v 69.757584 -93.634460 -98.248459
v 70.312294 -93.876404 -98.387497
v 69.983505 -93.876404 -98.716301
v 69.757584 -93.634460 -98.248459
v 70.312294 -93.876404 -98.387497
v 69.757584 -93.634460 -98.248459
v 69.844467 -93.634460 -98.161583
v 69.305763 -95.251892 -99.414001
v 69.757584 -94.713196 -99.327118
v 69.844467 -94.800110 -99.327118
v 69.983505 -94.245300 -99.085197
v 70.312294 -94.574158 -99.085197
v 69.844467 -94.800110 -99.327118
v 69.757584 -94.713196 -99.327118
v 69.983505 -94.245300 -99.085197
v 69.983505 -93.876404 -98.716301
v 70.312294 -93.876404 -98.387497
v 70.681206 -94.245300 -98.387497
v 69.983505 -94.245300 -99.085197
v 70.312294 -93.876404 -98.387497
v 70.681206 -94.245300 -98.387497
v 70.681206 -94.574158 -98.716301
v 70.312294 -94.574158 -99.085197
v -27.267839 -113.430481 69.873833
v -27.267839 -113.430481 97.709755
v -69.305763 -113.430481 97.709755
v -69.305763 -113.430481 69.873833
v -69.305763 -95.251892 68.169594
v -27.267839 -95.251892 68.169594
v -27.267839 -111.726257 68.169594
v -69.305763 -111.726257 68.169594
v -25.563601 -95.251892 69.873833
v -25.563601 -95.251892 97.709755
v -25.563601 -111.726257 97.709755
v -25.563601 -111.726257 69.873833
v -27.267839 -111.726257 99.414001
v -27.267839 -95.251892 99.414001
v -69.305763 -95.251892 99.414001
v -69.305763 -111.726257 99.414001
v -71.010002 -111.726257 97.709755
v -71.010002 -95.251892 97.709755
v -71.010002 -95.251892 69.873833
v -71.010002 -111.726257 69.873833
v -69.305763 -93.547668 97.709755
v -27.267839 -93.547668 97.709755
v -27.267839 -93.547668 69.873833
v -69.305763 -93.547668 69.873833
v -69.757584 -113.343567 69.335129
v -26.816013 -113.343567 69.335129
v -27.267839 -113.430481 69.873833
v -69.305763 -113.430481 69.873833
v -69.983505 -113.101624 68.867294
v -26.590099 -113.101624 68.867294
v -26.816013 -113.343567 69.335129
v -69.983505 -113.101624 68.867294
v -26.816013 -113.343567 69.335129
v -69.757584 -113.343567 69.335129
v -26.590099 -113.101624 68.867294
v -69.983505 -113.101624 68.867294
v -69.983505 -112.732727 68.498390
v -26.590099 -112.732727 68.498390
v -26.729137 -113.343567 69.422005
v -26.729137 -113.343567 98.161583
v -27.267839 -113.430481 97.709755
v -27.267839 -113.430481 69.873833
v -26.261303 -113.101624 69.196091
v -26.261303 -113.101624 98.387497
v -26.729137 -113.343567 98.161583
v -26.261303 -113.101624 69.196091
v -26.729137 -113.343567 98.161583
v -26.729137 -113.343567 69.422005
v -26.261303 -113.101624 98.387497
v -26.261303 -113.101624 69.196091
v -25.892397 -112.732727 69.196091
v -25.892397 -112.732727 98.387497
v -26.816013 -113.343567 98.248459
v -69.757584 -113.343567 98.248459
v -69.305763 -113.430481 97.709755
v -27.267839 -113.430481 97.709755
v -26.590099 -113.101624 98.716301
v -69.983505 -113.101624 98.716301
v -69.757584 -113.343567 98.248459
v -26.590099 -113.101624 98.716301
v -69.757584 -113.343567 98.248459
v -26.816013 -113.343567 98.248459
v -69.983505 -113.101624 98.716301
v -26.590099 -113.101624 98.716301
v -26.590099 -112.732727 99.085197
v -69.983505 -112.732727 99.085197
v -69.844467 -113.343567 98.161583
v -69.844467 -113.343567 69.422005
v -69.305763 -113.430481 69.873833
v -69.305763 -113.430481 97.709755
v -70.312294 -113.101624 98.387497
v -70.312294 -113.101624 69.196091
v -69.844467 -113.343567 69.422005
v -70.312294 -113.101624 98.387497
v -69.844467 -113.343567 69.422005
v -69.844467 -113.343567 98.161583
v -70.312294 -113.101624 69.196091
v -70.312294 -113.101624 98.387497
v -70.681206 -112.732727 98.387497
v -70.681206 -112.732727 69.196091
v -69.844467 -112.178040 68.256470
v -69.844467 -94.800110 68.256470
v -69.305763 -95.251892 68.169594
v -69.305763 -111.726257 68.169594
v -70.312294 -112.403992 68.498390
v -70.312294 -94.574158 68.498390
v -69.844467 -94.800110 68.256470
v -69.844467 -112.178040 68.256470
v -70.312294 -94.574158 68.498390
v -70.312294 -112.403992 68.498390
v -70.681206 -112.403992 68.867294
v -70.681206 -94.574158 68.867294
v -69.757584 -94.713196 68.256470
v -26.816013 -94.713196 68.256470
v -27.267839 -95.251892 68.169594
v -69.305763 -95.251892 68.169594
v -69.983505 -94.245300 68.498390
v -26.590099 -94.245300 68.498390
v -26.816013 -94.713196 68.256470
v -69.757584 -94.713196 68.256470
v -26.590099 -94.245300 68.498390
v -69.983505 -94.245300 68.498390
v -69.983505 -93.876404 68.867294
v -26.590099 -93.876404 68.867294
v -26.729137 -94.800110 68.256470
v -26.729137 -112.178040 68.256470
v -27.267839 -111.726257 68.169594
v -27.267839 -95.251892 68.169594
v -26.261303 -94.574158 68.498390
v -26.261303 -112.403992 68.498390
v -26.729137 -112.178040 68.256470
v -26.729137 -94.800110 68.256470
v -26.261303 -112.403992 68.498390
v -26.261303 -94.574158 68.498390
v -25.892397 -94.574158 68.867294
v -25.892397 -112.403992 68.867294
v -26.816013 -112.264954 68.256470
v -69.757584 -112.264954 68.256470
v -69.305763 -111.726257 68.169594
v -27.267839 -111.726257 68.169594
v -26.590099 -112.732727 68.498390
v -69.983505 -112.732727 68.498390
v -69.757584 -112.264954 68.256470
v -26.590099 -112.732727 68.498390
v -69.757584 -112.264954 68.256470
v -26.816013 -112.264954 68.256470
v -25.650476 -112.178040 69.335129
v -25.650476 -94.800110 69.335129
v -25.563601 -95.251892 69.873833
v -25.563601 -111.726257 69.873833
v -25.892397 -112.403992 68.867294
v -25.892397 -94.574158 68.867294
v -25.650476 -94.800110 69.335129
v -25.650476 -112.178040 69.335129
v -25.650476 -94.713196 69.422005
v -25.650476 -94.713196 98.161583
v -25.563601 -95.251892 97.709755
v -25.563601 -95.251892 69.873833
v -25.892397 -94.245300 69.196091
v -25.892397 -94.245300 98.387497
v -25.650476 -94.713196 98.161583
v -25.650476 -94.713196 69.422005
v -25.892397 -94.245300 98.387497
v -25.892397 -94.245300 69.196091
v -26.261303 -93.876404 69.196091
v -26.261303 -93.876404 98.387497
v -25.650476 -94.800110 98.248459
v -25.650476 -112.178040 98.248459
v -25.563601 -111.726257 97.709755
v -25.563601 -95.251892 97.709755
v -25.892397 -94.574158 98.716301
v -25.892397 -112.403992 98.716301
v -25.650476 -112.178040 98.248459
v -25.650476 -94.800110 98.248459
v -25.892397 -112.403992 98.716301
v -25.892397 -94.574158 98.716301
v -26.261303 -94.574158 99.085197
v -26.261303 -112.403992 99.085197
v -25.650476 -112.264954 98.161583
v -25.650476 -112.264954 69.422005
v -25.563601 -111.726257 69.873833
v -25.563601 -111.726257 97.709755
v -25.892397 -112.732727 98.387497
v -25.892397 -112.732727 69.196091
v -25.650476 -112.264954 69.422005
v -25.650476 -112.264954 98.161583
v -69.757584 -112.264954 99.327118
v -26.816013 -112.264954 99.327118
v -27.267839 -111.726257 99.414001
v -69.757584 -112.264954 99.327118
v -27.267839 -111.726257 99.414001
v -69.305763 -111.726257 99.414001
v -69.983505 -112.732727 99.085197
v -26.590099 -112.732727 99.085197
v -26.816013 -112.264954 99.327118
v -69.983505 -112.732727 99.085197
v -26.816013 -112.264954 99.327118
v -69.757584 -112.264954 99.327118
v -26.729137 -112.178040 99.327118
v -26.729137 -94.800110 99.327118
v -27.267839 -95.251892 99.414001
v -27.267839 -111.726257 99.414001
v -26.261303 -112.403992 99.085197
v -26.261303 -94.574158 99.085197
v -26.729137 -94.800110 99.327118
v -26.729137 -112.178040 99.327118
v -26.816013 -94.713196 99.327118
v -69.757584 -94.713196 99.327118
v -69.305763 -95.251892 99.414001
v -26.816013 -94.713196 99.327118
v -69.305763 -95.251892 99.414001
v -27.267839 -95.251892 99.414001
v -26.590099 -94.245300 99.085197
v -69.983505 -94.245300 99.085197
v -69.757584 -94.713196 99.327118
v -26.816013 -94.713196 99.327118
v -69.983505 -94.245300 99.085197
v -26.590099 -94.245300 99.085197
v -26.590099 -93.876404 98.716301
v -69.983505 -93.876404 98.716301
v -69.844467 -94.800110 99.327118
v -69.844467 -112.178040 99.327118
v -69.305763 -111.726257 99.414001
v -69.305763 -95.251892 99.414001
v -70.312294 -94.574158 99.085197
v -70.312294 -112.403992 99.085197
v -69.844467 -112.178040 99.327118
v -69.844467 -94.800110 99.327118
v -70.312294 -112.403992 99.085197
v -70.312294 -94.574158 99.085197
v -70.681206 -94.574158 98.716301
v -70.681206 -112.403992 98.716301
v -70.923126 -112.264954 69.422005
v -70.923126 -112.264954 98.161583
v -71.010002 -111.726257 97.709755
v -71.010002 -111.726257 69.873833
v -70.681206 -112.732727 69.196091
v -70.681206 -112.732727 98.387497
v -70.923126 -112.264954 98.161583
v -70.923126 -112.264954 69.422005
v -70.923126 -112.178040 98.248459
v -70.923126 -94.800110 98.248459
v -71.010002 -95.251892 97.709755
v -71.010002 -111.726257 97.709755
v -70.681206 -112.403992 98.716301
v -70.681206 -94.574158 98.716301
v -70.923126 -94.800110 98.248459
v -70.923126 -112.178040 98.248459
v -70.923126 -94.713196 98.161583
v -70.923126 -94.713196 69.422005
v -71.010002 -95.251892 69.873833
v -71.010002 -95.251892 97.709755
v -70.681206 -94.245300 98.387497
v -70.681206 -94.245300 69.196091
v -70.923126 -94.713196 69.422005
v -70.923126 -94.713196 98.161583
v -70.681206 -94.245300 69.196091
v -70.681206 -94.245300 98.387497
v -70.312294 -93.876404 98.387497
v -70.312294 -93.876404 69.196091
v -70.923126 -94.800110 69.335129
v -70.923126 -112.178040 69.335129
v -71.010002 -111.726257 69.873833
v -71.010002 -95.251892 69.873833
v -70.681206 -94.574158 68.867294
v -70.681206 -112.403992 68.867294
v -70.923126 -112.178040 69.335129
v -70.681206 -94.574158 68.867294
v -70.923126 -112.178040 69.335129
v -70.923126 -94.800110 69.335129
v -69.844467 -93.634460 69.422005
v -69.844467 -93.634460 98.161583
v -69.305763 -93.547668 97.709755
v -69.305763 -93.547668 69.873833
v -70.312294 -93.876404 69.196091
v -70.312294 -93.876404 98.387497
v -69.844467 -93.634460 98.161583
v -69.844467 -93.634460 69.422005
v -69.757584 -93.634460 98.248459
v -26.816013 -93.634460 98.248459
v -27.267839 -93.547668 97.709755
v -69.305763 -93.547668 97.709755
v -69.983505 -93.876404 98.716301
v -26.590099 -93.876404 98.716301
v -26.816013 -93.634460 98.248459
v -69.983505 -93.876404 98.716301
v -26.816013 -93.634460 98.248459
v -69.757584 -93.634460 98.248459
v -26.729137 -93.634460 98.161583
v -26.729137 -93.634460 69.422005
v -27.267839 -93.547668 69.873833
v -27.267839 -93.547668 97.709755
v -26.261303 -93.876404 98.387497
v -26.261303 -93.876404 69.196091
v -26.729137 -93.634460 69.422005
v -26.261303 -93.876404 98.387497
v -26.729137 -93.634460 69.422005
v -26.729137 -93.634460 98.161583
v -26.816013 -93.634460 69.335129
v -69.757584 -93.634460 69.335129
v -69.305763 -93.547668 69.873833
v -27.267839 -93.547668 69.873833
v -26.590099 -93.876404 68.867294
v -69.983505 -93.876404 68.867294
v -69.757584 -93.634460 69.335129
v -26.816013 -93.634460 69.335129
v -69.305763 -111.726257 68.169594
v -69.757584 -112.264954 68.256470
v -69.844467 -112.178040 68.256470
v -69.983505 -112.732727 68.498390
v -70.312294 -112.403992 68.498390
v -69.844467 -112.178040 68.256470
v -69.983505 -112.732727 68.498390
v -69.844467 -112.178040 68.256470
v -69.757584 -112.264954 68.256470
v -71.010002 -111.726257 69.873833
v -70.923126 -112.178040 69.335129
v -70.923126 -112.264954 69.422005
v -70.681206 -112.403992 68.867294
v -70.681206 -112.732727 69.196091
v -70.923126 -112.264954 69.422005
v -70.681206 -112.403992 68.867294
v -70.923126 -112.264954 69.422005
v -70.923126 -112.178040 69.335129
v -69.305763 -113.430481 69.873833
v -69.844467 -113.343567 69.422005
v -69.757584 -113.343567 69.335129
v -70.312294 -113.101624 69.196091
v -69.983505 -113.101624 68.867294
v -69.757584 -113.343567 69.335129
v -69.844467 -113.343567 69.422005
v -70.312294 -113.101624 69.196091
v -70.681206 -112.732727 69.196091
v -70.681206 -112.403992 68.867294
v -70.312294 -112.403992 68.498390
v -70.312294 -113.101624 69.196091
v -70.681206 -112.403992 68.867294
v -69.983505 -112.732727 68.498390
v -69.983505 -112.732727 68.498390
v -69.983505 -113.101624 68.867294
v -70.312294 -113.101624 69.196091
v -25.563601 -111.726257 69.873833
v -25.650476 -112.264954 69.422005
v -25.650476 -112.178040 69.335129
v -25.892397 -112.732727 69.196091
v -25.892397 -112.403992 68.867294
v -25.650476 -112.178040 69.335129
v -25.892397 -112.732727 69.196091
v -25.650476 -112.178040 69.335129
v -25.650476 -112.264954 69.422005
v -27.267839 -111.726257 68.169594
v -26.729137 -112.178040 68.256470
v -26.816013 -112.264954 68.256470
v -26.261303 -112.403992 68.498390
v -26.590099 -112.732727 68.498390
v -26.816013 -112.264954 68.256470
v -26.261303 -112.403992 68.498390
v -26.816013 -112.264954 68.256470
v -26.729137 -112.178040 68.256470
v -27.267839 -113.430481 69.873833
v -26.816013 -113.343567 69.335129
v -26.729137 -113.343567 69.422005
v -26.590099 -113.101624 68.867294
v -26.261303 -113.101624 69.196091
v -26.729137 -113.343567 69.422005
v -26.590099 -113.101624 68.867294
v -26.729137 -113.343567 69.422005
v -26.816013 -113.343567 69.335129
v -26.590099 -113.101624 68.867294
v -26.590099 -112.732727 68.498390
v -26.261303 -112.403992 68.498390
v -25.892397 -112.403992 68.867294
v -26.590099 -113.101624 68.867294
v -26.261303 -112.403992 68.498390
v -25.892397 -112.732727 69.196091
v -25.892397 -112.732727 69.196091
v -26.261303 -113.101624 69.196091
v -26.590099 -113.101624 68.867294
v -27.267839 -111.726257 99.414001
v -26.816013 -112.264954 99.327118
v -26.729137 -112.178040 99.327118
v -26.590099 -112.732727 99.085197
v -26.261303 -112.403992 99.085197
v -26.729137 -112.178040 99.327118
v -26.590099 -112.732727 99.085197
v -26.729137 -112.178040 99.327118
v -26.816013 -112.264954 99.327118
v -25.563601 -111.726257 97.709755
v -25.650476 -112.178040 98.248459
v -25.650476 -112.264954 98.161583
v -25.892397 -112.403992 98.716301
v -25.892397 -112.732727 98.387497
v -25.650476 -112.264954 98.161583
v -25.892397 -112.403992 98.716301
v -25.650476 -112.264954 98.161583
v -25.650476 -112.178040 98.248459
v -27.267839 -113.430481 97.709755
v -26.729137 -113.343567 98.161583
v -26.816013 -113.343567 98.248459
v -26.261303 -113.101624 98.387497
v -26.590099 -113.101624 98.716301
v -26.816013 -113.343567 98.248459
v -26.261303 -113.101624 98.387497
v -26.816013 -113.343567 98.248459
v -26.729137 -113.343567 98.161583
v -26.261303 -113.101624 98.387497
v -25.892397 -112.732727 98.387497
v -25.892397 -112.403992 98.716301
v -26.261303 -112.403992 99.085197
v -26.261303 -113.101624 98.387497
v -25.892397 -112.403992 98.716301
v -26.261303 -113.101624 98.387497
v -26.261303 -112.403992 99.085197
v -26.590099 -112.732727 99.085197
v -26.590099 -112.732727 99.085197
v -26.590099 -113.101624 98.716301
v -26.261303 -113.101624 98.387497
v -71.010002 -111.726257 97.709755
v -70.923126 -112.264954 98.161583
v -70.923126 -112.178040 98.248459
v -70.681206 -112.732727 98.387497
v -70.681206 -112.403992 98.716301
v -70.923126 -112.178040 98.248459
v -70.681206 -112.732727 98.387497
v -70.923126 -112.178040 98.248459
v -70.923126 -112.264954 98.161583
v -69.305763 -111.726257 99.414001
v -69.844467 -112.178040 99.327118
v -69.757584 -112.264954 99.327118
v -70.312294 -112.403992 99.085197
v -69.983505 -112.732727 99.085197
v -69.757584 -112.264954 99.327118
v -70.312294 -112.403992 99.085197
v -69.757584 -112.264954 99.327118
v -69.844467 -112.178040 99.327118
v -69.305763 -113.430481 97.709755
v -69.757584 -113.343567 98.248459
v -69.844467 -113.343567 98.161583
v -69.983505 -113.101624 98.716301
v -70.312294 -113.101624 98.387497
v -69.844467 -113.343567 98.161583
v -69.757584 -113.343567 98.248459
v -69.983505 -113.101624 98.716301
v -69.983505 -112.732727 99.085197
v -70.312294 -112.403992 99.085197
v -70.681206 -112.403992 98.716301
v -69.983505 -113.101624 98.716301
v -70.312294 -112.403992 99.085197
v -70.681206 -112.732727 98.387497
v -70.681206 -112.732727 98.387497
v -70.312294 -113.101624 98.387497
v -69.983505 -113.101624 98.716301
v -69.305763 -93.547668 69.873833
v -69.757584 -93.634460 69.335129
v -69.844467 -93.634460 69.422005
v -69.983505 -93.876404 68.867294
v -70.312294 -93.876404 69.196091
v -69.844467 -93.634460 69.422005
v -69.983505 -93.876404 68.867294
v -69.844467 -93.634460 69.422005
v -69.757584 -93.634460 69.335129
v -71.010002 -95.251892 69.873833
v -70.923126 -94.713196 69.422005
v -70.923126 -94.800110 69.335129
v -70.681206 -94.245300 69.196091
v -70.681206 -94.574158 68.867294
v -70.923126 -94.800110 69.335129
v -70.923126 -94.713196 69.422005
v -69.305763 -95.251892 68.169594
v -69.844467 -94.800110 68.256470
v -69.757584 -94.713196 68.256470
v -70.312294 -94.574158 68.498390
v -69.983505 -94.245300 68.498390
v -69.757584 -94.713196 68.256470
v -70.312294 -94.574158 68.498390
v -69.757584 -94.713196 68.256470
v -69.844467 -94.800110 68.256470
v -70.312294 -94.574158 68.498390
v -70.681206 -94.574158 68.867294
v -70.681206 -94.245300 69.196091
v -70.312294 -93.876404 69.196091
v -70.312294 -94.574158 68.498390
v -70.681206 -94.245300 69.196091
v -70.312294 -93.876404 69.196091
v -69.983505 -93.876404 68.867294
v -69.983505 -93.876404 68.867294
v -69.983505 -94.245300 68.498390
v -70.312294 -94.574158 68.498390
v -25.563601 -95.251892 69.873833
v -25.650476 -94.800110 69.335129
v -25.650476 -94.713196 69.422005
v -25.892397 -94.574158 68.867294
v -25.892397 -94.245300 69.196091
v -25.650476 -94.713196 69.422005
v -25.650476 -94.800110 69.335129
v -27.267839 -93.547668 69.873833
v -26.729137 -93.634460 69.422005
v -26.816013 -93.634460 69.335129
v -26.261303 -93.876404 69.196091
v -26.590099 -93.876404 68.867294
v -26.816013 -93.634460 69.335129
v -26.261303 -93.876404 69.196091
v -26.816013 -93.634460 69.335129
v -26.729137 -93.634460 69.422005
v -27.267839 -95.251892 68.169594
v -26.816013 -94.713196 68.256470
v -26.729137 -94.800110 68.256470
v -26.590099 -94.245300 68.498390
v -26.261303 -94.574158 68.498390
v -26.729137 -94.800110 68.256470
v -26.590099 -94.245300 68.498390
v -26.729137 -94.800110 68.256470
v -26.816013 -94.713196 68.256470
v -26.590099 -94.245300 68.498390
v -26.590099 -93.876404 68.867294
v -26.261303 -93.876404 69.196091
v -25.892397 -94.245300 69.196091
v -26.590099 -94.245300 68.498390
v -26.261303 -93.876404 69.196091
v -26.590099 -94.245300 68.498390
v -25.892397 -94.245300 69.196091
v -25.892397 -94.574158 68.867294
v -26.261303 -94.574158 68.498390
v -27.267839 -95.251892 99.414001
v -26.729137 -94.800110 99.327118
v -26.816013 -94.713196 99.327118
v -26.261303 -94.574158 99.085197
v -26.590099 -94.245300 99.085197
v -26.816013 -94.713196 99.327118
v -26.261303 -94.574158 99.085197
v -26.816013 -94.713196 99.327118
v -26.729137 -94.800110 99.327118
v -27.267839 -93.547668 97.709755
v -26.816013 -93.634460 98.248459
v -26.729137 -93.634460 98.161583
v -26.590099 -93.876404 98.716301
v -26.261303 -93.876404 98.387497
v -26.729137 -93.634460 98.161583
v -26.590099 -93.876404 98.716301
v -26.729137 -93.634460 98.161583
v -26.816013 -93.634460 98.248459
v -25.563601 -95.251892 97.709755
v -25.650476 -94.713196 98.161583
v -25.650476 -94.800110 98.248459
v -25.892397 -94.245300 98.387497
v -25.892397 -94.574158 98.716301
v -25.650476 -94.800110 98.248459
v -25.650476 -94.713196 98.161583
v -25.892397 -94.245300 98.387497
v -26.261303 -93.876404 98.387497
v -26.590099 -93.876404 98.716301
v -26.590099 -94.245300 99.085197
v -25.892397 -94.245300 98.387497
v -26.590099 -93.876404 98.716301
v -25.892397 -94.245300 98.387497
v -26.590099 -94.245300 99.085197
v -26.261303 -94.574158 99.085197
v -25.892397 -94.574158 98.716301
v -71.010002 -95.251892 97.709755
v -70.923126 -94.800110 98.248459
v -70.923126 -94.713196 98.161583
v -70.681206 -94.574158 98.716301
v -70.681206 -94.245300 98.387497
v -70.923126 -94.713196 98.161583
v -70.681206 -94.574158 98.716301
v -70.923126 -94.713196 98.161583
v -70.923126 -94.800110 98.248459
v -69.305763 -93.547668 97.709755
v -69.844467 -93.634460 98.161583
v -69.757584 -93.634460 98.248459
v -70.312294 -93.876404 98.387497
v -69.983505 -93.876404 98.716301
v -69.757584 -93.634460 98.248459
v -70.312294 -93.876404 98.387497
v -69.757584 -93.634460 98.248459
v -69.844467 -93.634460 98.161583
v -69.305763 -95.251892 99.414001
v -69.757584 -94.713196 99.327118
v -69.844467 -94.800110 99.327118
v -69.983505 -94.245300 99.085197
v -70.312294 -94.574158 99.085197
v -69.844467 -94.800110 99.327118
v -69.757584 -94.713196 99.327118
v -69.983505 -94.245300 99.085197
v -69.983505 -93.876404 98.716301
v -70.312294 -93.876404 98.387497
v -70.681206 -94.245300 98.387497
v -69.983505 -94.245300 99.085197
v -70.312294 -93.876404 98.387497
v -70.681206 -94.245300 98.387497
v -70.681206 -94.574158 98.716301
v -70.312294 -94.574158 99.085197
v 69.305763 -113.430481 97.709755
v 27.267839 -113.430481 97.709755
v 27.267839 -113.430481 69.873833
v 69.305763 -113.430481 69.873833
v 27.267839 -111.726257 68.169594
v 27.267839 -95.251892 68.169594
v 69.305763 -95.251892 68.169594
v 69.305763 -111.726257 68.169594
v 25.563601 -111.726257 97.709755
v 25.563601 -95.251892 97.709755
v 25.563601 -95.251892 69.873833
v 25.563601 -111.726257 69.873833
v 69.305763 -95.251892 99.414001
v 27.267839 -95.251892 99.414001
v 27.267839 -111.726257 99.414001
v 69.305763 -111.726257 99.414001
v 71.010002 -95.251892 69.873833
v 71.010002 -95.251892 97.709755
v 71.010002 -111.726257 97.709755
v 71.010002 -111.726257 69.873833
v 27.267839 -93.547668 69.873833
v 27.267839 -93.547668 97.709755
v 69.305763 -93.547668 97.709755
v 69.305763 -93.547668 69.873833
v 27.267839 -113.430481 69.873833
v 26.816013 -113.343567 69.335129
v 69.757584 -113.343567 69.335129
v 69.305763 -113.430481 69.873833
v 26.816013 -113.343567 69.335129
v 26.590099 -113.101624 68.867294
v 69.983505 -113.101624 68.867294
v 69.757584 -113.343567 69.335129
v 69.983505 -112.732727 68.498390
v 69.983505 -113.101624 68.867294
v 26.590099 -113.101624 68.867294
v 26.590099 -112.732727 68.498390
v 27.267839 -113.430481 97.709755
v 26.729137 -113.343567 98.161583
v 26.729137 -113.343567 69.422005
v 27.267839 -113.430481 69.873833
v 26.729137 -113.343567 98.161583
v 26.261303 -113.101624 98.387497
v 26.261303 -113.101624 69.196091
v 26.729137 -113.343567 98.161583
v 26.261303 -113.101624 69.196091
v 26.729137 -113.343567 69.422005
v 25.892397 -112.732727 69.196091
v 26.261303 -113.101624 69.196091
v 26.261303 -113.101624 98.387497
v 25.892397 -112.732727 98.387497
v 69.305763 -113.430481 97.709755
v 69.757584 -113.343567 98.248459
v 26.816013 -113.343567 98.248459
v 27.267839 -113.430481 97.709755
v 69.757584 -113.343567 98.248459
v 69.983505 -113.101624 98.716301
v 26.590099 -113.101624 98.716301
v 69.757584 -113.343567 98.248459
v 26.590099 -113.101624 98.716301
v 26.816013 -113.343567 98.248459
v 26.590099 -112.732727 99.085197
v 26.590099 -113.101624 98.716301
v 69.983505 -113.101624 98.716301
v 69.983505 -112.732727 99.085197
v 69.305763 -113.430481 69.873833
v 69.844467 -113.343567 69.422005
v 69.844467 -113.343567 98.161583
v 69.305763 -113.430481 97.709755
v 69.844467 -113.343567 69.422005
v 70.312294 -113.101624 69.196091
v 70.312294 -113.101624 98.387497
v 69.844467 -113.343567 98.161583
v 70.681206 -112.732727 98.387497
v 70.312294 -113.101624 98.387497
v 70.312294 -113.101624 69.196091
v 70.681206 -112.732727 69.196091
v 69.305763 -95.251892 68.169594
v 69.844467 -94.800110 68.256470
v 69.844467 -112.178040 68.256470
v 69.305763 -111.726257 68.169594
v 69.844467 -94.800110 68.256470
v 70.312294 -94.574158 68.498390
v 70.312294 -112.403992 68.498390
v 69.844467 -112.178040 68.256470
v 70.681206 -112.403992 68.867294
v 70.312294 -112.403992 68.498390
v 70.312294 -94.574158 68.498390
v 70.681206 -94.574158 68.867294
v 27.267839 -95.251892 68.169594
v 26.816013 -94.713196 68.256470
v 69.757584 -94.713196 68.256470
v 69.305763 -95.251892 68.169594
v 26.816013 -94.713196 68.256470
v 26.590099 -94.245300 68.498390
v 69.983505 -94.245300 68.498390
v 69.757584 -94.713196 68.256470
v 69.983505 -93.876404 68.867294
v 69.983505 -94.245300 68.498390
v 26.590099 -94.245300 68.498390
v 26.590099 -93.876404 68.867294
v 27.267839 -111.726257 68.169594
v 26.729137 -112.178040 68.256470
v 26.729137 -94.800110 68.256470
v 27.267839 -95.251892 68.169594
v 26.729137 -112.178040 68.256470
v 26.261303 -112.403992 68.498390
v 26.261303 -94.574158 68.498390
v 26.729137 -94.800110 68.256470
v 25.892397 -94.574158 68.867294
v 26.261303 -94.574158 68.498390
v 26.261303 -112.403992 68.498390
v 25.892397 -112.403992 68.867294
v 69.305763 -111.726257 68.169594
v 69.757584 -112.264954 68.256470
v 26.816013 -112.264954 68.256470
v 27.267839 -111.726257 68.169594
v 69.757584 -112.264954 68.256470
v 69.983505 -112.732727 68.498390
v 26.590099 -112.732727 68.498390
v 69.757584 -112.264954 68.256470
v 26.590099 -112.732727 68.498390
v 26.816013 -112.264954 68.256470
v 25.563601 -95.251892 69.873833
v 25.650476 -94.800110 69.335129
v 25.650476 -112.178040 69.335129
v 25.563601 -111.726257 69.873833
v 25.650476 -94.800110 69.335129
v 25.892397 -94.574158 68.867294
v 25.892397 -112.403992 68.867294
v 25.650476 -112.178040 69.335129
v 25.563601 -95.251892 97.709755
v 25.650476 -94.713196 98.161583
v 25.650476 -94.713196 69.422005
v 25.563601 -95.251892 69.873833
v 25.650476 -94.713196 98.161583
v 25.892397 -94.245300 98.387497
v 25.892397 -94.245300 69.196091
v 25.650476 -94.713196 69.422005
v 26.261303 -93.876404 69.196091
v 25.892397 -94.245300 69.196091
v 25.892397 -94.245300 98.387497
v 26.261303 -93.876404 98.387497
v 25.563601 -111.726257 97.709755
v 25.650476 -112.178040 98.248459
v 25.650476 -94.800110 98.248459
v 25.563601 -95.251892 97.709755
v 25.650476 -112.178040 98.248459
v 25.892397 -112.403992 98.716301
v 25.892397 -94.574158 98.716301
v 25.650476 -94.800110 98.248459
v 26.261303 -94.574158 99.085197
v 25.892397 -94.574158 98.716301
v 25.892397 -112.403992 98.716301
v 26.261303 -112.403992 99.085197
v 25.563601 -111.726257 69.873833
v 25.650476 -112.264954 69.422005
v 25.650476 -112.264954 98.161583
v 25.563601 -111.726257 97.709755
v 25.650476 -112.264954 69.422005
v 25.892397 -112.732727 69.196091
v 25.892397 -112.732727 98.387497
v 25.650476 -112.264954 98.161583
v 27.267839 -111.726257 99.414001
v 26.816013 -112.264954 99.327118
v 69.757584 -112.264954 99.327118
v 27.267839 -111.726257 99.414001
v 69.757584 -112.264954 99.327118
v 69.305763 -111.726257 99.414001
v 26.816013 -112.264954 99.327118
v 26.590099 -112.732727 99.085197
v 69.983505 -112.732727 99.085197
v 69.757584 -112.264954 99.327118
v 27.267839 -95.251892 99.414001
v 26.729137 -94.800110 99.327118
v 26.729137 -112.178040 99.327118
v 27.267839 -111.726257 99.414001
v 26.729137 -94.800110 99.327118
v 26.261303 -94.574158 99.085197
v 26.261303 -112.403992 99.085197
v 26.729137 -112.178040 99.327118
v 69.305763 -95.251892 99.414001
v 69.757584 -94.713196 99.327118
v 26.816013 -94.713196 99.327118
v 27.267839 -95.251892 99.414001
v 69.757584 -94.713196 99.327118
v 69.983505 -94.245300 99.085197
v 26.590099 -94.245300 99.085197
v 26.816013 -94.713196 99.327118
v 26.590099 -93.876404 98.716301
v 26.590099 -94.245300 99.085197
v 69.983505 -94.245300 99.085197
v 69.983505 -93.876404 98.716301
v 69.305763 -111.726257 99.414001
v 69.844467 -112.178040 99.327118
v 69.844467 -94.800110 99.327118
v 69.305763 -95.251892 99.414001
v 69.844467 -112.178040 99.327118
v 70.312294 -112.403992 99.085197
v 70.312294 -94.574158 99.085197
v 69.844467 -94.800110 99.327118
v 70.681206 -94.574158 98.716301
v 70.312294 -94.574158 99.085197
v 70.312294 -112.403992 99.085197
v 70.681206 -112.403992 98.716301
v 71.010002 -111.726257 97.709755
v 70.923126 -112.264954 98.161583
v 70.923126 -112.264954 69.422005
v 71.010002 -111.726257 69.873833
v 70.923126 -112.264954 98.161583
v 70.681206 -112.732727 98.387497
v 70.681206 -112.732727 69.196091
v 70.923126 -112.264954 69.422005
v 71.010002 -95.251892 97.709755
v 70.923126 -94.800110 98.248459
v 70.923126 -112.178040 98.248459
v 71.010002 -111.726257 97.709755
v 70.923126 -94.800110 98.248459
v 70.681206 -94.574158 98.716301
v 70.681206 -112.403992 98.716301
v 70.923126 -112.178040 98.248459
v 71.010002 -95.251892 69.873833
v 70.923126 -94.713196 69.422005
v 70.923126 -94.713196 98.161583
v 71.010002 -95.251892 97.709755
v 70.923126 -94.713196 69.422005
v 70.681206 -94.245300 69.196091
v 70.681206 -94.245300 98.387497
v 70.923126 -94.713196 98.161583
v 70.312294 -93.876404 98.387497
v 70.681206 -94.245300 98.387497
v 70.681206 -94.245300 69.196091
v 70.312294 -93.876404 69.196091
v 71.010002 -111.726257 69.873833
v 70.923126 -112.178040 69.335129
v 70.923126 -94.800110 69.335129
v 71.010002 -95.251892 69.873833
v 70.923126 -112.178040 69.335129
v 70.681206 -112.403992 68.867294
v 70.681206 -94.574158 68.867294
v 70.923126 -112.178040 69.335129
v 70.681206 -94.574158 68.867294
v 70.923126 -94.800110 69.335129
v 69.305763 -93.547668 97.709755
v 69.844467 -93.634460 98.161583
v 69.844467 -93.634460 69.422005
v 69.305763 -93.547668 97.709755
v 69.844467 -93.634460 69.422005
v 69.305763 -93.547668 69.873833
v 69.844467 -93.634460 98.161583
v 70.312294 -93.876404 98.387497
v 70.312294 -93.876404 69.196091
v 69.844467 -93.634460 69.422005
v 27.267839 -93.547668 97.709755
v 26.816013 -93.634460 98.248459
v 69.757584 -93.634460 98.248459
v 69.305763 -93.547668 97.709755
v 26.816013 -93.634460 98.248459
v 26.590099 -93.876404 98.716301
v 69.983505 -93.876404 98.716301
v 26.816013 -93.634460 98.248459
v 69.983505 -93.876404 98.716301
v 69.757584 -93.634460 98.248459
v 27.267839 -93.547668 69.873833
v 26.729137 -93.634460 69.422005
v 26.729137 -93.634460 98.161583
v 27.267839 -93.547668 69.873833
v 26.729137 -93.634460 98.161583
v 27.267839 -93.547668 97.709755
v 26.729137 -93.634460 69.422005
v 26.261303 -93.876404 69.196091
v 26.261303 -93.876404 98.387497
v 26.729137 -93.634460 69.422005
v 26.261303 -93.876404 98.387497
v 26.729137 -93.634460 98.161583
v 69.305763 -93.547668 69.873833
v 69.757584 -93.634460 69.335129
v 26.816013 -93.634460 69.335129
v 27.267839 -93.547668 69.873833
v 69.757584 -93.634460 69.335129
v 69.983505 -93.876404 68.867294
v 26.590099 -93.876404 68.867294
v 69.757584 -93.634460 69.335129
v 26.590099 -93.876404 68.867294
v 26.816013 -93.634460 69.335129
v 69.757584 -112.264954 68.256470
v 69.305763 -111.726257 68.169594
v 69.844467 -112.178040 68.256470
v 69.844467 -112.178040 68.256470
v 70.312294 -112.403992 68.498390
v 69.983505 -112.732727 68.498390
v 69.844467 -112.178040 68.256470
v 69.983505 -112.732727 68.498390
v 69.757584 -112.264954 68.256470
v 70.923126 -112.178040 69.335129
v 71.010002 -111.726257 69.873833
v 70.923126 -112.264954 69.422005
v 70.923126 -112.264954 69.422005
v 70.681206 -112.732727 69.196091
v 70.681206 -112.403992 68.867294
v 70.923126 -112.264954 69.422005
v 70.681206 -112.403992 68.867294
v 70.923126 -112.178040 69.335129
v 69.844467 -113.343567 69.422005
v 69.305763 -113.430481 69.873833
v 69.757584 -113.343567 69.335129
v 69.757584 -113.343567 69.335129
v 69.983505 -113.101624 68.867294
v 70.312294 -113.101624 69.196091
v 69.757584 -113.343567 69.335129
v 70.312294 -113.101624 69.196091
v 69.844467 -113.343567 69.422005
v 70.312294 -113.101624 69.196091
v 69.983505 -113.101624 68.867294
v 69.983505 -112.732727 68.498390
v 70.312294 -112.403992 68.498390
v 70.312294 -113.101624 69.196091
v 69.983505 -112.732727 68.498390
v 70.681206 -112.403992 68.867294
v 70.681206 -112.403992 68.867294
v 70.681206 -112.732727 69.196091
v 70.312294 -113.101624 69.196091
v 25.650476 -112.264954 69.422005
v 25.563601 -111.726257 69.873833
v 25.650476 -112.178040 69.335129
v 25.650476 -112.178040 69.335129
v 25.892397 -112.403992 68.867294
v 25.892397 -112.732727 69.196091
v 25.650476 -112.178040 69.335129
v 25.892397 -112.732727 69.196091
v 25.650476 -112.264954 69.422005
v 26.729137 -112.178040 68.256470
v 27.267839 -111.726257 68.169594
v 26.816013 -112.264954 68.256470
v 26.816013 -112.264954 68.256470
v 26.590099 -112.732727 68.498390
v 26.261303 -112.403992 68.498390
v 26.816013 -112.264954 68.256470
v 26.261303 -112.403992 68.498390
v 26.729137 -112.178040 68.256470
v 26.816013 -113.343567 69.335129
v 27.267839 -113.430481 69.873833
v 26.729137 -113.343567 69.422005
v 26.729137 -113.343567 69.422005
v 26.261303 -113.101624 69.196091
v 26.590099 -113.101624 68.867294
v 26.816013 -113.343567 69.335129
v 26.590099 -113.101624 68.867294
v 26.261303 -113.101624 69.196091
v 25.892397 -112.732727 69.196091
v 25.892397 -112.403992 68.867294
v 26.590099 -113.101624 68.867294
v 25.892397 -112.732727 69.196091
v 26.261303 -112.403992 68.498390
v 26.261303 -112.403992 68.498390
v 26.590099 -112.732727 68.498390
v 26.590099 -113.101624 68.867294
v 26.816013 -112.264954 99.327118
v 27.267839 -111.726257 99.414001
v 26.729137 -112.178040 99.327118
v 26.729137 -112.178040 99.327118
v 26.261303 -112.403992 99.085197
v 26.590099 -112.732727 99.085197
v 26.729137 -112.178040 99.327118
v 26.590099 -112.732727 99.085197
v 26.816013 -112.264954 99.327118
v 25.650476 -112.178040 98.248459
v 25.563601 -111.726257 97.709755
v 25.650476 -112.264954 98.161583
v 25.650476 -112.264954 98.161583
v 25.892397 -112.732727 98.387497
v 25.892397 -112.403992 98.716301
v 25.650476 -112.264954 98.161583
v 25.892397 -112.403992 98.716301
v 25.650476 -112.178040 98.248459
v 26.729137 -113.343567 98.161583
v 27.267839 -113.430481 97.709755
v 26.816013 -113.343567 98.248459
v 26.816013 -113.343567 98.248459
v 26.590099 -113.101624 98.716301
v 26.261303 -113.101624 98.387497
v 26.729137 -113.343567 98.161583
v 26.261303 -113.101624 98.387497
v 26.590099 -113.101624 98.716301
v 26.590099 -112.732727 99.085197
v 26.261303 -112.403992 99.085197
v 26.261303 -113.101624 98.387497
v 26.590099 -112.732727 99.085197
v 26.261303 -113.101624 98.387497
v 26.261303 -112.403992 99.085197
v 25.892397 -112.403992 98.716301
v 25.892397 -112.403992 98.716301
v 25.892397 -112.732727 98.387497
v 26.261303 -113.101624 98.387497
v 70.923126 -112.264954 98.161583
v 71.010002 -111.726257 97.709755
v 70.923126 -112.178040 98.248459
v 70.923126 -112.178040 98.248459
v 70.681206 -112.403992 98.716301
v 70.681206 -112.732727 98.387497
v 70.923126 -112.178040 98.248459
v 70.681206 -112.732727 98.387497
v 70.923126 -112.264954 98.161583
v 69.844467 -112.178040 99.327118
v 69.305763 -111.726257 99.414001
v 69.757584 -112.264954 99.327118
v 69.757584 -112.264954 99.327118
v 69.983505 -112.732727 99.085197
v 70.312294 -112.403992 99.085197
v 69.757584 -112.264954 99.327118
v 70.312294 -112.403992 99.085197
v 69.844467 -112.178040 99.327118
v 69.757584 -113.343567 98.248459
v 69.305763 -113.430481 97.709755
v 69.844467 -113.343567 98.161583
v 69.844467 -113.343567 98.161583
v 70.312294 -113.101624 98.387497
v 69.983505 -113.101624 98.716301
v 69.844467 -113.343567 98.161583
v 69.983505 -113.101624 98.716301
v 69.757584 -113.343567 98.248459
v 69.983505 -113.101624 98.716301
v 70.312294 -113.101624 98.387497
v 70.681206 -112.732727 98.387497
v 70.681206 -112.403992 98.716301
v 69.983505 -113.101624 98.716301
v 70.681206 -112.732727 98.387497
v 70.312294 -112.403992 99.085197
v 70.312294 -112.403992 99.085197
v 69.983505 -112.732727 99.085197
v 69.983505 -113.101624 98.716301
v 69.757584 -93.634460 69.335129
v 69.305763 -93.547668 69.873833
v 69.844467 -93.634460 69.422005
v 69.844467 -93.634460 69.422005
v 70.312294 -93.876404 69.196091
v 69.983505 -93.876404 68.867294
v 69.844467 -93.634460 69.422005
v 69.983505 -93.876404 68.867294
v 69.757584 -93.634460 69.335129
v 70.923126 -94.713196 69.422005
v 71.010002 -95.251892 69.873833
v 70.923126 -94.800110 69.335129
v 70.923126 -94.800110 69.335129
v 70.681206 -94.574158 68.867294
v 70.681206 -94.245300 69.196091
v 70.923126 -94.800110 69.335129
v 70.681206 -94.245300 69.196091
v 70.923126 -94.713196 69.422005
v 69.844467 -94.800110 68.256470
v 69.305763 -95.251892 68.169594
v 69.757584 -94.713196 68.256470
v 69.757584 -94.713196 68.256470
v 69.983505 -94.245300 68.498390
v 70.312294 -94.574158 68.498390
v 69.757584 -94.713196 68.256470
v 70.312294 -94.574158 68.498390
v 69.844467 -94.800110 68.256470
v 70.312294 -94.574158 68.498390
v 69.983505 -94.245300 68.498390
v 69.983505 -93.876404 68.867294
v 70.312294 -93.876404 69.196091
v 70.312294 -94.574158 68.498390
v 69.983505 -93.876404 68.867294
v 70.312294 -94.574158 68.498390
v 70.312294 -93.876404 69.196091
v 70.681206 -94.245300 69.196091
v 70.681206 -94.245300 69.196091
v 70.681206 -94.574158 68.867294
v 25.650476 -94.800110 69.335129
v 25.563601 -95.251892 69.873833
v 25.650476 -94.713196 69.422005
v 25.650476 -94.713196 69.422005
v 25.892397 -94.245300 69.196091
v 25.892397 -94.574158 68.867294
v 25.650476 -94.800110 69.335129
v 26.729137 -93.634460 69.422005
v 27.267839 -93.547668 69.873833
v 26.816013 -93.634460 69.335129
v 26.816013 -93.634460 69.335129
v 26.590099 -93.876404 68.867294
v 26.261303 -93.876404 69.196091
v 26.816013 -93.634460 69.335129
v 26.261303 -93.876404 69.196091
v 26.729137 -93.634460 69.422005
v 26.816013 -94.713196 68.256470
v 27.267839 -95.251892 68.169594
v 26.729137 -94.800110 68.256470
v 26.729137 -94.800110 68.256470
v 26.261303 -94.574158 68.498390
v 26.590099 -94.245300 68.498390
v 26.816013 -94.713196 68.256470
v 26.590099 -94.245300 68.498390
v 26.261303 -94.574158 68.498390
v 25.892397 -94.574158 68.867294
v 25.892397 -94.245300 69.196091
v 26.590099 -94.245300 68.498390
v 25.892397 -94.245300 69.196091
v 26.261303 -93.876404 69.196091
v 26.261303 -93.876404 69.196091
v 26.590099 -93.876404 68.867294
v 26.590099 -94.245300 68.498390
v 26.729137 -94.800110 99.327118
v 27.267839 -95.251892 99.414001
v 26.816013 -94.713196 99.327118
v 26.816013 -94.713196 99.327118
v 26.590099 -94.245300 99.085197
v 26.261303 -94.574158 99.085197
v 26.729137 -94.800110 99.327118
v 26.816013 -93.634460 98.248459
v 27.267839 -93.547668 97.709755
v 26.729137 -93.634460 98.161583
v 26.729137 -93.634460 98.161583
v 26.261303 -93.876404 98.387497
v 26.590099 -93.876404 98.716301
v 26.816013 -93.634460 98.248459
v 25.650476 -94.713196 98.161583
v 25.563601 -95.251892 97.709755
v 25.650476 -94.800110 98.248459
v 25.650476 -94.800110 98.248459
v 25.892397 -94.574158 98.716301
v 25.892397 -94.245300 98.387497
v 25.650476 -94.713196 98.161583
v 25.892397 -94.245300 98.387497
v 25.892397 -94.574158 98.716301
v 26.261303 -94.574158 99.085197
v 26.590099 -94.245300 99.085197
v 25.892397 -94.245300 98.387497
v 26.590099 -94.245300 99.085197
v 26.590099 -93.876404 98.716301
v 26.590099 -93.876404 98.716301
v 26.261303 -93.876404 98.387497
v 25.892397 -94.245300 98.387497
v 70.923126 -94.800110 98.248459
v 71.010002 -95.251892 97.709755
v 70.923126 -94.713196 98.161583
v 70.923126 -94.713196 98.161583
v 70.681206 -94.245300 98.387497
v 70.681206 -94.574158 98.716301
v 70.923126 -94.713196 98.161583
v 70.681206 -94.574158 98.716301
v 70.923126 -94.800110 98.248459
v 69.844467 -93.634460 98.161583
v 69.305763 -93.547668 97.709755
v 69.757584 -93.634460 98.248459
v 69.757584 -93.634460 98.248459
v 69.983505 -93.876404 98.716301
v 70.312294 -93.876404 98.387497
v 69.757584 -93.634460 98.248459
v 70.312294 -93.876404 98.387497
v 69.844467 -93.634460 98.161583
v 69.757584 -94.713196 99.327118
v 69.305763 -95.251892 99.414001
v 69.844467 -94.800110 99.327118
v 69.844467 -94.800110 99.327118
v 70.312294 -94.574158 99.085197
v 69.983505 -94.245300 99.085197
v 69.844467 -94.800110 99.327118
v 69.983505 -94.245300 99.085197
v 69.757584 -94.713196 99.327118
v 69.983505 -94.245300 99.085197
v 70.312294 -94.574158 99.085197
v 70.681206 -94.574158 98.716301
v 70.681206 -94.245300 98.387497
v 69.983505 -94.245300 99.085197
v 70.681206 -94.245300 98.387497
v 70.312294 -93.876404 98.387497
v 70.312294 -93.876404 98.387497
v 69.983505 -93.876404 98.716301
v 18.000000 38.000000 -0.000000
v 17.386665 38.000000 4.658743
v 15.588457 38.000000 9.000000
v 12.727921 38.000000 12.727921
v 9.000000 38.000000 15.588457
v 4.658743 38.000000 17.386665
v 0.000000 38.000000 18.000000
v -4.658743 38.000000 17.386665
v -9.000000 38.000000 15.588457
v -12.727921 38.000000 12.727921
v -15.588457 38.000000 9.000000
v -17.386665 38.000000 4.658743
v -18.000000 38.000000 -0.000000
v -17.386665 38.000000 -4.658743
v -15.588457 38.000000 -9.000000
v -12.727921 38.000000 -12.727921
v -9.000000 38.000000 -15.588457
v -4.658743 38.000000 -17.386665
v 0.000000 38.000000 -18.000000
v 4.658743 38.000000 -17.386665
v 9.000000 38.000000 -15.588457
v 12.727921 38.000000 -12.727921
v 15.588457 38.000000 -9.000000
v 17.386665 38.000000 -4.658743
v 17.386665 38.000000 -4.658743
v 17.386665 42.000000 -4.658743
v 18.000000 42.000000 -0.000000
v 18.000000 38.000000 -0.000000
v 15.588457 38.000000 -9.000000
v 15.588457 42.000000 -9.000000
v 17.386665 42.000000 -4.658743
v 17.386665 38.000000 -4.658743
v 12.727921 38.000000 -12.727921
v 12.727921 42.000000 -12.727921
v 15.588457 42.000000 -9.000000
v 15.588457 38.000000 -9.000000
v 9.000000 38.000000 -15.588457
v 9.000000 42.000000 -15.588457
v 12.727921 42.000000 -12.727921
v 12.727921 38.000000 -12.727921
v 4.658743 38.000000 -17.386665
v 4.658743 42.000000 -17.386665
v 9.000000 42.000000 -15.588457
v 9.000000 38.000000 -15.588457
v 0.000000 38.000000 -18.000000
v 0.000000 42.000000 -18.000000
v 4.658743 42.000000 -17.386665
v 4.658743 38.000000 -17.386665
v -4.658743 42.000000 -17.386665
v 0.000000 42.000000 -18.000000
v 0.000000 38.000000 -18.000000
v -4.658743 38.000000 -17.386665
v -9.000000 42.000000 -15.588457
v -4.658743 42.000000 -17.386665
v -4.658743 38.000000 -17.386665
v -9.000000 38.000000 -15.588457
v -12.727921 42.000000 -12.727921
v -9.000000 42.000000 -15.588457
v -9.000000 38.000000 -15.588457
v -12.727921 38.000000 -12.727921
v -15.588457 42.000000 -9.000000
v -12.727921 42.000000 -12.727921
v -12.727921 38.000000 -12.727921
v -15.588457 38.000000 -9.000000
v -17.386665 42.000000 -4.658743
v -15.588457 42.000000 -9.000000
v -15.588457 38.000000 -9.000000
v -17.386665 38.000000 -4.658743
v -18.000000 42.000000 -0.000000
v -17.386665 42.000000 -4.658743
v -17.386665 38.000000 -4.658743
v -18.000000 38.000000 -0.000000
v -17.386665 42.000000 4.658743
v -18.000000 42.000000 -0.000000
v -18.000000 38.000000 -0.000000
v -17.386665 38.000000 4.658743
v -15.588457 42.000000 9.000000
v -17.386665 42.000000 4.658743
v -17.386665 38.000000 4.658743
v -15.588457 38.000000 9.000000
v -12.727921 42.000000 12.727921
v -15.588457 42.000000 9.000000
v -15.588457 38.000000 9.000000
v -12.727921 38.000000 12.727921
v -9.000000 42.000000 15.588457
v -12.727921 42.000000 12.727921
v -12.727921 38.000000 12.727921
v -9.000000 38.000000 15.588457
v -4.658743 42.000000 17.386665
v -9.000000 42.000000 15.588457
v -9.000000 38.000000 15.588457
v -4.658743 38.000000 17.386665
v 0.000000 42.000000 18.000000
v -4.658743 42.000000 17.386665
v -4.658743 38.000000 17.386665
v 0.000000 38.000000 18.000000
v 4.658743 38.000000 17.386665
v 4.658743 42.000000 17.386665
v 0.000000 42.000000 18.000000
v 0.000000 38.000000 18.000000
v 9.000000 38.000000 15.588457
v 9.000000 42.000000 15.588457
v 4.658743 42.000000 17.386665
v 4.658743 38.000000 17.386665
v 12.727921 38.000000 12.727921
v 12.727921 42.000000 12.727921
v 9.000000 42.000000 15.588457
v 9.000000 38.000000 15.588457
v 15.588457 38.000000 9.000000
v 15.588457 42.000000 9.000000
v 12.727921 42.000000 12.727921
v 12.727921 38.000000 12.727921
v 17.386665 38.000000 4.658743
v 17.386665 42.000000 4.658743
v 15.588457 42.000000 9.000000
v 15.588457 38.000000 9.000000
v 18.000000 38.000000 -0.000000
v 18.000000 42.000000 -0.000000
v 17.386665 42.000000 4.658743
v 17.386665 38.000000 4.658743
v 18.000000 42.000000 -0.000000
v 17.386665 42.000000 -4.658743
v 15.588457 42.000000 -9.000000
v 12.727921 42.000000 -12.727921
v 9.000000 42.000000 -15.588457
v 4.658743 42.000000 -17.386665
v 0.000000 42.000000 -18.000000
v -4.658743 42.000000 -17.386665
v -9.000000 42.000000 -15.588457
v -12.727921 42.000000 -12.727921
v -15.588457 42.000000 -9.000000
v -17.386665 42.000000 -4.658743
v -18.000000 42.000000 -0.000000
v -17.386665 42.000000 4.658743
v -15.588457 42.000000 9.000000
v -12.727921 42.000000 12.727921
v -9.000000 42.000000 15.588457
v -4.658743 42.000000 17.386665
v 0.000000 42.000000 18.000000
v 4.658743 42.000000 17.386665
v 9.000000 42.000000 15.588457
v 12.727921 42.000000 12.727921
v 15.588457 42.000000 9.000000
v 17.386665 42.000000 4.658743
v 129.773697 59.993591 -94.311806
v 130.819992 63.154480 -94.824333
v 132.402985 66.100037 -94.734947
v 134.414825 68.629578 -94.049744
v 129.773697 59.993591 -94.311806
v 134.414825 68.629578 -94.049744
v 136.718369 70.570496 -92.815422
v 139.156677 71.790466 -91.116104
v 139.156677 71.790466 -91.116104
v 141.563538 72.206726 -89.067581
v 143.774963 71.790466 -86.809479
v 141.563538 72.206726 -89.067581
v 145.640213 70.570496 -84.495651
v 147.032227 68.629578 -82.283813
v 129.773697 59.993591 -94.311806
v 147.032227 68.629578 -82.283813
v 147.856094 66.100037 -80.324692
v 148.055679 63.154480 -78.751770
v 147.856094 66.100037 -80.324692
v 147.617416 59.993591 -77.672272
v 146.571121 56.832703 -77.159760
v 144.988098 53.887146 -77.249153
v 142.976273 51.357849 -77.934357
v 140.672729 49.416931 -79.168671
v 138.234436 48.196716 -80.867996
v 140.672729 49.416931 -79.168671
v 138.234436 48.196716 -80.867996
v 135.827560 47.780701 -82.916504
v 133.616135 48.196716 -85.174622
v 135.827560 47.780701 -82.916504
v 133.616135 48.196716 -85.174622
v 131.750870 49.416931 -87.488434
v 130.358871 51.357849 -89.700287
v 130.358871 51.357849 -89.700287
v 129.535004 53.887146 -91.659409
v 129.535004 53.887146 -91.659409
v 129.335419 56.832703 -93.232315
v 69.641449 89.983093 53.632561
v 71.333862 89.561462 55.020828
v 73.336571 89.168396 55.917599
v 75.513069 88.830994 56.261765
v 69.641449 89.983093 53.632561
v 73.336571 89.168396 55.917599
v 69.641449 89.983093 53.632561
v 75.513069 88.830994 56.261765
v 77.715012 88.572205 56.029865
v 79.792381 88.409363 55.237720
v 69.641449 89.983093 53.632561
v 77.715012 88.572205 56.029865
v 81.603577 88.353699 53.939285
v 83.025192 88.409363 52.223072
v 81.603577 88.353699 53.939285
v 83.025192 88.409363 52.223072
v 83.960312 88.572205 50.206028
v 84.345253 88.830994 48.025608
v 69.641449 89.983093 53.632561
v 84.345253 88.830994 48.025608
v 84.153748 89.168396 45.830418
v 83.398865 89.561462 43.770039
v 84.153748 89.168396 45.830418
v 83.398865 89.561462 43.770039
v 82.132042 89.983093 41.984894
v 80.439613 90.404968 40.596626
v 69.641449 89.983093 53.632561
v 82.132042 89.983093 41.984894
v 80.439613 90.404968 40.596626
v 78.436913 90.797791 39.699856
v 76.260414 91.135437 39.355694
v 69.641449 89.983093 53.632561
v 78.436913 90.797791 39.699856
v 76.260414 91.135437 39.355694
v 74.058472 91.394226 39.587593
v 71.981102 91.557068 40.379745
v 74.058472 91.394226 39.587593
v 71.981102 91.557068 40.379745
v 70.169907 91.612488 41.678173
v 68.748299 91.557068 43.394386
v 70.169907 91.612488 41.678173
v 68.748299 91.557068 43.394386
v 67.813164 91.394226 45.411430
v 67.428230 91.135437 47.591850
v 67.813164 91.394226 45.411430
v 67.428230 91.135437 47.591850
v 67.619728 90.797791 49.787041
v 67.619728 90.797791 49.787041
v 68.374619 90.404968 51.847427
v 60.089794 89.983093 62.539616
v 58.397377 90.404968 61.151348
v 56.394665 90.797791 60.254578
v 54.218182 91.135437 59.910412
v 60.089794 89.983093 62.539616
v 56.394665 90.797791 60.254578
v 60.089794 89.983093 62.539616
v 54.218182 91.135437 59.910412
v 52.016228 91.394226 60.142311
v 49.938862 91.557068 60.934471
v 52.016228 91.394226 60.142311
v 60.089794 89.983093 62.539616
v 49.938862 91.557068 60.934471
v 48.127663 91.612488 62.232891
v 46.706059 91.557068 63.949104
v 48.127663 91.612488 62.232891
v 46.706059 91.557068 63.949104
v 45.770931 91.394226 65.966148
v 45.385994 91.135437 68.146568
v 60.089794 89.983093 62.539616
v 45.770931 91.394226 65.966148
v 45.385994 91.135437 68.146568
v 45.577496 90.797791 70.341759
v 46.332378 90.404968 72.402145
v 45.577496 90.797791 70.341759
v 60.089794 89.983093 62.539616
v 46.332378 90.404968 72.402145
v 47.599197 89.983093 74.187279
v 49.291634 89.561462 75.575546
v 47.599197 89.983093 74.187279
v 49.291634 89.561462 75.575546
v 51.294327 89.168396 76.472321
v 53.470818 88.830994 76.816483
v 51.294327 89.168396 76.472321
v 55.672775 88.572205 76.584587
v 57.750141 88.409363 75.792442
v 60.089794 89.983093 62.539616
v 55.672775 88.572205 76.584587
v 57.750141 88.409363 75.792442
v 59.561340 88.353699 74.494011
v 60.982952 88.409363 72.777802
v 60.089794 89.983093 62.539616
v 59.561340 88.353699 74.494011
v 60.089794 89.983093 62.539616
v 60.982952 88.409363 72.777802
v 61.918076 88.572205 70.760757
v 62.303009 88.830994 68.580338
v 61.918076 88.572205 70.760757
v 62.111511 89.168396 66.385139
v 62.111511 89.168396 66.385139
v 61.356625 89.561462 64.324760
v -22.485741 49.325378 -101.130371
v -62.072418 49.325378 -78.274994
v -43.496277 106.535095 -46.100178
v -3.909598 106.535095 -68.955551
v -98.339142 94.691833 -60.381958
v -120.375015 94.238464 -42.903564
v -115.550751 115.944031 -36.258255
v -93.514862 116.397400 -53.736656
v -117.555466 83.472107 74.766182
v -110.593735 83.472107 67.804436
v -117.555466 83.472107 60.842690
v -124.517212 83.472107 67.804436
v -137.613464 83.472107 80.900688
v -130.651718 83.472107 87.862427
v -123.689980 83.472107 80.900688
v -130.651718 83.472107 73.938950
v -121.661705 83.472107 56.736462
v -128.623444 83.472107 49.774719
v -135.585190 83.472107 56.736462
v -128.623444 83.472107 63.698200
v -141.719696 83.472107 62.870972
v -148.681458 83.472107 69.832718
v -141.719696 83.472107 76.794456
v -134.757950 83.472107 69.832718
v -5.459921 136.316833 -126.011986
v -5.522825 136.316833 -126.488991
v -5.707248 136.316833 -126.933502
v -6.000625 136.316833 -127.315201
v -5.459921 136.316833 -126.011986
v -5.707248 136.316833 -126.933502
v -6.382961 136.316833 -127.608086
v -6.828199 136.316833 -127.792213
v -5.459921 136.316833 -126.011986
v -6.382961 136.316833 -127.608086
v -6.828199 136.316833 -127.792213
v -7.306000 136.316833 -127.855003
v -7.783801 136.316833 -127.792213
v -8.229039 136.316833 -127.608086
v -8.611376 136.316833 -127.315201
v -8.904752 136.316833 -126.933502
v -9.089175 136.316833 -126.488991
v -9.152080 136.316833 -126.011986
v -9.089175 136.316833 -125.534973
v -8.904752 136.316833 -125.090469
v -8.611376 136.316833 -124.708763
v -8.229039 136.316833 -124.415878
v -7.783801 136.316833 -124.231758
v -7.306000 136.316833 -124.168961
v -6.828199 136.316833 -124.231758
v -6.382961 136.316833 -124.415878
v -6.000625 136.316833 -124.708763
v -5.707248 136.316833 -125.090469
v -5.707248 136.316833 -125.090469
v -5.522825 136.316833 -125.534973
v -5.459921 136.316833 -126.011986
v -5.459921 136.316833 126.835579
v -5.522825 136.316833 126.358559
v -5.707248 136.316833 125.914062
v -6.000625 136.316833 125.532356
v -5.459921 136.316833 126.835579
v -5.707248 136.316833 125.914062
v -6.000625 136.316833 125.532356
v -6.382961 136.316833 125.239464
v -6.828199 136.316833 125.055351
v -7.306000 136.316833 124.992546
v -7.783801 136.316833 125.055351
v -8.229039 136.316833 125.239464
v -8.611376 136.316833 125.532356
v -8.904752 136.316833 125.914062
v -9.089175 136.316833 126.358559
v -9.152080 136.316833 126.835579
v -9.089175 136.316833 127.312584
v -8.904752 136.316833 127.757088
v -8.611376 136.316833 128.138794
v -8.229039 136.316833 128.431686
v -7.783801 136.316833 128.615799
v -7.306000 136.316833 128.678589
v -6.828199 136.316833 128.615799
v -6.382961 136.316833 128.431686
v -6.000625 136.316833 128.138794
v -5.707248 136.316833 127.757088
v -5.707248 136.316833 127.757088
v -5.522825 136.316833 127.312584
v -5.459921 136.316833 126.835579
v -42.494137 51.473328 103.016365
v -43.727657 59.039978 103.817413
v -37.614380 59.039978 113.231033
v -36.380863 51.473328 112.429985
v -45.124123 60.163269 104.724297
v -56.101639 57.618835 111.853180
v -49.988365 57.618835 121.266800
v -39.010845 60.163269 114.137917
v -38.010078 58.768982 115.181404
v -48.987598 56.224792 122.310287
v -47.754082 48.658142 121.509232
v -36.776566 51.202332 114.380356
v -37.322788 49.808289 113.041679
v -48.300312 47.264099 120.170555
v -54.413586 47.264099 110.756943
v -43.436062 49.808289 103.628059
v -50.930294 55.953796 121.878494
v -57.043568 55.953796 112.464874
v -55.810047 48.387146 111.663818
v -49.696774 48.387146 121.077438
v -44.436832 51.202332 102.584572
v -55.414349 48.658142 109.713455
v -56.647869 56.224792 110.514511
v -45.670349 58.768982 103.385620
v -37.614380 59.039978 113.231033
v -37.489738 59.395935 113.685371
v -36.135712 51.090027 112.806061
v -36.380863 51.473328 112.429985
v -37.489738 59.395935 113.685371
v -37.473495 59.542175 114.139687
v -36.059219 50.866638 113.221245
v -37.489738 59.395935 113.685371
v -36.059219 50.866638 113.221245
v -36.135712 51.090027 112.806061
v -36.144878 50.808044 113.643417
v -36.059219 50.866638 113.221245
v -37.473495 59.542175 114.139687
v -37.559151 59.483582 114.561859
v -43.727657 59.039978 103.817413
v -44.064167 59.466980 103.586998
v -37.540752 59.466980 113.632179
v -37.614380 59.039978 113.231033
v -44.064167 59.466980 103.586998
v -44.395061 59.811218 103.577408
v -37.666573 59.811218 113.938362
v -37.540752 59.466980 113.632179
v -37.968861 60.054138 114.134674
v -37.666573 59.811218 113.938362
v -44.395061 59.811218 103.577408
v -44.697342 60.054138 103.773712
v -42.494137 51.473328 103.016365
v -42.737984 51.090027 102.639442
v -44.092010 59.395935 103.518761
v -43.727657 59.039978 103.817413
v -42.737984 51.090027 102.639442
v -43.086159 50.866638 102.400696
v -44.500443 59.542175 103.319138
v -44.092010 59.395935 103.518761
v -44.920963 59.483582 103.225677
v -44.500443 59.542175 103.319138
v -43.086159 50.866638 102.400696
v -43.506683 50.808044 102.307236
v -36.380863 51.473328 112.429985
v -36.163555 51.018982 112.737823
v -42.686970 51.018982 102.692642
v -42.494137 51.473328 103.016365
v -36.163555 51.018982 112.737823
v -36.164600 50.597839 112.962975
v -42.893085 50.597839 102.602020
v -42.686970 51.018982 102.692642
v -43.096977 50.237244 102.734428
v -42.893085 50.597839 102.602020
v -36.164600 50.597839 112.962975
v -36.368496 50.237244 113.095383
v -49.988365 57.618835 121.266800
v -50.042259 57.476013 121.837074
v -38.444782 60.164001 114.305580
v -49.988365 57.618835 121.266800
v -38.444782 60.164001 114.305580
v -39.010845 60.163269 114.137917
v -50.042259 57.476013 121.837074
v -49.952652 57.242126 122.243744
v -38.045200 60.001892 114.510956
v -50.042259 57.476013 121.837074
v -38.045200 60.001892 114.510956
v -38.444782 60.164001 114.305580
v -37.828568 59.700134 114.736824
v -38.045200 60.001892 114.510956
v -49.952652 57.242126 122.243744
v -49.736023 56.940369 122.469620
v -56.101639 57.618835 111.853180
v -56.664700 57.462097 111.769882
v -50.141285 57.462097 121.815063
v -49.988365 57.618835 121.266800
v -56.664700 57.462097 111.769882
v -57.055935 57.189880 111.799477
v -50.327450 57.189880 122.160431
v -50.141285 57.462097 121.815063
v -50.531342 56.829529 122.292839
v -50.327450 57.189880 122.160431
v -57.055935 57.189880 111.799477
v -57.259827 56.829529 111.931885
v -45.124123 60.163269 104.724297
v -45.047062 60.164001 104.138969
v -56.644527 57.476013 111.670464
v -45.124123 60.163269 104.724297
v -56.644527 57.476013 111.670464
v -56.101639 57.618835 111.853180
v -45.047062 60.164001 104.138969
v -45.072144 60.001892 103.690407
v -56.979591 57.242126 111.423195
v -45.047062 60.164001 104.138969
v -56.979591 57.242126 111.423195
v -56.644527 57.476013 111.670464
v -57.097828 56.940369 111.133423
v -56.979591 57.242126 111.423195
v -45.072144 60.001892 103.690407
v -45.190380 59.700134 103.400635
v -39.010845 60.163269 114.137917
v -38.424614 60.177673 114.206161
v -44.948029 60.177673 104.160988
v -45.124123 60.163269 104.724297
v -38.424614 60.177673 114.206161
v -37.968861 60.054138 114.134674
v -44.697342 60.054138 103.773712
v -38.424614 60.177673 114.206161
v -44.697342 60.054138 103.773712
v -44.948029 60.177673 104.160988
v -47.754082 48.658142 121.509232
v -48.031651 48.145691 121.603157
v -36.434177 50.833679 114.071678
v -47.754082 48.658142 121.509232
v -36.434177 50.833679 114.071678
v -36.776566 51.202332 114.380356
v -48.031651 48.145691 121.603157
v -48.234051 47.726990 121.494225
v -36.326599 50.486755 113.761436
v -36.434177 50.833679 114.071678
v -36.444836 50.184998 113.471664
v -36.326599 50.486755 113.761436
v -48.234051 47.726990 121.494225
v -36.444836 50.184998 113.471664
v -48.234051 47.726990 121.494225
v -48.352291 47.425232 121.204445
v -48.987598 56.224792 122.310287
v -49.456860 56.508728 122.528709
v -48.102837 48.202820 121.649391
v -47.754082 48.658142 121.509232
v -49.456860 56.508728 122.528709
v -49.917744 56.619080 122.587631
v -48.503468 47.943787 121.669189
v -49.456860 56.508728 122.528709
v -48.503468 47.943787 121.669189
v -48.102837 48.202820 121.649391
v -48.923992 47.884949 121.575714
v -48.503468 47.943787 121.669189
v -49.917744 56.619080 122.587631
v -50.338268 56.560486 122.494164
v -38.010078 58.768982 115.181404
v -37.811371 59.281677 114.966042
v -49.408844 56.593689 122.497528
v -38.010078 58.768982 115.181404
v -49.408844 56.593689 122.497528
v -48.987598 56.224792 122.310287
v -37.811371 59.281677 114.966042
v -37.828568 59.700134 114.736824
v -49.736023 56.940369 122.469620
v -49.408844 56.593689 122.497528
v -36.776566 51.202332 114.380356
v -36.386162 50.918396 114.040497
v -37.740185 59.224304 114.919807
v -38.010078 58.768982 115.181404
v -36.386162 50.918396 114.040497
v -36.144878 50.808044 113.643417
v -37.559151 59.483582 114.561859
v -37.740185 59.224304 114.919807
v -54.413586 47.264099 110.756943
v -54.979649 47.263367 110.589272
v -43.382172 49.951355 103.057785
v -54.413586 47.264099 110.756943
v -43.382172 49.951355 103.057785
v -43.436062 49.808289 103.628059
v -54.979649 47.263367 110.589272
v -55.379227 47.425232 110.383911
v -43.471779 50.184998 102.651115
v -54.979649 47.263367 110.589272
v -43.471779 50.184998 102.651115
v -43.382172 49.951355 103.057785
v -43.688408 50.486755 102.425247
v -43.471779 50.184998 102.651115
v -55.379227 47.425232 110.383911
v -55.595860 47.726990 110.158028
v -48.300312 47.264099 120.170555
v -48.476406 47.249451 120.733864
v -54.999817 47.249451 110.688690
v -54.413586 47.264099 110.756943
v -48.476406 47.249451 120.733864
v -48.727089 47.372986 121.121140
v -55.455570 47.372986 110.760193
v -48.476406 47.249451 120.733864
v -55.455570 47.372986 110.760193
v -54.999817 47.249451 110.688690
v -55.757854 47.616150 110.956497
v -55.455570 47.372986 110.760193
v -48.727089 47.372986 121.121140
v -55.757854 47.616150 110.956497
v -48.727089 47.372986 121.121140
v -49.029373 47.616150 121.317444
v -37.322788 49.808289 113.041679
v -36.779900 49.951355 113.224403
v -48.377373 47.263367 120.755882
v -37.322788 49.808289 113.041679
v -48.377373 47.263367 120.755882
v -48.300312 47.264099 120.170555
v -36.779900 49.951355 113.224403
v -36.444836 50.184998 113.471664
v -48.352291 47.425232 121.204445
v -36.779900 49.951355 113.224403
v -48.352291 47.425232 121.204445
v -48.377373 47.263367 120.755882
v -43.436062 49.808289 103.628059
v -43.283142 49.965027 103.079796
v -36.759727 49.965027 113.124977
v -37.322788 49.808289 113.041679
v -43.283142 49.965027 103.079796
v -43.096977 50.237244 102.734428
v -36.368496 50.237244 113.095383
v -36.759727 49.965027 113.124977
v -55.810047 48.387146 111.663818
v -55.883675 47.960388 111.262672
v -49.360268 47.960388 121.307854
v -55.810047 48.387146 111.663818
v -49.360268 47.960388 121.307854
v -49.696774 48.387146 121.077438
v -55.883675 47.960388 111.262672
v -55.757854 47.616150 110.956497
v -49.029373 47.616150 121.317444
v -49.360268 47.960388 121.307854
v -57.043568 55.953796 112.464874
v -57.288719 56.337097 112.088806
v -55.934692 48.031433 111.209488
v -55.810047 48.387146 111.663818
v -57.288719 56.337097 112.088806
v -57.365208 56.560486 111.673622
v -55.950932 47.884949 110.755173
v -57.288719 56.337097 112.088806
v -55.950932 47.884949 110.755173
v -55.934692 48.031433 111.209488
v -55.865276 47.943787 110.332993
v -55.950932 47.884949 110.755173
v -57.365208 56.560486 111.673622
v -55.865276 47.943787 110.332993
v -57.365208 56.560486 111.673622
v -57.279556 56.619080 111.251434
v -50.930294 55.953796 121.878494
v -50.737457 56.408386 122.202225
v -57.260872 56.408386 112.157043
v -57.043568 55.953796 112.464874
v -50.737457 56.408386 122.202225
v -50.531342 56.829529 122.292839
v -57.259827 56.829529 111.931885
v -57.260872 56.408386 112.157043
v -49.696774 48.387146 121.077438
v -49.332420 48.031433 121.376091
v -50.686443 56.337097 122.255417
v -49.696774 48.387146 121.077438
v -50.686443 56.337097 122.255417
v -50.930294 55.953796 121.878494
v -49.332420 48.031433 121.376091
v -48.923992 47.884949 121.575714
v -50.338268 56.560486 122.494164
v -49.332420 48.031433 121.376091
v -50.338268 56.560486 122.494164
v -50.686443 56.337097 122.255417
v -56.647869 56.224792 110.514511
v -56.990253 56.593689 110.823181
v -45.392780 59.281677 103.291695
v -56.647869 56.224792 110.514511
v -45.392780 59.281677 103.291695
v -45.670349 58.768982 103.385620
v -56.990253 56.593689 110.823181
v -57.097828 56.940369 111.133423
v -45.190380 59.700134 103.400635
v -56.990253 56.593689 110.823181
v -45.190380 59.700134 103.400635
v -45.392780 59.281677 103.291695
v -55.414349 48.658142 109.713455
v -55.684242 48.202820 109.975044
v -57.038269 56.508728 110.854362
v -56.647869 56.224792 110.514511
v -55.684242 48.202820 109.975044
v -55.865276 47.943787 110.332993
v -57.279556 56.619080 111.251434
v -55.684242 48.202820 109.975044
v -57.279556 56.619080 111.251434
v -57.038269 56.508728 110.854362
v -44.436832 51.202332 102.584572
v -44.015587 50.833679 102.397339
v -55.613056 48.145691 109.928818
v -44.436832 51.202332 102.584572
v -55.613056 48.145691 109.928818
v -55.414349 48.658142 109.713455
v -44.015587 50.833679 102.397339
v -43.688408 50.486755 102.425247
v -55.595860 47.726990 110.158028
v -55.613056 48.145691 109.928818
v -45.670349 58.768982 103.385620
v -45.321594 59.224304 103.245468
v -43.967567 50.918396 102.366150
v -44.436832 51.202332 102.584572
v -45.321594 59.224304 103.245468
v -44.920963 59.483582 103.225677
v -43.506683 50.808044 102.307236
v -43.967567 50.918396 102.366150
v -36.386162 50.918396 114.040497
v -36.776566 51.202332 114.380356
v -36.434177 50.833679 114.071678
v -36.434177 50.833679 114.071678
v -36.326599 50.486755 113.761436
v -36.144878 50.808044 113.643417
v -36.434177 50.833679 114.071678
v -36.144878 50.808044 113.643417
v -36.386162 50.918396 114.040497
v -36.779900 49.951355 113.224403
v -37.322788 49.808289 113.041679
v -36.759727 49.965027 113.124977
v -36.759727 49.965027 113.124977
v -36.368496 50.237244 113.095383
v -36.444836 50.184998 113.471664
v -36.759727 49.965027 113.124977
v -36.444836 50.184998 113.471664
v -36.779900 49.951355 113.224403
v -36.163555 51.018982 112.737823
v -36.380863 51.473328 112.429985
v -36.135712 51.090027 112.806061
v -36.135712 51.090027 112.806061
v -36.059219 50.866638 113.221245
v -36.164600 50.597839 112.962975
v -36.135712 51.090027 112.806061
v -36.164600 50.597839 112.962975
v -36.163555 51.018982 112.737823
v -36.164600 50.597839 112.962975
v -36.059219 50.866638 113.221245
v -36.144878 50.808044 113.643417
v -36.326599 50.486755 113.761436
v -36.164600 50.597839 112.962975
v -36.144878 50.808044 113.643417
v -36.444836 50.184998 113.471664
v -36.444836 50.184998 113.471664
v -36.368496 50.237244 113.095383
v -36.164600 50.597839 112.962975
v -38.424614 60.177673 114.206161
v -39.010845 60.163269 114.137917
v -38.444782 60.164001 114.305580
v -38.444782 60.164001 114.305580
v -38.045200 60.001892 114.510956
v -37.968861 60.054138 114.134674
v -38.444782 60.164001 114.305580
v -37.968861 60.054138 114.134674
v -38.424614 60.177673 114.206161
v -37.811371 59.281677 114.966042
v -38.010078 58.768982 115.181404
v -37.740185 59.224304 114.919807
v -37.740185 59.224304 114.919807
v -37.559151 59.483582 114.561859
v -37.828568 59.700134 114.736824
v -37.740185 59.224304 114.919807
v -37.828568 59.700134 114.736824
v -37.811371 59.281677 114.966042
v -37.489738 59.395935 113.685371
v -37.614380 59.039978 113.231033
v -37.540752 59.466980 113.632179
v -37.540752 59.466980 113.632179
v -37.666573 59.811218 113.938362
v -37.473495 59.542175 114.139687
v -37.540752 59.466980 113.632179
v -37.473495 59.542175 114.139687
v -37.489738 59.395935 113.685371
v -37.473495 59.542175 114.139687
v -37.666573 59.811218 113.938362
v -37.968861 60.054138 114.134674
v -38.045200 60.001892 114.510956
v -37.473495 59.542175 114.139687
v -37.473495 59.542175 114.139687
v -38.045200 60.001892 114.510956
v -37.828568 59.700134 114.736824
v -37.828568 59.700134 114.736824
v -37.559151 59.483582 114.561859
v -37.473495 59.542175 114.139687
v -45.321594 59.224304 103.245468
v -45.670349 58.768982 103.385620
v -45.392780 59.281677 103.291695
v -45.392780 59.281677 103.291695
v -45.190380 59.700134 103.400635
v -44.920963 59.483582 103.225677
v -45.392780 59.281677 103.291695
v -44.920963 59.483582 103.225677
v -45.321594 59.224304 103.245468
v -45.047062 60.164001 104.138969
v -45.124123 60.163269 104.724297
v -44.948029 60.177673 104.160988
v -44.948029 60.177673 104.160988
v -44.697342 60.054138 103.773712
v -45.072144 60.001892 103.690407
v -45.047062 60.164001 104.138969
v -44.064167 59.466980 103.586998
v -43.727657 59.039978 103.817413
v -44.092010 59.395935 103.518761
v -44.092010 59.395935 103.518761
v -44.500443 59.542175 103.319138
v -44.395061 59.811218 103.577408
v -44.092010 59.395935 103.518761
v -44.395061 59.811218 103.577408
v -44.064167 59.466980 103.586998
v -44.395061 59.811218 103.577408
v -44.500443 59.542175 103.319138
v -44.920963 59.483582 103.225677
v -45.190380 59.700134 103.400635
v -44.395061 59.811218 103.577408
v -44.920963 59.483582 103.225677
v -45.190380 59.700134 103.400635
v -45.072144 60.001892 103.690407
v -45.072144 60.001892 103.690407
v -44.697342 60.054138 103.773712
v -44.395061 59.811218 103.577408
v -43.283142 49.965027 103.079796
v -43.436062 49.808289 103.628059
v -43.382172 49.951355 103.057785
v -43.382172 49.951355 103.057785
v -43.471779 50.184998 102.651115
v -43.096977 50.237244 102.734428
v -43.382172 49.951355 103.057785
v -43.096977 50.237244 102.734428
v -43.283142 49.965027 103.079796
v -44.015587 50.833679 102.397339
v -44.436832 51.202332 102.584572
v -43.967567 50.918396 102.366150
v -43.967567 50.918396 102.366150
v -43.506683 50.808044 102.307236
v -43.688408 50.486755 102.425247
v -43.967567 50.918396 102.366150
v -43.688408 50.486755 102.425247
v -44.015587 50.833679 102.397339
v -42.737984 51.090027 102.639442
v -42.494137 51.473328 103.016365
v -42.686970 51.018982 102.692642
v -42.686970 51.018982 102.692642
v -42.893085 50.597839 102.602020
v -43.086159 50.866638 102.400696
v -42.686970 51.018982 102.692642
v -43.086159 50.866638 102.400696
v -42.737984 51.090027 102.639442
v -43.086159 50.866638 102.400696
v -42.893085 50.597839 102.602020
v -43.096977 50.237244 102.734428
v -43.471779 50.184998 102.651115
v -43.086159 50.866638 102.400696
v -43.096977 50.237244 102.734428
v -43.688408 50.486755 102.425247
v -43.688408 50.486755 102.425247
v -43.506683 50.808044 102.307236
v -50.737457 56.408386 122.202225
v -50.930294 55.953796 121.878494
v -50.686443 56.337097 122.255417
v -50.686443 56.337097 122.255417
v -50.338268 56.560486 122.494164
v -50.531342 56.829529 122.292839
v -50.686443 56.337097 122.255417
v -50.531342 56.829529 122.292839
v -50.737457 56.408386 122.202225
v -49.456860 56.508728 122.528709
v -48.987598 56.224792 122.310287
v -49.408844 56.593689 122.497528
v -49.408844 56.593689 122.497528
v -49.736023 56.940369 122.469620
v -49.917744 56.619080 122.587631
v -49.408844 56.593689 122.497528
v -49.917744 56.619080 122.587631
v -49.456860 56.508728 122.528709
v -50.042259 57.476013 121.837074
v -49.988365 57.618835 121.266800
v -50.141285 57.462097 121.815063
v -50.141285 57.462097 121.815063
v -50.327450 57.189880 122.160431
v -49.952652 57.242126 122.243744
v -50.042259 57.476013 121.837074
v -49.952652 57.242126 122.243744
v -50.327450 57.189880 122.160431
v -50.531342 56.829529 122.292839
v -50.338268 56.560486 122.494164
v -49.952652 57.242126 122.243744
v -50.531342 56.829529 122.292839
v -49.952652 57.242126 122.243744
v -50.338268 56.560486 122.494164
v -49.917744 56.619080 122.587631
v -49.917744 56.619080 122.587631
v -49.736023 56.940369 122.469620
v -49.952652 57.242126 122.243744
v -56.990253 56.593689 110.823181
v -56.647869 56.224792 110.514511
v -57.038269 56.508728 110.854362
v -57.038269 56.508728 110.854362
v -57.279556 56.619080 111.251434
v -57.097828 56.940369 111.133423
v -57.038269 56.508728 110.854362
v -57.097828 56.940369 111.133423
v -56.990253 56.593689 110.823181
v -57.288719 56.337097 112.088806
v -57.043568 55.953796 112.464874
v -57.260872 56.408386 112.157043
v -57.260872 56.408386 112.157043
v -57.259827 56.829529 111.931885
v -57.365208 56.560486 111.673622
v -57.260872 56.408386 112.157043
v -57.365208 56.560486 111.673622
v -57.288719 56.337097 112.088806
v -56.664700 57.462097 111.769882
v -56.101639 57.618835 111.853180
v -56.644527 57.476013 111.670464
v -56.644527 57.476013 111.670464
v -56.979591 57.242126 111.423195
v -57.055935 57.189880 111.799477
v -56.644527 57.476013 111.670464
v -57.055935 57.189880 111.799477
v -56.664700 57.462097 111.769882
v -57.055935 57.189880 111.799477
v -56.979591 57.242126 111.423195
v -57.097828 56.940369 111.133423
v -57.279556 56.619080 111.251434
v -57.055935 57.189880 111.799477
v -57.097828 56.940369 111.133423
v -57.279556 56.619080 111.251434
v -57.365208 56.560486 111.673622
v -57.365208 56.560486 111.673622
v -57.259827 56.829529 111.931885
v -57.055935 57.189880 111.799477
v -49.332420 48.031433 121.376091
v -49.696774 48.387146 121.077438
v -49.360268 47.960388 121.307854
v -49.360268 47.960388 121.307854
v -49.029373 47.616150 121.317444
v -48.923992 47.884949 121.575714
v -49.360268 47.960388 121.307854
v -48.923992 47.884949 121.575714
v -49.332420 48.031433 121.376091
v -48.476406 47.249451 120.733864
v -48.300312 47.264099 120.170555
v -48.377373 47.263367 120.755882
v -48.377373 47.263367 120.755882
v -48.352291 47.425232 121.204445
v -48.727089 47.372986 121.121140
v -48.377373 47.263367 120.755882
v -48.727089 47.372986 121.121140
v -48.476406 47.249451 120.733864
v -48.031651 48.145691 121.603157
v -47.754082 48.658142 121.509232
v -48.102837 48.202820 121.649391
v -48.102837 48.202820 121.649391
v -48.503468 47.943787 121.669189
v -48.234051 47.726990 121.494225
v -48.102837 48.202820 121.649391
v -48.234051 47.726990 121.494225
v -48.031651 48.145691 121.603157
v -48.234051 47.726990 121.494225
v -48.503468 47.943787 121.669189
v -48.923992 47.884949 121.575714
v -49.029373 47.616150 121.317444
v -48.234051 47.726990 121.494225
v -48.923992 47.884949 121.575714
v -48.234051 47.726990 121.494225
v -49.029373 47.616150 121.317444
v -48.727089 47.372986 121.121140
v -48.727089 47.372986 121.121140
v -48.352291 47.425232 121.204445
v -48.234051 47.726990 121.494225
v -55.883675 47.960388 111.262672
v -55.810047 48.387146 111.663818
v -55.934692 48.031433 111.209488
v -55.934692 48.031433 111.209488
v -55.950932 47.884949 110.755173
v -55.757854 47.616150 110.956497
v -55.934692 48.031433 111.209488
v -55.757854 47.616150 110.956497
v -55.883675 47.960388 111.262672
v -55.684242 48.202820 109.975044
v -55.414349 48.658142 109.713455
v -55.613056 48.145691 109.928818
v -55.613056 48.145691 109.928818
v -55.595860 47.726990 110.158028
v -55.865276 47.943787 110.332993
v -55.613056 48.145691 109.928818
v -55.865276 47.943787 110.332993
v -55.684242 48.202820 109.975044
v -54.979649 47.263367 110.589272
v -54.413586 47.264099 110.756943
v -54.999817 47.249451 110.688690
v -54.999817 47.249451 110.688690
v -55.455570 47.372986 110.760193
v -55.379227 47.425232 110.383911
v -54.999817 47.249451 110.688690
v -55.379227 47.425232 110.383911
v -54.979649 47.263367 110.589272
v -55.379227 47.425232 110.383911
v -55.455570 47.372986 110.760193
v -55.757854 47.616150 110.956497
v -55.950932 47.884949 110.755173
v -55.379227 47.425232 110.383911
v -55.757854 47.616150 110.956497
v -55.379227 47.425232 110.383911
v -55.950932 47.884949 110.755173
v -55.865276 47.943787 110.332993
v -55.865276 47.943787 110.332993
v -55.595860 47.726990 110.158028
v -55.379227 47.425232 110.383911
v 139.065979 -98.518372 -0.000000
v 138.768219 -98.518372 9.095350
v 137.876251 -98.518372 18.151752
v 136.393860 -98.518372 27.130428
v 134.327423 -98.518372 35.992924
v 131.685760 -98.518372 44.701298
v 128.480225 -98.518372 53.218246
v 124.724495 -98.518372 61.507317
v 120.434677 -98.518372 69.532990
v 115.629135 -98.518372 77.260918
v 110.328453 -98.518372 84.657997
v 104.555351 -98.518372 91.692574
v 98.334503 -98.518372 98.334503
v 91.692574 -98.518372 104.555351
v 84.657997 -98.518372 110.328453
v 77.260918 -98.518372 115.629135
v 69.532990 -98.518372 120.434677
v 61.507317 -98.518372 124.724495
v 53.218246 -98.518372 128.480225
v 44.701298 -98.518372 131.685760
v 35.992924 -98.518372 134.327423
v 27.130428 -98.518372 136.393860
v 18.151752 -98.518372 137.876251
v 9.095350 -98.518372 138.768219
v 0.000000 -98.518372 139.065979
v -9.095350 -98.518372 138.768219
v -18.151752 -98.518372 137.876251
v -27.130428 -98.518372 136.393860
v -35.992924 -98.518372 134.327423
v -44.701298 -98.518372 131.685760
v -53.218246 -98.518372 128.480225
v -61.507317 -98.518372 124.724495
v -69.532990 -98.518372 120.434677
v -77.260918 -98.518372 115.629135
v -84.657997 -98.518372 110.328453
v -91.692574 -98.518372 104.555351
v -98.334503 -98.518372 98.334503
v -104.555351 -98.518372 91.692574
v -110.328453 -98.518372 84.657997
v -115.629135 -98.518372 77.260918
v -120.434677 -98.518372 69.532990
v -124.724495 -98.518372 61.507317
v -128.480225 -98.518372 53.218246
v -131.685760 -98.518372 44.701298
v -134.327423 -98.518372 35.992924
v -136.393860 -98.518372 27.130428
v -137.876251 -98.518372 18.151752
v -138.768219 -98.518372 9.095350
v -139.065979 -98.518372 -0.000000
v -138.768219 -98.518372 -9.095350
v -137.876251 -98.518372 -18.151752
v -136.393860 -98.518372 -27.130428
v -134.327423 -98.518372 -35.992924
v -131.685760 -98.518372 -44.701298
v -128.480225 -98.518372 -53.218246
v -124.724495 -98.518372 -61.507317
v -120.434677 -98.518372 -69.532990
v -115.629135 -98.518372 -77.260918
v -110.328453 -98.518372 -84.657997
v -104.555351 -98.518372 -91.692574
v -98.334503 -98.518372 -98.334503
v -91.692574 -98.518372 -104.555351
v -84.657997 -98.518372 -110.328453
v -77.260918 -98.518372 -115.629135
v -69.532990 -98.518372 -120.434677
v -61.507317 -98.518372 -124.724495
v -53.218246 -98.518372 -128.480225
v -44.701298 -98.518372 -131.685760
v -35.992924 -98.518372 -134.327423
v -27.130428 -98.518372 -136.393860
v -18.151752 -98.518372 -137.876251
v -9.095350 -98.518372 -138.768219
v 0.000000 -98.518372 -139.065979
v 9.095350 -98.518372 -138.768219
v 18.151752 -98.518372 -137.876251
v 27.130428 -98.518372 -136.393860
v 35.992924 -98.518372 -134.327423
v 44.701298 -98.518372 -131.685760
v 53.218246 -98.518372 -128.480225
v 61.507317 -98.518372 -124.724495
v 69.532990 -98.518372 -120.434677
v 77.260918 -98.518372 -115.629135
v 84.657997 -98.518372 -110.328453
v 91.692574 -98.518372 -104.555351
v 98.334503 -98.518372 -98.334503
v 104.555351 -98.518372 -91.692574
v 110.328453 -98.518372 -84.657997
v 115.629135 -98.518372 -77.260918
v 120.434677 -98.518372 -69.532990
v 124.724495 -98.518372 -61.507317
v 128.480225 -98.518372 -53.218246
v 131.685760 -98.518372 -44.701298
v 134.327423 -98.518372 -35.992924
v 136.393860 -98.518372 -27.130428
v 137.876251 -98.518372 -18.151752
v 138.768219 -98.518372 -9.095350
v -41.654327 121.047791 -30.251461
v -43.412430 121.047791 -33.296589
v -71.893753 31.736023 -82.627670
v -26.182993 31.736023 -3.454326
v 7.676764 121.047791 -58.732780
v -41.654327 121.047791 -30.251461
v -26.182993 31.736023 -3.454326
v 23.148096 31.736023 -31.935648
v 5.918657 121.047791 -61.777908
v -43.412430 121.047791 -33.296589
v -41.654327 121.047791 -30.251461
v 7.676764 121.047791 -58.732780
v -22.562660 31.736023 -111.108994
v -71.893753 31.736023 -82.627670
v -43.412430 121.047791 -33.296589
v 5.918657 121.047791 -61.777908
v 23.148096 31.736023 -31.935648
v -26.182993 31.736023 -3.454326
v -71.893753 31.736023 -82.627670
v -22.562660 31.736023 -111.108994
v -22.562660 31.736023 -111.108994
v 5.918657 121.047791 -61.777908
v 7.676764 121.047791 -58.732780
v 23.148096 31.736023 -31.935648
v -79.410164 55.646179 41.727600
v -103.279007 55.646179 17.858767
v -123.666969 55.646179 38.246735
v -99.798134 55.646179 62.115570
v -79.410164 33.142517 41.727600
v -103.279007 33.142517 17.858767
v -103.279007 55.646179 17.858767
v -79.410164 55.646179 41.727600
v -79.410164 33.142517 41.727600
v -79.410164 55.646179 41.727600
v -99.798134 55.646179 62.115570
v -99.798134 33.142517 62.115570
v -63.229568 53.615662 44.479702
v -63.229568 34.909363 44.479702
v -28.123215 34.909363 17.051611
v -28.123215 53.615662 17.051611
v -63.229568 34.909363 44.479702
v -119.600861 34.909363 -27.672266
v -84.494507 34.909363 -55.100353
v -28.123215 34.909363 17.051611
v -119.600861 34.909363 -27.672266
v -127.480721 89.059021 -37.758030
v -92.374367 89.059021 -65.186119
v -84.494507 34.909363 -55.100353
v -127.480721 89.059021 -37.758030
v -119.765228 120.176208 -27.882641
v -84.658875 120.176208 -55.310726
v -92.374367 89.059021 -65.186119
v -119.765228 120.176208 -27.882641
v -63.229568 53.615662 44.479702
v -28.123215 53.615662 17.051611
v -84.658875 120.176208 -55.310726
v -63.229568 34.909363 44.479702
v -63.229568 53.615662 44.479702
v -119.765228 120.176208 -27.882641
v -63.229568 34.909363 44.479702
v -63.229568 53.615662 44.479702
v -127.480721 89.059021 -37.758030
v -119.600861 34.909363 -27.672266
v -28.123215 34.909363 17.051611
v -84.494507 34.909363 -55.100353
v -92.374367 89.059021 -65.186119
v -84.658875 120.176208 -55.310726
v -28.123215 53.615662 17.051611
v -28.123215 53.615662 17.051611
v -28.123215 34.909363 17.051611
v -123.666969 55.646179 38.246735
v -103.279007 55.646179 17.858767
v -103.279007 33.142517 17.858767
v -123.666969 33.142517 38.246735
v -99.798134 55.646179 62.115570
v -123.666969 55.646179 38.246735
v -123.666969 33.142517 38.246735
v -99.798134 33.142517 62.115570
v -99.798134 33.142517 62.115570
v -123.666969 33.142517 38.246735
v -103.279007 33.142517 17.858767
v -79.410164 33.142517 41.727600
v -109.363663 -5.839905 67.996155
v -118.493980 -5.839905 77.126488
v -138.241104 -5.839905 57.379364
v -129.110779 -5.839905 48.249035
v -130.328949 79.815125 88.961456
v -109.363663 79.815125 67.996155
v -129.110779 79.815125 48.249035
v -150.076096 79.815125 69.214325
v -108.359428 78.394958 69.000389
v -129.324707 78.394958 89.965691
v -129.324707 58.825378 89.965691
v -117.489746 45.041931 78.130722
v -117.489746 -4.419495 78.130722
v -108.359428 -4.419495 69.000389
v -130.115021 -4.419495 47.244804
v -139.245331 -4.419495 56.375126
v -139.245331 45.041931 56.375134
v -151.080338 58.825378 68.210098
v -151.080338 78.394958 68.210091
v -130.115021 78.394958 47.244804
v -108.359428 78.394958 66.991920
v -108.359428 -4.419495 66.991920
v -128.106552 -4.419495 47.244804
v -128.106552 78.394958 47.244804
v -131.333176 59.575378 89.965691
v -131.333176 78.394958 89.965691
v -151.080338 78.394958 70.218559
v -151.080338 59.575378 70.218559
v -120.273407 45.274597 78.905922
v -130.557983 57.252380 89.190491
v -150.305115 57.252380 69.443359
v -140.020538 45.274597 59.158791
v -119.498215 -4.419495 78.130722
v -119.498215 42.951599 78.130722
v -139.245331 42.951599 58.383598
v -139.245331 -4.419495 58.383598
v -138.241104 -5.839905 57.379364
v -138.824783 -5.767395 57.328171
v -129.161972 -5.767395 47.665359
v -138.241104 -5.839905 57.379364
v -129.161972 -5.767395 47.665359
v -129.110779 -5.839905 48.249035
v -138.824783 -5.767395 57.328171
v -139.233582 -5.565735 57.185619
v -129.304535 -5.565735 47.256565
v -129.161972 -5.767395 47.665359
v -129.521896 -5.258362 47.039185
v -129.304535 -5.565735 47.256565
v -139.233582 -5.565735 57.185619
v -129.521896 -5.258362 47.039185
v -139.233582 -5.565735 57.185619
v -139.450943 -5.258362 56.968235
v -118.493980 -5.839905 77.126488
v -118.545166 -5.767395 77.710175
v -138.824783 -5.767395 57.430553
v -118.493980 -5.839905 77.126488
v -138.824783 -5.767395 57.430553
v -138.241104 -5.839905 57.379364
v -118.545166 -5.767395 77.710175
v -118.687729 -5.565735 78.118965
v -139.233582 -5.565735 57.573105
v -138.824783 -5.767395 57.430553
v -139.450943 -5.258362 57.790489
v -139.233582 -5.565735 57.573105
v -118.687729 -5.565735 78.118965
v -139.450943 -5.258362 57.790489
v -118.687729 -5.565735 78.118965
v -118.905098 -5.258362 78.336342
v -109.363663 -5.839905 67.996155
v -108.779976 -5.767395 68.047348
v -118.442795 -5.767395 77.710175
v -109.363663 -5.839905 67.996155
v -118.442795 -5.767395 77.710175
v -118.493980 -5.839905 77.126488
v -108.779976 -5.767395 68.047348
v -108.371185 -5.565735 68.189903
v -118.300232 -5.565735 78.118965
v -118.442795 -5.767395 77.710175
v -118.082855 -5.258362 78.336342
v -118.300232 -5.565735 78.118965
v -108.371185 -5.565735 68.189903
v -108.153801 -5.258362 68.407288
v -129.110779 -5.839905 48.249035
v -129.059586 -5.767395 47.665359
v -108.779976 -5.767395 67.944969
v -129.110779 -5.839905 48.249035
v -108.779976 -5.767395 67.944969
v -109.363663 -5.839905 67.996155
v -129.059586 -5.767395 47.665359
v -128.917038 -5.565735 47.256565
v -108.371185 -5.565735 67.802414
v -108.779976 -5.767395 67.944969
v -108.153809 -5.258362 67.585030
v -108.371185 -5.565735 67.802414
v -128.917038 -5.565735 47.256565
v -128.699661 -5.258362 47.039185
v -129.110779 79.815125 48.249035
v -129.161972 79.742859 47.665359
v -150.659775 79.742859 69.163132
v -150.076096 79.815125 69.214325
v -129.161972 79.742859 47.665359
v -129.304535 79.541199 47.256561
v -151.068558 79.541199 69.020584
v -150.659775 79.742859 69.163132
v -151.285950 79.233826 68.803200
v -151.068558 79.541199 69.020584
v -129.304535 79.541199 47.256561
v -151.285950 79.233826 68.803200
v -129.304535 79.541199 47.256561
v -129.521896 79.233826 47.039185
v -109.363663 79.815125 67.996155
v -108.779976 79.742859 67.944969
v -129.059586 79.742859 47.665359
v -129.110779 79.815125 48.249035
v -108.779976 79.742859 67.944969
v -108.371185 79.541199 67.802414
v -128.917038 79.541199 47.256561
v -129.059586 79.742859 47.665359
v -128.699661 79.233826 47.039185
v -128.917038 79.541199 47.256561
v -108.371185 79.541199 67.802414
v -108.153809 79.233826 67.585030
v -130.328949 79.815125 88.961456
v -130.277756 79.742859 89.545135
v -108.779976 79.742859 68.047348
v -109.363663 79.815125 67.996155
v -130.277756 79.742859 89.545135
v -130.135193 79.541199 89.953934
v -108.371185 79.541199 68.189903
v -108.779976 79.742859 68.047348
v -108.153809 79.233826 68.407288
v -108.371185 79.541199 68.189903
v -130.135193 79.541199 89.953934
v -108.153809 79.233826 68.407288
v -130.135193 79.541199 89.953934
v -129.917816 79.233826 90.171303
v -150.076096 79.815125 69.214325
v -150.659775 79.742859 69.265518
v -130.380127 79.742859 89.545135
v -130.328949 79.815125 88.961456
v -150.659775 79.742859 69.265518
v -151.068558 79.541199 69.408066
v -130.522690 79.541199 89.953934
v -130.380127 79.742859 89.545135
v -130.740067 79.233826 90.171310
v -130.522690 79.541199 89.953934
v -151.068558 79.541199 69.408066
v -130.740067 79.233826 90.171310
v -151.068558 79.541199 69.408066
v -151.285950 79.233826 69.625450
v -117.489746 -4.419495 78.130722
v -117.807182 -4.868469 78.345779
v -108.144371 -4.868469 68.682961
v -117.489746 -4.419495 78.130722
v -108.144371 -4.868469 68.682961
v -108.359428 -4.419495 69.000389
v -117.807182 -4.868469 78.345779
v -118.082855 -5.258362 78.336342
v -108.153801 -5.258362 68.407288
v -108.144371 -4.868469 68.682961
v -117.489746 45.041931 78.130722
v -117.858376 44.757751 78.396965
v -117.858376 -4.796204 78.396965
v -117.489746 -4.419495 78.130722
v -117.858376 44.757751 78.396965
v -118.276596 44.372009 78.530090
v -118.276596 -4.984436 78.530090
v -117.858376 -4.796204 78.396965
v -118.711365 -4.984436 78.530090
v -118.276596 -4.984436 78.530090
v -118.276596 44.372009 78.530090
v -118.711365 43.919617 78.530090
v -129.324707 58.825378 89.965691
v -129.653824 58.567566 90.192413
v -117.897888 44.876160 78.436485
v -117.489746 45.041931 78.130722
v -129.653824 58.567566 90.192413
v -129.962006 58.255554 90.215492
v -118.426155 44.820251 78.679649
v -129.653824 58.567566 90.192413
v -118.426155 44.820251 78.679649
v -117.897888 44.876160 78.436485
v -119.028717 44.870544 78.847450
v -118.426155 44.820251 78.679649
v -129.962006 58.255554 90.215492
v -130.228958 57.914978 90.047691
v -129.324707 78.394958 89.965691
v -129.693329 78.771423 90.231934
v -129.693329 58.685974 90.231934
v -129.324707 58.825378 89.965691
v -129.693329 78.771423 90.231934
v -130.111557 78.959656 90.365051
v -130.111557 58.703552 90.365051
v -129.693329 58.685974 90.231934
v -130.546326 58.865906 90.365051
v -130.111557 58.703552 90.365051
v -130.111557 78.959656 90.365051
v -130.546326 78.959656 90.365051
v -108.359428 78.394958 69.000389
v -108.144371 78.843933 68.682961
v -129.642151 78.843933 90.180740
v -129.324707 78.394958 89.965691
v -108.144371 78.843933 68.682961
v -108.153809 79.233826 68.407288
v -129.917816 79.233826 90.171303
v -129.642151 78.843933 90.180740
v -108.359428 -4.419495 69.000389
v -108.093185 -4.796204 68.631767
v -108.093185 78.771423 68.631767
v -108.359428 78.394958 69.000389
v -108.093185 -4.796204 68.631767
v -107.960060 -4.984436 68.213539
v -107.960060 78.959656 68.213539
v -108.093185 78.771423 68.631767
v -107.960060 78.959656 67.778778
v -107.960060 78.959656 68.213539
v -107.960060 -4.984436 68.213539
v -107.960060 -4.984436 67.778778
v -130.115021 78.394958 47.244804
v -129.746384 78.771423 46.978561
v -129.746384 -4.796204 46.978561
v -130.115021 -4.419495 47.244804
v -129.746384 78.771423 46.978561
v -129.328156 78.959656 46.845440
v -129.328156 -4.984436 46.845440
v -129.746384 -4.796204 46.978561
v -128.893402 -4.984436 46.845440
v -129.328156 -4.984436 46.845440
v -129.328156 78.959656 46.845440
v -128.893402 78.959656 46.845440
v -151.080338 78.394958 68.210091
v -151.295380 78.843933 68.527527
v -129.797577 78.843933 47.029755
v -130.115021 78.394958 47.244804
v -151.295380 78.843933 68.527527
v -151.285950 79.233826 68.803200
v -129.521896 79.233826 47.039185
v -129.797577 78.843933 47.029755
v -151.080338 58.825378 68.210098
v -151.346573 58.685974 68.578720
v -151.346573 78.771423 68.578720
v -151.080338 78.394958 68.210091
v -151.346573 58.685974 68.578720
v -151.479691 58.703552 68.996948
v -151.479691 78.959656 68.996948
v -151.346573 78.771423 68.578720
v -151.479691 78.959656 69.431702
v -151.479691 78.959656 68.996948
v -151.479691 58.703552 68.996948
v -151.479691 58.865906 69.431702
v -139.245331 45.041931 56.375134
v -139.551086 44.876160 56.783272
v -151.307037 58.567566 68.539207
v -151.080338 58.825378 68.210098
v -139.551086 44.876160 56.783272
v -139.794266 44.820251 57.311539
v -151.330139 58.255554 68.847389
v -139.551086 44.876160 56.783272
v -151.330139 58.255554 68.847389
v -151.307037 58.567566 68.539207
v -151.162323 57.914978 69.114342
v -151.330139 58.255554 68.847389
v -139.794266 44.820251 57.311539
v -139.962067 44.870544 57.914104
v -139.245331 -4.419495 56.375126
v -139.511581 -4.796204 56.743755
v -139.511581 44.757751 56.743755
v -139.245331 -4.419495 56.375126
v -139.511581 44.757751 56.743755
v -139.245331 45.041931 56.375134
v -139.511581 -4.796204 56.743755
v -139.644699 -4.984436 57.161983
v -139.644699 44.372009 57.161983
v -139.511581 44.757751 56.743755
v -139.644699 43.919617 57.596745
v -139.644699 44.372009 57.161983
v -139.644699 -4.984436 57.161983
v -139.644699 -4.984436 57.596741
v -130.115021 -4.419495 47.244804
v -129.797577 -4.868469 47.029755
v -139.460388 -4.868469 56.692562
v -139.245331 -4.419495 56.375126
v -129.797577 -4.868469 47.029755
v -129.521896 -5.258362 47.039185
v -139.450943 -5.258362 56.968235
v -139.460388 -4.868469 56.692562
v -128.106552 -4.419495 47.244804
v -128.475174 -4.796204 46.978561
v -128.475174 78.771423 46.978561
v -128.106552 78.394958 47.244804
v -128.475174 -4.796204 46.978561
v -128.893402 -4.984436 46.845440
v -128.893402 78.959656 46.845440
v -128.475174 78.771423 46.978561
v -108.359428 -4.419495 66.991920
v -108.144371 -4.868469 67.309357
v -128.423981 -4.868469 47.029755
v -128.106552 -4.419495 47.244804
v -108.144371 -4.868469 67.309357
v -108.153809 -5.258362 67.585030
v -128.699661 -5.258362 47.039185
v -128.423981 -4.868469 47.029755
v -108.359428 78.394958 66.991920
v -108.093185 78.771423 67.360550
v -108.093185 -4.796204 67.360550
v -108.359428 -4.419495 66.991920
v -108.093185 78.771423 67.360550
v -107.960060 78.959656 67.778778
v -107.960060 -4.984436 67.778778
v -108.093185 -4.796204 67.360550
v -128.106552 78.394958 47.244804
v -128.423981 78.843933 47.029755
v -108.144371 78.843933 67.309357
v -108.359428 78.394958 66.991920
v -128.423981 78.843933 47.029755
v -128.699661 79.233826 47.039185
v -108.153809 79.233826 67.585030
v -108.144371 78.843933 67.309357
v -151.080338 78.394958 70.218559
v -151.346573 78.771423 69.849930
v -151.346573 59.160828 69.849930
v -151.080338 59.575378 70.218559
v -151.346573 78.771423 69.849930
v -151.479691 78.959656 69.431702
v -151.479691 58.865906 69.431702
v -151.346573 78.771423 69.849930
v -151.479691 58.865906 69.431702
v -151.346573 59.160828 69.849930
v -131.333176 78.394958 89.965691
v -131.015747 78.843933 90.180740
v -151.295380 78.843933 69.901123
v -151.080338 78.394958 70.218559
v -131.015747 78.843933 90.180740
v -130.740067 79.233826 90.171310
v -151.285950 79.233826 69.625450
v -151.295380 78.843933 69.901123
v -131.333176 59.575378 89.965691
v -130.964554 59.160828 90.231934
v -130.964554 78.771423 90.231934
v -131.333176 78.394958 89.965691
v -130.964554 59.160828 90.231934
v -130.546326 58.865906 90.365051
v -130.546326 78.959656 90.365051
v -130.964554 78.771423 90.231934
v -151.080338 59.575378 70.218559
v -151.307037 59.080505 69.912796
v -131.027420 59.080505 90.192413
v -151.080338 59.575378 70.218559
v -131.027420 59.080505 90.192413
v -131.333176 59.575378 89.965691
v -151.307037 59.080505 69.912796
v -151.330139 58.562439 69.669640
v -130.784256 58.562439 90.215492
v -131.027420 59.080505 90.192413
v -130.616455 58.059753 90.047699
v -130.784256 58.562439 90.215492
v -151.330139 58.562439 69.669640
v -151.162323 58.059753 69.501839
v -150.305115 57.252380 69.443359
v -150.816406 57.571960 69.319771
v -140.041748 45.023376 58.545132
v -140.020538 45.274597 59.158791
v -150.816406 57.571960 69.319771
v -151.162323 57.914978 69.114342
v -139.962067 44.870544 57.914104
v -150.816406 57.571960 69.319771
v -139.962067 44.870544 57.914104
v -140.041748 45.023376 58.545132
v -130.557983 57.252380 89.190491
v -130.536774 57.610291 89.701775
v -150.816406 57.610291 69.422157
v -150.305115 57.252380 69.443359
v -130.536774 57.610291 89.701775
v -130.616455 58.059753 90.047699
v -151.162323 58.059753 69.501839
v -150.816406 57.610291 69.422157
v -120.273407 45.274597 78.905922
v -119.659744 45.023376 78.927124
v -130.434387 57.571960 89.701775
v -130.557983 57.252380 89.190491
v -119.659744 45.023376 78.927124
v -119.028717 44.870544 78.847450
v -130.228958 57.914978 90.047691
v -119.659744 45.023376 78.927124
v -130.228958 57.914978 90.047691
v -130.434387 57.571960 89.701775
v -140.020538 45.274597 59.158791
v -140.041748 44.916687 58.647514
v -119.762131 44.916687 78.927124
v -120.273407 45.274597 78.905922
v -140.041748 44.916687 58.647514
v -139.962067 44.467224 58.301590
v -119.416214 44.467224 78.847450
v -119.762131 44.916687 78.927124
v -119.248413 43.964539 78.679649
v -119.416214 44.467224 78.847450
v -139.962067 44.467224 58.301590
v -139.794266 43.964539 58.133789
v -139.245331 42.951599 58.383598
v -139.511581 43.434509 58.014969
v -139.511581 -4.796204 58.014969
v -139.245331 42.951599 58.383598
v -139.511581 -4.796204 58.014969
v -139.245331 -4.419495 58.383598
v -139.511581 43.434509 58.014969
v -139.644699 43.919617 57.596745
v -139.644699 -4.984436 57.596741
v -139.511581 -4.796204 58.014969
v -119.498215 42.951599 78.130722
v -119.271484 43.446472 78.436485
v -139.551086 43.446472 58.156868
v -139.245331 42.951599 58.383598
v -119.271484 43.446472 78.436485
v -119.248413 43.964539 78.679649
v -139.794266 43.964539 58.133789
v -139.551086 43.446472 58.156868
v -119.498215 -4.419495 78.130722
v -119.129585 -4.796204 78.396965
v -119.129585 43.434509 78.396965
v -119.498215 42.951599 78.130722
v -119.129585 -4.796204 78.396965
v -118.711365 -4.984436 78.530090
v -118.711365 43.919617 78.530090
v -119.129585 43.434509 78.396965
v -139.245331 -4.419495 58.383598
v -139.460388 -4.868469 58.066162
v -119.180771 -4.868469 78.345779
v -119.498215 -4.419495 78.130722
v -139.460388 -4.868469 58.066162
v -139.450943 -5.258362 57.790489
v -118.905098 -5.258362 78.336342
v -119.180771 -4.868469 78.345779
v -129.797577 -4.868469 47.029755
v -130.115021 -4.419495 47.244804
v -129.746384 -4.796204 46.978561
v -129.746384 -4.796204 46.978561
v -129.328156 -4.984436 46.845440
v -129.521896 -5.258362 47.039185
v -129.746384 -4.796204 46.978561
v -129.521896 -5.258362 47.039185
v -129.797577 -4.868469 47.029755
v -128.475174 -4.796204 46.978561
v -128.106552 -4.419495 47.244804
v -128.423981 -4.868469 47.029755
v -128.423981 -4.868469 47.029755
v -128.699661 -5.258362 47.039185
v -128.893402 -4.984436 46.845440
v -128.423981 -4.868469 47.029755
v -128.893402 -4.984436 46.845440
v -128.475174 -4.796204 46.978561
v -129.059586 -5.767395 47.665359
v -129.110779 -5.839905 48.249035
v -129.161972 -5.767395 47.665359
v -129.161972 -5.767395 47.665359
v -129.304535 -5.565735 47.256565
v -128.917038 -5.565735 47.256565
v -129.059586 -5.767395 47.665359
v -128.917038 -5.565735 47.256565
v -129.304535 -5.565735 47.256565
v -129.521896 -5.258362 47.039185
v -129.328156 -4.984436 46.845440
v -128.917038 -5.565735 47.256565
v -129.521896 -5.258362 47.039185
v -129.328156 -4.984436 46.845440
v -128.893402 -4.984436 46.845440
v -128.893402 -4.984436 46.845440
v -128.699661 -5.258362 47.039185
v -128.917038 -5.565735 47.256565
v -139.460388 -4.868469 58.066162
v -139.245331 -4.419495 58.383598
v -139.511581 -4.796204 58.014969
v -139.511581 -4.796204 58.014969
v -139.644699 -4.984436 57.596741
v -139.450943 -5.258362 57.790489
v -139.511581 -4.796204 58.014969
v -139.450943 -5.258362 57.790489
v -139.460388 -4.868469 58.066162
v -139.511581 -4.796204 56.743755
v -139.245331 -4.419495 56.375126
v -139.460388 -4.868469 56.692562
v -139.460388 -4.868469 56.692562
v -139.450943 -5.258362 56.968235
v -139.644699 -4.984436 57.161983
v -139.460388 -4.868469 56.692562
v -139.644699 -4.984436 57.161983
v -139.511581 -4.796204 56.743755
v -138.824783 -5.767395 57.328171
v -138.241104 -5.839905 57.379364
v -138.824783 -5.767395 57.430553
v -138.824783 -5.767395 57.430553
v -139.233582 -5.565735 57.573105
v -139.233582 -5.565735 57.185619
v -138.824783 -5.767395 57.328171
v -139.233582 -5.565735 57.185619
v -139.233582 -5.565735 57.573105
v -139.450943 -5.258362 57.790489
v -139.644699 -4.984436 57.596741
v -139.233582 -5.565735 57.185619
v -139.450943 -5.258362 57.790489
v -139.233582 -5.565735 57.185619
v -139.644699 -4.984436 57.596741
v -139.644699 -4.984436 57.161983
v -139.644699 -4.984436 57.161983
v -139.450943 -5.258362 56.968235
v -139.233582 -5.565735 57.185619
v -117.807182 -4.868469 78.345779
v -117.489746 -4.419495 78.130722
v -117.858376 -4.796204 78.396965
v -117.858376 -4.796204 78.396965
v -118.276596 -4.984436 78.530090
v -118.082855 -5.258362 78.336342
v -117.858376 -4.796204 78.396965
v -118.082855 -5.258362 78.336342
v -117.807182 -4.868469 78.345779
v -119.129585 -4.796204 78.396965
v -119.498215 -4.419495 78.130722
v -119.180771 -4.868469 78.345779
v -119.180771 -4.868469 78.345779
v -118.905098 -5.258362 78.336342
v -118.711365 -4.984436 78.530090
v -119.180771 -4.868469 78.345779
v -118.711365 -4.984436 78.530090
v -119.129585 -4.796204 78.396965
v -118.545166 -5.767395 77.710175
v -118.493980 -5.839905 77.126488
v -118.442795 -5.767395 77.710175
v -118.442795 -5.767395 77.710175
v -118.300232 -5.565735 78.118965
v -118.687729 -5.565735 78.118965
v -118.545166 -5.767395 77.710175
v -118.687729 -5.565735 78.118965
v -118.300232 -5.565735 78.118965
v -118.082855 -5.258362 78.336342
v -118.276596 -4.984436 78.530090
v -118.711365 -4.984436 78.530090
v -118.711365 -4.984436 78.530090
v -118.905098 -5.258362 78.336342
v -118.687729 -5.565735 78.118965
v -108.144371 -4.868469 67.309357
v -108.359428 -4.419495 66.991920
v -108.093185 -4.796204 67.360550
v -108.093185 -4.796204 67.360550
v -107.960060 -4.984436 67.778778
v -108.153809 -5.258362 67.585030
v -108.093185 -4.796204 67.360550
v -108.153809 -5.258362 67.585030
v -108.144371 -4.868469 67.309357
v -108.093185 -4.796204 68.631767
v -108.359428 -4.419495 69.000389
v -108.144371 -4.868469 68.682961
v -108.144371 -4.868469 68.682961
v -108.153801 -5.258362 68.407288
v -107.960060 -4.984436 68.213539
v -108.144371 -4.868469 68.682961
v -107.960060 -4.984436 68.213539
v -108.093185 -4.796204 68.631767
v -108.779976 -5.767395 68.047348
v -109.363663 -5.839905 67.996155
v -108.779976 -5.767395 67.944969
v -108.779976 -5.767395 67.944969
v -108.371185 -5.565735 67.802414
v -108.371185 -5.565735 68.189903
v -108.779976 -5.767395 68.047348
v -108.371185 -5.565735 68.189903
v -108.371185 -5.565735 67.802414
v -108.153809 -5.258362 67.585030
v -107.960060 -4.984436 67.778778
v -108.371185 -5.565735 68.189903
v -108.153809 -5.258362 67.585030
v -107.960060 -4.984436 68.213539
v -107.960060 -4.984436 68.213539
v -108.153801 -5.258362 68.407288
v -108.371185 -5.565735 68.189903
v -151.295380 78.843933 68.527527
v -151.080338 78.394958 68.210091
v -151.346573 78.771423 68.578720
v -151.346573 78.771423 68.578720
v -151.479691 78.959656 68.996948
v -151.285950 79.233826 68.803200
v -151.346573 78.771423 68.578720
v -151.285950 79.233826 68.803200
v -151.295380 78.843933 68.527527
v -151.346573 78.771423 69.849930
v -151.080338 78.394958 70.218559
v -151.295380 78.843933 69.901123
v -151.295380 78.843933 69.901123
v -151.285950 79.233826 69.625450
v -151.479691 78.959656 69.431702
v -151.295380 78.843933 69.901123
v -151.479691 78.959656 69.431702
v -151.346573 78.771423 69.849930
v -150.659775 79.742859 69.265518
v -150.076096 79.815125 69.214325
v -150.659775 79.742859 69.163132
v -150.659775 79.742859 69.163132
v -151.068558 79.541199 69.020584
v -151.068558 79.541199 69.408066
v -150.659775 79.742859 69.265518
v -151.068558 79.541199 69.408066
v -151.068558 79.541199 69.020584
v -151.285950 79.233826 68.803200
v -151.479691 78.959656 68.996948
v -151.068558 79.541199 69.408066
v -151.285950 79.233826 68.803200
v -151.068558 79.541199 69.408066
v -151.479691 78.959656 68.996948
v -151.479691 78.959656 69.431702
v -151.479691 78.959656 69.431702
v -151.285950 79.233826 69.625450
v -151.068558 79.541199 69.408066
v -128.423981 78.843933 47.029755
v -128.106552 78.394958 47.244804
v -128.475174 78.771423 46.978561
v -128.475174 78.771423 46.978561
v -128.893402 78.959656 46.845440
v -128.699661 79.233826 47.039185
v -128.475174 78.771423 46.978561
v -128.699661 79.233826 47.039185
v -128.423981 78.843933 47.029755
v -129.746384 78.771423 46.978561
v -130.115021 78.394958 47.244804
v -129.797577 78.843933 47.029755
v -129.797577 78.843933 47.029755
v -129.521896 79.233826 47.039185
v -129.328156 78.959656 46.845440
v -129.797577 78.843933 47.029755
v -129.328156 78.959656 46.845440
v -129.746384 78.771423 46.978561
v -129.161972 79.742859 47.665359
v -129.110779 79.815125 48.249035
v -129.059586 79.742859 47.665359
v -129.059586 79.742859 47.665359
v -128.917038 79.541199 47.256561
v -129.304535 79.541199 47.256561
v -129.059586 79.742859 47.665359
v -129.304535 79.541199 47.256561
v -129.161972 79.742859 47.665359
v -129.304535 79.541199 47.256561
v -128.917038 79.541199 47.256561
v -128.699661 79.233826 47.039185
v -128.893402 78.959656 46.845440
v -129.304535 79.541199 47.256561
v -128.699661 79.233826 47.039185
v -129.304535 79.541199 47.256561
v -128.893402 78.959656 46.845440
v -129.328156 78.959656 46.845440
v -129.328156 78.959656 46.845440
v -129.521896 79.233826 47.039185
v -129.304535 79.541199 47.256561
v -108.144371 78.843933 68.682961
v -108.359428 78.394958 69.000389
v -108.093185 78.771423 68.631767
v -108.093185 78.771423 68.631767
v -107.960060 78.959656 68.213539
v -108.153809 79.233826 68.407288
v -108.093185 78.771423 68.631767
v -108.153809 79.233826 68.407288
v -108.144371 78.843933 68.682961
v -108.093185 78.771423 67.360550
v -108.359428 78.394958 66.991920
v -108.144371 78.843933 67.309357
v -108.144371 78.843933 67.309357
v -108.153809 79.233826 67.585030
v -107.960060 78.959656 67.778778
v -108.144371 78.843933 67.309357
v -107.960060 78.959656 67.778778
v -108.093185 78.771423 67.360550
v -108.779976 79.742859 67.944969
v -109.363663 79.815125 67.996155
v -108.779976 79.742859 68.047348
v -108.779976 79.742859 68.047348
v -108.371185 79.541199 68.189903
v -108.371185 79.541199 67.802414
v -108.779976 79.742859 68.047348
v -108.371185 79.541199 67.802414
v -108.779976 79.742859 67.944969
v -108.371185 79.541199 67.802414
v -108.371185 79.541199 68.189903
v -108.153809 79.233826 68.407288
v -107.960060 78.959656 68.213539
v -108.371185 79.541199 67.802414
v -108.153809 79.233826 68.407288
v -108.371185 79.541199 67.802414
v -107.960060 78.959656 68.213539
v -107.960060 78.959656 67.778778
v -107.960060 78.959656 67.778778
v -108.153809 79.233826 67.585030
v -108.371185 79.541199 67.802414
v -131.015747 78.843933 90.180740
v -131.333176 78.394958 89.965691
v -130.964554 78.771423 90.231934
v -130.964554 78.771423 90.231934
v -130.546326 78.959656 90.365051
v -130.740067 79.233826 90.171310
v -130.964554 78.771423 90.231934
v -130.740067 79.233826 90.171310
v -131.015747 78.843933 90.180740
v -129.693329 78.771423 90.231934
v -129.324707 78.394958 89.965691
v -129.642151 78.843933 90.180740
v -129.642151 78.843933 90.180740
v -129.917816 79.233826 90.171303
v -130.111557 78.959656 90.365051
v -129.642151 78.843933 90.180740
v -130.111557 78.959656 90.365051
v -129.693329 78.771423 90.231934
v -130.277756 79.742859 89.545135
v -130.328949 79.815125 88.961456
v -130.380127 79.742859 89.545135
v -130.380127 79.742859 89.545135
v -130.522690 79.541199 89.953934
v -130.135193 79.541199 89.953934
v -130.277756 79.742859 89.545135
v -130.135193 79.541199 89.953934
v -130.522690 79.541199 89.953934
v -130.740067 79.233826 90.171310
v -130.546326 78.959656 90.365051
v -130.135193 79.541199 89.953934
v -130.740067 79.233826 90.171310
v -130.135193 79.541199 89.953934
v -130.546326 78.959656 90.365051
v -130.111557 78.959656 90.365051
v -130.111557 78.959656 90.365051
v -129.917816 79.233826 90.171303
v -130.135193 79.541199 89.953934
v -119.659744 45.023376 78.927124
v -120.273407 45.274597 78.905922
v -119.762131 44.916687 78.927124
v -119.762131 44.916687 78.927124
v -119.416214 44.467224 78.847450
v -119.028717 44.870544 78.847450
v -119.762131 44.916687 78.927124
v -119.028717 44.870544 78.847450
v -119.659744 45.023376 78.927124
v -119.271484 43.446472 78.436485
v -119.498215 42.951599 78.130722
v -119.129585 43.434509 78.396965
v -119.129585 43.434509 78.396965
v -118.711365 43.919617 78.530090
v -119.248413 43.964539 78.679649
v -119.129585 43.434509 78.396965
v -119.248413 43.964539 78.679649
v -119.271484 43.446472 78.436485
v -117.858376 44.757751 78.396965
v -117.489746 45.041931 78.130722
v -117.897888 44.876160 78.436485
v -117.897888 44.876160 78.436485
v -118.426155 44.820251 78.679649
v -118.276596 44.372009 78.530090
v -117.897888 44.876160 78.436485
v -118.276596 44.372009 78.530090
v -117.858376 44.757751 78.396965
v -118.276596 44.372009 78.530090
v -118.426155 44.820251 78.679649
v -119.028717 44.870544 78.847450
v -119.416214 44.467224 78.847450
v -118.276596 44.372009 78.530090
v -119.028717 44.870544 78.847450
v -118.276596 44.372009 78.530090
v -119.416214 44.467224 78.847450
v -119.248413 43.964539 78.679649
v -118.711365 43.919617 78.530090
v -130.964554 59.160828 90.231934
v -131.333176 59.575378 89.965691
v -131.027420 59.080505 90.192413
v -131.027420 59.080505 90.192413
v -130.784256 58.562439 90.215492
v -130.546326 58.865906 90.365051
v -131.027420 59.080505 90.192413
v -130.546326 58.865906 90.365051
v -130.964554 59.160828 90.231934
v -130.536774 57.610291 89.701775
v -130.557983 57.252380 89.190491
v -130.434387 57.571960 89.701775
v -130.434387 57.571960 89.701775
v -130.228958 57.914978 90.047691
v -130.616455 58.059753 90.047699
v -130.434387 57.571960 89.701775
v -130.616455 58.059753 90.047699
v -130.536774 57.610291 89.701775
v -129.653824 58.567566 90.192413
v -129.324707 58.825378 89.965691
v -129.693329 58.685974 90.231934
v -129.693329 58.685974 90.231934
v -130.111557 58.703552 90.365051
v -129.962006 58.255554 90.215492
v -129.693329 58.685974 90.231934
v -129.962006 58.255554 90.215492
v -129.653824 58.567566 90.192413
v -129.962006 58.255554 90.215492
v -130.111557 58.703552 90.365051
v -130.546326 58.865906 90.365051
v -130.784256 58.562439 90.215492
v -129.962006 58.255554 90.215492
v -130.546326 58.865906 90.365051
v -129.962006 58.255554 90.215492
v -130.784256 58.562439 90.215492
v -130.616455 58.059753 90.047699
v -130.616455 58.059753 90.047699
v -130.228958 57.914978 90.047691
v -129.962006 58.255554 90.215492
v -150.816406 57.571960 69.319771
v -150.305115 57.252380 69.443359
v -150.816406 57.610291 69.422157
v -150.816406 57.610291 69.422157
v -151.162323 58.059753 69.501839
v -151.162323 57.914978 69.114342
v -150.816406 57.610291 69.422157
v -151.162323 57.914978 69.114342
v -150.816406 57.571960 69.319771
v -151.307037 59.080505 69.912796
v -151.080338 59.575378 70.218559
v -151.346573 59.160828 69.849930
v -151.346573 59.160828 69.849930
v -151.479691 58.865906 69.431702
v -151.330139 58.562439 69.669640
v -151.307037 59.080505 69.912796
v -151.346573 58.685974 68.578720
v -151.080338 58.825378 68.210098
v -151.307037 58.567566 68.539207
v -151.307037 58.567566 68.539207
v -151.330139 58.255554 68.847389
v -151.479691 58.703552 68.996948
v -151.307037 58.567566 68.539207
v -151.479691 58.703552 68.996948
v -151.346573 58.685974 68.578720
v -151.479691 58.703552 68.996948
v -151.330139 58.255554 68.847389
v -151.162323 57.914978 69.114342
v -151.162323 58.059753 69.501839
v -151.479691 58.703552 68.996948
v -151.162323 57.914978 69.114342
v -151.479691 58.703552 68.996948
v -151.162323 58.059753 69.501839
v -151.330139 58.562439 69.669640
v -151.330139 58.562439 69.669640
v -151.479691 58.865906 69.431702
v -151.479691 58.703552 68.996948
v -139.511581 43.434509 58.014969
v -139.245331 42.951599 58.383598
v -139.551086 43.446472 58.156868
v -139.551086 43.446472 58.156868
v -139.794266 43.964539 58.133789
v -139.644699 43.919617 57.596745
v -139.551086 43.446472 58.156868
v -139.644699 43.919617 57.596745
v -139.511581 43.434509 58.014969
v -140.041748 44.916687 58.647514
v -140.020538 45.274597 59.158791
v -140.041748 45.023376 58.545132
v -140.041748 45.023376 58.545132
v -139.962067 44.870544 57.914104
v -139.962067 44.467224 58.301590
v -140.041748 45.023376 58.545132
v -139.962067 44.467224 58.301590
v -140.041748 44.916687 58.647514
v -139.551086 44.876160 56.783272
v -139.245331 45.041931 56.375134
v -139.511581 44.757751 56.743755
v -139.511581 44.757751 56.743755
v -139.644699 44.372009 57.161983
v -139.794266 44.820251 57.311539
v -139.511581 44.757751 56.743755
v -139.794266 44.820251 57.311539
v -139.551086 44.876160 56.783272
v -139.794266 44.820251 57.311539
v -139.644699 44.372009 57.161983
v -139.644699 43.919617 57.596745
v -139.794266 43.964539 58.133789
v -139.794266 44.820251 57.311539
v -139.644699 43.919617 57.596745
v -139.794266 44.820251 57.311539
v -139.794266 43.964539 58.133789
v -139.962067 44.467224 58.301590
v -139.962067 44.467224 58.301590
v -139.962067 44.870544 57.914104
v 52.579952 51.552673 2.928798
v 57.954071 92.091492 8.691834
v 93.672348 81.911072 46.995007
v 88.298225 41.372253 41.231964
v 93.566879 81.586121 49.380798
v 53.812061 81.586121 86.452766
v 48.437950 41.047058 80.689720
v 88.192757 41.047058 43.617756
v 56.929443 93.764343 10.091949
v 17.174620 93.764343 47.163921
v 52.892902 83.584167 85.467087
v 92.647720 83.584167 48.395119
v 51.424728 81.911072 86.391548
v 15.706442 92.091492 48.088383
v 10.332321 51.552673 42.325348
v 46.050610 41.372253 80.628510
v 50.192619 51.877869 2.867585
v 10.437790 51.877869 39.939556
v 15.811909 92.416687 45.702591
v 55.566730 92.416687 8.630621
v 86.830048 39.699402 42.156425
v 47.075237 39.699402 79.228394
v 11.356949 49.879578 40.925236
v 51.111778 49.879578 3.853262
v 93.672348 81.911072 46.995007
v 94.028252 82.251892 47.504055
v 88.536545 40.825867 41.614906
v 88.298225 41.372253 41.231964
v 94.028252 82.251892 47.504055
v 94.193924 82.384460 48.036434
v 88.643417 40.515076 42.084232
v 94.028252 82.251892 47.504055
v 88.643417 40.515076 42.084232
v 88.536545 40.825867 41.614906
v 88.620583 40.444519 42.600674
v 88.643417 40.515076 42.084232
v 94.193924 82.384460 48.036434
v 94.171089 82.314148 48.552868
v 57.954071 92.091492 8.691834
v 57.658150 92.706482 8.501884
v 93.981400 82.353699 47.453804
v 93.672348 81.911072 46.995007
v 57.658150 92.706482 8.501884
v 57.390858 93.208923 8.569972
v 94.016594 82.769958 47.846272
v 93.981400 82.353699 47.453804
v 93.794792 83.132019 48.149345
v 94.016594 82.769958 47.846272
v 57.390858 93.208923 8.569972
v 57.169064 93.570984 8.873046
v 52.579952 51.552673 2.928798
v 52.096973 51.211853 2.538251
v 57.588688 92.637878 8.427392
v 57.954071 92.091492 8.691834
v 52.096973 51.211853 2.538251
v 51.577450 51.079285 2.335848
v 57.127953 92.948914 8.288040
v 57.588688 92.637878 8.427392
v 56.611183 93.019226 8.274790
v 57.127953 92.948914 8.288040
v 51.577450 51.079285 2.335848
v 56.611183 93.019226 8.274790
v 51.577450 51.079285 2.335848
v 51.060677 51.149841 2.322597
v 88.298225 41.372253 41.231964
v 88.467072 40.757263 41.540413
v 52.143829 51.110046 2.588497
v 52.579952 51.552673 2.928798
v 88.467072 40.757263 41.540413
v 88.380508 40.254822 41.802303
v 51.754780 50.693787 2.526013
v 52.143829 51.110046 2.588497
v 51.436974 50.331726 2.726126
v 51.754780 50.693787 2.526013
v 88.380508 40.254822 41.802303
v 88.062706 39.892761 42.002419
v 48.437950 41.047058 80.689720
v 47.979240 40.534851 80.860321
v 88.394936 40.534851 43.172066
v 88.192757 41.047058 43.617756
v 47.979240 40.534851 80.860321
v 47.591175 40.121765 80.775436
v 88.337326 40.121765 42.779026
v 88.394936 40.534851 43.172066
v 88.042351 39.830017 42.462700
v 88.337326 40.121765 42.779026
v 47.591175 40.121765 80.775436
v 47.296200 39.830017 80.459106
v 53.812061 81.586121 86.452766
v 53.418716 82.046082 86.820847
v 47.927006 40.620056 80.931694
v 48.437950 41.047058 80.689720
v 53.418716 82.046082 86.820847
v 52.944004 82.314148 86.997757
v 47.393497 40.444519 81.045555
v 47.927006 40.620056 80.931694
v 46.876724 40.515076 81.032310
v 47.393497 40.444519 81.045555
v 52.944004 82.314148 86.997757
v 52.427231 82.384460 86.984497
v 93.566879 81.586121 49.380798
v 93.909271 82.131287 49.085457
v 53.493561 82.131287 86.773720
v 53.812061 81.586121 86.452766
v 93.909271 82.131287 49.085457
v 93.973419 82.636902 48.822994
v 53.227257 82.636902 86.819397
v 53.493561 82.131287 86.773720
v 53.028294 83.069275 86.606033
v 53.227257 82.636902 86.819397
v 93.973419 82.636902 48.822994
v 93.774452 83.069275 48.609627
v 88.192757 41.047058 43.617756
v 88.469788 40.620056 43.124939
v 93.961510 82.046082 49.014088
v 93.566879 81.586121 49.380798
v 88.469788 40.620056 43.124939
v 88.620583 40.444519 42.600674
v 94.171089 82.314148 48.552868
v 88.469788 40.620056 43.124939
v 94.171089 82.314148 48.552868
v 93.961510 82.046082 49.014088
v 52.892902 83.584167 85.467087
v 52.911797 83.395935 86.149857
v 93.327507 83.395935 48.461594
v 92.647720 83.584167 48.395119
v 52.911797 83.395935 86.149857
v 53.028294 83.069275 86.606033
v 93.774452 83.069275 48.609627
v 52.911797 83.395935 86.149857
v 93.774452 83.069275 48.609627
v 93.327507 83.395935 48.461594
v 17.174620 93.764343 47.163921
v 16.466846 93.765320 47.194813
v 52.790104 83.412537 86.146729
v 17.174620 93.764343 47.163921
v 52.790104 83.412537 86.146729
v 52.892902 83.584167 85.467087
v 16.466846 93.765320 47.194813
v 15.941971 93.570984 47.317928
v 52.567707 83.132019 86.594231
v 16.466846 93.765320 47.194813
v 52.567707 83.132019 86.594231
v 52.790104 83.412537 86.146729
v 52.249901 82.769958 86.794342
v 52.567707 83.132019 86.594231
v 15.941971 93.570984 47.317928
v 15.624163 93.208923 47.518044
v 56.929443 93.764343 10.091949
v 56.887939 93.781921 9.384935
v 16.472221 93.781921 47.073196
v 17.174620 93.764343 47.163921
v 56.887939 93.781921 9.384935
v 56.708481 93.633728 8.861237
v 15.962318 93.633728 46.857647
v 16.472221 93.781921 47.073196
v 15.667341 93.341980 46.541321
v 15.962318 93.633728 46.857647
v 56.708481 93.633728 8.861237
v 56.413506 93.341980 8.544911
v 92.647720 83.584167 48.395119
v 93.332886 83.412537 48.339977
v 57.009636 93.765320 9.388056
v 92.647720 83.584167 48.395119
v 57.009636 93.765320 9.388056
v 56.929443 93.764343 10.091949
v 93.332886 83.412537 48.339977
v 93.794792 83.132019 48.149345
v 57.169064 93.570984 8.873046
v 93.332886 83.412537 48.339977
v 57.169064 93.570984 8.873046
v 57.009636 93.765320 9.388056
v 10.332321 51.552673 42.325348
v 10.023272 51.110046 41.866550
v 46.346531 40.757263 80.818466
v 46.050610 41.372253 80.628510
v 10.023272 51.110046 41.866550
v 9.988078 50.693787 41.474083
v 46.613823 40.254822 80.750374
v 46.346531 40.757263 80.818466
v 46.835617 39.892761 80.447296
v 46.613823 40.254822 80.750374
v 9.988078 50.693787 41.474083
v 10.209873 50.331726 41.171009
v 15.706442 92.091492 48.088383
v 15.468131 92.637878 47.705441
v 9.976417 51.211853 41.816299
v 10.332321 51.552673 42.325348
v 15.468131 92.637878 47.705441
v 15.361259 92.948914 47.236115
v 9.810747 51.079285 41.283920
v 9.976417 51.211853 41.816299
v 9.833577 51.149841 40.767487
v 9.810747 51.079285 41.283920
v 15.361259 92.948914 47.236115
v 15.384089 93.019226 46.719673
v 51.424728 81.911072 86.391548
v 51.860851 82.353699 86.731850
v 15.537596 92.706482 47.779934
v 51.424728 81.911072 86.391548
v 15.537596 92.706482 47.779934
v 15.706442 92.091492 48.088383
v 51.860851 82.353699 86.731850
v 52.249901 82.769958 86.794342
v 15.624163 93.208923 47.518044
v 15.537596 92.706482 47.779934
v 46.050610 41.372253 80.628510
v 46.415993 40.825867 80.892960
v 51.907703 82.251892 86.782104
v 46.050610 41.372253 80.628510
v 51.907703 82.251892 86.782104
v 51.424728 81.911072 86.391548
v 46.415993 40.825867 80.892960
v 46.876724 40.515076 81.032310
v 52.427231 82.384460 86.984497
v 46.415993 40.825867 80.892960
v 52.427231 82.384460 86.984497
v 51.907703 82.251892 86.782104
v 15.811909 92.416687 45.702591
v 15.609726 92.928894 46.148281
v 56.025440 92.928894 8.460020
v 55.566730 92.416687 8.630621
v 15.609726 92.928894 46.148281
v 15.667341 93.341980 46.541321
v 56.413506 93.341980 8.544911
v 56.025440 92.928894 8.460020
v 10.437790 51.877869 39.939556
v 10.043170 51.417664 40.306267
v 15.534883 92.843689 46.195408
v 15.811909 92.416687 45.702591
v 10.043170 51.417664 40.306267
v 9.833577 51.149841 40.767487
v 15.384089 93.019226 46.719673
v 10.043170 51.417664 40.306267
v 15.384089 93.019226 46.719673
v 15.534883 92.843689 46.195408
v 50.192619 51.877869 2.867585
v 50.511120 51.332458 2.546632
v 10.095402 51.332458 40.234898
v 10.437790 51.877869 39.939556
v 50.511120 51.332458 2.546632
v 50.777420 50.827087 2.500952
v 10.031257 50.827087 40.497360
v 10.095402 51.332458 40.234898
v 10.230221 50.394470 40.710728
v 10.031257 50.827087 40.497360
v 50.777420 50.827087 2.500952
v 50.976387 50.394470 2.714316
v 55.566730 92.416687 8.630621
v 56.077675 92.843689 8.388648
v 50.585964 51.417664 2.499507
v 55.566730 92.416687 8.630621
v 50.585964 51.417664 2.499507
v 50.192619 51.877869 2.867585
v 56.077675 92.843689 8.388648
v 56.611183 93.019226 8.274790
v 51.060677 51.149841 2.322597
v 56.077675 92.843689 8.388648
v 51.060677 51.149841 2.322597
v 50.585964 51.417664 2.499507
v 11.356949 49.879578 40.925236
v 10.677163 50.067810 40.858761
v 51.092884 50.067810 3.170496
v 51.111778 49.879578 3.853262
v 10.677163 50.067810 40.858761
v 10.230221 50.394470 40.710728
v 50.976387 50.394470 2.714316
v 51.092884 50.067810 3.170496
v 47.075237 39.699402 79.228394
v 46.995045 39.698425 79.932289
v 10.671787 50.051208 40.980377
v 11.356949 49.879578 40.925236
v 46.995045 39.698425 79.932289
v 46.835617 39.892761 80.447296
v 10.209873 50.331726 41.171009
v 46.995045 39.698425 79.932289
v 10.209873 50.331726 41.171009
v 10.671787 50.051208 40.980377
v 86.830048 39.699402 42.156425
v 87.532440 39.681824 42.247150
v 47.116741 39.681824 79.935410
v 47.075237 39.699402 79.228394
v 87.532440 39.681824 42.247150
v 88.042351 39.830017 42.462700
v 47.296200 39.830017 80.459106
v 47.116741 39.681824 79.935410
v 51.111778 49.879578 3.853262
v 51.214577 50.051208 3.173616
v 87.537819 39.698425 42.125534
v 51.111778 49.879578 3.853262
v 87.537819 39.698425 42.125534
v 86.830048 39.699402 42.156425
v 51.214577 50.051208 3.173616
v 51.436974 50.331726 2.726126
v 88.062706 39.892761 42.002419
v 51.214577 50.051208 3.173616
v 88.062706 39.892761 42.002419
v 87.537819 39.698425 42.125534
v 88.469788 40.620056 43.124939
v 88.192757 41.047058 43.617756
v 88.394936 40.534851 43.172066
v 88.394936 40.534851 43.172066
v 88.337326 40.121765 42.779026
v 88.620583 40.444519 42.600674
v 88.394936 40.534851 43.172066
v 88.620583 40.444519 42.600674
v 88.469788 40.620056 43.124939
v 87.532440 39.681824 42.247150
v 86.830048 39.699402 42.156425
v 87.537819 39.698425 42.125534
v 87.537819 39.698425 42.125534
v 88.062706 39.892761 42.002419
v 88.042351 39.830017 42.462700
v 87.537819 39.698425 42.125534
v 88.042351 39.830017 42.462700
v 87.532440 39.681824 42.247150
v 88.467072 40.757263 41.540413
v 88.298225 41.372253 41.231964
v 88.536545 40.825867 41.614906
v 88.536545 40.825867 41.614906
v 88.643417 40.515076 42.084232
v 88.380508 40.254822 41.802303
v 88.536545 40.825867 41.614906
v 88.380508 40.254822 41.802303
v 88.467072 40.757263 41.540413
v 88.380508 40.254822 41.802303
v 88.643417 40.515076 42.084232
v 88.620583 40.444519 42.600674
v 88.337326 40.121765 42.779026
v 88.380508 40.254822 41.802303
v 88.620583 40.444519 42.600674
v 88.042351 39.830017 42.462700
v 88.042351 39.830017 42.462700
v 88.062706 39.892761 42.002419
v 88.380508 40.254822 41.802303
v 93.332886 83.412537 48.339977
v 92.647720 83.584167 48.395119
v 93.327507 83.395935 48.461594
v 93.327507 83.395935 48.461594
v 93.774452 83.069275 48.609627
v 93.794792 83.132019 48.149345
v 93.327507 83.395935 48.461594
v 93.794792 83.132019 48.149345
v 93.332886 83.412537 48.339977
v 93.909271 82.131287 49.085457
v 93.566879 81.586121 49.380798
v 93.961510 82.046082 49.014088
v 93.961510 82.046082 49.014088
v 94.171089 82.314148 48.552868
v 93.973419 82.636902 48.822994
v 93.961510 82.046082 49.014088
v 93.973419 82.636902 48.822994
v 93.909271 82.131287 49.085457
v 94.028252 82.251892 47.504055
v 93.672348 81.911072 46.995007
v 93.981400 82.353699 47.453804
v 93.981400 82.353699 47.453804
v 94.016594 82.769958 47.846272
v 94.193924 82.384460 48.036434
v 93.981400 82.353699 47.453804
v 94.193924 82.384460 48.036434
v 94.028252 82.251892 47.504055
v 94.193924 82.384460 48.036434
v 94.016594 82.769958 47.846272
v 93.794792 83.132019 48.149345
v 93.774452 83.069275 48.609627
v 94.193924 82.384460 48.036434
v 93.794792 83.132019 48.149345
v 94.193924 82.384460 48.036434
v 93.774452 83.069275 48.609627
v 93.973419 82.636902 48.822994
v 93.973419 82.636902 48.822994
v 94.171089 82.314148 48.552868
v 56.077675 92.843689 8.388648
v 55.566730 92.416687 8.630621
v 56.025440 92.928894 8.460020
v 56.025440 92.928894 8.460020
v 56.413506 93.341980 8.544911
v 56.611183 93.019226 8.274790
v 56.025440 92.928894 8.460020
v 56.611183 93.019226 8.274790
v 56.077675 92.843689 8.388648
v 56.887939 93.781921 9.384935
v 56.929443 93.764343 10.091949
v 57.009636 93.765320 9.388056
v 57.009636 93.765320 9.388056
v 57.169064 93.570984 8.873046
v 56.708481 93.633728 8.861237
v 57.009636 93.765320 9.388056
v 56.708481 93.633728 8.861237
v 56.887939 93.781921 9.384935
v 57.658150 92.706482 8.501884
v 57.954071 92.091492 8.691834
v 57.588688 92.637878 8.427392
v 57.588688 92.637878 8.427392
v 57.127953 92.948914 8.288040
v 57.390858 93.208923 8.569972
v 57.588688 92.637878 8.427392
v 57.390858 93.208923 8.569972
v 57.658150 92.706482 8.501884
v 57.390858 93.208923 8.569972
v 57.127953 92.948914 8.288040
v 56.611183 93.019226 8.274790
v 56.413506 93.341980 8.544911
v 57.390858 93.208923 8.569972
v 56.611183 93.019226 8.274790
v 56.708481 93.633728 8.861237
v 56.708481 93.633728 8.861237
v 57.169064 93.570984 8.873046
v 57.390858 93.208923 8.569972
v 51.214577 50.051208 3.173616
v 51.111778 49.879578 3.853262
v 51.092884 50.067810 3.170496
v 51.092884 50.067810 3.170496
v 50.976387 50.394470 2.714316
v 51.436974 50.331726 2.726126
v 51.092884 50.067810 3.170496
v 51.436974 50.331726 2.726126
v 51.214577 50.051208 3.173616
v 50.511120 51.332458 2.546632
v 50.192619 51.877869 2.867585
v 50.585964 51.417664 2.499507
v 50.585964 51.417664 2.499507
v 51.060677 51.149841 2.322597
v 50.777420 50.827087 2.500952
v 50.511120 51.332458 2.546632
v 52.096973 51.211853 2.538251
v 52.579952 51.552673 2.928798
v 52.143829 51.110046 2.588497
v 52.143829 51.110046 2.588497
v 51.754780 50.693787 2.526013
v 51.577450 51.079285 2.335848
v 52.143829 51.110046 2.588497
v 51.577450 51.079285 2.335848
v 52.096973 51.211853 2.538251
v 51.577450 51.079285 2.335848
v 51.754780 50.693787 2.526013
v 51.436974 50.331726 2.726126
v 50.976387 50.394470 2.714316
v 51.577450 51.079285 2.335848
v 51.436974 50.331726 2.726126
v 51.577450 51.079285 2.335848
v 50.976387 50.394470 2.714316
v 50.777420 50.827087 2.500952
v 50.777420 50.827087 2.500952
v 51.060677 51.149841 2.322597
v 51.577450 51.079285 2.335848
v 46.415993 40.825867 80.892960
v 46.050610 41.372253 80.628510
v 46.346531 40.757263 80.818466
v 46.346531 40.757263 80.818466
v 46.613823 40.254822 80.750374
v 46.876724 40.515076 81.032310
v 46.346531 40.757263 80.818466
v 46.876724 40.515076 81.032310
v 46.415993 40.825867 80.892960
v 46.995045 39.698425 79.932289
v 47.075237 39.699402 79.228394
v 47.116741 39.681824 79.935410
v 47.116741 39.681824 79.935410
v 47.296200 39.830017 80.459106
v 46.835617 39.892761 80.447296
v 47.116741 39.681824 79.935410
v 46.835617 39.892761 80.447296
v 46.995045 39.698425 79.932289
v 47.979240 40.534851 80.860321
v 48.437950 41.047058 80.689720
v 47.927006 40.620056 80.931694
v 47.927006 40.620056 80.931694
v 47.393497 40.444519 81.045555
v 47.591175 40.121765 80.775436
v 47.927006 40.620056 80.931694
v 47.591175 40.121765 80.775436
v 47.979240 40.534851 80.860321
v 47.591175 40.121765 80.775436
v 47.393497 40.444519 81.045555
v 46.876724 40.515076 81.032310
v 46.613823 40.254822 80.750374
v 47.591175 40.121765 80.775436
v 46.876724 40.515076 81.032310
v 47.591175 40.121765 80.775436
v 46.613823 40.254822 80.750374
v 46.835617 39.892761 80.447296
v 46.835617 39.892761 80.447296
v 47.296200 39.830017 80.459106
v 52.911797 83.395935 86.149857
v 52.892902 83.584167 85.467087
v 52.790104 83.412537 86.146729
v 52.790104 83.412537 86.146729
v 52.567707 83.132019 86.594231
v 53.028294 83.069275 86.606033
v 52.790104 83.412537 86.146729
v 53.028294 83.069275 86.606033
v 52.911797 83.395935 86.149857
v 51.860851 82.353699 86.731850
v 51.424728 81.911072 86.391548
v 51.907703 82.251892 86.782104
v 51.907703 82.251892 86.782104
v 52.427231 82.384460 86.984497
v 52.249901 82.769958 86.794342
v 51.907703 82.251892 86.782104
v 52.249901 82.769958 86.794342
v 51.860851 82.353699 86.731850
v 53.418716 82.046082 86.820847
v 53.812061 81.586121 86.452766
v 53.493561 82.131287 86.773720
v 53.493561 82.131287 86.773720
v 53.227257 82.636902 86.819397
v 52.944004 82.314148 86.997757
v 53.493561 82.131287 86.773720
v 52.944004 82.314148 86.997757
v 53.418716 82.046082 86.820847
v 52.944004 82.314148 86.997757
v 53.227257 82.636902 86.819397
v 53.028294 83.069275 86.606033
v 52.567707 83.132019 86.594231
v 52.944004 82.314148 86.997757
v 53.028294 83.069275 86.606033
v 52.944004 82.314148 86.997757
v 52.567707 83.132019 86.594231
v 52.249901 82.769958 86.794342
v 52.249901 82.769958 86.794342
v 52.427231 82.384460 86.984497
v 52.944004 82.314148 86.997757
v 15.609726 92.928894 46.148281
v 15.811909 92.416687 45.702591
v 15.534883 92.843689 46.195408
v 15.534883 92.843689 46.195408
v 15.384089 93.019226 46.719673
v 15.667341 93.341980 46.541321
v 15.534883 92.843689 46.195408
v 15.667341 93.341980 46.541321
v 15.609726 92.928894 46.148281
v 15.468131 92.637878 47.705441
v 15.706442 92.091492 48.088383
v 15.537596 92.706482 47.779934
v 15.537596 92.706482 47.779934
v 15.624163 93.208923 47.518044
v 15.361259 92.948914 47.236115
v 15.537596 92.706482 47.779934
v 15.361259 92.948914 47.236115
v 15.468131 92.637878 47.705441
v 16.466846 93.765320 47.194813
v 17.174620 93.764343 47.163921
v 16.472221 93.781921 47.073196
v 16.472221 93.781921 47.073196
v 15.962318 93.633728 46.857647
v 15.941971 93.570984 47.317928
v 16.472221 93.781921 47.073196
v 15.941971 93.570984 47.317928
v 16.466846 93.765320 47.194813
v 15.941971 93.570984 47.317928
v 15.962318 93.633728 46.857647
v 15.667341 93.341980 46.541321
v 15.384089 93.019226 46.719673
v 15.941971 93.570984 47.317928
v 15.667341 93.341980 46.541321
v 15.941971 93.570984 47.317928
v 15.384089 93.019226 46.719673
v 15.361259 92.948914 47.236115
v 15.361259 92.948914 47.236115
v 15.624163 93.208923 47.518044
v 15.941971 93.570984 47.317928
v 10.043170 51.417664 40.306267
v 10.437790 51.877869 39.939556
v 10.095402 51.332458 40.234898
v 10.095402 51.332458 40.234898
v 10.031257 50.827087 40.497360
v 9.833577 51.149841 40.767487
v 10.095402 51.332458 40.234898
v 9.833577 51.149841 40.767487
v 10.043170 51.417664 40.306267
v 10.677163 50.067810 40.858761
v 11.356949 49.879578 40.925236
v 10.671787 50.051208 40.980377
v 10.671787 50.051208 40.980377
v 10.209873 50.331726 41.171009
v 10.230221 50.394470 40.710728
v 10.671787 50.051208 40.980377
v 10.230221 50.394470 40.710728
v 10.677163 50.067810 40.858761
v 10.023272 51.110046 41.866550
v 10.332321 51.552673 42.325348
v 9.976417 51.211853 41.816299
v 9.976417 51.211853 41.816299
v 9.810747 51.079285 41.283920
v 9.988078 50.693787 41.474083
v 9.976417 51.211853 41.816299
v 9.988078 50.693787 41.474083
v 10.023272 51.110046 41.866550
v 9.988078 50.693787 41.474083
v 9.810747 51.079285 41.283920
v 9.833577 51.149841 40.767487
v 10.031257 50.827087 40.497360
v 9.988078 50.693787 41.474083
v 9.833577 51.149841 40.767487
v 10.230221 50.394470 40.710728
v 10.230221 50.394470 40.710728
v 10.209873 50.331726 41.171009
v 9.988078 50.693787 41.474083
v 135.389130 92.380310 -50.880539
v 104.162621 92.380310 -79.999725
v 90.460037 34.029480 -65.305504
v 121.686539 34.029480 -36.186314
v 140.479218 89.810486 -56.338982
v 135.389130 92.380310 -50.880539
v 121.686539 34.029480 -36.186314
v 126.776619 31.459656 -41.644753
v 109.252708 89.810486 -85.458168
v 104.162621 92.380310 -79.999725
v 135.389130 92.380310 -50.880539
v 140.479218 89.810486 -56.338982
v 95.550110 31.459656 -70.763939
v 90.460037 34.029480 -65.305504
v 104.162621 92.380310 -79.999725
v 109.252708 89.810486 -85.458168
v 126.776619 31.459656 -41.644753
v 121.686539 34.029480 -36.186314
v 90.460037 34.029480 -65.305504
v 95.550110 31.459656 -70.763939
v 95.550110 31.459656 -70.763939
v 109.252708 89.810486 -85.458168
v 140.479218 89.810486 -56.338982
v 126.776619 31.459656 -41.644753
v 127.460007 61.161804 -91.830704
v 127.021729 58.000916 -90.751205
v 127.221321 55.055359 -89.178307
v 128.045197 52.525818 -87.219170
v 129.437195 50.584900 -85.007324
v 131.302460 49.364929 -82.693504
v 127.460007 61.161804 -91.830704
v 129.437195 50.584900 -85.007324
v 131.302460 49.364929 -82.693504
v 133.513885 48.948669 -80.435402
v 135.920761 49.364929 -78.386879
v 138.359055 50.584900 -76.687553
v 140.662613 52.525818 -75.453239
v 142.674438 55.055359 -74.768044
v 144.257431 58.000916 -74.678642
v 145.303726 61.161804 -75.191162
v 145.742020 64.322693 -76.270668
v 145.542404 67.268250 -77.843575
v 144.718536 69.797546 -79.802696
v 143.326553 71.738464 -82.014542
v 141.461288 72.958679 -84.328362
v 139.249863 73.374695 -86.586472
v 136.842987 72.958679 -88.634995
v 136.842987 72.958679 -88.634995
v 134.404694 71.738464 -90.334305
v 132.101135 69.797546 -91.568634
v 132.101135 69.797546 -91.568634
v 130.089310 67.268250 -92.253838
v 128.506302 64.322693 -92.343216
v 127.460007 61.161804 -91.830704
v 128.506302 64.322693 -92.343216
v 130.819992 63.154480 -94.824333
v 129.773697 59.993591 -94.311806
v 128.506302 64.322693 -92.343216
v 130.089310 67.268250 -92.253838
v 132.402985 66.100037 -94.734947
v 130.819992 63.154480 -94.824333
v 130.089310 67.268250 -92.253838
v 132.101135 69.797546 -91.568634
v 134.414825 68.629578 -94.049744
v 130.089310 67.268250 -92.253838
v 134.414825 68.629578 -94.049744
v 132.402985 66.100037 -94.734947
v 132.101135 69.797546 -91.568634
v 134.404694 71.738464 -90.334305
v 136.718369 70.570496 -92.815422
v 132.101135 69.797546 -91.568634
v 136.718369 70.570496 -92.815422
v 134.414825 68.629578 -94.049744
v 134.404694 71.738464 -90.334305
v 136.842987 72.958679 -88.634995
v 139.156677 71.790466 -91.116104
v 134.404694 71.738464 -90.334305
v 139.156677 71.790466 -91.116104
v 136.718369 70.570496 -92.815422
v 136.842987 72.958679 -88.634995
v 139.249863 73.374695 -86.586472
v 141.563538 72.206726 -89.067581
v 136.842987 72.958679 -88.634995
v 141.563538 72.206726 -89.067581
v 139.156677 71.790466 -91.116104
v 139.249863 73.374695 -86.586472
v 141.461288 72.958679 -84.328362
v 143.774963 71.790466 -86.809479
v 139.249863 73.374695 -86.586472
v 143.774963 71.790466 -86.809479
v 141.563538 72.206726 -89.067581
v 141.461288 72.958679 -84.328362
v 143.326553 71.738464 -82.014542
v 145.640213 70.570496 -84.495651
v 141.461288 72.958679 -84.328362
v 145.640213 70.570496 -84.495651
v 143.774963 71.790466 -86.809479
v 143.326553 71.738464 -82.014542
v 144.718536 69.797546 -79.802696
v 147.032227 68.629578 -82.283813
v 145.640213 70.570496 -84.495651
v 144.718536 69.797546 -79.802696
v 145.542404 67.268250 -77.843575
v 147.856094 66.100037 -80.324692
v 147.032227 68.629578 -82.283813
v 145.542404 67.268250 -77.843575
v 145.742020 64.322693 -76.270668
v 148.055679 63.154480 -78.751770
v 147.856094 66.100037 -80.324692
v 145.742020 64.322693 -76.270668
v 145.303726 61.161804 -75.191162
v 147.617416 59.993591 -77.672272
v 148.055679 63.154480 -78.751770
v 145.303726 61.161804 -75.191162
v 144.257431 58.000916 -74.678642
v 146.571121 56.832703 -77.159760
v 147.617416 59.993591 -77.672272
v 144.257431 58.000916 -74.678642
v 142.674438 55.055359 -74.768044
v 144.988098 53.887146 -77.249153
v 146.571121 56.832703 -77.159760
v 142.674438 55.055359 -74.768044
v 140.662613 52.525818 -75.453239
v 142.976273 51.357849 -77.934357
v 142.674438 55.055359 -74.768044
v 142.976273 51.357849 -77.934357
v 144.988098 53.887146 -77.249153
v 140.662613 52.525818 -75.453239
v 138.359055 50.584900 -76.687553
v 140.672729 49.416931 -79.168671
v 140.662613 52.525818 -75.453239
v 140.672729 49.416931 -79.168671
v 142.976273 51.357849 -77.934357
v 138.359055 50.584900 -76.687553
v 135.920761 49.364929 -78.386879
v 138.234436 48.196716 -80.867996
v 138.359055 50.584900 -76.687553
v 138.234436 48.196716 -80.867996
v 140.672729 49.416931 -79.168671
v 135.920761 49.364929 -78.386879
v 133.513885 48.948669 -80.435402
v 135.827560 47.780701 -82.916504
v 135.920761 49.364929 -78.386879
v 135.827560 47.780701 -82.916504
v 138.234436 48.196716 -80.867996
v 133.513885 48.948669 -80.435402
v 131.302460 49.364929 -82.693504
v 133.616135 48.196716 -85.174622
v 133.513885 48.948669 -80.435402
v 133.616135 48.196716 -85.174622
v 135.827560 47.780701 -82.916504
v 131.302460 49.364929 -82.693504
v 129.437195 50.584900 -85.007324
v 131.750870 49.416931 -87.488434
v 131.302460 49.364929 -82.693504
v 131.750870 49.416931 -87.488434
v 133.616135 48.196716 -85.174622
v 129.437195 50.584900 -85.007324
v 128.045197 52.525818 -87.219170
v 130.358871 51.357849 -89.700287
v 131.750870 49.416931 -87.488434
v 128.045197 52.525818 -87.219170
v 127.221321 55.055359 -89.178307
v 129.535004 53.887146 -91.659409
v 128.045197 52.525818 -87.219170
v 129.535004 53.887146 -91.659409
v 130.358871 51.357849 -89.700287
v 127.221321 55.055359 -89.178307
v 127.021729 58.000916 -90.751205
v 129.335419 56.832703 -93.232315
v 129.535004 53.887146 -91.659409
v 127.021729 58.000916 -90.751205
v 127.460007 61.161804 -91.830704
v 129.773697 59.993591 -94.311806
v 129.335419 56.832703 -93.232315
v 46.945068 39.881042 85.270386
v 5.245787 51.766052 40.553379
v 2.827204 33.521912 37.959766
v 46.029930 32.977966 84.289017
v 93.233772 39.881042 42.105465
v 46.945068 39.881042 85.270386
v 46.029930 32.977966 84.289017
v 92.318626 32.977966 41.124100
v 51.534489 51.766052 -2.611533
v 5.245787 51.766052 40.553379
v 46.945068 39.881042 85.270386
v 93.233772 39.881042 42.105465
v 49.115913 33.521912 -5.205148
v 2.827204 33.521912 37.959766
v 5.245787 51.766052 40.553379
v 51.534489 51.766052 -2.611533
v 92.318626 32.977966 41.124100
v 46.029930 32.977966 84.289017
v 2.827204 33.521912 37.959766
v 49.115913 33.521912 -5.205148
v 49.115913 33.521912 -5.205148
v 51.534489 51.766052 -2.611533
v 93.233772 39.881042 42.105465
v 92.318626 32.977966 41.124100
v 68.791664 83.572937 52.721298
v 67.524841 83.994812 50.936146
v 66.769958 84.387634 48.875778
v 66.578453 84.725281 46.680569
v 68.791664 83.572937 52.721298
v 66.769958 84.387634 48.875778
v 66.578453 84.725281 46.680569
v 66.963394 84.984070 44.500160
v 67.898529 85.146912 42.483116
v 68.791664 83.572937 52.721298
v 66.963394 84.984070 44.500160
v 68.791664 83.572937 52.721298
v 67.898529 85.146912 42.483116
v 69.320137 85.202332 40.766903
v 71.131340 85.146912 39.468472
v 68.791664 83.572937 52.721298
v 69.320137 85.202332 40.766903
v 68.791664 83.572937 52.721298
v 71.131340 85.146912 39.468472
v 73.208687 84.984070 38.676327
v 75.410652 84.725281 38.444427
v 73.208687 84.984070 38.676327
v 75.410652 84.725281 38.444427
v 77.587135 84.387634 38.788589
v 79.589836 83.994812 39.685360
v 81.282272 83.572937 41.073624
v 82.549095 83.151306 42.858768
v 82.549095 83.151306 42.858768
v 83.303970 82.758240 44.919155
v 83.495476 82.420837 47.114346
v 83.303970 82.758240 44.919155
v 83.110542 82.162048 49.294754
v 82.175415 81.999207 51.311798
v 83.110542 82.162048 49.294754
v 82.175415 81.999207 51.311798
v 80.753807 81.943542 53.028023
v 78.942612 81.999207 54.326443
v 68.791664 83.572937 52.721298
v 80.753807 81.943542 53.028023
v 76.865242 82.162048 55.118603
v 74.663284 82.420837 55.350494
v 76.865242 82.162048 55.118603
v 74.663284 82.420837 55.350494
v 72.486794 82.758240 55.006329
v 72.486794 82.758240 55.006329
v 70.484100 83.151306 54.109566
v 68.374619 90.404968 51.847427
v 67.524841 83.994812 50.936146
v 68.791664 83.572937 52.721298
v 69.641449 89.983093 53.632561
v 67.619728 90.797791 49.787041
v 66.769958 84.387634 48.875778
v 67.524841 83.994812 50.936146
v 67.619728 90.797791 49.787041
v 67.524841 83.994812 50.936146
v 68.374619 90.404968 51.847427
v 67.428230 91.135437 47.591850
v 66.578453 84.725281 46.680569
v 66.769958 84.387634 48.875778
v 67.619728 90.797791 49.787041
v 67.813164 91.394226 45.411430
v 66.963394 84.984070 44.500160
v 66.578453 84.725281 46.680569
v 67.428230 91.135437 47.591850
v 68.748299 91.557068 43.394386
v 67.898529 85.146912 42.483116
v 66.963394 84.984070 44.500160
v 67.813164 91.394226 45.411430
v 70.169907 91.612488 41.678173
v 69.320137 85.202332 40.766903
v 67.898529 85.146912 42.483116
v 68.748299 91.557068 43.394386
v 71.981102 91.557068 40.379745
v 71.131340 85.146912 39.468472
v 69.320137 85.202332 40.766903
v 70.169907 91.612488 41.678173
v 74.058472 91.394226 39.587593
v 73.208687 84.984070 38.676327
v 71.131340 85.146912 39.468472
v 71.981102 91.557068 40.379745
v 76.260414 91.135437 39.355694
v 75.410652 84.725281 38.444427
v 73.208687 84.984070 38.676327
v 74.058472 91.394226 39.587593
v 78.436913 90.797791 39.699856
v 77.587135 84.387634 38.788589
v 75.410652 84.725281 38.444427
v 76.260414 91.135437 39.355694
v 80.439613 90.404968 40.596626
v 79.589836 83.994812 39.685360
v 77.587135 84.387634 38.788589
v 78.436913 90.797791 39.699856
v 82.132042 89.983093 41.984894
v 81.282272 83.572937 41.073624
v 79.589836 83.994812 39.685360
v 80.439613 90.404968 40.596626
v 83.398865 89.561462 43.770039
v 82.549095 83.151306 42.858768
v 81.282272 83.572937 41.073624
v 82.132042 89.983093 41.984894
v 84.153748 89.168396 45.830418
v 83.303970 82.758240 44.919155
v 82.549095 83.151306 42.858768
v 83.398865 89.561462 43.770039
v 84.345253 88.830994 48.025608
v 83.495476 82.420837 47.114346
v 83.303970 82.758240 44.919155
v 84.153748 89.168396 45.830418
v 83.960312 88.572205 50.206028
v 83.110542 82.162048 49.294754
v 83.495476 82.420837 47.114346
v 84.345253 88.830994 48.025608
v 83.025192 88.409363 52.223072
v 82.175415 81.999207 51.311798
v 83.110542 82.162048 49.294754
v 83.960312 88.572205 50.206028
v 81.603577 88.353699 53.939285
v 80.753807 81.943542 53.028023
v 82.175415 81.999207 51.311798
v 83.025192 88.409363 52.223072
v 79.792381 88.409363 55.237720
v 78.942612 81.999207 54.326443
v 80.753807 81.943542 53.028023
v 81.603577 88.353699 53.939285
v 77.715012 88.572205 56.029865
v 76.865242 82.162048 55.118603
v 78.942612 81.999207 54.326443
v 79.792381 88.409363 55.237720
v 75.513069 88.830994 56.261765
v 74.663284 82.420837 55.350494
v 76.865242 82.162048 55.118603
v 77.715012 88.572205 56.029865
v 73.336571 89.168396 55.917599
v 72.486794 82.758240 55.006329
v 74.663284 82.420837 55.350494
v 75.513069 88.830994 56.261765
v 71.333862 89.561462 55.020828
v 70.484100 83.151306 54.109566
v 72.486794 82.758240 55.006329
v 73.336571 89.168396 55.917599
v 69.641449 89.983093 53.632561
v 68.791664 83.572937 52.721298
v 70.484100 83.151306 54.109566
v 71.333862 89.561462 55.020828
v 59.240032 83.572937 61.628345
v 60.506851 83.151306 63.413486
v 61.261738 82.758240 65.473877
v 61.453236 82.420837 67.669067
v 59.240032 83.572937 61.628345
v 61.261738 82.758240 65.473877
v 61.068306 82.162048 69.849472
v 60.133171 81.999207 71.866516
v 59.240032 83.572937 61.628345
v 61.068306 82.162048 69.849472
v 59.240032 83.572937 61.628345
v 60.133171 81.999207 71.866516
v 58.711575 81.943542 73.582741
v 56.900368 81.999207 74.881172
v 59.240032 83.572937 61.628345
v 58.711575 81.943542 73.582741
v 56.900368 81.999207 74.881172
v 54.823009 82.162048 75.673317
v 52.621048 82.420837 75.905220
v 59.240032 83.572937 61.628345
v 54.823009 82.162048 75.673317
v 50.444565 82.758240 75.561058
v 48.441868 83.151306 74.664284
v 50.444565 82.758240 75.561058
v 48.441868 83.151306 74.664284
v 46.749424 83.572937 73.276016
v 45.482605 83.994812 71.490875
v 46.749424 83.572937 73.276016
v 45.482605 83.994812 71.490875
v 44.727726 84.387634 69.430496
v 44.536221 84.725281 67.235298
v 44.727726 84.387634 69.430496
v 44.536221 84.725281 67.235298
v 44.921150 84.984070 65.054886
v 45.856285 85.146912 63.037842
v 59.240032 83.572937 61.628345
v 44.921150 84.984070 65.054886
v 45.856285 85.146912 63.037842
v 47.277897 85.202332 61.321629
v 49.089096 85.146912 60.023193
v 47.277897 85.202332 61.321629
v 49.089096 85.146912 60.023193
v 51.166454 84.984070 59.231041
v 53.368408 84.725281 58.999142
v 59.240032 83.572937 61.628345
v 51.166454 84.984070 59.231041
v 59.240032 83.572937 61.628345
v 53.368408 84.725281 58.999142
v 55.544899 84.387634 59.343304
v 55.544899 84.387634 59.343304
v 57.547596 83.994812 60.240086
v 59.240032 83.572937 61.628345
v 59.240032 83.572937 61.628345
v 57.547596 83.994812 60.240086
v 58.397377 90.404968 61.151348
v 60.089794 89.983093 62.539616
v 57.547596 83.994812 60.240086
v 55.544899 84.387634 59.343304
v 56.394665 90.797791 60.254578
v 58.397377 90.404968 61.151348
v 55.544899 84.387634 59.343304
v 53.368408 84.725281 58.999142
v 54.218182 91.135437 59.910412
v 56.394665 90.797791 60.254578
v 53.368408 84.725281 58.999142
v 51.166454 84.984070 59.231041
v 52.016228 91.394226 60.142311
v 54.218182 91.135437 59.910412
v 51.166454 84.984070 59.231041
v 49.089096 85.146912 60.023193
v 49.938862 91.557068 60.934471
v 52.016228 91.394226 60.142311
v 49.089096 85.146912 60.023193
v 47.277897 85.202332 61.321629
v 48.127663 91.612488 62.232891
v 49.938862 91.557068 60.934471
v 47.277897 85.202332 61.321629
v 45.856285 85.146912 63.037842
v 46.706059 91.557068 63.949104
v 48.127663 91.612488 62.232891
v 45.856285 85.146912 63.037842
v 44.921150 84.984070 65.054886
v 45.770931 91.394226 65.966148
v 46.706059 91.557068 63.949104
v 44.921150 84.984070 65.054886
v 44.536221 84.725281 67.235298
v 45.385994 91.135437 68.146568
v 45.770931 91.394226 65.966148
v 44.536221 84.725281 67.235298
v 44.727726 84.387634 69.430496
v 45.577496 90.797791 70.341759
v 45.385994 91.135437 68.146568
v 44.727726 84.387634 69.430496
v 45.482605 83.994812 71.490875
v 46.332378 90.404968 72.402145
v 45.577496 90.797791 70.341759
v 45.482605 83.994812 71.490875
v 46.749424 83.572937 73.276016
v 47.599197 89.983093 74.187279
v 46.332378 90.404968 72.402145
v 46.749424 83.572937 73.276016
v 48.441868 83.151306 74.664284
v 49.291634 89.561462 75.575546
v 47.599197 89.983093 74.187279
v 48.441868 83.151306 74.664284
v 50.444565 82.758240 75.561058
v 51.294327 89.168396 76.472321
v 49.291634 89.561462 75.575546
v 50.444565 82.758240 75.561058
v 52.621048 82.420837 75.905220
v 53.470818 88.830994 76.816483
v 51.294327 89.168396 76.472321
v 52.621048 82.420837 75.905220
v 54.823009 82.162048 75.673317
v 55.672775 88.572205 76.584587
v 53.470818 88.830994 76.816483
v 54.823009 82.162048 75.673317
v 56.900368 81.999207 74.881172
v 57.750141 88.409363 75.792442
v 55.672775 88.572205 76.584587
v 56.900368 81.999207 74.881172
v 58.711575 81.943542 73.582741
v 59.561340 88.353699 74.494011
v 57.750141 88.409363 75.792442
v 58.711575 81.943542 73.582741
v 60.133171 81.999207 71.866516
v 60.982952 88.409363 72.777802
v 59.561340 88.353699 74.494011
v 60.133171 81.999207 71.866516
v 61.068306 82.162048 69.849472
v 61.918076 88.572205 70.760757
v 60.982952 88.409363 72.777802
v 61.068306 82.162048 69.849472
v 61.453236 82.420837 67.669067
v 62.303009 88.830994 68.580338
v 61.918076 88.572205 70.760757
v 61.453236 82.420837 67.669067
v 61.261738 82.758240 65.473877
v 62.111511 89.168396 66.385139
v 62.303009 88.830994 68.580338
v 61.261738 82.758240 65.473877
v 60.506851 83.151306 63.413486
v 61.356625 89.561462 64.324760
v 61.261738 82.758240 65.473877
v 61.356625 89.561462 64.324760
v 62.111511 89.168396 66.385139
v 60.506851 83.151306 63.413486
v 59.240032 83.572937 61.628345
v 60.089794 89.983093 62.539616
v 61.356625 89.561462 64.324760
v -42.021805 104.619812 -43.546310
v -43.496277 106.535095 -46.100178
v -62.072418 49.325378 -78.274994
v -60.597942 47.410339 -75.721130
v -2.435125 104.619812 -66.401688
v -42.021805 104.619812 -43.546310
v -60.597942 47.410339 -75.721130
v -21.011267 47.410339 -98.576515
v -3.909598 106.535095 -68.955551
v -43.496277 106.535095 -46.100178
v -42.021805 104.619812 -43.546310
v -2.435125 104.619812 -66.401688
v -21.011267 47.410339 -98.576515
v -60.597942 47.410339 -75.721130
v -62.072418 49.325378 -78.274994
v -22.485741 49.325378 -101.130371
v -22.485741 49.325378 -101.130371
v -3.909598 106.535095 -68.955551
v -2.435125 104.619812 -66.401688
v -21.011267 47.410339 -98.576515
v -42.519718 119.045105 -34.563335
v -49.062469 128.552429 -45.895714
v -50.095856 125.707703 -47.685589
v -43.553101 116.200623 -36.353210
v 4.984294 119.045105 -61.989788
v -42.519718 119.045105 -34.563335
v -43.553101 116.200623 -36.353210
v 3.950909 116.200623 -63.779667
v -1.558459 128.552429 -73.322159
v -49.062469 128.552429 -45.895714
v -42.519718 119.045105 -34.563335
v 4.984294 119.045105 -61.989788
v -2.591842 125.707703 -75.112038
v -50.095856 125.707703 -47.685589
v -49.062469 128.552429 -45.895714
v -1.558459 128.552429 -73.322159
v 3.950909 116.200623 -63.779667
v -43.553101 116.200623 -36.353210
v -50.095856 125.707703 -47.685589
v -2.591842 125.707703 -75.112038
v -2.591842 125.707703 -75.112038
v -1.558459 128.552429 -73.322159
v 4.984294 119.045105 -61.989788
v 3.950909 116.200623 -63.779667
v -113.903008 114.949646 -34.206669
v -115.550751 115.944031 -36.258255
v -120.375015 94.238464 -42.903564
v -113.903008 114.949646 -34.206669
v -120.375015 94.238464 -42.903564
v -118.727280 93.244080 -40.851974
v -91.867126 115.403015 -51.685055
v -113.903008 114.949646 -34.206669
v -118.727280 93.244080 -40.851974
v -96.691399 93.697449 -58.330364
v -93.514862 116.397400 -53.736656
v -115.550751 115.944031 -36.258255
v -113.903008 114.949646 -34.206669
v -91.867126 115.403015 -51.685055
v -96.691399 93.697449 -58.330364
v -118.727280 93.244080 -40.851974
v -120.375015 94.238464 -42.903564
v -98.339142 94.691833 -60.381958
v -98.339142 94.691833 -60.381958
v -93.514862 116.397400 -53.736656
v -91.867126 115.403015 -51.685055
v -96.691399 93.697449 -58.330364
v -115.102661 115.578552 -31.509771
v -136.937943 138.994080 -49.862698
v -138.106796 136.731384 -51.358772
v -116.271523 113.315857 -33.005840
v -89.500359 115.578552 -51.512489
v -115.102661 115.578552 -31.509771
v -116.271523 113.315857 -33.005840
v -90.669212 113.315857 -53.008560
v -101.249863 138.994080 -77.745277
v -136.937943 138.994080 -49.862698
v -115.102661 115.578552 -31.509771
v -89.500359 115.578552 -51.512489
v -102.418716 136.731384 -79.241348
v -138.106796 136.731384 -51.358772
v -136.937943 138.994080 -49.862698
v -101.249863 138.994080 -77.745277
v -90.669212 113.315857 -53.008560
v -116.271523 113.315857 -33.005840
v -138.106796 136.731384 -51.358772
v -102.418716 136.731384 -79.241348
v -102.418716 136.731384 -79.241348
v -101.249863 138.994080 -77.745277
v -89.500359 115.578552 -51.512489
v -90.669212 113.315857 -53.008560
v 122.063515 104.370789 50.118378
v 122.063515 104.370789 36.053532
v 122.063515 79.757507 36.053532
v 122.063515 79.757507 50.118378
v 138.137634 104.370789 50.118378
v 122.063515 104.370789 50.118378
v 122.063515 79.757507 50.118378
v 138.137634 79.757507 50.118378
v 138.137634 104.370789 36.053532
v 122.063515 104.370789 36.053532
v 122.063515 104.370789 50.118378
v 138.137634 104.370789 50.118378
v 138.137634 79.757507 36.053532
v 122.063515 79.757507 36.053532
v 122.063515 104.370789 36.053532
v 138.137634 104.370789 36.053532
v 138.137634 79.757507 50.118378
v 122.063515 79.757507 50.118378
v 122.063515 79.757507 36.053532
v 138.137634 79.757507 36.053532
v 138.137634 79.757507 36.053532
v 138.137634 104.370789 36.053532
v 138.137634 104.370789 50.118378
v 138.137634 79.757507 50.118378
v 43.662262 108.079529 7.542103
v 43.347637 107.968445 8.636428
v 45.576385 107.946228 8.676924
v 44.479031 108.078552 6.741005
v 43.662262 108.079529 7.542103
v 45.576385 107.946228 8.676924
v 45.579090 107.965515 6.447782
v 44.479031 108.078552 6.741005
v 45.576385 107.946228 8.676924
v 46.667679 107.770935 6.741005
v 45.579090 107.965515 6.447782
v 45.576385 107.946228 8.676924
v 47.453106 107.546814 7.542103
v 46.667679 107.770935 6.741005
v 45.576385 107.946228 8.676924
v 47.724926 107.353210 8.636428
v 47.453106 107.546814 7.542103
v 45.576385 107.946228 8.676924
v 47.410301 107.242126 9.730749
v 47.724926 107.353210 8.636428
v 45.576385 107.946228 8.676924
v 46.593529 107.243347 10.531848
v 47.410301 107.242126 9.730749
v 45.576385 107.946228 8.676924
v 45.493473 107.356384 10.825071
v 46.593529 107.243347 10.531848
v 45.576385 107.946228 8.676924
v 44.404884 107.550964 10.531848
v 45.493473 107.356384 10.825071
v 45.576385 107.946228 8.676924
v 43.619453 107.775085 9.730749
v 44.404884 107.550964 10.531848
v 45.576385 107.946228 8.676924
v 43.347637 107.968445 8.636428
v 43.619453 107.775085 9.730749
v 45.576385 107.946228 8.676924
v 43.347637 107.968445 8.636428
v 43.662262 108.079529 7.542103
v 41.798386 107.633240 6.403632
v 41.190575 107.418640 8.517702
v 43.662262 108.079529 7.542103
v 44.479031 108.078552 6.741005
v 43.376263 107.631042 4.856028
v 43.662262 108.079529 7.542103
v 43.376263 107.631042 4.856028
v 41.798386 107.633240 6.403632
v 44.479031 108.078552 6.741005
v 45.579090 107.965515 6.447782
v 45.501408 107.412781 4.289564
v 44.479031 108.078552 6.741005
v 45.501408 107.412781 4.289564
v 43.376263 107.631042 4.856028
v 45.579090 107.965515 6.447782
v 46.667679 107.770935 6.741005
v 47.604401 107.036804 4.856028
v 45.579090 107.965515 6.447782
v 47.604401 107.036804 4.856028
v 45.501408 107.412781 4.289564
v 46.667679 107.770935 6.741005
v 47.453106 107.546814 7.542103
v 49.121735 106.603943 6.403632
v 46.667679 107.770935 6.741005
v 49.121735 106.603943 6.403632
v 47.604401 107.036804 4.856028
v 47.453106 107.546814 7.542103
v 47.724926 107.353210 8.636428
v 49.646847 106.230164 8.517702
v 47.453106 107.546814 7.542103
v 49.646847 106.230164 8.517702
v 49.121735 106.603943 6.403632
v 47.724926 107.353210 8.636428
v 47.410301 107.242126 9.730749
v 49.039036 106.015564 10.631768
v 49.646847 106.230164 8.517702
v 47.410301 107.242126 9.730749
v 46.593529 107.243347 10.531848
v 47.461159 106.017517 12.179374
v 47.410301 107.242126 9.730749
v 47.461159 106.017517 12.179374
v 49.039036 106.015564 10.631768
v 46.593529 107.243347 10.531848
v 45.493473 107.356384 10.825071
v 45.336010 106.235779 12.745837
v 46.593529 107.243347 10.531848
v 45.336010 106.235779 12.745837
v 47.461159 106.017517 12.179374
v 45.493473 107.356384 10.825071
v 44.404884 107.550964 10.531848
v 43.233021 106.611755 12.179374
v 45.493473 107.356384 10.825071
v 43.233021 106.611755 12.179374
v 45.336010 106.235779 12.745837
v 44.404884 107.550964 10.531848
v 43.619453 107.775085 9.730749
v 41.715687 107.044617 10.631768
v 44.404884 107.550964 10.531848
v 41.715687 107.044617 10.631768
v 43.233021 106.611755 12.179374
v 43.619453 107.775085 9.730749
v 43.347637 107.968445 8.636428
v 41.190575 107.418640 8.517702
v 43.619453 107.775085 9.730749
v 41.190575 107.418640 8.517702
v 41.715687 107.044617 10.631768
v 41.190575 107.418640 8.517702
v 41.798386 107.633240 6.403632
v 40.111771 106.637390 5.339090
v 39.252193 106.333923 8.328835
v 41.798386 107.633240 6.403632
v 43.376263 107.631042 4.856028
v 42.343220 106.634460 3.150444
v 41.798386 107.633240 6.403632
v 42.343220 106.634460 3.150444
v 40.111771 106.637390 5.339090
v 43.376263 107.631042 4.856028
v 45.501408 107.412781 4.289564
v 45.348637 106.325623 2.349346
v 43.376263 107.631042 4.856028
v 45.348637 106.325623 2.349346
v 42.343220 106.634460 3.150444
v 45.501408 107.412781 4.289564
v 47.604401 107.036804 4.856028
v 48.322708 105.794128 3.150444
v 45.501408 107.412781 4.289564
v 48.322708 105.794128 3.150444
v 45.348637 106.325623 2.349346
v 47.604401 107.036804 4.856028
v 49.121735 106.603943 6.403632
v 50.468544 105.181824 5.339090
v 47.604401 107.036804 4.856028
v 50.468544 105.181824 5.339090
v 48.322708 105.794128 3.150444
v 49.121735 106.603943 6.403632
v 49.646847 106.230164 8.517702
v 51.211170 104.653259 8.328835
v 50.468544 105.181824 5.339090
v 49.646847 106.230164 8.517702
v 49.039036 106.015564 10.631768
v 50.351593 104.349792 11.318576
v 51.211170 104.653259 8.328835
v 49.039036 106.015564 10.631768
v 47.461159 106.017517 12.179374
v 48.120136 104.352722 13.507222
v 50.351593 104.349792 11.318576
v 47.461159 106.017517 12.179374
v 45.336010 106.235779 12.745837
v 45.114727 104.661316 14.308321
v 47.461159 106.017517 12.179374
v 45.114727 104.661316 14.308321
v 48.120136 104.352722 13.507222
v 45.336010 106.235779 12.745837
v 43.233021 106.611755 12.179374
v 42.140648 105.193054 13.507222
v 45.114727 104.661316 14.308321
v 43.233021 106.611755 12.179374
v 41.715687 107.044617 10.631768
v 39.994816 105.805359 11.318576
v 42.140648 105.193054 13.507222
v 41.715687 107.044617 10.631768
v 41.190575 107.418640 8.517702
v 39.252193 106.333923 8.328835
v 41.715687 107.044617 10.631768
v 39.252193 106.333923 8.328835
v 39.994816 105.805359 11.318576
v 39.252193 106.333923 8.328835
v 40.111771 106.637390 5.339090
v 38.717358 105.160095 4.421023
v 37.664597 104.788513 8.082697
v 40.111771 106.637390 5.339090
v 42.343220 106.634460 3.150444
v 41.450314 105.156433 1.740490
v 40.111771 106.637390 5.339090
v 41.450314 105.156433 1.740490
v 38.717358 105.160095 4.421023
v 42.343220 106.634460 3.150444
v 45.348637 106.325623 2.349346
v 45.131180 104.778503 0.759349
v 41.450314 105.156433 1.740490
v 45.348637 106.325623 2.349346
v 48.322708 105.794128 3.150444
v 48.773663 104.127380 1.740490
v 45.348637 106.325623 2.349346
v 48.773663 104.127380 1.740490
v 45.131180 104.778503 0.759349
v 48.322708 105.794128 3.150444
v 50.468544 105.181824 5.339090
v 51.401760 103.377625 4.421023
v 48.322708 105.794128 3.150444
v 51.401760 103.377625 4.421023
v 48.773663 104.127380 1.740490
v 50.468544 105.181824 5.339090
v 51.211170 104.653259 8.328835
v 52.311291 102.729919 8.082697
v 50.468544 105.181824 5.339090
v 52.311291 102.729919 8.082697
v 51.401760 103.377625 4.421023
v 51.211170 104.653259 8.328835
v 50.351593 104.349792 11.318576
v 51.258522 102.358337 11.744370
v 51.211170 104.653259 8.328835
v 51.258522 102.358337 11.744370
v 52.311291 102.729919 8.082697
v 50.351593 104.349792 11.318576
v 48.120136 104.352722 13.507222
v 48.525562 102.362000 14.424902
v 51.258522 102.358337 11.744370
v 48.120136 104.352722 13.507222
v 45.114727 104.661316 14.308321
v 44.844700 102.739929 15.406043
v 48.525562 102.362000 14.424902
v 45.114727 104.661316 14.308321
v 42.140648 105.193054 13.507222
v 41.202217 103.391296 14.424902
v 45.114727 104.661316 14.308321
v 41.202217 103.391296 14.424902
v 44.844700 102.739929 15.406043
v 42.140648 105.193054 13.507222
v 39.994816 105.805359 11.318576
v 38.574116 104.141052 11.744370
v 41.202217 103.391296 14.424902
v 39.994816 105.805359 11.318576
v 39.252193 106.333923 8.328835
v 37.664597 104.788513 8.082697
v 38.574116 104.141052 11.744370
v 37.664597 104.788513 8.082697
v 38.717358 105.160095 4.421023
v 37.710171 103.302185 3.711999
v 36.535969 102.887634 7.796066
v 38.717358 105.160095 4.421023
v 41.450314 105.156433 1.740490
v 40.758389 103.298035 0.722256
v 37.710171 103.302185 3.711999
v 41.450314 105.156433 1.740490
v 45.131180 104.778503 0.759349
v 44.863865 102.876404 -0.372068
v 40.758389 103.298035 0.722256
v 45.131180 104.778503 0.759349
v 48.773663 104.127380 1.740490
v 48.926525 102.150085 0.722256
v 44.863865 102.876404 -0.372068
v 48.773663 104.127380 1.740490
v 51.401760 103.377625 4.421023
v 51.857788 101.313904 3.711999
v 48.926525 102.150085 0.722256
v 51.401760 103.377625 4.421023
v 52.311291 102.729919 8.082697
v 52.872231 100.591736 7.796066
v 51.401760 103.377625 4.421023
v 52.872231 100.591736 7.796066
v 51.857788 101.313904 3.711999
v 52.311291 102.729919 8.082697
v 51.258522 102.358337 11.744370
v 51.698025 100.176941 11.880132
v 52.311291 102.729919 8.082697
v 51.698025 100.176941 11.880132
v 52.872231 100.591736 7.796066
v 51.258522 102.358337 11.744370
v 48.525562 102.362000 14.424902
v 48.649803 100.181091 14.869877
v 51.698025 100.176941 11.880132
v 48.525562 102.362000 14.424902
v 44.844700 102.739929 15.406043
v 44.544334 100.602722 15.964198
v 48.649803 100.181091 14.869877
v 44.844700 102.739929 15.406043
v 41.202217 103.391296 14.424902
v 40.481670 101.329041 14.869877
v 44.544334 100.602722 15.964198
v 41.202217 103.391296 14.424902
v 38.574116 104.141052 11.744370
v 37.550407 102.165466 11.880132
v 41.202217 103.391296 14.424902
v 37.550407 102.165466 11.880132
v 40.481670 101.329041 14.869877
v 38.574116 104.141052 11.744370
v 37.664597 104.788513 8.082697
v 36.535969 102.887634 7.796066
v 37.550407 102.165466 11.880132
v 36.535969 102.887634 7.796066
v 37.710171 103.302185 3.711999
v 37.158852 101.189880 3.260334
v 35.943226 100.760681 7.488472
v 37.710171 103.302185 3.711999
v 40.758389 103.298035 0.722256
v 40.314602 101.185730 0.165123
v 37.158852 101.189880 3.260334
v 40.758389 103.298035 0.722256
v 44.863865 102.876404 -0.372068
v 44.564899 100.749207 -0.967803
v 40.314602 101.185730 0.165123
v 44.863865 102.876404 -0.372068
v 48.926525 102.150085 0.722256
v 48.770874 99.997253 0.165123
v 44.564899 100.749207 -0.967803
v 48.926525 102.150085 0.722256
v 51.857788 101.313904 3.711999
v 51.805546 99.131531 3.260334
v 48.770874 99.997253 0.165123
v 51.857788 101.313904 3.711999
v 52.872231 100.591736 7.796066
v 52.855770 98.383728 7.488472
v 51.805546 99.131531 3.260334
v 52.872231 100.591736 7.796066
v 51.698025 100.176941 11.880132
v 51.640144 97.954529 11.716606
v 52.855770 98.383728 7.488472
v 51.698025 100.176941 11.880132
v 48.649803 100.181091 14.869877
v 48.484390 97.958923 14.811817
v 51.640144 97.954529 11.716606
v 48.649803 100.181091 14.869877
v 44.544334 100.602722 15.964198
v 44.234097 98.395447 15.944744
v 48.484390 97.958923 14.811817
v 44.544334 100.602722 15.964198
v 40.481670 101.329041 14.869877
v 40.028118 99.147156 14.811817
v 44.234097 98.395447 15.944744
v 40.481670 101.329041 14.869877
v 37.550407 102.165466 11.880132
v 36.993454 100.013123 11.716606
v 40.028118 99.147156 14.811817
v 37.550407 102.165466 11.880132
v 36.535969 102.887634 7.796066
v 35.943226 100.760681 7.488472
v 36.993454 100.013123 11.716606
v 35.943226 100.760681 7.488472
v 37.158852 101.189880 3.260334
v 30.425362 51.467957 -3.644400
v 29.251158 51.053406 0.439666
v 37.158852 101.189880 3.260334
v 40.314602 101.185730 0.165123
v 33.473583 51.464050 -6.634146
v 30.425362 51.467957 -3.644400
v 40.314602 101.185730 0.165123
v 44.564899 100.749207 -0.967803
v 37.579056 51.042175 -7.728468
v 40.314602 101.185730 0.165123
v 37.579056 51.042175 -7.728468
v 33.473583 51.464050 -6.634146
v 44.564899 100.749207 -0.967803
v 48.770874 99.997253 0.165123
v 41.641720 50.316101 -6.634146
v 37.579056 51.042175 -7.728468
v 48.770874 99.997253 0.165123
v 51.805546 99.131531 3.260334
v 44.572979 49.479675 -3.644400
v 41.641720 50.316101 -6.634146
v 51.805546 99.131531 3.260334
v 52.855770 98.383728 7.488472
v 45.587421 48.757507 0.439666
v 44.572979 49.479675 -3.644400
v 52.855770 98.383728 7.488472
v 51.640144 97.954529 11.716606
v 44.413219 48.342957 4.523732
v 45.587421 48.757507 0.439666
v 51.640144 97.954529 11.716606
v 48.484390 97.958923 14.811817
v 41.364994 48.347107 7.513477
v 51.640144 97.954529 11.716606
v 41.364994 48.347107 7.513477
v 44.413219 48.342957 4.523732
v 48.484390 97.958923 14.811817
v 44.234097 98.395447 15.944744
v 37.259529 48.768738 8.607799
v 41.364994 48.347107 7.513477
v 44.234097 98.395447 15.944744
v 40.028118 99.147156 14.811817
v 33.196865 49.495056 7.513477
v 37.259529 48.768738 8.607799
v 40.028118 99.147156 14.811817
v 36.993454 100.013123 11.716606
v 30.265596 50.331238 4.523732
v 33.196865 49.495056 7.513477
v 36.993454 100.013123 11.716606
v 35.943226 100.760681 7.488472
v 29.251158 51.053406 0.439666
v 30.265596 50.331238 4.523732
v 29.251158 51.053406 0.439666
v 30.425362 51.467957 -3.644400
v 30.864862 49.286804 -3.508641
v 29.251158 51.053406 0.439666
v 30.864862 49.286804 -3.508641
v 29.812099 48.914978 0.153034
v 30.425362 51.467957 -3.644400
v 33.473583 51.464050 -6.634146
v 33.597824 49.283142 -6.189174
v 30.864862 49.286804 -3.508641
v 33.473583 51.464050 -6.634146
v 37.579056 51.042175 -7.728468
v 37.278690 48.904968 -7.170315
v 33.597824 49.283142 -6.189174
v 37.579056 51.042175 -7.728468
v 41.641720 50.316101 -6.634146
v 40.921173 48.253845 -6.189174
v 37.579056 51.042175 -7.728468
v 40.921173 48.253845 -6.189174
v 37.278690 48.904968 -7.170315
v 41.641720 50.316101 -6.634146
v 44.572979 49.479675 -3.644400
v 43.549271 47.504089 -3.508641
v 41.641720 50.316101 -6.634146
v 43.549271 47.504089 -3.508641
v 40.921173 48.253845 -6.189174
v 44.572979 49.479675 -3.644400
v 45.587421 48.757507 0.439666
v 44.458794 46.856628 0.153034
v 43.549271 47.504089 -3.508641
v 45.587421 48.757507 0.439666
v 44.413219 48.342957 4.523732
v 43.406029 46.484802 3.814705
v 45.587421 48.757507 0.439666
v 43.406029 46.484802 3.814705
v 44.458794 46.856628 0.153034
v 44.413219 48.342957 4.523732
v 41.364994 48.347107 7.513477
v 40.673069 46.488464 6.495238
v 43.406029 46.484802 3.814705
v 41.364994 48.347107 7.513477
v 37.259529 48.768738 8.607799
v 36.992207 46.866638 7.476380
v 40.673069 46.488464 6.495238
v 37.259529 48.768738 8.607799
v 33.196865 49.495056 7.513477
v 33.349728 47.517761 6.495238
v 36.992207 46.866638 7.476380
v 33.196865 49.495056 7.513477
v 30.265596 50.331238 4.523732
v 30.721622 48.267517 3.814705
v 33.349728 47.517761 6.495238
v 30.265596 50.331238 4.523732
v 29.251158 51.053406 0.439666
v 29.812099 48.914978 0.153034
v 30.721622 48.267517 3.814705
v 29.812099 48.914978 0.153034
v 30.864862 49.286804 -3.508641
v 31.771795 47.295349 -3.082847
v 30.912218 46.991882 -0.093102
v 30.864862 49.286804 -3.508641
v 33.597824 49.283142 -6.189174
v 34.003250 47.292419 -5.271493
v 31.771795 47.295349 -3.082847
v 33.597824 49.283142 -6.189174
v 37.278690 48.904968 -7.170315
v 37.008663 46.983826 -6.072592
v 33.597824 49.283142 -6.189174
v 37.008663 46.983826 -6.072592
v 34.003250 47.292419 -5.271493
v 37.278690 48.904968 -7.170315
v 40.921173 48.253845 -6.189174
v 39.982738 46.452087 -5.271493
v 37.008663 46.983826 -6.072592
v 40.921173 48.253845 -6.189174
v 43.549271 47.504089 -3.508641
v 42.128574 45.839783 -3.082847
v 39.982738 46.452087 -5.271493
v 43.549271 47.504089 -3.508641
v 44.458794 46.856628 0.153034
v 42.871193 45.311218 -0.093102
v 42.128574 45.839783 -3.082847
v 44.458794 46.856628 0.153034
v 43.406029 46.484802 3.814705
v 42.011616 45.007751 2.896639
v 44.458794 46.856628 0.153034
v 42.011616 45.007751 2.896639
v 42.871193 45.311218 -0.093102
v 43.406029 46.484802 3.814705
v 40.673069 46.488464 6.495238
v 39.780163 45.010681 5.085286
v 43.406029 46.484802 3.814705
v 39.780163 45.010681 5.085286
v 42.011616 45.007751 2.896639
v 40.673069 46.488464 6.495238
v 36.992207 46.866638 7.476380
v 36.774754 45.319275 5.886384
v 39.780163 45.010681 5.085286
v 36.992207 46.866638 7.476380
v 33.349728 47.517761 6.495238
v 33.800674 45.851013 5.085286
v 36.774754 45.319275 5.886384
v 33.349728 47.517761 6.495238
v 30.721622 48.267517 3.814705
v 31.654840 46.463318 2.896639
v 33.349728 47.517761 6.495238
v 31.654840 46.463318 2.896639
v 33.800674 45.851013 5.085286
v 30.721622 48.267517 3.814705
v 29.812099 48.914978 0.153034
v 30.912218 46.991882 -0.093102
v 31.654840 46.463318 2.896639
v 30.912218 46.991882 -0.093102
v 31.771795 47.295349 -3.082847
v 33.084354 45.629578 -2.396039
v 32.476543 45.414978 -0.281969
v 31.771795 47.295349 -3.082847
v 34.003250 47.292419 -5.271493
v 34.662231 45.627380 -3.943644
v 31.771795 47.295349 -3.082847
v 34.662231 45.627380 -3.943644
v 33.084354 45.629578 -2.396039
v 34.003250 47.292419 -5.271493
v 37.008663 46.983826 -6.072592
v 36.787380 45.409119 -4.510108
v 34.662231 45.627380 -3.943644
v 37.008663 46.983826 -6.072592
v 39.982738 46.452087 -5.271493
v 38.890369 45.033142 -3.943644
v 37.008663 46.983826 -6.072592
v 38.890369 45.033142 -3.943644
v 36.787380 45.409119 -4.510108
v 39.982738 46.452087 -5.271493
v 42.128574 45.839783 -3.082847
v 40.407700 44.600281 -2.396039
v 39.982738 46.452087 -5.271493
v 40.407700 44.600281 -2.396039
v 38.890369 45.033142 -3.943644
v 42.128574 45.839783 -3.082847
v 42.871193 45.311218 -0.093102
v 40.932812 44.226501 -0.281969
v 40.407700 44.600281 -2.396039
v 42.871193 45.311218 -0.093102
v 42.011616 45.007751 2.896639
v 40.325001 44.011902 1.832098
v 40.932812 44.226501 -0.281969
v 42.011616 45.007751 2.896639
v 39.780163 45.010681 5.085286
v 38.747128 44.014099 3.379702
v 42.011616 45.007751 2.896639
v 38.747128 44.014099 3.379702
v 40.325001 44.011902 1.832098
v 39.780163 45.010681 5.085286
v 36.774754 45.319275 5.886384
v 36.621979 44.232361 3.946165
v 38.747128 44.014099 3.379702
v 36.774754 45.319275 5.886384
v 33.800674 45.851013 5.085286
v 34.518990 44.608337 3.379702
v 36.621979 44.232361 3.946165
v 33.800674 45.851013 5.085286
v 31.654840 46.463318 2.896639
v 33.001656 45.041199 1.832098
v 33.800674 45.851013 5.085286
v 33.001656 45.041199 1.832098
v 34.518990 44.608337 3.379702
v 31.654840 46.463318 2.896639
v 30.912218 46.991882 -0.093102
v 32.476543 45.414978 -0.281969
v 33.001656 45.041199 1.832098
v 32.476543 45.414978 -0.281969
v 33.084354 45.629578 -2.396039
v 34.713089 44.402771 -1.495021
v 34.398460 44.291687 -0.400697
v 33.084354 45.629578 -2.396039
v 34.662231 45.627380 -3.943644
v 35.529858 44.401794 -2.296120
v 33.084354 45.629578 -2.396039
v 35.529858 44.401794 -2.296120
v 34.713089 44.402771 -1.495021
v 34.662231 45.627380 -3.943644
v 36.787380 45.409119 -4.510108
v 36.629917 44.288757 -2.589344
v 34.662231 45.627380 -3.943644
v 36.629917 44.288757 -2.589344
v 35.529858 44.401794 -2.296120
v 36.787380 45.409119 -4.510108
v 38.890369 45.033142 -3.943644
v 37.718502 44.094177 -2.296120
v 36.629917 44.288757 -2.589344
v 38.890369 45.033142 -3.943644
v 40.407700 44.600281 -2.396039
v 38.503937 43.870056 -1.495021
v 38.890369 45.033142 -3.943644
v 38.503937 43.870056 -1.495021
v 37.718502 44.094177 -2.296120
v 40.407700 44.600281 -2.396039
v 40.932812 44.226501 -0.281969
v 38.775753 43.676697 -0.400697
v 40.407700 44.600281 -2.396039
v 38.775753 43.676697 -0.400697
v 38.503937 43.870056 -1.495021
v 40.932812 44.226501 -0.281969
v 40.325001 44.011902 1.832098
v 38.461128 43.565613 0.693625
v 38.775753 43.676697 -0.400697
v 40.325001 44.011902 1.832098
v 38.747128 44.014099 3.379702
v 37.644356 43.566589 1.494723
v 40.325001 44.011902 1.832098
v 37.644356 43.566589 1.494723
v 38.461128 43.565613 0.693625
v 38.747128 44.014099 3.379702
v 36.621979 44.232361 3.946165
v 36.544300 43.679626 1.787947
v 38.747128 44.014099 3.379702
v 36.544300 43.679626 1.787947
v 37.644356 43.566589 1.494723
v 36.621979 44.232361 3.946165
v 34.518990 44.608337 3.379702
v 35.455711 43.874207 1.494723
v 36.621979 44.232361 3.946165
v 35.455711 43.874207 1.494723
v 36.544300 43.679626 1.787947
v 34.518990 44.608337 3.379702
v 33.001656 45.041199 1.832098
v 34.670280 44.098328 0.693625
v 34.518990 44.608337 3.379702
v 34.670280 44.098328 0.693625
v 35.455711 43.874207 1.494723
v 33.001656 45.041199 1.832098
v 32.476543 45.414978 -0.281969
v 34.398460 44.291687 -0.400697
v 33.001656 45.041199 1.832098
v 34.398460 44.291687 -0.400697
v 34.670280 44.098328 0.693625
v 34.398460 44.291687 -0.400697
v 34.713089 44.402771 -1.495021
v 36.547009 43.698914 -0.441192
v 34.713089 44.402771 -1.495021
v 35.529858 44.401794 -2.296120
v 36.547009 43.698914 -0.441192
v 35.529858 44.401794 -2.296120
v 36.629917 44.288757 -2.589344
v 36.547009 43.698914 -0.441192
v 36.629917 44.288757 -2.589344
v 37.718502 44.094177 -2.296120
v 36.547009 43.698914 -0.441192
v 37.718502 44.094177 -2.296120
v 38.503937 43.870056 -1.495021
v 36.547009 43.698914 -0.441192
v 38.503937 43.870056 -1.495021
v 38.775753 43.676697 -0.400697
v 36.547009 43.698914 -0.441192
v 38.775753 43.676697 -0.400697
v 38.461128 43.565613 0.693625
v 36.547009 43.698914 -0.441192
v 38.461128 43.565613 0.693625
v 37.644356 43.566589 1.494723
v 36.547009 43.698914 -0.441192
v 37.644356 43.566589 1.494723
v 36.544300 43.679626 1.787947
v 36.547009 43.698914 -0.441192
v 36.544300 43.679626 1.787947
v 35.455711 43.874207 1.494723
v 36.547009 43.698914 -0.441192
v 35.455711 43.874207 1.494723
v 34.670280 44.098328 0.693625
v 36.547009 43.698914 -0.441192
v 34.670280 44.098328 0.693625
v 34.398460 44.291687 -0.400697
v 36.547009 43.698914 -0.441192
v 18.559158 107.620056 35.639633
v 18.287338 107.813416 34.545307
v 16.410614 108.212830 35.680130
v 18.287338 107.813416 34.545307
v 17.501907 108.037537 33.744209
v 16.410614 108.212830 35.680130
v 17.501907 108.037537 33.744209
v 16.413321 108.232117 33.450989
v 16.410614 108.212830 35.680130
v 16.413321 108.232117 33.450989
v 15.313263 108.345154 33.744209
v 16.410614 108.212830 35.680130
v 15.313263 108.345154 33.744209
v 14.496494 108.346130 34.545307
v 16.410614 108.212830 35.680130
v 14.496494 108.346130 34.545307
v 14.181869 108.235046 35.639633
v 16.410614 108.212830 35.680130
v 14.181869 108.235046 35.639633
v 14.453685 108.041687 36.733955
v 16.410614 108.212830 35.680130
v 14.453685 108.041687 36.733955
v 15.239116 107.817566 37.535053
v 16.410614 108.212830 35.680130
v 15.239116 107.817566 37.535053
v 16.327703 107.622986 37.828281
v 16.410614 108.212830 35.680130
v 16.327703 107.622986 37.828281
v 17.427761 107.509949 37.535053
v 16.410614 108.212830 35.680130
v 17.427761 107.509949 37.535053
v 18.244530 107.508728 36.733955
v 16.410614 108.212830 35.680130
v 18.244530 107.508728 36.733955
v 18.559158 107.620056 35.639633
v 16.410614 108.212830 35.680130
v 19.955965 106.870544 33.406837
v 18.287338 107.813416 34.545307
v 18.559158 107.620056 35.639633
v 19.955965 106.870544 33.406837
v 18.559158 107.620056 35.639633
v 20.481079 106.496765 35.520908
v 18.438631 107.303406 31.859234
v 17.501907 108.037537 33.744209
v 18.287338 107.813416 34.545307
v 18.438631 107.303406 31.859234
v 18.287338 107.813416 34.545307
v 19.955965 106.870544 33.406837
v 16.335642 107.679382 31.292768
v 16.413321 108.232117 33.450989
v 17.501907 108.037537 33.744209
v 16.335642 107.679382 31.292768
v 17.501907 108.037537 33.744209
v 18.438631 107.303406 31.859234
v 14.210493 107.897644 31.859234
v 15.313263 108.345154 33.744209
v 16.413321 108.232117 33.450989
v 14.210493 107.897644 31.859234
v 16.413321 108.232117 33.450989
v 16.335642 107.679382 31.292768
v 12.632618 107.899841 33.406837
v 14.496494 108.346130 34.545307
v 15.313263 108.345154 33.744209
v 12.632618 107.899841 33.406837
v 15.313263 108.345154 33.744209
v 14.210493 107.897644 31.859234
v 12.024804 107.685242 35.520908
v 14.181869 108.235046 35.639633
v 14.496494 108.346130 34.545307
v 12.632618 107.899841 33.406837
v 12.549918 107.311462 37.634975
v 14.453685 108.041687 36.733955
v 14.181869 108.235046 35.639633
v 12.549918 107.311462 37.634975
v 14.181869 108.235046 35.639633
v 12.024804 107.685242 35.520908
v 14.067252 106.878601 39.182579
v 15.239116 107.817566 37.535053
v 14.453685 108.041687 36.733955
v 14.067252 106.878601 39.182579
v 14.453685 108.041687 36.733955
v 12.549918 107.311462 37.634975
v 16.170240 106.502625 39.749043
v 16.327703 107.622986 37.828281
v 15.239116 107.817566 37.535053
v 14.067252 106.878601 39.182579
v 18.295389 106.284363 39.182579
v 17.427761 107.509949 37.535053
v 16.327703 107.622986 37.828281
v 18.295389 106.284363 39.182579
v 16.327703 107.622986 37.828281
v 16.170240 106.502625 39.749043
v 19.873266 106.282166 37.634975
v 18.244530 107.508728 36.733955
v 17.427761 107.509949 37.535053
v 19.873266 106.282166 37.634975
v 17.427761 107.509949 37.535053
v 18.295389 106.284363 39.182579
v 20.481079 106.496765 35.520908
v 18.559158 107.620056 35.639633
v 18.244530 107.508728 36.733955
v 20.481079 106.496765 35.520908
v 18.244530 107.508728 36.733955
v 19.873266 106.282166 37.634975
v 21.302780 105.448425 32.342297
v 19.955965 106.870544 33.406837
v 20.481079 106.496765 35.520908
v 22.045401 104.919861 35.332039
v 19.156944 106.060730 30.153650
v 18.438631 107.303406 31.859234
v 19.955965 106.870544 33.406837
v 19.156944 106.060730 30.153650
v 19.955965 106.870544 33.406837
v 21.302780 105.448425 32.342297
v 16.182867 106.592468 29.352552
v 16.335642 107.679382 31.292768
v 18.438631 107.303406 31.859234
v 19.156944 106.060730 30.153650
v 13.177455 106.901062 30.153650
v 14.210493 107.897644 31.859234
v 16.335642 107.679382 31.292768
v 16.182867 106.592468 29.352552
v 10.946002 106.903992 32.342297
v 12.632618 107.899841 33.406837
v 14.210493 107.897644 31.859234
v 10.946002 106.903992 32.342297
v 14.210493 107.897644 31.859234
v 13.177455 106.901062 30.153650
v 10.086425 106.600525 35.332039
v 12.024804 107.685242 35.520908
v 12.632618 107.899841 33.406837
v 10.946002 106.903992 32.342297
v 10.829044 106.071960 38.321785
v 12.549918 107.311462 37.634975
v 12.024804 107.685242 35.520908
v 10.086425 106.600525 35.332039
v 12.974882 105.459656 40.510426
v 14.067252 106.878601 39.182579
v 12.549918 107.311462 37.634975
v 12.974882 105.459656 40.510426
v 12.549918 107.311462 37.634975
v 10.829044 106.071960 38.321785
v 15.948956 104.927917 41.311527
v 16.170240 106.502625 39.749043
v 14.067252 106.878601 39.182579
v 12.974882 105.459656 40.510426
v 18.954372 104.619324 40.510426
v 18.295389 106.284363 39.182579
v 16.170240 106.502625 39.749043
v 15.948956 104.927917 41.311527
v 21.185823 104.616394 38.321785
v 19.873266 106.282166 37.634975
v 18.295389 106.284363 39.182579
v 21.185823 104.616394 38.321785
v 18.295389 106.284363 39.182579
v 18.954372 104.619324 40.510426
v 22.045401 104.919861 35.332039
v 20.481079 106.496765 35.520908
v 19.873266 106.282166 37.634975
v 21.185823 104.616394 38.321785
v 22.235996 103.644226 31.424229
v 21.302780 105.448425 32.342297
v 22.045401 104.919861 35.332039
v 23.145517 102.996765 35.085903
v 19.607895 104.393982 28.743696
v 19.156944 106.060730 30.153650
v 21.302780 105.448425 32.342297
v 22.235996 103.644226 31.424229
v 15.965412 105.045105 27.762554
v 16.182867 106.592468 29.352552
v 19.156944 106.060730 30.153650
v 19.607895 104.393982 28.743696
v 12.284547 105.423035 28.743696
v 13.177455 106.901062 30.153650
v 16.182867 106.592468 29.352552
v 15.965412 105.045105 27.762554
v 9.551586 105.426941 31.424229
v 10.946002 106.903992 32.342297
v 13.177455 106.901062 30.153650
v 9.551586 105.426941 31.424229
v 13.177455 106.901062 30.153650
v 12.284547 105.423035 28.743696
v 8.498822 105.055115 35.085903
v 10.086425 106.600525 35.332039
v 10.946002 106.903992 32.342297
v 8.498822 105.055115 35.085903
v 10.946002 106.903992 32.342297
v 9.551586 105.426941 31.424229
v 9.408345 104.407654 38.747578
v 10.829044 106.071960 38.321785
v 10.086425 106.600525 35.332039
v 8.498822 105.055115 35.085903
v 12.036447 103.657898 41.428108
v 12.974882 105.459656 40.510426
v 10.829044 106.071960 38.321785
v 9.408345 104.407654 38.747578
v 15.678929 103.006775 42.409248
v 15.948956 104.927917 41.311527
v 12.974882 105.459656 40.510426
v 12.036447 103.657898 41.428108
v 19.359795 102.628601 41.428108
v 18.954372 104.619324 40.510426
v 15.948956 104.927917 41.311527
v 19.359795 102.628601 41.428108
v 15.948956 104.927917 41.311527
v 15.678929 103.006775 42.409248
v 22.092754 102.624939 38.747578
v 21.185823 104.616394 38.321785
v 18.954372 104.619324 40.510426
v 19.359795 102.628601 41.428108
v 23.145517 102.996765 35.085903
v 22.045401 104.919861 35.332039
v 21.185823 104.616394 38.321785
v 22.092754 102.624939 38.747578
v 22.692020 101.580505 30.715204
v 22.235996 103.644226 31.424229
v 23.145517 102.996765 35.085903
v 23.706461 100.858337 34.799271
v 19.760756 102.416687 27.725460
v 19.607895 104.393982 28.743696
v 22.235996 103.644226 31.424229
v 22.692020 101.580505 30.715204
v 15.698093 103.143005 26.631138
v 15.965412 105.045105 27.762554
v 19.607895 104.393982 28.743696
v 19.760756 102.416687 27.725460
v 11.592622 103.564636 27.725460
v 12.284547 105.423035 28.743696
v 15.965412 105.045105 27.762554
v 15.698093 103.143005 26.631138
v 8.544400 103.568787 30.715204
v 9.551586 105.426941 31.424229
v 12.284547 105.423035 28.743696
v 8.544400 103.568787 30.715204
v 12.284547 105.423035 28.743696
v 11.592622 103.564636 27.725460
v 7.370196 103.154236 34.799271
v 8.498822 105.055115 35.085903
v 9.551586 105.426941 31.424229
v 7.370196 103.154236 34.799271
v 9.551586 105.426941 31.424229
v 8.544400 103.568787 30.715204
v 8.384635 102.432068 38.883339
v 9.408345 104.407654 38.747578
v 8.498822 105.055115 35.085903
v 7.370196 103.154236 34.799271
v 11.315902 101.595642 41.873085
v 12.036447 103.657898 41.428108
v 9.408345 104.407654 38.747578
v 11.315902 101.595642 41.873085
v 9.408345 104.407654 38.747578
v 8.384635 102.432068 38.883339
v 15.378564 100.869568 42.967403
v 15.678929 103.006775 42.409248
v 12.036447 103.657898 41.428108
v 15.378564 100.869568 42.967403
v 12.036447 103.657898 41.428108
v 11.315902 101.595642 41.873085
v 19.484037 100.447693 41.873085
v 19.359795 102.628601 41.428108
v 15.678929 103.006775 42.409248
v 15.378564 100.869568 42.967403
v 22.532257 100.443787 38.883339
v 22.092754 102.624939 38.747578
v 19.359795 102.628601 41.428108
v 19.484037 100.447693 41.873085
v 23.706461 100.858337 34.799271
v 23.145517 102.996765 35.085903
v 22.092754 102.624939 38.747578
v 23.706461 100.858337 34.799271
v 22.092754 102.624939 38.747578
v 22.532257 100.443787 38.883339
v 22.639774 99.398132 30.263540
v 22.692020 101.580505 30.715204
v 23.706461 100.858337 34.799271
v 23.690002 98.650330 34.491676
v 19.605106 100.263855 27.168329
v 19.760756 102.416687 27.725460
v 22.692020 101.580505 30.715204
v 22.639774 99.398132 30.263540
v 15.399129 101.015808 26.035402
v 15.698093 103.143005 26.631138
v 19.760756 102.416687 27.725460
v 19.605106 100.263855 27.168329
v 11.148831 101.452332 27.168329
v 11.592622 103.564636 27.725460
v 15.698093 103.143005 26.631138
v 15.399129 101.015808 26.035402
v 7.993080 101.456482 30.263540
v 8.544400 103.568787 30.715204
v 11.592622 103.564636 27.725460
v 11.148831 101.452332 27.168329
v 6.777455 101.027283 34.491676
v 7.370196 103.154236 34.799271
v 8.544400 103.568787 30.715204
v 7.993080 101.456482 30.263540
v 7.827680 100.279724 38.719814
v 8.384635 102.432068 38.883339
v 7.370196 103.154236 34.799271
v 6.777455 101.027283 34.491676
v 10.862350 99.414001 41.815022
v 11.315902 101.595642 41.873085
v 8.384635 102.432068 38.883339
v 7.827680 100.279724 38.719814
v 15.068326 98.662048 42.947952
v 15.378564 100.869568 42.967403
v 11.315902 101.595642 41.873085
v 10.862350 99.414001 41.815022
v 19.318623 98.225525 41.815022
v 19.484037 100.447693 41.873085
v 15.378564 100.869568 42.967403
v 15.068326 98.662048 42.947952
v 22.474375 98.221130 38.719814
v 22.532257 100.443787 38.883339
v 19.484037 100.447693 41.873085
v 19.318623 98.225525 41.815022
v 23.690002 98.650330 34.491676
v 23.706461 100.858337 34.799271
v 22.532257 100.443787 38.883339
v 22.474375 98.221130 38.719814
v 15.407214 49.746277 23.358807
v 22.639774 99.398132 30.263540
v 23.690002 98.650330 34.491676
v 16.421654 49.024109 27.442873
v 12.475947 50.582703 20.369062
v 19.605106 100.263855 27.168329
v 22.639774 99.398132 30.263540
v 15.407214 49.746277 23.358807
v 8.413286 51.309021 19.274738
v 15.399129 101.015808 26.035402
v 19.605106 100.263855 27.168329
v 12.475947 50.582703 20.369062
v 4.307814 51.730652 20.369062
v 11.148831 101.452332 27.168329
v 15.399129 101.015808 26.035402
v 8.413286 51.309021 19.274738
v 1.259592 51.734802 23.358807
v 7.993080 101.456482 30.263540
v 11.148831 101.452332 27.168329
v 4.307814 51.730652 20.369062
v 0.085387 51.320007 27.442873
v 6.777455 101.027283 34.491676
v 7.993080 101.456482 30.263540
v 1.259592 51.734802 23.358807
v 1.099828 50.597839 31.526937
v 7.827680 100.279724 38.719814
v 6.777455 101.027283 34.491676
v 0.085387 51.320007 27.442873
v 4.031093 49.761658 34.516682
v 10.862350 99.414001 41.815022
v 7.827680 100.279724 38.719814
v 1.099828 50.597839 31.526937
v 8.093756 49.035339 35.611004
v 15.068326 98.662048 42.947952
v 10.862350 99.414001 41.815022
v 4.031093 49.761658 34.516682
v 12.199226 48.613708 34.516682
v 19.318623 98.225525 41.815022
v 15.068326 98.662048 42.947952
v 8.093756 49.035339 35.611004
v 15.247450 48.609558 31.526937
v 22.474375 98.221130 38.719814
v 19.318623 98.225525 41.815022
v 15.247450 48.609558 31.526937
v 19.318623 98.225525 41.815022
v 12.199226 48.613708 34.516682
v 16.421654 49.024109 27.442873
v 23.690002 98.650330 34.491676
v 22.474375 98.221130 38.719814
v 15.247450 48.609558 31.526937
v 14.383504 47.770691 23.494564
v 15.407214 49.746277 23.358807
v 16.421654 49.024109 27.442873
v 15.293026 47.123230 27.156239
v 11.755402 48.520447 20.814032
v 12.475947 50.582703 20.369062
v 15.407214 49.746277 23.358807
v 11.755402 48.520447 20.814032
v 15.407214 49.746277 23.358807
v 14.383504 47.770691 23.494564
v 8.112919 49.171814 19.832891
v 8.413286 51.309021 19.274738
v 12.475947 50.582703 20.369062
v 11.755402 48.520447 20.814032
v 4.432054 49.549744 20.814032
v 4.307814 51.730652 20.369062
v 8.413286 51.309021 19.274738
v 8.112919 49.171814 19.832891
v 1.699093 49.553406 23.494564
v 1.259592 51.734802 23.358807
v 4.307814 51.730652 20.369062
v 4.432054 49.549744 20.814032
v 0.646330 49.181824 27.156239
v 0.085387 51.320007 27.442873
v 1.259592 51.734802 23.358807
v 0.646330 49.181824 27.156239
v 1.259592 51.734802 23.358807
v 1.699093 49.553406 23.494564
v 1.555852 48.534119 30.817911
v 1.099828 50.597839 31.526937
v 0.085387 51.320007 27.442873
v 1.555852 48.534119 30.817911
v 0.085387 51.320007 27.442873
v 0.646330 49.181824 27.156239
v 4.183953 47.784363 33.498444
v 4.031093 49.761658 34.516682
v 1.099828 50.597839 31.526937
v 1.555852 48.534119 30.817911
v 7.826437 47.133240 34.479588
v 8.093756 49.035339 35.611004
v 4.031093 49.761658 34.516682
v 4.183953 47.784363 33.498444
v 11.507300 46.755310 33.498444
v 12.199226 48.613708 34.516682
v 8.093756 49.035339 35.611004
v 7.826437 47.133240 34.479588
v 14.240262 46.751648 30.817911
v 15.247450 48.609558 31.526937
v 12.199226 48.613708 34.516682
v 11.507300 46.755310 33.498444
v 15.293026 47.123230 27.156239
v 16.421654 49.024109 27.442873
v 15.247450 48.609558 31.526937
v 14.240262 46.751648 30.817911
v 12.962804 46.106384 23.920359
v 14.383504 47.770691 23.494564
v 15.293026 47.123230 27.156239
v 13.705425 45.577820 26.910103
v 10.816969 46.718689 21.731714
v 11.755402 48.520447 20.814032
v 14.383504 47.770691 23.494564
v 12.962804 46.106384 23.920359
v 7.842893 47.250427 20.930614
v 8.112919 49.171814 19.832891
v 11.755402 48.520447 20.814032
v 10.816969 46.718689 21.731714
v 4.837480 47.559021 21.731714
v 4.432054 49.549744 20.814032
v 8.112919 49.171814 19.832891
v 7.842893 47.250427 20.930614
v 2.606026 47.561951 23.920359
v 1.699093 49.553406 23.494564
v 4.432054 49.549744 20.814032
v 4.837480 47.559021 21.731714
v 1.746449 47.258484 26.910103
v 0.646330 49.181824 27.156239
v 1.699093 49.553406 23.494564
v 1.746449 47.258484 26.910103
v 1.699093 49.553406 23.494564
v 2.606026 47.561951 23.920359
v 2.489070 46.729919 29.899845
v 1.555852 48.534119 30.817911
v 0.646330 49.181824 27.156239
v 2.489070 46.729919 29.899845
v 0.646330 49.181824 27.156239
v 1.746449 47.258484 26.910103
v 4.634906 46.117615 32.088490
v 4.183953 47.784363 33.498444
v 1.555852 48.534119 30.817911
v 4.634906 46.117615 32.088490
v 1.555852 48.534119 30.817911
v 2.489070 46.729919 29.899845
v 7.608981 45.586121 32.889587
v 7.826437 47.133240 34.479588
v 4.183953 47.784363 33.498444
v 7.608981 45.586121 32.889587
v 4.183953 47.784363 33.498444
v 4.634906 46.117615 32.088490
v 10.614395 45.277283 32.088490
v 11.507300 46.755310 33.498444
v 7.826437 47.133240 34.479588
v 7.608981 45.586121 32.889587
v 12.845848 45.274353 29.899845
v 14.240262 46.751648 30.817911
v 11.507300 46.755310 33.498444
v 12.845848 45.274353 29.899845
v 11.507300 46.755310 33.498444
v 10.614395 45.277283 32.088490
v 13.705425 45.577820 26.910103
v 15.293026 47.123230 27.156239
v 14.240262 46.751648 30.817911
v 12.845848 45.274353 29.899845
v 11.241931 44.867126 24.607166
v 12.962804 46.106384 23.920359
v 13.705425 45.577820 26.910103
v 11.241931 44.867126 24.607166
v 13.705425 45.577820 26.910103
v 11.767045 44.493103 26.721235
v 9.724596 45.299988 23.059563
v 10.816969 46.718689 21.731714
v 12.962804 46.106384 23.920359
v 11.241931 44.867126 24.607166
v 7.621608 45.675964 22.493097
v 7.842893 47.250427 20.930614
v 10.816969 46.718689 21.731714
v 9.724596 45.299988 23.059563
v 5.496460 45.894226 23.059563
v 4.837480 47.559021 21.731714
v 7.842893 47.250427 20.930614
v 5.496460 45.894226 23.059563
v 7.842893 47.250427 20.930614
v 7.621608 45.675964 22.493097
v 3.918584 45.896179 24.607166
v 2.606026 47.561951 23.920359
v 4.837480 47.559021 21.731714
v 5.496460 45.894226 23.059563
v 3.310771 45.681580 26.721235
v 1.746449 47.258484 26.910103
v 2.606026 47.561951 23.920359
v 3.918584 45.896179 24.607166
v 3.835884 45.307800 28.835302
v 2.489070 46.729919 29.899845
v 1.746449 47.258484 26.910103
v 3.310771 45.681580 26.721235
v 5.353219 44.874939 30.382908
v 4.634906 46.117615 32.088490
v 2.489070 46.729919 29.899845
v 5.353219 44.874939 30.382908
v 2.489070 46.729919 29.899845
v 3.835884 45.307800 28.835302
v 7.456208 44.498962 30.949371
v 7.608981 45.586121 32.889587
v 4.634906 46.117615 32.088490
v 7.456208 44.498962 30.949371
v 4.634906 46.117615 32.088490
v 5.353219 44.874939 30.382908
v 9.581355 44.280701 30.382908
v 10.614395 45.277283 32.088490
v 7.608981 45.586121 32.889587
v 9.581355 44.280701 30.382908
v 7.608981 45.586121 32.889587
v 7.456208 44.498962 30.949371
v 11.159231 44.278503 28.835302
v 12.845848 45.274353 29.899845
v 10.614395 45.277283 32.088490
v 11.159231 44.278503 28.835302
v 10.614395 45.277283 32.088490
v 9.581355 44.280701 30.382908
v 11.767045 44.493103 26.721235
v 13.705425 45.577820 26.910103
v 12.845848 45.274353 29.899845
v 11.159231 44.278503 28.835302
v 9.338162 44.136658 25.508184
v 11.241931 44.867126 24.607166
v 11.767045 44.493103 26.721235
v 9.338162 44.136658 25.508184
v 11.767045 44.493103 26.721235
v 9.609981 43.943298 26.602509
v 8.552732 44.360779 24.707087
v 9.724596 45.299988 23.059563
v 11.241931 44.867126 24.607166
v 8.552732 44.360779 24.707087
v 11.241931 44.867126 24.607166
v 9.338162 44.136658 25.508184
v 7.464145 44.555359 24.413862
v 7.621608 45.675964 22.493097
v 9.724596 45.299988 23.059563
v 7.464145 44.555359 24.413862
v 9.724596 45.299988 23.059563
v 8.552732 44.360779 24.707087
v 6.364087 44.668396 24.707087
v 5.496460 45.894226 23.059563
v 7.621608 45.675964 22.493097
v 6.364087 44.668396 24.707087
v 7.621608 45.675964 22.493097
v 7.464145 44.555359 24.413862
v 5.547319 44.669617 25.508184
v 3.918584 45.896179 24.607166
v 5.496460 45.894226 23.059563
v 5.547319 44.669617 25.508184
v 5.496460 45.894226 23.059563
v 6.364087 44.668396 24.707087
v 5.232691 44.558533 26.602509
v 3.310771 45.681580 26.721235
v 3.918584 45.896179 24.607166
v 5.547319 44.669617 25.508184
v 5.504509 44.364929 27.696831
v 3.835884 45.307800 28.835302
v 3.310771 45.681580 26.721235
v 5.504509 44.364929 27.696831
v 3.310771 45.681580 26.721235
v 5.232691 44.558533 26.602509
v 6.289940 44.140808 28.497929
v 5.353219 44.874939 30.382908
v 3.835884 45.307800 28.835302
v 6.289940 44.140808 28.497929
v 3.835884 45.307800 28.835302
v 5.504509 44.364929 27.696831
v 7.378527 43.946228 28.791151
v 7.456208 44.498962 30.949371
v 5.353219 44.874939 30.382908
v 7.378527 43.946228 28.791151
v 5.353219 44.874939 30.382908
v 6.289940 44.140808 28.497929
v 8.478584 43.833191 28.497929
v 9.581355 44.280701 30.382908
v 7.456208 44.498962 30.949371
v 8.478584 43.833191 28.497929
v 7.456208 44.498962 30.949371
v 7.378527 43.946228 28.791151
v 9.295354 43.832214 27.696831
v 11.159231 44.278503 28.835302
v 9.581355 44.280701 30.382908
v 9.295354 43.832214 27.696831
v 9.581355 44.280701 30.382908
v 8.478584 43.833191 28.497929
v 9.609981 43.943298 26.602509
v 11.767045 44.493103 26.721235
v 11.159231 44.278503 28.835302
v 9.295354 43.832214 27.696831
v 9.338162 44.136658 25.508184
v 9.609981 43.943298 26.602509
v 7.381235 43.965515 26.562014
v 8.552732 44.360779 24.707087
v 9.338162 44.136658 25.508184
v 7.381235 43.965515 26.562014
v 7.464145 44.555359 24.413862
v 8.552732 44.360779 24.707087
v 7.381235 43.965515 26.562014
v 6.364087 44.668396 24.707087
v 7.464145 44.555359 24.413862
v 7.381235 43.965515 26.562014
v 5.547319 44.669617 25.508184
v 6.364087 44.668396 24.707087
v 7.381235 43.965515 26.562014
v 5.232691 44.558533 26.602509
v 5.547319 44.669617 25.508184
v 7.381235 43.965515 26.562014
v 5.504509 44.364929 27.696831
v 5.232691 44.558533 26.602509
v 7.381235 43.965515 26.562014
v 6.289940 44.140808 28.497929
v 5.504509 44.364929 27.696831
v 7.381235 43.965515 26.562014
v 7.378527 43.946228 28.791151
v 6.289940 44.140808 28.497929
v 7.381235 43.965515 26.562014
v 8.478584 43.833191 28.497929
v 7.378527 43.946228 28.791151
v 7.381235 43.965515 26.562014
v 9.295354 43.832214 27.696831
v 8.478584 43.833191 28.497929
v 7.381235 43.965515 26.562014
v 9.609981 43.943298 26.602509
v 9.295354 43.832214 27.696831
v 7.381235 43.965515 26.562014
v -23.721521 30.116638 96.678574
v -21.101196 29.965759 102.138741
v -19.961449 29.523376 108.072342
v -20.379944 28.819519 114.075005
v -23.721521 30.116638 96.678574
v -19.961449 29.523376 108.072342
v -20.379944 28.819519 114.075005
v -22.328161 27.902527 119.737656
v -25.673351 26.834656 124.674408
v -25.673351 26.834656 124.674408
v -30.187521 25.688416 128.548813
v -35.563053 24.542419 131.096848
v -30.187521 25.688416 128.548813
v -41.433605 23.474548 132.144882
v -47.399109 22.557312 131.621460
v -53.053036 21.853699 129.562256
v -58.010063 21.411316 126.107643
v -61.932396 21.260437 121.493004
v -64.552719 21.411316 116.032845
v -65.692467 21.853699 110.099236
v -65.273972 22.557312 104.096581
v -63.325752 23.474548 98.433922
v -59.980568 24.542419 93.497169
v -55.466396 25.688416 89.622772
v -50.090870 26.834656 87.074722
v -23.721521 30.116638 96.678574
v -55.466396 25.688416 89.622772
v -50.090870 26.834656 87.074722
v -44.220314 27.902527 86.026703
v -38.254803 28.819519 86.550133
v -23.721521 30.116638 96.678574
v -38.254803 28.819519 86.550133
v -32.600887 29.523376 88.609306
v -32.600887 29.523376 88.609306
v -27.643848 29.965759 92.063934
v -23.721521 30.116638 96.678574
v -27.643848 29.965759 92.063934
v -32.032787 56.888367 94.914154
v -28.110464 57.039246 99.528793
v -27.643848 29.965759 92.063934
v -32.600887 29.523376 88.609306
v -36.989830 56.445984 91.459526
v -32.032787 56.888367 94.914154
v -32.600887 29.523376 88.609306
v -38.254803 28.819519 86.550133
v -42.643749 55.742126 89.400345
v -36.989830 56.445984 91.459526
v -38.254803 28.819519 86.550133
v -44.220314 27.902527 86.026703
v -48.609257 54.825134 88.876915
v -42.643749 55.742126 89.400345
v -44.220314 27.902527 86.026703
v -50.090870 26.834656 87.074722
v -54.479813 53.757019 89.924934
v -48.609257 54.825134 88.876915
v -50.090870 26.834656 87.074722
v -55.466396 25.688416 89.622772
v -59.855335 52.611023 92.472977
v -54.479813 53.757019 89.924934
v -55.466396 25.688416 89.622772
v -59.980568 24.542419 93.497169
v -64.369507 51.465027 96.347382
v -59.855335 52.611023 92.472977
v -59.980568 24.542419 93.497169
v -63.325752 23.474548 98.433922
v -67.714699 50.396912 101.284134
v -64.369507 51.465027 96.347382
v -63.325752 23.474548 98.433922
v -65.273972 22.557312 104.096581
v -69.662910 49.479919 106.946793
v -67.714699 50.396912 101.284134
v -65.273972 22.557312 104.096581
v -65.692467 21.853699 110.099236
v -70.081413 48.776306 112.949455
v -69.662910 49.479919 106.946793
v -65.692467 21.853699 110.099236
v -64.552719 21.411316 116.032845
v -68.941666 48.333923 118.883057
v -70.081413 48.776306 112.949455
v -64.552719 21.411316 116.032845
v -61.932396 21.260437 121.493004
v -66.321342 48.183044 124.343224
v -68.941666 48.333923 118.883057
v -61.932396 21.260437 121.493004
v -58.010063 21.411316 126.107643
v -62.399006 48.333923 128.957855
v -66.321342 48.183044 124.343224
v -58.010063 21.411316 126.107643
v -53.053036 21.853699 129.562256
v -57.441978 48.776306 132.412476
v -62.399006 48.333923 128.957855
v -53.053036 21.853699 129.562256
v -47.399109 22.557312 131.621460
v -51.788052 49.479919 134.471664
v -57.441978 48.776306 132.412476
v -47.399109 22.557312 131.621460
v -41.433605 23.474548 132.144882
v -45.822544 50.396912 134.995087
v -51.788052 49.479919 134.471664
v -41.433605 23.474548 132.144882
v -35.563053 24.542419 131.096848
v -39.951992 51.465027 133.947067
v -45.822544 50.396912 134.995087
v -35.563053 24.542419 131.096848
v -30.187521 25.688416 128.548813
v -34.576466 52.611023 131.399033
v -39.951992 51.465027 133.947067
v -30.187521 25.688416 128.548813
v -25.673351 26.834656 124.674408
v -30.062294 53.757019 127.524612
v -34.576466 52.611023 131.399033
v -25.673351 26.834656 124.674408
v -22.328161 27.902527 119.737656
v -26.717104 54.825134 122.587875
v -30.062294 53.757019 127.524612
v -22.328161 27.902527 119.737656
v -20.379944 28.819519 114.075005
v -24.768885 55.742126 116.925217
v -26.717104 54.825134 122.587875
v -20.379944 28.819519 114.075005
v -19.961449 29.523376 108.072342
v -24.350389 56.445984 110.922546
v -24.768885 55.742126 116.925217
v -19.961449 29.523376 108.072342
v -21.101196 29.965759 102.138741
v -25.490137 56.888367 104.988953
v -24.350389 56.445984 110.922546
v -21.101196 29.965759 102.138741
v -23.721521 30.116638 96.678574
v -28.110464 57.039246 99.528793
v -25.490137 56.888367 104.988953
v -28.110464 57.039246 99.528793
v -32.032787 56.888367 94.914154
v -36.989830 56.445984 91.459526
v -42.643749 55.742126 89.400345
v -28.110464 57.039246 99.528793
v -36.989830 56.445984 91.459526
v -42.643749 55.742126 89.400345
v -48.609257 54.825134 88.876915
v -54.479813 53.757019 89.924934
v -28.110464 57.039246 99.528793
v -48.609257 54.825134 88.876915
v -54.479813 53.757019 89.924934
v -59.855335 52.611023 92.472977
v -64.369507 51.465027 96.347382
v -67.714699 50.396912 101.284134
v -69.662910 49.479919 106.946793
v -70.081413 48.776306 112.949455
v -68.941666 48.333923 118.883057
v -66.321342 48.183044 124.343224
v -62.399006 48.333923 128.957855
v -57.441978 48.776306 132.412476
v -51.788052 49.479919 134.471664
v -45.822544 50.396912 134.995087
v -39.951992 51.465027 133.947067
v -34.576466 52.611023 131.399033
v -30.062294 53.757019 127.524612
v -28.110464 57.039246 99.528793
v -30.062294 53.757019 127.524612
v -26.717104 54.825134 122.587875
v -24.768885 55.742126 116.925217
v -26.717104 54.825134 122.587875
v -24.768885 55.742126 116.925217
v -24.350389 56.445984 110.922546
v -24.350389 56.445984 110.922546
v -25.490137 56.888367 104.988953
v 150.041504 -138.994080 -0.000000
v 139.065979 -98.518372 -0.000000
v 138.768219 -98.518372 -9.095350
v 149.720245 -138.994080 -9.813182
v 149.720245 -138.994080 -9.813182
v 138.768219 -98.518372 -9.095350
v 137.876251 -98.518372 -18.151752
v 148.757858 -138.994080 -19.584343
v 148.757858 -138.994080 -19.584343
v 137.876251 -98.518372 -18.151752
v 136.393860 -98.518372 -27.130428
v 147.158478 -138.994080 -29.271645
v 147.158478 -138.994080 -29.271645
v 136.393860 -98.518372 -27.130428
v 134.327423 -98.518372 -35.992924
v 144.928940 -138.994080 -38.833603
v 144.928940 -138.994080 -38.833603
v 134.327423 -98.518372 -35.992924
v 131.685760 -98.518372 -44.701298
v 142.078796 -138.994080 -48.229259
v 142.078796 -138.994080 -48.229259
v 131.685760 -98.518372 -44.701298
v 128.480225 -98.518372 -53.218246
v 138.620270 -138.994080 -57.418400
v 138.620270 -138.994080 -57.418400
v 128.480225 -98.518372 -53.218246
v 124.724495 -98.518372 -61.507317
v 134.568146 -138.994080 -66.361656
v 134.568146 -138.994080 -66.361656
v 124.724495 -98.518372 -61.507317
v 120.434677 -98.518372 -69.532990
v 129.939743 -138.994080 -75.020752
v 129.939743 -138.994080 -75.020752
v 120.434677 -98.518372 -69.532990
v 115.629135 -98.518372 -77.260918
v 124.754951 -138.994080 -83.358589
v 124.754951 -138.994080 -83.358589
v 115.629135 -98.518372 -77.260918
v 110.328453 -98.518372 -84.657997
v 119.035919 -138.994080 -91.339470
v 119.035919 -138.994080 -91.339470
v 110.328453 -98.518372 -84.657997
v 104.555351 -98.518372 -91.692574
v 112.807175 -138.994080 -98.929230
v 112.807175 -138.994080 -98.929230
v 104.555351 -98.518372 -91.692574
v 98.334503 -98.518372 -98.334503
v 106.095360 -138.994080 -106.095360
v 106.095360 -138.994080 -106.095360
v 98.334503 -98.518372 -98.334503
v 91.692574 -98.518372 -104.555351
v 98.929230 -138.994080 -112.807175
v 98.929230 -138.994080 -112.807175
v 91.692574 -98.518372 -104.555351
v 84.657997 -98.518372 -110.328453
v 91.339470 -138.994080 -119.035919
v 91.339470 -138.994080 -119.035919
v 84.657997 -98.518372 -110.328453
v 77.260918 -98.518372 -115.629135
v 83.358589 -138.994080 -124.754951
v 83.358589 -138.994080 -124.754951
v 77.260918 -98.518372 -115.629135
v 69.532990 -98.518372 -120.434677
v 75.020752 -138.994080 -129.939743
v 75.020752 -138.994080 -129.939743
v 69.532990 -98.518372 -120.434677
v 61.507317 -98.518372 -124.724495
v 66.361656 -138.994080 -134.568146
v 66.361656 -138.994080 -134.568146
v 61.507317 -98.518372 -124.724495
v 53.218246 -98.518372 -128.480225
v 57.418400 -138.994080 -138.620270
v 57.418400 -138.994080 -138.620270
v 53.218246 -98.518372 -128.480225
v 44.701298 -98.518372 -131.685760
v 48.229259 -138.994080 -142.078796
v 48.229259 -138.994080 -142.078796
v 44.701298 -98.518372 -131.685760
v 35.992924 -98.518372 -134.327423
v 38.833603 -138.994080 -144.928940
v 38.833603 -138.994080 -144.928940
v 35.992924 -98.518372 -134.327423
v 27.130428 -98.518372 -136.393860
v 29.271645 -138.994080 -147.158478
v 29.271645 -138.994080 -147.158478
v 27.130428 -98.518372 -136.393860
v 18.151752 -98.518372 -137.876251
v 19.584343 -138.994080 -148.757858
v 19.584343 -138.994080 -148.757858
v 18.151752 -98.518372 -137.876251
v 9.095350 -98.518372 -138.768219
v 9.813182 -138.994080 -149.720245
v 9.813182 -138.994080 -149.720245
v 9.095350 -98.518372 -138.768219
v 0.000000 -98.518372 -139.065979
v 0.000000 -138.994080 -150.041504
v 0.000000 -138.994080 -150.041504
v 0.000000 -98.518372 -139.065979
v -9.095350 -98.518372 -138.768219
v -9.813182 -138.994080 -149.720245
v -9.813182 -138.994080 -149.720245
v -9.095350 -98.518372 -138.768219
v -18.151752 -98.518372 -137.876251
v -19.584343 -138.994080 -148.757858
v -19.584343 -138.994080 -148.757858
v -18.151752 -98.518372 -137.876251
v -27.130428 -98.518372 -136.393860
v -29.271645 -138.994080 -147.158478
v -29.271645 -138.994080 -147.158478
v -27.130428 -98.518372 -136.393860
v -35.992924 -98.518372 -134.327423
v -38.833603 -138.994080 -144.928940
v -38.833603 -138.994080 -144.928940
v -35.992924 -98.518372 -134.327423
v -44.701298 -98.518372 -131.685760
v -48.229259 -138.994080 -142.078796
v -48.229259 -138.994080 -142.078796
v -44.701298 -98.518372 -131.685760
v -53.218246 -98.518372 -128.480225
v -57.418400 -138.994080 -138.620270
v -57.418400 -138.994080 -138.620270
v -53.218246 -98.518372 -128.480225
v -61.507317 -98.518372 -124.724495
v -66.361656 -138.994080 -134.568146
v -66.361656 -138.994080 -134.568146
v -61.507317 -98.518372 -124.724495
v -69.532990 -98.518372 -120.434677
v -75.020752 -138.994080 -129.939743
v -75.020752 -138.994080 -129.939743
v -69.532990 -98.518372 -120.434677
v -77.260918 -98.518372 -115.629135
v -83.358589 -138.994080 -124.754951
v -83.358589 -138.994080 -124.754951
v -77.260918 -98.518372 -115.629135
v -84.657997 -98.518372 -110.328453
v -91.339470 -138.994080 -119.035919
v -91.339470 -138.994080 -119.035919
v -84.657997 -98.518372 -110.328453
v -91.692574 -98.518372 -104.555351
v -98.929230 -138.994080 -112.807175
v -98.929230 -138.994080 -112.807175
v -91.692574 -98.518372 -104.555351
v -98.334503 -98.518372 -98.334503
v -106.095360 -138.994080 -106.095360
v -106.095360 -138.994080 -106.095360
v -98.334503 -98.518372 -98.334503
v -104.555351 -98.518372 -91.692574
v -112.807175 -138.994080 -98.929230
v -112.807175 -138.994080 -98.929230
v -104.555351 -98.518372 -91.692574
v -110.328453 -98.518372 -84.657997
v -119.035919 -138.994080 -91.339470
v -119.035919 -138.994080 -91.339470
v -110.328453 -98.518372 -84.657997
v -115.629135 -98.518372 -77.260918
v -124.754951 -138.994080 -83.358589
v -124.754951 -138.994080 -83.358589
v -115.629135 -98.518372 -77.260918
v -120.434677 -98.518372 -69.532990
v -129.939743 -138.994080 -75.020752
v -129.939743 -138.994080 -75.020752
v -120.434677 -98.518372 -69.532990
v -124.724495 -98.518372 -61.507317
v -134.568146 -138.994080 -66.361656
v -134.568146 -138.994080 -66.361656
v -124.724495 -98.518372 -61.507317
v -128.480225 -98.518372 -53.218246
v -138.620270 -138.994080 -57.418400
v -138.620270 -138.994080 -57.418400
v -128.480225 -98.518372 -53.218246
v -131.685760 -98.518372 -44.701298
v -142.078796 -138.994080 -48.229259
v -142.078796 -138.994080 -48.229259
v -131.685760 -98.518372 -44.701298
v -134.327423 -98.518372 -35.992924
v -144.928940 -138.994080 -38.833603
v -144.928940 -138.994080 -38.833603
v -134.327423 -98.518372 -35.992924
v -136.393860 -98.518372 -27.130428
v -147.158478 -138.994080 -29.271645
v -147.158478 -138.994080 -29.271645
v -136.393860 -98.518372 -27.130428
v -137.876251 -98.518372 -18.151752
v -148.757858 -138.994080 -19.584343
v -148.757858 -138.994080 -19.584343
v -137.876251 -98.518372 -18.151752
v -138.768219 -98.518372 -9.095350
v -149.720245 -138.994080 -9.813182
v -149.720245 -138.994080 -9.813182
v -138.768219 -98.518372 -9.095350
v -139.065979 -98.518372 -0.000000
v -150.041504 -138.994080 -0.000000
v -150.041504 -138.994080 -0.000000
v -139.065979 -98.518372 -0.000000
v -138.768219 -98.518372 9.095350
v -149.720245 -138.994080 9.813182
v -149.720245 -138.994080 9.813182
v -138.768219 -98.518372 9.095350
v -137.876251 -98.518372 18.151752
v -148.757858 -138.994080 19.584343
v -148.757858 -138.994080 19.584343
v -137.876251 -98.518372 18.151752
v -136.393860 -98.518372 27.130428
v -147.158478 -138.994080 29.271645
v -147.158478 -138.994080 29.271645
v -136.393860 -98.518372 27.130428
v -134.327423 -98.518372 35.992924
v -144.928940 -138.994080 38.833603
v -144.928940 -138.994080 38.833603
v -134.327423 -98.518372 35.992924
v -131.685760 -98.518372 44.701298
v -142.078796 -138.994080 48.229259
v -142.078796 -138.994080 48.229259
v -131.685760 -98.518372 44.701298
v -128.480225 -98.518372 53.218246
v -138.620270 -138.994080 57.418400
v -138.620270 -138.994080 57.418400
v -128.480225 -98.518372 53.218246
v -124.724495 -98.518372 61.507317
v -134.568146 -138.994080 66.361656
v -134.568146 -138.994080 66.361656
v -124.724495 -98.518372 61.507317
v -120.434677 -98.518372 69.532990
v -129.939743 -138.994080 75.020752
v -129.939743 -138.994080 75.020752
v -120.434677 -98.518372 69.532990
v -115.629135 -98.518372 77.260918
v -124.754951 -138.994080 83.358589
v -124.754951 -138.994080 83.358589
v -115.629135 -98.518372 77.260918
v -110.328453 -98.518372 84.657997
v -119.035919 -138.994080 91.339470
v -119.035919 -138.994080 91.339470
v -110.328453 -98.518372 84.657997
v -104.555351 -98.518372 91.692574
v -112.807175 -138.994080 98.929230
v -112.807175 -138.994080 98.929230
v -104.555351 -98.518372 91.692574
v -98.334503 -98.518372 98.334503
v -106.095360 -138.994080 106.095360
v -106.095360 -138.994080 106.095360
v -98.334503 -98.518372 98.334503
v -91.692574 -98.518372 104.555351
v -98.929230 -138.994080 112.807175
v -98.929230 -138.994080 112.807175
v -91.692574 -98.518372 104.555351
v -84.657997 -98.518372 110.328453
v -91.339470 -138.994080 119.035919
v -91.339470 -138.994080 119.035919
v -84.657997 -98.518372 110.328453
v -77.260918 -98.518372 115.629135
v -83.358589 -138.994080 124.754951
v -83.358589 -138.994080 124.754951
v -77.260918 -98.518372 115.629135
v -69.532990 -98.518372 120.434677
v -75.020752 -138.994080 129.939743
v -75.020752 -138.994080 129.939743
v -69.532990 -98.518372 120.434677
v -61.507317 -98.518372 124.724495
v -66.361656 -138.994080 134.568146
v -66.361656 -138.994080 134.568146
v -61.507317 -98.518372 124.724495
v -53.218246 -98.518372 128.480225
v -57.418400 -138.994080 138.620270
v -57.418400 -138.994080 138.620270
v -53.218246 -98.518372 128.480225
v -44.701298 -98.518372 131.685760
v -48.229259 -138.994080 142.078796
v -48.229259 -138.994080 142.078796
v -44.701298 -98.518372 131.685760
v -35.992924 -98.518372 134.327423
v -38.833603 -138.994080 144.928940
v -38.833603 -138.994080 144.928940
v -35.992924 -98.518372 134.327423
v -27.130428 -98.518372 136.393860
v -29.271645 -138.994080 147.158478
v -29.271645 -138.994080 147.158478
v -27.130428 -98.518372 136.393860
v -18.151752 -98.518372 137.876251
v -19.584343 -138.994080 148.757858
v -19.584343 -138.994080 148.757858
v -18.151752 -98.518372 137.876251
v -9.095350 -98.518372 138.768219
v -9.813182 -138.994080 149.720245
v -9.813182 -138.994080 149.720245
v -9.095350 -98.518372 138.768219
v 0.000000 -98.518372 139.065979
v 0.000000 -138.994080 150.041504
v 0.000000 -138.994080 150.041504
v 0.000000 -98.518372 139.065979
v 9.095350 -98.518372 138.768219
v 9.813182 -138.994080 149.720245
v 9.813182 -138.994080 149.720245
v 9.095350 -98.518372 138.768219
v 18.151752 -98.518372 137.876251
v 19.584343 -138.994080 148.757858
v 19.584343 -138.994080 148.757858
v 18.151752 -98.518372 137.876251
v 27.130428 -98.518372 136.393860
v 29.271645 -138.994080 147.158478
v 29.271645 -138.994080 147.158478
v 27.130428 -98.518372 136.393860
v 35.992924 -98.518372 134.327423
v 38.833603 -138.994080 144.928940
v 38.833603 -138.994080 144.928940
v 35.992924 -98.518372 134.327423
v 44.701298 -98.518372 131.685760
v 48.229259 -138.994080 142.078796
v 48.229259 -138.994080 142.078796
v 44.701298 -98.518372 131.685760
v 53.218246 -98.518372 128.480225
v 57.418400 -138.994080 138.620270
v 57.418400 -138.994080 138.620270
v 53.218246 -98.518372 128.480225
v 61.507317 -98.518372 124.724495
v 66.361656 -138.994080 134.568146
v 66.361656 -138.994080 134.568146
v 61.507317 -98.518372 124.724495
v 69.532990 -98.518372 120.434677
v 75.020752 -138.994080 129.939743
v 75.020752 -138.994080 129.939743
v 69.532990 -98.518372 120.434677
v 77.260918 -98.518372 115.629135
v 83.358589 -138.994080 124.754951
v 83.358589 -138.994080 124.754951
v 77.260918 -98.518372 115.629135
v 84.657997 -98.518372 110.328453
v 91.339470 -138.994080 119.035919
v 91.339470 -138.994080 119.035919
v 84.657997 -98.518372 110.328453
v 91.692574 -98.518372 104.555351
v 98.929230 -138.994080 112.807175
v 98.929230 -138.994080 112.807175
v 91.692574 -98.518372 104.555351
v 98.334503 -98.518372 98.334503
v 106.095360 -138.994080 106.095360
v 106.095360 -138.994080 106.095360
v 98.334503 -98.518372 98.334503
v 104.555351 -98.518372 91.692574
v 112.807175 -138.994080 98.929230
v 112.807175 -138.994080 98.929230
v 104.555351 -98.518372 91.692574
v 110.328453 -98.518372 84.657997
v 119.035919 -138.994080 91.339470
v 119.035919 -138.994080 91.339470
v 110.328453 -98.518372 84.657997
v 115.629135 -98.518372 77.260918
v 124.754951 -138.994080 83.358589
v 124.754951 -138.994080 83.358589
v 115.629135 -98.518372 77.260918
v 120.434677 -98.518372 69.532990
v 129.939743 -138.994080 75.020752
v 129.939743 -138.994080 75.020752
v 120.434677 -98.518372 69.532990
v 124.724495 -98.518372 61.507317
v 134.568146 -138.994080 66.361656
v 134.568146 -138.994080 66.361656
v 124.724495 -98.518372 61.507317
v 128.480225 -98.518372 53.218246
v 138.620270 -138.994080 57.418400
v 138.620270 -138.994080 57.418400
v 128.480225 -98.518372 53.218246
v 131.685760 -98.518372 44.701298
v 142.078796 -138.994080 48.229259
v 142.078796 -138.994080 48.229259
v 131.685760 -98.518372 44.701298
v 134.327423 -98.518372 35.992924
v 144.928940 -138.994080 38.833603
v 144.928940 -138.994080 38.833603
v 134.327423 -98.518372 35.992924
v 136.393860 -98.518372 27.130428
v 147.158478 -138.994080 29.271645
v 147.158478 -138.994080 29.271645
v 136.393860 -98.518372 27.130428
v 137.876251 -98.518372 18.151752
v 148.757858 -138.994080 19.584343
v 148.757858 -138.994080 19.584343
v 137.876251 -98.518372 18.151752
v 138.768219 -98.518372 9.095350
v 149.720245 -138.994080 9.813182
v 149.720245 -138.994080 9.813182
v 138.768219 -98.518372 9.095350
v 139.065979 -98.518372 -0.000000
v 150.041504 -138.994080 -0.000000
v 34.084801 -93.547668 -0.000000
v 33.793198 -93.547668 -4.448959
v 32.923389 -93.547668 -8.821795
v 31.490248 -93.547668 -13.043688
v 29.518301 -93.547668 -17.042400
v 27.041288 -93.547668 -20.749512
v 24.101591 -93.547668 -24.101591
v 20.749512 -93.547668 -27.041288
v 17.042400 -93.547668 -29.518301
v 13.043688 -93.547668 -31.490248
v 8.821795 -93.547668 -32.923389
v 4.448959 -93.547668 -33.793198
v 0.000000 -93.547668 -34.084801
v -4.448959 -93.547668 -33.793198
v -8.821795 -93.547668 -32.923389
v -13.043688 -93.547668 -31.490248
v -17.042400 -93.547668 -29.518301
v -20.749512 -93.547668 -27.041288
v -24.101591 -93.547668 -24.101591
v -27.041288 -93.547668 -20.749512
v -29.518301 -93.547668 -17.042400
v -31.490248 -93.547668 -13.043688
v -32.923389 -93.547668 -8.821795
v -33.793198 -93.547668 -4.448959
v -34.084801 -93.547668 -0.000000
v -33.793198 -93.547668 4.448959
v -32.923389 -93.547668 8.821795
v -31.490248 -93.547668 13.043688
v -29.518301 -93.547668 17.042400
v -27.041288 -93.547668 20.749512
v -24.101591 -93.547668 24.101591
v -20.749512 -93.547668 27.041288
v -17.042400 -93.547668 29.518301
v -13.043688 -93.547668 31.490248
v -8.821795 -93.547668 32.923389
v -4.448959 -93.547668 33.793198
v 0.000000 -93.547668 34.084801
v 4.448959 -93.547668 33.793198
v 8.821795 -93.547668 32.923389
v 13.043688 -93.547668 31.490248
v 17.042400 -93.547668 29.518301
v 20.749512 -93.547668 27.041288
v 24.101591 -93.547668 24.101591
v 27.041288 -93.547668 20.749512
v 29.518301 -93.547668 17.042400
v 31.490248 -93.547668 13.043688
v 32.923389 -93.547668 8.821795
v 33.793198 -93.547668 4.448959
v 32.719959 -133.313293 -25.106909
v 35.717148 -133.313293 -20.621304
v 38.103199 -133.313293 -15.782863
v 39.837299 -133.313293 -10.674372
v 40.889771 -133.313293 -5.383240
v 41.242607 -133.313293 -0.000000
v 40.889771 -133.313293 5.383240
v 39.837299 -133.313293 10.674372
v 38.103199 -133.313293 15.782863
v 35.717148 -133.313293 20.621304
v 32.719959 -133.313293 25.106909
v 29.162926 -133.313293 29.162926
v 25.106909 -133.313293 32.719959
v 20.621304 -133.313293 35.717148
v 15.782863 -133.313293 38.103199
v 10.674372 -133.313293 39.837299
v 5.383240 -133.313293 40.889771
v 0.000000 -133.313293 41.242607
v -5.383240 -133.313293 40.889771
v -10.674372 -133.313293 39.837299
v -15.782863 -133.313293 38.103199
v -20.621304 -133.313293 35.717148
v -25.106909 -133.313293 32.719959
v -29.162926 -133.313293 29.162926
v -32.719959 -133.313293 25.106909
v -35.717148 -133.313293 20.621304
v -38.103199 -133.313293 15.782863
v -39.837299 -133.313293 10.674372
v -40.889771 -133.313293 5.383240
v -41.242607 -133.313293 -0.000000
v -40.889771 -133.313293 -5.383240
v -39.837299 -133.313293 -10.674372
v -38.103199 -133.313293 -15.782863
v -35.717148 -133.313293 -20.621304
v -32.719959 -133.313293 -25.106909
v -29.162926 -133.313293 -29.162926
v -25.106909 -133.313293 -32.719959
v -20.621304 -133.313293 -35.717148
v -15.782863 -133.313293 -38.103199
v -10.674372 -133.313293 -39.837299
v -5.383240 -133.313293 -40.889771
v 0.000000 -133.313293 -41.242607
v 5.383240 -133.313293 -40.889771
v 10.674372 -133.313293 -39.837299
v 15.782863 -133.313293 -38.103199
v 20.621304 -133.313293 -35.717148
v 25.106909 -133.313293 -32.719959
v 29.162926 -133.313293 -29.162926
v 27.914721 -133.313293 -21.419722
v 24.880072 -133.313293 -24.880072
v 21.419722 -133.313293 -27.914721
v 17.592869 -133.313293 -30.471745
v 13.464999 -133.313293 -32.507381
v 30.471745 -133.313293 -17.592869
v 9.106738 -133.313293 -33.986813
v 4.592660 -133.313293 -34.884716
v -0.000000 -133.313293 -35.185738
v -4.592660 -133.313293 -34.884716
v -9.106738 -133.313293 -33.986813
v -13.464999 -133.313293 -32.507381
v -17.592869 -133.313293 -30.471745
v -21.419722 -133.313293 -27.914721
v 32.507381 -133.313293 -13.464999
v -24.880072 -133.313293 -24.880072
v -27.914721 -133.313293 -21.419722
v -30.471745 -133.313293 -17.592869
v -32.507381 -133.313293 -13.464999
v -33.986813 -133.313293 -9.106738
v -34.884716 -133.313293 -4.592660
v -35.185738 -133.313293 0.000000
v -34.884716 -133.313293 4.592660
v 33.986813 -133.313293 -9.106738
v -33.986813 -133.313293 9.106738
v -32.719959 -133.313293 25.106909
v -34.884716 -133.313293 4.592660
v -33.986813 -133.313293 9.106738
v -32.507381 -133.313293 13.464999
v -30.471745 -133.313293 17.592869
v -27.914721 -133.313293 21.419722
v -24.880072 -133.313293 24.880072
v -21.419722 -133.313293 27.914721
v -17.592869 -133.313293 30.471745
v -13.464999 -133.313293 32.507381
v 34.884716 -133.313293 -4.592660
v 33.986813 -133.313293 -9.106738
v 32.719959 -133.313293 -25.106909
v 34.884716 -133.313293 -4.592660
v -9.106738 -133.313293 33.986813
v -4.592660 -133.313293 34.884716
v 0.000000 -133.313293 35.185738
v 4.592660 -133.313293 34.884716
v 9.106738 -133.313293 33.986813
v 13.464999 -133.313293 32.507381
v 17.592869 -133.313293 30.471745
v 21.419722 -133.313293 27.914721
v 35.185738 -133.313293 -0.000000
v 24.880072 -133.313293 24.880072
v 27.914721 -133.313293 21.419722
v 30.471745 -133.313293 17.592869
v 32.507381 -133.313293 13.464999
v 33.986813 -133.313293 9.106738
v 34.884716 -133.313293 4.592660
v 29.653774 -102.580139 -0.000000
v 29.400084 -102.580139 3.870594
v 28.643347 -102.580139 7.674962
v 27.396515 -102.580139 11.348009
v 25.680922 -102.580139 14.826887
v 23.525921 -102.580139 18.052074
v 20.968384 -102.580139 20.968384
v 18.052074 -102.580139 23.525921
v 14.826887 -102.580139 25.680922
v 11.348009 -102.580139 27.396515
v 7.674962 -102.580139 28.643347
v 3.870594 -102.580139 29.400084
v 0.000000 -102.580139 29.653774
v -3.870594 -102.580139 29.400084
v -7.674962 -102.580139 28.643347
v -11.348009 -102.580139 27.396515
v -14.826887 -102.580139 25.680922
v -18.052074 -102.580139 23.525921
v -20.968384 -102.580139 20.968384
v -23.525921 -102.580139 18.052074
v -25.680922 -102.580139 14.826887
v -27.396515 -102.580139 11.348009
v -28.643347 -102.580139 7.674962
v -29.400084 -102.580139 3.870594
v -29.653774 -102.580139 -0.000000
v -29.400084 -102.580139 -3.870594
v -28.643347 -102.580139 -7.674962
v -27.396515 -102.580139 -11.348009
v -25.680922 -102.580139 -14.826887
v -23.525921 -102.580139 -18.052074
v -20.968384 -102.580139 -20.968384
v -18.052074 -102.580139 -23.525921
v -14.826887 -102.580139 -25.680922
v -11.348009 -102.580139 -27.396515
v -7.674962 -102.580139 -28.643347
v -3.870594 -102.580139 -29.400084
v 0.000000 -102.580139 -29.653774
v 3.870594 -102.580139 -29.400084
v 7.674962 -102.580139 -28.643347
v 11.348009 -102.580139 -27.396515
v 14.826887 -102.580139 -25.680922
v 18.052074 -102.580139 -23.525921
v 20.968384 -102.580139 -20.968384
v 23.525921 -102.580139 -18.052074
v 25.680922 -102.580139 -14.826887
v 27.396515 -102.580139 -11.348009
v 28.643347 -102.580139 -7.674962
v 29.400084 -102.580139 -3.870594
v 35.185738 -133.313293 -0.000000
v 29.653774 -102.580139 -0.000000
v 29.400084 -102.580139 -3.870594
v 34.884716 -133.313293 -4.592660
v 34.884716 -133.313293 -4.592660
v 29.400084 -102.580139 -3.870594
v 28.643347 -102.580139 -7.674962
v 33.986813 -133.313293 -9.106738
v 33.986813 -133.313293 -9.106738
v 28.643347 -102.580139 -7.674962
v 27.396515 -102.580139 -11.348009
v 32.507381 -133.313293 -13.464999
v 32.507381 -133.313293 -13.464999
v 27.396515 -102.580139 -11.348009
v 25.680922 -102.580139 -14.826887
v 30.471745 -133.313293 -17.592869
v 30.471745 -133.313293 -17.592869
v 25.680922 -102.580139 -14.826887
v 23.525921 -102.580139 -18.052074
v 27.914721 -133.313293 -21.419722
v 27.914721 -133.313293 -21.419722
v 23.525921 -102.580139 -18.052074
v 20.968384 -102.580139 -20.968384
v 24.880072 -133.313293 -24.880072
v 24.880072 -133.313293 -24.880072
v 20.968384 -102.580139 -20.968384
v 18.052074 -102.580139 -23.525921
v 21.419722 -133.313293 -27.914721
v 21.419722 -133.313293 -27.914721
v 18.052074 -102.580139 -23.525921
v 14.826887 -102.580139 -25.680922
v 17.592869 -133.313293 -30.471745
v 17.592869 -133.313293 -30.471745
v 14.826887 -102.580139 -25.680922
v 11.348009 -102.580139 -27.396515
v 13.464999 -133.313293 -32.507381
v 13.464999 -133.313293 -32.507381
v 11.348009 -102.580139 -27.396515
v 7.674962 -102.580139 -28.643347
v 9.106738 -133.313293 -33.986813
v 9.106738 -133.313293 -33.986813
v 7.674962 -102.580139 -28.643347
v 3.870594 -102.580139 -29.400084
v 4.592660 -133.313293 -34.884716
v 4.592660 -133.313293 -34.884716
v 3.870594 -102.580139 -29.400084
v 0.000000 -102.580139 -29.653774
v 0.000000 -133.313293 -35.185738
v 0.000000 -133.313293 -35.185738
v 0.000000 -102.580139 -29.653774
v -3.870594 -102.580139 -29.400084
v -4.592660 -133.313293 -34.884716
v -4.592660 -133.313293 -34.884716
v -3.870594 -102.580139 -29.400084
v -7.674962 -102.580139 -28.643347
v -9.106738 -133.313293 -33.986813
v -9.106738 -133.313293 -33.986813
v -7.674962 -102.580139 -28.643347
v -11.348009 -102.580139 -27.396515
v -13.464999 -133.313293 -32.507381
v -13.464999 -133.313293 -32.507381
v -11.348009 -102.580139 -27.396515
v -14.826887 -102.580139 -25.680922
v -17.592869 -133.313293 -30.471745
v -17.592869 -133.313293 -30.471745
v -14.826887 -102.580139 -25.680922
v -18.052074 -102.580139 -23.525921
v -21.419722 -133.313293 -27.914721
v -21.419722 -133.313293 -27.914721
v -18.052074 -102.580139 -23.525921
v -20.968384 -102.580139 -20.968384
v -24.880072 -133.313293 -24.880072
v -24.880072 -133.313293 -24.880072
v -20.968384 -102.580139 -20.968384
v -23.525921 -102.580139 -18.052074
v -27.914721 -133.313293 -21.419722
v -27.914721 -133.313293 -21.419722
v -23.525921 -102.580139 -18.052074
v -25.680922 -102.580139 -14.826887
v -30.471745 -133.313293 -17.592869
v -30.471745 -133.313293 -17.592869
v -25.680922 -102.580139 -14.826887
v -27.396515 -102.580139 -11.348009
v -32.507381 -133.313293 -13.464999
v -32.507381 -133.313293 -13.464999
v -27.396515 -102.580139 -11.348009
v -28.643347 -102.580139 -7.674962
v -33.986813 -133.313293 -9.106738
v -33.986813 -133.313293 -9.106738
v -28.643347 -102.580139 -7.674962
v -29.400084 -102.580139 -3.870594
v -34.884716 -133.313293 -4.592660
v -34.884716 -133.313293 -4.592660
v -29.400084 -102.580139 -3.870594
v -29.653774 -102.580139 -0.000000
v -35.185738 -133.313293 -0.000000
v -35.185738 -133.313293 -0.000000
v -29.653774 -102.580139 -0.000000
v -29.400084 -102.580139 3.870594
v -34.884716 -133.313293 4.592660
v -34.884716 -133.313293 4.592660
v -29.400084 -102.580139 3.870594
v -28.643347 -102.580139 7.674962
v -33.986813 -133.313293 9.106738
v -33.986813 -133.313293 9.106738
v -28.643347 -102.580139 7.674962
v -27.396515 -102.580139 11.348009
v -32.507381 -133.313293 13.464999
v -32.507381 -133.313293 13.464999
v -27.396515 -102.580139 11.348009
v -25.680922 -102.580139 14.826887
v -30.471745 -133.313293 17.592869
v -30.471745 -133.313293 17.592869
v -25.680922 -102.580139 14.826887
v -23.525921 -102.580139 18.052074
v -27.914721 -133.313293 21.419722
v -27.914721 -133.313293 21.419722
v -23.525921 -102.580139 18.052074
v -20.968384 -102.580139 20.968384
v -24.880072 -133.313293 24.880072
v -24.880072 -133.313293 24.880072
v -20.968384 -102.580139 20.968384
v -18.052074 -102.580139 23.525921
v -21.419722 -133.313293 27.914721
v -21.419722 -133.313293 27.914721
v -18.052074 -102.580139 23.525921
v -14.826887 -102.580139 25.680922
v -17.592869 -133.313293 30.471745
v -17.592869 -133.313293 30.471745
v -14.826887 -102.580139 25.680922
v -11.348009 -102.580139 27.396515
v -13.464999 -133.313293 32.507381
v -13.464999 -133.313293 32.507381
v -11.348009 -102.580139 27.396515
v -7.674962 -102.580139 28.643347
v -9.106738 -133.313293 33.986813
v -9.106738 -133.313293 33.986813
v -7.674962 -102.580139 28.643347
v -3.870594 -102.580139 29.400084
v -4.592660 -133.313293 34.884716
v -4.592660 -133.313293 34.884716
v -3.870594 -102.580139 29.400084
v 0.000000 -102.580139 29.653774
v 0.000000 -133.313293 35.185738
v 0.000000 -133.313293 35.185738
v 0.000000 -102.580139 29.653774
v 3.870594 -102.580139 29.400084
v 4.592660 -133.313293 34.884716
v 4.592660 -133.313293 34.884716
v 3.870594 -102.580139 29.400084
v 7.674962 -102.580139 28.643347
v 9.106738 -133.313293 33.986813
v 9.106738 -133.313293 33.986813
v 7.674962 -102.580139 28.643347
v 11.348009 -102.580139 27.396515
v 13.464999 -133.313293 32.507381
v 13.464999 -133.313293 32.507381
v 11.348009 -102.580139 27.396515
v 14.826887 -102.580139 25.680922
v 17.592869 -133.313293 30.471745
v 17.592869 -133.313293 30.471745
v 14.826887 -102.580139 25.680922
v 18.052074 -102.580139 23.525921
v 21.419722 -133.313293 27.914721
v 21.419722 -133.313293 27.914721
v 18.052074 -102.580139 23.525921
v 20.968384 -102.580139 20.968384
v 24.880072 -133.313293 24.880072
v 24.880072 -133.313293 24.880072
v 20.968384 -102.580139 20.968384
v 23.525921 -102.580139 18.052074
v 27.914721 -133.313293 21.419722
v 27.914721 -133.313293 21.419722
v 23.525921 -102.580139 18.052074
v 25.680922 -102.580139 14.826887
v 30.471745 -133.313293 17.592869
v 30.471745 -133.313293 17.592869
v 25.680922 -102.580139 14.826887
v 27.396515 -102.580139 11.348009
v 32.507381 -133.313293 13.464999
v 32.507381 -133.313293 13.464999
v 27.396515 -102.580139 11.348009
v 28.643347 -102.580139 7.674962
v 33.986813 -133.313293 9.106738
v 33.986813 -133.313293 9.106738
v 28.643347 -102.580139 7.674962
v 29.400084 -102.580139 3.870594
v 34.884716 -133.313293 4.592660
v 34.884716 -133.313293 4.592660
v 29.400084 -102.580139 3.870594
v 29.653774 -102.580139 -0.000000
v 35.185738 -133.313293 -0.000000
v 88.590271 80.786316 -50.148014
v 89.574699 83.683777 -50.594200
v 124.897026 65.381287 -96.513596
v 123.440079 61.092712 -95.853233
v 89.574699 83.683777 -50.594200
v 91.100060 86.383972 -50.442993
v 127.154572 69.377380 -96.289803
v 124.897026 65.381287 -96.513596
v 91.100060 86.383972 -50.442993
v 93.062393 88.702576 -49.704720
v 130.058823 72.808777 -95.197151
v 91.100060 86.383972 -50.442993
v 130.058823 72.808777 -95.197151
v 127.154572 69.377380 -96.289803
v 93.062393 88.702576 -49.704720
v 95.327972 90.481628 -48.429657
v 133.411865 75.441833 -93.310081
v 130.058823 72.808777 -95.197151
v 95.327972 90.481628 -48.429657
v 97.742386 91.600037 -46.704735
v 136.985214 77.097107 -90.757187
v 133.411865 75.441833 -93.310081
v 97.742386 91.600037 -46.704735
v 100.141113 91.981628 -44.647484
v 140.535324 77.661804 -87.712456
v 136.985214 77.097107 -90.757187
v 100.141113 91.981628 -44.647484
v 102.360672 91.600037 -42.398102
v 143.820282 77.097107 -84.383377
v 100.141113 91.981628 -44.647484
v 143.820282 77.097107 -84.383377
v 140.535324 77.661804 -87.712456
v 102.360672 91.600037 -42.398102
v 104.249817 90.481628 -40.109886
v 146.616211 75.441833 -80.996826
v 102.360672 91.600037 -42.398102
v 146.616211 75.441833 -80.996826
v 143.820282 77.097107 -84.383377
v 104.249817 90.481628 -40.109886
v 105.679810 88.702576 -37.938786
v 148.732605 72.808777 -77.783577
v 146.616211 75.441833 -80.996826
v 105.679810 88.702576 -37.938786
v 106.553177 86.383972 -36.032730
v 150.025177 69.377380 -74.962624
v 148.732605 72.808777 -77.783577
v 106.553177 86.383972 -36.032730
v 106.810417 83.683777 -34.521637
v 150.405884 65.381287 -72.726196
v 106.553177 86.383972 -36.032730
v 150.405884 65.381287 -72.726196
v 150.025177 69.377380 -74.962624
v 106.810417 83.683777 -34.521637
v 106.433990 80.786316 -33.508476
v 149.848785 61.092712 -71.226715
v 150.405884 65.381287 -72.726196
v 106.433990 80.786316 -33.508476
v 105.449554 77.888855 -33.062286
v 148.391815 56.804382 -70.566360
v 149.848785 61.092712 -71.226715
v 105.449554 77.888855 -33.062286
v 103.924194 75.188660 -33.213486
v 146.134293 52.808289 -70.790138
v 148.391815 56.804382 -70.566360
v 103.924194 75.188660 -33.213486
v 101.961868 72.870056 -33.951775
v 143.230026 49.376892 -71.882797
v 146.134293 52.808289 -70.790138
v 101.961868 72.870056 -33.951775
v 99.696289 71.091003 -35.226830
v 139.876984 46.743591 -73.769875
v 101.961868 72.870056 -33.951775
v 139.876984 46.743591 -73.769875
v 143.230026 49.376892 -71.882797
v 99.696289 71.091003 -35.226830
v 97.281876 69.972595 -36.951748
v 136.303650 45.088318 -76.322769
v 139.876984 46.743591 -73.769875
v 97.281876 69.972595 -36.951748
v 94.883148 69.591003 -39.008999
v 132.753525 44.523865 -79.367493
v 97.281876 69.972595 -36.951748
v 132.753525 44.523865 -79.367493
v 136.303650 45.088318 -76.322769
v 94.883148 69.591003 -39.008999
v 92.663574 69.972595 -41.258377
v 129.468567 45.088318 -82.696579
v 132.753525 44.523865 -79.367493
v 92.663574 69.972595 -41.258377
v 90.774429 71.091003 -43.546593
v 126.672630 46.743591 -86.083130
v 92.663574 69.972595 -41.258377
v 126.672630 46.743591 -86.083130
v 129.468567 45.088318 -82.696579
v 90.774429 71.091003 -43.546593
v 89.344444 72.870056 -45.717709
v 124.556259 49.376892 -89.296364
v 126.672630 46.743591 -86.083130
v 89.344444 72.870056 -45.717709
v 88.471077 75.188660 -47.623753
v 123.263664 52.808289 -92.117325
v 89.344444 72.870056 -45.717709
v 123.263664 52.808289 -92.117325
v 124.556259 49.376892 -89.296364
v 88.471077 75.188660 -47.623753
v 88.213837 77.888855 -49.134846
v 122.882965 56.804382 -94.353760
v 123.263664 52.808289 -92.117325
v 88.213837 77.888855 -49.134846
v 88.590271 80.786316 -50.148014
v 123.440079 61.092712 -95.853233
v 122.882965 56.804382 -94.353760
v 123.440079 61.092712 -95.853233
v 124.897026 65.381287 -96.513596
v 127.154572 69.377380 -96.289803
v 130.058823 72.808777 -95.197151
v 123.440079 61.092712 -95.853233
v 127.154572 69.377380 -96.289803
v 133.411865 75.441833 -93.310081
v 136.985214 77.097107 -90.757187
v 140.535324 77.661804 -87.712456
v 143.820282 77.097107 -84.383377
v 146.616211 75.441833 -80.996826
v 148.732605 72.808777 -77.783577
v 150.025177 69.377380 -74.962624
v 150.405884 65.381287 -72.726196
v 149.848785 61.092712 -71.226715
v 148.391815 56.804382 -70.566360
v 146.134293 52.808289 -70.790138
v 143.230026 49.376892 -71.882797
v 123.440079 61.092712 -95.853233
v 143.230026 49.376892 -71.882797
v 139.876984 46.743591 -73.769875
v 136.303650 45.088318 -76.322769
v 139.876984 46.743591 -73.769875
v 132.753525 44.523865 -79.367493
v 129.468567 45.088318 -82.696579
v 126.672630 46.743591 -86.083130
v 124.556259 49.376892 -89.296364
v 124.556259 49.376892 -89.296364
v 123.263664 52.808289 -92.117325
v 122.882965 56.804382 -94.353760
v 131.249557 113.552673 43.085957
v 131.095627 113.552673 43.656372
v 130.675064 113.552673 44.073940
v 130.100571 113.552673 44.226780
v 131.249557 113.552673 43.085957
v 130.675064 113.552673 44.073940
v 129.526077 113.552673 44.073940
v 129.105530 113.552673 43.656372
v 128.951599 113.552673 43.085957
v 129.105530 113.552673 42.515545
v 129.526077 113.552673 42.097973
v 130.100571 113.552673 41.945129
v 130.675064 113.552673 42.097973
v 131.095627 113.552673 42.515545
v 131.249557 113.552673 43.085957
v 131.095627 113.552673 42.515545
v 131.095627 124.353210 42.515545
v 131.249557 124.353210 43.085957
v 131.095627 113.552673 42.515545
v 130.675064 113.552673 42.097973
v 130.675064 124.353210 42.097973
v 131.095627 124.353210 42.515545
v 130.675064 113.552673 42.097973
v 130.100571 113.552673 41.945129
v 130.100571 124.353210 41.945129
v 130.675064 124.353210 42.097973
v 130.100571 113.552673 41.945129
v 129.526077 113.552673 42.097973
v 129.526077 124.353210 42.097973
v 130.100571 124.353210 41.945129
v 129.526077 113.552673 42.097973
v 129.105530 113.552673 42.515545
v 129.105530 124.353210 42.515545
v 129.526077 124.353210 42.097973
v 129.105530 113.552673 42.515545
v 128.951599 113.552673 43.085957
v 128.951599 124.353210 43.085957
v 129.105530 124.353210 42.515545
v 128.951599 113.552673 43.085957
v 129.105530 113.552673 43.656372
v 129.105530 124.353210 43.656372
v 128.951599 124.353210 43.085957
v 129.105530 113.552673 43.656372
v 129.526077 113.552673 44.073940
v 129.526077 124.353210 44.073940
v 129.105530 124.353210 43.656372
v 129.526077 113.552673 44.073940
v 130.100571 113.552673 44.226780
v 130.100571 124.353210 44.226780
v 129.526077 124.353210 44.073940
v 130.100571 113.552673 44.226780
v 130.675064 113.552673 44.073940
v 130.675064 124.353210 44.073940
v 130.100571 124.353210 44.226780
v 130.675064 113.552673 44.073940
v 131.095627 113.552673 43.656372
v 131.095627 124.353210 43.656372
v 130.675064 124.353210 44.073940
v 131.095627 113.552673 43.656372
v 131.249557 113.552673 43.085957
v 131.249557 124.353210 43.085957
v 131.095627 124.353210 43.656372
v 131.249557 124.353210 43.085957
v 131.095627 124.353210 42.515545
v 130.675064 124.353210 42.097973
v 130.100571 124.353210 41.945129
v 129.526077 124.353210 42.097973
v 129.105530 124.353210 42.515545
v 128.951599 124.353210 43.085957
v 129.105530 124.353210 43.656372
v 129.526077 124.353210 44.073940
v 130.100571 124.353210 44.226780
v 130.675064 124.353210 44.073940
v 131.095627 124.353210 43.656372
v 132.530975 101.905701 43.085957
v 132.205353 101.905701 44.297077
v 131.315765 101.905701 45.183681
v 130.100571 101.905701 45.508198
v 128.885376 101.905701 45.183681
v 127.995789 101.905701 44.297077
v 127.670174 101.905701 43.085957
v 127.995789 101.905701 41.874832
v 128.885376 101.905701 40.988232
v 130.100571 101.905701 40.663712
v 131.315765 101.905701 40.988232
v 132.205353 101.905701 41.874832
v 132.530975 101.905701 43.085957
v 132.205353 101.905701 41.874832
v 132.205353 114.651062 41.874832
v 132.530975 114.651062 43.085957
v 132.205353 101.905701 41.874832
v 131.315765 101.905701 40.988232
v 131.315765 114.651062 40.988232
v 132.205353 114.651062 41.874832
v 131.315765 101.905701 40.988232
v 130.100571 101.905701 40.663712
v 130.100571 114.651062 40.663712
v 131.315765 114.651062 40.988232
v 130.100571 101.905701 40.663712
v 128.885376 101.905701 40.988232
v 128.885376 114.651062 40.988232
v 130.100571 114.651062 40.663712
v 128.885376 101.905701 40.988232
v 127.995789 101.905701 41.874832
v 127.995789 114.651062 41.874832
v 128.885376 114.651062 40.988232
v 127.995789 101.905701 41.874832
v 127.670174 101.905701 43.085957
v 127.670174 114.651062 43.085957
v 127.995789 114.651062 41.874832
v 127.670174 101.905701 43.085957
v 127.995789 101.905701 44.297077
v 127.995789 114.651062 44.297077
v 127.670174 114.651062 43.085957
v 127.995789 101.905701 44.297077
v 128.885376 101.905701 45.183681
v 128.885376 114.651062 45.183681
v 127.995789 114.651062 44.297077
v 128.885376 101.905701 45.183681
v 130.100571 101.905701 45.508198
v 130.100571 114.651062 45.508198
v 128.885376 114.651062 45.183681
v 130.100571 101.905701 45.508198
v 131.315765 101.905701 45.183681
v 131.315765 114.651062 45.183681
v 130.100571 114.651062 45.508198
v 131.315765 101.905701 45.183681
v 132.205353 101.905701 44.297077
v 132.205353 114.651062 44.297077
v 131.315765 114.651062 45.183681
v 132.205353 101.905701 44.297077
v 132.530975 101.905701 43.085957
v 132.530975 114.651062 43.085957
v 132.205353 114.651062 44.297077
v 132.530975 114.651062 43.085957
v 132.205353 114.651062 41.874832
v 131.315765 114.651062 40.988232
v 130.100571 114.651062 40.663712
v 128.885376 114.651062 40.988232
v 127.995789 114.651062 41.874832
v 127.670174 114.651062 43.085957
v 127.995789 114.651062 44.297077
v 128.885376 114.651062 45.183681
v 130.100571 114.651062 45.508198
v 131.315765 114.651062 45.183681
v 132.205353 114.651062 44.297077
v 135.626053 32.539734 43.085953
v 135.437775 32.539734 44.516052
v 134.885773 32.539734 45.848694
v 134.007675 32.539734 46.993053
v 132.863312 32.539734 47.871159
v 131.530670 32.539734 48.423153
v 130.100571 32.539734 48.611431
v 128.670471 32.539734 48.423153
v 127.337837 32.539734 47.871159
v 126.193466 32.539734 46.993053
v 125.315369 32.539734 45.848694
v 124.763374 32.539734 44.516052
v 124.575096 32.539734 43.085953
v 124.763374 32.539734 41.655853
v 125.315369 32.539734 40.323215
v 126.193466 32.539734 39.178852
v 127.337837 32.539734 38.300751
v 128.670471 32.539734 37.748756
v 130.100571 32.539734 37.560474
v 131.530670 32.539734 37.748756
v 132.863312 32.539734 38.300751
v 134.007675 32.539734 39.178852
v 134.885773 32.539734 40.323215
v 135.437775 32.539734 41.655853
v 135.626053 32.539734 43.085953
v 135.437775 32.539734 41.655853
v 135.437775 80.762146 41.655853
v 135.626053 80.762146 43.085953
v 135.437775 32.539734 41.655853
v 134.885773 32.539734 40.323215
v 134.885773 80.762146 40.323215
v 135.437775 80.762146 41.655853
v 134.885773 32.539734 40.323215
v 134.007675 32.539734 39.178852
v 134.007675 80.762146 39.178852
v 134.885773 32.539734 40.323215
v 134.007675 80.762146 39.178852
v 134.885773 80.762146 40.323215
v 134.007675 32.539734 39.178852
v 132.863312 32.539734 38.300751
v 132.863312 80.762146 38.300751
v 134.007675 80.762146 39.178852
v 132.863312 32.539734 38.300751
v 131.530670 32.539734 37.748756
v 131.530670 80.762146 37.748756
v 132.863312 80.762146 38.300751
v 131.530670 32.539734 37.748756
v 130.100571 32.539734 37.560474
v 130.100571 80.762146 37.560474
v 131.530670 80.762146 37.748756
v 130.100571 32.539734 37.560474
v 128.670471 32.539734 37.748756
v 128.670471 80.762146 37.748756
v 130.100571 80.762146 37.560474
v 128.670471 32.539734 37.748756
v 127.337837 32.539734 38.300751
v 127.337837 80.762146 38.300751
v 128.670471 80.762146 37.748756
v 127.337837 32.539734 38.300751
v 126.193466 32.539734 39.178852
v 126.193466 80.762146 39.178852
v 127.337837 80.762146 38.300751
v 126.193466 32.539734 39.178852
v 125.315369 32.539734 40.323215
v 125.315369 80.762146 40.323215
v 126.193466 32.539734 39.178852
v 125.315369 80.762146 40.323215
v 126.193466 80.762146 39.178852
v 125.315369 32.539734 40.323215
v 124.763374 32.539734 41.655853
v 124.763374 80.762146 41.655853
v 125.315369 80.762146 40.323215
v 124.763374 32.539734 41.655853
v 124.575096 32.539734 43.085953
v 124.575096 80.762146 43.085953
v 124.763374 80.762146 41.655853
v 124.575096 32.539734 43.085953
v 124.763374 32.539734 44.516052
v 124.763374 80.762146 44.516052
v 124.575096 80.762146 43.085953
v 124.763374 32.539734 44.516052
v 125.315369 32.539734 45.848694
v 125.315369 80.762146 45.848694
v 124.763374 80.762146 44.516052
v 125.315369 32.539734 45.848694
v 126.193466 32.539734 46.993053
v 126.193466 80.762146 46.993053
v 125.315369 32.539734 45.848694
v 126.193466 80.762146 46.993053
v 125.315369 80.762146 45.848694
v 126.193466 32.539734 46.993053
v 127.337837 32.539734 47.871159
v 127.337837 80.762146 47.871159
v 126.193466 32.539734 46.993053
v 127.337837 80.762146 47.871159
v 126.193466 80.762146 46.993053
v 127.337837 32.539734 47.871159
v 128.670471 32.539734 48.423153
v 128.670471 80.762146 48.423153
v 127.337837 80.762146 47.871159
v 128.670471 32.539734 48.423153
v 130.100571 32.539734 48.611431
v 130.100571 80.762146 48.611431
v 128.670471 80.762146 48.423153
v 130.100571 32.539734 48.611431
v 131.530670 32.539734 48.423153
v 131.530670 80.762146 48.423153
v 130.100571 80.762146 48.611431
v 131.530670 32.539734 48.423153
v 132.863312 32.539734 47.871159
v 132.863312 80.762146 47.871159
v 131.530670 80.762146 48.423153
v 132.863312 32.539734 47.871159
v 134.007675 32.539734 46.993053
v 134.007675 80.762146 46.993053
v 132.863312 32.539734 47.871159
v 134.007675 80.762146 46.993053
v 132.863312 80.762146 47.871159
v 134.007675 32.539734 46.993053
v 134.885773 32.539734 45.848694
v 134.885773 80.762146 45.848694
v 134.007675 32.539734 46.993053
v 134.885773 80.762146 45.848694
v 134.007675 80.762146 46.993053
v 134.885773 32.539734 45.848694
v 135.437775 32.539734 44.516052
v 135.437775 80.762146 44.516052
v 134.885773 80.762146 45.848694
v 135.437775 32.539734 44.516052
v 135.626053 32.539734 43.085953
v 135.626053 80.762146 43.085953
v 135.437775 80.762146 44.516052
v 135.626053 80.762146 43.085953
v 135.437775 80.762146 41.655853
v 134.885773 80.762146 40.323215
v 134.007675 80.762146 39.178852
v 132.863312 80.762146 38.300751
v 131.530670 80.762146 37.748756
v 130.100571 80.762146 37.560474
v 128.670471 80.762146 37.748756
v 127.337837 80.762146 38.300751
v 126.193466 80.762146 39.178852
v 125.315369 80.762146 40.323215
v 124.763374 80.762146 41.655853
v 124.575096 80.762146 43.085953
v 124.763374 80.762146 44.516052
v 125.315369 80.762146 45.848694
v 126.193466 80.762146 46.993053
v 127.337837 80.762146 47.871159
v 128.670471 80.762146 48.423153
v 130.100571 80.762146 48.611431
v 131.530670 80.762146 48.423153
v 132.863312 80.762146 47.871159
v 134.007675 80.762146 46.993053
v 134.885773 80.762146 45.848694
v 135.437775 80.762146 44.516052
v -5.459921 95.388123 -126.011986
v -5.522825 95.388123 -125.534973
v -5.707248 95.388123 -125.090469
v -6.000625 95.388123 -124.708763
v -5.459921 95.388123 -126.011986
v -5.707248 95.388123 -125.090469
v -5.459921 95.388123 -126.011986
v -6.000625 95.388123 -124.708763
v -6.382961 95.388123 -124.415878
v -6.828199 95.388123 -124.231758
v -7.306000 95.388123 -124.168961
v -7.783801 95.388123 -124.231758
v -8.229039 95.388123 -124.415878
v -8.611376 95.388123 -124.708763
v -8.904752 95.388123 -125.090469
v -9.089175 95.388123 -125.534973
v -9.152080 95.388123 -126.011986
v -9.089175 95.388123 -126.488991
v -8.904752 95.388123 -126.933502
v -8.611376 95.388123 -127.315201
v -8.229039 95.388123 -127.608086
v -7.783801 95.388123 -127.792213
v -7.306000 95.388123 -127.855003
v -6.828199 95.388123 -127.792213
v -6.382961 95.388123 -127.608086
v -6.000625 95.388123 -127.315201
v -5.707248 95.388123 -126.933502
v -5.522825 95.388123 -126.488991
v -1.278208 20.141296 -126.011986
v -1.483600 20.141296 -124.451874
v -2.085779 20.141296 -122.998093
v -3.043707 20.141296 -121.749687
v -4.292104 20.141296 -120.791763
v -5.745893 20.141296 -120.189583
v -7.306000 20.141296 -119.984192
v -8.866107 20.141296 -120.189583
v -10.319896 20.141296 -120.791763
v -11.568293 20.141296 -121.749687
v -12.526220 20.141296 -122.998093
v -13.128400 20.141296 -124.451874
v -13.333792 20.141296 -126.011986
v -13.128400 20.141296 -127.572098
v -12.526220 20.141296 -129.025879
v -11.568293 20.141296 -130.274277
v -10.319896 20.141296 -131.232208
v -8.866107 20.141296 -131.834381
v -7.306000 20.141296 -132.039764
v -5.745893 20.141296 -131.834381
v -4.292104 20.141296 -131.232208
v -3.043707 20.141296 -130.274277
v -2.085779 20.141296 -129.025879
v -1.483600 20.141296 -127.572098
v -1.483600 99.607605 -124.451874
v -1.483600 20.141296 -124.451874
v -1.278208 20.141296 -126.011986
v -1.278208 99.607605 -126.011986
v -2.085779 99.607605 -122.998093
v -2.085779 20.141296 -122.998093
v -1.483600 20.141296 -124.451874
v -1.483600 99.607605 -124.451874
v -3.043707 99.607605 -121.749687
v -3.043707 20.141296 -121.749687
v -2.085779 20.141296 -122.998093
v -2.085779 99.607605 -122.998093
v -4.292104 99.607605 -120.791763
v -4.292104 20.141296 -120.791763
v -3.043707 20.141296 -121.749687
v -3.043707 99.607605 -121.749687
v -5.745893 99.607605 -120.189583
v -5.745893 20.141296 -120.189583
v -4.292104 20.141296 -120.791763
v -4.292104 99.607605 -120.791763
v -7.306000 99.607605 -119.984192
v -7.306000 20.141296 -119.984192
v -5.745893 20.141296 -120.189583
v -5.745893 99.607605 -120.189583
v -8.866107 99.607605 -120.189583
v -8.866107 20.141296 -120.189583
v -7.306000 20.141296 -119.984192
v -7.306000 99.607605 -119.984192
v -10.319896 99.607605 -120.791763
v -10.319896 20.141296 -120.791763
v -8.866107 20.141296 -120.189583
v -8.866107 99.607605 -120.189583
v -11.568293 99.607605 -121.749687
v -11.568293 20.141296 -121.749687
v -10.319896 20.141296 -120.791763
v -10.319896 99.607605 -120.791763
v -12.526220 99.607605 -122.998093
v -12.526220 20.141296 -122.998093
v -11.568293 20.141296 -121.749687
v -11.568293 99.607605 -121.749687
v -13.128400 99.607605 -124.451874
v -13.128400 20.141296 -124.451874
v -12.526220 20.141296 -122.998093
v -12.526220 99.607605 -122.998093
v -13.333792 99.607605 -126.011986
v -13.333792 20.141296 -126.011986
v -13.128400 20.141296 -124.451874
v -13.128400 99.607605 -124.451874
v -13.128400 99.607605 -127.572098
v -13.128400 20.141296 -127.572098
v -13.333792 20.141296 -126.011986
v -13.333792 99.607605 -126.011986
v -12.526220 99.607605 -129.025879
v -12.526220 20.141296 -129.025879
v -13.128400 20.141296 -127.572098
v -13.128400 99.607605 -127.572098
v -11.568293 99.607605 -130.274277
v -11.568293 20.141296 -130.274277
v -12.526220 20.141296 -129.025879
v -12.526220 99.607605 -129.025879
v -10.319896 99.607605 -131.232208
v -10.319896 20.141296 -131.232208
v -11.568293 20.141296 -130.274277
v -11.568293 99.607605 -130.274277
v -8.866107 99.607605 -131.834381
v -8.866107 20.141296 -131.834381
v -10.319896 20.141296 -131.232208
v -10.319896 99.607605 -131.232208
v -7.306000 99.607605 -132.039764
v -7.306000 20.141296 -132.039764
v -8.866107 20.141296 -131.834381
v -8.866107 99.607605 -131.834381
v -5.745893 99.607605 -131.834381
v -5.745893 20.141296 -131.834381
v -7.306000 20.141296 -132.039764
v -7.306000 99.607605 -132.039764
v -4.292104 99.607605 -131.232208
v -4.292104 20.141296 -131.232208
v -5.745893 20.141296 -131.834381
v -5.745893 99.607605 -131.834381
v -3.043707 99.607605 -130.274277
v -3.043707 20.141296 -130.274277
v -4.292104 20.141296 -131.232208
v -4.292104 99.607605 -131.232208
v -2.085779 99.607605 -129.025879
v -2.085779 20.141296 -129.025879
v -3.043707 20.141296 -130.274277
v -3.043707 99.607605 -130.274277
v -1.483600 99.607605 -127.572098
v -1.483600 20.141296 -127.572098
v -2.085779 20.141296 -129.025879
v -2.085779 99.607605 -129.025879
v -1.278208 99.607605 -126.011986
v -1.278208 20.141296 -126.011986
v -1.483600 20.141296 -127.572098
v -1.483600 99.607605 -127.572098
v -1.278208 99.607605 -126.011986
v -1.483600 99.607605 -127.572098
v -2.085779 99.607605 -129.025879
v -3.043707 99.607605 -130.274277
v -4.292104 99.607605 -131.232208
v -5.745893 99.607605 -131.834381
v -7.306000 99.607605 -132.039764
v -8.866107 99.607605 -131.834381
v -10.319896 99.607605 -131.232208
v -11.568293 99.607605 -130.274277
v -12.526220 99.607605 -129.025879
v -13.128400 99.607605 -127.572098
v -13.333792 99.607605 -126.011986
v -13.128400 99.607605 -124.451874
v -12.526220 99.607605 -122.998093
v -11.568293 99.607605 -121.749687
v -10.319896 99.607605 -120.791763
v -8.866107 99.607605 -120.189583
v -7.306000 99.607605 -119.984192
v -5.745893 99.607605 -120.189583
v -4.292104 99.607605 -120.791763
v -3.043707 99.607605 -121.749687
v -2.085779 99.607605 -122.998093
v -1.483600 99.607605 -124.451874
v -5.459921 95.388123 126.835579
v -5.522825 95.388123 127.312584
v -5.707248 95.388123 127.757088
v -6.000625 95.388123 128.138794
v -6.382961 95.388123 128.431686
v -6.828199 95.388123 128.615799
v -7.306000 95.388123 128.678589
v -7.783801 95.388123 128.615799
v -8.229039 95.388123 128.431686
v -8.611376 95.388123 128.138794
v -8.904752 95.388123 127.757088
v -9.089175 95.388123 127.312584
v -9.152080 95.388123 126.835579
v -9.089175 95.388123 126.358559
v -8.904752 95.388123 125.914062
v -8.611376 95.388123 125.532356
v -8.229039 95.388123 125.239464
v -7.783801 95.388123 125.055351
v -7.306000 95.388123 124.992546
v -6.828199 95.388123 125.055351
v -6.382961 95.388123 125.239464
v -6.000625 95.388123 125.532356
v -5.459921 95.388123 126.835579
v -6.000625 95.388123 125.532356
v -5.707248 95.388123 125.914062
v -5.707248 95.388123 125.914062
v -5.522825 95.388123 126.358559
v -5.459921 95.388123 126.835579
v -1.278208 20.141296 126.835579
v -1.483600 20.141296 128.395691
v -2.085779 20.141296 129.849472
v -3.043707 20.141296 131.097870
v -4.292104 20.141296 132.055801
v -5.745893 20.141296 132.657974
v -7.306000 20.141296 132.863358
v -8.866107 20.141296 132.657974
v -10.319896 20.141296 132.055801
v -11.568293 20.141296 131.097870
v -12.526220 20.141296 129.849472
v -13.128400 20.141296 128.395691
v -13.333792 20.141296 126.835579
v -13.128400 20.141296 125.275467
v -12.526220 20.141296 123.821678
v -11.568293 20.141296 122.573280
v -10.319896 20.141296 121.615356
v -8.866107 20.141296 121.013168
v -7.306000 20.141296 120.807785
v -5.745893 20.141296 121.013168
v -4.292104 20.141296 121.615356
v -3.043707 20.141296 122.573280
v -2.085779 20.141296 123.821678
v -1.483600 20.141296 125.275467
v -1.278208 20.141296 126.835579
v -1.483600 20.141296 125.275467
v -1.483600 99.607605 125.275467
v -1.278208 99.607605 126.835579
v -1.483600 20.141296 125.275467
v -2.085779 20.141296 123.821678
v -2.085779 99.607605 123.821678
v -1.483600 99.607605 125.275467
v -2.085779 20.141296 123.821678
v -3.043707 20.141296 122.573280
v -3.043707 99.607605 122.573280
v -2.085779 99.607605 123.821678
v -3.043707 20.141296 122.573280
v -4.292104 20.141296 121.615356
v -4.292104 99.607605 121.615356
v -3.043707 99.607605 122.573280
v -4.292104 20.141296 121.615356
v -5.745893 20.141296 121.013168
v -5.745893 99.607605 121.013168
v -4.292104 99.607605 121.615356
v -5.745893 20.141296 121.013168
v -7.306000 20.141296 120.807785
v -7.306000 99.607605 120.807785
v -5.745893 99.607605 121.013168
v -7.306000 20.141296 120.807785
v -8.866107 20.141296 121.013168
v -8.866107 99.607605 121.013168
v -7.306000 99.607605 120.807785
v -8.866107 20.141296 121.013168
v -10.319896 20.141296 121.615356
v -10.319896 99.607605 121.615356
v -8.866107 99.607605 121.013168
v -10.319896 20.141296 121.615356
v -11.568293 20.141296 122.573280
v -11.568293 99.607605 122.573280
v -10.319896 99.607605 121.615356
v -11.568293 20.141296 122.573280
v -12.526220 20.141296 123.821678
v -12.526220 99.607605 123.821678
v -11.568293 99.607605 122.573280
v -12.526220 20.141296 123.821678
v -13.128400 20.141296 125.275467
v -13.128400 99.607605 125.275467
v -12.526220 99.607605 123.821678
v -13.128400 20.141296 125.275467
v -13.333792 20.141296 126.835579
v -13.333792 99.607605 126.835579
v -13.128400 99.607605 125.275467
v -13.333792 20.141296 126.835579
v -13.128400 20.141296 128.395691
v -13.128400 99.607605 128.395691
v -13.333792 99.607605 126.835579
v -13.128400 20.141296 128.395691
v -12.526220 20.141296 129.849472
v -12.526220 99.607605 129.849472
v -13.128400 99.607605 128.395691
v -12.526220 20.141296 129.849472
v -11.568293 20.141296 131.097870
v -11.568293 99.607605 131.097870
v -12.526220 99.607605 129.849472
v -11.568293 20.141296 131.097870
v -10.319896 20.141296 132.055801
v -10.319896 99.607605 132.055801
v -11.568293 99.607605 131.097870
v -10.319896 20.141296 132.055801
v -8.866107 20.141296 132.657974
v -8.866107 99.607605 132.657974
v -10.319896 99.607605 132.055801
v -8.866107 20.141296 132.657974
v -7.306000 20.141296 132.863358
v -7.306000 99.607605 132.863358
v -8.866107 99.607605 132.657974
v -7.306000 20.141296 132.863358
v -5.745893 20.141296 132.657974
v -5.745893 99.607605 132.657974
v -7.306000 99.607605 132.863358
v -5.745893 20.141296 132.657974
v -4.292104 20.141296 132.055801
v -4.292104 99.607605 132.055801
v -5.745893 99.607605 132.657974
v -4.292104 20.141296 132.055801
v -3.043707 20.141296 131.097870
v -3.043707 99.607605 131.097870
v -4.292104 99.607605 132.055801
v -3.043707 20.141296 131.097870
v -2.085779 20.141296 129.849472
v -2.085779 99.607605 129.849472
v -3.043707 99.607605 131.097870
v -2.085779 20.141296 129.849472
v -1.483600 20.141296 128.395691
v -1.483600 99.607605 128.395691
v -2.085779 99.607605 129.849472
v -1.483600 20.141296 128.395691
v -1.278208 20.141296 126.835579
v -1.278208 99.607605 126.835579
v -1.483600 99.607605 128.395691
v -1.278208 99.607605 126.835579
v -1.483600 99.607605 125.275467
v -2.085779 99.607605 123.821678
v -3.043707 99.607605 122.573280
v -4.292104 99.607605 121.615356
v -5.745893 99.607605 121.013168
v -7.306000 99.607605 120.807785
v -8.866107 99.607605 121.013168
v -10.319896 99.607605 121.615356
v -11.568293 99.607605 122.573280
v -12.526220 99.607605 123.821678
v -13.128400 99.607605 125.275467
v -13.333792 99.607605 126.835579
v -13.128400 99.607605 128.395691
v -12.526220 99.607605 129.849472
v -11.568293 99.607605 131.097870
v -10.319896 99.607605 132.055801
v -8.866107 99.607605 132.657974
v -7.306000 99.607605 132.863358
v -5.745893 99.607605 132.657974
v -4.292104 99.607605 132.055801
v -3.043707 99.607605 131.097870
v -2.085779 99.607605 129.849472
v -1.483600 99.607605 128.395691
vn 0.000000 1.000000 0.000000
vn 0.000000 1.000000 0.000000
vn 0.000000 1.000000 0.000000
vn 0.000000 1.000000 0.000000
vn 0.000000 1.000000 0.000000
vn 0.000000 1.000000 0.000000
vn 0.000000 1.000000 0.000000
vn 0.000000 1.000000 0.000000
vn 0.000000 1.000000 0.000000
vn 0.000000 1.000000 0.000000
vn 0.000000 1.000000 0.000000
vn 0.000000 1.000000 0.000000
vn 0.000000 1.000000 0.000000
vn 0.000000 1.000000 0.000000
vn 0.000000 1.000000 0.000000
vn 0.000000 1.000000 0.000000
vn -0.699415 0.000000 0.714716
vn -0.699415 0.000000 0.714716
vn -0.699415 0.000000 0.714716
vn -0.699415 0.000000 0.714716
vn -0.999940 0.000000 0.011000
vn -0.999940 0.000000 0.011000
vn -0.999940 0.000000 0.011000
vn -0.999940 0.000000 0.011000
vn -0.699264 0.000000 -0.714863
vn -0.699264 0.000000 -0.714863
vn -0.699264 0.000000 -0.714863
vn -0.699264 0.000000 -0.714863
vn 0.010800 0.000000 -0.999942
vn 0.010800 0.000000 -0.999942
vn 0.010800 0.000000 -0.999942
vn 0.010800 0.000000 -0.999942
vn 0.699415 0.000000 -0.714716
vn 0.699415 0.000000 -0.714716
vn 0.699415 0.000000 -0.714716
vn 0.699415 0.000000 -0.714716
vn 0.999940 0.000000 -0.011000
vn 0.999940 0.000000 -0.011000
vn 0.999940 0.000000 -0.011000
vn 0.999940 0.000000 -0.011000
vn 0.699264 0.000000 0.714863
vn 0.699264 0.000000 0.714863
vn 0.699264 0.000000 0.714863
vn 0.699264 0.000000 0.714863
vn -0.010800 0.000000 0.999942
vn -0.010800 0.000000 0.999942
vn -0.010800 0.000000 0.999942
vn -0.010800 0.000000 0.999942
vn 0.000000 0.987694 -0.156399
vn 0.000000 0.987694 -0.156399
vn 0.000000 0.987694 -0.156399
vn 0.000000 0.987694 -0.156399
vn -1.000000 0.000000 0.000000
vn -1.000000 0.000000 0.000000
vn -1.000000 0.000000 0.000000
vn -1.000000 0.000000 0.000000
vn 0.000000 0.000000 1.000000
vn 0.000000 0.000000 1.000000
vn 0.000000 0.000000 1.000000
vn 0.000000 0.000000 1.000000
vn 0.000000 1.000000 0.000000
vn 0.000000 1.000000 0.000000
vn 0.000000 1.000000 0.000000
vn 0.000000 1.000000 0.000000
vn 0.000000 0.000000 -1.000000
vn 0.000000 0.000000 -1.000000
vn 0.000000 0.000000 -1.000000
vn 0.000000 0.000000 -1.000000
vn 0.000000 -1.000000 0.000000
vn 0.000000 -1.000000 0.000000
vn 0.000000 -1.000000 0.000000
vn 0.000000 -1.000000 0.000000
vn 1.000000 0.000000 0.000000
vn 1.000000 0.000000 0.000000
vn 1.000000 0.000000 0.000000
vn 1.000000 0.000000 0.000000
vn -1.000000 0.000000 0.000000
vn -1.000000 0.000000 0.000000
vn -1.000000 0.000000 0.000000
vn -1.000000 0.000000 0.000000
vn 0.000000 0.000000 1.000000
vn 0.000000 0.000000 1.000000
vn 0.000000 0.000000 1.000000
vn 0.000000 0.000000 1.000000
vn 0.000000 1.000000 0.000000
vn 0.000000 1.000000 0.000000
vn 0.000000 1.000000 0.000000
vn 0.000000 1.000000 0.000000
vn 0.000000 0.000000 -1.000000
vn 0.000000 0.000000 -1.000000
vn 0.000000 0.000000 -1.000000
vn 0.000000 0.000000 -1.000000
vn 0.000000 -1.000000 0.000000
vn 0.000000 -1.000000 0.000000
vn 0.000000 -1.000000 0.000000
vn 0.000000 -1.000000 0.000000
vn 1.000000 0.000000 0.000000
vn 1.000000 0.000000 0.000000
vn 1.000000 0.000000 0.000000
vn 1.000000 0.000000 0.000000
vn -1.000000 0.000000 0.000000
vn -1.000000 0.000000 0.000000
vn -1.000000 0.000000 0.000000
vn -1.000000 0.000000 0.000000
vn 0.000000 0.000000 1.000000
vn 0.000000 0.000000 1.000000
vn 0.000000 0.000000 1.000000
vn 0.000000 0.000000 1.000000
vn 0.000000 1.000000 0.000000
vn 0.000000 1.000000 0.000000
vn 0.000000 1.000000 0.000000
vn 0.000000 1.000000 0.000000
vn 0.000000 0.000000 -1.000000
vn 0.000000 0.000000 -1.000000
vn 0.000000 0.000000 -1.000000
vn 0.000000 0.000000 -1.000000
vn 0.000000 -1.000000 0.000000
vn 0.000000 -1.000000 0.000000
vn 0.000000 -1.000000 0.000000
vn 0.000000 -1.000000 0.000000
vn 1.000000 0.000000 0.000000
vn 1.000000 0.000000 0.000000
vn 1.000000 0.000000 0.000000
vn 1.000000 0.000000 0.000000
vn 0.010800 0.000000 -0.999942
vn 0.010800 0.000000 -0.999942
vn 0.010800 0.000000 -0.999942
vn 0.010800 0.000000 -0.999942
vn -0.010800 0.000000 0.999942
vn -0.010800 0.000000 0.999942
vn -0.010800 0.000000 0.999942
vn -0.010800 0.000000 0.999942
vn 0.699264 0.000000 0.714863
vn 0.699264 0.000000 0.714863
vn 0.699264 0.000000 0.714863
vn 0.699264 0.000000 0.714863
vn 0.999940 0.000000 -0.011000
vn 0.999940 0.000000 -0.011000
vn 0.999940 0.000000 -0.011000
vn 0.999940 0.000000 -0.011000
vn 0.699415 0.000000 -0.714716
vn 0.699415 0.000000 -0.714716
vn 0.699415 0.000000 -0.714716
vn 0.699415 0.000000 -0.714716
vn -0.699264 0.000000 -0.714863
vn -0.699264 0.000000 -0.714863
vn -0.699264 0.000000 -0.714863
vn -0.699264 0.000000 -0.714863
vn -0.999940 0.000000 0.011000
vn -0.999940 0.000000 0.011000
vn -0.999940 0.000000 0.011000
vn -0.999940 0.000000 0.011000
vn -0.699415 0.000000 0.714716
vn -0.699415 0.000000 0.714716
vn -0.699415 0.000000 0.714716
vn -0.699415 0.000000 0.714716
vn -1.000000 0.000000 0.000000
vn -1.000000 0.000000 0.000000
vn -1.000000 0.000000 0.000000
vn -1.000000 0.000000 0.000000
vn 0.000000 0.000000 -1.000000
vn 0.000000 0.000000 -1.000000
vn 0.000000 0.000000 -1.000000
vn 0.000000 0.000000 -1.000000
vn 0.000000 1.000000 0.000000
vn 0.000000 1.000000 0.000000
vn 0.000000 1.000000 0.000000
vn 0.000000 1.000000 0.000000
vn 0.000000 0.000000 1.000000
vn 0.000000 0.000000 1.000000
vn 0.000000 0.000000 1.000000
vn 0.000000 0.000000 1.000000
vn 0.000000 -1.000000 0.000000
vn 0.000000 -1.000000 0.000000
vn 0.000000 -1.000000 0.000000
vn 0.000000 -1.000000 0.000000
vn 1.000000 0.000000 0.000000
vn 1.000000 0.000000 0.000000
vn 1.000000 0.000000 0.000000
vn 1.000000 0.000000 0.000000
vn -1.000000 0.000000 0.000000
vn -1.000000 0.000000 0.000000
vn -1.000000 0.000000 0.000000
vn -1.000000 0.000000 0.000000
vn 0.000000 0.000000 1.000000
vn 0.000000 0.000000 1.000000
vn 0.000000 0.000000 1.000000
vn 0.000000 0.000000 1.000000
vn 0.000000 1.000000 0.000000
vn 0.000000 1.000000 0.000000
vn 0.000000 1.000000 0.000000
vn 0.000000 1.000000 0.000000
vn 0.000000 0.000000 -1.000000
vn 0.000000 0.000000 -1.000000
vn 0.000000 0.000000 -1.000000
vn 0.000000 0.000000 -1.000000
vn 0.000000 -1.000000 0.000000
vn 0.000000 -1.000000 0.000000
vn 0.000000 -1.000000 0.000000
vn 0.000000 -1.000000 0.000000
vn 1.000000 0.000000 0.000000
vn 1.000000 0.000000 0.000000
vn 1.000000 0.000000 0.000000
vn 1.000000 0.000000 0.000000
vn 1.000000 0.000000 0.000000
vn 1.000000 0.000000 0.000000
vn 1.000000 0.000000 0.000000
vn 1.000000 0.000000 0.000000
vn 0.000000 0.000000 -1.000000
vn 0.000000 0.000000 -1.000000
vn 0.000000 0.000000 -1.000000
vn 0.000000 0.000000 -1.000000
vn 0.000000 1.000000 0.000000
vn 0.000000 1.000000 0.000000
vn 0.000000 1.000000 0.000000
vn 0.000000 1.000000 0.000000
vn 0.000000 0.000000 1.000000
vn 0.000000 0.000000 1.000000
vn 0.000000 0.000000 1.000000
vn 0.000000 0.000000 1.000000
vn 0.000000 -1.000000 0.000000
vn 0.000000 -1.000000 0.000000
vn 0.000000 -1.000000 0.000000
vn 0.000000 -1.000000 0.000000
vn -1.000000 0.000000 0.000000
vn -1.000000 0.000000 0.000000
vn -1.000000 0.000000 0.000000
vn -1.000000 0.000000 0.000000
vn 1.000000 0.000000 0.000000
vn 1.000000 0.000000 0.000000
vn 1.000000 0.000000 0.000000
vn 1.000000 0.000000 0.000000
vn 0.000000 0.000000 1.000000
vn 0.000000 0.000000 1.000000
vn 0.000000 0.000000 1.000000
vn 0.000000 0.000000 1.000000
vn 0.000000 1.000000 0.000000
vn 0.000000 1.000000 0.000000
vn 0.000000 1.000000 0.000000
vn 0.000000 1.000000 0.000000
vn 0.000000 0.000000 -1.000000
vn 0.000000 0.000000 -1.000000
vn 0.000000 0.000000 -1.000000
vn 0.000000 0.000000 -1.000000
vn 0.000000 -1.000000 0.000000
vn 0.000000 -1.000000 0.000000
vn 0.000000 -1.000000 0.000000
vn 0.000000 -1.000000 0.000000
vn -1.000000 0.000000 0.000000
vn -1.000000 0.000000 0.000000
vn -1.000000 0.000000 0.000000
vn -1.000000 0.000000 0.000000
vn 0.000000 0.000000 -1.000000
vn 0.000000 0.000000 -1.000000
vn 0.000000 0.000000 -1.000000
vn 0.000000 0.000000 -1.000000
vn 1.000000 0.000000 0.000000
vn 1.000000 0.000000 0.000000
vn 1.000000 0.000000 0.000000
vn 1.000000 0.000000 0.000000
vn 0.000000 1.000000 0.000000
vn 0.000000 1.000000 0.000000
vn 0.000000 1.000000 0.000000
vn 0.000000 1.000000 0.000000
vn -1.000000 0.000000 0.000000
vn -1.000000 0.000000 0.000000
vn -1.000000 0.000000 0.000000
vn -1.000000 0.000000 0.000000
vn 0.000000 -1.000000 0.000000
vn 0.000000 -1.000000 0.000000
vn 0.000000 -1.000000 0.000000
vn 0.000000 -1.000000 0.000000
vn 0.000000 0.000000 1.000000
vn 0.000000 0.000000 1.000000
vn 0.000000 0.000000 1.000000
vn 0.000000 0.000000 1.000000
vn 0.000000 0.000000 -1.000000
vn 0.000000 0.000000 -1.000000
vn 0.000000 0.000000 -1.000000
vn 0.000000 0.000000 -1.000000
vn -1.000000 0.000000 0.000000
vn -1.000000 0.000000 0.000000
vn -1.000000 0.000000 0.000000
vn -1.000000 0.000000 0.000000
vn 0.000000 1.000000 0.000000
vn 0.000000 1.000000 0.000000
vn 0.000000 1.000000 0.000000
vn 0.000000 1.000000 0.000000
vn 1.000000 0.000000 0.000000
vn 1.000000 0.000000 0.000000
vn 1.000000 0.000000 0.000000
vn 1.000000 0.000000 0.000000
vn 0.000000 -1.000000 0.000000
vn 0.000000 -1.000000 0.000000
vn 0.000000 -1.000000 0.000000
vn 0.000000 -1.000000 0.000000
vn 0.000000 0.000000 1.000000
vn 0.000000 0.000000 1.000000
vn 0.000000 0.000000 1.000000
vn 0.000000 0.000000 1.000000
vn 0.000000 0.000000 1.000000
vn 0.000000 0.000000 1.000000
vn 0.000000 0.000000 1.000000
vn 0.000000 0.000000 1.000000
vn 1.000000 0.000000 0.000000
vn 1.000000 0.000000 0.000000
vn 1.000000 0.000000 0.000000
vn 1.000000 0.000000 0.000000
vn 0.000000 1.000000 0.000000
vn 0.000000 1.000000 0.000000
vn 0.000000 1.000000 0.000000
vn 0.000000 1.000000 0.000000
vn -1.000000 0.000000 0.000000
vn -1.000000 0.000000 0.000000
vn -1.000000 0.000000 0.000000
vn -1.000000 0.000000 0.000000
vn 0.000000 -1.000000 0.000000
vn 0.000000 -1.000000 0.000000
vn 0.000000 -1.000000 0.000000
vn 0.000000 -1.000000 0.000000
vn 0.000000 0.000000 -1.000000
vn 0.000000 0.000000 -1.000000
vn 0.000000 0.000000 -1.000000
vn 0.000000 0.000000 -1.000000
vn 0.000000 0.000000 1.000000
vn 0.000000 0.000000 1.000000
vn 0.000000 0.000000 1.000000
vn 0.000000 0.000000 1.000000
vn -1.000000 0.000000 0.000000
vn -1.000000 0.000000 0.000000
vn -1.000000 0.000000 0.000000
vn -1.000000 0.000000 0.000000
vn 0.000000 1.000000 0.000000
vn 0.000000 1.000000 0.000000
vn 0.000000 1.000000 0.000000
vn 0.000000 1.000000 0.000000
vn 1.000000 0.000000 0.000000
vn 1.000000 0.000000 0.000000
vn 1.000000 0.000000 0.000000
vn 1.000000 0.000000 0.000000
vn 0.000000 -1.000000 0.000000
vn 0.000000 -1.000000 0.000000
vn 0.000000 -1.000000 0.000000
vn 0.000000 -1.000000 0.000000
vn 0.000000 0.000000 -1.000000
vn 0.000000 0.000000 -1.000000
vn 0.000000 0.000000 -1.000000
vn 0.000000 0.000000 -1.000000
vn -0.644770 0.325585 0.691568
vn -0.644770 0.325585 0.691568
vn -0.644770 0.325585 0.691568
vn -0.644815 0.325607 0.691516
vn -0.644815 0.325607 0.691516
vn -0.644815 0.325607 0.691516
vn -0.644873 0.325586 0.691471
vn -0.644873 0.325586 0.691471
vn -0.644873 0.325586 0.691471
vn -0.644815 0.325607 0.691516
vn -0.644815 0.325607 0.691516
vn -0.644815 0.325607 0.691516
vn -0.644873 0.325586 0.691471
vn -0.644873 0.325586 0.691471
vn -0.644815 0.325607 0.691516
vn -0.644815 0.325607 0.691516
vn -0.644815 0.325607 0.691516
vn -0.644815 0.325607 0.691516
vn -0.644815 0.325607 0.691516
vn -0.644815 0.325607 0.691516
vn -0.644815 0.325607 0.691516
vn -0.644815 0.325607 0.691516
vn -0.644815 0.325607 0.691516
vn -0.644815 0.325607 0.691516
vn -0.644815 0.325607 0.691516
vn -0.644815 0.325607 0.691516
vn -0.644873 0.325586 0.691471
vn -0.644873 0.325586 0.691471
vn -0.644815 0.325607 0.691516
vn -0.644815 0.325607 0.691516
vn -0.644815 0.325607 0.691516
vn -0.644815 0.325607 0.691516
vn -0.644918 0.325609 0.691419
vn -0.644918 0.325609 0.691419
vn -0.644918 0.325609 0.691419
vn 0.010800 0.000000 -0.999942
vn 0.010800 0.000000 -0.999942
vn 0.010800 0.000000 -0.999942
vn 0.010800 0.000000 -0.999942
vn -0.010800 0.000000 0.999942
vn -0.010800 0.000000 0.999942
vn -0.010800 0.000000 0.999942
vn -0.010800 0.000000 0.999942
vn 0.699264 0.000000 0.714863
vn 0.699264 0.000000 0.714863
vn 0.699264 0.000000 0.714863
vn 0.699264 0.000000 0.714863
vn 0.999940 0.000000 -0.011000
vn 0.999940 0.000000 -0.011000
vn 0.999940 0.000000 -0.011000
vn 0.999940 0.000000 -0.011000
vn 0.699415 0.000000 -0.714716
vn 0.699415 0.000000 -0.714716
vn 0.699415 0.000000 -0.714716
vn 0.699415 0.000000 -0.714716
vn 0.000000 1.000000 0.000000
vn 0.000000 1.000000 0.000000
vn 0.000000 1.000000 0.000000
vn 0.000000 1.000000 0.000000
vn 0.000000 1.000000 0.000000
vn 0.000000 1.000000 0.000000
vn 0.000000 1.000000 0.000000
vn 0.000000 1.000000 0.000000
vn -0.699264 0.000000 -0.714863
vn -0.699264 0.000000 -0.714863
vn -0.699264 0.000000 -0.714863
vn -0.699264 0.000000 -0.714863
vn -0.999940 0.000000 0.011000
vn -0.999940 0.000000 0.011000
vn -0.999940 0.000000 0.011000
vn -0.999940 0.000000 0.011000
vn -0.699415 0.000000 0.714716
vn -0.699415 0.000000 0.714716
vn -0.699415 0.000000 0.714716
vn -0.699415 0.000000 0.714716
vn 0.699415 0.000000 -0.714716
vn 0.699415 0.000000 -0.714716
vn 0.699415 0.000000 -0.714716
vn 0.699415 0.000000 -0.714716
vn 0.010800 0.000000 -0.999942
vn 0.010800 0.000000 -0.999942
vn 0.010800 0.000000 -0.999942
vn 0.010800 0.000000 -0.999942
vn -0.699264 0.000000 -0.714863
vn -0.699264 0.000000 -0.714863
vn -0.699264 0.000000 -0.714863
vn -0.699264 0.000000 -0.714863
vn -0.999940 0.000000 0.011000
vn -0.999940 0.000000 0.011000
vn -0.999940 0.000000 0.011000
vn -0.999940 0.000000 0.011000
vn -0.699415 0.000000 0.714716
vn -0.699415 0.000000 0.714716
vn -0.699415 0.000000 0.714716
vn -0.699415 0.000000 0.714716
vn -0.010800 0.000000 0.999942
vn -0.010800 0.000000 0.999942
vn -0.010800 0.000000 0.999942
vn -0.010800 0.000000 0.999942
vn 0.699264 0.000000 0.714863
vn 0.699264 0.000000 0.714863
vn 0.699264 0.000000 0.714863
vn 0.699264 0.000000 0.714863
vn 0.999940 0.000000 -0.011000
vn 0.999940 0.000000 -0.011000
vn 0.999940 0.000000 -0.011000
vn 0.999940 0.000000 -0.011000
vn 0.000000 -1.000000 0.000000
vn 0.000000 -1.000000 0.000000
vn 0.000000 -1.000000 0.000000
vn 0.000000 -1.000000 0.000000
vn 0.000000 -1.000000 0.000000
vn 0.000000 -1.000000 0.000000
vn 0.000000 -1.000000 0.000000
vn 0.000000 -1.000000 0.000000
vn 0.000000 1.000000 0.000000
vn 0.000000 1.000000 0.000000
vn 0.000000 1.000000 0.000000
vn 0.000000 1.000000 0.000000
vn 0.000000 1.000000 0.000000
vn 0.000000 1.000000 0.000000
vn 0.000000 1.000000 0.000000
vn 0.000000 1.000000 0.000000
vn 0.000000 -1.000000 0.000000
vn 0.000000 -1.000000 0.000000
vn 0.000000 -1.000000 0.000000
vn 0.000000 -1.000000 0.000000
vn 0.000000 0.000000 1.000000
vn 0.000000 0.000000 1.000000
vn 0.000000 0.000000 1.000000
vn 0.000000 0.000000 1.000000
vn 1.000000 0.000000 0.000000
vn 1.000000 0.000000 0.000000
vn 1.000000 0.000000 0.000000
vn 1.000000 0.000000 0.000000
vn 0.000000 0.000000 -1.000000
vn 0.000000 0.000000 -1.000000
vn 0.000000 0.000000 -1.000000
vn 0.000000 0.000000 -1.000000
vn -1.000000 0.000000 0.000000
vn -1.000000 0.000000 0.000000
vn -1.000000 0.000000 0.000000
vn -1.000000 0.000000 0.000000
vn 0.000000 1.000000 0.000000
vn 0.000000 1.000000 0.000000
vn 0.000000 1.000000 0.000000
vn 0.000000 1.000000 0.000000
vn 0.000000 -0.987229 0.159305
vn 0.000000 -0.987229 0.159305
vn 0.000000 -0.987229 0.159305
vn 0.000000 -0.987229 0.159305
vn 0.000000 -0.888223 0.459412
vn 0.000000 -0.888223 0.459412
vn 0.000000 -0.888223 0.459412
vn 0.000000 -0.888223 0.459412
vn 0.000000 -0.707107 0.707107
vn 0.000000 -0.707107 0.707107
vn 0.000000 -0.707107 0.707107
vn 0.000000 -0.707107 0.707107
vn 0.159305 -0.987229 0.000000
vn 0.159305 -0.987229 0.000000
vn 0.159305 -0.987229 0.000000
vn 0.159305 -0.987229 0.000000
vn 0.459371 -0.888244 0.000000
vn 0.459371 -0.888244 0.000000
vn 0.459371 -0.888244 0.000000
vn 0.459412 -0.888223 0.000000
vn 0.459412 -0.888223 0.000000
vn 0.459412 -0.888223 0.000000
vn 0.707107 -0.707107 0.000000
vn 0.707107 -0.707107 0.000000
vn 0.707107 -0.707107 0.000000
vn 0.707107 -0.707107 0.000000
vn 0.000000 -0.987229 -0.159305
vn 0.000000 -0.987229 -0.159305
vn 0.000000 -0.987229 -0.159305
vn 0.000000 -0.987229 -0.159305
vn 0.000000 -0.888285 -0.459292
vn 0.000000 -0.888285 -0.459292
vn 0.000000 -0.888285 -0.459292
vn 0.000000 -0.888244 -0.459371
vn 0.000000 -0.888244 -0.459371
vn 0.000000 -0.888244 -0.459371
vn 0.000000 -0.707107 -0.707107
vn 0.000000 -0.707107 -0.707107
vn 0.000000 -0.707107 -0.707107
vn 0.000000 -0.707107 -0.707107
vn -0.159305 -0.987229 0.000000
vn -0.159305 -0.987229 0.000000
vn -0.159305 -0.987229 0.000000
vn -0.159305 -0.987229 0.000000
vn -0.459412 -0.888223 0.000000
vn -0.459412 -0.888223 0.000000
vn -0.459412 -0.888223 0.000000
vn -0.459412 -0.888223 0.000000
vn -0.707107 -0.707107 0.000000
vn -0.707107 -0.707107 0.000000
vn -0.707107 -0.707107 0.000000
vn -0.707107 -0.707107 0.000000
vn -0.159207 0.000000 0.987245
vn -0.159207 0.000000 0.987245
vn -0.159207 0.000000 0.987245
vn -0.159207 0.000000 0.987245
vn -0.459292 0.000000 0.888285
vn -0.459292 0.000000 0.888285
vn -0.459292 0.000000 0.888285
vn -0.459292 0.000000 0.888285
vn -0.707107 0.000000 0.707107
vn -0.707107 0.000000 0.707107
vn -0.707107 0.000000 0.707107
vn -0.707107 0.000000 0.707107
vn 0.000000 0.159207 0.987245
vn 0.000000 0.159207 0.987245
vn 0.000000 0.159207 0.987245
vn 0.000000 0.159207 0.987245
vn 0.000000 0.459292 0.888285
vn 0.000000 0.459292 0.888285
vn 0.000000 0.459292 0.888285
vn 0.000000 0.459292 0.888285
vn 0.000000 0.707107 0.707107
vn 0.000000 0.707107 0.707107
vn 0.000000 0.707107 0.707107
vn 0.000000 0.707107 0.707107
vn 0.159207 0.000000 0.987245
vn 0.159207 0.000000 0.987245
vn 0.159207 0.000000 0.987245
vn 0.159207 0.000000 0.987245
vn 0.459292 0.000000 0.888285
vn 0.459292 0.000000 0.888285
vn 0.459292 0.000000 0.888285
vn 0.459292 0.000000 0.888285
vn 0.707107 0.000000 0.707107
vn 0.707107 0.000000 0.707107
vn 0.707107 0.000000 0.707107
vn 0.707107 0.000000 0.707107
vn 0.000000 -0.159207 0.987245
vn 0.000000 -0.159207 0.987245
vn 0.000000 -0.159207 0.987245
vn 0.000000 -0.159207 0.987245
vn 0.000000 -0.459412 0.888223
vn 0.000000 -0.459412 0.888223
vn 0.000000 -0.459412 0.888223
vn 0.000000 -0.459371 0.888244
vn 0.000000 -0.459371 0.888244
vn 0.000000 -0.459371 0.888244
vn 0.987245 0.000000 0.159207
vn 0.987245 0.000000 0.159207
vn 0.987245 0.000000 0.159207
vn 0.987245 0.000000 0.159207
vn 0.888285 0.000000 0.459292
vn 0.888285 0.000000 0.459292
vn 0.888285 0.000000 0.459292
vn 0.888285 0.000000 0.459292
vn 0.987245 0.159207 0.000000
vn 0.987245 0.159207 0.000000
vn 0.987245 0.159207 0.000000
vn 0.987245 0.159207 0.000000
vn 0.888285 0.459292 0.000000
vn 0.888285 0.459292 0.000000
vn 0.888285 0.459292 0.000000
vn 0.888285 0.459292 0.000000
vn 0.707107 0.707107 0.000000
vn 0.707107 0.707107 0.000000
vn 0.707107 0.707107 0.000000
vn 0.707107 0.707107 0.000000
vn 0.987245 0.000000 -0.159207
vn 0.987245 0.000000 -0.159207
vn 0.987245 0.000000 -0.159207
vn 0.987245 0.000000 -0.159207
vn 0.888285 0.000000 -0.459292
vn 0.888285 0.000000 -0.459292
vn 0.888285 0.000000 -0.459292
vn 0.888285 0.000000 -0.459292
vn 0.707107 0.000000 -0.707107
vn 0.707107 0.000000 -0.707107
vn 0.707107 0.000000 -0.707107
vn 0.707107 0.000000 -0.707107
vn 0.987245 -0.159207 0.000000
vn 0.987245 -0.159207 0.000000
vn 0.987245 -0.159207 0.000000
vn 0.987245 -0.159207 0.000000
vn 0.888223 -0.459412 0.000000
vn 0.888223 -0.459412 0.000000
vn 0.888223 -0.459412 0.000000
vn 0.888223 -0.459412 0.000000
vn 0.000000 -0.159305 -0.987229
vn 0.000000 -0.159305 -0.987229
vn 0.000000 -0.159305 -0.987229
vn 0.000000 -0.159207 -0.987245
vn 0.000000 -0.159207 -0.987245
vn 0.000000 -0.159207 -0.987245
vn 0.000000 -0.459412 -0.888223
vn 0.000000 -0.459412 -0.888223
vn 0.000000 -0.459412 -0.888223
vn 0.000000 -0.459412 -0.888223
vn 0.159207 0.000000 -0.987245
vn 0.159207 0.000000 -0.987245
vn 0.159207 0.000000 -0.987245
vn 0.159207 0.000000 -0.987245
vn 0.459292 0.000000 -0.888285
vn 0.459292 0.000000 -0.888285
vn 0.459292 0.000000 -0.888285
vn 0.459292 0.000000 -0.888285
vn 0.000000 0.159207 -0.987245
vn 0.000000 0.159207 -0.987245
vn 0.000000 0.159207 -0.987245
vn 0.000000 0.159207 -0.987245
vn 0.000000 0.459292 -0.888285
vn 0.000000 0.459292 -0.888285
vn 0.000000 0.459292 -0.888285
vn 0.000000 0.459292 -0.888285
vn 0.000000 0.707107 -0.707107
vn 0.000000 0.707107 -0.707107
vn 0.000000 0.707107 -0.707107
vn 0.000000 0.707107 -0.707107
vn -0.159207 0.000000 -0.987245
vn -0.159207 0.000000 -0.987245
vn -0.159207 0.000000 -0.987245
vn -0.159207 0.000000 -0.987245
vn -0.459292 0.000000 -0.888285
vn -0.459292 0.000000 -0.888285
vn -0.459292 0.000000 -0.888285
vn -0.459292 0.000000 -0.888285
vn -0.707107 0.000000 -0.707107
vn -0.707107 0.000000 -0.707107
vn -0.707107 0.000000 -0.707107
vn -0.707107 0.000000 -0.707107
vn -0.987245 -0.159207 0.000000
vn -0.987245 -0.159207 0.000000
vn -0.987245 -0.159207 0.000000
vn -0.987245 -0.159207 0.000000
vn -0.888223 -0.459412 0.000000
vn -0.888223 -0.459412 0.000000
vn -0.888223 -0.459412 0.000000
vn -0.888223 -0.459412 0.000000
vn -0.987245 0.000000 -0.159207
vn -0.987245 0.000000 -0.159207
vn -0.987245 0.000000 -0.159207
vn -0.987245 0.000000 -0.159207
vn -0.888285 0.000000 -0.459292
vn -0.888285 0.000000 -0.459292
vn -0.888285 0.000000 -0.459292
vn -0.888285 0.000000 -0.459292
vn -0.987245 0.159207 0.000000
vn -0.987245 0.159207 0.000000
vn -0.987245 0.159207 0.000000
vn -0.987245 0.159207 0.000000
vn -0.888285 0.459292 0.000000
vn -0.888285 0.459292 0.000000
vn -0.888285 0.459292 0.000000
vn -0.888285 0.459292 0.000000
vn -0.707107 0.707107 0.000000
vn -0.707107 0.707107 0.000000
vn -0.707107 0.707107 0.000000
vn -0.707107 0.707107 0.000000
vn -0.987245 0.000000 0.159207
vn -0.987245 0.000000 0.159207
vn -0.987245 0.000000 0.159207
vn -0.987245 0.000000 0.159207
vn -0.888244 0.000000 0.459371
vn -0.888244 0.000000 0.459371
vn -0.888244 0.000000 0.459371
vn -0.888285 0.000000 0.459292
vn -0.888285 0.000000 0.459292
vn -0.888285 0.000000 0.459292
vn -0.158997 0.987279 0.000000
vn -0.158997 0.987279 0.000000
vn -0.158997 0.987279 0.000000
vn -0.159094 0.987264 0.000000
vn -0.159094 0.987264 0.000000
vn -0.159094 0.987264 0.000000
vn -0.459412 0.888223 0.000000
vn -0.459412 0.888223 0.000000
vn -0.459412 0.888223 0.000000
vn -0.459412 0.888223 0.000000
vn 0.000000 0.987264 -0.159094
vn 0.000000 0.987264 -0.159094
vn 0.000000 0.987264 -0.159094
vn 0.000000 0.987264 -0.159094
vn 0.000000 0.888285 -0.459292
vn 0.000000 0.888285 -0.459292
vn 0.000000 0.888285 -0.459292
vn 0.000000 0.888244 -0.459371
vn 0.000000 0.888244 -0.459371
vn 0.000000 0.888244 -0.459371
vn 0.158997 0.987279 0.000000
vn 0.158997 0.987279 0.000000
vn 0.158997 0.987279 0.000000
vn 0.159094 0.987264 0.000000
vn 0.159094 0.987264 0.000000
vn 0.159094 0.987264 0.000000
vn 0.459371 0.888244 0.000000
vn 0.459371 0.888244 0.000000
vn 0.459371 0.888244 0.000000
vn 0.459412 0.888223 0.000000
vn 0.459412 0.888223 0.000000
vn 0.459412 0.888223 0.000000
vn 0.000000 0.987264 0.159094
vn 0.000000 0.987264 0.159094
vn 0.000000 0.987264 0.159094
vn 0.000000 0.987264 0.159094
vn 0.000000 0.888244 0.459371
vn 0.000000 0.888244 0.459371
vn 0.000000 0.888244 0.459371
vn 0.000000 0.888223 0.459412
vn 0.000000 0.888223 0.459412
vn 0.000000 0.888223 0.459412
vn -0.087099 -0.087099 0.992385
vn -0.087099 -0.087099 0.992385
vn -0.087099 -0.087099 0.992385
vn -0.312691 -0.312791 0.896876
vn -0.312691 -0.312791 0.896876
vn -0.312691 -0.312791 0.896876
vn -0.312910 -0.312710 0.896828
vn -0.312910 -0.312710 0.896828
vn -0.312910 -0.312710 0.896828
vn -0.992402 -0.087000 0.087000
vn -0.992402 -0.087000 0.087000
vn -0.992402 -0.087000 0.087000
vn -0.896876 -0.312791 0.312691
vn -0.896876 -0.312791 0.312691
vn -0.896876 -0.312791 0.312691
vn -0.896876 -0.312691 0.312791
vn -0.896876 -0.312691 0.312791
vn -0.896876 -0.312691 0.312791
vn -0.086999 -0.992393 0.087099
vn -0.086999 -0.992393 0.087099
vn -0.086999 -0.992393 0.087099
vn -0.312782 -0.896847 0.312782
vn -0.312782 -0.896847 0.312782
vn -0.312782 -0.896847 0.312782
vn -0.312810 -0.896828 0.312810
vn -0.312810 -0.896828 0.312810
vn -0.312810 -0.896828 0.312810
vn -0.577284 -0.577384 0.577384
vn -0.577284 -0.577384 0.577384
vn -0.577284 -0.577384 0.577384
vn -0.577317 -0.577417 0.577317
vn -0.577317 -0.577417 0.577317
vn -0.577317 -0.577417 0.577317
vn -0.577317 -0.577417 0.577317
vn -0.577384 -0.577384 0.577284
vn -0.577384 -0.577384 0.577284
vn -0.577384 -0.577384 0.577284
vn 0.992393 -0.086999 0.087099
vn 0.992393 -0.086999 0.087099
vn 0.992393 -0.086999 0.087099
vn 0.896876 -0.312791 0.312691
vn 0.896876 -0.312791 0.312691
vn 0.896876 -0.312791 0.312691
vn 0.896856 -0.312719 0.312819
vn 0.896856 -0.312719 0.312819
vn 0.896856 -0.312719 0.312819
vn 0.087099 -0.087099 0.992385
vn 0.087099 -0.087099 0.992385
vn 0.087099 -0.087099 0.992385
vn 0.312691 -0.312791 0.896876
vn 0.312691 -0.312791 0.896876
vn 0.312691 -0.312791 0.896876
vn 0.312801 -0.312601 0.896904
vn 0.312801 -0.312601 0.896904
vn 0.312801 -0.312601 0.896904
vn 0.086999 -0.992393 0.087099
vn 0.086999 -0.992393 0.087099
vn 0.086999 -0.992393 0.087099
vn 0.312782 -0.896847 0.312782
vn 0.312782 -0.896847 0.312782
vn 0.312782 -0.896847 0.312782
vn 0.312782 -0.896847 0.312782
vn 0.577350 -0.577350 0.577350
vn 0.577350 -0.577350 0.577350
vn 0.577350 -0.577350 0.577350
vn 0.577317 -0.577417 0.577317
vn 0.577317 -0.577417 0.577317
vn 0.577317 -0.577417 0.577317
vn 0.577317 -0.577417 0.577317
vn 0.577284 -0.577384 0.577384
vn 0.577284 -0.577384 0.577384
vn 0.577284 -0.577384 0.577384
vn 0.087099 -0.086999 -0.992393
vn 0.087099 -0.086999 -0.992393
vn 0.087099 -0.086999 -0.992393
vn 0.312691 -0.312791 -0.896876
vn 0.312691 -0.312791 -0.896876
vn 0.312691 -0.312791 -0.896876
vn 0.312910 -0.312710 -0.896828
vn 0.312910 -0.312710 -0.896828
vn 0.312910 -0.312710 -0.896828
vn 0.992393 -0.086999 -0.087099
vn 0.992393 -0.086999 -0.087099
vn 0.992393 -0.086999 -0.087099
vn 0.896876 -0.312791 -0.312691
vn 0.896876 -0.312791 -0.312691
vn 0.896876 -0.312791 -0.312691
vn 0.896904 -0.312601 -0.312801
vn 0.896904 -0.312601 -0.312801
vn 0.896904 -0.312601 -0.312801
vn 0.086999 -0.992393 -0.087099
vn 0.086999 -0.992393 -0.087099
vn 0.086999 -0.992393 -0.087099
vn 0.312810 -0.896828 -0.312810
vn 0.312810 -0.896828 -0.312810
vn 0.312810 -0.896828 -0.312810
vn 0.312810 -0.896828 -0.312810
vn 0.577350 -0.577350 -0.577350
vn 0.577350 -0.577350 -0.577350
vn 0.577350 -0.577350 -0.577350
vn 0.577284 -0.577384 -0.577384
vn 0.577284 -0.577384 -0.577384
vn 0.577284 -0.577384 -0.577384
vn 0.577317 -0.577417 -0.577317
vn 0.577317 -0.577417 -0.577317
vn 0.577317 -0.577417 -0.577317
vn 0.577384 -0.577384 -0.577284
vn 0.577384 -0.577384 -0.577284
vn 0.577384 -0.577384 -0.577284
vn -0.992402 -0.087000 -0.087000
vn -0.992402 -0.087000 -0.087000
vn -0.992402 -0.087000 -0.087000
vn -0.896876 -0.312791 -0.312691
vn -0.896876 -0.312791 -0.312691
vn -0.896876 -0.312791 -0.312691
vn -0.896904 -0.312701 -0.312701
vn -0.896904 -0.312701 -0.312701
vn -0.896904 -0.312701 -0.312701
vn -0.087099 -0.087099 -0.992385
vn -0.087099 -0.087099 -0.992385
vn -0.087099 -0.087099 -0.992385
vn -0.312719 -0.312819 -0.896856
vn -0.312719 -0.312819 -0.896856
vn -0.312719 -0.312819 -0.896856
vn -0.312791 -0.312691 -0.896876
vn -0.312791 -0.312691 -0.896876
vn -0.312791 -0.312691 -0.896876
vn -0.086999 -0.992393 -0.087099
vn -0.086999 -0.992393 -0.087099
vn -0.086999 -0.992393 -0.087099
vn -0.312810 -0.896828 -0.312810
vn -0.312810 -0.896828 -0.312810
vn -0.312810 -0.896828 -0.312810
vn -0.312900 -0.896800 -0.312800
vn -0.312900 -0.896800 -0.312800
vn -0.312900 -0.896800 -0.312800
vn -0.577350 -0.577350 -0.577350
vn -0.577350 -0.577350 -0.577350
vn -0.577350 -0.577350 -0.577350
vn -0.577317 -0.577417 -0.577317
vn -0.577317 -0.577417 -0.577317
vn -0.577317 -0.577417 -0.577317
vn -0.577317 -0.577417 -0.577317
vn -0.577284 -0.577384 -0.577384
vn -0.577284 -0.577384 -0.577384
vn -0.577284 -0.577384 -0.577384
vn -0.086901 0.992411 0.087001
vn -0.086901 0.992411 0.087001
vn -0.086901 0.992411 0.087001
vn -0.312810 0.896828 0.312810
vn -0.312810 0.896828 0.312810
vn -0.312810 0.896828 0.312810
vn -0.312782 0.896847 0.312782
vn -0.312782 0.896847 0.312782
vn -0.312782 0.896847 0.312782
vn -0.992402 0.087000 0.087000
vn -0.992402 0.087000 0.087000
vn -0.992402 0.087000 0.087000
vn -0.896876 0.312691 0.312791
vn -0.896876 0.312691 0.312791
vn -0.896876 0.312691 0.312791
vn -0.896904 0.312701 0.312701
vn -0.896904 0.312701 0.312701
vn -0.896904 0.312701 0.312701
vn -0.087099 0.087099 0.992385
vn -0.087099 0.087099 0.992385
vn -0.087099 0.087099 0.992385
vn -0.312791 0.312691 0.896876
vn -0.312791 0.312691 0.896876
vn -0.312791 0.312691 0.896876
vn -0.312801 0.312601 0.896904
vn -0.312801 0.312601 0.896904
vn -0.312801 0.312601 0.896904
vn -0.577417 0.577317 0.577317
vn -0.577417 0.577317 0.577317
vn -0.577417 0.577317 0.577317
vn -0.577384 0.577284 0.577384
vn -0.577384 0.577284 0.577384
vn -0.577384 0.577284 0.577384
vn -0.577317 0.577317 0.577417
vn -0.577317 0.577317 0.577417
vn -0.577317 0.577317 0.577417
vn -0.577384 0.577284 0.577384
vn -0.577384 0.577284 0.577384
vn 0.992393 0.086999 0.087099
vn 0.992393 0.086999 0.087099
vn 0.992393 0.086999 0.087099
vn 0.896876 0.312691 0.312791
vn 0.896876 0.312691 0.312791
vn 0.896876 0.312691 0.312791
vn 0.896876 0.312691 0.312791
vn 0.086901 0.992411 0.087001
vn 0.086901 0.992411 0.087001
vn 0.086901 0.992411 0.087001
vn 0.312810 0.896828 0.312810
vn 0.312810 0.896828 0.312810
vn 0.312810 0.896828 0.312810
vn 0.312701 0.896904 0.312701
vn 0.312701 0.896904 0.312701
vn 0.312701 0.896904 0.312701
vn 0.087099 0.087099 0.992385
vn 0.087099 0.087099 0.992385
vn 0.087099 0.087099 0.992385
vn 0.312791 0.312691 0.896876
vn 0.312791 0.312691 0.896876
vn 0.312791 0.312691 0.896876
vn 0.312791 0.312691 0.896876
vn 0.577384 0.577284 0.577384
vn 0.577384 0.577284 0.577384
vn 0.577384 0.577284 0.577384
vn 0.577384 0.577284 0.577384
vn 0.577284 0.577384 0.577384
vn 0.577284 0.577384 0.577384
vn 0.577284 0.577384 0.577384
vn 0.577350 0.577350 0.577350
vn 0.577350 0.577350 0.577350
vn 0.577350 0.577350 0.577350
vn 0.087099 0.086999 -0.992393
vn 0.087099 0.086999 -0.992393
vn 0.087099 0.086999 -0.992393
vn 0.312791 0.312691 -0.896876
vn 0.312791 0.312691 -0.896876
vn 0.312791 0.312691 -0.896876
vn 0.312791 0.312691 -0.896876
vn 0.086901 0.992411 -0.087001
vn 0.086901 0.992411 -0.087001
vn 0.086901 0.992411 -0.087001
vn 0.312782 0.896847 -0.312782
vn 0.312782 0.896847 -0.312782
vn 0.312782 0.896847 -0.312782
vn 0.312782 0.896847 -0.312782
vn 0.992393 0.086999 -0.087099
vn 0.992393 0.086999 -0.087099
vn 0.992393 0.086999 -0.087099
vn 0.896876 0.312691 -0.312791
vn 0.896876 0.312691 -0.312791
vn 0.896876 0.312691 -0.312791
vn 0.896876 0.312691 -0.312791
vn 0.577384 0.577284 -0.577384
vn 0.577384 0.577284 -0.577384
vn 0.577384 0.577284 -0.577384
vn 0.577384 0.577284 -0.577384
vn 0.577284 0.577384 -0.577384
vn 0.577284 0.577384 -0.577384
vn 0.577284 0.577384 -0.577384
vn 0.577384 0.577384 -0.577284
vn 0.577384 0.577384 -0.577284
vn 0.577384 0.577384 -0.577284
vn -0.992402 0.087000 -0.087000
vn -0.992402 0.087000 -0.087000
vn -0.992402 0.087000 -0.087000
vn -0.896876 0.312691 -0.312791
vn -0.896876 0.312691 -0.312791
vn -0.896876 0.312691 -0.312791
vn -0.896904 0.312601 -0.312801
vn -0.896904 0.312601 -0.312801
vn -0.896904 0.312601 -0.312801
vn -0.086901 0.992411 -0.087001
vn -0.086901 0.992411 -0.087001
vn -0.086901 0.992411 -0.087001
vn -0.312782 0.896847 -0.312782
vn -0.312782 0.896847 -0.312782
vn -0.312782 0.896847 -0.312782
vn -0.312810 0.896828 -0.312810
vn -0.312810 0.896828 -0.312810
vn -0.312810 0.896828 -0.312810
vn -0.087099 0.087099 -0.992385
vn -0.087099 0.087099 -0.992385
vn -0.087099 0.087099 -0.992385
vn -0.312701 0.312701 -0.896904
vn -0.312701 0.312701 -0.896904
vn -0.312701 0.312701 -0.896904
vn -0.312791 0.312691 -0.896876
vn -0.312791 0.312691 -0.896876
vn -0.312791 0.312691 -0.896876
vn -0.577384 0.577284 -0.577384
vn -0.577384 0.577284 -0.577384
vn -0.577384 0.577284 -0.577384
vn -0.577384 0.577284 -0.577384
vn -0.577317 0.577417 -0.577317
vn -0.577317 0.577417 -0.577317
vn -0.577317 0.577417 -0.577317
vn -0.577384 0.577284 -0.577384
vn -0.577384 0.577284 -0.577384
vn 0.000000 -1.000000 0.000000
vn 0.000000 -1.000000 0.000000
vn 0.000000 -1.000000 0.000000
vn 0.000000 -1.000000 0.000000
vn 0.000000 0.000000 1.000000
vn 0.000000 0.000000 1.000000
vn 0.000000 0.000000 1.000000
vn 0.000000 0.000000 1.000000
vn -1.000000 0.000000 0.000000
vn -1.000000 0.000000 0.000000
vn -1.000000 0.000000 0.000000
vn -1.000000 0.000000 0.000000
vn 0.000000 0.000000 -1.000000
vn 0.000000 0.000000 -1.000000
vn 0.000000 0.000000 -1.000000
vn 0.000000 0.000000 -1.000000
vn 1.000000 0.000000 0.000000
vn 1.000000 0.000000 0.000000
vn 1.000000 0.000000 0.000000
vn 1.000000 0.000000 0.000000
vn 0.000000 1.000000 0.000000
vn 0.000000 1.000000 0.000000
vn 0.000000 1.000000 0.000000
vn 0.000000 1.000000 0.000000
vn 0.000000 -0.987229 0.159305
vn 0.000000 -0.987229 0.159305
vn 0.000000 -0.987229 0.159305
vn 0.000000 -0.987229 0.159305
vn 0.000000 -0.888223 0.459412
vn 0.000000 -0.888223 0.459412
vn 0.000000 -0.888223 0.459412
vn 0.000000 -0.888244 0.459371
vn 0.000000 -0.888244 0.459371
vn 0.000000 -0.888244 0.459371
vn 0.000000 -0.707107 0.707107
vn 0.000000 -0.707107 0.707107
vn 0.000000 -0.707107 0.707107
vn 0.000000 -0.707107 0.707107
vn -0.159305 -0.987229 0.000000
vn -0.159305 -0.987229 0.000000
vn -0.159305 -0.987229 0.000000
vn -0.159305 -0.987229 0.000000
vn -0.459292 -0.888285 0.000000
vn -0.459292 -0.888285 0.000000
vn -0.459292 -0.888285 0.000000
vn -0.459412 -0.888223 0.000000
vn -0.459412 -0.888223 0.000000
vn -0.459412 -0.888223 0.000000
vn -0.707107 -0.707107 0.000000
vn -0.707107 -0.707107 0.000000
vn -0.707107 -0.707107 0.000000
vn -0.707107 -0.707107 0.000000
vn 0.000000 -0.987229 -0.159305
vn 0.000000 -0.987229 -0.159305
vn 0.000000 -0.987229 -0.159305
vn 0.000000 -0.987229 -0.159305
vn 0.000000 -0.888285 -0.459292
vn 0.000000 -0.888285 -0.459292
vn 0.000000 -0.888285 -0.459292
vn 0.000000 -0.888244 -0.459371
vn 0.000000 -0.888244 -0.459371
vn 0.000000 -0.888244 -0.459371
vn 0.000000 -0.707107 -0.707107
vn 0.000000 -0.707107 -0.707107
vn 0.000000 -0.707107 -0.707107
vn 0.000000 -0.707107 -0.707107
vn 0.159305 -0.987229 0.000000
vn 0.159305 -0.987229 0.000000
vn 0.159305 -0.987229 0.000000
vn 0.159305 -0.987229 0.000000
vn 0.459371 -0.888244 0.000000
vn 0.459371 -0.888244 0.000000
vn 0.459371 -0.888244 0.000000
vn 0.459412 -0.888223 0.000000
vn 0.459412 -0.888223 0.000000
vn 0.459412 -0.888223 0.000000
vn 0.707107 -0.707107 0.000000
vn 0.707107 -0.707107 0.000000
vn 0.707107 -0.707107 0.000000
vn 0.707107 -0.707107 0.000000
vn 0.159207 0.000000 0.987245
vn 0.159207 0.000000 0.987245
vn 0.159207 0.000000 0.987245
vn 0.159207 0.000000 0.987245
vn 0.459292 0.000000 0.888285
vn 0.459292 0.000000 0.888285
vn 0.459292 0.000000 0.888285
vn 0.459292 0.000000 0.888285
vn 0.707107 0.000000 0.707107
vn 0.707107 0.000000 0.707107
vn 0.707107 0.000000 0.707107
vn 0.707107 0.000000 0.707107
vn 0.000000 0.159207 0.987245
vn 0.000000 0.159207 0.987245
vn 0.000000 0.159207 0.987245
vn 0.000000 0.159207 0.987245
vn 0.000000 0.459292 0.888285
vn 0.000000 0.459292 0.888285
vn 0.000000 0.459292 0.888285
vn 0.000000 0.459292 0.888285
vn 0.000000 0.707107 0.707107
vn 0.000000 0.707107 0.707107
vn 0.000000 0.707107 0.707107
vn 0.000000 0.707107 0.707107
vn -0.159207 0.000000 0.987245
vn -0.159207 0.000000 0.987245
vn -0.159207 0.000000 0.987245
vn -0.159207 0.000000 0.987245
vn -0.459292 0.000000 0.888285
vn -0.459292 0.000000 0.888285
vn -0.459292 0.000000 0.888285
vn -0.459292 0.000000 0.888285
vn -0.707107 0.000000 0.707107
vn -0.707107 0.000000 0.707107
vn -0.707107 0.000000 0.707107
vn -0.707107 0.000000 0.707107
vn 0.000000 -0.159207 0.987245
vn 0.000000 -0.159207 0.987245
vn 0.000000 -0.159207 0.987245
vn 0.000000 -0.159207 0.987245
vn 0.000000 -0.459412 0.888223
vn 0.000000 -0.459412 0.888223
vn 0.000000 -0.459412 0.888223
vn 0.000000 -0.459292 0.888285
vn 0.000000 -0.459292 0.888285
vn 0.000000 -0.459292 0.888285
vn -0.987245 0.000000 0.159207
vn -0.987245 0.000000 0.159207
vn -0.987245 0.000000 0.159207
vn -0.987245 0.000000 0.159207
vn -0.888285 0.000000 0.459292
vn -0.888285 0.000000 0.459292
vn -0.888285 0.000000 0.459292
vn -0.888285 0.000000 0.459292
vn -0.987245 0.159207 0.000000
vn -0.987245 0.159207 0.000000
vn -0.987245 0.159207 0.000000
vn -0.987245 0.159207 0.000000
vn -0.888285 0.459292 0.000000
vn -0.888285 0.459292 0.000000
vn -0.888285 0.459292 0.000000
vn -0.888285 0.459292 0.000000
vn -0.707107 0.707107 0.000000
vn -0.707107 0.707107 0.000000
vn -0.707107 0.707107 0.000000
vn -0.707107 0.707107 0.000000
vn -0.987245 0.000000 -0.159207
vn -0.987245 0.000000 -0.159207
vn -0.987245 0.000000 -0.159207
vn -0.987245 0.000000 -0.159207
vn -0.888285 0.000000 -0.459292
vn -0.888285 0.000000 -0.459292
vn -0.888285 0.000000 -0.459292
vn -0.888285 0.000000 -0.459292
vn -0.707107 0.000000 -0.707107
vn -0.707107 0.000000 -0.707107
vn -0.707107 0.000000 -0.707107
vn -0.707107 0.000000 -0.707107
vn -0.987245 -0.159207 0.000000
vn -0.987245 -0.159207 0.000000
vn -0.987245 -0.159207 0.000000
vn -0.987245 -0.159207 0.000000
vn -0.888223 -0.459412 0.000000
vn -0.888223 -0.459412 0.000000
vn -0.888223 -0.459412 0.000000
vn -0.888223 -0.459412 0.000000
vn 0.000000 -0.159305 -0.987229
vn 0.000000 -0.159305 -0.987229
vn 0.000000 -0.159305 -0.987229
vn 0.000000 -0.159207 -0.987245
vn 0.000000 -0.159207 -0.987245
vn 0.000000 -0.159207 -0.987245
vn 0.000000 -0.459412 -0.888223
vn 0.000000 -0.459412 -0.888223
vn 0.000000 -0.459412 -0.888223
vn 0.000000 -0.459292 -0.888285
vn 0.000000 -0.459292 -0.888285
vn 0.000000 -0.459292 -0.888285
vn -0.159207 0.000000 -0.987245
vn -0.159207 0.000000 -0.987245
vn -0.159207 0.000000 -0.987245
vn -0.159207 0.000000 -0.987245
vn -0.459292 0.000000 -0.888285
vn -0.459292 0.000000 -0.888285
vn -0.459292 0.000000 -0.888285
vn -0.459292 0.000000 -0.888285
vn 0.000000 0.159305 -0.987229
vn 0.000000 0.159305 -0.987229
vn 0.000000 0.159305 -0.987229
vn 0.000000 0.159207 -0.987245
vn 0.000000 0.159207 -0.987245
vn 0.000000 0.159207 -0.987245
vn 0.000000 0.459292 -0.888285
vn 0.000000 0.459292 -0.888285
vn 0.000000 0.459292 -0.888285
vn 0.000000 0.459292 -0.888285
vn 0.000000 0.707107 -0.707107
vn 0.000000 0.707107 -0.707107
vn 0.000000 0.707107 -0.707107
vn 0.000000 0.707107 -0.707107
vn 0.159207 0.000000 -0.987245
vn 0.159207 0.000000 -0.987245
vn 0.159207 0.000000 -0.987245
vn 0.159207 0.000000 -0.987245
vn 0.459292 0.000000 -0.888285
vn 0.459292 0.000000 -0.888285
vn 0.459292 0.000000 -0.888285
vn 0.459292 0.000000 -0.888285
vn 0.707107 0.000000 -0.707107
vn 0.707107 0.000000 -0.707107
vn 0.707107 0.000000 -0.707107
vn 0.707107 0.000000 -0.707107
vn 0.987245 -0.159207 0.000000
vn 0.987245 -0.159207 0.000000
vn 0.987245 -0.159207 0.000000
vn 0.987245 -0.159207 0.000000
vn 0.888223 -0.459412 0.000000
vn 0.888223 -0.459412 0.000000
vn 0.888223 -0.459412 0.000000
vn 0.888223 -0.459412 0.000000
vn 0.987245 0.000000 -0.159207
vn 0.987245 0.000000 -0.159207
vn 0.987245 0.000000 -0.159207
vn 0.987245 0.000000 -0.159207
vn 0.888285 0.000000 -0.459292
vn 0.888285 0.000000 -0.459292
vn 0.888285 0.000000 -0.459292
vn 0.888285 0.000000 -0.459292
vn 0.987245 0.159207 0.000000
vn 0.987245 0.159207 0.000000
vn 0.987245 0.159207 0.000000
vn 0.987245 0.159207 0.000000
vn 0.888285 0.459292 0.000000
vn 0.888285 0.459292 0.000000
vn 0.888285 0.459292 0.000000
vn 0.888285 0.459292 0.000000
vn 0.707107 0.707107 0.000000
vn 0.707107 0.707107 0.000000
vn 0.707107 0.707107 0.000000
vn 0.707107 0.707107 0.000000
vn 0.987245 0.000000 0.159207
vn 0.987245 0.000000 0.159207
vn 0.987245 0.000000 0.159207
vn 0.987245 0.000000 0.159207
vn 0.888244 0.000000 0.459371
vn 0.888244 0.000000 0.459371
vn 0.888244 0.000000 0.459371
vn 0.888285 0.000000 0.459292
vn 0.888285 0.000000 0.459292
vn 0.888285 0.000000 0.459292
vn 0.159094 0.987264 0.000000
vn 0.159094 0.987264 0.000000
vn 0.159094 0.987264 0.000000
vn 0.159094 0.987264 0.000000
vn 0.459412 0.888223 0.000000
vn 0.459412 0.888223 0.000000
vn 0.459412 0.888223 0.000000
vn 0.459412 0.888223 0.000000
vn 0.000000 0.987264 -0.159094
vn 0.000000 0.987264 -0.159094
vn 0.000000 0.987264 -0.159094
vn 0.000000 0.987264 -0.159094
vn 0.000000 0.888285 -0.459292
vn 0.000000 0.888285 -0.459292
vn 0.000000 0.888285 -0.459292
vn 0.000000 0.888244 -0.459371
vn 0.000000 0.888244 -0.459371
vn 0.000000 0.888244 -0.459371
vn -0.159094 0.987264 0.000000
vn -0.159094 0.987264 0.000000
vn -0.159094 0.987264 0.000000
vn -0.159094 0.987264 0.000000
vn -0.459371 0.888244 0.000000
vn -0.459371 0.888244 0.000000
vn -0.459371 0.888244 0.000000
vn -0.459412 0.888223 0.000000
vn -0.459412 0.888223 0.000000
vn -0.459412 0.888223 0.000000
vn 0.000000 0.987264 0.159094
vn 0.000000 0.987264 0.159094
vn 0.000000 0.987264 0.159094
vn 0.000000 0.987264 0.159094
vn 0.000000 0.888223 0.459412
vn 0.000000 0.888223 0.459412
vn 0.000000 0.888223 0.459412
vn 0.000000 0.888223 0.459412
vn 0.087099 -0.087099 0.992385
vn 0.087099 -0.087099 0.992385
vn 0.087099 -0.087099 0.992385
vn 0.312691 -0.312791 0.896876
vn 0.312691 -0.312791 0.896876
vn 0.312691 -0.312791 0.896876
vn 0.312910 -0.312710 0.896828
vn 0.312910 -0.312710 0.896828
vn 0.312910 -0.312710 0.896828
vn 0.992402 -0.087000 0.087000
vn 0.992402 -0.087000 0.087000
vn 0.992402 -0.087000 0.087000
vn 0.896876 -0.312791 0.312691
vn 0.896876 -0.312791 0.312691
vn 0.896876 -0.312791 0.312691
vn 0.896876 -0.312691 0.312791
vn 0.896876 -0.312691 0.312791
vn 0.896876 -0.312691 0.312791
vn 0.087099 -0.992385 0.087099
vn 0.087099 -0.992385 0.087099
vn 0.087099 -0.992385 0.087099
vn 0.312810 -0.896828 0.312810
vn 0.312810 -0.896828 0.312810
vn 0.312810 -0.896828 0.312810
vn 0.312810 -0.896828 0.312810
vn 0.577384 -0.577384 0.577284
vn 0.577384 -0.577384 0.577284
vn 0.577384 -0.577384 0.577284
vn 0.577317 -0.577417 0.577317
vn 0.577317 -0.577417 0.577317
vn 0.577317 -0.577417 0.577317
vn 0.577317 -0.577417 0.577317
vn 0.577284 -0.577384 0.577384
vn 0.577284 -0.577384 0.577384
vn 0.577284 -0.577384 0.577384
vn -0.992393 -0.086999 0.087099
vn -0.992393 -0.086999 0.087099
vn -0.992393 -0.086999 0.087099
vn -0.896876 -0.312791 0.312691
vn -0.896876 -0.312791 0.312691
vn -0.896876 -0.312791 0.312691
vn -0.896856 -0.312719 0.312819
vn -0.896856 -0.312719 0.312819
vn -0.896856 -0.312719 0.312819
vn -0.087099 -0.087099 0.992385
vn -0.087099 -0.087099 0.992385
vn -0.087099 -0.087099 0.992385
vn -0.312691 -0.312791 0.896876
vn -0.312691 -0.312791 0.896876
vn -0.312691 -0.312791 0.896876
vn -0.312801 -0.312601 0.896904
vn -0.312801 -0.312601 0.896904
vn -0.312801 -0.312601 0.896904
vn -0.087099 -0.992385 0.087099
vn -0.087099 -0.992385 0.087099
vn -0.087099 -0.992385 0.087099
vn -0.312782 -0.896847 0.312782
vn -0.312782 -0.896847 0.312782
vn -0.312782 -0.896847 0.312782
vn -0.312810 -0.896828 0.312810
vn -0.312810 -0.896828 0.312810
vn -0.312810 -0.896828 0.312810
vn -0.577284 -0.577384 0.577384
vn -0.577284 -0.577384 0.577384
vn -0.577284 -0.577384 0.577384
vn -0.577317 -0.577417 0.577317
vn -0.577317 -0.577417 0.577317
vn -0.577317 -0.577417 0.577317
vn -0.577317 -0.577417 0.577317
vn -0.577350 -0.577350 0.577350
vn -0.577350 -0.577350 0.577350
vn -0.577350 -0.577350 0.577350
vn -0.087099 -0.086999 -0.992393
vn -0.087099 -0.086999 -0.992393
vn -0.087099 -0.086999 -0.992393
vn -0.312691 -0.312791 -0.896876
vn -0.312691 -0.312791 -0.896876
vn -0.312691 -0.312791 -0.896876
vn -0.312910 -0.312710 -0.896828
vn -0.312910 -0.312710 -0.896828
vn -0.312910 -0.312710 -0.896828
vn -0.992393 -0.086999 -0.087099
vn -0.992393 -0.086999 -0.087099
vn -0.992393 -0.086999 -0.087099
vn -0.896876 -0.312791 -0.312691
vn -0.896876 -0.312791 -0.312691
vn -0.896876 -0.312791 -0.312691
vn -0.896904 -0.312601 -0.312801
vn -0.896904 -0.312601 -0.312801
vn -0.896904 -0.312601 -0.312801
vn -0.087099 -0.992385 -0.087099
vn -0.087099 -0.992385 -0.087099
vn -0.087099 -0.992385 -0.087099
vn -0.312810 -0.896828 -0.312810
vn -0.312810 -0.896828 -0.312810
vn -0.312810 -0.896828 -0.312810
vn -0.312782 -0.896847 -0.312782
vn -0.312782 -0.896847 -0.312782
vn -0.312782 -0.896847 -0.312782
vn -0.577384 -0.577384 -0.577284
vn -0.577384 -0.577384 -0.577284
vn -0.577384 -0.577384 -0.577284
vn -0.577317 -0.577417 -0.577317
vn -0.577317 -0.577417 -0.577317
vn -0.577317 -0.577417 -0.577317
vn -0.577284 -0.577384 -0.577384
vn -0.577284 -0.577384 -0.577384
vn -0.577284 -0.577384 -0.577384
vn -0.577350 -0.577350 -0.577350
vn -0.577350 -0.577350 -0.577350
vn -0.577350 -0.577350 -0.577350
vn 0.992402 -0.087000 -0.087000
vn 0.992402 -0.087000 -0.087000
vn 0.992402 -0.087000 -0.087000
vn 0.896876 -0.312791 -0.312691
vn 0.896876 -0.312791 -0.312691
vn 0.896876 -0.312791 -0.312691
vn 0.896876 -0.312691 -0.312791
vn 0.896876 -0.312691 -0.312791
vn 0.896876 -0.312691 -0.312791
vn 0.087099 -0.086999 -0.992393
vn 0.087099 -0.086999 -0.992393
vn 0.087099 -0.086999 -0.992393
vn 0.312719 -0.312819 -0.896856
vn 0.312719 -0.312819 -0.896856
vn 0.312719 -0.312819 -0.896856
vn 0.312801 -0.312601 -0.896904
vn 0.312801 -0.312601 -0.896904
vn 0.312801 -0.312601 -0.896904
vn 0.087099 -0.992385 -0.087099
vn 0.087099 -0.992385 -0.087099
vn 0.087099 -0.992385 -0.087099
vn 0.312810 -0.896828 -0.312810
vn 0.312810 -0.896828 -0.312810
vn 0.312810 -0.896828 -0.312810
vn 0.312810 -0.896828 -0.312810
vn 0.577284 -0.577384 -0.577384
vn 0.577284 -0.577384 -0.577384
vn 0.577284 -0.577384 -0.577384
vn 0.577317 -0.577417 -0.577317
vn 0.577317 -0.577417 -0.577317
vn 0.577317 -0.577417 -0.577317
vn 0.577317 -0.577417 -0.577317
vn 0.577350 -0.577350 -0.577350
vn 0.577350 -0.577350 -0.577350
vn 0.577350 -0.577350 -0.577350
vn 0.086901 0.992411 0.087001
vn 0.086901 0.992411 0.087001
vn 0.086901 0.992411 0.087001
vn 0.312810 0.896828 0.312810
vn 0.312810 0.896828 0.312810
vn 0.312810 0.896828 0.312810
vn 0.312691 0.896876 0.312791
vn 0.312691 0.896876 0.312791
vn 0.312691 0.896876 0.312791
vn 0.992402 0.087000 0.087000
vn 0.992402 0.087000 0.087000
vn 0.992402 0.087000 0.087000
vn 0.896876 0.312691 0.312791
vn 0.896876 0.312691 0.312791
vn 0.896876 0.312691 0.312791
vn 0.896876 0.312691 0.312791
vn 0.087099 0.087099 0.992385
vn 0.087099 0.087099 0.992385
vn 0.087099 0.087099 0.992385
vn 0.312791 0.312691 0.896876
vn 0.312791 0.312691 0.896876
vn 0.312791 0.312691 0.896876
vn 0.312801 0.312601 0.896904
vn 0.312801 0.312601 0.896904
vn 0.312801 0.312601 0.896904
vn 0.577384 0.577284 0.577384
vn 0.577384 0.577284 0.577384
vn 0.577384 0.577284 0.577384
vn 0.577317 0.577317 0.577417
vn 0.577317 0.577317 0.577417
vn 0.577317 0.577317 0.577417
vn 0.577384 0.577284 0.577384
vn 0.577384 0.577284 0.577384
vn 0.577417 0.577317 0.577317
vn 0.577417 0.577317 0.577317
vn 0.577417 0.577317 0.577317
vn -0.992393 0.086999 0.087099
vn -0.992393 0.086999 0.087099
vn -0.992393 0.086999 0.087099
vn -0.896876 0.312691 0.312791
vn -0.896876 0.312691 0.312791
vn -0.896876 0.312691 0.312791
vn -0.896876 0.312691 0.312791
vn -0.087000 0.992402 0.087000
vn -0.087000 0.992402 0.087000
vn -0.087000 0.992402 0.087000
vn -0.312810 0.896828 0.312810
vn -0.312810 0.896828 0.312810
vn -0.312810 0.896828 0.312810
vn -0.312701 0.896904 0.312701
vn -0.312701 0.896904 0.312701
vn -0.312701 0.896904 0.312701
vn -0.087099 0.087099 0.992385
vn -0.087099 0.087099 0.992385
vn -0.087099 0.087099 0.992385
vn -0.312701 0.312701 0.896904
vn -0.312701 0.312701 0.896904
vn -0.312701 0.312701 0.896904
vn -0.312791 0.312691 0.896876
vn -0.312791 0.312691 0.896876
vn -0.312791 0.312691 0.896876
vn -0.577350 0.577350 0.577350
vn -0.577350 0.577350 0.577350
vn -0.577350 0.577350 0.577350
vn -0.577284 0.577384 0.577384
vn -0.577284 0.577384 0.577384
vn -0.577284 0.577384 0.577384
vn -0.577384 0.577284 0.577384
vn -0.577384 0.577284 0.577384
vn -0.577384 0.577284 0.577384
vn -0.577384 0.577284 0.577384
vn -0.087099 0.086999 -0.992393
vn -0.087099 0.086999 -0.992393
vn -0.087099 0.086999 -0.992393
vn -0.312791 0.312691 -0.896876
vn -0.312791 0.312691 -0.896876
vn -0.312791 0.312691 -0.896876
vn -0.312801 0.312601 -0.896904
vn -0.312801 0.312601 -0.896904
vn -0.312801 0.312601 -0.896904
vn -0.086901 0.992411 -0.087001
vn -0.086901 0.992411 -0.087001
vn -0.086901 0.992411 -0.087001
vn -0.312782 0.896847 -0.312782
vn -0.312782 0.896847 -0.312782
vn -0.312782 0.896847 -0.312782
vn -0.312691 0.896876 -0.312791
vn -0.312691 0.896876 -0.312791
vn -0.312691 0.896876 -0.312791
vn -0.992393 0.086999 -0.087099
vn -0.992393 0.086999 -0.087099
vn -0.992393 0.086999 -0.087099
vn -0.896876 0.312691 -0.312791
vn -0.896876 0.312691 -0.312791
vn -0.896876 0.312691 -0.312791
vn -0.896876 0.312691 -0.312791
vn -0.577384 0.577384 -0.577284
vn -0.577384 0.577384 -0.577284
vn -0.577384 0.577384 -0.577284
vn -0.577284 0.577384 -0.577384
vn -0.577284 0.577384 -0.577384
vn -0.577284 0.577384 -0.577384
vn -0.577384 0.577284 -0.577384
vn -0.577384 0.577284 -0.577384
vn -0.577384 0.577284 -0.577384
vn -0.577384 0.577284 -0.577384
vn 0.992402 0.087000 -0.087000
vn 0.992402 0.087000 -0.087000
vn 0.992402 0.087000 -0.087000
vn 0.896876 0.312691 -0.312791
vn 0.896876 0.312691 -0.312791
vn 0.896876 0.312691 -0.312791
vn 0.896904 0.312601 -0.312801
vn 0.896904 0.312601 -0.312801
vn 0.896904 0.312601 -0.312801
vn 0.086901 0.992411 -0.087001
vn 0.086901 0.992411 -0.087001
vn 0.086901 0.992411 -0.087001
vn 0.312782 0.896847 -0.312782
vn 0.312782 0.896847 -0.312782
vn 0.312782 0.896847 -0.312782
vn 0.312810 0.896828 -0.312810
vn 0.312810 0.896828 -0.312810
vn 0.312810 0.896828 -0.312810
vn 0.087099 0.086999 -0.992393
vn 0.087099 0.086999 -0.992393
vn 0.087099 0.086999 -0.992393
vn 0.312791 0.312691 -0.896876
vn 0.312791 0.312691 -0.896876
vn 0.312791 0.312691 -0.896876
vn 0.312791 0.312691 -0.896876
vn 0.577384 0.577284 -0.577384
vn 0.577384 0.577284 -0.577384
vn 0.577384 0.577284 -0.577384
vn 0.577317 0.577417 -0.577317
vn 0.577317 0.577417 -0.577317
vn 0.577317 0.577417 -0.577317
vn 0.577384 0.577284 -0.577384
vn 0.577384 0.577284 -0.577384
vn 0.577384 0.577284 -0.577384
vn 0.000000 -1.000000 0.000000
vn 0.000000 -1.000000 0.000000
vn 0.000000 -1.000000 0.000000
vn 0.000000 -1.000000 0.000000
vn 0.000000 0.000000 -1.000000
vn 0.000000 0.000000 -1.000000
vn 0.000000 0.000000 -1.000000
vn 0.000000 0.000000 -1.000000
vn 1.000000 0.000000 0.000000
vn 1.000000 0.000000 0.000000
vn 1.000000 0.000000 0.000000
vn 1.000000 0.000000 0.000000
vn 0.000000 0.000000 1.000000
vn 0.000000 0.000000 1.000000
vn 0.000000 0.000000 1.000000
vn 0.000000 0.000000 1.000000
vn -1.000000 0.000000 0.000000
vn -1.000000 0.000000 0.000000
vn -1.000000 0.000000 0.000000
vn -1.000000 0.000000 0.000000
vn 0.000000 1.000000 0.000000
vn 0.000000 1.000000 0.000000
vn 0.000000 1.000000 0.000000
vn 0.000000 1.000000 0.000000
vn 0.000000 -0.987229 -0.159305
vn 0.000000 -0.987229 -0.159305
vn 0.000000 -0.987229 -0.159305
vn 0.000000 -0.987229 -0.159305
vn 0.000000 -0.888223 -0.459412
vn 0.000000 -0.888223 -0.459412
vn 0.000000 -0.888223 -0.459412
vn 0.000000 -0.888244 -0.459371
vn 0.000000 -0.888244 -0.459371
vn 0.000000 -0.888244 -0.459371
vn 0.000000 -0.707107 -0.707107
vn 0.000000 -0.707107 -0.707107
vn 0.000000 -0.707107 -0.707107
vn 0.000000 -0.707107 -0.707107
vn 0.159305 -0.987229 0.000000
vn 0.159305 -0.987229 0.000000
vn 0.159305 -0.987229 0.000000
vn 0.159305 -0.987229 0.000000
vn 0.459292 -0.888285 0.000000
vn 0.459292 -0.888285 0.000000
vn 0.459292 -0.888285 0.000000
vn 0.459412 -0.888223 0.000000
vn 0.459412 -0.888223 0.000000
vn 0.459412 -0.888223 0.000000
vn 0.707107 -0.707107 0.000000
vn 0.707107 -0.707107 0.000000
vn 0.707107 -0.707107 0.000000
vn 0.707107 -0.707107 0.000000
vn 0.000000 -0.987229 0.159305
vn 0.000000 -0.987229 0.159305
vn 0.000000 -0.987229 0.159305
vn 0.000000 -0.987229 0.159305
vn 0.000000 -0.888285 0.459292
vn 0.000000 -0.888285 0.459292
vn 0.000000 -0.888285 0.459292
vn 0.000000 -0.888244 0.459371
vn 0.000000 -0.888244 0.459371
vn 0.000000 -0.888244 0.459371
vn 0.000000 -0.707107 0.707107
vn 0.000000 -0.707107 0.707107
vn 0.000000 -0.707107 0.707107
vn 0.000000 -0.707107 0.707107
vn -0.159305 -0.987229 0.000000
vn -0.159305 -0.987229 0.000000
vn -0.159305 -0.987229 0.000000
vn -0.159305 -0.987229 0.000000
vn -0.459371 -0.888244 0.000000
vn -0.459371 -0.888244 0.000000
vn -0.459371 -0.888244 0.000000
vn -0.459412 -0.888223 0.000000
vn -0.459412 -0.888223 0.000000
vn -0.459412 -0.888223 0.000000
vn -0.707107 -0.707107 0.000000
vn -0.707107 -0.707107 0.000000
vn -0.707107 -0.707107 0.000000
vn -0.707107 -0.707107 0.000000
vn -0.159207 0.000000 -0.987245
vn -0.159207 0.000000 -0.987245
vn -0.159207 0.000000 -0.987245
vn -0.159207 0.000000 -0.987245
vn -0.459292 0.000000 -0.888285
vn -0.459292 0.000000 -0.888285
vn -0.459292 0.000000 -0.888285
vn -0.459292 0.000000 -0.888285
vn -0.707107 0.000000 -0.707107
vn -0.707107 0.000000 -0.707107
vn -0.707107 0.000000 -0.707107
vn -0.707107 0.000000 -0.707107
vn 0.000000 0.159207 -0.987245
vn 0.000000 0.159207 -0.987245
vn 0.000000 0.159207 -0.987245
vn 0.000000 0.159207 -0.987245
vn 0.000000 0.459292 -0.888285
vn 0.000000 0.459292 -0.888285
vn 0.000000 0.459292 -0.888285
vn 0.000000 0.459292 -0.888285
vn 0.000000 0.707107 -0.707107
vn 0.000000 0.707107 -0.707107
vn 0.000000 0.707107 -0.707107
vn 0.000000 0.707107 -0.707107
vn 0.159207 0.000000 -0.987245
vn 0.159207 0.000000 -0.987245
vn 0.159207 0.000000 -0.987245
vn 0.159207 0.000000 -0.987245
vn 0.459292 0.000000 -0.888285
vn 0.459292 0.000000 -0.888285
vn 0.459292 0.000000 -0.888285
vn 0.459292 0.000000 -0.888285
vn 0.707107 0.000000 -0.707107
vn 0.707107 0.000000 -0.707107
vn 0.707107 0.000000 -0.707107
vn 0.707107 0.000000 -0.707107
vn 0.000000 -0.159207 -0.987245
vn 0.000000 -0.159207 -0.987245
vn 0.000000 -0.159207 -0.987245
vn 0.000000 -0.159207 -0.987245
vn 0.000000 -0.459412 -0.888223
vn 0.000000 -0.459412 -0.888223
vn 0.000000 -0.459412 -0.888223
vn 0.000000 -0.459292 -0.888285
vn 0.000000 -0.459292 -0.888285
vn 0.000000 -0.459292 -0.888285
vn 0.987245 0.000000 -0.159207
vn 0.987245 0.000000 -0.159207
vn 0.987245 0.000000 -0.159207
vn 0.987245 0.000000 -0.159207
vn 0.888285 0.000000 -0.459292
vn 0.888285 0.000000 -0.459292
vn 0.888285 0.000000 -0.459292
vn 0.888285 0.000000 -0.459292
vn 0.987245 0.159207 0.000000
vn 0.987245 0.159207 0.000000
vn 0.987245 0.159207 0.000000
vn 0.987245 0.159207 0.000000
vn 0.888285 0.459292 0.000000
vn 0.888285 0.459292 0.000000
vn 0.888285 0.459292 0.000000
vn 0.888285 0.459292 0.000000
vn 0.707107 0.707107 0.000000
vn 0.707107 0.707107 0.000000
vn 0.707107 0.707107 0.000000
vn 0.707107 0.707107 0.000000
vn 0.987245 0.000000 0.159207
vn 0.987245 0.000000 0.159207
vn 0.987245 0.000000 0.159207
vn 0.987245 0.000000 0.159207
vn 0.888285 0.000000 0.459292
vn 0.888285 0.000000 0.459292
vn 0.888285 0.000000 0.459292
vn 0.888285 0.000000 0.459292
vn 0.707107 0.000000 0.707107
vn 0.707107 0.000000 0.707107
vn 0.707107 0.000000 0.707107
vn 0.707107 0.000000 0.707107
vn 0.987245 -0.159207 0.000000
vn 0.987245 -0.159207 0.000000
vn 0.987245 -0.159207 0.000000
vn 0.987245 -0.159207 0.000000
vn 0.888223 -0.459412 0.000000
vn 0.888223 -0.459412 0.000000
vn 0.888223 -0.459412 0.000000
vn 0.888223 -0.459412 0.000000
vn 0.000000 -0.159305 0.987229
vn 0.000000 -0.159305 0.987229
vn 0.000000 -0.159305 0.987229
vn 0.000000 -0.159207 0.987245
vn 0.000000 -0.159207 0.987245
vn 0.000000 -0.159207 0.987245
vn 0.000000 -0.459412 0.888223
vn 0.000000 -0.459412 0.888223
vn 0.000000 -0.459412 0.888223
vn 0.000000 -0.459292 0.888285
vn 0.000000 -0.459292 0.888285
vn 0.000000 -0.459292 0.888285
vn 0.159207 0.000000 0.987245
vn 0.159207 0.000000 0.987245
vn 0.159207 0.000000 0.987245
vn 0.159207 0.000000 0.987245
vn 0.459292 0.000000 0.888285
vn 0.459292 0.000000 0.888285
vn 0.459292 0.000000 0.888285
vn 0.459292 0.000000 0.888285
vn 0.000000 0.159305 0.987229
vn 0.000000 0.159305 0.987229
vn 0.000000 0.159305 0.987229
vn 0.000000 0.159207 0.987245
vn 0.000000 0.159207 0.987245
vn 0.000000 0.159207 0.987245
vn 0.000000 0.459292 0.888285
vn 0.000000 0.459292 0.888285
vn 0.000000 0.459292 0.888285
vn 0.000000 0.459292 0.888285
vn 0.000000 0.707107 0.707107
vn 0.000000 0.707107 0.707107
vn 0.000000 0.707107 0.707107
vn 0.000000 0.707107 0.707107
vn -0.159207 0.000000 0.987245
vn -0.159207 0.000000 0.987245
vn -0.159207 0.000000 0.987245
vn -0.159207 0.000000 0.987245
vn -0.459292 0.000000 0.888285
vn -0.459292 0.000000 0.888285
vn -0.459292 0.000000 0.888285
vn -0.459292 0.000000 0.888285
vn -0.707107 0.000000 0.707107
vn -0.707107 0.000000 0.707107
vn -0.707107 0.000000 0.707107
vn -0.707107 0.000000 0.707107
vn -0.987245 -0.159207 0.000000
vn -0.987245 -0.159207 0.000000
vn -0.987245 -0.159207 0.000000
vn -0.987245 -0.159207 0.000000
vn -0.888223 -0.459412 0.000000
vn -0.888223 -0.459412 0.000000
vn -0.888223 -0.459412 0.000000
vn -0.888223 -0.459412 0.000000
vn -0.987245 0.000000 0.159207
vn -0.987245 0.000000 0.159207
vn -0.987245 0.000000 0.159207
vn -0.987245 0.000000 0.159207
vn -0.888285 0.000000 0.459292
vn -0.888285 0.000000 0.459292
vn -0.888285 0.000000 0.459292
vn -0.888285 0.000000 0.459292
vn -0.987245 0.159207 0.000000
vn -0.987245 0.159207 0.000000
vn -0.987245 0.159207 0.000000
vn -0.987245 0.159207 0.000000
vn -0.888285 0.459292 0.000000
vn -0.888285 0.459292 0.000000
vn -0.888285 0.459292 0.000000
vn -0.888285 0.459292 0.000000
vn -0.707107 0.707107 0.000000
vn -0.707107 0.707107 0.000000
vn -0.707107 0.707107 0.000000
vn -0.707107 0.707107 0.000000
vn -0.987245 0.000000 -0.159207
vn -0.987245 0.000000 -0.159207
vn -0.987245 0.000000 -0.159207
vn -0.987245 0.000000 -0.159207
vn -0.888244 0.000000 -0.459371
vn -0.888244 0.000000 -0.459371
vn -0.888244 0.000000 -0.459371
vn -0.888285 0.000000 -0.459292
vn -0.888285 0.000000 -0.459292
vn -0.888285 0.000000 -0.459292
vn -0.159094 0.987264 0.000000
vn -0.159094 0.987264 0.000000
vn -0.159094 0.987264 0.000000
vn -0.159094 0.987264 0.000000
vn -0.459412 0.888223 0.000000
vn -0.459412 0.888223 0.000000
vn -0.459412 0.888223 0.000000
vn -0.459412 0.888223 0.000000
vn 0.000000 0.987264 0.159094
vn 0.000000 0.987264 0.159094
vn 0.000000 0.987264 0.159094
vn 0.000000 0.987264 0.159094
vn 0.000000 0.888285 0.459292
vn 0.000000 0.888285 0.459292
vn 0.000000 0.888285 0.459292
vn 0.000000 0.888244 0.459371
vn 0.000000 0.888244 0.459371
vn 0.000000 0.888244 0.459371
vn 0.159094 0.987264 0.000000
vn 0.159094 0.987264 0.000000
vn 0.159094 0.987264 0.000000
vn 0.159094 0.987264 0.000000
vn 0.459371 0.888244 0.000000
vn 0.459371 0.888244 0.000000
vn 0.459371 0.888244 0.000000
vn 0.459412 0.888223 0.000000
vn 0.459412 0.888223 0.000000
vn 0.459412 0.888223 0.000000
vn 0.000000 0.987264 -0.159094
vn 0.000000 0.987264 -0.159094
vn 0.000000 0.987264 -0.159094
vn 0.000000 0.987264 -0.159094
vn 0.000000 0.888223 -0.459412
vn 0.000000 0.888223 -0.459412
vn 0.000000 0.888223 -0.459412
vn 0.000000 0.888223 -0.459412
vn -0.087099 -0.087099 -0.992385
vn -0.087099 -0.087099 -0.992385
vn -0.087099 -0.087099 -0.992385
vn -0.312691 -0.312791 -0.896876
vn -0.312691 -0.312791 -0.896876
vn -0.312691 -0.312791 -0.896876
vn -0.312910 -0.312710 -0.896828
vn -0.312910 -0.312710 -0.896828
vn -0.312910 -0.312710 -0.896828
vn -0.992402 -0.087000 -0.087000
vn -0.992402 -0.087000 -0.087000
vn -0.992402 -0.087000 -0.087000
vn -0.896876 -0.312791 -0.312691
vn -0.896876 -0.312791 -0.312691
vn -0.896876 -0.312791 -0.312691
vn -0.896876 -0.312691 -0.312791
vn -0.896876 -0.312691 -0.312791
vn -0.896876 -0.312691 -0.312791
vn -0.087099 -0.992385 -0.087099
vn -0.087099 -0.992385 -0.087099
vn -0.087099 -0.992385 -0.087099
vn -0.312810 -0.896828 -0.312810
vn -0.312810 -0.896828 -0.312810
vn -0.312810 -0.896828 -0.312810
vn -0.312810 -0.896828 -0.312810
vn -0.577384 -0.577384 -0.577284
vn -0.577384 -0.577384 -0.577284
vn -0.577384 -0.577384 -0.577284
vn -0.577317 -0.577417 -0.577317
vn -0.577317 -0.577417 -0.577317
vn -0.577317 -0.577417 -0.577317
vn -0.577317 -0.577417 -0.577317
vn -0.577284 -0.577384 -0.577384
vn -0.577284 -0.577384 -0.577384
vn -0.577284 -0.577384 -0.577384
vn 0.992393 -0.086999 -0.087099
vn 0.992393 -0.086999 -0.087099
vn 0.992393 -0.086999 -0.087099
vn 0.896876 -0.312791 -0.312691
vn 0.896876 -0.312791 -0.312691
vn 0.896876 -0.312791 -0.312691
vn 0.896856 -0.312719 -0.312819
vn 0.896856 -0.312719 -0.312819
vn 0.896856 -0.312719 -0.312819
vn 0.087099 -0.087099 -0.992385
vn 0.087099 -0.087099 -0.992385
vn 0.087099 -0.087099 -0.992385
vn 0.312691 -0.312791 -0.896876
vn 0.312691 -0.312791 -0.896876
vn 0.312691 -0.312791 -0.896876
vn 0.312801 -0.312601 -0.896904
vn 0.312801 -0.312601 -0.896904
vn 0.312801 -0.312601 -0.896904
vn 0.087099 -0.992385 -0.087099
vn 0.087099 -0.992385 -0.087099
vn 0.087099 -0.992385 -0.087099
vn 0.312782 -0.896847 -0.312782
vn 0.312782 -0.896847 -0.312782
vn 0.312782 -0.896847 -0.312782
vn 0.312810 -0.896828 -0.312810
vn 0.312810 -0.896828 -0.312810
vn 0.312810 -0.896828 -0.312810
vn 0.577284 -0.577384 -0.577384
vn 0.577284 -0.577384 -0.577384
vn 0.577284 -0.577384 -0.577384
vn 0.577317 -0.577417 -0.577317
vn 0.577317 -0.577417 -0.577317
vn 0.577317 -0.577417 -0.577317
vn 0.577317 -0.577417 -0.577317
vn 0.577350 -0.577350 -0.577350
vn 0.577350 -0.577350 -0.577350
vn 0.577350 -0.577350 -0.577350
vn 0.087099 -0.086999 0.992393
vn 0.087099 -0.086999 0.992393
vn 0.087099 -0.086999 0.992393
vn 0.312691 -0.312791 0.896876
vn 0.312691 -0.312791 0.896876
vn 0.312691 -0.312791 0.896876
vn 0.312910 -0.312710 0.896828
vn 0.312910 -0.312710 0.896828
vn 0.312910 -0.312710 0.896828
vn 0.992393 -0.086999 0.087099
vn 0.992393 -0.086999 0.087099
vn 0.992393 -0.086999 0.087099
vn 0.896876 -0.312791 0.312691
vn 0.896876 -0.312791 0.312691
vn 0.896876 -0.312791 0.312691
vn 0.896904 -0.312601 0.312801
vn 0.896904 -0.312601 0.312801
vn 0.896904 -0.312601 0.312801
vn 0.087099 -0.992385 0.087099
vn 0.087099 -0.992385 0.087099
vn 0.087099 -0.992385 0.087099
vn 0.312810 -0.896828 0.312810
vn 0.312810 -0.896828 0.312810
vn 0.312810 -0.896828 0.312810
vn 0.312782 -0.896847 0.312782
vn 0.312782 -0.896847 0.312782
vn 0.312782 -0.896847 0.312782
vn 0.577384 -0.577384 0.577284
vn 0.577384 -0.577384 0.577284
vn 0.577384 -0.577384 0.577284
vn 0.577317 -0.577417 0.577317
vn 0.577317 -0.577417 0.577317
vn 0.577317 -0.577417 0.577317
vn 0.577284 -0.577384 0.577384
vn 0.577284 -0.577384 0.577384
vn 0.577284 -0.577384 0.577384
vn 0.577350 -0.577350 0.577350
vn 0.577350 -0.577350 0.577350
vn 0.577350 -0.577350 0.577350
vn -0.992402 -0.087000 0.087000
vn -0.992402 -0.087000 0.087000
vn -0.992402 -0.087000 0.087000
vn -0.896876 -0.312791 0.312691
vn -0.896876 -0.312791 0.312691
vn -0.896876 -0.312791 0.312691
vn -0.896876 -0.312691 0.312791
vn -0.896876 -0.312691 0.312791
vn -0.896876 -0.312691 0.312791
vn -0.087099 -0.086999 0.992393
vn -0.087099 -0.086999 0.992393
vn -0.087099 -0.086999 0.992393
vn -0.312719 -0.312819 0.896856
vn -0.312719 -0.312819 0.896856
vn -0.312719 -0.312819 0.896856
vn -0.312801 -0.312601 0.896904
vn -0.312801 -0.312601 0.896904
vn -0.312801 -0.312601 0.896904
vn -0.087099 -0.992385 0.087099
vn -0.087099 -0.992385 0.087099
vn -0.087099 -0.992385 0.087099
vn -0.312810 -0.896828 0.312810
vn -0.312810 -0.896828 0.312810
vn -0.312810 -0.896828 0.312810
vn -0.312810 -0.896828 0.312810
vn -0.577284 -0.577384 0.577384
vn -0.577284 -0.577384 0.577384
vn -0.577284 -0.577384 0.577384
vn -0.577317 -0.577417 0.577317
vn -0.577317 -0.577417 0.577317
vn -0.577317 -0.577417 0.577317
vn -0.577317 -0.577417 0.577317
vn -0.577350 -0.577350 0.577350
vn -0.577350 -0.577350 0.577350
vn -0.577350 -0.577350 0.577350
vn -0.086901 0.992411 -0.087001
vn -0.086901 0.992411 -0.087001
vn -0.086901 0.992411 -0.087001
vn -0.312810 0.896828 -0.312810
vn -0.312810 0.896828 -0.312810
vn -0.312810 0.896828 -0.312810
vn -0.312691 0.896876 -0.312791
vn -0.312691 0.896876 -0.312791
vn -0.312691 0.896876 -0.312791
vn -0.992402 0.087000 -0.087000
vn -0.992402 0.087000 -0.087000
vn -0.992402 0.087000 -0.087000
vn -0.896876 0.312691 -0.312791
vn -0.896876 0.312691 -0.312791
vn -0.896876 0.312691 -0.312791
vn -0.896876 0.312691 -0.312791
vn -0.087099 0.087099 -0.992385
vn -0.087099 0.087099 -0.992385
vn -0.087099 0.087099 -0.992385
vn -0.312791 0.312691 -0.896876
vn -0.312791 0.312691 -0.896876
vn -0.312791 0.312691 -0.896876
vn -0.312801 0.312601 -0.896904
vn -0.312801 0.312601 -0.896904
vn -0.312801 0.312601 -0.896904
vn -0.577384 0.577284 -0.577384
vn -0.577384 0.577284 -0.577384
vn -0.577384 0.577284 -0.577384
vn -0.577317 0.577317 -0.577417
vn -0.577317 0.577317 -0.577417
vn -0.577317 0.577317 -0.577417
vn -0.577384 0.577284 -0.577384
vn -0.577384 0.577284 -0.577384
vn -0.577417 0.577317 -0.577317
vn -0.577417 0.577317 -0.577317
vn -0.577417 0.577317 -0.577317
vn 0.992393 0.086999 -0.087099
vn 0.992393 0.086999 -0.087099
vn 0.992393 0.086999 -0.087099
vn 0.896876 0.312691 -0.312791
vn 0.896876 0.312691 -0.312791
vn 0.896876 0.312691 -0.312791
vn 0.896876 0.312691 -0.312791
vn 0.087000 0.992402 -0.087000
vn 0.087000 0.992402 -0.087000
vn 0.087000 0.992402 -0.087000
vn 0.312810 0.896828 -0.312810
vn 0.312810 0.896828 -0.312810
vn 0.312810 0.896828 -0.312810
vn 0.312701 0.896904 -0.312701
vn 0.312701 0.896904 -0.312701
vn 0.312701 0.896904 -0.312701
vn 0.087099 0.087099 -0.992385
vn 0.087099 0.087099 -0.992385
vn 0.087099 0.087099 -0.992385
vn 0.312701 0.312701 -0.896904
vn 0.312701 0.312701 -0.896904
vn 0.312701 0.312701 -0.896904
vn 0.312791 0.312691 -0.896876
vn 0.312791 0.312691 -0.896876
vn 0.312791 0.312691 -0.896876
vn 0.577350 0.577350 -0.577350
vn 0.577350 0.577350 -0.577350
vn 0.577350 0.577350 -0.577350
vn 0.577284 0.577384 -0.577384
vn 0.577284 0.577384 -0.577384
vn 0.577284 0.577384 -0.577384
vn 0.577384 0.577284 -0.577384
vn 0.577384 0.577284 -0.577384
vn 0.577384 0.577284 -0.577384
vn 0.577384 0.577284 -0.577384
vn 0.087099 0.086999 0.992393
vn 0.087099 0.086999 0.992393
vn 0.087099 0.086999 0.992393
vn 0.312791 0.312691 0.896876
vn 0.312791 0.312691 0.896876
vn 0.312791 0.312691 0.896876
vn 0.312801 0.312601 0.896904
vn 0.312801 0.312601 0.896904
vn 0.312801 0.312601 0.896904
vn 0.086901 0.992411 0.087001
vn 0.086901 0.992411 0.087001
vn 0.086901 0.992411 0.087001
vn 0.312782 0.896847 0.312782
vn 0.312782 0.896847 0.312782
vn 0.312782 0.896847 0.312782
vn 0.312691 0.896876 0.312791
vn 0.312691 0.896876 0.312791
vn 0.312691 0.896876 0.312791
vn 0.992393 0.086999 0.087099
vn 0.992393 0.086999 0.087099
vn 0.992393 0.086999 0.087099
vn 0.896876 0.312691 0.312791
vn 0.896876 0.312691 0.312791
vn 0.896876 0.312691 0.312791
vn 0.896876 0.312691 0.312791
vn 0.577384 0.577384 0.577284
vn 0.577384 0.577384 0.577284
vn 0.577384 0.577384 0.577284
vn 0.577284 0.577384 0.577384
vn 0.577284 0.577384 0.577384
vn 0.577284 0.577384 0.577384
vn 0.577384 0.577284 0.577384
vn 0.577384 0.577284 0.577384
vn 0.577384 0.577284 0.577384
vn 0.577384 0.577284 0.577384
vn -0.992402 0.087000 0.087000
vn -0.992402 0.087000 0.087000
vn -0.992402 0.087000 0.087000
vn -0.896876 0.312691 0.312791
vn -0.896876 0.312691 0.312791
vn -0.896876 0.312691 0.312791
vn -0.896904 0.312601 0.312801
vn -0.896904 0.312601 0.312801
vn -0.896904 0.312601 0.312801
vn -0.086901 0.992411 0.087001
vn -0.086901 0.992411 0.087001
vn -0.086901 0.992411 0.087001
vn -0.312782 0.896847 0.312782
vn -0.312782 0.896847 0.312782
vn -0.312782 0.896847 0.312782
vn -0.312810 0.896828 0.312810
vn -0.312810 0.896828 0.312810
vn -0.312810 0.896828 0.312810
vn -0.087099 0.086999 0.992393
vn -0.087099 0.086999 0.992393
vn -0.087099 0.086999 0.992393
vn -0.312791 0.312691 0.896876
vn -0.312791 0.312691 0.896876
vn -0.312791 0.312691 0.896876
vn -0.312791 0.312691 0.896876
vn -0.577384 0.577284 0.577384
vn -0.577384 0.577284 0.577384
vn -0.577384 0.577284 0.577384
vn -0.577317 0.577417 0.577317
vn -0.577317 0.577417 0.577317
vn -0.577317 0.577417 0.577317
vn -0.577384 0.577284 0.577384
vn -0.577384 0.577284 0.577384
vn -0.577384 0.577284 0.577384
vn 0.000000 -1.000000 0.000000
vn 0.000000 -1.000000 0.000000
vn 0.000000 -1.000000 0.000000
vn 0.000000 -1.000000 0.000000
vn 0.000000 0.000000 -1.000000
vn 0.000000 0.000000 -1.000000
vn 0.000000 0.000000 -1.000000
vn 0.000000 0.000000 -1.000000
vn -1.000000 0.000000 0.000000
vn -1.000000 0.000000 0.000000
vn -1.000000 0.000000 0.000000
vn -1.000000 0.000000 0.000000
vn 0.000000 0.000000 1.000000
vn 0.000000 0.000000 1.000000
vn 0.000000 0.000000 1.000000
vn 0.000000 0.000000 1.000000
vn 1.000000 0.000000 0.000000
vn 1.000000 0.000000 0.000000
vn 1.000000 0.000000 0.000000
vn 1.000000 0.000000 0.000000
vn 0.000000 1.000000 0.000000
vn 0.000000 1.000000 0.000000
vn 0.000000 1.000000 0.000000
vn 0.000000 1.000000 0.000000
vn 0.000000 -0.987229 -0.159305
vn 0.000000 -0.987229 -0.159305
vn 0.000000 -0.987229 -0.159305
vn 0.000000 -0.987229 -0.159305
vn 0.000000 -0.888223 -0.459412
vn 0.000000 -0.888223 -0.459412
vn 0.000000 -0.888223 -0.459412
vn 0.000000 -0.888223 -0.459412
vn 0.000000 -0.707107 -0.707107
vn 0.000000 -0.707107 -0.707107
vn 0.000000 -0.707107 -0.707107
vn 0.000000 -0.707107 -0.707107
vn -0.159305 -0.987229 0.000000
vn -0.159305 -0.987229 0.000000
vn -0.159305 -0.987229 0.000000
vn -0.159305 -0.987229 0.000000
vn -0.459371 -0.888244 0.000000
vn -0.459371 -0.888244 0.000000
vn -0.459371 -0.888244 0.000000
vn -0.459412 -0.888223 0.000000
vn -0.459412 -0.888223 0.000000
vn -0.459412 -0.888223 0.000000
vn -0.707107 -0.707107 0.000000
vn -0.707107 -0.707107 0.000000
vn -0.707107 -0.707107 0.000000
vn -0.707107 -0.707107 0.000000
vn 0.000000 -0.987229 0.159305
vn 0.000000 -0.987229 0.159305
vn 0.000000 -0.987229 0.159305
vn 0.000000 -0.987229 0.159305
vn 0.000000 -0.888285 0.459292
vn 0.000000 -0.888285 0.459292
vn 0.000000 -0.888285 0.459292
vn 0.000000 -0.888244 0.459371
vn 0.000000 -0.888244 0.459371
vn 0.000000 -0.888244 0.459371
vn 0.000000 -0.707107 0.707107
vn 0.000000 -0.707107 0.707107
vn 0.000000 -0.707107 0.707107
vn 0.000000 -0.707107 0.707107
vn 0.159305 -0.987229 0.000000
vn 0.159305 -0.987229 0.000000
vn 0.159305 -0.987229 0.000000
vn 0.159305 -0.987229 0.000000
vn 0.459412 -0.888223 0.000000
vn 0.459412 -0.888223 0.000000
vn 0.459412 -0.888223 0.000000
vn 0.459412 -0.888223 0.000000
vn 0.707107 -0.707107 0.000000
vn 0.707107 -0.707107 0.000000
vn 0.707107 -0.707107 0.000000
vn 0.707107 -0.707107 0.000000
vn 0.159207 0.000000 -0.987245
vn 0.159207 0.000000 -0.987245
vn 0.159207 0.000000 -0.987245
vn 0.159207 0.000000 -0.987245
vn 0.459292 0.000000 -0.888285
vn 0.459292 0.000000 -0.888285
vn 0.459292 0.000000 -0.888285
vn 0.459292 0.000000 -0.888285
vn 0.707107 0.000000 -0.707107
vn 0.707107 0.000000 -0.707107
vn 0.707107 0.000000 -0.707107
vn 0.707107 0.000000 -0.707107
vn 0.000000 0.159207 -0.987245
vn 0.000000 0.159207 -0.987245
vn 0.000000 0.159207 -0.987245
vn 0.000000 0.159207 -0.987245
vn 0.000000 0.459292 -0.888285
vn 0.000000 0.459292 -0.888285
vn 0.000000 0.459292 -0.888285
vn 0.000000 0.459292 -0.888285
vn 0.000000 0.707107 -0.707107
vn 0.000000 0.707107 -0.707107
vn 0.000000 0.707107 -0.707107
vn 0.000000 0.707107 -0.707107
vn -0.159207 0.000000 -0.987245
vn -0.159207 0.000000 -0.987245
vn -0.159207 0.000000 -0.987245
vn -0.159207 0.000000 -0.987245
vn -0.459292 0.000000 -0.888285
vn -0.459292 0.000000 -0.888285
vn -0.459292 0.000000 -0.888285
vn -0.459292 0.000000 -0.888285
vn -0.707107 0.000000 -0.707107
vn -0.707107 0.000000 -0.707107
vn -0.707107 0.000000 -0.707107
vn -0.707107 0.000000 -0.707107
vn 0.000000 -0.159207 -0.987245
vn 0.000000 -0.159207 -0.987245
vn 0.000000 -0.159207 -0.987245
vn 0.000000 -0.159207 -0.987245
vn 0.000000 -0.459412 -0.888223
vn 0.000000 -0.459412 -0.888223
vn 0.000000 -0.459412 -0.888223
vn 0.000000 -0.459371 -0.888244
vn 0.000000 -0.459371 -0.888244
vn 0.000000 -0.459371 -0.888244
vn -0.987245 0.000000 -0.159207
vn -0.987245 0.000000 -0.159207
vn -0.987245 0.000000 -0.159207
vn -0.987245 0.000000 -0.159207
vn -0.888285 0.000000 -0.459292
vn -0.888285 0.000000 -0.459292
vn -0.888285 0.000000 -0.459292
vn -0.888285 0.000000 -0.459292
vn -0.987245 0.159207 0.000000
vn -0.987245 0.159207 0.000000
vn -0.987245 0.159207 0.000000
vn -0.987245 0.159207 0.000000
vn -0.888285 0.459292 0.000000
vn -0.888285 0.459292 0.000000
vn -0.888285 0.459292 0.000000
vn -0.888285 0.459292 0.000000
vn -0.707107 0.707107 0.000000
vn -0.707107 0.707107 0.000000
vn -0.707107 0.707107 0.000000
vn -0.707107 0.707107 0.000000
vn -0.987245 0.000000 0.159207
vn -0.987245 0.000000 0.159207
vn -0.987245 0.000000 0.159207
vn -0.987245 0.000000 0.159207
vn -0.888285 0.000000 0.459292
vn -0.888285 0.000000 0.459292
vn -0.888285 0.000000 0.459292
vn -0.888285 0.000000 0.459292
vn -0.707107 0.000000 0.707107
vn -0.707107 0.000000 0.707107
vn -0.707107 0.000000 0.707107
vn -0.707107 0.000000 0.707107
vn -0.987245 -0.159207 0.000000
vn -0.987245 -0.159207 0.000000
vn -0.987245 -0.159207 0.000000
vn -0.987245 -0.159207 0.000000
vn -0.888223 -0.459412 0.000000
vn -0.888223 -0.459412 0.000000
vn -0.888223 -0.459412 0.000000
vn -0.888223 -0.459412 0.000000
vn 0.000000 -0.159305 0.987229
vn 0.000000 -0.159305 0.987229
vn 0.000000 -0.159305 0.987229
vn 0.000000 -0.159207 0.987245
vn 0.000000 -0.159207 0.987245
vn 0.000000 -0.159207 0.987245
vn 0.000000 -0.459412 0.888223
vn 0.000000 -0.459412 0.888223
vn 0.000000 -0.459412 0.888223
vn 0.000000 -0.459412 0.888223
vn -0.159207 0.000000 0.987245
vn -0.159207 0.000000 0.987245
vn -0.159207 0.000000 0.987245
vn -0.159207 0.000000 0.987245
vn -0.459292 0.000000 0.888285
vn -0.459292 0.000000 0.888285
vn -0.459292 0.000000 0.888285
vn -0.459292 0.000000 0.888285
vn 0.000000 0.159207 0.987245
vn 0.000000 0.159207 0.987245
vn 0.000000 0.159207 0.987245
vn 0.000000 0.159207 0.987245
vn 0.000000 0.459292 0.888285
vn 0.000000 0.459292 0.888285
vn 0.000000 0.459292 0.888285
vn 0.000000 0.459292 0.888285
vn 0.000000 0.707107 0.707107
vn 0.000000 0.707107 0.707107
vn 0.000000 0.707107 0.707107
vn 0.000000 0.707107 0.707107
vn 0.159207 0.000000 0.987245
vn 0.159207 0.000000 0.987245
vn 0.159207 0.000000 0.987245
vn 0.159207 0.000000 0.987245
vn 0.459292 0.000000 0.888285
vn 0.459292 0.000000 0.888285
vn 0.459292 0.000000 0.888285
vn 0.459292 0.000000 0.888285
vn 0.707107 0.000000 0.707107
vn 0.707107 0.000000 0.707107
vn 0.707107 0.000000 0.707107
vn 0.707107 0.000000 0.707107
vn 0.987245 -0.159207 0.000000
vn 0.987245 -0.159207 0.000000
vn 0.987245 -0.159207 0.000000
vn 0.987245 -0.159207 0.000000
vn 0.888223 -0.459412 0.000000
vn 0.888223 -0.459412 0.000000
vn 0.888223 -0.459412 0.000000
vn 0.888223 -0.459412 0.000000
vn 0.987245 0.000000 0.159207
vn 0.987245 0.000000 0.159207
vn 0.987245 0.000000 0.159207
vn 0.987245 0.000000 0.159207
vn 0.888285 0.000000 0.459292
vn 0.888285 0.000000 0.459292
vn 0.888285 0.000000 0.459292
vn 0.888285 0.000000 0.459292
vn 0.987245 0.159207 0.000000
vn 0.987245 0.159207 0.000000
vn 0.987245 0.159207 0.000000
vn 0.987245 0.159207 0.000000
vn 0.888285 0.459292 0.000000
vn 0.888285 0.459292 0.000000
vn 0.888285 0.459292 0.000000
vn 0.888285 0.459292 0.000000
vn 0.707107 0.707107 0.000000
vn 0.707107 0.707107 0.000000
vn 0.707107 0.707107 0.000000
vn 0.707107 0.707107 0.000000
vn 0.987245 0.000000 -0.159207
vn 0.987245 0.000000 -0.159207
vn 0.987245 0.000000 -0.159207
vn 0.987245 0.000000 -0.159207
vn 0.888244 0.000000 -0.459371
vn 0.888244 0.000000 -0.459371
vn 0.888244 0.000000 -0.459371
vn 0.888285 0.000000 -0.459292
vn 0.888285 0.000000 -0.459292
vn 0.888285 0.000000 -0.459292
vn 0.158997 0.987279 0.000000
vn 0.158997 0.987279 0.000000
vn 0.158997 0.987279 0.000000
vn 0.159094 0.987264 0.000000
vn 0.159094 0.987264 0.000000
vn 0.159094 0.987264 0.000000
vn 0.459412 0.888223 0.000000
vn 0.459412 0.888223 0.000000
vn 0.459412 0.888223 0.000000
vn 0.459412 0.888223 0.000000
vn 0.000000 0.987264 0.159094
vn 0.000000 0.987264 0.159094
vn 0.000000 0.987264 0.159094
vn 0.000000 0.987264 0.159094
vn 0.000000 0.888285 0.459292
vn 0.000000 0.888285 0.459292
vn 0.000000 0.888285 0.459292
vn 0.000000 0.888244 0.459371
vn 0.000000 0.888244 0.459371
vn 0.000000 0.888244 0.459371
vn -0.158997 0.987279 0.000000
vn -0.158997 0.987279 0.000000
vn -0.158997 0.987279 0.000000
vn -0.159094 0.987264 0.000000
vn -0.159094 0.987264 0.000000
vn -0.159094 0.987264 0.000000
vn -0.459371 0.888244 0.000000
vn -0.459371 0.888244 0.000000
vn -0.459371 0.888244 0.000000
vn -0.459412 0.888223 0.000000
vn -0.459412 0.888223 0.000000
vn -0.459412 0.888223 0.000000
vn 0.000000 0.987264 -0.159094
vn 0.000000 0.987264 -0.159094
vn 0.000000 0.987264 -0.159094
vn 0.000000 0.987264 -0.159094
vn 0.000000 0.888244 -0.459371
vn 0.000000 0.888244 -0.459371
vn 0.000000 0.888244 -0.459371
vn 0.000000 0.888223 -0.459412
vn 0.000000 0.888223 -0.459412
vn 0.000000 0.888223 -0.459412
vn 0.087099 -0.087099 -0.992385
vn 0.087099 -0.087099 -0.992385
vn 0.087099 -0.087099 -0.992385
vn 0.312691 -0.312791 -0.896876
vn 0.312691 -0.312791 -0.896876
vn 0.312691 -0.312791 -0.896876
vn 0.312910 -0.312710 -0.896828
vn 0.312910 -0.312710 -0.896828
vn 0.312910 -0.312710 -0.896828
vn 0.992402 -0.087000 -0.087000
vn 0.992402 -0.087000 -0.087000
vn 0.992402 -0.087000 -0.087000
vn 0.896876 -0.312791 -0.312691
vn 0.896876 -0.312791 -0.312691
vn 0.896876 -0.312791 -0.312691
vn 0.896876 -0.312691 -0.312791
vn 0.896876 -0.312691 -0.312791
vn 0.896876 -0.312691 -0.312791
vn 0.086999 -0.992393 -0.087099
vn 0.086999 -0.992393 -0.087099
vn 0.086999 -0.992393 -0.087099
vn 0.312782 -0.896847 -0.312782
vn 0.312782 -0.896847 -0.312782
vn 0.312782 -0.896847 -0.312782
vn 0.312810 -0.896828 -0.312810
vn 0.312810 -0.896828 -0.312810
vn 0.312810 -0.896828 -0.312810
vn 0.577284 -0.577384 -0.577384
vn 0.577284 -0.577384 -0.577384
vn 0.577284 -0.577384 -0.577384
vn 0.577317 -0.577417 -0.577317
vn 0.577317 -0.577417 -0.577317
vn 0.577317 -0.577417 -0.577317
vn 0.577317 -0.577417 -0.577317
vn 0.577384 -0.577384 -0.577284
vn 0.577384 -0.577384 -0.577284
vn 0.577384 -0.577384 -0.577284
vn -0.992393 -0.086999 -0.087099
vn -0.992393 -0.086999 -0.087099
vn -0.992393 -0.086999 -0.087099
vn -0.896876 -0.312791 -0.312691
vn -0.896876 -0.312791 -0.312691
vn -0.896876 -0.312791 -0.312691
vn -0.896856 -0.312719 -0.312819
vn -0.896856 -0.312719 -0.312819
vn -0.896856 -0.312719 -0.312819
vn -0.087099 -0.087099 -0.992385
vn -0.087099 -0.087099 -0.992385
vn -0.087099 -0.087099 -0.992385
vn -0.312691 -0.312791 -0.896876
vn -0.312691 -0.312791 -0.896876
vn -0.312691 -0.312791 -0.896876
vn -0.312801 -0.312601 -0.896904
vn -0.312801 -0.312601 -0.896904
vn -0.312801 -0.312601 -0.896904
vn -0.086999 -0.992393 -0.087099
vn -0.086999 -0.992393 -0.087099
vn -0.086999 -0.992393 -0.087099
vn -0.312782 -0.896847 -0.312782
vn -0.312782 -0.896847 -0.312782
vn -0.312782 -0.896847 -0.312782
vn -0.312782 -0.896847 -0.312782
vn -0.577350 -0.577350 -0.577350
vn -0.577350 -0.577350 -0.577350
vn -0.577350 -0.577350 -0.577350
vn -0.577317 -0.577417 -0.577317
vn -0.577317 -0.577417 -0.577317
vn -0.577317 -0.577417 -0.577317
vn -0.577317 -0.577417 -0.577317
vn -0.577284 -0.577384 -0.577384
vn -0.577284 -0.577384 -0.577384
vn -0.577284 -0.577384 -0.577384
vn -0.087099 -0.086999 0.992393
vn -0.087099 -0.086999 0.992393
vn -0.087099 -0.086999 0.992393
vn -0.312691 -0.312791 0.896876
vn -0.312691 -0.312791 0.896876
vn -0.312691 -0.312791 0.896876
vn -0.312910 -0.312710 0.896828
vn -0.312910 -0.312710 0.896828
vn -0.312910 -0.312710 0.896828
vn -0.992393 -0.086999 0.087099
vn -0.992393 -0.086999 0.087099
vn -0.992393 -0.086999 0.087099
vn -0.896876 -0.312791 0.312691
vn -0.896876 -0.312791 0.312691
vn -0.896876 -0.312791 0.312691
vn -0.896904 -0.312601 0.312801
vn -0.896904 -0.312601 0.312801
vn -0.896904 -0.312601 0.312801
vn -0.086999 -0.992393 0.087099
vn -0.086999 -0.992393 0.087099
vn -0.086999 -0.992393 0.087099
vn -0.312810 -0.896828 0.312810
vn -0.312810 -0.896828 0.312810
vn -0.312810 -0.896828 0.312810
vn -0.312810 -0.896828 0.312810
vn -0.577350 -0.577350 0.577350
vn -0.577350 -0.577350 0.577350
vn -0.577350 -0.577350 0.577350
vn -0.577284 -0.577384 0.577384
vn -0.577284 -0.577384 0.577384
vn -0.577284 -0.577384 0.577384
vn -0.577317 -0.577417 0.577317
vn -0.577317 -0.577417 0.577317
vn -0.577317 -0.577417 0.577317
vn -0.577384 -0.577384 0.577284
vn -0.577384 -0.577384 0.577284
vn -0.577384 -0.577384 0.577284
vn 0.992402 -0.087000 0.087000
vn 0.992402 -0.087000 0.087000
vn 0.992402 -0.087000 0.087000
vn 0.896876 -0.312791 0.312691
vn 0.896876 -0.312791 0.312691
vn 0.896876 -0.312791 0.312691
vn 0.896904 -0.312701 0.312701
vn 0.896904 -0.312701 0.312701
vn 0.896904 -0.312701 0.312701
vn 0.087099 -0.087099 0.992385
vn 0.087099 -0.087099 0.992385
vn 0.087099 -0.087099 0.992385
vn 0.312719 -0.312819 0.896856
vn 0.312719 -0.312819 0.896856
vn 0.312719 -0.312819 0.896856
vn 0.312791 -0.312691 0.896876
vn 0.312791 -0.312691 0.896876
vn 0.312791 -0.312691 0.896876
vn 0.086999 -0.992393 0.087099
vn 0.086999 -0.992393 0.087099
vn 0.086999 -0.992393 0.087099
vn 0.312810 -0.896828 0.312810
vn 0.312810 -0.896828 0.312810
vn 0.312810 -0.896828 0.312810
vn 0.312900 -0.896800 0.312800
vn 0.312900 -0.896800 0.312800
vn 0.312900 -0.896800 0.312800
vn 0.577350 -0.577350 0.577350
vn 0.577350 -0.577350 0.577350
vn 0.577350 -0.577350 0.577350
vn 0.577317 -0.577417 0.577317
vn 0.577317 -0.577417 0.577317
vn 0.577317 -0.577417 0.577317
vn 0.577317 -0.577417 0.577317
vn 0.577284 -0.577384 0.577384
vn 0.577284 -0.577384 0.577384
vn 0.577284 -0.577384 0.577384
vn 0.086901 0.992411 -0.087001
vn 0.086901 0.992411 -0.087001
vn 0.086901 0.992411 -0.087001
vn 0.312810 0.896828 -0.312810
vn 0.312810 0.896828 -0.312810
vn 0.312810 0.896828 -0.312810
vn 0.312782 0.896847 -0.312782
vn 0.312782 0.896847 -0.312782
vn 0.312782 0.896847 -0.312782
vn 0.992402 0.087000 -0.087000
vn 0.992402 0.087000 -0.087000
vn 0.992402 0.087000 -0.087000
vn 0.896876 0.312691 -0.312791
vn 0.896876 0.312691 -0.312791
vn 0.896876 0.312691 -0.312791
vn 0.896904 0.312701 -0.312701
vn 0.896904 0.312701 -0.312701
vn 0.896904 0.312701 -0.312701
vn 0.087099 0.087099 -0.992385
vn 0.087099 0.087099 -0.992385
vn 0.087099 0.087099 -0.992385
vn 0.312791 0.312691 -0.896876
vn 0.312791 0.312691 -0.896876
vn 0.312791 0.312691 -0.896876
vn 0.312801 0.312601 -0.896904
vn 0.312801 0.312601 -0.896904
vn 0.312801 0.312601 -0.896904
vn 0.577417 0.577317 -0.577317
vn 0.577417 0.577317 -0.577317
vn 0.577417 0.577317 -0.577317
vn 0.577384 0.577284 -0.577384
vn 0.577384 0.577284 -0.577384
vn 0.577384 0.577284 -0.577384
vn 0.577317 0.577317 -0.577417
vn 0.577317 0.577317 -0.577417
vn 0.577317 0.577317 -0.577417
vn 0.577384 0.577284 -0.577384
vn 0.577384 0.577284 -0.577384
vn -0.992393 0.086999 -0.087099
vn -0.992393 0.086999 -0.087099
vn -0.992393 0.086999 -0.087099
vn -0.896876 0.312691 -0.312791
vn -0.896876 0.312691 -0.312791
vn -0.896876 0.312691 -0.312791
vn -0.896876 0.312691 -0.312791
vn -0.086901 0.992411 -0.087001
vn -0.086901 0.992411 -0.087001
vn -0.086901 0.992411 -0.087001
vn -0.312810 0.896828 -0.312810
vn -0.312810 0.896828 -0.312810
vn -0.312810 0.896828 -0.312810
vn -0.312701 0.896904 -0.312701
vn -0.312701 0.896904 -0.312701
vn -0.312701 0.896904 -0.312701
vn -0.087099 0.087099 -0.992385
vn -0.087099 0.087099 -0.992385
vn -0.087099 0.087099 -0.992385
vn -0.312791 0.312691 -0.896876
vn -0.312791 0.312691 -0.896876
vn -0.312791 0.312691 -0.896876
vn -0.312791 0.312691 -0.896876
vn -0.577384 0.577284 -0.577384
vn -0.577384 0.577284 -0.577384
vn -0.577384 0.577284 -0.577384
vn -0.577384 0.577284 -0.577384
vn -0.577284 0.577384 -0.577384
vn -0.577284 0.577384 -0.577384
vn -0.577284 0.577384 -0.577384
vn -0.577350 0.577350 -0.577350
vn -0.577350 0.577350 -0.577350
vn -0.577350 0.577350 -0.577350
vn -0.087099 0.086999 0.992393
vn -0.087099 0.086999 0.992393
vn -0.087099 0.086999 0.992393
vn -0.312791 0.312691 0.896876
vn -0.312791 0.312691 0.896876
vn -0.312791 0.312691 0.896876
vn -0.312791 0.312691 0.896876
vn -0.086901 0.992411 0.087001
vn -0.086901 0.992411 0.087001
vn -0.086901 0.992411 0.087001
vn -0.312782 0.896847 0.312782
vn -0.312782 0.896847 0.312782
vn -0.312782 0.896847 0.312782
vn -0.312782 0.896847 0.312782
vn -0.992393 0.086999 0.087099
vn -0.992393 0.086999 0.087099
vn -0.992393 0.086999 0.087099
vn -0.896876 0.312691 0.312791
vn -0.896876 0.312691 0.312791
vn -0.896876 0.312691 0.312791
vn -0.896876 0.312691 0.312791
vn -0.577384 0.577284 0.577384
vn -0.577384 0.577284 0.577384
vn -0.577384 0.577284 0.577384
vn -0.577384 0.577284 0.577384
vn -0.577284 0.577384 0.577384
vn -0.577284 0.577384 0.577384
vn -0.577284 0.577384 0.577384
vn -0.577384 0.577384 0.577284
vn -0.577384 0.577384 0.577284
vn -0.577384 0.577384 0.577284
vn 0.992402 0.087000 0.087000
vn 0.992402 0.087000 0.087000
vn 0.992402 0.087000 0.087000
vn 0.896876 0.312691 0.312791
vn 0.896876 0.312691 0.312791
vn 0.896876 0.312691 0.312791
vn 0.896904 0.312601 0.312801
vn 0.896904 0.312601 0.312801
vn 0.896904 0.312601 0.312801
vn 0.086901 0.992411 0.087001
vn 0.086901 0.992411 0.087001
vn 0.086901 0.992411 0.087001
vn 0.312782 0.896847 0.312782
vn 0.312782 0.896847 0.312782
vn 0.312782 0.896847 0.312782
vn 0.312810 0.896828 0.312810
vn 0.312810 0.896828 0.312810
vn 0.312810 0.896828 0.312810
vn 0.087099 0.087099 0.992385
vn 0.087099 0.087099 0.992385
vn 0.087099 0.087099 0.992385
vn 0.312701 0.312701 0.896904
vn 0.312701 0.312701 0.896904
vn 0.312701 0.312701 0.896904
vn 0.312791 0.312691 0.896876
vn 0.312791 0.312691 0.896876
vn 0.312791 0.312691 0.896876
vn 0.577384 0.577284 0.577384
vn 0.577384 0.577284 0.577384
vn 0.577384 0.577284 0.577384
vn 0.577384 0.577284 0.577384
vn 0.577317 0.577417 0.577317
vn 0.577317 0.577417 0.577317
vn 0.577317 0.577417 0.577317
vn 0.577384 0.577284 0.577384
vn 0.577384 0.577284 0.577384
vn 0.000000 -1.000000 0.000000
vn 0.000000 -1.000000 0.000000
vn 0.000000 -1.000000 0.000000
vn 0.000000 -1.000000 0.000000
vn 0.000000 -1.000000 0.000000
vn 0.000000 -1.000000 0.000000
vn 0.000000 -1.000000 0.000000
vn 0.000000 -1.000000 0.000000
vn 0.000000 -1.000000 0.000000
vn 0.000000 -1.000000 0.000000
vn 0.000000 -1.000000 0.000000
vn 0.000000 -1.000000 0.000000
vn 0.000000 -1.000000 0.000000
vn 0.000000 -1.000000 0.000000
vn 0.000000 -1.000000 0.000000
vn 0.000000 -1.000000 0.000000
vn 0.000000 -1.000000 0.000000
vn 0.000000 -1.000000 0.000000
vn 0.000000 -1.000000 0.000000
vn 0.000000 -1.000000 0.000000
vn 0.000000 -1.000000 0.000000
vn 0.000000 -1.000000 0.000000
vn 0.000000 -1.000000 0.000000
vn 0.000000 -1.000000 0.000000
vn 0.991448 0.000000 -0.130506
vn 0.991448 0.000000 -0.130506
vn 0.991448 0.000000 -0.130506
vn 0.991448 0.000000 -0.130506
vn 0.923877 0.000000 -0.382690
vn 0.923877 0.000000 -0.382690
vn 0.923877 0.000000 -0.382690
vn 0.923877 0.000000 -0.382690
vn 0.793352 0.000000 -0.608763
vn 0.793352 0.000000 -0.608763
vn 0.793352 0.000000 -0.608763
vn 0.793352 0.000000 -0.608763
vn 0.608763 0.000000 -0.793352
vn 0.608763 0.000000 -0.793352
vn 0.608763 0.000000 -0.793352
vn 0.608763 0.000000 -0.793352
vn 0.382690 0.000000 -0.923877
vn 0.382690 0.000000 -0.923877
vn 0.382690 0.000000 -0.923877
vn 0.382690 0.000000 -0.923877
vn 0.130506 0.000000 -0.991448
vn 0.130506 0.000000 -0.991448
vn 0.130506 0.000000 -0.991448
vn 0.130506 0.000000 -0.991448
vn -0.130506 0.000000 -0.991448
vn -0.130506 0.000000 -0.991448
vn -0.130506 0.000000 -0.991448
vn -0.130506 0.000000 -0.991448
vn -0.382690 0.000000 -0.923877
vn -0.382690 0.000000 -0.923877
vn -0.382690 0.000000 -0.923877
vn -0.382690 0.000000 -0.923877
vn -0.608763 0.000000 -0.793352
vn -0.608763 0.000000 -0.793352
vn -0.608763 0.000000 -0.793352
vn -0.608763 0.000000 -0.793352
vn -0.793352 0.000000 -0.608763
vn -0.793352 0.000000 -0.608763
vn -0.793352 0.000000 -0.608763
vn -0.793352 0.000000 -0.608763
vn -0.923877 0.000000 -0.382690
vn -0.923877 0.000000 -0.382690
vn -0.923877 0.000000 -0.382690
vn -0.923877 0.000000 -0.382690
vn -0.991448 0.000000 -0.130506
vn -0.991448 0.000000 -0.130506
vn -0.991448 0.000000 -0.130506
vn -0.991448 0.000000 -0.130506
vn -0.991448 0.000000 0.130506
vn -0.991448 0.000000 0.130506
vn -0.991448 0.000000 0.130506
vn -0.991448 0.000000 0.130506
vn -0.923877 0.000000 0.382690
vn -0.923877 0.000000 0.382690
vn -0.923877 0.000000 0.382690
vn -0.923877 0.000000 0.382690
vn -0.793352 0.000000 0.608763
vn -0.793352 0.000000 0.608763
vn -0.793352 0.000000 0.608763
vn -0.793352 0.000000 0.608763
vn -0.608763 0.000000 0.793352
vn -0.608763 0.000000 0.793352
vn -0.608763 0.000000 0.793352
vn -0.608763 0.000000 0.793352
vn -0.382690 0.000000 0.923877
vn -0.382690 0.000000 0.923877
vn -0.382690 0.000000 0.923877
vn -0.382690 0.000000 0.923877
vn -0.130506 0.000000 0.991448
vn -0.130506 0.000000 0.991448
vn -0.130506 0.000000 0.991448
vn -0.130506 0.000000 0.991448
vn 0.130506 0.000000 0.991448
vn 0.130506 0.000000 0.991448
vn 0.130506 0.000000 0.991448
vn 0.130506 0.000000 0.991448
vn 0.382690 0.000000 0.923877
vn 0.382690 0.000000 0.923877
vn 0.382690 0.000000 0.923877
vn 0.382690 0.000000 0.923877
vn 0.608763 0.000000 0.793352
vn 0.608763 0.000000 0.793352
vn 0.608763 0.000000 0.793352
vn 0.608763 0.000000 0.793352
vn 0.793352 0.000000 0.608763
vn 0.793352 0.000000 0.608763
vn 0.793352 0.000000 0.608763
vn 0.793352 0.000000 0.608763
vn 0.923877 0.000000 0.382690
vn 0.923877 0.000000 0.382690
vn 0.923877 0.000000 0.382690
vn 0.923877 0.000000 0.382690
vn 0.991448 0.000000 0.130506
vn 0.991448 0.000000 0.130506
vn 0.991448 0.000000 0.130506
vn 0.991448 0.000000 0.130506
vn 0.000000 1.000000 0.000000
vn 0.000000 1.000000 0.000000
vn 0.000000 1.000000 0.000000
vn 0.000000 1.000000 0.000000
vn 0.000000 1.000000 0.000000
vn 0.000000 1.000000 0.000000
vn 0.000000 1.000000 0.000000
vn 0.000000 1.000000 0.000000
vn 0.000000 1.000000 0.000000
vn 0.000000 1.000000 0.000000
vn 0.000000 1.000000 0.000000
vn 0.000000 1.000000 0.000000
vn 0.000000 1.000000 0.000000
vn 0.000000 1.000000 0.000000
vn 0.000000 1.000000 0.000000
vn 0.000000 1.000000 0.000000
vn 0.000000 1.000000 0.000000
vn 0.000000 1.000000 0.000000
vn 0.000000 1.000000 0.000000
vn 0.000000 1.000000 0.000000
vn 0.000000 1.000000 0.000000
vn 0.000000 1.000000 0.000000
vn 0.000000 1.000000 0.000000
vn 0.000000 1.000000 0.000000
vn 0.644873 -0.325586 -0.691471
vn 0.644873 -0.325586 -0.691471
vn 0.644873 -0.325586 -0.691471
vn 0.644873 -0.325586 -0.691471
vn 0.644815 -0.325607 -0.691516
vn 0.644815 -0.325607 -0.691516
vn 0.644815 -0.325607 -0.691516
vn 0.644815 -0.325607 -0.691516
vn 0.644873 -0.325586 -0.691471
vn 0.644873 -0.325586 -0.691471
vn 0.644815 -0.325607 -0.691516
vn 0.644815 -0.325607 -0.691516
vn 0.644815 -0.325607 -0.691516
vn 0.644815 -0.325607 -0.691516
vn 0.644836 -0.325518 -0.691538
vn 0.644836 -0.325518 -0.691538
vn 0.644836 -0.325518 -0.691538
vn 0.644815 -0.325607 -0.691516
vn 0.644815 -0.325607 -0.691516
vn 0.644815 -0.325607 -0.691516
vn 0.644815 -0.325607 -0.691516
vn 0.644815 -0.325607 -0.691516
vn 0.644815 -0.325607 -0.691516
vn 0.644815 -0.325607 -0.691516
vn 0.644873 -0.325586 -0.691471
vn 0.644873 -0.325586 -0.691471
vn 0.644815 -0.325607 -0.691516
vn 0.644815 -0.325607 -0.691516
vn 0.644873 -0.325586 -0.691471
vn 0.644873 -0.325586 -0.691471
vn 0.644815 -0.325607 -0.691516
vn 0.644815 -0.325607 -0.691516
vn 0.644815 -0.325607 -0.691516
vn 0.644873 -0.325586 -0.691471
vn 0.644873 -0.325586 -0.691471
vn 0.644815 -0.325607 -0.691516
vn 0.644815 -0.325607 -0.691516
vn 0.129903 0.981621 0.139803
vn 0.129903 0.981621 0.139803
vn 0.129903 0.981621 0.139803
vn 0.130103 0.981623 0.139603
vn 0.130103 0.981623 0.139603
vn 0.130103 0.981623 0.139603
vn 0.130101 0.981610 0.139701
vn 0.130101 0.981610 0.139701
vn 0.130101 0.981610 0.139701
vn 0.129905 0.981635 0.139705
vn 0.129905 0.981635 0.139705
vn 0.129905 0.981635 0.139705
vn 0.129905 0.981635 0.139705
vn 0.130103 0.981623 0.139603
vn 0.130103 0.981623 0.139603
vn 0.129903 0.981621 0.139803
vn 0.129903 0.981621 0.139803
vn 0.129903 0.981621 0.139803
vn 0.130105 0.981637 0.139505
vn 0.130105 0.981637 0.139505
vn 0.130105 0.981637 0.139505
vn 0.129903 0.981621 0.139803
vn 0.129903 0.981621 0.139803
vn 0.130105 0.981637 0.139505
vn 0.130105 0.981637 0.139505
vn 0.129803 0.981620 0.139903
vn 0.129803 0.981620 0.139903
vn 0.129803 0.981620 0.139903
vn 0.129903 0.981621 0.139803
vn 0.129903 0.981621 0.139803
vn 0.130201 0.981610 0.139601
vn 0.130201 0.981610 0.139601
vn 0.130201 0.981610 0.139601
vn 0.130105 0.981637 0.139505
vn 0.130105 0.981637 0.139505
vn 0.130201 0.981610 0.139601
vn 0.130201 0.981610 0.139601
vn 0.130105 0.981637 0.139505
vn 0.130105 0.981637 0.139505
vn 0.129903 0.981621 0.139803
vn 0.129903 0.981621 0.139803
vn 0.130103 0.981623 0.139603
vn 0.130103 0.981623 0.139603
vn 0.129903 0.981621 0.139803
vn 0.129903 0.981621 0.139803
vn 0.129905 0.981635 0.139705
vn 0.129905 0.981635 0.139705
vn 0.129903 0.981621 0.139803
vn 0.129903 0.981621 0.139803
vn 0.130403 0.981626 0.139304
vn 0.130403 0.981626 0.139304
vn 0.130403 0.981626 0.139304
vn 0.130205 0.981638 0.139405
vn 0.130205 0.981638 0.139405
vn 0.130205 0.981638 0.139405
vn 0.130402 0.981612 0.139402
vn 0.130402 0.981612 0.139402
vn 0.130402 0.981612 0.139402
vn 0.130403 0.981626 0.139304
vn 0.130403 0.981626 0.139304
vn 0.130103 0.981623 0.139603
vn 0.130103 0.981623 0.139603
vn 0.130103 0.981623 0.139603
vn 0.130403 0.981626 0.139304
vn 0.130403 0.981626 0.139304
vn 0.130103 0.981623 0.139603
vn 0.130103 0.981623 0.139603
vn 0.130105 0.981637 0.139505
vn 0.130105 0.981637 0.139505
vn 0.130105 0.981637 0.139505
vn 0.130402 0.981612 0.139402
vn 0.130402 0.981612 0.139402
vn 0.130105 0.981637 0.139505
vn 0.130105 0.981637 0.139505
vn 0.130201 0.981610 0.139601
vn 0.130201 0.981610 0.139601
vn 0.130201 0.981610 0.139601
vn 0.130105 0.981637 0.139505
vn 0.130105 0.981637 0.139505
vn 0.130201 0.981610 0.139601
vn 0.130201 0.981610 0.139601
vn 0.130403 0.981626 0.139304
vn 0.130403 0.981626 0.139304
vn 0.130403 0.981626 0.139304
vn 0.130203 0.981624 0.139503
vn 0.130203 0.981624 0.139503
vn 0.130203 0.981624 0.139503
vn 0.130201 0.981610 0.139601
vn 0.130201 0.981610 0.139601
vn 0.130007 0.981650 0.139507
vn 0.130007 0.981650 0.139507
vn 0.130007 0.981650 0.139507
vn 0.130303 0.981625 0.139404
vn 0.130303 0.981625 0.139404
vn 0.130303 0.981625 0.139404
vn 0.130203 0.981624 0.139503
vn 0.130203 0.981624 0.139503
vn 0.130203 0.981624 0.139503
vn 0.130303 0.981625 0.139404
vn 0.130303 0.981625 0.139404
vn -0.419318 0.544624 -0.726331
vn -0.419318 0.544624 -0.726331
vn -0.419318 0.544624 -0.726331
vn -0.419318 0.544624 -0.726331
vn -0.585799 0.353500 -0.729299
vn -0.585799 0.353500 -0.729299
vn -0.585799 0.353500 -0.729299
vn -0.585799 0.353500 -0.729299
vn 0.000000 1.000000 0.000000
vn 0.000000 1.000000 0.000000
vn 0.000000 1.000000 0.000000
vn 0.000000 1.000000 0.000000
vn 0.000000 1.000000 0.000000
vn 0.000000 1.000000 0.000000
vn 0.000000 1.000000 0.000000
vn 0.000000 1.000000 0.000000
vn 0.000000 1.000000 0.000000
vn 0.000000 1.000000 0.000000
vn 0.000000 1.000000 0.000000
vn 0.000000 1.000000 0.000000
vn 0.000000 1.000000 0.000000
vn 0.000000 1.000000 0.000000
vn 0.000000 1.000000 0.000000
vn 0.000000 1.000000 0.000000
vn -0.000200 1.000000 0.000000
vn -0.000200 1.000000 0.000000
vn -0.000200 1.000000 0.000000
vn 0.000000 1.000000 0.000000
vn 0.000000 1.000000 0.000000
vn 0.000000 1.000000 0.000000
vn 0.000000 1.000000 0.000000
vn 0.000100 1.000000 0.000000
vn 0.000100 1.000000 0.000000
vn 0.000100 1.000000 0.000000
vn 0.000000 1.000000 0.000000
vn 0.000000 1.000000 0.000000
vn 0.000000 1.000000 0.000000
vn 0.000000 1.000000 0.000000
vn 0.000000 1.000000 0.000000
vn 0.000000 1.000000 0.000000
vn 0.000000 1.000000 0.000000
vn 0.000000 1.000000 0.000000
vn 0.000000 1.000000 0.000000
vn 0.000000 1.000000 0.000000
vn 0.000000 1.000000 0.000000
vn 0.000000 1.000000 0.000000
vn 0.000000 1.000000 0.000000
vn 0.000000 1.000000 0.000000
vn 0.000000 1.000000 0.000000
vn 0.000000 1.000000 0.000000
vn 0.000000 1.000000 0.000000
vn 0.000000 1.000000 0.000000
vn -0.000100 1.000000 0.000000
vn -0.000100 1.000000 0.000000
vn -0.000100 1.000000 0.000000
vn 0.000000 1.000000 0.000000
vn 0.000000 1.000000 0.000000
vn 0.000000 1.000000 0.000000
vn -0.000100 1.000000 0.000000
vn -0.000100 1.000000 0.000000
vn -0.000100 1.000000 0.000000
vn 0.000000 1.000000 0.000000
vn 0.000000 1.000000 0.000000
vn 0.000000 1.000000 0.000000
vn 0.000000 1.000000 0.000000
vn 0.000000 1.000000 0.000000
vn 0.000000 1.000000 0.000000
vn 0.000000 1.000000 0.000000
vn 0.000000 1.000000 0.000000
vn 0.000000 1.000000 0.000000
vn 0.000000 1.000000 0.000000
vn 0.000000 1.000000 0.000000
vn 0.000000 1.000000 0.000000
vn 0.000000 1.000000 0.000000
vn 0.000000 1.000000 0.000000
vn 0.000000 1.000000 0.000000
vn 0.000000 1.000000 0.000000
vn 0.000000 1.000000 0.000000
vn 0.000000 1.000000 0.000000
vn 0.000000 1.000000 0.000000
vn 0.000000 1.000000 0.000000
vn 0.000100 1.000000 0.000000
vn 0.000100 1.000000 0.000000
vn 0.000100 1.000000 0.000000
vn 0.823290 0.190798 -0.534593
vn 0.823290 0.190798 -0.534593
vn 0.823290 0.190798 -0.534593
vn 0.823290 0.190798 -0.534593
vn -0.160005 0.981633 0.103903
vn -0.160005 0.981633 0.103903
vn -0.160005 0.981633 0.103903
vn -0.160005 0.981633 0.103903
vn 0.544598 0.000000 0.838697
vn 0.544598 0.000000 0.838697
vn 0.544598 0.000000 0.838697
vn 0.544598 0.000000 0.838697
vn 0.160005 -0.981633 -0.103903
vn 0.160005 -0.981633 -0.103903
vn 0.160005 -0.981633 -0.103903
vn 0.160005 -0.981633 -0.103903
vn -0.823290 -0.190798 0.534593
vn -0.823290 -0.190798 0.534593
vn -0.823290 -0.190798 0.534593
vn -0.823290 -0.190798 0.534593
vn -0.544598 0.000000 -0.838697
vn -0.544598 0.000000 -0.838697
vn -0.544598 0.000000 -0.838697
vn -0.544598 0.000000 -0.838697
vn 0.899470 0.188394 -0.394287
vn 0.899470 0.188394 -0.394287
vn 0.899470 0.188394 -0.394287
vn 0.899470 0.188394 -0.394287
vn 0.981438 0.169507 -0.089703
vn 0.981438 0.169507 -0.089703
vn 0.981438 0.169507 -0.089703
vn 0.981447 0.169508 -0.089604
vn 0.981447 0.169508 -0.089604
vn 0.981447 0.169508 -0.089604
vn 0.967255 0.134894 0.214990
vn 0.967255 0.134894 0.214990
vn 0.967255 0.134894 0.214990
vn 0.967255 0.134894 0.214990
vn 0.787293 0.344597 -0.511295
vn 0.787293 0.344597 -0.511295
vn 0.787293 0.344597 -0.511295
vn 0.787293 0.344597 -0.511295
vn 0.657768 0.620370 -0.427179
vn 0.657768 0.620370 -0.427179
vn 0.657768 0.620370 -0.427179
vn 0.657768 0.620370 -0.427179
vn 0.468721 0.829237 -0.304413
vn 0.468721 0.829237 -0.304413
vn 0.468721 0.829237 -0.304413
vn 0.468721 0.829237 -0.304413
vn 0.726088 0.188397 -0.661289
vn 0.726088 0.188397 -0.661289
vn 0.726088 0.188397 -0.661289
vn 0.726088 0.188397 -0.661289
vn 0.481110 0.169503 -0.860117
vn 0.481110 0.169503 -0.860117
vn 0.481110 0.169503 -0.860117
vn 0.481110 0.169503 -0.860117
vn 0.196996 0.134897 -0.971079
vn 0.196996 0.134897 -0.971079
vn 0.196996 0.134897 -0.971079
vn 0.196996 0.134897 -0.971079
vn 0.838208 0.032100 -0.544405
vn 0.838208 0.032100 -0.544405
vn 0.838208 0.032100 -0.544405
vn 0.838208 0.032100 -0.544405
vn 0.804800 -0.281400 -0.522600
vn 0.804800 -0.281400 -0.522600
vn 0.804800 -0.281400 -0.522600
vn 0.804800 -0.281400 -0.522600
vn 0.695398 -0.558999 -0.451599
vn 0.695398 -0.558999 -0.451599
vn 0.695398 -0.558999 -0.451599
vn 0.695398 -0.558999 -0.451599
vn -0.071402 0.969125 0.236006
vn -0.071402 0.969125 0.236006
vn -0.071402 0.969125 0.236006
vn -0.071199 0.969093 0.236198
vn -0.071199 0.969093 0.236198
vn -0.071199 0.969093 0.236198
vn 0.108100 0.871901 0.477601
vn 0.108100 0.871901 0.477601
vn 0.108100 0.871901 0.477601
vn 0.108203 0.871826 0.477714
vn 0.108203 0.871826 0.477714
vn 0.108203 0.871826 0.477714
vn 0.272003 0.694107 0.666506
vn 0.272003 0.694107 0.666506
vn 0.272003 0.694107 0.666506
vn 0.272003 0.694107 0.666506
vn -0.289105 0.938715 0.187703
vn -0.289105 0.938715 0.187703
vn -0.289105 0.938715 0.187703
vn -0.289105 0.938715 0.187703
vn -0.520200 0.784400 0.337800
vn -0.520200 0.784400 0.337800
vn -0.520200 0.784400 0.337800
vn -0.520200 0.784400 0.337800
vn -0.695210 0.559308 0.451506
vn -0.695210 0.559308 0.451506
vn -0.695210 0.559308 0.451506
vn -0.695210 0.559308 0.451506
vn -0.244701 0.969103 -0.031000
vn -0.244701 0.969103 -0.031000
vn -0.244701 0.969103 -0.031000
vn -0.244608 0.969133 -0.030801
vn -0.244608 0.969133 -0.030801
vn -0.244608 0.969133 -0.030801
vn -0.392416 0.871835 -0.293112
vn -0.392416 0.871835 -0.293112
vn -0.392416 0.871835 -0.293112
vn -0.392393 0.871884 -0.292995
vn -0.392393 0.871884 -0.292995
vn -0.392393 0.871884 -0.292995
vn -0.498310 0.694115 -0.519511
vn -0.498310 0.694115 -0.519511
vn -0.498310 0.694115 -0.519511
vn -0.498310 0.694115 -0.519511
vn -0.026600 0.999497 0.017300
vn -0.026600 0.999497 0.017300
vn -0.026600 0.999497 0.017300
vn -0.026600 0.999497 0.017300
vn 0.235997 0.959586 -0.153298
vn 0.235997 0.959586 -0.153298
vn 0.235997 0.959586 -0.153298
vn 0.236091 0.959563 -0.153294
vn 0.236091 0.959563 -0.153294
vn 0.236091 0.959563 -0.153294
vn 0.563202 -0.156300 0.811402
vn 0.563202 -0.156300 0.811402
vn 0.563202 -0.156300 0.811402
vn 0.563193 -0.156398 0.811390
vn 0.563193 -0.156398 0.811390
vn 0.563193 -0.156398 0.811390
vn 0.557291 -0.450793 0.697289
vn 0.557291 -0.450793 0.697289
vn 0.557291 -0.450793 0.697289
vn 0.557291 -0.450793 0.697289
vn 0.498201 -0.694201 0.519501
vn 0.498201 -0.694201 0.519501
vn 0.498201 -0.694201 0.519501
vn 0.498310 -0.694115 0.519511
vn 0.498310 -0.694115 0.519511
vn 0.498310 -0.694115 0.519511
vn 0.406600 -0.030400 0.913100
vn 0.406600 -0.030400 0.913100
vn 0.406600 -0.030400 0.913100
vn 0.406600 -0.030400 0.913100
vn 0.105703 -0.087603 0.990532
vn 0.105703 -0.087603 0.990532
vn 0.105703 -0.087603 0.990532
vn 0.105604 -0.087703 0.990533
vn 0.105604 -0.087703 0.990533
vn 0.105604 -0.087703 0.990533
vn -0.196996 -0.134897 0.971079
vn -0.196996 -0.134897 0.971079
vn -0.196996 -0.134897 0.971079
vn -0.196996 -0.134897 0.971079
vn 0.512219 0.156206 0.844531
vn 0.512219 0.156206 0.844531
vn 0.512219 0.156206 0.844531
vn 0.512211 0.156303 0.844517
vn 0.512211 0.156303 0.844517
vn 0.512211 0.156303 0.844517
vn 0.410192 0.450991 0.792685
vn 0.410192 0.450991 0.792685
vn 0.410192 0.450991 0.792685
vn 0.410192 0.450991 0.792685
vn 0.668761 0.030398 0.742856
vn 0.668761 0.030398 0.742856
vn 0.668761 0.030398 0.742856
vn 0.668761 0.030398 0.742856
vn 0.861923 0.087602 0.499414
vn 0.861923 0.087602 0.499414
vn 0.861923 0.087602 0.499414
vn 0.861923 0.087602 0.499414
vn 0.071199 -0.969093 -0.236198
vn 0.071199 -0.969093 -0.236198
vn 0.071199 -0.969093 -0.236198
vn 0.071097 -0.969054 -0.236389
vn 0.071097 -0.969054 -0.236389
vn 0.071097 -0.969054 -0.236389
vn -0.107903 -0.872027 -0.477415
vn -0.107903 -0.872027 -0.477415
vn -0.107903 -0.872027 -0.477415
vn -0.107800 -0.872102 -0.477301
vn -0.107800 -0.872102 -0.477301
vn -0.107800 -0.872102 -0.477301
vn -0.272003 -0.694107 -0.666506
vn -0.272003 -0.694107 -0.666506
vn -0.272003 -0.694107 -0.666506
vn -0.272003 -0.694107 -0.666506
vn 0.027000 -0.999482 -0.017500
vn 0.027000 -0.999482 -0.017500
vn 0.027000 -0.999482 -0.017500
vn 0.027000 -0.999482 -0.017500
vn -0.236091 -0.959563 0.153294
vn -0.236091 -0.959563 0.153294
vn -0.236091 -0.959563 0.153294
vn -0.235997 -0.959586 0.153298
vn -0.235997 -0.959586 0.153298
vn -0.235997 -0.959586 0.153298
vn -0.469004 -0.829007 0.304603
vn -0.469004 -0.829007 0.304603
vn -0.469004 -0.829007 0.304603
vn -0.469082 -0.828968 0.304588
vn -0.469082 -0.828968 0.304588
vn -0.469082 -0.828968 0.304588
vn 0.244887 -0.969050 0.031198
vn 0.244887 -0.969050 0.031198
vn 0.244887 -0.969050 0.031198
vn 0.244701 -0.969103 0.031000
vn 0.244701 -0.969103 0.031000
vn 0.244701 -0.969103 0.031000
vn 0.392201 -0.872103 0.292601
vn 0.392201 -0.872103 0.292601
vn 0.392201 -0.872103 0.292601
vn 0.392224 -0.872053 0.292718
vn 0.392224 -0.872053 0.292718
vn 0.392224 -0.872053 0.292718
vn 0.289105 -0.938715 -0.187703
vn 0.289105 -0.938715 -0.187703
vn 0.289105 -0.938715 -0.187703
vn 0.289105 -0.938715 -0.187703
vn 0.520200 -0.784400 -0.337800
vn 0.520200 -0.784400 -0.337800
vn 0.520200 -0.784400 -0.337800
vn 0.520200 -0.784400 -0.337800
vn -0.787279 -0.344791 0.511186
vn -0.787279 -0.344791 0.511186
vn -0.787279 -0.344791 0.511186
vn -0.787266 -0.344685 0.511278
vn -0.787266 -0.344685 0.511278
vn -0.787266 -0.344685 0.511278
vn -0.657768 -0.620370 0.427179
vn -0.657768 -0.620370 0.427179
vn -0.657768 -0.620370 0.427179
vn -0.657768 -0.620370 0.427179
vn -0.899470 -0.188394 0.394287
vn -0.899470 -0.188394 0.394287
vn -0.899470 -0.188394 0.394287
vn -0.899470 -0.188394 0.394287
vn -0.981447 -0.169508 0.089604
vn -0.981447 -0.169508 0.089604
vn -0.981447 -0.169508 0.089604
vn -0.981438 -0.169507 0.089703
vn -0.981438 -0.169507 0.089703
vn -0.981438 -0.169507 0.089703
vn -0.967249 -0.134907 -0.215011
vn -0.967249 -0.134907 -0.215011
vn -0.967249 -0.134907 -0.215011
vn -0.967255 -0.134894 -0.214990
vn -0.967255 -0.134894 -0.214990
vn -0.967255 -0.134894 -0.214990
vn -0.838208 -0.032100 0.544405
vn -0.838208 -0.032100 0.544405
vn -0.838208 -0.032100 0.544405
vn -0.838208 -0.032100 0.544405
vn -0.804800 0.281400 0.522600
vn -0.804800 0.281400 0.522600
vn -0.804800 0.281400 0.522600
vn -0.804800 0.281400 0.522600
vn -0.725993 -0.188398 0.661393
vn -0.725993 -0.188398 0.661393
vn -0.725993 -0.188398 0.661393
vn -0.726088 -0.188397 0.661289
vn -0.726088 -0.188397 0.661289
vn -0.726088 -0.188397 0.661289
vn -0.480915 -0.169505 0.860226
vn -0.480915 -0.169505 0.860226
vn -0.480915 -0.169505 0.860226
vn -0.481110 -0.169503 0.860117
vn -0.481110 -0.169503 0.860117
vn -0.481110 -0.169503 0.860117
vn -0.563211 0.156203 -0.811415
vn -0.563211 0.156203 -0.811415
vn -0.563211 0.156203 -0.811415
vn -0.563202 0.156300 -0.811402
vn -0.563202 0.156300 -0.811402
vn -0.563202 0.156300 -0.811402
vn -0.557305 0.450904 -0.697206
vn -0.557305 0.450904 -0.697206
vn -0.557305 0.450904 -0.697206
vn -0.557294 0.451095 -0.697092
vn -0.557294 0.451095 -0.697092
vn -0.557294 0.451095 -0.697092
vn -0.668761 -0.030398 -0.742856
vn -0.668761 -0.030398 -0.742856
vn -0.668761 -0.030398 -0.742856
vn -0.668761 -0.030398 -0.742856
vn -0.861916 -0.087702 -0.499409
vn -0.861916 -0.087702 -0.499409
vn -0.861916 -0.087702 -0.499409
vn -0.861923 -0.087602 -0.499414
vn -0.861923 -0.087602 -0.499414
vn -0.861923 -0.087602 -0.499414
vn -0.512203 -0.156401 -0.844504
vn -0.512203 -0.156401 -0.844504
vn -0.512203 -0.156401 -0.844504
vn -0.512211 -0.156303 -0.844517
vn -0.512211 -0.156303 -0.844517
vn -0.512211 -0.156303 -0.844517
vn -0.410312 -0.450814 -0.792724
vn -0.410312 -0.450814 -0.792724
vn -0.410312 -0.450814 -0.792724
vn -0.410312 -0.450814 -0.792724
vn -0.406600 0.030400 -0.913100
vn -0.406600 0.030400 -0.913100
vn -0.406600 0.030400 -0.913100
vn -0.406600 0.030400 -0.913100
vn -0.105604 0.087604 -0.990542
vn -0.105604 0.087604 -0.990542
vn -0.105604 0.087604 -0.990542
vn -0.105604 0.087604 -0.990542
vn 0.626036 -0.068904 0.776744
vn 0.626036 -0.068904 0.776744
vn 0.626036 -0.068904 0.776744
vn 0.795912 -0.247504 0.552509
vn 0.795912 -0.247504 0.552509
vn 0.795912 -0.247504 0.552509
vn 0.795816 -0.247805 0.552511
vn 0.795816 -0.247805 0.552511
vn 0.795816 -0.247805 0.552511
vn 0.277703 -0.957711 -0.075301
vn 0.277703 -0.957711 -0.075301
vn 0.277703 -0.957711 -0.075301
vn 0.570611 -0.821216 0.002800
vn 0.570611 -0.821216 0.002800
vn 0.570611 -0.821216 0.002800
vn 0.570611 -0.821216 0.002900
vn 0.570611 -0.821216 0.002900
vn 0.570611 -0.821216 0.002900
vn 0.878334 0.103904 -0.466618
vn 0.878334 0.103904 -0.466618
vn 0.878334 0.103904 -0.466618
vn 0.958736 -0.135905 -0.249709
vn 0.958736 -0.135905 -0.249709
vn 0.958736 -0.135905 -0.249709
vn 0.958712 -0.135902 -0.249803
vn 0.958712 -0.135902 -0.249803
vn 0.958712 -0.135902 -0.249803
vn 0.882186 -0.456593 0.115198
vn 0.882186 -0.456593 0.115198
vn 0.882186 -0.456593 0.115198
vn 0.882196 -0.456498 0.115499
vn 0.882196 -0.456498 0.115499
vn 0.882196 -0.456498 0.115499
vn 0.882196 -0.456498 0.115499
vn 0.882226 -0.456413 0.115603
vn 0.882226 -0.456413 0.115603
vn 0.882226 -0.456413 0.115603
vn -0.039298 0.990957 0.128294
vn -0.039298 0.990957 0.128294
vn -0.039298 0.990957 0.128294
vn 0.284187 0.940357 0.186992
vn 0.284187 0.940357 0.186992
vn 0.284187 0.940357 0.186992
vn 0.284214 0.940346 0.187009
vn 0.284214 0.940346 0.187009
vn 0.284214 0.940346 0.187009
vn 0.598278 0.101996 0.794771
vn 0.598278 0.101996 0.794771
vn 0.598278 0.101996 0.794771
vn 0.696114 0.366707 0.617212
vn 0.696114 0.366707 0.617212
vn 0.696114 0.366707 0.617212
vn 0.696285 0.366592 0.617087
vn 0.696285 0.366592 0.617087
vn 0.696285 0.366592 0.617087
vn 0.850427 0.274809 -0.448614
vn 0.850427 0.274809 -0.448614
vn 0.850427 0.274809 -0.448614
vn 0.858690 0.478095 -0.184598
vn 0.858690 0.478095 -0.184598
vn 0.858690 0.478095 -0.184598
vn 0.858623 0.478213 -0.184605
vn 0.858623 0.478213 -0.184605
vn 0.858623 0.478213 -0.184605
vn 0.697559 0.676760 0.235386
vn 0.697559 0.676760 0.235386
vn 0.697606 0.676706 0.235402
vn 0.697606 0.676706 0.235402
vn 0.697606 0.676706 0.235402
vn 0.697278 0.676978 0.235592
vn 0.697278 0.676978 0.235592
vn 0.697278 0.676978 0.235592
vn 0.697637 0.676636 0.235513
vn 0.697637 0.676636 0.235513
vn 0.697637 0.676636 0.235513
vn -0.482711 0.102002 -0.869819
vn -0.482711 0.102002 -0.869819
vn -0.482711 0.102002 -0.869819
vn -0.280911 0.366414 -0.887034
vn -0.280911 0.366414 -0.887034
vn -0.280911 0.366414 -0.887034
vn -0.280808 0.366511 -0.887027
vn -0.280808 0.366511 -0.887027
vn -0.280808 0.366511 -0.887027
vn -0.133194 0.990956 -0.016299
vn -0.133194 0.990956 -0.016299
vn -0.133194 0.990956 -0.016299
vn -0.054902 0.940041 -0.336615
vn -0.054902 0.940041 -0.336615
vn -0.054902 0.940041 -0.336615
vn -0.054902 0.940041 -0.336615
vn 0.755690 0.274796 -0.594492
vn 0.755690 0.274796 -0.594492
vn 0.755690 0.274796 -0.594492
vn 0.517887 0.478088 -0.709383
vn 0.517887 0.478088 -0.709383
vn 0.517887 0.478088 -0.709383
vn 0.518009 0.478209 -0.709213
vn 0.518009 0.478209 -0.709213
vn 0.518009 0.478209 -0.709213
vn 0.068001 0.676914 -0.732915
vn 0.068001 0.676914 -0.732915
vn 0.068001 0.676914 -0.732915
vn 0.068300 0.677003 -0.732804
vn 0.068300 0.677003 -0.732804
vn 0.068300 0.677003 -0.732804
vn 0.068001 0.676914 -0.732915
vn 0.068001 0.676914 -0.732915
vn 0.067897 0.676869 -0.732966
vn 0.067897 0.676869 -0.732966
vn 0.067897 0.676869 -0.732966
vn 0.181799 -0.957693 -0.223098
vn 0.181799 -0.957693 -0.223098
vn 0.181799 -0.957693 -0.223098
vn 0.229600 -0.820699 -0.523199
vn 0.229600 -0.820699 -0.523199
vn 0.229600 -0.820699 -0.523199
vn 0.229612 -0.820742 -0.523127
vn 0.229612 -0.820742 -0.523127
vn 0.229612 -0.820742 -0.523127
vn -0.455009 -0.068901 -0.887817
vn -0.455009 -0.068901 -0.887817
vn -0.455009 -0.068901 -0.887817
vn -0.181296 -0.247494 -0.951777
vn -0.181296 -0.247494 -0.951777
vn -0.181296 -0.247494 -0.951777
vn -0.181304 -0.247705 -0.951720
vn -0.181304 -0.247705 -0.951720
vn -0.181304 -0.247705 -0.951720
vn 0.783608 0.103901 -0.612506
vn 0.783608 0.103901 -0.612506
vn 0.783608 0.103901 -0.612506
vn 0.618082 -0.135896 -0.774278
vn 0.618082 -0.135896 -0.774278
vn 0.618082 -0.135896 -0.774278
vn 0.618122 -0.136005 -0.774227
vn 0.618122 -0.136005 -0.774227
vn 0.618122 -0.136005 -0.774227
vn 0.253194 -0.456790 -0.852781
vn 0.253194 -0.456790 -0.852781
vn 0.253194 -0.456790 -0.852781
vn 0.253196 -0.456593 -0.852886
vn 0.253196 -0.456593 -0.852886
vn 0.253196 -0.456593 -0.852886
vn 0.253196 -0.456593 -0.852886
vn 0.253194 -0.456790 -0.852781
vn 0.253194 -0.456790 -0.852781
vn -0.783624 -0.103703 0.612519
vn -0.783624 -0.103703 0.612519
vn -0.783624 -0.103703 0.612519
vn -0.617708 0.135702 0.774611
vn -0.617708 0.135702 0.774611
vn -0.617708 0.135702 0.774611
vn -0.617880 0.135696 0.774475
vn -0.617880 0.135696 0.774475
vn -0.617880 0.135696 0.774475
vn 0.454895 0.068699 0.887891
vn 0.454895 0.068699 0.887891
vn 0.454895 0.068699 0.887891
vn 0.180896 0.247394 0.951879
vn 0.180896 0.247394 0.951879
vn 0.180896 0.247394 0.951879
vn 0.180905 0.247207 0.951926
vn 0.180905 0.247207 0.951926
vn 0.180905 0.247207 0.951926
vn -0.184006 0.957432 0.222408
vn -0.184006 0.957432 0.222408
vn -0.184006 0.957432 0.222408
vn -0.231504 0.820413 0.522808
vn -0.231504 0.820413 0.522808
vn -0.231504 0.820413 0.522808
vn -0.231504 0.820413 0.522808
vn -0.253206 0.456711 0.852820
vn -0.253206 0.456711 0.852820
vn -0.253206 0.456711 0.852820
vn -0.253196 0.456593 0.852886
vn -0.253196 0.456593 0.852886
vn -0.253196 0.456593 0.852886
vn -0.253207 0.456513 0.852925
vn -0.253207 0.456513 0.852925
vn -0.253207 0.456513 0.852925
vn -0.253289 0.456581 0.852865
vn -0.253289 0.456581 0.852865
vn -0.253289 0.456581 0.852865
vn -0.626096 0.068900 -0.776696
vn -0.626096 0.068900 -0.776696
vn -0.626096 0.068900 -0.776696
vn -0.796213 0.247204 -0.552209
vn -0.796213 0.247204 -0.552209
vn -0.796213 0.247204 -0.552209
vn -0.796169 0.247190 -0.552279
vn -0.796169 0.247190 -0.552279
vn -0.796169 0.247190 -0.552279
vn -0.878262 -0.103795 0.466780
vn -0.878262 -0.103795 0.466780
vn -0.878262 -0.103795 0.466780
vn -0.958744 0.135892 0.249685
vn -0.958744 0.135892 0.249685
vn -0.958744 0.135892 0.249685
vn -0.958807 0.135601 0.249602
vn -0.958807 0.135601 0.249602
vn -0.958807 0.135601 0.249602
vn -0.278011 0.957438 0.077603
vn -0.278011 0.957438 0.077603
vn -0.278011 0.957438 0.077603
vn -0.571205 0.820807 -0.001100
vn -0.571205 0.820807 -0.001100
vn -0.571205 0.820807 -0.001100
vn -0.571205 0.820807 -0.001000
vn -0.571205 0.820807 -0.001000
vn -0.571205 0.820807 -0.001000
vn -0.882123 0.456612 -0.115603
vn -0.882123 0.456612 -0.115603
vn -0.882123 0.456612 -0.115603
vn -0.882196 0.456498 -0.115499
vn -0.882196 0.456498 -0.115499
vn -0.882196 0.456498 -0.115499
vn -0.882123 0.456612 -0.115603
vn -0.882123 0.456612 -0.115603
vn -0.882113 0.456607 -0.115702
vn -0.882113 0.456607 -0.115702
vn -0.882113 0.456607 -0.115702
vn -0.755626 -0.274909 0.594520
vn -0.755626 -0.274909 0.594520
vn -0.755626 -0.274909 0.594520
vn -0.518095 -0.477996 0.709294
vn -0.518095 -0.477996 0.709294
vn -0.518095 -0.477996 0.709294
vn -0.518132 -0.478030 0.709244
vn -0.518132 -0.478030 0.709244
vn -0.518132 -0.478030 0.709244
vn 0.135505 -0.990638 0.016601
vn 0.135505 -0.990638 0.016601
vn 0.135505 -0.990638 0.016601
vn 0.057097 -0.939850 0.336782
vn 0.057097 -0.939850 0.336782
vn 0.057097 -0.939850 0.336782
vn 0.057202 -0.939833 0.336812
vn 0.057202 -0.939833 0.336812
vn 0.057202 -0.939833 0.336812
vn 0.482901 -0.102100 0.869702
vn 0.482901 -0.102100 0.869702
vn 0.482901 -0.102100 0.869702
vn 0.281405 -0.366806 0.886716
vn 0.281405 -0.366806 0.886716
vn 0.281405 -0.366806 0.886716
vn 0.281497 -0.366796 0.886691
vn 0.281497 -0.366796 0.886691
vn 0.281497 -0.366796 0.886691
vn -0.068598 -0.676782 0.732980
vn -0.068598 -0.676782 0.732980
vn -0.068598 -0.676782 0.732980
vn -0.068500 -0.677098 0.732698
vn -0.068500 -0.677098 0.732698
vn -0.068500 -0.677098 0.732698
vn -0.068599 -0.676886 0.732885
vn -0.068599 -0.676886 0.732885
vn -0.068599 -0.676886 0.732885
vn -0.068499 -0.676890 0.732890
vn -0.068499 -0.676890 0.732890
vn -0.068499 -0.676890 0.732890
vn -0.850442 -0.274913 0.448522
vn -0.850442 -0.274913 0.448522
vn -0.850442 -0.274913 0.448522
vn -0.858508 -0.478305 0.184902
vn -0.858508 -0.478305 0.184902
vn -0.858508 -0.478305 0.184902
vn -0.858575 -0.478186 0.184895
vn -0.858575 -0.478186 0.184895
vn -0.858575 -0.478186 0.184895
vn -0.598096 -0.102099 -0.794894
vn -0.598096 -0.102099 -0.794894
vn -0.598096 -0.102099 -0.794894
vn -0.695599 -0.367200 -0.617500
vn -0.695599 -0.367200 -0.617500
vn -0.695599 -0.367200 -0.617500
vn -0.695677 -0.367088 -0.617479
vn -0.695677 -0.367088 -0.617479
vn -0.695677 -0.367088 -0.617479
vn 0.040001 -0.990627 -0.130604
vn 0.040001 -0.990627 -0.130604
vn 0.040001 -0.990627 -0.130604
vn -0.283695 -0.940085 -0.189097
vn -0.283695 -0.940085 -0.189097
vn -0.283695 -0.940085 -0.189097
vn -0.283690 -0.940067 -0.189193
vn -0.283690 -0.940067 -0.189193
vn -0.283690 -0.940067 -0.189193
vn -0.697393 -0.676893 -0.235498
vn -0.697393 -0.676893 -0.235498
vn -0.697393 -0.676893 -0.235498
vn -0.697280 -0.677080 -0.235293
vn -0.697280 -0.677080 -0.235293
vn -0.697280 -0.677080 -0.235293
vn -0.697391 -0.676791 -0.235797
vn -0.697391 -0.676791 -0.235797
vn -0.697391 -0.676791 -0.235797
vn -0.697477 -0.676878 -0.235292
vn -0.697477 -0.676878 -0.235292
vn -0.697477 -0.676878 -0.235292
vn 0.000000 -1.000000 0.000000
vn 0.000000 -1.000000 0.000000
vn 0.000000 -1.000000 0.000000
vn 0.000000 -1.000000 0.000000
vn 0.000000 -1.000000 0.000000
vn 0.000000 -1.000000 0.000000
vn 0.000000 -1.000000 0.000000
vn 0.000000 -1.000000 0.000000
vn 0.000000 -1.000000 0.000000
vn 0.000000 -1.000000 0.000000
vn 0.000000 -1.000000 0.000000
vn 0.000000 -1.000000 0.000000
vn 0.000000 -1.000000 0.000000
vn 0.000000 -1.000000 0.000000
vn 0.000000 -1.000000 0.000000
vn 0.000000 -1.000000 0.000000
vn 0.000000 -1.000000 0.000000
vn 0.000000 -1.000000 0.000000
vn 0.000000 -1.000000 0.000000
vn 0.000000 -1.000000 0.000000
vn 0.000000 -1.000000 0.000000
vn 0.000000 -1.000000 0.000000
vn 0.000000 -1.000000 0.000000
vn 0.000000 -1.000000 0.000000
vn 0.000000 -1.000000 0.000000
vn 0.000000 -1.000000 0.000000
vn 0.000000 -1.000000 0.000000
vn 0.000000 -1.000000 0.000000
vn 0.000000 -1.000000 0.000000
vn 0.000000 -1.000000 0.000000
vn 0.000000 -1.000000 0.000000
vn 0.000000 -1.000000 0.000000
vn 0.000000 -1.000000 0.000000
vn 0.000000 -1.000000 0.000000
vn 0.000000 -1.000000 0.000000
vn 0.000000 -1.000000 0.000000
vn 0.000000 -1.000000 0.000000
vn 0.000000 -1.000000 0.000000
vn 0.000000 -1.000000 0.000000
vn 0.000000 -1.000000 0.000000
vn 0.000000 -1.000000 0.000000
vn 0.000000 -1.000000 0.000000
vn 0.000000 -1.000000 0.000000
vn 0.000000 -1.000000 0.000000
vn 0.000000 -1.000000 0.000000
vn 0.000000 -1.000000 0.000000
vn 0.000000 -1.000000 0.000000
vn 0.000000 -1.000000 0.000000
vn 0.000000 -1.000000 0.000000
vn 0.000000 -1.000000 0.000000
vn 0.000000 -1.000000 0.000000
vn 0.000000 -1.000000 0.000000
vn 0.000000 -1.000000 0.000000
vn 0.000000 -1.000000 0.000000
vn 0.000000 -1.000000 0.000000
vn 0.000000 -1.000000 0.000000
vn 0.000000 -1.000000 0.000000
vn 0.000000 -1.000000 0.000000
vn 0.000000 -1.000000 0.000000
vn 0.000000 -1.000000 0.000000
vn 0.000000 -1.000000 0.000000
vn 0.000000 -1.000000 0.000000
vn 0.000000 -1.000000 0.000000
vn 0.000000 -1.000000 0.000000
vn 0.000000 -1.000000 0.000000
vn 0.000000 -1.000000 0.000000
vn 0.000000 -1.000000 0.000000
vn 0.000000 -1.000000 0.000000
vn 0.000000 -1.000000 0.000000
vn 0.000000 -1.000000 0.000000
vn 0.000000 -1.000000 0.000000
vn 0.000000 -1.000000 0.000000
vn 0.000000 -1.000000 0.000000
vn 0.000000 -1.000000 0.000000
vn 0.000000 -1.000000 0.000000
vn 0.000000 -1.000000 0.000000
vn 0.000000 -1.000000 0.000000
vn 0.000000 -1.000000 0.000000
vn 0.000000 -1.000000 0.000000
vn 0.000000 -1.000000 0.000000
vn 0.000000 -1.000000 0.000000
vn 0.000000 -1.000000 0.000000
vn 0.000000 -1.000000 0.000000
vn 0.000000 -1.000000 0.000000
vn 0.000000 -1.000000 0.000000
vn 0.000000 -1.000000 0.000000
vn 0.000000 -1.000000 0.000000
vn 0.000000 -1.000000 0.000000
vn 0.000000 -1.000000 0.000000
vn 0.000000 -1.000000 0.000000
vn 0.000000 -1.000000 0.000000
vn 0.000000 -1.000000 0.000000
vn 0.000000 -1.000000 0.000000
vn 0.000000 -1.000000 0.000000
vn 0.000000 -1.000000 0.000000
vn 0.000000 -1.000000 0.000000
vn -0.866019 0.000000 0.500011
vn -0.866019 0.000000 0.500011
vn -0.866019 0.000000 0.500011
vn -0.866019 0.000000 0.500011
vn 0.472408 0.327405 0.818313
vn 0.472408 0.327405 0.818313
vn 0.472408 0.327405 0.818313
vn 0.472408 0.327405 0.818313
vn 0.000000 1.000000 0.000000
vn 0.000000 1.000000 0.000000
vn 0.000000 1.000000 0.000000
vn 0.000000 1.000000 0.000000
vn -0.421587 0.537684 -0.730178
vn -0.421587 0.537684 -0.730178
vn -0.421587 0.537684 -0.730178
vn -0.421587 0.537684 -0.730178
vn 0.000000 -1.000000 0.000000
vn 0.000000 -1.000000 0.000000
vn 0.000000 -1.000000 0.000000
vn 0.000000 -1.000000 0.000000
vn 0.866019 0.000000 -0.500011
vn 0.866019 0.000000 -0.500011
vn 0.866019 0.000000 -0.500011
vn 0.866019 0.000000 -0.500011
vn 0.000000 1.000000 0.000000
vn 0.000000 1.000000 0.000000
vn 0.000000 1.000000 0.000000
vn 0.000000 1.000000 0.000000
vn 0.707107 0.000000 -0.707107
vn 0.707107 0.000000 -0.707107
vn 0.707107 0.000000 -0.707107
vn 0.707107 0.000000 -0.707107
vn 0.707107 0.000000 0.707107
vn 0.707107 0.000000 0.707107
vn 0.707107 0.000000 0.707107
vn 0.707107 0.000000 0.707107
vn 0.615691 0.000000 0.787988
vn 0.615691 0.000000 0.787988
vn 0.615691 0.000000 0.787988
vn 0.615691 0.000000 0.787988
vn 0.000000 -1.000000 0.000000
vn 0.000000 -1.000000 0.000000
vn 0.000000 -1.000000 0.000000
vn 0.000000 -1.000000 0.000000
vn -0.599177 -0.229991 -0.766871
vn -0.599177 -0.229991 -0.766871
vn -0.599177 -0.229991 -0.766871
vn -0.599177 -0.229991 -0.766871
vn -0.571073 0.373583 -0.730966
vn -0.571073 0.373583 -0.730966
vn -0.571073 0.373583 -0.730966
vn -0.571073 0.373583 -0.730966
vn 0.361290 0.809677 0.462487
vn 0.361290 0.809677 0.462487
vn 0.361290 0.809677 0.462487
vn 0.361290 0.809677 0.462487
vn 0.000000 1.000000 0.000000
vn 0.000000 1.000000 0.000000
vn -0.787988 0.000000 0.615691
vn -0.787988 0.000000 0.615691
vn -0.787988 0.000000 0.615691
vn -0.787988 0.000000 0.615691
vn -0.787988 0.000000 0.615691
vn 0.787988 0.000000 -0.615691
vn 0.787988 0.000000 -0.615691
vn 0.787988 0.000000 -0.615691
vn 0.787988 0.000000 -0.615691
vn 0.787988 0.000000 -0.615691
vn 0.000000 1.000000 0.000000
vn 0.000000 1.000000 0.000000
vn -0.707107 0.000000 -0.707107
vn -0.707107 0.000000 -0.707107
vn -0.707107 0.000000 -0.707107
vn -0.707107 0.000000 -0.707107
vn -0.707107 0.000000 0.707107
vn -0.707107 0.000000 0.707107
vn -0.707107 0.000000 0.707107
vn -0.707107 0.000000 0.707107
vn 0.000000 -1.000000 0.000000
vn 0.000000 -1.000000 0.000000
vn 0.000000 -1.000000 0.000000
vn 0.000000 -1.000000 0.000000
vn 0.000000 -1.000000 0.000000
vn 0.000000 -1.000000 0.000000
vn 0.000000 -1.000000 0.000000
vn 0.000000 -1.000000 0.000000
vn 0.000000 1.000000 0.000000
vn 0.000000 1.000000 0.000000
vn 0.000000 1.000000 0.000000
vn 0.000000 1.000000 0.000000
vn 0.707107 0.000000 0.707107
vn 0.707107 0.000000 0.707107
vn 0.707107 0.000000 0.707107
vn 0.707107 0.000000 0.707107
vn 0.707107 0.000000 0.707107
vn 0.707107 0.000000 0.707107
vn -0.707107 0.000000 -0.707107
vn -0.707107 0.000000 -0.707107
vn -0.707107 0.000000 -0.707107
vn -0.707107 0.000000 -0.707107
vn -0.707107 0.000000 -0.707107
vn -0.707107 0.000000 -0.707107
vn 0.707107 0.000000 -0.707107
vn 0.707107 0.000000 -0.707107
vn 0.707107 0.000000 -0.707107
vn 0.707107 0.000000 -0.707107
vn -0.707107 0.000000 0.707107
vn -0.707107 0.000000 0.707107
vn -0.707107 0.000000 0.707107
vn -0.707107 0.000000 0.707107
vn -0.449516 -0.771927 0.449516
vn -0.449516 -0.771927 0.449516
vn -0.449516 -0.771927 0.449516
vn -0.449516 -0.771927 0.449516
vn -0.707107 0.000000 0.707107
vn -0.707107 0.000000 0.707107
vn -0.707107 0.000000 0.707107
vn -0.707107 0.000000 0.707107
vn -0.112799 -0.987194 -0.112799
vn -0.112799 -0.987194 -0.112799
vn -0.112799 -0.987194 -0.112799
vn -0.112702 -0.987217 -0.112702
vn -0.112702 -0.987217 -0.112702
vn -0.112702 -0.987217 -0.112702
vn -0.324897 -0.888191 -0.324897
vn -0.324897 -0.888191 -0.324897
vn -0.324897 -0.888191 -0.324897
vn -0.324897 -0.888191 -0.324897
vn -0.500002 -0.707103 -0.500002
vn -0.500002 -0.707103 -0.500002
vn -0.500002 -0.707103 -0.500002
vn -0.499967 -0.707153 -0.499967
vn -0.499967 -0.707153 -0.499967
vn -0.499967 -0.707153 -0.499967
vn -0.112701 -0.987205 0.112801
vn -0.112701 -0.987205 0.112801
vn -0.112701 -0.987205 0.112801
vn -0.112799 -0.987194 0.112799
vn -0.112799 -0.987194 0.112799
vn -0.112799 -0.987194 0.112799
vn -0.324897 -0.888191 0.324897
vn -0.324897 -0.888191 0.324897
vn -0.324897 -0.888191 0.324897
vn -0.324897 -0.888191 0.324897
vn -0.500002 -0.707103 0.500002
vn -0.500002 -0.707103 0.500002
vn -0.500002 -0.707103 0.500002
vn -0.499967 -0.707153 0.499967
vn -0.499967 -0.707153 0.499967
vn -0.499967 -0.707153 0.499967
vn 0.112702 -0.987217 0.112702
vn 0.112702 -0.987217 0.112702
vn 0.112702 -0.987217 0.112702
vn 0.112799 -0.987194 0.112799
vn 0.112799 -0.987194 0.112799
vn 0.112799 -0.987194 0.112799
vn 0.324897 -0.888191 0.324897
vn 0.324897 -0.888191 0.324897
vn 0.324897 -0.888191 0.324897
vn 0.324897 -0.888191 0.324897
vn 0.499967 -0.707153 0.499967
vn 0.499967 -0.707153 0.499967
vn 0.499967 -0.707153 0.499967
vn 0.499967 -0.707153 0.499967
vn 0.112801 -0.987205 -0.112701
vn 0.112801 -0.987205 -0.112701
vn 0.112801 -0.987205 -0.112701
vn 0.112702 -0.987217 -0.112702
vn 0.112702 -0.987217 -0.112702
vn 0.112702 -0.987217 -0.112702
vn 0.324897 -0.888191 -0.324897
vn 0.324897 -0.888191 -0.324897
vn 0.324897 -0.888191 -0.324897
vn 0.324897 -0.888191 -0.324897
vn 0.499967 -0.707153 -0.499967
vn 0.499967 -0.707153 -0.499967
vn 0.499967 -0.707153 -0.499967
vn 0.499967 -0.707153 -0.499967
vn -0.112398 0.987286 -0.112398
vn -0.112398 0.987286 -0.112398
vn -0.112398 0.987286 -0.112398
vn -0.112398 0.987286 -0.112398
vn -0.324897 0.888191 -0.324897
vn -0.324897 0.888191 -0.324897
vn -0.324897 0.888191 -0.324897
vn -0.324897 0.888191 -0.324897
vn -0.499967 0.707153 -0.499967
vn -0.499967 0.707153 -0.499967
vn -0.499967 0.707153 -0.499967
vn -0.500002 0.707103 -0.500002
vn -0.500002 0.707103 -0.500002
vn -0.500002 0.707103 -0.500002
vn 0.112398 0.987286 -0.112398
vn 0.112398 0.987286 -0.112398
vn 0.112398 0.987286 -0.112398
vn 0.112398 0.987286 -0.112398
vn 0.324897 0.888191 -0.324897
vn 0.324897 0.888191 -0.324897
vn 0.324897 0.888191 -0.324897
vn 0.324897 0.888191 -0.324897
vn 0.499967 0.707153 -0.499967
vn 0.499967 0.707153 -0.499967
vn 0.499967 0.707153 -0.499967
vn 0.499967 0.707153 -0.499967
vn 0.112398 0.987286 0.112398
vn 0.112398 0.987286 0.112398
vn 0.112398 0.987286 0.112398
vn 0.112398 0.987286 0.112398
vn 0.324897 0.888191 0.324897
vn 0.324897 0.888191 0.324897
vn 0.324897 0.888191 0.324897
vn 0.324897 0.888191 0.324897
vn 0.499967 0.707153 0.499967
vn 0.499967 0.707153 0.499967
vn 0.499967 0.707153 0.499967
vn 0.500002 0.707103 0.500002
vn 0.500002 0.707103 0.500002
vn 0.500002 0.707103 0.500002
vn -0.112398 0.987286 0.112398
vn -0.112398 0.987286 0.112398
vn -0.112398 0.987286 0.112398
vn -0.112398 0.987286 0.112398
vn -0.324897 0.888191 0.324897
vn -0.324897 0.888191 0.324897
vn -0.324897 0.888191 0.324897
vn -0.324897 0.888191 0.324897
vn -0.499967 0.707153 0.499967
vn -0.499967 0.707153 0.499967
vn -0.499967 0.707153 0.499967
vn -0.499892 0.707189 0.499992
vn -0.499892 0.707189 0.499992
vn -0.499892 0.707189 0.499992
vn 0.698089 -0.159197 0.698089
vn 0.698089 -0.159197 0.698089
vn 0.698089 -0.159197 0.698089
vn 0.698100 -0.159100 0.698100
vn 0.698100 -0.159100 0.698100
vn 0.698100 -0.159100 0.698100
vn 0.628108 -0.459306 0.628108
vn 0.628108 -0.459306 0.628108
vn 0.628108 -0.459306 0.628108
vn 0.628108 -0.459306 0.628108
vn 0.585487 0.000000 0.810682
vn 0.585487 0.000000 0.810682
vn 0.585487 0.000000 0.810682
vn 0.585487 0.000000 0.810682
vn 0.303299 0.000000 0.952896
vn 0.303299 0.000000 0.952896
vn 0.303299 0.000000 0.952896
vn 0.303299 0.000000 0.952896
vn 0.000000 0.000000 1.000000
vn 0.000000 0.000000 1.000000
vn 0.000000 0.000000 1.000000
vn 0.000000 0.000000 1.000000
vn 0.626486 -0.122897 0.769683
vn 0.626486 -0.122897 0.769683
vn 0.626486 -0.122897 0.769683
vn 0.626486 -0.122897 0.769683
vn 0.421882 -0.354285 0.834564
vn 0.421882 -0.354285 0.834564
vn 0.421882 -0.354285 0.834564
vn 0.421688 -0.354490 0.834576
vn 0.421688 -0.354490 0.834576
vn 0.421688 -0.354490 0.834576
vn 0.182195 -0.545785 0.817878
vn 0.182195 -0.545785 0.817878
vn 0.182195 -0.545785 0.817878
vn 0.182195 -0.545785 0.817878
vn 0.585487 0.000000 0.810682
vn 0.585487 0.000000 0.810682
vn 0.585487 0.000000 0.810682
vn 0.585487 0.000000 0.810682
vn 0.303299 0.000000 0.952896
vn 0.303299 0.000000 0.952896
vn 0.303299 0.000000 0.952896
vn 0.303299 0.000000 0.952896
vn 0.000000 0.000000 1.000000
vn 0.000000 0.000000 1.000000
vn 0.000000 0.000000 1.000000
vn 0.000000 0.000000 1.000000
vn 0.698089 0.159197 0.698089
vn 0.698089 0.159197 0.698089
vn 0.698089 0.159197 0.698089
vn 0.698089 0.159197 0.698089
vn 0.628108 0.459306 0.628108
vn 0.628108 0.459306 0.628108
vn 0.628108 0.459306 0.628108
vn 0.628108 0.459306 0.628108
vn 0.810682 0.000000 0.585487
vn 0.810682 0.000000 0.585487
vn 0.810682 0.000000 0.585487
vn 0.810682 0.000000 0.585487
vn 0.952896 0.000000 0.303299
vn 0.952896 0.000000 0.303299
vn 0.952896 0.000000 0.303299
vn 0.952896 0.000000 0.303299
vn 1.000000 0.000000 0.000000
vn 1.000000 0.000000 0.000000
vn 1.000000 0.000000 0.000000
vn 1.000000 0.000000 0.000000
vn -0.585487 0.000000 -0.810682
vn -0.585487 0.000000 -0.810682
vn -0.585487 0.000000 -0.810682
vn -0.585487 0.000000 -0.810682
vn -0.303299 0.000000 -0.952896
vn -0.303299 0.000000 -0.952896
vn -0.303299 0.000000 -0.952896
vn -0.303299 0.000000 -0.952896
vn 0.000000 0.000000 -1.000000
vn 0.000000 0.000000 -1.000000
vn 0.000000 0.000000 -1.000000
vn 0.000000 0.000000 -1.000000
vn -0.698089 0.159197 -0.698089
vn -0.698089 0.159197 -0.698089
vn -0.698089 0.159197 -0.698089
vn -0.698089 0.159197 -0.698089
vn -0.628108 0.459306 -0.628108
vn -0.628108 0.459306 -0.628108
vn -0.628108 0.459306 -0.628108
vn -0.628108 0.459306 -0.628108
vn -0.810682 0.000000 -0.585487
vn -0.810682 0.000000 -0.585487
vn -0.810682 0.000000 -0.585487
vn -0.810682 0.000000 -0.585487
vn -0.952896 0.000000 -0.303299
vn -0.952896 0.000000 -0.303299
vn -0.952896 0.000000 -0.303299
vn -0.952896 0.000000 -0.303299
vn -1.000000 0.000000 0.000000
vn -1.000000 0.000000 0.000000
vn -1.000000 0.000000 0.000000
vn -1.000000 0.000000 0.000000
vn -0.769683 -0.122897 -0.626486
vn -0.769683 -0.122897 -0.626486
vn -0.769683 -0.122897 -0.626486
vn -0.769683 -0.122897 -0.626486
vn -0.834576 -0.354490 -0.421688
vn -0.834576 -0.354490 -0.421688
vn -0.834576 -0.354490 -0.421688
vn -0.834581 -0.354592 -0.421591
vn -0.834581 -0.354592 -0.421591
vn -0.834581 -0.354592 -0.421591
vn -0.817878 -0.545785 -0.182195
vn -0.817878 -0.545785 -0.182195
vn -0.817878 -0.545785 -0.182195
vn -0.817878 -0.545785 -0.182195
vn -0.810600 0.000000 -0.585600
vn -0.810600 0.000000 -0.585600
vn -0.810600 0.000000 -0.585600
vn -0.810682 0.000000 -0.585487
vn -0.810682 0.000000 -0.585487
vn -0.810682 0.000000 -0.585487
vn -0.952896 0.000000 -0.303299
vn -0.952896 0.000000 -0.303299
vn -0.952896 0.000000 -0.303299
vn -0.952896 0.000000 -0.303299
vn -1.000000 0.000000 0.000000
vn -1.000000 0.000000 0.000000
vn -1.000000 0.000000 0.000000
vn -1.000000 0.000000 0.000000
vn -0.698089 -0.159197 -0.698089
vn -0.698089 -0.159197 -0.698089
vn -0.698089 -0.159197 -0.698089
vn -0.698089 -0.159197 -0.698089
vn -0.628108 -0.459306 -0.628108
vn -0.628108 -0.459306 -0.628108
vn -0.628108 -0.459306 -0.628108
vn -0.628108 -0.459306 -0.628108
vn 0.585487 0.000000 -0.810682
vn 0.585487 0.000000 -0.810682
vn 0.585487 0.000000 -0.810682
vn 0.585487 0.000000 -0.810682
vn 0.303299 0.000000 -0.952896
vn 0.303299 0.000000 -0.952896
vn 0.303299 0.000000 -0.952896
vn 0.303299 0.000000 -0.952896
vn 0.698089 -0.159197 -0.698089
vn 0.698089 -0.159197 -0.698089
vn 0.698089 -0.159197 -0.698089
vn 0.698089 -0.159197 -0.698089
vn 0.628108 -0.459306 -0.628108
vn 0.628108 -0.459306 -0.628108
vn 0.628108 -0.459306 -0.628108
vn 0.628108 -0.459306 -0.628108
vn 0.810682 0.000000 -0.585487
vn 0.810682 0.000000 -0.585487
vn 0.810682 0.000000 -0.585487
vn 0.810682 0.000000 -0.585487
vn 0.952896 0.000000 -0.303299
vn 0.952896 0.000000 -0.303299
vn 0.952896 0.000000 -0.303299
vn 0.952896 0.000000 -0.303299
vn 0.698089 0.159197 -0.698089
vn 0.698089 0.159197 -0.698089
vn 0.698089 0.159197 -0.698089
vn 0.698089 0.159197 -0.698089
vn 0.628108 0.459306 -0.628108
vn 0.628108 0.459306 -0.628108
vn 0.628108 0.459306 -0.628108
vn 0.628108 0.459306 -0.628108
vn -0.810682 0.000000 0.585487
vn -0.810682 0.000000 0.585487
vn -0.810682 0.000000 0.585487
vn -0.810682 0.000000 0.585487
vn -0.952924 0.000000 0.303208
vn -0.952924 0.000000 0.303208
vn -0.952924 0.000000 0.303208
vn -0.952896 0.000000 0.303299
vn -0.952896 0.000000 0.303299
vn -0.952896 0.000000 0.303299
vn -0.698089 0.159197 0.698089
vn -0.698089 0.159197 0.698089
vn -0.698089 0.159197 0.698089
vn -0.698089 0.159197 0.698089
vn -0.628108 0.459306 0.628108
vn -0.628108 0.459306 0.628108
vn -0.628108 0.459306 0.628108
vn -0.628108 0.459306 0.628108
vn -0.585487 0.000000 0.810682
vn -0.585487 0.000000 0.810682
vn -0.585487 0.000000 0.810682
vn -0.585487 0.000000 0.810682
vn -0.303299 0.000000 0.952896
vn -0.303299 0.000000 0.952896
vn -0.303299 0.000000 0.952896
vn -0.303299 0.000000 0.952896
vn -0.702633 -0.112305 0.702633
vn -0.702633 -0.112305 0.702633
vn -0.702633 -0.112305 0.702633
vn -0.702641 -0.112207 0.702641
vn -0.702641 -0.112207 0.702641
vn -0.702641 -0.112207 0.702641
vn -0.677210 -0.287704 0.677210
vn -0.677210 -0.287704 0.677210
vn -0.677210 -0.287704 0.677210
vn -0.677210 -0.287704 0.677210
vn -0.639429 -0.426920 0.639429
vn -0.639429 -0.426920 0.639429
vn -0.639429 -0.426920 0.639429
vn -0.639429 -0.426920 0.639429
vn -0.556380 -0.762073 0.331188
vn -0.556380 -0.762073 0.331188
vn -0.556380 -0.762073 0.331188
vn -0.556380 -0.762073 0.331188
vn -0.724085 -0.685686 0.074398
vn -0.724085 -0.685686 0.074398
vn -0.724085 -0.685686 0.074398
vn -0.723972 -0.685773 0.074697
vn -0.723972 -0.685773 0.074697
vn -0.723972 -0.685773 0.074697
vn -0.508003 -0.695604 0.508003
vn -0.508003 -0.695604 0.508003
vn -0.508003 -0.695604 0.508003
vn -0.508003 -0.695604 0.508003
vn -0.587562 -0.556364 0.587562
vn -0.587562 -0.556364 0.587562
vn -0.587562 -0.556364 0.587562
vn -0.587562 -0.556364 0.587562
vn -0.331188 -0.762073 0.556380
vn -0.331188 -0.762073 0.556380
vn -0.331188 -0.762073 0.556380
vn -0.331188 -0.762073 0.556380
vn -0.074404 -0.685633 0.724135
vn -0.074404 -0.685633 0.724135
vn -0.074404 -0.685633 0.724135
vn -0.074398 -0.685686 0.724085
vn -0.074398 -0.685686 0.724085
vn -0.074398 -0.685686 0.724085
vn -0.508003 -0.695604 0.508003
vn -0.508003 -0.695604 0.508003
vn -0.508003 -0.695604 0.508003
vn -0.508003 -0.695604 0.508003
vn -0.587562 -0.556364 0.587562
vn -0.587562 -0.556364 0.587562
vn -0.587562 -0.556364 0.587562
vn -0.587562 -0.556364 0.587562
vn -0.639429 -0.426920 0.639429
vn -0.639429 -0.426920 0.639429
vn -0.639429 -0.426920 0.639429
vn -0.639429 -0.426920 0.639429
vn -0.810600 0.000000 0.585600
vn -0.810600 0.000000 0.585600
vn -0.810600 0.000000 0.585600
vn -0.810682 0.000000 0.585487
vn -0.810682 0.000000 0.585487
vn -0.810682 0.000000 0.585487
vn -0.952896 0.000000 0.303299
vn -0.952896 0.000000 0.303299
vn -0.952896 0.000000 0.303299
vn -0.952896 0.000000 0.303299
vn -0.702641 -0.112207 0.702641
vn -0.702641 -0.112207 0.702641
vn -0.702641 -0.112207 0.702641
vn -0.702641 -0.112207 0.702641
vn -0.677210 -0.287704 0.677210
vn -0.677210 -0.287704 0.677210
vn -0.677210 -0.287704 0.677210
vn -0.677210 -0.287704 0.677210
vn -0.585487 0.000000 0.810682
vn -0.585487 0.000000 0.810682
vn -0.585487 0.000000 0.810682
vn -0.585487 0.000000 0.810682
vn -0.303299 0.000000 0.952896
vn -0.303299 0.000000 0.952896
vn -0.303299 0.000000 0.952896
vn -0.303299 0.000000 0.952896
vn -0.698089 -0.159197 0.698089
vn -0.698089 -0.159197 0.698089
vn -0.698089 -0.159197 0.698089
vn -0.698089 -0.159197 0.698089
vn -0.628108 -0.459306 0.628108
vn -0.628108 -0.459306 0.628108
vn -0.628108 -0.459306 0.628108
vn -0.628108 -0.459306 0.628108
vn -0.640119 -0.087103 -0.763322
vn -0.640119 -0.087103 -0.763322
vn -0.640119 -0.087103 -0.763322
vn -0.413010 -0.312808 -0.855321
vn -0.413010 -0.312808 -0.855321
vn -0.413010 -0.312808 -0.855321
vn -0.413387 -0.312990 -0.855072
vn -0.413387 -0.312990 -0.855072
vn -0.413387 -0.312990 -0.855072
vn 0.640227 -0.087104 -0.763232
vn 0.640227 -0.087104 -0.763232
vn 0.640227 -0.087104 -0.763232
vn 0.413112 -0.313209 -0.855125
vn 0.413112 -0.313209 -0.855125
vn 0.413112 -0.313209 -0.855125
vn 0.413103 -0.313002 -0.855205
vn 0.413103 -0.313002 -0.855205
vn 0.413103 -0.313002 -0.855205
vn 0.000000 -0.992370 -0.123296
vn 0.000000 -0.992370 -0.123296
vn 0.000000 -0.992370 -0.123296
vn 0.000000 -0.896814 -0.442407
vn 0.000000 -0.896814 -0.442407
vn 0.000000 -0.896814 -0.442407
vn 0.000000 -0.896814 -0.442407
vn 0.000000 -0.577429 -0.816441
vn 0.000000 -0.577429 -0.816441
vn 0.000000 -0.577429 -0.816441
vn 0.000000 -0.577382 -0.816474
vn 0.000000 -0.577382 -0.816474
vn 0.000000 -0.577382 -0.816474
vn 0.000000 -0.577429 -0.816441
vn 0.000000 -0.577429 -0.816441
vn 0.000000 -0.577496 -0.816394
vn 0.000000 -0.577496 -0.816394
vn 0.000000 -0.577496 -0.816394
vn -0.763183 -0.087098 0.640286
vn -0.763183 -0.087098 0.640286
vn -0.763183 -0.087098 0.640286
vn -0.855321 -0.312808 0.413010
vn -0.855321 -0.312808 0.413010
vn -0.855321 -0.312808 0.413010
vn -0.855072 -0.312990 0.413387
vn -0.855072 -0.312990 0.413387
vn -0.855072 -0.312990 0.413387
vn -0.763183 -0.087098 -0.640286
vn -0.763183 -0.087098 -0.640286
vn -0.763183 -0.087098 -0.640286
vn -0.855286 -0.312795 -0.413093
vn -0.855286 -0.312795 -0.413093
vn -0.855286 -0.312795 -0.413093
vn -0.855178 -0.313092 -0.413090
vn -0.855178 -0.313092 -0.413090
vn -0.855178 -0.313092 -0.413090
vn -0.123296 -0.992370 0.000000
vn -0.123296 -0.992370 0.000000
vn -0.123296 -0.992370 0.000000
vn -0.442407 -0.896814 0.000000
vn -0.442407 -0.896814 0.000000
vn -0.442407 -0.896814 0.000000
vn -0.442407 -0.896814 0.000000
vn -0.816474 -0.577382 0.000000
vn -0.816474 -0.577382 0.000000
vn -0.816474 -0.577382 0.000000
vn -0.816441 -0.577429 0.000100
vn -0.816441 -0.577429 0.000100
vn -0.816441 -0.577429 0.000100
vn -0.816441 -0.577429 0.000000
vn -0.816441 -0.577429 0.000000
vn -0.816441 -0.577429 0.000000
vn -0.816441 -0.577429 -0.000200
vn -0.816441 -0.577429 -0.000200
vn -0.816441 -0.577429 -0.000200
vn 0.640291 -0.086999 0.763190
vn 0.640291 -0.086999 0.763190
vn 0.640291 -0.086999 0.763190
vn 0.413010 -0.312808 0.855321
vn 0.413010 -0.312808 0.855321
vn 0.413010 -0.312808 0.855321
vn 0.413317 -0.312913 0.855134
vn 0.413317 -0.312913 0.855134
vn 0.413317 -0.312913 0.855134
vn -0.640286 -0.087098 0.763183
vn -0.640286 -0.087098 0.763183
vn -0.640286 -0.087098 0.763183
vn -0.413093 -0.312795 0.855286
vn -0.413093 -0.312795 0.855286
vn -0.413093 -0.312795 0.855286
vn -0.413090 -0.313092 0.855178
vn -0.413090 -0.313092 0.855178
vn -0.413090 -0.313092 0.855178
vn 0.000000 -0.992370 0.123296
vn 0.000000 -0.992370 0.123296
vn 0.000000 -0.992370 0.123296
vn 0.000000 -0.896814 0.442407
vn 0.000000 -0.896814 0.442407
vn 0.000000 -0.896814 0.442407
vn 0.000000 -0.896814 0.442407
vn 0.000000 -0.577429 0.816441
vn 0.000000 -0.577429 0.816441
vn 0.000000 -0.577429 0.816441
vn 0.000000 -0.577429 0.816441
vn 0.000000 -0.577429 0.816441
vn -0.000100 -0.577429 0.816441
vn -0.000100 -0.577429 0.816441
vn -0.000100 -0.577429 0.816441
vn 0.763190 -0.086999 -0.640291
vn 0.763190 -0.086999 -0.640291
vn 0.763190 -0.086999 -0.640291
vn 0.855321 -0.312808 -0.413010
vn 0.855321 -0.312808 -0.413010
vn 0.855321 -0.312808 -0.413010
vn 0.855099 -0.312900 -0.413400
vn 0.855099 -0.312900 -0.413400
vn 0.855099 -0.312900 -0.413400
vn 0.763183 -0.087098 0.640286
vn 0.763183 -0.087098 0.640286
vn 0.763183 -0.087098 0.640286
vn 0.855286 -0.312795 0.413093
vn 0.855286 -0.312795 0.413093
vn 0.855286 -0.312795 0.413093
vn 0.855214 -0.313105 0.413007
vn 0.855214 -0.313105 0.413007
vn 0.855214 -0.313105 0.413007
vn 0.123296 -0.992370 0.000000
vn 0.123296 -0.992370 0.000000
vn 0.123296 -0.992370 0.000000
vn 0.442407 -0.896814 0.000000
vn 0.442407 -0.896814 0.000000
vn 0.442407 -0.896814 0.000000
vn 0.442407 -0.896814 0.000000
vn 0.816474 -0.577382 0.000000
vn 0.816474 -0.577382 0.000000
vn 0.816474 -0.577382 0.000000
vn 0.816441 -0.577429 0.000000
vn 0.816441 -0.577429 0.000000
vn 0.816441 -0.577429 0.000000
vn 0.816441 -0.577429 0.000000
vn 0.816441 -0.577429 0.000100
vn 0.816441 -0.577429 0.000100
vn 0.816441 -0.577429 0.000100
vn -0.763468 0.086896 -0.639973
vn -0.763468 0.086896 -0.639973
vn -0.763468 0.086896 -0.639973
vn -0.855401 0.312600 -0.413001
vn -0.855401 0.312600 -0.413001
vn -0.855401 0.312600 -0.413001
vn -0.855463 0.312587 -0.412882
vn -0.855463 0.312587 -0.412882
vn -0.855463 0.312587 -0.412882
vn -0.763468 0.086896 0.639973
vn -0.763468 0.086896 0.639973
vn -0.763468 0.086896 0.639973
vn -0.855410 0.312704 0.412905
vn -0.855410 0.312704 0.412905
vn -0.855410 0.312704 0.412905
vn -0.855526 0.312509 0.412812
vn -0.855526 0.312509 0.412812
vn -0.855526 0.312509 0.412812
vn -0.122902 0.992419 0.000000
vn -0.122902 0.992419 0.000000
vn -0.122902 0.992419 0.000000
vn -0.442407 0.896814 0.000000
vn -0.442407 0.896814 0.000000
vn -0.442407 0.896814 0.000000
vn -0.442407 0.896814 0.000000
vn -0.816441 0.577429 0.000000
vn -0.816441 0.577429 0.000000
vn -0.816441 0.577429 0.000000
vn -0.816602 0.577201 0.000200
vn -0.816602 0.577201 0.000200
vn -0.816602 0.577201 0.000200
vn -0.816555 0.577268 0.000000
vn -0.816555 0.577268 0.000000
vn -0.816555 0.577268 0.000000
vn -0.816555 0.577268 -0.000300
vn -0.816555 0.577268 -0.000300
vn -0.816555 0.577268 -0.000300
vn 0.640016 0.087002 -0.763420
vn 0.640016 0.087002 -0.763420
vn 0.640016 0.087002 -0.763420
vn 0.413001 0.312600 -0.855401
vn 0.413001 0.312600 -0.855401
vn 0.413001 0.312600 -0.855401
vn 0.412882 0.312587 -0.855463
vn 0.412882 0.312587 -0.855463
vn 0.412882 0.312587 -0.855463
vn -0.640016 0.087002 -0.763420
vn -0.640016 0.087002 -0.763420
vn -0.640016 0.087002 -0.763420
vn -0.412905 0.312704 -0.855410
vn -0.412905 0.312704 -0.855410
vn -0.412905 0.312704 -0.855410
vn -0.412921 0.312316 -0.855544
vn -0.412921 0.312316 -0.855544
vn -0.412921 0.312316 -0.855544
vn 0.000000 0.992419 -0.122902
vn 0.000000 0.992419 -0.122902
vn 0.000000 0.992419 -0.122902
vn 0.000000 0.896814 -0.442407
vn 0.000000 0.896814 -0.442407
vn 0.000000 0.896814 -0.442407
vn 0.000000 0.896874 -0.442287
vn 0.000000 0.896874 -0.442287
vn 0.000000 0.896874 -0.442287
vn 0.000000 0.577382 -0.816474
vn 0.000000 0.577382 -0.816474
vn 0.000000 0.577382 -0.816474
vn -0.000200 0.577201 -0.816602
vn -0.000200 0.577201 -0.816602
vn -0.000200 0.577201 -0.816602
vn 0.000000 0.577315 -0.816521
vn 0.000000 0.577315 -0.816521
vn 0.000000 0.577315 -0.816521
vn 0.000300 0.577268 -0.816555
vn 0.000300 0.577268 -0.816555
vn 0.000300 0.577268 -0.816555
vn 0.763287 0.086898 0.640189
vn 0.763287 0.086898 0.640189
vn 0.763287 0.086898 0.640189
vn 0.855623 0.312508 0.412611
vn 0.855623 0.312508 0.412611
vn 0.855623 0.312508 0.412611
vn 0.855490 0.312496 0.412895
vn 0.855490 0.312496 0.412895
vn 0.855490 0.312496 0.412895
vn 0.763287 0.086898 -0.640189
vn 0.763287 0.086898 -0.640189
vn 0.763287 0.086898 -0.640189
vn 0.855375 0.312691 -0.412988
vn 0.855375 0.312691 -0.412988
vn 0.855375 0.312691 -0.412988
vn 0.855552 0.312419 -0.412825
vn 0.855552 0.312419 -0.412825
vn 0.855552 0.312419 -0.412825
vn 0.122902 0.992419 0.000000
vn 0.122902 0.992419 0.000000
vn 0.122902 0.992419 0.000000
vn 0.442407 0.896814 0.000000
vn 0.442407 0.896814 0.000000
vn 0.442407 0.896814 0.000000
vn 0.442327 0.896854 0.000000
vn 0.442327 0.896854 0.000000
vn 0.442327 0.896854 0.000000
vn 0.816474 0.577382 0.000000
vn 0.816474 0.577382 0.000000
vn 0.816474 0.577382 0.000000
vn 0.816441 0.577429 0.000000
vn 0.816441 0.577429 0.000000
vn 0.816441 0.577429 0.000000
vn 0.816555 0.577268 0.000000
vn 0.816555 0.577268 0.000000
vn 0.816555 0.577268 0.000000
vn 0.816602 0.577201 0.000300
vn 0.816602 0.577201 0.000300
vn 0.816602 0.577201 0.000300
vn -0.640119 0.087103 0.763322
vn -0.640119 0.087103 0.763322
vn -0.640119 0.087103 0.763322
vn -0.413001 0.312600 0.855401
vn -0.413001 0.312600 0.855401
vn -0.413001 0.312600 0.855401
vn -0.412882 0.312587 0.855463
vn -0.412882 0.312587 0.855463
vn -0.412882 0.312587 0.855463
vn 0.640221 0.087203 0.763225
vn 0.640221 0.087203 0.763225
vn 0.640221 0.087203 0.763225
vn 0.412988 0.312691 0.855375
vn 0.412988 0.312691 0.855375
vn 0.412988 0.312691 0.855375
vn 0.412921 0.312316 0.855544
vn 0.412921 0.312316 0.855544
vn 0.412921 0.312316 0.855544
vn 0.000000 0.992419 0.122902
vn 0.000000 0.992419 0.122902
vn 0.000000 0.992419 0.122902
vn 0.000000 0.896814 0.442407
vn 0.000000 0.896814 0.442407
vn 0.000000 0.896814 0.442407
vn 0.000000 0.896814 0.442407
vn 0.000000 0.577382 0.816474
vn 0.000000 0.577382 0.816474
vn 0.000000 0.577382 0.816474
vn 0.000000 0.577429 0.816441
vn 0.000000 0.577429 0.816441
vn 0.000000 0.577429 0.816441
vn 0.000000 0.577315 0.816521
vn 0.000000 0.577315 0.816521
vn 0.000000 0.577315 0.816521
vn 0.000100 0.577429 0.816441
vn 0.000100 0.577429 0.816441
vn 0.000100 0.577429 0.816441
vn -0.024800 0.023700 0.999411
vn -0.024800 0.023700 0.999411
vn -0.024800 0.023700 0.999411
vn 0.101397 -0.097397 0.990067
vn 0.101397 -0.097397 0.990067
vn 0.101397 -0.097397 0.990067
vn 0.101398 -0.097298 0.990077
vn 0.101398 -0.097298 0.990077
vn 0.101398 -0.097298 0.990077
vn 0.174403 -0.574211 0.799916
vn 0.174403 -0.574211 0.799916
vn 0.174403 -0.574211 0.799916
vn 0.209601 -0.423103 0.881505
vn 0.209601 -0.423103 0.881505
vn 0.209601 -0.423103 0.881505
vn 0.209792 -0.423085 0.881468
vn 0.209792 -0.423085 0.881468
vn 0.209792 -0.423085 0.881468
vn 0.613589 -0.058099 0.787485
vn 0.613589 -0.058099 0.787485
vn 0.613589 -0.058099 0.787485
vn 0.426585 -0.154994 0.891068
vn 0.426585 -0.154994 0.891068
vn 0.426585 -0.154994 0.891068
vn 0.426623 -0.155008 0.891047
vn 0.426623 -0.155008 0.891047
vn 0.426623 -0.155008 0.891047
vn 0.242807 -0.233206 0.941626
vn 0.242807 -0.233206 0.941626
vn 0.242807 -0.233206 0.941626
vn 0.242713 -0.233212 0.941649
vn 0.242713 -0.233212 0.941649
vn 0.242713 -0.233212 0.941649
vn 0.242707 -0.233307 0.941627
vn 0.242707 -0.233307 0.941627
vn 0.242707 -0.233307 0.941627
vn 0.242707 -0.233307 0.941627
vn -0.561110 0.032201 0.827115
vn -0.561110 0.032201 0.827115
vn -0.561110 0.032201 0.827115
vn -0.390002 -0.142601 0.909705
vn -0.390002 -0.142601 0.909705
vn -0.390002 -0.142601 0.909705
vn -0.389893 -0.142397 0.909784
vn -0.389893 -0.142397 0.909784
vn -0.389893 -0.142397 0.909784
vn -0.291292 -0.777979 0.556685
vn -0.291292 -0.777979 0.556685
vn -0.291292 -0.777979 0.556685
vn -0.231094 -0.618685 0.750882
vn -0.231094 -0.618685 0.750882
vn -0.231094 -0.618685 0.750882
vn -0.231700 -0.618800 0.750601
vn -0.231700 -0.618800 0.750601
vn -0.231700 -0.618800 0.750601
vn 0.600398 -0.065700 0.796998
vn 0.600398 -0.065700 0.796998
vn 0.600398 -0.065700 0.796998
vn 0.287906 -0.215404 0.933119
vn 0.287906 -0.215404 0.933119
vn 0.287906 -0.215404 0.933119
vn 0.287806 -0.215104 0.933219
vn 0.287806 -0.215104 0.933219
vn 0.287806 -0.215104 0.933219
vn -0.131896 -0.353289 0.926170
vn -0.131896 -0.353289 0.926170
vn -0.131896 -0.353289 0.926170
vn -0.131807 -0.353118 0.926248
vn -0.131807 -0.353118 0.926248
vn -0.131807 -0.353118 0.926248
vn -0.131802 -0.353206 0.926215
vn -0.131802 -0.353206 0.926215
vn -0.131802 -0.353206 0.926215
vn -0.131606 -0.353215 0.926239
vn -0.131606 -0.353215 0.926239
vn -0.131606 -0.353215 0.926239
vn -0.556701 -0.778001 0.291201
vn -0.556701 -0.778001 0.291201
vn -0.556701 -0.778001 0.291201
vn -0.750775 -0.618779 0.231192
vn -0.750775 -0.618779 0.231192
vn -0.750775 -0.618779 0.231192
vn -0.750888 -0.618490 0.231596
vn -0.750888 -0.618490 0.231596
vn -0.750888 -0.618490 0.231596
vn -0.827117 0.032101 0.561112
vn -0.827117 0.032101 0.561112
vn -0.827117 0.032101 0.561112
vn -0.909683 -0.142497 0.390093
vn -0.909683 -0.142497 0.390093
vn -0.909683 -0.142497 0.390093
vn -0.909683 -0.142497 0.390093
vn -0.796998 -0.065700 -0.600398
vn -0.796998 -0.065700 -0.600398
vn -0.796998 -0.065700 -0.600398
vn -0.933026 -0.215806 -0.287908
vn -0.933026 -0.215806 -0.287908
vn -0.933026 -0.215806 -0.287908
vn -0.933099 -0.215500 -0.287900
vn -0.933099 -0.215500 -0.287900
vn -0.933099 -0.215500 -0.287900
vn -0.926239 -0.353215 0.131606
vn -0.926239 -0.353215 0.131606
vn -0.926239 -0.353215 0.131606
vn -0.926223 -0.353109 0.132003
vn -0.926223 -0.353109 0.132003
vn -0.926223 -0.353109 0.132003
vn -0.926215 -0.353206 0.131802
vn -0.926215 -0.353206 0.131802
vn -0.926215 -0.353206 0.131802
vn -0.926235 -0.353114 0.131905
vn -0.926235 -0.353114 0.131905
vn -0.926235 -0.353114 0.131905
vn -0.799998 -0.574098 -0.174399
vn -0.799998 -0.574098 -0.174399
vn -0.799998 -0.574098 -0.174399
vn -0.881602 -0.422801 -0.209801
vn -0.881602 -0.422801 -0.209801
vn -0.881602 -0.422801 -0.209801
vn -0.881584 -0.422792 -0.209896
vn -0.881584 -0.422792 -0.209896
vn -0.881584 -0.422792 -0.209896
vn -0.999409 0.023800 0.024800
vn -0.999409 0.023800 0.024800
vn -0.999409 0.023800 0.024800
vn -0.990067 -0.097397 -0.101397
vn -0.990067 -0.097397 -0.101397
vn -0.990067 -0.097397 -0.101397
vn -0.990045 -0.097404 -0.101605
vn -0.990045 -0.097404 -0.101605
vn -0.990045 -0.097404 -0.101605
vn -0.787452 -0.058004 -0.613641
vn -0.787452 -0.058004 -0.613641
vn -0.787452 -0.058004 -0.613641
vn -0.891106 -0.155001 -0.426503
vn -0.891106 -0.155001 -0.426503
vn -0.891106 -0.155001 -0.426503
vn -0.891068 -0.154994 -0.426585
vn -0.891068 -0.154994 -0.426585
vn -0.891068 -0.154994 -0.426585
vn -0.941660 -0.233190 -0.242690
vn -0.941660 -0.233190 -0.242690
vn -0.941660 -0.233190 -0.242690
vn -0.941649 -0.233212 -0.242713
vn -0.941649 -0.233212 -0.242713
vn -0.941649 -0.233212 -0.242713
vn -0.941604 -0.233301 -0.242801
vn -0.941604 -0.233301 -0.242801
vn -0.941604 -0.233301 -0.242801
vn -0.941649 -0.233212 -0.242713
vn -0.941649 -0.233212 -0.242713
vn 0.731374 0.000000 -0.681976
vn 0.731374 0.000000 -0.681976
vn 0.731374 0.000000 -0.681976
vn 0.731374 0.000000 -0.681976
vn 0.669495 -0.190799 0.717894
vn 0.669495 -0.190799 0.717894
vn 0.669495 -0.190799 0.717894
vn 0.669495 -0.190799 0.717894
vn 0.130105 0.981637 0.139505
vn 0.130105 0.981637 0.139505
vn 0.130105 0.981637 0.139505
vn 0.130105 0.981637 0.139505
vn -0.731374 0.000000 0.681976
vn -0.731374 0.000000 0.681976
vn -0.731374 0.000000 0.681976
vn -0.731374 0.000000 0.681976
vn -0.669495 0.190799 -0.717894
vn -0.669495 0.190799 -0.717894
vn -0.669495 0.190799 -0.717894
vn -0.669495 0.190799 -0.717894
vn -0.130105 -0.981637 -0.139505
vn -0.130105 -0.981637 -0.139505
vn -0.130105 -0.981637 -0.139505
vn -0.130105 -0.981637 -0.139505
vn 0.828607 -0.030400 -0.559005
vn 0.828607 -0.030400 -0.559005
vn 0.828607 -0.030400 -0.559005
vn 0.828607 -0.030400 -0.559005
vn 0.957153 -0.087605 -0.276015
vn 0.957153 -0.087605 -0.276015
vn 0.957153 -0.087605 -0.276015
vn 0.957153 -0.087696 -0.275986
vn 0.957153 -0.087696 -0.275986
vn 0.957153 -0.087696 -0.275986
vn 0.990533 -0.134905 0.025401
vn 0.990533 -0.134905 0.025401
vn 0.990533 -0.134905 0.025401
vn 0.990533 -0.134905 0.025401
vn 0.742713 0.156303 -0.651112
vn 0.742713 0.156303 -0.651112
vn 0.742713 0.156303 -0.651112
vn 0.742713 0.156303 -0.651112
vn 0.709433 0.450821 -0.541725
vn 0.709433 0.450821 -0.541725
vn 0.709433 0.450821 -0.541725
vn 0.709433 0.450821 -0.541725
vn 0.609103 0.694204 -0.383502
vn 0.609103 0.694204 -0.383502
vn 0.609103 0.694204 -0.383502
vn 0.609103 0.694204 -0.383502
vn 0.615414 0.030401 -0.787618
vn 0.615414 0.030401 -0.787618
vn 0.615414 0.030401 -0.787618
vn 0.615414 0.030401 -0.787618
vn 0.342091 0.087598 -0.935575
vn 0.342091 0.087598 -0.935575
vn 0.342091 0.087598 -0.935575
vn 0.342091 0.087598 -0.935575
vn 0.043700 0.134899 -0.989895
vn 0.043700 0.134899 -0.989895
vn 0.043700 0.134899 -0.989895
vn 0.043800 0.134899 -0.989891
vn 0.043800 0.134899 -0.989891
vn 0.043800 0.134899 -0.989891
vn 0.701310 -0.156302 -0.695510
vn 0.701310 -0.156302 -0.695510
vn 0.701310 -0.156302 -0.695510
vn 0.701310 -0.156302 -0.695510
vn 0.589909 -0.450807 -0.669910
vn 0.589909 -0.450807 -0.669910
vn 0.589909 -0.450807 -0.669910
vn 0.589909 -0.450807 -0.669910
vn 0.425085 -0.694176 -0.580880
vn 0.425085 -0.694176 -0.580880
vn 0.425085 -0.694176 -0.580880
vn 0.425085 -0.694176 -0.580880
vn 0.640214 -0.344708 0.686515
vn 0.640214 -0.344708 0.686515
vn 0.640214 -0.344708 0.686515
vn 0.640214 -0.344708 0.686515
vn 0.534892 -0.620390 0.573591
vn 0.534892 -0.620390 0.573591
vn 0.534892 -0.620390 0.573591
vn 0.534892 -0.620390 0.573591
vn 0.381402 -0.829005 0.409002
vn 0.381402 -0.829005 0.409002
vn 0.381402 -0.829005 0.409002
vn 0.381402 -0.829005 0.409002
vn 0.544513 -0.188404 0.817319
vn 0.544513 -0.188404 0.817319
vn 0.544513 -0.188404 0.817319
vn 0.544513 -0.188404 0.817319
vn 0.258693 -0.169495 0.950973
vn 0.258693 -0.169495 0.950973
vn 0.258693 -0.169495 0.950973
vn 0.258693 -0.169495 0.950973
vn -0.043800 -0.134899 0.989891
vn -0.043800 -0.134899 0.989891
vn -0.043800 -0.134899 0.989891
vn -0.043800 -0.134899 0.989891
vn 0.681610 -0.032100 0.731011
vn 0.681610 -0.032100 0.731011
vn 0.681610 -0.032100 0.731011
vn 0.681610 -0.032100 0.731011
vn 0.654492 0.281297 0.701792
vn 0.654492 0.281297 0.701792
vn 0.654492 0.281297 0.701792
vn 0.654492 0.281297 0.701792
vn 0.565306 0.559306 0.606306
vn 0.565306 0.559306 0.606306
vn 0.565306 0.559306 0.606306
vn 0.565306 0.559306 0.606306
vn 0.777327 -0.188407 0.600221
vn 0.777327 -0.188407 0.600221
vn 0.777327 -0.188407 0.600221
vn 0.777327 -0.188407 0.600221
vn 0.930608 -0.169502 0.324403
vn 0.930608 -0.169502 0.324403
vn 0.930608 -0.169502 0.324403
vn 0.930639 -0.169507 0.324313
vn 0.930639 -0.169507 0.324313
vn 0.930639 -0.169507 0.324313
vn 0.235207 0.938626 0.252307
vn 0.235207 0.938626 0.252307
vn 0.235207 0.938626 0.252307
vn 0.235207 0.938626 0.252307
vn 0.422988 0.784378 0.453687
vn 0.422988 0.784378 0.453687
vn 0.422988 0.784378 0.453687
vn 0.423007 0.784414 0.453608
vn 0.423007 0.784414 0.453608
vn 0.423007 0.784414 0.453608
vn 0.012100 0.969117 0.246304
vn 0.012100 0.969117 0.246304
vn 0.012100 0.969117 0.246304
vn 0.011800 0.969073 0.246493
vn 0.011800 0.969073 0.246493
vn 0.011800 0.969073 0.246493
vn -0.220293 0.871974 0.437187
vn -0.220293 0.871974 0.437187
vn -0.220293 0.871974 0.437187
vn -0.220208 0.872031 0.437116
vn -0.220208 0.872031 0.437116
vn -0.220208 0.872031 0.437116
vn -0.425085 0.694176 0.580880
vn -0.425085 0.694176 0.580880
vn -0.425085 0.694176 0.580880
vn -0.425085 0.694176 0.580880
vn 0.022000 0.999479 0.023600
vn 0.022000 0.999479 0.023600
vn 0.022000 0.999479 0.023600
vn 0.022000 0.999479 0.023600
vn -0.191899 0.959595 -0.205799
vn -0.191899 0.959595 -0.205799
vn -0.191899 0.959595 -0.205799
vn -0.191899 0.959595 -0.205799
vn -0.381402 0.829005 -0.409002
vn -0.381402 0.829005 -0.409002
vn -0.381402 0.829005 -0.409002
vn -0.381402 0.829005 -0.409002
vn 0.245091 0.969066 0.028999
vn 0.245091 0.969066 0.028999
vn 0.245091 0.969066 0.028999
vn 0.244808 0.969132 0.029201
vn 0.244808 0.969132 0.029201
vn 0.244808 0.969132 0.029201
vn 0.451493 0.871986 -0.189197
vn 0.451493 0.871986 -0.189197
vn 0.451493 0.871986 -0.189197
vn 0.451484 0.871969 -0.189293
vn 0.451484 0.871969 -0.189293
vn 0.451484 0.871969 -0.189293
vn -0.742713 -0.156303 0.651112
vn -0.742713 -0.156303 0.651112
vn -0.742713 -0.156303 0.651112
vn -0.742713 -0.156303 0.651112
vn -0.709433 -0.450821 0.541725
vn -0.709433 -0.450821 0.541725
vn -0.709433 -0.450821 0.541725
vn -0.709433 -0.450821 0.541725
vn -0.609103 -0.694204 0.383502
vn -0.609103 -0.694204 0.383502
vn -0.609103 -0.694204 0.383502
vn -0.609103 -0.694204 0.383502
vn -0.828607 0.030400 0.559005
vn -0.828607 0.030400 0.559005
vn -0.828607 0.030400 0.559005
vn -0.828607 0.030400 0.559005
vn -0.957153 0.087605 0.276015
vn -0.957153 0.087605 0.276015
vn -0.957153 0.087605 0.276015
vn -0.957153 0.087605 0.276015
vn -0.990533 0.134905 -0.025401
vn -0.990533 0.134905 -0.025401
vn -0.990533 0.134905 -0.025401
vn -0.990533 0.134905 -0.025401
vn -0.701321 0.156205 0.695521
vn -0.701321 0.156205 0.695521
vn -0.701321 0.156205 0.695521
vn -0.701310 0.156302 0.695510
vn -0.701310 0.156302 0.695510
vn -0.701310 0.156302 0.695510
vn -0.589909 0.450807 0.669910
vn -0.589909 0.450807 0.669910
vn -0.589909 0.450807 0.669910
vn -0.589909 0.450807 0.669910
vn -0.615414 -0.030401 0.787618
vn -0.615414 -0.030401 0.787618
vn -0.615414 -0.030401 0.787618
vn -0.615476 -0.030399 0.787569
vn -0.615476 -0.030399 0.787569
vn -0.615476 -0.030399 0.787569
vn -0.342091 -0.087598 0.935575
vn -0.342091 -0.087598 0.935575
vn -0.342091 -0.087598 0.935575
vn -0.342088 -0.087697 0.935567
vn -0.342088 -0.087697 0.935567
vn -0.342088 -0.087697 0.935567
vn -0.640214 0.344708 -0.686515
vn -0.640214 0.344708 -0.686515
vn -0.640214 0.344708 -0.686515
vn -0.640214 0.344708 -0.686515
vn -0.534892 0.620390 -0.573591
vn -0.534892 0.620390 -0.573591
vn -0.534892 0.620390 -0.573591
vn -0.534892 0.620390 -0.573591
vn -0.777367 0.188392 -0.600174
vn -0.777367 0.188392 -0.600174
vn -0.777367 0.188392 -0.600174
vn -0.777367 0.188392 -0.600174
vn -0.930578 0.169496 -0.324492
vn -0.930578 0.169496 -0.324492
vn -0.930578 0.169496 -0.324492
vn -0.930608 0.169502 -0.324403
vn -0.930608 0.169502 -0.324403
vn -0.930608 0.169502 -0.324403
vn -0.681610 0.032100 -0.731011
vn -0.681610 0.032100 -0.731011
vn -0.681610 0.032100 -0.731011
vn -0.681610 0.032100 -0.731011
vn -0.654417 -0.281407 -0.701818
vn -0.654417 -0.281407 -0.701818
vn -0.654417 -0.281407 -0.701818
vn -0.654417 -0.281407 -0.701818
vn -0.565403 -0.559102 -0.606403
vn -0.565403 -0.559102 -0.606403
vn -0.565403 -0.559102 -0.606403
vn -0.565403 -0.559102 -0.606403
vn -0.544513 0.188404 -0.817319
vn -0.544513 0.188404 -0.817319
vn -0.544513 0.188404 -0.817319
vn -0.544468 0.188389 -0.817352
vn -0.544468 0.188389 -0.817352
vn -0.544468 0.188389 -0.817352
vn -0.258693 0.169495 -0.950973
vn -0.258693 0.169495 -0.950973
vn -0.258693 0.169495 -0.950973
vn -0.258786 0.169491 -0.950948
vn -0.258786 0.169491 -0.950948
vn -0.258786 0.169491 -0.950948
vn -0.235207 -0.938626 -0.252307
vn -0.235207 -0.938626 -0.252307
vn -0.235207 -0.938626 -0.252307
vn -0.235207 -0.938626 -0.252307
vn -0.423007 -0.784414 -0.453608
vn -0.423007 -0.784414 -0.453608
vn -0.423007 -0.784414 -0.453608
vn -0.423007 -0.784414 -0.453608
vn -0.245091 -0.969066 -0.028999
vn -0.245091 -0.969066 -0.028999
vn -0.245091 -0.969066 -0.028999
vn -0.245091 -0.969066 -0.028999
vn -0.451484 -0.871969 0.189293
vn -0.451484 -0.871969 0.189293
vn -0.451484 -0.871969 0.189293
vn -0.451493 -0.871986 0.189197
vn -0.451493 -0.871986 0.189197
vn -0.451493 -0.871986 0.189197
vn -0.022000 -0.999479 -0.023600
vn -0.022000 -0.999479 -0.023600
vn -0.022000 -0.999479 -0.023600
vn -0.022000 -0.999479 -0.023600
vn 0.191899 -0.959595 0.205799
vn 0.191899 -0.959595 0.205799
vn 0.191899 -0.959595 0.205799
vn 0.191899 -0.959595 0.205799
vn -0.012200 -0.969140 -0.246210
vn -0.012200 -0.969140 -0.246210
vn -0.012200 -0.969140 -0.246210
vn -0.012100 -0.969117 -0.246304
vn -0.012100 -0.969117 -0.246304
vn -0.012100 -0.969117 -0.246304
vn 0.220198 -0.871993 -0.437197
vn 0.220198 -0.871993 -0.437197
vn 0.220198 -0.871993 -0.437197
vn 0.220293 -0.871974 -0.437187
vn 0.220293 -0.871974 -0.437187
vn 0.220293 -0.871974 -0.437187
vn 0.716612 -0.274905 0.641011
vn 0.716612 -0.274905 0.641011
vn 0.716612 -0.274905 0.641011
vn 0.788468 -0.478081 0.386984
vn 0.788468 -0.478081 0.386984
vn 0.788468 -0.478081 0.386984
vn 0.788272 -0.478483 0.386886
vn 0.788272 -0.478483 0.386886
vn 0.788272 -0.478483 0.386886
vn -0.007300 -0.990736 -0.135605
vn -0.007300 -0.990736 -0.135605
vn -0.007300 -0.990736 -0.135605
vn 0.321301 -0.940102 -0.113900
vn 0.321301 -0.940102 -0.113900
vn 0.321301 -0.940102 -0.113900
vn 0.321413 -0.940039 -0.114105
vn 0.321413 -0.940039 -0.114105
vn 0.321413 -0.940039 -0.114105
vn 0.772614 -0.102102 -0.626612
vn 0.772614 -0.102102 -0.626612
vn 0.772614 -0.102102 -0.626612
vn 0.824488 -0.366694 -0.430994
vn 0.824488 -0.366694 -0.430994
vn 0.824488 -0.366694 -0.430994
vn 0.824384 -0.366693 -0.431192
vn 0.824384 -0.366693 -0.431192
vn 0.824384 -0.366693 -0.431192
vn 0.733686 -0.676887 -0.059399
vn 0.733686 -0.676887 -0.059399
vn 0.733686 -0.676887 -0.059399
vn 0.733623 -0.676921 -0.059802
vn 0.733623 -0.676921 -0.059802
vn 0.733623 -0.676921 -0.059802
vn 0.733623 -0.676921 -0.059802
vn 0.733573 -0.676975 -0.059798
vn 0.733573 -0.676975 -0.059798
vn 0.733573 -0.676975 -0.059798
vn 0.251195 0.957479 0.141897
vn 0.251195 0.957479 0.141897
vn 0.251195 0.957479 0.141897
vn 0.554697 0.820796 0.136399
vn 0.554697 0.820796 0.136399
vn 0.554697 0.820796 0.136399
vn 0.554797 0.820695 0.136599
vn 0.554797 0.820695 0.136599
vn 0.554797 0.820695 0.136599
vn 0.739401 -0.103900 0.665200
vn 0.739401 -0.103900 0.665200
vn 0.739401 -0.103900 0.665200
vn 0.869886 0.135798 0.474192
vn 0.869886 0.135798 0.474192
vn 0.869886 0.135798 0.474192
vn 0.869808 0.135901 0.474304
vn 0.869808 0.135901 0.474304
vn 0.869808 0.135901 0.474304
vn 0.795432 0.068803 -0.602124
vn 0.795432 0.068803 -0.602124
vn 0.795432 0.068803 -0.602124
vn 0.906007 0.247302 -0.343502
vn 0.906007 0.247302 -0.343502
vn 0.906007 0.247302 -0.343502
vn 0.905953 0.247387 -0.343582
vn 0.905953 0.247387 -0.343582
vn 0.905953 0.247387 -0.343582
vn 0.883880 0.456590 0.101398
vn 0.883880 0.456590 0.101398
vn 0.883880 0.456590 0.101398
vn 0.883889 0.456594 0.101299
vn 0.883889 0.456594 0.101299
vn 0.883889 0.456594 0.101299
vn 0.884094 0.456197 0.101299
vn 0.884094 0.456197 0.101299
vn 0.884094 0.456197 0.101299
vn 0.883889 0.456594 0.101299
vn 0.883889 0.456594 0.101299
vn -0.589413 0.274906 -0.759617
vn -0.589413 0.274906 -0.759617
vn -0.589413 0.274906 -0.759617
vn -0.331013 0.478118 -0.813531
vn -0.331013 0.478118 -0.813531
vn -0.331013 0.478118 -0.813531
vn -0.330992 0.478389 -0.813381
vn -0.330992 0.478389 -0.813381
vn -0.330992 0.478389 -0.813381
vn 0.134804 0.990732 0.016701
vn 0.134804 0.990732 0.016701
vn 0.134804 0.990732 0.016701
vn 0.136098 0.940086 -0.312595
vn 0.136098 0.940086 -0.312595
vn 0.136098 0.940086 -0.312595
vn 0.136205 0.940032 -0.312711
vn 0.136205 0.940032 -0.312711
vn 0.136205 0.940032 -0.312711
vn 0.678899 0.102100 -0.727099
vn 0.678899 0.102100 -0.727099
vn 0.678899 0.102100 -0.727099
vn 0.487591 0.366794 -0.792286
vn 0.487591 0.366794 -0.792286
vn 0.487591 0.366794 -0.792286
vn 0.487533 0.366725 -0.792354
vn 0.487533 0.366725 -0.792354
vn 0.487533 0.366725 -0.792354
vn 0.110800 0.676997 -0.727597
vn 0.110800 0.676997 -0.727597
vn 0.110800 0.676997 -0.727597
vn 0.110799 0.676894 -0.727694
vn 0.110799 0.676894 -0.727694
vn 0.110799 0.676894 -0.727694
vn 0.110799 0.676894 -0.727694
vn 0.110898 0.676990 -0.727589
vn 0.110898 0.676990 -0.727589
vn 0.110898 0.676990 -0.727589
vn -0.123899 -0.957492 -0.260498
vn -0.123899 -0.957492 -0.260498
vn -0.123899 -0.957492 -0.260498
vn -0.097397 -0.820777 -0.562884
vn -0.097397 -0.820777 -0.562884
vn -0.097397 -0.820777 -0.562884
vn -0.097504 -0.820736 -0.562925
vn -0.097504 -0.820736 -0.562925
vn -0.097504 -0.820736 -0.562925
vn -0.611995 0.103999 -0.783994
vn -0.611995 0.103999 -0.783994
vn -0.611995 0.103999 -0.783994
vn -0.412403 -0.135901 -0.900808
vn -0.412403 -0.135901 -0.900808
vn -0.412403 -0.135901 -0.900808
vn -0.412403 -0.135901 -0.900808
vn 0.656222 -0.068802 -0.751425
vn 0.656222 -0.068802 -0.751425
vn 0.656222 -0.068802 -0.751425
vn 0.405914 -0.247608 -0.879730
vn 0.405914 -0.247608 -0.879730
vn 0.405914 -0.247608 -0.879730
vn 0.405898 -0.247399 -0.879796
vn 0.405898 -0.247399 -0.879796
vn 0.405898 -0.247399 -0.879796
vn -0.039500 -0.456598 -0.888796
vn -0.039500 -0.456598 -0.888796
vn -0.039500 -0.456598 -0.888796
vn -0.039400 -0.456600 -0.888799
vn -0.039400 -0.456600 -0.888799
vn -0.039400 -0.456600 -0.888799
vn -0.039502 -0.456519 -0.888837
vn -0.039502 -0.456519 -0.888837
vn -0.039502 -0.456519 -0.888837
vn -0.039601 -0.456915 -0.888629
vn -0.039601 -0.456915 -0.888629
vn -0.039601 -0.456915 -0.888629
vn -0.678899 -0.102100 0.727099
vn -0.678899 -0.102100 0.727099
vn -0.678899 -0.102100 0.727099
vn -0.487288 -0.366991 0.792381
vn -0.487288 -0.366991 0.792381
vn -0.487288 -0.366991 0.792381
vn -0.487215 -0.367211 0.792324
vn -0.487215 -0.367211 0.792324
vn -0.487215 -0.367211 0.792324
vn -0.134706 -0.990745 -0.016701
vn -0.134706 -0.990745 -0.016701
vn -0.134706 -0.990745 -0.016701
vn -0.136098 -0.940086 0.312595
vn -0.136098 -0.940086 0.312595
vn -0.136098 -0.940086 0.312595
vn -0.136294 -0.940060 0.312587
vn -0.136294 -0.940060 0.312587
vn -0.136294 -0.940060 0.312587
vn 0.589479 -0.274890 0.759573
vn 0.589479 -0.274890 0.759573
vn 0.589479 -0.274890 0.759573
vn 0.331302 -0.478303 0.813305
vn 0.331302 -0.478303 0.813305
vn 0.331302 -0.478303 0.813305
vn 0.331202 -0.478203 0.813405
vn 0.331202 -0.478203 0.813405
vn 0.331202 -0.478203 0.813405
vn -0.111096 -0.676975 0.727573
vn -0.111096 -0.676975 0.727573
vn -0.111096 -0.676975 0.727573
vn -0.110898 -0.676887 0.727686
vn -0.110898 -0.676887 0.727686
vn -0.110898 -0.676887 0.727686
vn -0.110800 -0.676997 0.727597
vn -0.110800 -0.676997 0.727597
vn -0.110800 -0.676997 0.727597
vn -0.110898 -0.676887 0.727686
vn -0.110898 -0.676887 0.727686
vn 0.123896 0.957467 0.260591
vn 0.123896 0.957467 0.260591
vn 0.123896 0.957467 0.260591
vn 0.097397 0.820777 0.562884
vn 0.097397 0.820777 0.562884
vn 0.097397 0.820777 0.562884
vn 0.097496 0.820769 0.562879
vn 0.097496 0.820769 0.562879
vn 0.097496 0.820769 0.562879
vn -0.656323 0.068902 0.751327
vn -0.656323 0.068902 0.751327
vn -0.656323 0.068902 0.751327
vn -0.405908 0.247305 0.879818
vn -0.405908 0.247305 0.879818
vn -0.405908 0.247305 0.879818
vn -0.406007 0.247504 0.879716
vn -0.406007 0.247504 0.879716
vn -0.406007 0.247504 0.879716
vn 0.611995 -0.103999 0.783994
vn 0.611995 -0.103999 0.783994
vn 0.611995 -0.103999 0.783994
vn 0.412403 0.135901 0.900808
vn 0.412403 0.135901 0.900808
vn 0.412403 0.135901 0.900808
vn 0.412409 0.135803 0.900820
vn 0.412409 0.135803 0.900820
vn 0.412409 0.135803 0.900820
vn 0.039298 0.456681 0.888762
vn 0.039298 0.456681 0.888762
vn 0.039298 0.456681 0.888762
vn 0.039398 0.456679 0.888759
vn 0.039398 0.456679 0.888759
vn 0.039398 0.456679 0.888759
vn 0.039400 0.456600 0.888799
vn 0.039400 0.456600 0.888799
vn 0.039400 0.456600 0.888799
vn 0.039298 0.456482 0.888864
vn 0.039298 0.456482 0.888864
vn 0.039298 0.456482 0.888864
vn -0.716612 0.274905 -0.641011
vn -0.716612 0.274905 -0.641011
vn -0.716612 0.274905 -0.641011
vn -0.788218 0.478311 -0.387209
vn -0.788218 0.478311 -0.387209
vn -0.788218 0.478311 -0.387209
vn -0.788287 0.478292 -0.387093
vn -0.788287 0.478292 -0.387093
vn -0.788287 0.478292 -0.387093
vn -0.772703 0.102100 0.626503
vn -0.772703 0.102100 0.626503
vn -0.772703 0.102100 0.626503
vn -0.824303 0.367101 0.431001
vn -0.824303 0.367101 0.431001
vn -0.824303 0.367101 0.431001
vn -0.824463 0.366883 0.430880
vn -0.824463 0.366883 0.430880
vn -0.824463 0.366883 0.430880
vn 0.007300 0.990736 0.135605
vn 0.007300 0.990736 0.135605
vn 0.007300 0.990736 0.135605
vn -0.321390 0.940072 0.113897
vn -0.321390 0.940072 0.113897
vn -0.321390 0.940072 0.113897
vn -0.321294 0.940081 0.114098
vn -0.321294 0.940081 0.114098
vn -0.321294 0.940081 0.114098
vn -0.733669 0.676871 0.059797
vn -0.733669 0.676871 0.059797
vn -0.733669 0.676871 0.059797
vn -0.733623 0.676921 0.059802
vn -0.733623 0.676921 0.059802
vn -0.733623 0.676921 0.059802
vn -0.733577 0.676979 0.059698
vn -0.733577 0.676979 0.059698
vn -0.733577 0.676979 0.059698
vn -0.733413 0.677112 0.060201
vn -0.733413 0.677112 0.060201
vn -0.733413 0.677112 0.060201
vn -0.739401 0.103900 -0.665200
vn -0.739401 0.103900 -0.665200
vn -0.739401 0.103900 -0.665200
vn -0.869874 -0.135896 -0.474186
vn -0.869874 -0.135896 -0.474186
vn -0.869874 -0.135896 -0.474186
vn -0.869849 -0.135908 -0.474227
vn -0.869849 -0.135908 -0.474227
vn -0.869849 -0.135908 -0.474227
vn -0.251292 -0.957469 -0.141795
vn -0.251292 -0.957469 -0.141795
vn -0.251292 -0.957469 -0.141795
vn -0.554697 -0.820796 -0.136399
vn -0.554697 -0.820796 -0.136399
vn -0.554697 -0.820796 -0.136399
vn -0.554613 -0.820819 -0.136603
vn -0.554613 -0.820819 -0.136603
vn -0.554613 -0.820819 -0.136603
vn -0.795384 -0.068799 0.602188
vn -0.795384 -0.068799 0.602188
vn -0.795384 -0.068799 0.602188
vn -0.906007 -0.247302 0.343502
vn -0.906007 -0.247302 0.343502
vn -0.906007 -0.247302 0.343502
vn -0.905953 -0.247387 0.343582
vn -0.905953 -0.247387 0.343582
vn -0.905953 -0.247387 0.343582
vn -0.883871 -0.456585 -0.101497
vn -0.883871 -0.456585 -0.101497
vn -0.883871 -0.456585 -0.101497
vn -0.883921 -0.456511 -0.101402
vn -0.883921 -0.456511 -0.101402
vn -0.883921 -0.456511 -0.101402
vn -0.883921 -0.456511 -0.101402
vn -0.883889 -0.456594 -0.101299
vn -0.883889 -0.456594 -0.101299
vn -0.883889 -0.456594 -0.101299
vn -0.644815 0.325607 0.691516
vn -0.644815 0.325607 0.691516
vn -0.644815 0.325607 0.691516
vn -0.644815 0.325607 0.691516
vn 0.731374 0.000000 0.681976
vn 0.731374 0.000000 0.681976
vn 0.731374 0.000000 0.681976
vn 0.731374 0.000000 0.681976
vn 0.222006 0.945526 -0.238106
vn 0.222006 0.945526 -0.238106
vn 0.222006 0.945526 -0.238106
vn 0.222006 0.945526 -0.238106
vn -0.731374 0.000000 -0.681976
vn -0.731374 0.000000 -0.681976
vn -0.731374 0.000000 -0.681976
vn -0.731374 0.000000 -0.681976
vn -0.222006 -0.945526 0.238106
vn -0.222006 -0.945526 0.238106
vn -0.222006 -0.945526 0.238106
vn -0.222006 -0.945526 0.238106
vn 0.644815 -0.325607 -0.691516
vn 0.644815 -0.325607 -0.691516
vn 0.644815 -0.325607 -0.691516
vn 0.644815 -0.325607 -0.691516
vn -0.644815 0.325607 0.691516
vn -0.644815 0.325607 0.691516
vn -0.644815 0.325607 0.691516
vn -0.644815 0.325607 0.691516
vn -0.644815 0.325607 0.691516
vn -0.644873 0.325586 0.691471
vn -0.644873 0.325586 0.691471
vn -0.644873 0.325586 0.691471
vn -0.644815 0.325607 0.691516
vn -0.644815 0.325607 0.691516
vn -0.644815 0.325607 0.691516
vn -0.644815 0.325607 0.691516
vn -0.644815 0.325607 0.691516
vn -0.644815 0.325607 0.691516
vn -0.644815 0.325607 0.691516
vn -0.644815 0.325607 0.691516
vn -0.644815 0.325607 0.691516
vn -0.644815 0.325607 0.691516
vn -0.644815 0.325607 0.691516
vn -0.644815 0.325607 0.691516
vn -0.644815 0.325607 0.691516
vn -0.644815 0.325607 0.691516
vn -0.644815 0.325607 0.691516
vn -0.644873 0.325586 0.691471
vn -0.644873 0.325586 0.691471
vn -0.644873 0.325586 0.691471
vn -0.644815 0.325607 0.691516
vn -0.644815 0.325607 0.691516
vn -0.644815 0.325607 0.691516
vn -0.698365 0.116694 -0.706165
vn -0.698365 0.116694 -0.706165
vn -0.698365 0.116694 -0.706165
vn -0.698365 0.116694 -0.706165
vn -0.600182 0.344490 -0.721878
vn -0.600182 0.344490 -0.721878
vn -0.600182 0.344490 -0.721878
vn -0.600182 0.344490 -0.721878
vn -0.461902 0.554902 -0.691903
vn -0.461902 0.554902 -0.691903
vn -0.461902 0.554902 -0.691903
vn -0.461896 0.554795 -0.691994
vn -0.461896 0.554795 -0.691994
vn -0.461896 0.554795 -0.691994
vn -0.288893 0.733881 -0.614784
vn -0.288893 0.733881 -0.614784
vn -0.288893 0.733881 -0.614784
vn -0.288914 0.733835 -0.614829
vn -0.288914 0.733835 -0.614829
vn -0.288914 0.733835 -0.614829
vn -0.090399 0.865892 -0.491995
vn -0.090399 0.865892 -0.491995
vn -0.090399 0.865892 -0.491995
vn -0.090404 0.865934 -0.491920
vn -0.090404 0.865934 -0.491920
vn -0.090404 0.865934 -0.491920
vn 0.118900 0.936498 -0.329899
vn 0.118900 0.936498 -0.329899
vn 0.118900 0.936498 -0.329899
vn 0.118896 0.936468 -0.329989
vn 0.118896 0.936468 -0.329989
vn 0.118896 0.936468 -0.329989
vn 0.320886 0.936459 -0.141694
vn 0.320886 0.936459 -0.141694
vn 0.320886 0.936459 -0.141694
vn 0.320890 0.936472 -0.141596
vn 0.320890 0.936472 -0.141596
vn 0.320890 0.936472 -0.141596
vn 0.497096 0.865893 0.055900
vn 0.497096 0.865893 0.055900
vn 0.497096 0.865893 0.055900
vn 0.497099 0.865898 0.055800
vn 0.497099 0.865898 0.055800
vn 0.497099 0.865898 0.055800
vn 0.633514 0.733816 0.245305
vn 0.633514 0.733816 0.245305
vn 0.633514 0.733816 0.245305
vn 0.633514 0.733816 0.245305
vn 0.722512 0.554810 0.412507
vn 0.722512 0.554810 0.412507
vn 0.722512 0.554810 0.412507
vn 0.722512 0.554810 0.412507
vn 0.761975 0.344489 0.548382
vn 0.761975 0.344489 0.548382
vn 0.761975 0.344489 0.548382
vn 0.761975 0.344489 0.548382
vn 0.753179 0.116697 0.647382
vn 0.753179 0.116697 0.647382
vn 0.753179 0.116697 0.647382
vn 0.753179 0.116697 0.647382
vn 0.698365 -0.116694 0.706165
vn 0.698365 -0.116694 0.706165
vn 0.698365 -0.116694 0.706165
vn 0.698365 -0.116694 0.706165
vn 0.600182 -0.344490 0.721878
vn 0.600182 -0.344490 0.721878
vn 0.600182 -0.344490 0.721878
vn 0.600182 -0.344490 0.721878
vn 0.461928 -0.554833 0.691941
vn 0.461928 -0.554833 0.691941
vn 0.461928 -0.554833 0.691941
vn 0.461896 -0.554795 0.691994
vn 0.461896 -0.554795 0.691994
vn 0.461896 -0.554795 0.691994
vn 0.288893 -0.733881 0.614784
vn 0.288893 -0.733881 0.614784
vn 0.288893 -0.733881 0.614784
vn 0.288914 -0.733835 0.614829
vn 0.288914 -0.733835 0.614829
vn 0.288914 -0.733835 0.614829
vn 0.090399 -0.865892 0.491995
vn 0.090399 -0.865892 0.491995
vn 0.090399 -0.865892 0.491995
vn 0.090498 -0.865884 0.491991
vn 0.090498 -0.865884 0.491991
vn 0.090498 -0.865884 0.491991
vn -0.118896 -0.936468 0.329989
vn -0.118896 -0.936468 0.329989
vn -0.118896 -0.936468 0.329989
vn -0.118994 -0.936456 0.329985
vn -0.118994 -0.936456 0.329985
vn -0.118994 -0.936456 0.329985
vn -0.320886 -0.936459 0.141694
vn -0.320886 -0.936459 0.141694
vn -0.320886 -0.936459 0.141694
vn -0.320796 -0.936489 0.141698
vn -0.320796 -0.936489 0.141698
vn -0.320796 -0.936489 0.141698
vn -0.497021 -0.865936 -0.055902
vn -0.497021 -0.865936 -0.055902
vn -0.497021 -0.865936 -0.055902
vn -0.497096 -0.865893 -0.055900
vn -0.497096 -0.865893 -0.055900
vn -0.497096 -0.865893 -0.055900
vn -0.633514 -0.733816 -0.245305
vn -0.633514 -0.733816 -0.245305
vn -0.633514 -0.733816 -0.245305
vn -0.633514 -0.733816 -0.245305
vn -0.722512 -0.554810 -0.412507
vn -0.722512 -0.554810 -0.412507
vn -0.722512 -0.554810 -0.412507
vn -0.722472 -0.554879 -0.412484
vn -0.722472 -0.554879 -0.412484
vn -0.722472 -0.554879 -0.412484
vn -0.761975 -0.344489 -0.548382
vn -0.761975 -0.344489 -0.548382
vn -0.761975 -0.344489 -0.548382
vn -0.761975 -0.344489 -0.548382
vn -0.753179 -0.116697 -0.647382
vn -0.753179 -0.116697 -0.647382
vn -0.753179 -0.116697 -0.647382
vn -0.753179 -0.116697 -0.647382
vn -0.731374 0.000000 0.681976
vn -0.731374 0.000000 0.681976
vn -0.731374 0.000000 0.681976
vn -0.731374 0.000000 0.681976
vn 0.669495 -0.190799 0.717894
vn 0.669495 -0.190799 0.717894
vn 0.669495 -0.190799 0.717894
vn 0.669495 -0.190799 0.717894
vn 0.130105 0.981637 0.139505
vn 0.130105 0.981637 0.139505
vn 0.130105 0.981637 0.139505
vn 0.130105 0.981637 0.139505
vn -0.669495 0.190799 -0.717894
vn -0.669495 0.190799 -0.717894
vn -0.669495 0.190799 -0.717894
vn -0.669495 0.190799 -0.717894
vn -0.005900 -0.999963 -0.006300
vn -0.005900 -0.999963 -0.006300
vn -0.005900 -0.999963 -0.006300
vn -0.005900 -0.999963 -0.006300
vn 0.731374 0.000000 -0.681976
vn 0.731374 0.000000 -0.681976
vn 0.731374 0.000000 -0.681976
vn 0.731374 0.000000 -0.681976
vn -0.129903 -0.981621 -0.139803
vn -0.129903 -0.981621 -0.139803
vn -0.129903 -0.981621 -0.139803
vn -0.129905 -0.981635 -0.139705
vn -0.129905 -0.981635 -0.139705
vn -0.129905 -0.981635 -0.139705
vn -0.129903 -0.981621 -0.139803
vn -0.129903 -0.981621 -0.139803
vn -0.130103 -0.981623 -0.139603
vn -0.130103 -0.981623 -0.139603
vn -0.130103 -0.981623 -0.139603
vn -0.129803 -0.981620 -0.139903
vn -0.129803 -0.981620 -0.139903
vn -0.129803 -0.981620 -0.139903
vn -0.130105 -0.981637 -0.139505
vn -0.130105 -0.981637 -0.139505
vn -0.130105 -0.981637 -0.139505
vn -0.130201 -0.981610 -0.139601
vn -0.130201 -0.981610 -0.139601
vn -0.130201 -0.981610 -0.139601
vn -0.129903 -0.981621 -0.139803
vn -0.129903 -0.981621 -0.139803
vn -0.129803 -0.981620 -0.139903
vn -0.129803 -0.981620 -0.139903
vn -0.129803 -0.981620 -0.139903
vn -0.129803 -0.981620 -0.139903
vn -0.129803 -0.981620 -0.139903
vn -0.129903 -0.981621 -0.139803
vn -0.129903 -0.981621 -0.139803
vn -0.130105 -0.981637 -0.139505
vn -0.130105 -0.981637 -0.139505
vn -0.130105 -0.981637 -0.139505
vn -0.129903 -0.981621 -0.139803
vn -0.129903 -0.981621 -0.139803
vn -0.130103 -0.981623 -0.139603
vn -0.130103 -0.981623 -0.139603
vn -0.129805 -0.981634 -0.139805
vn -0.129805 -0.981634 -0.139805
vn -0.129805 -0.981634 -0.139805
vn -0.129805 -0.981634 -0.139805
vn -0.129803 -0.981620 -0.139903
vn -0.129803 -0.981620 -0.139903
vn -0.130103 -0.981623 -0.139603
vn -0.130103 -0.981623 -0.139603
vn -0.129803 -0.981620 -0.139903
vn -0.129803 -0.981620 -0.139903
vn -0.812467 0.024899 0.582476
vn -0.812467 0.024899 0.582476
vn -0.812467 0.024899 0.582476
vn -0.812467 0.024899 0.582476
vn -0.931898 0.073000 0.355299
vn -0.931898 0.073000 0.355299
vn -0.931898 0.073000 0.355299
vn -0.931865 0.072997 0.355387
vn -0.931865 0.072997 0.355387
vn -0.931865 0.072997 0.355387
vn -0.987767 0.116196 0.103997
vn -0.987767 0.116196 0.103997
vn -0.987767 0.116196 0.103997
vn -0.987767 0.116196 0.103997
vn -0.976338 0.151406 -0.154406
vn -0.976338 0.151406 -0.154406
vn -0.976338 0.151406 -0.154406
vn -0.976338 0.151406 -0.154406
vn -0.898378 0.176296 -0.402290
vn -0.898378 0.176296 -0.402290
vn -0.898378 0.176296 -0.402290
vn -0.898378 0.176296 -0.402290
vn -0.759177 0.189194 -0.622781
vn -0.759177 0.189194 -0.622781
vn -0.759177 0.189194 -0.622781
vn -0.759177 0.189194 -0.622781
vn -0.568288 0.189196 -0.800783
vn -0.568288 0.189196 -0.800783
vn -0.568288 0.189196 -0.800783
vn -0.568288 0.189196 -0.800783
vn -0.338589 0.176295 -0.924271
vn -0.338589 0.176295 -0.924271
vn -0.338589 0.176295 -0.924271
vn -0.338589 0.176295 -0.924271
vn -0.085903 0.151405 -0.984732
vn -0.085903 0.151405 -0.984732
vn -0.085903 0.151405 -0.984732
vn -0.085903 0.151405 -0.984732
vn 0.172699 0.116200 -0.978096
vn 0.172699 0.116200 -0.978096
vn 0.172699 0.116200 -0.978096
vn 0.172699 0.116200 -0.978096
vn 0.419506 0.073001 -0.904813
vn 0.419506 0.073001 -0.904813
vn 0.419506 0.073001 -0.904813
vn 0.419506 0.073001 -0.904813
vn 0.637691 0.024900 -0.769889
vn 0.637691 0.024900 -0.769889
vn 0.637691 0.024900 -0.769889
vn 0.637691 0.024900 -0.769889
vn 0.812467 -0.024899 -0.582476
vn 0.812467 -0.024899 -0.582476
vn 0.812467 -0.024899 -0.582476
vn 0.812467 -0.024899 -0.582476
vn 0.931898 -0.073000 -0.355299
vn 0.931898 -0.073000 -0.355299
vn 0.931898 -0.073000 -0.355299
vn 0.931898 -0.073000 -0.355299
vn 0.987767 -0.116196 -0.103997
vn 0.987767 -0.116196 -0.103997
vn 0.987767 -0.116196 -0.103997
vn 0.987767 -0.116196 -0.103997
vn 0.976338 -0.151406 0.154406
vn 0.976338 -0.151406 0.154406
vn 0.976338 -0.151406 0.154406
vn 0.976338 -0.151406 0.154406
vn 0.898378 -0.176296 0.402290
vn 0.898378 -0.176296 0.402290
vn 0.898378 -0.176296 0.402290
vn 0.898378 -0.176296 0.402290
vn 0.759224 -0.189206 0.622720
vn 0.759224 -0.189206 0.622720
vn 0.759224 -0.189206 0.622720
vn 0.759224 -0.189206 0.622720
vn 0.568288 -0.189196 0.800783
vn 0.568288 -0.189196 0.800783
vn 0.568288 -0.189196 0.800783
vn 0.568288 -0.189196 0.800783
vn 0.338589 -0.176295 0.924271
vn 0.338589 -0.176295 0.924271
vn 0.338589 -0.176295 0.924271
vn 0.338589 -0.176295 0.924271
vn 0.085903 -0.151405 0.984732
vn 0.085903 -0.151405 0.984732
vn 0.085903 -0.151405 0.984732
vn 0.085903 -0.151405 0.984732
vn -0.172699 -0.116200 0.978096
vn -0.172699 -0.116200 0.978096
vn -0.172699 -0.116200 0.978096
vn -0.172699 -0.116200 0.978096
vn -0.419506 -0.073001 0.904813
vn -0.419506 -0.073001 0.904813
vn -0.419506 -0.073001 0.904813
vn -0.419506 -0.073001 0.904813
vn -0.637691 -0.024900 0.769889
vn -0.637691 -0.024900 0.769889
vn -0.637691 -0.024900 0.769889
vn -0.637691 -0.024900 0.769889
vn -0.130305 -0.981639 -0.139306
vn -0.130305 -0.981639 -0.139306
vn -0.130305 -0.981639 -0.139306
vn -0.130203 -0.981624 -0.139503
vn -0.130203 -0.981624 -0.139503
vn -0.130203 -0.981624 -0.139503
vn -0.130203 -0.981624 -0.139503
vn -0.130303 -0.981625 -0.139404
vn -0.130303 -0.981625 -0.139404
vn -0.130303 -0.981625 -0.139404
vn -0.130007 -0.981650 -0.139507
vn -0.130007 -0.981650 -0.139507
vn -0.130007 -0.981650 -0.139507
vn -0.130201 -0.981610 -0.139601
vn -0.130201 -0.981610 -0.139601
vn -0.130201 -0.981610 -0.139601
vn -0.130203 -0.981624 -0.139503
vn -0.130203 -0.981624 -0.139503
vn -0.130105 -0.981637 -0.139505
vn -0.130105 -0.981637 -0.139505
vn -0.130105 -0.981637 -0.139505
vn -0.130105 -0.981637 -0.139505
vn -0.130201 -0.981610 -0.139601
vn -0.130201 -0.981610 -0.139601
vn -0.130105 -0.981637 -0.139505
vn -0.130105 -0.981637 -0.139505
vn -0.130201 -0.981610 -0.139601
vn -0.130201 -0.981610 -0.139601
vn -0.130105 -0.981637 -0.139505
vn -0.130105 -0.981637 -0.139505
vn -0.130201 -0.981610 -0.139601
vn -0.130201 -0.981610 -0.139601
vn -0.130105 -0.981637 -0.139505
vn -0.130105 -0.981637 -0.139505
vn -0.130103 -0.981623 -0.139603
vn -0.130103 -0.981623 -0.139603
vn -0.130103 -0.981623 -0.139603
vn -0.130105 -0.981637 -0.139505
vn -0.130105 -0.981637 -0.139505
vn -0.130103 -0.981623 -0.139603
vn -0.130103 -0.981623 -0.139603
vn -0.130105 -0.981637 -0.139505
vn -0.130105 -0.981637 -0.139505
vn -0.130101 -0.981610 -0.139701
vn -0.130101 -0.981610 -0.139701
vn -0.130101 -0.981610 -0.139701
vn -0.130205 -0.981638 -0.139405
vn -0.130205 -0.981638 -0.139405
vn -0.130205 -0.981638 -0.139405
vn -0.130302 -0.981611 -0.139502
vn -0.130302 -0.981611 -0.139502
vn -0.130302 -0.981611 -0.139502
vn 0.637691 0.024900 -0.769889
vn 0.637691 0.024900 -0.769889
vn 0.637691 0.024900 -0.769889
vn 0.637691 0.024900 -0.769889
vn 0.419506 0.073001 -0.904813
vn 0.419506 0.073001 -0.904813
vn 0.419506 0.073001 -0.904813
vn 0.419506 0.073001 -0.904813
vn 0.172699 0.116200 -0.978096
vn 0.172699 0.116200 -0.978096
vn 0.172699 0.116200 -0.978096
vn 0.172699 0.116200 -0.978096
vn -0.085903 0.151405 -0.984732
vn -0.085903 0.151405 -0.984732
vn -0.085903 0.151405 -0.984732
vn -0.085903 0.151405 -0.984732
vn -0.338589 0.176295 -0.924271
vn -0.338589 0.176295 -0.924271
vn -0.338589 0.176295 -0.924271
vn -0.338589 0.176295 -0.924271
vn -0.568288 0.189196 -0.800783
vn -0.568288 0.189196 -0.800783
vn -0.568288 0.189196 -0.800783
vn -0.568288 0.189196 -0.800783
vn -0.759177 0.189194 -0.622781
vn -0.759177 0.189194 -0.622781
vn -0.759177 0.189194 -0.622781
vn -0.759177 0.189194 -0.622781
vn -0.898378 0.176296 -0.402290
vn -0.898378 0.176296 -0.402290
vn -0.898378 0.176296 -0.402290
vn -0.898378 0.176296 -0.402290
vn -0.976338 0.151406 -0.154406
vn -0.976338 0.151406 -0.154406
vn -0.976338 0.151406 -0.154406
vn -0.976338 0.151406 -0.154406
vn -0.987767 0.116196 0.103997
vn -0.987767 0.116196 0.103997
vn -0.987767 0.116196 0.103997
vn -0.987767 0.116196 0.103997
vn -0.931898 0.073000 0.355299
vn -0.931898 0.073000 0.355299
vn -0.931898 0.073000 0.355299
vn -0.931898 0.073000 0.355299
vn -0.812467 0.024899 0.582476
vn -0.812467 0.024899 0.582476
vn -0.812467 0.024899 0.582476
vn -0.812467 0.024899 0.582476
vn -0.637691 -0.024900 0.769889
vn -0.637691 -0.024900 0.769889
vn -0.637691 -0.024900 0.769889
vn -0.637691 -0.024900 0.769889
vn -0.419506 -0.073001 0.904813
vn -0.419506 -0.073001 0.904813
vn -0.419506 -0.073001 0.904813
vn -0.419506 -0.073001 0.904813
vn -0.172699 -0.116200 0.978096
vn -0.172699 -0.116200 0.978096
vn -0.172699 -0.116200 0.978096
vn -0.172699 -0.116200 0.978096
vn 0.085903 -0.151405 0.984732
vn 0.085903 -0.151405 0.984732
vn 0.085903 -0.151405 0.984732
vn 0.085903 -0.151405 0.984732
vn 0.338589 -0.176295 0.924271
vn 0.338589 -0.176295 0.924271
vn 0.338589 -0.176295 0.924271
vn 0.338589 -0.176295 0.924271
vn 0.568288 -0.189196 0.800783
vn 0.568288 -0.189196 0.800783
vn 0.568288 -0.189196 0.800783
vn 0.568288 -0.189196 0.800783
vn 0.759224 -0.189206 0.622720
vn 0.759224 -0.189206 0.622720
vn 0.759224 -0.189206 0.622720
vn 0.759224 -0.189206 0.622720
vn 0.898378 -0.176296 0.402290
vn 0.898378 -0.176296 0.402290
vn 0.898378 -0.176296 0.402290
vn 0.898378 -0.176296 0.402290
vn 0.976338 -0.151406 0.154406
vn 0.976338 -0.151406 0.154406
vn 0.976338 -0.151406 0.154406
vn 0.976338 -0.151406 0.154406
vn 0.987767 -0.116196 -0.103997
vn 0.987767 -0.116196 -0.103997
vn 0.987767 -0.116196 -0.103997
vn 0.987767 -0.116196 -0.103997
vn 0.931898 -0.073000 -0.355299
vn 0.931898 -0.073000 -0.355299
vn 0.931898 -0.073000 -0.355299
vn 0.931865 -0.072997 -0.355387
vn 0.931865 -0.072997 -0.355387
vn 0.931865 -0.072997 -0.355387
vn 0.812467 -0.024899 -0.582476
vn 0.812467 -0.024899 -0.582476
vn 0.812467 -0.024899 -0.582476
vn 0.812467 -0.024899 -0.582476
vn -0.866019 0.000000 0.500011
vn -0.866019 0.000000 0.500011
vn -0.866019 0.000000 0.500011
vn -0.866019 0.000000 0.500011
vn 0.419318 -0.544624 0.726331
vn 0.419318 -0.544624 0.726331
vn 0.419318 -0.544624 0.726331
vn 0.419318 -0.544624 0.726331
vn 0.272314 0.838643 0.471724
vn 0.272314 0.838643 0.471724
vn 0.272314 0.838643 0.471724
vn 0.272314 0.838643 0.471724
vn -0.272291 -0.838672 -0.471684
vn -0.272291 -0.838672 -0.471684
vn -0.272291 -0.838672 -0.471684
vn -0.272291 -0.838672 -0.471684
vn 0.866019 0.000000 -0.500011
vn 0.866019 0.000000 -0.500011
vn 0.866019 0.000000 -0.500011
vn 0.866019 0.000000 -0.500011
vn -0.866019 0.000000 0.500011
vn -0.866019 0.000000 0.500011
vn -0.866019 0.000000 0.500011
vn -0.866019 0.000000 0.500011
vn 0.404506 -0.587809 0.700611
vn 0.404506 -0.587809 0.700611
vn 0.404506 -0.587809 0.700611
vn 0.404506 -0.587809 0.700611
vn 0.293909 0.809025 0.509016
vn 0.293909 0.809025 0.509016
vn 0.293909 0.809025 0.509016
vn 0.293909 0.809025 0.509016
vn -0.404506 0.587809 -0.700611
vn -0.404506 0.587809 -0.700611
vn -0.404506 0.587809 -0.700611
vn -0.404506 0.587809 -0.700611
vn -0.293909 -0.809025 -0.509016
vn -0.293909 -0.809025 -0.509016
vn -0.293909 -0.809025 -0.509016
vn -0.293909 -0.809025 -0.509016
vn 0.866019 0.000000 -0.500011
vn 0.866019 0.000000 -0.500011
vn 0.866019 0.000000 -0.500011
vn 0.866019 0.000000 -0.500011
vn -0.783356 -0.016099 0.621365
vn -0.783356 -0.016099 0.621365
vn -0.783356 -0.016099 0.621365
vn -0.783405 -0.016100 0.621304
vn -0.783405 -0.016100 0.621304
vn -0.783405 -0.016100 0.621304
vn 0.585799 -0.353500 0.729299
vn 0.585799 -0.353500 0.729299
vn 0.585799 -0.353500 0.729299
vn 0.585799 -0.353500 0.729299
vn 0.207897 0.935284 0.286395
vn 0.207897 0.935284 0.286395
vn 0.207897 0.935284 0.286395
vn 0.207897 0.935284 0.286395
vn -0.207897 -0.935284 -0.286395
vn -0.207897 -0.935284 -0.286395
vn -0.207897 -0.935284 -0.286395
vn -0.207897 -0.935284 -0.286395
vn 0.783405 0.016100 -0.621304
vn 0.783405 0.016100 -0.621304
vn 0.783405 0.016100 -0.621304
vn 0.783405 0.016100 -0.621304
vn -0.702353 -0.102893 0.704353
vn -0.702353 -0.102893 0.704353
vn -0.702353 -0.102893 0.704353
vn -0.702353 -0.102893 0.704353
vn 0.471588 -0.642783 0.603684
vn 0.471588 -0.642783 0.603684
vn 0.471588 -0.642783 0.603684
vn 0.471588 -0.642783 0.603684
vn 0.395724 0.766047 0.506531
vn 0.395724 0.766047 0.506531
vn 0.395724 0.766047 0.506531
vn 0.395724 0.766047 0.506531
vn -0.471588 0.642783 -0.603684
vn -0.471588 0.642783 -0.603684
vn -0.471588 0.642783 -0.603684
vn -0.471588 0.642783 -0.603684
vn -0.395724 -0.766047 -0.506531
vn -0.395724 -0.766047 -0.506531
vn -0.395724 -0.766047 -0.506531
vn -0.395724 -0.766047 -0.506531
vn 0.861941 -0.119506 -0.492723
vn 0.861941 -0.119506 -0.492723
vn 0.861941 -0.119506 -0.492723
vn 0.861941 -0.119506 -0.492723
vn -1.000000 0.000000 0.000000
vn -1.000000 0.000000 0.000000
vn -1.000000 0.000000 0.000000
vn -1.000000 0.000000 0.000000
vn 0.000000 0.000000 1.000000
vn 0.000000 0.000000 1.000000
vn 0.000000 0.000000 1.000000
vn 0.000000 0.000000 1.000000
vn 0.000000 1.000000 0.000000
vn 0.000000 1.000000 0.000000
vn 0.000000 1.000000 0.000000
vn 0.000000 1.000000 0.000000
vn 0.000000 0.000000 -1.000000
vn 0.000000 0.000000 -1.000000
vn 0.000000 0.000000 -1.000000
vn 0.000000 0.000000 -1.000000
vn 0.000000 -1.000000 0.000000
vn 0.000000 -1.000000 0.000000
vn 0.000000 -1.000000 0.000000
vn 0.000000 -1.000000 0.000000
vn 1.000000 0.000000 0.000000
vn 1.000000 0.000000 0.000000
vn 1.000000 0.000000 0.000000
vn 1.000000 0.000000 0.000000
vn 0.008000 0.994618 0.103302
vn 0.008000 0.994618 0.103302
vn 0.008000 0.994618 0.103302
vn 0.043800 0.998097 0.043400
vn 0.043800 0.998097 0.043400
vn 0.043800 0.998097 0.043400
vn 0.104499 0.994487 0.008700
vn 0.104499 0.994487 0.008700
vn 0.104499 0.994487 0.008700
vn 0.173693 0.984761 0.008700
vn 0.173693 0.984761 0.008700
vn 0.173693 0.984761 0.008700
vn 0.233002 0.971507 0.043400
vn 0.233002 0.971507 0.043400
vn 0.233002 0.971507 0.043400
vn 0.266400 0.958300 0.103400
vn 0.266400 0.958300 0.103400
vn 0.266400 0.958300 0.103400
vn 0.265091 0.948669 0.172494
vn 0.265091 0.948669 0.172494
vn 0.265091 0.948669 0.172494
vn 0.229301 0.945204 0.232401
vn 0.229301 0.945204 0.232401
vn 0.229301 0.945204 0.232401
vn 0.168703 0.948814 0.267004
vn 0.168703 0.948814 0.267004
vn 0.168703 0.948814 0.267004
vn 0.099405 0.958552 0.267014
vn 0.099405 0.958552 0.267014
vn 0.099405 0.958552 0.267014
vn 0.040199 0.971767 0.232492
vn 0.040199 0.971767 0.232492
vn 0.040199 0.971767 0.232492
vn 0.006700 0.985004 0.172401
vn 0.006700 0.985004 0.172401
vn 0.006700 0.985004 0.172401
vn -0.248302 0.968309 0.026900
vn -0.248302 0.968309 0.026900
vn -0.248302 0.968309 0.026900
vn -0.248302 0.968309 0.026900
vn -0.144007 0.978446 -0.148007
vn -0.144007 0.978446 -0.148007
vn -0.144007 0.978446 -0.148007
vn -0.143795 0.978464 -0.148095
vn -0.143795 0.978464 -0.148095
vn -0.143795 0.978464 -0.148095
vn 0.033100 0.967911 -0.249103
vn 0.033100 0.967911 -0.249103
vn 0.033100 0.967911 -0.249103
vn 0.033000 0.967914 -0.249104
vn 0.033000 0.967914 -0.249104
vn 0.033000 0.967914 -0.249104
vn 0.235008 0.939530 -0.249108
vn 0.235008 0.939530 -0.249108
vn 0.235008 0.939530 -0.249108
vn 0.235102 0.939508 -0.249102
vn 0.235102 0.939508 -0.249102
vn 0.235102 0.939508 -0.249102
vn 0.408002 0.900905 -0.148001
vn 0.408002 0.900905 -0.148001
vn 0.408002 0.900905 -0.148001
vn 0.407996 0.900892 -0.148099
vn 0.407996 0.900892 -0.148099
vn 0.407996 0.900892 -0.148099
vn 0.505576 0.862359 0.026999
vn 0.505576 0.862359 0.026999
vn 0.505576 0.862359 0.026999
vn 0.505621 0.862336 0.026901
vn 0.505621 0.862336 0.026901
vn 0.505621 0.862336 0.026901
vn 0.501586 0.834277 0.228894
vn 0.501586 0.834277 0.228894
vn 0.501586 0.834277 0.228894
vn 0.501586 0.834277 0.228894
vn 0.397308 0.824017 0.403908
vn 0.397308 0.824017 0.403908
vn 0.397308 0.824017 0.403908
vn 0.397191 0.824082 0.403891
vn 0.397191 0.824082 0.403891
vn 0.397191 0.824082 0.403891
vn 0.220306 0.834522 0.505013
vn 0.220306 0.834522 0.505013
vn 0.220306 0.834522 0.505013
vn 0.220299 0.834594 0.504897
vn 0.220299 0.834594 0.504897
vn 0.220299 0.834594 0.504897
vn 0.018200 0.862990 0.504894
vn 0.018200 0.862990 0.504894
vn 0.018200 0.862990 0.504894
vn 0.018299 0.862944 0.504968
vn 0.018299 0.862944 0.504968
vn 0.018299 0.862944 0.504968
vn -0.154795 0.901572 0.403988
vn -0.154795 0.901572 0.403988
vn -0.154795 0.901572 0.403988
vn -0.154801 0.901609 0.403904
vn -0.154801 0.901609 0.403904
vn -0.154801 0.901609 0.403904
vn -0.252209 0.940233 0.228808
vn -0.252209 0.940233 0.228808
vn -0.252209 0.940233 0.228808
vn -0.252315 0.940154 0.229013
vn -0.252315 0.940154 0.229013
vn -0.252315 0.940154 0.229013
vn -0.484004 0.873607 -0.050500
vn -0.484004 0.873607 -0.050500
vn -0.484004 0.873607 -0.050500
vn -0.484004 0.873607 -0.050500
vn -0.319091 0.889674 -0.326590
vn -0.319091 0.889674 -0.326590
vn -0.319091 0.889674 -0.326590
vn -0.319180 0.889646 -0.326580
vn -0.319180 0.889646 -0.326580
vn -0.319180 0.889646 -0.326580
vn -0.039902 0.873036 -0.486020
vn -0.039902 0.873036 -0.486020
vn -0.039902 0.873036 -0.486020
vn -0.039802 0.873040 -0.486022
vn -0.039802 0.873040 -0.486022
vn -0.039802 0.873040 -0.486022
vn 0.278984 0.828251 -0.485971
vn 0.278984 0.828251 -0.485971
vn 0.278984 0.828251 -0.485971
vn 0.278914 0.828243 -0.486025
vn 0.278914 0.828243 -0.486025
vn 0.278914 0.828243 -0.486025
vn 0.552009 0.767213 -0.326605
vn 0.552009 0.767213 -0.326605
vn 0.552009 0.767213 -0.326605
vn 0.551985 0.767279 -0.326491
vn 0.551985 0.767279 -0.326491
vn 0.551985 0.767279 -0.326491
vn 0.706005 0.706405 -0.050500
vn 0.706005 0.706405 -0.050500
vn 0.706005 0.706405 -0.050500
vn 0.706005 0.706405 -0.050500
vn 0.699799 0.661999 0.268400
vn 0.699799 0.661999 0.268400
vn 0.699799 0.661999 0.268400
vn 0.699799 0.661999 0.268400
vn 0.534923 0.646028 0.544523
vn 0.534923 0.646028 0.544523
vn 0.534923 0.646028 0.544523
vn 0.534923 0.646028 0.544523
vn 0.255713 0.662634 0.703936
vn 0.255713 0.662634 0.703936
vn 0.255713 0.662634 0.703936
vn 0.255696 0.662690 0.703890
vn 0.255696 0.662690 0.703890
vn 0.255696 0.662690 0.703890
vn -0.063100 0.707495 0.703895
vn -0.063100 0.707495 0.703895
vn -0.063100 0.707495 0.703895
vn -0.063100 0.707495 0.703895
vn -0.336094 0.768486 0.544490
vn -0.336094 0.768486 0.544490
vn -0.336094 0.768486 0.544490
vn -0.336094 0.768486 0.544490
vn -0.490210 0.829216 0.268505
vn -0.490210 0.829216 0.268505
vn -0.490210 0.829216 0.268505
vn -0.490106 0.829310 0.268403
vn -0.490106 0.829310 0.268403
vn -0.490106 0.829310 0.268403
vn -0.682370 0.720568 -0.123095
vn -0.682370 0.720568 -0.123095
vn -0.682370 0.720568 -0.123095
vn -0.682370 0.720568 -0.123095
vn -0.469519 0.741230 -0.479719
vn -0.469519 0.741230 -0.479719
vn -0.469519 0.741230 -0.479719
vn -0.469484 0.741275 -0.479684
vn -0.469484 0.741275 -0.479684
vn -0.469484 0.741275 -0.479684
vn -0.108800 0.719801 -0.685601
vn -0.108800 0.719801 -0.685601
vn -0.108800 0.719801 -0.685601
vn -0.108800 0.719801 -0.685601
vn 0.303005 0.661911 -0.685611
vn 0.303005 0.661911 -0.685611
vn 0.303005 0.661911 -0.685611
vn 0.302985 0.661967 -0.685566
vn 0.302985 0.661967 -0.685566
vn 0.302985 0.661967 -0.685566
vn 0.655616 0.583215 -0.479612
vn 0.655616 0.583215 -0.479612
vn 0.655616 0.583215 -0.479612
vn 0.655585 0.583187 -0.479689
vn 0.655585 0.583187 -0.479689
vn 0.655585 0.583187 -0.479689
vn 0.854594 0.504496 -0.123099
vn 0.854594 0.504496 -0.123099
vn 0.854594 0.504496 -0.123099
vn 0.854534 0.504620 -0.123005
vn 0.854534 0.504620 -0.123005
vn 0.854534 0.504620 -0.123005
vn 0.846481 0.447290 0.288794
vn 0.846481 0.447290 0.288794
vn 0.846481 0.447290 0.288794
vn 0.846519 0.447210 0.288806
vn 0.846519 0.447210 0.288806
vn 0.846519 0.447210 0.288806
vn 0.633607 0.426605 0.645407
vn 0.633607 0.426605 0.645407
vn 0.633607 0.426605 0.645407
vn 0.633607 0.426605 0.645407
vn 0.272915 0.448025 0.851347
vn 0.272915 0.448025 0.851347
vn 0.272915 0.448025 0.851347
vn 0.272915 0.448025 0.851347
vn -0.138904 0.505915 0.851326
vn -0.138904 0.505915 0.851326
vn -0.138904 0.505915 0.851326
vn -0.138806 0.505922 0.851337
vn -0.138806 0.505922 0.851337
vn -0.138806 0.505922 0.851337
vn -0.491503 0.584704 0.645404
vn -0.491503 0.584704 0.645404
vn -0.491503 0.584704 0.645404
vn -0.491503 0.584704 0.645404
vn -0.690392 0.663292 0.288796
vn -0.690392 0.663292 0.288796
vn -0.690392 0.663292 0.288796
vn -0.690392 0.663292 0.288796
vn -0.832218 0.522211 -0.186304
vn -0.832218 0.522211 -0.186304
vn -0.832218 0.522211 -0.186304
vn -0.832218 0.522211 -0.186304
vn -0.586218 0.546117 -0.598419
vn -0.586218 0.546117 -0.598419
vn -0.586218 0.546117 -0.598419
vn -0.586218 0.546117 -0.598419
vn -0.169399 0.521296 -0.836394
vn -0.169399 0.521296 -0.836394
vn -0.169399 0.521296 -0.836394
vn -0.169399 0.521296 -0.836394
vn 0.306502 0.454403 -0.836406
vn 0.306502 0.454403 -0.836406
vn 0.306502 0.454403 -0.836406
vn 0.306502 0.454403 -0.836406
vn 0.714022 0.363411 -0.598419
vn 0.714022 0.363411 -0.598419
vn 0.714022 0.363411 -0.598419
vn 0.714022 0.363411 -0.598419
vn 0.943934 0.272610 -0.186207
vn 0.943934 0.272610 -0.186207
vn 0.943934 0.272610 -0.186207
vn 0.943916 0.272605 -0.186303
vn 0.943916 0.272605 -0.186303
vn 0.943916 0.272605 -0.186303
vn 0.934617 0.206304 0.289705
vn 0.934617 0.206304 0.289705
vn 0.934617 0.206304 0.289705
vn 0.934598 0.206400 0.289699
vn 0.934598 0.206400 0.289699
vn 0.934598 0.206400 0.289699
vn 0.688613 0.182403 0.701813
vn 0.688613 0.182403 0.701813
vn 0.688613 0.182403 0.701813
vn 0.688613 0.182403 0.701813
vn 0.271796 0.207197 0.939785
vn 0.271796 0.207197 0.939785
vn 0.271796 0.207197 0.939785
vn 0.271796 0.207197 0.939785
vn -0.204099 0.274098 0.939795
vn -0.204099 0.274098 0.939795
vn -0.204099 0.274098 0.939795
vn -0.204099 0.274098 0.939795
vn -0.611616 0.365209 0.701818
vn -0.611616 0.365209 0.701818
vn -0.611616 0.365209 0.701818
vn -0.611638 0.365123 0.701844
vn -0.611638 0.365123 0.701844
vn -0.611638 0.365123 0.701844
vn -0.841507 0.456004 0.289702
vn -0.841507 0.456004 0.289702
vn -0.841507 0.456004 0.289702
vn -0.841507 0.456004 0.289702
vn -0.926534 0.292411 -0.236709
vn -0.926534 0.292411 -0.236709
vn -0.926534 0.292411 -0.236709
vn -0.926534 0.292411 -0.236709
vn -0.663671 0.317986 -0.677071
vn -0.663671 0.317986 -0.677071
vn -0.663671 0.317986 -0.677071
vn -0.663671 0.317986 -0.677071
vn -0.218306 0.291508 -0.931325
vn -0.218306 0.291508 -0.931325
vn -0.218306 0.291508 -0.931325
vn -0.218306 0.291508 -0.931325
vn 0.290209 0.220007 -0.931330
vn 0.290209 0.220007 -0.931330
vn 0.290209 0.220007 -0.931330
vn 0.290209 0.220007 -0.931330
vn 0.725586 0.122798 -0.677087
vn 0.725586 0.122798 -0.677087
vn 0.725586 0.122798 -0.677087
vn 0.725586 0.122798 -0.677087
vn 0.971240 0.025701 -0.236710
vn 0.971240 0.025701 -0.236710
vn 0.971240 0.025701 -0.236710
vn 0.971240 0.025701 -0.236710
vn 0.961301 -0.045000 0.271800
vn 0.961301 -0.045000 0.271800
vn 0.961301 -0.045000 0.271800
vn 0.961301 -0.045000 0.271800
vn 0.698408 -0.070601 0.712209
vn 0.698408 -0.070601 0.712209
vn 0.698408 -0.070601 0.712209
vn 0.698408 -0.070601 0.712209
vn 0.253108 -0.044101 0.966432
vn 0.253108 -0.044101 0.966432
vn 0.253108 -0.044101 0.966432
vn 0.253108 -0.044101 0.966432
vn -0.255412 0.027401 0.966444
vn -0.255412 0.027401 0.966444
vn -0.255412 0.027401 0.966444
vn -0.255412 0.027401 0.966444
vn -0.690806 0.124701 0.712206
vn -0.690806 0.124701 0.712206
vn -0.690806 0.124701 0.712206
vn -0.690806 0.124701 0.712206
vn -0.936473 0.221694 0.271792
vn -0.936473 0.221694 0.271792
vn -0.936473 0.221694 0.271792
vn -0.936473 0.221694 0.271792
vn -0.952252 0.164692 -0.257087
vn -0.952252 0.164692 -0.257087
vn -0.952252 0.164692 -0.257087
vn -0.952252 0.164692 -0.257087
vn -0.687288 0.190397 -0.700988
vn -0.687288 0.190397 -0.700988
vn -0.687288 0.190397 -0.700988
vn -0.687288 0.190397 -0.700988
vn -0.238393 0.163695 -0.957273
vn -0.238393 0.163695 -0.957273
vn -0.238393 0.163695 -0.957273
vn -0.238299 0.163699 -0.957296
vn -0.238299 0.163699 -0.957296
vn -0.238299 0.163699 -0.957296
vn 0.274198 0.091699 -0.957291
vn 0.274198 0.091699 -0.957291
vn 0.274198 0.091699 -0.957291
vn 0.274198 0.091699 -0.957291
vn 0.713117 -0.006400 -0.701016
vn 0.713117 -0.006400 -0.701016
vn 0.713117 -0.006400 -0.701016
vn 0.713117 -0.006400 -0.701016
vn 0.960755 -0.104195 -0.257088
vn 0.960755 -0.104195 -0.257088
vn 0.960755 -0.104195 -0.257088
vn 0.960755 -0.104195 -0.257088
vn 0.950742 -0.175508 0.255511
vn 0.950742 -0.175508 0.255511
vn 0.950742 -0.175508 0.255511
vn 0.950742 -0.175508 0.255511
vn 0.685746 -0.201313 0.699447
vn 0.685746 -0.201313 0.699447
vn 0.685746 -0.201313 0.699447
vn 0.685799 -0.201300 0.699399
vn 0.685799 -0.201300 0.699399
vn 0.685799 -0.201300 0.699399
vn 0.236809 -0.174607 0.955737
vn 0.236809 -0.174607 0.955737
vn 0.236809 -0.174607 0.955737
vn 0.236809 -0.174607 0.955737
vn -0.275809 -0.102503 0.955731
vn -0.275809 -0.102503 0.955731
vn -0.275809 -0.102503 0.955731
vn -0.275809 -0.102503 0.955731
vn -0.714708 -0.004500 0.699408
vn -0.714708 -0.004500 0.699408
vn -0.714708 -0.004500 0.699408
vn -0.714708 -0.004500 0.699408
vn -0.962297 0.093300 0.255499
vn -0.962297 0.093300 0.255499
vn -0.962297 0.093300 0.255499
vn -0.962297 0.093300 0.255499
vn -0.934598 -0.206400 -0.289699
vn -0.934598 -0.206400 -0.289699
vn -0.934598 -0.206400 -0.289699
vn -0.934617 -0.206304 -0.289705
vn -0.934617 -0.206304 -0.289705
vn -0.934617 -0.206304 -0.289705
vn -0.688613 -0.182403 -0.701813
vn -0.688613 -0.182403 -0.701813
vn -0.688613 -0.182403 -0.701813
vn -0.688613 -0.182403 -0.701813
vn -0.271796 -0.207197 -0.939785
vn -0.271796 -0.207197 -0.939785
vn -0.271796 -0.207197 -0.939785
vn -0.271796 -0.207197 -0.939785
vn 0.204195 -0.274093 -0.939775
vn 0.204195 -0.274093 -0.939775
vn 0.204195 -0.274093 -0.939775
vn 0.204099 -0.274098 -0.939795
vn 0.204099 -0.274098 -0.939795
vn 0.204099 -0.274098 -0.939795
vn 0.611616 -0.365209 -0.701818
vn 0.611616 -0.365209 -0.701818
vn 0.611616 -0.365209 -0.701818
vn 0.611701 -0.365100 -0.701801
vn 0.611701 -0.365100 -0.701801
vn 0.611701 -0.365100 -0.701801
vn 0.841507 -0.456004 -0.289702
vn 0.841507 -0.456004 -0.289702
vn 0.841507 -0.456004 -0.289702
vn 0.841507 -0.456004 -0.289702
vn 0.832218 -0.522211 0.186304
vn 0.832218 -0.522211 0.186304
vn 0.832218 -0.522211 0.186304
vn 0.832233 -0.522221 0.186207
vn 0.832233 -0.522221 0.186207
vn 0.832233 -0.522221 0.186207
vn 0.586218 -0.546117 0.598419
vn 0.586218 -0.546117 0.598419
vn 0.586218 -0.546117 0.598419
vn 0.586218 -0.546117 0.598419
vn 0.169399 -0.521296 0.836394
vn 0.169399 -0.521296 0.836394
vn 0.169399 -0.521296 0.836394
vn 0.169399 -0.521296 0.836394
vn -0.306502 -0.454403 0.836406
vn -0.306502 -0.454403 0.836406
vn -0.306502 -0.454403 0.836406
vn -0.306502 -0.454403 0.836406
vn -0.714022 -0.363411 0.598419
vn -0.714022 -0.363411 0.598419
vn -0.714022 -0.363411 0.598419
vn -0.714022 -0.363411 0.598419
vn -0.943916 -0.272605 0.186303
vn -0.943916 -0.272605 0.186303
vn -0.943916 -0.272605 0.186303
vn -0.943916 -0.272605 0.186303
vn -0.846481 -0.447290 -0.288794
vn -0.846481 -0.447290 -0.288794
vn -0.846481 -0.447290 -0.288794
vn -0.846481 -0.447290 -0.288794
vn -0.633607 -0.426605 -0.645407
vn -0.633607 -0.426605 -0.645407
vn -0.633607 -0.426605 -0.645407
vn -0.633607 -0.426605 -0.645407
vn -0.272995 -0.448092 -0.851285
vn -0.272995 -0.448092 -0.851285
vn -0.272995 -0.448092 -0.851285
vn -0.272915 -0.448025 -0.851347
vn -0.272915 -0.448025 -0.851347
vn -0.272915 -0.448025 -0.851347
vn 0.138904 -0.505915 -0.851326
vn 0.138904 -0.505915 -0.851326
vn 0.138904 -0.505915 -0.851326
vn 0.138904 -0.505915 -0.851326
vn 0.491503 -0.584704 -0.645404
vn 0.491503 -0.584704 -0.645404
vn 0.491503 -0.584704 -0.645404
vn 0.491503 -0.584704 -0.645404
vn 0.690392 -0.663292 -0.288796
vn 0.690392 -0.663292 -0.288796
vn 0.690392 -0.663292 -0.288796
vn 0.690392 -0.663292 -0.288796
vn 0.682325 -0.720626 0.123005
vn 0.682325 -0.720626 0.123005
vn 0.682325 -0.720626 0.123005
vn 0.682378 -0.720577 0.122996
vn 0.682378 -0.720577 0.122996
vn 0.682378 -0.720577 0.122996
vn 0.469484 -0.741275 0.479684
vn 0.469484 -0.741275 0.479684
vn 0.469484 -0.741275 0.479684
vn 0.469507 -0.741310 0.479607
vn 0.469507 -0.741310 0.479607
vn 0.469507 -0.741310 0.479607
vn 0.108800 -0.719801 0.685601
vn 0.108800 -0.719801 0.685601
vn 0.108800 -0.719801 0.685601
vn 0.108800 -0.719801 0.685601
vn -0.303005 -0.661911 0.685611
vn -0.303005 -0.661911 0.685611
vn -0.303005 -0.661911 0.685611
vn -0.303005 -0.661911 0.685611
vn -0.655585 -0.583187 0.479689
vn -0.655585 -0.583187 0.479689
vn -0.655585 -0.583187 0.479689
vn -0.655623 -0.583121 0.479717
vn -0.655623 -0.583121 0.479717
vn -0.655623 -0.583121 0.479717
vn -0.854534 -0.504620 0.123005
vn -0.854534 -0.504620 0.123005
vn -0.854534 -0.504620 0.123005
vn -0.854534 -0.504620 0.123005
vn -0.699799 -0.661999 -0.268400
vn -0.699799 -0.661999 -0.268400
vn -0.699799 -0.661999 -0.268400
vn -0.699799 -0.661999 -0.268400
vn -0.534923 -0.646028 -0.544523
vn -0.534923 -0.646028 -0.544523
vn -0.534923 -0.646028 -0.544523
vn -0.534994 -0.645993 -0.544494
vn -0.534994 -0.645993 -0.544494
vn -0.534994 -0.645993 -0.544494
vn -0.255695 -0.662588 -0.703987
vn -0.255695 -0.662588 -0.703987
vn -0.255695 -0.662588 -0.703987
vn -0.255695 -0.662588 -0.703987
vn 0.063100 -0.707396 -0.703996
vn 0.063100 -0.707396 -0.703996
vn 0.063100 -0.707396 -0.703996
vn 0.063199 -0.707391 -0.703991
vn 0.063199 -0.707391 -0.703991
vn 0.063199 -0.707391 -0.703991
vn 0.336120 -0.768445 -0.544532
vn 0.336120 -0.768445 -0.544532
vn 0.336120 -0.768445 -0.544532
vn 0.336209 -0.768420 -0.544514
vn 0.336209 -0.768420 -0.544514
vn 0.336209 -0.768420 -0.544514
vn 0.490182 -0.829270 -0.268390
vn 0.490182 -0.829270 -0.268390
vn 0.490182 -0.829270 -0.268390
vn 0.490182 -0.829270 -0.268390
vn 0.484004 -0.873607 0.050500
vn 0.484004 -0.873607 0.050500
vn 0.484004 -0.873607 0.050500
vn 0.484004 -0.873607 0.050500
vn 0.319091 -0.889674 0.326590
vn 0.319091 -0.889674 0.326590
vn 0.319091 -0.889674 0.326590
vn 0.319119 -0.889653 0.326620
vn 0.319119 -0.889653 0.326620
vn 0.319119 -0.889653 0.326620
vn 0.039898 -0.873060 0.485978
vn 0.039898 -0.873060 0.485978
vn 0.039898 -0.873060 0.485978
vn 0.039898 -0.873060 0.485978
vn -0.278984 -0.828251 0.485971
vn -0.278984 -0.828251 0.485971
vn -0.278984 -0.828251 0.485971
vn -0.278984 -0.828251 0.485971
vn -0.552009 -0.767213 0.326605
vn -0.552009 -0.767213 0.326605
vn -0.552009 -0.767213 0.326605
vn -0.551967 -0.767254 0.326580
vn -0.551967 -0.767254 0.326580
vn -0.551967 -0.767254 0.326580
vn -0.706005 -0.706405 0.050500
vn -0.706005 -0.706405 0.050500
vn -0.706005 -0.706405 0.050500
vn -0.706005 -0.706405 0.050500
vn -0.501703 -0.834205 -0.228901
vn -0.501703 -0.834205 -0.228901
vn -0.501703 -0.834205 -0.228901
vn -0.501703 -0.834205 -0.228901
vn -0.397207 -0.824115 -0.403807
vn -0.397207 -0.824115 -0.403807
vn -0.397207 -0.824115 -0.403807
vn -0.397208 -0.824017 -0.404008
vn -0.397208 -0.824017 -0.404008
vn -0.397208 -0.824017 -0.404008
vn -0.220299 -0.834594 -0.504897
vn -0.220299 -0.834594 -0.504897
vn -0.220299 -0.834594 -0.504897
vn -0.220310 -0.834637 -0.504822
vn -0.220310 -0.834637 -0.504822
vn -0.220310 -0.834637 -0.504822
vn -0.018300 -0.862988 -0.504893
vn -0.018300 -0.862988 -0.504893
vn -0.018300 -0.862988 -0.504893
vn -0.018300 -0.862988 -0.504893
vn 0.154704 -0.901623 -0.403910
vn 0.154704 -0.901623 -0.403910
vn 0.154704 -0.901623 -0.403910
vn 0.154606 -0.901637 -0.403916
vn 0.154606 -0.901637 -0.403916
vn 0.154606 -0.901637 -0.403916
vn 0.252203 -0.940211 -0.228903
vn 0.252203 -0.940211 -0.228903
vn 0.252203 -0.940211 -0.228903
vn 0.252302 -0.940209 -0.228802
vn 0.252302 -0.940209 -0.228802
vn 0.252302 -0.940209 -0.228802
vn 0.248302 -0.968309 -0.026900
vn 0.248302 -0.968309 -0.026900
vn 0.248302 -0.968309 -0.026900
vn 0.248302 -0.968309 -0.026900
vn 0.143907 -0.978445 0.148107
vn 0.143907 -0.978445 0.148107
vn 0.143907 -0.978445 0.148107
vn 0.143897 -0.978479 0.147897
vn 0.143897 -0.978479 0.147897
vn 0.143897 -0.978479 0.147897
vn -0.033000 -0.967914 0.249104
vn -0.033000 -0.967914 0.249104
vn -0.033000 -0.967914 0.249104
vn -0.033100 -0.967911 0.249103
vn -0.033100 -0.967911 0.249103
vn -0.033100 -0.967911 0.249103
vn -0.235102 -0.939508 0.249102
vn -0.235102 -0.939508 0.249102
vn -0.235102 -0.939508 0.249102
vn -0.235008 -0.939530 0.249108
vn -0.235008 -0.939530 0.249108
vn -0.235008 -0.939530 0.249108
vn -0.407996 -0.900892 0.148099
vn -0.407996 -0.900892 0.148099
vn -0.407996 -0.900892 0.148099
vn -0.408080 -0.900855 0.148093
vn -0.408080 -0.900855 0.148093
vn -0.408080 -0.900855 0.148093
vn -0.505696 -0.862292 -0.026900
vn -0.505696 -0.862292 -0.026900
vn -0.505696 -0.862292 -0.026900
vn -0.505579 -0.862364 -0.026799
vn -0.505579 -0.862364 -0.026799
vn -0.505579 -0.862364 -0.026799
vn -0.264998 -0.948694 -0.172499
vn -0.264998 -0.948694 -0.172499
vn -0.264998 -0.948694 -0.172499
vn -0.229201 -0.945204 -0.232501
vn -0.229201 -0.945204 -0.232501
vn -0.229201 -0.945204 -0.232501
vn -0.168703 -0.948814 -0.267004
vn -0.168703 -0.948814 -0.267004
vn -0.168703 -0.948814 -0.267004
vn -0.099405 -0.958552 -0.267014
vn -0.099405 -0.958552 -0.267014
vn -0.099405 -0.958552 -0.267014
vn -0.040199 -0.971767 -0.232492
vn -0.040199 -0.971767 -0.232492
vn -0.040199 -0.971767 -0.232492
vn -0.006700 -0.985004 -0.172401
vn -0.006700 -0.985004 -0.172401
vn -0.006700 -0.985004 -0.172401
vn -0.008000 -0.994618 -0.103302
vn -0.008000 -0.994618 -0.103302
vn -0.008000 -0.994618 -0.103302
vn -0.043800 -0.998097 -0.043400
vn -0.043800 -0.998097 -0.043400
vn -0.043800 -0.998097 -0.043400
vn -0.104499 -0.994487 -0.008700
vn -0.104499 -0.994487 -0.008700
vn -0.104499 -0.994487 -0.008700
vn -0.173693 -0.984761 -0.008700
vn -0.173693 -0.984761 -0.008700
vn -0.173693 -0.984761 -0.008700
vn -0.233002 -0.971507 -0.043400
vn -0.233002 -0.971507 -0.043400
vn -0.233002 -0.971507 -0.043400
vn -0.266313 -0.958346 -0.103205
vn -0.266313 -0.958346 -0.103205
vn -0.266313 -0.958346 -0.103205
vn 0.266313 0.958346 0.103205
vn 0.266313 0.958346 0.103205
vn 0.266313 0.958346 0.103205
vn 0.233002 0.971507 0.043400
vn 0.233002 0.971507 0.043400
vn 0.233002 0.971507 0.043400
vn 0.173693 0.984761 0.008700
vn 0.173693 0.984761 0.008700
vn 0.173693 0.984761 0.008700
vn 0.104499 0.994487 0.008700
vn 0.104499 0.994487 0.008700
vn 0.104499 0.994487 0.008700
vn 0.043800 0.998097 0.043400
vn 0.043800 0.998097 0.043400
vn 0.043800 0.998097 0.043400
vn 0.008000 0.994618 0.103302
vn 0.008000 0.994618 0.103302
vn 0.008000 0.994618 0.103302
vn 0.006700 0.985004 0.172401
vn 0.006700 0.985004 0.172401
vn 0.006700 0.985004 0.172401
vn 0.040199 0.971767 0.232492
vn 0.040199 0.971767 0.232492
vn 0.040199 0.971767 0.232492
vn 0.099405 0.958552 0.267014
vn 0.099405 0.958552 0.267014
vn 0.099405 0.958552 0.267014
vn 0.168703 0.948814 0.267004
vn 0.168703 0.948814 0.267004
vn 0.168703 0.948814 0.267004
vn 0.229301 0.945204 0.232401
vn 0.229301 0.945204 0.232401
vn 0.229301 0.945204 0.232401
vn 0.264989 0.948661 0.172693
vn 0.264989 0.948661 0.172693
vn 0.264989 0.948661 0.172693
vn 0.505579 0.862364 0.026799
vn 0.505579 0.862364 0.026799
vn 0.505579 0.862364 0.026799
vn 0.505696 0.862292 0.026900
vn 0.505696 0.862292 0.026900
vn 0.505696 0.862292 0.026900
vn 0.408080 0.900855 -0.148093
vn 0.408080 0.900855 -0.148093
vn 0.408080 0.900855 -0.148093
vn 0.407996 0.900892 -0.148099
vn 0.407996 0.900892 -0.148099
vn 0.407996 0.900892 -0.148099
vn 0.235008 0.939530 -0.249108
vn 0.235008 0.939530 -0.249108
vn 0.235008 0.939530 -0.249108
vn 0.235102 0.939508 -0.249102
vn 0.235102 0.939508 -0.249102
vn 0.235102 0.939508 -0.249102
vn 0.033100 0.967911 -0.249103
vn 0.033100 0.967911 -0.249103
vn 0.033100 0.967911 -0.249103
vn 0.033000 0.967914 -0.249104
vn 0.033000 0.967914 -0.249104
vn 0.033000 0.967914 -0.249104
vn -0.143897 0.978479 -0.147897
vn -0.143897 0.978479 -0.147897
vn -0.143897 0.978479 -0.147897
vn -0.143907 0.978445 -0.148107
vn -0.143907 0.978445 -0.148107
vn -0.143907 0.978445 -0.148107
vn -0.248302 0.968309 0.026900
vn -0.248302 0.968309 0.026900
vn -0.248302 0.968309 0.026900
vn -0.248302 0.968309 0.026900
vn -0.252302 0.940209 0.228802
vn -0.252302 0.940209 0.228802
vn -0.252302 0.940209 0.228802
vn -0.252203 0.940211 0.228903
vn -0.252203 0.940211 0.228903
vn -0.252203 0.940211 0.228903
vn -0.154606 0.901637 0.403916
vn -0.154606 0.901637 0.403916
vn -0.154606 0.901637 0.403916
vn -0.154704 0.901623 0.403910
vn -0.154704 0.901623 0.403910
vn -0.154704 0.901623 0.403910
vn 0.018300 0.862988 0.504893
vn 0.018300 0.862988 0.504893
vn 0.018300 0.862988 0.504893
vn 0.018300 0.862988 0.504893
vn 0.220310 0.834637 0.504822
vn 0.220310 0.834637 0.504822
vn 0.220310 0.834637 0.504822
vn 0.220299 0.834594 0.504897
vn 0.220299 0.834594 0.504897
vn 0.220299 0.834594 0.504897
vn 0.397292 0.824082 0.403791
vn 0.397292 0.824082 0.403791
vn 0.397292 0.824082 0.403791
vn 0.397207 0.824115 0.403807
vn 0.397207 0.824115 0.403807
vn 0.397207 0.824115 0.403807
vn 0.501680 0.834167 0.229091
vn 0.501680 0.834167 0.229091
vn 0.501680 0.834167 0.229091
vn 0.501628 0.834247 0.228913
vn 0.501628 0.834247 0.228913
vn 0.501628 0.834247 0.228913
vn 0.706005 0.706405 -0.050500
vn 0.706005 0.706405 -0.050500
vn 0.706005 0.706405 -0.050500
vn 0.706005 0.706405 -0.050500
vn 0.551967 0.767254 -0.326580
vn 0.551967 0.767254 -0.326580
vn 0.551967 0.767254 -0.326580
vn 0.552009 0.767213 -0.326605
vn 0.552009 0.767213 -0.326605
vn 0.552009 0.767213 -0.326605
vn 0.278984 0.828251 -0.485971
vn 0.278984 0.828251 -0.485971
vn 0.278984 0.828251 -0.485971
vn 0.278984 0.828251 -0.485971
vn -0.039898 0.873060 -0.485978
vn -0.039898 0.873060 -0.485978
vn -0.039898 0.873060 -0.485978
vn -0.039898 0.873060 -0.485978
vn -0.319119 0.889653 -0.326620
vn -0.319119 0.889653 -0.326620
vn -0.319119 0.889653 -0.326620
vn -0.319091 0.889674 -0.326590
vn -0.319091 0.889674 -0.326590
vn -0.319091 0.889674 -0.326590
vn -0.484004 0.873607 -0.050500
vn -0.484004 0.873607 -0.050500
vn -0.484004 0.873607 -0.050500
vn -0.484004 0.873607 -0.050500
vn -0.490182 0.829270 0.268390
vn -0.490182 0.829270 0.268390
vn -0.490182 0.829270 0.268390
vn -0.490182 0.829270 0.268390
vn -0.336209 0.768420 0.544514
vn -0.336209 0.768420 0.544514
vn -0.336209 0.768420 0.544514
vn -0.336120 0.768445 0.544532
vn -0.336120 0.768445 0.544532
vn -0.336120 0.768445 0.544532
vn -0.063199 0.707391 0.703991
vn -0.063199 0.707391 0.703991
vn -0.063199 0.707391 0.703991
vn -0.063199 0.707391 0.703991
vn 0.255695 0.662588 0.703987
vn 0.255695 0.662588 0.703987
vn 0.255695 0.662588 0.703987
vn 0.255695 0.662588 0.703987
vn 0.534994 0.645993 0.544494
vn 0.534994 0.645993 0.544494
vn 0.534994 0.645993 0.544494
vn 0.534923 0.646028 0.544523
vn 0.534923 0.646028 0.544523
vn 0.534923 0.646028 0.544523
vn 0.699799 0.661999 0.268400
vn 0.699799 0.661999 0.268400
vn 0.699799 0.661999 0.268400
vn 0.699799 0.661999 0.268400
vn 0.854534 0.504620 -0.123005
vn 0.854534 0.504620 -0.123005
vn 0.854534 0.504620 -0.123005
vn 0.854534 0.504620 -0.123005
vn 0.655585 0.583187 -0.479689
vn 0.655585 0.583187 -0.479689
vn 0.655585 0.583187 -0.479689
vn 0.655585 0.583187 -0.479689
vn 0.303005 0.661911 -0.685611
vn 0.303005 0.661911 -0.685611
vn 0.303005 0.661911 -0.685611
vn 0.303005 0.661911 -0.685611
vn -0.108800 0.719801 -0.685601
vn -0.108800 0.719801 -0.685601
vn -0.108800 0.719801 -0.685601
vn -0.108800 0.719801 -0.685601
vn -0.469507 0.741310 -0.479607
vn -0.469507 0.741310 -0.479607
vn -0.469507 0.741310 -0.479607
vn -0.469484 0.741275 -0.479684
vn -0.469484 0.741275 -0.479684
vn -0.469484 0.741275 -0.479684
vn -0.682378 0.720577 -0.122996
vn -0.682378 0.720577 -0.122996
vn -0.682378 0.720577 -0.122996
vn -0.682325 0.720626 -0.123005
vn -0.682325 0.720626 -0.123005
vn -0.682325 0.720626 -0.123005
vn -0.690392 0.663292 0.288796
vn -0.690392 0.663292 0.288796
vn -0.690392 0.663292 0.288796
vn -0.690392 0.663292 0.288796
vn -0.491503 0.584704 0.645404
vn -0.491503 0.584704 0.645404
vn -0.491503 0.584704 0.645404
vn -0.491503 0.584704 0.645404
vn -0.138904 0.505915 0.851326
vn -0.138904 0.505915 0.851326
vn -0.138904 0.505915 0.851326
vn -0.138904 0.505915 0.851326
vn 0.272915 0.448025 0.851347
vn 0.272915 0.448025 0.851347
vn 0.272915 0.448025 0.851347
vn 0.272995 0.448092 0.851285
vn 0.272995 0.448092 0.851285
vn 0.272995 0.448092 0.851285
vn 0.633607 0.426605 0.645407
vn 0.633607 0.426605 0.645407
vn 0.633607 0.426605 0.645407
vn 0.633607 0.426605 0.645407
vn 0.846481 0.447290 0.288794
vn 0.846481 0.447290 0.288794
vn 0.846481 0.447290 0.288794
vn 0.846481 0.447290 0.288794
vn 0.943916 0.272605 -0.186303
vn 0.943916 0.272605 -0.186303
vn 0.943916 0.272605 -0.186303
vn 0.943916 0.272605 -0.186303
vn 0.714022 0.363411 -0.598419
vn 0.714022 0.363411 -0.598419
vn 0.714022 0.363411 -0.598419
vn 0.714022 0.363411 -0.598419
vn 0.306502 0.454403 -0.836406
vn 0.306502 0.454403 -0.836406
vn 0.306502 0.454403 -0.836406
vn 0.306502 0.454403 -0.836406
vn -0.169399 0.521296 -0.836394
vn -0.169399 0.521296 -0.836394
vn -0.169399 0.521296 -0.836394
vn -0.169399 0.521296 -0.836394
vn -0.586183 0.546084 -0.598483
vn -0.586183 0.546084 -0.598483
vn -0.586183 0.546084 -0.598483
vn -0.586218 0.546117 -0.598419
vn -0.586218 0.546117 -0.598419
vn -0.586218 0.546117 -0.598419
vn -0.832233 0.522221 -0.186207
vn -0.832233 0.522221 -0.186207
vn -0.832233 0.522221 -0.186207
vn -0.832218 0.522211 -0.186304
vn -0.832218 0.522211 -0.186304
vn -0.832218 0.522211 -0.186304
vn -0.841507 0.456004 0.289702
vn -0.841507 0.456004 0.289702
vn -0.841507 0.456004 0.289702
vn -0.841507 0.456004 0.289702
vn -0.611701 0.365100 0.701801
vn -0.611701 0.365100 0.701801
vn -0.611701 0.365100 0.701801
vn -0.611616 0.365209 0.701818
vn -0.611616 0.365209 0.701818
vn -0.611616 0.365209 0.701818
vn -0.204099 0.274098 0.939795
vn -0.204099 0.274098 0.939795
vn -0.204099 0.274098 0.939795
vn -0.204195 0.274093 0.939775
vn -0.204195 0.274093 0.939775
vn -0.204195 0.274093 0.939775
vn 0.271796 0.207197 0.939785
vn 0.271796 0.207197 0.939785
vn 0.271796 0.207197 0.939785
vn 0.271796 0.207197 0.939785
vn 0.688613 0.182403 0.701813
vn 0.688613 0.182403 0.701813
vn 0.688613 0.182403 0.701813
vn 0.688613 0.182403 0.701813
vn 0.934617 0.206304 0.289705
vn 0.934617 0.206304 0.289705
vn 0.934617 0.206304 0.289705
vn 0.934598 0.206400 0.289699
vn 0.934598 0.206400 0.289699
vn 0.934598 0.206400 0.289699
vn 0.971240 0.025701 -0.236710
vn 0.971240 0.025701 -0.236710
vn 0.971240 0.025701 -0.236710
vn 0.971240 0.025701 -0.236710
vn 0.725586 0.122798 -0.677087
vn 0.725586 0.122798 -0.677087
vn 0.725586 0.122798 -0.677087
vn 0.725586 0.122798 -0.677087
vn 0.290209 0.220007 -0.931330
vn 0.290209 0.220007 -0.931330
vn 0.290209 0.220007 -0.931330
vn 0.290209 0.220007 -0.931330
vn -0.218306 0.291508 -0.931325
vn -0.218306 0.291508 -0.931325
vn -0.218306 0.291508 -0.931325
vn -0.218306 0.291508 -0.931325
vn -0.663671 0.317986 -0.677071
vn -0.663671 0.317986 -0.677071
vn -0.663671 0.317986 -0.677071
vn -0.663671 0.317986 -0.677071
vn -0.926534 0.292411 -0.236709
vn -0.926534 0.292411 -0.236709
vn -0.926534 0.292411 -0.236709
vn -0.926534 0.292411 -0.236709
vn -0.936473 0.221694 0.271792
vn -0.936473 0.221694 0.271792
vn -0.936473 0.221694 0.271792
vn -0.936473 0.221694 0.271792
vn -0.690806 0.124701 0.712206
vn -0.690806 0.124701 0.712206
vn -0.690806 0.124701 0.712206
vn -0.690806 0.124701 0.712206
vn -0.255412 0.027401 0.966444
vn -0.255412 0.027401 0.966444
vn -0.255412 0.027401 0.966444
vn -0.255412 0.027401 0.966444
vn 0.253108 -0.044101 0.966432
vn 0.253108 -0.044101 0.966432
vn 0.253108 -0.044101 0.966432
vn 0.253108 -0.044101 0.966432
vn 0.698408 -0.070601 0.712209
vn 0.698408 -0.070601 0.712209
vn 0.698408 -0.070601 0.712209
vn 0.698408 -0.070601 0.712209
vn 0.961301 -0.045000 0.271800
vn 0.961301 -0.045000 0.271800
vn 0.961301 -0.045000 0.271800
vn 0.961301 -0.045000 0.271800
vn 0.960755 -0.104195 -0.257088
vn 0.960755 -0.104195 -0.257088
vn 0.960755 -0.104195 -0.257088
vn 0.960755 -0.104195 -0.257088
vn 0.713117 -0.006400 -0.701016
vn 0.713117 -0.006400 -0.701016
vn 0.713117 -0.006400 -0.701016
vn 0.713117 -0.006400 -0.701016
vn 0.274198 0.091699 -0.957291
vn 0.274198 0.091699 -0.957291
vn 0.274198 0.091699 -0.957291
vn 0.274198 0.091699 -0.957291
vn -0.238393 0.163695 -0.957273
vn -0.238393 0.163695 -0.957273
vn -0.238393 0.163695 -0.957273
vn -0.238393 0.163695 -0.957273
vn -0.687288 0.190397 -0.700988
vn -0.687288 0.190397 -0.700988
vn -0.687288 0.190397 -0.700988
vn -0.687288 0.190397 -0.700988
vn -0.952252 0.164692 -0.257087
vn -0.952252 0.164692 -0.257087
vn -0.952252 0.164692 -0.257087
vn -0.952252 0.164692 -0.257087
vn -0.962297 0.093300 0.255499
vn -0.962297 0.093300 0.255499
vn -0.962297 0.093300 0.255499
vn -0.962297 0.093300 0.255499
vn -0.714708 -0.004500 0.699408
vn -0.714708 -0.004500 0.699408
vn -0.714708 -0.004500 0.699408
vn -0.714708 -0.004500 0.699408
vn -0.275809 -0.102503 0.955731
vn -0.275809 -0.102503 0.955731
vn -0.275809 -0.102503 0.955731
vn -0.275809 -0.102503 0.955731
vn 0.236809 -0.174607 0.955737
vn 0.236809 -0.174607 0.955737
vn 0.236809 -0.174607 0.955737
vn 0.236809 -0.174607 0.955737
vn 0.685746 -0.201313 0.699447
vn 0.685746 -0.201313 0.699447
vn 0.685746 -0.201313 0.699447
vn 0.685799 -0.201300 0.699399
vn 0.685799 -0.201300 0.699399
vn 0.685799 -0.201300 0.699399
vn 0.950742 -0.175508 0.255511
vn 0.950742 -0.175508 0.255511
vn 0.950742 -0.175508 0.255511
vn 0.950742 -0.175508 0.255511
vn 0.841507 -0.456004 -0.289702
vn 0.841507 -0.456004 -0.289702
vn 0.841507 -0.456004 -0.289702
vn 0.841507 -0.456004 -0.289702
vn 0.611638 -0.365123 -0.701844
vn 0.611638 -0.365123 -0.701844
vn 0.611638 -0.365123 -0.701844
vn 0.611616 -0.365209 -0.701818
vn 0.611616 -0.365209 -0.701818
vn 0.611616 -0.365209 -0.701818
vn 0.204099 -0.274098 -0.939795
vn 0.204099 -0.274098 -0.939795
vn 0.204099 -0.274098 -0.939795
vn 0.204099 -0.274098 -0.939795
vn -0.271796 -0.207197 -0.939785
vn -0.271796 -0.207197 -0.939785
vn -0.271796 -0.207197 -0.939785
vn -0.271796 -0.207197 -0.939785
vn -0.688613 -0.182403 -0.701813
vn -0.688613 -0.182403 -0.701813
vn -0.688613 -0.182403 -0.701813
vn -0.688613 -0.182403 -0.701813
vn -0.934598 -0.206400 -0.289699
vn -0.934598 -0.206400 -0.289699
vn -0.934598 -0.206400 -0.289699
vn -0.934617 -0.206304 -0.289705
vn -0.934617 -0.206304 -0.289705
vn -0.934617 -0.206304 -0.289705
vn -0.943916 -0.272605 0.186303
vn -0.943916 -0.272605 0.186303
vn -0.943916 -0.272605 0.186303
vn -0.943934 -0.272610 0.186207
vn -0.943934 -0.272610 0.186207
vn -0.943934 -0.272610 0.186207
vn -0.714022 -0.363411 0.598419
vn -0.714022 -0.363411 0.598419
vn -0.714022 -0.363411 0.598419
vn -0.714022 -0.363411 0.598419
vn -0.306502 -0.454403 0.836406
vn -0.306502 -0.454403 0.836406
vn -0.306502 -0.454403 0.836406
vn -0.306502 -0.454403 0.836406
vn 0.169399 -0.521296 0.836394
vn 0.169399 -0.521296 0.836394
vn 0.169399 -0.521296 0.836394
vn 0.169399 -0.521296 0.836394
vn 0.586218 -0.546117 0.598419
vn 0.586218 -0.546117 0.598419
vn 0.586218 -0.546117 0.598419
vn 0.586218 -0.546117 0.598419
vn 0.832218 -0.522211 0.186304
vn 0.832218 -0.522211 0.186304
vn 0.832218 -0.522211 0.186304
vn 0.832218 -0.522211 0.186304
vn 0.690392 -0.663292 -0.288796
vn 0.690392 -0.663292 -0.288796
vn 0.690392 -0.663292 -0.288796
vn 0.690392 -0.663292 -0.288796
vn 0.491503 -0.584704 -0.645404
vn 0.491503 -0.584704 -0.645404
vn 0.491503 -0.584704 -0.645404
vn 0.491503 -0.584704 -0.645404
vn 0.138904 -0.505915 -0.851326
vn 0.138904 -0.505915 -0.851326
vn 0.138904 -0.505915 -0.851326
vn 0.138904 -0.505915 -0.851326
vn -0.272915 -0.448025 -0.851347
vn -0.272915 -0.448025 -0.851347
vn -0.272915 -0.448025 -0.851347
vn -0.272915 -0.448025 -0.851347
vn -0.633607 -0.426605 -0.645407
vn -0.633607 -0.426605 -0.645407
vn -0.633607 -0.426605 -0.645407
vn -0.633607 -0.426605 -0.645407
vn -0.846519 -0.447210 -0.288806
vn -0.846519 -0.447210 -0.288806
vn -0.846519 -0.447210 -0.288806
vn -0.846481 -0.447290 -0.288794
vn -0.846481 -0.447290 -0.288794
vn -0.846481 -0.447290 -0.288794
vn -0.854534 -0.504620 0.123005
vn -0.854534 -0.504620 0.123005
vn -0.854534 -0.504620 0.123005
vn -0.854594 -0.504496 0.123099
vn -0.854594 -0.504496 0.123099
vn -0.854594 -0.504496 0.123099
vn -0.655585 -0.583187 0.479689
vn -0.655585 -0.583187 0.479689
vn -0.655585 -0.583187 0.479689
vn -0.655616 -0.583215 0.479612
vn -0.655616 -0.583215 0.479612
vn -0.655616 -0.583215 0.479612
vn -0.302985 -0.661967 0.685566
vn -0.302985 -0.661967 0.685566
vn -0.302985 -0.661967 0.685566
vn -0.303005 -0.661911 0.685611
vn -0.303005 -0.661911 0.685611
vn -0.303005 -0.661911 0.685611
vn 0.108800 -0.719801 0.685601
vn 0.108800 -0.719801 0.685601
vn 0.108800 -0.719801 0.685601
vn 0.108800 -0.719801 0.685601
vn 0.469484 -0.741275 0.479684
vn 0.469484 -0.741275 0.479684
vn 0.469484 -0.741275 0.479684
vn 0.469519 -0.741230 0.479719
vn 0.469519 -0.741230 0.479719
vn 0.469519 -0.741230 0.479719
vn 0.682370 -0.720568 0.123095
vn 0.682370 -0.720568 0.123095
vn 0.682370 -0.720568 0.123095
vn 0.682370 -0.720568 0.123095
vn 0.490106 -0.829310 -0.268403
vn 0.490106 -0.829310 -0.268403
vn 0.490106 -0.829310 -0.268403
vn 0.490210 -0.829216 -0.268505
vn 0.490210 -0.829216 -0.268505
vn 0.490210 -0.829216 -0.268505
vn 0.336094 -0.768486 -0.544490
vn 0.336094 -0.768486 -0.544490
vn 0.336094 -0.768486 -0.544490
vn 0.336094 -0.768486 -0.544490
vn 0.063100 -0.707495 -0.703895
vn 0.063100 -0.707495 -0.703895
vn 0.063100 -0.707495 -0.703895
vn 0.063100 -0.707495 -0.703895
vn -0.255696 -0.662690 -0.703890
vn -0.255696 -0.662690 -0.703890
vn -0.255696 -0.662690 -0.703890
vn -0.255713 -0.662634 -0.703936
vn -0.255713 -0.662634 -0.703936
vn -0.255713 -0.662634 -0.703936
vn -0.534923 -0.646028 -0.544523
vn -0.534923 -0.646028 -0.544523
vn -0.534923 -0.646028 -0.544523
vn -0.534923 -0.646028 -0.544523
vn -0.699799 -0.661999 -0.268400
vn -0.699799 -0.661999 -0.268400
vn -0.699799 -0.661999 -0.268400
vn -0.699799 -0.661999 -0.268400
vn -0.706005 -0.706405 0.050500
vn -0.706005 -0.706405 0.050500
vn -0.706005 -0.706405 0.050500
vn -0.706005 -0.706405 0.050500
vn -0.551985 -0.767279 0.326491
vn -0.551985 -0.767279 0.326491
vn -0.551985 -0.767279 0.326491
vn -0.552009 -0.767213 0.326605
vn -0.552009 -0.767213 0.326605
vn -0.552009 -0.767213 0.326605
vn -0.278914 -0.828243 0.486025
vn -0.278914 -0.828243 0.486025
vn -0.278914 -0.828243 0.486025
vn -0.278984 -0.828251 0.485971
vn -0.278984 -0.828251 0.485971
vn -0.278984 -0.828251 0.485971
vn 0.039802 -0.873040 0.486022
vn 0.039802 -0.873040 0.486022
vn 0.039802 -0.873040 0.486022
vn 0.039902 -0.873036 0.486020
vn 0.039902 -0.873036 0.486020
vn 0.039902 -0.873036 0.486020
vn 0.319180 -0.889646 0.326580
vn 0.319180 -0.889646 0.326580
vn 0.319180 -0.889646 0.326580
vn 0.319091 -0.889674 0.326590
vn 0.319091 -0.889674 0.326590
vn 0.319091 -0.889674 0.326590
vn 0.484004 -0.873607 0.050500
vn 0.484004 -0.873607 0.050500
vn 0.484004 -0.873607 0.050500
vn 0.484004 -0.873607 0.050500
vn 0.252315 -0.940154 -0.229013
vn 0.252315 -0.940154 -0.229013
vn 0.252315 -0.940154 -0.229013
vn 0.252209 -0.940233 -0.228808
vn 0.252209 -0.940233 -0.228808
vn 0.252209 -0.940233 -0.228808
vn 0.154801 -0.901609 -0.403904
vn 0.154801 -0.901609 -0.403904
vn 0.154801 -0.901609 -0.403904
vn 0.154698 -0.901586 -0.403994
vn 0.154698 -0.901586 -0.403994
vn 0.154698 -0.901586 -0.403994
vn -0.018299 -0.862944 -0.504968
vn -0.018299 -0.862944 -0.504968
vn -0.018299 -0.862944 -0.504968
vn -0.018200 -0.862990 -0.504894
vn -0.018200 -0.862990 -0.504894
vn -0.018200 -0.862990 -0.504894
vn -0.220299 -0.834594 -0.504897
vn -0.220299 -0.834594 -0.504897
vn -0.220299 -0.834594 -0.504897
vn -0.220306 -0.834522 -0.505013
vn -0.220306 -0.834522 -0.505013
vn -0.220306 -0.834522 -0.505013
vn -0.397191 -0.824082 -0.403891
vn -0.397191 -0.824082 -0.403891
vn -0.397191 -0.824082 -0.403891
vn -0.397308 -0.824017 -0.403908
vn -0.397308 -0.824017 -0.403908
vn -0.397308 -0.824017 -0.403908
vn -0.501586 -0.834277 -0.228894
vn -0.501586 -0.834277 -0.228894
vn -0.501586 -0.834277 -0.228894
vn -0.501586 -0.834277 -0.228894
vn -0.505621 -0.862336 -0.026901
vn -0.505621 -0.862336 -0.026901
vn -0.505621 -0.862336 -0.026901
vn -0.505576 -0.862359 -0.026999
vn -0.505576 -0.862359 -0.026999
vn -0.505576 -0.862359 -0.026999
vn -0.407996 -0.900892 0.148099
vn -0.407996 -0.900892 0.148099
vn -0.407996 -0.900892 0.148099
vn -0.408086 -0.900868 0.147995
vn -0.408086 -0.900868 0.147995
vn -0.408086 -0.900868 0.147995
vn -0.235102 -0.939508 0.249102
vn -0.235102 -0.939508 0.249102
vn -0.235102 -0.939508 0.249102
vn -0.235008 -0.939530 0.249108
vn -0.235008 -0.939530 0.249108
vn -0.235008 -0.939530 0.249108
vn -0.033000 -0.967914 0.249104
vn -0.033000 -0.967914 0.249104
vn -0.033000 -0.967914 0.249104
vn -0.033100 -0.967911 0.249103
vn -0.033100 -0.967911 0.249103
vn -0.033100 -0.967911 0.249103
vn 0.143893 -0.978450 0.148092
vn 0.143893 -0.978450 0.148092
vn 0.143893 -0.978450 0.148092
vn 0.144007 -0.978446 0.148007
vn 0.144007 -0.978446 0.148007
vn 0.144007 -0.978446 0.148007
vn 0.248302 -0.968309 -0.026900
vn 0.248302 -0.968309 -0.026900
vn 0.248302 -0.968309 -0.026900
vn 0.248302 -0.968309 -0.026900
vn -0.006700 -0.985004 -0.172401
vn -0.006700 -0.985004 -0.172401
vn -0.006700 -0.985004 -0.172401
vn -0.040199 -0.971767 -0.232492
vn -0.040199 -0.971767 -0.232492
vn -0.040199 -0.971767 -0.232492
vn -0.099405 -0.958552 -0.267014
vn -0.099405 -0.958552 -0.267014
vn -0.099405 -0.958552 -0.267014
vn -0.168703 -0.948814 -0.267004
vn -0.168703 -0.948814 -0.267004
vn -0.168703 -0.948814 -0.267004
vn -0.229301 -0.945204 -0.232401
vn -0.229301 -0.945204 -0.232401
vn -0.229301 -0.945204 -0.232401
vn -0.265091 -0.948669 -0.172494
vn -0.265091 -0.948669 -0.172494
vn -0.265091 -0.948669 -0.172494
vn -0.266400 -0.958300 -0.103400
vn -0.266400 -0.958300 -0.103400
vn -0.266400 -0.958300 -0.103400
vn -0.233002 -0.971507 -0.043400
vn -0.233002 -0.971507 -0.043400
vn -0.233002 -0.971507 -0.043400
vn -0.173693 -0.984761 -0.008700
vn -0.173693 -0.984761 -0.008700
vn -0.173693 -0.984761 -0.008700
vn -0.104499 -0.994487 -0.008700
vn -0.104499 -0.994487 -0.008700
vn -0.104499 -0.994487 -0.008700
vn -0.043800 -0.998097 -0.043400
vn -0.043800 -0.998097 -0.043400
vn -0.043800 -0.998097 -0.043400
vn -0.008000 -0.994618 -0.103302
vn -0.008000 -0.994618 -0.103302
vn -0.008000 -0.994618 -0.103302
vn 0.160005 -0.981633 -0.103903
vn 0.160005 -0.981633 -0.103903
vn 0.160005 -0.981633 -0.103903
vn 0.160103 -0.981617 -0.103902
vn 0.160103 -0.981617 -0.103902
vn 0.160103 -0.981617 -0.103902
vn 0.160005 -0.981633 -0.103903
vn 0.160005 -0.981633 -0.103903
vn 0.160005 -0.981633 -0.103903
vn 0.160103 -0.981617 -0.103902
vn 0.160103 -0.981617 -0.103902
vn 0.160005 -0.981633 -0.103903
vn 0.160005 -0.981633 -0.103903
vn 0.160005 -0.981633 -0.103903
vn 0.160005 -0.981633 -0.103903
vn 0.160005 -0.981633 -0.103903
vn 0.160005 -0.981633 -0.103903
vn 0.160005 -0.981633 -0.103903
vn 0.160005 -0.981633 -0.103903
vn 0.160005 -0.981633 -0.103903
vn 0.160005 -0.981633 -0.103903
vn 0.160005 -0.981633 -0.103903
vn 0.160005 -0.981633 -0.103903
vn 0.160005 -0.981633 -0.103903
vn 0.160004 -0.981622 -0.104002
vn 0.160004 -0.981622 -0.104002
vn 0.160004 -0.981622 -0.104002
vn 0.160005 -0.981633 -0.103903
vn 0.160005 -0.981633 -0.103903
vn 0.160005 -0.981633 -0.103903
vn 0.160101 -0.981607 -0.104001
vn 0.160101 -0.981607 -0.104001
vn 0.160101 -0.981607 -0.104001
vn 0.160005 -0.981633 -0.103903
vn 0.160005 -0.981633 -0.103903
vn 0.745126 0.189207 -0.639522
vn 0.745126 0.189207 -0.639522
vn 0.745126 0.189207 -0.639522
vn 0.745126 0.189207 -0.639522
vn 0.552181 0.176294 -0.814872
vn 0.552181 0.176294 -0.814872
vn 0.552181 0.176294 -0.814872
vn 0.552181 0.176294 -0.814872
vn 0.321598 0.151399 -0.934694
vn 0.321598 0.151399 -0.934694
vn 0.321598 0.151399 -0.934694
vn 0.321598 0.151399 -0.934694
vn 0.069101 0.116202 -0.990819
vn 0.069101 0.116202 -0.990819
vn 0.069101 0.116202 -0.990819
vn 0.069101 0.116202 -0.990819
vn -0.188106 0.073002 -0.979432
vn -0.188106 0.073002 -0.979432
vn -0.188106 0.073002 -0.979432
vn -0.188106 0.073002 -0.979432
vn -0.432496 0.024900 -0.901292
vn -0.432496 0.024900 -0.901292
vn -0.432496 0.024900 -0.901292
vn -0.432496 0.024900 -0.901292
vn -0.647422 -0.024901 -0.761725
vn -0.647422 -0.024901 -0.761725
vn -0.647422 -0.024901 -0.761725
vn -0.647422 -0.024901 -0.761725
vn -0.818237 -0.073003 -0.570226
vn -0.818237 -0.073003 -0.570226
vn -0.818237 -0.073003 -0.570226
vn -0.818237 -0.073003 -0.570226
vn -0.933261 -0.116195 -0.339886
vn -0.933261 -0.116195 -0.339886
vn -0.933261 -0.116195 -0.339886
vn -0.933261 -0.116195 -0.339886
vn -0.984690 -0.151398 -0.086399
vn -0.984690 -0.151398 -0.086399
vn -0.984690 -0.151398 -0.086399
vn -0.984690 -0.151398 -0.086399
vn -0.969014 -0.176303 0.173002
vn -0.969014 -0.176303 0.173002
vn -0.969014 -0.176303 0.173002
vn -0.969014 -0.176303 0.173002
vn -0.887299 -0.189200 0.420600
vn -0.887299 -0.189200 0.420600
vn -0.887299 -0.189200 0.420600
vn -0.887299 -0.189200 0.420600
vn -0.745126 -0.189207 0.639522
vn -0.745126 -0.189207 0.639522
vn -0.745126 -0.189207 0.639522
vn -0.745126 -0.189207 0.639522
vn -0.552181 -0.176294 0.814872
vn -0.552181 -0.176294 0.814872
vn -0.552181 -0.176294 0.814872
vn -0.552181 -0.176294 0.814872
vn -0.321598 -0.151399 0.934694
vn -0.321598 -0.151399 0.934694
vn -0.321598 -0.151399 0.934694
vn -0.321598 -0.151399 0.934694
vn -0.069101 -0.116202 0.990819
vn -0.069101 -0.116202 0.990819
vn -0.069101 -0.116202 0.990819
vn -0.069101 -0.116202 0.990819
vn 0.188106 -0.073002 0.979432
vn 0.188106 -0.073002 0.979432
vn 0.188106 -0.073002 0.979432
vn 0.188106 -0.073002 0.979432
vn 0.432496 -0.024900 0.901292
vn 0.432496 -0.024900 0.901292
vn 0.432496 -0.024900 0.901292
vn 0.432496 -0.024900 0.901292
vn 0.647422 0.024901 0.761725
vn 0.647422 0.024901 0.761725
vn 0.647422 0.024901 0.761725
vn 0.647422 0.024901 0.761725
vn 0.818237 0.073003 0.570226
vn 0.818237 0.073003 0.570226
vn 0.818237 0.073003 0.570226
vn 0.818237 0.073003 0.570226
vn 0.933261 0.116195 0.339886
vn 0.933261 0.116195 0.339886
vn 0.933261 0.116195 0.339886
vn 0.933261 0.116195 0.339886
vn 0.984690 0.151398 0.086399
vn 0.984690 0.151398 0.086399
vn 0.984690 0.151398 0.086399
vn 0.984690 0.151398 0.086399
vn 0.969014 0.176303 -0.173002
vn 0.969014 0.176303 -0.173002
vn 0.969014 0.176303 -0.173002
vn 0.969014 0.176303 -0.173002
vn 0.887299 0.189200 -0.420600
vn 0.887299 0.189200 -0.420600
vn 0.887299 0.189200 -0.420600
vn 0.887299 0.189200 -0.420600
vn -0.160005 0.981633 0.103903
vn -0.160005 0.981633 0.103903
vn -0.160005 0.981633 0.103903
vn -0.160101 0.981607 0.104001
vn -0.160101 0.981607 0.104001
vn -0.160101 0.981607 0.104001
vn -0.160005 0.981633 0.103903
vn -0.160005 0.981633 0.103903
vn -0.160004 0.981622 0.104002
vn -0.160004 0.981622 0.104002
vn -0.160004 0.981622 0.104002
vn -0.160005 0.981633 0.103903
vn -0.160005 0.981633 0.103903
vn -0.160005 0.981633 0.103903
vn -0.160005 0.981633 0.103903
vn -0.160005 0.981633 0.103903
vn -0.160005 0.981633 0.103903
vn -0.160005 0.981633 0.103903
vn -0.160005 0.981633 0.103903
vn -0.160005 0.981633 0.103903
vn -0.160005 0.981633 0.103903
vn -0.160005 0.981633 0.103903
vn -0.160005 0.981633 0.103903
vn -0.160005 0.981633 0.103903
vn -0.160005 0.981633 0.103903
vn -0.160005 0.981633 0.103903
vn -0.160103 0.981617 0.103902
vn -0.160103 0.981617 0.103902
vn -0.160103 0.981617 0.103902
vn -0.160005 0.981633 0.103903
vn -0.160005 0.981633 0.103903
vn -0.160103 0.981617 0.103902
vn -0.160103 0.981617 0.103902
vn -0.160005 0.981633 0.103903
vn -0.160005 0.981633 0.103903
vn -0.964662 -0.261590 0.031599
vn -0.964662 -0.261590 0.031599
vn -0.964662 -0.261590 0.031599
vn -0.964662 -0.261590 0.031599
vn -0.960527 -0.261607 0.094603
vn -0.960527 -0.261607 0.094603
vn -0.960527 -0.261607 0.094603
vn -0.960527 -0.261607 0.094603
vn -0.952290 -0.261597 0.157198
vn -0.952290 -0.261597 0.157198
vn -0.952290 -0.261597 0.157198
vn -0.952290 -0.261597 0.157198
vn -0.939961 -0.261589 0.219191
vn -0.939961 -0.261589 0.219191
vn -0.939961 -0.261589 0.219191
vn -0.939961 -0.261589 0.219191
vn -0.923608 -0.261602 0.280202
vn -0.923608 -0.261602 0.280202
vn -0.923608 -0.261602 0.280202
vn -0.923608 -0.261602 0.280202
vn -0.903307 -0.261602 0.340003
vn -0.903307 -0.261602 0.340003
vn -0.903307 -0.261602 0.340003
vn -0.903307 -0.261602 0.340003
vn -0.879147 -0.261614 0.398321
vn -0.879147 -0.261614 0.398321
vn -0.879147 -0.261614 0.398321
vn -0.879147 -0.261614 0.398321
vn -0.851200 -0.261600 0.455000
vn -0.851200 -0.261600 0.455000
vn -0.851200 -0.261600 0.455000
vn -0.851200 -0.261600 0.455000
vn -0.819611 -0.261604 0.509707
vn -0.819611 -0.261604 0.509707
vn -0.819611 -0.261604 0.509707
vn -0.819611 -0.261604 0.509707
vn -0.784522 -0.261607 0.562216
vn -0.784522 -0.261607 0.562216
vn -0.784522 -0.261607 0.562216
vn -0.784522 -0.261607 0.562216
vn -0.746096 -0.261599 0.612297
vn -0.746096 -0.261599 0.612297
vn -0.746096 -0.261599 0.612297
vn -0.746096 -0.261599 0.612297
vn -0.704468 -0.261588 0.659770
vn -0.704468 -0.261588 0.659770
vn -0.704468 -0.261588 0.659770
vn -0.704468 -0.261588 0.659770
vn -0.659770 -0.261588 0.704468
vn -0.659770 -0.261588 0.704468
vn -0.659770 -0.261588 0.704468
vn -0.659770 -0.261588 0.704468
vn -0.612297 -0.261599 0.746096
vn -0.612297 -0.261599 0.746096
vn -0.612297 -0.261599 0.746096
vn -0.612297 -0.261599 0.746096
vn -0.562216 -0.261607 0.784522
vn -0.562216 -0.261607 0.784522
vn -0.562216 -0.261607 0.784522
vn -0.562216 -0.261607 0.784522
vn -0.509707 -0.261604 0.819611
vn -0.509707 -0.261604 0.819611
vn -0.509707 -0.261604 0.819611
vn -0.509707 -0.261604 0.819611
vn -0.455000 -0.261600 0.851200
vn -0.455000 -0.261600 0.851200
vn -0.455000 -0.261600 0.851200
vn -0.455000 -0.261600 0.851200
vn -0.398321 -0.261614 0.879147
vn -0.398321 -0.261614 0.879147
vn -0.398321 -0.261614 0.879147
vn -0.398321 -0.261614 0.879147
vn -0.340003 -0.261602 0.903307
vn -0.340003 -0.261602 0.903307
vn -0.340003 -0.261602 0.903307
vn -0.340003 -0.261602 0.903307
vn -0.280202 -0.261602 0.923608
vn -0.280202 -0.261602 0.923608
vn -0.280202 -0.261602 0.923608
vn -0.280202 -0.261602 0.923608
vn -0.219191 -0.261589 0.939961
vn -0.219191 -0.261589 0.939961
vn -0.219191 -0.261589 0.939961
vn -0.219191 -0.261589 0.939961
vn -0.157198 -0.261597 0.952290
vn -0.157198 -0.261597 0.952290
vn -0.157198 -0.261597 0.952290
vn -0.157198 -0.261597 0.952290
vn -0.094603 -0.261607 0.960527
vn -0.094603 -0.261607 0.960527
vn -0.094603 -0.261607 0.960527
vn -0.094603 -0.261607 0.960527
vn -0.031599 -0.261590 0.964662
vn -0.031599 -0.261590 0.964662
vn -0.031599 -0.261590 0.964662
vn -0.031599 -0.261590 0.964662
vn 0.031599 -0.261590 0.964662
vn 0.031599 -0.261590 0.964662
vn 0.031599 -0.261590 0.964662
vn 0.031599 -0.261590 0.964662
vn 0.094603 -0.261607 0.960527
vn 0.094603 -0.261607 0.960527
vn 0.094603 -0.261607 0.960527
vn 0.094603 -0.261607 0.960527
vn 0.157198 -0.261597 0.952290
vn 0.157198 -0.261597 0.952290
vn 0.157198 -0.261597 0.952290
vn 0.157198 -0.261597 0.952290
vn 0.219191 -0.261589 0.939961
vn 0.219191 -0.261589 0.939961
vn 0.219191 -0.261589 0.939961
vn 0.219191 -0.261589 0.939961
vn 0.280202 -0.261602 0.923608
vn 0.280202 -0.261602 0.923608
vn 0.280202 -0.261602 0.923608
vn 0.280202 -0.261602 0.923608
vn 0.340003 -0.261602 0.903307
vn 0.340003 -0.261602 0.903307
vn 0.340003 -0.261602 0.903307
vn 0.340003 -0.261602 0.903307
vn 0.398321 -0.261614 0.879147
vn 0.398321 -0.261614 0.879147
vn 0.398321 -0.261614 0.879147
vn 0.398321 -0.261614 0.879147
vn 0.455000 -0.261600 0.851200
vn 0.455000 -0.261600 0.851200
vn 0.455000 -0.261600 0.851200
vn 0.455000 -0.261600 0.851200
vn 0.509707 -0.261604 0.819611
vn 0.509707 -0.261604 0.819611
vn 0.509707 -0.261604 0.819611
vn 0.509707 -0.261604 0.819611
vn 0.562216 -0.261607 0.784522
vn 0.562216 -0.261607 0.784522
vn 0.562216 -0.261607 0.784522
vn 0.562216 -0.261607 0.784522
vn 0.612297 -0.261599 0.746096
vn 0.612297 -0.261599 0.746096
vn 0.612297 -0.261599 0.746096
vn 0.612297 -0.261599 0.746096
vn 0.659770 -0.261588 0.704468
vn 0.659770 -0.261588 0.704468
vn 0.659770 -0.261588 0.704468
vn 0.659770 -0.261588 0.704468
vn 0.704468 -0.261588 0.659770
vn 0.704468 -0.261588 0.659770
vn 0.704468 -0.261588 0.659770
vn 0.704468 -0.261588 0.659770
vn 0.746096 -0.261599 0.612297
vn 0.746096 -0.261599 0.612297
vn 0.746096 -0.261599 0.612297
vn 0.746096 -0.261599 0.612297
vn 0.784522 -0.261607 0.562216
vn 0.784522 -0.261607 0.562216
vn 0.784522 -0.261607 0.562216
vn 0.784522 -0.261607 0.562216
vn 0.819611 -0.261604 0.509707
vn 0.819611 -0.261604 0.509707
vn 0.819611 -0.261604 0.509707
vn 0.819611 -0.261604 0.509707
vn 0.851200 -0.261600 0.455000
vn 0.851200 -0.261600 0.455000
vn 0.851200 -0.261600 0.455000
vn 0.851200 -0.261600 0.455000
vn 0.879147 -0.261614 0.398321
vn 0.879147 -0.261614 0.398321
vn 0.879147 -0.261614 0.398321
vn 0.879147 -0.261614 0.398321
vn 0.903307 -0.261602 0.340003
vn 0.903307 -0.261602 0.340003
vn 0.903307 -0.261602 0.340003
vn 0.903307 -0.261602 0.340003
vn 0.923608 -0.261602 0.280202
vn 0.923608 -0.261602 0.280202
vn 0.923608 -0.261602 0.280202
vn 0.923608 -0.261602 0.280202
vn 0.939961 -0.261589 0.219191
vn 0.939961 -0.261589 0.219191
vn 0.939961 -0.261589 0.219191
vn 0.939961 -0.261589 0.219191
vn 0.952290 -0.261597 0.157198
vn 0.952290 -0.261597 0.157198
vn 0.952290 -0.261597 0.157198
vn 0.952290 -0.261597 0.157198
vn 0.960527 -0.261607 0.094603
vn 0.960527 -0.261607 0.094603
vn 0.960527 -0.261607 0.094603
vn 0.960527 -0.261607 0.094603
vn 0.964662 -0.261590 0.031599
vn 0.964662 -0.261590 0.031599
vn 0.964662 -0.261590 0.031599
vn 0.964662 -0.261590 0.031599
vn 0.964662 -0.261590 -0.031599
vn 0.964662 -0.261590 -0.031599
vn 0.964662 -0.261590 -0.031599
vn 0.964662 -0.261590 -0.031599
vn 0.960527 -0.261607 -0.094603
vn 0.960527 -0.261607 -0.094603
vn 0.960527 -0.261607 -0.094603
vn 0.960527 -0.261607 -0.094603
vn 0.952290 -0.261597 -0.157198
vn 0.952290 -0.261597 -0.157198
vn 0.952290 -0.261597 -0.157198
vn 0.952290 -0.261597 -0.157198
vn 0.939961 -0.261589 -0.219191
vn 0.939961 -0.261589 -0.219191
vn 0.939961 -0.261589 -0.219191
vn 0.939961 -0.261589 -0.219191
vn 0.923608 -0.261602 -0.280202
vn 0.923608 -0.261602 -0.280202
vn 0.923608 -0.261602 -0.280202
vn 0.923608 -0.261602 -0.280202
vn 0.903307 -0.261602 -0.340003
vn 0.903307 -0.261602 -0.340003
vn 0.903307 -0.261602 -0.340003
vn 0.903307 -0.261602 -0.340003
vn 0.879147 -0.261614 -0.398321
vn 0.879147 -0.261614 -0.398321
vn 0.879147 -0.261614 -0.398321
vn 0.879147 -0.261614 -0.398321
vn 0.851200 -0.261600 -0.455000
vn 0.851200 -0.261600 -0.455000
vn 0.851200 -0.261600 -0.455000
vn 0.851200 -0.261600 -0.455000
vn 0.819611 -0.261604 -0.509707
vn 0.819611 -0.261604 -0.509707
vn 0.819611 -0.261604 -0.509707
vn 0.819611 -0.261604 -0.509707
vn 0.784522 -0.261607 -0.562216
vn 0.784522 -0.261607 -0.562216
vn 0.784522 -0.261607 -0.562216
vn 0.784522 -0.261607 -0.562216
vn 0.746096 -0.261599 -0.612297
vn 0.746096 -0.261599 -0.612297
vn 0.746096 -0.261599 -0.612297
vn 0.746096 -0.261599 -0.612297
vn 0.704468 -0.261588 -0.659770
vn 0.704468 -0.261588 -0.659770
vn 0.704468 -0.261588 -0.659770
vn 0.704468 -0.261588 -0.659770
vn 0.659770 -0.261588 -0.704468
vn 0.659770 -0.261588 -0.704468
vn 0.659770 -0.261588 -0.704468
vn 0.659770 -0.261588 -0.704468
vn 0.612297 -0.261599 -0.746096
vn 0.612297 -0.261599 -0.746096
vn 0.612297 -0.261599 -0.746096
vn 0.612297 -0.261599 -0.746096
vn 0.562216 -0.261607 -0.784522
vn 0.562216 -0.261607 -0.784522
vn 0.562216 -0.261607 -0.784522
vn 0.562216 -0.261607 -0.784522
vn 0.509707 -0.261604 -0.819611
vn 0.509707 -0.261604 -0.819611
vn 0.509707 -0.261604 -0.819611
vn 0.509707 -0.261604 -0.819611
vn 0.455000 -0.261600 -0.851200
vn 0.455000 -0.261600 -0.851200
vn 0.455000 -0.261600 -0.851200
vn 0.455000 -0.261600 -0.851200
vn 0.398321 -0.261614 -0.879147
vn 0.398321 -0.261614 -0.879147
vn 0.398321 -0.261614 -0.879147
vn 0.398321 -0.261614 -0.879147
vn 0.340003 -0.261602 -0.903307
vn 0.340003 -0.261602 -0.903307
vn 0.340003 -0.261602 -0.903307
vn 0.340003 -0.261602 -0.903307
vn 0.280202 -0.261602 -0.923608
vn 0.280202 -0.261602 -0.923608
vn 0.280202 -0.261602 -0.923608
vn 0.280202 -0.261602 -0.923608
vn 0.219191 -0.261589 -0.939961
vn 0.219191 -0.261589 -0.939961
vn 0.219191 -0.261589 -0.939961
vn 0.219191 -0.261589 -0.939961
vn 0.157198 -0.261597 -0.952290
vn 0.157198 -0.261597 -0.952290
vn 0.157198 -0.261597 -0.952290
vn 0.157198 -0.261597 -0.952290
vn 0.094603 -0.261607 -0.960527
vn 0.094603 -0.261607 -0.960527
vn 0.094603 -0.261607 -0.960527
vn 0.094603 -0.261607 -0.960527
vn 0.031599 -0.261590 -0.964662
vn 0.031599 -0.261590 -0.964662
vn 0.031599 -0.261590 -0.964662
vn 0.031599 -0.261590 -0.964662
vn -0.031599 -0.261590 -0.964662
vn -0.031599 -0.261590 -0.964662
vn -0.031599 -0.261590 -0.964662
vn -0.031599 -0.261590 -0.964662
vn -0.094603 -0.261607 -0.960527
vn -0.094603 -0.261607 -0.960527
vn -0.094603 -0.261607 -0.960527
vn -0.094603 -0.261607 -0.960527
vn -0.157198 -0.261597 -0.952290
vn -0.157198 -0.261597 -0.952290
vn -0.157198 -0.261597 -0.952290
vn -0.157198 -0.261597 -0.952290
vn -0.219191 -0.261589 -0.939961
vn -0.219191 -0.261589 -0.939961
vn -0.219191 -0.261589 -0.939961
vn -0.219191 -0.261589 -0.939961
vn -0.280202 -0.261602 -0.923608
vn -0.280202 -0.261602 -0.923608
vn -0.280202 -0.261602 -0.923608
vn -0.280202 -0.261602 -0.923608
vn -0.340003 -0.261602 -0.903307
vn -0.340003 -0.261602 -0.903307
vn -0.340003 -0.261602 -0.903307
vn -0.340003 -0.261602 -0.903307
vn -0.398321 -0.261614 -0.879147
vn -0.398321 -0.261614 -0.879147
vn -0.398321 -0.261614 -0.879147
vn -0.398321 -0.261614 -0.879147
vn -0.455000 -0.261600 -0.851200
vn -0.455000 -0.261600 -0.851200
vn -0.455000 -0.261600 -0.851200
vn -0.455000 -0.261600 -0.851200
vn -0.509707 -0.261604 -0.819611
vn -0.509707 -0.261604 -0.819611
vn -0.509707 -0.261604 -0.819611
vn -0.509707 -0.261604 -0.819611
vn -0.562216 -0.261607 -0.784522
vn -0.562216 -0.261607 -0.784522
vn -0.562216 -0.261607 -0.784522
vn -0.562216 -0.261607 -0.784522
vn -0.612297 -0.261599 -0.746096
vn -0.612297 -0.261599 -0.746096
vn -0.612297 -0.261599 -0.746096
vn -0.612297 -0.261599 -0.746096
vn -0.659770 -0.261588 -0.704468
vn -0.659770 -0.261588 -0.704468
vn -0.659770 -0.261588 -0.704468
vn -0.659770 -0.261588 -0.704468
vn -0.704468 -0.261588 -0.659770
vn -0.704468 -0.261588 -0.659770
vn -0.704468 -0.261588 -0.659770
vn -0.704468 -0.261588 -0.659770
vn -0.746096 -0.261599 -0.612297
vn -0.746096 -0.261599 -0.612297
vn -0.746096 -0.261599 -0.612297
vn -0.746096 -0.261599 -0.612297
vn -0.784522 -0.261607 -0.562216
vn -0.784522 -0.261607 -0.562216
vn -0.784522 -0.261607 -0.562216
vn -0.784522 -0.261607 -0.562216
vn -0.819611 -0.261604 -0.509707
vn -0.819611 -0.261604 -0.509707
vn -0.819611 -0.261604 -0.509707
vn -0.819611 -0.261604 -0.509707
vn -0.851200 -0.261600 -0.455000
vn -0.851200 -0.261600 -0.455000
vn -0.851200 -0.261600 -0.455000
vn -0.851200 -0.261600 -0.455000
vn -0.879147 -0.261614 -0.398321
vn -0.879147 -0.261614 -0.398321
vn -0.879147 -0.261614 -0.398321
vn -0.879147 -0.261614 -0.398321
vn -0.903307 -0.261602 -0.340003
vn -0.903307 -0.261602 -0.340003
vn -0.903307 -0.261602 -0.340003
vn -0.903307 -0.261602 -0.340003
vn -0.923608 -0.261602 -0.280202
vn -0.923608 -0.261602 -0.280202
vn -0.923608 -0.261602 -0.280202
vn -0.923608 -0.261602 -0.280202
vn -0.939961 -0.261589 -0.219191
vn -0.939961 -0.261589 -0.219191
vn -0.939961 -0.261589 -0.219191
vn -0.939961 -0.261589 -0.219191
vn -0.952290 -0.261597 -0.157198
vn -0.952290 -0.261597 -0.157198
vn -0.952290 -0.261597 -0.157198
vn -0.952290 -0.261597 -0.157198
vn -0.960527 -0.261607 -0.094603
vn -0.960527 -0.261607 -0.094603
vn -0.960527 -0.261607 -0.094603
vn -0.960527 -0.261607 -0.094603
vn -0.964662 -0.261590 -0.031599
vn -0.964662 -0.261590 -0.031599
vn -0.964662 -0.261590 -0.031599
vn -0.964662 -0.261590 -0.031599
vn 0.000000 1.000000 0.000000
vn 0.000000 1.000000 0.000000
vn 0.000000 1.000000 0.000000
vn 0.000000 1.000000 0.000000
vn 0.000000 1.000000 0.000000
vn 0.000000 1.000000 0.000000
vn 0.000000 1.000000 0.000000
vn 0.000000 1.000000 0.000000
vn 0.000000 1.000000 0.000000
vn 0.000000 1.000000 0.000000
vn 0.000000 1.000000 0.000000
vn 0.000000 1.000000 0.000000
vn 0.000000 1.000000 0.000000
vn 0.000000 1.000000 0.000000
vn 0.000000 1.000000 0.000000
vn 0.000000 1.000000 0.000000
vn 0.000000 1.000000 0.000000
vn 0.000000 1.000000 0.000000
vn 0.000000 1.000000 0.000000
vn 0.000000 1.000000 0.000000
vn 0.000000 1.000000 0.000000
vn 0.000000 1.000000 0.000000
vn 0.000000 1.000000 0.000000
vn 0.000000 1.000000 0.000000
vn 0.000000 1.000000 0.000000
vn 0.000000 1.000000 0.000000
vn 0.000000 1.000000 0.000000
vn 0.000000 1.000000 0.000000
vn 0.000000 1.000000 0.000000
vn 0.000000 1.000000 0.000000
vn 0.000000 1.000000 0.000000
vn 0.000000 1.000000 0.000000
vn 0.000000 1.000000 0.000000
vn 0.000000 1.000000 0.000000
vn 0.000000 1.000000 0.000000
vn 0.000000 1.000000 0.000000
vn 0.000000 1.000000 0.000000
vn 0.000000 1.000000 0.000000
vn 0.000000 1.000000 0.000000
vn 0.000000 1.000000 0.000000
vn 0.000000 1.000000 0.000000
vn 0.000000 1.000000 0.000000
vn 0.000000 1.000000 0.000000
vn 0.000000 1.000000 0.000000
vn 0.000000 1.000000 0.000000
vn 0.000000 1.000000 0.000000
vn 0.000000 1.000000 0.000000
vn 0.000000 1.000000 0.000000
vn 0.000000 -1.000000 0.000000
vn 0.000000 -1.000000 0.000000
vn 0.000000 -1.000000 0.000000
vn 0.000000 -1.000000 0.000000
vn 0.000000 -1.000000 0.000000
vn 0.000000 -1.000000 0.000000
vn 0.000000 -1.000000 0.000000
vn 0.000000 -1.000000 0.000000
vn 0.000000 -1.000000 0.000000
vn 0.000000 -1.000000 0.000000
vn 0.000000 -1.000000 0.000000
vn 0.000000 -1.000000 0.000000
vn 0.000000 -1.000000 0.000000
vn 0.000000 -1.000000 0.000000
vn 0.000000 -1.000000 0.000000
vn 0.000000 -1.000000 0.000000
vn 0.000000 -1.000000 0.000000
vn 0.000000 -1.000000 0.000000
vn 0.000000 -1.000000 0.000000
vn 0.000000 -1.000000 0.000000
vn 0.000000 -1.000000 0.000000
vn 0.000000 -1.000000 0.000000
vn 0.000000 -1.000000 0.000000
vn 0.000000 -1.000000 0.000000
vn 0.000000 -1.000000 0.000000
vn 0.000000 -1.000000 0.000000
vn 0.000000 -1.000000 0.000000
vn 0.000000 -1.000000 0.000000
vn 0.000000 -1.000000 0.000000
vn 0.000000 -1.000000 0.000000
vn 0.000000 -1.000000 0.000000
vn 0.000000 -1.000000 0.000000
vn 0.000000 -1.000000 0.000000
vn 0.000000 -1.000000 0.000000
vn 0.000000 -1.000000 0.000000
vn 0.000000 -1.000000 0.000000
vn 0.000000 -1.000000 0.000000
vn 0.000000 -1.000000 0.000000
vn 0.000000 -1.000000 0.000000
vn 0.000000 -1.000000 0.000000
vn 0.000000 -1.000000 0.000000
vn 0.000000 -1.000000 0.000000
vn 0.000000 -1.000000 0.000000
vn 0.000000 -1.000000 0.000000
vn 0.000000 -1.000000 0.000000
vn 0.000000 -1.000000 0.000000
vn 0.000000 -1.000000 0.000000
vn 0.000000 -1.000000 0.000000
vn 0.000000 -1.000000 0.000000
vn 0.000000 -1.000000 0.000000
vn 0.000000 -1.000000 0.000000
vn 0.000000 -1.000000 0.000000
vn 0.000000 -1.000000 0.000000
vn 0.000000 -1.000000 0.000000
vn 0.000000 -1.000000 0.000000
vn 0.000000 -1.000000 0.000000
vn 0.000000 -1.000000 0.000000
vn 0.000000 -1.000000 0.000000
vn 0.000000 -1.000000 0.000000
vn 0.000000 -1.000000 0.000000
vn 0.000000 -1.000000 0.000000
vn 0.000000 -1.000000 0.000000
vn 0.000000 -1.000000 0.000000
vn 0.000000 -1.000000 0.000000
vn 0.000000 -1.000000 0.000000
vn 0.000000 -1.000000 0.000000
vn 0.000000 -1.000000 0.000000
vn 0.000000 -1.000000 0.000000
vn 0.000000 -1.000000 0.000000
vn 0.000000 -1.000000 0.000000
vn 0.000000 -1.000000 0.000000
vn 0.000000 -1.000000 0.000000
vn -0.000100 -1.000000 0.000000
vn -0.000100 -1.000000 0.000000
vn -0.000100 -1.000000 0.000000
vn 0.000000 -1.000000 0.000000
vn 0.000000 -1.000000 0.000000
vn 0.000000 -1.000000 0.000000
vn 0.000000 -1.000000 0.000000
vn 0.000000 -1.000000 0.000000
vn 0.000000 -1.000000 0.000000
vn 0.000000 -1.000000 0.000000
vn 0.000000 -1.000000 0.000000
vn 0.000100 -1.000000 0.000000
vn 0.000100 -1.000000 0.000000
vn 0.000100 -1.000000 0.000000
vn 0.000000 -1.000000 0.000000
vn 0.000000 -1.000000 0.000000
vn 0.000000 -1.000000 0.000000
vn 0.000000 -1.000000 0.000000
vn 0.000000 -1.000000 0.000000
vn 0.000000 -1.000000 0.000000
vn 0.000000 -1.000000 0.000000
vn 0.000000 -1.000000 0.000000
vn 0.000000 -1.000000 0.000000
vn 0.000000 -1.000000 0.000000
vn 0.000000 -1.000000 0.000000
vn 0.000000 -1.000000 0.000000
vn 0.000000 -1.000000 0.000000
vn 0.000000 -1.000000 0.000000
vn 0.000000 -1.000000 0.000000
vn 0.000000 -1.000000 0.000000
vn 0.000000 -1.000000 0.000000
vn 0.000000 -1.000000 0.000000
vn 0.000000 -1.000000 0.000000
vn 0.000000 -1.000000 0.000000
vn 0.000000 -1.000000 0.000000
vn 0.000000 -1.000000 0.000000
vn 0.000000 -1.000000 0.000000
vn 0.000000 -1.000000 0.000000
vn 0.000000 -1.000000 0.000000
vn 0.000000 -1.000000 0.000000
vn 0.000000 -1.000000 0.000000
vn 0.000000 -1.000000 0.000000
vn 0.000000 -1.000000 0.000000
vn 0.000000 -1.000000 0.000000
vn 0.000000 -1.000000 0.000000
vn 0.000000 -1.000000 0.000000
vn 0.000000 -1.000000 0.000000
vn 0.000000 -1.000000 0.000000
vn 0.000000 -1.000000 0.000000
vn 0.000000 -1.000000 0.000000
vn 0.000000 -1.000000 0.000000
vn 0.000000 -1.000000 0.000000
vn 0.000000 -1.000000 0.000000
vn 0.000000 -1.000000 0.000000
vn 0.000000 -1.000000 0.000000
vn 0.000000 -1.000000 0.000000
vn 0.000000 -1.000000 0.000000
vn 0.000000 -1.000000 0.000000
vn 0.000000 -1.000000 0.000000
vn 0.000000 -1.000000 0.000000
vn 0.000000 -1.000000 0.000000
vn 0.000000 -1.000000 0.000000
vn 0.000000 -1.000000 0.000000
vn 0.000000 -1.000000 0.000000
vn 0.000000 -1.000000 0.000000
vn 0.000000 -1.000000 0.000000
vn 0.000000 -1.000000 0.000000
vn 0.000000 -1.000000 0.000000
vn 0.000000 -1.000000 0.000000
vn 0.000000 -1.000000 0.000000
vn 0.000000 -1.000000 0.000000
vn 0.000000 -1.000000 0.000000
vn 0.000000 -1.000000 0.000000
vn 0.000000 -1.000000 0.000000
vn 0.000000 -1.000000 0.000000
vn 0.000000 -1.000000 0.000000
vn 0.000000 -1.000000 0.000000
vn 0.000000 -1.000000 0.000000
vn -0.982136 -0.176807 0.064402
vn -0.982136 -0.176807 0.064402
vn -0.982136 -0.176807 0.064402
vn -0.982136 -0.176807 0.064402
vn -0.965336 -0.176807 0.192007
vn -0.965336 -0.176807 0.192007
vn -0.965336 -0.176807 0.192007
vn -0.965336 -0.176807 0.192007
vn -0.932004 -0.176801 0.316401
vn -0.932004 -0.176801 0.316401
vn -0.932004 -0.176801 0.316401
vn -0.932004 -0.176801 0.316401
vn -0.882743 -0.176809 0.435321
vn -0.882743 -0.176809 0.435321
vn -0.882743 -0.176809 0.435321
vn -0.882743 -0.176809 0.435321
vn -0.818389 -0.176798 0.546793
vn -0.818389 -0.176798 0.546793
vn -0.818389 -0.176798 0.546793
vn -0.818389 -0.176798 0.546793
vn -0.739978 -0.176795 0.648981
vn -0.739978 -0.176795 0.648981
vn -0.739978 -0.176795 0.648981
vn -0.739978 -0.176795 0.648981
vn -0.648981 -0.176795 0.739978
vn -0.648981 -0.176795 0.739978
vn -0.648981 -0.176795 0.739978
vn -0.648981 -0.176795 0.739978
vn -0.546793 -0.176798 0.818389
vn -0.546793 -0.176798 0.818389
vn -0.546793 -0.176798 0.818389
vn -0.546793 -0.176798 0.818389
vn -0.435321 -0.176809 0.882743
vn -0.435321 -0.176809 0.882743
vn -0.435321 -0.176809 0.882743
vn -0.435321 -0.176809 0.882743
vn -0.316401 -0.176801 0.932004
vn -0.316401 -0.176801 0.932004
vn -0.316401 -0.176801 0.932004
vn -0.316401 -0.176801 0.932004
vn -0.192007 -0.176807 0.965336
vn -0.192007 -0.176807 0.965336
vn -0.192007 -0.176807 0.965336
vn -0.192007 -0.176807 0.965336
vn -0.064402 -0.176807 0.982136
vn -0.064402 -0.176807 0.982136
vn -0.064402 -0.176807 0.982136
vn -0.064402 -0.176807 0.982136
vn 0.064402 -0.176807 0.982136
vn 0.064402 -0.176807 0.982136
vn 0.064402 -0.176807 0.982136
vn 0.064402 -0.176807 0.982136
vn 0.192007 -0.176807 0.965336
vn 0.192007 -0.176807 0.965336
vn 0.192007 -0.176807 0.965336
vn 0.192007 -0.176807 0.965336
vn 0.316401 -0.176801 0.932004
vn 0.316401 -0.176801 0.932004
vn 0.316401 -0.176801 0.932004
vn 0.316401 -0.176801 0.932004
vn 0.435321 -0.176809 0.882743
vn 0.435321 -0.176809 0.882743
vn 0.435321 -0.176809 0.882743
vn 0.435321 -0.176809 0.882743
vn 0.546793 -0.176798 0.818389
vn 0.546793 -0.176798 0.818389
vn 0.546793 -0.176798 0.818389
vn 0.546793 -0.176798 0.818389
vn 0.648981 -0.176795 0.739978
vn 0.648981 -0.176795 0.739978
vn 0.648981 -0.176795 0.739978
vn 0.648981 -0.176795 0.739978
vn 0.739978 -0.176795 0.648981
vn 0.739978 -0.176795 0.648981
vn 0.739978 -0.176795 0.648981
vn 0.739978 -0.176795 0.648981
vn 0.818389 -0.176798 0.546793
vn 0.818389 -0.176798 0.546793
vn 0.818389 -0.176798 0.546793
vn 0.818389 -0.176798 0.546793
vn 0.882743 -0.176809 0.435321
vn 0.882743 -0.176809 0.435321
vn 0.882743 -0.176809 0.435321
vn 0.882743 -0.176809 0.435321
vn 0.932004 -0.176801 0.316401
vn 0.932004 -0.176801 0.316401
vn 0.932004 -0.176801 0.316401
vn 0.932004 -0.176801 0.316401
vn 0.965336 -0.176807 0.192007
vn 0.965336 -0.176807 0.192007
vn 0.965336 -0.176807 0.192007
vn 0.965336 -0.176807 0.192007
vn 0.982136 -0.176807 0.064402
vn 0.982136 -0.176807 0.064402
vn 0.982136 -0.176807 0.064402
vn 0.982136 -0.176807 0.064402
vn 0.982136 -0.176807 -0.064402
vn 0.982136 -0.176807 -0.064402
vn 0.982136 -0.176807 -0.064402
vn 0.982136 -0.176807 -0.064402
vn 0.965336 -0.176807 -0.192007
vn 0.965336 -0.176807 -0.192007
vn 0.965336 -0.176807 -0.192007
vn 0.965336 -0.176807 -0.192007
vn 0.932004 -0.176801 -0.316401
vn 0.932004 -0.176801 -0.316401
vn 0.932004 -0.176801 -0.316401
vn 0.932004 -0.176801 -0.316401
vn 0.882743 -0.176809 -0.435321
vn 0.882743 -0.176809 -0.435321
vn 0.882743 -0.176809 -0.435321
vn 0.882743 -0.176809 -0.435321
vn 0.818389 -0.176798 -0.546793
vn 0.818389 -0.176798 -0.546793
vn 0.818389 -0.176798 -0.546793
vn 0.818389 -0.176798 -0.546793
vn 0.739978 -0.176795 -0.648981
vn 0.739978 -0.176795 -0.648981
vn 0.739978 -0.176795 -0.648981
vn 0.739978 -0.176795 -0.648981
vn 0.648981 -0.176795 -0.739978
vn 0.648981 -0.176795 -0.739978
vn 0.648981 -0.176795 -0.739978
vn 0.648981 -0.176795 -0.739978
vn 0.546793 -0.176798 -0.818389
vn 0.546793 -0.176798 -0.818389
vn 0.546793 -0.176798 -0.818389
vn 0.546793 -0.176798 -0.818389
vn 0.435321 -0.176809 -0.882743
vn 0.435321 -0.176809 -0.882743
vn 0.435321 -0.176809 -0.882743
vn 0.435321 -0.176809 -0.882743
vn 0.316401 -0.176801 -0.932004
vn 0.316401 -0.176801 -0.932004
vn 0.316401 -0.176801 -0.932004
vn 0.316401 -0.176801 -0.932004
vn 0.192007 -0.176807 -0.965336
vn 0.192007 -0.176807 -0.965336
vn 0.192007 -0.176807 -0.965336
vn 0.192007 -0.176807 -0.965336
vn 0.064402 -0.176807 -0.982136
vn 0.064402 -0.176807 -0.982136
vn 0.064402 -0.176807 -0.982136
vn 0.064402 -0.176807 -0.982136
vn -0.064402 -0.176807 -0.982136
vn -0.064402 -0.176807 -0.982136
vn -0.064402 -0.176807 -0.982136
vn -0.064402 -0.176807 -0.982136
vn -0.192007 -0.176807 -0.965336
vn -0.192007 -0.176807 -0.965336
vn -0.192007 -0.176807 -0.965336
vn -0.192007 -0.176807 -0.965336
vn -0.316401 -0.176801 -0.932004
vn -0.316401 -0.176801 -0.932004
vn -0.316401 -0.176801 -0.932004
vn -0.316401 -0.176801 -0.932004
vn -0.435321 -0.176809 -0.882743
vn -0.435321 -0.176809 -0.882743
vn -0.435321 -0.176809 -0.882743
vn -0.435321 -0.176809 -0.882743
vn -0.546793 -0.176798 -0.818389
vn -0.546793 -0.176798 -0.818389
vn -0.546793 -0.176798 -0.818389
vn -0.546793 -0.176798 -0.818389
vn -0.648981 -0.176795 -0.739978
vn -0.648981 -0.176795 -0.739978
vn -0.648981 -0.176795 -0.739978
vn -0.648981 -0.176795 -0.739978
vn -0.739978 -0.176795 -0.648981
vn -0.739978 -0.176795 -0.648981
vn -0.739978 -0.176795 -0.648981
vn -0.739978 -0.176795 -0.648981
vn -0.818389 -0.176798 -0.546793
vn -0.818389 -0.176798 -0.546793
vn -0.818389 -0.176798 -0.546793
vn -0.818389 -0.176798 -0.546793
vn -0.882743 -0.176809 -0.435321
vn -0.882743 -0.176809 -0.435321
vn -0.882743 -0.176809 -0.435321
vn -0.882743 -0.176809 -0.435321
vn -0.932004 -0.176801 -0.316401
vn -0.932004 -0.176801 -0.316401
vn -0.932004 -0.176801 -0.316401
vn -0.932004 -0.176801 -0.316401
vn -0.965336 -0.176807 -0.192007
vn -0.965336 -0.176807 -0.192007
vn -0.965336 -0.176807 -0.192007
vn -0.965336 -0.176807 -0.192007
vn -0.982136 -0.176807 -0.064402
vn -0.982136 -0.176807 -0.064402
vn -0.982136 -0.176807 -0.064402
vn -0.982136 -0.176807 -0.064402
vn -0.751661 0.156692 -0.640667
vn -0.751661 0.156692 -0.640667
vn -0.751661 0.156692 -0.640667
vn -0.751661 0.156692 -0.640667
vn -0.642695 0.399697 -0.653595
vn -0.642695 0.399697 -0.653595
vn -0.642695 0.399697 -0.653595
vn -0.642695 0.399697 -0.653595
vn -0.493683 0.613879 -0.615979
vn -0.493683 0.613879 -0.615979
vn -0.493683 0.613879 -0.615979
vn -0.493638 0.613947 -0.615947
vn -0.493638 0.613947 -0.615947
vn -0.493638 0.613947 -0.615947
vn -0.317000 0.785099 -0.532100
vn -0.317000 0.785099 -0.532100
vn -0.317000 0.785099 -0.532100
vn -0.317000 0.785099 -0.532100
vn -0.125904 0.903529 -0.409613
vn -0.125904 0.903529 -0.409613
vn -0.125904 0.903529 -0.409613
vn -0.125904 0.903529 -0.409613
vn 0.067399 0.963980 -0.257295
vn 0.067399 0.963980 -0.257295
vn 0.067399 0.963980 -0.257295
vn 0.067399 0.963980 -0.257295
vn 0.251513 0.964149 -0.084604
vn 0.251513 0.964149 -0.084604
vn 0.251513 0.964149 -0.084604
vn 0.251511 0.964141 -0.084704
vn 0.251511 0.964141 -0.084704
vn 0.251511 0.964141 -0.084704
vn 0.415923 0.904049 0.098505
vn 0.415923 0.904049 0.098505
vn 0.415923 0.904049 0.098505
vn 0.416005 0.904012 0.098501
vn 0.416005 0.904012 0.098501
vn 0.416005 0.904012 0.098501
vn 0.550604 0.785906 0.281402
vn 0.550604 0.785906 0.281402
vn 0.550604 0.785906 0.281402
vn 0.550604 0.785906 0.281402
vn 0.645719 0.615118 0.452413
vn 0.645719 0.615118 0.452413
vn 0.645719 0.615118 0.452413
vn 0.645719 0.615118 0.452413
vn 0.693211 0.401106 0.598809
vn 0.693211 0.401106 0.598809
vn 0.693211 0.401106 0.598809
vn 0.693183 0.401190 0.598785
vn 0.693183 0.401190 0.598785
vn 0.693183 0.401190 0.598785
vn 0.687537 0.158509 0.708638
vn 0.687537 0.158509 0.708638
vn 0.687537 0.158509 0.708638
vn 0.687537 0.158509 0.708638
vn 0.628135 -0.094505 0.772344
vn 0.628135 -0.094505 0.772344
vn 0.628135 -0.094505 0.772344
vn 0.628135 -0.094505 0.772344
vn 0.519725 -0.337516 0.784837
vn 0.519725 -0.337516 0.784837
vn 0.519725 -0.337516 0.784837
vn 0.519725 -0.337516 0.784837
vn 0.371605 -0.552207 0.746309
vn 0.371605 -0.552207 0.746309
vn 0.371605 -0.552207 0.746309
vn 0.371605 -0.552207 0.746309
vn 0.195998 -0.723794 0.661594
vn 0.195998 -0.723794 0.661594
vn 0.195998 -0.723794 0.661594
vn 0.196094 -0.723780 0.661581
vn 0.196094 -0.723780 0.661581
vn 0.196094 -0.723780 0.661581
vn 0.005800 -0.842724 0.538315
vn 0.005800 -0.842724 0.538315
vn 0.005800 -0.842724 0.538315
vn 0.005800 -0.842724 0.538315
vn -0.186996 -0.903479 0.385691
vn -0.186996 -0.903479 0.385691
vn -0.186996 -0.903479 0.385691
vn -0.187099 -0.903497 0.385599
vn -0.187099 -0.903497 0.385599
vn -0.187099 -0.903497 0.385599
vn -0.371198 -0.903794 0.212999
vn -0.371198 -0.903794 0.212999
vn -0.371198 -0.903794 0.212999
vn -0.371198 -0.903794 0.212999
vn -0.536174 -0.843560 0.030399
vn -0.536174 -0.843560 0.030399
vn -0.536174 -0.843560 0.030399
vn -0.536176 -0.843562 0.030299
vn -0.536176 -0.843562 0.030299
vn -0.536176 -0.843562 0.030299
vn -0.671702 -0.725102 -0.151800
vn -0.671702 -0.725102 -0.151800
vn -0.671702 -0.725102 -0.151800
vn -0.671702 -0.725102 -0.151800
vn -0.767906 -0.553804 -0.321903
vn -0.767906 -0.553804 -0.321903
vn -0.767906 -0.553804 -0.321903
vn -0.767863 -0.553874 -0.321885
vn -0.767863 -0.553874 -0.321885
vn -0.767863 -0.553874 -0.321885
vn -0.816228 -0.339412 -0.467516
vn -0.816228 -0.339412 -0.467516
vn -0.816228 -0.339412 -0.467516
vn -0.816228 -0.339412 -0.467516
vn -0.811104 -0.096400 -0.576903
vn -0.811104 -0.096400 -0.576903
vn -0.811104 -0.096400 -0.576903
vn -0.811104 -0.096400 -0.576903
vn 0.644791 -0.325495 -0.691590
vn 0.644791 -0.325495 -0.691590
vn 0.644791 -0.325495 -0.691590
vn 0.644815 -0.325607 -0.691516
vn 0.644815 -0.325607 -0.691516
vn 0.644815 -0.325607 -0.691516
vn 0.644815 -0.325607 -0.691516
vn 0.644815 -0.325607 -0.691516
vn 0.644815 -0.325607 -0.691516
vn 0.644815 -0.325607 -0.691516
vn 0.644815 -0.325607 -0.691516
vn 0.644815 -0.325607 -0.691516
vn 0.644815 -0.325607 -0.691516
vn 0.644815 -0.325607 -0.691516
vn 0.644815 -0.325607 -0.691516
vn 0.644815 -0.325607 -0.691516
vn 0.644815 -0.325607 -0.691516
vn 0.644815 -0.325607 -0.691516
vn 0.644873 -0.325586 -0.691471
vn 0.644873 -0.325586 -0.691471
vn 0.644873 -0.325586 -0.691471
vn 0.644815 -0.325607 -0.691516
vn 0.644815 -0.325607 -0.691516
vn 0.644815 -0.325607 -0.691516
vn 0.644815 -0.325607 -0.691516
vn 0.644815 -0.325607 -0.691516
vn 0.644815 -0.325607 -0.691516
vn 0.644873 -0.325586 -0.691471
vn 0.644873 -0.325586 -0.691471
vn 0.644873 -0.325586 -0.691471
vn -0.000100 -1.000000 0.000000
vn -0.000100 -1.000000 0.000000
vn -0.000100 -1.000000 0.000000
vn 0.000000 -1.000000 0.000000
vn 0.000000 -1.000000 0.000000
vn 0.000000 -1.000000 0.000000
vn 0.000000 -1.000000 0.000000
vn 0.000000 -1.000000 0.000000
vn 0.000000 -1.000000 0.000000
vn 0.000000 -1.000000 0.000000
vn 0.000000 -1.000000 0.000000
vn 0.000000 -1.000000 0.000000
vn 0.000000 -1.000000 0.000000
vn 0.000000 -1.000000 0.000000
vn 0.965476 0.000000 -0.260493
vn 0.965476 0.000000 -0.260493
vn 0.965476 0.000000 -0.260493
vn 0.965476 0.000000 -0.260493
vn 0.704602 0.000000 -0.709602
vn 0.704602 0.000000 -0.709602
vn 0.704602 0.000000 -0.709602
vn 0.704602 0.000000 -0.709602
vn 0.257096 0.000000 -0.966386
vn 0.257096 0.000000 -0.966386
vn 0.257096 0.000000 -0.966386
vn 0.257096 0.000000 -0.966386
vn -0.257096 0.000000 -0.966386
vn -0.257096 0.000000 -0.966386
vn -0.257096 0.000000 -0.966386
vn -0.257096 0.000000 -0.966386
vn -0.704602 0.000000 -0.709602
vn -0.704602 0.000000 -0.709602
vn -0.704602 0.000000 -0.709602
vn -0.704602 0.000000 -0.709602
vn -0.965476 0.000000 -0.260493
vn -0.965476 0.000000 -0.260493
vn -0.965476 0.000000 -0.260493
vn -0.965476 0.000000 -0.260493
vn -0.965476 0.000000 0.260493
vn -0.965476 0.000000 0.260493
vn -0.965476 0.000000 0.260493
vn -0.965476 0.000000 0.260493
vn -0.704602 0.000000 0.709602
vn -0.704602 0.000000 0.709602
vn -0.704602 0.000000 0.709602
vn -0.704602 0.000000 0.709602
vn -0.257096 0.000000 0.966386
vn -0.257096 0.000000 0.966386
vn -0.257096 0.000000 0.966386
vn -0.257096 0.000000 0.966386
vn 0.257096 0.000000 0.966386
vn 0.257096 0.000000 0.966386
vn 0.257096 0.000000 0.966386
vn 0.257096 0.000000 0.966386
vn 0.704602 0.000000 0.709602
vn 0.704602 0.000000 0.709602
vn 0.704602 0.000000 0.709602
vn 0.704602 0.000000 0.709602
vn 0.965476 0.000000 0.260493
vn 0.965476 0.000000 0.260493
vn 0.965476 0.000000 0.260493
vn 0.965476 0.000000 0.260493
vn 0.000000 1.000000 0.000000
vn 0.000000 1.000000 0.000000
vn 0.000000 1.000000 0.000000
vn 0.000000 1.000000 0.000000
vn 0.000000 1.000000 0.000000
vn 0.000000 1.000000 0.000000
vn 0.000000 1.000000 0.000000
vn 0.000000 1.000000 0.000000
vn 0.000000 1.000000 0.000000
vn 0.000000 1.000000 0.000000
vn 0.000000 1.000000 0.000000
vn 0.000000 1.000000 0.000000
vn 0.000000 -1.000000 0.000000
vn 0.000000 -1.000000 0.000000
vn 0.000000 -1.000000 0.000000
vn 0.000000 -1.000000 0.000000
vn 0.000000 -1.000000 0.000000
vn 0.000000 -1.000000 0.000000
vn 0.000000 -1.000000 0.000000
vn 0.000000 -1.000000 0.000000
vn 0.000000 -1.000000 0.000000
vn 0.000000 -1.000000 0.000000
vn 0.000000 -1.000000 0.000000
vn 0.000000 -1.000000 0.000000
vn 0.965715 0.000000 -0.259604
vn 0.965715 0.000000 -0.259604
vn 0.965715 0.000000 -0.259604
vn 0.965715 0.000000 -0.259604
vn 0.705906 0.000000 -0.708306
vn 0.705906 0.000000 -0.708306
vn 0.705906 0.000000 -0.708306
vn 0.705906 0.000000 -0.708306
vn 0.258011 0.000000 -0.966142
vn 0.258011 0.000000 -0.966142
vn 0.258011 0.000000 -0.966142
vn 0.258011 0.000000 -0.966142
vn -0.258011 0.000000 -0.966142
vn -0.258011 0.000000 -0.966142
vn -0.258011 0.000000 -0.966142
vn -0.258011 0.000000 -0.966142
vn -0.705906 0.000000 -0.708306
vn -0.705906 0.000000 -0.708306
vn -0.705906 0.000000 -0.708306
vn -0.705906 0.000000 -0.708306
vn -0.965715 0.000000 -0.259604
vn -0.965715 0.000000 -0.259604
vn -0.965715 0.000000 -0.259604
vn -0.965715 0.000000 -0.259604
vn -0.965715 0.000000 0.259604
vn -0.965715 0.000000 0.259604
vn -0.965715 0.000000 0.259604
vn -0.965715 0.000000 0.259604
vn -0.705906 0.000000 0.708306
vn -0.705906 0.000000 0.708306
vn -0.705906 0.000000 0.708306
vn -0.705906 0.000000 0.708306
vn -0.258011 0.000000 0.966142
vn -0.258011 0.000000 0.966142
vn -0.258011 0.000000 0.966142
vn -0.258011 0.000000 0.966142
vn 0.258011 0.000000 0.966142
vn 0.258011 0.000000 0.966142
vn 0.258011 0.000000 0.966142
vn 0.258011 0.000000 0.966142
vn 0.705906 0.000000 0.708306
vn 0.705906 0.000000 0.708306
vn 0.705906 0.000000 0.708306
vn 0.705906 0.000000 0.708306
vn 0.965715 0.000000 0.259604
vn 0.965715 0.000000 0.259604
vn 0.965715 0.000000 0.259604
vn 0.965715 0.000000 0.259604
vn 0.000000 1.000000 0.000000
vn 0.000000 1.000000 0.000000
vn 0.000000 1.000000 0.000000
vn 0.000000 1.000000 0.000000
vn 0.000000 1.000000 0.000000
vn 0.000000 1.000000 0.000000
vn 0.000000 1.000000 0.000000
vn 0.000000 1.000000 0.000000
vn 0.000000 1.000000 0.000000
vn 0.000000 1.000000 0.000000
vn 0.000000 1.000000 0.000000
vn 0.000000 1.000000 0.000000
vn 0.000000 -1.000000 0.000000
vn 0.000000 -1.000000 0.000000
vn 0.000000 -1.000000 0.000000
vn 0.000000 -1.000000 0.000000
vn 0.000000 -1.000000 0.000000
vn 0.000000 -1.000000 0.000000
vn 0.000000 -1.000000 0.000000
vn 0.000000 -1.000000 0.000000
vn 0.000000 -1.000000 0.000000
vn 0.000000 -1.000000 0.000000
vn 0.000000 -1.000000 0.000000
vn 0.000000 -1.000000 0.000000
vn 0.000000 -1.000000 0.000000
vn 0.000000 -1.000000 0.000000
vn 0.000000 -1.000000 0.000000
vn 0.000000 -1.000000 0.000000
vn 0.000000 -1.000000 0.000000
vn 0.000000 -1.000000 0.000000
vn 0.000000 -1.000000 0.000000
vn 0.000000 -1.000000 0.000000
vn 0.000000 -1.000000 0.000000
vn 0.000000 -1.000000 0.000000
vn 0.000000 -1.000000 0.000000
vn 0.000000 -1.000000 0.000000
vn 0.991448 0.000000 -0.130506
vn 0.991448 0.000000 -0.130506
vn 0.991448 0.000000 -0.130506
vn 0.991448 0.000000 -0.130506
vn 0.923877 0.000000 -0.382690
vn 0.923877 0.000000 -0.382690
vn 0.923877 0.000000 -0.382690
vn 0.923877 0.000000 -0.382690
vn 0.793400 0.000000 -0.608700
vn 0.793400 0.000000 -0.608700
vn 0.793400 0.000000 -0.608700
vn 0.793315 0.000000 -0.608811
vn 0.793315 0.000000 -0.608811
vn 0.793315 0.000000 -0.608811
vn 0.608763 0.000000 -0.793352
vn 0.608763 0.000000 -0.793352
vn 0.608763 0.000000 -0.793352
vn 0.608763 0.000000 -0.793352
vn 0.382690 0.000000 -0.923877
vn 0.382690 0.000000 -0.923877
vn 0.382690 0.000000 -0.923877
vn 0.382690 0.000000 -0.923877
vn 0.130506 0.000000 -0.991448
vn 0.130506 0.000000 -0.991448
vn 0.130506 0.000000 -0.991448
vn 0.130506 0.000000 -0.991448
vn -0.130506 0.000000 -0.991448
vn -0.130506 0.000000 -0.991448
vn -0.130506 0.000000 -0.991448
vn -0.130506 0.000000 -0.991448
vn -0.382690 0.000000 -0.923877
vn -0.382690 0.000000 -0.923877
vn -0.382690 0.000000 -0.923877
vn -0.382690 0.000000 -0.923877
vn -0.608763 0.000000 -0.793352
vn -0.608763 0.000000 -0.793352
vn -0.608763 0.000000 -0.793352
vn -0.608763 0.000000 -0.793352
vn -0.793352 0.000000 -0.608763
vn -0.793352 0.000000 -0.608763
vn -0.793352 0.000000 -0.608763
vn -0.793315 0.000000 -0.608811
vn -0.793315 0.000000 -0.608811
vn -0.793315 0.000000 -0.608811
vn -0.923877 0.000000 -0.382690
vn -0.923877 0.000000 -0.382690
vn -0.923877 0.000000 -0.382690
vn -0.923877 0.000000 -0.382690
vn -0.991448 0.000000 -0.130506
vn -0.991448 0.000000 -0.130506
vn -0.991448 0.000000 -0.130506
vn -0.991448 0.000000 -0.130506
vn -0.991448 0.000000 0.130506
vn -0.991448 0.000000 0.130506
vn -0.991448 0.000000 0.130506
vn -0.991448 0.000000 0.130506
vn -0.923877 0.000000 0.382690
vn -0.923877 0.000000 0.382690
vn -0.923877 0.000000 0.382690
vn -0.923877 0.000000 0.382690
vn -0.793315 0.000000 0.608811
vn -0.793315 0.000000 0.608811
vn -0.793315 0.000000 0.608811
vn -0.793352 0.000000 0.608763
vn -0.793352 0.000000 0.608763
vn -0.793352 0.000000 0.608763
vn -0.608811 0.000000 0.793315
vn -0.608811 0.000000 0.793315
vn -0.608811 0.000000 0.793315
vn -0.608763 0.000000 0.793352
vn -0.608763 0.000000 0.793352
vn -0.608763 0.000000 0.793352
vn -0.382690 0.000000 0.923877
vn -0.382690 0.000000 0.923877
vn -0.382690 0.000000 0.923877
vn -0.382690 0.000000 0.923877
vn -0.130506 0.000000 0.991448
vn -0.130506 0.000000 0.991448
vn -0.130506 0.000000 0.991448
vn -0.130506 0.000000 0.991448
vn 0.130506 0.000000 0.991448
vn 0.130506 0.000000 0.991448
vn 0.130506 0.000000 0.991448
vn 0.130506 0.000000 0.991448
vn 0.382690 0.000000 0.923877
vn 0.382690 0.000000 0.923877
vn 0.382690 0.000000 0.923877
vn 0.382690 0.000000 0.923877
vn 0.608763 0.000000 0.793352
vn 0.608763 0.000000 0.793352
vn 0.608763 0.000000 0.793352
vn 0.608811 0.000000 0.793315
vn 0.608811 0.000000 0.793315
vn 0.608811 0.000000 0.793315
vn 0.793315 0.000000 0.608811
vn 0.793315 0.000000 0.608811
vn 0.793315 0.000000 0.608811
vn 0.793352 0.000000 0.608763
vn 0.793352 0.000000 0.608763
vn 0.793352 0.000000 0.608763
vn 0.923877 0.000000 0.382690
vn 0.923877 0.000000 0.382690
vn 0.923877 0.000000 0.382690
vn 0.923877 0.000000 0.382690
vn 0.991448 0.000000 0.130506
vn 0.991448 0.000000 0.130506
vn 0.991448 0.000000 0.130506
vn 0.991448 0.000000 0.130506
vn 0.000000 1.000000 0.000000
vn 0.000000 1.000000 0.000000
vn 0.000000 1.000000 0.000000
vn 0.000000 1.000000 0.000000
vn 0.000000 1.000000 0.000000
vn 0.000000 1.000000 0.000000
vn 0.000000 1.000000 0.000000
vn 0.000000 1.000000 0.000000
vn 0.000000 1.000000 0.000000
vn 0.000000 1.000000 0.000000
vn 0.000000 1.000000 0.000000
vn 0.000000 1.000000 0.000000
vn 0.000000 1.000000 0.000000
vn 0.000000 1.000000 0.000000
vn 0.000000 1.000000 0.000000
vn 0.000000 1.000000 0.000000
vn 0.000000 1.000000 0.000000
vn 0.000000 1.000000 0.000000
vn 0.000000 1.000000 0.000000
vn 0.000000 1.000000 0.000000
vn 0.000000 1.000000 0.000000
vn 0.000000 1.000000 0.000000
vn 0.000000 1.000000 0.000000
vn 0.000000 1.000000 0.000000
vn 0.000100 -1.000000 0.000000
vn 0.000100 -1.000000 0.000000
vn 0.000100 -1.000000 0.000000
vn -0.000100 -1.000000 0.000000
vn -0.000100 -1.000000 0.000000
vn -0.000100 -1.000000 0.000000
vn 0.000000 -1.000000 0.000000
vn 0.000000 -1.000000 0.000000
vn 0.000000 -1.000000 0.000000
vn 0.000000 -1.000000 0.000000
vn 0.000000 -1.000000 0.000000
vn 0.000000 -1.000000 0.000000
vn 0.000000 -1.000000 0.000000
vn 0.000000 -1.000000 0.000000
vn 0.000000 -1.000000 0.000000
vn 0.000000 -1.000000 0.000000
vn 0.000000 -1.000000 0.000000
vn 0.000000 -1.000000 0.000000
vn 0.000000 -1.000000 0.000000
vn 0.000000 -1.000000 0.000000
vn 0.000000 -1.000000 0.000000
vn 0.000000 -1.000000 0.000000
vn 0.000000 -1.000000 0.000000
vn 0.000000 -1.000000 0.000000
vn 0.000000 -1.000000 0.000000
vn 0.000000 -1.000000 0.000000
vn 0.000000 -1.000000 0.000000
vn 0.000000 -1.000000 0.000000
vn 0.000000 -1.000000 0.000000
vn 0.000000 -1.000000 0.000000
vn 0.000000 -1.000000 0.000000
vn 0.000000 -1.000000 0.000000
vn 0.000000 -1.000000 0.000000
vn 0.000000 -1.000000 0.000000
vn 0.000000 -1.000000 0.000000
vn 0.000000 -1.000000 0.000000
vn 0.000000 -1.000000 0.000000
vn 0.000000 -1.000000 0.000000
vn 0.000000 -1.000000 0.000000
vn 0.000000 -1.000000 0.000000
vn 0.000000 -1.000000 0.000000
vn 0.000000 -1.000000 0.000000
vn 0.000000 -1.000000 0.000000
vn 0.000000 -1.000000 0.000000
vn 0.000000 -1.000000 0.000000
vn 0.000000 -1.000000 0.000000
vn 0.000000 -1.000000 0.000000
vn 0.000000 -1.000000 0.000000
vn 0.000000 -1.000000 0.000000
vn 0.000000 -1.000000 0.000000
vn 0.000000 -1.000000 0.000000
vn 0.000000 -1.000000 0.000000
vn 0.991448 0.000000 0.130506
vn 0.991448 0.000000 0.130506
vn 0.991448 0.000000 0.130506
vn 0.991448 0.000000 0.130506
vn 0.923877 0.000000 0.382690
vn 0.923877 0.000000 0.382690
vn 0.923877 0.000000 0.382690
vn 0.923877 0.000000 0.382690
vn 0.793352 0.000000 0.608763
vn 0.793352 0.000000 0.608763
vn 0.793352 0.000000 0.608763
vn 0.793352 0.000000 0.608763
vn 0.608763 0.000000 0.793352
vn 0.608763 0.000000 0.793352
vn 0.608763 0.000000 0.793352
vn 0.608763 0.000000 0.793352
vn 0.382690 0.000000 0.923877
vn 0.382690 0.000000 0.923877
vn 0.382690 0.000000 0.923877
vn 0.382690 0.000000 0.923877
vn 0.130506 0.000000 0.991448
vn 0.130506 0.000000 0.991448
vn 0.130506 0.000000 0.991448
vn 0.130506 0.000000 0.991448
vn -0.130506 0.000000 0.991448
vn -0.130506 0.000000 0.991448
vn -0.130506 0.000000 0.991448
vn -0.130506 0.000000 0.991448
vn -0.382690 0.000000 0.923877
vn -0.382690 0.000000 0.923877
vn -0.382690 0.000000 0.923877
vn -0.382690 0.000000 0.923877
vn -0.608763 0.000000 0.793352
vn -0.608763 0.000000 0.793352
vn -0.608763 0.000000 0.793352
vn -0.608763 0.000000 0.793352
vn -0.793352 0.000000 0.608763
vn -0.793352 0.000000 0.608763
vn -0.793352 0.000000 0.608763
vn -0.793352 0.000000 0.608763
vn -0.923877 0.000000 0.382690
vn -0.923877 0.000000 0.382690
vn -0.923877 0.000000 0.382690
vn -0.923877 0.000000 0.382690
vn -0.991448 0.000000 0.130506
vn -0.991448 0.000000 0.130506
vn -0.991448 0.000000 0.130506
vn -0.991448 0.000000 0.130506
vn -0.991448 0.000000 -0.130506
vn -0.991448 0.000000 -0.130506
vn -0.991448 0.000000 -0.130506
vn -0.991448 0.000000 -0.130506
vn -0.923877 0.000000 -0.382690
vn -0.923877 0.000000 -0.382690
vn -0.923877 0.000000 -0.382690
vn -0.923877 0.000000 -0.382690
vn -0.793352 0.000000 -0.608763
vn -0.793352 0.000000 -0.608763
vn -0.793352 0.000000 -0.608763
vn -0.793352 0.000000 -0.608763
vn -0.608763 0.000000 -0.793352
vn -0.608763 0.000000 -0.793352
vn -0.608763 0.000000 -0.793352
vn -0.608763 0.000000 -0.793352
vn -0.382690 0.000000 -0.923877
vn -0.382690 0.000000 -0.923877
vn -0.382690 0.000000 -0.923877
vn -0.382690 0.000000 -0.923877
vn -0.130506 0.000000 -0.991448
vn -0.130506 0.000000 -0.991448
vn -0.130506 0.000000 -0.991448
vn -0.130506 0.000000 -0.991448
vn 0.130506 0.000000 -0.991448
vn 0.130506 0.000000 -0.991448
vn 0.130506 0.000000 -0.991448
vn 0.130506 0.000000 -0.991448
vn 0.382690 0.000000 -0.923877
vn 0.382690 0.000000 -0.923877
vn 0.382690 0.000000 -0.923877
vn 0.382690 0.000000 -0.923877
vn 0.608763 0.000000 -0.793352
vn 0.608763 0.000000 -0.793352
vn 0.608763 0.000000 -0.793352
vn 0.608763 0.000000 -0.793352
vn 0.793352 0.000000 -0.608763
vn 0.793352 0.000000 -0.608763
vn 0.793352 0.000000 -0.608763
vn 0.793352 0.000000 -0.608763
vn 0.923877 0.000000 -0.382690
vn 0.923877 0.000000 -0.382690
vn 0.923877 0.000000 -0.382690
vn 0.923877 0.000000 -0.382690
vn 0.991448 0.000000 -0.130506
vn 0.991448 0.000000 -0.130506
vn 0.991448 0.000000 -0.130506
vn 0.991448 0.000000 -0.130506
vn 0.000000 1.000000 0.000000
vn 0.000000 1.000000 0.000000
vn 0.000000 1.000000 0.000000
vn 0.000000 1.000000 0.000000
vn 0.000000 1.000000 0.000000
vn 0.000000 1.000000 0.000000
vn 0.000000 1.000000 0.000000
vn 0.000000 1.000000 0.000000
vn 0.000000 1.000000 0.000000
vn 0.000000 1.000000 0.000000
vn 0.000000 1.000000 0.000000
vn 0.000000 1.000000 0.000000
vn 0.000000 1.000000 0.000000
vn 0.000000 1.000000 0.000000
vn 0.000000 1.000000 0.000000
vn 0.000000 1.000000 0.000000
vn 0.000000 1.000000 0.000000
vn 0.000000 1.000000 0.000000
vn 0.000000 1.000000 0.000000
vn 0.000000 1.000000 0.000000
vn 0.000000 1.000000 0.000000
vn 0.000000 1.000000 0.000000
vn 0.000000 1.000000 0.000000
vn 0.000000 1.000000 0.000000
vn 0.000000 -1.000000 0.000000
vn 0.000000 -1.000000 0.000000
vn 0.000000 -1.000000 0.000000
vn 0.000000 -1.000000 0.000000
vn 0.000000 -1.000000 0.000000
vn 0.000000 -1.000000 0.000000
vn 0.000000 -1.000000 0.000000
vn 0.000000 -1.000000 0.000000
vn 0.000000 -1.000000 0.000000
vn 0.000000 -1.000000 0.000000
vn 0.000000 -1.000000 0.000000
vn 0.000000 -1.000000 0.000000
vn 0.000000 -1.000000 0.000000
vn 0.000000 -1.000000 0.000000
vn 0.000000 -1.000000 0.000000
vn 0.000000 -1.000000 0.000000
vn 0.000000 -1.000000 0.000000
vn 0.000000 -1.000000 0.000000
vn 0.000000 -1.000000 0.000000
vn 0.000000 -1.000000 0.000000
vn 0.000000 -1.000000 0.000000
vn 0.000000 -1.000000 0.000000
vn -0.000100 -1.000000 0.000000
vn -0.000100 -1.000000 0.000000
vn -0.000100 -1.000000 0.000000
vn 0.000100 -1.000000 0.000000
vn 0.000100 -1.000000 0.000000
vn 0.000100 -1.000000 0.000000
vn 0.000000 -1.000000 0.000000
vn 0.000000 -1.000000 0.000000
vn 0.000000 -1.000000 0.000000
vn 0.000000 -1.000000 0.000000
vn 0.000000 -1.000000 0.000000
vn 0.000000 -1.000000 0.000000
vn 0.000000 -1.000000 0.000000
vn 0.000000 -1.000000 0.000000
vn 0.000000 -1.000000 0.000000
vn 0.000000 -1.000000 0.000000
vn 0.000000 -1.000000 0.000000
vn 0.000000 -1.000000 0.000000
vn 0.000000 -1.000000 0.000000
vn 0.000000 -1.000000 0.000000
vn 0.000000 -1.000000 0.000000
vn 0.000000 -1.000000 0.000000
vn 0.000000 -1.000000 0.000000
vn 0.000000 -1.000000 0.000000
vn 0.000000 -1.000000 0.000000
vn 0.000000 -1.000000 0.000000
vn 0.000000 -1.000000 0.000000
vn 0.000000 -1.000000 0.000000
vn 0.000000 -1.000000 0.000000
vn 0.000000 -1.000000 0.000000
vn 0.991448 0.000000 -0.130506
vn 0.991448 0.000000 -0.130506
vn 0.991448 0.000000 -0.130506
vn 0.991448 0.000000 -0.130506
vn 0.923877 0.000000 -0.382690
vn 0.923877 0.000000 -0.382690
vn 0.923877 0.000000 -0.382690
vn 0.923877 0.000000 -0.382690
vn 0.793352 0.000000 -0.608763
vn 0.793352 0.000000 -0.608763
vn 0.793352 0.000000 -0.608763
vn 0.793352 0.000000 -0.608763
vn 0.608763 0.000000 -0.793352
vn 0.608763 0.000000 -0.793352
vn 0.608763 0.000000 -0.793352
vn 0.608763 0.000000 -0.793352
vn 0.382690 0.000000 -0.923877
vn 0.382690 0.000000 -0.923877
vn 0.382690 0.000000 -0.923877
vn 0.382690 0.000000 -0.923877
vn 0.130506 0.000000 -0.991448
vn 0.130506 0.000000 -0.991448
vn 0.130506 0.000000 -0.991448
vn 0.130506 0.000000 -0.991448
vn -0.130506 0.000000 -0.991448
vn -0.130506 0.000000 -0.991448
vn -0.130506 0.000000 -0.991448
vn -0.130506 0.000000 -0.991448
vn -0.382690 0.000000 -0.923877
vn -0.382690 0.000000 -0.923877
vn -0.382690 0.000000 -0.923877
vn -0.382690 0.000000 -0.923877
vn -0.608763 0.000000 -0.793352
vn -0.608763 0.000000 -0.793352
vn -0.608763 0.000000 -0.793352
vn -0.608763 0.000000 -0.793352
vn -0.793352 0.000000 -0.608763
vn -0.793352 0.000000 -0.608763
vn -0.793352 0.000000 -0.608763
vn -0.793352 0.000000 -0.608763
vn -0.923877 0.000000 -0.382690
vn -0.923877 0.000000 -0.382690
vn -0.923877 0.000000 -0.382690
vn -0.923877 0.000000 -0.382690
vn -0.991448 0.000000 -0.130506
vn -0.991448 0.000000 -0.130506
vn -0.991448 0.000000 -0.130506
vn -0.991448 0.000000 -0.130506
vn -0.991448 0.000000 0.130506
vn -0.991448 0.000000 0.130506
vn -0.991448 0.000000 0.130506
vn -0.991448 0.000000 0.130506
vn -0.923877 0.000000 0.382690
vn -0.923877 0.000000 0.382690
vn -0.923877 0.000000 0.382690
vn -0.923877 0.000000 0.382690
vn -0.793352 0.000000 0.608763
vn -0.793352 0.000000 0.608763
vn -0.793352 0.000000 0.608763
vn -0.793352 0.000000 0.608763
vn -0.608763 0.000000 0.793352
vn -0.608763 0.000000 0.793352
vn -0.608763 0.000000 0.793352
vn -0.608763 0.000000 0.793352
vn -0.382690 0.000000 0.923877
vn -0.382690 0.000000 0.923877
vn -0.382690 0.000000 0.923877
vn -0.382690 0.000000 0.923877
vn -0.130506 0.000000 0.991448
vn -0.130506 0.000000 0.991448
vn -0.130506 0.000000 0.991448
vn -0.130506 0.000000 0.991448
vn 0.130506 0.000000 0.991448
vn 0.130506 0.000000 0.991448
vn 0.130506 0.000000 0.991448
vn 0.130506 0.000000 0.991448
vn 0.382690 0.000000 0.923877
vn 0.382690 0.000000 0.923877
vn 0.382690 0.000000 0.923877
vn 0.382690 0.000000 0.923877
vn 0.608763 0.000000 0.793352
vn 0.608763 0.000000 0.793352
vn 0.608763 0.000000 0.793352
vn 0.608763 0.000000 0.793352
vn 0.793352 0.000000 0.608763
vn 0.793352 0.000000 0.608763
vn 0.793352 0.000000 0.608763
vn 0.793352 0.000000 0.608763
vn 0.923877 0.000000 0.382690
vn 0.923877 0.000000 0.382690
vn 0.923877 0.000000 0.382690
vn 0.923877 0.000000 0.382690
vn 0.991448 0.000000 0.130506
vn 0.991448 0.000000 0.130506
vn 0.991448 0.000000 0.130506
vn 0.991448 0.000000 0.130506
vn 0.000000 1.000000 0.000000
vn 0.000000 1.000000 0.000000
vn 0.000000 1.000000 0.000000
vn 0.000000 1.000000 0.000000
vn 0.000000 1.000000 0.000000
vn 0.000000 1.000000 0.000000
vn 0.000000 1.000000 0.000000
vn 0.000000 1.000000 0.000000
vn 0.000000 1.000000 0.000000
vn 0.000000 1.000000 0.000000
vn 0.000000 1.000000 0.000000
vn 0.000000 1.000000 0.000000
vn 0.000000 1.000000 0.000000
vn 0.000000 1.000000 0.000000
vn 0.000000 1.000000 0.000000
vn 0.000000 1.000000 0.000000
vn 0.000000 1.000000 0.000000
vn 0.000000 1.000000 0.000000
vn 0.000000 1.000000 0.000000
vn 0.000000 1.000000 0.000000
vn 0.000000 1.000000 0.000000
vn 0.000000 1.000000 0.000000
vn 0.000000 1.000000 0.000000
vn 0.000000 1.000000 0.000000
f 1//1 2//2 3//3
f 4//4 1//1 3//3
f 1//1 4//4 5//5
f 6//6 3//3 2//2
f 7//7 6//6 2//2
f 6//6 7//7 8//8
f 9//9 1//1 5//5
f 10//10 9//9 5//5
f 11//11 6//6 8//8
f 12//12 11//11 8//8
f 13//13 9//9 10//10
f 14//14 13//13 10//10
f 15//15 11//11 12//12
f 16//16 15//15 12//12
f 14//14 16//16 13//13
f 16//16 14//14 15//15
f 17//17 18//18 19//19
f 17//17 19//19 20//20
f 21//21 22//22 23//23
f 21//21 23//23 24//24
f 25//25 26//26 27//27
f 25//25 27//27 28//28
f 29//29 30//30 31//31
f 29//29 31//31 32//32
f 33//33 34//34 35//35
f 33//33 35//35 36//36
f 37//37 38//38 39//39
f 37//37 39//39 40//40
f 41//41 42//42 43//43
f 41//41 43//43 44//44
f 45//45 46//46 47//47
f 45//45 47//47 48//48
f 49//49 50//50 51//51
f 49//49 51//51 52//52
f 53//53 54//54 55//55
f 53//53 55//55 56//56
f 57//57 58//58 59//59
f 57//57 59//59 60//60
f 61//61 62//62 63//63
f 61//61 63//63 64//64
f 65//65 66//66 67//67
f 65//65 67//67 68//68
f 69//69 70//70 71//71
f 69//69 71//71 72//72
f 73//73 74//74 75//75
f 73//73 75//75 76//76
f 77//77 78//78 79//79
f 77//77 79//79 80//80
f 81//81 82//82 83//83
f 81//81 83//83 84//84
f 85//85 86//86 87//87
f 85//85 87//87 88//88
f 89//89 90//90 91//91
f 89//89 91//91 92//92
f 93//93 94//94 95//95
f 93//93 95//95 96//96
f 97//97 98//98 99//99
f 97//97 99//99 100//100
f 101//101 102//102 103//103
f 101//101 103//103 104//104
f 105//105 106//106 107//107
f 105//105 107//107 108//108
f 109//109 110//110 111//111
f 109//109 111//111 112//112
f 113//113 114//114 115//115
f 113//113 115//115 116//116
f 117//117 118//118 119//119
f 117//117 119//119 120//120
f 121//121 122//122 123//123
f 121//121 123//123 124//124
f 125//125 126//126 127//127
f 125//125 127//127 128//128
f 129//129 130//130 131//131
f 129//129 131//131 132//132
f 133//133 134//134 135//135
f 133//133 135//135 136//136
f 137//137 138//138 139//139
f 137//137 139//139 140//140
f 141//141 142//142 143//143
f 141//141 143//143 144//144
f 145//145 146//146 147//147
f 145//145 147//147 148//148
f 149//149 150//150 151//151
f 149//149 151//151 152//152
f 153//153 154//154 155//155
f 153//153 155//155 156//156
f 157//157 158//158 159//159
f 157//157 159//159 160//160
f 161//161 162//162 163//163
f 161//161 163//163 164//164
f 165//165 166//166 167//167
f 165//165 167//167 168//168
f 169//169 170//170 171//171
f 169//169 171//171 172//172
f 173//173 174//174 175//175
f 173//173 175//175 176//176
f 177//177 178//178 179//179
f 177//177 179//179 180//180
f 181//181 182//182 183//183
f 181//181 183//183 184//184
f 185//185 186//186 187//187
f 185//185 187//187 188//188
f 189//189 190//190 191//191
f 189//189 191//191 192//192
f 193//193 194//194 195//195
f 193//193 195//195 196//196
f 197//197 198//198 199//199
f 197//197 199//199 200//200
f 201//201 202//202 203//203
f 201//201 203//203 204//204
f 205//205 206//206 207//207
f 205//205 207//207 208//208
f 209//209 210//210 211//211
f 209//209 211//211 212//212
f 213//213 214//214 215//215
f 213//213 215//215 216//216
f 217//217 218//218 219//219
f 217//217 219//219 220//220
f 221//221 222//222 223//223
f 221//221 223//223 224//224
f 225//225 226//226 227//227
f 225//225 227//227 228//228
f 229//229 230//230 231//231
f 229//229 231//231 232//232
f 233//233 234//234 235//235
f 233//233 235//235 236//236
f 237//237 238//238 239//239
f 237//237 239//239 240//240
f 241//241 242//242 243//243
f 241//241 243//243 244//244
f 245//245 246//246 247//247
f 245//245 247//247 248//248
f 249//249 250//250 251//251
f 249//249 251//251 252//252
f 253//253 254//254 255//255
f 253//253 255//255 256//256
f 257//257 258//258 259//259
f 257//257 259//259 260//260
f 261//261 262//262 263//263
f 261//261 263//263 264//264
f 265//265 266//266 267//267
f 265//265 267//267 268//268
f 269//269 270//270 271//271
f 269//269 271//271 272//272
f 273//273 274//274 275//275
f 273//273 275//275 276//276
f 277//277 278//278 279//279
f 277//277 279//279 280//280
f 281//281 282//282 283//283
f 281//281 283//283 284//284
f 285//285 286//286 287//287
f 285//285 287//287 288//288
f 289//289 290//290 291//291
f 289//289 291//291 292//292
f 293//293 294//294 295//295
f 293//293 295//295 296//296
f 297//297 298//298 299//299
f 297//297 299//299 300//300
f 301//301 302//302 303//303
f 301//301 303//303 304//304
f 305//305 306//306 307//307
f 305//305 307//307 308//308
f 309//309 310//310 311//311
f 309//309 311//311 312//312
f 313//313 314//314 315//315
f 313//313 315//315 316//316
f 317//317 318//318 319//319
f 317//317 319//319 320//320
f 321//321 322//322 323//323
f 321//321 323//323 324//324
f 325//325 326//326 327//327
f 325//325 327//327 328//328
f 329//329 330//330 331//331
f 329//329 331//331 332//332
f 333//333 334//334 335//335
f 333//333 335//335 336//336
f 337//337 338//338 339//339
f 337//337 339//339 340//340
f 341//341 342//342 343//343
f 341//341 343//343 344//344
f 345//345 346//346 347//347
f 345//345 347//347 348//348
f 349//349 350//350 351//351
f 352//352 353//353 354//354
f 355//355 356//356 357//357
f 358//358 353//353 359//359
f 353//353 358//358 360//360
f 361//361 355//355 362//362
f 353//353 363//363 364//364
f 365//365 353//353 364//364
f 353//353 365//365 366//366
f 367//367 353//353 366//366
f 353//353 367//367 368//368
f 369//369 353//353 368//368
f 353//353 369//369 370//370
f 371//371 353//353 370//370
f 353//353 371//371 372//372
f 373//373 353//353 372//372
f 353//353 373//373 374//374
f 375//375 355//355 376//376
f 353//353 377//377 378//378
f 379//379 353//353 378//378
f 353//353 379//379 380//380
f 381//381 382//382 383//383
f 384//384 385//385 386//386
f 384//384 386//386 387//387
f 388//388 389//389 390//390
f 388//388 390//390 391//391
f 392//392 393//393 394//394
f 392//392 394//394 395//395
f 396//396 397//397 398//398
f 396//396 398//398 399//399
f 400//400 401//401 402//402
f 400//400 402//402 403//403
f 404//404 405//405 406//406
f 407//407 404//404 406//406
f 404//404 407//407 408//408
f 409//409 404//404 408//408
f 404//404 409//409 410//410
f 410//410 411//411 404//404
f 412//412 413//413 414//414
f 412//412 414//414 415//415
f 416//416 417//417 418//418
f 416//416 418//418 419//419
f 420//420 421//421 422//422
f 420//420 422//422 423//423
f 424//424 425//425 426//426
f 424//424 426//426 427//427
f 428//428 429//429 430//430
f 428//428 430//430 431//431
f 432//432 433//433 434//434
f 432//432 434//434 435//435
f 436//436 437//437 438//438
f 436//436 438//438 439//439
f 440//440 441//441 442//442
f 440//440 442//442 443//443
f 444//444 445//445 446//446
f 444//444 446//446 447//447
f 448//448 449//449 450//450
f 448//448 450//450 451//451
f 452//452 453//453 454//454
f 452//452 454//454 455//455
f 456//456 457//457 458//458
f 459//459 456//456 458//458
f 456//456 459//459 460//460
f 461//461 456//456 460//460
f 456//456 461//461 462//462
f 462//462 463//463 456//456
f 464//464 465//465 466//466
f 467//467 464//464 466//466
f 464//464 467//467 468//468
f 469//469 464//464 468//468
f 464//464 469//469 470//470
f 470//470 471//471 464//464
f 472//472 473//473 474//474
f 472//472 474//474 475//475
f 476//476 477//477 478//478
f 476//476 478//478 479//479
f 480//480 481//481 482//482
f 480//480 482//482 483//483
f 484//484 485//485 486//486
f 484//484 486//486 487//487
f 488//488 489//489 490//490
f 488//488 490//490 491//491
f 492//492 493//493 494//494
f 492//492 494//494 495//495
f 496//496 497//497 498//498
f 496//496 498//498 499//499
f 500//500 501//501 502//502
f 500//500 502//502 503//503
f 504//504 505//505 506//506
f 504//504 506//506 507//507
f 508//508 509//509 510//510
f 508//508 510//510 511//511
f 512//512 513//513 514//514
f 515//515 516//516 517//517
f 518//518 519//519 520//520
f 518//518 520//520 521//521
f 522//522 523//523 524//524
f 522//522 524//524 525//525
f 526//526 527//527 528//528
f 529//529 530//530 531//531
f 532//532 533//533 534//534
f 532//532 534//534 535//535
f 536//536 537//537 538//538
f 536//536 538//538 539//539
f 540//540 541//541 542//542
f 540//540 542//542 543//543
f 544//544 545//545 546//546
f 544//544 546//546 547//547
f 548//548 549//549 550//550
f 548//548 550//550 551//551
f 552//552 553//553 554//554
f 552//552 554//554 555//555
f 556//556 557//557 558//558
f 556//556 558//558 559//559
f 560//560 561//561 562//562
f 560//560 562//562 563//563
f 564//564 565//565 566//566
f 564//564 566//566 567//567
f 568//568 569//569 570//570
f 568//568 570//570 571//571
f 572//572 573//573 574//574
f 572//572 574//574 575//575
f 576//576 577//577 578//578
f 576//576 578//578 579//579
f 580//580 581//581 582//582
f 580//580 582//582 583//583
f 584//584 585//585 586//586
f 584//584 586//586 587//587
f 588//588 589//589 590//590
f 591//591 592//592 593//593
f 594//594 595//595 596//596
f 594//594 596//596 597//597
f 598//598 599//599 600//600
f 598//598 600//600 601//601
f 602//602 603//603 604//604
f 602//602 604//604 605//605
f 606//606 607//607 608//608
f 606//606 608//608 609//609
f 610//610 611//611 612//612
f 610//610 612//612 613//613
f 614//614 615//615 616//616
f 614//614 616//616 617//617
f 618//618 619//619 620//620
f 618//618 620//620 621//621
f 622//622 623//623 624//624
f 622//622 624//624 625//625
f 626//626 627//627 628//628
f 626//626 628//628 629//629
f 630//630 631//631 632//632
f 630//630 632//632 633//633
f 634//634 635//635 636//636
f 637//637 638//638 639//639
f 640//640 641//641 642//642
f 640//640 642//642 643//643
f 644//644 645//645 646//646
f 644//644 646//646 647//647
f 648//648 649//649 650//650
f 648//648 650//650 651//651
f 652//652 653//653 654//654
f 652//652 654//654 655//655
f 656//656 657//657 658//658
f 656//656 658//658 659//659
f 660//660 661//661 662//662
f 660//660 662//662 663//663
f 664//664 665//665 666//666
f 664//664 666//666 667//667
f 668//668 669//669 670//670
f 668//668 670//670 671//671
f 672//672 673//673 674//674
f 672//672 674//674 675//675
f 676//676 677//677 678//678
f 676//676 678//678 679//679
f 680//680 681//681 682//682
f 680//680 682//682 683//683
f 684//684 685//685 686//686
f 684//684 686//686 687//687
f 688//688 689//689 690//690
f 688//688 690//690 691//691
f 692//692 693//693 694//694
f 692//692 694//694 695//695
f 696//696 697//697 698//698
f 696//696 698//698 699//699
f 700//700 701//701 702//702
f 700//700 702//702 703//703
f 704//704 705//705 706//706
f 704//704 706//706 707//707
f 708//708 709//709 710//710
f 711//711 712//712 713//713
f 714//714 715//715 716//716
f 717//717 718//718 719//719
f 720//720 721//721 722//722
f 720//720 722//722 723//723
f 724//724 725//725 726//726
f 724//724 726//726 727//727
f 728//728 729//729 730//730
f 731//731 732//732 733//733
f 734//734 735//735 736//736
f 737//737 738//738 739//739
f 740//740 741//741 742//742
f 743//743 744//744 745//745
f 746//746 747//747 748//748
f 746//746 748//748 749//749
f 750//750 751//751 752//752
f 753//753 754//754 755//755
f 756//756 757//757 758//758
f 759//759 760//760 761//761
f 762//762 763//763 764//764
f 765//765 766//766 767//767
f 768//768 769//769 770//770
f 771//771 772//772 773//773
f 774//774 775//775 776//776
f 777//777 778//778 779//779
f 780//780 781//781 782//782
f 783//783 784//784 785//785
f 786//786 787//787 788//788
f 787//787 786//786 789//789
f 790//790 791//791 792//792
f 793//793 794//794 795//795
f 796//796 797//797 798//798
f 799//799 800//800 801//801
f 802//802 803//803 804//804
f 805//805 806//806 807//807
f 808//808 809//809 810//810
f 811//811 812//812 813//813
f 814//814 815//815 816//816
f 814//814 816//816 817//817
f 818//818 819//819 820//820
f 821//821 822//822 823//823
f 822//822 821//821 824//824
f 825//825 826//826 827//827
f 828//828 829//829 830//830
f 831//831 832//832 833//833
f 834//834 835//835 836//836
f 837//837 838//838 839//839
f 840//840 841//841 842//842
f 843//843 844//844 845//845
f 846//846 847//847 848//848
f 849//849 850//850 851//851
f 849//849 851//851 852//852
f 853//853 854//854 855//855
f 856//856 857//857 858//858
f 859//859 860//860 861//861
f 862//862 863//863 864//864
f 865//865 866//866 867//867
f 868//868 869//869 870//870
f 871//871 872//872 873//873
f 874//874 875//875 876//876
f 877//877 878//878 879//879
f 880//880 881//881 882//882
f 883//883 884//884 885//885
f 886//886 887//887 888//888
f 889//889 890//890 891//891
f 892//892 893//893 894//894
f 895//895 896//896 897//897
f 896//896 895//895 898//898
f 899//899 900//900 901//901
f 902//902 903//903 904//904
f 905//905 906//906 907//907
f 908//908 909//909 910//910
f 911//911 912//912 913//913
f 914//914 915//915 916//916
f 917//917 918//918 919//919
f 920//920 921//921 922//922
f 923//923 924//924 925//925
f 926//926 927//927 928//928
f 929//929 930//930 931//931
f 932//932 933//933 934//934
f 935//935 936//936 937//937
f 938//938 939//939 933//933
f 940//940 941//941 942//942
f 943//943 944//944 945//945
f 943//943 945//945 946//946
f 947//947 948//948 949//949
f 950//950 951//951 952//952
f 953//953 954//954 955//955
f 956//956 957//957 958//958
f 959//959 960//960 961//961
f 959//959 961//961 962//962
f 963//963 964//964 965//965
f 966//966 963//963 965//965
f 967//967 968//968 969//969
f 970//970 971//971 972//972
f 973//973 974//974 975//975
f 976//976 977//977 978//978
f 976//976 978//978 979//979
f 980//980 981//981 982//982
f 983//983 984//984 985//985
f 983//983 985//985 986//986
f 987//987 988//988 989//989
f 990//990 991//991 992//992
f 990//990 992//992 993//993
f 994//994 995//995 996//996
f 997//997 994//994 996//996
f 998//998 999//999 1000//1000
f 1001//1001 1002//1002 1003//1003
f 1004//1004 1005//1005 1006//1006
f 1007//1007 1008//1008 1009//1009
f 1010//1010 1011//1011 1012//1012
f 1013//1013 1014//1014 1015//1015
f 1016//1016 1017//1017 1018//1018
f 1019//1019 1020//1020 1021//1021
f 1022//1022 1023//1023 1024//1024
f 1025//1025 1026//1026 1027//1027
f 1028//1028 1029//1029 1030//1030
f 1031//1031 1032//1032 1033//1033
f 1034//1034 1031//1031 1033//1033
f 1035//1035 1036//1036 1037//1037
f 1038//1038 1039//1039 1031//1031
f 1040//1040 1041//1041 1042//1042
f 1040//1040 1042//1042 1043//1043
f 1044//1044 1045//1045 1046//1046
f 1044//1044 1046//1046 1047//1047
f 1048//1048 1049//1049 1050//1050
f 1048//1048 1050//1050 1051//1051
f 1052//1052 1053//1053 1054//1054
f 1052//1052 1054//1054 1055//1055
f 1056//1056 1057//1057 1058//1058
f 1056//1056 1058//1058 1059//1059
f 1060//1060 1061//1061 1062//1062
f 1060//1060 1062//1062 1063//1063
f 1064//1064 1065//1065 1066//1066
f 1064//1064 1066//1066 1067//1067
f 1068//1068 1069//1069 1070//1070
f 1071//1071 1072//1072 1073//1073
f 1074//1074 1075//1075 1076//1076
f 1074//1074 1076//1076 1077//1077
f 1078//1078 1079//1079 1080//1080
f 1078//1078 1080//1080 1081//1081
f 1082//1082 1083//1083 1084//1084
f 1085//1085 1086//1086 1087//1087
f 1088//1088 1089//1089 1090//1090
f 1088//1088 1090//1090 1091//1091
f 1092//1092 1093//1093 1094//1094
f 1092//1092 1094//1094 1095//1095
f 1096//1096 1097//1097 1098//1098
f 1099//1099 1100//1100 1101//1101
f 1102//1102 1103//1103 1104//1104
f 1102//1102 1104//1104 1105//1105
f 1106//1106 1107//1107 1108//1108
f 1106//1106 1108//1108 1109//1109
f 1110//1110 1111//1111 1112//1112
f 1113//1113 1114//1114 1115//1115
f 1116//1116 1117//1117 1118//1118
f 1116//1116 1118//1118 1119//1119
f 1120//1120 1121//1121 1122//1122
f 1120//1120 1122//1122 1123//1123
f 1124//1124 1125//1125 1126//1126
f 1124//1124 1126//1126 1127//1127
f 1128//1128 1129//1129 1130//1130
f 1128//1128 1130//1130 1131//1131
f 1132//1132 1133//1133 1134//1134
f 1132//1132 1134//1134 1135//1135
f 1136//1136 1137//1137 1138//1138
f 1136//1136 1138//1138 1139//1139
f 1140//1140 1141//1141 1142//1142
f 1140//1140 1142//1142 1143//1143
f 1144//1144 1145//1145 1146//1146
f 1144//1144 1146//1146 1147//1147
f 1148//1148 1149//1149 1150//1150
f 1148//1148 1150//1150 1151//1151
f 1152//1152 1153//1153 1154//1154
f 1152//1152 1154//1154 1155//1155
f 1156//1156 1157//1157 1158//1158
f 1156//1156 1158//1158 1159//1159
f 1160//1160 1161//1161 1162//1162
f 1163//1163 1164//1164 1165//1165
f 1166//1166 1167//1167 1168//1168
f 1166//1166 1168//1168 1169//1169
f 1170//1170 1171//1171 1172//1172
f 1170//1170 1172//1172 1173//1173
f 1174//1174 1175//1175 1176//1176
f 1174//1174 1176//1176 1177//1177
f 1178//1178 1179//1179 1180//1180
f 1178//1178 1180//1180 1181//1181
f 1182//1182 1183//1183 1184//1184
f 1182//1182 1184//1184 1185//1185
f 1186//1186 1187//1187 1188//1188
f 1186//1186 1188//1188 1189//1189
f 1190//1190 1191//1191 1192//1192
f 1190//1190 1192//1192 1193//1193
f 1194//1194 1195//1195 1196//1196
f 1194//1194 1196//1196 1197//1197
f 1198//1198 1199//1199 1200//1200
f 1198//1198 1200//1200 1201//1201
f 1202//1202 1203//1203 1204//1204
f 1202//1202 1204//1204 1205//1205
f 1206//1206 1207//1207 1208//1208
f 1209//1209 1210//1210 1211//1211
f 1212//1212 1213//1213 1214//1214
f 1215//1215 1216//1216 1217//1217
f 1218//1218 1219//1219 1220//1220
f 1218//1218 1220//1220 1221//1221
f 1222//1222 1223//1223 1224//1224
f 1222//1222 1224//1224 1225//1225
f 1226//1226 1227//1227 1228//1228
f 1229//1229 1230//1230 1231//1231
f 1232//1232 1233//1233 1234//1234
f 1232//1232 1234//1234 1235//1235
f 1236//1236 1237//1237 1238//1238
f 1236//1236 1238//1238 1239//1239
f 1240//1240 1241//1241 1242//1242
f 1240//1240 1242//1242 1243//1243
f 1244//1244 1245//1245 1246//1246
f 1244//1244 1246//1246 1247//1247
f 1248//1248 1249//1249 1250//1250
f 1248//1248 1250//1250 1251//1251
f 1252//1252 1253//1253 1254//1254
f 1252//1252 1254//1254 1255//1255
f 1256//1256 1257//1257 1258//1258
f 1256//1256 1258//1258 1259//1259
f 1260//1260 1261//1261 1262//1262
f 1260//1260 1262//1262 1263//1263
f 1264//1264 1265//1265 1266//1266
f 1264//1264 1266//1266 1267//1267
f 1268//1268 1269//1269 1270//1270
f 1268//1268 1270//1270 1271//1271
f 1272//1272 1273//1273 1274//1274
f 1272//1272 1274//1274 1275//1275
f 1276//1276 1277//1277 1278//1278
f 1276//1276 1278//1278 1279//1279
f 1280//1280 1281//1281 1282//1282
f 1280//1280 1282//1282 1283//1283
f 1284//1284 1285//1285 1286//1286
f 1287//1287 1288//1288 1289//1289
f 1290//1290 1291//1291 1292//1292
f 1290//1290 1292//1292 1293//1293
f 1294//1294 1295//1295 1296//1296
f 1294//1294 1296//1296 1297//1297
f 1298//1298 1299//1299 1300//1300
f 1298//1298 1300//1300 1301//1301
f 1302//1302 1303//1303 1304//1304
f 1305//1305 1306//1306 1307//1307
f 1308//1308 1309//1309 1310//1310
f 1308//1308 1310//1310 1311//1311
f 1312//1312 1313//1313 1314//1314
f 1315//1315 1316//1316 1317//1317
f 1318//1318 1319//1319 1320//1320
f 1318//1318 1320//1320 1321//1321
f 1322//1322 1323//1323 1324//1324
f 1322//1322 1324//1324 1325//1325
f 1326//1326 1327//1327 1328//1328
f 1329//1329 1330//1330 1331//1331
f 1332//1332 1333//1333 1334//1334
f 1335//1335 1336//1336 1337//1337
f 1338//1338 1339//1339 1340//1340
f 1341//1341 1342//1342 1343//1343
f 1344//1344 1345//1345 1346//1346
f 1347//1347 1348//1348 1349//1349
f 1347//1347 1349//1349 1350//1350
f 1351//1351 1352//1352 1353//1353
f 1354//1354 1355//1355 1356//1356
f 1355//1355 1354//1354 1357//1357
f 1358//1358 1359//1359 1360//1360
f 1361//1361 1362//1362 1363//1363
f 1364//1364 1365//1365 1366//1366
f 1367//1367 1368//1368 1369//1369
f 1370//1370 1371//1371 1372//1372
f 1373//1373 1374//1374 1375//1375
f 1376//1376 1377//1377 1378//1378
f 1379//1379 1380//1380 1381//1381
f 1382//1382 1383//1383 1384//1384
f 1385//1385 1386//1386 1387//1387
f 1388//1388 1389//1389 1390//1390
f 1391//1391 1392//1392 1393//1393
f 1392//1392 1391//1391 1394//1394
f 1395//1395 1396//1396 1397//1397
f 1398//1398 1399//1399 1400//1400
f 1401//1401 1402//1402 1403//1403
f 1404//1404 1405//1405 1406//1406
f 1407//1407 1408//1408 1409//1409
f 1410//1410 1411//1411 1412//1412
f 1413//1413 1414//1414 1415//1415
f 1416//1416 1417//1417 1418//1418
f 1419//1419 1420//1420 1421//1421
f 1422//1422 1423//1423 1424//1424
f 1425//1425 1426//1426 1427//1427
f 1428//1428 1429//1429 1430//1430
f 1431//1431 1432//1432 1433//1433
f 1434//1434 1435//1435 1436//1436
f 1437//1437 1438//1438 1439//1439
f 1440//1440 1441//1441 1442//1442
f 1443//1443 1444//1444 1445//1445
f 1446//1446 1447//1447 1448//1448
f 1449//1449 1450//1450 1451//1451
f 1452//1452 1453//1453 1454//1454
f 1455//1455 1456//1456 1457//1457
f 1458//1458 1459//1459 1460//1460
f 1458//1458 1460//1460 1461//1461
f 1462//1462 1463//1463 1464//1464
f 1465//1465 1466//1466 1467//1467
f 1466//1466 1465//1465 1468//1468
f 1469//1469 1470//1470 1471//1471
f 1472//1472 1473//1473 1474//1474
f 1475//1475 1476//1476 1477//1477
f 1478//1478 1479//1479 1480//1480
f 1481//1481 1482//1482 1483//1483
f 1484//1484 1485//1485 1486//1486
f 1484//1484 1486//1486 1487//1487
f 1488//1488 1489//1489 1490//1490
f 1491//1491 1492//1492 1493//1493
f 1494//1494 1495//1495 1496//1496
f 1497//1497 1498//1498 1499//1499
f 1500//1500 1501//1501 1502//1502
f 1497//1497 1503//1503 1504//1504
f 1505//1505 1506//1506 1507//1507
f 1508//1508 1509//1509 1510//1510
f 1511//1511 1512//1512 1513//1513
f 1511//1511 1513//1513 1514//1514
f 1515//1515 1516//1516 1517//1517
f 1518//1518 1519//1519 1520//1520
f 1521//1521 1522//1522 1523//1523
f 1524//1524 1525//1525 1526//1526
f 1527//1527 1528//1528 1529//1529
f 1530//1530 1531//1531 1532//1532
f 1533//1533 1534//1534 1535//1535
f 1536//1536 1537//1537 1538//1538
f 1539//1539 1540//1540 1541//1541
f 1541//1541 1542//1542 1539//1539
f 1543//1543 1544//1544 1545//1545
f 1546//1546 1547//1547 1548//1548
f 1549//1549 1550//1550 1551//1551
f 1552//1552 1553//1553 1554//1554
f 1555//1555 1556//1556 1557//1557
f 1558//1558 1559//1559 1560//1560
f 1561//1561 1562//1562 1563//1563
f 1564//1564 1565//1565 1566//1566
f 1564//1564 1566//1566 1567//1567
f 1568//1568 1569//1569 1570//1570
f 1571//1571 1572//1572 1573//1573
f 1574//1574 1575//1575 1576//1576
f 1576//1576 1577//1577 1574//1574
f 1578//1578 1579//1579 1580//1580
f 1581//1581 1582//1582 1583//1583
f 1584//1584 1585//1585 1586//1586
f 1587//1587 1588//1588 1589//1589
f 1590//1590 1591//1591 1592//1592
f 1593//1593 1594//1594 1595//1595
f 1596//1596 1597//1597 1598//1598
f 1599//1599 1600//1600 1601//1601
f 1599//1599 1601//1601 1602//1602
f 1603//1603 1604//1604 1605//1605
f 1606//1606 1607//1607 1608//1608
f 1603//1603 1609//1609 1610//1610
f 1610//1610 1611//1611 1603//1603
f 1612//1612 1613//1613 1614//1614
f 1612//1612 1614//1614 1615//1615
f 1616//1616 1617//1617 1618//1618
f 1616//1616 1618//1618 1619//1619
f 1620//1620 1621//1621 1622//1622
f 1620//1620 1622//1622 1623//1623
f 1624//1624 1625//1625 1626//1626
f 1624//1624 1626//1626 1627//1627
f 1628//1628 1629//1629 1630//1630
f 1628//1628 1630//1630 1631//1631
f 1632//1632 1633//1633 1634//1634
f 1632//1632 1634//1634 1635//1635
f 1636//1636 1637//1637 1638//1638
f 1636//1636 1638//1638 1639//1639
f 1640//1640 1641//1641 1642//1642
f 1643//1643 1644//1644 1645//1645
f 1646//1646 1647//1647 1648//1648
f 1646//1646 1648//1648 1649//1649
f 1650//1650 1651//1651 1652//1652
f 1650//1650 1652//1652 1653//1653
f 1654//1654 1655//1655 1656//1656
f 1657//1657 1658//1658 1659//1659
f 1660//1660 1661//1661 1662//1662
f 1660//1660 1662//1662 1663//1663
f 1664//1664 1665//1665 1666//1666
f 1664//1664 1666//1666 1667//1667
f 1668//1668 1669//1669 1670//1670
f 1671//1671 1672//1672 1673//1673
f 1674//1674 1675//1675 1676//1676
f 1674//1674 1676//1676 1677//1677
f 1678//1678 1679//1679 1680//1680
f 1678//1678 1680//1680 1681//1681
f 1682//1682 1683//1683 1684//1684
f 1685//1685 1686//1686 1687//1687
f 1688//1688 1689//1689 1690//1690
f 1688//1688 1690//1690 1691//1691
f 1692//1692 1693//1693 1694//1694
f 1692//1692 1694//1694 1695//1695
f 1696//1696 1697//1697 1698//1698
f 1696//1696 1698//1698 1699//1699
f 1700//1700 1701//1701 1702//1702
f 1700//1700 1702//1702 1703//1703
f 1704//1704 1705//1705 1706//1706
f 1704//1704 1706//1706 1707//1707
f 1708//1708 1709//1709 1710//1710
f 1708//1708 1710//1710 1711//1711
f 1712//1712 1713//1713 1714//1714
f 1712//1712 1714//1714 1715//1715
f 1716//1716 1717//1717 1718//1718
f 1716//1716 1718//1718 1719//1719
f 1720//1720 1721//1721 1722//1722
f 1720//1720 1722//1722 1723//1723
f 1724//1724 1725//1725 1726//1726
f 1724//1724 1726//1726 1727//1727
f 1728//1728 1729//1729 1730//1730
f 1728//1728 1730//1730 1731//1731
f 1732//1732 1733//1733 1734//1734
f 1735//1735 1736//1736 1737//1737
f 1738//1738 1739//1739 1740//1740
f 1738//1738 1740//1740 1741//1741
f 1742//1742 1743//1743 1744//1744
f 1742//1742 1744//1744 1745//1745
f 1746//1746 1747//1747 1748//1748
f 1746//1746 1748//1748 1749//1749
f 1750//1750 1751//1751 1752//1752
f 1750//1750 1752//1752 1753//1753
f 1754//1754 1755//1755 1756//1756
f 1754//1754 1756//1756 1757//1757
f 1758//1758 1759//1759 1760//1760
f 1758//1758 1760//1760 1761//1761
f 1762//1762 1763//1763 1764//1764
f 1762//1762 1764//1764 1765//1765
f 1766//1766 1767//1767 1768//1768
f 1766//1766 1768//1768 1769//1769
f 1770//1770 1771//1771 1772//1772
f 1770//1770 1772//1772 1773//1773
f 1774//1774 1775//1775 1776//1776
f 1774//1774 1776//1776 1777//1777
f 1778//1778 1779//1779 1780//1780
f 1781//1781 1782//1782 1783//1783
f 1784//1784 1785//1785 1786//1786
f 1787//1787 1788//1788 1789//1789
f 1790//1790 1791//1791 1792//1792
f 1790//1790 1792//1792 1793//1793
f 1794//1794 1795//1795 1796//1796
f 1794//1794 1796//1796 1797//1797
f 1798//1798 1799//1799 1800//1800
f 1801//1801 1802//1802 1803//1803
f 1804//1804 1805//1805 1806//1806
f 1804//1804 1806//1806 1807//1807
f 1808//1808 1809//1809 1810//1810
f 1808//1808 1810//1810 1811//1811
f 1812//1812 1813//1813 1814//1814
f 1812//1812 1814//1814 1815//1815
f 1816//1816 1817//1817 1818//1818
f 1816//1816 1818//1818 1819//1819
f 1820//1820 1821//1821 1822//1822
f 1820//1820 1822//1822 1823//1823
f 1824//1824 1825//1825 1826//1826
f 1824//1824 1826//1826 1827//1827
f 1828//1828 1829//1829 1830//1830
f 1828//1828 1830//1830 1831//1831
f 1832//1832 1833//1833 1834//1834
f 1832//1832 1834//1834 1835//1835
f 1836//1836 1837//1837 1838//1838
f 1836//1836 1838//1838 1839//1839
f 1840//1840 1841//1841 1842//1842
f 1840//1840 1842//1842 1843//1843
f 1844//1844 1845//1845 1846//1846
f 1844//1844 1846//1846 1847//1847
f 1848//1848 1849//1849 1850//1850
f 1848//1848 1850//1850 1851//1851
f 1852//1852 1853//1853 1854//1854
f 1852//1852 1854//1854 1855//1855
f 1856//1856 1857//1857 1858//1858
f 1859//1859 1860//1860 1861//1861
f 1862//1862 1863//1863 1864//1864
f 1862//1862 1864//1864 1865//1865
f 1866//1866 1867//1867 1868//1868
f 1866//1866 1868//1868 1869//1869
f 1870//1870 1871//1871 1872//1872
f 1870//1870 1872//1872 1873//1873
f 1874//1874 1875//1875 1876//1876
f 1877//1877 1878//1878 1879//1879
f 1880//1880 1881//1881 1882//1882
f 1880//1880 1882//1882 1883//1883
f 1884//1884 1885//1885 1886//1886
f 1887//1887 1888//1888 1889//1889
f 1890//1890 1891//1891 1892//1892
f 1890//1890 1892//1892 1893//1893
f 1894//1894 1895//1895 1896//1896
f 1894//1894 1896//1896 1897//1897
f 1898//1898 1899//1899 1900//1900
f 1901//1901 1902//1902 1903//1903
f 1904//1904 1905//1905 1906//1906
f 1907//1907 1908//1908 1909//1909
f 1910//1910 1911//1911 1912//1912
f 1913//1913 1914//1914 1915//1915
f 1916//1916 1917//1917 1918//1918
f 1919//1919 1920//1920 1921//1921
f 1919//1919 1921//1921 1922//1922
f 1923//1923 1924//1924 1925//1925
f 1926//1926 1927//1927 1928//1928
f 1927//1927 1926//1926 1929//1929
f 1930//1930 1931//1931 1932//1932
f 1933//1933 1934//1934 1935//1935
f 1936//1936 1937//1937 1938//1938
f 1939//1939 1940//1940 1941//1941
f 1942//1942 1943//1943 1944//1944
f 1945//1945 1946//1946 1947//1947
f 1948//1948 1949//1949 1950//1950
f 1951//1951 1952//1952 1953//1953
f 1954//1954 1955//1955 1956//1956
f 1957//1957 1958//1958 1959//1959
f 1960//1960 1961//1961 1962//1962
f 1963//1963 1964//1964 1965//1965
f 1964//1964 1963//1963 1966//1966
f 1967//1967 1968//1968 1969//1969
f 1970//1970 1971//1971 1972//1972
f 1973//1973 1974//1974 1975//1975
f 1976//1976 1977//1977 1978//1978
f 1979//1979 1980//1980 1981//1981
f 1982//1982 1983//1983 1984//1984
f 1985//1985 1986//1986 1987//1987
f 1988//1988 1989//1989 1990//1990
f 1991//1991 1992//1992 1993//1993
f 1994//1994 1995//1995 1996//1996
f 1997//1997 1998//1998 1999//1999
f 2000//2000 2001//2001 2002//2002
f 2003//2003 2004//2004 2005//2005
f 2006//2006 2007//2007 2008//2008
f 2009//2009 2010//2010 2011//2011
f 2012//2012 2013//2013 2014//2014
f 2015//2015 2016//2016 2017//2017
f 2018//2018 2019//2019 2020//2020
f 2021//2021 2022//2022 2023//2023
f 2024//2024 2025//2025 2026//2026
f 2027//2027 2028//2028 2029//2029
f 2030//2030 2031//2031 2032//2032
f 2030//2030 2032//2032 2033//2033
f 2034//2034 2035//2035 2036//2036
f 2037//2037 2038//2038 2039//2039
f 2038//2038 2037//2037 2040//2040
f 2041//2041 2042//2042 2043//2043
f 2044//2044 2045//2045 2046//2046
f 2047//2047 2048//2048 2049//2049
f 2050//2050 2051//2051 2052//2052
f 2053//2053 2054//2054 2055//2055
f 2056//2056 2057//2057 2058//2058
f 2056//2056 2058//2058 2059//2059
f 2060//2060 2061//2061 2062//2062
f 2063//2063 2064//2064 2065//2065
f 2066//2066 2067//2067 2068//2068
f 2069//2069 2070//2070 2071//2071
f 2072//2072 2073//2073 2074//2074
f 2069//2069 2075//2075 2076//2076
f 2077//2077 2078//2078 2079//2079
f 2080//2080 2081//2081 2082//2082
f 2083//2083 2084//2084 2085//2085
f 2083//2083 2085//2085 2086//2086
f 2087//2087 2088//2088 2089//2089
f 2090//2090 2091//2091 2092//2092
f 2093//2093 2094//2094 2095//2095
f 2096//2096 2097//2097 2098//2098
f 2099//2099 2100//2100 2101//2101
f 2102//2102 2103//2103 2104//2104
f 2105//2105 2106//2106 2107//2107
f 2108//2108 2109//2109 2110//2110
f 2111//2111 2112//2112 2113//2113
f 2113//2113 2114//2114 2111//2111
f 2115//2115 2116//2116 2117//2117
f 2118//2118 2119//2119 2120//2120
f 2121//2121 2122//2122 2123//2123
f 2124//2124 2125//2125 2126//2126
f 2127//2127 2128//2128 2129//2129
f 2130//2130 2131//2131 2132//2132
f 2133//2133 2134//2134 2135//2135
f 2136//2136 2137//2137 2138//2138
f 2136//2136 2138//2138 2139//2139
f 2140//2140 2141//2141 2142//2142
f 2143//2143 2144//2144 2145//2145
f 2146//2146 2147//2147 2148//2148
f 2148//2148 2149//2149 2146//2146
f 2150//2150 2151//2151 2152//2152
f 2153//2153 2154//2154 2155//2155
f 2156//2156 2157//2157 2158//2158
f 2159//2159 2160//2160 2161//2161
f 2162//2162 2163//2163 2164//2164
f 2165//2165 2166//2166 2167//2167
f 2168//2168 2169//2169 2170//2170
f 2171//2171 2172//2172 2173//2173
f 2171//2171 2173//2173 2174//2174
f 2175//2175 2176//2176 2177//2177
f 2178//2178 2179//2179 2180//2180
f 2175//2175 2181//2181 2182//2182
f 2182//2182 2183//2183 2175//2175
f 2184//2184 2185//2185 2186//2186
f 2184//2184 2186//2186 2187//2187
f 2188//2188 2189//2189 2190//2190
f 2188//2188 2190//2190 2191//2191
f 2192//2192 2193//2193 2194//2194
f 2192//2192 2194//2194 2195//2195
f 2196//2196 2197//2197 2198//2198
f 2196//2196 2198//2198 2199//2199
f 2200//2200 2201//2201 2202//2202
f 2200//2200 2202//2202 2203//2203
f 2204//2204 2205//2205 2206//2206
f 2204//2204 2206//2206 2207//2207
f 2208//2208 2209//2209 2210//2210
f 2208//2208 2210//2210 2211//2211
f 2212//2212 2213//2213 2214//2214
f 2212//2212 2214//2214 2215//2215
f 2216//2216 2217//2217 2218//2218
f 2216//2216 2218//2218 2219//2219
f 2220//2220 2221//2221 2222//2222
f 2220//2220 2222//2222 2223//2223
f 2224//2224 2225//2225 2226//2226
f 2227//2227 2228//2228 2229//2229
f 2230//2230 2231//2231 2232//2232
f 2230//2230 2232//2232 2233//2233
f 2234//2234 2235//2235 2236//2236
f 2234//2234 2236//2236 2237//2237
f 2238//2238 2239//2239 2240//2240
f 2241//2241 2242//2242 2243//2243
f 2244//2244 2245//2245 2246//2246
f 2244//2244 2246//2246 2247//2247
f 2248//2248 2249//2249 2250//2250
f 2248//2248 2250//2250 2251//2251
f 2252//2252 2253//2253 2254//2254
f 2252//2252 2254//2254 2255//2255
f 2256//2256 2257//2257 2258//2258
f 2256//2256 2258//2258 2259//2259
f 2260//2260 2261//2261 2262//2262
f 2260//2260 2262//2262 2263//2263
f 2264//2264 2265//2265 2266//2266
f 2264//2264 2266//2266 2267//2267
f 2268//2268 2269//2269 2270//2270
f 2268//2268 2270//2270 2271//2271
f 2272//2272 2273//2273 2274//2274
f 2272//2272 2274//2274 2275//2275
f 2276//2276 2277//2277 2278//2278
f 2276//2276 2278//2278 2279//2279
f 2280//2280 2281//2281 2282//2282
f 2280//2280 2282//2282 2283//2283
f 2284//2284 2285//2285 2286//2286
f 2284//2284 2286//2286 2287//2287
f 2288//2288 2289//2289 2290//2290
f 2288//2288 2290//2290 2291//2291
f 2292//2292 2293//2293 2294//2294
f 2292//2292 2294//2294 2295//2295
f 2296//2296 2297//2297 2298//2298
f 2296//2296 2298//2298 2299//2299
f 2300//2300 2301//2301 2302//2302
f 2303//2303 2304//2304 2305//2305
f 2306//2306 2307//2307 2308//2308
f 2306//2306 2308//2308 2309//2309
f 2310//2310 2311//2311 2312//2312
f 2310//2310 2312//2312 2313//2313
f 2314//2314 2315//2315 2316//2316
f 2314//2314 2316//2316 2317//2317
f 2318//2318 2319//2319 2320//2320
f 2318//2318 2320//2320 2321//2321
f 2322//2322 2323//2323 2324//2324
f 2322//2322 2324//2324 2325//2325
f 2326//2326 2327//2327 2328//2328
f 2326//2326 2328//2328 2329//2329
f 2330//2330 2331//2331 2332//2332
f 2330//2330 2332//2332 2333//2333
f 2334//2334 2335//2335 2336//2336
f 2334//2334 2336//2336 2337//2337
f 2338//2338 2339//2339 2340//2340
f 2338//2338 2340//2340 2341//2341
f 2342//2342 2343//2343 2344//2344
f 2342//2342 2344//2344 2345//2345
f 2346//2346 2347//2347 2348//2348
f 2349//2349 2350//2350 2351//2351
f 2352//2352 2353//2353 2354//2354
f 2352//2352 2354//2354 2355//2355
f 2356//2356 2357//2357 2358//2358
f 2356//2356 2358//2358 2359//2359
f 2360//2360 2361//2361 2362//2362
f 2360//2360 2362//2362 2363//2363
f 2364//2364 2365//2365 2366//2366
f 2364//2364 2366//2366 2367//2367
f 2368//2368 2369//2369 2370//2370
f 2368//2368 2370//2370 2371//2371
f 2372//2372 2373//2373 2374//2374
f 2372//2372 2374//2374 2375//2375
f 2376//2376 2377//2377 2378//2378
f 2376//2376 2378//2378 2379//2379
f 2380//2380 2381//2381 2382//2382
f 2380//2380 2382//2382 2383//2383
f 2384//2384 2385//2385 2386//2386
f 2384//2384 2386//2386 2387//2387
f 2388//2388 2389//2389 2390//2390
f 2388//2388 2390//2390 2391//2391
f 2392//2392 2393//2393 2394//2394
f 2392//2392 2394//2394 2395//2395
f 2396//2396 2397//2397 2398//2398
f 2396//2396 2398//2398 2399//2399
f 2400//2400 2401//2401 2402//2402
f 2400//2400 2402//2402 2403//2403
f 2404//2404 2405//2405 2406//2406
f 2404//2404 2406//2406 2407//2407
f 2408//2408 2409//2409 2410//2410
f 2408//2408 2410//2410 2411//2411
f 2412//2412 2413//2413 2414//2414
f 2412//2412 2414//2414 2415//2415
f 2416//2416 2417//2417 2418//2418
f 2416//2416 2418//2418 2419//2419
f 2420//2420 2421//2421 2422//2422
f 2423//2423 2424//2424 2425//2425
f 2426//2426 2427//2427 2428//2428
f 2429//2429 2430//2430 2431//2431
f 2432//2432 2433//2433 2434//2434
f 2432//2432 2434//2434 2435//2435
f 2436//2436 2437//2437 2438//2438
f 2436//2436 2438//2438 2439//2439
f 2440//2440 2441//2441 2442//2442
f 2443//2443 2444//2444 2445//2445
f 2446//2446 2447//2447 2448//2448
f 2449//2449 2450//2450 2451//2451
f 2452//2452 2453//2453 2454//2454
f 2455//2455 2456//2456 2457//2457
f 2458//2458 2459//2459 2460//2460
f 2458//2458 2460//2460 2461//2461
f 2462//2462 2463//2463 2464//2464
f 2465//2465 2466//2466 2467//2467
f 2468//2468 2469//2469 2470//2470
f 2471//2471 2472//2472 2473//2473
f 2474//2474 2475//2475 2476//2476
f 2477//2477 2478//2478 2479//2479
f 2480//2480 2481//2481 2482//2482
f 2483//2483 2484//2484 2485//2485
f 2486//2486 2487//2487 2488//2488
f 2489//2489 2490//2490 2491//2491
f 2492//2492 2493//2493 2494//2494
f 2495//2495 2496//2496 2497//2497
f 2498//2498 2499//2499 2500//2500
f 2499//2499 2498//2498 2501//2501
f 2502//2502 2503//2503 2504//2504
f 2505//2505 2506//2506 2507//2507
f 2508//2508 2509//2509 2510//2510
f 2511//2511 2512//2512 2513//2513
f 2514//2514 2515//2515 2516//2516
f 2517//2517 2518//2518 2519//2519
f 2520//2520 2521//2521 2522//2522
f 2523//2523 2524//2524 2525//2525
f 2526//2526 2527//2527 2528//2528
f 2526//2526 2528//2528 2529//2529
f 2530//2530 2531//2531 2532//2532
f 2533//2533 2534//2534 2535//2535
f 2534//2534 2533//2533 2536//2536
f 2537//2537 2538//2538 2539//2539
f 2540//2540 2541//2541 2542//2542
f 2543//2543 2544//2544 2545//2545
f 2546//2546 2547//2547 2548//2548
f 2549//2549 2550//2550 2551//2551
f 2552//2552 2553//2553 2554//2554
f 2555//2555 2556//2556 2557//2557
f 2558//2558 2559//2559 2560//2560
f 2561//2561 2562//2562 2563//2563
f 2561//2561 2563//2563 2564//2564
f 2565//2565 2566//2566 2567//2567
f 2568//2568 2569//2569 2570//2570
f 2571//2571 2572//2572 2573//2573
f 2574//2574 2575//2575 2576//2576
f 2577//2577 2578//2578 2579//2579
f 2580//2580 2581//2581 2582//2582
f 2583//2583 2584//2584 2585//2585
f 2586//2586 2587//2587 2588//2588
f 2589//2589 2590//2590 2591//2591
f 2592//2592 2593//2593 2594//2594
f 2595//2595 2596//2596 2597//2597
f 2598//2598 2599//2599 2600//2600
f 2601//2601 2602//2602 2603//2603
f 2604//2604 2605//2605 2606//2606
f 2607//2607 2608//2608 2609//2609
f 2608//2608 2607//2607 2610//2610
f 2611//2611 2612//2612 2613//2613
f 2614//2614 2615//2615 2616//2616
f 2617//2617 2618//2618 2619//2619
f 2620//2620 2621//2621 2622//2622
f 2623//2623 2624//2624 2625//2625
f 2626//2626 2627//2627 2628//2628
f 2629//2629 2630//2630 2631//2631
f 2632//2632 2633//2633 2634//2634
f 2635//2635 2636//2636 2637//2637
f 2638//2638 2639//2639 2640//2640
f 2641//2641 2642//2642 2643//2643
f 2644//2644 2645//2645 2646//2646
f 2647//2647 2648//2648 2649//2649
f 2650//2650 2651//2651 2645//2645
f 2652//2652 2653//2653 2654//2654
f 2655//2655 2656//2656 2657//2657
f 2655//2655 2657//2657 2658//2658
f 2659//2659 2660//2660 2661//2661
f 2662//2662 2663//2663 2664//2664
f 2665//2665 2666//2666 2667//2667
f 2668//2668 2669//2669 2670//2670
f 2671//2671 2672//2672 2673//2673
f 2671//2671 2673//2673 2674//2674
f 2675//2675 2676//2676 2677//2677
f 2678//2678 2675//2675 2677//2677
f 2679//2679 2680//2680 2681//2681
f 2682//2682 2683//2683 2684//2684
f 2685//2685 2686//2686 2687//2687
f 2688//2688 2689//2689 2690//2690
f 2688//2688 2690//2690 2691//2691
f 2692//2692 2693//2693 2694//2694
f 2695//2695 2696//2696 2697//2697
f 2695//2695 2697//2697 2698//2698
f 2699//2699 2700//2700 2701//2701
f 2702//2702 2703//2703 2704//2704
f 2702//2702 2704//2704 2705//2705
f 2706//2706 2707//2707 2708//2708
f 2709//2709 2706//2706 2708//2708
f 2710//2710 2711//2711 2712//2712
f 2713//2713 2714//2714 2715//2715
f 2716//2716 2717//2717 2718//2718
f 2719//2719 2720//2720 2721//2721
f 2722//2722 2723//2723 2724//2724
f 2725//2725 2726//2726 2727//2727
f 2728//2728 2729//2729 2730//2730
f 2731//2731 2732//2732 2733//2733
f 2734//2734 2735//2735 2736//2736
f 2737//2737 2738//2738 2739//2739
f 2740//2740 2741//2741 2742//2742
f 2743//2743 2744//2744 2745//2745
f 2746//2746 2743//2743 2745//2745
f 2747//2747 2748//2748 2749//2749
f 2750//2750 2751//2751 2743//2743
f 2752//2752 2753//2753 2754//2754
f 2755//2755 2752//2752 2754//2754
f 2752//2752 2755//2755 2756//2756
f 2757//2757 2752//2752 2756//2756
f 2752//2752 2757//2757 2758//2758
f 2759//2759 2752//2752 2758//2758
f 2752//2752 2759//2759 2760//2760
f 2761//2761 2752//2752 2760//2760
f 2752//2752 2761//2761 2762//2762
f 2763//2763 2752//2752 2762//2762
f 2752//2752 2763//2763 2764//2764
f 2765//2765 2752//2752 2764//2764
f 2752//2752 2765//2765 2766//2766
f 2767//2767 2752//2752 2766//2766
f 2752//2752 2767//2767 2768//2768
f 2769//2769 2752//2752 2768//2768
f 2752//2752 2769//2769 2770//2770
f 2771//2771 2752//2752 2770//2770
f 2752//2752 2771//2771 2772//2772
f 2773//2773 2752//2752 2772//2772
f 2752//2752 2773//2773 2774//2774
f 2774//2774 2775//2775 2752//2752
f 2776//2776 2777//2777 2778//2778
f 2776//2776 2778//2778 2779//2779
f 2780//2780 2781//2781 2782//2782
f 2780//2780 2782//2782 2783//2783
f 2784//2784 2785//2785 2786//2786
f 2784//2784 2786//2786 2787//2787
f 2788//2788 2789//2789 2790//2790
f 2788//2788 2790//2790 2791//2791
f 2792//2792 2793//2793 2794//2794
f 2792//2792 2794//2794 2795//2795
f 2796//2796 2797//2797 2798//2798
f 2796//2796 2798//2798 2799//2799
f 2800//2800 2801//2801 2802//2802
f 2800//2800 2802//2802 2803//2803
f 2804//2804 2805//2805 2806//2806
f 2804//2804 2806//2806 2807//2807
f 2808//2808 2809//2809 2810//2810
f 2808//2808 2810//2810 2811//2811
f 2812//2812 2813//2813 2814//2814
f 2812//2812 2814//2814 2815//2815
f 2816//2816 2817//2817 2818//2818
f 2816//2816 2818//2818 2819//2819
f 2820//2820 2821//2821 2822//2822
f 2820//2820 2822//2822 2823//2823
f 2824//2824 2825//2825 2826//2826
f 2824//2824 2826//2826 2827//2827
f 2828//2828 2829//2829 2830//2830
f 2828//2828 2830//2830 2831//2831
f 2832//2832 2833//2833 2834//2834
f 2832//2832 2834//2834 2835//2835
f 2836//2836 2837//2837 2838//2838
f 2836//2836 2838//2838 2839//2839
f 2840//2840 2841//2841 2842//2842
f 2840//2840 2842//2842 2843//2843
f 2844//2844 2845//2845 2846//2846
f 2844//2844 2846//2846 2847//2847
f 2848//2848 2849//2849 2850//2850
f 2848//2848 2850//2850 2851//2851
f 2852//2852 2853//2853 2854//2854
f 2852//2852 2854//2854 2855//2855
f 2856//2856 2857//2857 2858//2858
f 2856//2856 2858//2858 2859//2859
f 2860//2860 2861//2861 2862//2862
f 2860//2860 2862//2862 2863//2863
f 2864//2864 2865//2865 2866//2866
f 2864//2864 2866//2866 2867//2867
f 2868//2868 2869//2869 2870//2870
f 2868//2868 2870//2870 2871//2871
f 2872//2872 2873//2873 2874//2874
f 2875//2875 2872//2872 2874//2874
f 2872//2872 2875//2875 2876//2876
f 2877//2877 2872//2872 2876//2876
f 2872//2872 2877//2877 2878//2878
f 2879//2879 2872//2872 2878//2878
f 2872//2872 2879//2879 2880//2880
f 2881//2881 2872//2872 2880//2880
f 2872//2872 2881//2881 2882//2882
f 2883//2883 2872//2872 2882//2882
f 2872//2872 2883//2883 2884//2884
f 2885//2885 2872//2872 2884//2884
f 2872//2872 2885//2885 2886//2886
f 2887//2887 2872//2872 2886//2886
f 2872//2872 2887//2887 2888//2888
f 2889//2889 2872//2872 2888//2888
f 2872//2872 2889//2889 2890//2890
f 2891//2891 2872//2872 2890//2890
f 2872//2872 2891//2891 2892//2892
f 2893//2893 2872//2872 2892//2892
f 2872//2872 2893//2893 2894//2894
f 2894//2894 2895//2895 2872//2872
f 2896//2896 2897//2897 2898//2898
f 2899//2899 2896//2896 2898//2898
f 2900//2900 2901//2901 2902//2902
f 2903//2903 2900//2900 2902//2902
f 2896//2896 2904//2904 2905//2905
f 2906//2906 2900//2900 2907//2907
f 2900//2900 2906//2906 2908//2908
f 2909//2909 2900//2900 2908//2908
f 2910//2910 2911//2911 2912//2912
f 2913//2913 2900//2900 2914//2914
f 2900//2900 2913//2913 2915//2915
f 2916//2916 2900//2900 2915//2915
f 2900//2900 2916//2916 2917//2917
f 2918//2918 2900//2900 2917//2917
f 2900//2900 2918//2918 2919//2919
f 2920//2920 2896//2896 2921//2921
f 2900//2900 2922//2922 2923//2923
f 2924//2924 2896//2896 2925//2925
f 2900//2900 2926//2926 2927//2927
f 2928//2928 2900//2900 2927//2927
f 2896//2896 2929//2929 2930//2930
f 2931//2931 2932//2932 2900//2900
f 2933//2933 2934//2934 2935//2935
f 2936//2936 2937//2937 2938//2938
f 2939//2939 2940//2940 2941//2941
f 2942//2942 2943//2943 2944//2944
f 2943//2943 2942//2942 2945//2945
f 2946//2946 2937//2937 2947//2947
f 2933//2933 2948//2948 2949//2949
f 2950//2950 2933//2933 2949//2949
f 2951//2951 2952//2952 2953//2953
f 2954//2954 2933//2933 2955//2955
f 2951//2951 2956//2956 2957//2957
f 2958//2958 2959//2959 2960//2960
f 2933//2933 2961//2961 2962//2962
f 2963//2963 2964//2964 2965//2965
f 2951//2951 2966//2966 2967//2967
f 2968//2968 2964//2964 2969//2969
f 2951//2951 2970//2970 2971//2971
f 2972//2972 2933//2933 2973//2973
f 2937//2937 2974//2974 2975//2975
f 2976//2976 2933//2933 2977//2977
f 2943//2943 2978//2978 2979//2979
f 2980//2980 2981//2981 2933//2933
f 2982//2982 2983//2983 2984//2984
f 2985//2985 2986//2986 2987//2987
f 2988//2988 2989//2989 2990//2990
f 2991//2991 2982//2982 2992//2992
f 2993//2993 2994//2994 2995//2995
f 2996//2996 2982//2982 2997//2997
f 2993//2993 2998//2998 2999//2999
f 3000//3000 3001//3001 3002//3002
f 2988//2988 3003//3003 3004//3004
f 3005//3005 3001//3001 3006//3006
f 3007//3007 3008//3008 3009//3009
f 3010//3010 3001//3001 3011//3011
f 3007//3007 3012//3012 3013//3013
f 3014//3014 2982//2982 3015//3015
f 2982//2982 3014//3014 3016//3016
f 3017//3017 3018//3018 3019//3019
f 3007//3007 3020//3020 3021//3021
f 3022//3022 3023//3023 3024//3024
f 3025//3025 3026//3026 3027//3027
f 3028//3028 3018//3018 3029//3029
f 3018//3018 3028//3028 3030//3030
f 3031//3031 3032//3032 3025//3025
f 3033//3033 3034//3034 3035//3035
f 3033//3033 3035//3035 3036//3036
f 3037//3037 3038//3038 3039//3039
f 3037//3037 3039//3039 3040//3040
f 3041//3041 3042//3042 3043//3043
f 3041//3041 3043//3043 3044//3044
f 3045//3045 3046//3046 3047//3047
f 3045//3045 3047//3047 3048//3048
f 3049//3049 3050//3050 3051//3051
f 3049//3049 3051//3051 3052//3052
f 3053//3053 3054//3054 3055//3055
f 3053//3053 3055//3055 3056//3056
f 3057//3057 3058//3058 3059//3059
f 3060//3060 3061//3061 3062//3062
f 3061//3061 3060//3060 3063//3063
f 3064//3064 3065//3065 3066//3066
f 3061//3061 3067//3067 3068//3068
f 3069//3069 3061//3061 3068//3068
f 3061//3061 3069//3069 3070//3070
f 3071//3071 3061//3061 3070//3070
f 3061//3061 3071//3071 3072//3072
f 3073//3073 3061//3061 3072//3072
f 3061//3061 3073//3073 3074//3074
f 3075//3075 3061//3061 3074//3074
f 3061//3061 3075//3075 3076//3076
f 3077//3077 3061//3061 3076//3076
f 3061//3061 3077//3077 3078//3078
f 3079//3079 3061//3061 3078//3078
f 3061//3061 3079//3079 3080//3080
f 3081//3081 3061//3061 3080//3080
f 3061//3061 3081//3081 3082//3082
f 3083//3083 3061//3061 3082//3082
f 3061//3061 3083//3083 3084//3084
f 3085//3085 3086//3086 3087//3087
f 3088//3088 3089//3089 3090//3090
f 3091//3091 3092//3092 3093//3093
f 3088//3088 3094//3094 3095//3095
f 3096//3096 3088//3088 3095//3095
f 3088//3088 3096//3096 3097//3097
f 3098//3098 3088//3088 3097//3097
f 3088//3088 3098//3098 3099//3099
f 3100//3100 3088//3088 3099//3099
f 3088//3088 3100//3100 3101//3101
f 3102//3102 3088//3088 3101//3101
f 3088//3088 3102//3102 3103//3103
f 3104//3104 3088//3088 3103//3103
f 3088//3088 3104//3104 3105//3105
f 3106//3106 3088//3088 3105//3105
f 3088//3088 3106//3106 3107//3107
f 3108//3108 3088//3088 3107//3107
f 3088//3088 3108//3108 3109//3109
f 3110//3110 3088//3088 3109//3109
f 3088//3088 3110//3110 3111//3111
f 3112//3112 3088//3088 3111//3111
f 3088//3088 3112//3112 3113//3113
f 3114//3114 3115//3115 3116//3116
f 3117//3117 3118//3118 3119//3119
f 3117//3117 3119//3119 3120//3120
f 3121//3121 3122//3122 3123//3123
f 3121//3121 3123//3123 3124//3124
f 3125//3125 3126//3126 3127//3127
f 3125//3125 3127//3127 3128//3128
f 3129//3129 3130//3130 3131//3131
f 3129//3129 3131//3131 3132//3132
f 3133//3133 3134//3134 3135//3135
f 3133//3133 3135//3135 3136//3136
f 3137//3137 3138//3138 3139//3139
f 3137//3137 3139//3139 3140//3140
f 3141//3141 3142//3142 3143//3143
f 3141//3141 3143//3143 3144//3144
f 3145//3145 3146//3146 3147//3147
f 3148//3148 3149//3149 3150//3150
f 3151//3151 3152//3152 3153//3153
f 3151//3151 3153//3153 3154//3154
f 3155//3155 3156//3156 3157//3157
f 3155//3155 3157//3157 3158//3158
f 3159//3159 3160//3160 3161//3161
f 3159//3159 3161//3161 3162//3162
f 3163//3163 3164//3164 3165//3165
f 3163//3163 3165//3165 3166//3166
f 3167//3167 3168//3168 3169//3169
f 3167//3167 3169//3169 3170//3170
f 3171//3171 3172//3172 3173//3173
f 3171//3171 3173//3173 3174//3174
f 3175//3175 3176//3176 3177//3177
f 3175//3175 3177//3177 3178//3178
f 3179//3179 3180//3180 3181//3181
f 3179//3179 3181//3181 3182//3182
f 3183//3183 3184//3184 3185//3185
f 3183//3183 3185//3185 3186//3186
f 3187//3187 3188//3188 3189//3189
f 3187//3187 3189//3189 3190//3190
f 3191//3191 3192//3192 3193//3193
f 3194//3194 3195//3195 3196//3196
f 3197//3197 3198//3198 3199//3199
f 3200//3200 3201//3201 3202//3202
f 3203//3203 3204//3204 3205//3205
f 3203//3203 3205//3205 3206//3206
f 3207//3207 3208//3208 3209//3209
f 3207//3207 3209//3209 3210//3210
f 3211//3211 3212//3212 3213//3213
f 3211//3211 3213//3213 3214//3214
f 3215//3215 3216//3216 3217//3217
f 3215//3215 3217//3217 3218//3218
f 3219//3219 3220//3220 3221//3221
f 3222//3222 3223//3223 3224//3224
f 3225//3225 3226//3226 3227//3227
f 3228//3228 3229//3229 3230//3230
f 3231//3231 3232//3232 3233//3233
f 3231//3231 3233//3233 3234//3234
f 3235//3235 3236//3236 3237//3237
f 3235//3235 3237//3237 3238//3238
f 3239//3239 3240//3240 3241//3241
f 3242//3242 3243//3243 3244//3244
f 3245//3245 3246//3246 3247//3247
f 3248//3248 3249//3249 3250//3250
f 3251//3251 3252//3252 3253//3253
f 3251//3251 3253//3253 3254//3254
f 3255//3255 3256//3256 3257//3257
f 3258//3258 3259//3259 3260//3260
f 3261//3261 3262//3262 3263//3263
f 3261//3261 3263//3263 3264//3264
f 3265//3265 3266//3266 3267//3267
f 3268//3268 3269//3269 3270//3270
f 3271//3271 3272//3272 3273//3273
f 3271//3271 3273//3273 3274//3274
f 3275//3275 3276//3276 3277//3277
f 3278//3278 3279//3279 3280//3280
f 3281//3281 3282//3282 3283//3283
f 3281//3281 3283//3283 3284//3284
f 3285//3285 3286//3286 3287//3287
f 3285//3285 3287//3287 3288//3288
f 3289//3289 3290//3290 3291//3291
f 3289//3289 3291//3291 3292//3292
f 3293//3293 3294//3294 3295//3295
f 3296//3296 3297//3297 3298//3298
f 3299//3299 3300//3300 3301//3301
f 3302//3302 3303//3303 3304//3304
f 3305//3305 3306//3306 3307//3307
f 3305//3305 3307//3307 3308//3308
f 3309//3309 3310//3310 3311//3311
f 3309//3309 3311//3311 3312//3312
f 3313//3313 3314//3314 3315//3315
f 3316//3316 3317//3317 3318//3318
f 3319//3319 3320//3320 3321//3321
f 3322//3322 3323//3323 3324//3324
f 3325//3325 3326//3326 3327//3327
f 3328//3328 3329//3329 3330//3330
f 3331//3331 3332//3332 3333//3333
f 3334//3334 3335//3335 3336//3336
f 3337//3337 3338//3338 3339//3339
f 3337//3337 3339//3339 3340//3340
f 3341//3341 3342//3342 3343//3343
f 3341//3341 3343//3343 3344//3344
f 3345//3345 3346//3346 3347//3347
f 3348//3348 3349//3349 3350//3350
f 3351//3351 3352//3352 3353//3353
f 3351//3351 3353//3353 3354//3354
f 3355//3355 3356//3356 3357//3357
f 3355//3355 3357//3357 3358//3358
f 3359//3359 3360//3360 3361//3361
f 3362//3362 3363//3363 3364//3364
f 3365//3365 3366//3366 3367//3367
f 3368//3368 3369//3369 3370//3370
f 3371//3371 3372//3372 3373//3373
f 3371//3371 3373//3373 3374//3374
f 3375//3375 3376//3376 3377//3377
f 3375//3375 3377//3377 3378//3378
f 3379//3379 3380//3380 3381//3381
f 3382//3382 3383//3383 3384//3384
f 3385//3385 3386//3386 3387//3387
f 3388//3388 3389//3389 3390//3390
f 3391//3391 3392//3392 3393//3393
f 3394//3394 3395//3395 3396//3396
f 3397//3397 3398//3398 3399//3399
f 3400//3400 3401//3401 3402//3402
f 3403//3403 3404//3404 3405//3405
f 3403//3403 3405//3405 3406//3406
f 3407//3407 3408//3408 3409//3409
f 3410//3410 3411//3411 3412//3412
f 3413//3413 3414//3414 3415//3415
f 3416//3416 3417//3417 3418//3418
f 3419//3419 3420//3420 3421//3421
f 3419//3419 3421//3421 3422//3422
f 3423//3423 3424//3424 3425//3425
f 3423//3423 3425//3425 3426//3426
f 3427//3427 3428//3428 3429//3429
f 3427//3427 3429//3429 3430//3430
f 3431//3431 3432//3432 3433//3433
f 3434//3434 3435//3435 3436//3436
f 3437//3437 3438//3438 3439//3439
f 3440//3440 3441//3441 3442//3442
f 3443//3443 3444//3444 3445//3445
f 3446//3446 3447//3447 3448//3448
f 3449//3449 3450//3450 3451//3451
f 3452//3452 3453//3453 3454//3454
f 3455//3455 3456//3456 3457//3457
f 3458//3458 3459//3459 3460//3460
f 3461//3461 3462//3462 3463//3463
f 3462//3462 3461//3461 3464//3464
f 3465//3465 3466//3466 3467//3467
f 3468//3468 3469//3469 3470//3470
f 3471//3471 3472//3472 3473//3473
f 3474//3474 3475//3475 3476//3476
f 3477//3477 3478//3478 3479//3479
f 3480//3480 3481//3481 3482//3482
f 3483//3483 3484//3484 3485//3485
f 3486//3486 3487//3487 3488//3488
f 3489//3489 3490//3490 3491//3491
f 3492//3492 3493//3493 3494//3494
f 3495//3495 3496//3496 3497//3497
f 3498//3498 3499//3499 3497//3497
f 3500//3500 3501//3501 3502//3502
f 3503//3503 3504//3504 3505//3505
f 3506//3506 3507//3507 3508//3508
f 3509//3509 3510//3510 3511//3511
f 3512//3512 3513//3513 3514//3514
f 3515//3515 3516//3516 3517//3517
f 3518//3518 3519//3519 3520//3520
f 3518//3518 3520//3520 3521//3521
f 3522//3522 3523//3523 3524//3524
f 3525//3525 3526//3526 3527//3527
f 3528//3528 3529//3529 3530//3530
f 3531//3531 3532//3532 3533//3533
f 3534//3534 3535//3535 3536//3536
f 3531//3531 3537//3537 3538//3538
f 3539//3539 3540//3540 3541//3541
f 3542//3542 3543//3543 3544//3544
f 3545//3545 3546//3546 3547//3547
f 3548//3548 3549//3549 3550//3550
f 3551//3551 3552//3552 3553//3553
f 3554//3554 3555//3555 3556//3556
f 3557//3557 3558//3558 3559//3559
f 3560//3560 3561//3561 3562//3562
f 3563//3563 3564//3564 3565//3565
f 3566//3566 3567//3567 3568//3568
f 3569//3569 3570//3570 3571//3571
f 3572//3572 3573//3573 3574//3574
f 3573//3573 3572//3572 3575//3575
f 3576//3576 3577//3577 3569//3569
f 3578//3578 3579//3579 3580//3580
f 3581//3581 3582//3582 3583//3583
f 3584//3584 3585//3585 3586//3586
f 3587//3587 3588//3588 3589//3589
f 3590//3590 3591//3591 3592//3592
f 3593//3593 3594//3594 3595//3595
f 3596//3596 3597//3597 3598//3598
f 3599//3599 3600//3600 3601//3601
f 3599//3599 3601//3601 3602//3602
f 3603//3603 3604//3604 3605//3605
f 3606//3606 3607//3607 3608//3608
f 3609//3609 3610//3610 3611//3611
f 3612//3612 3613//3613 3614//3614
f 3615//3615 3616//3616 3617//3617
f 3618//3618 3619//3619 3620//3620
f 3621//3621 3622//3622 3623//3623
f 3624//3624 3625//3625 3626//3626
f 3627//3627 3628//3628 3629//3629
f 3630//3630 3631//3631 3632//3632
f 3633//3633 3634//3634 3635//3635
f 3636//3636 3637//3637 3638//3638
f 3639//3639 3640//3640 3641//3641
f 3642//3642 3643//3643 3644//3644
f 3645//3645 3646//3646 3647//3647
f 3642//3642 3648//3648 3649//3649
f 3650//3650 3651//3651 3652//3652
f 3653//3653 3654//3654 3655//3655
f 3656//3656 3657//3657 3658//3658
f 3659//3659 3660//3660 3661//3661
f 3662//3662 3663//3663 3664//3664
f 3665//3665 3666//3666 3667//3667
f 3668//3668 3669//3669 3670//3670
f 3671//3671 3672//3672 3673//3673
f 3674//3674 3675//3675 3676//3676
f 3677//3677 3678//3678 3679//3679
f 3680//3680 3681//3681 3682//3682
f 3683//3683 3684//3684 3685//3685
f 3686//3686 3687//3687 3688//3688
f 3689//3689 3690//3690 3691//3691
f 3692//3692 3693//3693 3694//3694
f 3695//3695 3696//3696 3697//3697
f 3698//3698 3699//3699 3700//3700
f 3701//3701 3702//3702 3703//3703
f 3704//3704 3705//3705 3706//3706
f 3707//3707 3708//3708 3709//3709
f 3710//3710 3711//3711 3712//3712
f 3713//3713 3714//3714 3715//3715
f 3716//3716 3717//3717 3718//3718
f 3719//3719 3720//3720 3721//3721
f 3722//3722 3723//3723 3724//3724
f 3725//3725 3726//3726 3727//3727
f 3728//3728 3729//3729 3730//3730
f 3731//3731 3732//3732 3733//3733
f 3734//3734 3731//3731 3733//3733
f 3731//3731 3734//3734 3735//3735
f 3736//3736 3731//3731 3735//3735
f 3731//3731 3736//3736 3737//3737
f 3738//3738 3731//3731 3737//3737
f 3731//3731 3738//3738 3739//3739
f 3740//3740 3731//3731 3739//3739
f 3731//3731 3740//3740 3741//3741
f 3742//3742 3731//3731 3741//3741
f 3731//3731 3742//3742 3743//3743
f 3744//3744 3731//3731 3743//3743
f 3731//3731 3744//3744 3745//3745
f 3746//3746 3731//3731 3745//3745
f 3731//3731 3746//3746 3747//3747
f 3748//3748 3731//3731 3747//3747
f 3731//3731 3748//3748 3749//3749
f 3750//3750 3731//3731 3749//3749
f 3731//3731 3750//3750 3751//3751
f 3752//3752 3731//3731 3751//3751
f 3731//3731 3752//3752 3753//3753
f 3754//3754 3731//3731 3753//3753
f 3731//3731 3754//3754 3755//3755
f 3756//3756 3731//3731 3755//3755
f 3731//3731 3756//3756 3757//3757
f 3758//3758 3731//3731 3757//3757
f 3731//3731 3758//3758 3759//3759
f 3760//3760 3731//3731 3759//3759
f 3731//3731 3760//3760 3761//3761
f 3762//3762 3731//3731 3761//3761
f 3731//3731 3762//3762 3763//3763
f 3764//3764 3731//3731 3763//3763
f 3731//3731 3764//3764 3765//3765
f 3766//3766 3731//3731 3765//3765
f 3731//3731 3766//3766 3767//3767
f 3768//3768 3731//3731 3767//3767
f 3731//3731 3768//3768 3769//3769
f 3770//3770 3731//3731 3769//3769
f 3731//3731 3770//3770 3771//3771
f 3772//3772 3731//3731 3771//3771
f 3731//3731 3772//3772 3773//3773
f 3774//3774 3731//3731 3773//3773
f 3731//3731 3774//3774 3775//3775
f 3776//3776 3731//3731 3775//3775
f 3731//3731 3776//3776 3777//3777
f 3778//3778 3731//3731 3777//3777
f 3731//3731 3778//3778 3779//3779
f 3780//3780 3731//3731 3779//3779
f 3731//3731 3780//3780 3781//3781
f 3782//3782 3731//3731 3781//3781
f 3731//3731 3782//3782 3783//3783
f 3784//3784 3731//3731 3783//3783
f 3731//3731 3784//3784 3785//3785
f 3786//3786 3731//3731 3785//3785
f 3731//3731 3786//3786 3787//3787
f 3788//3788 3731//3731 3787//3787
f 3731//3731 3788//3788 3789//3789
f 3790//3790 3731//3731 3789//3789
f 3731//3731 3790//3790 3791//3791
f 3792//3792 3731//3731 3791//3791
f 3731//3731 3792//3792 3793//3793
f 3794//3794 3731//3731 3793//3793
f 3731//3731 3794//3794 3795//3795
f 3796//3796 3731//3731 3795//3795
f 3731//3731 3796//3796 3797//3797
f 3798//3798 3731//3731 3797//3797
f 3731//3731 3798//3798 3799//3799
f 3800//3800 3731//3731 3799//3799
f 3731//3731 3800//3800 3801//3801
f 3802//3802 3731//3731 3801//3801
f 3731//3731 3802//3802 3803//3803
f 3804//3804 3731//3731 3803//3803
f 3731//3731 3804//3804 3805//3805
f 3806//3806 3731//3731 3805//3805
f 3731//3731 3806//3806 3807//3807
f 3808//3808 3731//3731 3807//3807
f 3731//3731 3808//3808 3809//3809
f 3810//3810 3731//3731 3809//3809
f 3731//3731 3810//3810 3811//3811
f 3812//3812 3731//3731 3811//3811
f 3731//3731 3812//3812 3813//3813
f 3814//3814 3731//3731 3813//3813
f 3731//3731 3814//3814 3815//3815
f 3816//3816 3731//3731 3815//3815
f 3731//3731 3816//3816 3817//3817
f 3818//3818 3731//3731 3817//3817
f 3731//3731 3818//3818 3819//3819
f 3820//3820 3731//3731 3819//3819
f 3731//3731 3820//3820 3821//3821
f 3822//3822 3731//3731 3821//3821
f 3731//3731 3822//3822 3823//3823
f 3824//3824 3731//3731 3823//3823
f 3731//3731 3824//3824 3825//3825
f 3825//3825 3826//3826 3731//3731
f 3827//3827 3828//3828 3829//3829
f 3827//3827 3829//3829 3830//3830
f 3831//3831 3832//3832 3833//3833
f 3831//3831 3833//3833 3834//3834
f 3835//3835 3836//3836 3837//3837
f 3835//3835 3837//3837 3838//3838
f 3839//3839 3840//3840 3841//3841
f 3839//3839 3841//3841 3842//3842
f 3843//3843 3844//3844 3845//3845
f 3843//3843 3845//3845 3846//3846
f 3847//3847 3848//3848 3849//3849
f 3847//3847 3849//3849 3850//3850
f 3851//3851 3852//3852 3853//3853
f 3851//3851 3853//3853 3854//3854
f 3855//3855 3856//3856 3857//3857
f 3855//3855 3857//3857 3858//3858
f 3859//3859 3860//3860 3861//3861
f 3859//3859 3861//3861 3862//3862
f 3863//3863 3864//3864 3865//3865
f 3863//3863 3865//3865 3866//3866
f 3867//3867 3868//3868 3869//3869
f 3867//3867 3869//3869 3870//3870
f 3871//3871 3872//3872 3873//3873
f 3871//3871 3873//3873 3874//3874
f 3875//3875 3876//3876 3877//3877
f 3875//3875 3877//3877 3878//3878
f 3879//3879 3880//3880 3881//3881
f 3879//3879 3881//3881 3882//3882
f 3883//3883 3884//3884 3884//3884
f 3885//3885 3886//3886 3887//3887
f 3886//3886 3885//3885 3888//3888
f 3888//3888 3889//3889 3886//3886
f 3890//3890 3891//3891 3892//3892
f 3893//3893 3890//3890 3892//3892
f 3890//3890 3893//3893 3894//3894
f 3895//3895 3895//3895 3896//3896
f 3897//3897 3898//3898 3899//3899
f 3897//3897 3899//3899 3900//3900
f 3901//3901 3902//3902 3903//3903
f 3901//3901 3903//3903 3904//3904
f 3905//3905 3906//3906 3907//3907
f 3905//3905 3907//3907 3908//3908
f 3909//3909 3910//3910 3911//3911
f 3909//3909 3911//3911 3912//3912
f 3913//3913 3914//3914 3915//3915
f 3913//3913 3915//3915 3916//3916
f 3917//3917 3918//3918 3919//3919
f 3920//3920 3917//3917 3919//3919
f 3917//3917 3920//3920 3921//3921
f 3922//3922 3917//3917 3921//3921
f 3923//3923 3924//3924 3925//3925
f 3925//3925 3926//3926 3927//3927
f 3928//3928 3925//3925 3927//3927
f 3925//3925 3928//3928 3923//3923
f 3929//3929 3930//3930 3931//3931
f 3929//3929 3931//3931 3932//3932
f 3933//3933 3934//3934 3935//3935
f 3933//3933 3935//3935 3936//3936
f 3937//3937 3938//3938 3939//3939
f 3937//3937 3939//3939 3940//3940
f 3941//3941 3942//3942 3943//3943
f 3941//3941 3943//3943 3944//3944
f 3945//3945 3946//3946 3947//3947
f 3948//3948 3949//3949 3950//3950
f 3951//3951 3952//3952 3953//3953
f 3951//3951 3953//3953 3954//3954
f 3955//3955 3956//3956 3957//3957
f 3958//3958 3959//3959 3960//3960
f 3961//3961 3962//3962 3963//3963
f 3964//3964 3965//3965 3966//3966
f 3967//3967 3968//3968 3969//3969
f 3967//3967 3969//3969 3970//3970
f 3971//3971 3972//3972 3973//3973
f 3974//3974 3975//3975 3976//3976
f 3977//3977 3978//3978 3979//3979
f 3980//3980 3981//3981 3982//3982
f 3983//3983 3984//3984 3985//3985
f 3983//3983 3985//3985 3986//3986
f 3987//3987 3988//3988 3989//3989
f 3987//3987 3989//3989 3990//3990
f 3991//3991 3992//3992 3993//3993
f 3994//3994 3995//3995 3996//3996
f 3997//3997 3998//3998 3999//3999
f 3997//3997 3999//3999 4000//4000
f 4001//4001 4002//4002 4003//4003
f 4001//4001 4003//4003 4004//4004
f 4005//4005 4006//4006 4007//4007
f 4005//4005 4007//4007 4008//4008
f 4009//4009 4010//4010 4011//4011
f 4009//4009 4011//4011 4012//4012
f 4013//4013 4014//4014 4015//4015
f 4016//4016 4017//4017 4018//4018
f 4019//4019 4020//4020 4021//4021
f 4019//4019 4021//4021 4022//4022
f 4023//4023 4024//4024 4025//4025
f 4023//4023 4025//4025 4026//4026
f 4027//4027 4028//4028 4029//4029
f 4027//4027 4029//4029 4030//4030
f 4031//4031 4032//4032 4033//4033
f 4031//4031 4033//4033 4034//4034
f 4035//4035 4036//4036 4037//4037
f 4035//4035 4037//4037 4038//4038
f 4039//4039 4040//4040 4041//4041
f 4042//4042 4043//4043 4044//4044
f 4045//4045 4046//4046 4047//4047
f 4045//4045 4047//4047 4048//4048
f 4049//4049 4050//4050 4051//4051
f 4049//4049 4051//4051 4052//4052
f 4053//4053 4054//4054 4055//4055
f 4056//4056 4057//4057 4058//4058
f 4059//4059 4060//4060 4061//4061
f 4062//4062 4063//4063 4064//4064
f 4065//4065 4066//4066 4067//4067
f 4065//4065 4067//4067 4068//4068
f 4069//4069 4070//4070 4071//4071
f 4069//4069 4071//4071 4072//4072
f 4073//4073 4074//4074 4075//4075
f 4073//4073 4075//4075 4076//4076
f 4077//4077 4078//4078 4079//4079
f 4077//4077 4079//4079 4080//4080
f 4081//4081 4082//4082 4083//4083
f 4081//4081 4083//4083 4084//4084
f 4085//4085 4086//4086 4087//4087
f 4088//4088 4089//4089 4090//4090
f 4091//4091 4092//4092 4093//4093
f 4091//4091 4093//4093 4094//4094
f 4095//4095 4096//4096 4097//4097
f 4095//4095 4097//4097 4098//4098
f 4099//4099 4100//4100 4101//4101
f 4099//4099 4101//4101 4102//4102
f 4103//4103 4104//4104 4105//4105
f 4103//4103 4105//4105 4106//4106
f 4107//4107 4108//4108 4109//4109
f 4107//4107 4109//4109 4110//4110
f 4111//4111 4112//4112 4113//4113
f 4111//4111 4113//4113 4114//4114
f 4115//4115 4116//4116 4117//4117
f 4115//4115 4117//4117 4118//4118
f 4119//4119 4120//4120 4121//4121
f 4119//4119 4121//4121 4122//4122
f 4123//4123 4124//4124 4125//4125
f 4123//4123 4125//4125 4126//4126
f 4127//4127 4128//4128 4129//4129
f 4127//4127 4129//4129 4130//4130
f 4131//4131 4132//4132 4133//4133
f 4131//4131 4133//4133 4134//4134
f 4135//4135 4136//4136 4137//4137
f 4135//4135 4137//4137 4138//4138
f 4139//4139 4140//4140 4141//4141
f 4139//4139 4141//4141 4142//4142
f 4143//4143 4144//4144 4145//4145
f 4143//4143 4145//4145 4146//4146
f 4147//4147 4148//4148 4149//4149
f 4147//4147 4149//4149 4150//4150
f 4151//4151 4152//4152 4153//4153
f 4151//4151 4153//4153 4154//4154
f 4155//4155 4156//4156 4157//4157
f 4155//4155 4157//4157 4158//4158
f 4159//4159 4160//4160 4161//4161
f 4159//4159 4161//4161 4162//4162
f 4163//4163 4164//4164 4165//4165
f 4166//4166 4167//4167 4168//4168
f 4169//4169 4170//4170 4171//4171
f 4169//4169 4171//4171 4172//4172
f 4173//4173 4174//4174 4175//4175
f 4176//4176 4177//4177 4178//4178
f 4179//4179 4180//4180 4181//4181
f 4179//4179 4181//4181 4182//4182
f 4183//4183 4184//4184 4185//4185
f 4183//4183 4185//4185 4186//4186
f 4187//4187 4188//4188 4189//4189
f 4187//4187 4189//4189 4190//4190
f 4191//4191 4192//4192 4193//4193
f 4191//4191 4193//4193 4194//4194
f 4195//4195 4196//4196 4197//4197
f 4195//4195 4197//4197 4198//4198
f 4199//4199 4200//4200 4201//4201
f 4199//4199 4201//4201 4202//4202
f 4203//4203 4204//4204 4205//4205
f 4203//4203 4205//4205 4206//4206
f 4207//4207 4208//4208 4209//4209
f 4207//4207 4209//4209 4210//4210
f 4211//4211 4212//4212 4213//4213
f 4211//4211 4213//4213 4214//4214
f 4215//4215 4216//4216 4217//4217
f 4215//4215 4217//4217 4218//4218
f 4219//4219 4220//4220 4221//4221
f 4219//4219 4221//4221 4222//4222
f 4223//4223 4224//4224 4225//4225
f 4223//4223 4225//4225 4226//4226
f 4227//4227 4228//4228 4229//4229
f 4227//4227 4229//4229 4230//4230
f 4231//4231 4232//4232 4233//4233
f 4234//4234 4235//4235 4236//4236
f 4237//4237 4238//4238 4239//4239
f 4237//4237 4239//4239 4240//4240
f 4241//4241 4242//4242 4243//4243
f 4241//4241 4243//4243 4244//4244
f 4245//4245 4246//4246 4247//4247
f 4245//4245 4247//4247 4248//4248
f 4249//4249 4250//4250 4251//4251
f 4249//4249 4251//4251 4252//4252
f 4253//4253 4254//4254 4255//4255
f 4256//4256 4257//4257 4258//4258
f 4259//4259 4260//4260 4261//4261
f 4259//4259 4261//4261 4262//4262
f 4263//4263 4264//4264 4265//4265
f 4263//4263 4265//4265 4266//4266
f 4267//4267 4268//4268 4269//4269
f 4267//4267 4269//4269 4270//4270
f 4271//4271 4272//4272 4273//4273
f 4274//4274 4275//4275 4276//4276
f 4277//4277 4278//4278 4279//4279
f 4277//4277 4279//4279 4280//4280
f 4281//4281 4282//4282 4283//4283
f 4281//4281 4283//4283 4284//4284
f 4285//4285 4286//4286 4287//4287
f 4285//4285 4287//4287 4288//4288
f 4289//4289 4290//4290 4291//4291
f 4292//4292 4293//4293 4294//4294
f 4295//4295 4296//4296 4297//4297
f 4295//4295 4297//4297 4298//4298
f 4299//4299 4300//4300 4301//4301
f 4299//4299 4301//4301 4302//4302
f 4303//4303 4304//4304 4305//4305
f 4303//4303 4305//4305 4306//4306
f 4307//4307 4308//4308 4309//4309
f 4310//4310 4311//4311 4312//4312
f 4313//4313 4314//4314 4315//4315
f 4313//4313 4315//4315 4316//4316
f 4317//4317 4318//4318 4319//4319
f 4317//4317 4319//4319 4320//4320
f 4321//4321 4322//4322 4323//4323
f 4321//4321 4323//4323 4324//4324
f 4325//4325 4326//4326 4327//4327
f 4325//4325 4327//4327 4328//4328
f 4329//4329 4330//4330 4331//4331
f 4329//4329 4331//4331 4332//4332
f 4333//4333 4334//4334 4335//4335
f 4333//4333 4335//4335 4336//4336
f 4337//4337 4338//4338 4339//4339
f 4337//4337 4339//4339 4340//4340
f 4341//4341 4342//4342 4343//4343
f 4344//4344 4345//4345 4346//4346
f 4347//4347 4348//4348 4349//4349
f 4350//4350 4351//4351 4352//4352
f 4353//4353 4354//4354 4355//4355
f 4356//4356 4357//4357 4358//4358
f 4359//4359 4360//4360 4361//4361
f 4362//4362 4363//4363 4364//4364
f 4362//4362 4364//4364 4365//4365
f 4366//4366 4367//4367 4368//4368
f 4369//4369 4370//4370 4371//4371
f 4366//4366 4372//4372 4373//4373
f 4374//4374 4375//4375 4376//4376
f 4377//4377 4378//4378 4379//4379
f 4380//4380 4381//4381 4382//4382
f 4383//4383 4384//4384 4385//4385
f 4386//4386 4387//4387 4388//4388
f 4389//4389 4390//4390 4391//4391
f 4392//4392 4393//4393 4394//4394
f 4395//4395 4396//4396 4397//4397
f 4398//4398 4399//4399 4400//4400
f 4398//4398 4400//4400 4401//4401
f 4402//4402 4403//4403 4404//4404
f 4405//4405 4406//4406 4407//4407
f 4408//4408 4409//4409 4410//4410
f 4411//4411 4412//4412 4413//4413
f 4414//4414 4415//4415 4416//4416
f 4417//4417 4418//4418 4419//4419
f 4420//4420 4421//4421 4422//4422
f 4423//4423 4424//4424 4425//4425
f 4426//4426 4427//4427 4428//4428
f 4429//4429 4430//4430 4431//4431
f 4432//4432 4433//4433 4434//4434
f 4435//4435 4436//4436 4437//4437
f 4435//4435 4437//4437 4438//4438
f 4439//4439 4440//4440 4441//4441
f 4442//4442 4439//4439 4441//4441
f 4439//4439 4442//4442 4443//4443
f 4444//4444 4445//4445 4446//4446
f 4447//4447 4448//4448 4449//4449
f 4450//4450 4451//4451 4452//4452
f 4453//4453 4454//4454 4455//4455
f 4456//4456 4457//4457 4458//4458
f 4459//4459 4460//4460 4461//4461
f 4462//4462 4463//4463 4464//4464
f 4465//4465 4466//4466 4467//4467
f 4468//4468 4469//4469 4470//4470
f 4468//4468 4470//4470 4471//4471
f 4472//4472 4473//4473 4474//4474
f 4475//4475 4476//4476 4477//4477
f 4476//4476 4475//4475 4478//4478
f 4479//4479 4480//4480 4481//4481
f 4482//4482 4483//4483 4484//4484
f 4485//4485 4486//4486 4487//4487
f 4488//4488 4489//4489 4490//4490
f 4491//4491 4492//4492 4493//4493
f 4494//4494 4495//4495 4496//4496
f 4497//4497 4498//4498 4499//4499
f 4500//4500 4501//4501 4502//4502
f 4503//4503 4504//4504 4505//4505
f 4503//4503 4505//4505 4506//4506
f 4507//4507 4508//4508 4509//4509
f 4510//4510 4511//4511 4512//4512
f 4513//4513 4514//4514 4515//4515
f 4516//4516 4517//4517 4518//4518
f 4519//4519 4520//4520 4521//4521
f 4522//4522 4523//4523 4524//4524
f 4525//4525 4526//4526 4527//4527
f 4528//4528 4529//4529 4530//4530
f 4531//4531 4532//4532 4533//4533
f 4534//4534 4535//4535 4536//4536
f 4537//4537 4538//4538 4539//4539
f 4540//4540 4541//4541 4542//4542
f 4543//4543 4544//4544 4545//4545
f 4546//4546 4547//4547 4548//4548
f 4549//4549 4550//4550 4551//4551
f 4552//4552 4553//4553 4554//4554
f 4555//4555 4556//4556 4557//4557
f 4558//4558 4559//4559 4560//4560
f 4561//4561 4562//4562 4563//4563
f 4564//4564 4565//4565 4566//4566
f 4567//4567 4568//4568 4569//4569
f 4570//4570 4571//4571 4572//4572
f 4573//4573 4574//4574 4575//4575
f 4576//4576 4577//4577 4578//4578
f 4579//4579 4580//4580 4581//4581
f 4582//4582 4583//4583 4584//4584
f 4585//4585 4586//4586 4587//4587
f 4588//4588 4589//4589 4590//4590
f 4591//4591 4592//4592 4593//4593
f 4594//4594 4595//4595 4596//4596
f 4597//4597 4598//4598 4599//4599
f 4600//4600 4601//4601 4602//4602
f 4603//4603 4604//4604 4605//4605
f 4606//4606 4607//4607 4608//4608
f 4609//4609 4610//4610 4611//4611
f 4612//4612 4613//4613 4614//4614
f 4615//4615 4616//4616 4617//4617
f 4618//4618 4619//4619 4620//4620
f 4618//4618 4620//4620 4621//4621
f 4622//4622 4623//4623 4624//4624
f 4625//4625 4626//4626 4627//4627
f 4628//4628 4629//4629 4630//4630
f 4631//4631 4632//4632 4633//4633
f 4634//4634 4635//4635 4636//4636
f 4637//4637 4638//4638 4639//4639
f 4640//4640 4641//4641 4642//4642
f 4643//4643 4644//4644 4645//4645
f 4646//4646 4647//4647 4648//4648
f 4649//4649 4650//4650 4651//4651
f 4652//4652 4653//4653 4654//4654
f 4655//4655 4656//4656 4657//4657
f 4658//4658 4659//4659 4660//4660
f 4661//4661 4662//4662 4663//4663
f 4664//4664 4665//4665 4666//4666
f 4667//4667 4668//4668 4669//4669
f 4669//4669 4670//4670 4667//4667
f 4671//4671 4672//4672 4673//4673
f 4674//4674 4675//4675 4676//4676
f 4677//4677 4678//4678 4679//4679
f 4680//4680 4681//4681 4682//4682
f 4683//4683 4684//4684 4685//4685
f 4686//4686 4687//4687 4688//4688
f 4689//4689 4690//4690 4691//4691
f 4692//4692 4693//4693 4694//4694
f 4695//4695 4696//4696 4697//4697
f 4698//4698 4699//4699 4700//4700
f 4701//4701 4702//4702 4703//4703
f 4704//4704 4705//4705 4706//4706
f 4707//4707 4708//4708 4709//4709
f 4710//4710 4711//4711 4712//4712
f 4713//4713 4714//4714 4715//4715
f 4716//4716 4717//4717 4718//4718
f 4719//4719 4720//4720 4721//4721
f 4722//4722 4723//4723 4724//4724
f 4722//4722 4724//4724 4725//4725
f 4726//4726 4727//4727 4728//4728
f 4729//4729 4730//4730 4731//4731
f 4732//4732 4733//4733 4734//4734
f 4735//4735 4736//4736 4737//4737
f 4738//4738 4739//4739 4740//4740
f 4741//4741 4742//4742 4743//4743
f 4744//4744 4745//4745 4746//4746
f 4747//4747 4748//4748 4749//4749
f 4750//4750 4751//4751 4752//4752
f 4753//4753 4754//4754 4755//4755
f 4756//4756 4757//4757 4758//4758
f 4759//4759 4760//4760 4761//4761
f 4762//4762 4763//4763 4764//4764
f 4765//4765 4766//4766 4767//4767
f 4768//4768 4769//4769 4770//4770
f 4771//4771 4772//4772 4773//4773
f 4774//4774 4775//4775 4776//4776
f 4777//4777 4778//4778 4779//4779
f 4780//4780 4781//4781 4782//4782
f 4783//4783 4784//4784 4778//4778
f 4785//4785 4786//4786 4787//4787
f 4785//4785 4787//4787 4788//4788
f 4789//4789 4790//4790 4791//4791
f 4789//4789 4791//4791 4792//4792
f 4793//4793 4794//4794 4795//4795
f 4793//4793 4795//4795 4796//4796
f 4797//4797 4798//4798 4799//4799
f 4797//4797 4799//4799 4800//4800
f 4801//4801 4802//4802 4803//4803
f 4801//4801 4803//4803 4804//4804
f 4805//4805 4806//4806 4807//4807
f 4805//4805 4807//4807 4808//4808
f 4809//4809 4810//4810 4811//4811
f 4809//4809 4811//4811 4812//4812
f 4813//4813 4814//4814 4815//4815
f 4816//4816 4817//4817 4818//4818
f 4819//4819 4820//4820 4821//4821
f 4819//4819 4821//4821 4822//4822
f 4823//4823 4824//4824 4825//4825
f 4823//4823 4825//4825 4826//4826
f 4827//4827 4828//4828 4829//4829
f 4827//4827 4829//4829 4830//4830
f 4831//4831 4832//4832 4833//4833
f 4831//4831 4833//4833 4834//4834
f 4835//4835 4836//4836 4837//4837
f 4835//4835 4837//4837 4838//4838
f 4839//4839 4840//4840 4841//4841
f 4839//4839 4841//4841 4842//4842
f 4843//4843 4844//4844 4845//4845
f 4846//4846 4847//4847 4848//4848
f 4849//4849 4850//4850 4851//4851
f 4849//4849 4851//4851 4852//4852
f 4853//4853 4854//4854 4855//4855
f 4853//4853 4855//4855 4856//4856
f 4857//4857 4858//4858 4859//4859
f 4857//4857 4859//4859 4860//4860
f 4861//4861 4862//4862 4863//4863
f 4861//4861 4863//4863 4864//4864
f 4865//4865 4866//4866 4867//4867
f 4865//4865 4867//4867 4868//4868
f 4869//4869 4870//4870 4871//4871
f 4869//4869 4871//4871 4872//4872
f 4873//4873 4874//4874 4875//4875
f 4873//4873 4875//4875 4876//4876
f 4877//4877 4878//4878 4879//4879
f 4877//4877 4879//4879 4880//4880
f 4881//4881 4882//4882 4883//4883
f 4881//4881 4883//4883 4884//4884
f 4885//4885 4886//4886 4887//4887
f 4885//4885 4887//4887 4888//4888
f 4889//4889 4890//4890 4891//4891
f 4889//4889 4891//4891 4892//4892
f 4893//4893 4894//4894 4895//4895
f 4893//4893 4895//4895 4896//4896
f 4897//4897 4898//4898 4899//4899
f 4897//4897 4899//4899 4900//4900
f 4901//4901 4902//4902 4903//4903
f 4904//4904 4905//4905 4906//4906
f 4907//4907 4908//4908 4909//4909
f 4907//4907 4909//4909 4910//4910
f 4911//4911 4912//4912 4913//4913
f 4914//4914 4915//4915 4916//4916
f 4917//4917 4918//4918 4919//4919
f 4920//4920 4921//4921 4922//4922
f 4923//4923 4924//4924 4925//4925
f 4926//4926 4927//4927 4928//4928
f 4929//4929 4930//4930 4931//4931
f 4929//4929 4931//4931 4932//4932
f 4933//4933 4934//4934 4935//4935
f 4933//4933 4935//4935 4936//4936
f 4937//4937 4938//4938 4939//4939
f 4937//4937 4939//4939 4940//4940
f 4941//4941 4942//4942 4943//4943
f 4941//4941 4943//4943 4944//4944
f 4945//4945 4946//4946 4947//4947
f 4948//4948 4949//4949 4950//4950
f 4951//4951 4952//4952 4953//4953
f 4954//4954 4955//4955 4956//4956
f 4957//4957 4958//4958 4959//4959
f 4957//4957 4959//4959 4960//4960
f 4961//4961 4962//4962 4963//4963
f 4961//4961 4963//4963 4964//4964
f 4965//4965 4966//4966 4967//4967
f 4965//4965 4967//4967 4968//4968
f 4969//4969 4970//4970 4971//4971
f 4969//4969 4971//4971 4972//4972
f 4973//4973 4974//4974 4975//4975
f 4973//4973 4975//4975 4976//4976
f 4977//4977 4978//4978 4979//4979
f 4977//4977 4979//4979 4980//4980
f 4981//4981 4982//4982 4983//4983
f 4984//4984 4985//4985 4986//4986
f 4987//4987 4988//4988 4989//4989
f 4987//4987 4989//4989 4990//4990
f 4991//4991 4992//4992 4993//4993
f 4994//4994 4995//4995 4996//4996
f 4997//4997 4998//4998 4999//4999
f 5000//5000 5001//5001 5002//5002
f 5003//5003 5004//5004 5005//5005
f 5003//5003 5005//5005 5006//5006
f 5007//5007 5008//5008 5009//5009
f 5007//5007 5009//5009 5010//5010
f 5011//5011 5012//5012 5013//5013
f 5011//5011 5013//5013 5014//5014
f 5015//5015 5016//5016 5017//5017
f 5018//5018 5019//5019 5020//5020
f 5021//5021 5022//5022 5023//5023
f 5021//5021 5023//5023 5024//5024
f 5025//5025 5026//5026 5027//5027
f 5025//5025 5027//5027 5028//5028
f 5029//5029 5030//5030 5031//5031
f 5029//5029 5031//5031 5032//5032
f 5033//5033 5034//5034 5035//5035
f 5036//5036 5037//5037 5038//5038
f 5039//5039 5040//5040 5041//5041
f 5042//5042 5043//5043 5044//5044
f 5045//5045 5046//5046 5047//5047
f 5045//5045 5047//5047 5048//5048
f 5049//5049 5050//5050 5051//5051
f 5049//5049 5051//5051 5052//5052
f 5053//5053 5054//5054 5055//5055
f 5053//5053 5055//5055 5056//5056
f 5057//5057 5058//5058 5059//5059
f 5060//5060 5061//5061 5062//5062
f 5063//5063 5064//5064 5065//5065
f 5063//5063 5065//5065 5066//5066
f 5067//5067 5068//5068 5069//5069
f 5067//5067 5069//5069 5070//5070
f 5071//5071 5072//5072 5073//5073
f 5074//5074 5075//5075 5076//5076
f 5077//5077 5078//5078 5079//5079
f 5080//5080 5081//5081 5082//5082
f 5083//5083 5084//5084 5085//5085
f 5086//5086 5087//5087 5088//5088
f 5089//5089 5090//5090 5091//5091
f 5092//5092 5093//5093 5094//5094
f 5095//5095 5096//5096 5097//5097
f 5098//5098 5099//5099 5100//5100
f 5101//5101 5102//5102 5103//5103
f 5104//5104 5105//5105 5106//5106
f 5107//5107 5108//5108 5109//5109
f 5110//5110 5111//5111 5112//5112
f 5113//5113 5114//5114 5115//5115
f 5114//5114 5113//5113 5116//5116
f 5117//5117 5118//5118 5119//5119
f 5120//5120 5121//5121 5122//5122
f 5123//5123 5124//5124 5125//5125
f 5126//5126 5127//5127 5128//5128
f 5129//5129 5130//5130 5131//5131
f 5132//5132 5133//5133 5134//5134
f 5135//5135 5136//5136 5137//5137
f 5138//5138 5139//5139 5140//5140
f 5141//5141 5142//5142 5143//5143
f 5144//5144 5145//5145 5146//5146
f 5147//5147 5148//5148 5149//5149
f 5150//5150 5151//5151 5152//5152
f 5153//5153 5154//5154 5155//5155
f 5156//5156 5157//5157 5151//5151
f 5158//5158 5159//5159 5160//5160
f 5161//5161 5162//5162 5163//5163
f 5164//5164 5165//5165 5166//5166
f 5167//5167 5168//5168 5169//5169
f 5170//5170 5171//5171 5172//5172
f 5173//5173 5174//5174 5175//5175
f 5176//5176 5177//5177 5178//5178
f 5179//5179 5180//5180 5181//5181
f 5182//5182 5183//5183 5184//5184
f 5185//5185 5186//5186 5187//5187
f 5188//5188 5189//5189 5190//5190
f 5189//5189 5188//5188 5191//5191
f 5192//5192 5193//5193 5194//5194
f 5195//5195 5196//5196 5197//5197
f 5198//5198 5199//5199 5200//5200
f 5201//5201 5202//5202 5203//5203
f 5204//5204 5205//5205 5206//5206
f 5207//5207 5208//5208 5209//5209
f 5207//5207 5209//5209 5210//5210
f 5211//5211 5212//5212 5213//5213
f 5214//5214 5215//5215 5216//5216
f 5217//5217 5218//5218 5219//5219
f 5220//5220 5221//5221 5222//5222
f 5223//5223 5224//5224 5225//5225
f 5226//5226 5227//5227 5228//5228
f 5229//5229 5230//5230 5231//5231
f 5232//5232 5233//5233 5234//5234
f 5235//5235 5236//5236 5237//5237
f 5238//5238 5239//5239 5240//5240
f 5241//5241 5242//5242 5243//5243
f 5244//5244 5245//5245 5246//5246
f 5247//5247 5248//5248 5249//5249
f 5250//5250 5251//5251 5252//5252
f 5253//5253 5254//5254 5255//5255
f 5256//5256 5257//5257 5258//5258
f 5259//5259 5260//5260 5261//5261
f 5262//5262 5263//5263 5264//5264
f 5265//5265 5266//5266 5267//5267
f 5268//5268 5269//5269 5263//5263
f 5270//5270 5271//5271 5272//5272
f 5273//5273 5274//5274 5275//5275
f 5276//5276 5277//5277 5278//5278
f 5279//5279 5280//5280 5281//5281
f 5282//5282 5283//5283 5284//5284
f 5285//5285 5286//5286 5287//5287
f 5288//5288 5289//5289 5290//5290
f 5291//5291 5292//5292 5293//5293
f 5294//5294 5295//5295 5296//5296
f 5297//5297 5298//5298 5299//5299
f 5300//5300 5301//5301 5302//5302
f 5303//5303 5304//5304 5305//5305
f 5306//5306 5307//5307 5308//5308
f 5309//5309 5310//5310 5311//5311
f 5312//5312 5313//5313 5314//5314
f 5315//5315 5316//5316 5317//5317
f 5318//5318 5319//5319 5320//5320
f 5321//5321 5322//5322 5323//5323
f 5324//5324 5325//5325 5326//5326
f 5327//5327 5328//5328 5329//5329
f 5330//5330 5331//5331 5332//5332
f 5333//5333 5334//5334 5335//5335
f 5336//5336 5337//5337 5338//5338
f 5339//5339 5340//5340 5341//5341
f 5342//5342 5343//5343 5344//5344
f 5345//5345 5346//5346 5347//5347
f 5348//5348 5349//5349 5350//5350
f 5351//5351 5352//5352 5353//5353
f 5354//5354 5355//5355 5356//5356
f 5357//5357 5358//5358 5359//5359
f 5360//5360 5361//5361 5362//5362
f 5363//5363 5364//5364 5365//5365
f 5366//5366 5367//5367 5368//5368
f 5369//5369 5370//5370 5371//5371
f 5372//5372 5373//5373 5374//5374
f 5375//5375 5376//5376 5377//5377
f 5378//5378 5379//5379 5380//5380
f 5379//5379 5378//5378 5381//5381
f 5382//5382 5383//5383 5384//5384
f 5385//5385 5386//5386 5387//5387
f 5385//5385 5387//5387 5388//5388
f 5389//5389 5390//5390 5391//5391
f 5389//5389 5391//5391 5392//5392
f 5393//5393 5394//5394 5395//5395
f 5393//5393 5395//5395 5396//5396
f 5397//5397 5398//5398 5399//5399
f 5397//5397 5399//5399 5400//5400
f 5401//5401 5402//5402 5403//5403
f 5401//5401 5403//5403 5404//5404
f 5405//5405 5406//5406 5407//5407
f 5405//5405 5407//5407 5408//5408
f 5409//5409 5410//5410 5411//5411
f 5412//5412 5409//5409 5411//5411
f 5409//5409 5412//5412 5413//5413
f 5414//5414 5415//5415 5416//5416
f 5409//5409 5417//5417 5418//5418
f 5419//5419 5409//5409 5418//5418
f 5409//5409 5419//5419 5420//5420
f 5421//5421 5409//5409 5420//5420
f 5409//5409 5421//5421 5422//5422
f 5423//5423 5409//5409 5422//5422
f 5409//5409 5423//5423 5424//5424
f 5425//5425 5409//5409 5424//5424
f 5409//5409 5425//5425 5426//5426
f 5427//5427 5409//5409 5426//5426
f 5409//5409 5427//5427 5428//5428
f 5429//5429 5409//5409 5428//5428
f 5409//5409 5429//5429 5430//5430
f 5431//5431 5409//5409 5430//5430
f 5415//5415 5432//5432 5433//5433
f 5434//5434 5415//5415 5433//5433
f 5409//5409 5435//5435 5436//5436
f 5436//5436 5437//5437 5409//5409
f 5438//5438 5439//5439 5440//5440
f 5438//5438 5440//5440 5441//5441
f 5442//5442 5443//5443 5444//5444
f 5442//5442 5444//5444 5445//5445
f 5446//5446 5447//5447 5448//5448
f 5449//5449 5450//5450 5451//5451
f 5452//5452 5453//5453 5454//5454
f 5455//5455 5456//5456 5457//5457
f 5458//5458 5459//5459 5460//5460
f 5461//5461 5462//5462 5463//5463
f 5464//5464 5465//5465 5466//5466
f 5467//5467 5468//5468 5469//5469
f 5470//5470 5471//5471 5472//5472
f 5473//5473 5474//5474 5475//5475
f 5476//5476 5477//5477 5478//5478
f 5479//5479 5480//5480 5481//5481
f 5482//5482 5483//5483 5484//5484
f 5482//5482 5484//5484 5485//5485
f 5486//5486 5487//5487 5488//5488
f 5486//5486 5488//5488 5489//5489
f 5490//5490 5491//5491 5492//5492
f 5490//5490 5492//5492 5493//5493
f 5494//5494 5495//5495 5496//5496
f 5494//5494 5496//5496 5497//5497
f 5498//5498 5499//5499 5500//5500
f 5498//5498 5500//5500 5501//5501
f 5502//5502 5503//5503 5504//5504
f 5502//5502 5504//5504 5505//5505
f 5506//5506 5507//5507 5508//5508
f 5509//5509 5510//5510 5511//5511
f 5512//5512 5513//5513 5514//5514
f 5515//5515 5516//5516 5517//5517
f 5518//5518 5519//5519 5520//5520
f 5521//5521 5522//5522 5523//5523
f 5524//5524 5525//5525 5526//5526
f 5527//5527 5528//5528 5529//5529
f 5530//5530 5531//5531 5532//5532
f 5533//5533 5534//5534 5535//5535
f 5536//5536 5537//5537 5538//5538
f 5539//5539 5540//5540 5541//5541
f 5542//5542 5543//5543 5544//5544
f 5542//5542 5544//5544 5545//5545
f 5546//5546 5547//5547 5548//5548
f 5549//5549 5550//5550 5551//5551
f 5552//5552 5553//5553 5554//5554
f 5552//5552 5554//5554 5555//5555
f 5556//5556 5557//5557 5558//5558
f 5556//5556 5558//5558 5559//5559
f 5560//5560 5561//5561 5562//5562
f 5560//5560 5562//5562 5563//5563
f 5564//5564 5565//5565 5566//5566
f 5564//5564 5566//5566 5567//5567
f 5568//5568 5569//5569 5570//5570
f 5568//5568 5570//5570 5571//5571
f 5572//5572 5573//5573 5574//5574
f 5572//5572 5574//5574 5575//5575
f 5576//5576 5577//5577 5578//5578
f 5576//5576 5578//5578 5579//5579
f 5580//5580 5581//5581 5582//5582
f 5580//5580 5582//5582 5583//5583
f 5584//5584 5585//5585 5586//5586
f 5587//5587 5588//5588 5589//5589
f 5584//5584 5590//5590 5591//5591
f 5592//5592 5593//5593 5594//5594
f 5595//5595 5596//5596 5597//5597
f 5598//5598 5599//5599 5600//5600
f 5601//5601 5602//5602 5603//5603
f 5604//5604 5584//5584 5605//5605
f 5595//5595 5606//5606 5607//5607
f 5608//5608 5595//5595 5607//5607
f 5595//5595 5608//5608 5609//5609
f 5610//5610 5595//5595 5609//5609
f 5584//5584 5611//5611 5612//5612
f 5613//5613 5599//5599 5614//5614
f 5599//5599 5613//5613 5615//5615
f 5616//5616 5584//5584 5617//5617
f 5593//5593 5618//5618 5619//5619
f 5620//5620 5621//5621 5622//5622
f 5621//5621 5620//5620 5623//5623
f 5624//5624 5595//5595 5625//5625
f 5593//5593 5626//5626 5627//5627
f 5628//5628 5629//5629 5595//5595
f 5630//5630 5631//5631 5632//5632
f 5630//5630 5632//5632 5633//5633
f 5634//5634 5635//5635 5636//5636
f 5637//5637 5638//5638 5639//5639
f 5640//5640 5641//5641 5642//5642
f 5640//5640 5642//5642 5643//5643
f 5644//5644 5645//5645 5646//5646
f 5644//5644 5646//5646 5647//5647
f 5648//5648 5649//5649 5650//5650
f 5648//5648 5650//5650 5651//5651
f 5652//5652 5653//5653 5654//5654
f 5652//5652 5654//5654 5655//5655
f 5656//5656 5657//5657 5658//5658
f 5656//5656 5658//5658 5659//5659
f 5660//5660 5661//5661 5662//5662
f 5660//5660 5662//5662 5663//5663
f 5664//5664 5665//5665 5666//5666
f 5664//5664 5666//5666 5667//5667
f 5668//5668 5669//5669 5670//5670
f 5668//5668 5670//5670 5671//5671
f 5672//5672 5673//5673 5674//5674
f 5672//5672 5674//5674 5675//5675
f 5676//5676 5677//5677 5678//5678
f 5676//5676 5678//5678 5679//5679
f 5680//5680 5681//5681 5682//5682
f 5680//5680 5682//5682 5683//5683
f 5684//5684 5685//5685 5686//5686
f 5684//5684 5686//5686 5687//5687
f 5688//5688 5689//5689 5690//5690
f 5688//5688 5690//5690 5691//5691
f 5692//5692 5693//5693 5694//5694
f 5692//5692 5694//5694 5695//5695
f 5696//5696 5697//5697 5698//5698
f 5696//5696 5698//5698 5699//5699
f 5700//5700 5701//5701 5702//5702
f 5700//5700 5702//5702 5703//5703
f 5704//5704 5705//5705 5706//5706
f 5704//5704 5706//5706 5707//5707
f 5708//5708 5709//5709 5710//5710
f 5708//5708 5710//5710 5711//5711
f 5712//5712 5713//5713 5714//5714
f 5712//5712 5714//5714 5715//5715
f 5716//5716 5717//5717 5718//5718
f 5716//5716 5718//5718 5719//5719
f 5720//5720 5721//5721 5722//5722
f 5720//5720 5722//5722 5723//5723
f 5724//5724 5725//5725 5726//5726
f 5724//5724 5726//5726 5727//5727
f 5728//5728 5729//5729 5730//5730
f 5731//5731 5732//5732 5733//5733
f 5732//5732 5731//5731 5734//5734
f 5735//5735 5736//5736 5737//5737
f 5738//5738 5739//5739 5740//5740
f 5741//5741 5742//5742 5743//5743
f 5732//5732 5744//5744 5745//5745
f 5746//5746 5747//5747 5748//5748
f 5747//5747 5746//5746 5749//5749
f 5750//5750 5742//5742 5751//5751
f 5747//5747 5752//5752 5753//5753
f 5754//5754 5742//5742 5755//5755
f 5747//5747 5756//5756 5757//5757
f 5758//5758 5742//5742 5759//5759
f 5747//5747 5760//5760 5761//5761
f 5762//5762 5763//5763 5764//5764
f 5747//5747 5765//5765 5766//5766
f 5767//5767 5763//5763 5768//5768
f 5747//5747 5769//5769 5770//5770
f 5771//5771 5772//5772 5773//5773
f 5774//5774 5775//5775 5776//5776
f 5777//5777 5778//5778 5779//5779
f 5780//5780 5781//5781 5782//5782
f 5780//5780 5782//5782 5783//5783
f 5784//5784 5785//5785 5786//5786
f 5784//5784 5786//5786 5787//5787
f 5788//5788 5789//5789 5790//5790
f 5788//5788 5790//5790 5791//5791
f 5792//5792 5793//5793 5794//5794
f 5792//5792 5794//5794 5795//5795
f 5796//5796 5797//5797 5798//5798
f 5796//5796 5798//5798 5799//5799
f 5800//5800 5801//5801 5802//5802
f 5800//5800 5802//5802 5803//5803
f 5804//5804 5805//5805 5806//5806
f 5804//5804 5806//5806 5807//5807
f 5808//5808 5809//5809 5810//5810
f 5808//5808 5810//5810 5811//5811
f 5812//5812 5813//5813 5814//5814
f 5812//5812 5814//5814 5815//5815
f 5816//5816 5817//5817 5818//5818
f 5816//5816 5818//5818 5819//5819
f 5820//5820 5821//5821 5822//5822
f 5820//5820 5822//5822 5823//5823
f 5824//5824 5825//5825 5826//5826
f 5824//5824 5826//5826 5827//5827
f 5828//5828 5829//5829 5830//5830
f 5828//5828 5830//5830 5831//5831
f 5832//5832 5833//5833 5834//5834
f 5832//5832 5834//5834 5835//5835
f 5836//5836 5837//5837 5838//5838
f 5836//5836 5838//5838 5839//5839
f 5840//5840 5841//5841 5842//5842
f 5840//5840 5842//5842 5843//5843
f 5844//5844 5845//5845 5846//5846
f 5844//5844 5846//5846 5847//5847
f 5848//5848 5849//5849 5850//5850
f 5848//5848 5850//5850 5851//5851
f 5852//5852 5853//5853 5854//5854
f 5852//5852 5854//5854 5855//5855
f 5856//5856 5857//5857 5858//5858
f 5856//5856 5858//5858 5859//5859
f 5860//5860 5861//5861 5862//5862
f 5860//5860 5862//5862 5863//5863
f 5864//5864 5865//5865 5866//5866
f 5864//5864 5866//5866 5867//5867
f 5868//5868 5869//5869 5870//5870
f 5871//5871 5872//5872 5873//5873
f 5874//5874 5875//5875 5876//5876
f 5874//5874 5876//5876 5877//5877
f 5878//5878 5879//5879 5880//5880
f 5878//5878 5880//5880 5881//5881
f 5882//5882 5883//5883 5884//5884
f 5882//5882 5884//5884 5885//5885
f 5886//5886 5887//5887 5888//5888
f 5886//5886 5888//5888 5889//5889
f 5890//5890 5891//5891 5892//5892
f 5890//5890 5892//5892 5893//5893
f 5894//5894 5895//5895 5896//5896
f 5894//5894 5896//5896 5897//5897
f 5898//5898 5899//5899 5900//5900
f 5898//5898 5900//5900 5901//5901
f 5902//5902 5903//5903 5904//5904
f 5902//5902 5904//5904 5905//5905
f 5906//5906 5907//5907 5908//5908
f 5906//5906 5908//5908 5909//5909
f 5910//5910 5911//5911 5912//5912
f 5910//5910 5912//5912 5913//5913
f 5914//5914 5915//5915 5916//5916
f 5914//5914 5916//5916 5917//5917
f 5918//5918 5919//5919 5920//5920
f 5918//5918 5920//5920 5921//5921
f 5922//5922 5923//5923 5924//5924
f 5925//5925 5926//5926 5927//5927
f 5928//5928 5929//5929 5930//5930
f 5928//5928 5930//5930 5931//5931
f 5932//5932 5933//5933 5934//5934
f 5932//5932 5934//5934 5935//5935
f 5936//5936 5937//5937 5938//5938
f 5936//5936 5938//5938 5939//5939
f 5940//5940 5941//5941 5942//5942
f 5940//5940 5942//5942 5943//5943
f 5944//5944 5945//5945 5946//5946
f 5944//5944 5946//5946 5947//5947
f 5948//5948 5949//5949 5950//5950
f 5948//5948 5950//5950 5951//5951
f 5952//5952 5953//5953 5954//5954
f 5952//5952 5954//5954 5955//5955
f 5956//5956 5957//5957 5958//5958
f 5956//5956 5958//5958 5959//5959
f 5960//5960 5961//5961 5962//5962
f 5960//5960 5962//5962 5963//5963
f 5964//5964 5965//5965 5966//5966
f 5964//5964 5966//5966 5967//5967
f 5968//5968 5969//5969 5970//5970
f 5968//5968 5970//5970 5971//5971
f 5972//5972 5973//5973 5974//5974
f 5972//5972 5974//5974 5975//5975
f 5976//5976 5977//5977 5978//5978
f 5976//5976 5978//5978 5979//5979
f 5980//5980 5981//5981 5982//5982
f 5980//5980 5982//5982 5983//5983
f 5984//5984 5985//5985 5986//5986
f 5984//5984 5986//5986 5987//5987
f 5988//5988 5989//5989 5990//5990
f 5988//5988 5990//5990 5991//5991
f 5992//5992 5993//5993 5994//5994
f 5995//5995 5996//5996 5997//5997
f 5998//5998 5999//5999 6000//6000
f 6001//6001 6002//6002 6003//6003
f 6004//6004 6005//6005 6006//6006
f 6007//6007 6008//6008 6009//6009
f 6010//6010 6011//6011 6012//6012
f 6013//6013 6014//6014 6015//6015
f 6016//6016 6017//6017 6018//6018
f 6019//6019 6020//6020 6021//6021
f 6022//6022 6023//6023 6024//6024
f 6025//6025 6026//6026 6027//6027
f 6028//6028 6029//6029 6030//6030
f 6028//6028 6030//6030 6031//6031
f 6032//6032 6033//6033 6034//6034
f 6035//6035 6036//6036 6037//6037
f 6038//6038 6039//6039 6040//6040
f 6041//6041 6042//6042 6043//6043
f 6044//6044 6045//6045 6046//6046
f 6047//6047 6048//6048 6049//6049
f 6050//6050 6051//6051 6052//6052
f 6053//6053 6054//6054 6055//6055
f 6056//6056 6057//6057 6058//6058
f 6059//6059 6060//6060 6061//6061
f 6062//6062 6063//6063 6064//6064
f 6062//6062 6064//6064 6065//6065
f 6066//6066 6067//6067 6068//6068
f 6069//6069 6070//6070 6071//6071
f 6072//6072 6073//6073 6074//6074
f 6075//6075 6076//6076 6077//6077
f 6078//6078 6079//6079 6080//6080
f 6081//6081 6082//6082 6083//6083
f 6084//6084 6085//6085 6086//6086
f 6087//6087 6088//6088 6089//6089
f 6090//6090 6091//6091 6092//6092
f 6093//6093 6094//6094 6095//6095
f 6096//6096 6097//6097 6098//6098
f 6096//6096 6098//6098 6099//6099
f 6100//6100 6101//6101 6102//6102
f 6103//6103 6104//6104 6105//6105
f 6106//6106 6107//6107 6108//6108
f 6109//6109 6110//6110 6111//6111
f 6112//6112 6113//6113 6114//6114
f 6115//6115 6116//6116 6117//6117
f 6118//6118 6119//6119 6120//6120
f 6121//6121 6122//6122 6123//6123
f 6124//6124 6125//6125 6126//6126
f 6124//6124 6126//6126 6127//6127
f 6128//6128 6129//6129 6130//6130
f 6128//6128 6130//6130 6131//6131
f 6132//6132 6133//6133 6134//6134
f 6132//6132 6134//6134 6135//6135
f 6136//6136 6137//6137 6138//6138
f 6139//6139 6140//6140 6141//6141
f 6142//6142 6143//6143 6144//6144
f 6142//6142 6144//6144 6145//6145
f 6146//6146 6147//6147 6148//6148
f 6146//6146 6148//6148 6149//6149
f 6150//6150 6151//6151 6152//6152
f 6153//6153 6154//6154 6155//6155
f 6156//6156 6157//6157 6158//6158
f 6156//6156 6158//6158 6159//6159
f 6160//6160 6161//6161 6162//6162
f 6163//6163 6164//6164 6165//6165
f 6166//6166 6167//6167 6168//6168
f 6166//6166 6168//6168 6169//6169
f 6170//6170 6171//6171 6172//6172
f 6173//6173 6174//6174 6175//6175
f 6176//6176 6177//6177 6178//6178
f 6179//6179 6180//6180 6181//6181
f 6182//6182 6183//6183 6184//6184
f 6185//6185 6186//6186 6187//6187
f 6188//6188 6189//6189 6190//6190
f 6191//6191 6192//6192 6193//6193
f 6194//6194 6195//6195 6196//6196
f 6194//6194 6196//6196 6197//6197
f 6198//6198 6199//6199 6200//6200
f 6198//6198 6200//6200 6201//6201
f 6202//6202 6203//6203 6204//6204
f 6205//6205 6206//6206 6207//6207
f 6208//6208 6209//6209 6210//6210
f 6208//6208 6210//6210 6211//6211
f 6212//6212 6213//6213 6214//6214
f 6212//6212 6214//6214 6215//6215
f 6216//6216 6217//6217 6218//6218
f 6216//6216 6218//6218 6219//6219
f 6220//6220 6221//6221 6222//6222
f 6220//6220 6222//6222 6223//6223
f 6224//6224 6225//6225 6226//6226
f 6224//6224 6226//6226 6227//6227
f 6228//6228 6229//6229 6230//6230
f 6228//6228 6230//6230 6231//6231
f 6232//6232 6233//6233 6234//6234
f 6232//6232 6234//6234 6235//6235
f 6236//6236 6237//6237 6238//6238
f 6239//6239 6240//6240 6241//6241
f 6242//6242 6243//6243 6244//6244
f 6245//6245 6246//6246 6247//6247
f 6248//6248 6249//6249 6250//6250
f 6248//6248 6250//6250 6251//6251
f 6252//6252 6253//6253 6254//6254
f 6252//6252 6254//6254 6255//6255
f 6256//6256 6257//6257 6258//6258
f 6256//6256 6258//6258 6259//6259
f 6260//6260 6261//6261 6262//6262
f 6263//6263 6264//6264 6265//6265
f 6266//6266 6267//6267 6268//6268
f 6266//6266 6268//6268 6269//6269
f 6270//6270 6271//6271 6272//6272
f 6270//6270 6272//6272 6273//6273
f 6274//6274 6275//6275 6276//6276
f 6274//6274 6276//6276 6277//6277
f 6278//6278 6279//6279 6280//6280
f 6278//6278 6280//6280 6281//6281
f 6282//6282 6283//6283 6284//6284
f 6282//6282 6284//6284 6285//6285
f 6286//6286 6287//6287 6288//6288
f 6286//6286 6288//6288 6289//6289
f 6290//6290 6291//6291 6292//6292
f 6290//6290 6292//6292 6293//6293
f 6294//6294 6295//6295 6296//6296
f 6294//6294 6296//6296 6297//6297
f 6298//6298 6299//6299 6300//6300
f 6298//6298 6300//6300 6301//6301
f 6302//6302 6303//6303 6304//6304
f 6302//6302 6304//6304 6305//6305
f 6306//6306 6307//6307 6308//6308
f 6306//6306 6308//6308 6309//6309
f 6310//6310 6311//6311 6312//6312
f 6310//6310 6312//6312 6313//6313
f 6314//6314 6315//6315 6316//6316
f 6314//6314 6316//6316 6317//6317
f 6318//6318 6319//6319 6320//6320
f 6318//6318 6320//6320 6321//6321
f 6322//6322 6323//6323 6324//6324
f 6322//6322 6324//6324 6325//6325
f 6326//6326 6327//6327 6328//6328
f 6329//6329 6330//6330 6331//6331
f 6332//6332 6333//6333 6334//6334
f 6332//6332 6334//6334 6335//6335
f 6336//6336 6337//6337 6338//6338
f 6336//6336 6338//6338 6339//6339
f 6340//6340 6341//6341 6342//6342
f 6340//6340 6342//6342 6343//6343
f 6344//6344 6345//6345 6346//6346
f 6344//6344 6346//6346 6347//6347
f 6348//6348 6349//6349 6350//6350
f 6351//6351 6352//6352 6353//6353
f 6354//6354 6355//6355 6356//6356
f 6354//6354 6356//6356 6357//6357
f 6358//6358 6359//6359 6360//6360
f 6358//6358 6360//6360 6361//6361
f 6362//6362 6363//6363 6364//6364
f 6362//6362 6364//6364 6365//6365
f 6366//6366 6367//6367 6368//6368
f 6366//6366 6368//6368 6369//6369
f 6370//6370 6371//6371 6372//6372
f 6373//6373 6374//6374 6375//6375
f 6376//6376 6377//6377 6378//6378
f 6376//6376 6378//6378 6379//6379
f 6380//6380 6381//6381 6382//6382
f 6380//6380 6382//6382 6383//6383
f 6384//6384 6385//6385 6386//6386
f 6387//6387 6388//6388 6389//6389
f 6390//6390 6391//6391 6392//6392
f 6393//6393 6394//6394 6395//6395
f 6396//6396 6397//6397 6398//6398
f 6396//6396 6398//6398 6399//6399
f 6400//6400 6401//6401 6402//6402
f 6403//6403 6404//6404 6405//6405
f 6406//6406 6407//6407 6408//6408
f 6406//6406 6408//6408 6409//6409
f 6410//6410 6411//6411 6412//6412
f 6410//6410 6412//6412 6413//6413
f 6414//6414 6415//6415 6416//6416
f 6414//6414 6416//6416 6417//6417
f 6418//6418 6419//6419 6420//6420
f 6418//6418 6420//6420 6421//6421
f 6422//6422 6423//6423 6424//6424
f 6422//6422 6424//6424 6425//6425
f 6426//6426 6427//6427 6428//6428
f 6426//6426 6428//6428 6429//6429
f 6430//6430 6431//6431 6432//6432
f 6430//6430 6432//6432 6433//6433
f 6434//6434 6435//6435 6436//6436
f 6437//6437 6438//6438 6439//6439
f 6440//6440 6441//6441 6442//6442
f 6440//6440 6442//6442 6443//6443
f 6444//6444 6445//6445 6446//6446
f 6444//6444 6446//6446 6447//6447
f 6448//6448 6449//6449 6450//6450
f 6448//6448 6450//6450 6451//6451
f 6452//6452 6453//6453 6454//6454
f 6455//6455 6456//6456 6457//6457
f 6458//6458 6459//6459 6460//6460
f 6461//6461 6462//6462 6463//6463
f 6464//6464 6465//6465 6466//6466
f 6464//6464 6466//6466 6467//6467
f 6468//6468 6469//6469 6470//6470
f 6468//6468 6470//6470 6471//6471
f 6472//6472 6473//6473 6474//6474
f 6475//6475 6476//6476 6477//6477
f 6478//6478 6479//6479 6480//6480
f 6478//6478 6480//6480 6481//6481
f 6482//6482 6483//6483 6484//6484
f 6482//6482 6484//6484 6485//6485
f 6486//6486 6487//6487 6488//6488
f 6489//6489 6490//6490 6491//6491
f 6492//6492 6493//6493 6494//6494
f 6492//6492 6494//6494 6495//6495
f 6496//6496 6497//6497 6498//6498
f 6499//6499 6500//6500 6501//6501
f 6502//6502 6503//6503 6504//6504
f 6505//6505 6506//6506 6507//6507
f 6508//6508 6509//6509 6510//6510
f 6508//6508 6510//6510 6511//6511
f 6512//6512 6513//6513 6514//6514
f 6512//6512 6514//6514 6515//6515
f 6516//6516 6517//6517 6518//6518
f 6519//6519 6520//6520 6521//6521
f 6522//6522 6523//6523 6524//6524
f 6522//6522 6524//6524 6525//6525
f 6526//6526 6527//6527 6528//6528
f 6526//6526 6528//6528 6529//6529
f 6530//6530 6531//6531 6532//6532
f 6533//6533 6534//6534 6535//6535
f 6536//6536 6537//6537 6538//6538
f 6536//6536 6538//6538 6539//6539
f 6540//6540 6541//6541 6542//6542
f 6540//6540 6542//6542 6543//6543
f 6544//6544 6545//6545 6546//6546
f 6547//6547 6548//6548 6549//6549
f 6550//6550 6551//6551 6552//6552
f 6553//6553 6554//6554 6555//6555
f 6556//6556 6557//6557 6558//6558
f 6556//6556 6558//6558 6559//6559
f 6560//6560 6561//6561 6562//6562
f 6563//6563 6564//6564 6565//6565
f 6566//6566 6567//6567 6568//6568
f 6569//6569 6570//6570 6571//6571
f 6572//6572 6573//6573 6574//6574
f 6572//6572 6574//6574 6575//6575
f 6576//6576 6577//6577 6578//6578
f 6579//6579 6580//6580 6581//6581
f 6582//6582 6583//6583 6584//6584
f 6585//6585 6586//6586 6587//6587
f 6588//6588 6589//6589 6590//6590
f 6591//6591 6592//6592 6593//6593
f 6594//6594 6595//6595 6596//6596
f 6597//6597 6598//6598 6599//6599
f 6600//6600 6601//6601 6602//6602
f 6603//6603 6604//6604 6605//6605
f 6606//6606 6607//6607 6608//6608
f 6609//6609 6610//6610 6611//6611
f 6612//6612 6613//6613 6614//6614
f 6615//6615 6616//6616 6617//6617
f 6618//6618 6619//6619 6620//6620
f 6621//6621 6622//6622 6623//6623
f 6624//6624 6625//6625 6626//6626
f 6627//6627 6628//6628 6629//6629
f 6630//6630 6631//6631 6632//6632
f 6633//6633 6634//6634 6635//6635
f 6636//6636 6637//6637 6638//6638
f 6639//6639 6640//6640 6641//6641
f 6642//6642 6643//6643 6644//6644
f 6645//6645 6646//6646 6647//6647
f 6648//6648 6649//6649 6650//6650
f 6651//6651 6652//6652 6653//6653
f 6654//6654 6655//6655 6656//6656
f 6657//6657 6658//6658 6659//6659
f 6660//6660 6661//6661 6662//6662
f 6663//6663 6664//6664 6665//6665
f 6666//6666 6667//6667 6668//6668
f 6669//6669 6670//6670 6671//6671
f 6672//6672 6673//6673 6674//6674
f 6675//6675 6676//6676 6677//6677
f 6678//6678 6679//6679 6680//6680
f 6681//6681 6682//6682 6683//6683
f 6684//6684 6685//6685 6686//6686
f 6687//6687 6688//6688 6689//6689
f 6690//6690 6691//6691 6692//6692
f 6693//6693 6694//6694 6695//6695
f 6696//6696 6697//6697 6698//6698
f 6699//6699 6700//6700 6701//6701
f 6702//6702 6703//6703 6704//6704
f 6705//6705 6706//6706 6707//6707
f 6708//6708 6709//6709 6710//6710
f 6708//6708 6710//6710 6711//6711
f 6712//6712 6713//6713 6714//6714
f 6715//6715 6716//6716 6717//6717
f 6718//6718 6719//6719 6720//6720
f 6721//6721 6722//6722 6723//6723
f 6724//6724 6725//6725 6726//6726
f 6724//6724 6726//6726 6727//6727
f 6728//6728 6729//6729 6730//6730
f 6731//6731 6732//6732 6733//6733
f 6734//6734 6735//6735 6736//6736
f 6737//6737 6738//6738 6739//6739
f 6740//6740 6741//6741 6742//6742
f 6743//6743 6744//6744 6745//6745
f 6746//6746 6747//6747 6748//6748
f 6746//6746 6748//6748 6749//6749
f 6750//6750 6751//6751 6752//6752
f 6753//6753 6754//6754 6755//6755
f 6756//6756 6757//6757 6758//6758
f 6756//6756 6758//6758 6759//6759
f 6760//6760 6761//6761 6762//6762
f 6760//6760 6762//6762 6763//6763
f 6764//6764 6765//6765 6766//6766
f 6767//6767 6768//6768 6769//6769
f 6770//6770 6771//6771 6772//6772
f 6770//6770 6772//6772 6773//6773
f 6774//6774 6775//6775 6776//6776
f 6774//6774 6776//6776 6777//6777
f 6778//6778 6779//6779 6780//6780
f 6781//6781 6782//6782 6783//6783
f 6784//6784 6785//6785 6786//6786
f 6784//6784 6786//6786 6787//6787
f 6788//6788 6789//6789 6790//6790
f 6788//6788 6790//6790 6791//6791
f 6792//6792 6793//6793 6794//6794
f 6795//6795 6796//6796 6797//6797
f 6798//6798 6799//6799 6800//6800
f 6798//6798 6800//6800 6801//6801
f 6802//6802 6803//6803 6804//6804
f 6802//6802 6804//6804 6805//6805
f 6806//6806 6807//6807 6808//6808
f 6806//6806 6808//6808 6809//6809
f 6810//6810 6811//6811 6812//6812
f 6810//6810 6812//6812 6813//6813
f 6814//6814 6815//6815 6816//6816
f 6814//6814 6816//6816 6817//6817
f 6818//6818 6819//6819 6820//6820
f 6821//6821 6822//6822 6823//6823
f 6824//6824 6825//6825 6826//6826
f 6827//6827 6828//6828 6829//6829
f 6830//6830 6831//6831 6832//6832
f 6830//6830 6832//6832 6833//6833
f 6834//6834 6835//6835 6836//6836
f 6834//6834 6836//6836 6837//6837
f 6838//6838 6839//6839 6840//6840
f 6838//6838 6840//6840 6841//6841
f 6842//6842 6843//6843 6844//6844
f 6845//6845 6846//6846 6847//6847
f 6848//6848 6849//6849 6850//6850
f 6848//6848 6850//6850 6851//6851
f 6852//6852 6853//6853 6854//6854
f 6852//6852 6854//6854 6855//6855
f 6856//6856 6857//6857 6858//6858
f 6856//6856 6858//6858 6859//6859
f 6860//6860 6861//6861 6862//6862
f 6860//6860 6862//6862 6863//6863
f 6864//6864 6865//6865 6866//6866
f 6864//6864 6866//6866 6867//6867
f 6868//6868 6869//6869 6870//6870
f 6868//6868 6870//6870 6871//6871
f 6872//6872 6873//6873 6874//6874
f 6875//6875 6876//6876 6877//6877
f 6878//6878 6879//6879 6880//6880
f 6881//6881 6882//6882 6883//6883
f 6884//6884 6885//6885 6886//6886
f 6884//6884 6886//6886 6887//6887
f 6888//6888 6889//6889 6890//6890
f 6891//6891 6892//6892 6893//6893
f 6894//6894 6895//6895 6896//6896
f 6897//6897 6898//6898 6899//6899
f 6900//6900 6901//6901 6902//6902
f 6900//6900 6902//6902 6903//6903
f 6904//6904 6905//6905 6906//6906
f 6904//6904 6906//6906 6907//6907
f 6908//6908 6909//6909 6910//6910
f 6911//6911 6912//6912 6913//6913
f 6914//6914 6915//6915 6916//6916
f 6914//6914 6916//6916 6917//6917
f 6918//6918 6919//6919 6920//6920
f 6918//6918 6920//6920 6921//6921
f 6922//6922 6923//6923 6924//6924
f 6922//6922 6924//6924 6925//6925
f 6926//6926 6927//6927 6928//6928
f 6926//6926 6928//6928 6929//6929
f 6930//6930 6931//6931 6932//6932
f 6930//6930 6932//6932 6933//6933
f 6934//6934 6935//6935 6936//6936
f 6934//6934 6936//6936 6937//6937
f 6938//6938 6939//6939 6940//6940
f 6938//6938 6940//6940 6941//6941
f 6942//6942 6943//6943 6944//6944
f 6942//6942 6944//6944 6945//6945
f 6946//6946 6947//6947 6948//6948
f 6946//6946 6948//6948 6949//6949
f 6950//6950 6951//6951 6952//6952
f 6950//6950 6952//6952 6953//6953
f 6954//6954 6955//6955 6956//6956
f 6954//6954 6956//6956 6957//6957
f 6958//6958 6959//6959 6960//6960
f 6958//6958 6960//6960 6961//6961
f 6962//6962 6963//6963 6964//6964
f 6962//6962 6964//6964 6965//6965
f 6966//6966 6967//6967 6968//6968
f 6966//6966 6968//6968 6969//6969
f 6970//6970 6971//6971 6972//6972
f 6970//6970 6972//6972 6973//6973
f 6974//6974 6975//6975 6976//6976
f 6974//6974 6976//6976 6977//6977
f 6978//6978 6979//6979 6980//6980
f 6978//6978 6980//6980 6981//6981
f 6982//6982 6983//6983 6984//6984
f 6982//6982 6984//6984 6985//6985
f 6986//6986 6987//6987 6988//6988
f 6986//6986 6988//6988 6989//6989
f 6990//6990 6991//6991 6992//6992
f 6990//6990 6992//6992 6993//6993
f 6994//6994 6995//6995 6996//6996
f 6994//6994 6996//6996 6997//6997
f 6998//6998 6999//6999 7000//7000
f 6998//6998 7000//7000 7001//7001
f 7002//7002 7003//7003 7004//7004
f 7005//7005 7006//7006 7007//7007
f 7008//7008 7009//7009 7010//7010
f 7008//7008 7010//7010 7011//7011
f 7012//7012 7013//7013 7014//7014
f 7012//7012 7014//7014 7015//7015
f 7016//7016 7017//7017 7018//7018
f 7019//7019 7020//7020 7021//7021
f 7022//7022 7023//7023 7024//7024
f 7022//7022 7024//7024 7025//7025
f 7026//7026 7027//7027 7028//7028
f 7026//7026 7028//7028 7029//7029
f 7030//7030 7031//7031 7032//7032
f 7030//7030 7032//7032 7033//7033
f 7034//7034 7035//7035 7036//7036
f 7037//7037 7038//7038 7039//7039
f 7040//7040 7041//7041 7042//7042
f 7043//7043 7044//7044 7045//7045
f 7046//7046 7047//7047 7048//7048
f 7046//7046 7048//7048 7049//7049
f 7050//7050 7051//7051 7052//7052
f 7050//7050 7052//7052 7053//7053
f 7054//7054 7055//7055 7056//7056
f 7054//7054 7056//7056 7057//7057
f 7058//7058 7059//7059 7060//7060
f 7058//7058 7060//7060 7061//7061
f 7062//7062 7063//7063 7064//7064
f 7062//7062 7064//7064 7065//7065
f 7066//7066 7067//7067 7068//7068
f 7066//7066 7068//7068 7069//7069
f 7070//7070 7071//7071 7072//7072
f 7070//7070 7072//7072 7073//7073
f 7074//7074 7075//7075 7076//7076
f 7074//7074 7076//7076 7077//7077
f 7078//7078 7079//7079 7080//7080
f 7078//7078 7080//7080 7081//7081
f 7082//7082 7083//7083 7084//7084
f 7082//7082 7084//7084 7085//7085
f 7086//7086 7087//7087 7088//7088
f 7089//7089 7090//7090 7091//7091
f 7092//7092 7093//7093 7094//7094
f 7095//7095 7096//7096 7097//7097
f 7098//7098 7099//7099 7100//7100
f 7101//7101 7102//7102 7103//7103
f 7104//7104 7105//7105 7106//7106
f 7107//7107 7108//7108 7109//7109
f 7110//7110 7111//7111 7112//7112
f 7110//7110 7112//7112 7113//7113
f 7114//7114 7115//7115 7116//7116
f 7117//7117 7118//7118 7119//7119
f 7120//7120 7121//7121 7122//7122
f 7120//7120 7122//7122 7123//7123
f 7124//7124 7125//7125 7126//7126
f 7127//7127 7128//7128 7129//7129
f 7130//7130 7131//7131 7132//7132
f 7130//7130 7132//7132 7133//7133
f 7134//7134 7135//7135 7136//7136
f 7134//7134 7136//7136 7137//7137
f 7138//7138 7139//7139 7140//7140
f 7141//7141 7142//7142 7143//7143
f 7144//7144 7145//7145 7146//7146
f 7144//7144 7146//7146 7147//7147
f 7148//7148 7149//7149 7150//7150
f 7148//7148 7150//7150 7151//7151
f 7152//7152 7153//7153 7154//7154
f 7152//7152 7154//7154 7155//7155
f 7156//7156 7157//7157 7158//7158
f 7159//7159 7160//7160 7161//7161
f 7162//7162 7163//7163 7164//7164
f 7165//7165 7166//7166 7167//7167
f 7168//7168 7169//7169 7170//7170
f 7171//7171 7172//7172 7173//7173
f 7174//7174 7175//7175 7176//7176
f 7177//7177 7178//7178 7179//7179
f 7180//7180 7181//7181 7182//7182
f 7180//7180 7182//7182 7183//7183
f 7184//7184 7185//7185 7186//7186
f 7187//7187 7188//7188 7189//7189
f 7190//7190 7191//7191 7192//7192
f 7193//7193 7194//7194 7195//7195
f 7196//7196 7197//7197 7198//7198
f 7199//7199 7200//7200 7201//7201
f 7202//7202 7203//7203 7204//7204
f 7205//7205 7206//7206 7207//7207
f 7208//7208 7209//7209 7210//7210
f 7211//7211 7212//7212 7213//7213
f 7214//7214 7215//7215 7216//7216
f 7214//7214 7216//7216 7217//7217
f 7218//7218 7219//7219 7220//7220
f 7221//7221 7222//7222 7223//7223
f 7224//7224 7225//7225 7226//7226
f 7227//7227 7228//7228 7229//7229
f 7230//7230 7231//7231 7232//7232
f 7233//7233 7234//7234 7235//7235
f 7236//7236 7237//7237 7238//7238
f 7239//7239 7240//7240 7241//7241
f 7242//7242 7243//7243 7244//7244
f 7245//7245 7246//7246 7247//7247
f 7248//7248 7249//7249 7250//7250
f 7248//7248 7250//7250 7251//7251
f 7252//7252 7253//7253 7254//7254
f 7255//7255 7256//7256 7257//7257
f 7258//7258 7259//7259 7260//7260
f 7261//7261 7262//7262 7263//7263
f 7264//7264 7265//7265 7266//7266
f 7267//7267 7268//7268 7269//7269
f 7270//7270 7271//7271 7272//7272
f 7273//7273 7274//7274 7275//7275
f 7276//7276 7277//7277 7278//7278
f 7279//7279 7280//7280 7281//7281
f 7282//7282 7283//7283 7284//7284
f 7285//7285 7286//7286 7287//7287
f 7288//7288 7289//7289 7290//7290
f 7291//7291 7292//7292 7293//7293
f 7288//7288 7294//7294 7295//7295
f 7296//7296 7288//7288 7295//7295
f 7292//7292 7297//7297 7298//7298
f 7299//7299 7288//7288 7300//7300
f 7288//7288 7299//7299 7301//7301
f 7302//7302 7288//7288 7301//7301
f 7288//7288 7302//7302 7303//7303
f 7304//7304 7288//7288 7303//7303
f 7288//7288 7304//7304 7305//7305
f 7306//7306 7288//7288 7305//7305
f 7288//7288 7306//7306 7307//7307
f 7308//7308 7288//7288 7307//7307
f 7288//7288 7308//7308 7309//7309
f 7310//7310 7288//7288 7309//7309
f 7288//7288 7310//7310 7311//7311
f 7312//7312 7313//7313 7314//7314
f 7288//7288 7315//7315 7316//7316
f 7317//7317 7288//7288 7316//7316
f 7318//7318 7319//7319 7320//7320
f 7321//7321 7322//7322 7288//7288
f 7323//7323 7324//7324 7325//7325
f 7323//7323 7325//7325 7326//7326
f 7327//7327 7328//7328 7329//7329
f 7327//7327 7329//7329 7330//7330
f 7331//7331 7332//7332 7333//7333
f 7331//7331 7333//7333 7334//7334
f 7335//7335 7336//7336 7337//7337
f 7335//7335 7337//7337 7338//7338
f 7339//7339 7340//7340 7341//7341
f 7339//7339 7341//7341 7342//7342
f 7343//7343 7344//7344 7345//7345
f 7343//7343 7345//7345 7346//7346
f 7347//7347 7348//7348 7349//7349
f 7347//7347 7349//7349 7350//7350
f 7351//7351 7352//7352 7353//7353
f 7351//7351 7353//7353 7354//7354
f 7355//7355 7356//7356 7357//7357
f 7355//7355 7357//7357 7358//7358
f 7359//7359 7360//7360 7361//7361
f 7359//7359 7361//7361 7362//7362
f 7363//7363 7364//7364 7365//7365
f 7363//7363 7365//7365 7366//7366
f 7367//7367 7368//7368 7369//7369
f 7367//7367 7369//7369 7370//7370
f 7371//7371 7372//7372 7373//7373
f 7371//7371 7373//7373 7374//7374
f 7375//7375 7376//7376 7377//7377
f 7375//7375 7377//7377 7378//7378
f 7379//7379 7380//7380 7381//7381
f 7379//7379 7381//7381 7382//7382
f 7383//7383 7384//7384 7385//7385
f 7383//7383 7385//7385 7386//7386
f 7387//7387 7388//7388 7389//7389
f 7387//7387 7389//7389 7390//7390
f 7391//7391 7392//7392 7393//7393
f 7391//7391 7393//7393 7394//7394
f 7395//7395 7396//7396 7397//7397
f 7395//7395 7397//7397 7398//7398
f 7399//7399 7400//7400 7401//7401
f 7399//7399 7401//7401 7402//7402
f 7403//7403 7404//7404 7405//7405
f 7403//7403 7405//7405 7406//7406
f 7407//7407 7408//7408 7409//7409
f 7407//7407 7409//7409 7410//7410
f 7411//7411 7412//7412 7413//7413
f 7411//7411 7413//7413 7414//7414
f 7415//7415 7416//7416 7417//7417
f 7415//7415 7417//7417 7418//7418
f 7419//7419 7420//7420 7421//7421
f 7422//7422 7423//7423 7424//7424
f 7419//7419 7425//7425 7426//7426
f 7427//7427 7428//7428 7429//7429
f 7419//7419 7430//7430 7431//7431
f 7432//7432 7419//7419 7431//7431
f 7419//7419 7432//7432 7433//7433
f 7434//7434 7419//7419 7433//7433
f 7419//7419 7434//7434 7435//7435
f 7436//7436 7419//7419 7435//7435
f 7419//7419 7436//7436 7437//7437
f 7438//7438 7419//7419 7437//7437
f 7419//7419 7438//7438 7439//7439
f 7440//7440 7419//7419 7439//7439
f 7419//7419 7440//7440 7441//7441
f 7442//7442 7419//7419 7441//7441
f 7419//7419 7442//7442 7443//7443
f 7444//7444 7419//7419 7443//7443
f 7445//7445 7446//7446 7447//7447
f 7448//7448 7419//7419 7449//7449
f 7445//7445 7450//7450 7451//7451
f 7452//7452 7453//7453 7419//7419
f 7454//7454 7455//7455 7456//7456
f 7454//7454 7456//7456 7457//7457
f 7458//7458 7459//7459 7460//7460
f 7458//7458 7460//7460 7461//7461
f 7462//7462 7463//7463 7464//7464
f 7462//7462 7464//7464 7465//7465
f 7466//7466 7467//7467 7468//7468
f 7466//7466 7468//7468 7469//7469
f 7470//7470 7471//7471 7472//7472
f 7470//7470 7472//7472 7473//7473
f 7474//7474 7475//7475 7476//7476
f 7474//7474 7476//7476 7477//7477
f 7478//7478 7479//7479 7480//7480
f 7478//7478 7480//7480 7481//7481
f 7482//7482 7483//7483 7484//7484
f 7482//7482 7484//7484 7485//7485
f 7486//7486 7487//7487 7488//7488
f 7486//7486 7488//7488 7489//7489
f 7490//7490 7491//7491 7492//7492
f 7490//7490 7492//7492 7493//7493
f 7494//7494 7495//7495 7496//7496
f 7494//7494 7496//7496 7497//7497
f 7498//7498 7499//7499 7500//7500
f 7498//7498 7500//7500 7501//7501
f 7502//7502 7503//7503 7504//7504
f 7502//7502 7504//7504 7505//7505
f 7506//7506 7507//7507 7508//7508
f 7506//7506 7508//7508 7509//7509
f 7510//7510 7511//7511 7512//7512
f 7510//7510 7512//7512 7513//7513
f 7514//7514 7515//7515 7516//7516
f 7514//7514 7516//7516 7517//7517
f 7518//7518 7519//7519 7520//7520
f 7518//7518 7520//7520 7521//7521
f 7522//7522 7523//7523 7524//7524
f 7522//7522 7524//7524 7525//7525
f 7526//7526 7527//7527 7528//7528
f 7526//7526 7528//7528 7529//7529
f 7530//7530 7531//7531 7532//7532
f 7530//7530 7532//7532 7533//7533
f 7534//7534 7535//7535 7536//7536
f 7534//7534 7536//7536 7537//7537
f 7538//7538 7539//7539 7540//7540
f 7538//7538 7540//7540 7541//7541
f 7542//7542 7543//7543 7544//7544
f 7542//7542 7544//7544 7545//7545
f 7546//7546 7547//7547 7548//7548
f 7546//7546 7548//7548 7549//7549
f 7550//7550 7551//7551 7552//7552
f 7550//7550 7552//7552 7553//7553
f 7554//7554 7555//7555 7556//7556
f 7554//7554 7556//7556 7557//7557
f 7558//7558 7559//7559 7560//7560
f 7558//7558 7560//7560 7561//7561
f 7562//7562 7563//7563 7564//7564
f 7562//7562 7564//7564 7565//7565
f 7566//7566 7567//7567 7568//7568
f 7566//7566 7568//7568 7569//7569
f 7570//7570 7571//7571 7572//7572
f 7570//7570 7572//7572 7573//7573
f 7574//7574 7575//7575 7576//7576
f 7574//7574 7576//7576 7577//7577
f 7578//7578 7579//7579 7580//7580
f 7578//7578 7580//7580 7581//7581
f 7582//7582 7583//7583 7584//7584
f 7582//7582 7584//7584 7585//7585
f 7586//7586 7587//7587 7588//7588
f 7586//7586 7588//7588 7589//7589
f 7590//7590 7591//7591 7592//7592
f 7590//7590 7592//7592 7593//7593
f 7594//7594 7595//7595 7596//7596
f 7594//7594 7596//7596 7597//7597
f 7598//7598 7599//7599 7600//7600
f 7598//7598 7600//7600 7601//7601
f 7602//7602 7603//7603 7604//7604
f 7602//7602 7604//7604 7605//7605
f 7606//7606 7607//7607 7608//7608
f 7606//7606 7608//7608 7609//7609
f 7610//7610 7611//7611 7612//7612
f 7610//7610 7612//7612 7613//7613
f 7614//7614 7615//7615 7616//7616
f 7614//7614 7616//7616 7617//7617
f 7618//7618 7619//7619 7620//7620
f 7618//7618 7620//7620 7621//7621
f 7622//7622 7623//7623 7624//7624
f 7622//7622 7624//7624 7625//7625
f 7626//7626 7627//7627 7628//7628
f 7626//7626 7628//7628 7629//7629
f 7630//7630 7631//7631 7632//7632
f 7630//7630 7632//7632 7633//7633
f 7634//7634 7635//7635 7636//7636
f 7634//7634 7636//7636 7637//7637
f 7638//7638 7639//7639 7640//7640
f 7638//7638 7640//7640 7641//7641
f 7642//7642 7643//7643 7644//7644
f 7642//7642 7644//7644 7645//7645
f 7646//7646 7647//7647 7648//7648
f 7646//7646 7648//7648 7649//7649
f 7650//7650 7651//7651 7652//7652
f 7650//7650 7652//7652 7653//7653
f 7654//7654 7655//7655 7656//7656
f 7654//7654 7656//7656 7657//7657
f 7658//7658 7659//7659 7660//7660
f 7658//7658 7660//7660 7661//7661
f 7662//7662 7663//7663 7664//7664
f 7662//7662 7664//7664 7665//7665
f 7666//7666 7667//7667 7668//7668
f 7666//7666 7668//7668 7669//7669
f 7670//7670 7671//7671 7672//7672
f 7670//7670 7672//7672 7673//7673
f 7674//7674 7675//7675 7676//7676
f 7674//7674 7676//7676 7677//7677
f 7678//7678 7679//7679 7680//7680
f 7678//7678 7680//7680 7681//7681
f 7682//7682 7683//7683 7684//7684
f 7682//7682 7684//7684 7685//7685
f 7686//7686 7687//7687 7688//7688
f 7686//7686 7688//7688 7689//7689
f 7690//7690 7691//7691 7692//7692
f 7690//7690 7692//7692 7693//7693
f 7694//7694 7695//7695 7696//7696
f 7694//7694 7696//7696 7697//7697
f 7698//7698 7699//7699 7700//7700
f 7698//7698 7700//7700 7701//7701
f 7702//7702 7703//7703 7704//7704
f 7702//7702 7704//7704 7705//7705
f 7706//7706 7707//7707 7708//7708
f 7706//7706 7708//7708 7709//7709
f 7710//7710 7711//7711 7712//7712
f 7710//7710 7712//7712 7713//7713
f 7714//7714 7715//7715 7716//7716
f 7714//7714 7716//7716 7717//7717
f 7718//7718 7719//7719 7720//7720
f 7718//7718 7720//7720 7721//7721
f 7722//7722 7723//7723 7724//7724
f 7722//7722 7724//7724 7725//7725
f 7726//7726 7727//7727 7728//7728
f 7726//7726 7728//7728 7729//7729
f 7730//7730 7731//7731 7732//7732
f 7730//7730 7732//7732 7733//7733
f 7734//7734 7735//7735 7736//7736
f 7734//7734 7736//7736 7737//7737
f 7738//7738 7739//7739 7740//7740
f 7738//7738 7740//7740 7741//7741
f 7742//7742 7743//7743 7744//7744
f 7742//7742 7744//7744 7745//7745
f 7746//7746 7747//7747 7748//7748
f 7746//7746 7748//7748 7749//7749
f 7750//7750 7751//7751 7752//7752
f 7750//7750 7752//7752 7753//7753
f 7754//7754 7755//7755 7756//7756
f 7754//7754 7756//7756 7757//7757
f 7758//7758 7759//7759 7760//7760
f 7758//7758 7760//7760 7761//7761
f 7762//7762 7763//7763 7764//7764
f 7762//7762 7764//7764 7765//7765
f 7766//7766 7767//7767 7768//7768
f 7766//7766 7768//7768 7769//7769
f 7770//7770 7771//7771 7772//7772
f 7770//7770 7772//7772 7773//7773
f 7774//7774 7775//7775 7776//7776
f 7774//7774 7776//7776 7777//7777
f 7778//7778 7779//7779 7780//7780
f 7778//7778 7780//7780 7781//7781
f 7782//7782 7783//7783 7784//7784
f 7782//7782 7784//7784 7785//7785
f 7786//7786 7787//7787 7788//7788
f 7786//7786 7788//7788 7789//7789
f 7790//7790 7791//7791 7792//7792
f 7790//7790 7792//7792 7793//7793
f 7794//7794 7795//7795 7796//7796
f 7794//7794 7796//7796 7797//7797
f 7798//7798 7799//7799 7800//7800
f 7798//7798 7800//7800 7801//7801
f 7802//7802 7803//7803 7804//7804
f 7802//7802 7804//7804 7805//7805
f 7806//7806 7807//7807 7808//7808
f 7806//7806 7808//7808 7809//7809
f 7810//7810 7811//7811 7812//7812
f 7810//7810 7812//7812 7813//7813
f 7814//7814 7815//7815 7816//7816
f 7814//7814 7816//7816 7817//7817
f 7818//7818 7819//7819 7820//7820
f 7818//7818 7820//7820 7821//7821
f 7822//7822 7823//7823 7824//7824
f 7822//7822 7824//7824 7825//7825
f 7826//7826 7827//7827 7828//7828
f 7826//7826 7828//7828 7829//7829
f 7830//7830 7831//7831 7832//7832
f 7830//7830 7832//7832 7833//7833
f 7834//7834 7835//7835 7836//7836
f 7834//7834 7836//7836 7837//7837
f 7838//7838 7839//7839 7840//7840
f 7841//7841 7838//7838 7840//7840
f 7838//7838 7841//7841 7842//7842
f 7843//7843 7838//7838 7842//7842
f 7838//7838 7843//7843 7844//7844
f 7845//7845 7838//7838 7844//7844
f 7838//7838 7845//7845 7846//7846
f 7847//7847 7838//7838 7846//7846
f 7838//7838 7847//7847 7848//7848
f 7849//7849 7838//7838 7848//7848
f 7838//7838 7849//7849 7850//7850
f 7851//7851 7838//7838 7850//7850
f 7838//7838 7851//7851 7852//7852
f 7853//7853 7838//7838 7852//7852
f 7838//7838 7853//7853 7854//7854
f 7855//7855 7838//7838 7854//7854
f 7838//7838 7855//7855 7856//7856
f 7857//7857 7838//7838 7856//7856
f 7838//7838 7857//7857 7858//7858
f 7859//7859 7838//7838 7858//7858
f 7838//7838 7859//7859 7860//7860
f 7861//7861 7838//7838 7860//7860
f 7838//7838 7861//7861 7862//7862
f 7863//7863 7838//7838 7862//7862
f 7838//7838 7863//7863 7864//7864
f 7865//7865 7838//7838 7864//7864
f 7838//7838 7865//7865 7866//7866
f 7867//7867 7838//7838 7866//7866
f 7838//7838 7867//7867 7868//7868
f 7869//7869 7838//7838 7868//7868
f 7838//7838 7869//7869 7870//7870
f 7871//7871 7838//7838 7870//7870
f 7838//7838 7871//7871 7872//7872
f 7873//7873 7838//7838 7872//7872
f 7838//7838 7873//7873 7874//7874
f 7875//7875 7838//7838 7874//7874
f 7838//7838 7875//7875 7876//7876
f 7877//7877 7838//7838 7876//7876
f 7838//7838 7877//7877 7878//7878
f 7879//7879 7838//7838 7878//7878
f 7838//7838 7879//7879 7880//7880
f 7881//7881 7838//7838 7880//7880
f 7838//7838 7881//7881 7882//7882
f 7883//7883 7838//7838 7882//7882
f 7838//7838 7883//7883 7884//7884
f 7884//7884 7885//7885 7838//7838
f 7886//7886 7887//7887 7888//7888
f 7889//7889 7886//7886 7888//7888
f 7886//7886 7889//7889 7890//7890
f 7891//7891 7886//7886 7890//7890
f 7886//7886 7891//7891 7892//7892
f 7893//7893 7886//7886 7892//7892
f 7886//7886 7893//7893 7894//7894
f 7894//7894 7895//7895 7896//7896
f 7897//7897 7894//7894 7896//7896
f 7894//7894 7897//7897 7898//7898
f 7899//7899 7894//7894 7898//7898
f 7894//7894 7899//7899 7900//7900
f 7901//7901 7894//7894 7900//7900
f 7894//7894 7901//7901 7902//7902
f 7902//7902 7903//7903 7904//7904
f 7905//7905 7902//7902 7904//7904
f 7902//7902 7905//7905 7906//7906
f 7907//7907 7902//7902 7906//7906
f 7902//7902 7907//7907 7908//7908
f 7909//7909 7902//7902 7908//7908
f 7902//7902 7909//7909 7910//7910
f 7910//7910 7911//7911 7912//7912
f 7913//7913 7910//7910 7912//7912
f 7910//7910 7913//7913 7914//7914
f 7915//7915 7910//7910 7914//7914
f 7910//7910 7915//7915 7916//7916
f 7917//7917 7910//7910 7916//7916
f 7910//7910 7917//7917 7918//7918
f 7918//7918 7919//7919 7920//7920
f 7921//7921 7918//7918 7920//7920
f 7918//7918 7921//7921 7922//7922
f 7923//7923 7918//7918 7922//7922
f 7918//7918 7923//7923 7924//7924
f 7925//7925 7918//7918 7924//7924
f 7918//7918 7925//7925 7926//7926
f 7926//7926 7927//7927 7928//7928
f 7929//7929 7926//7926 7928//7928
f 7926//7926 7929//7929 7930//7930
f 7931//7931 7926//7926 7930//7930
f 7926//7926 7931//7931 7932//7932
f 7933//7933 7926//7926 7932//7932
f 7926//7926 7933//7933 7886//7886
f 7886//7886 7934//7934 7935//7935
f 7936//7936 7886//7886 7935//7935
f 7886//7886 7936//7936 7937//7937
f 7938//7938 7886//7886 7937//7937
f 7939//7939 7934//7934 7886//7886
f 7926//7926 7886//7886 7938//7938
f 7940//7940 7926//7926 7938//7938
f 7926//7926 7940//7940 7941//7941
f 7942//7942 7926//7926 7941//7941
f 7926//7926 7942//7942 7943//7943
f 7944//7944 7926//7926 7943//7943
f 7926//7926 7944//7944 7945//7945
f 7946//7946 7926//7926 7945//7945
f 7926//7926 7946//7946 7947//7947
f 7948//7948 7939//7939 7886//7886
f 7918//7918 7926//7926 7947//7947
f 7949//7949 7918//7918 7947//7947
f 7918//7918 7949//7949 7950//7950
f 7951//7951 7918//7918 7950//7950
f 7918//7918 7951//7951 7952//7952
f 7953//7953 7918//7918 7952//7952
f 7918//7918 7953//7953 7954//7954
f 7955//7955 7918//7918 7954//7954
f 7918//7918 7955//7955 7956//7956
f 7957//7957 7948//7948 7886//7886
f 7910//7910 7918//7918 7956//7956
f 7958//7958 7959//7959 7960//7960
f 7910//7910 7961//7961 7962//7962
f 7963//7963 7910//7910 7962//7962
f 7910//7910 7963//7963 7964//7964
f 7965//7965 7910//7910 7964//7964
f 7910//7910 7965//7965 7966//7966
f 7967//7967 7910//7910 7966//7966
f 7910//7910 7967//7967 7968//7968
f 7969//7969 7970//7970 7971//7971
f 7894//7894 7972//7972 7886//7886
f 7902//7902 7910//7910 7968//7968
f 7973//7973 7902//7902 7968//7968
f 7902//7902 7973//7973 7974//7974
f 7975//7975 7902//7902 7974//7974
f 7902//7902 7975//7975 7976//7976
f 7977//7977 7902//7902 7976//7976
f 7902//7902 7977//7977 7978//7978
f 7979//7979 7902//7902 7978//7978
f 7902//7902 7979//7979 7980//7980
f 7981//7981 7972//7972 7894//7894
f 7894//7894 7902//7902 7980//7980
f 7982//7982 7894//7894 7980//7980
f 7894//7894 7982//7982 7983//7983
f 7984//7984 7894//7894 7983//7983
f 7894//7894 7984//7984 7985//7985
f 7986//7986 7894//7894 7985//7985
f 7894//7894 7986//7986 7987//7987
f 7981//7981 7894//7894 7987//7987
f 7988//7988 7989//7989 7990//7990
f 7991//7991 7988//7988 7990//7990
f 7988//7988 7991//7991 7992//7992
f 7993//7993 7988//7988 7992//7992
f 7988//7988 7993//7993 7994//7994
f 7995//7995 7988//7988 7994//7994
f 7988//7988 7995//7995 7996//7996
f 7997//7997 7988//7988 7996//7996
f 7988//7988 7997//7997 7998//7998
f 7999//7999 7988//7988 7998//7998
f 7988//7988 7999//7999 8000//8000
f 8001//8001 7988//7988 8000//8000
f 7988//7988 8001//8001 8002//8002
f 8003//8003 7988//7988 8002//8002
f 7988//7988 8003//8003 8004//8004
f 8005//8005 7988//7988 8004//8004
f 7988//7988 8005//8005 8006//8006
f 8007//8007 7988//7988 8006//8006
f 7988//7988 8007//8007 8008//8008
f 8009//8009 7988//7988 8008//8008
f 7988//7988 8009//8009 8010//8010
f 8011//8011 7988//7988 8010//8010
f 7988//7988 8011//8011 8012//8012
f 8013//8013 7988//7988 8012//8012
f 7988//7988 8013//8013 8014//8014
f 8015//8015 7988//7988 8014//8014
f 7988//7988 8015//8015 8016//8016
f 8017//8017 7988//7988 8016//8016
f 7988//7988 8017//8017 8018//8018
f 8019//8019 7988//7988 8018//8018
f 7988//7988 8019//8019 8020//8020
f 8021//8021 7988//7988 8020//8020
f 7988//7988 8021//8021 8022//8022
f 8023//8023 7988//7988 8022//8022
f 7988//7988 8023//8023 8024//8024
f 8025//8025 7988//7988 8024//8024
f 7988//7988 8025//8025 8026//8026
f 8027//8027 7988//7988 8026//8026
f 7988//7988 8027//8027 8028//8028
f 8029//8029 7988//7988 8028//8028
f 7988//7988 8029//8029 8030//8030
f 8031//8031 7988//7988 8030//8030
f 7988//7988 8031//8031 8032//8032
f 8033//8033 7988//7988 8032//8032
f 7988//7988 8033//8033 8034//8034
f 8034//8034 8035//8035 7988//7988
f 8036//8036 8037//8037 8038//8038
f 8036//8036 8038//8038 8039//8039
f 8040//8040 8041//8041 8042//8042
f 8040//8040 8042//8042 8043//8043
f 8044//8044 8045//8045 8046//8046
f 8044//8044 8046//8046 8047//8047
f 8048//8048 8049//8049 8050//8050
f 8048//8048 8050//8050 8051//8051
f 8052//8052 8053//8053 8054//8054
f 8052//8052 8054//8054 8055//8055
f 8056//8056 8057//8057 8058//8058
f 8056//8056 8058//8058 8059//8059
f 8060//8060 8061//8061 8062//8062
f 8060//8060 8062//8062 8063//8063
f 8064//8064 8065//8065 8066//8066
f 8064//8064 8066//8066 8067//8067
f 8068//8068 8069//8069 8070//8070
f 8068//8068 8070//8070 8071//8071
f 8072//8072 8073//8073 8074//8074
f 8072//8072 8074//8074 8075//8075
f 8076//8076 8077//8077 8078//8078
f 8076//8076 8078//8078 8079//8079
f 8080//8080 8081//8081 8082//8082
f 8080//8080 8082//8082 8083//8083
f 8084//8084 8085//8085 8086//8086
f 8084//8084 8086//8086 8087//8087
f 8088//8088 8089//8089 8090//8090
f 8088//8088 8090//8090 8091//8091
f 8092//8092 8093//8093 8094//8094
f 8092//8092 8094//8094 8095//8095
f 8096//8096 8097//8097 8098//8098
f 8096//8096 8098//8098 8099//8099
f 8100//8100 8101//8101 8102//8102
f 8100//8100 8102//8102 8103//8103
f 8104//8104 8105//8105 8106//8106
f 8104//8104 8106//8106 8107//8107
f 8108//8108 8109//8109 8110//8110
f 8108//8108 8110//8110 8111//8111
f 8112//8112 8113//8113 8114//8114
f 8112//8112 8114//8114 8115//8115
f 8116//8116 8117//8117 8118//8118
f 8116//8116 8118//8118 8119//8119
f 8120//8120 8121//8121 8122//8122
f 8120//8120 8122//8122 8123//8123
f 8124//8124 8125//8125 8126//8126
f 8124//8124 8126//8126 8127//8127
f 8128//8128 8129//8129 8130//8130
f 8128//8128 8130//8130 8131//8131
f 8132//8132 8133//8133 8134//8134
f 8132//8132 8134//8134 8135//8135
f 8136//8136 8137//8137 8138//8138
f 8136//8136 8138//8138 8139//8139
f 8140//8140 8141//8141 8142//8142
f 8140//8140 8142//8142 8143//8143
f 8144//8144 8145//8145 8146//8146
f 8144//8144 8146//8146 8147//8147
f 8148//8148 8149//8149 8150//8150
f 8148//8148 8150//8150 8151//8151
f 8152//8152 8153//8153 8154//8154
f 8152//8152 8154//8154 8155//8155
f 8156//8156 8157//8157 8158//8158
f 8156//8156 8158//8158 8159//8159
f 8160//8160 8161//8161 8162//8162
f 8160//8160 8162//8162 8163//8163
f 8164//8164 8165//8165 8166//8166
f 8164//8164 8166//8166 8167//8167
f 8168//8168 8169//8169 8170//8170
f 8168//8168 8170//8170 8171//8171
f 8172//8172 8173//8173 8174//8174
f 8172//8172 8174//8174 8175//8175
f 8176//8176 8177//8177 8178//8178
f 8176//8176 8178//8178 8179//8179
f 8180//8180 8181//8181 8182//8182
f 8180//8180 8182//8182 8183//8183
f 8184//8184 8185//8185 8186//8186
f 8184//8184 8186//8186 8187//8187
f 8188//8188 8189//8189 8190//8190
f 8188//8188 8190//8190 8191//8191
f 8192//8192 8193//8193 8194//8194
f 8192//8192 8194//8194 8195//8195
f 8196//8196 8197//8197 8198//8198
f 8196//8196 8198//8198 8199//8199
f 8200//8200 8201//8201 8202//8202
f 8200//8200 8202//8202 8203//8203
f 8204//8204 8205//8205 8206//8206
f 8204//8204 8206//8206 8207//8207
f 8208//8208 8209//8209 8210//8210
f 8208//8208 8210//8210 8211//8211
f 8212//8212 8213//8213 8214//8214
f 8212//8212 8214//8214 8215//8215
f 8216//8216 8217//8217 8218//8218
f 8216//8216 8218//8218 8219//8219
f 8220//8220 8221//8221 8222//8222
f 8220//8220 8222//8222 8223//8223
f 8224//8224 8225//8225 8226//8226
f 8224//8224 8226//8226 8227//8227
f 8228//8228 8229//8229 8230//8230
f 8228//8228 8230//8230 8231//8231
f 8232//8232 8233//8233 8234//8234
f 8232//8232 8234//8234 8235//8235
f 8236//8236 8237//8237 8238//8238
f 8239//8239 8240//8240 8241//8241
f 8242//8242 8243//8243 8244//8244
f 8242//8242 8244//8244 8245//8245
f 8246//8246 8247//8247 8248//8248
f 8246//8246 8248//8248 8249//8249
f 8250//8250 8251//8251 8252//8252
f 8250//8250 8252//8252 8253//8253
f 8254//8254 8255//8255 8256//8256
f 8257//8257 8258//8258 8259//8259
f 8260//8260 8261//8261 8262//8262
f 8263//8263 8264//8264 8265//8265
f 8266//8266 8267//8267 8268//8268
f 8266//8266 8268//8268 8269//8269
f 8270//8270 8271//8271 8272//8272
f 8270//8270 8272//8272 8273//8273
f 8274//8274 8275//8275 8276//8276
f 8277//8277 8278//8278 8279//8279
f 8280//8280 8281//8281 8282//8282
f 8280//8280 8282//8282 8283//8283
f 8284//8284 8285//8285 8286//8286
f 8284//8284 8286//8286 8287//8287
f 8288//8288 8289//8289 8290//8290
f 8288//8288 8290//8290 8291//8291
f 8292//8292 8293//8293 8294//8294
f 8292//8292 8294//8294 8295//8295
f 8296//8296 8297//8297 8298//8298
f 8299//8299 8300//8300 8301//8301
f 8302//8302 8303//8303 8304//8304
f 8302//8302 8304//8304 8305//8305
f 8306//8306 8307//8307 8308//8308
f 8309//8309 8310//8310 8311//8311
f 8312//8312 8313//8313 8314//8314
f 8312//8312 8314//8314 8315//8315
f 8316//8316 8317//8317 8318//8318
f 8319//8319 8320//8320 8321//8321
f 8322//8322 8323//8323 8324//8324
f 8322//8322 8324//8324 8325//8325
f 8326//8326 8327//8327 8328//8328
f 8329//8329 8330//8330 8331//8331
f 8332//8332 8333//8333 8334//8334
f 8332//8332 8334//8334 8335//8335
f 8336//8336 8337//8337 8338//8338
f 8336//8336 8338//8338 8339//8339
f 8340//8340 8341//8341 8342//8342
f 8343//8343 8344//8344 8345//8345
f 8344//8344 8343//8343 8346//8346
f 8347//8347 8344//8344 8346//8346
f 8344//8344 8347//8347 8348//8348
f 8349//8349 8344//8344 8348//8348
f 8344//8344 8349//8349 8350//8350
f 8351//8351 8344//8344 8350//8350
f 8344//8344 8351//8351 8352//8352
f 8353//8353 8344//8344 8352//8352
f 8344//8344 8353//8353 8354//8354
f 8355//8355 8344//8344 8354//8354
f 8344//8344 8355//8355 8356//8356
f 8357//8357 8344//8344 8356//8356
f 8358//8358 8359//8359 8360//8360
f 8361//8361 8344//8344 8362//8362
f 8344//8344 8361//8361 8363//8363
f 8364//8364 8344//8344 8363//8363
f 8344//8344 8364//8364 8365//8365
f 8366//8366 8344//8344 8365//8365
f 8358//8358 8367//8367 8368//8368
f 8368//8368 8369//8369 8358//8358
f 8370//8370 8371//8371 8372//8372
f 8373//8373 8374//8374 8375//8375
f 8374//8374 8373//8373 8376//8376
f 8377//8377 8374//8374 8376//8376
f 8374//8374 8377//8377 8378//8378
f 8379//8379 8374//8374 8378//8378
f 8374//8374 8379//8379 8380//8380
f 8381//8381 8374//8374 8380//8380
f 8374//8374 8381//8381 8382//8382
f 8382//8382 8383//8383 8374//8374
f 8384//8384 8385//8385 8386//8386
f 8384//8384 8386//8386 8387//8387
f 8388//8388 8389//8389 8390//8390
f 8388//8388 8390//8390 8391//8391
f 8392//8392 8393//8393 8394//8394
f 8392//8392 8394//8394 8395//8395
f 8396//8396 8397//8397 8398//8398
f 8396//8396 8398//8398 8399//8399
f 8400//8400 8401//8401 8402//8402
f 8400//8400 8402//8402 8403//8403
f 8404//8404 8405//8405 8406//8406
f 8404//8404 8406//8406 8407//8407
f 8408//8408 8409//8409 8410//8410
f 8408//8408 8410//8410 8411//8411
f 8412//8412 8413//8413 8414//8414
f 8412//8412 8414//8414 8415//8415
f 8416//8416 8417//8417 8418//8418
f 8416//8416 8418//8418 8419//8419
f 8420//8420 8421//8421 8422//8422
f 8420//8420 8422//8422 8423//8423
f 8424//8424 8425//8425 8426//8426
f 8424//8424 8426//8426 8427//8427
f 8428//8428 8429//8429 8430//8430
f 8428//8428 8430//8430 8431//8431
f 8432//8432 8433//8433 8434//8434
f 8435//8435 8432//8432 8434//8434
f 8432//8432 8435//8435 8436//8436
f 8437//8437 8432//8432 8436//8436
f 8432//8432 8437//8437 8438//8438
f 8439//8439 8432//8432 8438//8438
f 8432//8432 8439//8439 8440//8440
f 8441//8441 8432//8432 8440//8440
f 8432//8432 8441//8441 8442//8442
f 8442//8442 8443//8443 8432//8432
f 8444//8444 8445//8445 8446//8446
f 8447//8447 8444//8444 8446//8446
f 8444//8444 8447//8447 8448//8448
f 8449//8449 8444//8444 8448//8448
f 8444//8444 8449//8449 8450//8450
f 8451//8451 8444//8444 8450//8450
f 8444//8444 8451//8451 8452//8452
f 8453//8453 8444//8444 8452//8452
f 8444//8444 8453//8453 8454//8454
f 8454//8454 8455//8455 8444//8444
f 8456//8456 8457//8457 8458//8458
f 8456//8456 8458//8458 8459//8459
f 8460//8460 8461//8461 8462//8462
f 8460//8460 8462//8462 8463//8463
f 8464//8464 8465//8465 8466//8466
f 8464//8464 8466//8466 8467//8467
f 8468//8468 8469//8469 8470//8470
f 8468//8468 8470//8470 8471//8471
f 8472//8472 8473//8473 8474//8474
f 8472//8472 8474//8474 8475//8475
f 8476//8476 8477//8477 8478//8478
f 8476//8476 8478//8478 8479//8479
f 8480//8480 8481//8481 8482//8482
f 8480//8480 8482//8482 8483//8483
f 8484//8484 8485//8485 8486//8486
f 8484//8484 8486//8486 8487//8487
f 8488//8488 8489//8489 8490//8490
f 8488//8488 8490//8490 8491//8491
f 8492//8492 8493//8493 8494//8494
f 8492//8492 8494//8494 8495//8495
f 8496//8496 8497//8497 8498//8498
f 8496//8496 8498//8498 8499//8499
f 8500//8500 8501//8501 8502//8502
f 8500//8500 8502//8502 8503//8503
f 8504//8504 8505//8505 8506//8506
f 8507//8507 8504//8504 8506//8506
f 8504//8504 8507//8507 8508//8508
f 8509//8509 8504//8504 8508//8508
f 8504//8504 8509//8509 8510//8510
f 8511//8511 8504//8504 8510//8510
f 8504//8504 8511//8511 8512//8512
f 8513//8513 8504//8504 8512//8512
f 8504//8504 8513//8513 8514//8514
f 8514//8514 8515//8515 8504//8504
f 8516//8516 8517//8517 8518//8518
f 8519//8519 8516//8516 8518//8518
f 8516//8516 8519//8519 8520//8520
f 8521//8521 8516//8516 8520//8520
f 8516//8516 8521//8521 8522//8522
f 8523//8523 8516//8516 8522//8522
f 8516//8516 8523//8523 8524//8524
f 8525//8525 8516//8516 8524//8524
f 8516//8516 8525//8525 8526//8526
f 8527//8527 8516//8516 8526//8526
f 8516//8516 8527//8527 8528//8528
f 8529//8529 8516//8516 8528//8528
f 8516//8516 8529//8529 8530//8530
f 8531//8531 8516//8516 8530//8530
f 8516//8516 8531//8531 8532//8532
f 8533//8533 8516//8516 8532//8532
f 8516//8516 8533//8533 8534//8534
f 8535//8535 8516//8516 8534//8534
f 8516//8516 8535//8535 8536//8536
f 8537//8537 8516//8516 8536//8536
f 8516//8516 8537//8537 8538//8538
f 8538//8538 8539//8539 8516//8516
f 8540//8540 8541//8541 8542//8542
f 8540//8540 8542//8542 8543//8543
f 8544//8544 8545//8545 8546//8546
f 8544//8544 8546//8546 8547//8547
f 8548//8548 8549//8549 8550//8550
f 8551//8551 8552//8552 8553//8553
f 8554//8554 8555//8555 8556//8556
f 8554//8554 8556//8556 8557//8557
f 8558//8558 8559//8559 8560//8560
f 8558//8558 8560//8560 8561//8561
f 8562//8562 8563//8563 8564//8564
f 8562//8562 8564//8564 8565//8565
f 8566//8566 8567//8567 8568//8568
f 8566//8566 8568//8568 8569//8569
f 8570//8570 8571//8571 8572//8572
f 8570//8570 8572//8572 8573//8573
f 8574//8574 8575//8575 8576//8576
f 8574//8574 8576//8576 8577//8577
f 8578//8578 8579//8579 8580//8580
f 8581//8581 8582//8582 8583//8583
f 8584//8584 8585//8585 8586//8586
f 8584//8584 8586//8586 8587//8587
f 8588//8588 8589//8589 8590//8590
f 8588//8588 8590//8590 8591//8591
f 8592//8592 8593//8593 8594//8594
f 8592//8592 8594//8594 8595//8595
f 8596//8596 8597//8597 8598//8598
f 8596//8596 8598//8598 8599//8599
f 8600//8600 8601//8601 8602//8602
f 8603//8603 8604//8604 8605//8605
f 8606//8606 8607//8607 8608//8608
f 8609//8609 8610//8610 8611//8611
f 8612//8612 8613//8613 8614//8614
f 8612//8612 8614//8614 8615//8615
f 8616//8616 8617//8617 8618//8618
f 8616//8616 8618//8618 8619//8619
f 8620//8620 8621//8621 8622//8622
f 8620//8620 8622//8622 8623//8623
f 8624//8624 8625//8625 8626//8626
f 8624//8624 8626//8626 8627//8627
f 8628//8628 8629//8629 8630//8630
f 8631//8631 8632//8632 8633//8633
f 8634//8634 8635//8635 8636//8636
f 8637//8637 8638//8638 8639//8639
f 8640//8640 8641//8641 8642//8642
f 8640//8640 8642//8642 8643//8643
f 8644//8644 8645//8645 8646//8646
f 8644//8644 8646//8646 8647//8647
f 8648//8648 8649//8649 8650//8650
f 8651//8651 8648//8648 8650//8650
f 8648//8648 8651//8651 8652//8652
f 8653//8653 8648//8648 8652//8652
f 8648//8648 8653//8653 8654//8654
f 8655//8655 8648//8648 8654//8654
f 8648//8648 8655//8655 8656//8656
f 8657//8657 8648//8648 8656//8656
f 8648//8648 8657//8657 8658//8658
f 8659//8659 8648//8648 8658//8658
f 8648//8648 8659//8659 8660//8660
f 8661//8661 8648//8648 8660//8660
f 8648//8648 8661//8661 8662//8662
f 8663//8663 8648//8648 8662//8662
f 8648//8648 8663//8663 8664//8664
f 8665//8665 8648//8648 8664//8664
f 8648//8648 8665//8665 8666//8666
f 8667//8667 8648//8648 8666//8666
f 8648//8648 8667//8667 8668//8668
f 8669//8669 8648//8648 8668//8668
f 8648//8648 8669//8669 8670//8670
f 8670//8670 8671//8671 8648//8648
f 8672//8672 8673//8673 8674//8674
f 8675//8675 8676//8676 8677//8677
f 8678//8678 8679//8679 8680//8680
f 8681//8681 8678//8678 8680//8680
f 8678//8678 8681//8681 8682//8682
f 8683//8683 8678//8678 8682//8682
f 8678//8678 8683//8683 8684//8684
f 8685//8685 8678//8678 8684//8684
f 8678//8678 8685//8685 8686//8686
f 8687//8687 8678//8678 8686//8686
f 8678//8678 8687//8687 8688//8688
f 8689//8689 8678//8678 8688//8688
f 8678//8678 8689//8689 8690//8690
f 8691//8691 8678//8678 8690//8690
f 8678//8678 8691//8691 8692//8692
f 8693//8693 8678//8678 8692//8692
f 8678//8678 8693//8693 8694//8694
f 8695//8695 8678//8678 8694//8694
f 8678//8678 8695//8695 8696//8696
f 8697//8697 8678//8678 8696//8696
f 8678//8678 8697//8697 8698//8698
f 8698//8698 8699//8699 8678//8678
f 8700//8700 8701//8701 8702//8702
f 8703//8703 8700//8700 8702//8702
f 8700//8700 8703//8703 8704//8704
f 8705//8705 8700//8700 8704//8704
f 8700//8700 8705//8705 8706//8706
f 8707//8707 8700//8700 8706//8706
f 8700//8700 8707//8707 8708//8708
f 8709//8709 8700//8700 8708//8708
f 8700//8700 8709//8709 8710//8710
f 8711//8711 8700//8700 8710//8710
f 8700//8700 8711//8711 8712//8712
f 8713//8713 8700//8700 8712//8712
f 8700//8700 8713//8713 8714//8714
f 8715//8715 8700//8700 8714//8714
f 8700//8700 8715//8715 8716//8716
f 8717//8717 8700//8700 8716//8716
f 8700//8700 8717//8717 8718//8718
f 8719//8719 8700//8700 8718//8718
f 8700//8700 8719//8719 8720//8720
f 8721//8721 8700//8700 8720//8720
f 8700//8700 8721//8721 8722//8722
f 8722//8722 8723//8723 8700//8700
f 8724//8724 8725//8725 8726//8726
f 8724//8724 8726//8726 8727//8727
f 8728//8728 8729//8729 8730//8730
f 8728//8728 8730//8730 8731//8731
f 8732//8732 8733//8733 8734//8734
f 8732//8732 8734//8734 8735//8735
f 8736//8736 8737//8737 8738//8738
f 8736//8736 8738//8738 8739//8739
f 8740//8740 8741//8741 8742//8742
f 8740//8740 8742//8742 8743//8743
f 8744//8744 8745//8745 8746//8746
f 8744//8744 8746//8746 8747//8747
f 8748//8748 8749//8749 8750//8750
f 8748//8748 8750//8750 8751//8751
f 8752//8752 8753//8753 8754//8754
f 8752//8752 8754//8754 8755//8755
f 8756//8756 8757//8757 8758//8758
f 8756//8756 8758//8758 8759//8759
f 8760//8760 8761//8761 8762//8762
f 8760//8760 8762//8762 8763//8763
f 8764//8764 8765//8765 8766//8766
f 8764//8764 8766//8766 8767//8767
f 8768//8768 8769//8769 8770//8770
f 8768//8768 8770//8770 8771//8771
f 8772//8772 8773//8773 8774//8774
f 8772//8772 8774//8774 8775//8775
f 8776//8776 8777//8777 8778//8778
f 8776//8776 8778//8778 8779//8779
f 8780//8780 8781//8781 8782//8782
f 8780//8780 8782//8782 8783//8783
f 8784//8784 8785//8785 8786//8786
f 8784//8784 8786//8786 8787//8787
f 8788//8788 8789//8789 8790//8790
f 8788//8788 8790//8790 8791//8791
f 8792//8792 8793//8793 8794//8794
f 8792//8792 8794//8794 8795//8795
f 8796//8796 8797//8797 8798//8798
f 8796//8796 8798//8798 8799//8799
f 8800//8800 8801//8801 8802//8802
f 8800//8800 8802//8802 8803//8803
f 8804//8804 8805//8805 8806//8806
f 8804//8804 8806//8806 8807//8807
f 8808//8808 8809//8809 8810//8810
f 8808//8808 8810//8810 8811//8811
f 8812//8812 8813//8813 8814//8814
f 8812//8812 8814//8814 8815//8815
f 8816//8816 8817//8817 8818//8818
f 8816//8816 8818//8818 8819//8819
f 8820//8820 8821//8821 8822//8822
f 8823//8823 8820//8820 8822//8822
f 8820//8820 8823//8823 8824//8824
f 8825//8825 8820//8820 8824//8824
f 8820//8820 8825//8825 8826//8826
f 8827//8827 8820//8820 8826//8826
f 8820//8820 8827//8827 8828//8828
f 8829//8829 8820//8820 8828//8828
f 8820//8820 8829//8829 8830//8830
f 8831//8831 8820//8820 8830//8830
f 8820//8820 8831//8831 8832//8832
f 8833//8833 8820//8820 8832//8832
f 8820//8820 8833//8833 8834//8834
f 8835//8835 8820//8820 8834//8834
f 8820//8820 8835//8835 8836//8836
f 8837//8837 8820//8820 8836//8836
f 8820//8820 8837//8837 8838//8838
f 8839//8839 8820//8820 8838//8838
f 8820//8820 8839//8839 8840//8840
f 8841//8841 8820//8820 8840//8840
f 8820//8820 8841//8841 8842//8842
f 8842//8842 8843//8843 8820//8820
f 8844//8844 8845//8845 8846//8846
f 8847//8847 8844//8844 8846//8846
f 8844//8844 8847//8847 8848//8848
f 8849//8849 8844//8844 8848//8848
f 8844//8844 8849//8849 8850//8850
f 8851//8851 8844//8844 8850//8850
f 8844//8844 8851//8851 8852//8852
f 8853//8853 8844//8844 8852//8852
f 8844//8844 8853//8853 8854//8854
f 8855//8855 8844//8844 8854//8854
f 8844//8844 8855//8855 8856//8856
f 8857//8857 8844//8844 8856//8856
f 8844//8844 8857//8857 8858//8858
f 8859//8859 8844//8844 8858//8858
f 8844//8844 8859//8859 8860//8860
f 8861//8861 8844//8844 8860//8860
f 8844//8844 8861//8861 8862//8862
f 8863//8863 8844//8844 8862//8862
f 8844//8844 8863//8863 8864//8864
f 8865//8865 8844//8844 8864//8864
f 8866//8866 8867//8867 8868//8868
f 8869//8869 8870//8870 8871//8871
f 8872//8872 8873//8873 8874//8874
f 8875//8875 8872//8872 8874//8874
f 8872//8872 8875//8875 8876//8876
f 8877//8877 8872//8872 8876//8876
f 8872//8872 8877//8877 8878//8878
f 8879//8879 8872//8872 8878//8878
f 8872//8872 8879//8879 8880//8880
f 8881//8881 8872//8872 8880//8880
f 8872//8872 8881//8881 8882//8882
f 8883//8883 8872//8872 8882//8882
f 8872//8872 8883//8883 8884//8884
f 8885//8885 8872//8872 8884//8884
f 8872//8872 8885//8885 8886//8886
f 8887//8887 8872//8872 8886//8886
f 8872//8872 8887//8887 8888//8888
f 8889//8889 8872//8872 8888//8888
f 8872//8872 8889//8889 8890//8890
f 8891//8891 8872//8872 8890//8890
f 8872//8872 8891//8891 8892//8892
f 8893//8893 8872//8872 8892//8892
f 8872//8872 8893//8893 8894//8894
f 8894//8894 8895//8895 8872//8872
f 8896//8896 8897//8897 8898//8898
f 8896//8896 8898//8898 8899//8899
f 8900//8900 8901//8901 8902//8902
f 8900//8900 8902//8902 8903//8903
f 8904//8904 8905//8905 8906//8906
f 8904//8904 8906//8906 8907//8907
f 8908//8908 8909//8909 8910//8910
f 8908//8908 8910//8910 8911//8911
f 8912//8912 8913//8913 8914//8914
f 8912//8912 8914//8914 8915//8915
f 8916//8916 8917//8917 8918//8918
f 8916//8916 8918//8918 8919//8919
f 8920//8920 8921//8921 8922//8922
f 8920//8920 8922//8922 8923//8923
f 8924//8924 8925//8925 8926//8926
f 8924//8924 8926//8926 8927//8927
f 8928//8928 8929//8929 8930//8930
f 8928//8928 8930//8930 8931//8931
f 8932//8932 8933//8933 8934//8934
f 8932//8932 8934//8934 8935//8935
f 8936//8936 8937//8937 8938//8938
f 8936//8936 8938//8938 8939//8939
f 8940//8940 8941//8941 8942//8942
f 8940//8940 8942//8942 8943//8943
f 8944//8944 8945//8945 8946//8946
f 8944//8944 8946//8946 8947//8947
f 8948//8948 8949//8949 8950//8950
f 8948//8948 8950//8950 8951//8951
f 8952//8952 8953//8953 8954//8954
f 8952//8952 8954//8954 8955//8955
f 8956//8956 8957//8957 8958//8958
f 8956//8956 8958//8958 8959//8959
f 8960//8960 8961//8961 8962//8962
f 8960//8960 8962//8962 8963//8963
f 8964//8964 8965//8965 8966//8966
f 8964//8964 8966//8966 8967//8967
f 8968//8968 8969//8969 8970//8970
f 8968//8968 8970//8970 8971//8971
f 8972//8972 8973//8973 8974//8974
f 8972//8972 8974//8974 8975//8975
f 8976//8976 8977//8977 8978//8978
f 8976//8976 8978//8978 8979//8979
f 8980//8980 8981//8981 8982//8982
f 8980//8980 8982//8982 8983//8983
f 8984//8984 8985//8985 8986//8986
f 8984//8984 8986//8986 8987//8987
f 8988//8988 8989//8989 8990//8990
f 8988//8988 8990//8990 8991//8991
f 8992//8992 8993//8993 8994//8994
f 8995//8995 8992//8992 8994//8994
f 8992//8992 8995//8995 8996//8996
f 8997//8997 8992//8992 8996//8996
f 8992//8992 8997//8997 8998//8998
f 8999//8999 8992//8992 8998//8998
f 8992//8992 8999//8999 9000//9000
f 9001//9001 8992//8992 9000//9000
f 8992//8992 9001//9001 9002//9002
f 9003//9003 8992//8992 9002//9002
f 8992//8992 9003//9003 9004//9004
f 9005//9005 8992//8992 9004//9004
f 8992//8992 9005//9005 9006//9006
f 9007//9007 8992//8992 9006//9006
f 8992//8992 9007//9007 9008//9008
f 9009//9009 8992//8992 9008//9008
f 8992//8992 9009//9009 9010//9010
f 9011//9011 8992//8992 9010//9010
f 8992//8992 9011//9011 9012//9012
f 9013//9013 8992//8992 9012//9012
f 8992//8992 9013//9013 9014//9014
f 9014//9014 9015//9015 8992//8992
