mtllib Satelite.mtl
o SatelitePanel2CeldasB
usemtl ACE
v -300.072588 1.705271 34.814791
v -296.786791 1.705271 34.814791
v -296.786699 1.705271 29.949745
v -300.072527 1.705271 29.949594
v -303.920580 1.705271 49.839781
v -303.920580 1.705271 45.260080
v -307.206438 1.705271 45.260080
v -307.206438 1.705271 49.839781
v -307.206438 1.705271 44.900103
v -303.920580 1.705271 44.900103
v -303.920580 1.705271 40.320394
v -307.206438 1.705271 40.320394
v -289.409227 1.705271 50.222513
v -289.409227 1.705271 54.446520
v -286.123430 1.705271 54.446520
v -286.123430 1.705271 50.222513
v -289.409105 1.705271 40.320539
v -289.409105 1.705271 44.900251
v -286.123339 1.705271 44.900251
v -286.123339 1.705271 40.320539
v -236.296038 1.705271 24.784527
v -239.581865 1.705271 24.784527
v -239.581865 1.705271 29.568190
v -236.296038 1.705271 29.568338
v -261.214067 1.705271 29.567900
v -261.214067 1.705271 24.784231
v -264.499895 1.705271 24.784231
v -264.499895 1.705271 29.567900
v -257.644365 1.705271 24.784231
v -260.930223 1.705271 24.784231
v -260.930284 1.705271 29.567900
v -257.644365 1.705271 29.567900
v -243.389818 1.705271 45.260965
v -246.675798 1.705271 45.260965
v -246.675798 1.705271 49.840662
v -243.389971 1.705271 49.840662
v -250.523638 1.705271 45.260820
v -253.809496 1.705271 45.260820
v -253.809496 1.705271 49.840506
v -250.523638 1.705271 49.840506
v -236.017992 1.705271 54.447267
v -232.732195 1.705271 54.447267
v -232.732195 1.705271 50.223242
v -236.017992 1.705271 50.223242
v -232.448259 1.705271 50.223242
v -232.448259 1.705271 54.447267
v -228.980425 1.705271 54.447405
v -228.980425 1.705271 50.223394
v -254.080492 1.705271 49.840506
v -254.080492 1.705271 45.260820
v -257.366350 1.705271 45.260675
v -257.366350 1.705271 49.840506
v -268.308000 1.705271 49.840368
v -268.308000 1.705271 45.260515
v -271.593828 1.705271 45.260515
v -271.593828 1.705271 49.840368
v -268.307848 1.705271 39.938555
v -268.307848 1.705271 35.195658
v -271.593737 1.705271 35.195501
v -271.593737 1.705271 39.938402
v -278.727556 1.705271 44.900396
v -275.441698 1.705271 44.900553
v -275.441698 1.705271 40.320692
v -278.727556 1.705271 40.320692
v -282.291490 1.705271 40.320692
v -282.291643 1.705271 44.900396
v -279.005785 1.705271 44.900396
v -279.005693 1.705271 40.320692
v -275.441698 1.705271 39.938402
v -275.441637 1.705271 35.195501
v -278.727434 1.705271 35.195501
v -278.727556 1.705271 39.938257
v -279.005693 1.705271 35.195501
v -282.291490 1.705271 35.195501
v -282.291490 1.705271 39.938257
v -279.005693 1.705271 39.938257
v -296.786699 1.705271 19.250427
v -296.786791 1.705271 14.385380
v -300.072588 1.705271 14.385380
v -300.072527 1.705271 19.250580
v -303.920671 1.705271 -10.939056
v -303.920671 1.705271 -15.518908
v -307.206499 1.705271 -15.518753
v -307.206499 1.705271 -10.939056
v -307.206438 1.705271 3.940087
v -303.920580 1.705271 3.940087
v -303.920580 1.705271 -0.639611
v -307.206438 1.705271 -0.639611
v -303.920580 1.705271 8.879773
v -303.920580 1.705271 4.300063
v -307.206438 1.705271 4.300063
v -307.206438 1.705271 8.879773
v -289.693193 1.705271 -10.939350
v -289.693193 1.705271 -15.519049
v -292.979082 1.705271 -15.519049
v -292.978990 1.705271 -10.939201
v -293.257189 1.705271 -15.519049
v -296.543077 1.705271 -15.518908
v -296.543077 1.705271 -10.939201
v -293.257189 1.705271 -10.939201
v -293.257341 1.705271 -25.420883
v -296.543169 1.705271 -25.420883
v -296.543169 1.705271 -20.841024
v -293.257189 1.705271 -20.841171
v -286.123430 1.705271 -5.602038
v -289.409227 1.705271 -5.602038
v -289.409227 1.705271 -1.022344
v -286.123430 1.705271 -1.022344
v -286.123339 1.705271 4.299916
v -289.409105 1.705271 4.299916
v -289.409105 1.705271 8.879631
v -286.123339 1.705271 8.879631
v -303.636980 1.705271 -40.267366
v -303.636980 1.705271 -35.687655
v -300.351213 1.705271 -35.687800
v -300.351213 1.705271 -40.267500
v -303.636980 1.705271 -30.365683
v -303.636858 1.705271 -25.785824
v -300.351091 1.705271 -25.785824
v -300.351213 1.705271 -30.365683
v -292.979235 1.705271 -35.687800
v -289.693346 1.705271 -35.687933
v -289.693346 1.705271 -40.267653
v -292.979235 1.705271 -40.267653
v -289.693346 1.705271 -40.649942
v -289.693346 1.705271 -45.229799
v -292.979326 1.705271 -45.229647
v -292.979235 1.705271 -40.649942
v -282.559587 1.705271 -30.748255
v -282.559587 1.705271 -35.328116
v -285.845385 1.705271 -35.327967
v -285.845385 1.705271 -30.748255
v -286.123735 1.705271 -55.146963
v -289.409563 1.705271 -55.146803
v -289.409563 1.705271 -50.567099
v -286.123735 1.705271 -50.567099
v -239.581865 1.705271 19.631983
v -239.581865 1.705271 24.415646
v -236.296038 1.705271 24.415646
v -236.296038 1.705271 19.631834
v -264.499895 1.705271 24.415943
v -261.214067 1.705271 24.415943
v -261.214067 1.705271 19.632275
v -264.499895 1.705271 19.632275
v -260.930284 1.705271 19.632275
v -260.930223 1.705271 24.415943
v -257.644365 1.705271 24.415943
v -257.644365 1.705271 19.632275
v -239.826067 1.705271 -20.841913
v -239.826067 1.705271 -25.421616
v -243.111956 1.705271 -25.421616
v -243.111956 1.705271 -20.841776
v -236.296343 1.705271 -15.519798
v -239.582231 1.705271 -15.519798
v -239.582079 1.705271 -10.939932
v -236.296251 1.705271 -10.940078
v -236.296343 1.705271 -25.421766
v -239.582231 1.705271 -25.421616
v -239.582231 1.705271 -20.841913
v -236.296343 1.705271 -20.841913
v -232.732195 1.705271 -1.023072
v -232.732195 1.705271 -5.602789
v -236.017992 1.705271 -5.602789
v -236.017992 1.705271 -1.023072
v -228.980425 1.705271 -5.602924
v -232.448259 1.705271 -5.602789
v -232.448259 1.705271 -1.023072
v -228.980425 1.705271 -1.023225
v -243.112047 1.705271 -45.605696
v -239.826189 1.705271 -45.605696
v -239.826281 1.705271 -50.185545
v -243.112139 1.705271 -50.185412
v -253.810015 1.705271 -60.087225
v -253.809862 1.705271 -55.507361
v -250.524095 1.705271 -55.507361
v -250.524095 1.705271 -60.087225
v -236.296587 1.705271 -55.147680
v -239.582415 1.705271 -55.147539
v -239.582415 1.705271 -50.567843
v -236.296587 1.705271 -50.567843
v -236.018328 1.705271 -45.605696
v -232.732531 1.705271 -45.605856
v -232.732531 1.705271 -50.185698
v -236.018328 1.705271 -50.185545
v -264.500139 1.705271 -5.977501
v -261.214250 1.705271 -5.977501
v -261.214250 1.705271 -10.557353
v -264.500139 1.705271 -10.557208
v -257.366411 1.705271 -15.879463
v -254.080583 1.705271 -15.879463
v -254.080675 1.705271 -20.459183
v -257.366533 1.705271 -20.459183
v -279.005907 1.705271 -15.519205
v -282.291735 1.705271 -15.519049
v -282.291735 1.705271 -10.939350
v -279.005907 1.705271 -10.939497
v -271.593828 1.705271 3.939651
v -268.308000 1.705271 3.939651
v -268.308000 1.705271 -0.640195
v -271.593828 1.705271 -0.640195
v -271.593737 1.705271 14.004668
v -268.307848 1.705271 14.004515
v -268.307848 1.705271 9.261613
v -271.593737 1.705271 9.261770
v -275.441698 1.705271 8.879479
v -275.441698 1.705271 4.299618
v -278.727556 1.705271 4.299776
v -278.727556 1.705271 8.879479
v -279.005785 1.705271 4.299776
v -282.291643 1.705271 4.299776
v -282.291490 1.705271 8.879479
v -279.005693 1.705271 8.879479
v -278.727434 1.705271 14.004668
v -275.441637 1.705271 14.004668
v -275.441698 1.705271 9.261770
v -278.727556 1.705271 9.261912
v -282.291490 1.705271 9.261912
v -282.291490 1.705271 14.004668
v -279.005693 1.705271 14.004668
v -279.005693 1.705271 9.261912
v -264.500322 1.705271 -35.688242
v -261.214525 1.705271 -35.688387
v -261.214525 1.705271 -40.268091
v -264.500322 1.705271 -40.268091
v -254.080675 1.705271 -30.748697
v -254.080828 1.705271 -35.328417
v -257.366625 1.705271 -35.328417
v -257.366533 1.705271 -30.748697
v -261.214617 1.705271 -50.567537
v -261.214617 1.705271 -55.147249
v -264.500475 1.705271 -55.147249
v -264.500475 1.705271 -50.567537
v -268.064531 1.705271 -60.087092
v -268.064531 1.705271 -55.507227
v -264.778704 1.705271 -55.507361
v -264.778704 1.705271 -60.087092
v -268.308336 1.705271 -40.650396
v -268.308336 1.705271 -45.230093
v -271.594164 1.705271 -45.230093
v -271.594164 1.705271 -40.650396
v -39.850069 1.705271 29.568190
v -39.850161 1.705271 24.784527
v -43.135988 1.705271 24.784527
v -43.135866 1.705271 29.568338
v -18.501680 1.705271 29.567900
v -18.501757 1.705271 24.784231
v -21.787569 1.705271 24.784231
v -21.787569 1.705271 29.567900
v -32.756258 1.705271 49.840662
v -32.756258 1.705271 45.260965
v -36.042070 1.705271 45.260965
v -36.042070 1.705271 49.840662
v -25.622438 1.705271 49.840506
v -25.622438 1.705271 45.260820
v -28.908266 1.705271 45.260820
v -28.908266 1.705271 49.840506
v -46.699831 1.705271 50.223242
v -46.699755 1.705271 54.447267
v -43.413912 1.705271 54.447267
v -43.414003 1.705271 50.223242
v -50.269487 1.705271 54.447405
v -46.983629 1.705271 54.447267
v -46.983629 1.705271 50.223242
v -50.269487 1.705271 50.223394
v -22.065660 1.705271 45.260675
v -25.351458 1.705271 45.260820
v -25.351458 1.705271 49.840506
v -22.065660 1.705271 49.840506
v -18.501635 1.705271 39.938555
v -18.501680 1.705271 35.195791
v -21.787523 1.705271 35.195791
v -21.787493 1.705271 39.938555
v -64.804735 1.705271 24.784958
v -68.090563 1.705271 24.784958
v -68.090563 1.705271 29.568483
v -64.804735 1.705271 29.568483
v -57.671038 1.705271 24.784815
v -60.956880 1.705271 24.784815
v -60.956743 1.705271 29.568483
v -57.670916 1.705271 29.568483
v -93.286837 1.705271 24.785259
v -96.832582 1.705271 24.785414
v -96.832582 1.705271 29.568928
v -93.286837 1.705271 29.568928
v -68.334276 1.705271 49.841097
v -68.334276 1.705271 45.261404
v -71.620211 1.705271 45.261545
v -71.620089 1.705271 49.841249
v -64.526293 1.705271 54.447546
v -61.240465 1.705271 54.447546
v -61.240541 1.705271 50.223394
v -64.526369 1.705271 50.223394
v -57.670824 1.705271 45.261259
v -60.956667 1.705271 45.261259
v -60.956667 1.705271 49.841097
v -57.670824 1.705271 49.841097
v -96.832338 1.705271 50.223986
v -96.832338 1.705271 54.447992
v -93.286638 1.705271 54.447992
v -93.286638 1.705271 50.223844
v -143.353441 1.705271 24.783499
v -146.639299 1.705271 24.783499
v -146.639177 1.705271 29.567015
v -143.353380 1.705271 29.567015
v -121.992113 1.705271 24.783058
v -125.277941 1.705271 24.783194
v -125.277941 1.705271 29.566868
v -121.992113 1.705271 29.566711
v -125.277941 1.705271 29.949205
v -125.277941 1.705271 34.814344
v -121.992113 1.705271 34.814192
v -121.992113 1.705271 29.949205
v -160.893907 1.705271 29.949745
v -160.893816 1.705271 34.814791
v -157.607988 1.705271 34.814791
v -157.608080 1.705271 29.949594
v -150.196062 1.705271 34.814638
v -146.910265 1.705271 34.814638
v -146.910265 1.705271 29.949459
v -150.196062 1.705271 29.949459
v -132.655474 1.705271 49.839495
v -132.655474 1.705271 45.259794
v -135.941301 1.705271 45.259794
v -135.941301 1.705271 49.839495
v -128.847521 1.705271 54.445936
v -125.561632 1.705271 54.445787
v -125.561754 1.705271 50.221769
v -128.847582 1.705271 50.221769
v -150.474169 1.705271 45.260080
v -153.759996 1.705271 45.260080
v -153.759996 1.705271 49.839781
v -150.474169 1.705271 49.839781
v -153.759996 1.705271 40.320394
v -153.759996 1.705271 44.900103
v -150.474169 1.705271 44.900103
v -150.474169 1.705271 40.320394
v -171.557115 1.705271 54.446520
v -168.271288 1.705271 54.446520
v -168.271288 1.705271 50.222513
v -171.557115 1.705271 50.222513
v -171.557268 1.705271 44.900251
v -168.271440 1.705271 44.900251
v -168.271440 1.705271 40.320539
v -171.557268 1.705271 40.320539
v -107.768389 1.705271 24.783058
v -111.054216 1.705271 24.783058
v -111.054216 1.705271 29.566566
v -107.768389 1.705271 29.566566
v -103.960268 1.705271 50.221476
v -103.960161 1.705271 54.445478
v -100.639086 1.705271 54.445478
v -100.639086 1.705271 50.221476
v -111.337908 1.705271 49.839189
v -111.337908 1.705271 45.259493
v -114.590776 1.705271 45.259493
v -114.590654 1.705271 49.839189
v -218.098650 1.705271 29.568190
v -218.098650 1.705271 24.784527
v -221.384539 1.705271 24.784527
v -221.384539 1.705271 29.568338
v -193.180651 1.705271 24.784231
v -196.466478 1.705271 24.784231
v -196.466478 1.705271 29.567900
v -193.180651 1.705271 29.567900
v -196.750261 1.705271 29.567900
v -196.750353 1.705271 24.784231
v -200.036211 1.705271 24.784231
v -200.036211 1.705271 29.567900
v -211.004747 1.705271 49.840662
v -211.004747 1.705271 45.260965
v -214.290697 1.705271 45.260965
v -214.290605 1.705271 49.840662
v -203.871080 1.705271 49.840506
v -203.871080 1.705271 45.260820
v -207.156938 1.705271 45.260820
v -207.156938 1.705271 49.840506
v -224.948381 1.705271 50.223242
v -224.948381 1.705271 54.447267
v -221.662554 1.705271 54.447267
v -221.662554 1.705271 50.223242
v -228.700121 1.705271 54.447405
v -225.232286 1.705271 54.447267
v -225.232286 1.705271 50.223242
v -228.700121 1.705271 50.223394
v -200.314226 1.705271 45.260675
v -203.600054 1.705271 45.260820
v -203.600054 1.705271 49.840506
v -200.314226 1.705271 49.840506
v -186.086718 1.705271 45.260515
v -189.372545 1.705271 45.260515
v -189.372545 1.705271 49.840368
v -186.086718 1.705271 49.840368
v -186.086840 1.705271 35.195501
v -189.372698 1.705271 35.195658
v -189.372698 1.705271 39.938555
v -186.086840 1.705271 39.938402
v -182.238848 1.705271 40.320692
v -182.238848 1.705271 44.900553
v -178.953020 1.705271 44.900396
v -178.953020 1.705271 40.320692
v -178.674761 1.705271 44.900396
v -175.388872 1.705271 44.900396
v -175.389086 1.705271 40.320692
v -178.674883 1.705271 40.320692
v -178.953142 1.705271 35.195501
v -182.238939 1.705271 35.195501
v -182.238848 1.705271 39.938402
v -178.953020 1.705271 39.938257
v -175.389086 1.705271 39.938257
v -175.389086 1.705271 35.195501
v -178.674883 1.705271 35.195501
v -178.674883 1.705271 39.938257
v -43.135988 1.705271 24.415646
v -39.850161 1.705271 24.415646
v -39.850069 1.705271 19.631983
v -43.135866 1.705271 19.631834
v -21.787569 1.705271 24.415943
v -18.501757 1.705271 24.415943
v -18.501680 1.705271 19.632275
v -21.787569 1.705271 19.632275
v -36.320085 1.705271 -25.421616
v -39.605913 1.705271 -25.421616
v -39.605913 1.705271 -20.841913
v -36.320085 1.705271 -20.841776
v -36.042070 1.705271 3.939204
v -32.756258 1.705271 3.939204
v -32.756258 1.705271 -0.640490
v -36.042070 1.705271 -0.640490
v -28.908266 1.705271 3.939346
v -25.622438 1.705271 3.939346
v -25.622438 1.705271 -0.640340
v -28.908266 1.705271 -0.640340
v -39.849825 1.705271 -10.939932
v -39.849825 1.705271 -15.519798
v -43.135683 1.705271 -15.519798
v -43.135683 1.705271 -10.940078
v -39.849825 1.705271 -20.841913
v -39.849718 1.705271 -25.421616
v -43.135561 1.705271 -25.421766
v -43.135683 1.705271 -20.841913
v -43.413912 1.705271 -5.602789
v -46.699755 1.705271 -5.602789
v -46.699831 1.705271 -1.023072
v -43.414003 1.705271 -1.023072
v -46.983629 1.705271 -1.023072
v -46.983629 1.705271 -5.602789
v -50.269487 1.705271 -5.602924
v -50.269487 1.705271 -1.023225
v -39.605699 1.705271 -50.185545
v -39.605699 1.705271 -45.605696
v -36.319887 1.705271 -45.605696
v -36.319887 1.705271 -50.185412
v -28.907839 1.705271 -55.507361
v -25.622011 1.705271 -55.507361
v -25.622011 1.705271 -60.087225
v -28.907839 1.705271 -60.087225
v -39.849642 1.705271 -50.567843
v -39.849550 1.705271 -55.147539
v -43.135363 1.705271 -55.147680
v -43.135363 1.705271 -50.567843
v -46.699419 1.705271 -50.185698
v -46.699419 1.705271 -45.605856
v -43.413607 1.705271 -45.605696
v -43.413607 1.705271 -50.185545
v -25.351335 1.705271 -20.459183
v -25.351335 1.705271 -15.879463
v -22.065508 1.705271 -15.879463
v -22.065508 1.705271 -20.459183
v -25.351458 1.705271 -0.640340
v -25.351458 1.705271 3.939346
v -22.065660 1.705271 3.939492
v -22.065660 1.705271 -0.640340
v -21.787523 1.705271 14.004377
v -18.501680 1.705271 14.004377
v -18.501635 1.705271 9.261613
v -21.787493 1.705271 9.261613
v -22.065340 1.705271 -35.328417
v -25.351229 1.705271 -35.328417
v -25.351229 1.705271 -30.748697
v -22.065401 1.705271 -30.748697
v -68.090563 1.705271 19.631687
v -68.090563 1.705271 24.415213
v -64.804735 1.705271 24.415213
v -64.804735 1.705271 19.631687
v -60.956743 1.705271 19.631687
v -60.956880 1.705271 24.415358
v -57.671038 1.705271 24.415358
v -57.670916 1.705271 19.631687
v -96.832582 1.705271 19.631243
v -96.832582 1.705271 24.414759
v -93.286837 1.705271 24.414913
v -93.286837 1.705271 19.631243
v -71.620089 1.705271 -5.978387
v -68.334276 1.705271 -5.978229
v -68.334169 1.705271 -10.558097
v -71.619997 1.705271 -10.558097
v -82.317842 1.705271 -10.558189
v -82.317842 1.705271 -5.978542
v -79.032045 1.705271 -5.978542
v -79.031954 1.705271 -10.558189
v -78.753786 1.705271 -15.880203
v -75.467897 1.705271 -15.880203
v -75.467897 1.705271 -20.460062
v -78.753710 1.705271 -20.460062
v -71.620211 1.705271 3.938624
v -68.334276 1.705271 3.938763
v -68.334276 1.705271 -0.640930
v -71.620089 1.705271 -0.641084
v -64.804445 1.705271 -15.520081
v -68.090242 1.705271 -15.520081
v -68.090349 1.705271 -10.940383
v -64.804537 1.705271 -10.940383
v -61.240541 1.705271 -1.023225
v -61.240465 1.705271 -5.603067
v -64.526293 1.705271 -5.603067
v -64.526369 1.705271 -1.023225
v -60.956667 1.705271 -0.640930
v -60.956667 1.705271 3.938910
v -57.670824 1.705271 3.938910
v -57.670824 1.705271 -0.640930
v -75.183855 1.705271 -40.268835
v -75.183855 1.705271 -35.689119
v -71.898027 1.705271 -35.689119
v -71.898027 1.705271 -40.268835
v -71.619875 1.705271 -25.787148
v -68.334047 1.705271 -25.787148
v -68.334047 1.705271 -30.366856
v -71.619875 1.705271 -30.366999
v -75.467745 1.705271 -30.749300
v -75.467745 1.705271 -35.329146
v -78.753603 1.705271 -35.329290
v -78.753603 1.705271 -30.749441
v -75.467668 1.705271 -50.568422
v -75.467668 1.705271 -55.148123
v -78.753481 1.705271 -55.148123
v -78.753481 1.705271 -50.568422
v -78.753481 1.705271 -45.606291
v -75.467668 1.705271 -45.606291
v -75.467668 1.705271 -50.185953
v -78.753481 1.705271 -50.185953
v -54.106554 1.705271 -30.749140
v -54.106554 1.705271 -35.328852
v -57.392366 1.705271 -35.328852
v -57.392366 1.705271 -30.749140
v -57.392366 1.705271 -25.787001
v -54.106554 1.705271 -25.787001
v -54.106554 1.705271 -30.366707
v -57.392366 1.705271 -30.366707
v -89.722475 1.705271 -20.842648
v -89.722338 1.705271 -25.422213
v -93.008211 1.705271 -25.422346
v -93.008287 1.705271 -20.842648
v -82.588747 1.705271 -20.842495
v -82.588640 1.705271 -25.422213
v -85.874468 1.705271 -25.422213
v -85.874468 1.705271 -20.842495
v -93.286638 1.705271 -5.603510
v -96.832338 1.705271 -5.603510
v -96.832338 1.705271 -1.023813
v -93.286638 1.705271 -1.023678
v -89.438433 1.705271 -40.269125
v -89.438433 1.705271 -35.689409
v -86.152635 1.705271 -35.689268
v -86.152635 1.705271 -40.268969
v -96.831926 1.705271 -60.088057
v -96.831926 1.705271 -55.508394
v -93.286211 1.705271 -55.508394
v -93.286211 1.705271 -60.088057
v -146.639177 1.705271 19.633160
v -146.639299 1.705271 24.416672
v -143.353441 1.705271 24.416672
v -143.353380 1.705271 19.633160
v -125.277941 1.705271 19.633301
v -125.277941 1.705271 24.416977
v -121.992113 1.705271 24.417114
v -121.992113 1.705271 19.633457
v -121.992113 1.705271 14.385982
v -125.277941 1.705271 14.385825
v -125.277941 1.705271 19.250969
v -121.992113 1.705271 19.250969
v -157.607988 1.705271 14.385380
v -160.893816 1.705271 14.385380
v -160.893907 1.705271 19.250427
v -157.608080 1.705271 19.250580
v -146.910265 1.705271 19.250715
v -146.910265 1.705271 14.385533
v -150.196062 1.705271 14.385533
v -150.196062 1.705271 19.250715
v -139.505205 1.705271 -20.458443
v -139.505297 1.705271 -15.878597
v -136.219347 1.705271 -15.878597
v -136.219347 1.705271 -20.458294
v -135.941301 1.705271 3.940377
v -132.655474 1.705271 3.940377
v -132.655474 1.705271 -0.639324
v -135.941301 1.705271 -0.639324
v -132.411455 1.705271 -10.556478
v -132.411547 1.705271 -5.976615
v -129.125719 1.705271 -5.976615
v -129.125719 1.705271 -10.556322
v -125.561754 1.705271 -1.021601
v -125.561632 1.705271 -5.601307
v -128.847521 1.705271 -5.601455
v -128.847582 1.705271 -1.021601
v -136.219225 1.705271 -35.327528
v -139.505083 1.705271 -35.327528
v -139.505205 1.705271 -30.747812
v -136.219225 1.705271 -30.747812
v -146.638689 1.705271 -60.086336
v -146.638689 1.705271 -55.506487
v -143.352861 1.705271 -55.506487
v -143.352861 1.705271 -60.086336
v -132.411241 1.705271 -40.267046
v -132.411333 1.705271 -35.687349
v -129.125536 1.705271 -35.687349
v -129.125414 1.705271 -40.267046
v -118.427629 1.705271 -40.649359
v -118.427629 1.705271 -45.229059
v -121.713457 1.705271 -45.229208
v -121.713457 1.705271 -40.649359
v -125.561418 1.705271 -30.747515
v -125.561418 1.705271 -35.327227
v -128.847246 1.705271 -35.327372
v -128.847246 1.705271 -30.747679
v -128.847368 1.705271 -25.785376
v -125.561571 1.705271 -25.785376
v -125.561418 1.705271 -30.365225
v -128.847246 1.705271 -30.365225
v -125.277452 1.705271 -60.086042
v -125.277452 1.705271 -55.506342
v -121.991564 1.705271 -55.506201
v -121.991564 1.705271 -60.085890
v -150.474077 1.705271 -15.518753
v -153.759905 1.705271 -15.518908
v -153.759905 1.705271 -10.939056
v -150.474077 1.705271 -10.939056
v -153.759996 1.705271 -0.639611
v -153.759996 1.705271 3.940087
v -150.474169 1.705271 3.940087
v -150.474169 1.705271 -0.639611
v -150.474169 1.705271 4.300063
v -153.759996 1.705271 4.300063
v -153.759996 1.705271 8.879773
v -150.474169 1.705271 8.879773
v -164.701494 1.705271 -15.519049
v -167.987383 1.705271 -15.519049
v -167.987383 1.705271 -10.939350
v -164.701586 1.705271 -10.939201
v -161.137499 1.705271 -10.939201
v -161.137499 1.705271 -15.518908
v -164.423357 1.705271 -15.519049
v -164.423357 1.705271 -10.939201
v -161.137407 1.705271 -20.841024
v -161.137407 1.705271 -25.420883
v -164.423265 1.705271 -25.420883
v -164.423357 1.705271 -20.841171
v -168.271288 1.705271 -1.022344
v -168.271288 1.705271 -5.602038
v -171.557115 1.705271 -5.602038
v -171.557115 1.705271 -1.022344
v -168.271440 1.705271 8.879631
v -168.271440 1.705271 4.299916
v -171.557268 1.705271 4.299916
v -171.557268 1.705271 8.879631
v -157.329424 1.705271 -35.687800
v -154.043596 1.705271 -35.687655
v -154.043596 1.705271 -40.267366
v -157.329424 1.705271 -40.267500
v -150.195635 1.705271 -35.687655
v -146.909777 1.705271 -35.687655
v -146.909777 1.705271 -40.267366
v -150.195635 1.705271 -40.267366
v -157.329515 1.705271 -25.785824
v -154.043718 1.705271 -25.785824
v -154.043596 1.705271 -30.365683
v -157.329424 1.705271 -30.365683
v -146.909868 1.705271 -30.747812
v -146.909777 1.705271 -35.327669
v -150.195696 1.705271 -35.327669
v -150.195696 1.705271 -30.747965
v -167.987230 1.705271 -40.267653
v -167.987230 1.705271 -35.687933
v -164.701342 1.705271 -35.687800
v -164.701342 1.705271 -40.267653
v -164.701281 1.705271 -45.229647
v -167.987230 1.705271 -45.229799
v -167.987230 1.705271 -40.649942
v -164.701342 1.705271 -40.649942
v -171.835192 1.705271 -35.327967
v -175.120989 1.705271 -35.328116
v -175.120989 1.705271 -30.748255
v -171.835192 1.705271 -30.748255
v -168.270983 1.705271 -50.567099
v -168.270983 1.705271 -55.146803
v -171.556780 1.705271 -55.146963
v -171.556780 1.705271 -50.567099
v -111.054216 1.705271 19.633604
v -111.054216 1.705271 24.417114
v -107.768389 1.705271 24.417114
v -107.768389 1.705271 19.633604
v -100.639086 1.705271 -5.601002
v -103.960161 1.705271 -5.601002
v -103.960268 1.705271 -1.021305
v -100.639086 1.705271 -1.021305
v -104.203981 1.705271 -20.840292
v -104.203981 1.705271 -25.420000
v -107.489702 1.705271 -25.420000
v -107.489824 1.705271 -20.840292
v -114.590593 1.705271 -15.878149
v -111.337816 1.705271 -15.878149
v -111.337725 1.705271 -20.457844
v -114.590593 1.705271 -20.457991
v -111.337725 1.705271 -20.840292
v -111.337725 1.705271 -25.420141
v -114.590593 1.705271 -25.420141
v -114.590593 1.705271 -20.840292
v -114.590776 1.705271 3.940677
v -111.337908 1.705271 3.940677
v -111.337908 1.705271 -0.639021
v -114.590654 1.705271 -0.639021
v -97.082796 1.705271 -40.649065
v -97.082689 1.705271 -45.228754
v -100.360536 1.705271 -45.228754
v -100.360628 1.705271 -40.649065
v -100.360735 1.705271 -25.785084
v -97.082903 1.705271 -25.784939
v -97.082796 1.705271 -30.364792
v -100.360628 1.705271 -30.364792
v -100.360536 1.705271 -55.505903
v -97.082689 1.705271 -55.505903
v -97.082689 1.705271 -60.085596
v -100.360414 1.705271 -60.085596
v -104.203905 1.705271 -40.649065
v -104.203783 1.705271 -45.228911
v -107.489611 1.705271 -45.228911
v -107.489611 1.705271 -40.649065
v -107.489611 1.705271 -45.604063
v -104.203783 1.705271 -45.604063
v -104.203783 1.705271 -50.183920
v -107.489611 1.705271 -50.183920
v -111.337511 1.705271 -50.566351
v -111.337511 1.705271 -55.146078
v -114.590380 1.705271 -55.146078
v -114.590380 1.705271 -50.566351
v -114.590380 1.705271 -45.604220
v -111.337511 1.705271 -45.604220
v -111.337511 1.705271 -50.183920
v -114.590380 1.705271 -50.183920
v -221.384539 1.705271 24.415646
v -218.098650 1.705271 24.415646
v -218.098650 1.705271 19.631983
v -221.384539 1.705271 19.631834
v -196.466478 1.705271 19.632275
v -196.466478 1.705271 24.415943
v -193.180651 1.705271 24.415943
v -193.180651 1.705271 19.632275
v -200.036211 1.705271 24.415943
v -196.750353 1.705271 24.415943
v -196.750261 1.705271 19.632275
v -200.036211 1.705271 19.632275
v -214.568621 1.705271 -25.421616
v -217.854448 1.705271 -25.421616
v -217.854448 1.705271 -20.841913
v -214.568621 1.705271 -20.841776
v -214.290697 1.705271 3.939204
v -211.004747 1.705271 3.939204
v -211.004747 1.705271 -0.640490
v -214.290605 1.705271 -0.640490
v -207.156938 1.705271 3.939346
v -203.871080 1.705271 3.939346
v -203.871080 1.705271 -0.640340
v -207.156938 1.705271 -0.640340
v -218.098497 1.705271 -10.939932
v -218.098345 1.705271 -15.519798
v -221.384233 1.705271 -15.519798
v -221.384294 1.705271 -10.940078
v -218.098345 1.705271 -20.841913
v -218.098345 1.705271 -25.421616
v -221.384233 1.705271 -25.421766
v -221.384233 1.705271 -20.841913
v -221.662554 1.705271 -5.602789
v -224.948381 1.705271 -5.602789
v -224.948381 1.705271 -1.023072
v -221.662554 1.705271 -1.023072
v -225.232286 1.705271 -1.023072
v -225.232286 1.705271 -5.602789
v -228.700121 1.705271 -5.602924
v -228.700121 1.705271 -1.023225
v -217.854265 1.705271 -50.185545
v -217.854387 1.705271 -45.605696
v -214.568529 1.705271 -45.605696
v -214.568437 1.705271 -50.185412
v -207.156450 1.705271 -55.507361
v -203.870684 1.705271 -55.507361
v -203.870562 1.705271 -60.087225
v -207.156450 1.705271 -60.087225
v -218.098192 1.705271 -50.567843
v -218.098192 1.705271 -55.147539
v -221.383989 1.705271 -55.147680
v -221.383989 1.705271 -50.567843
v -224.948076 1.705271 -50.185698
v -224.948076 1.705271 -45.605856
v -221.662249 1.705271 -45.605696
v -221.662249 1.705271 -50.185545
v -196.466326 1.705271 -10.557353
v -196.466326 1.705271 -5.977501
v -193.180437 1.705271 -5.977501
v -193.180437 1.705271 -10.557208
v -203.599901 1.705271 -20.459183
v -203.599962 1.705271 -15.879463
v -200.314165 1.705271 -15.879463
v -200.314043 1.705271 -20.459183
v -203.600054 1.705271 -0.640340
v -203.600054 1.705271 3.939346
v -200.314226 1.705271 3.939492
v -200.314226 1.705271 -0.640340
v -175.388811 1.705271 -10.939350
v -175.388811 1.705271 -15.519049
v -178.674639 1.705271 -15.519205
v -178.674639 1.705271 -10.939497
v -189.372545 1.705271 -0.640195
v -189.372545 1.705271 3.939651
v -186.086718 1.705271 3.939651
v -186.086718 1.705271 -0.640195
v -189.372698 1.705271 9.261613
v -189.372698 1.705271 14.004515
v -186.086840 1.705271 14.004668
v -186.086840 1.705271 9.261770
v -178.953020 1.705271 4.299776
v -182.238848 1.705271 4.299618
v -182.238848 1.705271 8.879479
v -178.953020 1.705271 8.879479
v -175.389086 1.705271 8.879479
v -175.388872 1.705271 4.299776
v -178.674761 1.705271 4.299776
v -178.674883 1.705271 8.879479
v -182.238848 1.705271 9.261770
v -182.238939 1.705271 14.004668
v -178.953142 1.705271 14.004668
v -178.953020 1.705271 9.261912
v -178.674883 1.705271 14.004668
v -175.389086 1.705271 14.004668
v -175.389086 1.705271 9.261912
v -178.674883 1.705271 9.261912
v -196.466051 1.705271 -40.268091
v -196.466051 1.705271 -35.688387
v -193.180223 1.705271 -35.688242
v -193.180223 1.705271 -40.268091
v -200.313951 1.705271 -35.328417
v -203.599718 1.705271 -35.328417
v -203.599901 1.705271 -30.748697
v -200.314043 1.705271 -30.748697
v -193.180101 1.705271 -55.147249
v -196.465929 1.705271 -55.147249
v -196.465929 1.705271 -50.567537
v -193.180101 1.705271 -50.567537
v -192.901873 1.705271 -55.507361
v -189.615984 1.705271 -55.507227
v -189.615984 1.705271 -60.087092
v -192.901873 1.705271 -60.087092
v -186.086412 1.705271 -45.230093
v -189.372240 1.705271 -45.230093
v -189.372240 1.705271 -40.650396
v -186.086412 1.705271 -40.650396
v -246.677874 1.705271 -5.610271
v -246.677874 1.705271 -1.024187
v -243.391985 1.705271 -1.024187
v -243.391985 1.705271 -5.610421
v -243.391985 1.705271 -0.644626
v -246.677874 1.705271 -0.644626
v -246.677874 1.705271 3.941459
v -243.391985 1.705271 3.941609
v -300.350756 1.705271 24.783647
v -303.636583 1.705271 24.783647
v -303.636583 1.705271 29.567312
v -300.350756 1.705271 29.567312
v -303.636583 1.705271 29.949594
v -303.636675 1.705271 34.814638
v -300.350756 1.705271 34.814791
v -300.350756 1.705271 29.949594
v -289.692949 1.705271 29.567451
v -289.692949 1.705271 24.783794
v -292.978746 1.705271 24.783794
v -292.978746 1.705271 29.567451
v -296.542864 1.705271 29.949745
v -296.542864 1.705271 34.814791
v -293.257036 1.705271 34.814791
v -293.257036 1.705271 29.949745
v -300.072740 1.705271 54.446379
v -296.786882 1.705271 54.446379
v -296.786882 1.705271 50.222361
v -300.072740 1.705271 50.222216
v -296.542986 1.705271 50.222361
v -296.543077 1.705271 54.446379
v -293.257067 1.705271 54.446520
v -293.257067 1.705271 50.222513
v -243.389788 1.705271 24.784527
v -246.675554 1.705271 24.784527
v -246.675554 1.705271 29.568190
v -243.389788 1.705271 29.568190
v -239.825823 1.705271 29.568190
v -239.825670 1.705271 24.784527
v -243.111650 1.705271 24.784527
v -243.111650 1.705271 29.568190
v -239.581865 1.705271 29.950481
v -239.581957 1.705271 34.815519
v -236.296129 1.705271 34.815668
v -236.296038 1.705271 29.950481
v -228.980181 1.705271 24.784677
v -232.448076 1.705271 24.784677
v -232.448168 1.705271 29.568338
v -228.980272 1.705271 29.568338
v -264.500048 1.705271 34.815233
v -261.214067 1.705271 34.815374
v -261.214067 1.705271 29.950188
v -264.499895 1.705271 29.950188
v -254.080370 1.705271 29.567900
v -254.080278 1.705271 24.784378
v -257.366136 1.705271 24.784231
v -257.366228 1.705271 29.567900
v -268.307848 1.705271 29.567747
v -268.307848 1.705271 24.784231
v -271.593645 1.705271 24.784231
v -271.593737 1.705271 29.567747
v -239.825945 1.705271 49.840807
v -239.825945 1.705271 45.260965
v -243.111742 1.705271 45.260965
v -243.111742 1.705271 49.840807
v -232.732195 1.705271 49.840963
v -232.732103 1.705271 45.261106
v -236.017992 1.705271 45.261106
v -236.017992 1.705271 49.840807
v -232.732103 1.705271 39.938990
v -232.732103 1.705271 35.196234
v -236.017931 1.705271 35.196089
v -236.017931 1.705271 39.938852
v -228.980272 1.705271 35.196234
v -232.448168 1.705271 35.196234
v -232.448168 1.705271 39.938852
v -228.980272 1.705271 39.938990
v -268.064226 1.705271 50.222647
v -268.064226 1.705271 54.446810
v -264.778368 1.705271 54.446810
v -264.778246 1.705271 50.222647
v -275.162432 1.705271 -10.932146
v -271.876451 1.705271 -10.932289
v -271.876604 1.705271 -15.512007
v -275.162432 1.705271 -15.512007
v -303.636583 1.705271 19.632864
v -303.636583 1.705271 24.416525
v -300.350756 1.705271 24.416525
v -300.350756 1.705271 19.632864
v -300.350756 1.705271 14.385380
v -303.636675 1.705271 14.385533
v -303.636583 1.705271 19.250580
v -300.350756 1.705271 19.250580
v -292.978746 1.705271 24.416376
v -289.692949 1.705271 24.416376
v -289.692949 1.705271 19.632719
v -292.978746 1.705271 19.632719
v -293.257036 1.705271 14.385380
v -296.542864 1.705271 14.385380
v -296.542864 1.705271 19.250427
v -293.257036 1.705271 19.250427
v -300.351091 1.705271 -15.518908
v -303.636858 1.705271 -15.518908
v -303.636797 1.705271 -10.939056
v -300.350969 1.705271 -10.939201
v -296.787004 1.705271 -10.939201
v -296.787004 1.705271 -15.518908
v -300.072832 1.705271 -15.518908
v -300.072832 1.705271 -10.939201
v -296.786882 1.705271 -1.022191
v -296.786882 1.705271 -5.601903
v -300.072740 1.705271 -5.601903
v -300.072740 1.705271 -1.022049
v -286.123522 1.705271 -15.519049
v -289.409349 1.705271 -15.519049
v -289.409227 1.705271 -10.939350
v -286.123430 1.705271 -10.939350
v -282.559496 1.705271 -10.939350
v -282.559496 1.705271 -15.519049
v -285.845262 1.705271 -15.519049
v -285.845262 1.705271 -10.939350
v -292.979082 1.705271 -15.879034
v -289.693193 1.705271 -15.879034
v -289.693224 1.705271 -20.458880
v -292.979082 1.705271 -20.458742
v -289.409349 1.705271 -20.458880
v -289.409349 1.705271 -15.879034
v -286.123522 1.705271 -15.879034
v -286.123522 1.705271 -20.458880
v -293.257067 1.705271 -5.602038
v -296.543077 1.705271 -5.601903
v -296.542986 1.705271 -1.022191
v -293.257067 1.705271 -1.022344
v -300.072954 1.705271 -25.785824
v -296.787004 1.705271 -25.785967
v -296.787096 1.705271 -30.365683
v -300.072954 1.705271 -30.365683
v -307.206591 1.705271 -25.785824
v -303.920824 1.705271 -25.785824
v -303.920824 1.705271 -30.365683
v -307.206591 1.705271 -30.365521
v -300.351244 1.705271 -55.146803
v -303.637163 1.705271 -55.146666
v -303.637133 1.705271 -50.566950
v -300.351244 1.705271 -50.566950
v -303.637133 1.705271 -50.184511
v -303.637133 1.705271 -45.604822
v -300.351244 1.705271 -45.604822
v -300.351244 1.705271 -50.184511
v -289.409685 1.705271 -60.086641
v -289.409563 1.705271 -55.506941
v -286.123735 1.705271 -55.506941
v -286.123827 1.705271 -60.086641
v -246.675554 1.705271 19.631983
v -246.675554 1.705271 24.415646
v -243.389788 1.705271 24.415646
v -243.389788 1.705271 19.631983
v -243.111650 1.705271 24.415646
v -239.825670 1.705271 24.415646
v -239.825823 1.705271 19.631983
v -243.111650 1.705271 19.631983
v -236.296129 1.705271 14.384505
v -239.581957 1.705271 14.384650
v -239.581865 1.705271 19.249693
v -236.296038 1.705271 19.249693
v -232.448168 1.705271 19.631834
v -232.448076 1.705271 24.415497
v -228.980181 1.705271 24.415497
v -228.980272 1.705271 19.631834
v -261.214067 1.705271 19.249985
v -261.214067 1.705271 14.384792
v -264.500048 1.705271 14.384937
v -264.499895 1.705271 19.249985
v -257.366136 1.705271 24.415943
v -254.080278 1.705271 24.415796
v -254.080370 1.705271 19.632275
v -257.366228 1.705271 19.632275
v -271.593645 1.705271 24.415943
v -268.307848 1.705271 24.415943
v -268.307848 1.705271 19.632425
v -271.593737 1.705271 19.632425
v -246.959673 1.705271 -10.939932
v -246.959825 1.705271 -15.519642
v -250.245653 1.705271 -15.519642
v -250.245500 1.705271 -10.939932
v -250.523790 1.705271 -15.519642
v -253.809648 1.705271 -15.519642
v -253.809648 1.705271 -10.939932
v -250.523790 1.705271 -10.939932
v -253.809740 1.705271 -20.459324
v -253.809648 1.705271 -15.879463
v -250.523790 1.705271 -15.879620
v -250.523882 1.705271 -20.459324
v -246.959825 1.705271 -20.841776
v -246.959825 1.705271 -25.421475
v -250.245653 1.705271 -25.421475
v -250.245653 1.705271 -20.841776
v -243.111742 1.705271 3.939204
v -239.825945 1.705271 3.939204
v -239.825945 1.705271 -0.640635
v -243.111742 1.705271 -0.640635
v -236.017992 1.705271 3.939060
v -232.732103 1.705271 3.939060
v -232.732195 1.705271 -0.640793
v -236.017992 1.705271 -0.640635
v -236.017931 1.705271 14.004079
v -232.732103 1.705271 14.003939
v -232.732103 1.705271 9.261179
v -236.017931 1.705271 9.261321
v -232.448168 1.705271 9.261321
v -232.448168 1.705271 14.003939
v -228.980272 1.705271 14.003939
v -228.980272 1.705271 9.261179
v -243.390276 1.705271 -45.230383
v -246.676134 1.705271 -45.230383
v -246.676134 1.705271 -40.650690
v -243.390276 1.705271 -40.650690
v -232.732531 1.705271 -40.650820
v -232.732531 1.705271 -45.230677
v -236.018328 1.705271 -45.230539
v -236.018328 1.705271 -40.650820
v -228.980730 1.705271 -45.230677
v -232.448595 1.705271 -45.230677
v -232.448595 1.705271 -40.650820
v -228.980730 1.705271 -40.650980
v -232.448687 1.705271 -50.185698
v -232.448595 1.705271 -45.605856
v -228.980730 1.705271 -45.605986
v -228.980822 1.705271 -50.185698
v -239.582537 1.705271 -60.087374
v -239.582415 1.705271 -55.507666
v -236.296587 1.705271 -55.507666
v -236.296709 1.705271 -60.087374
v -268.064226 1.705271 -10.557208
v -268.064226 1.705271 -5.977501
v -264.778368 1.705271 -5.977501
v -264.778368 1.705271 -10.557208
v -260.930468 1.705271 -10.557353
v -260.930406 1.705271 -5.977501
v -257.644579 1.705271 -5.977646
v -257.644579 1.705271 -10.557353
v -264.778368 1.705271 -5.602336
v -268.064226 1.705271 -5.602336
v -268.064226 1.705271 -1.022474
v -264.778246 1.705271 -1.022474
v -271.593828 1.705271 -5.977354
v -268.308000 1.705271 -5.977501
v -268.308092 1.705271 -10.557208
v -271.593920 1.705271 -10.557208
v -282.291735 1.705271 -10.557061
v -282.291643 1.705271 -5.977208
v -279.005785 1.705271 -5.977354
v -279.005907 1.705271 -10.557061
v -268.064440 1.705271 -40.268091
v -268.064440 1.705271 -35.688242
v -264.778582 1.705271 -35.688242
v -264.778582 1.705271 -40.268091
v -257.366625 1.705271 -35.688387
v -254.080828 1.705271 -35.688387
v -254.080828 1.705271 -40.268091
v -257.366625 1.705271 -40.268091
v -261.214525 1.705271 -30.748549
v -261.214525 1.705271 -35.328245
v -264.500322 1.705271 -35.328245
v -264.500322 1.705271 -30.748549
v -264.500261 1.705271 -25.786409
v -261.214434 1.705271 -25.786409
v -261.214525 1.705271 -30.366116
v -264.500322 1.705271 -30.366116
v -268.064287 1.705271 -30.366116
v -268.064287 1.705271 -25.786261
v -264.778490 1.705271 -25.786409
v -264.778490 1.705271 -30.366116
v -264.500475 1.705271 -45.605398
v -261.214617 1.705271 -45.605398
v -261.214617 1.705271 -50.185247
v -264.500475 1.705271 -50.185106
v -254.080919 1.705271 -50.567690
v -254.080919 1.705271 -55.147398
v -257.366747 1.705271 -55.147398
v -257.366747 1.705271 -50.567537
v -271.872271 1.705271 -35.328245
v -275.158129 1.705271 -35.328245
v -275.158129 1.705271 -30.748415
v -271.872271 1.705271 -30.748415
v -268.308245 1.705271 -30.748549
v -268.308245 1.705271 -35.328245
v -271.594072 1.705271 -35.328245
v -271.594072 1.705271 -30.748415
v -282.291826 1.705271 -30.365826
v -282.291826 1.705271 -25.786118
v -279.005999 1.705271 -25.786118
v -279.005999 1.705271 -30.365975
v -271.594164 1.705271 -45.605261
v -268.308336 1.705271 -45.605398
v -268.308336 1.705271 -50.185106
v -271.594164 1.705271 -50.184961
v -278.727922 1.705271 -45.605101
v -275.442034 1.705271 -45.605101
v -275.442156 1.705271 -50.184961
v -278.727922 1.705271 -50.184961
v -282.291918 1.705271 -50.184961
v -282.291918 1.705271 -45.605101
v -279.006121 1.705271 -45.605101
v -279.006151 1.705271 -50.184961
v -278.727922 1.705271 -55.506941
v -275.442156 1.705271 -55.507074
v -275.442247 1.705271 -60.086783
v -278.728044 1.705271 -60.086783
v -282.292040 1.705271 -60.086783
v -282.292040 1.705271 -55.506941
v -279.006151 1.705271 -55.506941
v -279.006151 1.705271 -60.086783
v -32.756349 1.705271 29.568190
v -32.756349 1.705271 24.784527
v -36.042162 1.705271 24.784527
v -36.042162 1.705271 29.568190
v -36.320421 1.705271 24.784527
v -39.606218 1.705271 24.784527
v -39.606218 1.705271 29.568190
v -36.320421 1.705271 29.568190
v -43.135866 1.705271 34.815668
v -39.850069 1.705271 34.815519
v -39.850069 1.705271 29.950481
v -43.135866 1.705271 29.950481
v -46.983858 1.705271 29.568338
v -46.983858 1.705271 24.784677
v -50.269686 1.705271 24.784677
v -50.269686 1.705271 29.568338
v -22.065828 1.705271 24.784231
v -25.351656 1.705271 24.784378
v -25.351656 1.705271 29.567900
v -22.065752 1.705271 29.567900
v -36.320299 1.705271 45.260965
v -39.606127 1.705271 45.260965
v -39.606005 1.705271 49.840807
v -36.320192 1.705271 49.840807
v -43.414003 1.705271 45.261106
v -46.699831 1.705271 45.261106
v -46.699831 1.705271 49.840963
v -43.414003 1.705271 49.840807
v -43.414125 1.705271 35.196089
v -46.699953 1.705271 35.196234
v -46.699831 1.705271 39.938990
v -43.414003 1.705271 39.938852
v -46.983736 1.705271 39.938852
v -46.983736 1.705271 35.196234
v -50.269579 1.705271 35.196234
v -50.269579 1.705271 39.938990
v -21.787493 1.705271 44.900694
v -18.501635 1.705271 44.900694
v -18.501635 1.705271 40.320990
v -21.787493 1.705271 40.320990
v -75.184267 1.705271 29.950924
v -75.184267 1.705271 34.816107
v -71.898455 1.705271 34.816107
v -71.898455 1.705271 29.950924
v -75.468203 1.705271 29.568634
v -75.468203 1.705271 24.784958
v -78.754015 1.705271 24.785122
v -78.754015 1.705271 29.568634
v -78.753908 1.705271 34.816107
v -75.468080 1.705271 34.816107
v -75.468203 1.705271 29.950924
v -78.754015 1.705271 29.950924
v -89.722780 1.705271 29.568928
v -89.722780 1.705271 24.785259
v -93.008593 1.705271 24.785259
v -93.008593 1.705271 29.568928
v -82.588945 1.705271 29.568777
v -82.588945 1.705271 24.785122
v -85.874773 1.705271 24.785259
v -85.874773 1.705271 29.568777
v -89.438890 1.705271 29.951218
v -89.438890 1.705271 34.816255
v -86.152925 1.705271 34.816255
v -86.153017 1.705271 29.951069
v -71.620089 1.705271 54.447546
v -68.334276 1.705271 54.447546
v -68.334276 1.705271 50.223532
v -71.620089 1.705271 50.223532
v -75.467974 1.705271 49.841249
v -75.468080 1.705271 45.261545
v -78.753908 1.705271 45.261545
v -78.753786 1.705271 49.841249
v -82.317842 1.705271 50.223677
v -82.317842 1.705271 54.447855
v -79.032045 1.705271 54.447702
v -79.032045 1.705271 50.223677
v -71.620089 1.705271 44.901590
v -68.334276 1.705271 44.901438
v -68.334398 1.705271 40.321581
v -71.620211 1.705271 40.321722
v -57.392580 1.705271 54.447405
v -54.106752 1.705271 54.447405
v -54.106752 1.705271 50.223394
v -57.392580 1.705271 50.223394
v -89.722567 1.705271 49.841398
v -89.722628 1.705271 45.261705
v -93.008516 1.705271 45.261850
v -93.008394 1.705271 49.841547
v -93.286638 1.705271 45.261850
v -96.832460 1.705271 45.261850
v -96.832338 1.705271 49.841547
v -93.286638 1.705271 49.841547
v -82.588869 1.705271 49.841249
v -82.588869 1.705271 45.261545
v -85.874697 1.705271 45.261705
v -85.874697 1.705271 49.841398
v -89.438738 1.705271 50.223844
v -89.438661 1.705271 54.447992
v -86.152819 1.705271 54.447992
v -86.152819 1.705271 50.223677
v -132.655565 1.705271 29.567015
v -132.655565 1.705271 24.783346
v -135.941545 1.705271 24.783346
v -135.941393 1.705271 29.567015
v -118.428179 1.705271 29.566711
v -118.428179 1.705271 24.783058
v -121.714006 1.705271 24.783058
v -121.714006 1.705271 29.566711
v -154.044023 1.705271 29.567312
v -154.044023 1.705271 24.783647
v -157.329821 1.705271 24.783647
v -157.329821 1.705271 29.567312
v -157.329821 1.705271 34.814791
v -154.043932 1.705271 34.814638
v -154.044023 1.705271 29.949594
v -157.329821 1.705271 29.949594
v -164.701830 1.705271 24.783794
v -167.987596 1.705271 24.783794
v -167.987596 1.705271 29.567451
v -164.701830 1.705271 29.567451
v -164.423571 1.705271 34.814791
v -161.137712 1.705271 34.814791
v -161.137712 1.705271 29.949745
v -164.423571 1.705271 29.949745
v -139.789324 1.705271 39.937803
v -139.789324 1.705271 35.194918
v -143.075121 1.705271 35.194918
v -143.075121 1.705271 39.937803
v -143.353380 1.705271 35.194918
v -146.639177 1.705271 35.195063
v -146.639177 1.705271 39.937956
v -143.353380 1.705271 39.937803
v -160.893694 1.705271 50.222361
v -160.893694 1.705271 54.446379
v -157.607836 1.705271 54.446379
v -157.607836 1.705271 50.222216
v -146.910143 1.705271 49.839781
v -146.910143 1.705271 45.259931
v -150.195909 1.705271 45.260080
v -150.195909 1.705271 49.839781
v -150.195909 1.705271 54.446230
v -146.910143 1.705271 54.446081
v -146.910143 1.705271 50.222063
v -150.195909 1.705271 50.222216
v -164.423510 1.705271 54.446520
v -161.137499 1.705271 54.446379
v -161.137590 1.705271 50.222361
v -164.423510 1.705271 50.222513
v -100.360933 1.705271 34.814047
v -97.083177 1.705271 34.813898
v -97.083177 1.705271 29.948753
v -100.361055 1.705271 29.948912
v -114.590898 1.705271 34.814192
v -111.337999 1.705271 34.814192
v -111.337999 1.705271 29.949066
v -114.590898 1.705271 29.949066
v -107.768206 1.705271 45.259493
v -111.054003 1.705271 45.259493
v -111.054003 1.705271 49.839189
v -107.768206 1.705271 49.839189
v -111.054064 1.705271 40.319803
v -111.054003 1.705271 44.899511
v -107.768206 1.705271 44.899511
v -107.768267 1.705271 40.319673
v -114.590776 1.705271 44.899511
v -111.337908 1.705271 44.899511
v -111.337999 1.705271 40.319673
v -114.590776 1.705271 40.319803
v -114.869036 1.705271 35.194471
v -118.154833 1.705271 35.194620
v -118.154833 1.705271 39.937529
v -114.869036 1.705271 39.937368
v -211.005022 1.705271 29.568190
v -211.005022 1.705271 24.784527
v -214.290789 1.705271 24.784527
v -214.290789 1.705271 29.568190
v -214.568895 1.705271 24.784527
v -217.854906 1.705271 24.784527
v -217.854753 1.705271 29.568190
v -214.568895 1.705271 29.568190
v -221.384447 1.705271 34.815668
v -218.098619 1.705271 34.815519
v -218.098650 1.705271 29.950481
v -221.384539 1.705271 29.950481
v -225.232378 1.705271 29.568338
v -225.232500 1.705271 24.784677
v -228.700396 1.705271 24.784677
v -228.700304 1.705271 29.568338
v -196.466478 1.705271 29.950188
v -196.466478 1.705271 34.815374
v -193.180529 1.705271 34.815233
v -193.180651 1.705271 29.950188
v -200.314470 1.705271 24.784231
v -203.600267 1.705271 24.784378
v -203.600206 1.705271 29.567900
v -200.314348 1.705271 29.567900
v -186.086870 1.705271 24.784231
v -189.372759 1.705271 24.784231
v -189.372698 1.705271 29.567747
v -186.086840 1.705271 29.567747
v -214.568834 1.705271 45.260965
v -217.854631 1.705271 45.260965
v -217.854631 1.705271 49.840807
v -214.568834 1.705271 49.840807
v -221.662554 1.705271 45.261106
v -224.948503 1.705271 45.261106
v -224.948381 1.705271 49.840963
v -221.662554 1.705271 49.840807
v -221.662645 1.705271 35.196089
v -224.948503 1.705271 35.196234
v -224.948503 1.705271 39.938990
v -221.662645 1.705271 39.938852
v -225.232378 1.705271 39.938852
v -225.232378 1.705271 35.196234
v -228.700304 1.705271 35.196234
v -228.700304 1.705271 39.938990
v -192.902208 1.705271 54.446810
v -189.616350 1.705271 54.446810
v -189.616350 1.705271 50.222647
v -192.902330 1.705271 50.222647
v -185.803972 1.705271 -15.512007
v -185.804094 1.705271 -10.932289
v -182.518114 1.705271 -10.932146
v -182.518114 1.705271 -15.512007
v -36.042162 1.705271 24.415646
v -32.756349 1.705271 24.415646
v -32.756349 1.705271 19.631983
v -36.042162 1.705271 19.631983
v -39.606218 1.705271 19.631983
v -39.606218 1.705271 24.415646
v -36.320421 1.705271 24.415646
v -36.320421 1.705271 19.631983
v -39.850069 1.705271 19.249693
v -39.850069 1.705271 14.384650
v -43.135866 1.705271 14.384505
v -43.135866 1.705271 19.249693
v -50.269686 1.705271 24.415497
v -46.983858 1.705271 24.415497
v -46.983858 1.705271 19.631834
v -50.269686 1.705271 19.631834
v -25.351656 1.705271 19.632275
v -25.351656 1.705271 24.415796
v -22.065828 1.705271 24.415943
v -22.065752 1.705271 19.632275
v -29.186312 1.705271 -15.519642
v -32.472216 1.705271 -15.519642
v -32.472216 1.705271 -10.939932
v -29.186403 1.705271 -10.939932
v -25.622347 1.705271 -10.939932
v -25.622347 1.705271 -15.519642
v -28.908159 1.705271 -15.519642
v -28.908159 1.705271 -10.939932
v -28.908159 1.705271 -15.879620
v -25.622347 1.705271 -15.879463
v -25.622347 1.705271 -20.459324
v -28.908159 1.705271 -20.459324
v -29.186312 1.705271 -25.421475
v -32.472139 1.705271 -25.421475
v -32.472139 1.705271 -20.841776
v -29.186312 1.705271 -20.841776
v -39.606005 1.705271 -0.640635
v -39.606127 1.705271 3.939204
v -36.320299 1.705271 3.939204
v -36.320192 1.705271 -0.640635
v -53.833437 1.705271 -20.459623
v -53.833437 1.705271 -15.879902
v -50.547594 1.705271 -15.879902
v -50.547594 1.705271 -20.459623
v -50.547502 1.705271 -25.421766
v -53.833330 1.705271 -25.421923
v -53.833437 1.705271 -20.842058
v -50.547594 1.705271 -20.842058
v -46.699831 1.705271 -0.640793
v -46.699831 1.705271 3.939060
v -43.414003 1.705271 3.939060
v -43.414003 1.705271 -0.640635
v -46.699831 1.705271 9.261179
v -46.699953 1.705271 14.003939
v -43.414125 1.705271 14.004079
v -43.414003 1.705271 9.261321
v -50.269579 1.705271 14.003939
v -46.983736 1.705271 14.003939
v -46.983736 1.705271 9.261321
v -50.269579 1.705271 9.261179
v -32.755937 1.705271 -40.650690
v -32.755815 1.705271 -45.230383
v -36.041750 1.705271 -45.230383
v -36.041750 1.705271 -40.650690
v -43.413607 1.705271 -45.230539
v -46.699510 1.705271 -45.230677
v -46.699510 1.705271 -40.650820
v -43.413698 1.705271 -40.650820
v -46.983446 1.705271 -40.650820
v -46.983324 1.705271 -45.230677
v -50.269167 1.705271 -45.230677
v -50.269243 1.705271 -40.650980
v -50.547411 1.705271 -45.230677
v -53.833239 1.705271 -45.230677
v -53.833239 1.705271 -40.650980
v -50.547411 1.705271 -40.650980
v -50.547304 1.705271 -55.147680
v -53.833116 1.705271 -55.147844
v -53.833116 1.705271 -50.568140
v -50.547411 1.705271 -50.567976
v -50.269167 1.705271 -45.605986
v -46.983324 1.705271 -45.605856
v -46.983324 1.705271 -50.185698
v -50.269167 1.705271 -50.185698
v -43.135363 1.705271 -55.507666
v -39.849550 1.705271 -55.507666
v -39.849550 1.705271 -60.087374
v -43.135363 1.705271 -60.087374
v -53.833116 1.705271 -60.087515
v -53.833116 1.705271 -55.507811
v -50.547304 1.705271 -55.507666
v -50.547304 1.705271 -60.087515
v -21.787355 1.705271 -5.977646
v -18.501528 1.705271 -5.977501
v -18.501482 1.705271 -10.557353
v -21.787355 1.705271 -10.557353
v -18.501635 1.705271 8.879179
v -18.501635 1.705271 4.299474
v -21.787493 1.705271 4.299474
v -21.787493 1.705271 8.879179
v -25.351122 1.705271 -40.268091
v -25.351229 1.705271 -35.688387
v -22.065340 1.705271 -35.688387
v -22.065340 1.705271 -40.268091
v -22.065203 1.705271 -55.147398
v -25.351015 1.705271 -55.147398
v -25.351015 1.705271 -50.567690
v -22.065218 1.705271 -50.567537
v -71.898455 1.705271 14.384063
v -75.184267 1.705271 14.384063
v -75.184267 1.705271 19.249250
v -71.898455 1.705271 19.249250
v -78.754015 1.705271 24.415050
v -75.468203 1.705271 24.415213
v -75.468203 1.705271 19.631538
v -78.754015 1.705271 19.631538
v -75.468203 1.705271 19.249250
v -75.468080 1.705271 14.384063
v -78.753908 1.705271 14.384063
v -78.754015 1.705271 19.249250
v -93.008593 1.705271 24.414913
v -89.722780 1.705271 24.414913
v -89.722780 1.705271 19.631243
v -93.008593 1.705271 19.631243
v -85.874773 1.705271 24.414913
v -82.588945 1.705271 24.415050
v -82.588945 1.705271 19.631395
v -85.874773 1.705271 19.631395
v -86.152925 1.705271 14.383913
v -89.438890 1.705271 14.383913
v -89.438890 1.705271 19.248955
v -86.153017 1.705271 19.249102
v -68.334169 1.705271 -10.940383
v -68.334169 1.705271 -15.520237
v -71.619997 1.705271 -15.520237
v -71.619997 1.705271 -10.940383
v -68.334276 1.705271 -1.023360
v -68.334276 1.705271 -5.603067
v -71.620089 1.705271 -5.603067
v -71.620089 1.705271 -1.023360
v -78.753908 1.705271 3.938624
v -75.468080 1.705271 3.938624
v -75.467974 1.705271 -0.641084
v -78.753786 1.705271 -0.641084
v -79.032045 1.705271 -5.603225
v -82.317842 1.705271 -5.603372
v -82.317842 1.705271 -1.023508
v -79.032045 1.705271 -1.023508
v -68.334398 1.705271 8.878591
v -68.334276 1.705271 4.298731
v -71.620089 1.705271 4.298583
v -71.620211 1.705271 8.878447
v -61.240465 1.705271 -10.940239
v -61.240465 1.705271 -15.520081
v -64.526293 1.705271 -15.520081
v -64.526293 1.705271 -10.940383
v -57.392580 1.705271 -5.978094
v -54.106752 1.705271 -5.978094
v -54.106661 1.705271 -10.557794
v -57.392580 1.705271 -10.557936
v -64.526293 1.705271 -15.880068
v -61.240465 1.705271 -15.880068
v -61.240358 1.705271 -20.459765
v -64.526186 1.705271 -20.459765
v -57.392488 1.705271 -15.879902
v -54.106661 1.705271 -15.879902
v -54.106661 1.705271 -20.459765
v -57.392488 1.705271 -20.459765
v -54.106752 1.705271 -1.023225
v -54.106752 1.705271 -5.602924
v -57.392580 1.705271 -5.602924
v -57.392580 1.705271 -1.023225
v -78.753603 1.705271 -35.689119
v -75.467745 1.705271 -35.689119
v -75.467668 1.705271 -40.268835
v -78.753603 1.705271 -40.268835
v -79.031725 1.705271 -35.329290
v -82.317644 1.705271 -35.329290
v -82.317644 1.705271 -30.749441
v -79.031832 1.705271 -30.749441
v -82.317644 1.705271 -30.366999
v -82.317644 1.705271 -25.787296
v -79.031832 1.705271 -25.787296
v -79.031832 1.705271 -30.366999
v -78.753405 1.705271 -55.508120
v -75.467668 1.705271 -55.508120
v -75.467531 1.705271 -60.087778
v -78.753405 1.705271 -60.087915
v -82.317446 1.705271 -60.087915
v -82.317446 1.705271 -55.508246
v -79.031649 1.705271 -55.508120
v -79.031649 1.705271 -60.087915
v -64.526064 1.705271 -35.688986
v -61.240251 1.705271 -35.688818
v -61.240251 1.705271 -40.268675
v -64.526064 1.705271 -40.268675
v -54.106447 1.705271 -40.650980
v -54.106447 1.705271 -45.230677
v -57.392244 1.705271 -45.230677
v -57.392244 1.705271 -40.650980
v -61.240358 1.705271 -30.749140
v -61.240251 1.705271 -35.329004
v -64.526064 1.705271 -35.329004
v -64.526186 1.705271 -30.749300
v -64.804293 1.705271 -35.329004
v -68.090135 1.705271 -35.329004
v -68.090135 1.705271 -30.749300
v -64.804293 1.705271 -30.749300
v -64.804216 1.705271 -55.147989
v -68.090029 1.705271 -55.147989
v -68.090029 1.705271 -50.568281
v -64.804216 1.705271 -50.568140
v -68.089922 1.705271 -60.087778
v -68.090029 1.705271 -55.507959
v -64.804216 1.705271 -55.507959
v -64.804094 1.705271 -60.087778
v -60.956224 1.705271 -60.087671
v -60.956224 1.705271 -55.507959
v -57.670412 1.705271 -55.507811
v -57.670412 1.705271 -60.087515
v -93.008287 1.705271 -15.880505
v -89.722475 1.705271 -15.880505
v -89.722475 1.705271 -20.460219
v -93.008287 1.705271 -20.460219
v -86.152635 1.705271 -25.422213
v -89.438539 1.705271 -25.422346
v -89.438539 1.705271 -20.842648
v -86.152712 1.705271 -20.842495
v -93.008516 1.705271 3.938323
v -89.722628 1.705271 3.938466
v -89.722567 1.705271 -0.641231
v -93.008394 1.705271 -0.641376
v -96.832338 1.705271 -0.641376
v -96.832460 1.705271 3.938323
v -93.286638 1.705271 3.938323
v -93.286638 1.705271 -0.641376
v -85.874697 1.705271 3.938466
v -82.588869 1.705271 3.938624
v -82.588869 1.705271 -0.641084
v -85.874697 1.705271 -0.641231
v -86.152819 1.705271 -5.603510
v -89.438661 1.705271 -5.603510
v -89.438738 1.705271 -1.023678
v -86.152819 1.705271 -1.023508
v -93.008211 1.705271 -35.689409
v -89.722338 1.705271 -35.689409
v -89.722246 1.705271 -40.269125
v -93.008211 1.705271 -40.269125
v -135.941545 1.705271 24.416824
v -132.655565 1.705271 24.416824
v -132.655565 1.705271 19.633160
v -135.941393 1.705271 19.633160
v -121.714006 1.705271 24.417114
v -118.428179 1.705271 24.417114
v -118.428179 1.705271 19.633457
v -121.714006 1.705271 19.633457
v -157.329821 1.705271 24.416525
v -154.044023 1.705271 24.416525
v -154.044023 1.705271 19.632864
v -157.329821 1.705271 19.632864
v -154.044023 1.705271 19.250580
v -154.043932 1.705271 14.385533
v -157.329821 1.705271 14.385380
v -157.329821 1.705271 19.250580
v -167.987596 1.705271 19.632719
v -167.987596 1.705271 24.416376
v -164.701830 1.705271 24.416376
v -164.701830 1.705271 19.632719
v -161.137712 1.705271 19.250427
v -161.137712 1.705271 14.385380
v -164.423571 1.705271 14.385380
v -164.423571 1.705271 19.250427
v -135.941240 1.705271 -15.878597
v -132.655352 1.705271 -15.878597
v -132.655291 1.705271 -20.458162
v -135.941118 1.705271 -20.458294
v -132.655291 1.705271 -20.840572
v -132.655291 1.705271 -25.420443
v -135.941118 1.705271 -25.420443
v -135.941118 1.705271 -20.840736
v -143.075121 1.705271 14.005253
v -139.789324 1.705271 14.005253
v -139.789324 1.705271 9.262360
v -143.075121 1.705271 9.262360
v -146.639177 1.705271 9.262216
v -146.639177 1.705271 14.005112
v -143.353380 1.705271 14.005253
v -143.353380 1.705271 9.262360
v -128.847368 1.705271 -15.878437
v -125.561632 1.705271 -15.878294
v -125.561571 1.705271 -20.458162
v -128.847368 1.705271 -20.458162
v -125.277666 1.705271 -20.458162
v -125.277727 1.705271 -15.878294
v -121.991930 1.705271 -15.878294
v -121.991808 1.705271 -20.458162
v -132.655168 1.705271 -40.649496
v -132.655168 1.705271 -45.229208
v -135.940966 1.705271 -45.229208
v -135.940966 1.705271 -40.649496
v -136.219133 1.705271 -55.146357
v -139.504991 1.705271 -55.146502
v -139.504991 1.705271 -50.566801
v -136.219133 1.705271 -50.566649
v -135.940966 1.705271 -45.604509
v -132.655168 1.705271 -45.604509
v -132.655046 1.705271 -50.184202
v -135.940874 1.705271 -50.184202
v -139.788866 1.705271 -50.566801
v -139.788866 1.705271 -55.146502
v -143.074694 1.705271 -55.146502
v -143.074694 1.705271 -50.566801
v -129.125414 1.705271 -45.229208
v -132.411241 1.705271 -45.229208
v -132.411241 1.705271 -40.649496
v -129.125414 1.705271 -40.649496
v -125.277513 1.705271 -40.267046
v -125.277513 1.705271 -35.687216
v -121.991686 1.705271 -35.687216
v -121.991686 1.705271 -40.267046
v -128.847155 1.705271 -55.506342
v -125.561327 1.705271 -55.506342
v -125.561235 1.705271 -60.086042
v -128.847032 1.705271 -60.086042
v -132.411119 1.705271 -60.086199
v -132.411119 1.705271 -55.506342
v -129.125322 1.705271 -55.506342
v -129.125322 1.705271 -60.086042
v -154.043779 1.705271 -10.939056
v -154.043718 1.705271 -15.518908
v -157.329515 1.705271 -15.518908
v -157.329607 1.705271 -10.939201
v -157.607775 1.705271 -15.518908
v -160.893572 1.705271 -15.518908
v -160.893572 1.705271 -10.939201
v -157.607775 1.705271 -10.939201
v -150.195909 1.705271 -5.977048
v -146.910143 1.705271 -5.976918
v -146.909990 1.705271 -10.556612
v -150.195818 1.705271 -10.556612
v -157.607836 1.705271 -5.601903
v -160.893694 1.705271 -5.601903
v -160.893694 1.705271 -1.022191
v -157.607836 1.705271 -1.022049
v -150.195909 1.705271 3.940087
v -146.910143 1.705271 3.940238
v -146.910143 1.705271 -0.639611
v -150.195909 1.705271 -0.639611
v -146.910143 1.705271 -1.021891
v -146.910143 1.705271 -5.601608
v -150.195909 1.705271 -5.601753
v -150.195909 1.705271 -1.022049
v -168.271288 1.705271 -10.939350
v -168.271227 1.705271 -15.519049
v -171.557054 1.705271 -15.519049
v -171.557115 1.705271 -10.939350
v -171.835283 1.705271 -15.519049
v -175.121080 1.705271 -15.519049
v -175.121080 1.705271 -10.939350
v -171.835283 1.705271 -10.939350
v -167.987322 1.705271 -20.458880
v -167.987383 1.705271 -15.879034
v -164.701494 1.705271 -15.879034
v -164.701494 1.705271 -20.458742
v -171.557054 1.705271 -15.879034
v -168.271227 1.705271 -15.879034
v -168.271227 1.705271 -20.458880
v -171.557054 1.705271 -20.458880
v -161.137590 1.705271 -1.022191
v -161.137499 1.705271 -5.601903
v -164.423510 1.705271 -5.602038
v -164.423510 1.705271 -1.022344
v -160.893511 1.705271 -30.365683
v -160.893572 1.705271 -25.785967
v -157.607653 1.705271 -25.785824
v -157.607653 1.705271 -30.365683
v -153.759752 1.705271 -30.365683
v -153.759752 1.705271 -25.785824
v -150.473986 1.705271 -25.785824
v -150.473986 1.705271 -30.365521
v -154.043474 1.705271 -50.566950
v -154.043413 1.705271 -55.146666
v -157.329302 1.705271 -55.146803
v -157.329302 1.705271 -50.566950
v -157.329302 1.705271 -45.604822
v -154.043474 1.705271 -45.604822
v -154.043474 1.705271 -50.184511
v -157.329302 1.705271 -50.184511
v -146.909716 1.705271 -50.566801
v -146.909716 1.705271 -55.146502
v -150.195543 1.705271 -55.146666
v -150.195543 1.705271 -50.566801
v -171.556780 1.705271 -55.506941
v -168.270983 1.705271 -55.506941
v -168.270891 1.705271 -60.086641
v -171.556749 1.705271 -60.086641
v -97.083177 1.705271 19.251419
v -97.083177 1.705271 14.386270
v -100.360933 1.705271 14.386125
v -100.361055 1.705271 19.251259
v -111.337999 1.705271 19.251106
v -111.337999 1.705271 14.385982
v -114.590898 1.705271 14.385982
v -114.590898 1.705271 19.251106
v -100.638979 1.705271 -15.518025
v -103.960161 1.705271 -15.518025
v -103.960161 1.705271 -10.938306
v -100.638979 1.705271 -10.938306
v -103.960161 1.705271 -10.556029
v -103.960161 1.705271 -5.976167
v -100.639086 1.705271 -5.976167
v -100.638979 1.705271 -10.555881
v -107.768053 1.705271 -15.518171
v -111.053881 1.705271 -15.518171
v -111.053881 1.705271 -10.938463
v -107.768053 1.705271 -10.938306
v -114.590654 1.705271 -5.976330
v -111.337816 1.705271 -5.976330
v -111.337816 1.705271 -10.556161
v -114.590654 1.705271 -10.556161
v -118.154650 1.705271 -10.556161
v -118.154772 1.705271 -5.976330
v -114.868914 1.705271 -5.976330
v -114.868822 1.705271 -10.556161
v -107.489824 1.705271 -15.878149
v -104.203981 1.705271 -15.877991
v -104.203981 1.705271 -20.457844
v -107.489824 1.705271 -20.457844
v -111.054003 1.705271 -0.639021
v -111.054003 1.705271 3.940677
v -107.768206 1.705271 3.940677
v -107.768206 1.705271 -0.639021
v -107.768206 1.705271 4.300656
v -111.054003 1.705271 4.300656
v -111.054064 1.705271 8.880366
v -107.768267 1.705271 8.880501
v -111.337999 1.705271 8.880501
v -111.337908 1.705271 4.300656
v -114.590776 1.705271 4.300656
v -114.590776 1.705271 8.880366
v -118.154833 1.705271 9.262643
v -118.154833 1.705271 14.005553
v -114.869036 1.705271 14.005698
v -114.869036 1.705271 9.262800
v -100.360628 1.705271 -35.686899
v -97.082796 1.705271 -35.686899
v -97.082796 1.705271 -40.266607
v -100.360628 1.705271 -40.266607
v -103.959948 1.705271 -40.266764
v -103.959948 1.705271 -35.686899
v -100.638887 1.705271 -35.686899
v -100.638750 1.705271 -40.266607
v -114.590471 1.705271 -35.687063
v -111.337572 1.705271 -35.687063
v -111.337572 1.705271 -40.266764
v -114.590471 1.705271 -40.266764
v -114.868639 1.705271 -45.229059
v -118.154436 1.705271 -45.229059
v -118.154436 1.705271 -40.649359
v -114.868639 1.705271 -40.649359
v -114.590258 1.705271 -55.506201
v -111.337511 1.705271 -55.506033
v -111.337358 1.705271 -60.085760
v -114.590258 1.705271 -60.085890
v -118.154344 1.705271 -60.085890
v -118.154344 1.705271 -55.506201
v -114.868486 1.705271 -55.506201
v -114.868486 1.705271 -60.085890
v -214.290789 1.705271 24.415646
v -211.005022 1.705271 24.415646
v -211.005022 1.705271 19.631983
v -214.290789 1.705271 19.631983
v -217.854753 1.705271 19.631983
v -217.854906 1.705271 24.415646
v -214.568895 1.705271 24.415646
v -214.568895 1.705271 19.631983
v -218.098650 1.705271 19.249693
v -218.098619 1.705271 14.384650
v -221.384447 1.705271 14.384505
v -221.384539 1.705271 19.249693
v -228.700396 1.705271 24.415497
v -225.232500 1.705271 24.415497
v -225.232378 1.705271 19.631834
v -228.700304 1.705271 19.631834
v -193.180529 1.705271 14.384937
v -196.466478 1.705271 14.384792
v -196.466478 1.705271 19.249985
v -193.180651 1.705271 19.249985
v -203.600206 1.705271 19.632275
v -203.600267 1.705271 24.415796
v -200.314470 1.705271 24.415943
v -200.314348 1.705271 19.632275
v -189.372698 1.705271 19.632425
v -189.372759 1.705271 24.415943
v -186.086870 1.705271 24.415943
v -186.086840 1.705271 19.632425
v -207.434893 1.705271 -15.519642
v -210.720751 1.705271 -15.519642
v -210.720873 1.705271 -10.939932
v -207.435076 1.705271 -10.939932
v -203.870928 1.705271 -10.939932
v -203.870928 1.705271 -15.519642
v -207.156755 1.705271 -15.519642
v -207.156755 1.705271 -10.939932
v -207.156755 1.705271 -15.879620
v -203.870928 1.705271 -15.879463
v -203.870806 1.705271 -20.459324
v -207.156694 1.705271 -20.459324
v -207.434893 1.705271 -25.421475
v -210.720751 1.705271 -25.421475
v -210.720751 1.705271 -20.841776
v -207.434893 1.705271 -20.841776
v -217.854631 1.705271 -0.640635
v -217.854631 1.705271 3.939204
v -214.568834 1.705271 3.939204
v -214.568834 1.705271 -0.640635
v -224.948381 1.705271 -0.640793
v -224.948503 1.705271 3.939060
v -221.662554 1.705271 3.939060
v -221.662554 1.705271 -0.640635
v -224.948503 1.705271 9.261179
v -224.948503 1.705271 14.003939
v -221.662645 1.705271 14.004079
v -221.662645 1.705271 9.261321
v -228.700304 1.705271 14.003939
v -225.232378 1.705271 14.003939
v -225.232378 1.705271 9.261321
v -228.700304 1.705271 9.261179
v -211.004442 1.705271 -40.650690
v -211.004442 1.705271 -45.230383
v -214.290300 1.705271 -45.230383
v -214.290300 1.705271 -40.650690
v -221.662249 1.705271 -45.230539
v -224.948076 1.705271 -45.230677
v -224.948076 1.705271 -40.650820
v -221.662249 1.705271 -40.650820
v -225.231981 1.705271 -40.650820
v -225.231981 1.705271 -45.230677
v -228.699816 1.705271 -45.230677
v -228.699816 1.705271 -40.650980
v -228.699816 1.705271 -45.605986
v -225.231981 1.705271 -45.605856
v -225.231890 1.705271 -50.185698
v -228.699785 1.705271 -50.185698
v -221.383989 1.705271 -55.507666
v -218.098192 1.705271 -55.507666
v -218.098040 1.705271 -60.087374
v -221.383867 1.705271 -60.087374
v -192.902208 1.705271 -5.977501
v -189.616350 1.705271 -5.977501
v -189.616350 1.705271 -10.557208
v -192.902208 1.705271 -10.557208
v -200.035997 1.705271 -5.977646
v -196.750170 1.705271 -5.977501
v -196.750109 1.705271 -10.557353
v -200.035997 1.705271 -10.557353
v -189.616350 1.705271 -1.022474
v -189.616350 1.705271 -5.602336
v -192.902208 1.705271 -5.602336
v -192.902330 1.705271 -1.022474
v -189.372454 1.705271 -10.557208
v -189.372545 1.705271 -5.977501
v -186.086718 1.705271 -5.977354
v -186.086656 1.705271 -10.557208
v -178.674761 1.705271 -5.977354
v -175.388872 1.705271 -5.977208
v -175.388811 1.705271 -10.557061
v -178.674639 1.705271 -10.557061
v -192.901964 1.705271 -35.688242
v -189.616167 1.705271 -35.688242
v -189.616167 1.705271 -40.268091
v -192.901964 1.705271 -40.268091
v -203.599718 1.705271 -40.268091
v -203.599718 1.705271 -35.688387
v -200.313951 1.705271 -35.688387
v -200.313951 1.705271 -40.268091
v -193.180223 1.705271 -35.328245
v -196.466051 1.705271 -35.328245
v -196.466051 1.705271 -30.748549
v -193.180223 1.705271 -30.748549
v -196.466051 1.705271 -30.366116
v -196.466204 1.705271 -25.786409
v -193.180315 1.705271 -25.786409
v -193.180223 1.705271 -30.366116
v -192.902056 1.705271 -25.786409
v -189.616259 1.705271 -25.786261
v -189.616259 1.705271 -30.366116
v -192.902056 1.705271 -30.366116
v -196.465929 1.705271 -50.185247
v -196.465929 1.705271 -45.605398
v -193.180101 1.705271 -45.605398
v -193.180101 1.705271 -50.185106
v -200.313860 1.705271 -55.147398
v -203.599626 1.705271 -55.147398
v -203.599626 1.705271 -50.567690
v -200.313860 1.705271 -50.567537
v -182.522417 1.705271 -30.748415
v -182.522417 1.705271 -35.328245
v -185.808306 1.705271 -35.328245
v -185.808306 1.705271 -30.748415
v -186.086504 1.705271 -35.328245
v -189.372332 1.705271 -35.328245
v -189.372332 1.705271 -30.748549
v -186.086504 1.705271 -30.748415
v -178.674578 1.705271 -25.786118
v -175.388750 1.705271 -25.786118
v -175.388750 1.705271 -30.365826
v -178.674578 1.705271 -30.365975
v -189.372240 1.705271 -50.185106
v -189.372240 1.705271 -45.605398
v -186.086412 1.705271 -45.605261
v -186.086412 1.705271 -50.184961
v -182.238420 1.705271 -50.184961
v -182.238512 1.705271 -45.605101
v -178.952593 1.705271 -45.605101
v -178.952593 1.705271 -50.184961
v -178.674456 1.705271 -45.605101
v -175.388658 1.705271 -45.605101
v -175.388658 1.705271 -50.184961
v -178.674364 1.705271 -50.184961
v -182.238298 1.705271 -60.086783
v -182.238420 1.705271 -55.507074
v -178.952593 1.705271 -55.506941
v -178.952501 1.705271 -60.086783
v -178.674364 1.705271 -55.506941
v -175.388506 1.705271 -55.506941
v -175.388506 1.705271 -60.086783
v -178.674364 1.705271 -60.086783
v -253.804155 1.705271 -5.604930
v -253.804155 1.705271 -1.018847
v -250.518358 1.705271 -1.018847
v -250.518358 1.705271 -5.604930
v -250.240221 1.705271 -1.018847
v -246.954271 1.705271 -1.018847
v -246.954393 1.705271 -5.604930
v -250.240221 1.705271 -5.604930
v -264.494707 1.705271 -1.018552
v -261.208879 1.705271 -1.018697
v -261.208971 1.705271 -5.604638
v -264.494829 1.705271 -5.604638
v -250.518358 1.705271 -0.639286
v -253.804155 1.705271 -0.639286
v -253.804155 1.705271 3.946798
v -250.518358 1.705271 3.946798
v -246.954393 1.705271 3.946798
v -246.954271 1.705271 -0.639286
v -250.240221 1.705271 -0.639286
v -250.240221 1.705271 3.946798
v -246.677874 1.705271 4.297051
v -246.677935 1.705271 8.895093
v -243.392107 1.705271 8.895242
v -243.391985 1.705271 4.297051
v -261.208971 1.705271 3.946505
v -261.208879 1.705271 -0.639436
v -264.494707 1.705271 -0.639581
v -264.494829 1.705271 3.946505
v -296.812273 1.705271 40.287565
v -300.098101 1.705271 40.287722
v -300.098101 1.705271 44.867418
v -296.812273 1.705271 44.867418
v -254.075243 1.705271 40.337950
v -257.361101 1.705271 40.338091
v -257.361101 1.705271 44.917757
v -254.075243 1.705271 44.917757
v -307.206346 1.705271 34.814638
v -303.920458 1.705271 34.814638
v -303.920458 1.705271 29.949594
v -307.206346 1.705271 29.949459
v -293.256884 1.705271 24.783794
v -296.542772 1.705271 24.783794
v -296.542864 1.705271 29.567451
v -293.257036 1.705271 29.567451
v -292.978746 1.705271 34.814791
v -289.692949 1.705271 34.814791
v -289.692949 1.705271 29.949745
v -292.978746 1.705271 29.949745
v -285.845079 1.705271 34.814928
v -282.559252 1.705271 34.815081
v -282.559252 1.705271 29.949892
v -285.845079 1.705271 29.949892
v -293.257067 1.705271 45.260233
v -296.542986 1.705271 45.260233
v -296.542986 1.705271 49.839930
v -293.257067 1.705271 49.839930
v -292.978990 1.705271 54.446520
v -289.693193 1.705271 54.446520
v -289.693041 1.705271 50.222513
v -292.978990 1.705271 50.222361
v -285.845171 1.705271 44.900251
v -282.559343 1.705271 44.900396
v -282.559252 1.705271 40.320539
v -285.845079 1.705271 40.320539
v -286.123339 1.705271 35.195356
v -289.409105 1.705271 35.195356
v -289.409105 1.705271 39.938112
v -286.123339 1.705271 39.938257
v -282.559252 1.705271 39.938257
v -282.559252 1.705271 35.195501
v -285.845079 1.705271 35.195356
v -285.845079 1.705271 39.938257
v -250.245439 1.705271 34.815519
v -246.959520 1.705271 34.815519
v -246.959520 1.705271 29.950331
v -250.245317 1.705271 29.950331
v -275.157701 1.705271 29.950041
v -275.157793 1.705271 34.815081
v -271.871996 1.705271 34.815081
v -271.871843 1.705271 29.950041
v -246.959673 1.705271 49.840662
v -246.959612 1.705271 45.260965
v -250.245439 1.705271 45.260820
v -250.245500 1.705271 49.840506
v -236.296129 1.705271 45.261106
v -239.581957 1.705271 45.260965
v -239.582079 1.705271 49.840807
v -236.296129 1.705271 49.840807
v -239.581957 1.705271 40.321283
v -239.581957 1.705271 44.900991
v -236.296129 1.705271 44.901140
v -236.296129 1.705271 40.321283
v -232.448168 1.705271 40.321428
v -232.448259 1.705271 44.901140
v -228.980425 1.705271 44.901281
v -228.980272 1.705271 40.321428
v -264.778246 1.705271 45.260675
v -268.064104 1.705271 45.260675
v -268.064104 1.705271 49.840368
v -264.778246 1.705271 49.840368
v -264.500048 1.705271 44.900694
v -261.214189 1.705271 44.900694
v -261.214189 1.705271 40.320990
v -264.500048 1.705271 40.320990
v -264.778154 1.705271 35.195658
v -268.063982 1.705271 35.195658
v -268.064104 1.705271 39.938555
v -264.778154 1.705271 39.938555
v -275.157885 1.705271 50.222647
v -275.157885 1.705271 54.446672
v -271.872087 1.705271 54.446672
v -271.872087 1.705271 50.222647
v -268.068529 1.705271 -10.932289
v -264.782732 1.705271 -10.932289
v -264.782732 1.705271 -15.512007
v -268.068682 1.705271 -15.512007
v -300.098101 1.705271 4.332747
v -300.098101 1.705271 8.912453
v -296.812273 1.705271 8.912603
v -296.812273 1.705271 4.332747
v -254.082415 1.705271 -40.650080
v -254.082262 1.705271 -45.229799
v -257.368151 1.705271 -45.229933
v -257.368151 1.705271 -40.650080
v -303.920458 1.705271 19.250580
v -303.920458 1.705271 14.385533
v -307.206346 1.705271 14.385533
v -307.206346 1.705271 19.250715
v -296.542864 1.705271 19.632719
v -296.542772 1.705271 24.416376
v -293.256884 1.705271 24.416376
v -293.257036 1.705271 19.632719
v -289.692949 1.705271 19.250427
v -289.692949 1.705271 14.385380
v -292.978746 1.705271 14.385380
v -292.978746 1.705271 19.250427
v -282.559252 1.705271 19.250276
v -282.559252 1.705271 14.385087
v -285.845079 1.705271 14.385244
v -285.845079 1.705271 19.250276
v -292.978990 1.705271 -5.977048
v -289.693193 1.705271 -5.977208
v -289.693193 1.705271 -10.556904
v -292.978990 1.705271 -10.556904
v -296.542986 1.705271 -0.639757
v -296.542986 1.705271 3.939938
v -293.257067 1.705271 3.939938
v -293.257067 1.705271 -0.639757
v -289.693041 1.705271 -1.022344
v -289.693193 1.705271 -5.602038
v -292.978990 1.705271 -5.602038
v -292.978990 1.705271 -1.022191
v -282.559252 1.705271 8.879631
v -282.559343 1.705271 4.299776
v -285.845171 1.705271 4.299916
v -285.845079 1.705271 8.879631
v -289.409105 1.705271 9.262057
v -289.409105 1.705271 14.004818
v -286.123339 1.705271 14.004818
v -286.123339 1.705271 9.261912
v -285.845079 1.705271 14.004818
v -282.559252 1.705271 14.004668
v -282.559252 1.705271 9.261912
v -285.845079 1.705271 9.261912
v -303.921007 1.705271 -50.566950
v -303.921007 1.705271 -55.146666
v -307.206835 1.705271 -55.146666
v -307.206835 1.705271 -50.566801
v -289.409471 1.705271 -40.267653
v -289.409471 1.705271 -35.687933
v -286.123644 1.705271 -35.687933
v -286.123644 1.705271 -40.267801
v -292.979082 1.705271 -25.785967
v -289.693224 1.705271 -25.785967
v -289.693224 1.705271 -30.365683
v -292.979235 1.705271 -30.365683
v -296.543383 1.705271 -50.184660
v -296.543291 1.705271 -45.604967
v -293.257494 1.705271 -45.604967
v -293.257585 1.705271 -50.184660
v -285.845476 1.705271 -45.605101
v -282.559679 1.705271 -45.605101
v -282.559679 1.705271 -50.184961
v -285.845476 1.705271 -50.184801
v -246.959520 1.705271 19.249842
v -246.959520 1.705271 14.384650
v -250.245439 1.705271 14.384650
v -250.245317 1.705271 19.249842
v -271.871996 1.705271 14.385087
v -275.157793 1.705271 14.385087
v -275.157701 1.705271 19.250133
v -271.871843 1.705271 19.250133
v -243.390184 1.705271 -25.421616
v -246.676012 1.705271 -25.421475
v -246.675890 1.705271 -20.841776
v -243.390093 1.705271 -20.841776
v -250.245653 1.705271 -15.879620
v -246.959825 1.705271 -15.879620
v -246.959825 1.705271 -20.459463
v -250.245653 1.705271 -20.459324
v -228.980516 1.705271 -15.519945
v -232.448412 1.705271 -15.519798
v -232.448412 1.705271 -10.940078
v -228.980516 1.705271 -10.940078
v -232.732286 1.705271 -20.842058
v -232.732408 1.705271 -25.421616
v -236.018267 1.705271 -25.421766
v -236.018175 1.705271 -20.841913
v -239.582079 1.705271 -0.640635
v -239.581957 1.705271 3.939204
v -236.296129 1.705271 3.939060
v -236.296129 1.705271 -0.640635
v -236.296129 1.705271 4.299029
v -239.581957 1.705271 4.299178
v -239.581957 1.705271 8.878886
v -236.296129 1.705271 8.878886
v -228.980425 1.705271 4.298889
v -232.448259 1.705271 4.299029
v -232.448168 1.705271 8.878736
v -228.980272 1.705271 8.878736
v -246.676134 1.705271 -40.268236
v -246.676012 1.705271 -35.688528
v -243.390184 1.705271 -35.688528
v -243.390276 1.705271 -40.268236
v -243.112047 1.705271 -35.688528
v -239.826189 1.705271 -35.688688
v -239.826189 1.705271 -40.268393
v -243.112047 1.705271 -40.268236
v -246.960009 1.705271 -40.650690
v -246.960009 1.705271 -45.230383
v -250.245836 1.705271 -45.230383
v -250.245714 1.705271 -40.650534
v -243.390184 1.705271 -35.328566
v -246.676012 1.705271 -35.328566
v -246.676012 1.705271 -30.748858
v -243.390184 1.705271 -30.748858
v -243.390367 1.705271 -55.147539
v -246.676165 1.705271 -55.147539
v -246.676134 1.705271 -50.567690
v -243.390276 1.705271 -50.567690
v -246.676165 1.705271 -60.087225
v -246.676165 1.705271 -55.507532
v -243.390367 1.705271 -55.507532
v -243.390367 1.705271 -60.087225
v -236.018267 1.705271 -35.688688
v -232.732408 1.705271 -35.688688
v -232.732531 1.705271 -40.268393
v -236.018328 1.705271 -40.268393
v -232.732531 1.705271 -50.567976
v -232.732592 1.705271 -55.147680
v -236.018419 1.705271 -55.147680
v -236.018328 1.705271 -50.567843
v -236.018419 1.705271 -55.507666
v -232.732592 1.705271 -55.507666
v -232.732592 1.705271 -60.087374
v -236.018419 1.705271 -60.087374
v -254.080583 1.705271 -10.939797
v -254.080583 1.705271 -15.519642
v -257.366411 1.705271 -15.519495
v -257.366411 1.705271 -10.939797
v -268.064104 1.705271 -0.640195
v -268.064104 1.705271 3.939492
v -264.778246 1.705271 3.939492
v -264.778246 1.705271 -0.640195
v -268.064104 1.705271 9.261613
v -268.063982 1.705271 14.004515
v -264.778154 1.705271 14.004515
v -264.778154 1.705271 9.261613
v -271.872087 1.705271 -5.602193
v -275.157885 1.705271 -5.602193
v -275.157885 1.705271 -1.022474
v -271.872087 1.705271 -1.022474
v -261.214525 1.705271 -40.650396
v -261.214617 1.705271 -45.230253
v -264.500475 1.705271 -45.230253
v -264.500322 1.705271 -40.650396
v -264.500475 1.705271 -55.507361
v -261.214617 1.705271 -55.507361
v -261.214739 1.705271 -60.087092
v -264.500566 1.705271 -60.087092
v -260.930834 1.705271 -60.087092
v -260.930834 1.705271 -55.507361
v -257.645006 1.705271 -55.507361
v -257.645006 1.705271 -60.087092
v -271.872393 1.705271 -45.230093
v -275.158220 1.705271 -45.229933
v -275.158129 1.705271 -40.650236
v -271.872271 1.705271 -40.650396
v -275.442034 1.705271 -40.650236
v -275.442034 1.705271 -45.229933
v -278.727922 1.705271 -45.229933
v -278.727861 1.705271 -40.650080
v -278.727739 1.705271 -25.786118
v -275.441942 1.705271 -25.786261
v -275.442034 1.705271 -30.365975
v -278.727739 1.705271 -30.365975
v -271.872393 1.705271 -55.147108
v -275.158220 1.705271 -55.147108
v -275.158220 1.705271 -50.567392
v -271.872393 1.705271 -50.567392
v -268.308336 1.705271 -50.567537
v -268.308428 1.705271 -55.147249
v -271.594255 1.705271 -55.147108
v -271.594164 1.705271 -50.567392
v -25.616350 1.705271 44.883879
v -25.616350 1.705271 40.304228
v -28.902178 1.705271 40.304228
v -28.902178 1.705271 44.883879
v -82.596407 1.705271 44.920999
v -82.596407 1.705271 40.341291
v -85.882234 1.705271 40.341291
v -85.882234 1.705271 44.920999
v -125.562700 1.705271 44.883879
v -125.562700 1.705271 40.304228
v -128.848528 1.705271 40.304228
v -128.848528 1.705271 44.883879
v -157.582476 1.705271 44.867418
v -157.582476 1.705271 40.287722
v -160.868303 1.705271 40.287565
v -160.868303 1.705271 44.867418
v -200.319445 1.705271 44.917757
v -200.319445 1.705271 40.338091
v -203.605333 1.705271 40.337950
v -203.605333 1.705271 44.917757
v -32.472444 1.705271 29.950331
v -32.472444 1.705271 34.815519
v -29.186617 1.705271 34.815519
v -29.186617 1.705271 29.950331
v -53.833651 1.705271 29.950779
v -53.833651 1.705271 34.815813
v -50.547823 1.705271 34.815813
v -50.547914 1.705271 29.950628
v -29.186510 1.705271 45.260820
v -32.472322 1.705271 45.260965
v -32.472322 1.705271 49.840662
v -29.186510 1.705271 49.840506
v -39.849932 1.705271 49.840807
v -39.849932 1.705271 45.260965
v -43.135775 1.705271 45.261106
v -43.135775 1.705271 49.840807
v -43.135775 1.705271 44.901140
v -39.849932 1.705271 44.900991
v -39.850069 1.705271 40.321283
v -43.135866 1.705271 40.321283
v -50.269579 1.705271 44.901281
v -46.983736 1.705271 44.901140
v -46.983736 1.705271 40.321428
v -50.269579 1.705271 40.321428
v -50.547823 1.705271 35.196234
v -53.833651 1.705271 35.196234
v -53.833651 1.705271 39.938990
v -50.547823 1.705271 39.938990
v -71.898455 1.705271 24.784958
v -75.184267 1.705271 24.784958
v -75.184267 1.705271 29.568634
v -71.898455 1.705271 29.568634
v -82.317964 1.705271 29.951069
v -82.317964 1.705271 34.816255
v -79.032137 1.705271 34.816107
v -79.032137 1.705271 29.950924
v -68.090563 1.705271 29.950924
v -68.090563 1.705271 34.815966
v -64.804613 1.705271 34.815966
v -64.804735 1.705271 29.950924
v -60.956743 1.705271 29.950779
v -60.956743 1.705271 34.815966
v -57.670916 1.705271 34.815813
v -57.670916 1.705271 29.950779
v -71.898348 1.705271 45.261545
v -75.184175 1.705271 45.261545
v -75.184175 1.705271 49.841249
v -71.898226 1.705271 49.841249
v -75.468080 1.705271 39.939283
v -75.468080 1.705271 35.196680
v -78.753908 1.705271 35.196680
v -78.753908 1.705271 39.939440
v -64.804613 1.705271 45.261404
v -68.090441 1.705271 45.261404
v -68.090441 1.705271 49.841097
v -64.804613 1.705271 49.841097
v -60.956743 1.705271 40.321581
v -60.956667 1.705271 44.901438
v -57.670824 1.705271 44.901438
v -57.670916 1.705271 40.321581
v -86.152925 1.705271 45.261705
v -89.438738 1.705271 45.261705
v -89.438738 1.705271 49.841398
v -86.152925 1.705271 49.841398
v -89.722628 1.705271 39.939581
v -89.722628 1.705271 35.196680
v -93.008516 1.705271 35.196821
v -93.008516 1.705271 39.939581
v -136.219683 1.705271 24.783499
v -139.505510 1.705271 24.783499
v -139.505510 1.705271 29.567015
v -136.219683 1.705271 29.567015
v -153.760118 1.705271 29.949594
v -153.760118 1.705271 34.814638
v -150.474291 1.705271 34.814638
v -150.474291 1.705271 29.949459
v -161.137712 1.705271 29.567451
v -161.137834 1.705271 24.783794
v -164.423662 1.705271 24.783794
v -164.423571 1.705271 29.567451
v -167.987596 1.705271 29.949745
v -167.987596 1.705271 34.814791
v -164.701830 1.705271 34.814791
v -164.701830 1.705271 29.949745
v -175.121294 1.705271 29.949892
v -175.121294 1.705271 34.815081
v -171.835497 1.705271 34.814928
v -171.835497 1.705271 29.949892
v -136.219561 1.705271 45.259794
v -139.505388 1.705271 45.259794
v -139.505388 1.705271 49.839621
v -136.219438 1.705271 49.839495
v -139.505388 1.705271 50.222063
v -139.505297 1.705271 54.446081
v -136.219438 1.705271 54.445936
v -136.219438 1.705271 50.221929
v -143.074999 1.705271 54.446081
v -139.789171 1.705271 54.446081
v -139.789171 1.705271 50.222063
v -143.074999 1.705271 50.222063
v -136.219561 1.705271 35.194757
v -139.505388 1.705271 35.194918
v -139.505388 1.705271 39.937803
v -136.219561 1.705271 39.937803
v -125.561754 1.705271 49.839495
v -125.561754 1.705271 45.259634
v -128.847582 1.705271 45.259634
v -128.847582 1.705271 49.839495
v -121.713793 1.705271 54.445787
v -118.427965 1.705271 54.445787
v -118.427965 1.705271 50.221632
v -121.713793 1.705271 50.221769
v -161.137590 1.705271 49.839930
v -161.137590 1.705271 45.260233
v -164.423510 1.705271 45.260233
v -164.423510 1.705271 49.839930
v -167.987474 1.705271 50.222513
v -167.987383 1.705271 54.446520
v -164.701586 1.705271 54.446520
v -164.701586 1.705271 50.222361
v -175.121294 1.705271 40.320539
v -175.121263 1.705271 44.900396
v -171.835405 1.705271 44.900251
v -171.835497 1.705271 40.320539
v -168.271440 1.705271 39.938112
v -168.271440 1.705271 35.195356
v -171.557268 1.705271 35.195356
v -171.557268 1.705271 39.938257
v -171.835497 1.705271 35.195356
v -175.121294 1.705271 35.195501
v -175.121294 1.705271 39.938257
v -171.835497 1.705271 39.938257
v -104.204286 1.705271 29.566421
v -104.204286 1.705271 24.782904
v -107.490160 1.705271 24.783058
v -107.490160 1.705271 29.566566
v -114.869127 1.705271 24.783058
v -118.154924 1.705271 24.783058
v -118.154924 1.705271 29.566711
v -114.869127 1.705271 29.566711
v -118.154833 1.705271 29.949205
v -118.154833 1.705271 34.814192
v -114.869036 1.705271 34.814192
v -114.869036 1.705271 29.949066
v -97.082994 1.705271 49.839037
v -97.083132 1.705271 45.259191
v -100.360933 1.705271 45.259348
v -100.360872 1.705271 49.839037
v -104.204088 1.705271 49.839189
v -104.204195 1.705271 45.259348
v -107.490038 1.705271 45.259493
v -107.489885 1.705271 49.839189
v -118.154833 1.705271 40.319803
v -118.154772 1.705271 44.899511
v -114.869036 1.705271 44.899511
v -114.869036 1.705271 40.319803
v -111.337908 1.705271 39.937368
v -111.337999 1.705271 35.194471
v -114.590776 1.705271 35.194471
v -114.590776 1.705271 39.937368
v -210.721056 1.705271 29.950331
v -210.721056 1.705271 34.815519
v -207.435137 1.705271 34.815519
v -207.435228 1.705271 29.950331
v -185.808611 1.705271 34.815081
v -182.522753 1.705271 34.815081
v -182.522875 1.705271 29.950041
v -185.808702 1.705271 29.950041
v -207.435137 1.705271 45.260820
v -210.720964 1.705271 45.260965
v -210.720873 1.705271 49.840662
v -207.435076 1.705271 49.840506
v -218.098497 1.705271 49.840807
v -218.098619 1.705271 45.260965
v -221.384447 1.705271 45.261106
v -221.384447 1.705271 49.840807
v -221.384447 1.705271 44.901140
v -218.098619 1.705271 44.900991
v -218.098619 1.705271 40.321283
v -221.384447 1.705271 40.321283
v -228.700121 1.705271 44.901281
v -225.232286 1.705271 44.901140
v -225.232378 1.705271 40.321428
v -228.700304 1.705271 40.321428
v -189.616472 1.705271 49.840368
v -189.616472 1.705271 45.260675
v -192.902330 1.705271 45.260675
v -192.902330 1.705271 49.840368
v -196.466387 1.705271 40.320990
v -196.466387 1.705271 44.900694
v -193.180529 1.705271 44.900694
v -193.180529 1.705271 40.320990
v -189.616472 1.705271 39.938555
v -189.616594 1.705271 35.195658
v -192.902391 1.705271 35.195658
v -192.902391 1.705271 39.938555
v -185.808489 1.705271 54.446672
v -182.522661 1.705271 54.446672
v -182.522661 1.705271 50.222647
v -185.808489 1.705271 50.222647
v -192.897844 1.705271 -15.512007
v -192.897844 1.705271 -10.932289
v -189.612017 1.705271 -10.932289
v -189.611864 1.705271 -15.512007
v -28.902178 1.705271 8.895942
v -25.616350 1.705271 8.895942
v -25.616350 1.705271 4.316287
v -28.902178 1.705271 4.316287
v -85.882234 1.705271 8.858884
v -82.596407 1.705271 8.858884
v -82.596407 1.705271 4.279169
v -85.882234 1.705271 4.279169
v -128.848528 1.705271 8.895942
v -125.562700 1.705271 8.895942
v -125.562700 1.705271 4.316287
v -128.848528 1.705271 4.316287
v -160.868303 1.705271 8.912603
v -157.582476 1.705271 8.912453
v -157.582476 1.705271 4.332747
v -160.868303 1.705271 4.332747
v -203.605333 1.705271 8.862223
v -200.319445 1.705271 8.862076
v -200.319445 1.705271 4.282414
v -203.605333 1.705271 4.282414
v -200.312456 1.705271 -45.229933
v -203.598314 1.705271 -45.229799
v -203.598162 1.705271 -40.650080
v -200.312456 1.705271 -40.650080
v -139.795305 1.705271 -45.249060
v -143.081102 1.705271 -45.248919
v -143.081102 1.705271 -40.669214
v -139.795305 1.705271 -40.669214
v -82.589174 1.705271 -45.222521
v -85.875002 1.705271 -45.222521
v -85.875002 1.705271 -40.642809
v -82.589174 1.705271 -40.642809
v -25.629900 1.705271 -45.210390
v -28.915712 1.705271 -45.210219
v -28.915590 1.705271 -40.630526
v -25.629900 1.705271 -40.630526
v -29.186617 1.705271 14.384650
v -32.472444 1.705271 14.384650
v -32.472444 1.705271 19.249842
v -29.186617 1.705271 19.249842
v -50.547823 1.705271 14.384355
v -53.833651 1.705271 14.384355
v -53.833651 1.705271 19.249395
v -50.547914 1.705271 19.249544
v -32.756029 1.705271 -20.841776
v -32.756029 1.705271 -25.421475
v -36.041841 1.705271 -25.421616
v -36.041841 1.705271 -20.841776
v -32.472216 1.705271 -20.459463
v -32.472216 1.705271 -15.879620
v -29.186312 1.705271 -15.879620
v -29.186312 1.705271 -20.459324
v -32.472322 1.705271 -0.640490
v -32.472322 1.705271 3.939204
v -29.186510 1.705271 3.939346
v -29.186510 1.705271 -0.640340
v -46.983629 1.705271 -10.940078
v -46.983538 1.705271 -15.519798
v -50.269365 1.705271 -15.519945
v -50.269487 1.705271 -10.940078
v -53.833437 1.705271 -10.557794
v -53.833544 1.705271 -5.978094
v -50.547731 1.705271 -5.978094
v -50.547594 1.705271 -10.557794
v -43.413820 1.705271 -25.421766
v -46.699633 1.705271 -25.421616
v -46.699633 1.705271 -20.842058
v -43.413820 1.705271 -20.841913
v -43.135775 1.705271 3.939060
v -39.849932 1.705271 3.939204
v -39.849932 1.705271 -0.640635
v -43.135775 1.705271 -0.640635
v -39.850069 1.705271 8.878886
v -39.849932 1.705271 4.299178
v -43.135775 1.705271 4.299029
v -43.135866 1.705271 8.878886
v -46.983736 1.705271 8.878736
v -46.983736 1.705271 4.299029
v -50.269579 1.705271 4.298889
v -50.269579 1.705271 8.878736
v -53.833651 1.705271 9.261179
v -53.833651 1.705271 14.003939
v -50.547823 1.705271 14.003939
v -50.547823 1.705271 9.261179
v -36.041750 1.705271 -35.688528
v -32.755937 1.705271 -35.688528
v -32.755937 1.705271 -40.268236
v -36.041750 1.705271 -40.268236
v -39.605806 1.705271 -40.268393
v -39.605806 1.705271 -35.688688
v -36.319994 1.705271 -35.688528
v -36.319994 1.705271 -40.268236
v -32.755937 1.705271 -30.748858
v -32.755937 1.705271 -35.328566
v -36.041750 1.705271 -35.328566
v -36.041841 1.705271 -30.748858
v -32.755815 1.705271 -50.567690
v -32.755815 1.705271 -55.147539
v -36.041628 1.705271 -55.147539
v -36.041628 1.705271 -50.567690
v -36.041628 1.705271 -55.507532
v -32.755815 1.705271 -55.507532
v -32.755815 1.705271 -60.087225
v -36.041628 1.705271 -60.087225
v -46.699510 1.705271 -40.268393
v -46.699510 1.705271 -35.688688
v -43.413698 1.705271 -35.688688
v -43.413698 1.705271 -40.268393
v -53.833239 1.705271 -40.268541
v -53.833330 1.705271 -35.688688
v -50.547502 1.705271 -35.688688
v -50.547411 1.705271 -40.268541
v -43.413607 1.705271 -55.147680
v -46.699419 1.705271 -55.147680
v -46.699419 1.705271 -50.567976
v -43.413607 1.705271 -50.567843
v -46.699312 1.705271 -60.087374
v -46.699419 1.705271 -55.507666
v -43.413607 1.705271 -55.507666
v -43.413484 1.705271 -60.087374
v -22.065508 1.705271 -15.519495
v -25.351335 1.705271 -15.519642
v -25.351335 1.705271 -10.939797
v -22.065554 1.705271 -10.939797
v -18.501284 1.705271 -40.650396
v -18.501223 1.705271 -45.230253
v -21.787111 1.705271 -45.230383
v -21.787111 1.705271 -40.650534
v -21.787004 1.705271 -55.507361
v -18.501177 1.705271 -55.507361
v -18.501177 1.705271 -60.087092
v -21.787004 1.705271 -60.087092
v -75.184267 1.705271 19.631538
v -75.184267 1.705271 24.415213
v -71.898455 1.705271 24.415213
v -71.898455 1.705271 19.631538
v -79.032137 1.705271 14.384063
v -82.317964 1.705271 14.383913
v -82.317964 1.705271 19.249102
v -79.032137 1.705271 19.249250
v -64.804613 1.705271 14.384205
v -68.090563 1.705271 14.384205
v -68.090563 1.705271 19.249250
v -64.804735 1.705271 19.249250
v -57.670916 1.705271 14.384355
v -60.956743 1.705271 14.384205
v -60.956743 1.705271 19.249395
v -57.670916 1.705271 19.249395
v -68.334169 1.705271 -20.842205
v -68.334047 1.705271 -25.422056
v -71.619875 1.705271 -25.421923
v -71.619997 1.705271 -20.842360
v -75.184175 1.705271 -0.641084
v -75.184175 1.705271 3.938624
v -71.898348 1.705271 3.938624
v -71.898226 1.705271 -0.641084
v -78.753908 1.705271 14.003490
v -75.468080 1.705271 14.003490
v -75.468080 1.705271 9.260885
v -78.753908 1.705271 9.260734
v -61.240358 1.705271 -20.842205
v -61.240358 1.705271 -25.421923
v -64.526186 1.705271 -25.421923
v -64.526186 1.705271 -20.842205
v -68.090441 1.705271 -0.640930
v -68.090441 1.705271 3.938763
v -64.804613 1.705271 3.938763
v -64.804613 1.705271 -0.640930
v -57.670824 1.705271 4.298731
v -60.956667 1.705271 4.298731
v -60.956743 1.705271 8.878591
v -57.670916 1.705271 8.878591
v -71.619875 1.705271 -35.689119
v -68.334047 1.705271 -35.688986
v -68.333971 1.705271 -40.268835
v -71.619783 1.705271 -40.268835
v -68.333971 1.705271 -40.651117
v -68.333971 1.705271 -45.230967
v -71.619783 1.705271 -45.230967
v -71.619783 1.705271 -40.651270
v -82.317552 1.705271 -40.268835
v -82.317644 1.705271 -35.689119
v -79.031832 1.705271 -35.689119
v -79.031725 1.705271 -40.268835
v -75.183855 1.705271 -30.366999
v -75.183977 1.705271 -25.787296
v -71.898149 1.705271 -25.787296
v -71.898027 1.705271 -30.366999
v -71.897936 1.705271 -55.148123
v -75.183763 1.705271 -55.148123
v -75.183763 1.705271 -50.568422
v -71.897936 1.705271 -50.568281
v -68.333864 1.705271 -50.568281
v -68.333864 1.705271 -55.147989
v -71.619783 1.705271 -55.148123
v -71.619783 1.705271 -50.568281
v -75.183763 1.705271 -50.185953
v -75.183763 1.705271 -45.606291
v -71.897936 1.705271 -45.606146
v -71.897936 1.705271 -50.185953
v -57.670504 1.705271 -35.328852
v -60.956438 1.705271 -35.329004
v -60.956438 1.705271 -30.749140
v -57.670610 1.705271 -30.749140
v -61.240145 1.705271 -50.568140
v -61.240145 1.705271 -55.147989
v -64.525988 1.705271 -55.147989
v -64.525988 1.705271 -50.568140
v -64.525988 1.705271 -55.507959
v -61.240145 1.705271 -55.507959
v -61.240145 1.705271 -60.087671
v -64.525865 1.705271 -60.087778
v -57.392168 1.705271 -55.507811
v -54.106340 1.705271 -55.507811
v -54.106340 1.705271 -60.087515
v -57.392168 1.705271 -60.087515
v -93.008394 1.705271 -5.978683
v -89.722567 1.705271 -5.978542
v -89.722567 1.705271 -10.558333
v -93.008394 1.705271 -10.558333
v -96.832262 1.705271 -10.558478
v -96.832338 1.705271 -5.978683
v -93.286638 1.705271 -5.978683
v -93.286562 1.705271 -10.558333
v -89.438738 1.705271 -0.641231
v -89.438738 1.705271 3.938466
v -86.152925 1.705271 3.938466
v -86.152925 1.705271 -0.641231
v -93.008516 1.705271 14.003347
v -89.722628 1.705271 14.003490
v -89.722628 1.705271 9.260588
v -93.008516 1.705271 9.260588
v -89.722338 1.705271 -40.651404
v -89.722246 1.705271 -45.231272
v -93.008058 1.705271 -45.231272
v -93.008211 1.705271 -40.651560
v -96.832155 1.705271 -30.367252
v -96.832155 1.705271 -25.787596
v -93.286440 1.705271 -25.787430
v -93.286440 1.705271 -30.367252
v -96.832033 1.705271 -50.186236
v -96.832033 1.705271 -45.606585
v -93.286318 1.705271 -45.606436
v -93.286211 1.705271 -50.186236
v -139.505510 1.705271 19.633160
v -139.505510 1.705271 24.416672
v -136.219683 1.705271 24.416672
v -136.219683 1.705271 19.633160
v -150.474291 1.705271 14.385533
v -153.760118 1.705271 14.385533
v -153.760118 1.705271 19.250580
v -150.474291 1.705271 19.250715
v -164.423662 1.705271 24.416376
v -161.137834 1.705271 24.416376
v -161.137712 1.705271 19.632719
v -164.423571 1.705271 19.632719
v -164.701830 1.705271 14.385380
v -167.987596 1.705271 14.385380
v -167.987596 1.705271 19.250427
v -164.701830 1.705271 19.250427
v -171.835497 1.705271 14.385244
v -175.121294 1.705271 14.385087
v -175.121294 1.705271 19.250276
v -171.835497 1.705271 19.250276
v -132.655352 1.705271 -10.938754
v -132.655352 1.705271 -15.518608
v -135.941240 1.705271 -15.518608
v -135.941240 1.705271 -10.938902
v -139.505297 1.705271 -10.556478
v -139.505297 1.705271 -5.976760
v -136.219438 1.705271 -5.976760
v -136.219438 1.705271 -10.556478
v -143.074999 1.705271 -5.976760
v -139.789171 1.705271 -5.976760
v -139.789110 1.705271 -10.556478
v -143.074999 1.705271 -10.556612
v -136.219347 1.705271 -25.420443
v -139.505205 1.705271 -25.420584
v -139.505205 1.705271 -20.840736
v -136.219347 1.705271 -20.840736
v -146.638994 1.705271 -20.458443
v -146.638994 1.705271 -15.878735
v -143.353167 1.705271 -15.878735
v -143.353167 1.705271 -20.458443
v -143.353075 1.705271 -25.420584
v -146.638933 1.705271 -25.420584
v -146.638994 1.705271 -20.840872
v -143.353167 1.705271 -20.840872
v -139.505388 1.705271 -0.639454
v -139.505388 1.705271 3.940377
v -136.219561 1.705271 3.940377
v -136.219438 1.705271 -0.639324
v -136.219438 1.705271 -5.601455
v -139.505297 1.705271 -5.601608
v -139.505388 1.705271 -1.021891
v -136.219438 1.705271 -1.021756
v -139.789171 1.705271 -1.021891
v -139.789171 1.705271 -5.601608
v -143.074999 1.705271 -5.601608
v -143.074999 1.705271 -1.021891
v -139.505388 1.705271 9.262360
v -139.505388 1.705271 14.005253
v -136.219561 1.705271 14.005410
v -136.219561 1.705271 9.262360
v -125.561632 1.705271 -10.938608
v -125.561632 1.705271 -15.518463
v -128.847368 1.705271 -15.518463
v -128.847521 1.705271 -10.938754
v -121.713793 1.705271 -5.976465
v -118.427965 1.705271 -5.976465
v -118.427874 1.705271 -10.556161
v -121.713701 1.705271 -10.556322
v -128.847582 1.705271 3.940535
v -125.561754 1.705271 3.940535
v -125.561754 1.705271 -0.639324
v -128.847582 1.705271 -0.639324
v -118.427965 1.705271 -1.021466
v -118.427965 1.705271 -5.601307
v -121.713793 1.705271 -5.601307
v -121.713793 1.705271 -1.021601
v -139.505205 1.705271 -30.365385
v -139.505205 1.705271 -25.785667
v -136.219347 1.705271 -25.785667
v -136.219225 1.705271 -30.365385
v -125.561418 1.705271 -40.649359
v -125.561327 1.705271 -45.229208
v -128.847155 1.705271 -45.229208
v -128.847246 1.705271 -40.649496
v -121.713549 1.705271 -35.687216
v -118.427751 1.705271 -35.687216
v -118.427629 1.705271 -40.266916
v -121.713457 1.705271 -40.267046
v -125.277513 1.705271 -30.365082
v -125.277666 1.705271 -25.785376
v -121.991808 1.705271 -25.785376
v -121.991808 1.705271 -30.365082
v -125.561327 1.705271 -50.566515
v -125.561327 1.705271 -55.146357
v -128.847155 1.705271 -55.146357
v -128.847155 1.705271 -50.566515
v -132.411241 1.705271 -50.184202
v -132.411241 1.705271 -45.604509
v -129.125414 1.705271 -45.604368
v -129.125414 1.705271 -50.184202
v -118.427629 1.705271 -50.566351
v -118.427568 1.705271 -55.146212
v -121.713335 1.705271 -55.146212
v -121.713457 1.705271 -50.566515
v -167.987383 1.705271 -10.556904
v -167.987383 1.705271 -5.977208
v -164.701586 1.705271 -5.977048
v -164.701586 1.705271 -10.556904
v -164.423510 1.705271 3.939938
v -161.137590 1.705271 3.939938
v -161.137590 1.705271 -0.639757
v -164.423510 1.705271 -0.639757
v -164.701586 1.705271 -5.602038
v -167.987383 1.705271 -5.602038
v -167.987474 1.705271 -1.022344
v -164.701586 1.705271 -1.022191
v -171.835405 1.705271 4.299916
v -175.121263 1.705271 4.299776
v -175.121294 1.705271 8.879631
v -171.835497 1.705271 8.879631
v -171.557268 1.705271 14.004818
v -168.271440 1.705271 14.004818
v -168.271440 1.705271 9.262057
v -171.557268 1.705271 9.261912
v -175.121294 1.705271 9.261912
v -175.121294 1.705271 14.004668
v -171.835497 1.705271 14.004818
v -171.835497 1.705271 9.261912
v -150.195696 1.705271 -25.785824
v -146.909868 1.705271 -25.785667
v -146.909868 1.705271 -30.365521
v -150.195696 1.705271 -30.365521
v -150.473772 1.705271 -55.146666
v -153.759569 1.705271 -55.146666
v -153.759569 1.705271 -50.566950
v -150.473772 1.705271 -50.566801
v -171.556963 1.705271 -35.687933
v -168.271105 1.705271 -35.687933
v -168.271105 1.705271 -40.267653
v -171.556963 1.705271 -40.267801
v -167.987322 1.705271 -30.365683
v -167.987322 1.705271 -25.785967
v -164.701494 1.705271 -25.785967
v -164.701342 1.705271 -30.365683
v -164.423113 1.705271 -45.604967
v -161.137285 1.705271 -45.604967
v -161.137224 1.705271 -50.184660
v -164.423021 1.705271 -50.184660
v -175.120836 1.705271 -50.184961
v -175.120836 1.705271 -45.605101
v -171.835100 1.705271 -45.605101
v -171.835100 1.705271 -50.184801
v -107.490160 1.705271 24.417114
v -104.204286 1.705271 24.417269
v -104.204286 1.705271 19.633747
v -107.490160 1.705271 19.633604
v -118.154924 1.705271 19.633457
v -118.154924 1.705271 24.417114
v -114.869127 1.705271 24.417114
v -114.869127 1.705271 19.633457
v -114.869036 1.705271 14.385982
v -118.154833 1.705271 14.385982
v -118.154833 1.705271 19.250969
v -114.869036 1.705271 19.251106
v -100.360933 1.705271 3.940825
v -97.083132 1.705271 3.940982
v -97.082994 1.705271 -0.638868
v -100.360872 1.705271 -0.638868
v -118.154558 1.705271 -20.457991
v -118.154650 1.705271 -15.878294
v -114.868822 1.705271 -15.878294
v -114.868822 1.705271 -20.457991
v -107.490038 1.705271 3.940677
v -104.204195 1.705271 3.940825
v -104.204088 1.705271 -0.639021
v -107.489885 1.705271 -0.639021
v -114.869036 1.705271 4.300656
v -118.154772 1.705271 4.300656
v -118.154833 1.705271 8.880366
v -114.869036 1.705271 8.880366
v -114.590776 1.705271 14.005698
v -111.337999 1.705271 14.005698
v -111.337908 1.705271 9.262800
v -114.590776 1.705271 9.262800
v -100.360536 1.705271 -45.604063
v -97.082689 1.705271 -45.604063
v -97.082689 1.705271 -50.183779
v -100.360536 1.705271 -50.183779
v -103.959841 1.705271 -50.183920
v -103.959841 1.705271 -45.604063
v -100.638750 1.705271 -45.604063
v -100.638750 1.705271 -50.183779
v -118.154436 1.705271 -40.266916
v -118.154558 1.705271 -35.687216
v -114.868700 1.705271 -35.687063
v -114.868639 1.705271 -40.266916
v -107.767961 1.705271 -35.326933
v -111.053667 1.705271 -35.327227
v -111.053789 1.705271 -30.747374
v -107.767961 1.705271 -30.747225
v -104.203905 1.705271 -30.747225
v -104.203905 1.705271 -35.326933
v -107.489702 1.705271 -35.326933
v -107.489702 1.705271 -30.747225
v -111.053667 1.705271 -50.183920
v -111.053667 1.705271 -45.604220
v -107.767839 1.705271 -45.604063
v -107.767839 1.705271 -50.183920
v -207.435137 1.705271 14.384650
v -210.721056 1.705271 14.384650
v -210.721056 1.705271 19.249842
v -207.435228 1.705271 19.249842
v -182.522875 1.705271 19.250133
v -182.522753 1.705271 14.385087
v -185.808611 1.705271 14.385087
v -185.808702 1.705271 19.250133
v -211.004656 1.705271 -20.841776
v -211.004564 1.705271 -25.421475
v -214.290392 1.705271 -25.421616
v -214.290483 1.705271 -20.841776
v -210.720751 1.705271 -20.459463
v -210.720751 1.705271 -15.879620
v -207.434893 1.705271 -15.879620
v -207.434893 1.705271 -20.459324
v -210.720873 1.705271 -0.640490
v -210.720964 1.705271 3.939204
v -207.435137 1.705271 3.939346
v -207.435076 1.705271 -0.640340
v -225.232195 1.705271 -10.940078
v -225.232195 1.705271 -15.519798
v -228.700060 1.705271 -15.519945
v -228.700060 1.705271 -10.940078
v -221.662310 1.705271 -25.421766
v -224.948168 1.705271 -25.421616
v -224.948229 1.705271 -20.842058
v -221.662401 1.705271 -20.841913
v -221.384447 1.705271 3.939060
v -218.098619 1.705271 3.939204
v -218.098497 1.705271 -0.640635
v -221.384447 1.705271 -0.640635
v -218.098619 1.705271 8.878886
v -218.098619 1.705271 4.299178
v -221.384447 1.705271 4.299029
v -221.384447 1.705271 8.878886
v -225.232378 1.705271 8.878736
v -225.232286 1.705271 4.299029
v -228.700121 1.705271 4.298889
v -228.700304 1.705271 8.878736
v -214.290392 1.705271 -35.688528
v -211.004564 1.705271 -35.688528
v -211.004442 1.705271 -40.268236
v -214.290300 1.705271 -40.268236
v -217.854387 1.705271 -40.268393
v -217.854387 1.705271 -35.688688
v -214.568529 1.705271 -35.688528
v -214.568529 1.705271 -40.268236
v -207.434740 1.705271 -45.230383
v -210.720537 1.705271 -45.230383
v -210.720537 1.705271 -40.650690
v -207.434862 1.705271 -40.650534
v -211.004564 1.705271 -30.748858
v -211.004564 1.705271 -35.328566
v -214.290392 1.705271 -35.328566
v -214.290392 1.705271 -30.748858
v -211.004442 1.705271 -50.567690
v -211.004381 1.705271 -55.147539
v -214.290209 1.705271 -55.147539
v -214.290300 1.705271 -50.567690
v -214.290209 1.705271 -55.507532
v -211.004381 1.705271 -55.507532
v -211.004381 1.705271 -60.087225
v -214.290209 1.705271 -60.087225
v -224.948076 1.705271 -40.268393
v -224.948168 1.705271 -35.688688
v -221.662310 1.705271 -35.688688
v -221.662249 1.705271 -40.268393
v -221.662096 1.705271 -55.147680
v -224.947924 1.705271 -55.147680
v -224.948076 1.705271 -50.567976
v -221.662249 1.705271 -50.567843
v -224.947924 1.705271 -60.087374
v -224.947924 1.705271 -55.507666
v -221.662096 1.705271 -55.507666
v -221.662096 1.705271 -60.087374
v -200.314165 1.705271 -15.519495
v -203.599962 1.705271 -15.519642
v -203.599962 1.705271 -10.939797
v -200.314165 1.705271 -10.939797
v -192.902330 1.705271 3.939492
v -189.616472 1.705271 3.939492
v -189.616472 1.705271 -0.640195
v -192.902330 1.705271 -0.640195
v -193.180529 1.705271 4.299474
v -196.466387 1.705271 4.299474
v -196.466387 1.705271 8.879179
v -193.180529 1.705271 8.879179
v -192.902391 1.705271 14.004515
v -189.616594 1.705271 14.004515
v -189.616472 1.705271 9.261613
v -192.902391 1.705271 9.261613
v -182.522661 1.705271 -1.022474
v -182.522661 1.705271 -5.602193
v -185.808489 1.705271 -5.602193
v -185.808489 1.705271 -1.022474
v -193.180101 1.705271 -45.230253
v -196.465929 1.705271 -45.230253
v -196.466051 1.705271 -40.650396
v -193.180223 1.705271 -40.650396
v -196.465807 1.705271 -60.087092
v -196.465929 1.705271 -55.507361
v -193.180101 1.705271 -55.507361
v -193.180010 1.705271 -60.087092
v -200.035570 1.705271 -55.507361
v -196.749742 1.705271 -55.507361
v -196.749742 1.705271 -60.087092
v -200.035570 1.705271 -60.087092
v -182.522417 1.705271 -40.650236
v -182.522356 1.705271 -45.229933
v -185.808153 1.705271 -45.230093
v -185.808306 1.705271 -40.650396
v -178.952593 1.705271 -45.229933
v -182.238512 1.705271 -45.229933
v -182.238512 1.705271 -40.650236
v -178.952715 1.705271 -40.650080
v -182.238512 1.705271 -30.365975
v -182.238634 1.705271 -25.786261
v -178.952806 1.705271 -25.786118
v -178.952806 1.705271 -30.365975
v -182.522356 1.705271 -50.567392
v -182.522356 1.705271 -55.147108
v -185.808153 1.705271 -55.147108
v -185.808153 1.705271 -50.567392
v -186.086260 1.705271 -55.147108
v -189.372148 1.705271 -55.147249
v -189.372240 1.705271 -50.567537
v -186.086412 1.705271 -50.567392
v -114.590593 1.705271 -25.785238
v -111.337725 1.705271 -25.785238
v -111.337725 1.705271 -30.364941
v -114.590471 1.705271 -30.364941
v -257.374010 1.705271 8.900434
v -254.088091 1.705271 8.900434
v -254.088091 1.705271 4.302240
v -257.373888 1.705271 4.302240
v -300.098223 1.705271 35.184835
v -300.098101 1.705271 39.927732
v -296.812273 1.705271 39.927595
v -296.812395 1.705271 35.184835
v -296.534136 1.705271 39.927595
v -293.248308 1.705271 39.927595
v -293.248308 1.705271 35.184835
v -296.534136 1.705271 35.184835
v -257.361193 1.705271 35.235212
v -257.361101 1.705271 39.978117
v -254.075243 1.705271 39.977972
v -254.075396 1.705271 35.235212
v -253.797075 1.705271 39.977972
v -250.511248 1.705271 39.977972
v -250.511248 1.705271 35.235212
v -253.797075 1.705271 35.235212
v -303.920458 1.705271 29.567312
v -303.920458 1.705271 24.783647
v -307.206346 1.705271 24.783499
v -307.206346 1.705271 29.567158
v -282.559252 1.705271 29.567451
v -282.559160 1.705271 24.784084
v -285.844988 1.705271 24.783937
v -285.845079 1.705271 29.567451
v -286.123339 1.705271 45.260385
v -289.409105 1.705271 45.260233
v -289.409227 1.705271 49.840074
v -286.123430 1.705271 49.840216
v -246.959520 1.705271 29.568190
v -246.959520 1.705271 24.784378
v -250.245317 1.705271 24.784378
v -250.245317 1.705271 29.568041
v -232.448168 1.705271 29.950481
v -232.448168 1.705271 34.815813
v -228.980272 1.705271 34.815813
v -228.980181 1.705271 29.950628
v -271.871843 1.705271 24.784084
v -275.157701 1.705271 24.784084
v -275.157701 1.705271 29.567602
v -271.871843 1.705271 29.567602
v -246.959612 1.705271 39.938852
v -246.959520 1.705271 35.195944
v -250.245439 1.705271 35.195944
v -250.245439 1.705271 39.938707
v -261.214250 1.705271 49.840506
v -261.214189 1.705271 45.260675
v -264.500048 1.705271 45.260675
v -264.500139 1.705271 49.840368
v -257.366411 1.705271 54.446962
v -254.080492 1.705271 54.446962
v -254.080492 1.705271 50.222948
v -257.366350 1.705271 50.222948
v -261.214189 1.705271 39.938555
v -261.214189 1.705271 35.195791
v -264.500048 1.705271 35.195658
v -264.500048 1.705271 39.938555
v -282.291643 1.705271 50.222513
v -282.291643 1.705271 54.446520
v -279.005785 1.705271 54.446672
v -279.005785 1.705271 50.222513
v -271.593828 1.705271 44.900553
v -268.308000 1.705271 44.900553
v -268.307848 1.705271 40.320845
v -271.593737 1.705271 40.320845
v -261.213091 1.705271 -20.474289
v -264.498918 1.705271 -20.474289
v -264.498918 1.705271 -15.894428
v -261.213091 1.705271 -15.894428
v -296.812273 1.705271 9.272571
v -300.098101 1.705271 9.272433
v -300.098223 1.705271 14.015334
v -296.812395 1.705271 14.015334
v -293.248308 1.705271 14.015334
v -293.248308 1.705271 9.272571
v -296.534136 1.705271 9.272571
v -296.534136 1.705271 14.015334
v -254.075243 1.705271 9.222196
v -257.361101 1.705271 9.222053
v -257.361193 1.705271 13.964956
v -254.075396 1.705271 13.964956
v -250.511248 1.705271 13.964956
v -250.511248 1.705271 9.222196
v -253.797075 1.705271 9.222196
v -253.797075 1.705271 13.964956
v -257.368151 1.705271 -45.589914
v -254.082262 1.705271 -45.589781
v -254.082262 1.705271 -50.169622
v -257.368151 1.705271 -50.169622
v -260.932115 1.705271 -50.169622
v -260.932207 1.705271 -45.589914
v -257.646379 1.705271 -45.589914
v -257.646257 1.705271 -50.169622
v -307.206346 1.705271 24.416672
v -303.920458 1.705271 24.416525
v -303.920458 1.705271 19.632864
v -307.206346 1.705271 19.633017
v -285.844988 1.705271 24.416235
v -282.559160 1.705271 24.416086
v -282.559252 1.705271 19.632719
v -285.845079 1.705271 19.632719
v -289.409227 1.705271 -0.639902
v -289.409105 1.705271 3.939938
v -286.123339 1.705271 3.939786
v -286.123430 1.705271 -0.640050
v -300.073137 1.705271 -55.506636
v -296.787340 1.705271 -55.506777
v -296.787340 1.705271 -60.086481
v -300.073137 1.705271 -60.086481
v -307.206835 1.705271 -55.506636
v -303.921007 1.705271 -55.506636
v -303.921129 1.705271 -60.086336
v -307.206896 1.705271 -60.086336
v -286.123644 1.705271 -35.327967
v -289.409471 1.705271 -35.327967
v -289.409471 1.705271 -30.748102
v -286.123644 1.705271 -30.748102
v -285.845385 1.705271 -25.786118
v -282.559587 1.705271 -25.786118
v -282.559587 1.705271 -30.365826
v -285.845385 1.705271 -30.365826
v -250.245317 1.705271 24.415796
v -246.959520 1.705271 24.415796
v -246.959520 1.705271 19.631983
v -250.245317 1.705271 19.632133
v -228.980272 1.705271 14.384355
v -232.448168 1.705271 14.384355
v -232.448168 1.705271 19.249693
v -228.980181 1.705271 19.249544
v -275.157701 1.705271 19.632568
v -275.157701 1.705271 24.416086
v -271.871843 1.705271 24.416086
v -271.871843 1.705271 19.632568
v -243.390093 1.705271 -15.519642
v -246.675890 1.705271 -15.519642
v -246.675890 1.705271 -10.939932
v -243.389971 1.705271 -10.939932
v -250.245439 1.705271 14.004227
v -246.959520 1.705271 14.004227
v -246.959612 1.705271 9.261321
v -250.245439 1.705271 9.261468
v -239.826281 1.705271 -50.567843
v -239.826281 1.705271 -55.147539
v -243.112139 1.705271 -55.147539
v -243.112139 1.705271 -50.567690
v -246.960009 1.705271 -50.567690
v -246.960009 1.705271 -55.147539
v -250.245836 1.705271 -55.147398
v -250.245836 1.705271 -50.567690
v -250.245958 1.705271 -55.507361
v -246.960161 1.705271 -55.507532
v -246.960161 1.705271 -60.087225
v -250.245958 1.705271 -60.087225
v -232.732408 1.705271 -30.748858
v -232.732408 1.705271 -35.328852
v -236.018267 1.705271 -35.328699
v -236.018267 1.705271 -30.748858
v -236.296495 1.705271 -35.328699
v -239.582292 1.705271 -35.328566
v -239.582292 1.705271 -30.748858
v -236.296495 1.705271 -30.748858
v -257.366411 1.705271 -5.977646
v -254.080492 1.705271 -5.977646
v -254.080583 1.705271 -10.557499
v -257.366411 1.705271 -10.557353
v -264.500048 1.705271 14.004515
v -261.214189 1.705271 14.004377
v -261.214189 1.705271 9.261613
v -264.500048 1.705271 9.261613
v -282.291735 1.705271 -20.458880
v -282.291735 1.705271 -15.879181
v -279.005907 1.705271 -15.879181
v -279.005907 1.705271 -20.458880
v -279.005785 1.705271 -5.602193
v -282.291643 1.705271 -5.602038
v -282.291643 1.705271 -1.022344
v -279.005785 1.705271 -1.022344
v -268.307848 1.705271 8.879325
v -268.308000 1.705271 4.299618
v -271.593828 1.705271 4.299618
v -271.593737 1.705271 8.879325
v -264.778582 1.705271 -35.328245
v -268.064440 1.705271 -35.328245
v -268.064287 1.705271 -30.748549
v -264.778490 1.705271 -30.748549
v -264.778704 1.705271 -55.147249
v -268.064531 1.705271 -55.147249
v -268.064531 1.705271 -50.567537
v -264.778704 1.705271 -50.567537
v -268.064531 1.705271 -50.185106
v -268.064440 1.705271 -45.605398
v -264.778582 1.705271 -45.605398
v -264.778704 1.705271 -50.185106
v -275.158129 1.705271 -40.267801
v -275.158129 1.705271 -35.688093
v -271.872271 1.705271 -35.688093
v -271.872271 1.705271 -40.267950
v -282.291918 1.705271 -40.267801
v -282.291918 1.705271 -35.688093
v -279.006121 1.705271 -35.688093
v -279.006121 1.705271 -40.267801
v -279.006121 1.705271 -45.229933
v -282.291918 1.705271 -45.229933
v -282.291918 1.705271 -40.650080
v -279.006121 1.705271 -40.650080
v -28.902178 1.705271 39.944254
v -25.616350 1.705271 39.944403
v -25.616350 1.705271 35.201353
v -28.902178 1.705271 35.201353
v -32.466127 1.705271 35.201353
v -32.466234 1.705271 39.944101
v -29.180406 1.705271 39.944254
v -29.180330 1.705271 35.201353
v -85.882234 1.705271 39.981310
v -82.596407 1.705271 39.981455
v -82.596407 1.705271 35.238405
v -85.882143 1.705271 35.238405
v -89.446230 1.705271 35.238405
v -89.446337 1.705271 39.981169
v -86.160463 1.705271 39.981310
v -86.160387 1.705271 35.238405
v -128.848528 1.705271 39.944254
v -125.562700 1.705271 39.944403
v -125.562700 1.705271 35.201353
v -128.848528 1.705271 35.201353
v -132.412493 1.705271 35.201353
v -132.412584 1.705271 39.944101
v -129.126757 1.705271 39.944254
v -129.126665 1.705271 35.201353
v -160.868303 1.705271 39.927595
v -157.582476 1.705271 39.927732
v -157.582384 1.705271 35.184835
v -160.868181 1.705271 35.184835
v -164.432268 1.705271 35.184835
v -164.432268 1.705271 39.927595
v -161.146410 1.705271 39.927595
v -161.146410 1.705271 35.184835
v -203.605333 1.705271 39.977972
v -200.319445 1.705271 39.978117
v -200.319384 1.705271 35.235212
v -203.605150 1.705271 35.235212
v -207.169298 1.705271 35.235212
v -207.169298 1.705271 39.977972
v -203.883501 1.705271 39.977972
v -203.883501 1.705271 35.235212
v -29.186617 1.705271 24.784378
v -32.472444 1.705271 24.784378
v -32.472444 1.705271 29.568190
v -29.186617 1.705271 29.568041
v -50.547914 1.705271 24.784677
v -53.833742 1.705271 24.784815
v -53.833651 1.705271 29.568483
v -50.547823 1.705271 29.568338
v -50.269579 1.705271 34.815813
v -46.983736 1.705271 34.815813
v -46.983858 1.705271 29.950481
v -50.269686 1.705271 29.950628
v -25.351458 1.705271 50.222948
v -25.351458 1.705271 54.446962
v -22.065599 1.705271 54.446962
v -22.065599 1.705271 50.222948
v -71.620211 1.705271 34.816107
v -68.334398 1.705271 34.815966
v -68.334398 1.705271 29.950924
v -71.620211 1.705271 29.950924
v -79.032259 1.705271 24.785122
v -82.318071 1.705271 24.785122
v -82.317964 1.705271 29.568777
v -79.032259 1.705271 29.568634
v -64.526491 1.705271 34.815966
v -61.240663 1.705271 34.815966
v -61.240663 1.705271 29.950779
v -64.526491 1.705271 29.950779
v -57.392702 1.705271 44.901281
v -54.106859 1.705271 44.901281
v -54.106859 1.705271 40.321428
v -57.392702 1.705271 40.321581
v -57.670916 1.705271 35.196386
v -60.956743 1.705271 35.196386
v -60.956743 1.705271 39.939138
v -57.670916 1.705271 39.939138
v -54.106859 1.705271 39.938990
v -54.106859 1.705271 35.196386
v -57.392702 1.705271 35.196386
v -57.392702 1.705271 39.939138
v -93.008394 1.705271 54.447992
v -89.722567 1.705271 54.447992
v -89.722567 1.705271 50.223844
v -93.008394 1.705271 50.223986
v -85.874590 1.705271 54.447992
v -82.588869 1.705271 54.447855
v -82.588869 1.705271 50.223677
v -85.874697 1.705271 50.223677
v -93.008516 1.705271 44.901880
v -89.722628 1.705271 44.901724
v -89.722628 1.705271 40.322027
v -93.008516 1.705271 40.322027
v -93.286776 1.705271 35.196821
v -96.832460 1.705271 35.196974
v -96.832460 1.705271 39.939726
v -93.286776 1.705271 39.939581
v -135.941393 1.705271 34.814482
v -132.655565 1.705271 34.814482
v -132.655565 1.705271 29.949350
v -135.941393 1.705271 29.949350
v -143.075121 1.705271 34.814638
v -139.789324 1.705271 34.814482
v -139.789446 1.705271 29.949350
v -143.075212 1.705271 29.949350
v -150.474291 1.705271 24.783499
v -153.760118 1.705271 24.783647
v -153.760118 1.705271 29.567312
v -150.474291 1.705271 29.567158
v -171.835588 1.705271 24.783937
v -175.121416 1.705271 24.784084
v -175.121294 1.705271 29.567451
v -171.835497 1.705271 29.567451
v -146.910265 1.705271 39.937956
v -146.910265 1.705271 35.195063
v -150.196062 1.705271 35.195063
v -150.195909 1.705271 39.937956
v -168.271288 1.705271 49.840074
v -168.271440 1.705271 45.260233
v -171.557268 1.705271 45.260385
v -171.557115 1.705271 49.840216
v -100.360872 1.705271 54.445478
v -97.082994 1.705271 54.445478
v -97.082994 1.705271 50.221476
v -100.360933 1.705271 50.221476
v -100.360933 1.705271 44.899225
v -97.083132 1.705271 44.899225
v -97.083132 1.705271 40.319509
v -100.360933 1.705271 40.319509
v -107.489885 1.705271 54.445639
v -104.204088 1.705271 54.445478
v -104.204088 1.705271 50.221476
v -107.489885 1.705271 50.221632
v -107.768267 1.705271 35.194471
v -111.054064 1.705271 35.194471
v -111.054064 1.705271 39.937368
v -107.768267 1.705271 39.937368
v -207.435228 1.705271 24.784378
v -210.721056 1.705271 24.784378
v -210.721056 1.705271 29.568190
v -207.435228 1.705271 29.568041
v -228.700304 1.705271 34.815813
v -225.232378 1.705271 34.815813
v -225.232378 1.705271 29.950481
v -228.700396 1.705271 29.950628
v -182.522875 1.705271 29.567602
v -182.522875 1.705271 24.784084
v -185.808702 1.705271 24.784084
v -185.808702 1.705271 29.567602
v -207.435137 1.705271 35.195944
v -210.721056 1.705271 35.195944
v -210.720964 1.705271 39.938852
v -207.435137 1.705271 39.938707
v -193.180529 1.705271 45.260675
v -196.466387 1.705271 45.260675
v -196.466326 1.705271 49.840506
v -193.180437 1.705271 49.840368
v -203.600054 1.705271 50.222948
v -203.600054 1.705271 54.446962
v -200.314165 1.705271 54.446962
v -200.314226 1.705271 50.222948
v -193.180529 1.705271 35.195658
v -196.466387 1.705271 35.195791
v -196.466387 1.705271 39.938555
v -193.180529 1.705271 39.938555
v -178.674761 1.705271 54.446672
v -175.388872 1.705271 54.446520
v -175.388872 1.705271 50.222513
v -178.674761 1.705271 50.222513
v -189.372698 1.705271 40.320845
v -189.372545 1.705271 44.900553
v -186.086718 1.705271 44.900553
v -186.086840 1.705271 40.320845
v -193.181627 1.705271 -15.894428
v -193.181627 1.705271 -20.474289
v -196.467455 1.705271 -20.474289
v -196.467455 1.705271 -15.894428
v -25.616350 1.705271 13.998819
v -25.616350 1.705271 9.255765
v -28.902178 1.705271 9.255917
v -28.902178 1.705271 13.998819
v -29.180406 1.705271 9.255917
v -32.466234 1.705271 9.256062
v -32.466127 1.705271 13.998819
v -29.180330 1.705271 13.998819
v -82.596407 1.705271 13.961763
v -82.596407 1.705271 9.218714
v -85.882234 1.705271 9.218858
v -85.882143 1.705271 13.961763
v -86.160463 1.705271 9.218858
v -89.446337 1.705271 9.219002
v -89.446230 1.705271 13.961763
v -86.160387 1.705271 13.961763
v -125.562700 1.705271 13.998819
v -125.562700 1.705271 9.255765
v -128.848528 1.705271 9.255917
v -128.848528 1.705271 13.998819
v -129.126757 1.705271 9.255917
v -132.412584 1.705271 9.256062
v -132.412493 1.705271 13.998819
v -129.126665 1.705271 13.998819
v -157.582384 1.705271 14.015334
v -157.582476 1.705271 9.272433
v -160.868303 1.705271 9.272571
v -160.868181 1.705271 14.015334
v -161.146410 1.705271 9.272571
v -164.432268 1.705271 9.272571
v -164.432268 1.705271 14.015334
v -161.146410 1.705271 14.015334
v -200.319384 1.705271 13.964956
v -200.319445 1.705271 9.222053
v -203.605333 1.705271 9.222196
v -203.605150 1.705271 13.964956
v -203.883501 1.705271 9.222196
v -207.169298 1.705271 9.222196
v -207.169298 1.705271 13.964956
v -203.883501 1.705271 13.964956
v -203.598314 1.705271 -50.169622
v -203.598314 1.705271 -45.589781
v -200.312456 1.705271 -45.589914
v -200.312456 1.705271 -50.169622
v -200.034197 1.705271 -45.589914
v -196.748339 1.705271 -45.589914
v -196.748491 1.705271 -50.169622
v -200.034319 1.705271 -50.169622
v -143.081102 1.705271 -50.188749
v -143.081102 1.705271 -45.608885
v -139.795305 1.705271 -45.609041
v -139.795305 1.705271 -50.188749
v -139.517046 1.705271 -45.609041
v -136.231188 1.705271 -45.609041
v -136.231310 1.705271 -50.188749
v -139.517168 1.705271 -50.188749
v -85.875109 1.705271 -50.162291
v -85.875002 1.705271 -45.582365
v -82.589174 1.705271 -45.582499
v -82.589266 1.705271 -50.162291
v -82.311052 1.705271 -45.582499
v -79.025209 1.705271 -45.582644
v -79.025209 1.705271 -50.162291
v -82.311052 1.705271 -50.162291
v -28.915712 1.705271 -50.150061
v -28.915712 1.705271 -45.570211
v -25.629900 1.705271 -45.570345
v -25.629900 1.705271 -50.150061
v -25.351656 1.705271 -45.570345
v -22.065828 1.705271 -45.570345
v -22.065874 1.705271 -50.150061
v -25.351763 1.705271 -50.150061
v -32.472444 1.705271 19.631983
v -32.472444 1.705271 24.415796
v -29.186617 1.705271 24.415796
v -29.186617 1.705271 19.632133
v -53.833651 1.705271 19.631687
v -53.833742 1.705271 24.415358
v -50.547914 1.705271 24.415497
v -50.547823 1.705271 19.631834
v -46.983858 1.705271 19.249693
v -46.983736 1.705271 14.384355
v -50.269579 1.705271 14.384355
v -50.269686 1.705271 19.249544
v -32.756136 1.705271 -10.939932
v -32.756029 1.705271 -15.519642
v -36.041964 1.705271 -15.519642
v -36.041964 1.705271 -10.939932
v -36.319887 1.705271 -55.147539
v -39.605699 1.705271 -55.147539
v -39.605699 1.705271 -50.567843
v -36.319887 1.705271 -50.567690
v -29.186083 1.705271 -55.147398
v -32.471910 1.705271 -55.147539
v -32.471910 1.705271 -50.567690
v -29.186083 1.705271 -50.567690
v -32.471910 1.705271 -60.087225
v -32.471910 1.705271 -55.507532
v -29.186083 1.705271 -55.507361
v -29.185976 1.705271 -60.087225
v -43.413698 1.705271 -35.328699
v -46.699510 1.705271 -35.328852
v -46.699510 1.705271 -30.748858
v -43.413820 1.705271 -30.748858
v -39.849718 1.705271 -30.748858
v -39.849642 1.705271 -35.328566
v -43.135454 1.705271 -35.328699
v -43.135561 1.705271 -30.748858
v -53.833116 1.705271 -50.185698
v -53.833239 1.705271 -45.605986
v -50.547411 1.705271 -45.605986
v -50.547411 1.705271 -50.185698
v -25.351335 1.705271 -10.557499
v -25.351458 1.705271 -5.977646
v -22.065599 1.705271 -5.977646
v -22.065554 1.705271 -10.557353
v -22.065599 1.705271 -5.602483
v -25.351458 1.705271 -5.602483
v -25.351458 1.705271 -1.022777
v -22.065599 1.705271 -1.022777
v -68.334398 1.705271 19.249250
v -68.334398 1.705271 14.384205
v -71.620211 1.705271 14.384063
v -71.620211 1.705271 19.249250
v -82.317964 1.705271 19.631395
v -82.318071 1.705271 24.415050
v -79.032259 1.705271 24.415050
v -79.032259 1.705271 19.631538
v -61.240663 1.705271 19.249395
v -61.240663 1.705271 14.384205
v -64.526491 1.705271 14.384205
v -64.526491 1.705271 19.249395
v -79.031954 1.705271 -15.520382
v -82.317766 1.705271 -15.520382
v -82.317842 1.705271 -10.940686
v -79.031954 1.705271 -10.940518
v -57.670717 1.705271 -15.520081
v -60.956545 1.705271 -15.520081
v -60.956545 1.705271 -10.940239
v -57.670717 1.705271 -10.940239
v -60.956545 1.705271 -10.557936
v -60.956545 1.705271 -5.978094
v -57.670717 1.705271 -5.978094
v -57.670717 1.705271 -10.557936
v -54.106859 1.705271 8.878736
v -54.106859 1.705271 4.298889
v -57.392702 1.705271 4.298889
v -57.392702 1.705271 8.878591
v -60.956743 1.705271 9.261027
v -60.956743 1.705271 14.003780
v -57.670916 1.705271 14.003780
v -57.670916 1.705271 9.261027
v -57.392702 1.705271 14.003780
v -54.106859 1.705271 14.003780
v -54.106859 1.705271 9.261179
v -57.392702 1.705271 9.261027
v -64.804216 1.705271 -45.230829
v -68.090029 1.705271 -45.230967
v -68.090135 1.705271 -40.651117
v -64.804293 1.705271 -40.651117
v -57.670504 1.705271 -45.230829
v -60.956331 1.705271 -45.230829
v -60.956331 1.705271 -40.650980
v -57.670504 1.705271 -40.650980
v -68.090135 1.705271 -30.366856
v -68.090242 1.705271 -25.787148
v -64.804445 1.705271 -25.787001
v -64.804293 1.705271 -30.366856
v -64.526064 1.705271 -45.606146
v -61.240145 1.705271 -45.605986
v -61.240145 1.705271 -50.185789
v -64.525988 1.705271 -50.185789
v -68.090029 1.705271 -50.185953
v -68.090029 1.705271 -45.606146
v -64.804216 1.705271 -45.606146
v -64.804216 1.705271 -50.185789
v -89.722567 1.705271 -1.023678
v -89.722567 1.705271 -5.603510
v -93.008394 1.705271 -5.603510
v -93.008394 1.705271 -1.023813
v -82.588869 1.705271 -1.023508
v -82.588869 1.705271 -5.603372
v -85.874590 1.705271 -5.603510
v -85.874697 1.705271 -1.023508
v -89.722628 1.705271 8.878144
v -89.722628 1.705271 4.298445
v -93.008516 1.705271 4.298287
v -93.008516 1.705271 8.878144
v -96.832460 1.705271 9.260446
v -96.832460 1.705271 14.003198
v -93.286776 1.705271 14.003347
v -93.286776 1.705271 9.260588
v -89.722338 1.705271 -30.749586
v -89.722338 1.705271 -35.329290
v -93.008211 1.705271 -35.329451
v -93.008211 1.705271 -30.749586
v -93.008287 1.705271 -25.787430
v -89.722338 1.705271 -25.787430
v -89.722338 1.705271 -30.367094
v -93.008211 1.705271 -30.367252
v -89.722246 1.705271 -50.568575
v -89.722139 1.705271 -55.148295
v -93.008058 1.705271 -55.148295
v -93.008058 1.705271 -50.568575
v -132.655565 1.705271 19.250820
v -132.655565 1.705271 14.385688
v -135.941393 1.705271 14.385688
v -135.941393 1.705271 19.250820
v -139.789446 1.705271 19.250820
v -139.789324 1.705271 14.385688
v -143.075121 1.705271 14.385533
v -143.075212 1.705271 19.250820
v -153.760118 1.705271 19.632864
v -153.760118 1.705271 24.416525
v -150.474291 1.705271 24.416672
v -150.474291 1.705271 19.633017
v -175.121294 1.705271 19.632719
v -175.121416 1.705271 24.416086
v -171.835588 1.705271 24.416235
v -171.835497 1.705271 19.632719
v -143.353167 1.705271 -15.518608
v -146.638994 1.705271 -15.518753
v -146.638994 1.705271 -10.938902
v -143.353167 1.705271 -10.938902
v -146.638994 1.705271 -10.556612
v -146.639086 1.705271 -5.976918
v -143.353258 1.705271 -5.976760
v -143.353167 1.705271 -10.556612
v -143.074938 1.705271 -15.878735
v -139.789110 1.705271 -15.878597
v -139.789110 1.705271 -20.458443
v -143.074938 1.705271 -20.458443
v -121.713701 1.705271 -15.878294
v -118.427874 1.705271 -15.878294
v -118.427874 1.705271 -20.457991
v -121.713701 1.705271 -20.458162
v -135.940966 1.705271 -35.687494
v -132.655168 1.705271 -35.687349
v -132.655168 1.705271 -40.267046
v -135.940966 1.705271 -40.267218
v -146.638781 1.705271 -40.267366
v -146.638933 1.705271 -35.687655
v -143.353075 1.705271 -35.687494
v -143.352953 1.705271 -40.267366
v -135.941118 1.705271 -25.785667
v -132.655291 1.705271 -25.785528
v -132.655291 1.705271 -30.365385
v -135.941118 1.705271 -30.365385
v -143.074938 1.705271 -25.785667
v -139.789110 1.705271 -25.785667
v -139.788988 1.705271 -30.365385
v -143.074846 1.705271 -30.365385
v -132.655046 1.705271 -50.566649
v -132.655046 1.705271 -55.146357
v -135.940874 1.705271 -55.146357
v -135.940874 1.705271 -50.566649
v -128.847246 1.705271 -35.687349
v -125.561418 1.705271 -35.687216
v -125.561418 1.705271 -40.267046
v -128.847246 1.705271 -40.267046
v -128.847155 1.705271 -45.604368
v -125.561327 1.705271 -45.604368
v -125.561327 1.705271 -50.184202
v -128.847155 1.705271 -50.184202
v -150.196062 1.705271 14.005112
v -146.910265 1.705271 14.005112
v -146.910265 1.705271 9.262216
v -150.195909 1.705271 9.262216
v -171.557268 1.705271 3.939786
v -168.271440 1.705271 3.939938
v -168.271288 1.705271 -0.639902
v -171.557115 1.705271 -0.640050
v -160.893267 1.705271 -60.086481
v -160.893267 1.705271 -55.506777
v -157.607469 1.705271 -55.506636
v -157.607469 1.705271 -60.086481
v -153.759447 1.705271 -60.086336
v -153.759569 1.705271 -55.506636
v -150.473772 1.705271 -55.506636
v -150.473680 1.705271 -60.086336
v -168.271105 1.705271 -30.748102
v -168.271105 1.705271 -35.327967
v -171.556963 1.705271 -35.327967
v -171.556963 1.705271 -30.748102
v -175.120989 1.705271 -30.365826
v -175.120989 1.705271 -25.786118
v -171.835192 1.705271 -25.786118
v -171.835192 1.705271 -30.365826
v -97.082994 1.705271 -1.021305
v -97.082994 1.705271 -5.601002
v -100.360872 1.705271 -5.601002
v -100.360933 1.705271 -1.021305
v -97.083132 1.705271 8.880656
v -97.083132 1.705271 4.300942
v -100.360933 1.705271 4.300942
v -100.360933 1.705271 8.880656
v -114.868822 1.705271 -15.518171
v -118.154650 1.705271 -15.518318
v -118.154650 1.705271 -10.938608
v -114.868822 1.705271 -10.938463
v -104.204088 1.705271 -1.021305
v -104.204088 1.705271 -5.601002
v -107.489885 1.705271 -5.601160
v -107.489885 1.705271 -1.021466
v -111.054064 1.705271 9.262800
v -111.054064 1.705271 14.005698
v -107.768267 1.705271 14.005698
v -107.768267 1.705271 9.262800
v -103.960054 1.705271 -30.364792
v -103.960054 1.705271 -25.785084
v -100.638887 1.705271 -25.785084
v -100.638887 1.705271 -30.364792
v -100.638674 1.705271 -55.145918
v -103.959841 1.705271 -55.145918
v -103.959841 1.705271 -50.566214
v -100.638750 1.705271 -50.566065
v -103.959841 1.705271 -60.085760
v -103.959841 1.705271 -55.506033
v -100.638674 1.705271 -55.505903
v -100.638674 1.705271 -60.085596
v -111.053789 1.705271 -30.364941
v -111.053789 1.705271 -25.785238
v -107.767961 1.705271 -25.785084
v -107.767961 1.705271 -30.364941
v -114.868486 1.705271 -55.146078
v -118.154344 1.705271 -55.146212
v -118.154436 1.705271 -50.566351
v -114.868486 1.705271 -50.566351
v -118.154436 1.705271 -50.184069
v -118.154436 1.705271 -45.604368
v -114.868639 1.705271 -45.604220
v -114.868639 1.705271 -50.184069
v -210.721056 1.705271 19.631983
v -210.721056 1.705271 24.415796
v -207.435228 1.705271 24.415796
v -207.435228 1.705271 19.632133
v -225.232378 1.705271 19.249693
v -225.232378 1.705271 14.384355
v -228.700304 1.705271 14.384355
v -228.700396 1.705271 19.249544
v -185.808702 1.705271 24.416086
v -182.522875 1.705271 24.416086
v -182.522875 1.705271 19.632568
v -185.808702 1.705271 19.632568
v -211.004656 1.705271 -10.939932
v -211.004656 1.705271 -15.519642
v -214.290483 1.705271 -15.519642
v -214.290605 1.705271 -10.939932
v -210.720964 1.705271 9.261321
v -210.721056 1.705271 14.004227
v -207.435137 1.705271 14.004227
v -207.435137 1.705271 9.261468
v -214.568437 1.705271 -55.147539
v -217.854265 1.705271 -55.147539
v -217.854265 1.705271 -50.567843
v -214.568437 1.705271 -50.567690
v -207.434740 1.705271 -55.147398
v -210.720537 1.705271 -55.147539
v -210.720537 1.705271 -50.567690
v -207.434740 1.705271 -50.567690
v -210.720446 1.705271 -60.087225
v -210.720446 1.705271 -55.507532
v -207.434587 1.705271 -55.507361
v -207.434587 1.705271 -60.087225
v -221.662310 1.705271 -35.328699
v -224.948168 1.705271 -35.328852
v -224.948168 1.705271 -30.748858
v -221.662310 1.705271 -30.748858
v -218.098253 1.705271 -30.748858
v -218.098253 1.705271 -35.328566
v -221.384081 1.705271 -35.328699
v -221.384081 1.705271 -30.748858
v -203.599962 1.705271 -10.557499
v -203.600054 1.705271 -5.977646
v -200.314165 1.705271 -5.977646
v -200.314165 1.705271 -10.557353
v -196.466326 1.705271 -0.640340
v -196.466387 1.705271 3.939492
v -193.180529 1.705271 3.939492
v -193.180437 1.705271 -0.640195
v -200.314165 1.705271 -5.602483
v -203.600054 1.705271 -5.602483
v -203.600054 1.705271 -1.022777
v -200.314226 1.705271 -1.022777
v -196.466387 1.705271 9.261613
v -196.466387 1.705271 14.004377
v -193.180529 1.705271 14.004515
v -193.180529 1.705271 9.261613
v -178.674639 1.705271 -15.879181
v -175.388811 1.705271 -15.879181
v -175.388811 1.705271 -20.458880
v -178.674639 1.705271 -20.458880
v -175.388872 1.705271 -1.022344
v -175.388872 1.705271 -5.602038
v -178.674761 1.705271 -5.602193
v -178.674761 1.705271 -1.022344
v -186.086718 1.705271 4.299618
v -189.372545 1.705271 4.299618
v -189.372698 1.705271 8.879325
v -186.086840 1.705271 8.879325
v -189.616259 1.705271 -30.748549
v -189.616167 1.705271 -35.328245
v -192.901964 1.705271 -35.328245
v -192.902056 1.705271 -30.748549
v -189.615984 1.705271 -50.567537
v -189.615984 1.705271 -55.147249
v -192.901873 1.705271 -55.147249
v -192.901873 1.705271 -50.567537
v -192.901964 1.705271 -45.605398
v -189.616167 1.705271 -45.605398
v -189.615984 1.705271 -50.185106
v -192.901873 1.705271 -50.185106
v -185.808306 1.705271 -35.688093
v -182.522417 1.705271 -35.688093
v -182.522417 1.705271 -40.267801
v -185.808306 1.705271 -40.267950
v -178.674456 1.705271 -35.688093
v -175.388658 1.705271 -35.688093
v -175.388658 1.705271 -40.267801
v -178.674456 1.705271 -40.267801
v -175.388658 1.705271 -40.650080
v -175.388658 1.705271 -45.229933
v -178.674456 1.705271 -45.229933
v -178.674456 1.705271 -40.650080
v -257.373888 1.705271 -1.018697
v -254.088091 1.705271 -1.018697
v -254.088091 1.705271 -5.604930
v -257.373888 1.705271 -5.604783
v -254.088091 1.705271 3.946798
v -254.088091 1.705271 -0.639436
v -257.373888 1.705271 -0.639436
v -257.373888 1.705271 3.946651
vn 0.000000 1.000000 0.000000
vn 0.000000 1.000000 0.000000
vn 0.000000 1.000000 0.000000
vn 0.000000 1.000000 0.000000
vn 0.000000 1.000000 0.000000
vn 0.000000 1.000000 0.000000
vn 0.000000 1.000000 0.000000
vn 0.000000 1.000000 0.000000
vn 0.000000 1.000000 0.000000
vn 0.000000 1.000000 0.000000
vn 0.000000 1.000000 0.000000
vn 0.000000 1.000000 0.000000
vn 0.000000 1.000000 0.000000
vn 0.000000 1.000000 0.000000
vn 0.000000 1.000000 0.000000
vn 0.000000 1.000000 0.000000
vn 0.000000 1.000000 0.000000
vn 0.000000 1.000000 0.000000
vn 0.000000 1.000000 0.000000
vn 0.000000 1.000000 0.000000
vn 0.000000 1.000000 0.000000
vn 0.000000 1.000000 0.000000
vn 0.000000 1.000000 0.000000
vn 0.000000 1.000000 0.000000
vn 0.000000 1.000000 0.000000
vn 0.000000 1.000000 0.000000
vn 0.000000 1.000000 0.000000
vn 0.000000 1.000000 0.000000
vn 0.000000 1.000000 0.000000
vn 0.000000 1.000000 0.000000
vn 0.000000 1.000000 0.000000
vn 0.000000 1.000000 0.000000
vn 0.000000 1.000000 0.000000
vn 0.000000 1.000000 0.000000
vn 0.000000 1.000000 0.000000
vn 0.000000 1.000000 0.000000
vn 0.000000 1.000000 0.000000
vn 0.000000 1.000000 0.000000
vn 0.000000 1.000000 0.000000
vn 0.000000 1.000000 0.000000
vn 0.000000 1.000000 0.000000
vn 0.000000 1.000000 0.000000
vn 0.000000 1.000000 0.000000
vn 0.000000 1.000000 0.000000
vn 0.000000 1.000000 0.000000
vn 0.000000 1.000000 0.000000
vn 0.000000 1.000000 0.000000
vn 0.000000 1.000000 0.000000
vn 0.000000 1.000000 0.000000
vn 0.000000 1.000000 0.000000
vn 0.000000 1.000000 0.000000
vn 0.000000 1.000000 0.000000
vn 0.000000 1.000000 0.000000
vn 0.000000 1.000000 0.000000
vn 0.000000 1.000000 0.000000
vn 0.000000 1.000000 0.000000
vn 0.000000 1.000000 0.000000
vn 0.000000 1.000000 0.000000
vn 0.000000 1.000000 0.000000
vn 0.000000 1.000000 0.000000
vn 0.000000 1.000000 0.000000
vn 0.000000 1.000000 0.000000
vn 0.000000 1.000000 0.000000
vn 0.000000 1.000000 0.000000
vn 0.000000 1.000000 0.000000
vn 0.000000 1.000000 0.000000
vn 0.000000 1.000000 0.000000
vn 0.000000 1.000000 0.000000
vn 0.000000 1.000000 0.000000
vn 0.000000 1.000000 0.000000
vn 0.000000 1.000000 0.000000
vn 0.000000 1.000000 0.000000
vn 0.000000 1.000000 0.000000
vn 0.000000 1.000000 0.000000
vn 0.000000 1.000000 0.000000
vn 0.000000 1.000000 0.000000
vn 0.000000 1.000000 0.000000
vn 0.000000 1.000000 0.000000
vn 0.000000 1.000000 0.000000
vn 0.000000 1.000000 0.000000
vn 0.000000 1.000000 0.000000
vn 0.000000 1.000000 0.000000
vn 0.000000 1.000000 0.000000
vn 0.000000 1.000000 0.000000
vn 0.000000 1.000000 0.000000
vn 0.000000 1.000000 0.000000
vn 0.000000 1.000000 0.000000
vn 0.000000 1.000000 0.000000
vn 0.000000 1.000000 0.000000
vn 0.000000 1.000000 0.000000
vn 0.000000 1.000000 0.000000
vn 0.000000 1.000000 0.000000
vn 0.000000 1.000000 0.000000
vn 0.000000 1.000000 0.000000
vn 0.000000 1.000000 0.000000
vn 0.000000 1.000000 0.000000
vn 0.000000 1.000000 0.000000
vn 0.000000 1.000000 0.000000
vn 0.000000 1.000000 0.000000
vn 0.000000 1.000000 0.000000
vn 0.000000 1.000000 0.000000
vn 0.000000 1.000000 0.000000
vn 0.000000 1.000000 0.000000
vn 0.000000 1.000000 0.000000
vn 0.000000 1.000000 0.000000
vn 0.000000 1.000000 0.000000
vn 0.000000 1.000000 0.000000
vn 0.000000 1.000000 0.000000
vn 0.000000 1.000000 0.000000
vn 0.000000 1.000000 0.000000
vn 0.000000 1.000000 0.000000
vn 0.000000 1.000000 0.000000
vn 0.000000 1.000000 0.000000
vn 0.000000 1.000000 0.000000
vn 0.000000 1.000000 0.000000
vn 0.000000 1.000000 0.000000
vn 0.000000 1.000000 0.000000
vn 0.000000 1.000000 0.000000
vn 0.000000 1.000000 0.000000
vn 0.000000 1.000000 0.000000
vn 0.000000 1.000000 0.000000
vn 0.000000 1.000000 0.000000
vn 0.000000 1.000000 0.000000
vn 0.000000 1.000000 0.000000
vn 0.000000 1.000000 0.000000
vn 0.000000 1.000000 0.000000
vn 0.000000 1.000000 0.000000
vn 0.000000 1.000000 0.000000
vn 0.000000 1.000000 0.000000
vn 0.000000 1.000000 0.000000
vn 0.000000 1.000000 0.000000
vn 0.000000 1.000000 0.000000
vn 0.000000 1.000000 0.000000
vn 0.000000 1.000000 0.000000
vn 0.000000 1.000000 0.000000
vn 0.000000 1.000000 0.000000
vn 0.000000 1.000000 0.000000
vn 0.000000 1.000000 0.000000
vn 0.000000 1.000000 0.000000
vn 0.000000 1.000000 0.000000
vn 0.000000 1.000000 0.000000
vn 0.000000 1.000000 0.000000
vn 0.000000 1.000000 0.000000
vn 0.000000 1.000000 0.000000
vn 0.000000 1.000000 0.000000
vn 0.000000 1.000000 0.000000
vn 0.000000 1.000000 0.000000
vn 0.000000 1.000000 0.000000
vn 0.000000 1.000000 0.000000
vn 0.000000 1.000000 0.000000
vn 0.000000 1.000000 0.000000
vn 0.000000 1.000000 0.000000
vn 0.000000 1.000000 0.000000
vn 0.000000 1.000000 0.000000
vn 0.000000 1.000000 0.000000
vn 0.000000 1.000000 0.000000
vn 0.000000 1.000000 0.000000
vn 0.000000 1.000000 0.000000
vn 0.000000 1.000000 0.000000
vn 0.000000 1.000000 0.000000
vn 0.000000 1.000000 0.000000
vn 0.000000 1.000000 0.000000
vn 0.000000 1.000000 0.000000
vn 0.000000 1.000000 0.000000
vn 0.000000 1.000000 0.000000
vn 0.000000 1.000000 0.000000
vn 0.000000 1.000000 0.000000
vn 0.000000 1.000000 0.000000
vn 0.000000 1.000000 0.000000
vn 0.000000 1.000000 0.000000
vn 0.000000 1.000000 0.000000
vn 0.000000 1.000000 0.000000
vn 0.000000 1.000000 0.000000
vn 0.000000 1.000000 0.000000
vn 0.000000 1.000000 0.000000
vn 0.000000 1.000000 0.000000
vn 0.000000 1.000000 0.000000
vn 0.000000 1.000000 0.000000
vn 0.000000 1.000000 0.000000
vn 0.000000 1.000000 0.000000
vn 0.000000 1.000000 0.000000
vn 0.000000 1.000000 0.000000
vn 0.000000 1.000000 0.000000
vn 0.000000 1.000000 0.000000
vn 0.000000 1.000000 0.000000
vn 0.000000 1.000000 0.000000
vn 0.000000 1.000000 0.000000
vn 0.000000 1.000000 0.000000
vn 0.000000 1.000000 0.000000
vn 0.000000 1.000000 0.000000
vn 0.000000 1.000000 0.000000
vn 0.000000 1.000000 0.000000
vn 0.000000 1.000000 0.000000
vn 0.000000 1.000000 0.000000
vn 0.000000 1.000000 0.000000
vn 0.000000 1.000000 0.000000
vn 0.000000 1.000000 0.000000
vn 0.000000 1.000000 0.000000
vn 0.000000 1.000000 0.000000
vn 0.000000 1.000000 0.000000
vn 0.000000 1.000000 0.000000
vn 0.000000 1.000000 0.000000
vn 0.000000 1.000000 0.000000
vn 0.000000 1.000000 0.000000
vn 0.000000 1.000000 0.000000
vn 0.000000 1.000000 0.000000
vn 0.000000 1.000000 0.000000
vn 0.000000 1.000000 0.000000
vn 0.000000 1.000000 0.000000
vn 0.000000 1.000000 0.000000
vn 0.000000 1.000000 0.000000
vn 0.000000 1.000000 0.000000
vn 0.000000 1.000000 0.000000
vn 0.000000 1.000000 0.000000
vn 0.000000 1.000000 0.000000
vn 0.000000 1.000000 0.000000
vn 0.000000 1.000000 0.000000
vn 0.000000 1.000000 0.000000
vn 0.000000 1.000000 0.000000
vn 0.000000 1.000000 0.000000
vn 0.000000 1.000000 0.000000
vn 0.000000 1.000000 0.000000
vn 0.000000 1.000000 0.000000
vn 0.000000 1.000000 0.000000
vn 0.000000 1.000000 0.000000
vn 0.000000 1.000000 0.000000
vn 0.000000 1.000000 0.000000
vn 0.000000 1.000000 0.000000
vn 0.000000 1.000000 0.000000
vn 0.000000 1.000000 0.000000
vn 0.000000 1.000000 0.000000
vn 0.000000 1.000000 0.000000
vn 0.000000 1.000000 0.000000
vn 0.000000 1.000000 0.000000
vn 0.000000 1.000000 0.000000
vn 0.000000 1.000000 0.000000
vn 0.000000 1.000000 0.000000
vn 0.000000 1.000000 0.000000
vn 0.000000 1.000000 0.000000
vn 0.000000 1.000000 0.000000
vn 0.000000 1.000000 0.000000
vn 0.000000 1.000000 0.000000
vn 0.000000 1.000000 0.000000
vn 0.000000 1.000000 0.000000
vn 0.000000 1.000000 0.000000
vn 0.000000 1.000000 0.000000
vn 0.000000 1.000000 0.000000
vn 0.000000 1.000000 0.000000
vn 0.000000 1.000000 0.000000
vn 0.000000 1.000000 0.000000
vn 0.000000 1.000000 0.000000
vn 0.000000 1.000000 0.000000
vn 0.000000 1.000000 0.000000
vn 0.000000 1.000000 0.000000
vn 0.000000 1.000000 0.000000
vn 0.000000 1.000000 0.000000
vn 0.000000 1.000000 0.000000
vn 0.000000 1.000000 0.000000
vn 0.000000 1.000000 0.000000
vn 0.000000 1.000000 0.000000
vn 0.000000 1.000000 0.000000
vn 0.000000 1.000000 0.000000
vn 0.000000 1.000000 0.000000
vn 0.000000 1.000000 0.000000
vn 0.000000 1.000000 0.000000
vn 0.000000 1.000000 0.000000
vn 0.000000 1.000000 0.000000
vn 0.000000 1.000000 0.000000
vn 0.000000 1.000000 0.000000
vn 0.000000 1.000000 0.000000
vn 0.000000 1.000000 0.000000
vn 0.000000 1.000000 0.000000
vn 0.000000 1.000000 0.000000
vn 0.000000 1.000000 0.000000
vn 0.000000 1.000000 0.000000
vn 0.000000 1.000000 0.000000
vn 0.000000 1.000000 0.000000
vn 0.000000 1.000000 0.000000
vn 0.000000 1.000000 0.000000
vn 0.000000 1.000000 0.000000
vn 0.000000 1.000000 0.000000
vn 0.000000 1.000000 0.000000
vn 0.000000 1.000000 0.000000
vn 0.000000 1.000000 0.000000
vn 0.000000 1.000000 0.000000
vn 0.000000 1.000000 0.000000
vn 0.000000 1.000000 0.000000
vn 0.000000 1.000000 0.000000
vn 0.000000 1.000000 0.000000
vn 0.000000 1.000000 0.000000
vn 0.000000 1.000000 0.000000
vn 0.000000 1.000000 0.000000
vn 0.000000 1.000000 0.000000
vn 0.000000 1.000000 0.000000
vn 0.000000 1.000000 0.000000
vn 0.000000 1.000000 0.000000
vn 0.000000 1.000000 0.000000
vn 0.000000 1.000000 0.000000
vn 0.000000 1.000000 0.000000
vn 0.000000 1.000000 0.000000
vn 0.000000 1.000000 0.000000
vn 0.000000 1.000000 0.000000
vn 0.000000 1.000000 0.000000
vn 0.000000 1.000000 0.000000
vn 0.000000 1.000000 0.000000
vn 0.000000 1.000000 0.000000
vn 0.000000 1.000000 0.000000
vn 0.000000 1.000000 0.000000
vn 0.000000 1.000000 0.000000
vn 0.000000 1.000000 0.000000
vn 0.000000 1.000000 0.000000
vn 0.000000 1.000000 0.000000
vn 0.000000 1.000000 0.000000
vn 0.000000 1.000000 0.000000
vn 0.000000 1.000000 0.000000
vn 0.000000 1.000000 0.000000
vn 0.000000 1.000000 0.000000
vn 0.000000 1.000000 0.000000
vn 0.000000 1.000000 0.000000
vn 0.000000 1.000000 0.000000
vn 0.000000 1.000000 0.000000
vn 0.000000 1.000000 0.000000
vn 0.000000 1.000000 0.000000
vn 0.000000 1.000000 0.000000
vn 0.000000 1.000000 0.000000
vn 0.000000 1.000000 0.000000
vn 0.000000 1.000000 0.000000
vn 0.000000 1.000000 0.000000
vn 0.000000 1.000000 0.000000
vn 0.000000 1.000000 0.000000
vn 0.000000 1.000000 0.000000
vn 0.000000 1.000000 0.000000
vn 0.000000 1.000000 0.000000
vn 0.000000 1.000000 0.000000
vn 0.000000 1.000000 0.000000
vn 0.000000 1.000000 0.000000
vn 0.000000 1.000000 0.000000
vn 0.000000 1.000000 0.000000
vn 0.000000 1.000000 0.000000
vn 0.000000 1.000000 0.000000
vn 0.000000 1.000000 0.000000
vn 0.000000 1.000000 0.000000
vn 0.000000 1.000000 0.000000
vn 0.000000 1.000000 0.000000
vn 0.000000 1.000000 0.000000
vn 0.000000 1.000000 0.000000
vn 0.000000 1.000000 0.000000
vn 0.000000 1.000000 0.000000
vn 0.000000 1.000000 0.000000
vn 0.000000 1.000000 0.000000
vn 0.000000 1.000000 0.000000
vn 0.000000 1.000000 0.000000
vn 0.000000 1.000000 0.000000
vn 0.000000 1.000000 0.000000
vn 0.000000 1.000000 0.000000
vn 0.000000 1.000000 0.000000
vn 0.000000 1.000000 0.000000
vn 0.000000 1.000000 0.000000
vn 0.000000 1.000000 0.000000
vn 0.000000 1.000000 0.000000
vn 0.000000 1.000000 0.000000
vn 0.000000 1.000000 0.000000
vn 0.000000 1.000000 0.000000
vn 0.000000 1.000000 0.000000
vn 0.000000 1.000000 0.000000
vn 0.000000 1.000000 0.000000
vn 0.000000 1.000000 0.000000
vn 0.000000 1.000000 0.000000
vn 0.000000 1.000000 0.000000
vn 0.000000 1.000000 0.000000
vn 0.000000 1.000000 0.000000
vn 0.000000 1.000000 0.000000
vn 0.000000 1.000000 0.000000
vn 0.000000 1.000000 0.000000
vn 0.000000 1.000000 0.000000
vn 0.000000 1.000000 0.000000
vn 0.000000 1.000000 0.000000
vn 0.000000 1.000000 0.000000
vn 0.000000 1.000000 0.000000
vn 0.000000 1.000000 0.000000
vn 0.000000 1.000000 0.000000
vn 0.000000 1.000000 0.000000
vn 0.000000 1.000000 0.000000
vn 0.000000 1.000000 0.000000
vn 0.000000 1.000000 0.000000
vn 0.000000 1.000000 0.000000
vn 0.000000 1.000000 0.000000
vn 0.000000 1.000000 0.000000
vn 0.000000 1.000000 0.000000
vn 0.000000 1.000000 0.000000
vn 0.000000 1.000000 0.000000
vn 0.000000 1.000000 0.000000
vn 0.000000 1.000000 0.000000
vn 0.000000 1.000000 0.000000
vn 0.000000 1.000000 0.000000
vn 0.000000 1.000000 0.000000
vn 0.000000 1.000000 0.000000
vn 0.000000 1.000000 0.000000
vn 0.000000 1.000000 0.000000
vn 0.000000 1.000000 0.000000
vn 0.000000 1.000000 0.000000
vn 0.000000 1.000000 0.000000
vn 0.000000 1.000000 0.000000
vn 0.000000 1.000000 0.000000
vn 0.000000 1.000000 0.000000
vn 0.000000 1.000000 0.000000
vn 0.000000 1.000000 0.000000
vn 0.000000 1.000000 0.000000
vn 0.000000 1.000000 0.000000
vn 0.000000 1.000000 0.000000
vn 0.000000 1.000000 0.000000
vn 0.000000 1.000000 0.000000
vn 0.000000 1.000000 0.000000
vn 0.000000 1.000000 0.000000
vn 0.000000 1.000000 0.000000
vn 0.000000 1.000000 0.000000
vn 0.000000 1.000000 0.000000
vn 0.000000 1.000000 0.000000
vn 0.000000 1.000000 0.000000
vn 0.000000 1.000000 0.000000
vn 0.000000 1.000000 0.000000
vn 0.000000 1.000000 0.000000
vn 0.000000 1.000000 0.000000
vn 0.000000 1.000000 0.000000
vn 0.000000 1.000000 0.000000
vn 0.000000 1.000000 0.000000
vn 0.000000 1.000000 0.000000
vn 0.000000 1.000000 0.000000
vn 0.000000 1.000000 0.000000
vn 0.000000 1.000000 0.000000
vn 0.000000 1.000000 0.000000
vn 0.000000 1.000000 0.000000
vn 0.000000 1.000000 0.000000
vn 0.000000 1.000000 0.000000
vn 0.000000 1.000000 0.000000
vn 0.000000 1.000000 0.000000
vn 0.000000 1.000000 0.000000
vn 0.000000 1.000000 0.000000
vn 0.000000 1.000000 0.000000
vn 0.000000 1.000000 0.000000
vn 0.000000 1.000000 0.000000
vn 0.000000 1.000000 0.000000
vn 0.000000 1.000000 0.000000
vn 0.000000 1.000000 0.000000
vn 0.000000 1.000000 0.000000
vn 0.000000 1.000000 0.000000
vn 0.000000 1.000000 0.000000
vn 0.000000 1.000000 0.000000
vn 0.000000 1.000000 0.000000
vn 0.000000 1.000000 0.000000
vn 0.000000 1.000000 0.000000
vn 0.000000 1.000000 0.000000
vn 0.000000 1.000000 0.000000
vn 0.000000 1.000000 0.000000
vn 0.000000 1.000000 0.000000
vn 0.000000 1.000000 0.000000
vn 0.000000 1.000000 0.000000
vn 0.000000 1.000000 0.000000
vn 0.000000 1.000000 0.000000
vn 0.000000 1.000000 0.000000
vn 0.000000 1.000000 0.000000
vn 0.000000 1.000000 0.000000
vn 0.000000 1.000000 0.000000
vn 0.000000 1.000000 0.000000
vn 0.000000 1.000000 0.000000
vn 0.000000 1.000000 0.000000
vn 0.000000 1.000000 0.000000
vn 0.000000 1.000000 0.000000
vn 0.000000 1.000000 0.000000
vn 0.000000 1.000000 0.000000
vn 0.000000 1.000000 0.000000
vn 0.000000 1.000000 0.000000
vn 0.000000 1.000000 0.000000
vn 0.000000 1.000000 0.000000
vn 0.000000 1.000000 0.000000
vn 0.000000 1.000000 0.000000
vn 0.000000 1.000000 0.000000
vn 0.000000 1.000000 0.000000
vn 0.000000 1.000000 0.000000
vn 0.000000 1.000000 0.000000
vn 0.000000 1.000000 0.000000
vn 0.000000 1.000000 0.000000
vn 0.000000 1.000000 0.000000
vn 0.000000 1.000000 0.000000
vn 0.000000 1.000000 0.000000
vn 0.000000 1.000000 0.000000
vn 0.000000 1.000000 0.000000
vn 0.000000 1.000000 0.000000
vn 0.000000 1.000000 0.000000
vn 0.000000 1.000000 0.000000
vn 0.000000 1.000000 0.000000
vn 0.000000 1.000000 0.000000
vn 0.000000 1.000000 0.000000
vn 0.000000 1.000000 0.000000
vn 0.000000 1.000000 0.000000
vn 0.000000 1.000000 0.000000
vn 0.000000 1.000000 0.000000
vn 0.000000 1.000000 0.000000
vn 0.000000 1.000000 0.000000
vn 0.000000 1.000000 0.000000
vn 0.000000 1.000000 0.000000
vn 0.000000 1.000000 0.000000
vn 0.000000 1.000000 0.000000
vn 0.000000 1.000000 0.000000
vn 0.000000 1.000000 0.000000
vn 0.000000 1.000000 0.000000
vn 0.000000 1.000000 0.000000
vn 0.000000 1.000000 0.000000
vn 0.000000 1.000000 0.000000
vn 0.000000 1.000000 0.000000
vn 0.000000 1.000000 0.000000
vn 0.000000 1.000000 0.000000
vn 0.000000 1.000000 0.000000
vn 0.000000 1.000000 0.000000
vn 0.000000 1.000000 0.000000
vn 0.000000 1.000000 0.000000
vn 0.000000 1.000000 0.000000
vn 0.000000 1.000000 0.000000
vn 0.000000 1.000000 0.000000
vn 0.000000 1.000000 0.000000
vn 0.000000 1.000000 0.000000
vn 0.000000 1.000000 0.000000
vn 0.000000 1.000000 0.000000
vn 0.000000 1.000000 0.000000
vn 0.000000 1.000000 0.000000
vn 0.000000 1.000000 0.000000
vn 0.000000 1.000000 0.000000
vn 0.000000 1.000000 0.000000
vn 0.000000 1.000000 0.000000
vn 0.000000 1.000000 0.000000
vn 0.000000 1.000000 0.000000
vn 0.000000 1.000000 0.000000
vn 0.000000 1.000000 0.000000
vn 0.000000 1.000000 0.000000
vn 0.000000 1.000000 0.000000
vn 0.000000 1.000000 0.000000
vn 0.000000 1.000000 0.000000
vn 0.000000 1.000000 0.000000
vn 0.000000 1.000000 0.000000
vn 0.000000 1.000000 0.000000
vn 0.000000 1.000000 0.000000
vn 0.000000 1.000000 0.000000
vn 0.000000 1.000000 0.000000
vn 0.000000 1.000000 0.000000
vn 0.000000 1.000000 0.000000
vn 0.000000 1.000000 0.000000
vn 0.000000 1.000000 0.000000
vn 0.000000 1.000000 0.000000
vn 0.000000 1.000000 0.000000
vn 0.000000 1.000000 0.000000
vn 0.000000 1.000000 0.000000
vn 0.000000 1.000000 0.000000
vn 0.000000 1.000000 0.000000
vn 0.000000 1.000000 0.000000
vn 0.000000 1.000000 0.000000
vn 0.000000 1.000000 0.000000
vn 0.000000 1.000000 0.000000
vn 0.000000 1.000000 0.000000
vn 0.000000 1.000000 0.000000
vn 0.000000 1.000000 0.000000
vn 0.000000 1.000000 0.000000
vn 0.000000 1.000000 0.000000
vn 0.000000 1.000000 0.000000
vn 0.000000 1.000000 0.000000
vn 0.000000 1.000000 0.000000
vn 0.000000 1.000000 0.000000
vn 0.000000 1.000000 0.000000
vn 0.000000 1.000000 0.000000
vn 0.000000 1.000000 0.000000
vn 0.000000 1.000000 0.000000
vn 0.000000 1.000000 0.000000
vn 0.000000 1.000000 0.000000
vn 0.000000 1.000000 0.000000
vn 0.000000 1.000000 0.000000
vn 0.000000 1.000000 0.000000
vn 0.000000 1.000000 0.000000
vn 0.000000 1.000000 0.000000
vn 0.000000 1.000000 0.000000
vn 0.000000 1.000000 0.000000
vn 0.000000 1.000000 0.000000
vn 0.000000 1.000000 0.000000
vn 0.000000 1.000000 0.000000
vn 0.000000 1.000000 0.000000
vn 0.000000 1.000000 0.000000
vn 0.000000 1.000000 0.000000
vn 0.000000 1.000000 0.000000
vn 0.000000 1.000000 0.000000
vn 0.000000 1.000000 0.000000
vn 0.000000 1.000000 0.000000
vn 0.000000 1.000000 0.000000
vn 0.000000 1.000000 0.000000
vn 0.000000 1.000000 0.000000
vn 0.000000 1.000000 0.000000
vn 0.000000 1.000000 0.000000
vn 0.000000 1.000000 0.000000
vn 0.000000 1.000000 0.000000
vn 0.000000 1.000000 0.000000
vn 0.000000 1.000000 0.000000
vn 0.000000 1.000000 0.000000
vn 0.000000 1.000000 0.000000
vn 0.000000 1.000000 0.000000
vn 0.000000 1.000000 0.000000
vn 0.000000 1.000000 0.000000
vn 0.000000 1.000000 0.000000
vn 0.000000 1.000000 0.000000
vn 0.000000 1.000000 0.000000
vn 0.000000 1.000000 0.000000
vn 0.000000 1.000000 0.000000
vn 0.000000 1.000000 0.000000
vn 0.000000 1.000000 0.000000
vn 0.000000 1.000000 0.000000
vn 0.000000 1.000000 0.000000
vn 0.000000 1.000000 0.000000
vn 0.000000 1.000000 0.000000
vn 0.000000 1.000000 0.000000
vn 0.000000 1.000000 0.000000
vn 0.000000 1.000000 0.000000
vn 0.000000 1.000000 0.000000
vn 0.000000 1.000000 0.000000
vn 0.000000 1.000000 0.000000
vn 0.000000 1.000000 0.000000
vn 0.000000 1.000000 0.000000
vn 0.000000 1.000000 0.000000
vn 0.000000 1.000000 0.000000
vn 0.000000 1.000000 0.000000
vn 0.000000 1.000000 0.000000
vn 0.000000 1.000000 0.000000
vn 0.000000 1.000000 0.000000
vn 0.000000 1.000000 0.000000
vn 0.000000 1.000000 0.000000
vn 0.000000 1.000000 0.000000
vn 0.000000 1.000000 0.000000
vn 0.000000 1.000000 0.000000
vn 0.000000 1.000000 0.000000
vn 0.000000 1.000000 0.000000
vn 0.000000 1.000000 0.000000
vn 0.000000 1.000000 0.000000
vn 0.000000 1.000000 0.000000
vn 0.000000 1.000000 0.000000
vn 0.000000 1.000000 0.000000
vn 0.000000 1.000000 0.000000
vn 0.000000 1.000000 0.000000
vn 0.000000 1.000000 0.000000
vn 0.000000 1.000000 0.000000
vn 0.000000 1.000000 0.000000
vn 0.000000 1.000000 0.000000
vn 0.000000 1.000000 0.000000
vn 0.000000 1.000000 0.000000
vn 0.000000 1.000000 0.000000
vn 0.000000 1.000000 0.000000
vn 0.000000 1.000000 0.000000
vn 0.000000 1.000000 0.000000
vn 0.000000 1.000000 0.000000
vn 0.000000 1.000000 0.000000
vn 0.000000 1.000000 0.000000
vn 0.000000 1.000000 0.000000
vn 0.000000 1.000000 0.000000
vn 0.000000 1.000000 0.000000
vn 0.000000 1.000000 0.000000
vn 0.000000 1.000000 0.000000
vn 0.000000 1.000000 0.000000
vn 0.000000 1.000000 0.000000
vn 0.000000 1.000000 0.000000
vn 0.000000 1.000000 0.000000
vn 0.000000 1.000000 0.000000
vn 0.000000 1.000000 0.000000
vn 0.000000 1.000000 0.000000
vn 0.000000 1.000000 0.000000
vn 0.000000 1.000000 0.000000
vn 0.000000 1.000000 0.000000
vn 0.000000 1.000000 0.000000
vn 0.000000 1.000000 0.000000
vn 0.000000 1.000000 0.000000
vn 0.000000 1.000000 0.000000
vn 0.000000 1.000000 0.000000
vn 0.000000 1.000000 0.000000
vn 0.000000 1.000000 0.000000
vn 0.000000 1.000000 0.000000
vn 0.000000 1.000000 0.000000
vn 0.000000 1.000000 0.000000
vn 0.000000 1.000000 0.000000
vn 0.000000 1.000000 0.000000
vn 0.000000 1.000000 0.000000
vn 0.000000 1.000000 0.000000
vn 0.000000 1.000000 0.000000
vn 0.000000 1.000000 0.000000
vn 0.000000 1.000000 0.000000
vn 0.000000 1.000000 0.000000
vn 0.000000 1.000000 0.000000
vn 0.000000 1.000000 0.000000
vn 0.000000 1.000000 0.000000
vn 0.000000 1.000000 0.000000
vn 0.000000 1.000000 0.000000
vn 0.000000 1.000000 0.000000
vn 0.000000 1.000000 0.000000
vn 0.000000 1.000000 0.000000
vn 0.000000 1.000000 0.000000
vn 0.000000 1.000000 0.000000
vn 0.000000 1.000000 0.000000
vn 0.000000 1.000000 0.000000
vn 0.000000 1.000000 0.000000
vn 0.000000 1.000000 0.000000
vn 0.000000 1.000000 0.000000
vn 0.000000 1.000000 0.000000
vn 0.000000 1.000000 0.000000
vn 0.000000 1.000000 0.000000
vn 0.000000 1.000000 0.000000
vn 0.000000 1.000000 0.000000
vn 0.000000 1.000000 0.000000
vn 0.000000 1.000000 0.000000
vn 0.000000 1.000000 0.000000
vn 0.000000 1.000000 0.000000
vn 0.000000 1.000000 0.000000
vn 0.000000 1.000000 0.000000
vn 0.000000 1.000000 0.000000
vn 0.000000 1.000000 0.000000
vn 0.000000 1.000000 0.000000
vn 0.000000 1.000000 0.000000
vn 0.000000 1.000000 0.000000
vn 0.000000 1.000000 0.000000
vn 0.000000 1.000000 0.000000
vn 0.000000 1.000000 0.000000
vn 0.000000 1.000000 0.000000
vn 0.000000 1.000000 0.000000
vn 0.000000 1.000000 0.000000
vn 0.000000 1.000000 0.000000
vn 0.000000 1.000000 0.000000
vn 0.000000 1.000000 0.000000
vn 0.000000 1.000000 0.000000
vn 0.000000 1.000000 0.000000
vn 0.000000 1.000000 0.000000
vn 0.000000 1.000000 0.000000
vn 0.000000 1.000000 0.000000
vn 0.000000 1.000000 0.000000
vn 0.000000 1.000000 0.000000
vn 0.000000 1.000000 0.000000
vn 0.000000 1.000000 0.000000
vn 0.000000 1.000000 0.000000
vn 0.000000 1.000000 0.000000
vn 0.000000 1.000000 0.000000
vn 0.000000 1.000000 0.000000
vn 0.000000 1.000000 0.000000
vn 0.000000 1.000000 0.000000
vn 0.000000 1.000000 0.000000
vn 0.000000 1.000000 0.000000
vn 0.000000 1.000000 0.000000
vn 0.000000 1.000000 0.000000
vn 0.000000 1.000000 0.000000
vn 0.000000 1.000000 0.000000
vn 0.000000 1.000000 0.000000
vn 0.000000 1.000000 0.000000
vn 0.000000 1.000000 0.000000
vn 0.000000 1.000000 0.000000
vn 0.000000 1.000000 0.000000
vn 0.000000 1.000000 0.000000
vn 0.000000 1.000000 0.000000
vn 0.000000 1.000000 0.000000
vn 0.000000 1.000000 0.000000
vn 0.000000 1.000000 0.000000
vn 0.000000 1.000000 0.000000
vn 0.000000 1.000000 0.000000
vn 0.000000 1.000000 0.000000
vn 0.000000 1.000000 0.000000
vn 0.000000 1.000000 0.000000
vn 0.000000 1.000000 0.000000
vn 0.000000 1.000000 0.000000
vn 0.000000 1.000000 0.000000
vn 0.000000 1.000000 0.000000
vn 0.000000 1.000000 0.000000
vn 0.000000 1.000000 0.000000
vn 0.000000 1.000000 0.000000
vn 0.000000 1.000000 0.000000
vn 0.000000 1.000000 0.000000
vn 0.000000 1.000000 0.000000
vn 0.000000 1.000000 0.000000
vn 0.000000 1.000000 0.000000
vn 0.000000 1.000000 0.000000
vn 0.000000 1.000000 0.000000
vn 0.000000 1.000000 0.000000
vn 0.000000 1.000000 0.000000
vn 0.000000 1.000000 0.000000
vn 0.000000 1.000000 0.000000
vn 0.000000 1.000000 0.000000
vn 0.000000 1.000000 0.000000
vn 0.000000 1.000000 0.000000
vn 0.000000 1.000000 0.000000
vn 0.000000 1.000000 0.000000
vn 0.000000 1.000000 0.000000
vn 0.000000 1.000000 0.000000
vn 0.000000 1.000000 0.000000
vn 0.000000 1.000000 0.000000
vn 0.000000 1.000000 0.000000
vn 0.000000 1.000000 0.000000
vn 0.000000 1.000000 0.000000
vn 0.000000 1.000000 0.000000
vn 0.000000 1.000000 0.000000
vn 0.000000 1.000000 0.000000
vn 0.000000 1.000000 0.000000
vn 0.000000 1.000000 0.000000
vn 0.000000 1.000000 0.000000
vn 0.000000 1.000000 0.000000
vn 0.000000 1.000000 0.000000
vn 0.000000 1.000000 0.000000
vn 0.000000 1.000000 0.000000
vn 0.000000 1.000000 0.000000
vn 0.000000 1.000000 0.000000
vn 0.000000 1.000000 0.000000
vn 0.000000 1.000000 0.000000
vn 0.000000 1.000000 0.000000
vn 0.000000 1.000000 0.000000
vn 0.000000 1.000000 0.000000
vn 0.000000 1.000000 0.000000
vn 0.000000 1.000000 0.000000
vn 0.000000 1.000000 0.000000
vn 0.000000 1.000000 0.000000
vn 0.000000 1.000000 0.000000
vn 0.000000 1.000000 0.000000
vn 0.000000 1.000000 0.000000
vn 0.000000 1.000000 0.000000
vn 0.000000 1.000000 0.000000
vn 0.000000 1.000000 0.000000
vn 0.000000 1.000000 0.000000
vn 0.000000 1.000000 0.000000
vn 0.000000 1.000000 0.000000
vn 0.000000 1.000000 0.000000
vn 0.000000 1.000000 0.000000
vn 0.000000 1.000000 0.000000
vn 0.000000 1.000000 0.000000
vn 0.000000 1.000000 0.000000
vn 0.000000 1.000000 0.000000
vn 0.000000 1.000000 0.000000
vn 0.000000 1.000000 0.000000
vn 0.000000 1.000000 0.000000
vn 0.000000 1.000000 0.000000
vn 0.000000 1.000000 0.000000
vn 0.000000 1.000000 0.000000
vn 0.000000 1.000000 0.000000
vn 0.000000 1.000000 0.000000
vn 0.000000 1.000000 0.000000
vn 0.000000 1.000000 0.000000
vn 0.000000 1.000000 0.000000
vn 0.000000 1.000000 0.000000
vn 0.000000 1.000000 0.000000
vn 0.000000 1.000000 0.000000
vn 0.000000 1.000000 0.000000
vn 0.000000 1.000000 0.000000
vn 0.000000 1.000000 0.000000
vn 0.000000 1.000000 0.000000
vn 0.000000 1.000000 0.000000
vn 0.000000 1.000000 0.000000
vn 0.000000 1.000000 0.000000
vn 0.000000 1.000000 0.000000
vn 0.000000 1.000000 0.000000
vn 0.000000 1.000000 0.000000
vn 0.000000 1.000000 0.000000
vn 0.000000 1.000000 0.000000
vn 0.000000 1.000000 0.000000
vn 0.000000 1.000000 0.000000
vn 0.000000 1.000000 0.000000
vn 0.000000 1.000000 0.000000
vn 0.000000 1.000000 0.000000
vn 0.000000 1.000000 0.000000
vn 0.000000 1.000000 0.000000
vn 0.000000 1.000000 0.000000
vn 0.000000 1.000000 0.000000
vn 0.000000 1.000000 0.000000
vn 0.000000 1.000000 0.000000
vn 0.000000 1.000000 0.000000
vn 0.000000 1.000000 0.000000
vn 0.000000 1.000000 0.000000
vn 0.000000 1.000000 0.000000
vn 0.000000 1.000000 0.000000
vn 0.000000 1.000000 0.000000
vn 0.000000 1.000000 0.000000
vn 0.000000 1.000000 0.000000
vn 0.000000 1.000000 0.000000
vn 0.000000 1.000000 0.000000
vn 0.000000 1.000000 0.000000
vn 0.000000 1.000000 0.000000
vn 0.000000 1.000000 0.000000
vn 0.000000 1.000000 0.000000
vn 0.000000 1.000000 0.000000
vn 0.000000 1.000000 0.000000
vn 0.000000 1.000000 0.000000
vn 0.000000 1.000000 0.000000
vn 0.000000 1.000000 0.000000
vn 0.000000 1.000000 0.000000
vn 0.000000 1.000000 0.000000
vn 0.000000 1.000000 0.000000
vn 0.000000 1.000000 0.000000
vn 0.000000 1.000000 0.000000
vn 0.000000 1.000000 0.000000
vn 0.000000 1.000000 0.000000
vn 0.000000 1.000000 0.000000
vn 0.000000 1.000000 0.000000
vn 0.000000 1.000000 0.000000
vn 0.000000 1.000000 0.000000
vn 0.000000 1.000000 0.000000
vn 0.000000 1.000000 0.000000
vn 0.000000 1.000000 0.000000
vn 0.000000 1.000000 0.000000
vn 0.000000 1.000000 0.000000
vn 0.000000 1.000000 0.000000
vn 0.000000 1.000000 0.000000
vn 0.000000 1.000000 0.000000
vn 0.000000 1.000000 0.000000
vn 0.000000 1.000000 0.000000
vn 0.000000 1.000000 0.000000
vn 0.000000 1.000000 0.000000
vn 0.000000 1.000000 0.000000
vn 0.000000 1.000000 0.000000
vn 0.000000 1.000000 0.000000
vn 0.000000 1.000000 0.000000
vn 0.000000 1.000000 0.000000
vn 0.000000 1.000000 0.000000
vn 0.000000 1.000000 0.000000
vn 0.000000 1.000000 0.000000
vn 0.000000 1.000000 0.000000
vn 0.000000 1.000000 0.000000
vn 0.000000 1.000000 0.000000
vn 0.000000 1.000000 0.000000
vn 0.000000 1.000000 0.000000
vn 0.000000 1.000000 0.000000
vn 0.000000 1.000000 0.000000
vn 0.000000 1.000000 0.000000
vn 0.000000 1.000000 0.000000
vn 0.000000 1.000000 0.000000
vn 0.000000 1.000000 0.000000
vn 0.000000 1.000000 0.000000
vn 0.000000 1.000000 0.000000
vn 0.000000 1.000000 0.000000
vn 0.000000 1.000000 0.000000
vn 0.000000 1.000000 0.000000
vn 0.000000 1.000000 0.000000
vn 0.000000 1.000000 0.000000
vn 0.000000 1.000000 0.000000
vn 0.000000 1.000000 0.000000
vn 0.000000 1.000000 0.000000
vn 0.000000 1.000000 0.000000
vn 0.000000 1.000000 0.000000
vn 0.000000 1.000000 0.000000
vn 0.000000 1.000000 0.000000
vn 0.000000 1.000000 0.000000
vn 0.000000 1.000000 0.000000
vn 0.000000 1.000000 0.000000
vn 0.000000 1.000000 0.000000
vn 0.000000 1.000000 0.000000
vn 0.000000 1.000000 0.000000
vn 0.000000 1.000000 0.000000
vn 0.000000 1.000000 0.000000
vn 0.000000 1.000000 0.000000
vn 0.000000 1.000000 0.000000
vn 0.000000 1.000000 0.000000
vn 0.000000 1.000000 0.000000
vn 0.000000 1.000000 0.000000
vn 0.000000 1.000000 0.000000
vn 0.000000 1.000000 0.000000
vn 0.000000 1.000000 0.000000
vn 0.000000 1.000000 0.000000
vn 0.000000 1.000000 0.000000
vn 0.000000 1.000000 0.000000
vn 0.000000 1.000000 0.000000
vn 0.000000 1.000000 0.000000
vn 0.000000 1.000000 0.000000
vn 0.000000 1.000000 0.000000
vn 0.000000 1.000000 0.000000
vn 0.000000 1.000000 0.000000
vn 0.000000 1.000000 0.000000
vn 0.000000 1.000000 0.000000
vn 0.000000 1.000000 0.000000
vn 0.000000 1.000000 0.000000
vn 0.000000 1.000000 0.000000
vn 0.000000 1.000000 0.000000
vn 0.000000 1.000000 0.000000
vn 0.000000 1.000000 0.000000
vn 0.000000 1.000000 0.000000
vn 0.000000 1.000000 0.000000
vn 0.000000 1.000000 0.000000
vn 0.000000 1.000000 0.000000
vn 0.000000 1.000000 0.000000
vn 0.000000 1.000000 0.000000
vn 0.000000 1.000000 0.000000
vn 0.000000 1.000000 0.000000
vn 0.000000 1.000000 0.000000
vn 0.000000 1.000000 0.000000
vn 0.000000 1.000000 0.000000
vn 0.000000 1.000000 0.000000
vn 0.000000 1.000000 0.000000
vn 0.000000 1.000000 0.000000
vn 0.000000 1.000000 0.000000
vn 0.000000 1.000000 0.000000
vn 0.000000 1.000000 0.000000
vn 0.000000 1.000000 0.000000
vn 0.000000 1.000000 0.000000
vn 0.000000 1.000000 0.000000
vn 0.000000 1.000000 0.000000
vn 0.000000 1.000000 0.000000
vn 0.000000 1.000000 0.000000
vn 0.000000 1.000000 0.000000
vn 0.000000 1.000000 0.000000
vn 0.000000 1.000000 0.000000
vn 0.000000 1.000000 0.000000
vn 0.000000 1.000000 0.000000
vn 0.000000 1.000000 0.000000
vn 0.000000 1.000000 0.000000
vn 0.000000 1.000000 0.000000
vn 0.000000 1.000000 0.000000
vn 0.000000 1.000000 0.000000
vn 0.000000 1.000000 0.000000
vn 0.000000 1.000000 0.000000
vn 0.000000 1.000000 0.000000
vn 0.000000 1.000000 0.000000
vn 0.000000 1.000000 0.000000
vn 0.000000 1.000000 0.000000
vn 0.000000 1.000000 0.000000
vn 0.000000 1.000000 0.000000
vn 0.000000 1.000000 0.000000
vn 0.000000 1.000000 0.000000
vn 0.000000 1.000000 0.000000
vn 0.000000 1.000000 0.000000
vn 0.000000 1.000000 0.000000
vn 0.000000 1.000000 0.000000
vn 0.000000 1.000000 0.000000
vn 0.000000 1.000000 0.000000
vn 0.000000 1.000000 0.000000
vn 0.000000 1.000000 0.000000
vn 0.000000 1.000000 0.000000
vn 0.000000 1.000000 0.000000
vn 0.000000 1.000000 0.000000
vn 0.000000 1.000000 0.000000
vn 0.000000 1.000000 0.000000
vn 0.000000 1.000000 0.000000
vn 0.000000 1.000000 0.000000
vn 0.000000 1.000000 0.000000
vn 0.000000 1.000000 0.000000
vn 0.000000 1.000000 0.000000
vn 0.000000 1.000000 0.000000
vn 0.000000 1.000000 0.000000
vn 0.000000 1.000000 0.000000
vn 0.000000 1.000000 0.000000
vn 0.000000 1.000000 0.000000
vn 0.000000 1.000000 0.000000
vn 0.000000 1.000000 0.000000
vn 0.000000 1.000000 0.000000
vn 0.000000 1.000000 0.000000
vn 0.000000 1.000000 0.000000
vn 0.000000 1.000000 0.000000
vn 0.000000 1.000000 0.000000
vn 0.000000 1.000000 0.000000
vn 0.000000 1.000000 0.000000
vn 0.000000 1.000000 0.000000
vn 0.000000 1.000000 0.000000
vn 0.000000 1.000000 0.000000
vn 0.000000 1.000000 0.000000
vn 0.000000 1.000000 0.000000
vn 0.000000 1.000000 0.000000
vn 0.000000 1.000000 0.000000
vn 0.000000 1.000000 0.000000
vn 0.000000 1.000000 0.000000
vn 0.000000 1.000000 0.000000
vn 0.000000 1.000000 0.000000
vn 0.000000 1.000000 0.000000
vn 0.000000 1.000000 0.000000
vn 0.000000 1.000000 0.000000
vn 0.000000 1.000000 0.000000
vn 0.000000 1.000000 0.000000
vn 0.000000 1.000000 0.000000
vn 0.000000 1.000000 0.000000
vn 0.000000 1.000000 0.000000
vn 0.000000 1.000000 0.000000
vn 0.000000 1.000000 0.000000
vn 0.000000 1.000000 0.000000
vn 0.000000 1.000000 0.000000
vn 0.000000 1.000000 0.000000
vn 0.000000 1.000000 0.000000
vn 0.000000 1.000000 0.000000
vn 0.000000 1.000000 0.000000
vn 0.000000 1.000000 0.000000
vn 0.000000 1.000000 0.000000
vn 0.000000 1.000000 0.000000
vn 0.000000 1.000000 0.000000
vn 0.000000 1.000000 0.000000
vn 0.000000 1.000000 0.000000
vn 0.000000 1.000000 0.000000
vn 0.000000 1.000000 0.000000
vn 0.000000 1.000000 0.000000
vn 0.000000 1.000000 0.000000
vn 0.000000 1.000000 0.000000
vn 0.000000 1.000000 0.000000
vn 0.000000 1.000000 0.000000
vn 0.000000 1.000000 0.000000
vn 0.000000 1.000000 0.000000
vn 0.000000 1.000000 0.000000
vn 0.000000 1.000000 0.000000
vn 0.000000 1.000000 0.000000
vn 0.000000 1.000000 0.000000
vn 0.000000 1.000000 0.000000
vn 0.000000 1.000000 0.000000
vn 0.000000 1.000000 0.000000
vn 0.000000 1.000000 0.000000
vn 0.000000 1.000000 0.000000
vn 0.000000 1.000000 0.000000
vn 0.000000 1.000000 0.000000
vn 0.000000 1.000000 0.000000
vn 0.000000 1.000000 0.000000
vn 0.000000 1.000000 0.000000
vn 0.000000 1.000000 0.000000
vn 0.000000 1.000000 0.000000
vn 0.000000 1.000000 0.000000
vn 0.000000 1.000000 0.000000
vn 0.000000 1.000000 0.000000
vn 0.000000 1.000000 0.000000
vn 0.000000 1.000000 0.000000
vn 0.000000 1.000000 0.000000
vn 0.000000 1.000000 0.000000
vn 0.000000 1.000000 0.000000
vn 0.000000 1.000000 0.000000
vn 0.000000 1.000000 0.000000
vn 0.000000 1.000000 0.000000
vn 0.000000 1.000000 0.000000
vn 0.000000 1.000000 0.000000
vn 0.000000 1.000000 0.000000
vn 0.000000 1.000000 0.000000
vn 0.000000 1.000000 0.000000
vn 0.000000 1.000000 0.000000
vn 0.000000 1.000000 0.000000
vn 0.000000 1.000000 0.000000
vn 0.000000 1.000000 0.000000
vn 0.000000 1.000000 0.000000
vn 0.000000 1.000000 0.000000
vn 0.000000 1.000000 0.000000
vn 0.000000 1.000000 0.000000
vn 0.000000 1.000000 0.000000
vn 0.000000 1.000000 0.000000
vn 0.000000 1.000000 0.000000
vn 0.000000 1.000000 0.000000
vn 0.000000 1.000000 0.000000
vn 0.000000 1.000000 0.000000
vn 0.000000 1.000000 0.000000
vn 0.000000 1.000000 0.000000
vn 0.000000 1.000000 0.000000
vn 0.000000 1.000000 0.000000
vn 0.000000 1.000000 0.000000
vn 0.000000 1.000000 0.000000
vn 0.000000 1.000000 0.000000
vn 0.000000 1.000000 0.000000
vn 0.000000 1.000000 0.000000
vn 0.000000 1.000000 0.000000
vn 0.000000 1.000000 0.000000
vn 0.000000 1.000000 0.000000
vn 0.000000 1.000000 0.000000
vn 0.000000 1.000000 0.000000
vn 0.000000 1.000000 0.000000
vn 0.000000 1.000000 0.000000
vn 0.000000 1.000000 0.000000
vn 0.000000 1.000000 0.000000
vn 0.000000 1.000000 0.000000
vn 0.000000 1.000000 0.000000
vn 0.000000 1.000000 0.000000
vn 0.000000 1.000000 0.000000
vn 0.000000 1.000000 0.000000
vn 0.000000 1.000000 0.000000
vn 0.000000 1.000000 0.000000
vn 0.000000 1.000000 0.000000
vn 0.000000 1.000000 0.000000
vn 0.000000 1.000000 0.000000
vn 0.000000 1.000000 0.000000
vn 0.000000 1.000000 0.000000
vn 0.000000 1.000000 0.000000
vn 0.000000 1.000000 0.000000
vn 0.000000 1.000000 0.000000
vn 0.000000 1.000000 0.000000
vn 0.000000 1.000000 0.000000
vn 0.000000 1.000000 0.000000
vn 0.000000 1.000000 0.000000
vn 0.000000 1.000000 0.000000
vn 0.000000 1.000000 0.000000
vn 0.000000 1.000000 0.000000
vn 0.000000 1.000000 0.000000
vn 0.000000 1.000000 0.000000
vn 0.000000 1.000000 0.000000
vn 0.000000 1.000000 0.000000
vn 0.000000 1.000000 0.000000
vn 0.000000 1.000000 0.000000
vn 0.000000 1.000000 0.000000
vn 0.000000 1.000000 0.000000
vn 0.000000 1.000000 0.000000
vn 0.000000 1.000000 0.000000
vn 0.000000 1.000000 0.000000
vn 0.000000 1.000000 0.000000
vn 0.000000 1.000000 0.000000
vn 0.000000 1.000000 0.000000
vn 0.000000 1.000000 0.000000
vn 0.000000 1.000000 0.000000
vn 0.000000 1.000000 0.000000
vn 0.000000 1.000000 0.000000
vn 0.000000 1.000000 0.000000
vn 0.000000 1.000000 0.000000
vn 0.000000 1.000000 0.000000
vn 0.000000 1.000000 0.000000
vn 0.000000 1.000000 0.000000
vn 0.000000 1.000000 0.000000
vn 0.000000 1.000000 0.000000
vn 0.000000 1.000000 0.000000
vn 0.000000 1.000000 0.000000
vn 0.000000 1.000000 0.000000
vn 0.000000 1.000000 0.000000
vn 0.000000 1.000000 0.000000
vn 0.000000 1.000000 0.000000
vn 0.000000 1.000000 0.000000
vn 0.000000 1.000000 0.000000
vn 0.000000 1.000000 0.000000
vn 0.000000 1.000000 0.000000
vn 0.000000 1.000000 0.000000
vn 0.000000 1.000000 0.000000
vn 0.000000 1.000000 0.000000
vn 0.000000 1.000000 0.000000
vn 0.000000 1.000000 0.000000
vn 0.000000 1.000000 0.000000
vn 0.000000 1.000000 0.000000
vn 0.000000 1.000000 0.000000
vn 0.000000 1.000000 0.000000
vn 0.000000 1.000000 0.000000
vn 0.000000 1.000000 0.000000
vn 0.000000 1.000000 0.000000
vn 0.000000 1.000000 0.000000
vn 0.000000 1.000000 0.000000
vn 0.000000 1.000000 0.000000
vn 0.000000 1.000000 0.000000
vn 0.000000 1.000000 0.000000
vn 0.000000 1.000000 0.000000
vn 0.000000 1.000000 0.000000
vn 0.000000 1.000000 0.000000
vn 0.000000 1.000000 0.000000
vn 0.000000 1.000000 0.000000
vn 0.000000 1.000000 0.000000
vn 0.000000 1.000000 0.000000
vn 0.000000 1.000000 0.000000
vn 0.000000 1.000000 0.000000
vn 0.000000 1.000000 0.000000
vn 0.000000 1.000000 0.000000
vn 0.000000 1.000000 0.000000
vn 0.000000 1.000000 0.000000
vn 0.000000 1.000000 0.000000
vn 0.000000 1.000000 0.000000
vn 0.000000 1.000000 0.000000
vn 0.000000 1.000000 0.000000
vn 0.000000 1.000000 0.000000
vn 0.000000 1.000000 0.000000
vn 0.000000 1.000000 0.000000
vn 0.000000 1.000000 0.000000
vn 0.000000 1.000000 0.000000
vn 0.000000 1.000000 0.000000
vn 0.000000 1.000000 0.000000
vn 0.000000 1.000000 0.000000
vn 0.000000 1.000000 0.000000
vn 0.000000 1.000000 0.000000
vn 0.000000 1.000000 0.000000
vn 0.000000 1.000000 0.000000
vn 0.000000 1.000000 0.000000
vn 0.000000 1.000000 0.000000
vn 0.000000 1.000000 0.000000
vn 0.000000 1.000000 0.000000
vn 0.000000 1.000000 0.000000
vn 0.000000 1.000000 0.000000
vn 0.000000 1.000000 0.000000
vn 0.000000 1.000000 0.000000
vn 0.000000 1.000000 0.000000
vn 0.000000 1.000000 0.000000
vn 0.000000 1.000000 0.000000
vn 0.000000 1.000000 0.000000
vn 0.000000 1.000000 0.000000
vn 0.000000 1.000000 0.000000
vn 0.000000 1.000000 0.000000
vn 0.000000 1.000000 0.000000
vn 0.000000 1.000000 0.000000
vn 0.000000 1.000000 0.000000
vn 0.000000 1.000000 0.000000
vn 0.000000 1.000000 0.000000
vn 0.000000 1.000000 0.000000
vn 0.000000 1.000000 0.000000
vn 0.000000 1.000000 0.000000
vn 0.000000 1.000000 0.000000
vn 0.000000 1.000000 0.000000
vn 0.000000 1.000000 0.000000
vn 0.000000 1.000000 0.000000
vn 0.000000 1.000000 0.000000
vn 0.000000 1.000000 0.000000
vn 0.000000 1.000000 0.000000
vn 0.000000 1.000000 0.000000
vn 0.000000 1.000000 0.000000
vn 0.000000 1.000000 0.000000
vn 0.000000 1.000000 0.000000
vn 0.000000 1.000000 0.000000
vn 0.000000 1.000000 0.000000
vn 0.000000 1.000000 0.000000
vn 0.000000 1.000000 0.000000
vn 0.000000 1.000000 0.000000
vn 0.000000 1.000000 0.000000
vn 0.000000 1.000000 0.000000
vn 0.000000 1.000000 0.000000
vn 0.000000 1.000000 0.000000
vn 0.000000 1.000000 0.000000
vn 0.000000 1.000000 0.000000
vn 0.000000 1.000000 0.000000
vn 0.000000 1.000000 0.000000
vn 0.000000 1.000000 0.000000
vn 0.000000 1.000000 0.000000
vn 0.000000 1.000000 0.000000
vn 0.000000 1.000000 0.000000
vn 0.000000 1.000000 0.000000
vn 0.000000 1.000000 0.000000
vn 0.000000 1.000000 0.000000
vn 0.000000 1.000000 0.000000
vn 0.000000 1.000000 0.000000
vn 0.000000 1.000000 0.000000
vn 0.000000 1.000000 0.000000
vn 0.000000 1.000000 0.000000
vn 0.000000 1.000000 0.000000
vn 0.000000 1.000000 0.000000
vn 0.000000 1.000000 0.000000
vn 0.000000 1.000000 0.000000
vn 0.000000 1.000000 0.000000
vn 0.000000 1.000000 0.000000
vn 0.000000 1.000000 0.000000
vn 0.000000 1.000000 0.000000
vn 0.000000 1.000000 0.000000
vn 0.000000 1.000000 0.000000
vn 0.000000 1.000000 0.000000
vn 0.000000 1.000000 0.000000
vn 0.000000 1.000000 0.000000
vn 0.000000 1.000000 0.000000
vn 0.000000 1.000000 0.000000
vn 0.000000 1.000000 0.000000
vn 0.000000 1.000000 0.000000
vn 0.000000 1.000000 0.000000
vn 0.000000 1.000000 0.000000
vn 0.000000 1.000000 0.000000
vn 0.000000 1.000000 0.000000
vn 0.000000 1.000000 0.000000
vn 0.000000 1.000000 0.000000
vn 0.000000 1.000000 0.000000
vn 0.000000 1.000000 0.000000
vn 0.000000 1.000000 0.000000
vn 0.000000 1.000000 0.000000
vn 0.000000 1.000000 0.000000
vn 0.000000 1.000000 0.000000
vn 0.000000 1.000000 0.000000
vn 0.000000 1.000000 0.000000
vn 0.000000 1.000000 0.000000
vn 0.000000 1.000000 0.000000
vn 0.000000 1.000000 0.000000
vn 0.000000 1.000000 0.000000
vn 0.000000 1.000000 0.000000
vn 0.000000 1.000000 0.000000
vn 0.000000 1.000000 0.000000
vn 0.000000 1.000000 0.000000
vn 0.000000 1.000000 0.000000
vn 0.000000 1.000000 0.000000
vn 0.000000 1.000000 0.000000
vn 0.000000 1.000000 0.000000
vn 0.000000 1.000000 0.000000
vn 0.000000 1.000000 0.000000
vn 0.000000 1.000000 0.000000
vn 0.000000 1.000000 0.000000
vn 0.000000 1.000000 0.000000
vn 0.000000 1.000000 0.000000
vn 0.000000 1.000000 0.000000
vn 0.000000 1.000000 0.000000
vn 0.000000 1.000000 0.000000
vn 0.000000 1.000000 0.000000
vn 0.000000 1.000000 0.000000
vn 0.000000 1.000000 0.000000
vn 0.000000 1.000000 0.000000
vn 0.000000 1.000000 0.000000
vn 0.000000 1.000000 0.000000
vn 0.000000 1.000000 0.000000
vn 0.000000 1.000000 0.000000
vn 0.000000 1.000000 0.000000
vn 0.000000 1.000000 0.000000
vn 0.000000 1.000000 0.000000
vn 0.000000 1.000000 0.000000
vn 0.000000 1.000000 0.000000
vn 0.000000 1.000000 0.000000
vn 0.000000 1.000000 0.000000
vn 0.000000 1.000000 0.000000
vn 0.000000 1.000000 0.000000
vn 0.000000 1.000000 0.000000
vn 0.000000 1.000000 0.000000
vn 0.000000 1.000000 0.000000
vn 0.000000 1.000000 0.000000
vn 0.000000 1.000000 0.000000
vn 0.000000 1.000000 0.000000
vn 0.000000 1.000000 0.000000
vn 0.000000 1.000000 0.000000
vn 0.000000 1.000000 0.000000
vn 0.000000 1.000000 0.000000
vn 0.000000 1.000000 0.000000
vn 0.000000 1.000000 0.000000
vn 0.000000 1.000000 0.000000
vn 0.000000 1.000000 0.000000
vn 0.000000 1.000000 0.000000
vn 0.000000 1.000000 0.000000
vn 0.000000 1.000000 0.000000
vn 0.000000 1.000000 0.000000
vn 0.000000 1.000000 0.000000
vn 0.000000 1.000000 0.000000
vn 0.000000 1.000000 0.000000
vn 0.000000 1.000000 0.000000
vn 0.000000 1.000000 0.000000
vn 0.000000 1.000000 0.000000
vn 0.000000 1.000000 0.000000
vn 0.000000 1.000000 0.000000
vn 0.000000 1.000000 0.000000
vn 0.000000 1.000000 0.000000
vn 0.000000 1.000000 0.000000
vn 0.000000 1.000000 0.000000
vn 0.000000 1.000000 0.000000
vn 0.000000 1.000000 0.000000
vn 0.000000 1.000000 0.000000
vn 0.000000 1.000000 0.000000
vn 0.000000 1.000000 0.000000
vn 0.000000 1.000000 0.000000
vn 0.000000 1.000000 0.000000
vn 0.000000 1.000000 0.000000
vn 0.000000 1.000000 0.000000
vn 0.000000 1.000000 0.000000
vn 0.000000 1.000000 0.000000
vn 0.000000 1.000000 0.000000
vn 0.000000 1.000000 0.000000
vn 0.000000 1.000000 0.000000
vn 0.000000 1.000000 0.000000
vn 0.000000 1.000000 0.000000
vn 0.000000 1.000000 0.000000
vn 0.000000 1.000000 0.000000
vn 0.000000 1.000000 0.000000
vn 0.000000 1.000000 0.000000
vn 0.000000 1.000000 0.000000
vn 0.000000 1.000000 0.000000
vn 0.000000 1.000000 0.000000
vn 0.000000 1.000000 0.000000
vn 0.000000 1.000000 0.000000
vn 0.000000 1.000000 0.000000
vn 0.000000 1.000000 0.000000
vn 0.000000 1.000000 0.000000
vn 0.000000 1.000000 0.000000
vn 0.000000 1.000000 0.000000
vn 0.000000 1.000000 0.000000
vn 0.000000 1.000000 0.000000
vn 0.000000 1.000000 0.000000
vn 0.000000 1.000000 0.000000
vn 0.000000 1.000000 0.000000
vn 0.000000 1.000000 0.000000
vn 0.000000 1.000000 0.000000
vn 0.000000 1.000000 0.000000
vn 0.000000 1.000000 0.000000
vn 0.000000 1.000000 0.000000
vn 0.000000 1.000000 0.000000
vn 0.000000 1.000000 0.000000
vn 0.000000 1.000000 0.000000
vn 0.000000 1.000000 0.000000
vn 0.000000 1.000000 0.000000
vn 0.000000 1.000000 0.000000
vn 0.000000 1.000000 0.000000
vn 0.000000 1.000000 0.000000
vn 0.000000 1.000000 0.000000
vn 0.000000 1.000000 0.000000
vn 0.000000 1.000000 0.000000
vn 0.000000 1.000000 0.000000
vn 0.000000 1.000000 0.000000
vn 0.000000 1.000000 0.000000
vn 0.000000 1.000000 0.000000
vn 0.000000 1.000000 0.000000
vn 0.000000 1.000000 0.000000
vn 0.000000 1.000000 0.000000
vn 0.000000 1.000000 0.000000
vn 0.000000 1.000000 0.000000
vn 0.000000 1.000000 0.000000
vn 0.000000 1.000000 0.000000
vn 0.000000 1.000000 0.000000
vn 0.000000 1.000000 0.000000
vn 0.000000 1.000000 0.000000
vn 0.000000 1.000000 0.000000
vn 0.000000 1.000000 0.000000
vn 0.000000 1.000000 0.000000
vn 0.000000 1.000000 0.000000
vn 0.000000 1.000000 0.000000
vn 0.000000 1.000000 0.000000
vn 0.000000 1.000000 0.000000
vn 0.000000 1.000000 0.000000
vn 0.000000 1.000000 0.000000
vn 0.000000 1.000000 0.000000
vn 0.000000 1.000000 0.000000
vn 0.000000 1.000000 0.000000
vn 0.000000 1.000000 0.000000
vn 0.000000 1.000000 0.000000
vn 0.000000 1.000000 0.000000
vn 0.000000 1.000000 0.000000
vn 0.000000 1.000000 0.000000
vn 0.000000 1.000000 0.000000
vn 0.000000 1.000000 0.000000
vn 0.000000 1.000000 0.000000
vn 0.000000 1.000000 0.000000
vn 0.000000 1.000000 0.000000
vn 0.000000 1.000000 0.000000
vn 0.000000 1.000000 0.000000
vn 0.000000 1.000000 0.000000
vn 0.000000 1.000000 0.000000
vn 0.000000 1.000000 0.000000
vn 0.000000 1.000000 0.000000
vn 0.000000 1.000000 0.000000
vn 0.000000 1.000000 0.000000
vn 0.000000 1.000000 0.000000
vn 0.000000 1.000000 0.000000
vn 0.000000 1.000000 0.000000
vn 0.000000 1.000000 0.000000
vn 0.000000 1.000000 0.000000
vn 0.000000 1.000000 0.000000
vn 0.000000 1.000000 0.000000
vn 0.000000 1.000000 0.000000
vn 0.000000 1.000000 0.000000
vn 0.000000 1.000000 0.000000
vn 0.000000 1.000000 0.000000
vn 0.000000 1.000000 0.000000
vn 0.000000 1.000000 0.000000
vn 0.000000 1.000000 0.000000
vn 0.000000 1.000000 0.000000
vn 0.000000 1.000000 0.000000
vn 0.000000 1.000000 0.000000
vn 0.000000 1.000000 0.000000
vn 0.000000 1.000000 0.000000
vn 0.000000 1.000000 0.000000
vn 0.000000 1.000000 0.000000
vn 0.000000 1.000000 0.000000
vn 0.000000 1.000000 0.000000
vn 0.000000 1.000000 0.000000
vn 0.000000 1.000000 0.000000
vn 0.000000 1.000000 0.000000
vn 0.000000 1.000000 0.000000
vn 0.000000 1.000000 0.000000
vn 0.000000 1.000000 0.000000
vn 0.000000 1.000000 0.000000
vn 0.000000 1.000000 0.000000
vn 0.000000 1.000000 0.000000
vn 0.000000 1.000000 0.000000
vn 0.000000 1.000000 0.000000
vn 0.000000 1.000000 0.000000
vn 0.000000 1.000000 0.000000
vn 0.000000 1.000000 0.000000
vn 0.000000 1.000000 0.000000
vn 0.000000 1.000000 0.000000
vn 0.000000 1.000000 0.000000
vn 0.000000 1.000000 0.000000
vn 0.000000 1.000000 0.000000
vn 0.000000 1.000000 0.000000
vn 0.000000 1.000000 0.000000
vn 0.000000 1.000000 0.000000
vn 0.000000 1.000000 0.000000
vn 0.000000 1.000000 0.000000
vn 0.000000 1.000000 0.000000
vn 0.000000 1.000000 0.000000
vn 0.000000 1.000000 0.000000
vn 0.000000 1.000000 0.000000
vn 0.000000 1.000000 0.000000
vn 0.000000 1.000000 0.000000
vn 0.000000 1.000000 0.000000
vn 0.000000 1.000000 0.000000
vn 0.000000 1.000000 0.000000
vn 0.000000 1.000000 0.000000
vn 0.000000 1.000000 0.000000
vn 0.000000 1.000000 0.000000
vn 0.000000 1.000000 0.000000
vn 0.000000 1.000000 0.000000
vn 0.000000 1.000000 0.000000
vn 0.000000 1.000000 0.000000
vn 0.000000 1.000000 0.000000
vn 0.000000 1.000000 0.000000
vn 0.000000 1.000000 0.000000
vn 0.000000 1.000000 0.000000
vn 0.000000 1.000000 0.000000
vn 0.000000 1.000000 0.000000
vn 0.000000 1.000000 0.000000
vn 0.000000 1.000000 0.000000
vn 0.000000 1.000000 0.000000
vn 0.000000 1.000000 0.000000
vn 0.000000 1.000000 0.000000
vn 0.000000 1.000000 0.000000
vn 0.000000 1.000000 0.000000
vn 0.000000 1.000000 0.000000
vn 0.000000 1.000000 0.000000
vn 0.000000 1.000000 0.000000
vn 0.000000 1.000000 0.000000
vn 0.000000 1.000000 0.000000
vn 0.000000 1.000000 0.000000
vn 0.000000 1.000000 0.000000
vn 0.000000 1.000000 0.000000
vn 0.000000 1.000000 0.000000
vn 0.000000 1.000000 0.000000
vn 0.000000 1.000000 0.000000
vn 0.000000 1.000000 0.000000
vn 0.000000 1.000000 0.000000
vn 0.000000 1.000000 0.000000
vn 0.000000 1.000000 0.000000
vn 0.000000 1.000000 0.000000
vn 0.000000 1.000000 0.000000
vn 0.000000 1.000000 0.000000
vn 0.000000 1.000000 0.000000
vn 0.000000 1.000000 0.000000
vn 0.000000 1.000000 0.000000
vn 0.000000 1.000000 0.000000
vn 0.000000 1.000000 0.000000
vn 0.000000 1.000000 0.000000
vn 0.000000 1.000000 0.000000
vn 0.000000 1.000000 0.000000
vn 0.000000 1.000000 0.000000
vn 0.000000 1.000000 0.000000
vn 0.000000 1.000000 0.000000
vn 0.000000 1.000000 0.000000
vn 0.000000 1.000000 0.000000
vn 0.000000 1.000000 0.000000
vn 0.000000 1.000000 0.000000
vn 0.000000 1.000000 0.000000
vn 0.000000 1.000000 0.000000
vn 0.000000 1.000000 0.000000
vn 0.000000 1.000000 0.000000
vn 0.000000 1.000000 0.000000
vn 0.000000 1.000000 0.000000
vn 0.000000 1.000000 0.000000
vn 0.000000 1.000000 0.000000
vn 0.000000 1.000000 0.000000
vn 0.000000 1.000000 0.000000
vn 0.000000 1.000000 0.000000
vn 0.000000 1.000000 0.000000
vn 0.000000 1.000000 0.000000
vn 0.000000 1.000000 0.000000
vn 0.000000 1.000000 0.000000
vn 0.000000 1.000000 0.000000
vn 0.000000 1.000000 0.000000
vn 0.000000 1.000000 0.000000
vn 0.000000 1.000000 0.000000
vn 0.000000 1.000000 0.000000
vn 0.000000 1.000000 0.000000
vn 0.000000 1.000000 0.000000
vn 0.000000 1.000000 0.000000
vn 0.000000 1.000000 0.000000
vn 0.000000 1.000000 0.000000
vn 0.000000 1.000000 0.000000
vn 0.000000 1.000000 0.000000
vn 0.000000 1.000000 0.000000
vn 0.000000 1.000000 0.000000
vn 0.000000 1.000000 0.000000
vn 0.000000 1.000000 0.000000
vn 0.000000 1.000000 0.000000
vn 0.000000 1.000000 0.000000
vn 0.000000 1.000000 0.000000
vn 0.000000 1.000000 0.000000
vn 0.000000 1.000000 0.000000
vn 0.000000 1.000000 0.000000
vn 0.000000 1.000000 0.000000
vn 0.000000 1.000000 0.000000
vn 0.000000 1.000000 0.000000
vn 0.000000 1.000000 0.000000
vn 0.000000 1.000000 0.000000
vn 0.000000 1.000000 0.000000
vn 0.000000 1.000000 0.000000
vn 0.000000 1.000000 0.000000
vn 0.000000 1.000000 0.000000
vn 0.000000 1.000000 0.000000
vn 0.000000 1.000000 0.000000
vn 0.000000 1.000000 0.000000
vn 0.000000 1.000000 0.000000
vn 0.000000 1.000000 0.000000
vn 0.000000 1.000000 0.000000
vn 0.000000 1.000000 0.000000
vn 0.000000 1.000000 0.000000
vn 0.000000 1.000000 0.000000
vn 0.000000 1.000000 0.000000
vn 0.000000 1.000000 0.000000
vn 0.000000 1.000000 0.000000
vn 0.000000 1.000000 0.000000
vn 0.000000 1.000000 0.000000
vn 0.000000 1.000000 0.000000
vn 0.000000 1.000000 0.000000
vn 0.000000 1.000000 0.000000
vn 0.000000 1.000000 0.000000
vn 0.000000 1.000000 0.000000
vn 0.000000 1.000000 0.000000
vn 0.000000 1.000000 0.000000
vn 0.000000 1.000000 0.000000
vn 0.000000 1.000000 0.000000
vn 0.000000 1.000000 0.000000
vn 0.000000 1.000000 0.000000
vn 0.000000 1.000000 0.000000
vn 0.000000 1.000000 0.000000
vn 0.000000 1.000000 0.000000
vn 0.000000 1.000000 0.000000
vn 0.000000 1.000000 0.000000
vn 0.000000 1.000000 0.000000
vn 0.000000 1.000000 0.000000
vn 0.000000 1.000000 0.000000
vn 0.000000 1.000000 0.000000
vn 0.000000 1.000000 0.000000
vn 0.000000 1.000000 0.000000
vn 0.000000 1.000000 0.000000
vn 0.000000 1.000000 0.000000
vn 0.000000 1.000000 0.000000
vn 0.000000 1.000000 0.000000
vn 0.000000 1.000000 0.000000
vn 0.000000 1.000000 0.000000
vn 0.000000 1.000000 0.000000
vn 0.000000 1.000000 0.000000
vn 0.000000 1.000000 0.000000
vn 0.000000 1.000000 0.000000
vn 0.000000 1.000000 0.000000
vn 0.000000 1.000000 0.000000
vn 0.000000 1.000000 0.000000
vn 0.000000 1.000000 0.000000
vn 0.000000 1.000000 0.000000
vn 0.000000 1.000000 0.000000
vn 0.000000 1.000000 0.000000
vn 0.000000 1.000000 0.000000
vn 0.000000 1.000000 0.000000
vn 0.000000 1.000000 0.000000
vn 0.000000 1.000000 0.000000
vn 0.000000 1.000000 0.000000
vn 0.000000 1.000000 0.000000
vn 0.000000 1.000000 0.000000
vn 0.000000 1.000000 0.000000
vn 0.000000 1.000000 0.000000
vn 0.000000 1.000000 0.000000
vn 0.000000 1.000000 0.000000
vn 0.000000 1.000000 0.000000
vn 0.000000 1.000000 0.000000
vn 0.000000 1.000000 0.000000
vn 0.000000 1.000000 0.000000
vn 0.000000 1.000000 0.000000
vn 0.000000 1.000000 0.000000
vn 0.000000 1.000000 0.000000
vn 0.000000 1.000000 0.000000
vn 0.000000 1.000000 0.000000
vn 0.000000 1.000000 0.000000
vn 0.000000 1.000000 0.000000
vn 0.000000 1.000000 0.000000
vn 0.000000 1.000000 0.000000
vn 0.000000 1.000000 0.000000
vn 0.000000 1.000000 0.000000
vn 0.000000 1.000000 0.000000
vn 0.000000 1.000000 0.000000
vn 0.000000 1.000000 0.000000
vn 0.000000 1.000000 0.000000
vn 0.000000 1.000000 0.000000
vn 0.000000 1.000000 0.000000
vn 0.000000 1.000000 0.000000
vn 0.000000 1.000000 0.000000
vn 0.000000 1.000000 0.000000
vn 0.000000 1.000000 0.000000
vn 0.000000 1.000000 0.000000
vn 0.000000 1.000000 0.000000
vn 0.000000 1.000000 0.000000
vn 0.000000 1.000000 0.000000
vn 0.000000 1.000000 0.000000
vn 0.000000 1.000000 0.000000
vn 0.000000 1.000000 0.000000
vn 0.000000 1.000000 0.000000
vn 0.000000 1.000000 0.000000
vn 0.000000 1.000000 0.000000
vn 0.000000 1.000000 0.000000
vn 0.000000 1.000000 0.000000
vn 0.000000 1.000000 0.000000
vn 0.000000 1.000000 0.000000
vn 0.000000 1.000000 0.000000
vn 0.000000 1.000000 0.000000
vn 0.000000 1.000000 0.000000
vn 0.000000 1.000000 0.000000
vn 0.000000 1.000000 0.000000
vn 0.000000 1.000000 0.000000
vn 0.000000 1.000000 0.000000
vn 0.000000 1.000000 0.000000
vn 0.000000 1.000000 0.000000
vn 0.000000 1.000000 0.000000
vn 0.000000 1.000000 0.000000
vn 0.000000 1.000000 0.000000
vn 0.000000 1.000000 0.000000
vn 0.000000 1.000000 0.000000
vn 0.000000 1.000000 0.000000
vn 0.000000 1.000000 0.000000
vn 0.000000 1.000000 0.000000
vn 0.000000 1.000000 0.000000
vn 0.000000 1.000000 0.000000
vn 0.000000 1.000000 0.000000
vn 0.000000 1.000000 0.000000
vn 0.000000 1.000000 0.000000
vn 0.000000 1.000000 0.000000
vn 0.000000 1.000000 0.000000
vn 0.000000 1.000000 0.000000
vn 0.000000 1.000000 0.000000
vn 0.000000 1.000000 0.000000
vn 0.000000 1.000000 0.000000
vn 0.000000 1.000000 0.000000
vn 0.000000 1.000000 0.000000
vn 0.000000 1.000000 0.000000
vn 0.000000 1.000000 0.000000
vn 0.000000 1.000000 0.000000
vn 0.000000 1.000000 0.000000
vn 0.000000 1.000000 0.000000
vn 0.000000 1.000000 0.000000
vn 0.000000 1.000000 0.000000
vn 0.000000 1.000000 0.000000
vn 0.000000 1.000000 0.000000
vn 0.000000 1.000000 0.000000
vn 0.000000 1.000000 0.000000
vn 0.000000 1.000000 0.000000
vn 0.000000 1.000000 0.000000
vn 0.000000 1.000000 0.000000
vn 0.000000 1.000000 0.000000
vn 0.000000 1.000000 0.000000
vn 0.000000 1.000000 0.000000
vn 0.000000 1.000000 0.000000
vn 0.000000 1.000000 0.000000
vn 0.000000 1.000000 0.000000
vn 0.000000 1.000000 0.000000
vn 0.000000 1.000000 0.000000
vn 0.000000 1.000000 0.000000
vn 0.000000 1.000000 0.000000
vn 0.000000 1.000000 0.000000
vn 0.000000 1.000000 0.000000
vn 0.000000 1.000000 0.000000
vn 0.000000 1.000000 0.000000
vn 0.000000 1.000000 0.000000
vn 0.000000 1.000000 0.000000
vn 0.000000 1.000000 0.000000
vn 0.000000 1.000000 0.000000
vn 0.000000 1.000000 0.000000
vn 0.000000 1.000000 0.000000
vn 0.000000 1.000000 0.000000
vn 0.000000 1.000000 0.000000
vn 0.000000 1.000000 0.000000
vn 0.000000 1.000000 0.000000
vn 0.000000 1.000000 0.000000
vn 0.000000 1.000000 0.000000
vn 0.000000 1.000000 0.000000
vn 0.000000 1.000000 0.000000
vn 0.000000 1.000000 0.000000
vn 0.000000 1.000000 0.000000
vn 0.000000 1.000000 0.000000
vn 0.000000 1.000000 0.000000
vn 0.000000 1.000000 0.000000
vn 0.000000 1.000000 0.000000
vn 0.000000 1.000000 0.000000
vn 0.000000 1.000000 0.000000
vn 0.000000 1.000000 0.000000
vn 0.000000 1.000000 0.000000
vn 0.000000 1.000000 0.000000
vn 0.000000 1.000000 0.000000
vn 0.000000 1.000000 0.000000
vn 0.000000 1.000000 0.000000
vn 0.000000 1.000000 0.000000
vn 0.000000 1.000000 0.000000
vn 0.000000 1.000000 0.000000
vn 0.000000 1.000000 0.000000
vn 0.000000 1.000000 0.000000
vn 0.000000 1.000000 0.000000
vn 0.000000 1.000000 0.000000
vn 0.000000 1.000000 0.000000
vn 0.000000 1.000000 0.000000
vn 0.000000 1.000000 0.000000
vn 0.000000 1.000000 0.000000
vn 0.000000 1.000000 0.000000
vn 0.000000 1.000000 0.000000
vn 0.000000 1.000000 0.000000
vn 0.000000 1.000000 0.000000
vn 0.000000 1.000000 0.000000
vn 0.000000 1.000000 0.000000
vn 0.000000 1.000000 0.000000
vn 0.000000 1.000000 0.000000
vn 0.000000 1.000000 0.000000
vn 0.000000 1.000000 0.000000
vn 0.000000 1.000000 0.000000
vn 0.000000 1.000000 0.000000
vn 0.000000 1.000000 0.000000
vn 0.000000 1.000000 0.000000
vn 0.000000 1.000000 0.000000
vn 0.000000 1.000000 0.000000
vn 0.000000 1.000000 0.000000
vn 0.000000 1.000000 0.000000
vn 0.000000 1.000000 0.000000
vn 0.000000 1.000000 0.000000
vn 0.000000 1.000000 0.000000
vn 0.000000 1.000000 0.000000
vn 0.000000 1.000000 0.000000
vn 0.000000 1.000000 0.000000
vn 0.000000 1.000000 0.000000
vn 0.000000 1.000000 0.000000
vn 0.000000 1.000000 0.000000
vn 0.000000 1.000000 0.000000
vn 0.000000 1.000000 0.000000
vn 0.000000 1.000000 0.000000
vn 0.000000 1.000000 0.000000
vn 0.000000 1.000000 0.000000
vn 0.000000 1.000000 0.000000
vn 0.000000 1.000000 0.000000
vn 0.000000 1.000000 0.000000
vn 0.000000 1.000000 0.000000
vn 0.000000 1.000000 0.000000
vn 0.000000 1.000000 0.000000
vn 0.000000 1.000000 0.000000
vn 0.000000 1.000000 0.000000
vn 0.000000 1.000000 0.000000
vn 0.000000 1.000000 0.000000
vn 0.000000 1.000000 0.000000
vn 0.000000 1.000000 0.000000
vn 0.000000 1.000000 0.000000
vn 0.000000 1.000000 0.000000
vn 0.000000 1.000000 0.000000
vn 0.000000 1.000000 0.000000
vn 0.000000 1.000000 0.000000
vn 0.000000 1.000000 0.000000
vn 0.000000 1.000000 0.000000
vn 0.000000 1.000000 0.000000
vn 0.000000 1.000000 0.000000
vn 0.000000 1.000000 0.000000
vn 0.000000 1.000000 0.000000
vn 0.000000 1.000000 0.000000
vn 0.000000 1.000000 0.000000
vn 0.000000 1.000000 0.000000
vn 0.000000 1.000000 0.000000
vn 0.000000 1.000000 0.000000
vn 0.000000 1.000000 0.000000
vn 0.000000 1.000000 0.000000
vn 0.000000 1.000000 0.000000
vn 0.000000 1.000000 0.000000
vn 0.000000 1.000000 0.000000
vn 0.000000 1.000000 0.000000
vn 0.000000 1.000000 0.000000
vn 0.000000 1.000000 0.000000
vn 0.000000 1.000000 0.000000
vn 0.000000 1.000000 0.000000
vn 0.000000 1.000000 0.000000
vn 0.000000 1.000000 0.000000
vn 0.000000 1.000000 0.000000
vn 0.000000 1.000000 0.000000
vn 0.000000 1.000000 0.000000
vn 0.000000 1.000000 0.000000
vn 0.000000 1.000000 0.000000
vn 0.000000 1.000000 0.000000
vn 0.000000 1.000000 0.000000
vn 0.000000 1.000000 0.000000
vn 0.000000 1.000000 0.000000
vn 0.000000 1.000000 0.000000
vn 0.000000 1.000000 0.000000
vn 0.000000 1.000000 0.000000
vn 0.000000 1.000000 0.000000
vn 0.000000 1.000000 0.000000
vn 0.000000 1.000000 0.000000
vn 0.000000 1.000000 0.000000
vn 0.000000 1.000000 0.000000
vn 0.000000 1.000000 0.000000
vn 0.000000 1.000000 0.000000
vn 0.000000 1.000000 0.000000
vn 0.000000 1.000000 0.000000
vn 0.000000 1.000000 0.000000
vn 0.000000 1.000000 0.000000
vn 0.000000 1.000000 0.000000
vn 0.000000 1.000000 0.000000
vn 0.000000 1.000000 0.000000
vn 0.000000 1.000000 0.000000
vn 0.000000 1.000000 0.000000
vn 0.000000 1.000000 0.000000
vn 0.000000 1.000000 0.000000
vn 0.000000 1.000000 0.000000
vn 0.000000 1.000000 0.000000
vn 0.000000 1.000000 0.000000
vn 0.000000 1.000000 0.000000
vn 0.000000 1.000000 0.000000
vn 0.000000 1.000000 0.000000
vn 0.000000 1.000000 0.000000
vn 0.000000 1.000000 0.000000
vn 0.000000 1.000000 0.000000
vn 0.000000 1.000000 0.000000
vn 0.000000 1.000000 0.000000
vn 0.000000 1.000000 0.000000
vn 0.000000 1.000000 0.000000
vn 0.000000 1.000000 0.000000
vn 0.000000 1.000000 0.000000
vn 0.000000 1.000000 0.000000
vn 0.000000 1.000000 0.000000
vn 0.000000 1.000000 0.000000
vn 0.000000 1.000000 0.000000
vn 0.000000 1.000000 0.000000
vn 0.000000 1.000000 0.000000
vn 0.000000 1.000000 0.000000
vn 0.000000 1.000000 0.000000
vn 0.000000 1.000000 0.000000
vn 0.000000 1.000000 0.000000
vn 0.000000 1.000000 0.000000
vn 0.000000 1.000000 0.000000
vn 0.000000 1.000000 0.000000
vn 0.000000 1.000000 0.000000
vn 0.000000 1.000000 0.000000
vn 0.000000 1.000000 0.000000
vn 0.000000 1.000000 0.000000
vn 0.000000 1.000000 0.000000
vn 0.000000 1.000000 0.000000
vn 0.000000 1.000000 0.000000
vn 0.000000 1.000000 0.000000
vn 0.000000 1.000000 0.000000
vn 0.000000 1.000000 0.000000
vn 0.000000 1.000000 0.000000
vn 0.000000 1.000000 0.000000
vn 0.000000 1.000000 0.000000
vn 0.000000 1.000000 0.000000
vn 0.000000 1.000000 0.000000
vn 0.000000 1.000000 0.000000
vn 0.000000 1.000000 0.000000
vn 0.000000 1.000000 0.000000
vn 0.000000 1.000000 0.000000
vn 0.000000 1.000000 0.000000
vn 0.000000 1.000000 0.000000
vn 0.000000 1.000000 0.000000
vn 0.000000 1.000000 0.000000
vn 0.000000 1.000000 0.000000
vn 0.000000 1.000000 0.000000
vn 0.000000 1.000000 0.000000
vn 0.000000 1.000000 0.000000
vn 0.000000 1.000000 0.000000
vn 0.000000 1.000000 0.000000
vn 0.000000 1.000000 0.000000
vn 0.000000 1.000000 0.000000
vn 0.000000 1.000000 0.000000
vn 0.000000 1.000000 0.000000
vn 0.000000 1.000000 0.000000
vn 0.000000 1.000000 0.000000
vn 0.000000 1.000000 0.000000
vn 0.000000 1.000000 0.000000
vn 0.000000 1.000000 0.000000
vn 0.000000 1.000000 0.000000
vn 0.000000 1.000000 0.000000
vn 0.000000 1.000000 0.000000
vn 0.000000 1.000000 0.000000
vn 0.000000 1.000000 0.000000
vn 0.000000 1.000000 0.000000
vn 0.000000 1.000000 0.000000
vn 0.000000 1.000000 0.000000
vn 0.000000 1.000000 0.000000
vn 0.000000 1.000000 0.000000
vn 0.000000 1.000000 0.000000
vn 0.000000 1.000000 0.000000
vn 0.000000 1.000000 0.000000
vn 0.000000 1.000000 0.000000
vn 0.000000 1.000000 0.000000
vn 0.000000 1.000000 0.000000
vn 0.000000 1.000000 0.000000
vn 0.000000 1.000000 0.000000
vn 0.000000 1.000000 0.000000
vn 0.000000 1.000000 0.000000
vn 0.000000 1.000000 0.000000
vn 0.000000 1.000000 0.000000
vn 0.000000 1.000000 0.000000
vn 0.000000 1.000000 0.000000
vn 0.000000 1.000000 0.000000
vn 0.000000 1.000000 0.000000
vn 0.000000 1.000000 0.000000
vn 0.000000 1.000000 0.000000
vn 0.000000 1.000000 0.000000
vn 0.000000 1.000000 0.000000
vn 0.000000 1.000000 0.000000
vn 0.000000 1.000000 0.000000
vn 0.000000 1.000000 0.000000
vn 0.000000 1.000000 0.000000
vn 0.000000 1.000000 0.000000
vn 0.000000 1.000000 0.000000
vn 0.000000 1.000000 0.000000
vn 0.000000 1.000000 0.000000
vn 0.000000 1.000000 0.000000
vn 0.000000 1.000000 0.000000
vn 0.000000 1.000000 0.000000
vn 0.000000 1.000000 0.000000
vn 0.000000 1.000000 0.000000
vn 0.000000 1.000000 0.000000
vn 0.000000 1.000000 0.000000
vn 0.000000 1.000000 0.000000
vn 0.000000 1.000000 0.000000
vn 0.000000 1.000000 0.000000
vn 0.000000 1.000000 0.000000
vn 0.000000 1.000000 0.000000
vn 0.000000 1.000000 0.000000
vn 0.000000 1.000000 0.000000
vn 0.000000 1.000000 0.000000
vn 0.000000 1.000000 0.000000
vn 0.000000 1.000000 0.000000
vn 0.000000 1.000000 0.000000
vn 0.000000 1.000000 0.000000
vn 0.000000 1.000000 0.000000
vn 0.000000 1.000000 0.000000
vn 0.000000 1.000000 0.000000
vn 0.000000 1.000000 0.000000
vn 0.000000 1.000000 0.000000
vn 0.000000 1.000000 0.000000
vn 0.000000 1.000000 0.000000
vn 0.000000 1.000000 0.000000
vn 0.000000 1.000000 0.000000
vn 0.000000 1.000000 0.000000
vn 0.000000 1.000000 0.000000
vn 0.000000 1.000000 0.000000
vn 0.000000 1.000000 0.000000
vn 0.000000 1.000000 0.000000
vn 0.000000 1.000000 0.000000
vn 0.000000 1.000000 0.000000
vn 0.000000 1.000000 0.000000
vn 0.000000 1.000000 0.000000
vn 0.000000 1.000000 0.000000
vn 0.000000 1.000000 0.000000
vn 0.000000 1.000000 0.000000
vn 0.000000 1.000000 0.000000
vn 0.000000 1.000000 0.000000
vn 0.000000 1.000000 0.000000
vn 0.000000 1.000000 0.000000
vn 0.000000 1.000000 0.000000
vn 0.000000 1.000000 0.000000
vn 0.000000 1.000000 0.000000
vn 0.000000 1.000000 0.000000
vn 0.000000 1.000000 0.000000
vn 0.000000 1.000000 0.000000
vn 0.000000 1.000000 0.000000
vn 0.000000 1.000000 0.000000
vn 0.000000 1.000000 0.000000
vn 0.000000 1.000000 0.000000
vn 0.000000 1.000000 0.000000
vn 0.000000 1.000000 0.000000
vn 0.000000 1.000000 0.000000
vn 0.000000 1.000000 0.000000
vn 0.000000 1.000000 0.000000
vn 0.000000 1.000000 0.000000
vn 0.000000 1.000000 0.000000
vn 0.000000 1.000000 0.000000
vn 0.000000 1.000000 0.000000
vn 0.000000 1.000000 0.000000
vn 0.000000 1.000000 0.000000
vn 0.000000 1.000000 0.000000
vn 0.000000 1.000000 0.000000
vn 0.000000 1.000000 0.000000
vn 0.000000 1.000000 0.000000
vn 0.000000 1.000000 0.000000
vn 0.000000 1.000000 0.000000
vn 0.000000 1.000000 0.000000
vn 0.000000 1.000000 0.000000
vn 0.000000 1.000000 0.000000
vn 0.000000 1.000000 0.000000
vn 0.000000 1.000000 0.000000
vn 0.000000 1.000000 0.000000
vn 0.000000 1.000000 0.000000
vn 0.000000 1.000000 0.000000
vn 0.000000 1.000000 0.000000
vn 0.000000 1.000000 0.000000
vn 0.000000 1.000000 0.000000
vn 0.000000 1.000000 0.000000
vn 0.000000 1.000000 0.000000
vn 0.000000 1.000000 0.000000
vn 0.000000 1.000000 0.000000
vn 0.000000 1.000000 0.000000
vn 0.000000 1.000000 0.000000
vn 0.000000 1.000000 0.000000
vn 0.000000 1.000000 0.000000
vn 0.000000 1.000000 0.000000
vn 0.000000 1.000000 0.000000
vn 0.000000 1.000000 0.000000
vn 0.000000 1.000000 0.000000
vn 0.000000 1.000000 0.000000
vn 0.000000 1.000000 0.000000
vn 0.000000 1.000000 0.000000
vn 0.000000 1.000000 0.000000
vn 0.000000 1.000000 0.000000
vn 0.000000 1.000000 0.000000
vn 0.000000 1.000000 0.000000
vn 0.000000 1.000000 0.000000
vn 0.000000 1.000000 0.000000
vn 0.000000 1.000000 0.000000
vn 0.000000 1.000000 0.000000
vn 0.000000 1.000000 0.000000
vn 0.000000 1.000000 0.000000
vn 0.000000 1.000000 0.000000
vn 0.000000 1.000000 0.000000
vn 0.000000 1.000000 0.000000
vn 0.000000 1.000000 0.000000
vn 0.000000 1.000000 0.000000
vn 0.000000 1.000000 0.000000
vn 0.000000 1.000000 0.000000
vn 0.000000 1.000000 0.000000
vn 0.000000 1.000000 0.000000
vn 0.000000 1.000000 0.000000
vn 0.000000 1.000000 0.000000
vn 0.000000 1.000000 0.000000
vn 0.000000 1.000000 0.000000
vn 0.000000 1.000000 0.000000
vn 0.000000 1.000000 0.000000
vn 0.000000 1.000000 0.000000
vn 0.000000 1.000000 0.000000
vn 0.000000 1.000000 0.000000
vn 0.000000 1.000000 0.000000
vn 0.000000 1.000000 0.000000
vn 0.000000 1.000000 0.000000
vn 0.000000 1.000000 0.000000
vn 0.000000 1.000000 0.000000
vn 0.000000 1.000000 0.000000
vn 0.000000 1.000000 0.000000
vn 0.000000 1.000000 0.000000
vn 0.000000 1.000000 0.000000
vn 0.000000 1.000000 0.000000
vn 0.000000 1.000000 0.000000
vn 0.000000 1.000000 0.000000
vn 0.000000 1.000000 0.000000
vn 0.000000 1.000000 0.000000
vn 0.000000 1.000000 0.000000
vn 0.000000 1.000000 0.000000
vn 0.000000 1.000000 0.000000
vn 0.000000 1.000000 0.000000
vn 0.000000 1.000000 0.000000
vn 0.000000 1.000000 0.000000
vn 0.000000 1.000000 0.000000
vn 0.000000 1.000000 0.000000
vn 0.000000 1.000000 0.000000
vn 0.000000 1.000000 0.000000
vn 0.000000 1.000000 0.000000
vn 0.000000 1.000000 0.000000
vn 0.000000 1.000000 0.000000
vn 0.000000 1.000000 0.000000
vn 0.000000 1.000000 0.000000
vn 0.000000 1.000000 0.000000
vn 0.000000 1.000000 0.000000
vn 0.000000 1.000000 0.000000
vn 0.000000 1.000000 0.000000
vn 0.000000 1.000000 0.000000
vn 0.000000 1.000000 0.000000
vn 0.000000 1.000000 0.000000
vn 0.000000 1.000000 0.000000
vn 0.000000 1.000000 0.000000
vn 0.000000 1.000000 0.000000
vn 0.000000 1.000000 0.000000
vn 0.000000 1.000000 0.000000
vn 0.000000 1.000000 0.000000
vn 0.000000 1.000000 0.000000
vn 0.000000 1.000000 0.000000
vn 0.000000 1.000000 0.000000
vn 0.000000 1.000000 0.000000
vn 0.000000 1.000000 0.000000
vn 0.000000 1.000000 0.000000
vn 0.000000 1.000000 0.000000
vn 0.000000 1.000000 0.000000
vn 0.000000 1.000000 0.000000
vn 0.000000 1.000000 0.000000
vn 0.000000 1.000000 0.000000
vn 0.000000 1.000000 0.000000
vn 0.000000 1.000000 0.000000
vn 0.000000 1.000000 0.000000
vn 0.000000 1.000000 0.000000
vn 0.000000 1.000000 0.000000
vn 0.000000 1.000000 0.000000
vn 0.000000 1.000000 0.000000
vn 0.000000 1.000000 0.000000
vn 0.000000 1.000000 0.000000
vn 0.000000 1.000000 0.000000
vn 0.000000 1.000000 0.000000
vn 0.000000 1.000000 0.000000
vn 0.000000 1.000000 0.000000
vn 0.000000 1.000000 0.000000
vn 0.000000 1.000000 0.000000
vn 0.000000 1.000000 0.000000
vn 0.000000 1.000000 0.000000
vn 0.000000 1.000000 0.000000
vn 0.000000 1.000000 0.000000
vn 0.000000 1.000000 0.000000
vn 0.000000 1.000000 0.000000
vn 0.000000 1.000000 0.000000
vn 0.000000 1.000000 0.000000
vn 0.000000 1.000000 0.000000
vn 0.000000 1.000000 0.000000
vn 0.000000 1.000000 0.000000
vn 0.000000 1.000000 0.000000
vn 0.000000 1.000000 0.000000
vn 0.000000 1.000000 0.000000
vn 0.000000 1.000000 0.000000
vn 0.000000 1.000000 0.000000
vn 0.000000 1.000000 0.000000
vn 0.000000 1.000000 0.000000
vn 0.000000 1.000000 0.000000
vn 0.000000 1.000000 0.000000
vn 0.000000 1.000000 0.000000
vn 0.000000 1.000000 0.000000
vn 0.000000 1.000000 0.000000
vn 0.000000 1.000000 0.000000
vn 0.000000 1.000000 0.000000
vn 0.000000 1.000000 0.000000
vn 0.000000 1.000000 0.000000
vn 0.000000 1.000000 0.000000
vn 0.000000 1.000000 0.000000
vn 0.000000 1.000000 0.000000
vn 0.000000 1.000000 0.000000
vn 0.000000 1.000000 0.000000
vn 0.000000 1.000000 0.000000
vn 0.000000 1.000000 0.000000
vn 0.000000 1.000000 0.000000
vn 0.000000 1.000000 0.000000
vn 0.000000 1.000000 0.000000
vn 0.000000 1.000000 0.000000
vn 0.000000 1.000000 0.000000
vn 0.000000 1.000000 0.000000
vn 0.000000 1.000000 0.000000
vn 0.000000 1.000000 0.000000
vn 0.000000 1.000000 0.000000
vn 0.000000 1.000000 0.000000
vn 0.000000 1.000000 0.000000
vn 0.000000 1.000000 0.000000
vn 0.000000 1.000000 0.000000
vn 0.000000 1.000000 0.000000
vn 0.000000 1.000000 0.000000
vn 0.000000 1.000000 0.000000
vn 0.000000 1.000000 0.000000
vn 0.000000 1.000000 0.000000
vn 0.000000 1.000000 0.000000
vn 0.000000 1.000000 0.000000
vn 0.000000 1.000000 0.000000
vn 0.000000 1.000000 0.000000
vn 0.000000 1.000000 0.000000
vn 0.000000 1.000000 0.000000
vn 0.000000 1.000000 0.000000
vn 0.000000 1.000000 0.000000
vn 0.000000 1.000000 0.000000
vn 0.000000 1.000000 0.000000
vn 0.000000 1.000000 0.000000
vn 0.000000 1.000000 0.000000
vn 0.000000 1.000000 0.000000
vn 0.000000 1.000000 0.000000
vn 0.000000 1.000000 0.000000
vn 0.000000 1.000000 0.000000
vn 0.000000 1.000000 0.000000
vn 0.000000 1.000000 0.000000
vn 0.000000 1.000000 0.000000
vn 0.000000 1.000000 0.000000
vn 0.000000 1.000000 0.000000
vn 0.000000 1.000000 0.000000
vn 0.000000 1.000000 0.000000
vn 0.000000 1.000000 0.000000
vn 0.000000 1.000000 0.000000
vn 0.000000 1.000000 0.000000
vn 0.000000 1.000000 0.000000
vn 0.000000 1.000000 0.000000
vn 0.000000 1.000000 0.000000
vn 0.000000 1.000000 0.000000
vn 0.000000 1.000000 0.000000
vn 0.000000 1.000000 0.000000
vn 0.000000 1.000000 0.000000
vn 0.000000 1.000000 0.000000
vn 0.000000 1.000000 0.000000
vn 0.000000 1.000000 0.000000
vn 0.000000 1.000000 0.000000
vn 0.000000 1.000000 0.000000
vn 0.000000 1.000000 0.000000
vn 0.000000 1.000000 0.000000
vn 0.000000 1.000000 0.000000
vn 0.000000 1.000000 0.000000
vn 0.000000 1.000000 0.000000
vn 0.000000 1.000000 0.000000
vn 0.000000 1.000000 0.000000
vn 0.000000 1.000000 0.000000
vn 0.000000 1.000000 0.000000
vn 0.000000 1.000000 0.000000
vn 0.000000 1.000000 0.000000
vn 0.000000 1.000000 0.000000
vn 0.000000 1.000000 0.000000
vn 0.000000 1.000000 0.000000
vn 0.000000 1.000000 0.000000
vn 0.000000 1.000000 0.000000
vn 0.000000 1.000000 0.000000
vn 0.000000 1.000000 0.000000
vn 0.000000 1.000000 0.000000
vn 0.000000 1.000000 0.000000
vn 0.000000 1.000000 0.000000
vn 0.000000 1.000000 0.000000
vn 0.000000 1.000000 0.000000
vn 0.000000 1.000000 0.000000
vn 0.000000 1.000000 0.000000
vn 0.000000 1.000000 0.000000
vn 0.000000 1.000000 0.000000
vn 0.000000 1.000000 0.000000
vn 0.000000 1.000000 0.000000
vn 0.000000 1.000000 0.000000
vn 0.000000 1.000000 0.000000
vn 0.000000 1.000000 0.000000
vn 0.000000 1.000000 0.000000
vn 0.000000 1.000000 0.000000
vn 0.000000 1.000000 0.000000
vn 0.000000 1.000000 0.000000
vn 0.000000 1.000000 0.000000
vn 0.000000 1.000000 0.000000
vn 0.000000 1.000000 0.000000
vn 0.000000 1.000000 0.000000
vn 0.000000 1.000000 0.000000
vn 0.000000 1.000000 0.000000
vn 0.000000 1.000000 0.000000
vn 0.000000 1.000000 0.000000
vn 0.000000 1.000000 0.000000
vn 0.000000 1.000000 0.000000
vn 0.000000 1.000000 0.000000
vn 0.000000 1.000000 0.000000
vn 0.000000 1.000000 0.000000
vn 0.000000 1.000000 0.000000
vn 0.000000 1.000000 0.000000
vn 0.000000 1.000000 0.000000
vn 0.000000 1.000000 0.000000
vn 0.000000 1.000000 0.000000
vn 0.000000 1.000000 0.000000
vn 0.000000 1.000000 0.000000
vn 0.000000 1.000000 0.000000
vn 0.000000 1.000000 0.000000
vn 0.000000 1.000000 0.000000
vn 0.000000 1.000000 0.000000
vn 0.000000 1.000000 0.000000
vn 0.000000 1.000000 0.000000
vn 0.000000 1.000000 0.000000
vn 0.000000 1.000000 0.000000
vn 0.000000 1.000000 0.000000
vn 0.000000 1.000000 0.000000
vn 0.000000 1.000000 0.000000
vn 0.000000 1.000000 0.000000
vn 0.000000 1.000000 0.000000
vn 0.000000 1.000000 0.000000
vn 0.000000 1.000000 0.000000
vn 0.000000 1.000000 0.000000
vn 0.000000 1.000000 0.000000
vn 0.000000 1.000000 0.000000
vn 0.000000 1.000000 0.000000
vn 0.000000 1.000000 0.000000
vn 0.000000 1.000000 0.000000
vn 0.000000 1.000000 0.000000
vn 0.000000 1.000000 0.000000
vn 0.000000 1.000000 0.000000
vn 0.000000 1.000000 0.000000
vn 0.000000 1.000000 0.000000
vn 0.000000 1.000000 0.000000
vn 0.000000 1.000000 0.000000
vn 0.000000 1.000000 0.000000
vn 0.000000 1.000000 0.000000
vn 0.000000 1.000000 0.000000
vn 0.000000 1.000000 0.000000
vn 0.000000 1.000000 0.000000
vn 0.000000 1.000000 0.000000
vn 0.000000 1.000000 0.000000
vn 0.000000 1.000000 0.000000
vn 0.000000 1.000000 0.000000
vn 0.000000 1.000000 0.000000
vn 0.000000 1.000000 0.000000
vn 0.000000 1.000000 0.000000
vn 0.000000 1.000000 0.000000
vn 0.000000 1.000000 0.000000
vn 0.000000 1.000000 0.000000
vn 0.000000 1.000000 0.000000
vn 0.000000 1.000000 0.000000
vn 0.000000 1.000000 0.000000
vn 0.000000 1.000000 0.000000
vn 0.000000 1.000000 0.000000
vn 0.000000 1.000000 0.000000
vn 0.000000 1.000000 0.000000
vn 0.000000 1.000000 0.000000
vn 0.000000 1.000000 0.000000
vn 0.000000 1.000000 0.000000
vn 0.000000 1.000000 0.000000
vn 0.000000 1.000000 0.000000
vn 0.000000 1.000000 0.000000
vn 0.000000 1.000000 0.000000
vn 0.000000 1.000000 0.000000
vn 0.000000 1.000000 0.000000
vn 0.000000 1.000000 0.000000
vn 0.000000 1.000000 0.000000
vn 0.000000 1.000000 0.000000
vn 0.000000 1.000000 0.000000
vn 0.000000 1.000000 0.000000
vn 0.000000 1.000000 0.000000
vn 0.000000 1.000000 0.000000
vn 0.000000 1.000000 0.000000
vn 0.000000 1.000000 0.000000
vn 0.000000 1.000000 0.000000
vn 0.000000 1.000000 0.000000
vn 0.000000 1.000000 0.000000
vn 0.000000 1.000000 0.000000
vn 0.000000 1.000000 0.000000
vn 0.000000 1.000000 0.000000
vn 0.000000 1.000000 0.000000
vn 0.000000 1.000000 0.000000
vn 0.000000 1.000000 0.000000
vn 0.000000 1.000000 0.000000
vn 0.000000 1.000000 0.000000
vn 0.000000 1.000000 0.000000
vn 0.000000 1.000000 0.000000
vn 0.000000 1.000000 0.000000
vn 0.000000 1.000000 0.000000
vn 0.000000 1.000000 0.000000
vn 0.000000 1.000000 0.000000
vn 0.000000 1.000000 0.000000
vn 0.000000 1.000000 0.000000
vn 0.000000 1.000000 0.000000
vn 0.000000 1.000000 0.000000
vn 0.000000 1.000000 0.000000
vn 0.000000 1.000000 0.000000
vn 0.000000 1.000000 0.000000
vn 0.000000 1.000000 0.000000
vn 0.000000 1.000000 0.000000
vn 0.000000 1.000000 0.000000
vn 0.000000 1.000000 0.000000
vn 0.000000 1.000000 0.000000
vn 0.000000 1.000000 0.000000
vn 0.000000 1.000000 0.000000
vn 0.000000 1.000000 0.000000
vn 0.000000 1.000000 0.000000
vn 0.000000 1.000000 0.000000
vn 0.000000 1.000000 0.000000
vn 0.000000 1.000000 0.000000
vn 0.000000 1.000000 0.000000
vn 0.000000 1.000000 0.000000
vn 0.000000 1.000000 0.000000
vn 0.000000 1.000000 0.000000
vn 0.000000 1.000000 0.000000
vn 0.000000 1.000000 0.000000
vn 0.000000 1.000000 0.000000
vn 0.000000 1.000000 0.000000
vn 0.000000 1.000000 0.000000
vn 0.000000 1.000000 0.000000
vn 0.000000 1.000000 0.000000
vn 0.000000 1.000000 0.000000
vn 0.000000 1.000000 0.000000
vn 0.000000 1.000000 0.000000
vn 0.000000 1.000000 0.000000
vn 0.000000 1.000000 0.000000
vn 0.000000 1.000000 0.000000
vn 0.000000 1.000000 0.000000
vn 0.000000 1.000000 0.000000
vn 0.000000 1.000000 0.000000
vn 0.000000 1.000000 0.000000
vn 0.000000 1.000000 0.000000
vn 0.000000 1.000000 0.000000
vn 0.000000 1.000000 0.000000
vn 0.000000 1.000000 0.000000
vn 0.000000 1.000000 0.000000
vn 0.000000 1.000000 0.000000
vn 0.000000 1.000000 0.000000
vn 0.000000 1.000000 0.000000
vn 0.000000 1.000000 0.000000
vn 0.000000 1.000000 0.000000
vn 0.000000 1.000000 0.000000
vn 0.000000 1.000000 0.000000
vn 0.000000 1.000000 0.000000
vn 0.000000 1.000000 0.000000
vn 0.000000 1.000000 0.000000
vn 0.000000 1.000000 0.000000
vn 0.000000 1.000000 0.000000
vn 0.000000 1.000000 0.000000
vn 0.000000 1.000000 0.000000
vn 0.000000 1.000000 0.000000
vn 0.000000 1.000000 0.000000
vn 0.000000 1.000000 0.000000
vn 0.000000 1.000000 0.000000
vn 0.000000 1.000000 0.000000
vn 0.000000 1.000000 0.000000
vn 0.000000 1.000000 0.000000
vn 0.000000 1.000000 0.000000
vn 0.000000 1.000000 0.000000
vn 0.000000 1.000000 0.000000
vn 0.000000 1.000000 0.000000
vn 0.000000 1.000000 0.000000
vn 0.000000 1.000000 0.000000
vn 0.000000 1.000000 0.000000
vn 0.000000 1.000000 0.000000
vn 0.000000 1.000000 0.000000
vn 0.000000 1.000000 0.000000
vn 0.000000 1.000000 0.000000
vn 0.000000 1.000000 0.000000
vn 0.000000 1.000000 0.000000
vn 0.000000 1.000000 0.000000
vn 0.000000 1.000000 0.000000
vn 0.000000 1.000000 0.000000
vn 0.000000 1.000000 0.000000
vn 0.000000 1.000000 0.000000
vn 0.000000 1.000000 0.000000
vn 0.000000 1.000000 0.000000
vn 0.000000 1.000000 0.000000
vn 0.000000 1.000000 0.000000
vn 0.000000 1.000000 0.000000
vn 0.000000 1.000000 0.000000
vn 0.000000 1.000000 0.000000
vn 0.000000 1.000000 0.000000
vn 0.000000 1.000000 0.000000
vn 0.000000 1.000000 0.000000
vn 0.000000 1.000000 0.000000
vn 0.000000 1.000000 0.000000
vn 0.000000 1.000000 0.000000
vn 0.000000 1.000000 0.000000
vn 0.000000 1.000000 0.000000
vn 0.000000 1.000000 0.000000
vn 0.000000 1.000000 0.000000
vn 0.000000 1.000000 0.000000
vn 0.000000 1.000000 0.000000
vn 0.000000 1.000000 0.000000
vn 0.000000 1.000000 0.000000
vn 0.000000 1.000000 0.000000
vn 0.000000 1.000000 0.000000
vn 0.000000 1.000000 0.000000
vn 0.000000 1.000000 0.000000
vn 0.000000 1.000000 0.000000
vn 0.000000 1.000000 0.000000
vn 0.000000 1.000000 0.000000
vn 0.000000 1.000000 0.000000
vn 0.000000 1.000000 0.000000
vn 0.000000 1.000000 0.000000
vn 0.000000 1.000000 0.000000
vn 0.000000 1.000000 0.000000
vn 0.000000 1.000000 0.000000
vn 0.000000 1.000000 0.000000
vn 0.000000 1.000000 0.000000
vn 0.000000 1.000000 0.000000
vn 0.000000 1.000000 0.000000
vn 0.000000 1.000000 0.000000
vn 0.000000 1.000000 0.000000
vn 0.000000 1.000000 0.000000
vn 0.000000 1.000000 0.000000
vn 0.000000 1.000000 0.000000
vn 0.000000 1.000000 0.000000
vn 0.000000 1.000000 0.000000
vn 0.000000 1.000000 0.000000
vn 0.000000 1.000000 0.000000
vn 0.000000 1.000000 0.000000
vn 0.000000 1.000000 0.000000
vn 0.000000 1.000000 0.000000
vn 0.000000 1.000000 0.000000
vn 0.000000 1.000000 0.000000
vn 0.000000 1.000000 0.000000
vn 0.000000 1.000000 0.000000
vn 0.000000 1.000000 0.000000
vn 0.000000 1.000000 0.000000
vn 0.000000 1.000000 0.000000
vn 0.000000 1.000000 0.000000
vn 0.000000 1.000000 0.000000
vn 0.000000 1.000000 0.000000
vn 0.000000 1.000000 0.000000
vn 0.000000 1.000000 0.000000
vn 0.000000 1.000000 0.000000
vn 0.000000 1.000000 0.000000
vn 0.000000 1.000000 0.000000
vn 0.000000 1.000000 0.000000
vn 0.000000 1.000000 0.000000
vn 0.000000 1.000000 0.000000
vn 0.000000 1.000000 0.000000
vn 0.000000 1.000000 0.000000
vn 0.000000 1.000000 0.000000
vn 0.000000 1.000000 0.000000
vn 0.000000 1.000000 0.000000
vn 0.000000 1.000000 0.000000
vn 0.000000 1.000000 0.000000
vn 0.000000 1.000000 0.000000
vn 0.000000 1.000000 0.000000
vn 0.000000 1.000000 0.000000
vn 0.000000 1.000000 0.000000
vn 0.000000 1.000000 0.000000
vn 0.000000 1.000000 0.000000
vn 0.000000 1.000000 0.000000
vn 0.000000 1.000000 0.000000
vn 0.000000 1.000000 0.000000
vn 0.000000 1.000000 0.000000
vn 0.000000 1.000000 0.000000
vn 0.000000 1.000000 0.000000
vn 0.000000 1.000000 0.000000
vn 0.000000 1.000000 0.000000
vn 0.000000 1.000000 0.000000
vn 0.000000 1.000000 0.000000
vn 0.000000 1.000000 0.000000
vn 0.000000 1.000000 0.000000
vn 0.000000 1.000000 0.000000
vn 0.000000 1.000000 0.000000
vn 0.000000 1.000000 0.000000
vn 0.000000 1.000000 0.000000
vn 0.000000 1.000000 0.000000
vn 0.000000 1.000000 0.000000
vn 0.000000 1.000000 0.000000
vn 0.000000 1.000000 0.000000
vn 0.000000 1.000000 0.000000
vn 0.000000 1.000000 0.000000
vn 0.000000 1.000000 0.000000
vn 0.000000 1.000000 0.000000
vn 0.000000 1.000000 0.000000
vn 0.000000 1.000000 0.000000
vn 0.000000 1.000000 0.000000
vn 0.000000 1.000000 0.000000
vn 0.000000 1.000000 0.000000
vn 0.000000 1.000000 0.000000
vn 0.000000 1.000000 0.000000
vn 0.000000 1.000000 0.000000
vn 0.000000 1.000000 0.000000
vn 0.000000 1.000000 0.000000
vn 0.000000 1.000000 0.000000
vn 0.000000 1.000000 0.000000
vn 0.000000 1.000000 0.000000
vn 0.000000 1.000000 0.000000
vn 0.000000 1.000000 0.000000
vn 0.000000 1.000000 0.000000
vn 0.000000 1.000000 0.000000
vn 0.000000 1.000000 0.000000
vn 0.000000 1.000000 0.000000
vn 0.000000 1.000000 0.000000
vn 0.000000 1.000000 0.000000
vn 0.000000 1.000000 0.000000
vn 0.000000 1.000000 0.000000
vn 0.000000 1.000000 0.000000
vn 0.000000 1.000000 0.000000
vn 0.000000 1.000000 0.000000
vn 0.000000 1.000000 0.000000
vn 0.000000 1.000000 0.000000
vn 0.000000 1.000000 0.000000
vn 0.000000 1.000000 0.000000
vn 0.000000 1.000000 0.000000
vn 0.000000 1.000000 0.000000
vn 0.000000 1.000000 0.000000
vn 0.000000 1.000000 0.000000
vn 0.000000 1.000000 0.000000
vn 0.000000 1.000000 0.000000
vn 0.000000 1.000000 0.000000
vn 0.000000 1.000000 0.000000
vn 0.000000 1.000000 0.000000
vn 0.000000 1.000000 0.000000
vn 0.000000 1.000000 0.000000
vn 0.000000 1.000000 0.000000
vn 0.000000 1.000000 0.000000
vn 0.000000 1.000000 0.000000
vn 0.000000 1.000000 0.000000
vn 0.000000 1.000000 0.000000
vn 0.000000 1.000000 0.000000
vn 0.000000 1.000000 0.000000
vn 0.000000 1.000000 0.000000
vn 0.000000 1.000000 0.000000
vn 0.000000 1.000000 0.000000
vn 0.000000 1.000000 0.000000
vn 0.000000 1.000000 0.000000
vn 0.000000 1.000000 0.000000
vn 0.000000 1.000000 0.000000
vn 0.000000 1.000000 0.000000
vn 0.000000 1.000000 0.000000
vn 0.000000 1.000000 0.000000
vn 0.000000 1.000000 0.000000
vn 0.000000 1.000000 0.000000
vn 0.000000 1.000000 0.000000
vn 0.000000 1.000000 0.000000
vn 0.000000 1.000000 0.000000
vn 0.000000 1.000000 0.000000
vn 0.000000 1.000000 0.000000
vn 0.000000 1.000000 0.000000
vn 0.000000 1.000000 0.000000
vn 0.000000 1.000000 0.000000
vn 0.000000 1.000000 0.000000
vn 0.000000 1.000000 0.000000
vn 0.000000 1.000000 0.000000
vn 0.000000 1.000000 0.000000
vn 0.000000 1.000000 0.000000
vn 0.000000 1.000000 0.000000
vn 0.000000 1.000000 0.000000
vn 0.000000 1.000000 0.000000
vn 0.000000 1.000000 0.000000
vn 0.000000 1.000000 0.000000
vn 0.000000 1.000000 0.000000
vn 0.000000 1.000000 0.000000
vn 0.000000 1.000000 0.000000
vn 0.000000 1.000000 0.000000
vn 0.000000 1.000000 0.000000
vn 0.000000 1.000000 0.000000
vn 0.000000 1.000000 0.000000
vn 0.000000 1.000000 0.000000
vn 0.000000 1.000000 0.000000
vn 0.000000 1.000000 0.000000
vn 0.000000 1.000000 0.000000
vn 0.000000 1.000000 0.000000
vn 0.000000 1.000000 0.000000
vn 0.000000 1.000000 0.000000
vn 0.000000 1.000000 0.000000
vn 0.000000 1.000000 0.000000
vn 0.000000 1.000000 0.000000
vn 0.000000 1.000000 0.000000
vn 0.000000 1.000000 0.000000
vn 0.000000 1.000000 0.000000
vn 0.000000 1.000000 0.000000
vn 0.000000 1.000000 0.000000
vn 0.000000 1.000000 0.000000
vn 0.000000 1.000000 0.000000
vn 0.000000 1.000000 0.000000
vn 0.000000 1.000000 0.000000
vn 0.000000 1.000000 0.000000
vn 0.000000 1.000000 0.000000
vn 0.000000 1.000000 0.000000
vn 0.000000 1.000000 0.000000
vn 0.000000 1.000000 0.000000
vn 0.000000 1.000000 0.000000
vn 0.000000 1.000000 0.000000
vn 0.000000 1.000000 0.000000
vn 0.000000 1.000000 0.000000
vn 0.000000 1.000000 0.000000
vn 0.000000 1.000000 0.000000
vn 0.000000 1.000000 0.000000
vn 0.000000 1.000000 0.000000
vn 0.000000 1.000000 0.000000
vn 0.000000 1.000000 0.000000
vn 0.000000 1.000000 0.000000
vn 0.000000 1.000000 0.000000
vn 0.000000 1.000000 0.000000
vn 0.000000 1.000000 0.000000
vn 0.000000 1.000000 0.000000
vn 0.000000 1.000000 0.000000
vn 0.000000 1.000000 0.000000
vn 0.000000 1.000000 0.000000
vn 0.000000 1.000000 0.000000
vn 0.000000 1.000000 0.000000
vn 0.000000 1.000000 0.000000
vn 0.000000 1.000000 0.000000
vn 0.000000 1.000000 0.000000
vn 0.000000 1.000000 0.000000
vn 0.000000 1.000000 0.000000
vn 0.000000 1.000000 0.000000
vn 0.000000 1.000000 0.000000
vn 0.000000 1.000000 0.000000
vn 0.000000 1.000000 0.000000
vn 0.000000 1.000000 0.000000
vn 0.000000 1.000000 0.000000
vn 0.000000 1.000000 0.000000
vn 0.000000 1.000000 0.000000
vn 0.000000 1.000000 0.000000
vn 0.000000 1.000000 0.000000
vn 0.000000 1.000000 0.000000
vn 0.000000 1.000000 0.000000
vn 0.000000 1.000000 0.000000
vn 0.000000 1.000000 0.000000
vn 0.000000 1.000000 0.000000
vn 0.000000 1.000000 0.000000
vn 0.000000 1.000000 0.000000
vn 0.000000 1.000000 0.000000
vn 0.000000 1.000000 0.000000
vn 0.000000 1.000000 0.000000
vn 0.000000 1.000000 0.000000
vn 0.000000 1.000000 0.000000
vn 0.000000 1.000000 0.000000
vn 0.000000 1.000000 0.000000
vn 0.000000 1.000000 0.000000
vn 0.000000 1.000000 0.000000
vn 0.000000 1.000000 0.000000
vn 0.000000 1.000000 0.000000
vn 0.000000 1.000000 0.000000
vn 0.000000 1.000000 0.000000
vn 0.000000 1.000000 0.000000
vn 0.000000 1.000000 0.000000
vn 0.000000 1.000000 0.000000
vn 0.000000 1.000000 0.000000
vn 0.000000 1.000000 0.000000
vn 0.000000 1.000000 0.000000
vn 0.000000 1.000000 0.000000
vn 0.000000 1.000000 0.000000
vn 0.000000 1.000000 0.000000
vn 0.000000 1.000000 0.000000
vn 0.000000 1.000000 0.000000
vn 0.000000 1.000000 0.000000
vn 0.000000 1.000000 0.000000
vn 0.000000 1.000000 0.000000
vn 0.000000 1.000000 0.000000
vn 0.000000 1.000000 0.000000
vn 0.000000 1.000000 0.000000
vn 0.000000 1.000000 0.000000
vn 0.000000 1.000000 0.000000
vn 0.000000 1.000000 0.000000
vn 0.000000 1.000000 0.000000
vn 0.000000 1.000000 0.000000
vn 0.000000 1.000000 0.000000
vn 0.000000 1.000000 0.000000
vn 0.000000 1.000000 0.000000
vn 0.000000 1.000000 0.000000
vn 0.000000 1.000000 0.000000
vn 0.000000 1.000000 0.000000
vn 0.000000 1.000000 0.000000
vn 0.000000 1.000000 0.000000
vn 0.000000 1.000000 0.000000
vn 0.000000 1.000000 0.000000
vn 0.000000 1.000000 0.000000
vn 0.000000 1.000000 0.000000
vn 0.000000 1.000000 0.000000
vn 0.000000 1.000000 0.000000
vn 0.000000 1.000000 0.000000
vn 0.000000 1.000000 0.000000
vn 0.000000 1.000000 0.000000
vn 0.000000 1.000000 0.000000
vn 0.000000 1.000000 0.000000
vn 0.000000 1.000000 0.000000
vn 0.000000 1.000000 0.000000
vn 0.000000 1.000000 0.000000
vn 0.000000 1.000000 0.000000
vn 0.000000 1.000000 0.000000
vn 0.000000 1.000000 0.000000
vn 0.000000 1.000000 0.000000
vn 0.000000 1.000000 0.000000
vn 0.000000 1.000000 0.000000
vn 0.000000 1.000000 0.000000
vn 0.000000 1.000000 0.000000
vn 0.000000 1.000000 0.000000
vn 0.000000 1.000000 0.000000
vn 0.000000 1.000000 0.000000
vn 0.000000 1.000000 0.000000
vn 0.000000 1.000000 0.000000
vn 0.000000 1.000000 0.000000
vn 0.000000 1.000000 0.000000
vn 0.000000 1.000000 0.000000
vn 0.000000 1.000000 0.000000
vn 0.000000 1.000000 0.000000
vn 0.000000 1.000000 0.000000
vn 0.000000 1.000000 0.000000
vn 0.000000 1.000000 0.000000
vn 0.000000 1.000000 0.000000
vn 0.000000 1.000000 0.000000
vn 0.000000 1.000000 0.000000
vn 0.000000 1.000000 0.000000
vn 0.000000 1.000000 0.000000
vn 0.000000 1.000000 0.000000
vn 0.000000 1.000000 0.000000
vn 0.000000 1.000000 0.000000
vn 0.000000 1.000000 0.000000
vn 0.000000 1.000000 0.000000
vn 0.000000 1.000000 0.000000
vn 0.000000 1.000000 0.000000
vn 0.000000 1.000000 0.000000
vn 0.000000 1.000000 0.000000
vn 0.000000 1.000000 0.000000
vn 0.000000 1.000000 0.000000
vn 0.000000 1.000000 0.000000
vn 0.000000 1.000000 0.000000
vn 0.000000 1.000000 0.000000
vn 0.000000 1.000000 0.000000
vn 0.000000 1.000000 0.000000
vn 0.000000 1.000000 0.000000
vn 0.000000 1.000000 0.000000
vn 0.000000 1.000000 0.000000
vn 0.000000 1.000000 0.000000
vn 0.000000 1.000000 0.000000
vn 0.000000 1.000000 0.000000
vn 0.000000 1.000000 0.000000
vn 0.000000 1.000000 0.000000
vn 0.000000 1.000000 0.000000
vn 0.000000 1.000000 0.000000
vn 0.000000 1.000000 0.000000
vn 0.000000 1.000000 0.000000
vn 0.000000 1.000000 0.000000
vn 0.000000 1.000000 0.000000
vn 0.000000 1.000000 0.000000
vn 0.000000 1.000000 0.000000
vn 0.000000 1.000000 0.000000
vn 0.000000 1.000000 0.000000
vn 0.000000 1.000000 0.000000
vn 0.000000 1.000000 0.000000
vn 0.000000 1.000000 0.000000
vn 0.000000 1.000000 0.000000
vn 0.000000 1.000000 0.000000
vn 0.000000 1.000000 0.000000
vn 0.000000 1.000000 0.000000
vn 0.000000 1.000000 0.000000
vn 0.000000 1.000000 0.000000
vn 0.000000 1.000000 0.000000
vn 0.000000 1.000000 0.000000
vn 0.000000 1.000000 0.000000
vn 0.000000 1.000000 0.000000
vn 0.000000 1.000000 0.000000
vn 0.000000 1.000000 0.000000
vn 0.000000 1.000000 0.000000
vn 0.000000 1.000000 0.000000
vn 0.000000 1.000000 0.000000
vn 0.000000 1.000000 0.000000
vn 0.000000 1.000000 0.000000
vn 0.000000 1.000000 0.000000
vn 0.000000 1.000000 0.000000
vn 0.000000 1.000000 0.000000
vn 0.000000 1.000000 0.000000
vn 0.000000 1.000000 0.000000
vn 0.000000 1.000000 0.000000
vn 0.000000 1.000000 0.000000
vn 0.000000 1.000000 0.000000
vn 0.000000 1.000000 0.000000
vn 0.000000 1.000000 0.000000
vn 0.000000 1.000000 0.000000
vn 0.000000 1.000000 0.000000
vn 0.000000 1.000000 0.000000
vn 0.000000 1.000000 0.000000
vn 0.000000 1.000000 0.000000
vn 0.000000 1.000000 0.000000
vn 0.000000 1.000000 0.000000
vn 0.000000 1.000000 0.000000
vn 0.000000 1.000000 0.000000
vn 0.000000 1.000000 0.000000
vn 0.000000 1.000000 0.000000
vn 0.000000 1.000000 0.000000
vn 0.000000 1.000000 0.000000
vn 0.000000 1.000000 0.000000
vn 0.000000 1.000000 0.000000
vn 0.000000 1.000000 0.000000
vn 0.000000 1.000000 0.000000
vn 0.000000 1.000000 0.000000
vn 0.000000 1.000000 0.000000
vn 0.000000 1.000000 0.000000
vn 0.000000 1.000000 0.000000
vn 0.000000 1.000000 0.000000
vn 0.000000 1.000000 0.000000
vn 0.000000 1.000000 0.000000
vn 0.000000 1.000000 0.000000
vn 0.000000 1.000000 0.000000
vn 0.000000 1.000000 0.000000
vn 0.000000 1.000000 0.000000
vn 0.000000 1.000000 0.000000
vn 0.000000 1.000000 0.000000
vn 0.000000 1.000000 0.000000
vn 0.000000 1.000000 0.000000
vn 0.000000 1.000000 0.000000
vn 0.000000 1.000000 0.000000
vn 0.000000 1.000000 0.000000
vn 0.000000 1.000000 0.000000
vn 0.000000 1.000000 0.000000
vn 0.000000 1.000000 0.000000
vn 0.000000 1.000000 0.000000
vn 0.000000 1.000000 0.000000
vn 0.000000 1.000000 0.000000
vn 0.000000 1.000000 0.000000
vn 0.000000 1.000000 0.000000
vn 0.000000 1.000000 0.000000
vn 0.000000 1.000000 0.000000
vn 0.000000 1.000000 0.000000
vn 0.000000 1.000000 0.000000
vn 0.000000 1.000000 0.000000
vn 0.000000 1.000000 0.000000
vn 0.000000 1.000000 0.000000
vn 0.000000 1.000000 0.000000
vn 0.000000 1.000000 0.000000
vn 0.000000 1.000000 0.000000
vn 0.000000 1.000000 0.000000
vn 0.000000 1.000000 0.000000
vn 0.000000 1.000000 0.000000
vn 0.000000 1.000000 0.000000
vn 0.000000 1.000000 0.000000
vn 0.000000 1.000000 0.000000
vn 0.000000 1.000000 0.000000
vn 0.000000 1.000000 0.000000
vn 0.000000 1.000000 0.000000
vn 0.000000 1.000000 0.000000
vn 0.000000 1.000000 0.000000
vn 0.000000 1.000000 0.000000
vn 0.000000 1.000000 0.000000
vn 0.000000 1.000000 0.000000
vn 0.000000 1.000000 0.000000
vn 0.000000 1.000000 0.000000
vn 0.000000 1.000000 0.000000
vn 0.000000 1.000000 0.000000
vn 0.000000 1.000000 0.000000
vn 0.000000 1.000000 0.000000
vn 0.000000 1.000000 0.000000
vn 0.000000 1.000000 0.000000
vn 0.000000 1.000000 0.000000
vn 0.000000 1.000000 0.000000
vn 0.000000 1.000000 0.000000
vn 0.000000 1.000000 0.000000
vn 0.000000 1.000000 0.000000
vn 0.000000 1.000000 0.000000
vn 0.000000 1.000000 0.000000
vn 0.000000 1.000000 0.000000
vn 0.000000 1.000000 0.000000
vn 0.000000 1.000000 0.000000
vn 0.000000 1.000000 0.000000
vn 0.000000 1.000000 0.000000
vn 0.000000 1.000000 0.000000
vn 0.000000 1.000000 0.000000
vn 0.000000 1.000000 0.000000
vn 0.000000 1.000000 0.000000
vn 0.000000 1.000000 0.000000
vn 0.000000 1.000000 0.000000
vn 0.000000 1.000000 0.000000
vn 0.000000 1.000000 0.000000
vn 0.000000 1.000000 0.000000
vn 0.000000 1.000000 0.000000
vn 0.000000 1.000000 0.000000
vn 0.000000 1.000000 0.000000
vn 0.000000 1.000000 0.000000
vn 0.000000 1.000000 0.000000
vn 0.000000 1.000000 0.000000
vn 0.000000 1.000000 0.000000
vn 0.000000 1.000000 0.000000
vn 0.000000 1.000000 0.000000
vn 0.000000 1.000000 0.000000
vn 0.000000 1.000000 0.000000
vn 0.000000 1.000000 0.000000
vn 0.000000 1.000000 0.000000
vn 0.000000 1.000000 0.000000
vn 0.000000 1.000000 0.000000
vn 0.000000 1.000000 0.000000
vn 0.000000 1.000000 0.000000
vn 0.000000 1.000000 0.000000
vn 0.000000 1.000000 0.000000
vn 0.000000 1.000000 0.000000
vn 0.000000 1.000000 0.000000
vn 0.000000 1.000000 0.000000
vn 0.000000 1.000000 0.000000
vn 0.000000 1.000000 0.000000
vn 0.000000 1.000000 0.000000
vn 0.000000 1.000000 0.000000
vn 0.000000 1.000000 0.000000
vn 0.000000 1.000000 0.000000
vn 0.000000 1.000000 0.000000
vn 0.000000 1.000000 0.000000
vn 0.000000 1.000000 0.000000
vn 0.000000 1.000000 0.000000
vn 0.000000 1.000000 0.000000
vn 0.000000 1.000000 0.000000
vn 0.000000 1.000000 0.000000
vn 0.000000 1.000000 0.000000
vn 0.000000 1.000000 0.000000
vn 0.000000 1.000000 0.000000
vn 0.000000 1.000000 0.000000
vn 0.000000 1.000000 0.000000
vn 0.000000 1.000000 0.000000
vn 0.000000 1.000000 0.000000
vn 0.000000 1.000000 0.000000
vn 0.000000 1.000000 0.000000
vn 0.000000 1.000000 0.000000
vn 0.000000 1.000000 0.000000
vn 0.000000 1.000000 0.000000
vn 0.000000 1.000000 0.000000
vn 0.000000 1.000000 0.000000
vn 0.000000 1.000000 0.000000
vn 0.000000 1.000000 0.000000
vn 0.000000 1.000000 0.000000
vn 0.000000 1.000000 0.000000
vn 0.000000 1.000000 0.000000
vn 0.000000 1.000000 0.000000
vn 0.000000 1.000000 0.000000
vn 0.000000 1.000000 0.000000
vn 0.000000 1.000000 0.000000
vn 0.000000 1.000000 0.000000
vn 0.000000 1.000000 0.000000
vn 0.000000 1.000000 0.000000
vn 0.000000 1.000000 0.000000
vn 0.000000 1.000000 0.000000
vn 0.000000 1.000000 0.000000
vn 0.000000 1.000000 0.000000
vn 0.000000 1.000000 0.000000
vn 0.000000 1.000000 0.000000
vn 0.000000 1.000000 0.000000
vn 0.000000 1.000000 0.000000
vn 0.000000 1.000000 0.000000
vn 0.000000 1.000000 0.000000
vn 0.000000 1.000000 0.000000
vn 0.000000 1.000000 0.000000
vn 0.000000 1.000000 0.000000
vn 0.000000 1.000000 0.000000
vn 0.000000 1.000000 0.000000
vn 0.000000 1.000000 0.000000
vn 0.000000 1.000000 0.000000
vn 0.000000 1.000000 0.000000
vn 0.000000 1.000000 0.000000
vn 0.000000 1.000000 0.000000
vn 0.000000 1.000000 0.000000
vn 0.000000 1.000000 0.000000
vn 0.000000 1.000000 0.000000
vn 0.000000 1.000000 0.000000
vn 0.000000 1.000000 0.000000
vn 0.000000 1.000000 0.000000
vn 0.000000 1.000000 0.000000
vn 0.000000 1.000000 0.000000
vn 0.000000 1.000000 0.000000
vn 0.000000 1.000000 0.000000
vn 0.000000 1.000000 0.000000
vn 0.000000 1.000000 0.000000
vn 0.000000 1.000000 0.000000
vn 0.000000 1.000000 0.000000
vn 0.000000 1.000000 0.000000
vn 0.000000 1.000000 0.000000
vn 0.000000 1.000000 0.000000
vn 0.000000 1.000000 0.000000
vn 0.000000 1.000000 0.000000
vn 0.000000 1.000000 0.000000
vn 0.000000 1.000000 0.000000
vn 0.000000 1.000000 0.000000
vn 0.000000 1.000000 0.000000
vn 0.000000 1.000000 0.000000
vn 0.000000 1.000000 0.000000
vn 0.000000 1.000000 0.000000
vn 0.000000 1.000000 0.000000
vn 0.000000 1.000000 0.000000
vn 0.000000 1.000000 0.000000
vn 0.000000 1.000000 0.000000
vn 0.000000 1.000000 0.000000
vn 0.000000 1.000000 0.000000
vn 0.000000 1.000000 0.000000
vn 0.000000 1.000000 0.000000
vn 0.000000 1.000000 0.000000
vn 0.000000 1.000000 0.000000
vn 0.000000 1.000000 0.000000
vn 0.000000 1.000000 0.000000
vn 0.000000 1.000000 0.000000
vn 0.000000 1.000000 0.000000
vn 0.000000 1.000000 0.000000
vn 0.000000 1.000000 0.000000
vn 0.000000 1.000000 0.000000
vn 0.000000 1.000000 0.000000
vn 0.000000 1.000000 0.000000
vn 0.000000 1.000000 0.000000
vn 0.000000 1.000000 0.000000
vn 0.000000 1.000000 0.000000
vn 0.000000 1.000000 0.000000
vn 0.000000 1.000000 0.000000
vn 0.000000 1.000000 0.000000
vn 0.000000 1.000000 0.000000
vn 0.000000 1.000000 0.000000
vn 0.000000 1.000000 0.000000
vn 0.000000 1.000000 0.000000
vn 0.000000 1.000000 0.000000
vn 0.000000 1.000000 0.000000
vn 0.000000 1.000000 0.000000
vn 0.000000 1.000000 0.000000
vn 0.000000 1.000000 0.000000
vn 0.000000 1.000000 0.000000
vn 0.000000 1.000000 0.000000
vn 0.000000 1.000000 0.000000
vn 0.000000 1.000000 0.000000
vn 0.000000 1.000000 0.000000
vn 0.000000 1.000000 0.000000
vn 0.000000 1.000000 0.000000
vn 0.000000 1.000000 0.000000
vn 0.000000 1.000000 0.000000
vn 0.000000 1.000000 0.000000
vn 0.000000 1.000000 0.000000
vn 0.000000 1.000000 0.000000
vn 0.000000 1.000000 0.000000
vn 0.000000 1.000000 0.000000
vn 0.000000 1.000000 0.000000
vn 0.000000 1.000000 0.000000
vn 0.000000 1.000000 0.000000
vn 0.000000 1.000000 0.000000
vn 0.000000 1.000000 0.000000
vn 0.000000 1.000000 0.000000
vn 0.000000 1.000000 0.000000
vn 0.000000 1.000000 0.000000
vn 0.000000 1.000000 0.000000
vn 0.000000 1.000000 0.000000
vn 0.000000 1.000000 0.000000
vn 0.000000 1.000000 0.000000
vn 0.000000 1.000000 0.000000
vn 0.000000 1.000000 0.000000
vn 0.000000 1.000000 0.000000
vn 0.000000 1.000000 0.000000
vn 0.000000 1.000000 0.000000
vn 0.000000 1.000000 0.000000
vn 0.000000 1.000000 0.000000
vn 0.000000 1.000000 0.000000
vn 0.000000 1.000000 0.000000
vn 0.000000 1.000000 0.000000
vn 0.000000 1.000000 0.000000
vn 0.000000 1.000000 0.000000
vn 0.000000 1.000000 0.000000
vn 0.000000 1.000000 0.000000
vn 0.000000 1.000000 0.000000
vn 0.000000 1.000000 0.000000
vn 0.000000 1.000000 0.000000
vn 0.000000 1.000000 0.000000
vn 0.000000 1.000000 0.000000
vn 0.000000 1.000000 0.000000
vn 0.000000 1.000000 0.000000
vn 0.000000 1.000000 0.000000
vn 0.000000 1.000000 0.000000
vn 0.000000 1.000000 0.000000
vn 0.000000 1.000000 0.000000
vn 0.000000 1.000000 0.000000
vn 0.000000 1.000000 0.000000
vn 0.000000 1.000000 0.000000
vn 0.000000 1.000000 0.000000
vn 0.000000 1.000000 0.000000
vn 0.000000 1.000000 0.000000
vn 0.000000 1.000000 0.000000
vn 0.000000 1.000000 0.000000
vn 0.000000 1.000000 0.000000
vn 0.000000 1.000000 0.000000
vn 0.000000 1.000000 0.000000
vn 0.000000 1.000000 0.000000
vn 0.000000 1.000000 0.000000
vn 0.000000 1.000000 0.000000
vn 0.000000 1.000000 0.000000
vn 0.000000 1.000000 0.000000
vn 0.000000 1.000000 0.000000
vn 0.000000 1.000000 0.000000
vn 0.000000 1.000000 0.000000
vn 0.000000 1.000000 0.000000
vn 0.000000 1.000000 0.000000
vn 0.000000 1.000000 0.000000
vn 0.000000 1.000000 0.000000
vn 0.000000 1.000000 0.000000
vn 0.000000 1.000000 0.000000
vn 0.000000 1.000000 0.000000
vn 0.000000 1.000000 0.000000
vn 0.000000 1.000000 0.000000
vn 0.000000 1.000000 0.000000
vn 0.000000 1.000000 0.000000
vn 0.000000 1.000000 0.000000
vn 0.000000 1.000000 0.000000
vn 0.000000 1.000000 0.000000
vn 0.000000 1.000000 0.000000
vn 0.000000 1.000000 0.000000
vn 0.000000 1.000000 0.000000
vn 0.000000 1.000000 0.000000
vn 0.000000 1.000000 0.000000
vn 0.000000 1.000000 0.000000
vn 0.000000 1.000000 0.000000
vn 0.000000 1.000000 0.000000
vn 0.000000 1.000000 0.000000
vn 0.000000 1.000000 0.000000
vn 0.000000 1.000000 0.000000
vn 0.000000 1.000000 0.000000
vn 0.000000 1.000000 0.000000
vn 0.000000 1.000000 0.000000
vn 0.000000 1.000000 0.000000
vn 0.000000 1.000000 0.000000
vn 0.000000 1.000000 0.000000
vn 0.000000 1.000000 0.000000
vn 0.000000 1.000000 0.000000
vn 0.000000 1.000000 0.000000
vn 0.000000 1.000000 0.000000
vn 0.000000 1.000000 0.000000
vn 0.000000 1.000000 0.000000
vn 0.000000 1.000000 0.000000
vn 0.000000 1.000000 0.000000
vn 0.000000 1.000000 0.000000
vn 0.000000 1.000000 0.000000
vn 0.000000 1.000000 0.000000
vn 0.000000 1.000000 0.000000
vn 0.000000 1.000000 0.000000
vn 0.000000 1.000000 0.000000
vn 0.000000 1.000000 0.000000
vn 0.000000 1.000000 0.000000
vn 0.000000 1.000000 0.000000
vn 0.000000 1.000000 0.000000
vn 0.000000 1.000000 0.000000
vn 0.000000 1.000000 0.000000
vn 0.000000 1.000000 0.000000
vn 0.000000 1.000000 0.000000
vn 0.000000 1.000000 0.000000
vn 0.000000 1.000000 0.000000
vn 0.000000 1.000000 0.000000
vn 0.000000 1.000000 0.000000
vn 0.000000 1.000000 0.000000
vn 0.000000 1.000000 0.000000
vn 0.000000 1.000000 0.000000
vn 0.000000 1.000000 0.000000
vn 0.000000 1.000000 0.000000
vn 0.000000 1.000000 0.000000
vn 0.000000 1.000000 0.000000
vn 0.000000 1.000000 0.000000
vn 0.000000 1.000000 0.000000
vn 0.000000 1.000000 0.000000
vn 0.000000 1.000000 0.000000
vn 0.000000 1.000000 0.000000
vn 0.000000 1.000000 0.000000
vn 0.000000 1.000000 0.000000
vn 0.000000 1.000000 0.000000
vn 0.000000 1.000000 0.000000
vn 0.000000 1.000000 0.000000
vn 0.000000 1.000000 0.000000
vn 0.000000 1.000000 0.000000
vn 0.000000 1.000000 0.000000
vn 0.000000 1.000000 0.000000
vn 0.000000 1.000000 0.000000
vn 0.000000 1.000000 0.000000
vn 0.000000 1.000000 0.000000
vn 0.000000 1.000000 0.000000
vn 0.000000 1.000000 0.000000
vn 0.000000 1.000000 0.000000
vn 0.000000 1.000000 0.000000
vn 0.000000 1.000000 0.000000
vn 0.000000 1.000000 0.000000
vn 0.000000 1.000000 0.000000
vn 0.000000 1.000000 0.000000
vn 0.000000 1.000000 0.000000
vn 0.000000 1.000000 0.000000
vn 0.000000 1.000000 0.000000
vn 0.000000 1.000000 0.000000
vn 0.000000 1.000000 0.000000
vn 0.000000 1.000000 0.000000
vn 0.000000 1.000000 0.000000
vn 0.000000 1.000000 0.000000
vn 0.000000 1.000000 0.000000
vn 0.000000 1.000000 0.000000
vn 0.000000 1.000000 0.000000
vn 0.000000 1.000000 0.000000
vn 0.000000 1.000000 0.000000
vn 0.000000 1.000000 0.000000
vn 0.000000 1.000000 0.000000
vn 0.000000 1.000000 0.000000
vn 0.000000 1.000000 0.000000
vn 0.000000 1.000000 0.000000
vn 0.000000 1.000000 0.000000
vn 0.000000 1.000000 0.000000
vn 0.000000 1.000000 0.000000
vn 0.000000 1.000000 0.000000
vn 0.000000 1.000000 0.000000
vn 0.000000 1.000000 0.000000
vn 0.000000 1.000000 0.000000
vn 0.000000 1.000000 0.000000
vn 0.000000 1.000000 0.000000
vn 0.000000 1.000000 0.000000
vn 0.000000 1.000000 0.000000
vn 0.000000 1.000000 0.000000
vn 0.000000 1.000000 0.000000
vn 0.000000 1.000000 0.000000
vn 0.000000 1.000000 0.000000
vn 0.000000 1.000000 0.000000
vn 0.000000 1.000000 0.000000
vn 0.000000 1.000000 0.000000
vn 0.000000 1.000000 0.000000
vn 0.000000 1.000000 0.000000
vn 0.000000 1.000000 0.000000
vn 0.000000 1.000000 0.000000
vn 0.000000 1.000000 0.000000
vn 0.000000 1.000000 0.000000
vn 0.000000 1.000000 0.000000
vn 0.000000 1.000000 0.000000
vn 0.000000 1.000000 0.000000
vn 0.000000 1.000000 0.000000
vn 0.000000 1.000000 0.000000
vn 0.000000 1.000000 0.000000
vn 0.000000 1.000000 0.000000
vn 0.000000 1.000000 0.000000
vn 0.000000 1.000000 0.000000
vn 0.000000 1.000000 0.000000
vn 0.000000 1.000000 0.000000
vn 0.000000 1.000000 0.000000
vn 0.000000 1.000000 0.000000
vn 0.000000 1.000000 0.000000
vn 0.000000 1.000000 0.000000
vn 0.000000 1.000000 0.000000
vn 0.000000 1.000000 0.000000
vn 0.000000 1.000000 0.000000
vn 0.000000 1.000000 0.000000
vn 0.000000 1.000000 0.000000
vn 0.000000 1.000000 0.000000
vn 0.000000 1.000000 0.000000
vn 0.000000 1.000000 0.000000
vn 0.000000 1.000000 0.000000
vn 0.000000 1.000000 0.000000
vn 0.000000 1.000000 0.000000
vn 0.000000 1.000000 0.000000
vn 0.000000 1.000000 0.000000
vn 0.000000 1.000000 0.000000
vn 0.000000 1.000000 0.000000
vn 0.000000 1.000000 0.000000
vn 0.000000 1.000000 0.000000
vn 0.000000 1.000000 0.000000
vn 0.000000 1.000000 0.000000
vn 0.000000 1.000000 0.000000
vn 0.000000 1.000000 0.000000
vn 0.000000 1.000000 0.000000
vn 0.000000 1.000000 0.000000
vn 0.000000 1.000000 0.000000
vn 0.000000 1.000000 0.000000
vn 0.000000 1.000000 0.000000
vn 0.000000 1.000000 0.000000
vn 0.000000 1.000000 0.000000
vn 0.000000 1.000000 0.000000
vn 0.000000 1.000000 0.000000
vn 0.000000 1.000000 0.000000
vn 0.000000 1.000000 0.000000
vn 0.000000 1.000000 0.000000
vn 0.000000 1.000000 0.000000
vn 0.000000 1.000000 0.000000
vn 0.000000 1.000000 0.000000
vn 0.000000 1.000000 0.000000
vn 0.000000 1.000000 0.000000
vn 0.000000 1.000000 0.000000
vn 0.000000 1.000000 0.000000
vn 0.000000 1.000000 0.000000
vn 0.000000 1.000000 0.000000
vn 0.000000 1.000000 0.000000
vn 0.000000 1.000000 0.000000
vn 0.000000 1.000000 0.000000
vn 0.000000 1.000000 0.000000
vn 0.000000 1.000000 0.000000
vn 0.000000 1.000000 0.000000
vn 0.000000 1.000000 0.000000
vn 0.000000 1.000000 0.000000
vn 0.000000 1.000000 0.000000
vn 0.000000 1.000000 0.000000
vn 0.000000 1.000000 0.000000
vn 0.000000 1.000000 0.000000
vn 0.000000 1.000000 0.000000
vn 0.000000 1.000000 0.000000
vn 0.000000 1.000000 0.000000
vn 0.000000 1.000000 0.000000
vn 0.000000 1.000000 0.000000
vn 0.000000 1.000000 0.000000
vn 0.000000 1.000000 0.000000
vn 0.000000 1.000000 0.000000
vn 0.000000 1.000000 0.000000
vn 0.000000 1.000000 0.000000
vn 0.000000 1.000000 0.000000
vn 0.000000 1.000000 0.000000
vn 0.000000 1.000000 0.000000
vn 0.000000 1.000000 0.000000
vn 0.000000 1.000000 0.000000
vn 0.000000 1.000000 0.000000
vn 0.000000 1.000000 0.000000
vn 0.000000 1.000000 0.000000
vn 0.000000 1.000000 0.000000
vn 0.000000 1.000000 0.000000
vn 0.000000 1.000000 0.000000
vn 0.000000 1.000000 0.000000
vn 0.000000 1.000000 0.000000
vn 0.000000 1.000000 0.000000
vn 0.000000 1.000000 0.000000
vn 0.000000 1.000000 0.000000
vn 0.000000 1.000000 0.000000
vn 0.000000 1.000000 0.000000
vn 0.000000 1.000000 0.000000
vn 0.000000 1.000000 0.000000
vn 0.000000 1.000000 0.000000
vn 0.000000 1.000000 0.000000
vn 0.000000 1.000000 0.000000
vn 0.000000 1.000000 0.000000
vn 0.000000 1.000000 0.000000
vn 0.000000 1.000000 0.000000
vn 0.000000 1.000000 0.000000
vn 0.000000 1.000000 0.000000
vn 0.000000 1.000000 0.000000
vn 0.000000 1.000000 0.000000
vn 0.000000 1.000000 0.000000
vn 0.000000 1.000000 0.000000
vn 0.000000 1.000000 0.000000
vn 0.000000 1.000000 0.000000
vn 0.000000 1.000000 0.000000
vn 0.000000 1.000000 0.000000
vn 0.000000 1.000000 0.000000
vn 0.000000 1.000000 0.000000
vn 0.000000 1.000000 0.000000
vn 0.000000 1.000000 0.000000
vn 0.000000 1.000000 0.000000
vn 0.000000 1.000000 0.000000
vn 0.000000 1.000000 0.000000
vn 0.000000 1.000000 0.000000
vn 0.000000 1.000000 0.000000
vn 0.000000 1.000000 0.000000
vn 0.000000 1.000000 0.000000
vn 0.000000 1.000000 0.000000
vn 0.000000 1.000000 0.000000
vn 0.000000 1.000000 0.000000
vn 0.000000 1.000000 0.000000
vn 0.000000 1.000000 0.000000
vn 0.000000 1.000000 0.000000
vn 0.000000 1.000000 0.000000
vn 0.000000 1.000000 0.000000
vn 0.000000 1.000000 0.000000
vn 0.000000 1.000000 0.000000
vn 0.000000 1.000000 0.000000
vn 0.000000 1.000000 0.000000
vn 0.000000 1.000000 0.000000
vn 0.000000 1.000000 0.000000
vn 0.000000 1.000000 0.000000
vn 0.000000 1.000000 0.000000
vn 0.000000 1.000000 0.000000
vn 0.000000 1.000000 0.000000
vn 0.000000 1.000000 0.000000
vn 0.000000 1.000000 0.000000
vn 0.000000 1.000000 0.000000
vn 0.000000 1.000000 0.000000
vn 0.000000 1.000000 0.000000
vn 0.000000 1.000000 0.000000
vn 0.000000 1.000000 0.000000
vn 0.000000 1.000000 0.000000
vn 0.000000 1.000000 0.000000
vn 0.000000 1.000000 0.000000
vn 0.000000 1.000000 0.000000
vn 0.000000 1.000000 0.000000
vn 0.000000 1.000000 0.000000
vn 0.000000 1.000000 0.000000
vn 0.000000 1.000000 0.000000
vn 0.000000 1.000000 0.000000
vn 0.000000 1.000000 0.000000
vn 0.000000 1.000000 0.000000
vn 0.000000 1.000000 0.000000
vn 0.000000 1.000000 0.000000
vn 0.000000 1.000000 0.000000
vn 0.000000 1.000000 0.000000
vn 0.000000 1.000000 0.000000
vn 0.000000 1.000000 0.000000
vn 0.000000 1.000000 0.000000
vn 0.000000 1.000000 0.000000
vn 0.000000 1.000000 0.000000
vn 0.000000 1.000000 0.000000
vn 0.000000 1.000000 0.000000
vn 0.000000 1.000000 0.000000
vn 0.000000 1.000000 0.000000
vn 0.000000 1.000000 0.000000
vn 0.000000 1.000000 0.000000
vn 0.000000 1.000000 0.000000
vn 0.000000 1.000000 0.000000
vn 0.000000 1.000000 0.000000
vn 0.000000 1.000000 0.000000
vn 0.000000 1.000000 0.000000
vn 0.000000 1.000000 0.000000
vn 0.000000 1.000000 0.000000
vn 0.000000 1.000000 0.000000
vn 0.000000 1.000000 0.000000
vn 0.000000 1.000000 0.000000
vn 0.000000 1.000000 0.000000
vn 0.000000 1.000000 0.000000
vn 0.000000 1.000000 0.000000
vn 0.000000 1.000000 0.000000
vn 0.000000 1.000000 0.000000
vn 0.000000 1.000000 0.000000
vn 0.000000 1.000000 0.000000
vn 0.000000 1.000000 0.000000
vn 0.000000 1.000000 0.000000
vn 0.000000 1.000000 0.000000
vn 0.000000 1.000000 0.000000
vn 0.000000 1.000000 0.000000
vn 0.000000 1.000000 0.000000
vn 0.000000 1.000000 0.000000
vn 0.000000 1.000000 0.000000
vn 0.000000 1.000000 0.000000
vn 0.000000 1.000000 0.000000
vn 0.000000 1.000000 0.000000
vn 0.000000 1.000000 0.000000
vn 0.000000 1.000000 0.000000
vn 0.000000 1.000000 0.000000
vn 0.000000 1.000000 0.000000
vn 0.000000 1.000000 0.000000
vn 0.000000 1.000000 0.000000
vn 0.000000 1.000000 0.000000
vn 0.000000 1.000000 0.000000
vn 0.000000 1.000000 0.000000
vn 0.000000 1.000000 0.000000
vn 0.000000 1.000000 0.000000
vn 0.000000 1.000000 0.000000
vn 0.000000 1.000000 0.000000
vn 0.000000 1.000000 0.000000
vn 0.000000 1.000000 0.000000
vn 0.000000 1.000000 0.000000
vn 0.000000 1.000000 0.000000
vn 0.000000 1.000000 0.000000
vn 0.000000 1.000000 0.000000
vn 0.000000 1.000000 0.000000
vn 0.000000 1.000000 0.000000
vn 0.000000 1.000000 0.000000
vn 0.000000 1.000000 0.000000
vn 0.000000 1.000000 0.000000
vn 0.000000 1.000000 0.000000
vn 0.000000 1.000000 0.000000
vn 0.000000 1.000000 0.000000
vn 0.000000 1.000000 0.000000
vn 0.000000 1.000000 0.000000
vn 0.000000 1.000000 0.000000
vn 0.000000 1.000000 0.000000
vn 0.000000 1.000000 0.000000
vn 0.000000 1.000000 0.000000
vn 0.000000 1.000000 0.000000
vn 0.000000 1.000000 0.000000
vn 0.000000 1.000000 0.000000
vn 0.000000 1.000000 0.000000
vn 0.000000 1.000000 0.000000
vn 0.000000 1.000000 0.000000
vn 0.000000 1.000000 0.000000
vn 0.000000 1.000000 0.000000
vn 0.000000 1.000000 0.000000
vn 0.000000 1.000000 0.000000
vn 0.000000 1.000000 0.000000
vn 0.000000 1.000000 0.000000
vn 0.000000 1.000000 0.000000
vn 0.000000 1.000000 0.000000
vn 0.000000 1.000000 0.000000
vn 0.000000 1.000000 0.000000
vn 0.000000 1.000000 0.000000
vn 0.000000 1.000000 0.000000
vn 0.000000 1.000000 0.000000
vn 0.000000 1.000000 0.000000
vn 0.000000 1.000000 0.000000
vn 0.000000 1.000000 0.000000
vn 0.000000 1.000000 0.000000
vn 0.000000 1.000000 0.000000
vn 0.000000 1.000000 0.000000
vn 0.000000 1.000000 0.000000
vn 0.000000 1.000000 0.000000
vn 0.000000 1.000000 0.000000
vn 0.000000 1.000000 0.000000
vn 0.000000 1.000000 0.000000
vn 0.000000 1.000000 0.000000
vn 0.000000 1.000000 0.000000
vn 0.000000 1.000000 0.000000
vn 0.000000 1.000000 0.000000
vn 0.000000 1.000000 0.000000
vn 0.000000 1.000000 0.000000
vn 0.000000 1.000000 0.000000
vn 0.000000 1.000000 0.000000
vn 0.000000 1.000000 0.000000
vn 0.000000 1.000000 0.000000
vn 0.000000 1.000000 0.000000
vn 0.000000 1.000000 0.000000
vn 0.000000 1.000000 0.000000
vn 0.000000 1.000000 0.000000
vn 0.000000 1.000000 0.000000
vn 0.000000 1.000000 0.000000
vn 0.000000 1.000000 0.000000
vn 0.000000 1.000000 0.000000
vn 0.000000 1.000000 0.000000
vn 0.000000 1.000000 0.000000
vn 0.000000 1.000000 0.000000
vn 0.000000 1.000000 0.000000
vn 0.000000 1.000000 0.000000
vn 0.000000 1.000000 0.000000
vn 0.000000 1.000000 0.000000
vn 0.000000 1.000000 0.000000
vn 0.000000 1.000000 0.000000
vn 0.000000 1.000000 0.000000
vn 0.000000 1.000000 0.000000
vn 0.000000 1.000000 0.000000
vn 0.000000 1.000000 0.000000
vn 0.000000 1.000000 0.000000
vn 0.000000 1.000000 0.000000
vn 0.000000 1.000000 0.000000
vn 0.000000 1.000000 0.000000
vn 0.000000 1.000000 0.000000
vn 0.000000 1.000000 0.000000
vn 0.000000 1.000000 0.000000
vn 0.000000 1.000000 0.000000
vn 0.000000 1.000000 0.000000
vn 0.000000 1.000000 0.000000
vn 0.000000 1.000000 0.000000
vn 0.000000 1.000000 0.000000
vn 0.000000 1.000000 0.000000
vn 0.000000 1.000000 0.000000
vn 0.000000 1.000000 0.000000
vn 0.000000 1.000000 0.000000
vn 0.000000 1.000000 0.000000
vn 0.000000 1.000000 0.000000
vn 0.000000 1.000000 0.000000
vn 0.000000 1.000000 0.000000
vn 0.000000 1.000000 0.000000
vn 0.000000 1.000000 0.000000
vn 0.000000 1.000000 0.000000
vn 0.000000 1.000000 0.000000
vn 0.000000 1.000000 0.000000
vn 0.000000 1.000000 0.000000
vn 0.000000 1.000000 0.000000
vn 0.000000 1.000000 0.000000
vn 0.000000 1.000000 0.000000
vn 0.000000 1.000000 0.000000
vn 0.000000 1.000000 0.000000
vn 0.000000 1.000000 0.000000
vn 0.000000 1.000000 0.000000
vn 0.000000 1.000000 0.000000
vn 0.000000 1.000000 0.000000
vn 0.000000 1.000000 0.000000
vn 0.000000 1.000000 0.000000
vn 0.000000 1.000000 0.000000
vn 0.000000 1.000000 0.000000
vn 0.000000 1.000000 0.000000
vn 0.000000 1.000000 0.000000
vn 0.000000 1.000000 0.000000
vn 0.000000 1.000000 0.000000
vn 0.000000 1.000000 0.000000
vn 0.000000 1.000000 0.000000
vn 0.000000 1.000000 0.000000
vn 0.000000 1.000000 0.000000
vn 0.000000 1.000000 0.000000
vn 0.000000 1.000000 0.000000
vn 0.000000 1.000000 0.000000
vn 0.000000 1.000000 0.000000
vn 0.000000 1.000000 0.000000
vn 0.000000 1.000000 0.000000
vn 0.000000 1.000000 0.000000
vn 0.000000 1.000000 0.000000
vn 0.000000 1.000000 0.000000
vn 0.000000 1.000000 0.000000
vn 0.000000 1.000000 0.000000
vn 0.000000 1.000000 0.000000
vn 0.000000 1.000000 0.000000
vn 0.000000 1.000000 0.000000
vn 0.000000 1.000000 0.000000
vn 0.000000 1.000000 0.000000
vn 0.000000 1.000000 0.000000
vn 0.000000 1.000000 0.000000
vn 0.000000 1.000000 0.000000
vn 0.000000 1.000000 0.000000
vn 0.000000 1.000000 0.000000
vn 0.000000 1.000000 0.000000
vn 0.000000 1.000000 0.000000
vn 0.000000 1.000000 0.000000
vn 0.000000 1.000000 0.000000
vn 0.000000 1.000000 0.000000
vn 0.000000 1.000000 0.000000
vn 0.000000 1.000000 0.000000
vn 0.000000 1.000000 0.000000
vn 0.000000 1.000000 0.000000
vn 0.000000 1.000000 0.000000
vn 0.000000 1.000000 0.000000
vn 0.000000 1.000000 0.000000
vn 0.000000 1.000000 0.000000
vn 0.000000 1.000000 0.000000
vn 0.000000 1.000000 0.000000
vn 0.000000 1.000000 0.000000
vn 0.000000 1.000000 0.000000
vn 0.000000 1.000000 0.000000
vn 0.000000 1.000000 0.000000
vn 0.000000 1.000000 0.000000
vn 0.000000 1.000000 0.000000
vn 0.000000 1.000000 0.000000
vn 0.000000 1.000000 0.000000
vn 0.000000 1.000000 0.000000
vn 0.000000 1.000000 0.000000
vn 0.000000 1.000000 0.000000
vn 0.000000 1.000000 0.000000
vn 0.000000 1.000000 0.000000
vn 0.000000 1.000000 0.000000
vn 0.000000 1.000000 0.000000
vn 0.000000 1.000000 0.000000
vn 0.000000 1.000000 0.000000
vn 0.000000 1.000000 0.000000
vn 0.000000 1.000000 0.000000
vn 0.000000 1.000000 0.000000
vn 0.000000 1.000000 0.000000
vn 0.000000 1.000000 0.000000
vn 0.000000 1.000000 0.000000
vn 0.000000 1.000000 0.000000
vn 0.000000 1.000000 0.000000
vn 0.000000 1.000000 0.000000
vn 0.000000 1.000000 0.000000
vn 0.000000 1.000000 0.000000
vn 0.000000 1.000000 0.000000
vn 0.000000 1.000000 0.000000
vn 0.000000 1.000000 0.000000
vn 0.000000 1.000000 0.000000
vn 0.000000 1.000000 0.000000
vn 0.000000 1.000000 0.000000
vn 0.000000 1.000000 0.000000
vn 0.000000 1.000000 0.000000
vn 0.000000 1.000000 0.000000
vn 0.000000 1.000000 0.000000
vn 0.000000 1.000000 0.000000
vn 0.000000 1.000000 0.000000
vn 0.000000 1.000000 0.000000
vn 0.000000 1.000000 0.000000
vn 0.000000 1.000000 0.000000
vn 0.000000 1.000000 0.000000
vn 0.000000 1.000000 0.000000
vn 0.000000 1.000000 0.000000
vn 0.000000 1.000000 0.000000
vn 0.000000 1.000000 0.000000
vn 0.000000 1.000000 0.000000
vn 0.000000 1.000000 0.000000
vn 0.000000 1.000000 0.000000
vn 0.000000 1.000000 0.000000
vn 0.000000 1.000000 0.000000
vn 0.000000 1.000000 0.000000
vn 0.000000 1.000000 0.000000
vn 0.000000 1.000000 0.000000
vn 0.000000 1.000000 0.000000
vn 0.000000 1.000000 0.000000
vn 0.000000 1.000000 0.000000
vn 0.000000 1.000000 0.000000
vn 0.000000 1.000000 0.000000
vn 0.000000 1.000000 0.000000
vn 0.000000 1.000000 0.000000
vn 0.000000 1.000000 0.000000
vn 0.000000 1.000000 0.000000
vn 0.000000 1.000000 0.000000
vn 0.000000 1.000000 0.000000
vn 0.000000 1.000000 0.000000
vn 0.000000 1.000000 0.000000
vn 0.000000 1.000000 0.000000
vn 0.000000 1.000000 0.000000
vn 0.000000 1.000000 0.000000
vn 0.000000 1.000000 0.000000
vn 0.000000 1.000000 0.000000
vn 0.000000 1.000000 0.000000
vn 0.000000 1.000000 0.000000
vn 0.000000 1.000000 0.000000
vn 0.000000 1.000000 0.000000
vn 0.000000 1.000000 0.000000
vn 0.000000 1.000000 0.000000
vn 0.000000 1.000000 0.000000
vn 0.000000 1.000000 0.000000
vn 0.000000 1.000000 0.000000
vn 0.000000 1.000000 0.000000
vn 0.000000 1.000000 0.000000
vn 0.000000 1.000000 0.000000
vn 0.000000 1.000000 0.000000
vn 0.000000 1.000000 0.000000
vn 0.000000 1.000000 0.000000
vn 0.000000 1.000000 0.000000
vn 0.000000 1.000000 0.000000
vn 0.000000 1.000000 0.000000
vn 0.000000 1.000000 0.000000
vn 0.000000 1.000000 0.000000
vn 0.000000 1.000000 0.000000
vn 0.000000 1.000000 0.000000
vn 0.000000 1.000000 0.000000
vn 0.000000 1.000000 0.000000
vn 0.000000 1.000000 0.000000
vn 0.000000 1.000000 0.000000
vn 0.000000 1.000000 0.000000
vn 0.000000 1.000000 0.000000
vn 0.000000 1.000000 0.000000
vn 0.000000 1.000000 0.000000
vn 0.000000 1.000000 0.000000
vn 0.000000 1.000000 0.000000
vn 0.000000 1.000000 0.000000
vn 0.000000 1.000000 0.000000
vn 0.000000 1.000000 0.000000
vn 0.000000 1.000000 0.000000
vn 0.000000 1.000000 0.000000
vn 0.000000 1.000000 0.000000
vn 0.000000 1.000000 0.000000
vn 0.000000 1.000000 0.000000
vn 0.000000 1.000000 0.000000
vn 0.000000 1.000000 0.000000
vn 0.000000 1.000000 0.000000
vn 0.000000 1.000000 0.000000
vn 0.000000 1.000000 0.000000
vn 0.000000 1.000000 0.000000
vn 0.000000 1.000000 0.000000
vn 0.000000 1.000000 0.000000
vn 0.000000 1.000000 0.000000
vn 0.000000 1.000000 0.000000
vn 0.000000 1.000000 0.000000
vn 0.000000 1.000000 0.000000
vn 0.000000 1.000000 0.000000
vn 0.000000 1.000000 0.000000
vn 0.000000 1.000000 0.000000
vn 0.000000 1.000000 0.000000
vn 0.000000 1.000000 0.000000
vn 0.000000 1.000000 0.000000
vn 0.000000 1.000000 0.000000
vn 0.000000 1.000000 0.000000
vn 0.000000 1.000000 0.000000
vn 0.000000 1.000000 0.000000
vn 0.000000 1.000000 0.000000
vn 0.000000 1.000000 0.000000
vn 0.000000 1.000000 0.000000
vn 0.000000 1.000000 0.000000
vn 0.000000 1.000000 0.000000
vn 0.000000 1.000000 0.000000
vn 0.000000 1.000000 0.000000
vn 0.000000 1.000000 0.000000
vn 0.000000 1.000000 0.000000
vn 0.000000 1.000000 0.000000
vn 0.000000 1.000000 0.000000
vn 0.000000 1.000000 0.000000
vn 0.000000 1.000000 0.000000
vn 0.000000 1.000000 0.000000
vn 0.000000 1.000000 0.000000
vn 0.000000 1.000000 0.000000
f 1//1 2//2 3//3
f 1//1 3//3 4//4
f 5//5 6//6 7//7
f 5//5 7//7 8//8
f 9//9 10//10 11//11
f 9//9 11//11 12//12
f 13//13 14//14 15//15
f 13//13 15//15 16//16
f 17//17 18//18 19//19
f 17//17 19//19 20//20
f 21//21 22//22 23//23
f 21//21 23//23 24//24
f 25//25 26//26 27//27
f 25//25 27//27 28//28
f 29//29 30//30 31//31
f 29//29 31//31 32//32
f 33//33 34//34 35//35
f 33//33 35//35 36//36
f 37//37 38//38 39//39
f 37//37 39//39 40//40
f 41//41 42//42 43//43
f 41//41 43//43 44//44
f 45//45 46//46 47//47
f 45//45 47//47 48//48
f 49//49 50//50 51//51
f 49//49 51//51 52//52
f 53//53 54//54 55//55
f 53//53 55//55 56//56
f 57//57 58//58 59//59
f 57//57 59//59 60//60
f 61//61 62//62 63//63
f 61//61 63//63 64//64
f 65//65 66//66 67//67
f 65//65 67//67 68//68
f 69//69 70//70 71//71
f 69//69 71//71 72//72
f 73//73 74//74 75//75
f 73//73 75//75 76//76
f 77//77 78//78 79//79
f 77//77 79//79 80//80
f 81//81 82//82 83//83
f 81//81 83//83 84//84
f 85//85 86//86 87//87
f 85//85 87//87 88//88
f 89//89 90//90 91//91
f 89//89 91//91 92//92
f 93//93 94//94 95//95
f 93//93 95//95 96//96
f 97//97 98//98 99//99
f 97//97 99//99 100//100
f 101//101 102//102 103//103
f 101//101 103//103 104//104
f 105//105 106//106 107//107
f 105//105 107//107 108//108
f 109//109 110//110 111//111
f 109//109 111//111 112//112
f 113//113 114//114 115//115
f 113//113 115//115 116//116
f 117//117 118//118 119//119
f 117//117 119//119 120//120
f 121//121 122//122 123//123
f 121//121 123//123 124//124
f 125//125 126//126 127//127
f 125//125 127//127 128//128
f 129//129 130//130 131//131
f 129//129 131//131 132//132
f 133//133 134//134 135//135
f 133//133 135//135 136//136
f 137//137 138//138 139//139
f 137//137 139//139 140//140
f 141//141 142//142 143//143
f 141//141 143//143 144//144
f 145//145 146//146 147//147
f 145//145 147//147 148//148
f 149//149 150//150 151//151
f 149//149 151//151 152//152
f 153//153 154//154 155//155
f 153//153 155//155 156//156
f 157//157 158//158 159//159
f 157//157 159//159 160//160
f 161//161 162//162 163//163
f 161//161 163//163 164//164
f 165//165 166//166 167//167
f 165//165 167//167 168//168
f 169//169 170//170 171//171
f 169//169 171//171 172//172
f 173//173 174//174 175//175
f 173//173 175//175 176//176
f 177//177 178//178 179//179
f 177//177 179//179 180//180
f 181//181 182//182 183//183
f 181//181 183//183 184//184
f 185//185 186//186 187//187
f 185//185 187//187 188//188
f 189//189 190//190 191//191
f 189//189 191//191 192//192
f 193//193 194//194 195//195
f 193//193 195//195 196//196
f 197//197 198//198 199//199
f 197//197 199//199 200//200
f 201//201 202//202 203//203
f 201//201 203//203 204//204
f 205//205 206//206 207//207
f 205//205 207//207 208//208
f 209//209 210//210 211//211
f 209//209 211//211 212//212
f 213//213 214//214 215//215
f 213//213 215//215 216//216
f 217//217 218//218 219//219
f 217//217 219//219 220//220
f 221//221 222//222 223//223
f 221//221 223//223 224//224
f 225//225 226//226 227//227
f 225//225 227//227 228//228
f 229//229 230//230 231//231
f 229//229 231//231 232//232
f 233//233 234//234 235//235
f 233//233 235//235 236//236
f 237//237 238//238 239//239
f 237//237 239//239 240//240
f 241//241 242//242 243//243
f 241//241 243//243 244//244
f 245//245 246//246 247//247
f 245//245 247//247 248//248
f 249//249 250//250 251//251
f 249//249 251//251 252//252
f 253//253 254//254 255//255
f 253//253 255//255 256//256
f 257//257 258//258 259//259
f 257//257 259//259 260//260
f 261//261 262//262 263//263
f 261//261 263//263 264//264
f 265//265 266//266 267//267
f 265//265 267//267 268//268
f 269//269 270//270 271//271
f 269//269 271//271 272//272
f 273//273 274//274 275//275
f 273//273 275//275 276//276
f 277//277 278//278 279//279
f 277//277 279//279 280//280
f 281//281 282//282 283//283
f 281//281 283//283 284//284
f 285//285 286//286 287//287
f 285//285 287//287 288//288
f 289//289 290//290 291//291
f 289//289 291//291 292//292
f 293//293 294//294 295//295
f 293//293 295//295 296//296
f 297//297 298//298 299//299
f 297//297 299//299 300//300
f 301//301 302//302 303//303
f 301//301 303//303 304//304
f 305//305 306//306 307//307
f 305//305 307//307 308//308
f 309//309 310//310 311//311
f 309//309 311//311 312//312
f 313//313 314//314 315//315
f 313//313 315//315 316//316
f 317//317 318//318 319//319
f 317//317 319//319 320//320
f 321//321 322//322 323//323
f 321//321 323//323 324//324
f 325//325 326//326 327//327
f 325//325 327//327 328//328
f 329//329 330//330 331//331
f 329//329 331//331 332//332
f 333//333 334//334 335//335
f 333//333 335//335 336//336
f 337//337 338//338 339//339
f 337//337 339//339 340//340
f 341//341 342//342 343//343
f 341//341 343//343 344//344
f 345//345 346//346 347//347
f 345//345 347//347 348//348
f 349//349 350//350 351//351
f 349//349 351//351 352//352
f 353//353 354//354 355//355
f 353//353 355//355 356//356
f 357//357 358//358 359//359
f 357//357 359//359 360//360
f 361//361 362//362 363//363
f 361//361 363//363 364//364
f 365//365 366//366 367//367
f 365//365 367//367 368//368
f 369//369 370//370 371//371
f 369//369 371//371 372//372
f 373//373 374//374 375//375
f 373//373 375//375 376//376
f 377//377 378//378 379//379
f 377//377 379//379 380//380
f 381//381 382//382 383//383
f 381//381 383//383 384//384
f 385//385 386//386 387//387
f 385//385 387//387 388//388
f 389//389 390//390 391//391
f 389//389 391//391 392//392
f 393//393 394//394 395//395
f 393//393 395//395 396//396
f 397//397 398//398 399//399
f 397//397 399//399 400//400
f 401//401 402//402 403//403
f 401//401 403//403 404//404
f 405//405 406//406 407//407
f 405//405 407//407 408//408
f 409//409 410//410 411//411
f 409//409 411//411 412//412
f 413//413 414//414 415//415
f 413//413 415//415 416//416
f 417//417 418//418 419//419
f 417//417 419//419 420//420
f 421//421 422//422 423//423
f 421//421 423//423 424//424
f 425//425 426//426 427//427
f 425//425 427//427 428//428
f 429//429 430//430 431//431
f 429//429 431//431 432//432
f 433//433 434//434 435//435
f 433//433 435//435 436//436
f 437//437 438//438 439//439
f 437//437 439//439 440//440
f 441//441 442//442 443//443
f 441//441 443//443 444//444
f 445//445 446//446 447//447
f 445//445 447//447 448//448
f 449//449 450//450 451//451
f 449//449 451//451 452//452
f 453//453 454//454 455//455
f 453//453 455//455 456//456
f 457//457 458//458 459//459
f 457//457 459//459 460//460
f 461//461 462//462 463//463
f 461//461 463//463 464//464
f 465//465 466//466 467//467
f 465//465 467//467 468//468
f 469//469 470//470 471//471
f 469//469 471//471 472//472
f 473//473 474//474 475//475
f 473//473 475//475 476//476
f 477//477 478//478 479//479
f 477//477 479//479 480//480
f 481//481 482//482 483//483
f 481//481 483//483 484//484
f 485//485 486//486 487//487
f 485//485 487//487 488//488
f 489//489 490//490 491//491
f 489//489 491//491 492//492
f 493//493 494//494 495//495
f 493//493 495//495 496//496
f 497//497 498//498 499//499
f 497//497 499//499 500//500
f 501//501 502//502 503//503
f 501//501 503//503 504//504
f 505//505 506//506 507//507
f 505//505 507//507 508//508
f 509//509 510//510 511//511
f 509//509 511//511 512//512
f 513//513 514//514 515//515
f 513//513 515//515 516//516
f 517//517 518//518 519//519
f 517//517 519//519 520//520
f 521//521 522//522 523//523
f 521//521 523//523 524//524
f 525//525 526//526 527//527
f 525//525 527//527 528//528
f 529//529 530//530 531//531
f 529//529 531//531 532//532
f 533//533 534//534 535//535
f 533//533 535//535 536//536
f 537//537 538//538 539//539
f 537//537 539//539 540//540
f 541//541 542//542 543//543
f 541//541 543//543 544//544
f 545//545 546//546 547//547
f 545//545 547//547 548//548
f 549//549 550//550 551//551
f 549//549 551//551 552//552
f 553//553 554//554 555//555
f 553//553 555//555 556//556
f 557//557 558//558 559//559
f 557//557 559//559 560//560
f 561//561 562//562 563//563
f 561//561 563//563 564//564
f 565//565 566//566 567//567
f 565//565 567//567 568//568
f 569//569 570//570 571//571
f 569//569 571//571 572//572
f 573//573 574//574 575//575
f 573//573 575//575 576//576
f 577//577 578//578 579//579
f 577//577 579//579 580//580
f 581//581 582//582 583//583
f 581//581 583//583 584//584
f 585//585 586//586 587//587
f 585//585 587//587 588//588
f 589//589 590//590 591//591
f 589//589 591//591 592//592
f 593//593 594//594 595//595
f 593//593 595//595 596//596
f 597//597 598//598 599//599
f 597//597 599//599 600//600
f 601//601 602//602 603//603
f 601//601 603//603 604//604
f 605//605 606//606 607//607
f 605//605 607//607 608//608
f 609//609 610//610 611//611
f 609//609 611//611 612//612
f 613//613 614//614 615//615
f 613//613 615//615 616//616
f 617//617 618//618 619//619
f 617//617 619//619 620//620
f 621//621 622//622 623//623
f 621//621 623//623 624//624
f 625//625 626//626 627//627
f 625//625 627//627 628//628
f 629//629 630//630 631//631
f 629//629 631//631 632//632
f 633//633 634//634 635//635
f 633//633 635//635 636//636
f 637//637 638//638 639//639
f 637//637 639//639 640//640
f 641//641 642//642 643//643
f 641//641 643//643 644//644
f 645//645 646//646 647//647
f 645//645 647//647 648//648
f 649//649 650//650 651//651
f 649//649 651//651 652//652
f 653//653 654//654 655//655
f 653//653 655//655 656//656
f 657//657 658//658 659//659
f 657//657 659//659 660//660
f 661//661 662//662 663//663
f 661//661 663//663 664//664
f 665//665 666//666 667//667
f 665//665 667//667 668//668
f 669//669 670//670 671//671
f 669//669 671//671 672//672
f 673//673 674//674 675//675
f 673//673 675//675 676//676
f 677//677 678//678 679//679
f 677//677 679//679 680//680
f 681//681 682//682 683//683
f 681//681 683//683 684//684
f 685//685 686//686 687//687
f 685//685 687//687 688//688
f 689//689 690//690 691//691
f 689//689 691//691 692//692
f 693//693 694//694 695//695
f 693//693 695//695 696//696
f 697//697 698//698 699//699
f 697//697 699//699 700//700
f 701//701 702//702 703//703
f 701//701 703//703 704//704
f 705//705 706//706 707//707
f 705//705 707//707 708//708
f 709//709 710//710 711//711
f 709//709 711//711 712//712
f 713//713 714//714 715//715
f 713//713 715//715 716//716
f 717//717 718//718 719//719
f 717//717 719//719 720//720
f 721//721 722//722 723//723
f 721//721 723//723 724//724
f 725//725 726//726 727//727
f 725//725 727//727 728//728
f 729//729 730//730 731//731
f 729//729 731//731 732//732
f 733//733 734//734 735//735
f 733//733 735//735 736//736
f 737//737 738//738 739//739
f 737//737 739//739 740//740
f 741//741 742//742 743//743
f 741//741 743//743 744//744
f 745//745 746//746 747//747
f 745//745 747//747 748//748
f 749//749 750//750 751//751
f 749//749 751//751 752//752
f 753//753 754//754 755//755
f 753//753 755//755 756//756
f 757//757 758//758 759//759
f 757//757 759//759 760//760
f 761//761 762//762 763//763
f 761//761 763//763 764//764
f 765//765 766//766 767//767
f 765//765 767//767 768//768
f 769//769 770//770 771//771
f 769//769 771//771 772//772
f 773//773 774//774 775//775
f 773//773 775//775 776//776
f 777//777 778//778 779//779
f 777//777 779//779 780//780
f 781//781 782//782 783//783
f 781//781 783//783 784//784
f 785//785 786//786 787//787
f 785//785 787//787 788//788
f 789//789 790//790 791//791
f 789//789 791//791 792//792
f 793//793 794//794 795//795
f 793//793 795//795 796//796
f 797//797 798//798 799//799
f 797//797 799//799 800//800
f 801//801 802//802 803//803
f 801//801 803//803 804//804
f 805//805 806//806 807//807
f 805//805 807//807 808//808
f 809//809 810//810 811//811
f 809//809 811//811 812//812
f 813//813 814//814 815//815
f 813//813 815//815 816//816
f 817//817 818//818 819//819
f 817//817 819//819 820//820
f 821//821 822//822 823//823
f 821//821 823//823 824//824
f 825//825 826//826 827//827
f 825//825 827//827 828//828
f 829//829 830//830 831//831
f 829//829 831//831 832//832
f 833//833 834//834 835//835
f 833//833 835//835 836//836
f 837//837 838//838 839//839
f 837//837 839//839 840//840
f 841//841 842//842 843//843
f 841//841 843//843 844//844
f 845//845 846//846 847//847
f 845//845 847//847 848//848
f 849//849 850//850 851//851
f 849//849 851//851 852//852
f 853//853 854//854 855//855
f 853//853 855//855 856//856
f 857//857 858//858 859//859
f 857//857 859//859 860//860
f 861//861 862//862 863//863
f 861//861 863//863 864//864
f 865//865 866//866 867//867
f 865//865 867//867 868//868
f 869//869 870//870 871//871
f 869//869 871//871 872//872
f 873//873 874//874 875//875
f 873//873 875//875 876//876
f 877//877 878//878 879//879
f 877//877 879//879 880//880
f 881//881 882//882 883//883
f 881//881 883//883 884//884
f 885//885 886//886 887//887
f 885//885 887//887 888//888
f 889//889 890//890 891//891
f 889//889 891//891 892//892
f 893//893 894//894 895//895
f 893//893 895//895 896//896
f 897//897 898//898 899//899
f 897//897 899//899 900//900
f 901//901 902//902 903//903
f 901//901 903//903 904//904
f 905//905 906//906 907//907
f 905//905 907//907 908//908
f 909//909 910//910 911//911
f 909//909 911//911 912//912
f 913//913 914//914 915//915
f 913//913 915//915 916//916
f 917//917 918//918 919//919
f 917//917 919//919 920//920
f 921//921 922//922 923//923
f 921//921 923//923 924//924
f 925//925 926//926 927//927
f 925//925 927//927 928//928
f 929//929 930//930 931//931
f 929//929 931//931 932//932
f 933//933 934//934 935//935
f 933//933 935//935 936//936
f 937//937 938//938 939//939
f 937//937 939//939 940//940
f 941//941 942//942 943//943
f 941//941 943//943 944//944
f 945//945 946//946 947//947
f 945//945 947//947 948//948
f 949//949 950//950 951//951
f 949//949 951//951 952//952
f 953//953 954//954 955//955
f 953//953 955//955 956//956
f 957//957 958//958 959//959
f 957//957 959//959 960//960
f 961//961 962//962 963//963
f 961//961 963//963 964//964
f 965//965 966//966 967//967
f 965//965 967//967 968//968
f 969//969 970//970 971//971
f 969//969 971//971 972//972
f 973//973 974//974 975//975
f 973//973 975//975 976//976
f 977//977 978//978 979//979
f 977//977 979//979 980//980
f 981//981 982//982 983//983
f 981//981 983//983 984//984
f 985//985 986//986 987//987
f 985//985 987//987 988//988
f 989//989 990//990 991//991
f 989//989 991//991 992//992
f 993//993 994//994 995//995
f 993//993 995//995 996//996
f 997//997 998//998 999//999
f 997//997 999//999 1000//1000
f 1001//1001 1002//1002 1003//1003
f 1001//1001 1003//1003 1004//1004
f 1005//1005 1006//1006 1007//1007
f 1005//1005 1007//1007 1008//1008
f 1009//1009 1010//1010 1011//1011
f 1009//1009 1011//1011 1012//1012
f 1013//1013 1014//1014 1015//1015
f 1013//1013 1015//1015 1016//1016
f 1017//1017 1018//1018 1019//1019
f 1017//1017 1019//1019 1020//1020
f 1021//1021 1022//1022 1023//1023
f 1021//1021 1023//1023 1024//1024
f 1025//1025 1026//1026 1027//1027
f 1025//1025 1027//1027 1028//1028
f 1029//1029 1030//1030 1031//1031
f 1029//1029 1031//1031 1032//1032
f 1033//1033 1034//1034 1035//1035
f 1033//1033 1035//1035 1036//1036
f 1037//1037 1038//1038 1039//1039
f 1037//1037 1039//1039 1040//1040
f 1041//1041 1042//1042 1043//1043
f 1041//1041 1043//1043 1044//1044
f 1045//1045 1046//1046 1047//1047
f 1045//1045 1047//1047 1048//1048
f 1049//1049 1050//1050 1051//1051
f 1049//1049 1051//1051 1052//1052
f 1053//1053 1054//1054 1055//1055
f 1053//1053 1055//1055 1056//1056
f 1057//1057 1058//1058 1059//1059
f 1057//1057 1059//1059 1060//1060
f 1061//1061 1062//1062 1063//1063
f 1061//1061 1063//1063 1064//1064
f 1065//1065 1066//1066 1067//1067
f 1065//1065 1067//1067 1068//1068
f 1069//1069 1070//1070 1071//1071
f 1069//1069 1071//1071 1072//1072
f 1073//1073 1074//1074 1075//1075
f 1073//1073 1075//1075 1076//1076
f 1077//1077 1078//1078 1079//1079
f 1077//1077 1079//1079 1080//1080
f 1081//1081 1082//1082 1083//1083
f 1081//1081 1083//1083 1084//1084
f 1085//1085 1086//1086 1087//1087
f 1085//1085 1087//1087 1088//1088
f 1089//1089 1090//1090 1091//1091
f 1089//1089 1091//1091 1092//1092
f 1093//1093 1094//1094 1095//1095
f 1093//1093 1095//1095 1096//1096
f 1097//1097 1098//1098 1099//1099
f 1097//1097 1099//1099 1100//1100
f 1101//1101 1102//1102 1103//1103
f 1101//1101 1103//1103 1104//1104
f 1105//1105 1106//1106 1107//1107
f 1105//1105 1107//1107 1108//1108
f 1109//1109 1110//1110 1111//1111
f 1109//1109 1111//1111 1112//1112
f 1113//1113 1114//1114 1115//1115
f 1113//1113 1115//1115 1116//1116
f 1117//1117 1118//1118 1119//1119
f 1117//1117 1119//1119 1120//1120
f 1121//1121 1122//1122 1123//1123
f 1121//1121 1123//1123 1124//1124
f 1125//1125 1126//1126 1127//1127
f 1125//1125 1127//1127 1128//1128
f 1129//1129 1130//1130 1131//1131
f 1129//1129 1131//1131 1132//1132
f 1133//1133 1134//1134 1135//1135
f 1133//1133 1135//1135 1136//1136
f 1137//1137 1138//1138 1139//1139
f 1137//1137 1139//1139 1140//1140
f 1141//1141 1142//1142 1143//1143
f 1141//1141 1143//1143 1144//1144
f 1145//1145 1146//1146 1147//1147
f 1145//1145 1147//1147 1148//1148
f 1149//1149 1150//1150 1151//1151
f 1149//1149 1151//1151 1152//1152
f 1153//1153 1154//1154 1155//1155
f 1153//1153 1155//1155 1156//1156
f 1157//1157 1158//1158 1159//1159
f 1157//1157 1159//1159 1160//1160
f 1161//1161 1162//1162 1163//1163
f 1161//1161 1163//1163 1164//1164
f 1165//1165 1166//1166 1167//1167
f 1165//1165 1167//1167 1168//1168
f 1169//1169 1170//1170 1171//1171
f 1169//1169 1171//1171 1172//1172
f 1173//1173 1174//1174 1175//1175
f 1173//1173 1175//1175 1176//1176
f 1177//1177 1178//1178 1179//1179
f 1177//1177 1179//1179 1180//1180
f 1181//1181 1182//1182 1183//1183
f 1181//1181 1183//1183 1184//1184
f 1185//1185 1186//1186 1187//1187
f 1185//1185 1187//1187 1188//1188
f 1189//1189 1190//1190 1191//1191
f 1189//1189 1191//1191 1192//1192
f 1193//1193 1194//1194 1195//1195
f 1193//1193 1195//1195 1196//1196
f 1197//1197 1198//1198 1199//1199
f 1197//1197 1199//1199 1200//1200
f 1201//1201 1202//1202 1203//1203
f 1201//1201 1203//1203 1204//1204
f 1205//1205 1206//1206 1207//1207
f 1205//1205 1207//1207 1208//1208
f 1209//1209 1210//1210 1211//1211
f 1209//1209 1211//1211 1212//1212
f 1213//1213 1214//1214 1215//1215
f 1213//1213 1215//1215 1216//1216
f 1217//1217 1218//1218 1219//1219
f 1217//1217 1219//1219 1220//1220
f 1221//1221 1222//1222 1223//1223
f 1221//1221 1223//1223 1224//1224
f 1225//1225 1226//1226 1227//1227
f 1225//1225 1227//1227 1228//1228
f 1229//1229 1230//1230 1231//1231
f 1229//1229 1231//1231 1232//1232
f 1233//1233 1234//1234 1235//1235
f 1233//1233 1235//1235 1236//1236
f 1237//1237 1238//1238 1239//1239
f 1237//1237 1239//1239 1240//1240
f 1241//1241 1242//1242 1243//1243
f 1241//1241 1243//1243 1244//1244
f 1245//1245 1246//1246 1247//1247
f 1245//1245 1247//1247 1248//1248
f 1249//1249 1250//1250 1251//1251
f 1249//1249 1251//1251 1252//1252
f 1253//1253 1254//1254 1255//1255
f 1253//1253 1255//1255 1256//1256
f 1257//1257 1258//1258 1259//1259
f 1257//1257 1259//1259 1260//1260
f 1261//1261 1262//1262 1263//1263
f 1261//1261 1263//1263 1264//1264
f 1265//1265 1266//1266 1267//1267
f 1265//1265 1267//1267 1268//1268
f 1269//1269 1270//1270 1271//1271
f 1269//1269 1271//1271 1272//1272
f 1273//1273 1274//1274 1275//1275
f 1273//1273 1275//1275 1276//1276
f 1277//1277 1278//1278 1279//1279
f 1277//1277 1279//1279 1280//1280
f 1281//1281 1282//1282 1283//1283
f 1281//1281 1283//1283 1284//1284
f 1285//1285 1286//1286 1287//1287
f 1285//1285 1287//1287 1288//1288
f 1289//1289 1290//1290 1291//1291
f 1289//1289 1291//1291 1292//1292
f 1293//1293 1294//1294 1295//1295
f 1293//1293 1295//1295 1296//1296
f 1297//1297 1298//1298 1299//1299
f 1297//1297 1299//1299 1300//1300
f 1301//1301 1302//1302 1303//1303
f 1301//1301 1303//1303 1304//1304
f 1305//1305 1306//1306 1307//1307
f 1305//1305 1307//1307 1308//1308
f 1309//1309 1310//1310 1311//1311
f 1309//1309 1311//1311 1312//1312
f 1313//1313 1314//1314 1315//1315
f 1313//1313 1315//1315 1316//1316
f 1317//1317 1318//1318 1319//1319
f 1317//1317 1319//1319 1320//1320
f 1321//1321 1322//1322 1323//1323
f 1321//1321 1323//1323 1324//1324
f 1325//1325 1326//1326 1327//1327
f 1325//1325 1327//1327 1328//1328
f 1329//1329 1330//1330 1331//1331
f 1329//1329 1331//1331 1332//1332
f 1333//1333 1334//1334 1335//1335
f 1333//1333 1335//1335 1336//1336
f 1337//1337 1338//1338 1339//1339
f 1337//1337 1339//1339 1340//1340
f 1341//1341 1342//1342 1343//1343
f 1341//1341 1343//1343 1344//1344
f 1345//1345 1346//1346 1347//1347
f 1345//1345 1347//1347 1348//1348
f 1349//1349 1350//1350 1351//1351
f 1349//1349 1351//1351 1352//1352
f 1353//1353 1354//1354 1355//1355
f 1353//1353 1355//1355 1356//1356
f 1357//1357 1358//1358 1359//1359
f 1357//1357 1359//1359 1360//1360
f 1361//1361 1362//1362 1363//1363
f 1361//1361 1363//1363 1364//1364
f 1365//1365 1366//1366 1367//1367
f 1365//1365 1367//1367 1368//1368
f 1369//1369 1370//1370 1371//1371
f 1369//1369 1371//1371 1372//1372
f 1373//1373 1374//1374 1375//1375
f 1373//1373 1375//1375 1376//1376
f 1377//1377 1378//1378 1379//1379
f 1377//1377 1379//1379 1380//1380
f 1381//1381 1382//1382 1383//1383
f 1381//1381 1383//1383 1384//1384
f 1385//1385 1386//1386 1387//1387
f 1385//1385 1387//1387 1388//1388
f 1389//1389 1390//1390 1391//1391
f 1389//1389 1391//1391 1392//1392
f 1393//1393 1394//1394 1395//1395
f 1393//1393 1395//1395 1396//1396
f 1397//1397 1398//1398 1399//1399
f 1397//1397 1399//1399 1400//1400
f 1401//1401 1402//1402 1403//1403
f 1401//1401 1403//1403 1404//1404
f 1405//1405 1406//1406 1407//1407
f 1405//1405 1407//1407 1408//1408
f 1409//1409 1410//1410 1411//1411
f 1409//1409 1411//1411 1412//1412
f 1413//1413 1414//1414 1415//1415
f 1413//1413 1415//1415 1416//1416
f 1417//1417 1418//1418 1419//1419
f 1417//1417 1419//1419 1420//1420
f 1421//1421 1422//1422 1423//1423
f 1421//1421 1423//1423 1424//1424
f 1425//1425 1426//1426 1427//1427
f 1425//1425 1427//1427 1428//1428
f 1429//1429 1430//1430 1431//1431
f 1429//1429 1431//1431 1432//1432
f 1433//1433 1434//1434 1435//1435
f 1433//1433 1435//1435 1436//1436
f 1437//1437 1438//1438 1439//1439
f 1437//1437 1439//1439 1440//1440
f 1441//1441 1442//1442 1443//1443
f 1441//1441 1443//1443 1444//1444
f 1445//1445 1446//1446 1447//1447
f 1445//1445 1447//1447 1448//1448
f 1449//1449 1450//1450 1451//1451
f 1449//1449 1451//1451 1452//1452
f 1453//1453 1454//1454 1455//1455
f 1453//1453 1455//1455 1456//1456
f 1457//1457 1458//1458 1459//1459
f 1457//1457 1459//1459 1460//1460
f 1461//1461 1462//1462 1463//1463
f 1461//1461 1463//1463 1464//1464
f 1465//1465 1466//1466 1467//1467
f 1465//1465 1467//1467 1468//1468
f 1469//1469 1470//1470 1471//1471
f 1469//1469 1471//1471 1472//1472
f 1473//1473 1474//1474 1475//1475
f 1473//1473 1475//1475 1476//1476
f 1477//1477 1478//1478 1479//1479
f 1477//1477 1479//1479 1480//1480
f 1481//1481 1482//1482 1483//1483
f 1481//1481 1483//1483 1484//1484
f 1485//1485 1486//1486 1487//1487
f 1485//1485 1487//1487 1488//1488
f 1489//1489 1490//1490 1491//1491
f 1489//1489 1491//1491 1492//1492
f 1493//1493 1494//1494 1495//1495
f 1493//1493 1495//1495 1496//1496
f 1497//1497 1498//1498 1499//1499
f 1497//1497 1499//1499 1500//1500
f 1501//1501 1502//1502 1503//1503
f 1501//1501 1503//1503 1504//1504
f 1505//1505 1506//1506 1507//1507
f 1505//1505 1507//1507 1508//1508
f 1509//1509 1510//1510 1511//1511
f 1509//1509 1511//1511 1512//1512
f 1513//1513 1514//1514 1515//1515
f 1513//1513 1515//1515 1516//1516
f 1517//1517 1518//1518 1519//1519
f 1517//1517 1519//1519 1520//1520
f 1521//1521 1522//1522 1523//1523
f 1521//1521 1523//1523 1524//1524
f 1525//1525 1526//1526 1527//1527
f 1525//1525 1527//1527 1528//1528
f 1529//1529 1530//1530 1531//1531
f 1529//1529 1531//1531 1532//1532
f 1533//1533 1534//1534 1535//1535
f 1533//1533 1535//1535 1536//1536
f 1537//1537 1538//1538 1539//1539
f 1537//1537 1539//1539 1540//1540
f 1541//1541 1542//1542 1543//1543
f 1541//1541 1543//1543 1544//1544
f 1545//1545 1546//1546 1547//1547
f 1545//1545 1547//1547 1548//1548
f 1549//1549 1550//1550 1551//1551
f 1549//1549 1551//1551 1552//1552
f 1553//1553 1554//1554 1555//1555
f 1553//1553 1555//1555 1556//1556
f 1557//1557 1558//1558 1559//1559
f 1557//1557 1559//1559 1560//1560
f 1561//1561 1562//1562 1563//1563
f 1561//1561 1563//1563 1564//1564
f 1565//1565 1566//1566 1567//1567
f 1565//1565 1567//1567 1568//1568
f 1569//1569 1570//1570 1571//1571
f 1569//1569 1571//1571 1572//1572
f 1573//1573 1574//1574 1575//1575
f 1573//1573 1575//1575 1576//1576
f 1577//1577 1578//1578 1579//1579
f 1577//1577 1579//1579 1580//1580
f 1581//1581 1582//1582 1583//1583
f 1581//1581 1583//1583 1584//1584
f 1585//1585 1586//1586 1587//1587
f 1585//1585 1587//1587 1588//1588
f 1589//1589 1590//1590 1591//1591
f 1589//1589 1591//1591 1592//1592
f 1593//1593 1594//1594 1595//1595
f 1593//1593 1595//1595 1596//1596
f 1597//1597 1598//1598 1599//1599
f 1597//1597 1599//1599 1600//1600
f 1601//1601 1602//1602 1603//1603
f 1601//1601 1603//1603 1604//1604
f 1605//1605 1606//1606 1607//1607
f 1605//1605 1607//1607 1608//1608
f 1609//1609 1610//1610 1611//1611
f 1609//1609 1611//1611 1612//1612
f 1613//1613 1614//1614 1615//1615
f 1613//1613 1615//1615 1616//1616
f 1617//1617 1618//1618 1619//1619
f 1617//1617 1619//1619 1620//1620
f 1621//1621 1622//1622 1623//1623
f 1621//1621 1623//1623 1624//1624
f 1625//1625 1626//1626 1627//1627
f 1625//1625 1627//1627 1628//1628
f 1629//1629 1630//1630 1631//1631
f 1629//1629 1631//1631 1632//1632
f 1633//1633 1634//1634 1635//1635
f 1633//1633 1635//1635 1636//1636
f 1637//1637 1638//1638 1639//1639
f 1637//1637 1639//1639 1640//1640
f 1641//1641 1642//1642 1643//1643
f 1641//1641 1643//1643 1644//1644
f 1645//1645 1646//1646 1647//1647
f 1645//1645 1647//1647 1648//1648
f 1649//1649 1650//1650 1651//1651
f 1649//1649 1651//1651 1652//1652
f 1653//1653 1654//1654 1655//1655
f 1653//1653 1655//1655 1656//1656
f 1657//1657 1658//1658 1659//1659
f 1657//1657 1659//1659 1660//1660
f 1661//1661 1662//1662 1663//1663
f 1661//1661 1663//1663 1664//1664
f 1665//1665 1666//1666 1667//1667
f 1665//1665 1667//1667 1668//1668
f 1669//1669 1670//1670 1671//1671
f 1669//1669 1671//1671 1672//1672
f 1673//1673 1674//1674 1675//1675
f 1673//1673 1675//1675 1676//1676
f 1677//1677 1678//1678 1679//1679
f 1677//1677 1679//1679 1680//1680
f 1681//1681 1682//1682 1683//1683
f 1681//1681 1683//1683 1684//1684
f 1685//1685 1686//1686 1687//1687
f 1685//1685 1687//1687 1688//1688
f 1689//1689 1690//1690 1691//1691
f 1689//1689 1691//1691 1692//1692
f 1693//1693 1694//1694 1695//1695
f 1693//1693 1695//1695 1696//1696
f 1697//1697 1698//1698 1699//1699
f 1697//1697 1699//1699 1700//1700
f 1701//1701 1702//1702 1703//1703
f 1701//1701 1703//1703 1704//1704
f 1705//1705 1706//1706 1707//1707
f 1705//1705 1707//1707 1708//1708
f 1709//1709 1710//1710 1711//1711
f 1709//1709 1711//1711 1712//1712
f 1713//1713 1714//1714 1715//1715
f 1713//1713 1715//1715 1716//1716
f 1717//1717 1718//1718 1719//1719
f 1717//1717 1719//1719 1720//1720
f 1721//1721 1722//1722 1723//1723
f 1721//1721 1723//1723 1724//1724
f 1725//1725 1726//1726 1727//1727
f 1725//1725 1727//1727 1728//1728
f 1729//1729 1730//1730 1731//1731
f 1729//1729 1731//1731 1732//1732
f 1733//1733 1734//1734 1735//1735
f 1733//1733 1735//1735 1736//1736
f 1737//1737 1738//1738 1739//1739
f 1737//1737 1739//1739 1740//1740
f 1741//1741 1742//1742 1743//1743
f 1741//1741 1743//1743 1744//1744
f 1745//1745 1746//1746 1747//1747
f 1745//1745 1747//1747 1748//1748
f 1749//1749 1750//1750 1751//1751
f 1749//1749 1751//1751 1752//1752
f 1753//1753 1754//1754 1755//1755
f 1753//1753 1755//1755 1756//1756
f 1757//1757 1758//1758 1759//1759
f 1757//1757 1759//1759 1760//1760
f 1761//1761 1762//1762 1763//1763
f 1761//1761 1763//1763 1764//1764
f 1765//1765 1766//1766 1767//1767
f 1765//1765 1767//1767 1768//1768
f 1769//1769 1770//1770 1771//1771
f 1769//1769 1771//1771 1772//1772
f 1773//1773 1774//1774 1775//1775
f 1773//1773 1775//1775 1776//1776
f 1777//1777 1778//1778 1779//1779
f 1777//1777 1779//1779 1780//1780
f 1781//1781 1782//1782 1783//1783
f 1781//1781 1783//1783 1784//1784
f 1785//1785 1786//1786 1787//1787
f 1785//1785 1787//1787 1788//1788
f 1789//1789 1790//1790 1791//1791
f 1789//1789 1791//1791 1792//1792
f 1793//1793 1794//1794 1795//1795
f 1793//1793 1795//1795 1796//1796
f 1797//1797 1798//1798 1799//1799
f 1797//1797 1799//1799 1800//1800
f 1801//1801 1802//1802 1803//1803
f 1801//1801 1803//1803 1804//1804
f 1805//1805 1806//1806 1807//1807
f 1805//1805 1807//1807 1808//1808
f 1809//1809 1810//1810 1811//1811
f 1809//1809 1811//1811 1812//1812
f 1813//1813 1814//1814 1815//1815
f 1813//1813 1815//1815 1816//1816
f 1817//1817 1818//1818 1819//1819
f 1817//1817 1819//1819 1820//1820
f 1821//1821 1822//1822 1823//1823
f 1821//1821 1823//1823 1824//1824
f 1825//1825 1826//1826 1827//1827
f 1825//1825 1827//1827 1828//1828
f 1829//1829 1830//1830 1831//1831
f 1829//1829 1831//1831 1832//1832
f 1833//1833 1834//1834 1835//1835
f 1833//1833 1835//1835 1836//1836
f 1837//1837 1838//1838 1839//1839
f 1837//1837 1839//1839 1840//1840
f 1841//1841 1842//1842 1843//1843
f 1841//1841 1843//1843 1844//1844
f 1845//1845 1846//1846 1847//1847
f 1845//1845 1847//1847 1848//1848
f 1849//1849 1850//1850 1851//1851
f 1849//1849 1851//1851 1852//1852
f 1853//1853 1854//1854 1855//1855
f 1853//1853 1855//1855 1856//1856
f 1857//1857 1858//1858 1859//1859
f 1857//1857 1859//1859 1860//1860
f 1861//1861 1862//1862 1863//1863
f 1861//1861 1863//1863 1864//1864
f 1865//1865 1866//1866 1867//1867
f 1865//1865 1867//1867 1868//1868
f 1869//1869 1870//1870 1871//1871
f 1869//1869 1871//1871 1872//1872
f 1873//1873 1874//1874 1875//1875
f 1873//1873 1875//1875 1876//1876
f 1877//1877 1878//1878 1879//1879
f 1877//1877 1879//1879 1880//1880
f 1881//1881 1882//1882 1883//1883
f 1881//1881 1883//1883 1884//1884
f 1885//1885 1886//1886 1887//1887
f 1885//1885 1887//1887 1888//1888
f 1889//1889 1890//1890 1891//1891
f 1889//1889 1891//1891 1892//1892
f 1893//1893 1894//1894 1895//1895
f 1893//1893 1895//1895 1896//1896
f 1897//1897 1898//1898 1899//1899
f 1897//1897 1899//1899 1900//1900
f 1901//1901 1902//1902 1903//1903
f 1901//1901 1903//1903 1904//1904
f 1905//1905 1906//1906 1907//1907
f 1905//1905 1907//1907 1908//1908
f 1909//1909 1910//1910 1911//1911
f 1909//1909 1911//1911 1912//1912
f 1913//1913 1914//1914 1915//1915
f 1913//1913 1915//1915 1916//1916
f 1917//1917 1918//1918 1919//1919
f 1917//1917 1919//1919 1920//1920
f 1921//1921 1922//1922 1923//1923
f 1921//1921 1923//1923 1924//1924
f 1925//1925 1926//1926 1927//1927
f 1925//1925 1927//1927 1928//1928
f 1929//1929 1930//1930 1931//1931
f 1929//1929 1931//1931 1932//1932
f 1933//1933 1934//1934 1935//1935
f 1933//1933 1935//1935 1936//1936
f 1937//1937 1938//1938 1939//1939
f 1937//1937 1939//1939 1940//1940
f 1941//1941 1942//1942 1943//1943
f 1941//1941 1943//1943 1944//1944
f 1945//1945 1946//1946 1947//1947
f 1945//1945 1947//1947 1948//1948
f 1949//1949 1950//1950 1951//1951
f 1949//1949 1951//1951 1952//1952
f 1953//1953 1954//1954 1955//1955
f 1953//1953 1955//1955 1956//1956
f 1957//1957 1958//1958 1959//1959
f 1957//1957 1959//1959 1960//1960
f 1961//1961 1962//1962 1963//1963
f 1961//1961 1963//1963 1964//1964
f 1965//1965 1966//1966 1967//1967
f 1965//1965 1967//1967 1968//1968
f 1969//1969 1970//1970 1971//1971
f 1969//1969 1971//1971 1972//1972
f 1973//1973 1974//1974 1975//1975
f 1973//1973 1975//1975 1976//1976
f 1977//1977 1978//1978 1979//1979
f 1977//1977 1979//1979 1980//1980
f 1981//1981 1982//1982 1983//1983
f 1981//1981 1983//1983 1984//1984
f 1985//1985 1986//1986 1987//1987
f 1985//1985 1987//1987 1988//1988
f 1989//1989 1990//1990 1991//1991
f 1989//1989 1991//1991 1992//1992
f 1993//1993 1994//1994 1995//1995
f 1993//1993 1995//1995 1996//1996
f 1997//1997 1998//1998 1999//1999
f 1997//1997 1999//1999 2000//2000
f 2001//2001 2002//2002 2003//2003
f 2001//2001 2003//2003 2004//2004
f 2005//2005 2006//2006 2007//2007
f 2005//2005 2007//2007 2008//2008
f 2009//2009 2010//2010 2011//2011
f 2009//2009 2011//2011 2012//2012
f 2013//2013 2014//2014 2015//2015
f 2013//2013 2015//2015 2016//2016
f 2017//2017 2018//2018 2019//2019
f 2017//2017 2019//2019 2020//2020
f 2021//2021 2022//2022 2023//2023
f 2021//2021 2023//2023 2024//2024
f 2025//2025 2026//2026 2027//2027
f 2025//2025 2027//2027 2028//2028
f 2029//2029 2030//2030 2031//2031
f 2029//2029 2031//2031 2032//2032
f 2033//2033 2034//2034 2035//2035
f 2033//2033 2035//2035 2036//2036
f 2037//2037 2038//2038 2039//2039
f 2037//2037 2039//2039 2040//2040
f 2041//2041 2042//2042 2043//2043
f 2041//2041 2043//2043 2044//2044
f 2045//2045 2046//2046 2047//2047
f 2045//2045 2047//2047 2048//2048
f 2049//2049 2050//2050 2051//2051
f 2049//2049 2051//2051 2052//2052
f 2053//2053 2054//2054 2055//2055
f 2053//2053 2055//2055 2056//2056
f 2057//2057 2058//2058 2059//2059
f 2057//2057 2059//2059 2060//2060
f 2061//2061 2062//2062 2063//2063
f 2061//2061 2063//2063 2064//2064
f 2065//2065 2066//2066 2067//2067
f 2065//2065 2067//2067 2068//2068
f 2069//2069 2070//2070 2071//2071
f 2069//2069 2071//2071 2072//2072
f 2073//2073 2074//2074 2075//2075
f 2073//2073 2075//2075 2076//2076
f 2077//2077 2078//2078 2079//2079
f 2077//2077 2079//2079 2080//2080
f 2081//2081 2082//2082 2083//2083
f 2081//2081 2083//2083 2084//2084
f 2085//2085 2086//2086 2087//2087
f 2085//2085 2087//2087 2088//2088
f 2089//2089 2090//2090 2091//2091
f 2089//2089 2091//2091 2092//2092
f 2093//2093 2094//2094 2095//2095
f 2093//2093 2095//2095 2096//2096
f 2097//2097 2098//2098 2099//2099
f 2097//2097 2099//2099 2100//2100
f 2101//2101 2102//2102 2103//2103
f 2101//2101 2103//2103 2104//2104
f 2105//2105 2106//2106 2107//2107
f 2105//2105 2107//2107 2108//2108
f 2109//2109 2110//2110 2111//2111
f 2109//2109 2111//2111 2112//2112
f 2113//2113 2114//2114 2115//2115
f 2113//2113 2115//2115 2116//2116
f 2117//2117 2118//2118 2119//2119
f 2117//2117 2119//2119 2120//2120
f 2121//2121 2122//2122 2123//2123
f 2121//2121 2123//2123 2124//2124
f 2125//2125 2126//2126 2127//2127
f 2125//2125 2127//2127 2128//2128
f 2129//2129 2130//2130 2131//2131
f 2129//2129 2131//2131 2132//2132
f 2133//2133 2134//2134 2135//2135
f 2133//2133 2135//2135 2136//2136
f 2137//2137 2138//2138 2139//2139
f 2137//2137 2139//2139 2140//2140
f 2141//2141 2142//2142 2143//2143
f 2141//2141 2143//2143 2144//2144
f 2145//2145 2146//2146 2147//2147
f 2145//2145 2147//2147 2148//2148
f 2149//2149 2150//2150 2151//2151
f 2149//2149 2151//2151 2152//2152
f 2153//2153 2154//2154 2155//2155
f 2153//2153 2155//2155 2156//2156
f 2157//2157 2158//2158 2159//2159
f 2157//2157 2159//2159 2160//2160
f 2161//2161 2162//2162 2163//2163
f 2161//2161 2163//2163 2164//2164
f 2165//2165 2166//2166 2167//2167
f 2165//2165 2167//2167 2168//2168
f 2169//2169 2170//2170 2171//2171
f 2169//2169 2171//2171 2172//2172
f 2173//2173 2174//2174 2175//2175
f 2173//2173 2175//2175 2176//2176
f 2177//2177 2178//2178 2179//2179
f 2177//2177 2179//2179 2180//2180
f 2181//2181 2182//2182 2183//2183
f 2181//2181 2183//2183 2184//2184
f 2185//2185 2186//2186 2187//2187
f 2185//2185 2187//2187 2188//2188
f 2189//2189 2190//2190 2191//2191
f 2189//2189 2191//2191 2192//2192
f 2193//2193 2194//2194 2195//2195
f 2193//2193 2195//2195 2196//2196
f 2197//2197 2198//2198 2199//2199
f 2197//2197 2199//2199 2200//2200
f 2201//2201 2202//2202 2203//2203
f 2201//2201 2203//2203 2204//2204
f 2205//2205 2206//2206 2207//2207
f 2205//2205 2207//2207 2208//2208
f 2209//2209 2210//2210 2211//2211
f 2209//2209 2211//2211 2212//2212
f 2213//2213 2214//2214 2215//2215
f 2213//2213 2215//2215 2216//2216
f 2217//2217 2218//2218 2219//2219
f 2217//2217 2219//2219 2220//2220
f 2221//2221 2222//2222 2223//2223
f 2221//2221 2223//2223 2224//2224
f 2225//2225 2226//2226 2227//2227
f 2225//2225 2227//2227 2228//2228
f 2229//2229 2230//2230 2231//2231
f 2229//2229 2231//2231 2232//2232
f 2233//2233 2234//2234 2235//2235
f 2233//2233 2235//2235 2236//2236
f 2237//2237 2238//2238 2239//2239
f 2237//2237 2239//2239 2240//2240
f 2241//2241 2242//2242 2243//2243
f 2241//2241 2243//2243 2244//2244
f 2245//2245 2246//2246 2247//2247
f 2245//2245 2247//2247 2248//2248
f 2249//2249 2250//2250 2251//2251
f 2249//2249 2251//2251 2252//2252
f 2253//2253 2254//2254 2255//2255
f 2253//2253 2255//2255 2256//2256
f 2257//2257 2258//2258 2259//2259
f 2257//2257 2259//2259 2260//2260
f 2261//2261 2262//2262 2263//2263
f 2261//2261 2263//2263 2264//2264
f 2265//2265 2266//2266 2267//2267
f 2265//2265 2267//2267 2268//2268
f 2269//2269 2270//2270 2271//2271
f 2269//2269 2271//2271 2272//2272
f 2273//2273 2274//2274 2275//2275
f 2273//2273 2275//2275 2276//2276
f 2277//2277 2278//2278 2279//2279
f 2277//2277 2279//2279 2280//2280
f 2281//2281 2282//2282 2283//2283
f 2281//2281 2283//2283 2284//2284
f 2285//2285 2286//2286 2287//2287
f 2285//2285 2287//2287 2288//2288
f 2289//2289 2290//2290 2291//2291
f 2289//2289 2291//2291 2292//2292
f 2293//2293 2294//2294 2295//2295
f 2293//2293 2295//2295 2296//2296
f 2297//2297 2298//2298 2299//2299
f 2297//2297 2299//2299 2300//2300
f 2301//2301 2302//2302 2303//2303
f 2301//2301 2303//2303 2304//2304
f 2305//2305 2306//2306 2307//2307
f 2305//2305 2307//2307 2308//2308
f 2309//2309 2310//2310 2311//2311
f 2309//2309 2311//2311 2312//2312
f 2313//2313 2314//2314 2315//2315
f 2313//2313 2315//2315 2316//2316
f 2317//2317 2318//2318 2319//2319
f 2317//2317 2319//2319 2320//2320
f 2321//2321 2322//2322 2323//2323
f 2321//2321 2323//2323 2324//2324
f 2325//2325 2326//2326 2327//2327
f 2325//2325 2327//2327 2328//2328
f 2329//2329 2330//2330 2331//2331
f 2329//2329 2331//2331 2332//2332
f 2333//2333 2334//2334 2335//2335
f 2333//2333 2335//2335 2336//2336
f 2337//2337 2338//2338 2339//2339
f 2337//2337 2339//2339 2340//2340
f 2341//2341 2342//2342 2343//2343
f 2341//2341 2343//2343 2344//2344
f 2345//2345 2346//2346 2347//2347
f 2345//2345 2347//2347 2348//2348
f 2349//2349 2350//2350 2351//2351
f 2349//2349 2351//2351 2352//2352
f 2353//2353 2354//2354 2355//2355
f 2353//2353 2355//2355 2356//2356
f 2357//2357 2358//2358 2359//2359
f 2357//2357 2359//2359 2360//2360
f 2361//2361 2362//2362 2363//2363
f 2361//2361 2363//2363 2364//2364
f 2365//2365 2366//2366 2367//2367
f 2365//2365 2367//2367 2368//2368
f 2369//2369 2370//2370 2371//2371
f 2369//2369 2371//2371 2372//2372
f 2373//2373 2374//2374 2375//2375
f 2373//2373 2375//2375 2376//2376
f 2377//2377 2378//2378 2379//2379
f 2377//2377 2379//2379 2380//2380
f 2381//2381 2382//2382 2383//2383
f 2381//2381 2383//2383 2384//2384
f 2385//2385 2386//2386 2387//2387
f 2385//2385 2387//2387 2388//2388
f 2389//2389 2390//2390 2391//2391
f 2389//2389 2391//2391 2392//2392
f 2393//2393 2394//2394 2395//2395
f 2393//2393 2395//2395 2396//2396
f 2397//2397 2398//2398 2399//2399
f 2397//2397 2399//2399 2400//2400
f 2401//2401 2402//2402 2403//2403
f 2401//2401 2403//2403 2404//2404
f 2405//2405 2406//2406 2407//2407
f 2405//2405 2407//2407 2408//2408
f 2409//2409 2410//2410 2411//2411
f 2409//2409 2411//2411 2412//2412
f 2413//2413 2414//2414 2415//2415
f 2413//2413 2415//2415 2416//2416
f 2417//2417 2418//2418 2419//2419
f 2417//2417 2419//2419 2420//2420
f 2421//2421 2422//2422 2423//2423
f 2421//2421 2423//2423 2424//2424
f 2425//2425 2426//2426 2427//2427
f 2425//2425 2427//2427 2428//2428
f 2429//2429 2430//2430 2431//2431
f 2429//2429 2431//2431 2432//2432
f 2433//2433 2434//2434 2435//2435
f 2433//2433 2435//2435 2436//2436
f 2437//2437 2438//2438 2439//2439
f 2437//2437 2439//2439 2440//2440
f 2441//2441 2442//2442 2443//2443
f 2441//2441 2443//2443 2444//2444
f 2445//2445 2446//2446 2447//2447
f 2445//2445 2447//2447 2448//2448
f 2449//2449 2450//2450 2451//2451
f 2449//2449 2451//2451 2452//2452
f 2453//2453 2454//2454 2455//2455
f 2453//2453 2455//2455 2456//2456
f 2457//2457 2458//2458 2459//2459
f 2457//2457 2459//2459 2460//2460
f 2461//2461 2462//2462 2463//2463
f 2461//2461 2463//2463 2464//2464
f 2465//2465 2466//2466 2467//2467
f 2465//2465 2467//2467 2468//2468
f 2469//2469 2470//2470 2471//2471
f 2469//2469 2471//2471 2472//2472
f 2473//2473 2474//2474 2475//2475
f 2473//2473 2475//2475 2476//2476
f 2477//2477 2478//2478 2479//2479
f 2477//2477 2479//2479 2480//2480
f 2481//2481 2482//2482 2483//2483
f 2481//2481 2483//2483 2484//2484
f 2485//2485 2486//2486 2487//2487
f 2485//2485 2487//2487 2488//2488
f 2489//2489 2490//2490 2491//2491
f 2489//2489 2491//2491 2492//2492
f 2493//2493 2494//2494 2495//2495
f 2493//2493 2495//2495 2496//2496
f 2497//2497 2498//2498 2499//2499
f 2497//2497 2499//2499 2500//2500
f 2501//2501 2502//2502 2503//2503
f 2501//2501 2503//2503 2504//2504
f 2505//2505 2506//2506 2507//2507
f 2505//2505 2507//2507 2508//2508
f 2509//2509 2510//2510 2511//2511
f 2509//2509 2511//2511 2512//2512
f 2513//2513 2514//2514 2515//2515
f 2513//2513 2515//2515 2516//2516
f 2517//2517 2518//2518 2519//2519
f 2517//2517 2519//2519 2520//2520
f 2521//2521 2522//2522 2523//2523
f 2521//2521 2523//2523 2524//2524
f 2525//2525 2526//2526 2527//2527
f 2525//2525 2527//2527 2528//2528
f 2529//2529 2530//2530 2531//2531
f 2529//2529 2531//2531 2532//2532
f 2533//2533 2534//2534 2535//2535
f 2533//2533 2535//2535 2536//2536
f 2537//2537 2538//2538 2539//2539
f 2537//2537 2539//2539 2540//2540
f 2541//2541 2542//2542 2543//2543
f 2541//2541 2543//2543 2544//2544
f 2545//2545 2546//2546 2547//2547
f 2545//2545 2547//2547 2548//2548
f 2549//2549 2550//2550 2551//2551
f 2549//2549 2551//2551 2552//2552
f 2553//2553 2554//2554 2555//2555
f 2553//2553 2555//2555 2556//2556
f 2557//2557 2558//2558 2559//2559
f 2557//2557 2559//2559 2560//2560
f 2561//2561 2562//2562 2563//2563
f 2561//2561 2563//2563 2564//2564
f 2565//2565 2566//2566 2567//2567
f 2565//2565 2567//2567 2568//2568
f 2569//2569 2570//2570 2571//2571
f 2569//2569 2571//2571 2572//2572
f 2573//2573 2574//2574 2575//2575
f 2573//2573 2575//2575 2576//2576
f 2577//2577 2578//2578 2579//2579
f 2577//2577 2579//2579 2580//2580
f 2581//2581 2582//2582 2583//2583
f 2581//2581 2583//2583 2584//2584
f 2585//2585 2586//2586 2587//2587
f 2585//2585 2587//2587 2588//2588
f 2589//2589 2590//2590 2591//2591
f 2589//2589 2591//2591 2592//2592
f 2593//2593 2594//2594 2595//2595
f 2593//2593 2595//2595 2596//2596
f 2597//2597 2598//2598 2599//2599
f 2597//2597 2599//2599 2600//2600
f 2601//2601 2602//2602 2603//2603
f 2601//2601 2603//2603 2604//2604
f 2605//2605 2606//2606 2607//2607
f 2605//2605 2607//2607 2608//2608
f 2609//2609 2610//2610 2611//2611
f 2609//2609 2611//2611 2612//2612
f 2613//2613 2614//2614 2615//2615
f 2613//2613 2615//2615 2616//2616
f 2617//2617 2618//2618 2619//2619
f 2617//2617 2619//2619 2620//2620
f 2621//2621 2622//2622 2623//2623
f 2621//2621 2623//2623 2624//2624
f 2625//2625 2626//2626 2627//2627
f 2625//2625 2627//2627 2628//2628
f 2629//2629 2630//2630 2631//2631
f 2629//2629 2631//2631 2632//2632
f 2633//2633 2634//2634 2635//2635
f 2633//2633 2635//2635 2636//2636
f 2637//2637 2638//2638 2639//2639
f 2637//2637 2639//2639 2640//2640
f 2641//2641 2642//2642 2643//2643
f 2641//2641 2643//2643 2644//2644
f 2645//2645 2646//2646 2647//2647
f 2645//2645 2647//2647 2648//2648
f 2649//2649 2650//2650 2651//2651
f 2649//2649 2651//2651 2652//2652
f 2653//2653 2654//2654 2655//2655
f 2653//2653 2655//2655 2656//2656
f 2657//2657 2658//2658 2659//2659
f 2657//2657 2659//2659 2660//2660
f 2661//2661 2662//2662 2663//2663
f 2661//2661 2663//2663 2664//2664
f 2665//2665 2666//2666 2667//2667
f 2665//2665 2667//2667 2668//2668
f 2669//2669 2670//2670 2671//2671
f 2669//2669 2671//2671 2672//2672
f 2673//2673 2674//2674 2675//2675
f 2673//2673 2675//2675 2676//2676
f 2677//2677 2678//2678 2679//2679
f 2677//2677 2679//2679 2680//2680
f 2681//2681 2682//2682 2683//2683
f 2681//2681 2683//2683 2684//2684
f 2685//2685 2686//2686 2687//2687
f 2685//2685 2687//2687 2688//2688
f 2689//2689 2690//2690 2691//2691
f 2689//2689 2691//2691 2692//2692
f 2693//2693 2694//2694 2695//2695
f 2693//2693 2695//2695 2696//2696
f 2697//2697 2698//2698 2699//2699
f 2697//2697 2699//2699 2700//2700
f 2701//2701 2702//2702 2703//2703
f 2701//2701 2703//2703 2704//2704
f 2705//2705 2706//2706 2707//2707
f 2705//2705 2707//2707 2708//2708
f 2709//2709 2710//2710 2711//2711
f 2709//2709 2711//2711 2712//2712
f 2713//2713 2714//2714 2715//2715
f 2713//2713 2715//2715 2716//2716
f 2717//2717 2718//2718 2719//2719
f 2717//2717 2719//2719 2720//2720
f 2721//2721 2722//2722 2723//2723
f 2721//2721 2723//2723 2724//2724
f 2725//2725 2726//2726 2727//2727
f 2725//2725 2727//2727 2728//2728
f 2729//2729 2730//2730 2731//2731
f 2729//2729 2731//2731 2732//2732
f 2733//2733 2734//2734 2735//2735
f 2733//2733 2735//2735 2736//2736
f 2737//2737 2738//2738 2739//2739
f 2737//2737 2739//2739 2740//2740
f 2741//2741 2742//2742 2743//2743
f 2741//2741 2743//2743 2744//2744
f 2745//2745 2746//2746 2747//2747
f 2745//2745 2747//2747 2748//2748
f 2749//2749 2750//2750 2751//2751
f 2749//2749 2751//2751 2752//2752
f 2753//2753 2754//2754 2755//2755
f 2753//2753 2755//2755 2756//2756
f 2757//2757 2758//2758 2759//2759
f 2757//2757 2759//2759 2760//2760
f 2761//2761 2762//2762 2763//2763
f 2761//2761 2763//2763 2764//2764
f 2765//2765 2766//2766 2767//2767
f 2765//2765 2767//2767 2768//2768
f 2769//2769 2770//2770 2771//2771
f 2769//2769 2771//2771 2772//2772
f 2773//2773 2774//2774 2775//2775
f 2773//2773 2775//2775 2776//2776
f 2777//2777 2778//2778 2779//2779
f 2777//2777 2779//2779 2780//2780
f 2781//2781 2782//2782 2783//2783
f 2781//2781 2783//2783 2784//2784
f 2785//2785 2786//2786 2787//2787
f 2785//2785 2787//2787 2788//2788
f 2789//2789 2790//2790 2791//2791
f 2789//2789 2791//2791 2792//2792
f 2793//2793 2794//2794 2795//2795
f 2793//2793 2795//2795 2796//2796
f 2797//2797 2798//2798 2799//2799
f 2797//2797 2799//2799 2800//2800
f 2801//2801 2802//2802 2803//2803
f 2801//2801 2803//2803 2804//2804
f 2805//2805 2806//2806 2807//2807
f 2805//2805 2807//2807 2808//2808
f 2809//2809 2810//2810 2811//2811
f 2809//2809 2811//2811 2812//2812
f 2813//2813 2814//2814 2815//2815
f 2813//2813 2815//2815 2816//2816
f 2817//2817 2818//2818 2819//2819
f 2817//2817 2819//2819 2820//2820
f 2821//2821 2822//2822 2823//2823
f 2821//2821 2823//2823 2824//2824
f 2825//2825 2826//2826 2827//2827
f 2825//2825 2827//2827 2828//2828
f 2829//2829 2830//2830 2831//2831
f 2829//2829 2831//2831 2832//2832
f 2833//2833 2834//2834 2835//2835
f 2833//2833 2835//2835 2836//2836
f 2837//2837 2838//2838 2839//2839
f 2837//2837 2839//2839 2840//2840
f 2841//2841 2842//2842 2843//2843
f 2841//2841 2843//2843 2844//2844
f 2845//2845 2846//2846 2847//2847
f 2845//2845 2847//2847 2848//2848
f 2849//2849 2850//2850 2851//2851
f 2849//2849 2851//2851 2852//2852
f 2853//2853 2854//2854 2855//2855
f 2853//2853 2855//2855 2856//2856
f 2857//2857 2858//2858 2859//2859
f 2857//2857 2859//2859 2860//2860
f 2861//2861 2862//2862 2863//2863
f 2861//2861 2863//2863 2864//2864
f 2865//2865 2866//2866 2867//2867
f 2865//2865 2867//2867 2868//2868
f 2869//2869 2870//2870 2871//2871
f 2869//2869 2871//2871 2872//2872
f 2873//2873 2874//2874 2875//2875
f 2873//2873 2875//2875 2876//2876
f 2877//2877 2878//2878 2879//2879
f 2877//2877 2879//2879 2880//2880
f 2881//2881 2882//2882 2883//2883
f 2881//2881 2883//2883 2884//2884
f 2885//2885 2886//2886 2887//2887
f 2885//2885 2887//2887 2888//2888
f 2889//2889 2890//2890 2891//2891
f 2889//2889 2891//2891 2892//2892
f 2893//2893 2894//2894 2895//2895
f 2893//2893 2895//2895 2896//2896
f 2897//2897 2898//2898 2899//2899
f 2897//2897 2899//2899 2900//2900
f 2901//2901 2902//2902 2903//2903
f 2901//2901 2903//2903 2904//2904
f 2905//2905 2906//2906 2907//2907
f 2905//2905 2907//2907 2908//2908
f 2909//2909 2910//2910 2911//2911
f 2909//2909 2911//2911 2912//2912
f 2913//2913 2914//2914 2915//2915
f 2913//2913 2915//2915 2916//2916
f 2917//2917 2918//2918 2919//2919
f 2917//2917 2919//2919 2920//2920
f 2921//2921 2922//2922 2923//2923
f 2921//2921 2923//2923 2924//2924
f 2925//2925 2926//2926 2927//2927
f 2925//2925 2927//2927 2928//2928
f 2929//2929 2930//2930 2931//2931
f 2929//2929 2931//2931 2932//2932
f 2933//2933 2934//2934 2935//2935
f 2933//2933 2935//2935 2936//2936
f 2937//2937 2938//2938 2939//2939
f 2937//2937 2939//2939 2940//2940
f 2941//2941 2942//2942 2943//2943
f 2941//2941 2943//2943 2944//2944
f 2945//2945 2946//2946 2947//2947
f 2945//2945 2947//2947 2948//2948
f 2949//2949 2950//2950 2951//2951
f 2949//2949 2951//2951 2952//2952
f 2953//2953 2954//2954 2955//2955
f 2953//2953 2955//2955 2956//2956
f 2957//2957 2958//2958 2959//2959
f 2957//2957 2959//2959 2960//2960
f 2961//2961 2962//2962 2963//2963
f 2961//2961 2963//2963 2964//2964
f 2965//2965 2966//2966 2967//2967
f 2965//2965 2967//2967 2968//2968
f 2969//2969 2970//2970 2971//2971
f 2969//2969 2971//2971 2972//2972
f 2973//2973 2974//2974 2975//2975
f 2973//2973 2975//2975 2976//2976
f 2977//2977 2978//2978 2979//2979
f 2977//2977 2979//2979 2980//2980
f 2981//2981 2982//2982 2983//2983
f 2981//2981 2983//2983 2984//2984
f 2985//2985 2986//2986 2987//2987
f 2985//2985 2987//2987 2988//2988
f 2989//2989 2990//2990 2991//2991
f 2989//2989 2991//2991 2992//2992
f 2993//2993 2994//2994 2995//2995
f 2993//2993 2995//2995 2996//2996
f 2997//2997 2998//2998 2999//2999
f 2997//2997 2999//2999 3000//3000
f 3001//3001 3002//3002 3003//3003
f 3001//3001 3003//3003 3004//3004
f 3005//3005 3006//3006 3007//3007
f 3005//3005 3007//3007 3008//3008
f 3009//3009 3010//3010 3011//3011
f 3009//3009 3011//3011 3012//3012
f 3013//3013 3014//3014 3015//3015
f 3013//3013 3015//3015 3016//3016
f 3017//3017 3018//3018 3019//3019
f 3017//3017 3019//3019 3020//3020
f 3021//3021 3022//3022 3023//3023
f 3021//3021 3023//3023 3024//3024
f 3025//3025 3026//3026 3027//3027
f 3025//3025 3027//3027 3028//3028
f 3029//3029 3030//3030 3031//3031
f 3029//3029 3031//3031 3032//3032
f 3033//3033 3034//3034 3035//3035
f 3033//3033 3035//3035 3036//3036
f 3037//3037 3038//3038 3039//3039
f 3037//3037 3039//3039 3040//3040
f 3041//3041 3042//3042 3043//3043
f 3041//3041 3043//3043 3044//3044
f 3045//3045 3046//3046 3047//3047
f 3045//3045 3047//3047 3048//3048
f 3049//3049 3050//3050 3051//3051
f 3049//3049 3051//3051 3052//3052
f 3053//3053 3054//3054 3055//3055
f 3053//3053 3055//3055 3056//3056
f 3057//3057 3058//3058 3059//3059
f 3057//3057 3059//3059 3060//3060
f 3061//3061 3062//3062 3063//3063
f 3061//3061 3063//3063 3064//3064
f 3065//3065 3066//3066 3067//3067
f 3065//3065 3067//3067 3068//3068
f 3069//3069 3070//3070 3071//3071
f 3069//3069 3071//3071 3072//3072
f 3073//3073 3074//3074 3075//3075
f 3073//3073 3075//3075 3076//3076
f 3077//3077 3078//3078 3079//3079
f 3077//3077 3079//3079 3080//3080
f 3081//3081 3082//3082 3083//3083
f 3081//3081 3083//3083 3084//3084
f 3085//3085 3086//3086 3087//3087
f 3085//3085 3087//3087 3088//3088
f 3089//3089 3090//3090 3091//3091
f 3089//3089 3091//3091 3092//3092
f 3093//3093 3094//3094 3095//3095
f 3093//3093 3095//3095 3096//3096
f 3097//3097 3098//3098 3099//3099
f 3097//3097 3099//3099 3100//3100
f 3101//3101 3102//3102 3103//3103
f 3101//3101 3103//3103 3104//3104
f 3105//3105 3106//3106 3107//3107
f 3105//3105 3107//3107 3108//3108
f 3109//3109 3110//3110 3111//3111
f 3109//3109 3111//3111 3112//3112
f 3113//3113 3114//3114 3115//3115
f 3113//3113 3115//3115 3116//3116
f 3117//3117 3118//3118 3119//3119
f 3117//3117 3119//3119 3120//3120
f 3121//3121 3122//3122 3123//3123
f 3121//3121 3123//3123 3124//3124
f 3125//3125 3126//3126 3127//3127
f 3125//3125 3127//3127 3128//3128
f 3129//3129 3130//3130 3131//3131
f 3129//3129 3131//3131 3132//3132
f 3133//3133 3134//3134 3135//3135
f 3133//3133 3135//3135 3136//3136
f 3137//3137 3138//3138 3139//3139
f 3137//3137 3139//3139 3140//3140
f 3141//3141 3142//3142 3143//3143
f 3141//3141 3143//3143 3144//3144
f 3145//3145 3146//3146 3147//3147
f 3145//3145 3147//3147 3148//3148
f 3149//3149 3150//3150 3151//3151
f 3149//3149 3151//3151 3152//3152
f 3153//3153 3154//3154 3155//3155
f 3153//3153 3155//3155 3156//3156
f 3157//3157 3158//3158 3159//3159
f 3157//3157 3159//3159 3160//3160
f 3161//3161 3162//3162 3163//3163
f 3161//3161 3163//3163 3164//3164
f 3165//3165 3166//3166 3167//3167
f 3165//3165 3167//3167 3168//3168
f 3169//3169 3170//3170 3171//3171
f 3169//3169 3171//3171 3172//3172
f 3173//3173 3174//3174 3175//3175
f 3173//3173 3175//3175 3176//3176
f 3177//3177 3178//3178 3179//3179
f 3177//3177 3179//3179 3180//3180
f 3181//3181 3182//3182 3183//3183
f 3181//3181 3183//3183 3184//3184
f 3185//3185 3186//3186 3187//3187
f 3185//3185 3187//3187 3188//3188
f 3189//3189 3190//3190 3191//3191
f 3189//3189 3191//3191 3192//3192
f 3193//3193 3194//3194 3195//3195
f 3193//3193 3195//3195 3196//3196
f 3197//3197 3198//3198 3199//3199
f 3197//3197 3199//3199 3200//3200
f 3201//3201 3202//3202 3203//3203
f 3201//3201 3203//3203 3204//3204
f 3205//3205 3206//3206 3207//3207
f 3205//3205 3207//3207 3208//3208
f 3209//3209 3210//3210 3211//3211
f 3209//3209 3211//3211 3212//3212
f 3213//3213 3214//3214 3215//3215
f 3213//3213 3215//3215 3216//3216
f 3217//3217 3218//3218 3219//3219
f 3217//3217 3219//3219 3220//3220
f 3221//3221 3222//3222 3223//3223
f 3221//3221 3223//3223 3224//3224
f 3225//3225 3226//3226 3227//3227
f 3225//3225 3227//3227 3228//3228
f 3229//3229 3230//3230 3231//3231
f 3229//3229 3231//3231 3232//3232
f 3233//3233 3234//3234 3235//3235
f 3233//3233 3235//3235 3236//3236
f 3237//3237 3238//3238 3239//3239
f 3237//3237 3239//3239 3240//3240
f 3241//3241 3242//3242 3243//3243
f 3241//3241 3243//3243 3244//3244
f 3245//3245 3246//3246 3247//3247
f 3245//3245 3247//3247 3248//3248
f 3249//3249 3250//3250 3251//3251
f 3249//3249 3251//3251 3252//3252
f 3253//3253 3254//3254 3255//3255
f 3253//3253 3255//3255 3256//3256
f 3257//3257 3258//3258 3259//3259
f 3257//3257 3259//3259 3260//3260
f 3261//3261 3262//3262 3263//3263
f 3261//3261 3263//3263 3264//3264
f 3265//3265 3266//3266 3267//3267
f 3265//3265 3267//3267 3268//3268
f 3269//3269 3270//3270 3271//3271
f 3269//3269 3271//3271 3272//3272
f 3273//3273 3274//3274 3275//3275
f 3273//3273 3275//3275 3276//3276
f 3277//3277 3278//3278 3279//3279
f 3277//3277 3279//3279 3280//3280
f 3281//3281 3282//3282 3283//3283
f 3281//3281 3283//3283 3284//3284
f 3285//3285 3286//3286 3287//3287
f 3285//3285 3287//3287 3288//3288
f 3289//3289 3290//3290 3291//3291
f 3289//3289 3291//3291 3292//3292
f 3293//3293 3294//3294 3295//3295
f 3293//3293 3295//3295 3296//3296
f 3297//3297 3298//3298 3299//3299
f 3297//3297 3299//3299 3300//3300
f 3301//3301 3302//3302 3303//3303
f 3301//3301 3303//3303 3304//3304
f 3305//3305 3306//3306 3307//3307
f 3305//3305 3307//3307 3308//3308
f 3309//3309 3310//3310 3311//3311
f 3309//3309 3311//3311 3312//3312
f 3313//3313 3314//3314 3315//3315
f 3313//3313 3315//3315 3316//3316
f 3317//3317 3318//3318 3319//3319
f 3317//3317 3319//3319 3320//3320
f 3321//3321 3322//3322 3323//3323
f 3321//3321 3323//3323 3324//3324
f 3325//3325 3326//3326 3327//3327
f 3325//3325 3327//3327 3328//3328
f 3329//3329 3330//3330 3331//3331
f 3329//3329 3331//3331 3332//3332
f 3333//3333 3334//3334 3335//3335
f 3333//3333 3335//3335 3336//3336
f 3337//3337 3338//3338 3339//3339
f 3337//3337 3339//3339 3340//3340
f 3341//3341 3342//3342 3343//3343
f 3341//3341 3343//3343 3344//3344
f 3345//3345 3346//3346 3347//3347
f 3345//3345 3347//3347 3348//3348
f 3349//3349 3350//3350 3351//3351
f 3349//3349 3351//3351 3352//3352
f 3353//3353 3354//3354 3355//3355
f 3353//3353 3355//3355 3356//3356
f 3357//3357 3358//3358 3359//3359
f 3357//3357 3359//3359 3360//3360
f 3361//3361 3362//3362 3363//3363
f 3361//3361 3363//3363 3364//3364
f 3365//3365 3366//3366 3367//3367
f 3365//3365 3367//3367 3368//3368
f 3369//3369 3370//3370 3371//3371
f 3369//3369 3371//3371 3372//3372
f 3373//3373 3374//3374 3375//3375
f 3373//3373 3375//3375 3376//3376
f 3377//3377 3378//3378 3379//3379
f 3377//3377 3379//3379 3380//3380
f 3381//3381 3382//3382 3383//3383
f 3381//3381 3383//3383 3384//3384
f 3385//3385 3386//3386 3387//3387
f 3385//3385 3387//3387 3388//3388
f 3389//3389 3390//3390 3391//3391
f 3389//3389 3391//3391 3392//3392
f 3393//3393 3394//3394 3395//3395
f 3393//3393 3395//3395 3396//3396
f 3397//3397 3398//3398 3399//3399
f 3397//3397 3399//3399 3400//3400
f 3401//3401 3402//3402 3403//3403
f 3401//3401 3403//3403 3404//3404
f 3405//3405 3406//3406 3407//3407
f 3405//3405 3407//3407 3408//3408
f 3409//3409 3410//3410 3411//3411
f 3409//3409 3411//3411 3412//3412
f 3413//3413 3414//3414 3415//3415
f 3413//3413 3415//3415 3416//3416
f 3417//3417 3418//3418 3419//3419
f 3417//3417 3419//3419 3420//3420
f 3421//3421 3422//3422 3423//3423
f 3421//3421 3423//3423 3424//3424
f 3425//3425 3426//3426 3427//3427
f 3425//3425 3427//3427 3428//3428
f 3429//3429 3430//3430 3431//3431
f 3429//3429 3431//3431 3432//3432
f 3433//3433 3434//3434 3435//3435
f 3433//3433 3435//3435 3436//3436
f 3437//3437 3438//3438 3439//3439
f 3437//3437 3439//3439 3440//3440
f 3441//3441 3442//3442 3443//3443
f 3441//3441 3443//3443 3444//3444
f 3445//3445 3446//3446 3447//3447
f 3445//3445 3447//3447 3448//3448
f 3449//3449 3450//3450 3451//3451
f 3449//3449 3451//3451 3452//3452
f 3453//3453 3454//3454 3455//3455
f 3453//3453 3455//3455 3456//3456
f 3457//3457 3458//3458 3459//3459
f 3457//3457 3459//3459 3460//3460
f 3461//3461 3462//3462 3463//3463
f 3461//3461 3463//3463 3464//3464
f 3465//3465 3466//3466 3467//3467
f 3465//3465 3467//3467 3468//3468
f 3469//3469 3470//3470 3471//3471
f 3469//3469 3471//3471 3472//3472
f 3473//3473 3474//3474 3475//3475
f 3473//3473 3475//3475 3476//3476
f 3477//3477 3478//3478 3479//3479
f 3477//3477 3479//3479 3480//3480
f 3481//3481 3482//3482 3483//3483
f 3481//3481 3483//3483 3484//3484
f 3485//3485 3486//3486 3487//3487
f 3485//3485 3487//3487 3488//3488
f 3489//3489 3490//3490 3491//3491
f 3489//3489 3491//3491 3492//3492
f 3493//3493 3494//3494 3495//3495
f 3493//3493 3495//3495 3496//3496
f 3497//3497 3498//3498 3499//3499
f 3497//3497 3499//3499 3500//3500
f 3501//3501 3502//3502 3503//3503
f 3501//3501 3503//3503 3504//3504
f 3505//3505 3506//3506 3507//3507
f 3505//3505 3507//3507 3508//3508
f 3509//3509 3510//3510 3511//3511
f 3509//3509 3511//3511 3512//3512
f 3513//3513 3514//3514 3515//3515
f 3513//3513 3515//3515 3516//3516
f 3517//3517 3518//3518 3519//3519
f 3517//3517 3519//3519 3520//3520
f 3521//3521 3522//3522 3523//3523
f 3521//3521 3523//3523 3524//3524
f 3525//3525 3526//3526 3527//3527
f 3525//3525 3527//3527 3528//3528
f 3529//3529 3530//3530 3531//3531
f 3529//3529 3531//3531 3532//3532
f 3533//3533 3534//3534 3535//3535
f 3533//3533 3535//3535 3536//3536
f 3537//3537 3538//3538 3539//3539
f 3537//3537 3539//3539 3540//3540
f 3541//3541 3542//3542 3543//3543
f 3541//3541 3543//3543 3544//3544
f 3545//3545 3546//3546 3547//3547
f 3545//3545 3547//3547 3548//3548
f 3549//3549 3550//3550 3551//3551
f 3549//3549 3551//3551 3552//3552
f 3553//3553 3554//3554 3555//3555
f 3553//3553 3555//3555 3556//3556
f 3557//3557 3558//3558 3559//3559
f 3557//3557 3559//3559 3560//3560
f 3561//3561 3562//3562 3563//3563
f 3561//3561 3563//3563 3564//3564
f 3565//3565 3566//3566 3567//3567
f 3565//3565 3567//3567 3568//3568
f 3569//3569 3570//3570 3571//3571
f 3569//3569 3571//3571 3572//3572
f 3573//3573 3574//3574 3575//3575
f 3573//3573 3575//3575 3576//3576
f 3577//3577 3578//3578 3579//3579
f 3577//3577 3579//3579 3580//3580
f 3581//3581 3582//3582 3583//3583
f 3581//3581 3583//3583 3584//3584
f 3585//3585 3586//3586 3587//3587
f 3585//3585 3587//3587 3588//3588
f 3589//3589 3590//3590 3591//3591
f 3589//3589 3591//3591 3592//3592
f 3593//3593 3594//3594 3595//3595
f 3593//3593 3595//3595 3596//3596
f 3597//3597 3598//3598 3599//3599
f 3597//3597 3599//3599 3600//3600
f 3601//3601 3602//3602 3603//3603
f 3601//3601 3603//3603 3604//3604
f 3605//3605 3606//3606 3607//3607
f 3605//3605 3607//3607 3608//3608
f 3609//3609 3610//3610 3611//3611
f 3609//3609 3611//3611 3612//3612
f 3613//3613 3614//3614 3615//3615
f 3613//3613 3615//3615 3616//3616
f 3617//3617 3618//3618 3619//3619
f 3617//3617 3619//3619 3620//3620
f 3621//3621 3622//3622 3623//3623
f 3621//3621 3623//3623 3624//3624
f 3625//3625 3626//3626 3627//3627
f 3625//3625 3627//3627 3628//3628
f 3629//3629 3630//3630 3631//3631
f 3629//3629 3631//3631 3632//3632
f 3633//3633 3634//3634 3635//3635
f 3633//3633 3635//3635 3636//3636
f 3637//3637 3638//3638 3639//3639
f 3637//3637 3639//3639 3640//3640
f 3641//3641 3642//3642 3643//3643
f 3641//3641 3643//3643 3644//3644
f 3645//3645 3646//3646 3647//3647
f 3645//3645 3647//3647 3648//3648
f 3649//3649 3650//3650 3651//3651
f 3649//3649 3651//3651 3652//3652
f 3653//3653 3654//3654 3655//3655
f 3653//3653 3655//3655 3656//3656
f 3657//3657 3658//3658 3659//3659
f 3657//3657 3659//3659 3660//3660
f 3661//3661 3662//3662 3663//3663
f 3661//3661 3663//3663 3664//3664
f 3665//3665 3666//3666 3667//3667
f 3665//3665 3667//3667 3668//3668
f 3669//3669 3670//3670 3671//3671
f 3669//3669 3671//3671 3672//3672
f 3673//3673 3674//3674 3675//3675
f 3673//3673 3675//3675 3676//3676
f 3677//3677 3678//3678 3679//3679
f 3677//3677 3679//3679 3680//3680
f 3681//3681 3682//3682 3683//3683
f 3681//3681 3683//3683 3684//3684
f 3685//3685 3686//3686 3687//3687
f 3685//3685 3687//3687 3688//3688
f 3689//3689 3690//3690 3691//3691
f 3689//3689 3691//3691 3692//3692
f 3693//3693 3694//3694 3695//3695
f 3693//3693 3695//3695 3696//3696
f 3697//3697 3698//3698 3699//3699
f 3697//3697 3699//3699 3700//3700
f 3701//3701 3702//3702 3703//3703
f 3701//3701 3703//3703 3704//3704
f 3705//3705 3706//3706 3707//3707
f 3705//3705 3707//3707 3708//3708
f 3709//3709 3710//3710 3711//3711
f 3709//3709 3711//3711 3712//3712
f 3713//3713 3714//3714 3715//3715
f 3713//3713 3715//3715 3716//3716
f 3717//3717 3718//3718 3719//3719
f 3717//3717 3719//3719 3720//3720
f 3721//3721 3722//3722 3723//3723
f 3721//3721 3723//3723 3724//3724
f 3725//3725 3726//3726 3727//3727
f 3725//3725 3727//3727 3728//3728
f 3729//3729 3730//3730 3731//3731
f 3729//3729 3731//3731 3732//3732
f 3733//3733 3734//3734 3735//3735
f 3733//3733 3735//3735 3736//3736
f 3737//3737 3738//3738 3739//3739
f 3737//3737 3739//3739 3740//3740
f 3741//3741 3742//3742 3743//3743
f 3741//3741 3743//3743 3744//3744
f 3745//3745 3746//3746 3747//3747
f 3745//3745 3747//3747 3748//3748
f 3749//3749 3750//3750 3751//3751
f 3749//3749 3751//3751 3752//3752
f 3753//3753 3754//3754 3755//3755
f 3753//3753 3755//3755 3756//3756
f 3757//3757 3758//3758 3759//3759
f 3757//3757 3759//3759 3760//3760
f 3761//3761 3762//3762 3763//3763
f 3761//3761 3763//3763 3764//3764
f 3765//3765 3766//3766 3767//3767
f 3765//3765 3767//3767 3768//3768
f 3769//3769 3770//3770 3771//3771
f 3769//3769 3771//3771 3772//3772
f 3773//3773 3774//3774 3775//3775
f 3773//3773 3775//3775 3776//3776
f 3777//3777 3778//3778 3779//3779
f 3777//3777 3779//3779 3780//3780
f 3781//3781 3782//3782 3783//3783
f 3781//3781 3783//3783 3784//3784
f 3785//3785 3786//3786 3787//3787
f 3785//3785 3787//3787 3788//3788
f 3789//3789 3790//3790 3791//3791
f 3789//3789 3791//3791 3792//3792
f 3793//3793 3794//3794 3795//3795
f 3793//3793 3795//3795 3796//3796
f 3797//3797 3798//3798 3799//3799
f 3797//3797 3799//3799 3800//3800
f 3801//3801 3802//3802 3803//3803
f 3801//3801 3803//3803 3804//3804
f 3805//3805 3806//3806 3807//3807
f 3805//3805 3807//3807 3808//3808
f 3809//3809 3810//3810 3811//3811
f 3809//3809 3811//3811 3812//3812
f 3813//3813 3814//3814 3815//3815
f 3813//3813 3815//3815 3816//3816
f 3817//3817 3818//3818 3819//3819
f 3817//3817 3819//3819 3820//3820
f 3821//3821 3822//3822 3823//3823
f 3821//3821 3823//3823 3824//3824
f 3825//3825 3826//3826 3827//3827
f 3825//3825 3827//3827 3828//3828
f 3829//3829 3830//3830 3831//3831
f 3829//3829 3831//3831 3832//3832
f 3833//3833 3834//3834 3835//3835
f 3833//3833 3835//3835 3836//3836
f 3837//3837 3838//3838 3839//3839
f 3837//3837 3839//3839 3840//3840
f 3841//3841 3842//3842 3843//3843
f 3841//3841 3843//3843 3844//3844
f 3845//3845 3846//3846 3847//3847
f 3845//3845 3847//3847 3848//3848
f 3849//3849 3850//3850 3851//3851
f 3849//3849 3851//3851 3852//3852
f 3853//3853 3854//3854 3855//3855
f 3853//3853 3855//3855 3856//3856
f 3857//3857 3858//3858 3859//3859
f 3857//3857 3859//3859 3860//3860
f 3861//3861 3862//3862 3863//3863
f 3861//3861 3863//3863 3864//3864
f 3865//3865 3866//3866 3867//3867
f 3865//3865 3867//3867 3868//3868
f 3869//3869 3870//3870 3871//3871
f 3869//3869 3871//3871 3872//3872
f 3873//3873 3874//3874 3875//3875
f 3873//3873 3875//3875 3876//3876
f 3877//3877 3878//3878 3879//3879
f 3877//3877 3879//3879 3880//3880
f 3881//3881 3882//3882 3883//3883
f 3881//3881 3883//3883 3884//3884
f 3885//3885 3886//3886 3887//3887
f 3885//3885 3887//3887 3888//3888
f 3889//3889 3890//3890 3891//3891
f 3889//3889 3891//3891 3892//3892
f 3893//3893 3894//3894 3895//3895
f 3893//3893 3895//3895 3896//3896
f 3897//3897 3898//3898 3899//3899
f 3897//3897 3899//3899 3900//3900
f 3901//3901 3902//3902 3903//3903
f 3901//3901 3903//3903 3904//3904
f 3905//3905 3906//3906 3907//3907
f 3905//3905 3907//3907 3908//3908
f 3909//3909 3910//3910 3911//3911
f 3909//3909 3911//3911 3912//3912
f 3913//3913 3914//3914 3915//3915
f 3913//3913 3915//3915 3916//3916
f 3917//3917 3918//3918 3919//3919
f 3917//3917 3919//3919 3920//3920
f 3921//3921 3922//3922 3923//3923
f 3921//3921 3923//3923 3924//3924
f 3925//3925 3926//3926 3927//3927
f 3925//3925 3927//3927 3928//3928
f 3929//3929 3930//3930 3931//3931
f 3929//3929 3931//3931 3932//3932
f 3933//3933 3934//3934 3935//3935
f 3933//3933 3935//3935 3936//3936
f 3937//3937 3938//3938 3939//3939
f 3937//3937 3939//3939 3940//3940
f 3941//3941 3942//3942 3943//3943
f 3941//3941 3943//3943 3944//3944
f 3945//3945 3946//3946 3947//3947
f 3945//3945 3947//3947 3948//3948
f 3949//3949 3950//3950 3951//3951
f 3949//3949 3951//3951 3952//3952
f 3953//3953 3954//3954 3955//3955
f 3953//3953 3955//3955 3956//3956
